origin_utc,target_utc,actual_MW,target_irradiance_Wm2,persistence_seed0,HGB_local_seed42,HGB_local_surface_seed42,HGB_local_surface_pressure_seed42,LSTM_seed17,LSTM_seed42,LSTM_seed2026,GRU_seed17,GRU_seed42,GRU_seed2026
2019-05-11 00:00:00+00:00,2019-05-11 01:00:00+00:00,17.789631,608.0,10.96309,18.622189286241365,18.205724325023745,17.162156987280376,15.856573638763427,14.85258966430664,16.072464046325685,16.3584495161438,17.5414968107605,18.284980830993653
2019-05-11 00:15:00+00:00,2019-05-11 01:15:00+00:00,19.274059,656.0,12.92375,19.278825412311548,18.904377228440715,17.18354480025775,17.83039720535278,16.539097146987913,17.877714710235594,18.236163692474364,19.234413700103758,19.741528587341307
2019-05-11 00:30:00+00:00,2019-05-11 01:30:00+00:00,20.83506,701.0,14.63306,21.086271582942373,21.38427709357135,19.50769159518489,19.42241146331787,17.93617942100525,19.35958292251587,19.81043054824829,20.510136625823975,20.81469537979126
2019-05-11 00:45:00+00:00,2019-05-11 01:45:00+00:00,22.09594,742.0,16.259689,24.159759768205884,23.74721834848953,21.13582878705634,20.771016266693117,19.302766230453493,20.67417683874512,21.134194519866945,21.496435311187746,21.61663356100464
2019-05-11 01:00:00+00:00,2019-05-11 02:00:00+00:00,23.14463,780.0,17.789631,25.5317628710289,24.624819306359214,22.125041549410838,21.59073077722168,20.461411109405518,21.577324977355957,22.50030051751709,22.49652682824707,23.01360332055664
2019-05-11 01:15:00+00:00,2019-05-11 02:15:00+00:00,24.14781,816.0,19.274059,26.123929926769417,25.757930815524634,22.869842395037853,22.22180789945984,21.38267797468567,22.684533061965944,23.350372972473146,23.232486906036378,23.804186048492433
2019-05-11 01:30:00+00:00,2019-05-11 02:30:00+00:00,25.033751,851.0,20.83506,27.32027492953251,26.846956203725775,24.113951618238648,22.962315916595458,22.144955634651183,23.867025494155882,24.081794142303465,23.760994076309203,24.20828402000427
2019-05-11 01:45:00+00:00,2019-05-11 02:45:00+00:00,25.829559,880.0,22.09594,28.834890840514706,27.250574867249583,25.843498209661103,23.868188983383178,22.7196354331398,25.011614448013304,24.652109271469115,24.323243743362426,24.23862660545349
2019-05-11 02:00:00+00:00,2019-05-11 03:00:00+00:00,26.611811,911.0,23.14463,29.9845169647695,28.539364770168113,26.438352717426046,24.474719449882507,23.4620952159214,25.113879248504638,25.442729517822265,25.181327387695312,25.367216154937744
2019-05-11 02:15:00+00:00,2019-05-11 03:15:00+00:00,27.25713,941.0,24.14781,30.463688378375203,28.539364770168113,26.434337292059347,24.862041967926025,23.80289806705475,25.784713405189514,25.511600154457092,25.405930894432068,25.63333918434143
2019-05-11 02:30:00+00:00,2019-05-11 03:30:00+00:00,27.597059,957.0,25.033751,30.996526652679503,29.856153590575676,27.732518451531178,25.594730723930358,24.334585357738494,26.586906422210692,25.56641768319702,26.32600866658783,26.042602408958434
2019-05-11 02:45:00+00:00,2019-05-11 03:45:00+00:00,28.040251,959.0,25.829559,31.083093035023474,29.069014919234707,27.272032398422617,25.719436431094646,24.104910405143738,26.969956667884826,25.56756451891327,25.903873959347248,25.45586171911621
2019-05-11 03:00:00+00:00,2019-05-11 04:00:00+00:00,27.923440999999997,981.0,26.611811,31.299094172992124,29.452645336597804,26.53259301165024,26.013008731494903,24.661161142478942,27.21293105472183,26.086730974803924,26.56264138508892,25.486316400657653
2019-05-11 03:15:00+00:00,2019-05-11 04:15:00+00:00,28.592381,973.0,27.25713,31.333246923653334,28.958356464626682,26.226059675945834,26.148050400619507,25.058183047180176,27.307873255764246,26.372070524101257,26.392906042938233,25.52705678642273
2019-05-11 03:30:00+00:00,2019-05-11 04:30:00+00:00,28.61644,975.0,27.597059,29.252147346992498,28.225211588969472,25.119771060361707,25.992268789276125,24.689172971710207,27.0915692930069,25.97859512613678,25.97760831163788,24.807276475891115
2019-05-11 03:45:00+00:00,2019-05-11 04:45:00+00:00,28.436190000000003,959.0,28.040251,29.90584678849979,28.012523944753806,24.795535058634687,25.776198132110597,24.501325113845827,26.919149024559022,25.620972616744996,25.64600370652771,24.682653410507204
2019-05-11 04:00:00+00:00,2019-05-11 05:00:00+00:00,27.740561,926.0,27.923440999999997,30.31231049345327,28.177056435056436,26.12500293824494,25.293121643081662,23.562505788818356,26.33270461083984,25.435706682220456,25.46950299264526,23.91387135507202
2019-05-11 04:15:00+00:00,2019-05-11 05:15:00+00:00,27.31444,890.0,28.592381,30.526451820278684,28.05257535852892,25.772197857393767,25.294636964279174,23.443764209228515,26.473325728851318,25.519012927490234,25.532614945846557,24.18389129586792
2019-05-11 04:30:00+00:00,2019-05-11 05:30:00+00:00,26.82794,878.0,28.61644,30.676402983256377,28.34343009770114,26.140412086349066,24.629117669525147,22.80129403060913,25.974291028442384,24.941990079345704,25.079777898254395,23.4228946585083
2019-05-11 04:45:00+00:00,2019-05-11 05:45:00+00:00,26.353689000000003,828.0,28.436190000000003,30.272083042056753,28.155169369411574,25.78319148774855,23.832119336547855,22.48570906204224,25.465101113739017,24.275268426361087,24.694862237396244,23.056985726776126
2019-05-11 05:00:00+00:00,2019-05-11 06:00:00+00:00,25.637939000000003,799.0,27.740561,28.99548649718241,27.23423968118434,25.2453937835797,22.66057061303711,21.632675162445068,24.24261736024475,23.235395899902343,23.465853682647705,21.865655413757324
2019-05-11 05:15:00+00:00,2019-05-11 06:15:00+00:00,25.67556,791.0,27.31444,26.321312998720522,25.88142417825436,24.141454426006952,21.981776463928224,21.165406930389405,23.18932317489624,22.543479669036866,22.66169570678711,21.233659970703126
2019-05-11 05:30:00+00:00,2019-05-11 06:30:00+00:00,25.18819,833.0,26.82794,24.634386189839145,24.3030403024915,23.734345450437726,21.312800420227052,20.580358994903566,22.00390483230591,21.74475241989136,21.811498654785158,20.448074830474855
2019-05-11 05:45:00+00:00,2019-05-11 06:45:00+00:00,25.09544,777.0,26.353689000000003,22.4199273539131,22.384584198094235,21.77710519858272,20.793820187438968,20.12679032980347,21.27606324850464,20.923693463195804,21.289162918914798,19.82496862112427
2019-05-11 06:00:00+00:00,2019-05-11 07:00:00+00:00,21.168871,543.0,25.637939000000003,22.367038005146647,22.075664474719392,21.236671463379015,19.980922245849612,19.28074839102173,20.08379938589478,19.87198593603516,20.044801258911136,18.925621056427005
2019-05-11 06:15:00+00:00,2019-05-11 07:15:00+00:00,19.621879999999997,594.0,25.67556,20.135147821589392,19.603096230763473,18.9434026223993,19.81123590713501,19.017586710510255,19.59277773147583,19.553488256988526,19.418062689361573,18.632269861755372
2019-05-11 06:30:00+00:00,2019-05-11 07:30:00+00:00,16.451309,541.0,25.18819,19.910618119481082,19.58163235832059,18.886228695915225,19.08452798599243,18.108085648956298,18.547196404876708,18.704264180603026,18.06489087814331,17.692851083221434
2019-05-11 06:45:00+00:00,2019-05-11 07:45:00+00:00,8.596875,264.0,25.09544,18.172029801878576,18.213022010553306,17.325582897745228,18.985594361724853,17.910608857574463,18.42444381088257,18.233478158416748,17.6995602545166,17.520479291381836
2019-05-11 07:00:00+00:00,2019-05-11 08:00:00+00:00,5.533391,173.0,21.168871,14.273075482449359,14.034991438453336,13.67677554547363,15.279742791839599,14.178910806365966,14.352181985565185,14.53890855569458,13.61565358895874,13.528560712524413
2019-05-11 07:15:00+00:00,2019-05-11 08:15:00+00:00,4.3575,132.0,19.621879999999997,12.648462446456653,12.891435009819148,12.553985268643903,13.83374304092407,12.63886303222656,12.729766314392087,12.93053955352783,12.231072371368406,11.89020056045532
2019-05-11 07:30:00+00:00,2019-05-11 08:30:00+00:00,3.660233999999999,110.0,16.451309,11.07340775838489,11.119677312199702,11.368691142924447,10.88222197149658,9.656873975738524,9.505430494293211,9.92608526800537,9.152674947723387,9.017576013549803
2019-05-11 07:45:00+00:00,2019-05-11 08:45:00+00:00,2.682914,84.0,8.596875,6.250457910639922,6.96458233288882,7.06070706611539,4.125412273406983,3.392274188995362,2.707163619995118,3.4428403854370124,3.050221252441407,2.83554916381836
2019-05-11 08:00:00+00:00,2019-05-11 09:00:00+00:00,1.60125,49.0,5.533391,3.16005860845541,2.954986056956788,2.840965898467806,1.8600926410827636,1.2101688396606445,0.7488732349548339,0.9964470874938964,0.6725335132751464,0.6496143352661132
2019-05-11 08:15:00+00:00,2019-05-11 09:15:00+00:00,1.176574,36.0,4.3575,2.8629142383276367,2.6294188660089413,2.1892180063426023,1.5273594093322753,0.7826284599304199,0.5583495330810546,0.5184647274017333,0.18300764083862298,0.6239647102355956
2019-05-11 08:30:00+00:00,2019-05-11 09:30:00+00:00,0.956375,28.0,3.660233999999999,1.4439726544212304,1.362734876041403,1.1562485694454494,1.4300415771331778,0.547374989303588,0.527925993713378,0.42054870298767,0.08883240393066316,0.6869542854156485
2019-05-11 08:45:00+00:00,2019-05-11 09:45:00+00:00,1.793859,45.0,2.682914,0.970215129965466,0.8991859465428244,0.6841123856136948,0.83570883795166,0.0,0.0,0.0,0.0,0.30821273847961406
2019-05-11 09:00:00+00:00,2019-05-11 10:00:00+00:00,2.259578,63.0,1.60125,0.0,0.0,0.0,0.08389741897583014,0.0,0.0,0.0,0.0,0.0
2019-05-11 09:15:00+00:00,2019-05-11 10:15:00+00:00,2.858352,81.0,1.176574,0.0,0.0,0.0,0.0,0.0,0.0,0.0,0.0,0.0
2019-05-11 09:30:00+00:00,2019-05-11 10:30:00+00:00,2.0017810000000003,57.0,0.956375,0.0,0.0,0.0,0.0,0.0,0.0,0.0,0.0,0.0
2019-05-11 09:45:00+00:00,2019-05-11 10:45:00+00:00,1.180539,35.0,1.793859,0.0,0.0,0.0,0.5099068830337525,0.060285444053649995,0.0,0.0,0.12039648989105234,0.8675444672431947
2019-05-11 10:00:00+00:00,2019-05-11 11:00:00+00:00,0.587002,18.0,2.259578,0.0,0.0,0.060424808131907974,1.326596449306488,0.747127066543579,0.09895850270080553,0.4417407616882323,0.9207179650573729,1.5448970302848815
2019-05-11 10:15:00+00:00,2019-05-11 11:15:00+00:00,0.282365,10.0,2.858352,0.0,0.3393151081140525,0.2451362287789649,1.9902341907043457,1.4224268739242554,0.7434020583648682,1.2864214723129272,1.7545458619613647,2.302508289100647
2019-05-11 10:30:00+00:00,2019-05-11 11:30:00+00:00,0.0,0.0,2.0017810000000003,0.2412115886498949,0.3139235460556431,0.1796883427688624,1.1992283595619204,0.7065568102416995,0.0,0.7047102583465579,1.2347073687133792,1.6132307482776644
2019-05-11 10:45:00+00:00,2019-05-11 11:45:00+00:00,0.0076209999999999,0.0,1.180539,0.14827023133483808,0.2449052092179263,0.12304362347645628,0.4908531188621521,0.0211527228012085,0.0,0.1508279919281006,0.7897290169849396,0.9729505210771561
2019-05-11 11:00:00+00:00,2019-05-11 12:00:00+00:00,0.0,0.0,0.587002,0.09211203568327969,0.06874669851486383,0.06788525790944046,0.1646574048061371,0.0,0.0,0.0,0.7018671316761971,0.6730424819250107
2019-05-11 11:15:00+00:00,2019-05-11 12:15:00+00:00,0.0,0.0,0.282365,0.0871838425106834,0.06874669851486383,0.06788525790944046,0.0,0.0,0.0,0.0,0.6581048128509521,0.5262507108354568
2019-05-11 11:30:00+00:00,2019-05-11 12:30:00+00:00,0.0,0.0,0.0,0.002708228589747551,0.02047702581489693,0.016495451636925673,0.0,0.0,0.0,0.0,0.5270838737487793,0.3635029196739197
2019-05-11 11:45:00+00:00,2019-05-11 12:45:00+00:00,0.0,0.0,0.0076209999999999,0.0,0.02047702581489693,0.016495451636925673,0.0,0.0,0.0,0.0,0.5688478447875975,0.41925863403892505
2019-05-11 12:00:00+00:00,2019-05-11 13:00:00+00:00,0.040206,0.0,0.0,0.0,0.02047702581489693,0.016495451636925673,0.0,0.0,0.0,0.0,0.6877849102020264,0.4998950958251953
2019-05-11 12:15:00+00:00,2019-05-11 13:15:00+00:00,0.0,0.0,0.0,0.0015351997365083585,0.02047702581489693,0.016495451636925673,0.0,0.0,0.0,0.0,0.8103431463241577,0.5481652617454529
2019-05-11 12:30:00+00:00,2019-05-11 13:30:00+00:00,0.0,0.0,0.0,0.0015351997365083585,0.02047702581489693,0.016495451636925673,0.0,0.0,0.0,0.04100904241204262,0.877960741519928,0.5792292952537537
2019-05-11 12:45:00+00:00,2019-05-11 13:45:00+00:00,0.0,0.0,0.0,0.0015351997365083585,0.02047702581489693,0.016495451636925673,0.007727284450083971,0.0,0.0,0.07213609665632248,0.9417452216148376,0.6037649512290955
2019-05-11 13:00:00+00:00,2019-05-11 14:00:00+00:00,0.0,0.0,0.040206,0.0015351997365083585,0.031414914498139164,0.016495451636925673,0.10325442978715896,0.0,0.0,0.13484377393102645,1.0770960299072265,0.6460930553970337
2019-05-11 13:15:00+00:00,2019-05-11 14:15:00+00:00,0.0,0.0,0.0,0.0029198652323721,0.011122878286054606,0.02001554448014687,0.0,0.0,0.0,0.15959405899047852,1.0428056716918945,0.7228842377662659
2019-05-11 13:30:00+00:00,2019-05-11 14:30:00+00:00,0.0,0.0,0.0,0.016025015806257092,0.04639425518752984,0.028301484432095347,0.0,0.0,0.0,0.14638753235340118,1.0550860166549683,0.7077319622039795
2019-05-11 13:45:00+00:00,2019-05-11 14:45:00+00:00,0.0,0.0,0.0,0.0,0.0,0.019077387996593656,0.0,0.0,0.0,0.12868821620941162,1.097311019897461,0.6429784893989563
2019-05-11 14:00:00+00:00,2019-05-11 15:00:00+00:00,0.0,0.0,0.0,0.0,0.0,0.051022323629898794,0.0,0.0,0.0,0.0923064723610878,1.1354273557662964,0.6303948163986206
2019-05-11 14:15:00+00:00,2019-05-11 15:15:00+00:00,0.0,0.0,0.0,0.0,0.018820108019096525,0.04844038727023081,0.018885649740695953,0.0,0.0,0.05475601181387901,1.1188023090362549,0.6514691710472107
2019-05-11 14:30:00+00:00,2019-05-11 15:30:00+00:00,0.0,0.0,0.0,0.0,0.0,0.02046248964752897,0.14708901941776276,0.0,0.0,0.13867051899433136,1.160032033920288,0.7795635461807251
2019-05-11 14:45:00+00:00,2019-05-11 15:45:00+00:00,0.0,0.0,0.0,0.00019668783103547727,0.020620618750650587,0.029709504439137398,0.21540726721286774,0.0,0.0,0.1594284474849701,1.1536825895309448,0.8517372012138367
2019-05-11 15:00:00+00:00,2019-05-11 16:00:00+00:00,0.0,0.0,0.0,0.0,0.013970284412556057,0.026189411595916208,0.12690837681293488,0.0,0.0,0.15478134155273438,1.2760353088378906,0.6003581881523132
2019-05-11 15:15:00+00:00,2019-05-11 16:15:00+00:00,0.0,0.0,0.0,0.02643847807034089,0.029141674309105785,0.05065225351308402,0.026751775294542313,0.0,0.0,0.14150477945804596,1.2194551229476929,0.48029884696006775
2019-05-11 15:30:00+00:00,2019-05-11 16:30:00+00:00,0.0,0.0,0.0,0.0005983352183427299,0.020055887514646622,0.029709504439137398,0.11208415776491165,0.0,0.0,0.1726658046245575,1.2699692249298096,0.6594741940498352
2019-05-11 15:45:00+00:00,2019-05-11 16:45:00+00:00,0.0,0.0,0.0,0.0005983352183427299,0.020055887514646622,0.029709504439137398,0.15709839761257172,0.0,0.0,0.18610896170139313,1.2377398014068604,0.7563045620918274
2019-05-11 16:00:00+00:00,2019-05-11 17:00:00+00:00,0.0,0.0,0.0,0.0,0.020620618750650587,0.029709504439137398,0.13497589528560638,0.0,0.0,0.20077094435691833,1.228331446647644,0.8042007088661194
2019-05-11 16:15:00+00:00,2019-05-11 17:15:00+00:00,0.0,0.0,0.0,0.008458358376830724,0.020620618750650587,0.035700205844852416,0.1186792254447937,0.0,0.0,0.22994057834148407,1.177504301071167,0.8462055921554565
2019-05-11 16:30:00+00:00,2019-05-11 17:30:00+00:00,0.0,0.0,0.0,0.013474358029683175,0.03590270159169318,0.035700205844852416,0.03767220675945282,0.0,0.0,0.26369062066078186,1.1281977891921997,0.8261407017707825
2019-05-11 16:45:00+00:00,2019-05-11 17:45:00+00:00,0.0,0.0,0.0,0.01230132917644398,0.03590270159169318,0.035700205844852416,0.09254467487335205,0.0,0.0,0.28967633843421936,1.1293829679489136,0.8868889808654785
2019-05-11 17:00:00+00:00,2019-05-11 18:00:00+00:00,0.0,0.0,0.0,0.019098963352403544,0.03144746762059073,0.035700205844852416,0.049043018370866776,0.0,0.0,0.28920355439186096,1.101435661315918,0.9639196395874023
2019-05-11 17:15:00+00:00,2019-05-11 18:15:00+00:00,0.0,0.0,0.0,0.013474358029683175,0.03590270159169318,0.035700205844852416,0.047756344079971313,0.0,0.0,0.3098599910736084,1.0729715824127197,1.0095640420913696
2019-05-11 17:30:00+00:00,2019-05-11 18:30:00+00:00,0.0,0.0,0.0,0.013072710642375923,0.03144746762059073,0.035700205844852416,0.11743011325597763,0.0,0.0,0.34987935423851013,1.0482416152954102,1.0682995319366455
2019-05-11 17:45:00+00:00,2019-05-11 18:45:00+00:00,0.0,0.0,0.0,0.013072710642375923,0.03144746762059073,0.035700205844852416,0.171835258603096,0.0,0.0,0.39322447776794434,1.037005066871643,1.1697349548339844
2019-05-11 18:00:00+00:00,2019-05-11 19:00:00+00:00,0.0,0.0,0.0,0.029390305950880106,0.03737524748063782,0.043156516477417875,0.17690837383270264,0.0,0.0,0.5028958320617676,0.9758837223052979,1.2313084602355957
2019-05-11 18:15:00+00:00,2019-05-11 19:15:00+00:00,0.0,0.0,0.0,0.038870312893282494,0.03737524748063782,0.043156516477417875,0.2286178022623062,0.0,0.0,0.5881478190422058,0.9587348699569702,1.3157800436019897
2019-05-11 18:30:00+00:00,2019-05-11 19:30:00+00:00,0.0,0.0,0.0,0.0126231947070242,0.034281063124677394,0.042935082841996805,0.34940847754478455,0.0,0.0,0.5451707243919373,1.095502495765686,1.5243113040924072
2019-05-11 18:45:00+00:00,2019-05-11 19:45:00+00:00,0.0,0.0,0.0,0.012221547319716952,0.03484579436068136,0.042935082841996805,0.47699496150016785,0.04140082374215126,0.0,0.6308283805847168,1.1713669300079346,1.7172963619232178
2019-05-11 19:00:00+00:00,2019-05-11 20:00:00+00:00,0.0,0.0,0.0,0.01230132917644398,0.03590270159169318,0.035700205844852416,0.5276321768760681,0.09653281420469284,0.05549096316099167,0.7646270394325256,1.2057217359542847,1.8645886182785034
2019-05-11 19:15:00+00:00,2019-05-11 20:15:00+00:00,0.0,0.0,0.0,0.03927196028058974,0.022585340634603084,0.035921639480273486,0.590039074420929,0.26158595085144043,0.20982086658477783,0.9022842049598694,1.129087209701538,1.8271628618240356
2019-05-11 19:30:00+00:00,2019-05-11 20:30:00+00:00,0.0,0.0,0.0,0.04001531922834506,0.02970640554510975,0.05664295491879904,0.6769534945487976,0.47347962856292725,0.2960065007209778,0.9923998713493347,1.1225459575653076,1.8234320878982544
2019-05-11 19:45:00+00:00,2019-05-11 20:45:00+00:00,0.0,0.0,0.0,0.019098963352403544,0.05045746003391949,0.035700205844852416,0.8161904215812683,0.6861575841903687,0.4516933262348175,1.0761312246322632,1.237253189086914,2.1553680896759033
2019-05-11 20:00:00+00:00,2019-05-11 21:00:00+00:00,0.0,0.0,0.0,0.06142997941397611,0.046587569637028696,0.030213840524523576,0.9284066557884216,0.8250136971473694,0.5946041941642761,1.0788471698760986,1.3611150979995728,2.306525230407715
2019-05-11 20:15:00+00:00,2019-05-11 21:15:00+00:00,0.0,0.0,0.0,0.0,0.0,0.035700205844852416,1.048361897468567,1.0638504028320312,0.7068060040473938,1.1949211359024048,1.4699020385742188,2.4413397312164307
2019-05-11 20:30:00+00:00,2019-05-11 21:30:00+00:00,0.03418,1.0,0.0,0.013072710642375923,0.05045746003391949,0.035700205844852416,1.1504900455474854,1.178250789642334,0.8406315445899963,1.2726370096206665,1.5186026096343994,2.618424654006958
2019-05-11 20:45:00+00:00,2019-05-11 21:45:00+00:00,0.166688,6.0,0.0,0.05566870993210417,0.07741987865395475,0.035700205844852416,1.2830743789672852,1.2856227159500122,0.9846912622451782,1.3652465343475342,1.555768609046936,2.7576870918273926
2019-05-11 21:00:00+00:00,2019-05-11 22:00:00+00:00,0.1975859999999999,7.0,0.0,0.19126255086571828,0.23137152128604083,0.08779067435177138,1.3197745084762573,1.246672511100769,1.091996669769287,1.332781434059143,1.6526823043823242,2.8123414516448975
2019-05-11 21:15:00+00:00,2019-05-11 22:15:00+00:00,0.947406,26.0,0.0,0.4624679764555065,0.4816323150612209,0.373211012542513,1.400364637374878,1.2800947427749634,1.1875,1.3888869285583496,1.776487112045288,2.891343355178833
2019-05-11 21:30:00+00:00,2019-05-11 22:30:00+00:00,1.416652,42.0,0.03418,0.7338718616870918,0.5199981330051899,0.42465458542172935,1.5304796244430543,1.2911264445114137,1.3755416418838502,1.4504614617156983,1.7486855532455445,2.8784895684051515
2019-05-11 21:45:00+00:00,2019-05-11 22:45:00+00:00,2.044219,59.0,0.166688,1.24189159436085,1.105829201887425,1.181850073633528,1.7266209471588134,1.4210130322341918,1.4469291317825317,1.5778376210098266,1.8332674849395751,2.8976769793396
2019-05-11 22:00:00+00:00,2019-05-11 23:00:00+00:00,2.684391,76.0,0.1975859999999999,2.198742504477586,1.249326973318112,1.023610519085122,1.8405012488708494,1.3538867831573485,1.4920535683975218,1.6365283131942747,2.0442325473175047,3.041855275665283
2019-05-11 22:15:00+00:00,2019-05-11 23:15:00+00:00,2.959414,83.0,0.947406,3.1357049603579408,1.9591883476842789,1.5010390420524145,2.726501768928528,2.0706918896255493,2.367599314552307,2.380340522628784,2.982264226776123,3.932290977340698
2019-05-11 22:30:00+00:00,2019-05-11 23:30:00+00:00,3.1010000000000004,91.0,1.416652,4.8109965430724175,3.098777271285585,3.0472820914248073,3.3240177989501953,2.6030688643951416,2.939727580596924,2.916386401702881,3.6210322738189697,4.499050414611816
2019-05-11 22:45:00+00:00,2019-05-11 23:45:00+00:00,4.778703,135.0,2.044219,4.836102444127615,4.1159104175742005,4.405843376659211,3.963662964958191,3.389229280609131,3.573500973838806,3.691745979446411,4.2427863904418945,5.114956361907959
2019-05-11 23:00:00+00:00,2019-05-12 00:00:00+00:00,5.948688,175.0,2.684391,7.0288794963435715,7.374937149000773,6.423287396776768,4.957144477096557,4.21600983354187,4.1155744573745725,4.603208639350891,5.2729711315307615,6.160972811904907
2019-05-11 23:15:00+00:00,2019-05-12 00:15:00+00:00,8.822844,261.0,2.959414,6.878993570488451,7.371446322652278,6.6575344253645525,5.537254805053712,4.77073335119629,4.448924774612427,5.048349852050782,5.8670134491577155,6.910353893722535
2019-05-11 23:30:00+00:00,2019-05-12 00:30:00+00:00,12.15944,385.0,3.1010000000000004,6.951626606391394,7.368903034025542,6.678037953093957,5.905417848587037,5.208792139053346,4.6781429538726815,5.341607023239137,6.278879571914674,7.443999935150147
2019-05-11 23:45:00+00:00,2019-05-12 00:45:00+00:00,12.34363,334.0,4.778703,9.893889930121002,10.066910973151256,9.0026725557008,7.720834519317627,6.91787388508606,6.278259183815003,7.090168978622437,8.029845024993897,9.26074006741333
2019-05-12 00:00:00+00:00,2019-05-12 01:00:00+00:00,7.296188000000001,204.0,5.948688,10.576666798009125,10.325302476874274,9.263978584051943,9.126485317504883,8.244853466308594,7.268760889328003,8.756643980300904,9.388702123916627,10.939438789642335
2019-05-12 00:15:00+00:00,2019-05-12 01:15:00+00:00,4.712532,119.0,8.822844,12.20054099507821,11.596517110374663,10.607586899527753,11.697189541000366,10.677076907295227,9.633144469398498,11.544539899963379,11.638818950790405,13.154473276275635
2019-05-12 00:30:00+00:00,2019-05-12 01:30:00+00:00,6.9407190000000005,194.0,12.15944,17.596215745202525,15.507813426769893,12.79041180867278,14.814328391494751,13.605977971496582,12.431833345832825,14.433968503417969,14.281803567352295,15.795963723602295
2019-05-12 00:45:00+00:00,2019-05-12 01:45:00+00:00,12.74153,394.0,12.34363,18.570460606572375,13.764288392118017,12.422878351814393,15.110595866088866,13.715144558792113,12.388222536985873,14.660303517227172,14.417197390441894,15.549805088882446
2019-05-12 01:00:00+00:00,2019-05-12 02:00:00+00:00,25.962560999999997,827.0,7.296188000000001,15.11397312442031,13.907572043267994,10.869080920440906,10.902829530990601,9.719715240753175,8.129510405815125,10.731371048248292,10.560565355575562,11.650981071746827
2019-05-12 01:15:00+00:00,2019-05-12 02:15:00+00:00,20.25844,855.0,4.712532,9.337105153003598,10.05829102750762,8.791307453920565,8.488123611862182,7.689587072784424,5.838927344734192,7.884051994735718,8.303785280639648,9.019120172912597
2019-05-12 01:30:00+00:00,2019-05-12 02:30:00+00:00,13.34944,396.0,6.9407190000000005,12.212940485528717,13.496639056637179,10.774952241018113,10.889172664779665,10.211752287048341,8.146583429473878,10.066860786575319,10.759238592285158,11.230741373199464
2019-05-12 01:45:00+00:00,2019-05-12 02:45:00+00:00,14.931,426.0,12.74153,18.447069243731747,17.59160755822651,12.771858947145308,15.799539386062621,14.760240613250732,12.946531592636108,14.919969617156982,14.359654604225158,15.48782259109497
2019-05-12 02:00:00+00:00,2019-05-12 03:00:00+00:00,8.140344,247.0,25.962560999999997,25.220010272567027,22.35700837287941,20.56771945674716,27.30029939473724,26.283833343397138,24.36265348256683,26.115524295578954,25.17281990111923,25.859330516170022
2019-05-12 02:15:00+00:00,2019-05-12 03:15:00+00:00,9.668531,271.0,20.25844,23.355302735292714,22.712958103964528,19.9237378754733,20.720017773094177,20.10700839478016,17.280620795669556,19.37998120206833,18.51570819038391,18.78645740169525
2019-05-12 02:30:00+00:00,2019-05-12 03:30:00+00:00,8.265469,270.0,13.34944,22.639110253018384,22.55325380681869,18.892786113474315,15.267787477912902,15.317977092208862,11.717523119392395,14.716341993751525,13.290239359232187,13.135108149590492
2019-05-12 02:45:00+00:00,2019-05-12 03:45:00+00:00,8.061594,250.0,14.931,22.826437465281483,23.145151051592876,18.89143444676019,17.241629844665525,17.758521085739133,14.00885791158676,17.096001869201658,15.400786792993545,15.512846177577972
2019-05-12 03:00:00+00:00,2019-05-12 04:00:00+00:00,12.22419,341.0,8.140344,17.84906222405226,18.934469229261357,16.91468824414368,10.783398008483887,12.30179295553589,8.939074850219727,11.060686445373536,10.032326436180115,9.644689297813416
2019-05-12 03:15:00+00:00,2019-05-12 04:15:00+00:00,17.0835,448.0,9.668531,17.318585893768503,17.795684019037846,16.28503178518339,12.920234977584839,14.645241796356201,11.443734347206115,13.044245302062988,12.556209384780884,11.922266065460205
2019-05-12 03:30:00+00:00,2019-05-12 04:30:00+00:00,15.26175,375.0,8.265469,15.068320931841363,17.198440057057656,15.898442791473224,11.740045711654663,13.708434507507324,10.49716894354248,11.6697761269989,12.080251381057739,10.878751442092895
2019-05-12 03:45:00+00:00,2019-05-12 04:45:00+00:00,25.75606,951.0,8.061594,14.384844227042096,17.144875643462743,15.802468518585354,11.591268530029296,13.680189123291015,10.546930780548095,11.414318313735961,12.234661569732665,10.885572662490844
2019-05-12 04:00:00+00:00,2019-05-12 05:00:00+00:00,7.385438000000001,215.0,12.22419,16.9055003514131,20.896850643859466,17.69809779029687,15.319778445663452,17.108882668914795,13.744499448242188,15.48901105255127,16.042606118621826,15.051716330947876
2019-05-12 04:15:00+00:00,2019-05-12 05:15:00+00:00,3.814672,104.0,17.0835,16.147023333354216,19.66564301874744,16.456524108776847,19.132289501190186,20.756802412033082,16.75578701710701,19.31209048843384,18.963615866661073,18.216067882537843
2019-05-12 04:30:00+00:00,2019-05-12 05:30:00+00:00,6.112532,175.0,15.26175,16.54982262200367,20.16242966827334,17.20387120806796,16.972174304008483,18.701011198043823,13.800134318351745,17.42446138191223,16.595449345588683,15.688500540733337
2019-05-12 04:45:00+00:00,2019-05-12 05:45:00+00:00,27.61894,871.0,25.75606,21.341330066912413,22.75818467007952,21.018324513718586,25.319087977943422,26.380725796756746,20.45519387298584,24.26926016384125,23.00305687957764,22.287779207763673
2019-05-12 05:00:00+00:00,2019-05-12 06:00:00+00:00,26.88788,793.0,7.385438000000001,13.936137281442855,18.052807364356028,15.855598301257519,8.53997913483429,10.647497450149537,4.294059788024903,9.081778918540955,8.73564735535431,5.559537445343018
2019-05-12 05:15:00+00:00,2019-05-12 06:15:00+00:00,26.35544,777.0,3.814672,8.044107560108994,9.946800404543664,11.357425503932246,5.490395195075989,8.24914408404541,2.046348459312439,5.973691708633423,8.003508097717285,3.1046192713470457
2019-05-12 05:30:00+00:00,2019-05-12 06:30:00+00:00,25.246810999999997,746.0,6.112532,12.678966517861697,15.624251340737567,13.948749374249408,7.626996855194092,10.509033541137695,4.627804855758667,7.925872544700622,10.223505358154297,5.66957927768898
2019-05-12 05:45:00+00:00,2019-05-12 06:45:00+00:00,22.58419,654.0,27.61894,21.01418133802777,20.50488577028466,19.030326766346704,26.68976599401474,28.378029291095732,22.46299469894409,25.759430293502806,25.17806637710571,23.639249686660765
2019-05-12 06:00:00+00:00,2019-05-12 07:00:00+00:00,21.483,637.0,26.88788,20.50133995146006,21.281297107567635,19.619374586960777,24.99013224494934,26.658959540252685,20.14320293319702,23.3625532711792,22.80613532913208,21.496646555786132
2019-05-12 06:15:00+00:00,2019-05-12 07:15:00+00:00,19.600439,585.0,26.35544,17.827250178606086,19.465156705269333,19.489404324975933,23.959524491729738,25.849082508983614,18.896730760040285,22.200452664794923,21.308828690948488,20.126252511444093
2019-05-12 06:30:00+00:00,2019-05-12 07:30:00+00:00,17.52713,519.0,25.246810999999997,19.464054483166088,19.727779112894993,19.611107378493703,22.54891809571838,24.402375248561857,17.143241015563962,20.671207038055417,19.66291054833984,18.310784903656003
2019-05-12 06:45:00+00:00,2019-05-12 07:45:00+00:00,15.757,456.0,22.58419,16.898375276129777,17.410618966868626,17.026601019201877,19.799730170669555,21.64697246641159,14.060079205932617,18.094758618774414,16.979316819610595,15.246340859832763
2019-05-12 07:00:00+00:00,2019-05-12 08:00:00+00:00,15.10906,439.0,21.483,15.028740382558425,15.431390910786197,14.948877061378765,18.56036611366272,21.19428085255623,13.01671810913086,17.323976238250733,16.28655978012085,14.245176036834717
2019-05-12 07:15:00+00:00,2019-05-12 08:15:00+00:00,12.57616,363.0,19.600439,13.720817212398279,14.533139703235685,14.180576542117533,16.69407527433777,19.475000563134195,11.222001957763673,15.66388695227051,14.448537754882814,12.536269593109132
2019-05-12 07:30:00+00:00,2019-05-12 08:30:00+00:00,11.04819,328.0,17.52713,11.785259668851895,12.912195065266168,12.635833658895688,14.99286781967163,17.656091831331253,10.195815436248779,14.37542831123352,12.85343968093872,11.255471579437256
2019-05-12 07:45:00+00:00,2019-05-12 08:45:00+00:00,9.579062,263.0,15.757,8.382705369672497,10.2752234475878,9.792659390566971,12.995533020019531,15.30778136920929,8.453737766265869,12.630523473739624,11.081676513671875,9.585993797302246
2019-05-12 08:00:00+00:00,2019-05-12 09:00:00+00:00,8.41925,234.0,15.10906,6.003813791722645,9.20971715409586,8.18196098037477,12.299023340759277,14.499902616558074,7.875120829162597,11.25696391921997,9.870033930358886,8.410494993743896
2019-05-12 08:15:00+00:00,2019-05-12 09:15:00+00:00,6.7784070000000005,190.0,12.57616,5.656626034145145,8.950290365194496,7.490852201286289,10.222228334579468,11.910637066993713,5.936691806945801,9.123659656677246,7.870182560119629,6.350424335632324
2019-05-12 08:30:00+00:00,2019-05-12 09:30:00+00:00,5.669016,161.0,11.04819,3.3559183030401165,6.452772217667434,5.370585996318889,8.85393369430542,10.142431201877594,4.560143353881836,7.75327337020874,6.67785251373291,5.068591954650879
2019-05-12 08:45:00+00:00,2019-05-12 09:45:00+00:00,4.749391,133.0,9.579062,2.602929913127761,4.934031879731042,3.960464087133418,8.22014082976532,8.728546992027283,4.343751445495606,6.951790109359742,5.923498883926392,4.661639705383301
2019-05-12 09:00:00+00:00,2019-05-12 10:00:00+00:00,3.546102,103.0,8.41925,2.631595219180205,2.6609428581066004,1.6906531856038391,7.057824004173279,7.213504660606384,3.3009552841186522,5.244247425079346,4.562701452255249,3.374886978149414
2019-05-12 09:15:00+00:00,2019-05-12 10:15:00+00:00,2.655953,86.0,6.7784070000000005,1.63205041541158,1.7970562297702906,1.288357294534518,5.476539753372193,5.91957607119751,1.8166102394409185,3.8410309776611333,3.4948920234985357,2.0208705887146
2019-05-12 09:30:00+00:00,2019-05-12 10:30:00+00:00,1.864953,64.0,5.669016,1.3421184741646073,1.5303437087165233,0.909195626857166,4.864652570453644,5.513333674636841,1.9663797580871583,3.22715603944397,3.1854776107940674,1.6854768955383301
2019-05-12 09:45:00+00:00,2019-05-12 10:45:00+00:00,1.170586,41.0,4.749391,1.0054989480782903,1.509239362150513,0.973422122107491,4.039635698524475,4.969607706395149,1.370087544647217,2.4092990562591554,2.786048452583313,1.2014505073699953
2019-05-12 10:00:00+00:00,2019-05-12 11:00:00+00:00,0.711088,24.0,3.546102,0.7770094362974825,0.5683991110503025,0.6437417579361755,2.6366526014823912,3.929498357297897,0.30687279772949205,0.8215581901092528,1.5207650191802977,0.0
2019-05-12 10:15:00+00:00,2019-05-12 11:15:00+00:00,0.2217849999999999,7.0,2.655953,0.5930754829002535,0.5637068601476557,0.5375622143331042,1.8136214117317198,3.8185778359680174,0.3851299981384275,0.16512186329650858,1.166888306549072,0.0
2019-05-12 10:30:00+00:00,2019-05-12 11:30:00+00:00,0.0,0.0,1.864953,0.22235780203355207,0.37792336849181296,0.49319322756749445,1.233115512779236,3.8369247502593993,0.8563278502731324,0.0,1.1105036920814515,0.0
2019-05-12 10:45:00+00:00,2019-05-12 11:45:00+00:00,0.0,0.0,1.170586,0.12861747437284446,0.36036218175072265,0.43090740546692063,0.7215852539882659,3.6580277781829835,0.93117591253376,0.0,1.1582282267407178,0.0
2019-05-12 11:00:00+00:00,2019-05-12 12:00:00+00:00,0.0,0.0,0.711088,0.188774268827103,0.39187200975137704,0.32781380862936094,0.5435454679136277,3.540205774963379,0.7390223258589507,0.0,1.123328505218506,0.0
2019-05-12 11:15:00+00:00,2019-05-12 12:15:00+00:00,0.0,0.0,0.2217849999999999,0.16240470658914857,0.16549588717211203,0.1797346667359691,0.22595392720386376,3.2096051484680173,0.36533085111141195,0.0,0.9416789323425292,0.0
2019-05-12 11:30:00+00:00,2019-05-12 12:30:00+00:00,0.0,0.0,0.0,0.01195953145434216,0.009426247136006647,0.02024984626798102,0.13617011904716492,2.915759801864624,0.11991985887289047,0.0,0.8716254830360413,0.0
2019-05-12 11:45:00+00:00,2019-05-12 12:45:00+00:00,0.0,0.0,0.0,0.03354391249850643,0.020548889451490988,0.025224584662828085,0.1686694622039795,2.660712480545044,0.0,0.0,0.9600340127944946,0.0
2019-05-12 12:00:00+00:00,2019-05-12 13:00:00+00:00,0.0,0.0,0.0,0.03386577802908666,0.013691199665954714,0.02102223026318434,0.2001056671142578,2.2401719093322754,0.0,0.0,1.0571138858795166,0.0
2019-05-12 12:15:00+00:00,2019-05-12 13:15:00+00:00,0.0,0.0,0.0,0.006183444636027238,0.008671234458848308,0.027012931668899353,0.19486309587955475,1.3472241163253784,0.0,0.0,1.1529209613800049,0.0
2019-05-12 12:30:00+00:00,2019-05-12 13:30:00+00:00,0.0,0.0,0.0,0.0,0.0,0.027012931668899353,0.21290503442287445,0.9079496264457703,0.0,0.0,1.2533925771713257,0.0
2019-05-12 12:45:00+00:00,2019-05-12 13:45:00+00:00,0.0,0.0,0.0,0.019795760701061264,0.013691199665954714,0.027012931668899353,0.22752691805362701,0.35798344016075134,0.0,0.0,1.319650411605835,0.0
2019-05-12 13:00:00+00:00,2019-05-12 14:00:00+00:00,0.0,0.0,0.0,0.0,0.012554191202613864,0.02226059176306962,0.257685124874115,0.22652368247509003,0.0,0.0,1.3689574003219604,0.0
2019-05-12 13:15:00+00:00,2019-05-12 14:15:00+00:00,0.0,0.0,0.0,0.0,0.0006765362099711929,0.02226059176306962,0.2788836658000946,0.0,0.0,0.0,1.4083051681518555,0.0
2019-05-12 13:30:00+00:00,2019-05-12 14:30:00+00:00,0.0,0.0,0.0,0.0,0.0056965014170775995,0.02226059176306962,0.30216240882873535,0.0,0.0,0.0,1.5018454790115356,0.0
2019-05-12 13:45:00+00:00,2019-05-12 14:45:00+00:00,0.0,0.0,0.0,0.0,0.0056965014170775995,0.02226059176306962,0.3235935568809509,0.0,0.0,0.0,1.5824743509292603,0.0
2019-05-12 14:00:00+00:00,2019-05-12 15:00:00+00:00,0.0,0.0,0.0,0.0,0.0056965014170775995,0.02226059176306962,0.28598880767822266,0.0,0.0,0.0,1.6557079553604126,0.0
2019-05-12 14:15:00+00:00,2019-05-12 15:15:00+00:00,0.0,0.0,0.0,0.0,0.0056965014170775995,0.02226059176306962,0.29754558205604553,0.0,0.0,0.0,1.6359119415283203,0.0
2019-05-12 14:30:00+00:00,2019-05-12 15:30:00+00:00,0.0,0.0,0.0,0.006486146120497366,0.0056965014170775995,0.02226059176306962,0.30557745695114136,0.0,0.0,0.0,1.6626818180084229,0.020755894482135773
2019-05-12 14:45:00+00:00,2019-05-12 15:45:00+00:00,0.0,0.0,0.0,0.006486146120497366,0.0056965014170775995,0.02226059176306962,0.3341881334781647,0.0,0.0,0.0,1.6827703714370728,0.0
2019-05-12 15:00:00+00:00,2019-05-12 16:00:00+00:00,0.0,0.0,0.0,0.0,0.0056965014170775995,0.02226059176306962,0.3019275963306427,0.0,0.0,0.0,1.8939595222473145,0.0
2019-05-12 15:15:00+00:00,2019-05-12 16:15:00+00:00,0.0,0.0,0.0,0.0,0.0056965014170775995,0.02226059176306962,0.3299607038497925,0.0,0.0,0.0,1.9481472969055176,0.0
2019-05-12 15:30:00+00:00,2019-05-12 16:30:00+00:00,0.0,0.0,0.0,0.006164280589917142,0.012554191202613864,0.02226059176306962,0.32365670800209045,0.0,0.0,0.0,1.8755520582199097,0.020389499142766
2019-05-12 15:45:00+00:00,2019-05-12 16:45:00+00:00,0.0,0.0,0.0,0.0,0.0,0.011644750560054614,0.36166298389434814,0.0,0.0,0.0,2.0206661224365234,0.07121668010950089
2019-05-12 16:00:00+00:00,2019-05-12 17:00:00+00:00,0.0,0.0,0.0,0.0,0.0056965014170775995,0.02226059176306962,0.35171419382095337,0.0,0.0,0.010522421449422836,1.9645435810089111,0.483713835477829
2019-05-12 16:15:00+00:00,2019-05-12 17:15:00+00:00,0.0,0.0,0.0,0.006486146120497366,0.0056965014170775995,0.02226059176306962,0.38535773754119873,0.0,0.0,0.14771153032779694,1.9550232887268066,0.6710392832756042
2019-05-12 16:30:00+00:00,2019-05-12 17:30:00+00:00,0.0,0.0,0.0,0.0,0.0056965014170775995,0.02226059176306962,0.3960186541080475,0.0,0.0,0.15506401658058167,2.0343072414398193,0.754626989364624
2019-05-12 16:45:00+00:00,2019-05-12 17:45:00+00:00,0.0,0.0,0.0,0.006486146120497366,0.0056965014170775995,0.02226059176306962,0.4388294816017151,0.0,0.0,0.29703405499458313,2.103851795196533,0.8567754030227661
2019-05-12 17:00:00+00:00,2019-05-12 18:00:00+00:00,0.0,0.0,0.0,0.006261283012181533,0.026779366812644635,0.02949546876021399,0.371008962392807,0.03819425404071808,0.0,0.5173389911651611,2.0461912155151367,1.080751657485962
2019-05-12 17:15:00+00:00,2019-05-12 18:15:00+00:00,0.0,0.0,0.0,0.003671122922534496,0.026779366812644635,0.02949546876021399,0.3422623574733734,0.08670926839113235,0.0,0.5539115071296692,2.0458998680114746,1.1278526782989502
2019-05-12 17:30:00+00:00,2019-05-12 18:30:00+00:00,0.0,0.0,0.0,0.0,0.026779366812644635,0.02949546876021399,0.429251492023468,0.26603269577026367,0.0,0.5067157745361328,2.2872684001922607,1.277696967124939
2019-05-12 17:45:00+00:00,2019-05-12 18:45:00+00:00,0.0,0.0,0.0,0.0,0.015656724497160285,0.024520730365366932,0.48405200242996216,0.47929519414901733,0.0,0.5334600210189819,2.5008609294891357,1.5840789079666138
2019-05-12 18:00:00+00:00,2019-05-12 19:00:00+00:00,0.0,0.0,0.0,0.006486146120497366,0.019921677027108353,0.02949546876021399,0.5974788069725037,0.5670788884162903,0.0,0.8208476901054382,2.3767035007476807,1.9010319709777832
2019-05-12 18:15:00+00:00,2019-05-12 19:15:00+00:00,0.0,0.0,0.0,0.0,0.0,0.02949546876021399,0.7017126083374023,0.7445251941680908,0.0,0.9038352966308594,2.5205118656158447,2.1019234657287598
2019-05-12 18:30:00+00:00,2019-05-12 19:30:00+00:00,0.0,0.0,0.0,0.002464997947957728,0.026779366812644635,0.02949546876021399,0.7483491897583008,0.7612776756286621,0.0,1.0659750699996948,2.4667611122131348,2.251514434814453
2019-05-12 18:45:00+00:00,2019-05-12 19:45:00+00:00,0.0,0.0,0.0,0.007434311865420726,0.026779366812644635,0.02949546876021399,0.7820537686347961,0.7864960432052612,0.0,1.084694504737854,2.504361391067505,2.289090633392334
2019-05-12 19:00:00+00:00,2019-05-12 20:00:00+00:00,0.0,0.0,0.0,0.002722957177611136,0.019921677027108353,0.02949546876021399,1.0144779682159424,0.8978057503700256,0.0,1.2130731344223022,2.500032663345337,2.4209041595458984
2019-05-12 19:15:00+00:00,2019-05-12 20:15:00+00:00,0.0,0.0,0.0,0.007434311865420726,0.026779366812644635,0.02949546876021399,1.0426517724990845,0.889362096786499,0.13354872167110443,1.2866694927215576,2.5677852630615234,2.53130841255188
2019-05-12 19:30:00+00:00,2019-05-12 20:30:00+00:00,0.0,0.0,0.0,0.05081926428305007,0.022909476415753843,0.024009103439885156,1.2004507780075073,0.935530960559845,0.23467350006103516,1.3523597717285156,2.6538655757904053,2.6541390419006348
2019-05-12 19:45:00+00:00,2019-05-12 20:45:00+00:00,0.0,0.0,0.0,0.006261283012181533,0.04578935922597338,0.02949546876021399,1.3912098407745361,1.0883986949920654,0.42048248648643494,1.4329235553741455,2.962454319000244,2.825495958328247
2019-05-12 20:00:00+00:00,2019-05-12 21:00:00+00:00,0.0,0.0,0.0,0.0076591749737365605,0.04146112256039356,0.02949546876021399,1.3735158443450928,1.0320547819137573,0.5282557010650635,1.5404109954833984,2.8330116271972656,2.952064275741577
2019-05-12 20:15:00+00:00,2019-05-12 21:15:00+00:00,0.0,1.0,0.0,0.007434311865420726,0.04578935922597338,0.02949546876021399,1.5203993320465088,1.0849088430404663,0.6359131932258606,1.6142984628677368,2.860642194747925,3.1170973777770996
2019-05-12 20:30:00+00:00,2019-05-12 21:30:00+00:00,0.327934,14.0,0.0,0.0,0.03391170423333069,0.02949546876021399,1.6604551076889038,1.185384750366211,0.7904474139213562,1.6950101852416992,2.9685637950897217,3.275430917739868
2019-05-12 20:45:00+00:00,2019-05-12 21:45:00+00:00,0.690184,32.0,0.0,0.036642858198430765,0.0,0.02949546876021399,1.8381739854812622,1.3310174942016602,0.9590584635734558,1.7905678749084473,3.145691394805908,3.454444646835327
2019-05-12 21:00:00+00:00,2019-05-12 22:00:00+00:00,1.055195,52.0,0.0,0.18562415208876312,0.16949745240062186,0.17304130216239388,2.0699374675750732,1.5975852012634277,1.1708565950393677,1.9394285678863525,3.3449814319610596,3.6782920360565186
2019-05-12 21:15:00+00:00,2019-05-12 22:15:00+00:00,1.378289,69.0,0.0,0.5248266476405864,0.4559634362821542,0.4586830739885565,2.2599480152130127,1.8504970073699951,1.3909690380096436,2.1263809204101562,3.487987756729126,3.8720524311065674
2019-05-12 21:30:00+00:00,2019-05-12 22:30:00+00:00,1.94682,117.0,0.327934,0.8454221198629713,0.8351492070682327,1.0154665949478008,2.9071516723480224,2.602214786514282,1.9890981645431518,2.6932332248535156,4.1085443229522705,4.5061766834106445
2019-05-12 21:45:00+00:00,2019-05-12 22:45:00+00:00,3.0765,158.0,0.690184,1.4765650315755896,1.6890588384427236,1.7096300489983018,3.6884878902282714,3.572527053817749,2.7283867626037597,3.359267595275879,4.838944795593262,5.245480897888184
2019-05-12 22:00:00+00:00,2019-05-12 23:00:00+00:00,4.72511,202.0,1.055195,2.5521796426746906,2.5233693958114882,2.2998586994944015,4.728515293426514,4.909095194168091,3.7362865470123294,4.037569668121338,5.598353531188965,6.222550060577393
2019-05-12 22:15:00+00:00,2019-05-12 23:15:00+00:00,6.677672,268.0,1.378289,3.6563826993555466,3.325020722557296,3.908324133686377,5.600308672393799,6.1103375115051275,4.929113403762818,4.667528406585694,6.508994356597901,6.840815798248292
2019-05-12 22:30:00+00:00,2019-05-12 23:30:00+00:00,8.822187,331.0,1.94682,5.23329099282432,5.324044936673074,5.834809648195309,6.639261463470459,7.407029846496582,6.23617956954956,5.605025032348633,7.573113182373047,7.848707893676758
2019-05-12 22:45:00+00:00,2019-05-12 23:45:00+00:00,11.07006,391.0,3.0765,7.732805478994094,7.784759288971965,8.434204916116393,8.206904472351074,9.06466156387329,8.010780395507812,7.117977680206298,9.1650009765625,9.401872695922851
2019-05-12 23:00:00+00:00,2019-05-13 00:00:00+00:00,13.10575,452.0,4.72511,10.836662779423403,11.720428372082475,11.617463084434549,10.270455306396485,11.315169757232667,10.482409900054932,9.47821754776001,11.772659724578858,11.713210051879884
2019-05-12 23:15:00+00:00,2019-05-13 00:15:00+00:00,15.12656,514.0,6.677672,12.710582090595997,14.336989781879476,14.188593336177897,12.523368926116945,13.477964015075685,12.912379355499269,11.932717890808107,14.132693858215333,13.996408076354982
2019-05-12 23:30:00+00:00,2019-05-13 00:30:00+00:00,17.046310000000002,572.0,8.822187,16.145534368701604,16.475270431090784,16.16341143414761,14.887140804016113,15.617808395111084,15.380140834533691,14.440774017059326,16.36896329470825,16.100110583984375
2019-05-12 23:45:00+00:00,2019-05-13 00:45:00+00:00,18.809879,618.0,11.07006,19.006887277459285,19.0934108612706,18.760202576396836,17.280505404052732,17.74703763442993,17.775593027648924,16.845886930999754,18.436125025329588,18.12555097061157
2019-05-13 00:00:00+00:00,2019-05-13 01:00:00+00:00,20.422501,666.0,13.10575,19.90802615324914,19.894137320603754,19.98558862824235,19.390710746765137,19.664525424957276,19.757679378509522,19.138498222351075,20.90711251449585,20.014449989318848
2019-05-13 00:15:00+00:00,2019-05-13 01:15:00+00:00,21.98394,716.0,15.12656,21.31700068957521,21.70270074596868,22.07291534552252,21.33484580856323,21.274307516632078,21.70786359649658,21.034196165618894,22.704042700347898,21.508352068481443
2019-05-13 00:30:00+00:00,2019-05-13 01:30:00+00:00,23.330561,754.0,17.046310000000002,24.621976082015298,24.871855618985,24.56020138559161,23.15324979263306,22.7975945993042,23.40527158218384,22.634677938995363,24.06916671234131,22.868434004364016
2019-05-13 00:45:00+00:00,2019-05-13 01:45:00+00:00,24.583561,793.0,18.809879,25.65125454483278,25.69641959312892,25.350715057998684,24.767170603088378,24.08557432394409,24.99018400411987,23.9182397673645,25.286550695709227,23.931233103088378
2019-05-13 01:00:00+00:00,2019-05-13 02:00:00+00:00,25.70006,840.0,20.422501,27.698979832953594,27.372205757586162,26.924013033685135,26.03441086633301,25.255908878875733,26.15662422998047,25.320253285003663,27.133860024047852,24.991275223327637
2019-05-13 01:15:00+00:00,2019-05-13 02:15:00+00:00,26.633249,882.0,21.98394,29.10537562019364,28.85570054232676,28.206735163134674,27.138968343200684,26.650131577911377,27.26762091583252,26.160309190216065,28.24790417617798,26.106001729431153
2019-05-13 01:30:00+00:00,2019-05-13 02:30:00+00:00,27.469311,921.0,23.330561,30.369227751597286,29.755009649210745,29.02886527713654,28.125941115509033,27.587753134857177,28.547310668121337,26.91530688394165,28.661598998199462,26.59390862573242
2019-05-13 01:45:00+00:00,2019-05-13 02:45:00+00:00,28.212628999999996,956.0,24.583561,31.201343426445916,29.871527005093455,29.084529910468344,29.00310283578491,28.435438450942993,29.45718913949585,27.45318704522705,29.116740759979248,27.188317355285644
2019-05-13 02:00:00+00:00,2019-05-13 03:00:00+00:00,28.854878999999997,979.0,25.70006,32.01864183687446,30.805712112496447,30.330830193162306,29.612717260894776,29.120397677001954,30.156007875976563,28.212765326080323,30.24215280014038,27.62673531967163
2019-05-13 02:15:00+00:00,2019-05-13 03:15:00+00:00,29.3335,1006.0,26.633249,32.916838861465614,30.995812895649607,30.275020744798447,30.019164756225585,29.582973912643432,30.556115821289062,28.420165494369506,30.089779570983886,27.874382213043212
2019-05-13 02:30:00+00:00,2019-05-13 03:30:00+00:00,29.60388,1016.0,27.469311,32.35430842415435,30.98821229175811,30.33368075464666,30.169902802597047,29.858531714569093,30.787491322647096,28.46489125598526,30.038386107574464,27.90363252271271
2019-05-13 02:45:00+00:00,2019-05-13 03:45:00+00:00,29.988001,1032.0,28.212628999999996,30.101480198653974,30.110204603757584,29.327125268339444,30.082191268257137,30.015164772323605,30.96667186384582,28.165653975955482,29.870702067665096,27.81300006275558
2019-05-13 03:00:00+00:00,2019-05-13 04:00:00+00:00,30.445628999999997,1047.0,28.854878999999997,32.11997169114527,30.793758956411942,30.326652518460143,30.17960903864288,30.45827946882629,31.15642056684875,28.252350129894253,30.403404691032407,27.935485460571286
2019-05-13 03:15:00+00:00,2019-05-13 04:15:00+00:00,29.862869,1039.0,29.3335,33.188956234307845,31.607331000548513,31.129726543498634,30.33665296649933,30.729336353302003,31.0928811750412,27.768076988220216,29.940142544269563,27.80104240989685
2019-05-13 03:30:00+00:00,2019-05-13 04:30:00+00:00,30.348499,1030.0,29.60388,31.915574832352192,30.487479658554104,30.30155707005006,30.15921480644226,30.05244631755829,30.295312535648346,27.682385396842957,29.34991170156479,27.439592909698487
2019-05-13 03:45:00+00:00,2019-05-13 04:45:00+00:00,30.213751,1017.0,29.988001,31.829278017433307,30.31112133926404,29.801343669432494,30.152547847343445,29.994400077363313,29.51956466944313,27.047042738510132,28.731673609329224,27.04526556642151
2019-05-13 04:00:00+00:00,2019-05-13 05:00:00+00:00,29.94425,995.0,30.445628999999997,31.646163802358576,30.40719128786516,30.34783810944095,30.410679298720595,30.32807047598743,28.530115365318295,26.837381958297726,28.978068231872555,27.234992622665402
2019-05-13 04:15:00+00:00,2019-05-13 05:15:00+00:00,29.66688,964.0,29.862869,31.093666096762217,29.197061285951403,29.464275274675135,29.377734279197693,29.376094823640823,26.641766762298584,25.91573069052124,28.368154620689392,26.301684593719482
2019-05-13 04:30:00+00:00,2019-05-13 05:30:00+00:00,29.521628999999997,935.0,30.348499,30.794333496752657,28.974691227115674,28.842998991782927,28.880191385673523,29.227109730171204,26.49335187666321,25.85299414389038,27.865888297485352,26.30328291647339
2019-05-13 04:45:00+00:00,2019-05-13 05:45:00+00:00,28.896879,902.0,30.213751,30.58184633973997,28.697813133448708,28.633469878880046,26.52129904611206,27.495296400619505,25.719801586700438,25.425628346038817,26.958463591171263,25.537251156402586
2019-05-13 05:00:00+00:00,2019-05-13 06:00:00+00:00,28.120309999999996,863.0,29.94425,30.092664374785965,29.265700749756324,29.1307753700917,25.791485202789307,26.192571294784546,24.93517721939087,24.870429885864258,26.91689575958252,24.946496856689453
2019-05-13 05:15:00+00:00,2019-05-13 06:15:00+00:00,27.24225,822.0,29.66688,27.597082928234,26.04489923542331,25.81437421563403,25.40967260635376,25.382922041778563,24.381433356170653,24.239141333465575,26.267474520568847,24.5548137310791
2019-05-13 05:30:00+00:00,2019-05-13 06:30:00+00:00,26.421061,786.0,29.521628999999997,26.62536034711793,26.29162823673184,26.59521672851369,25.12320914297485,24.488153600982663,24.055490637115476,24.248455190948484,25.536766672424314,24.016746664337155
2019-05-13 05:45:00+00:00,2019-05-13 06:45:00+00:00,25.422689,745.0,28.896879,25.267611743530022,24.604315624419236,24.48263979284614,24.357793611816405,23.574842256835936,23.13107613973999,23.070249361328123,24.57788257055664,23.023880762390135
2019-05-13 06:00:00+00:00,2019-05-13 07:00:00+00:00,24.44356,707.0,28.120309999999996,24.73275141723586,24.156395354734446,22.967190979716367,23.386819056091305,22.570080450592037,22.141925505218502,22.126475504455563,23.488981894073483,21.88911836486816
2019-05-13 06:15:00+00:00,2019-05-13 07:15:00+00:00,23.00856,664.0,27.24225,21.789565490102337,21.601277503214863,20.393816101751717,22.38635924911499,21.56226256942749,21.05327418899536,21.29586461639404,22.070887599945067,20.93630126571655
2019-05-13 06:30:00+00:00,2019-05-13 07:30:00+00:00,21.504881,619.0,26.421061,20.85583756434055,20.54259549836718,19.532603568558958,21.542962512145998,20.60898872293091,20.084851225982668,20.250302275787355,20.76376863397217,19.80642982400513
2019-05-13 06:45:00+00:00,2019-05-13 07:45:00+00:00,19.888309,567.0,25.422689,19.557356028889156,19.476525186540457,18.13070130351632,20.45488075338745,19.513861218322752,18.961625138153074,19.027884522308348,19.569917240966795,18.502728978027342
2019-05-13 07:00:00+00:00,2019-05-13 08:00:00+00:00,18.18075,512.0,24.44356,17.07947589232932,17.238601238042374,16.45078556229083,19.297085161743166,18.174373503265382,17.84770905548096,17.855005617675783,17.791252012786867,17.126909132537843
2019-05-13 07:15:00+00:00,2019-05-13 08:15:00+00:00,9.200625,261.0,23.00856,16.248883415095666,15.569040557586874,14.852865579739507,17.801723299560546,16.77913123184204,16.20777064376831,16.029240904388427,16.32670193725586,15.479896841583251
2019-05-13 07:30:00+00:00,2019-05-13 08:30:00+00:00,7.357,221.0,21.504881,14.390568498511312,13.75760988605077,13.472382537370377,16.385606860595704,15.50143394418335,14.678939437347413,14.654219722229005,14.913123702484132,14.080034827667237
2019-05-13 07:45:00+00:00,2019-05-13 08:45:00+00:00,8.900719,230.0,19.888309,12.01426516334847,11.968018864290505,12.23504127474245,14.831043241485595,13.883496282562255,13.099846837982177,13.121847150787353,13.578866479858398,12.370167730316162
2019-05-13 08:00:00+00:00,2019-05-13 09:00:00+00:00,6.542155999999999,164.0,18.18075,10.20877674418609,10.37241544293793,10.72724847837989,13.145277130126953,12.068607913970947,11.315351593017578,11.360047924041748,11.086417304992676,10.562858211517334
2019-05-13 08:15:00+00:00,2019-05-13 09:15:00+00:00,9.193188,249.0,9.200625,4.542583191340903,4.40117699806116,4.70490652494176,4.764113960266114,4.00732141494751,2.9111991500854497,3.5158458328247075,3.085607585906983,2.4131427383422857
2019-05-13 08:30:00+00:00,2019-05-13 09:30:00+00:00,6.178922,171.0,7.357,3.1717287138436463,3.7574250751569287,4.118734577413473,3.1308251686096193,2.47686780166626,1.7200819320678713,2.3428317375183108,1.588857776641846,1.3153950042724611
2019-05-13 08:45:00+00:00,2019-05-13 09:45:00+00:00,4.343391,111.0,8.900719,2.942247497617251,3.5383330546621714,3.650789962499041,4.59709580053711,3.9287317525329595,3.617896867889405,3.966297937530518,3.0683778058471685,3.172739816802979
2019-05-13 09:00:00+00:00,2019-05-13 10:00:00+00:00,1.262598,41.0,6.542155999999999,1.9029856118940591,1.5740966358092627,1.1815348550214,2.409403581481933,1.7884290407714838,1.9335973452148432,2.045291681152343,1.1235802362976068,0.7163317392883295
2019-05-13 09:15:00+00:00,2019-05-13 10:15:00+00:00,2.7165470000000003,77.0,9.193188,2.21941967634658,1.3384259080539525,1.0105769065160042,4.849423218048095,4.356925297058105,4.584629822052001,4.548238086975097,3.5031602862243645,3.6484163287048332
2019-05-13 09:30:00+00:00,2019-05-13 10:30:00+00:00,1.7759490000000002,61.0,6.178922,1.093245802161618,1.0880089588658963,0.748189323174108,2.291151585647583,2.0139406347961426,2.0278676176757813,2.3434034014434815,1.3350675726623535,1.6351898337097168
2019-05-13 09:45:00+00:00,2019-05-13 10:45:00+00:00,0.93007,32.0,4.343391,0.0,0.7848842099289463,0.36853450504548,0.7799299347076412,0.772403537002563,0.5561707603607173,0.8584545242462154,0.015667020050048386,0.36734753724670366
2019-05-13 10:00:00+00:00,2019-05-13 11:00:00+00:00,0.533449,16.0,1.262598,0.0,0.0,0.15321115995537596,0.0,0.0,0.0,0.0,0.0,0.0
2019-05-13 10:15:00+00:00,2019-05-13 11:15:00+00:00,0.104346,3.0,2.7165470000000003,0.0,0.25878753716160746,0.35699876553632903,0.6737980719299319,0.11837481219482449,0.0,0.2839512701721194,0.0,0.0
2019-05-13 10:30:00+00:00,2019-05-13 11:30:00+00:00,0.0,0.0,1.7759490000000002,0.0,0.16369539341071332,0.36636283204189946,0.30663311350250266,0.0,0.0,0.0,0.0,0.0
2019-05-13 10:45:00+00:00,2019-05-13 11:45:00+00:00,0.0,0.0,0.93007,0.22174733455760517,0.19245847137982047,0.315110725581283,0.0,0.0,0.0,0.0,0.0,0.0
2019-05-13 11:00:00+00:00,2019-05-13 12:00:00+00:00,0.0,0.0,0.533449,0.12655168307784992,0.07937568819142438,0.10455015688161672,0.0,0.0,0.0,0.0,0.0,0.0
2019-05-13 11:15:00+00:00,2019-05-13 12:15:00+00:00,0.0,0.0,0.104346,0.06449340107993422,0.031244898920575012,0.08242524623385136,0.0,0.0,0.0,0.0,0.0,0.0
2019-05-13 11:30:00+00:00,2019-05-13 12:30:00+00:00,0.0,0.0,0.0,0.04112229019595626,0.027587585051749578,0.024953086296693794,0.0,0.0,0.0,0.0,0.0,0.0
2019-05-13 11:45:00+00:00,2019-05-13 12:45:00+00:00,0.0,0.0,0.0,0.032123723489641515,0.027587585051749578,0.0656740675907361,0.0,0.0,0.0,0.0,0.0,0.10016260296106339
2019-05-13 12:00:00+00:00,2019-05-13 13:00:00+00:00,0.0,0.0,0.0,0.013262721387058625,0.016795386693784917,0.036148820363207206,0.0,0.0,0.0,0.0,0.09069116413593292,0.19316251575946808
2019-05-13 12:15:00+00:00,2019-05-13 13:15:00+00:00,0.0,0.0,0.0,0.013262721387058625,0.016795386693784917,0.036148820363207206,0.0,0.0,0.0,0.0,0.28588569164276123,0.23924139142036438
2019-05-13 12:30:00+00:00,2019-05-13 13:30:00+00:00,0.0,0.0,0.0,0.013262721387058625,0.016795386693784917,0.036148820363207206,0.0,0.0,0.0,0.0,0.42507365345954895,0.2704419195652008
2019-05-13 12:45:00+00:00,2019-05-13 13:45:00+00:00,0.0,0.0,0.0,0.01208969253381943,0.016795386693784917,0.036148820363207206,0.0,0.0,0.0,0.0,0.5759787559509277,0.29942455887794495
2019-05-13 13:00:00+00:00,2019-05-13 14:00:00+00:00,0.0,0.0,0.0,0.01208969253381943,0.016795386693784917,0.036148820363207206,0.04016156867146492,0.0,0.0,0.0,0.8800814151763916,0.23907862603664398
2019-05-13 13:15:00+00:00,2019-05-13 14:15:00+00:00,0.0,0.0,0.0,0.01208969253381943,0.016795386693784917,0.036148820363207206,0.06260554492473602,0.0,0.0,0.0,1.022947072982788,0.31234872341156006
2019-05-13 13:30:00+00:00,2019-05-13 14:30:00+00:00,0.0,0.0,0.0,0.01208969253381943,0.016795386693784917,0.036148820363207206,0.09395918995141983,0.0,0.0,0.0,1.121359944343567,0.3869675099849701
2019-05-13 13:45:00+00:00,2019-05-13 14:45:00+00:00,0.0,0.0,0.0,0.01208969253381943,0.016795386693784917,0.036148820363207206,0.12773527204990387,0.0,0.0,0.01340943668037653,1.1881484985351562,0.42999184131622314
2019-05-13 14:00:00+00:00,2019-05-13 15:00:00+00:00,0.0,0.0,0.0,0.008458358376830724,0.011393311305595946,0.028413328973455575,0.11737747490406036,0.0,0.0,0.0,1.427470088005066,0.4413622319698334
2019-05-13 14:15:00+00:00,2019-05-13 15:15:00+00:00,0.0,0.0,0.0,0.01208969253381943,0.004742976967501424,0.024893236130234364,0.1346587836742401,0.0,0.0,0.0,1.5589728355407715,0.4241969883441925
2019-05-13 14:30:00+00:00,2019-05-13 15:30:00+00:00,0.0,0.0,0.0,0.01208969253381943,0.004742976967501424,0.024893236130234364,0.14302024245262146,0.0,0.0,0.0,1.6555601358413696,0.4099452793598175
2019-05-13 14:45:00+00:00,2019-05-13 15:45:00+00:00,0.0,0.0,0.0,0.01208969253381943,0.004742976967501424,0.024893236130234364,0.1953851878643036,0.0,0.0,0.0,1.7209763526916504,0.45318934321403503
2019-05-13 15:00:00+00:00,2019-05-13 16:00:00+00:00,0.0,0.0,0.0,0.01208969253381943,0.004742976967501424,0.028146493165500393,0.19821466505527496,0.0,0.0,0.0,1.8728917837142944,0.37063121795654297
2019-05-13 15:15:00+00:00,2019-05-13 16:15:00+00:00,0.0,0.0,0.0,0.012221547319716952,0.011393311305595946,0.03166658600872161,0.1978423148393631,0.0,0.0,0.0,1.947820782661438,0.4429199695587158
2019-05-13 15:30:00+00:00,2019-05-13 16:30:00+00:00,0.0,0.0,0.0,0.01208969253381943,0.004742976967501424,0.028146493165500393,0.2611798942089081,0.0,0.0,0.0,1.8916720151901245,0.4267995059490204
2019-05-13 15:45:00+00:00,2019-05-13 16:45:00+00:00,0.0,0.0,0.0,0.012221547319716952,0.011393311305595946,0.03166658600872161,0.25770461559295654,0.0,0.0,0.0,1.9458097219467163,0.466206431388855
2019-05-13 16:00:00+00:00,2019-05-13 17:00:00+00:00,0.0,0.0,0.0,0.012221547319716952,0.011393311305595946,0.03166658600872161,0.3077564537525177,0.0,0.0,0.0,2.0109853744506836,0.5236161351203918
2019-05-13 16:15:00+00:00,2019-05-13 17:15:00+00:00,0.0,0.0,0.0,0.010689604036088641,0.004178245731497459,0.028146493165500393,0.3310456871986389,0.0,0.0,0.0,1.9686150550842285,0.41046056151390076
2019-05-13 16:30:00+00:00,2019-05-13 17:30:00+00:00,0.0,0.0,0.0,0.0126231947070242,0.01082858006959198,0.03166658600872161,0.320990651845932,0.0,0.0,0.0,2.0308589935302734,0.6217682361602783
2019-05-13 16:45:00+00:00,2019-05-13 17:45:00+00:00,0.0,0.0,0.0,0.01208969253381943,0.004742976967501424,0.028146493165500393,0.37406498193740845,0.0,0.0,0.0,2.0472733974456787,0.6768403649330139
2019-05-13 17:00:00+00:00,2019-05-13 18:00:00+00:00,0.0,0.0,0.0,0.012221547319716952,0.015471218941783191,0.03493275564428998,0.32828643918037415,0.0,0.0,0.0,2.0995140075683594,0.8674531579017639
2019-05-13 17:15:00+00:00,2019-05-13 18:15:00+00:00,0.0,0.0,0.0,0.0126231947070242,0.014906487705779228,0.03493275564428998,0.3189828395843506,0.0,0.0,0.0,2.115841865539551,0.9770539402961731
2019-05-13 17:30:00+00:00,2019-05-13 18:30:00+00:00,0.0,0.0,0.0,0.03846333755902234,0.023992274500238383,0.055875504718236595,0.4282468259334564,0.0,0.0,0.0,2.053014039993286,0.9311753511428833
2019-05-13 17:45:00+00:00,2019-05-13 18:45:00+00:00,0.0,0.0,0.0,0.0126231947070242,0.014906487705779228,0.03493275564428998,0.366306334733963,0.0,0.0,0.0,2.1353211402893066,1.0801395177841187
2019-05-13 18:00:00+00:00,2019-05-13 19:00:00+00:00,0.0,0.0,0.0,0.012491339921126679,0.008256153367684703,0.03141266280106878,0.4732967019081116,0.03838304057717323,0.0,0.0,2.175358772277832,1.2075544595718384
2019-05-13 18:15:00+00:00,2019-05-13 19:15:00+00:00,0.0,0.0,0.0,0.03927196028058974,0.017435940825735675,0.03515418927971105,0.654212474822998,0.11970990896224976,0.04912898316979408,0.0,2.0603694915771484,1.3873594999313354
2019-05-13 18:30:00+00:00,2019-05-13 19:30:00+00:00,0.0,0.0,0.0,0.03927196028058974,0.017435940825735675,0.03515418927971105,0.7221528887748718,0.12578433752059937,0.10872979462146759,0.0,2.017810344696045,1.4855625629425049
2019-05-13 18:45:00+00:00,2019-05-13 19:45:00+00:00,0.0,0.0,0.0,0.04001531922834506,0.024557005736242348,0.055875504718236595,0.8075834512710571,0.2100963145494461,0.11331769078969955,0.0,1.9995670318603516,1.5036288499832153
2019-05-13 19:00:00+00:00,2019-05-13 20:00:00+00:00,0.0,0.0,0.0,0.013571360451947564,0.02678414269842191,0.03493275564428998,0.854114830493927,0.3180675804615021,0.24598635733127594,0.0,1.9980285167694092,1.8267585039138794
2019-05-13 19:15:00+00:00,2019-05-13 20:15:00+00:00,0.0,0.0,0.0,0.010989200927106956,0.0,0.03493275564428998,0.9821087718009949,0.44217240810394287,0.3667283058166504,0.05572981759905815,2.1285459995269775,2.0294947624206543
2019-05-13 19:30:00+00:00,2019-05-13 20:30:00+00:00,0.0,0.0,0.0,0.00940652412175408,0.022328908727319467,0.03493275564428998,1.1040784120559692,0.5545974373817444,0.47915515303611755,0.1398530900478363,2.164456605911255,2.1949446201324463
2019-05-13 19:45:00+00:00,2019-05-13 20:45:00+00:00,0.0,0.0,0.0,0.0,0.0,0.03493275564428998,1.2601509094238281,0.6906412839889526,0.6036638617515564,0.2578222453594208,2.2516894340515137,2.3511502742767334
2019-05-13 20:00:00+00:00,2019-05-13 21:00:00+00:00,0.002832,0.0,0.0,0.038870312893282494,0.03701066447506839,0.03515418927971105,1.402025818824768,0.8115700483322144,0.7350709438323975,0.39676761627197266,2.2851080894470215,2.5452969074249268
2019-05-13 20:15:00+00:00,2019-05-13 21:15:00+00:00,0.0153419999999999,0.0,0.0,0.0,0.0,0.03493275564428998,1.5462616682052612,0.9887632131576538,0.8697460293769836,0.5299032330513,2.3678781986236572,2.76910662651062
2019-05-13 20:30:00+00:00,2019-05-13 21:30:00+00:00,0.5153479999999999,17.0,0.0,0.02460151699214098,0.03701066447506839,0.03493275564428998,1.6861993074417114,1.1361814737319946,0.999789297580719,0.6254439949989319,2.358621597290039,2.9379725456237793
2019-05-13 20:45:00+00:00,2019-05-13 21:45:00+00:00,1.017078,38.0,0.0,0.05722129609773258,0.04579413511175066,0.03493275564428998,1.8455489873886108,1.2528244256973267,1.079046607017517,0.740207850933075,2.388045310974121,3.1572673320770264
2019-05-13 21:00:00+00:00,2019-05-13 22:00:00+00:00,1.2125860000000002,50.0,0.002832,0.19041138754305928,0.16150061571821198,0.16669936005213135,2.0190122768707277,1.3483714506454467,0.975422684890747,0.7697235390968322,2.5068872616119386,3.335727040512085
2019-05-13 21:15:00+00:00,2019-05-13 22:15:00+00:00,1.680875,64.0,0.0153419999999999,0.4480044970678136,0.42229974739406567,0.45211969824287285,2.211629155151367,1.5049241809768676,1.1739192037506103,0.9734627036972044,2.699574711791992,3.5782871274871826
2019-05-13 21:30:00+00:00,2019-05-13 22:30:00+00:00,2.526234,103.0,0.5153479999999999,0.7720656023673468,0.8133631731727868,0.9885801627324458,2.9813714451293944,2.3355164951782226,1.9144903845291137,1.774801535079956,3.5282016224365234,4.475411934326171
2019-05-13 21:45:00+00:00,2019-05-13 22:45:00+00:00,3.638688,142.0,1.017078,1.4414530898175975,1.68791969154585,1.6254378501741973,3.780654507568359,3.290856915405273,2.7764682349472043,2.621062475135803,4.242389040878296,5.344890671661377
2019-05-13 22:00:00+00:00,2019-05-13 23:00:00+00:00,5.565766,207.0,1.2125860000000002,2.4831253887564517,2.6264579274051107,2.187575081389661,4.415157630477905,4.169209315811157,3.3961878562316894,3.1758130336151122,4.886900260482788,5.974516465698242
2019-05-13 22:15:00+00:00,2019-05-13 23:15:00+00:00,5.204391,189.0,1.680875,3.153270038902444,3.127476223755722,3.3344137352532104,5.166104015350342,5.059976276397705,4.213025506973267,3.854064640045166,5.436033662796021,6.854352649688721
2019-05-13 22:30:00+00:00,2019-05-13 23:30:00+00:00,7.140219,261.0,2.526234,5.32720932603097,4.968253760272821,5.158065656530704,6.577963202270508,6.580328791412354,5.872381537231446,5.163541167053223,6.7325538089599615,8.133768408569336
2019-05-13 22:45:00+00:00,2019-05-13 23:45:00+00:00,5.961812,205.0,3.638688,7.671232177439343,7.556004571894001,7.965290505178041,8.261978061950684,8.384826095855713,7.795407207763672,6.808373125350952,8.678353222167969,9.71961012677002
2019-05-13 23:00:00+00:00,2019-05-14 00:00:00+00:00,9.127126,338.0,5.565766,10.666419938708371,10.01160244784833,11.382196347016183,10.860469006744385,10.667093896118164,10.060104989257812,9.53240361138916,11.74161353036499,12.218608998504639
2019-05-13 23:15:00+00:00,2019-05-14 00:15:00+00:00,11.30763,423.0,5.204391,10.644825713339213,9.974650104832527,10.965225920656037,10.936389920440675,10.442853448120118,9.920788285461427,9.28392553063965,11.621665475097657,11.709376332489015
2019-05-13 23:30:00+00:00,2019-05-14 00:30:00+00:00,12.439,463.0,7.140219,12.818604447234152,11.523034558667353,14.037896274199259,13.123345640319824,12.76149585546875,12.108170774597168,11.57232930960083,13.994876649993897,13.456055906433106
2019-05-13 23:45:00+00:00,2019-05-14 00:45:00+00:00,17.66581,584.0,5.961812,11.452398399258474,10.667556338932698,12.491846316256606,12.130496005737305,11.942524890625,11.113032798492432,10.364809016906738,13.086546401702881,12.229231338226318
2019-05-14 00:00:00+00:00,2019-05-14 01:00:00+00:00,18.95031,622.0,9.127126,16.377860627963216,13.134495832712542,15.273176899991977,15.057823917938233,14.964290402008057,14.183369419647217,13.816758892608643,16.504967472625733,15.327805302215577
2019-05-14 00:15:00+00:00,2019-05-14 01:15:00+00:00,20.77644,679.0,11.30763,18.71816854019895,16.479016067099952,18.356247108086944,17.205917296295166,17.050885138397216,16.336213526611328,16.027832445983886,18.350612578277588,16.606825289611816
2019-05-14 00:30:00+00:00,2019-05-14 01:30:00+00:00,22.39781,728.0,12.439,19.398629358664117,16.393280587364735,19.22791201283375,18.10743557357788,17.899670948028565,17.41979824447632,16.657492031097412,18.879706729888916,16.98215423965454
2019-05-14 00:45:00+00:00,2019-05-14 01:45:00+00:00,22.260441,734.0,17.66581,21.758838731208257,16.706447968201086,20.110727003081944,22.55878866821289,22.404583822784424,22.366458307800293,21.14438689857483,23.206633936462403,21.374047886428833
2019-05-14 01:00:00+00:00,2019-05-14 02:00:00+00:00,16.96669,535.0,18.95031,24.336872412272776,19.31674371390425,21.51575348890567,23.521212824401857,23.042172201690676,23.23707986694336,22.263050087509157,24.24056459289551,22.05362463813782
2019-05-14 01:15:00+00:00,2019-05-14 02:15:00+00:00,22.28056,702.0,20.77644,25.75592040925221,20.42289558499709,22.615393783921085,24.926619862976075,23.966059302749635,24.906589364471436,23.442817544403077,25.14913449234009,23.139281844558717
2019-05-14 01:30:00+00:00,2019-05-14 02:30:00+00:00,24.34119,815.0,22.39781,26.33583932983344,19.908244463123822,21.481996307328124,25.24268748146057,24.39394118171692,25.787467020568847,24.131636279640198,25.415572660980224,23.557256239471435
2019-05-14 01:45:00+00:00,2019-05-14 02:45:00+00:00,20.740999,664.0,22.260441,25.692072490464458,18.989235985713872,20.921641168307765,24.210868770614624,23.48661034776306,25.091468030944824,23.08246260358429,24.19254308415985,22.542073155179978
2019-05-14 02:00:00+00:00,2019-05-14 03:00:00+00:00,25.324249,833.0,16.96669,24.805251837223278,19.8245456443204,22.448623270191085,19.153114732208252,18.938191350402832,19.315634902420044,19.127476151885986,20.343206580581665,18.297270115318298
2019-05-14 02:15:00+00:00,2019-05-14 03:15:00+00:00,25.31156,829.0,22.28056,26.28592673340744,19.144053101532606,22.473787261780434,23.745233519134523,22.991464598236085,23.980929596481324,23.153516335544587,24.102949841079713,22.602501912174226
2019-05-14 02:30:00+00:00,2019-05-14 03:30:00+00:00,26.134939000000003,864.0,24.34119,26.954297449695527,20.68562059803165,22.956109636970382,25.08953203720093,24.018549730005265,25.327827592315675,23.97704299253464,24.397667069854737,23.483563263835908
2019-05-14 02:45:00+00:00,2019-05-14 03:45:00+00:00,23.39225,761.0,20.740999,25.342094384673874,19.82997028805857,22.05625705168106,21.455053644107817,20.83738091014528,21.48481984608078,20.13092567198181,20.619481192754744,19.601476209091185
2019-05-14 03:00:00+00:00,2019-05-14 04:00:00+00:00,24.45013,830.0,25.324249,25.73214184688122,20.701160793343025,21.294062649568225,25.235414505647658,24.717521340297697,25.62453261082077,24.123630136894224,23.987414569305418,23.684416264938353
2019-05-14 03:15:00+00:00,2019-05-14 04:15:00+00:00,25.039,812.0,25.31156,27.04335767011562,20.997638827866204,22.81057014341093,24.762684489307404,24.392361963806152,25.584967608270645,23.424624646720886,23.1765981565094,23.072385872421265
2019-05-14 03:30:00+00:00,2019-05-14 04:30:00+00:00,24.717879999999997,794.0,26.134939000000003,26.45802946883998,20.484516231431417,21.845306577172416,23.95234088598633,24.058291718353274,25.99341928957844,23.476231858123782,23.072104260314944,23.159130141128543
2019-05-14 03:45:00+00:00,2019-05-14 04:45:00+00:00,23.836309,760.0,23.39225,25.572186544993084,20.13651471140503,21.452997991340627,20.243233142852784,21.062274156570435,23.133096931934357,20.647111116409302,20.299568115234376,20.443682847976685
2019-05-14 04:00:00+00:00,2019-05-14 05:00:00+00:00,18.106371,547.0,24.45013,25.123294477280076,19.42089973991392,21.081851681865178,20.681947960739137,20.97886158454895,23.754798724536897,21.114467158203126,20.252128138427736,20.75928117263794
2019-05-14 04:15:00+00:00,2019-05-14 05:15:00+00:00,19.36025,594.0,25.039,25.328778908806363,20.02796901833149,21.74157661047487,20.963976825714113,19.77681490325928,22.366564001083376,21.20800682449341,20.216266120910646,20.778495754241945
2019-05-14 04:30:00+00:00,2019-05-14 05:30:00+00:00,17.370060000000002,527.0,24.717879999999997,24.483312678886616,18.897507378933494,20.198614701503523,20.52108072174072,18.366484869842527,20.49743341339111,20.4824211491394,19.34480022323608,20.083163012390134
2019-05-14 04:45:00+00:00,2019-05-14 05:45:00+00:00,16.619310000000002,491.0,23.836309,24.13274565924015,18.409754206064086,19.88056482475098,19.412373586639404,17.216413064941406,19.221042200073242,19.21760372732544,18.049671216949463,18.555580659851074
2019-05-14 05:00:00+00:00,2019-05-14 06:00:00+00:00,13.98469,391.0,18.106371,19.49462916625225,15.516450785452383,18.17042412176087,14.176512553878784,12.522614076324462,13.74794299859619,14.127913072296142,13.245498731323242,13.543414666839599
2019-05-14 05:15:00+00:00,2019-05-14 06:15:00+00:00,12.41275,357.0,19.36025,18.68808231337071,15.523755251739125,17.449571275107505,15.236476425170899,13.788051132202149,14.71686792755127,15.037504676818848,13.925958160400391,14.596648696899415
2019-05-14 05:30:00+00:00,2019-05-14 06:30:00+00:00,11.86588,324.0,17.370060000000002,17.30144265920063,14.555309368736436,16.094422587567735,13.304298910675051,12.044989141998293,12.639191660461428,12.955207857666018,12.006450686035159,12.599511656341555
2019-05-14 05:45:00+00:00,2019-05-14 06:45:00+00:00,10.95894,308.0,16.619310000000002,16.704402719153013,13.914222154319717,15.6628343903602,12.58443842178345,11.511558153686526,11.877707579193117,12.060502626953127,11.09888754135132,11.927894213256838
2019-05-14 06:00:00+00:00,2019-05-14 07:00:00+00:00,7.440782,206.0,13.98469,15.137071364994695,12.440093008149645,13.11116007765595,10.225441028060914,9.205827523651124,9.251535703125,9.267577935638428,7.982127477111817,8.86893301147461
2019-05-14 06:15:00+00:00,2019-05-14 07:15:00+00:00,6.841844,189.0,12.41275,15.250882968895548,11.417698215543068,12.436726520473869,8.933168167114259,7.915856117248536,7.719316238403321,8.050391906738282,6.665776485443116,7.312070602416993
2019-05-14 06:30:00+00:00,2019-05-14 07:30:00+00:00,6.662688,181.0,11.86588,11.101628926485033,8.799340951172354,9.431219608163993,8.637233721618653,7.61251782119751,7.287616717224122,7.677722918395997,6.221255289916993,6.972791659240723
2019-05-14 06:45:00+00:00,2019-05-14 07:45:00+00:00,4.382219,122.0,10.95894,10.440160982530653,7.899193334326033,8.738487867551461,8.033295602264404,7.0214714712524415,6.558868379058838,7.095710486831665,5.452388257446289,6.235945195617676
2019-05-14 07:00:00+00:00,2019-05-14 08:00:00+00:00,5.491391,149.0,7.440782,9.685259817368328,5.884841462757221,6.769127662024653,5.310599018508911,4.415062834197998,3.69935338633728,4.376249481613159,2.733414102966308,3.2030495895690914
2019-05-14 07:15:00+00:00,2019-05-14 08:15:00+00:00,5.539953,152.0,6.841844,7.894574824938346,5.497735449000812,6.26973331500098,5.1363902465286255,4.150430120605469,3.3321336881103516,4.095789112228394,2.52539531149292,2.9518334046783448
2019-05-14 07:30:00+00:00,2019-05-14 08:30:00+00:00,6.172358999999999,165.0,6.662688,5.752874468097031,3.875273857489504,4.403989744307047,5.182457906997681,4.3045720885162355,3.220529777801514,4.275534374511719,2.840657217300415,2.9846591780548097
2019-05-14 07:45:00+00:00,2019-05-14 08:45:00+00:00,7.018813000000001,192.0,4.382219,5.061311624207923,3.8214817986915595,4.020648029890474,3.1971254779281617,2.4347783757629395,1.2484611703338624,2.5245528651657105,1.358210725921631,1.2129625512542725
2019-05-14 08:00:00+00:00,2019-05-14 09:00:00+00:00,5.465469000000001,155.0,5.491391,2.845863045253841,2.5293958425657195,2.311376435311744,4.181135710922241,3.6456236211929323,2.334990319458008,3.5921586124572755,2.657150563446045,2.5680256454620363
2019-05-14 08:15:00+00:00,2019-05-14 09:15:00+00:00,4.356078,123.0,5.539953,2.492497462912111,2.4612542216331064,2.2644842061195862,4.150593048980713,3.759799367835998,2.3786900109558102,3.696061498573303,2.764971262863159,2.8411398000030514
2019-05-14 08:30:00+00:00,2019-05-14 09:30:00+00:00,3.556875,99.0,6.172358999999999,2.1148300793051678,1.8533956148481514,1.6412484012592317,4.708381663116454,4.437087307723998,2.9326341255035393,4.45152569845581,3.4644508464660637,3.5977161033477776
2019-05-14 08:45:00+00:00,2019-05-14 09:45:00+00:00,2.82018,78.0,7.018813000000001,1.812672107217449,1.434463154051529,1.2467196744301767,5.347594127929688,5.183835850036622,3.582028017318726,5.235368356979371,4.3284441092376715,4.365278110778809
2019-05-14 09:00:00+00:00,2019-05-14 10:00:00+00:00,1.982367,57.0,5.465469000000001,1.5078768045440634,1.1489185621928346,1.1534629826493554,3.983064529556275,3.8156080218734747,2.204347011703492,3.9113091203155523,3.2118769856872564,3.096969720977784
2019-05-14 09:15:00+00:00,2019-05-14 10:15:00+00:00,1.562914,45.0,4.356078,1.1320705303362446,0.9451419381559135,0.773957731312155,2.95261177532959,2.802055807044983,1.2543428849487306,2.9653498839645387,2.3859513711242677,2.295868725708008
2019-05-14 09:30:00+00:00,2019-05-14 10:30:00+00:00,1.2950549999999998,38.0,3.556875,0.42283489419529613,0.5652329885356542,0.46422346919584173,2.3147508001327513,2.0677039718627928,0.6691823101043699,2.4971048927307127,1.741459856033325,1.9059925174713133
2019-05-14 09:45:00+00:00,2019-05-14 10:45:00+00:00,0.8722110000000001,28.0,2.82018,0.3682364584557865,0.6234447102727314,0.38071966489149434,1.677159250907898,1.3653069149780275,0.13557106369018568,1.9943498384284974,1.2840285908508302,1.4659952532577516
2019-05-14 10:00:00+00:00,2019-05-14 11:00:00+00:00,0.308895,11.0,1.982367,0.25526727947435923,0.2325139333791168,0.18877336724729293,1.077061435596466,0.6013818591995239,0.0,1.54317062200737,1.0025441259307861,1.0031151980323791
2019-05-14 10:15:00+00:00,2019-05-14 11:15:00+00:00,0.005845,1.0,1.562914,0.2557143879885338,0.2142594283686146,0.18877336724729293,0.8054689030303954,0.3132339577331542,0.0,1.4393584515109061,1.037653909172058,0.8157471875801086
2019-05-14 10:30:00+00:00,2019-05-14 11:30:00+00:00,0.0,0.0,1.2950549999999998,0.12827657654396665,0.14536719853823277,0.128434430645668,0.5301414410400389,0.07421037357330307,0.0,1.2318124900388716,0.9688035229969023,0.6158604304122923
2019-05-14 10:45:00+00:00,2019-05-14 11:45:00+00:00,0.0,0.0,0.8722110000000001,0.15060491373568102,0.12750704714676647,0.13212864795488682,0.2093739714965821,0.0,0.0,0.958932494793892,0.7803556155905724,0.3489027824745179
2019-05-14 11:00:00+00:00,2019-05-14 12:00:00+00:00,0.0,0.0,0.308895,0.06412929671397996,0.05592699458708326,0.07697028238787094,0.0,0.0,0.0,0.3917687765550613,0.35585651241660116,0.0
2019-05-14 11:15:00+00:00,2019-05-14 12:15:00+00:00,0.0,0.0,0.005845,0.0015351997365083585,0.0075312148797815085,0.0059944050042128865,0.0,0.0,0.0,0.06365744859099388,0.024705572949051856,0.0
2019-05-14 11:30:00+00:00,2019-05-14 12:30:00+00:00,0.0,0.0,0.0,0.0,0.0,0.0095144978474341,0.0,0.0,0.0,0.09020216763019562,0.029457515105605125,0.0
2019-05-14 11:45:00+00:00,2019-05-14 12:45:00+00:00,0.0,0.0,0.0,0.0,0.0,0.0095144978474341,0.0,0.0,0.0,0.08109742403030396,0.08594292402267456,0.0
2019-05-14 12:00:00+00:00,2019-05-14 13:00:00+00:00,0.0,0.0,0.0,0.0,0.010939065368173899,0.0059944050042128865,0.0,0.0,0.0,0.0,0.2698483169078827,0.0
2019-05-14 12:15:00+00:00,2019-05-14 13:15:00+00:00,0.0,0.0,0.0,0.0,0.01758939970626841,0.0095144978474341,0.0,0.0,0.0,0.019241340458393097,0.39163169264793396,0.0
2019-05-14 12:30:00+00:00,2019-05-14 13:30:00+00:00,0.0,0.0,0.0,0.0,0.010939065368173899,0.0059944050042128865,0.0,0.0,0.0,0.0,0.46218255162239075,0.0
2019-05-14 12:45:00+00:00,2019-05-14 13:45:00+00:00,0.0,0.0,0.0,0.0,0.0,0.0095144978474341,0.0,0.0,0.0,0.010597148910164833,0.3917196989059448,0.0
2019-05-14 13:00:00+00:00,2019-05-14 14:00:00+00:00,0.0,0.0,0.0,0.0,0.0,0.0095144978474341,0.0,0.0,0.0,0.0,0.5876811742782593,0.0
2019-05-14 13:15:00+00:00,2019-05-14 14:15:00+00:00,0.0,0.0,0.0,0.0,0.0,0.0095144978474341,0.0,0.0,0.0,0.008277706801891327,0.685464084148407,0.0
2019-05-14 13:30:00+00:00,2019-05-14 14:30:00+00:00,0.0,0.0,0.0,0.0,0.0,0.019041646559957708,0.0,0.0,0.0,0.03840978816151619,0.7704885005950928,0.0
2019-05-14 13:45:00+00:00,2019-05-14 14:45:00+00:00,0.0,0.0,0.0,0.0,0.013111831251921151,0.015521553716736495,0.0,0.0,0.0,0.0,0.8574091196060181,0.0
2019-05-14 14:00:00+00:00,2019-05-14 15:00:00+00:00,0.0,0.0,0.0,0.0,0.0,0.057967535982754406,0.0,0.0,0.0,0.08901089429855347,0.9297981262207031,0.0
2019-05-14 14:15:00+00:00,2019-05-14 15:15:00+00:00,0.0,0.0,0.0,0.00046648043244520813,0.013405553176552091,0.026189411595916208,0.0,0.0,0.0,0.16796579957008362,1.0662857294082642,0.0
2019-05-14 14:30:00+00:00,2019-05-14 15:30:00+00:00,0.0,0.0,0.0,0.0,0.017189738888108395,0.01694239680430778,0.0,0.0,0.0,0.13218429684638977,1.1056532859802246,0.0
2019-05-14 14:45:00+00:00,2019-05-14 15:45:00+00:00,0.0,0.0,0.0,0.0,0.017189738888108395,0.007415248091784176,0.0,0.0,0.0,0.1363147795200348,1.16860032081604,0.0
2019-05-14 15:00:00+00:00,2019-05-14 16:00:00+00:00,0.0,0.0,0.0,0.0,0.017189738888108395,0.007415248091784176,0.0,0.0,0.0,0.13355782628059387,1.2872728109359741,0.0
2019-05-14 15:15:00+00:00,2019-05-14 16:15:00+00:00,0.0,0.0,0.0,0.0005983352183427299,0.020055887514646622,0.029709504439137398,0.0,0.0,0.0,0.24934524297714233,1.3781770467758179,0.18377703428268433
2019-05-14 15:30:00+00:00,2019-05-14 16:30:00+00:00,0.0,0.0,0.0,0.014650389319430204,0.03590270159169318,0.035700205844852416,0.0,0.0,0.0,0.31101760268211365,1.3523917198181152,0.36562812328338623
2019-05-14 15:45:00+00:00,2019-05-14 16:45:00+00:00,0.0,0.0,0.0,0.01230132917644398,0.03590270159169318,0.035700205844852416,0.0,0.0,0.0,0.3963012099266052,1.369644045829773,0.5321295261383057
2019-05-14 16:00:00+00:00,2019-05-14 17:00:00+00:00,0.0,0.0,0.0,0.0126231947070242,0.020055887514646622,0.035700205844852416,0.0,0.0,0.0,0.3574327230453491,1.4343763589859009,0.5931918621063232
2019-05-14 16:15:00+00:00,2019-05-14 17:15:00+00:00,0.0,0.0,0.0,0.008458358376830724,0.020620618750650587,0.035700205844852416,0.0,0.0,0.0,0.35368844866752625,1.4620327949523926,0.6879457831382751
2019-05-14 16:30:00+00:00,2019-05-14 17:30:00+00:00,0.0,0.0,0.0,0.012221547319716952,0.020620618750650587,0.035700205844852416,0.03355488181114197,0.0,0.0,0.3738710880279541,1.4633665084838867,0.765169620513916
2019-05-14 16:45:00+00:00,2019-05-14 17:45:00+00:00,0.0,0.0,0.0,0.012491339921126679,0.013405553176552091,0.032180113001631226,0.0,0.0,0.0,0.3639962077140808,1.3961325883865356,0.6022604703903198
2019-05-14 17:00:00+00:00,2019-05-14 18:00:00+00:00,0.0,0.0,0.0,0.01208969253381943,0.013970284412556057,0.032180113001631226,0.0,0.0,0.0,0.3706396520137787,1.4651683568954468,0.6215662956237793
2019-05-14 17:15:00+00:00,2019-05-14 18:15:00+00:00,0.0,0.0,0.0,0.0126231947070242,0.020055887514646622,0.035700205844852416,0.0,0.0,0.0,0.39225080609321594,1.5489548444747925,0.8355379700660706
2019-05-14 17:30:00+00:00,2019-05-14 18:30:00+00:00,0.0,0.0,0.0,0.01230132917644398,0.03590270159169318,0.035700205844852416,0.0,0.0,0.0,0.4249909818172455,1.515166163444519,1.0327866077423096
2019-05-14 17:45:00+00:00,2019-05-14 18:45:00+00:00,0.0,0.0,0.0,0.0126231947070242,0.020055887514646622,0.035700205844852416,0.012793957255780697,0.0,0.0,0.5025467276573181,1.54985511302948,1.0631804466247559
2019-05-14 18:00:00+00:00,2019-05-14 19:00:00+00:00,0.0,0.0,0.0,0.012491339921126679,0.013405553176552091,0.032180113001631226,0.04888622835278511,0.0,0.0,0.4463425278663635,1.6512730121612549,1.1198928356170654
2019-05-14 18:15:00+00:00,2019-05-14 19:15:00+00:00,0.0,0.0,0.0,0.012491339921126679,0.013405553176552091,0.032180113001631226,0.12874533236026764,0.0,0.0,0.4555017948150635,1.6977312564849854,1.173686146736145
2019-05-14 18:30:00+00:00,2019-05-14 19:30:00+00:00,0.0,0.0,0.0,0.011390848314414209,0.020055887514646622,0.035700205844852416,0.17668457329273224,0.11172786355018616,0.0,0.4802217185497284,1.6149325370788574,1.3994251489639282
2019-05-14 18:45:00+00:00,2019-05-14 19:45:00+00:00,0.0,0.0,0.0,0.018045026996346757,0.03144746762059073,0.035700205844852416,0.33210381865501404,0.20591188967227936,0.0,0.5976285934448242,1.6195708513259888,1.5494240522384644
2019-05-14 19:00:00+00:00,2019-05-14 20:00:00+00:00,0.0,0.0,0.0,0.0,0.0,0.035700205844852416,0.45357176661491394,0.3528229594230652,0.0,0.6250694990158081,1.642468810081482,1.6285927295684814
2019-05-14 19:15:00+00:00,2019-05-14 20:15:00+00:00,0.0,0.0,0.0,0.013072710642375923,0.03144746762059073,0.035700205844852416,0.592988908290863,0.501943826675415,0.0,0.716291606426239,1.6930768489837646,1.8089498281478882
2019-05-14 19:30:00+00:00,2019-05-14 20:30:00+00:00,0.0,0.0,0.0,0.013072710642375923,0.03144746762059073,0.035700205844852416,0.7202762961387634,0.6832597255706787,0.0,0.8391091823577881,1.7266757488250732,1.97426438331604
2019-05-14 19:45:00+00:00,2019-05-14 20:45:00+00:00,0.0,0.0,0.0,0.02460151699214098,0.0421600642839358,0.035700205844852416,0.8437860608100891,0.8093456625938416,0.06617482006549835,0.9286869764328003,1.729827880859375,2.105377197265625
2019-05-14 20:00:00+00:00,2019-05-14 21:00:00+00:00,0.0,0.0,0.0,0.013072710642375923,0.05045746003391949,0.035700205844852416,0.9741258025169373,0.8489041924476624,0.2698255479335785,0.9589527249336243,1.7503902912139893,2.28014874458313
2019-05-14 20:15:00+00:00,2019-05-14 21:15:00+00:00,0.008617,0.0,0.0,0.018045026996346757,0.05045746003391949,0.035700205844852416,1.1420376300811768,0.9497689008712769,0.4251515567302704,1.071010947227478,1.8195135593414307,2.4496147632598877
2019-05-14 20:30:00+00:00,2019-05-14 21:30:00+00:00,0.215705,8.0,0.0,0.013072710642375923,0.05045746003391949,0.035700205844852416,1.3025153875350952,1.1060227155685425,0.5678313374519348,1.2140507698059082,1.9268711805343628,2.6543679237365723
2019-05-14 20:45:00+00:00,2019-05-14 21:45:00+00:00,0.639885,24.0,0.0,0.04237825939765036,0.026003136080306983,0.035700205844852416,1.4462727308273315,1.266048550605774,0.7053911685943604,1.3391218185424805,1.993328332901001,2.8487954139709473
2019-05-14 21:00:00+00:00,2019-05-14 22:00:00+00:00,1.142695,41.0,0.0,0.19126255086571828,0.2918383123398381,0.18648091624417668,1.6666197776794434,1.4516946077346802,0.9374479055404663,1.4326931238174438,2.0954627990722656,3.209777355194092
2019-05-14 21:15:00+00:00,2019-05-14 22:15:00+00:00,1.813438,65.0,0.008617,0.4684942291655342,0.557657409222798,0.47190125443491826,1.8698088687820436,1.6222247642440797,1.1054143470687867,1.562279657737732,2.200462178604126,3.4930487436218263
2019-05-14 21:30:00+00:00,2019-05-14 22:30:00+00:00,2.490797,95.0,0.215705,0.7987813717552138,0.9368431800088766,1.008361718924491,2.275961242752075,2.012180052833557,1.514147840576172,1.9186350928115845,2.47150858505249,3.942133985595703
2019-05-14 21:45:00+00:00,2019-05-14 22:45:00+00:00,3.3931410000000004,128.0,0.639885,1.4278407737525634,1.7156036755581416,1.6452194063662426,2.9020154988861084,2.883281282196045,2.1259519374465943,2.6175152576065064,3.1557581937408448,4.749564222106933
2019-05-14 22:00:00+00:00,2019-05-14 23:00:00+00:00,4.452984,166.0,1.142695,2.289347838324729,2.459862460828595,2.041218575750107,3.7367122672271726,3.94083838684082,2.9270443223190306,3.396801521606445,4.150582840270996,5.903773834533691
2019-05-14 22:15:00+00:00,2019-05-14 23:15:00+00:00,5.721188,210.0,1.813438,3.052110202198821,3.2560450290232184,3.3344773740311386,4.7651117461090085,5.1091504710083,3.965960087097168,4.373233141220092,5.1903014796142575,7.072173179901123
2019-05-14 22:30:00+00:00,2019-05-14 23:30:00+00:00,7.236032000000001,259.0,2.490797,5.059667490347136,4.988046922708868,4.901522506335853,5.817585902282715,6.402674155303956,5.089637951919556,5.412215905258179,6.25655479914856,8.166833834716797
2019-05-14 22:45:00+00:00,2019-05-14 23:45:00+00:00,7.623875,284.0,3.3931410000000004,7.391199118817127,7.42122079490705,7.373859481835929,7.140506713119507,7.966401307312012,6.488085953918457,6.723547665802002,7.616751401153564,9.514638631072998
2019-05-14 23:00:00+00:00,2019-05-15 00:00:00+00:00,10.92547,367.0,4.452984,9.122093810521033,9.44780702411474,9.386589752465683,8.777400637420655,9.52938714102173,7.948418045791626,8.401618147644044,9.314412737640382,11.067251826080323
2019-05-14 23:15:00+00:00,2019-05-15 00:15:00+00:00,11.83284,403.0,5.721188,10.897880689052483,11.479033292973535,11.52277074254922,10.405146530426025,11.129294803894043,9.634493044174194,10.023554733551025,11.128700187957763,12.690880707061767
2019-05-14 23:30:00+00:00,2019-05-15 00:30:00+00:00,13.56184,453.0,7.236032000000001,12.823676988876674,13.556994248827092,13.942786114910078,12.162218561584474,13.10139130633545,11.586719980651857,12.025595655853273,13.313822737152101,14.495332708770754
2019-05-14 23:45:00+00:00,2019-05-15 00:45:00+00:00,14.78881,493.0,7.623875,14.089245073272448,14.301635297226232,14.252493967028105,12.622592784881592,13.366177417755127,12.153122760772705,12.313842632293701,13.636136390686035,14.84829602432251
2019-05-15 00:00:00+00:00,2019-05-15 01:00:00+00:00,16.45875,544.0,10.92547,17.978091806288536,17.656154826619147,16.813228983083636,16.187107210845948,16.83621514389038,15.188851481170655,16.25091803619385,17.276170855255128,17.905717020721436
2019-05-15 00:15:00+00:00,2019-05-15 01:15:00+00:00,18.09675,595.0,11.83284,18.99706868843945,18.606902549000388,17.720838136719266,17.072735343780515,17.78257278045654,15.992195640411376,17.273936782684324,18.223988090362546,18.535034213867185
2019-05-15 00:30:00+00:00,2019-05-15 01:30:00+00:00,17.930941,602.0,13.56184,19.722707695173188,19.931768101156955,18.59235313726813,18.630208434906006,19.330897273864746,17.557207527008057,18.88081258758545,19.58437532409668,19.71751445755005
2019-05-15 00:45:00+00:00,2019-05-15 01:45:00+00:00,17.306629,588.0,14.78881,20.386912039243818,21.091009624871052,18.838176684523486,19.562200769958494,20.19674228149414,18.65429829078674,19.73147128540039,20.16195701080322,20.382295355377195
2019-05-15 01:00:00+00:00,2019-05-15 02:00:00+00:00,20.488119,672.0,16.45875,22.426101314549637,23.08192375001826,20.4803839575436,21.122837772369383,21.669296493530272,19.644971599578856,21.487481822967528,21.65208219528198,21.590917816162108
2019-05-15 01:15:00+00:00,2019-05-15 02:15:00+00:00,21.41869,688.0,18.09675,24.77237304083822,24.766907312333423,22.693346491416992,22.29891464996338,22.84466431427002,20.791376569747925,22.726034381866455,22.35850546646118,22.470673301696777
2019-05-15 01:30:00+00:00,2019-05-15 02:30:00+00:00,23.128441,766.0,17.930941,25.199527441657725,24.908701417065856,23.065362006053675,21.48260058404541,22.193788423553467,20.275643005386353,21.952615633026124,20.94862259866333,21.495680227294923
2019-05-15 01:45:00+00:00,2019-05-15 02:45:00+00:00,21.91744,779.0,17.306629,24.96844390916599,24.20553165314694,22.245570948178862,20.20246845274353,21.358887491516114,19.361874876312257,20.81281786947632,19.338944254211427,20.358955917648316
2019-05-15 02:00:00+00:00,2019-05-15 03:00:00+00:00,23.421129,784.0,20.488119,25.22030909392252,23.53831597406061,21.989120318857296,22.316723817390443,23.607666843933107,21.59071909765625,23.08754598478699,21.63454567770386,22.59907352308655
2019-05-15 02:15:00+00:00,2019-05-15 03:15:00+00:00,22.928499,753.0,21.41869,26.041188851435347,24.595831124636042,22.573875473262273,23.05467668575287,24.228806052627565,22.443267260017397,22.93395737213135,22.18853751224518,22.73506513637543
2019-05-15 02:30:00+00:00,2019-05-15 03:30:00+00:00,22.999809,784.0,23.128441,26.89618181344435,25.569283622825843,23.231487743221603,23.81305202247238,24.855092668548583,23.3409773945961,23.535547071710585,22.629518860593794,23.85259344579315
2019-05-15 02:45:00+00:00,2019-05-15 03:45:00+00:00,22.480499,844.0,21.91744,25.80320617405788,24.085633390394584,22.443136501541016,22.05224733335018,22.94888884109497,21.844557265760898,21.246288242759704,20.5490682749176,21.66108960193634
2019-05-15 03:00:00+00:00,2019-05-15 04:00:00+00:00,16.047501,448.0,23.421129,25.433865810285067,24.754616502339132,22.856292921107094,23.52976194452429,24.013266694358826,23.02446539383316,22.58581818323517,21.803319108299256,21.989784371665955
2019-05-15 03:15:00+00:00,2019-05-15 04:15:00+00:00,24.356939,884.0,22.928499,26.419834194300297,24.279428916914117,22.92060442624914,22.519143031763075,23.022724615262984,21.984837906288146,21.603432433532713,20.503303306030272,21.17469562761688
2019-05-15 03:30:00+00:00,2019-05-15 04:30:00+00:00,19.90975,622.0,22.999809,25.681459110631206,23.57469610584446,21.789672745454606,22.213869008525847,22.33162734220886,21.70878479193115,20.890339824661254,19.63295552442932,20.504698011383056
2019-05-15 03:45:00+00:00,2019-05-15 04:45:00+00:00,19.232941,593.0,22.480499,23.879627353469168,21.020019468778507,20.706794063292232,21.058070868896483,20.909175486015318,20.6505315012207,19.699794263290404,18.300188273834227,19.100937575744627
2019-05-15 04:00:00+00:00,2019-05-15 05:00:00+00:00,18.582809,574.0,16.047501,19.60646674489292,20.527225047631823,17.411303069728312,14.657654198242188,15.564279707504273,14.580772431922913,14.593779953552247,13.220170649124146,13.830808075500489
2019-05-15 04:15:00+00:00,2019-05-15 05:15:00+00:00,13.58306,379.0,24.356939,23.809480421012537,22.19600170648,20.60947339033269,21.36554734121704,20.794263285507203,20.596920651306153,21.05825130354309,19.191014927734376,20.56673852812195
2019-05-15 04:30:00+00:00,2019-05-15 05:30:00+00:00,15.30988,458.0,19.90975,21.430847035697887,20.938169552112768,17.3497740160805,16.707923904418944,15.753120914459227,15.719851509094237,16.68564702606201,14.716096893310546,15.81308843231201
2019-05-15 04:45:00+00:00,2019-05-15 05:45:00+00:00,20.9615,709.0,19.232941,19.123950130268053,19.297069387595965,17.052388719064403,15.86157950593567,14.7046526355896,14.81310400201416,15.746289817825318,13.943548528686524,14.907660333648682
2019-05-15 05:00:00+00:00,2019-05-15 06:00:00+00:00,16.44256,561.0,18.582809,18.80381123060958,17.72233944550964,17.777698150179425,14.86457946775818,13.200365095123292,13.875684289916993,14.533581285461427,12.799285440429689,13.488468198760987
2019-05-15 05:15:00+00:00,2019-05-15 06:15:00+00:00,20.5905,681.0,13.58306,14.8521858041415,16.21542624130131,16.20481884979107,10.463112089691162,9.62949154144287,9.617019627151489,10.2320017552948,8.793201658782959,9.38060638671875
2019-05-15 05:30:00+00:00,2019-05-15 06:30:00+00:00,20.037939,609.0,15.30988,15.781447328653694,14.97205673483467,15.647928129972366,12.064211350326538,10.824554186706543,11.030882101898193,11.251100760345459,9.838052969818115,10.69366620147705
2019-05-15 05:45:00+00:00,2019-05-15 06:45:00+00:00,18.98925,627.0,20.9615,15.754908257138023,17.04356517554745,15.788598777753664,17.24152166748047,14.415428470611573,15.853365253448487,15.356791805267335,13.888835262298585,15.080088447570802
2019-05-15 06:00:00+00:00,2019-05-15 07:00:00+00:00,19.056629,585.0,16.44256,16.17054983321826,16.09975750646376,15.974717954713649,12.820881886062622,10.486156744537354,11.347246450958252,11.18515090423584,9.845763010559082,10.89399747329712
2019-05-15 06:15:00+00:00,2019-05-15 07:15:00+00:00,18.33869,553.0,20.5905,15.29846775699648,14.474055170464576,14.505197098288592,16.212398651123046,13.596248748779296,14.788480880737303,14.460578086853026,13.284993770599364,14.173224571228026
2019-05-15 06:30:00+00:00,2019-05-15 07:30:00+00:00,12.38059,367.0,20.037939,13.516010303789852,13.421528480423069,13.345655213912217,15.543728756774904,12.947615074981691,14.110691952575685,13.72705023275757,12.790675091613771,13.371064591278078
2019-05-15 06:45:00+00:00,2019-05-15 07:45:00+00:00,11.20219,334.0,18.98925,13.330496294891974,12.790818580506093,12.98308919528345,14.304962451934813,11.759546096801756,12.811784084320067,12.552194889068602,11.726011093139647,12.019364173889159
2019-05-15 07:00:00+00:00,2019-05-15 08:00:00+00:00,7.338844,229.0,19.056629,11.898728241652211,11.583045576621544,10.84083198450313,14.005585012725831,11.684112844757081,12.958841619781495,11.881067095092774,11.43911248236084,11.902237234405519
2019-05-15 07:15:00+00:00,2019-05-15 08:15:00+00:00,7.148860000000001,215.0,18.33869,11.904475784723267,11.277682167786171,10.611172965053363,13.287621694030761,10.881923394622802,12.057413773956299,11.232771115722656,11.090421395721435,11.054248052062988
2019-05-15 07:30:00+00:00,2019-05-15 08:30:00+00:00,6.142828,181.0,12.38059,8.493531080682473,8.296183099285944,9.317612076206665,7.887230911102295,6.1639709852600095,6.515068092193603,6.157002010192871,6.16406635269165,5.898165740814209
2019-05-15 07:45:00+00:00,2019-05-15 08:45:00+00:00,6.214906,181.0,11.20219,5.843438656938468,5.9130628564391285,6.302091451402279,6.949746209564209,5.5077944578552245,5.613973695220947,5.169187623443603,5.124729710998535,5.202965814056396
2019-05-15 08:00:00+00:00,2019-05-15 09:00:00+00:00,4.850344000000001,142.0,7.338844,3.795218408396406,4.392202926877217,4.580301608181119,3.514289795059204,2.557653127807617,2.3171150075378417,1.7794939862670898,1.831402479309082,1.8386971341552734
2019-05-15 08:15:00+00:00,2019-05-15 09:15:00+00:00,3.603031,106.0,7.148860000000001,3.3814502004108955,3.7881217879707956,4.108652805162255,3.6278743966674813,2.51234056793213,2.2852368577575692,1.8291306718444833,2.03293850265503,1.976459525451661
2019-05-15 08:30:00+00:00,2019-05-15 09:30:00+00:00,3.66625,108.0,6.142828,2.7014094000811117,2.9937050947627086,3.3412059751281715,2.924640191009521,1.8960013512878415,1.4982118729858396,1.185412419250488,1.5598917130737302,1.3968815926818845
2019-05-15 08:45:00+00:00,2019-05-15 09:45:00+00:00,2.453719,74.0,6.214906,2.1746916366544733,2.5791113716163188,2.585901734980231,3.1226494539794922,1.9715974558410645,1.606333993774414,1.3714363802490235,1.8352606524047852,1.6890428293762207
2019-05-15 09:00:00+00:00,2019-05-15 10:00:00+00:00,2.037984,60.0,4.850344000000001,1.5590241225461654,1.3760514583732562,1.2894787204045817,2.031161127227784,1.1269567586364753,0.5845325566711432,0.08386784567260808,0.7190888501586921,0.435237703460694
2019-05-15 09:15:00+00:00,2019-05-15 10:15:00+00:00,1.483563,45.0,3.603031,0.7826131609067866,0.7392366072003564,0.8406280929316257,1.1099737490234376,0.1875658834991456,0.0,0.0,0.0,0.0
2019-05-15 09:30:00+00:00,2019-05-15 10:30:00+00:00,1.060664,33.0,3.66625,0.639640110427867,0.6418087103621662,0.6814440684283066,1.3745477294921873,0.7131683921813963,0.0,0.0,0.46495223999023416,0.07519269943237283
2019-05-15 09:45:00+00:00,2019-05-15 10:45:00+00:00,0.729928,22.0,2.453719,0.36272459474111474,0.505315719821378,0.5829601725511785,0.47842262186431883,0.0,0.0,0.0,0.0,0.0
2019-05-15 10:00:00+00:00,2019-05-15 11:00:00+00:00,0.870598,27.0,2.037984,0.29323463963844765,0.2645825933514368,0.383563040941932,0.28396307066345194,0.0,0.0,0.0,0.0,0.0
2019-05-15 10:15:00+00:00,2019-05-15 11:15:00+00:00,0.183695,6.0,1.483563,0.29933586166428316,0.2645825933514368,0.3785883025470849,0.05896049145507809,0.0357152760391235,0.0,0.0,0.0,0.0
2019-05-15 10:30:00+00:00,2019-05-15 11:30:00+00:00,0.0,0.0,1.060664,0.19912025347015164,0.1777041051222538,0.13576563265712008,0.0,0.0,0.0,0.0,0.0,0.0
2019-05-15 10:45:00+00:00,2019-05-15 11:45:00+00:00,0.0,0.0,0.729928,0.1668408843687669,0.17598702170537914,0.3207268469908628,0.0,0.0,0.0,0.0,0.0,0.0
2019-05-15 11:00:00+00:00,2019-05-15 12:00:00+00:00,0.0,0.0,0.870598,0.1807858297151015,0.14243094319069266,0.10349565358235327,0.0,0.06664035887527464,0.0,0.0,0.0,0.0
2019-05-15 11:15:00+00:00,2019-05-15 12:15:00+00:00,0.0,0.0,0.183695,0.13283404713672833,0.085099327528884,0.07779524814942265,0.0,0.0,0.0,0.0,0.0,0.0
2019-05-15 11:30:00+00:00,2019-05-15 12:30:00+00:00,0.0,0.0,0.0,0.04750085216527542,0.03498151895405335,0.006812723584855199,0.0,0.0,0.0,0.0,0.0,0.0
2019-05-15 11:45:00+00:00,2019-05-15 12:45:00+00:00,0.0,0.0,0.0,0.023744008431517805,0.0,0.04753370487889749,0.0,0.0,0.0,0.0,0.0,0.0
2019-05-15 12:00:00+00:00,2019-05-15 13:00:00+00:00,0.0,0.0,0.0,0.027908844761711286,0.0,0.025035314796526965,0.0,0.0,0.0,0.0,0.0959785059094429,0.0
2019-05-15 12:15:00+00:00,2019-05-15 13:15:00+00:00,0.0,0.0,0.0,0.01883581315356904,0.0,0.01933131120424647,0.0,0.0,0.0,0.0,0.33909323811531067,0.0
2019-05-15 12:30:00+00:00,2019-05-15 13:30:00+00:00,0.0,0.0,0.0,0.027507197374404036,0.031222968596463993,0.025035314796526965,0.0,0.0,0.0,0.0,0.5053054690361023,0.0
2019-05-15 12:45:00+00:00,2019-05-15 13:45:00+00:00,0.0,0.0,0.0,0.022599002096455274,0.031222968596463993,0.01933131120424647,0.0,0.0,0.0,0.0,0.6471952199935913,0.0
2019-05-15 13:00:00+00:00,2019-05-15 14:00:00+00:00,0.0,0.0,0.0,0.002708228589747551,0.015399086667970654,0.016495451636925673,0.0,0.0,0.0,0.0,0.938942015171051,0.0
2019-05-15 13:15:00+00:00,2019-05-15 14:15:00+00:00,0.0,0.0,0.0,0.01360043539014051,0.023822093682858633,0.0,0.044107675552368164,0.0,0.0,0.0,1.1616919040679932,0.0
2019-05-15 13:30:00+00:00,2019-05-15 14:30:00+00:00,0.0,0.0,0.0,0.0,0.0,0.02001554448014687,0.15975379943847656,0.0,0.0,0.0,0.9818975925445557,0.12705954909324646
2019-05-15 13:45:00+00:00,2019-05-15 14:45:00+00:00,0.0,0.0,0.0,0.00166705452240588,0.02204942100606519,0.02001554448014687,0.30084124207496643,0.0,0.0,0.0,1.0961666107177734,0.27839457988739014
2019-05-15 14:00:00+00:00,2019-05-15 15:00:00+00:00,0.0,0.0,0.0,0.0,0.0,0.052155171424154,0.3295287489891052,0.0,0.0,0.0,1.4779726266860962,0.25817176699638367
2019-05-15 14:15:00+00:00,2019-05-15 15:15:00+00:00,0.0,0.0,0.0,0.0015351997365083585,0.02047702581489693,0.052155171424154,0.4026637673377991,0.0,0.0,0.0,1.6660840511322021,0.3484043776988983
2019-05-15 14:30:00+00:00,2019-05-15 15:30:00+00:00,0.0,0.0,0.0,0.0015351997365083585,0.02047702581489693,0.014650125088928564,0.4660075902938843,0.0,0.0,0.0,1.7070814371109009,0.4722396731376648
2019-05-15 14:45:00+00:00,2019-05-15 15:45:00+00:00,0.0,0.0,0.0,0.0015351997365083585,0.02047702581489693,0.014650125088928564,0.5305184721946716,0.0,0.0,0.0,1.7584868669509888,0.5824711918830872
2019-05-15 15:00:00+00:00,2019-05-15 16:00:00+00:00,0.0,0.0,0.0,0.00166705452240588,0.038065248836233696,0.018170217932149763,0.5814619064331055,0.0,0.0,0.0,1.9915088415145874,0.5706546306610107
2019-05-15 15:15:00+00:00,2019-05-15 16:15:00+00:00,0.0,0.0,0.0,0.0,0.031414914498139164,0.014650125088928564,0.5035436153411865,0.0,0.0,0.0,2.0899856090545654,0.47319746017456055
2019-05-15 15:30:00+00:00,2019-05-15 16:30:00+00:00,0.0,0.0,0.0,0.0015351997365083585,0.031414914498139164,0.014650125088928564,0.5508900880813599,0.0,0.0,0.0,2.131866216659546,0.5273952484130859
2019-05-15 15:45:00+00:00,2019-05-15 16:45:00+00:00,0.0,0.0,0.0,0.0015351997365083585,0.031414914498139164,0.014650125088928564,0.5578669905662537,0.0,0.0,0.0,2.1481759548187256,0.566510796546936
2019-05-15 16:00:00+00:00,2019-05-15 17:00:00+00:00,0.0,0.0,0.0,0.0,0.013781888399716016,0.007415248091784176,0.5699978470802307,0.0,0.0,0.0,2.1418280601501465,0.49209460616111755
2019-05-15 16:15:00+00:00,2019-05-15 17:15:00+00:00,0.0,0.0,0.0,0.0,0.02043222273781053,0.010935340935005375,0.6219651699066162,0.0,0.0,0.0,2.0966012477874756,0.5881335139274597
2019-05-15 16:30:00+00:00,2019-05-15 17:30:00+00:00,0.0,0.0,0.0,0.0015351997365083585,0.013781888399716016,0.007415248091784176,0.5862741470336914,0.0,0.0,0.0,2.1178014278411865,0.5705692172050476
2019-05-15 16:45:00+00:00,2019-05-15 17:45:00+00:00,0.0,0.0,0.0,0.00166705452240588,0.02043222273781053,0.010935340935005375,0.5843192338943481,0.0,0.0,0.0,2.090414524078369,0.6036459803581238
2019-05-15 17:00:00+00:00,2019-05-15 18:00:00+00:00,0.0,0.0,0.0,0.0,0.02301490285534793,0.010935340935005375,0.6146183013916016,0.0,0.0,0.0,1.9118064641952515,0.72026526927948
2019-05-15 17:15:00+00:00,2019-05-15 18:15:00+00:00,0.0,0.0,0.0,0.0,0.0,0.02046248964752897,0.6073590517044067,0.0,0.0,0.0,1.8269935846328735,0.7482190132141113
2019-05-15 17:30:00+00:00,2019-05-15 18:30:00+00:00,0.0,0.0,0.0,0.0014494985410016992,0.035077531220838176,0.029709504439137398,0.6506306529045105,0.0,0.0,0.0,1.8222646713256836,0.8045285940170288
2019-05-15 17:45:00+00:00,2019-05-15 18:45:00+00:00,0.0,0.0,0.0,0.006302722397790122,0.035077531220838176,0.029709504439137398,0.7624000310897827,0.0,0.0,0.01977904699742794,1.8008437156677246,0.9312721490859985
2019-05-15 18:00:00+00:00,2019-05-15 19:00:00+00:00,0.0,0.0,0.0,0.0005983352183427299,0.24165189655901823,0.04887053110310825,0.8849647045135498,0.0,0.0,0.1143411174416542,1.9274801015853882,1.1039819717407227
2019-05-15 18:15:00+00:00,2019-05-15 19:15:00+00:00,0.0,0.0,0.0,0.009309521699489691,0.25304347666496235,0.05486123250882327,0.8706164360046387,0.0,0.0,0.11492137610912323,1.8935837745666504,1.2199040651321411
2019-05-15 18:30:00+00:00,2019-05-15 19:30:00+00:00,0.0,0.0,0.0,0.013072710642375923,0.25304347666496235,0.05486123250882327,0.9722030162811279,0.0,0.0,0.13767313957214355,1.9472473859786987,1.3772281408309937
2019-05-15 18:45:00+00:00,2019-05-15 19:45:00+00:00,0.0,0.0,0.0,0.0014494985410016992,0.2574987106360648,0.04887053110310825,1.0714956521987915,0.0,0.0,0.15462355315685272,1.9740877151489258,1.5019184350967407
2019-05-15 19:00:00+00:00,2019-05-15 20:00:00+00:00,0.0,0.0,0.0,0.010989200927106956,0.02126857885631516,0.05486123250882327,1.1848012208938599,0.0,0.0,0.19357576966285706,2.0685153007507324,1.7050588130950928
2019-05-15 19:15:00+00:00,2019-05-15 20:15:00+00:00,0.0,0.0,0.0,0.013072710642375923,0.03314623384895783,0.05486123250882327,1.3487324714660645,0.03625569865107536,0.0,0.21972186863422394,2.1620969772338867,1.9388185739517212
2019-05-15 19:30:00+00:00,2019-05-15 20:30:00+00:00,0.0,0.0,0.0,0.002223882443441471,0.03314623384895783,0.04887053110310825,1.5049511194229126,0.15907207131385803,0.0,0.2786019444465637,2.2916011810302734,2.17191743850708
2019-05-15 19:45:00+00:00,2019-05-15 20:45:00+00:00,0.0,0.0,0.0,0.06142997941397611,0.04828633586539579,0.04937486718849444,1.6436628103256226,0.21499401330947876,0.0,0.37607353925704956,2.3462672233581543,2.324012279510498
2019-05-15 20:00:00+00:00,2019-05-15 21:00:00+00:00,0.0,0.0,0.0,0.010989200927106956,0.04368642175803629,0.05486123250882327,1.693251132965088,0.31210240721702576,0.0,0.5123909711837769,2.421828508377075,2.4046521186828613
2019-05-15 20:15:00+00:00,2019-05-15 21:15:00+00:00,0.0,1.0,0.0,0.0,0.04368642175803629,0.04887053110310825,1.780436635017395,0.37521475553512573,0.0,0.6118053197860718,2.467658519744873,2.538543462753296
2019-05-15 20:30:00+00:00,2019-05-15 21:30:00+00:00,0.318965,11.0,0.0,0.04940511992529463,0.051694186353788175,0.04338416578277942,1.9205502271652222,0.4728093147277832,0.056293632835149765,0.7059395909309387,2.5641262531280518,2.736978054046631
2019-05-15 20:45:00+00:00,2019-05-15 21:45:00+00:00,0.680299,24.0,0.0,0.04364385044342268,0.05556407675067897,0.04887053110310825,2.017731189727783,0.5402031540870667,0.21980179846286774,0.843711256980896,2.6221017837524414,2.8757755756378174
2019-05-15 21:00:00+00:00,2019-05-15 22:00:00+00:00,1.216223,41.0,0.0,0.17923769137703677,0.06081503372493305,0.15749448888510043,2.136064291000366,0.6172779202461243,0.36976686120033264,0.9614627957344055,2.684798240661621,3.0293450355529785
2019-05-15 21:15:00+00:00,2019-05-15 22:15:00+00:00,1.722793,58.0,0.0,0.42815409972605645,0.25965908492646533,0.442914827075842,2.218010187149048,0.715502142906189,0.47975459694862366,1.0810766220092773,2.7663910388946533,3.2140793800354004
2019-05-15 21:30:00+00:00,2019-05-15 22:30:00+00:00,2.721961,88.0,0.318965,0.7620400224828953,0.6902615982861914,0.8834227870388301,2.661454719390869,1.1681469500923156,0.8959275306129455,1.5637340963745117,3.1853464067840576,3.7984233320617675
2019-05-15 21:45:00+00:00,2019-05-15 22:45:00+00:00,2.876235,93.0,0.680299,1.4166338329333785,1.4927544870870348,1.6869608530570508,3.2243802110900877,1.5605004589309692,1.5180533091773987,2.0995224277725217,3.625670389389038,4.39594669744873
2019-05-15 22:00:00+00:00,2019-05-15 23:00:00+00:00,4.44325,145.0,1.216223,2.28849667500207,1.979250990099785,2.0045816123376192,4.105238913009644,2.2881131157379153,2.3304507717590335,2.921428082893372,4.391639946411133,5.354120968292237
2019-05-15 22:15:00+00:00,2019-05-15 23:15:00+00:00,6.251328,225.0,1.722793,3.0512590388761622,2.780021878035729,3.507408448976082,4.831055300491333,3.0031327178649905,3.1765178611450198,3.736755268829346,5.1029838493041995,6.202418225067139
2019-05-15 22:30:00+00:00,2019-05-15 23:30:00+00:00,7.549282000000001,257.0,2.721961,5.287262416029441,4.63504467222458,5.785133157483793,6.081775882278443,4.342304565940857,4.486427404914856,5.054102160964966,6.348368146453858,7.632564523254395
2019-05-15 22:45:00+00:00,2019-05-15 23:45:00+00:00,5.970672,185.0,2.876235,6.39158624177568,5.9113804581154135,7.198517642091279,6.377809277877807,4.82561277519226,4.919085971221923,5.467752448425292,6.634367934570312,8.027570716247558
2019-05-15 23:00:00+00:00,2019-05-16 00:00:00+00:00,8.934188,310.0,4.44325,9.322091927461992,8.89768439230562,9.776889346897269,8.354368984222411,6.82503825378418,6.747050106048584,7.60250121307373,8.417727291107177,9.740235626220702
2019-05-15 23:15:00+00:00,2019-05-16 00:15:00+00:00,10.56803,354.0,6.251328,11.54885477755283,11.337113131149824,12.452174643995809,10.447988518646241,9.13912416355896,8.67035580532837,9.923127659729005,10.6036548699646,11.562364586761475
2019-05-15 23:30:00+00:00,2019-05-16 00:30:00+00:00,11.52069,392.0,7.549282000000001,12.744888342961561,12.875650820107237,14.151912912488966,11.713067934448244,11.065813467437746,9.786217853958131,11.693636820251466,12.287534162933351,12.907238886291506
2019-05-15 23:45:00+00:00,2019-05-16 00:45:00+00:00,14.66194,535.0,5.970672,9.616967283535061,9.692470159657983,11.50085781448601,10.214962828704834,9.450173008987427,8.531466591903687,9.87536989505005,10.681933749267579,11.173734534332276
2019-05-16 00:00:00+00:00,2019-05-16 01:00:00+00:00,19.488001,684.0,8.934188,16.384937161137344,13.921289849664786,14.713250689920164,13.406785599029542,12.958781353271485,11.623565784729005,13.015328518188477,14.231800190246583,14.0778647578125
2019-05-16 00:15:00+00:00,2019-05-16 01:15:00+00:00,16.78294,551.0,10.56803,16.302656510889786,14.073194645082584,15.11967606116882,15.11879551437378,14.913483262329102,13.542041898040772,14.792894482879639,16.063378930358887,15.452382207183838
2019-05-16 00:30:00+00:00,2019-05-16 01:30:00+00:00,19.13669,639.0,11.52069,18.79901465283628,17.006606960222808,17.368284546493413,16.095639741363527,16.2966328024292,14.651320016326904,15.874145543518067,17.047454392852785,16.123830830993654
2019-05-16 00:45:00+00:00,2019-05-16 01:45:00+00:00,16.781191,598.0,14.66194,21.21872657993197,17.93242192729424,17.33175428672716,18.928913972320558,19.413624188842775,17.981877229156495,18.405840060653688,19.66187705749512,18.961777589263917
2019-05-16 01:00:00+00:00,2019-05-16 02:00:00+00:00,24.148689,918.0,19.488001,22.231941364878484,20.443402647379475,19.52968436293864,23.448952566696168,23.680639397216797,22.925157677246094,22.808160912109376,23.570546280456544,22.825177084518433
2019-05-16 01:15:00+00:00,2019-05-16 02:15:00+00:00,19.54706,692.0,16.78294,24.58280702382554,21.946685077036175,22.09005464315532,20.668637603225708,21.449680894317627,20.540213197174072,20.658110469284058,20.80626353591919,19.89376649230957
2019-05-16 01:30:00+00:00,2019-05-16 02:30:00+00:00,19.27581,715.0,19.13669,24.69468476670775,22.086280657864403,22.131898253584964,22.721065858306886,23.028645614089967,23.174230435791017,22.12726698249817,22.364055255355836,21.798523286285402
2019-05-16 01:45:00+00:00,2019-05-16 02:45:00+00:00,22.03731,768.0,16.781191,25.09237310207603,22.471356630117135,22.558259039399786,20.135057815567016,20.945358404174804,21.059358724609375,19.865487703338623,19.429014810577392,19.043142446533203
2019-05-16 02:00:00+00:00,2019-05-16 03:00:00+00:00,22.62925,773.0,24.148689,27.64070320200947,26.704356562703893,26.509759651539824,26.5348932427063,27.417516438354493,27.57615038572693,26.735009400238038,25.834882466186524,25.83106455027008
2019-05-16 02:15:00+00:00,2019-05-16 03:15:00+00:00,26.26313,964.0,19.54706,25.875639704256802,24.134367781048688,24.359341944930645,21.748105274734495,22.94278477340698,22.83612202316284,22.242676006851195,21.370871173439024,21.1810155978775
2019-05-16 02:30:00+00:00,2019-05-16 03:30:00+00:00,23.9855,827.0,19.27581,25.400876704524663,23.995546859792633,24.15209507501684,21.097103354034424,22.38343095451355,22.1687645879364,21.551031347808838,20.415006634292602,20.572076317367554
2019-05-16 02:45:00+00:00,2019-05-16 03:45:00+00:00,22.547001,766.0,22.03731,26.59262615922361,24.319853600286667,25.230929281662494,23.314366574821474,24.487084503707887,24.461981888351442,23.198894854125978,22.08106109821558,22.778934593734743
2019-05-16 03:00:00+00:00,2019-05-16 04:00:00+00:00,23.563311,788.0,22.62925,27.35468177040173,25.10320786287468,25.034803229490343,23.42293507862091,24.604069540977477,24.4895958404541,23.44332219171524,22.47686333465576,23.127543370008468
2019-05-16 03:15:00+00:00,2019-05-16 04:15:00+00:00,22.392559,738.0,26.26313,26.67701584608141,25.312482537577647,25.261524756777376,25.903557231788636,26.817776730422974,27.437184861068726,25.78032903945923,24.558664372329712,25.69820081270218
2019-05-16 03:30:00+00:00,2019-05-16 04:30:00+00:00,24.978189,838.0,23.9855,26.724330960726824,25.039360589391546,24.505837050786877,22.88398232269287,24.154870651245115,24.885030708789824,23.13114251899719,22.412644169807432,23.17275115060806
2019-05-16 03:45:00+00:00,2019-05-16 04:45:00+00:00,26.02994,872.0,22.547001,25.24980559886547,23.28668047549453,23.753402867444922,20.526083107543947,22.201139177633287,23.172652955604555,21.62890493447876,20.467571611953737,21.319967742515566
2019-05-16 04:00:00+00:00,2019-05-16 05:00:00+00:00,27.402809,929.0,23.563311,24.02047848228988,19.74119949488381,19.89178949581199,20.594437260757445,21.225314993988036,23.643066179584025,21.712489981781005,20.29520406259155,21.15664376748657
2019-05-16 04:15:00+00:00,2019-05-16 05:15:00+00:00,24.758129,837.0,22.392559,22.986359964484794,17.818014039808308,18.9551592115269,19.05552024458313,18.67525262449646,22.286518298729895,20.163011260971068,18.749137350067137,19.561969467147826
2019-05-16 04:30:00+00:00,2019-05-16 05:30:00+00:00,25.857559,844.0,24.978189,24.458447490383197,19.99098484847689,19.367444723670864,20.883022793640137,19.741968640197754,24.25605846296692,22.053484686721802,20.05576468359375,21.414621123184205
2019-05-16 04:45:00+00:00,2019-05-16 05:45:00+00:00,24.69206,768.0,26.02994,24.254593864045468,19.63368994859076,19.583706976669486,21.48768459838867,20.0465735105896,24.98036634010315,22.270830979766846,20.169796815338135,21.541169038238525
2019-05-16 05:00:00+00:00,2019-05-16 06:00:00+00:00,24.409,772.0,27.402809,24.54480062131465,20.523202699575272,20.807016056540014,22.312328195556642,20.67580876348877,25.776245450958253,22.640577650054933,20.91448531149292,22.030472135528566
2019-05-16 05:15:00+00:00,2019-05-16 06:15:00+00:00,22.873369,729.0,24.758129,21.76785170637172,18.728108492366022,18.846591126504002,19.77336919241333,18.13426244192505,23.058367013267517,19.75499474935913,18.408404230407715,18.910766004852295
2019-05-16 05:30:00+00:00,2019-05-16 06:30:00+00:00,20.429939,631.0,25.857559,22.51741474853916,20.24411975396852,18.78950384566017,20.672769342407225,19.065085206970213,23.933270131095885,20.41108873937988,19.068561826690672,19.608125482543944
2019-05-16 05:45:00+00:00,2019-05-16 06:45:00+00:00,19.50769,602.0,24.69206,19.86821590700044,18.353317263896006,17.49833738339774,19.543197638092042,18.106477743682863,22.46362448364258,19.19023991256714,17.970987803039552,18.247970110473634
2019-05-16 06:00:00+00:00,2019-05-16 07:00:00+00:00,18.56925,573.0,24.409,19.762689762323838,18.167394053687943,17.160932245573974,18.89082153701782,17.424705108642577,21.74227269554138,18.094300350189208,16.82623871231079,17.462332805633544
2019-05-16 06:15:00+00:00,2019-05-16 07:15:00+00:00,18.080999,549.0,22.873369,18.89491074780563,16.862135745414076,16.787480397228684,17.16264130834961,15.894843838256836,19.42665245298767,16.252671501678467,15.102069160980225,15.865486404937744
2019-05-16 06:30:00+00:00,2019-05-16 07:30:00+00:00,10.75944,332.0,20.429939,15.158876776404853,13.475570894888767,13.309380103248357,14.719938008178712,13.674788681854249,14.30553123175049,13.792819229949952,12.894739834655763,13.493163315643312
2019-05-16 06:45:00+00:00,2019-05-16 07:45:00+00:00,9.355062,279.0,19.50769,14.24344895520321,13.087704427043917,13.03808273083484,13.770182656707764,12.806333112182617,13.262695836486817,12.727699803771973,11.978176164093018,12.512116002502442
2019-05-16 07:00:00+00:00,2019-05-16 08:00:00+00:00,11.20634,335.0,18.56925,12.337012344418541,11.942676444447283,11.352977144361924,12.81723345565796,11.917491806030274,12.330818069458008,11.567491424560547,10.988299263000489,11.550642860412598
2019-05-16 07:15:00+00:00,2019-05-16 08:15:00+00:00,10.99591,325.0,18.080999,11.882221679296803,11.383531032997757,10.347565981586467,12.453160388397215,11.42977724783325,11.98774204962158,11.139165980743407,10.721085174011229,11.007817847656248
2019-05-16 07:30:00+00:00,2019-05-16 08:30:00+00:00,10.10909,290.0,10.75944,6.544619266749186,6.193992305733793,6.302221730744668,5.713892514648437,5.371480996551513,5.276205117645263,4.607419545593261,4.370864922943115,4.8953767370605465
2019-05-16 07:45:00+00:00,2019-05-16 08:45:00+00:00,6.849609,205.0,9.355062,5.62025845345146,7.355696414178609,6.404789238794312,4.807311526977539,4.643595687591553,4.232305995666504,3.8021988789672854,3.511226646148682,4.200729362213135
2019-05-16 08:00:00+00:00,2019-05-16 09:00:00+00:00,6.188219,177.0,11.20634,4.859507626582181,4.50033641238973,3.436182038733393,6.735698863830567,6.379429504241944,6.082414790954591,5.397474929656983,5.044629260864259,6.120557472076417
2019-05-16 08:15:00+00:00,2019-05-16 09:15:00+00:00,5.007625,148.0,10.99591,4.474383350308281,4.088202587238055,3.3769323983874346,6.552029441986084,6.4119871369934085,5.766101192626953,5.356099914703369,5.146574329528809,6.157583069000244
2019-05-16 08:30:00+00:00,2019-05-16 09:30:00+00:00,4.438656,129.0,10.10909,2.9287318645624807,2.647469556581422,1.9515474970396545,5.856506973114014,5.681675105895996,5.029881625976563,4.361289172973633,4.307898670043945,5.575411468353272
2019-05-16 08:45:00+00:00,2019-05-16 09:45:00+00:00,3.563273,102.0,6.849609,2.023546628435319,1.7940259980426367,1.1868053289745975,3.0771652286376954,3.256107193740845,2.1528445308532715,1.5970045154418946,1.6563683574523926,2.9165345256652833
2019-05-16 09:00:00+00:00,2019-05-16 10:00:00+00:00,3.179477,92.0,6.188219,1.8616982121539578,1.655951673340589,1.560084921704039,2.9072932492675783,3.132263828414917,1.917358804840088,1.0897912274780275,1.476978231567383,2.7029525529327394
2019-05-16 09:15:00+00:00,2019-05-16 10:15:00+00:00,2.0456950000000003,58.0,5.007625,1.1551819143698807,1.2330416303593759,0.9668239234417472,2.251183883666992,2.5414396686553955,1.0138322277069092,0.35158194732666015,1.0524922771453857,1.9376210136413574
2019-05-16 09:30:00+00:00,2019-05-16 10:30:00+00:00,1.193281,36.0,4.438656,1.0061076418651256,1.1561841372473798,0.7811297952202764,2.0427171267089843,2.393165973526001,0.7052253759918212,0.0,0.9351104773101806,1.7743245638427734
2019-05-16 09:45:00+00:00,2019-05-16 10:45:00+00:00,0.577691,18.0,3.563273,0.6073607413264822,0.8501354525947469,0.6945239032895495,1.5273457043151857,1.9601170294265748,0.033240603683471814,0.0,0.6436095707397462,1.2571478359680177
2019-05-16 10:00:00+00:00,2019-05-16 11:00:00+00:00,0.195426,7.0,3.179477,0.5689574805810566,0.794160715382327,0.4781105915804481,1.5079301831741332,1.7930975196380614,0.0,0.0,0.6037414309997557,1.2786486384887694
2019-05-16 10:15:00+00:00,2019-05-16 11:15:00+00:00,0.1052819999999999,3.0,2.0456950000000003,0.30057529159537255,0.5345983623107884,0.27823695679933763,0.641572289772034,0.9128647378158572,0.0,0.0,0.060743503875732685,0.5195427468490603
2019-05-16 10:30:00+00:00,2019-05-16 11:30:00+00:00,0.0,0.0,1.193281,0.2064609054270765,0.46558002547307176,0.21789802019771284,0.0,0.15753979001617435,0.0,0.0,0.0,0.0
2019-05-16 10:45:00+00:00,2019-05-16 11:45:00+00:00,0.0,0.0,0.577691,0.17145908530822052,0.41720616395418664,0.18443527420473765,0.0,0.0,0.0,0.0,0.0,0.0
2019-05-16 11:00:00+00:00,2019-05-16 12:00:00+00:00,0.0,0.0,0.195426,0.1290352979396821,0.0871378273855727,0.10455015688161672,0.0,0.0,0.0,0.0,0.0,0.0
2019-05-16 11:15:00+00:00,2019-05-16 12:15:00+00:00,0.0,0.0,0.1052819999999999,0.09087786798816695,0.05487880575942368,0.10455015688161672,0.0,0.0,0.0,0.0,0.0,0.0
2019-05-16 11:30:00+00:00,2019-05-16 12:30:00+00:00,0.0,0.0,0.0,0.0,0.0,0.008024249340558868,0.0,0.0,0.0,0.0,0.0,0.0
2019-05-16 11:45:00+00:00,2019-05-16 12:45:00+00:00,0.0,0.0,0.0,0.0,0.0,0.048745230634601164,0.0,0.0,0.0,0.0,0.0,0.0
2019-05-16 12:00:00+00:00,2019-05-16 13:00:00+00:00,0.0,0.0,0.0,0.04750085216527542,0.03109686158912915,0.025035314796526965,0.0,0.0,0.0,0.0,0.0,0.02219761349260807
2019-05-16 12:15:00+00:00,2019-05-16 13:15:00+00:00,0.0,0.0,0.0,0.022701883380618952,0.02267385457424119,0.013229282001357269,0.0,0.0,0.0,0.0,0.0,0.06928776204586029
2019-05-16 12:30:00+00:00,2019-05-16 13:30:00+00:00,0.0,0.0,0.0,0.022599002096455274,0.031222968596463993,0.01933131120424647,0.0,0.0,0.0,0.0,0.09918247163295746,0.07962444424629211
2019-05-16 12:45:00+00:00,2019-05-16 13:45:00+00:00,0.0,0.0,0.0,0.003109875977054802,0.0,0.013229282001357269,0.0,0.0,0.0,0.0,0.1662645936012268,0.08284725248813629
2019-05-16 13:00:00+00:00,2019-05-16 14:00:00+00:00,0.0,0.0,0.0,0.0,0.02279996158157603,0.013229282001357269,0.0,0.0,0.0,0.0,0.4283795654773712,0.08837317675352097
2019-05-16 13:15:00+00:00,2019-05-16 14:15:00+00:00,0.0,0.0,0.0,0.002708228589747551,0.02279996158157603,0.013229282001357269,0.0,0.0,0.0,0.0,0.637620210647583,0.054214198142290115
2019-05-16 13:30:00+00:00,2019-05-16 14:30:00+00:00,0.0,0.0,0.0,0.022599002096455274,0.031222968596463993,0.01933131120424647,0.0,0.0,0.0,0.0,0.814929187297821,0.04272965341806412
2019-05-16 13:45:00+00:00,2019-05-16 14:45:00+00:00,0.0,0.0,0.0,0.022467147310557753,0.02457263425836948,0.015811218361025253,0.0,0.0,0.0,0.0,0.9349292516708374,0.049113400280475616
2019-05-16 14:00:00+00:00,2019-05-16 15:00:00+00:00,0.0,0.0,0.0,0.002708228589747551,0.02633697535121289,0.052155171424154,0.0,0.0,0.0,0.0,1.1551473140716553,0.0
2019-05-16 14:15:00+00:00,2019-05-16 15:15:00+00:00,0.0,0.0,0.0,0.002708228589747551,0.02633697535121289,0.052155171424154,0.0,0.0,0.0,0.0,1.3204582929611206,0.0
2019-05-16 14:30:00+00:00,2019-05-16 15:30:00+00:00,0.0,0.0,0.0,0.0,0.0,0.018170217932149763,0.0,0.0,0.0,0.0,1.4080637693405151,0.0618307963013649
2019-05-16 14:45:00+00:00,2019-05-16 15:45:00+00:00,0.0,0.0,0.0,0.0015351997365083585,0.02633697535121289,0.014650125088928564,0.0,0.0,0.0,0.0,1.5407829284667969,0.1404455602169037
2019-05-16 15:00:00+00:00,2019-05-16 16:00:00+00:00,0.0,0.0,0.0,0.0015351997365083585,0.031414914498139164,0.014650125088928564,0.0,0.0,0.0,0.02011764422059059,1.8048120737075806,0.16495972871780396
2019-05-16 15:15:00+00:00,2019-05-16 16:15:00+00:00,0.0,0.0,0.0,0.0015351997365083585,0.031414914498139164,0.014650125088928564,0.0,0.0,0.0,0.09122056514024734,1.87671959400177,0.21087761223316193
2019-05-16 15:30:00+00:00,2019-05-16 16:30:00+00:00,0.0,0.0,0.0,0.0015351997365083585,0.031414914498139164,0.014650125088928564,0.0064582061022520065,0.0,0.0,0.14729799330234528,1.9319953918457031,0.28024670481681824
2019-05-16 15:45:00+00:00,2019-05-16 16:45:00+00:00,0.0,0.0,0.0,0.0015351997365083585,0.031414914498139164,0.014650125088928564,0.06653334945440292,0.0,0.0,0.18091534078121185,1.9756479263305664,0.3655714690685272
2019-05-16 16:00:00+00:00,2019-05-16 17:00:00+00:00,0.0,0.0,0.0,0.0015351997365083585,0.031414914498139164,0.014650125088928564,0.11141368001699448,0.0,0.0,0.23678180575370789,2.152975559234619,0.4545644521713257
2019-05-16 16:15:00+00:00,2019-05-16 17:15:00+00:00,0.0,0.0,0.0,0.0015351997365083585,0.031414914498139164,0.014650125088928564,0.17017053067684174,0.0,0.0,0.26208746433258057,2.2052416801452637,0.5537821054458618
2019-05-16 16:30:00+00:00,2019-05-16 17:30:00+00:00,0.0,0.0,0.0,0.0015351997365083585,0.031414914498139164,0.014650125088928564,0.25360992550849915,0.0,0.0,0.27935320138931274,2.231558322906494,0.6626815795898438
2019-05-16 16:45:00+00:00,2019-05-16 17:45:00+00:00,0.0,0.0,0.0,0.0015351997365083585,0.031414914498139164,0.014650125088928564,0.28569018840789795,0.0,0.0,0.32372501492500305,2.2399322986602783,0.7172496318817139
2019-05-16 17:00:00+00:00,2019-05-16 18:00:00+00:00,0.0,0.0,0.0,0.00166705452240588,0.023840073226202928,0.010935340935005375,0.36127710342407227,0.0,0.0,0.30666863918304443,2.3472485542297363,0.8188782334327698
2019-05-16 17:15:00+00:00,2019-05-16 18:15:00+00:00,0.0,0.0,0.0,0.0,0.0,0.007415248091784176,0.3789699077606201,0.0,0.0,0.3486092984676361,2.3511149883270264,0.8577460050582886
2019-05-16 17:30:00+00:00,2019-05-16 18:30:00+00:00,0.0,0.0,0.0,0.0,0.0,0.010935340935005375,0.4989543557167053,0.01743471994996071,0.0,0.3581096827983856,2.3216700553894043,1.1811012029647827
2019-05-16 17:45:00+00:00,2019-05-16 18:45:00+00:00,0.0,0.0,0.0,0.011116820528308325,0.02636952634615939,0.020683923282950042,0.5847144722938538,0.06909529864788055,0.0,0.44965413212776184,2.291945457458496,1.3208822011947632
2019-05-16 18:00:00+00:00,2019-05-16 19:00:00+00:00,0.0,0.0,0.0,0.03939330504851808,0.0031747055540280416,0.03413715099117099,0.6383599042892456,0.09460413455963135,0.0,0.4687025547027588,2.3164477348327637,1.4421218633651733
2019-05-16 18:15:00+00:00,2019-05-16 19:15:00+00:00,0.0,0.0,0.0,0.016833638527824483,0.04059470195619016,0.03984494994692089,0.7014365196228027,0.1708415001630783,0.0,0.558874249458313,2.3193001747131348,1.510880470275879
2019-05-16 18:30:00+00:00,2019-05-16 19:30:00+00:00,0.0,0.0,0.0,0.016833638527824483,0.04059470195619016,0.03031780123439729,0.7952821254730225,0.25115761160850525,0.0,0.6455671191215515,2.3442611694335938,1.6458444595336914
2019-05-16 18:45:00+00:00,2019-05-16 19:45:00+00:00,0.0,0.0,0.0,0.016833638527824483,0.04059470195619016,0.03031780123439729,0.8934073448181152,0.30973806977272034,0.0,0.7128171920776367,2.351921319961548,1.751850962638855
2019-05-16 19:00:00+00:00,2019-05-16 20:00:00+00:00,0.0,0.0,0.0,0.0,0.0,0.03009636759897622,1.0197242498397827,0.3548957109451294,0.0,0.7515491247177124,2.381481170654297,1.9552124738693237
2019-05-16 19:15:00+00:00,2019-05-16 20:15:00+00:00,0.0,0.0,0.0,0.0,0.033045283629127294,0.03009636759897622,1.1740777492523193,0.44669169187545776,0.0,0.8676794171333313,2.4032185077667236,2.0967767238616943
2019-05-16 19:30:00+00:00,2019-05-16 20:30:00+00:00,0.0,0.0,0.0,0.0,0.0,0.03962351631149982,1.3174293041229248,0.549433708190918,0.0,0.9890462756156921,2.4604456424713135,2.3043265342712402
2019-05-16 19:45:00+00:00,2019-05-16 20:45:00+00:00,0.0,0.0,0.0,0.0,0.0639329310350987,0.03962351631149982,1.4649642705917358,0.6795366406440735,0.0905349999666214,1.0966167449951172,2.5710036754608154,2.5379419326782227
2019-05-16 20:00:00+00:00,2019-05-16 21:00:00+00:00,0.0,0.0,0.0,0.048232091072055436,0.06081274524705945,0.04338416578277942,1.6173769235610962,0.7537563443183899,0.22098934650421143,1.21677827835083,2.6168081760406494,2.7398109436035156
2019-05-16 20:15:00+00:00,2019-05-16 21:15:00+00:00,0.011951,2.0,0.0,0.0005983352183427299,0.053291055538006143,0.04887053110310825,1.7488905191421509,0.823994517326355,0.32609573006629944,1.345685362815857,2.662834882736206,2.8951070308685303
2019-05-16 20:30:00+00:00,2019-05-16 21:30:00+00:00,0.335508,13.0,0.0,0.008458358376830724,0.05385578677401011,0.05486123250882327,1.8857080936431885,0.9571461081504822,0.49869731068611145,1.5007513761520386,2.7510039806365967,3.076962471008301
2019-05-16 20:45:00+00:00,2019-05-16 21:45:00+00:00,0.776166,28.0,0.0,0.05557430418049498,0.08025347415804142,0.04887053110310825,2.027207374572754,1.0687021017074585,0.7564390301704407,1.651662826538086,2.7483770847320557,3.1909677982330322
2019-05-16 21:00:00+00:00,2019-05-16 22:00:00+00:00,1.295438,48.0,0.0,0.2553366188327496,0.29629354631094057,0.19840706591100316,2.1892848014831543,1.159255862236023,0.860100507736206,1.7475783824920654,2.820716381072998,3.3549318313598633
2019-05-16 21:15:00+00:00,2019-05-16 22:15:00+00:00,1.821586,68.0,0.011951,0.6107512529039713,0.5803267395754652,0.553178951861438,2.346619397903442,1.2305243318328858,1.0429883306274415,1.8109385078201294,2.8160770242462156,3.2984636132965086
2019-05-16 21:30:00+00:00,2019-05-16 22:30:00+00:00,2.475594,98.0,0.335508,0.8552477976706432,0.9600772415975476,1.1039717714149662,2.812374006851196,1.7163356653289794,1.5044552198486327,2.256412278755188,3.2230800500946044,3.794506680114746
2019-05-16 21:45:00+00:00,2019-05-16 22:45:00+00:00,3.3256019999999995,131.0,0.776166,1.6627756583340407,1.814151913329751,1.7408294588567184,3.391266860595703,2.3334343811187743,2.098676242462158,2.823928155532837,3.732002296081543,4.432733811965942
2019-05-16 22:00:00+00:00,2019-05-16 23:00:00+00:00,4.38025,173.0,1.295438,2.3537982105729482,2.14772864587596,2.044194463727322,4.066313692367554,3.4332339251403807,2.866059609687805,3.5466606104736327,4.468574234283447,5.3153464281921385
2019-05-16 22:15:00+00:00,2019-05-16 23:15:00+00:00,5.677766,224.0,1.821586,3.223696786189914,2.868925178453124,3.0548390318174814,4.750230418716431,4.501150952850342,3.702555524383545,4.291271077667236,5.185262309585571,6.2375696769104
2019-05-16 22:30:00+00:00,2019-05-16 23:30:00+00:00,7.163516,276.0,2.475594,4.712112114210707,4.525887341872404,4.628351720372185,5.725453094619751,5.801105455535889,4.720607475418091,5.333937601226807,6.043760255950928,7.364262537139893
2019-05-16 22:45:00+00:00,2019-05-16 23:45:00+00:00,8.742125999999999,320.0,3.3256019999999995,7.780061094806939,7.2320130212468605,7.4151524832351425,7.00386971736145,7.28707021975708,5.980368321182251,6.5921813895721435,7.236603682281494,8.773655359985352
2019-05-16 23:00:00+00:00,2019-05-17 00:00:00+00:00,10.380999999999998,375.0,4.38025,10.088730310864028,10.504199105315639,10.293242096041283,8.456254505157471,8.90963985824585,7.357656740188599,8.155848764419556,8.797554992675781,10.407691024780274
2019-05-16 23:15:00+00:00,2019-05-17 00:15:00+00:00,11.66856,432.0,5.677766,10.983522708518922,11.433865070940822,11.559657426544875,10.054007207122803,10.660809670654297,8.87575856324768,9.675753747192383,10.547242318359375,12.073135529724121
2019-05-16 23:30:00+00:00,2019-05-17 00:30:00+00:00,13.52663,483.0,7.163516,12.159664776496527,12.73936033080802,13.17656057721684,11.620159581390382,12.681706383911134,10.579426720825197,11.44113059350586,12.547063306060792,13.61013455697632
2019-05-16 23:45:00+00:00,2019-05-17 00:45:00+00:00,14.69519,533.0,8.742125999999999,15.579091671849953,15.335501628649787,15.529720904932923,13.141284000946044,14.434534561706542,12.55045677430725,13.042361271453856,14.804134380889892,15.2926311612854
2019-05-17 00:00:00+00:00,2019-05-17 01:00:00+00:00,16.16519,583.0,10.380999999999998,17.466543144970956,17.152709060758085,17.084600548027296,15.185366588592528,16.61013408279419,14.59179397201538,15.454788166046141,17.55427928543091,17.53159804916382
2019-05-17 00:15:00+00:00,2019-05-17 01:15:00+00:00,17.43656,626.0,11.66856,18.583056079554538,18.355636444523462,19.033325392582668,16.51165482574463,17.733518572387695,16.043550463256835,16.883322210845947,19.335750551757812,18.734765024719238
2019-05-17 00:30:00+00:00,2019-05-17 01:30:00+00:00,18.643629,670.0,13.52663,20.26755882651543,20.163727369323468,20.78385860489007,18.215607718353272,19.167151049499513,17.92248256576538,18.599356249694825,21.289290503387452,20.400583819274903
2019-05-17 00:45:00+00:00,2019-05-17 01:45:00+00:00,19.76581,702.0,14.69519,21.799107482909193,21.260345534613244,21.64252426038064,19.166863488616944,20.010291146698,19.14367918914795,19.62260060256958,22.37009816116333,21.355083035888672
2019-05-17 01:00:00+00:00,2019-05-17 02:00:00+00:00,20.81756,749.0,16.16519,23.239940357286393,24.581795135660272,23.78243762987124,20.76696421569824,21.195576447906493,20.20358874267578,21.29498793548584,24.062606591644286,22.463690537872314
2019-05-17 01:15:00+00:00,2019-05-17 02:15:00+00:00,23.16431,785.0,17.43656,24.887923020531833,24.946153551211037,24.204977457426523,21.742522562561035,22.333359564361572,21.09097131591797,22.363926733551025,24.838020647583008,22.95243200164795
2019-05-17 01:30:00+00:00,2019-05-17 02:30:00+00:00,24.099251,831.0,18.643629,25.354806228357557,25.335882982373576,24.94224599131841,22.86817495565796,23.238683626464844,21.96133296232605,23.234102651885987,25.773618624023438,23.49600403051758
2019-05-17 01:45:00+00:00,2019-05-17 02:45:00+00:00,24.839939,861.0,19.76581,26.802892719727765,26.631214703334535,26.190491825739453,23.65083502441406,23.716584431228636,22.81251166969299,23.907608019409178,26.56373785644531,24.406374441680907
2019-05-17 02:00:00+00:00,2019-05-17 03:00:00+00:00,25.49925,885.0,20.81756,27.30803719137196,27.328631997940445,26.222843595709872,24.16658286529541,24.683345837173462,23.24260382133484,24.7288251348114,27.16599873977661,24.737591309127808
2019-05-17 02:15:00+00:00,2019-05-17 03:15:00+00:00,26.236440999999996,901.0,23.16431,29.60449088364059,29.212140770162453,27.74970809759129,26.15511753326416,26.459240934906006,25.217374823150635,26.379291317520142,28.737794420776368,26.358886263427735
2019-05-17 02:30:00+00:00,2019-05-17 03:30:00+00:00,26.7015,928.0,24.099251,30.020605874857736,29.21582695411793,27.90902012810946,26.796565500808715,26.675368515563964,25.87790033013916,26.55642553956604,28.797674385620116,26.65175911576843
2019-05-17 02:45:00+00:00,2019-05-17 03:45:00+00:00,27.104,939.0,24.839939,29.936734365190976,29.187158489179925,27.961540648852672,27.034037949432374,26.951996209014894,26.255731465209962,26.780635597099305,28.603475214828492,26.7588523644104
2019-05-17 03:00:00+00:00,2019-05-17 04:00:00+00:00,27.207689,955.0,25.49925,30.332326598993976,28.883405898631203,28.150893566013398,26.813329880714416,27.138207738876343,26.14432645368576,27.017861192703247,28.365848844528198,26.978997414588928
2019-05-17 03:15:00+00:00,2019-05-17 04:15:00+00:00,27.27375,946.0,26.236440999999996,29.794583123977052,28.693043624675386,28.499581449354977,26.906926019683834,27.528390391365047,26.510923578039165,26.94987599422073,28.1434382038269,27.031362278953548
2019-05-17 03:30:00+00:00,2019-05-17 04:30:00+00:00,27.34025,945.0,26.7015,29.429767214867958,28.459966602910225,27.889407366124868,26.80521844470501,27.521611453533172,26.679842661634087,26.45738619709015,27.571033717632293,26.615319640874862
2019-05-17 03:45:00+00:00,2019-05-17 04:45:00+00:00,27.320129,930.0,27.104,30.28814154083385,28.28445870279167,26.833901906934088,26.813924966096877,27.46134647512436,26.805172828674316,25.987190393447875,27.249327270030975,26.528065947532653
2019-05-17 04:00:00+00:00,2019-05-17 05:00:00+00:00,27.258440000000004,922.0,27.207689,29.693360837951655,27.53113776241298,25.241044351853866,26.41181756340408,26.97371978842163,26.48056448780441,25.5948640831604,26.726323021282195,26.18384010874176
2019-05-17 04:15:00+00:00,2019-05-17 05:15:00+00:00,26.935128999999996,892.0,27.27375,28.118658086933504,25.890651603465546,24.108494759658797,25.99162130832672,26.41200875520706,25.854089789390564,24.981190376281738,26.03473132133484,25.468430333137512
2019-05-17 04:30:00+00:00,2019-05-17 05:30:00+00:00,26.307751,863.0,27.34025,28.835377933580673,27.619788086328757,25.670330152118066,25.736178263664247,25.990445717811586,25.3798566904068,24.290582403182984,26.002099021911622,25.015799983978273
2019-05-17 04:45:00+00:00,2019-05-17 05:45:00+00:00,25.255131,803.0,27.320129,29.0893392956408,26.95825744267974,25.181809748164717,25.187983833602907,25.808922253898622,25.066479765228273,23.995797478012086,25.003625475219728,24.578930221847536
2019-05-17 05:00:00+00:00,2019-05-17 06:00:00+00:00,24.709999,767.0,27.258440000000004,27.84184746726202,26.70889026125414,24.76606786137409,24.161223155441288,25.19374893325806,24.468528729858402,23.231608849945072,23.953963738861088,23.61952541488648
2019-05-17 05:15:00+00:00,2019-05-17 06:15:00+00:00,24.02356,758.0,26.935128999999996,24.75916461819445,24.470060934139642,22.512298320814114,22.764172865203854,23.955349994949337,23.974680496505734,22.591395212463375,23.021444393447872,22.707598520568844
2019-05-17 05:30:00+00:00,2019-05-17 06:30:00+00:00,23.11619,713.0,26.307751,22.7851074446919,23.062277664743565,20.7610611437277,21.437917053771972,21.796503365112304,23.171185553146362,21.50997906930542,22.017069161010742,21.61184912927246
2019-05-17 05:45:00+00:00,2019-05-17 06:45:00+00:00,21.337749,663.0,25.255131,20.871177637116226,21.449871163471247,19.92807132114484,19.933766120391844,20.082293742614745,22.057741635757445,20.209511512237547,20.514619582611083,20.07098221154785
2019-05-17 06:00:00+00:00,2019-05-17 07:00:00+00:00,19.98369,624.0,24.709999,20.063141508311205,20.08335479708511,18.98922526562758,19.21218577520752,19.129086409973144,21.15870014326477,19.598286544250488,19.89356843130493,19.386343871520996
2019-05-17 06:15:00+00:00,2019-05-17 07:15:00+00:00,16.933439,559.0,24.02356,19.19958364096456,19.162100090817656,18.507143324055715,18.43237061553955,18.239363146362304,20.216232491073608,18.561384153900146,18.985716772613525,18.549336863098144
2019-05-17 06:30:00+00:00,2019-05-17 07:30:00+00:00,17.146061,523.0,23.11619,18.48106608871452,18.48001837179929,18.211642974309026,17.57110075515747,17.329167409362793,19.317822022857666,17.65241579574585,17.99238400024414,17.61272148651123
2019-05-17 06:45:00+00:00,2019-05-17 07:45:00+00:00,15.28319,471.0,21.337749,15.96127991774537,16.87579799209548,16.44899107184994,15.958775039123534,15.54604577581787,17.457423921035765,15.723261351989745,16.15722274343872,15.544437880920409
2019-05-17 07:00:00+00:00,2019-05-17 08:00:00+00:00,13.91841,421.0,19.98369,12.750595312690137,12.584049506047453,12.875819511397044,14.712148881378173,13.907545781555175,15.75613758605957,14.0186602835083,14.347859120788574,13.501851296844482
2019-05-17 07:15:00+00:00,2019-05-17 08:15:00+00:00,12.25153,370.0,16.933439,11.49029463453181,11.114899508676661,11.568936229597723,12.036567433227539,11.037274582733154,12.555706246246338,10.879166825164795,11.299387677062988,10.40269063269043
2019-05-17 07:30:00+00:00,2019-05-17 08:30:00+00:00,10.70322,310.0,17.146061,9.671532471889838,9.449938718498148,9.949208885659456,12.505116042266845,11.451274451385498,12.722043093811035,11.349693831573486,11.742747363220214,10.79551225579834
2019-05-17 07:45:00+00:00,2019-05-17 08:45:00+00:00,9.442344,277.0,15.28319,7.941945281640408,7.845862521993581,7.707780175959664,10.931190240325927,9.856620061340331,10.866779553833007,9.64399503463745,10.00917648071289,9.141838777008056
2019-05-17 08:00:00+00:00,2019-05-17 09:00:00+00:00,8.018063,230.0,13.91841,6.481624173494591,6.398505296170565,6.333267765211227,9.790776905212402,8.517798599395752,9.35701673904419,8.33971422592163,8.447670635375976,7.650090870056152
2019-05-17 08:15:00+00:00,2019-05-17 09:15:00+00:00,6.6120470000000005,194.0,12.25153,5.569295951807602,5.558601447409311,5.501608154774674,8.514632769851685,7.321848222045899,7.639726468353272,6.711320706634522,6.899016686706544,6.409489938049317
2019-05-17 08:30:00+00:00,2019-05-17 09:30:00+00:00,4.997125,151.0,10.70322,3.611098183447479,3.3127334008613203,3.0193915093790054,7.3753756186676025,6.388242830963135,6.057770361633301,5.443456282348633,5.6885715625,5.315995802612305
2019-05-17 08:45:00+00:00,2019-05-17 09:45:00+00:00,3.663297,117.0,9.442344,2.4534515004837845,2.3023839690703545,2.051164985667991,6.3696163197937015,5.536706497329712,4.736014177459717,4.598539163726807,4.901591589111328,4.360946466583252
2019-05-17 09:00:00+00:00,2019-05-17 10:00:00+00:00,2.947984,92.0,8.018063,2.4251001804712753,1.9573081950857063,1.7911075434565729,5.038272550857544,4.210867098129272,3.391279152191162,3.1106080325012204,3.4561447413330075,3.190412452972412
2019-05-17 09:15:00+00:00,2019-05-17 10:15:00+00:00,2.177219,72.0,6.6120470000000005,1.56964321599209,1.355556016920412,1.151432826226652,3.79007606036377,3.122111840316773,2.145551962921143,1.8998616171569829,2.491018099853516,2.2397706938476567
2019-05-17 09:30:00+00:00,2019-05-17 10:30:00+00:00,1.533109,52.0,4.997125,1.0573846079214788,1.0041144136263678,0.9178807205180866,2.353940338134765,1.8255449237823482,0.7382424774169918,0.5172556343078609,1.2625957431793209,1.206542104721069
2019-05-17 09:45:00+00:00,2019-05-17 10:45:00+00:00,0.985195,34.0,3.663297,0.7958022624105943,0.7218524189614944,0.5500365797407093,1.4295960093231201,0.9964535856933594,0.0,0.0,0.38160950190734866,0.4366846705169678
2019-05-17 10:00:00+00:00,2019-05-17 11:00:00+00:00,0.52057,17.0,2.947984,0.5538001706850321,0.5417482849034632,0.38588166177208094,0.8890366752471923,0.43986966207885736,0.0,0.0,0.0,0.21376754835510248
2019-05-17 10:15:00+00:00,2019-05-17 11:15:00+00:00,0.137207,5.0,2.177219,0.3539679698497116,0.3856433355373975,0.31529109763212787,0.4940769339981079,0.23309906973266603,0.0,0.0,0.0,0.0
2019-05-17 10:30:00+00:00,2019-05-17 11:30:00+00:00,0.0,0.0,1.533109,0.29228136108566205,0.28037419051858026,0.22526562573079773,0.10221331385040289,0.0,0.0,0.0,0.0,0.0
2019-05-17 10:45:00+00:00,2019-05-17 11:45:00+00:00,0.0,0.0,0.985195,0.2064609054270765,0.21060084100370513,0.17359564483323872,0.0,0.0,0.0,0.0,0.0,0.0
2019-05-17 11:00:00+00:00,2019-05-17 12:00:00+00:00,0.0,0.0,0.52057,0.18443444251260405,0.13319350217363074,0.1287430338051019,0.0,0.0,0.0,0.0,0.0,0.0
2019-05-17 11:15:00+00:00,2019-05-17 12:15:00+00:00,0.0,0.0,0.137207,0.10039874984674599,0.07009587795385107,0.07289809752132774,0.0,0.0,0.0,0.0,0.0,0.0
2019-05-17 11:30:00+00:00,2019-05-17 12:30:00+00:00,0.0,0.0,0.0,0.022701883380618952,0.026558511939165398,0.0019222201376696598,0.0,0.0,0.0,0.0,0.0,0.0
2019-05-17 11:45:00+00:00,2019-05-17 12:45:00+00:00,0.0,0.0,0.0,0.022701883380618952,0.026558511939165398,0.042643201431711956,0.0,0.0,0.0,0.0,0.0,0.0
2019-05-17 12:00:00+00:00,2019-05-17 13:00:00+00:00,0.0,0.0,0.0,0.033908824199803775,0.026362086479835962,0.013229282001357269,0.0,0.0,0.0,0.0,0.0,0.0
2019-05-17 12:15:00+00:00,2019-05-17 13:15:00+00:00,0.0,0.0,0.0,0.022701883380618952,0.026362086479835962,0.013229282001357269,0.0,0.0,0.0,0.0,0.13305823504924774,0.06678580492734909
2019-05-17 12:30:00+00:00,2019-05-17 13:30:00+00:00,0.0,0.0,0.0,0.022701883380618952,0.026362086479835962,0.013229282001357269,0.0,0.0,0.0,0.0,0.3032187819480896,0.11963316053152084
2019-05-17 12:45:00+00:00,2019-05-17 13:45:00+00:00,0.0,0.0,0.0,0.002708228589747551,0.026488193487170804,0.013229282001357269,0.0,0.0,0.0,0.0,0.47411805391311646,0.157260924577713
2019-05-17 13:00:00+00:00,2019-05-17 14:00:00+00:00,0.0,0.0,0.0,0.0015351997365083585,0.009148413148036159,0.013229282001357269,0.0,0.0,0.0,0.0,0.6471966505050659,0.15230384469032288
2019-05-17 13:15:00+00:00,2019-05-17 14:15:00+00:00,0.0,0.0,0.0,0.002708228589747551,0.009148413148036159,0.013229282001357269,0.0,0.0,0.0,0.0,0.8211618661880493,0.09085041284561157
2019-05-17 13:30:00+00:00,2019-05-17 14:30:00+00:00,0.0,0.0,0.0,0.002708228589747551,0.009148413148036159,0.013229282001357269,0.0,0.0,0.0,0.0,0.9246403574943542,0.056786004453897476
2019-05-17 13:45:00+00:00,2019-05-17 14:45:00+00:00,0.0,0.0,0.0,0.002708228589747551,0.009148413148036159,0.013229282001357269,0.0,0.0,0.0,0.0,0.9911693334579468,0.05152309313416481
2019-05-17 14:00:00+00:00,2019-05-17 15:00:00+00:00,0.0,0.0,0.0,0.013915169408932377,0.011321179031783413,0.048889001788585594,0.0,0.0,0.0,0.0,1.0498186349868774,0.018526114523410797
2019-05-17 14:15:00+00:00,2019-05-17 15:15:00+00:00,0.0,0.0,0.0,0.002708228589747551,0.011321179031783413,0.048889001788585594,0.0,0.0,0.0,0.0,1.1131999492645264,0.012414845637977123
2019-05-17 14:30:00+00:00,2019-05-17 15:30:00+00:00,0.0,0.0,0.0,0.002708228589747551,0.011321179031783413,0.011383955453360161,0.0,0.0,0.0,0.0,1.1544650793075562,0.026449402794241905
2019-05-17 14:45:00+00:00,2019-05-17 15:45:00+00:00,0.0,0.0,0.0,0.0,0.011321179031783413,0.011383955453360161,0.0,0.0,0.0,0.0,1.225851058959961,0.09512721747159958
2019-05-17 15:00:00+00:00,2019-05-17 16:00:00+00:00,0.0,0.0,0.0,0.0,0.02225906771502565,0.011383955453360161,0.0,0.0,0.0,0.0,1.3414535522460938,0.005431174300611019
2019-05-17 15:15:00+00:00,2019-05-17 16:15:00+00:00,0.0,0.0,0.0,0.0015351997365083585,0.02225906771502565,0.011383955453360161,0.004034020006656647,0.0,0.0,0.0,1.3660228252410889,0.0
2019-05-17 15:30:00+00:00,2019-05-17 16:30:00+00:00,0.0,0.0,0.0,0.0015351997365083585,0.02225906771502565,0.011383955453360161,0.0,0.0,0.0,0.0,1.3768787384033203,0.0
2019-05-17 15:45:00+00:00,2019-05-17 16:45:00+00:00,0.0,0.0,0.0,0.002922867668879932,0.0,0.014904048296581379,0.0462937168776989,0.0,0.0,0.0,1.4236643314361572,0.20273754000663757
2019-05-17 16:00:00+00:00,2019-05-17 17:00:00+00:00,0.0,0.0,0.0,0.0015351997365083585,0.009703980763528769,0.00414907845621578,0.1513456553220749,0.0,0.0,0.0,1.4065064191818237,0.1435987651348114
2019-05-17 16:15:00+00:00,2019-05-17 17:15:00+00:00,0.0,0.0,0.0,0.0,0.009703980763528769,0.00414907845621578,0.13619011640548706,0.0,0.0,0.0,1.3826110363006592,0.09098377823829651
2019-05-17 16:30:00+00:00,2019-05-17 17:30:00+00:00,0.0,0.0,0.0,0.0,0.009703980763528769,0.00414907845621578,0.2083474099636078,0.0,0.0,0.0,1.3958908319473267,0.15890316665172577
2019-05-17 16:45:00+00:00,2019-05-17 17:45:00+00:00,0.0,0.0,0.0,0.0,0.016354315101623294,0.007669171299436994,0.30541297793388367,0.0,0.0,0.01488590333610773,1.4170143604278564,0.24078859388828278
2019-05-17 17:00:00+00:00,2019-05-17 18:00:00+00:00,0.0,0.0,0.0,0.0015351997365083585,0.013111831251921151,0.00414907845621578,0.3181663155555725,0.0,0.0,0.047332193702459335,1.4323371648788452,0.27840539813041687
2019-05-17 17:15:00+00:00,2019-05-17 18:15:00+00:00,0.0,0.0,0.0,0.0,0.013111831251921151,0.00414907845621578,0.3869282901287079,0.0,0.0,0.06813978403806686,1.4682366847991943,0.38053184747695923
2019-05-17 17:30:00+00:00,2019-05-17 18:30:00+00:00,0.0,0.0,0.0,0.0,0.013111831251921151,0.00414907845621578,0.41929367184638977,0.0,0.0,0.08288424462080002,1.4898121356964111,0.4311760365962982
2019-05-17 17:45:00+00:00,2019-05-17 18:45:00+00:00,0.0,0.0,0.0,0.0,0.019762165590015673,0.007669171299436994,0.5940119028091431,0.0,0.0,0.13407042622566223,1.5534623861312866,0.6919779777526855
2019-05-17 18:00:00+00:00,2019-05-17 19:00:00+00:00,0.0,0.0,0.0,0.0,0.00828622755693985,0.0,0.7611085176467896,0.0,0.0,0.13974405825138092,1.441184163093567,0.434719443321228
2019-05-17 18:15:00+00:00,2019-05-17 19:15:00+00:00,0.0,0.0,0.0,0.0,0.0,0.0,0.8880967497825623,0.0,0.0,0.17145773768424988,1.4218814373016357,0.36021754145622253
2019-05-17 18:30:00+00:00,2019-05-17 19:30:00+00:00,0.0,0.0,0.0,0.0,0.0,0.0,0.9882139563560486,0.042942557483911514,0.0,0.20505186915397644,1.4113811254501343,0.286801278591156
2019-05-17 18:45:00+00:00,2019-05-17 19:45:00+00:00,0.0,0.0,0.0,0.0,0.0075312148797815085,0.00414907845621578,0.8889105319976807,0.0,0.0,0.08360878378152847,1.3400019407272339,0.050575047731399536
2019-05-17 19:00:00+00:00,2019-05-17 20:00:00+00:00,0.0,0.0,0.0,0.0,0.0075312148797815085,0.0,0.9686204195022583,0.0,0.0,0.08617148548364639,1.259493112564087,0.0
2019-05-17 19:15:00+00:00,2019-05-17 20:15:00+00:00,0.0,0.0,0.0,0.0,0.0075312148797815085,0.0,0.9901213645935059,0.0,0.0,0.07350105047225952,1.2322570085525513,0.0
2019-05-17 19:30:00+00:00,2019-05-17 20:30:00+00:00,0.0,0.0,0.0,0.0,0.0075312148797815085,0.0,1.1129592657089233,0.050055839121341705,0.0,0.13826918601989746,1.2857593297958374,0.01900559291243553
2019-05-17 19:45:00+00:00,2019-05-17 20:45:00+00:00,0.0,0.0,0.0,0.0,0.026541207293110252,0.0,1.067964792251587,0.07869202643632889,0.0,0.07964576780796051,1.2669188976287842,0.0
2019-05-17 20:00:00+00:00,2019-05-17 21:00:00+00:00,0.0,0.0,0.0,0.0,0.032121823665249905,0.0,1.082120656967163,0.19206957519054413,0.0,0.12771829962730408,1.3160035610198975,0.09864532947540283
2019-05-17 20:15:00+00:00,2019-05-17 21:15:00+00:00,0.0,0.0,0.0,0.0,0.032121823665249905,0.0,1.1323094367980957,0.2955109179019928,0.0,0.1862765997648239,1.3833256959915161,0.2832132577896118
2019-05-17 20:30:00+00:00,2019-05-17 21:30:00+00:00,0.0,0.0,0.0,0.0,0.032121823665249905,0.0,1.2132078409194946,0.3316487669944763,0.0,0.28900688886642456,1.464608907699585,0.6005075573921204
2019-05-17 20:45:00+00:00,2019-05-17 21:45:00+00:00,0.0,2.0,0.0,0.03264901745808963,0.10015935094188914,0.0,1.244799017906189,0.37450817227363586,0.0,0.3074186444282532,1.5177929401397705,0.70359867811203
2019-05-17 21:00:00+00:00,2019-05-17 22:00:00+00:00,0.084926,4.0,0.0,0.16824285839170372,0.15733022359813867,0.0994767320768462,1.235911250114441,0.5241727828979492,0.0,0.29327601194381714,1.6613532304763794,0.9014444947242737
2019-05-17 21:15:00+00:00,2019-05-17 22:15:00+00:00,0.285188,9.0,0.0,0.43944828398149205,0.3816841561766346,0.38489707026758774,1.2703263759613037,0.6279664635658264,0.0,0.35497045516967773,1.784735083580017,1.101353645324707
2019-05-17 21:30:00+00:00,2019-05-17 22:30:00+00:00,0.480662,15.0,0.0,0.4274749525369001,0.4032072058487232,0.38489707026758774,1.316420316696167,0.7668724656105042,0.1016526147723198,0.40364259481430054,1.9054620265960693,1.2260854244232178
2019-05-17 21:45:00+00:00,2019-05-17 22:45:00+00:00,0.719264,23.0,0.0,0.8679221802214122,0.8486912175374497,0.7794257970966428,1.2981548309326172,0.8179682493209839,0.23279781639575958,0.42019400000572205,1.9268183708190918,1.260229468345642
2019-05-17 22:00:00+00:00,2019-05-17 23:00:00+00:00,1.042863,37.0,0.084926,1.587199829705351,1.181841426753101,0.845834323333959,1.48514150655365,1.0365374592552186,0.42366271293258667,0.6202173737297059,2.094165673614502,1.6171626952896119
2019-05-17 22:15:00+00:00,2019-05-17 23:15:00+00:00,1.616016,42.0,0.285188,2.010059872302107,1.5977311436361357,1.1088936940323701,1.8183206723098755,1.3631447956924438,0.7701730833415985,0.92309163073349,2.442213337219238,2.067517440116882
2019-05-17 22:30:00+00:00,2019-05-17 23:30:00+00:00,1.069578,28.0,0.480662,3.1307699343433137,2.7330297229538103,1.8801891481277673,2.057448756515503,1.5935690520401,1.0853898642654418,1.156645726978302,2.678091180145264,2.343132269203186
2019-05-17 22:45:00+00:00,2019-05-17 23:45:00+00:00,1.09818,35.0,0.719264,3.682796203099665,3.3627132951447893,2.740640768247088,2.411336033882141,1.9836699658050536,1.445056109966278,1.4663633995666503,3.0731894665374755,2.729959457458496
2019-05-17 23:00:00+00:00,2019-05-18 00:00:00+00:00,1.696516,47.0,1.042863,3.934370345577155,2.5659866536804232,3.035400262188618,2.6385670786743165,2.3751618748550416,1.6617792135124207,1.832143414581299,3.3331054335479737,2.7366113549118043
2019-05-17 23:15:00+00:00,2019-05-18 00:15:00+00:00,1.6674220000000002,49.0,1.616016,4.897572868506123,3.432066978459504,4.517273210545537,3.1242710048828126,2.9889069492492677,2.2000599796447755,2.3441090876731874,3.8161323959503175,3.0425237114105226
2019-05-17 23:30:00+00:00,2019-05-18 00:30:00+00:00,2.086437,59.0,1.069578,4.133218637562781,2.859135495949121,3.496420933895258,2.555221744468689,2.4281326016693114,1.822275706222534,1.902639933517456,3.3053794583587646,2.765181370666504
2019-05-17 23:45:00+00:00,2019-05-18 00:45:00+00:00,3.092031,82.0,1.09818,3.852041286110702,2.566232785460158,3.496420933895258,2.6374369303512575,2.581401530914307,1.9153663555908202,1.91463530462265,3.400712434463501,2.76964372795105
2019-05-18 00:00:00+00:00,2019-05-18 01:00:00+00:00,4.223625,112.0,1.696516,4.845540068932965,2.454737043567923,3.8624073546246516,3.1738876926574706,3.0433624612960815,2.3834100591812133,2.6600064861450194,3.9572126495513915,3.3895790207061767
2019-05-18 00:15:00+00:00,2019-05-18 01:15:00+00:00,5.086703,139.0,1.6674220000000002,4.651258774294052,2.454737043567923,3.7806747363228608,3.1122506294937136,2.9070209894866945,2.334818366596222,2.6310336027832033,3.8537718687744142,3.2012552653045656
2019-05-18 00:30:00+00:00,2019-05-18 01:30:00+00:00,3.002781,82.0,2.086437,5.882446721772557,2.996919816704051,4.240462121154832,3.506832851135254,3.1069290768737794,2.8706357609863282,3.0717276465530396,4.392885936462402,3.842045320236206
2019-05-18 00:45:00+00:00,2019-05-18 01:45:00+00:00,2.117555,67.0,3.092031,6.384287901930942,3.8195614697358264,4.291178473520723,4.4931060055313115,4.080127654415131,3.69404732976532,4.010769126754761,5.359255788665772,4.627004859786988
2019-05-18 01:00:00+00:00,2019-05-18 02:00:00+00:00,6.1981720000000005,185.0,4.223625,8.507876212310347,4.793950891892182,5.766387197432117,5.341508324623108,4.5013908700942995,4.669007982492447,5.080781932353974,6.4293294506073,5.6823072986602785
2019-05-18 01:15:00+00:00,2019-05-18 02:15:00+00:00,5.580312999999999,166.0,5.086703,9.333220712307382,5.125510551889301,6.24821481727421,6.083199379375458,5.009622787466526,5.4289701854496,5.83632617943573,7.244763312271118,6.452194271018982
2019-05-18 01:30:00+00:00,2019-05-18 02:30:00+00:00,4.365594000000001,146.0,3.002781,6.383331734284552,3.8998679077803367,4.372249180100013,3.9934460185585023,3.1845936142024995,3.4827372096595766,3.812275435787201,5.298736657958985,4.404735650878907
2019-05-18 01:45:00+00:00,2019-05-18 02:45:00+00:00,6.899485,177.0,2.117555,5.9227254064982215,3.8431041260674053,4.154350545950761,3.0731456057357787,2.3810537235069273,2.678150691204071,2.9714650289344786,4.4085379616546625,3.567609883956909
2019-05-18 02:00:00+00:00,2019-05-18 03:00:00+00:00,4.202953,130.0,6.1981720000000005,7.566841965089332,5.319592973254569,4.956044090005865,6.869180944511414,5.8213437169284825,6.053384181806565,6.835578945228577,8.088896301338195,7.227048066207886
2019-05-18 02:15:00+00:00,2019-05-18 03:15:00+00:00,7.321344,205.0,5.580312999999999,6.808675250268178,4.755350569315296,4.520538008023095,6.088135513580322,4.975453051841735,5.372923898613929,6.180619153297424,7.327337774551391,6.5599221914176935
2019-05-18 02:30:00+00:00,2019-05-18 03:30:00+00:00,8.319282000000001,278.0,4.365594000000001,7.363057741103377,4.86695202617393,4.145252806955902,4.8390330079975135,3.881609380620957,4.065118402618409,4.9181278053703315,6.1205222312393195,5.044633180278779
2019-05-18 02:45:00+00:00,2019-05-18 03:45:00+00:00,4.186,103.0,6.899485,8.851189393075721,6.3021293906562335,5.170094365765749,7.135413863286972,6.003563352451325,6.319091626033783,7.16093988023758,8.204875357971192,7.1981251915550235
2019-05-18 03:00:00+00:00,2019-05-18 04:00:00+00:00,2.441578,100.0,4.202953,6.531905430698656,3.785429129830024,4.40114193864592,4.543072630098343,3.634714920452118,3.552962560585022,4.5395687710552215,5.6465518664627075,4.121364917984486
2019-05-18 03:15:00+00:00,2019-05-18 04:15:00+00:00,2.345055,66.0,7.321344,7.9266529847832965,5.843778621634361,6.207842424898404,7.335790582645178,6.1394280015411375,6.158041816848755,7.163186323541641,7.914553207057953,6.63361708511734
2019-05-18 03:30:00+00:00,2019-05-18 04:30:00+00:00,2.460555,64.0,8.319282000000001,9.664035169106658,6.735090467867292,6.890448102048741,8.050213490659715,6.68915266268921,6.708154861862184,7.817604844505311,8.177621443802835,7.199636762077333
2019-05-18 03:45:00+00:00,2019-05-18 04:45:00+00:00,3.8535,116.0,4.186,6.406011726176545,3.0810936969443503,4.545097744020184,4.287419232785702,3.4183608994483947,3.179045210838318,4.402159015893936,5.074164460659027,3.5543767318725585
2019-05-18 04:00:00+00:00,2019-05-18 05:00:00+00:00,6.658313000000001,229.0,2.441578,5.908331622838006,4.10631406599543,4.148160415679572,2.3764808691649435,1.3514731816558836,1.372166126182556,2.6700205795078276,3.158094852378845,1.7311049989967344
2019-05-18 04:15:00+00:00,2019-05-18 05:15:00+00:00,7.327032000000001,258.0,2.345055,5.519296553031624,3.5721468532450142,3.779546409746455,2.207306564860344,1.3312362591552733,1.1689154068756102,2.4117211858558654,2.98528720539093,1.2693467299270629
2019-05-18 04:30:00+00:00,2019-05-18 05:30:00+00:00,5.842266,143.0,2.460555,6.004687792820268,3.7655272326352516,4.417195629464581,2.2611225971508024,1.467984003715515,1.124892635040283,2.3458187261152266,3.055253369503021,1.1936878392028807
2019-05-18 04:45:00+00:00,2019-05-18 05:45:00+00:00,4.820485,132.0,3.8535,6.43827681388149,3.8622332604580136,4.123590888377823,3.305792561531067,2.4481710109710693,2.226133457183838,3.5821775708198547,3.8962844189107417,2.4444634828567504
2019-05-18 05:00:00+00:00,2019-05-18 06:00:00+00:00,7.870844,262.0,6.658313000000001,7.781799323848905,5.428931493348603,5.361685356199158,5.633059346473694,4.59090110043335,4.291752779281617,5.74839975813675,5.809003436363221,4.536758386886597
2019-05-18 05:15:00+00:00,2019-05-18 06:15:00+00:00,5.805734999999999,215.0,7.327032000000001,7.990477337219721,5.331394000246389,5.205420030116413,5.967143446380616,4.767600208694459,4.468790203506471,5.821388870651246,5.730238110000611,4.541127830917359
2019-05-18 05:30:00+00:00,2019-05-18 06:30:00+00:00,5.572875,174.0,5.842266,6.959336611115045,4.63003152163976,4.711891317460363,4.468928611961365,3.420024312225342,3.3289958603057865,4.59087816545105,4.586135900703431,3.1523369915161137
2019-05-18 05:45:00+00:00,2019-05-18 06:45:00+00:00,5.839094,158.0,4.820485,6.998408370664924,4.439878276674935,4.699614129138541,3.3728176396942136,2.3668738645172116,2.302919034347534,3.4224227708435055,3.6011916440582272,1.9841557782745358
2019-05-18 06:00:00+00:00,2019-05-18 07:00:00+00:00,6.991907,205.0,7.870844,7.617806603546564,4.732635954632948,4.548681086511611,6.114461534637451,5.094387405532837,4.745206945556641,5.837224596160889,5.873065584320068,4.6200729543151855
2019-05-18 06:15:00+00:00,2019-05-18 07:15:00+00:00,4.405078,121.0,5.805734999999999,6.4477095679771015,3.65027628628765,4.116199178452678,3.965008743629455,2.842294104919433,2.8784002145385736,3.783500321731567,3.7821055730438227,2.7216378530120844
2019-05-18 06:30:00+00:00,2019-05-18 07:30:00+00:00,7.511438,270.0,5.572875,6.695975022977987,3.521611621450239,4.330284046442131,3.697291708946228,2.7010757694244383,2.6872632274627684,3.6078902254104612,3.6836970815658567,2.5353910694122312
2019-05-18 06:45:00+00:00,2019-05-18 07:45:00+00:00,4.9315,171.0,5.839094,5.816969639707514,3.398717044881149,3.819242264481526,3.9602462817611697,3.082616644042969,2.8387542535247805,3.8940611649932864,4.000069337028504,2.7710598279418948
2019-05-18 07:00:00+00:00,2019-05-18 08:00:00+00:00,4.239703,160.0,6.991907,6.928676776664528,4.3259363851758375,4.162375390107818,4.984373926574707,3.864687561447144,3.9089044327087406,4.60780751651001,4.65528762286377,3.7318440670318607
2019-05-18 07:15:00+00:00,2019-05-18 08:15:00+00:00,6.024813,201.0,4.405078,5.505835189181544,3.5048672043137983,4.152920223473676,2.4876249493865963,1.6287477673797603,1.4896867932586666,2.2656577290802,2.404270953109741,1.3985086144714352
2019-05-18 07:30:00+00:00,2019-05-18 08:30:00+00:00,5.81186,223.0,7.511438,3.5809647165475944,2.0888697751640586,2.3079813566393295,5.200706350601196,4.009776460922241,3.9199682352905274,4.532871115005493,4.417663681304932,3.979650366104126
2019-05-18 07:45:00+00:00,2019-05-18 08:45:00+00:00,3.521274,143.0,4.9315,3.691414845083158,2.3220395788026753,2.7378486803907776,2.6155674877166746,1.7225885810852049,1.5165386619567869,2.1373823108673093,2.114301246643066,1.520062488555908
2019-05-18 08:00:00+00:00,2019-05-18 09:00:00+00:00,2.461375,70.0,4.239703,2.302019324993525,1.2515073207146918,1.7799392432655157,1.7856236104278569,0.8823331002502446,0.8902335767059331,1.4037304524688725,1.4488430623321538,1.0911057595520024
2019-05-18 08:15:00+00:00,2019-05-18 09:15:00+00:00,2.789773,90.0,6.024813,2.4231454735806017,1.2870727582847958,1.8839889123557452,3.4254847205047607,2.472827497756958,2.462085310256958,2.9217088854675293,2.962920967376709,2.6624017393951416
2019-05-18 08:30:00+00:00,2019-05-18 09:30:00+00:00,2.395203,88.0,5.81186,1.6808277279196784,0.5766870750267152,1.0016131140024147,3.05035892616272,2.029205952987671,1.9929055322265627,2.422027980194092,2.4010583509063723,2.2202042687988284
2019-05-18 08:45:00+00:00,2019-05-18 09:45:00+00:00,2.168141,73.0,3.521274,0.977363177654301,0.09008764686736692,0.4501582823098139,0.8934067781677246,0.0,0.0,0.4152714308013916,0.555230527709961,0.15139523107910158
2019-05-18 09:00:00+00:00,2019-05-18 10:00:00+00:00,1.863531,64.0,2.461375,0.7674104305194164,0.0,0.29296420951078045,0.0,0.0,0.0,0.0,0.003519060134887564,0.0
2019-05-18 09:15:00+00:00,2019-05-18 10:15:00+00:00,0.403423,19.0,2.789773,0.40963790872709,0.0,0.0,0.3709137566070555,0.0,0.0,0.0,0.3683672077636717,0.1791720516662596
2019-05-18 09:30:00+00:00,2019-05-18 10:30:00+00:00,0.085116,8.0,2.395203,0.26755121913176616,0.0,0.0,0.08317816822814939,0.0,0.0,0.0,0.05894840328979489,0.0
2019-05-18 09:45:00+00:00,2019-05-18 10:45:00+00:00,0.039512,4.0,2.168141,0.2763744494102852,0.0,0.0,0.0,0.0,0.0,0.0,0.0,0.0
2019-05-18 10:00:00+00:00,2019-05-18 11:00:00+00:00,0.016596,3.0,1.863531,0.20568927393992098,0.0,0.0,0.0,0.0,0.0,0.0,0.0,0.0
2019-05-18 10:15:00+00:00,2019-05-18 11:15:00+00:00,0.0,0.0,0.403423,0.08951852491152631,0.0,0.0,0.0,0.0,0.0,0.0,0.0,0.0
2019-05-18 10:30:00+00:00,2019-05-18 11:30:00+00:00,0.0,0.0,0.085116,0.09710826228107608,0.0,0.0,0.0,0.0,0.0,0.0,0.0,0.0
2019-05-18 10:45:00+00:00,2019-05-18 11:45:00+00:00,0.0,0.0,0.039512,0.0015351997365083585,0.0,0.0,0.0,0.0,0.0,0.0,0.0,0.0
2019-05-18 11:00:00+00:00,2019-05-18 12:00:00+00:00,0.0,0.0,0.016596,0.0015351997365083585,0.0,0.0,0.0,0.0,0.0,0.0,0.0,0.0
2019-05-18 11:15:00+00:00,2019-05-18 12:15:00+00:00,0.0,0.0,0.0,0.0,0.0,0.0,0.0,0.0,0.0,0.0,0.0,0.0
2019-05-18 11:30:00+00:00,2019-05-18 12:30:00+00:00,0.0,0.0,0.0,0.0015351997365083585,0.0,0.0,0.0,0.0,0.0,0.0,0.0,0.0
2019-05-18 11:45:00+00:00,2019-05-18 12:45:00+00:00,0.0,0.0,0.0,0.0015351997365083585,0.0,0.0,0.0,0.0,0.0,0.0,0.0,0.0
2019-05-18 12:00:00+00:00,2019-05-18 13:00:00+00:00,0.0,0.0,0.0,0.0015351997365083585,0.0,0.0,0.0,0.0,0.0,0.0,0.0,0.0
2019-05-18 12:15:00+00:00,2019-05-18 13:15:00+00:00,0.0,0.0,0.0,0.0015351997365083585,0.0,0.0,0.0,0.0,0.0,0.0,0.0,0.0
2019-05-18 12:30:00+00:00,2019-05-18 13:30:00+00:00,0.0,0.0,0.0,0.0,0.0,0.0,0.0,0.0,0.0,0.0,0.0,0.0
2019-05-18 12:45:00+00:00,2019-05-18 13:45:00+00:00,0.0,0.0,0.0,0.0,0.0,0.0,0.0,0.0,0.0,0.0,0.0,0.0
2019-05-18 13:00:00+00:00,2019-05-18 14:00:00+00:00,0.0,0.0,0.0,0.0,0.0,0.0,0.0,0.0,0.0,0.0,0.0,0.0
2019-05-18 13:15:00+00:00,2019-05-18 14:15:00+00:00,0.0,0.0,0.0,0.0,0.0,0.0,0.0,0.0,0.0,0.0,0.0,0.0
2019-05-18 13:30:00+00:00,2019-05-18 14:30:00+00:00,0.0,0.0,0.0,0.0,0.0,0.0,0.0,0.0,0.0,0.0,0.0,0.0
2019-05-18 13:45:00+00:00,2019-05-18 14:45:00+00:00,0.0,0.0,0.0,0.0,0.0,0.0,0.0,0.0,0.0,0.0,0.0,0.0
2019-05-18 14:00:00+00:00,2019-05-18 15:00:00+00:00,0.0,0.0,0.0,0.0,0.0,0.0,0.0,0.0,0.0,0.0,0.07016392052173615,0.0
2019-05-18 14:15:00+00:00,2019-05-18 15:15:00+00:00,0.0,0.0,0.0,0.0,0.0,0.0,0.0,0.0,0.0,0.0,0.052749235183000565,0.0
2019-05-18 14:30:00+00:00,2019-05-18 15:30:00+00:00,0.0,0.0,0.0,0.0,0.0,0.0,0.0,0.0,0.0,0.0,0.11754047125577927,0.0
2019-05-18 14:45:00+00:00,2019-05-18 15:45:00+00:00,0.0,0.0,0.0,0.0,0.0,0.0033731800105275293,0.0,0.0,0.0,0.0,0.23050381243228912,0.0
2019-05-18 15:00:00+00:00,2019-05-18 16:00:00+00:00,0.0,0.0,0.0,0.0,0.0,0.0,0.0,0.0,0.0,0.0,0.4751538038253784,0.0
2019-05-18 15:15:00+00:00,2019-05-18 16:15:00+00:00,0.0,0.0,0.0,0.0,0.0,0.0,0.0,0.0,0.0,0.0,0.6391240954399109,0.0
2019-05-18 15:30:00+00:00,2019-05-18 16:30:00+00:00,0.0,0.0,0.0,0.0,0.0,0.0,0.0,0.0,0.0,0.0,0.7713575959205627,0.0
2019-05-18 15:45:00+00:00,2019-05-18 16:45:00+00:00,0.0,0.0,0.0,0.0,0.0,0.0,0.0,0.0,0.0,0.0,0.8450824618339539,0.0
2019-05-18 16:00:00+00:00,2019-05-18 17:00:00+00:00,0.0,0.0,0.0,0.0,0.0,0.0,0.0,0.0,0.0,0.0,1.0421456098556519,0.0
2019-05-18 16:15:00+00:00,2019-05-18 17:15:00+00:00,0.0,0.0,0.0,6.483304513795591e-05,0.015349018869879319,0.0018713036212867679,0.0,0.0,0.0,0.0,1.1094436645507812,0.0
2019-05-18 16:30:00+00:00,2019-05-18 17:30:00+00:00,0.0,0.0,0.0,0.0,0.015349018869879319,0.0018713036212867679,0.0,0.0,0.0,0.0,1.1256623268127441,0.0
2019-05-18 16:45:00+00:00,2019-05-18 17:45:00+00:00,0.0,0.0,0.0,6.483304513795591e-05,0.015349018869879319,0.0018713036212867679,0.0,0.0,0.0,0.0,1.2012497186660767,0.0
2019-05-18 17:00:00+00:00,2019-05-18 18:00:00+00:00,0.0,0.0,0.0,0.00123786189837715,0.01942692650606657,0.0,0.0,0.0,0.0,0.0,1.2161753177642822,0.0
2019-05-18 17:15:00+00:00,2019-05-18 18:15:00+00:00,0.0,0.0,0.0,0.00019668783103547727,0.02607726084416109,0.0,0.004855142906308174,0.0,0.0,0.10677050799131393,1.408393383026123,0.0
2019-05-18 17:30:00+00:00,2019-05-18 18:30:00+00:00,0.0,0.0,0.0,0.0,0.0,0.0,0.28880104422569275,0.0,0.0,0.13255256414413452,1.4263516664505005,0.0
2019-05-18 17:45:00+00:00,2019-05-18 18:45:00+00:00,0.0,0.0,0.0,0.01208969253381943,0.0,0.0,0.24131952226161957,0.0,0.0,0.21093185245990753,1.3818552494049072,0.0
2019-05-18 18:00:00+00:00,2019-05-18 19:00:00+00:00,0.0,0.0,0.0,0.003091125827504669,0.0,0.0,0.43532460927963257,0.0,0.0,0.32349008321762085,1.6126145124435425,0.0
2019-05-18 18:15:00+00:00,2019-05-18 19:15:00+00:00,0.0,0.0,0.0,0.003091125827504669,0.0,0.0,0.6477500796318054,0.0,0.0,0.36925172805786133,1.6685051918029785,0.0
2019-05-18 18:30:00+00:00,2019-05-18 19:30:00+00:00,0.0,0.0,0.0,0.01208969253381943,0.01942692650606657,0.0,0.6056627035140991,0.0,0.0,0.43738436698913574,1.6358129978179932,0.0
2019-05-18 18:45:00+00:00,2019-05-18 19:45:00+00:00,0.0,0.0,0.0,0.024871309593550713,0.01886219527006261,0.0,0.46099451184272766,0.0,0.0,0.3057471811771393,1.5346789360046387,0.0
2019-05-18 19:00:00+00:00,2019-05-18 20:00:00+00:00,0.0,0.0,0.0,0.04001531922834506,0.04938822324865101,0.0669928897632694,0.5631499290466309,0.0,0.0,0.2849861681461334,1.67166006565094,0.24097560346126556
2019-05-18 19:15:00+00:00,2019-05-18 20:15:00+00:00,0.0,0.0,0.0,0.03927196028058974,0.042267158338144345,0.04627157432474387,0.7928063869476318,0.0,0.0,0.39713436365127563,1.7747975587844849,0.7531794905662537
2019-05-18 19:30:00+00:00,2019-05-18 20:30:00+00:00,0.0,0.0,0.0,0.038870312893282494,0.04283188957414831,0.04627157432474387,0.9723265171051025,0.0,0.0,0.4386683404445648,1.8519636392593384,1.131273627281189
2019-05-18 19:45:00+00:00,2019-05-18 20:45:00+00:00,0.0,0.0,0.0,0.02446966220624346,0.05266209452942608,0.04253004784610161,1.1420087814331055,0.0,0.0,0.5003312230110168,1.9429219961166382,1.4290485382080078
2019-05-18 20:00:00+00:00,2019-05-18 21:00:00+00:00,0.0,0.0,0.0,0.04377850817123129,0.2881400462865157,0.029855975267824603,1.1907397508621216,0.10391739010810852,0.0,0.4472668468952179,2.063289165496826,1.5721380710601807
2019-05-18 20:15:00+00:00,2019-05-18 21:15:00+00:00,0.0,0.0,0.0,0.04377850817123129,0.2881400462865157,0.029855975267824603,1.3191686868667603,0.2631317973136902,0.0,0.4950374662876129,2.2167422771453857,1.8791913986206055
2019-05-18 20:30:00+00:00,2019-05-18 21:30:00+00:00,0.060125,3.0,0.0,0.044180155558538534,0.28757531505051176,0.029855975267824603,1.4504165649414062,0.36025431752204895,0.0,0.5685039162635803,2.327625036239624,2.0880184173583984
2019-05-18 20:45:00+00:00,2019-05-18 21:45:00+00:00,0.2611739999999999,9.0,0.0,0.055858720676786856,0.3404414524306012,0.005393133350656775,1.5494980812072754,0.5433136820793152,0.0,0.6551369428634644,2.502291440963745,2.1963798999786377
2019-05-18 21:00:00+00:00,2019-05-18 22:00:00+00:00,0.726332,24.0,0.0,0.2532531091174807,0.4853745351812618,0.38629922142861184,1.7419936656951904,0.8207827806472778,0.0,0.7138203382492065,2.964141368865967,2.6448864936828613
2019-05-18 21:15:00+00:00,2019-05-18 22:15:00+00:00,0.920172,29.0,0.0,0.46148495834695014,0.7429746465478038,0.6681994667761322,1.8971418142318726,1.1774288415908813,0.0,0.9249005913734436,3.383100986480713,2.9297866821289062
2019-05-18 21:30:00+00:00,2019-05-18 22:30:00+00:00,1.820274,54.0,0.060125,0.5109408370814134,0.793497719397977,0.8118283838837224,2.0822230644226076,1.5173003740310669,0.0011146247088909128,1.1558889217376709,3.7056752510070803,3.499601013183594
2019-05-18 21:45:00+00:00,2019-05-18 22:45:00+00:00,3.5090230000000004,102.0,0.2611739999999999,1.2293788694107526,1.5119011239765416,1.4758571636372713,2.4693587190856934,1.9508835441818237,0.4540796793451308,1.5455589658966065,4.081317938064575,4.0786059267272945
2019-05-18 22:00:00+00:00,2019-05-18 23:00:00+00:00,3.940563,113.0,0.726332,2.289347838324729,2.5883479777618548,2.5325111941372787,3.201288035614014,2.683188966018677,1.1753141195602417,1.841129830581665,4.570999911529541,4.548035433990479
2019-05-18 22:15:00+00:00,2019-05-18 23:15:00+00:00,3.782078,114.0,0.920172,2.8891369176812964,2.7501554553464924,3.1273324608385455,3.5770542860717773,3.0278697252960205,1.5767623425216675,2.0021193266601562,4.823883795806885,4.7328164816589355
2019-05-18 22:30:00+00:00,2019-05-18 23:30:00+00:00,3.985625,128.0,1.820274,4.07729014069131,4.692466248617095,5.2078529680866446,4.746552591156005,4.348239068817138,2.645476465057373,3.034838323425293,5.952059869598388,5.798466567825317
2019-05-18 22:45:00+00:00,2019-05-18 23:45:00+00:00,4.631485,133.0,3.5090230000000004,6.494436310133565,6.773220383695794,7.285522808825175,6.637419272659303,6.309159089324952,4.477110255954743,4.942066360710145,7.7393944752197275,7.514599610565186
2019-05-18 23:00:00+00:00,2019-05-19 00:00:00+00:00,4.376969,141.0,3.940563,8.079359931795988,8.957727995373874,9.182981088595216,7.337912834442139,7.359748638427734,5.610233224189758,5.740828073776245,8.491590774810792,8.300766742980958
2019-05-18 23:15:00+00:00,2019-05-19 00:15:00+00:00,6.995407000000001,227.0,3.782078,7.756236050253421,8.90783582679771,9.295104836956039,7.421551199844361,7.519924374511719,5.71952507107544,5.739251824310303,8.536495896270752,8.204044075897217
2019-05-18 23:30:00+00:00,2019-05-19 00:30:00+00:00,5.990797,194.0,3.985625,8.893952376454362,9.518837994702963,9.556404097989867,8.033349723815919,8.437407703399659,6.641305179595948,6.263733358383179,9.25486967086792,8.616831512451173
2019-05-18 23:45:00+00:00,2019-05-19 00:45:00+00:00,14.706129999999998,416.0,4.631485,10.079092869860867,10.438242541140188,10.221594987734488,8.820758834228515,9.513622298583984,7.399486794815063,7.131920590744018,10.04198361907959,9.309194579467773
2019-05-19 00:00:00+00:00,2019-05-19 01:00:00+00:00,13.01781,383.0,4.376969,9.996119657779545,11.859573086121374,10.034465775433615,8.7144295178833,9.548527380126952,7.53269614805603,6.914435764450073,10.214337965148925,9.61663260092163
2019-05-19 00:15:00+00:00,2019-05-19 01:15:00+00:00,15.28844,443.0,6.995407000000001,13.027109386434748,14.779680880684246,12.926077470008618,11.107281103546143,12.423240080291748,10.528699770385742,9.984602346832276,12.953715219909668,12.353527441436768
2019-05-19 00:30:00+00:00,2019-05-19 01:30:00+00:00,22.864189,644.0,5.990797,12.407602755622232,14.875040134561392,13.555473286989265,10.086789088317872,11.446078734466553,9.46849556452942,8.838092999526978,12.013374285766602,11.114025073120118
2019-05-19 00:45:00+00:00,2019-05-19 01:45:00+00:00,19.884809,646.0,14.706129999999998,19.053035712487308,19.85897996879717,16.534531110841762,18.117354126815794,19.31726119125366,16.854709359054564,17.515701981430052,19.707433672790525,18.464184733276365
2019-05-19 01:00:00+00:00,2019-05-19 02:00:00+00:00,14.14547,448.0,13.01781,19.631569347644596,22.296016117271616,18.36460615958635,16.474789274749757,18.02258981567383,16.123795403060914,16.513414991912843,18.214631212768555,17.168140543518067
2019-05-19 01:15:00+00:00,2019-05-19 02:15:00+00:00,27.682809999999996,847.0,15.28844,20.54661369158141,23.8007306564457,19.109084103485028,18.505583058776857,19.680475961151124,17.680964719238283,18.70492054122925,19.683278809967042,19.00589038032532
2019-05-19 01:30:00+00:00,2019-05-19 02:30:00+00:00,29.726379,937.0,22.864189,25.108391283503707,26.299791334067173,23.486609182479985,25.278730721343994,26.038181395401,23.69931933390045,25.212828249801635,25.436216921676635,24.946707577575683
2019-05-19 01:45:00+00:00,2019-05-19 02:45:00+00:00,30.147249,950.0,19.884809,24.277437580846605,24.33026135682743,22.112152929060244,22.202094299301148,22.883266193374634,20.036496771081925,22.13104842375183,21.638804895385743,21.121056539520264
2019-05-19 02:00:00+00:00,2019-05-19 03:00:00+00:00,30.816629,978.0,14.14547,23.378530945310885,24.69403817718368,21.225686486929227,17.092927551956176,17.939962483139038,14.883734143466949,17.168226814956665,17.16501674720764,15.693369484634399
2019-05-19 02:15:00+00:00,2019-05-19 03:15:00+00:00,31.115,993.0,27.682809999999996,29.156198501566266,29.61715996124187,26.78720523397716,29.53153448444366,29.76579850059509,26.926796964225765,28.55137466531753,28.873548201141354,27.44079092782497
2019-05-19 02:30:00+00:00,2019-05-19 03:30:00+00:00,31.742379999999997,1019.0,29.726379,28.370893632410827,29.364868596910945,27.2617269189552,30.70709648018265,31.021098696044923,28.078774653724672,29.40789379959488,29.75725354289198,28.4286415207901
2019-05-19 02:45:00+00:00,2019-05-19 03:45:00+00:00,31.962,1008.0,30.147249,28.064636607515382,29.689452295160187,29.179306447159643,30.635125176834105,30.921217636989592,27.78381349317932,29.143296616004942,29.27014388315582,28.028598086761473
2019-05-19 03:00:00+00:00,2019-05-19 04:00:00+00:00,33.648998,1049.0,30.816629,25.433578835765434,29.796900337426838,29.11358320211521,31.7072602584877,31.956659860900878,29.38011331110382,30.571499250821113,29.713047929100036,28.814576931289672
2019-05-19 03:15:00+00:00,2019-05-19 04:15:00+00:00,29.779751,961.0,31.115,25.850039519893294,28.930229001509044,29.242483080334424,31.407193830013274,30.86281787395477,28.33123086929321,29.561969866752623,29.890182485580443,28.154699792861937
2019-05-19 03:30:00+00:00,2019-05-19 04:30:00+00:00,29.190001,792.0,31.742379999999997,26.868613487474136,29.0029754515622,29.37602889932551,31.48281300747871,30.833689964656827,28.541855431442258,29.514741516952512,30.016526676063535,28.034731007461545
2019-05-19 03:45:00+00:00,2019-05-19 04:45:00+00:00,35.11813,1139.0,31.962,24.353587480243245,26.774914219121214,27.532908115645267,30.86236952495575,30.297076808929443,28.122224199295044,29.000748502731323,29.655548202514648,27.32577191543579
2019-05-19 04:00:00+00:00,2019-05-19 05:00:00+00:00,28.75425,862.0,33.648998,24.352830796877424,24.906679909867492,26.408337881819005,32.03064439472961,32.19876811680603,29.7786149757843,30.716216780517577,31.163466908309935,28.837007738922118
2019-05-19 04:15:00+00:00,2019-05-19 05:15:00+00:00,28.671128999999997,919.0,29.779751,26.424323380739555,25.68611771463376,26.154006228084636,28.222376284194947,28.684802589012147,26.063788828445436,27.421218571258546,27.368404087615968,25.07744329888916
2019-05-19 04:30:00+00:00,2019-05-19 05:30:00+00:00,31.759001,953.0,29.190001,27.844952039987792,25.92526202703168,25.877159544572766,27.8589223514328,28.37953566415405,25.757725227905272,27.349555004669188,26.85287999017334,24.65577362878418
2019-05-19 04:45:00+00:00,2019-05-19 05:45:00+00:00,28.98875,775.0,35.11813,27.472815890346638,25.606272401739027,25.715946037871856,33.35112503326416,33.582091362838746,31.353722365264893,32.22535637176514,31.069382460479737,30.222446711425782
2019-05-19 05:00:00+00:00,2019-05-19 06:00:00+00:00,31.109751,837.0,28.75425,26.55129056215304,23.98198079257807,24.0254120320819,26.631426284790038,26.75246352958679,24.419168422698974,25.540586183547973,25.59918637084961,23.127945850372313
2019-05-19 05:15:00+00:00,2019-05-19 06:15:00+00:00,27.063749,716.0,28.671128999999997,24.639800834578292,22.314819093830838,23.49612142414362,26.317149889282224,26.578766834548947,24.182338487915036,25.03205848913574,25.573386442474362,22.866632711700436
2019-05-19 05:30:00+00:00,2019-05-19 06:30:00+00:00,29.19875,824.0,31.759001,24.618737090445048,24.890774854092232,23.468677892347294,29.035226090026857,28.886784536911012,26.934457523895265,27.588414414001466,28.264766676498414,25.583620293212892
2019-05-19 05:45:00+00:00,2019-05-19 06:45:00+00:00,24.838619,627.0,28.98875,23.970240076336502,24.43086014239551,23.63488706685333,26.122075815200805,22.62393714904785,23.826114196777343,24.617728729248046,25.674685974121093,22.441488761901855
2019-05-19 06:00:00+00:00,2019-05-19 07:00:00+00:00,27.590059000000004,771.0,31.109751,23.661021262950587,23.448900381451747,23.65237148373977,27.859447493148803,24.089430584503173,25.50206591088867,26.00531746347046,27.195082201553344,23.98318268258667
2019-05-19 06:15:00+00:00,2019-05-19 07:15:00+00:00,24.133381,673.0,27.063749,21.91637710288412,21.38578738470806,21.367275293179464,23.99967877523804,20.62492291586304,21.611145183013917,22.54646317617798,23.558005734848024,19.964799090789796
2019-05-19 06:30:00+00:00,2019-05-19 07:30:00+00:00,22.29719,610.0,29.19875,21.96342785206481,21.530081343045307,22.545216571646314,25.861786823272706,23.650568466186524,23.371314029693604,24.118333320617676,25.035458068847657,21.84275100708008
2019-05-19 06:45:00+00:00,2019-05-19 07:45:00+00:00,21.238001,583.0,24.838619,18.997741444826808,18.191300644498163,18.427322959472676,22.437327868026735,21.045653826278688,19.836251026672365,21.277322298568727,21.237116104644777,18.094343906921388
2019-05-19 07:00:00+00:00,2019-05-19 08:00:00+00:00,19.32831,527.0,27.590059000000004,17.19935704267981,17.8382174239954,18.955920143189804,24.341914373382572,20.5985309657898,21.579374032958988,22.195862489685062,22.569373327239994,19.93693848226929
2019-05-19 07:15:00+00:00,2019-05-19 08:15:00+00:00,17.485121,468.0,24.133381,16.415636953168033,15.91050945032553,15.801650759086808,20.960294595199585,17.45415030999756,18.37603818460083,18.92301427407837,19.6968518404541,16.43038093133545
2019-05-19 07:30:00+00:00,2019-05-19 08:30:00+00:00,15.78106,414.0,22.29719,14.758245987072904,14.161626284128015,14.684118372692259,19.13528208869934,15.797625829162598,16.650519181671143,17.17499237197876,18.116180230560303,14.547280122222901
2019-05-19 07:45:00+00:00,2019-05-19 08:45:00+00:00,13.21359,335.0,21.238001,13.768219649552364,13.597418270187998,13.441431427610592,18.13574327142334,17.190434109283448,15.770515095306397,16.178771626068116,17.19237626702881,13.405775200439454
2019-05-19 08:00:00+00:00,2019-05-19 09:00:00+00:00,11.28181,276.0,19.32831,10.514968247255839,10.210614489251668,10.771786437324305,17.020773874816893,16.752584682998656,15.144427763519285,14.652965055999754,15.03828381210327,12.155466543731688
2019-05-19 08:15:00+00:00,2019-05-19 09:15:00+00:00,8.905969,215.0,17.485121,9.060936723830219,10.94351162791394,10.112900632227989,15.188857782073974,14.759461867996215,13.927258002944946,12.959874379821777,13.184400308319091,10.599762666412353
2019-05-19 08:30:00+00:00,2019-05-19 09:30:00+00:00,6.989610000000001,178.0,15.78106,6.444572691530057,8.662948836468011,7.843846576209395,12.957234640655518,12.126995344696045,11.38805987411499,10.726453085479736,11.722061415252686,8.689689894256592
2019-05-19 08:45:00+00:00,2019-05-19 09:45:00+00:00,4.843672,112.0,13.21359,4.724499434409286,6.125724943361302,5.4230691621157705,10.594637010421753,8.093134258117676,8.855625007476807,8.374545429077148,9.704635236587524,6.511988017883301
2019-05-19 09:00:00+00:00,2019-05-19 10:00:00+00:00,3.301102,89.0,11.28181,3.472583232907395,2.65110346878881,2.433213780329118,8.64660115486145,7.735622837600708,7.050663187561035,6.344790651855469,7.774882509765625,4.577174379882813
2019-05-19 09:15:00+00:00,2019-05-19 10:15:00+00:00,2.364141,83.0,8.905969,2.2457219811143565,1.9642502038290073,1.909307680085764,6.558998680252076,6.016526556152344,4.931317663330079,4.449236726898194,5.835707998413087,2.80803427709961
2019-05-19 09:30:00+00:00,2019-05-19 10:30:00+00:00,1.503332,58.0,6.989610000000001,1.5062908313817953,1.3204392827225118,1.455522872390194,4.617717309341431,4.562327905044556,3.052631659851075,2.8294361070251473,4.444768472061158,1.3739264443969734
2019-05-19 09:45:00+00:00,2019-05-19 10:45:00+00:00,1.080543,40.0,4.843672,1.3592328596900156,1.3401124945285485,1.4093229452620244,2.85524209601593,3.163030706474304,1.4273762331695554,1.2535018549652097,3.17674609286499,0.0
2019-05-19 10:00:00+00:00,2019-05-19 11:00:00+00:00,0.544934,19.0,3.301102,0.8451031402925954,0.8462780160291054,1.0324480301004082,1.53927453112793,2.5204471523780825,0.0,0.0,1.7628721768875124,0.0
2019-05-19 10:15:00+00:00,2019-05-19 11:15:00+00:00,0.265836,8.0,2.364141,0.0,0.8553618261565574,0.9811080043763192,0.5758890039596558,2.747295571056366,0.0,0.0,1.3754915721092225,0.0
2019-05-19 10:30:00+00:00,2019-05-19 11:30:00+00:00,0.004816,0.0,1.503332,0.296211906748675,0.6766039169150275,0.5509000814567561,0.2995714952774047,2.790519337875366,0.0,0.0,1.3231676479406356,0.0
2019-05-19 10:45:00+00:00,2019-05-19 11:45:00+00:00,0.0,0.0,1.080543,0.11244700564820051,0.7852760116774821,0.7017112588451183,0.0,2.2766291682891846,0.0,0.0,1.5026450340919495,0.0
2019-05-19 11:00:00+00:00,2019-05-19 12:00:00+00:00,0.0,0.0,0.544934,0.12489788336945006,0.353355692037297,0.43281575028530656,0.0,1.6842264785614014,0.0,0.0,1.2036608710136414,0.0
2019-05-19 11:15:00+00:00,2019-05-19 12:15:00+00:00,0.0,0.0,0.265836,0.12943696963794377,0.4068708657053623,0.5817712996807878,0.0,1.0414635534629821,0.0,0.0,1.1773476000175476,0.0
2019-05-19 11:30:00+00:00,2019-05-19 12:30:00+00:00,0.0,0.0,0.004816,0.028217245679690445,0.16708103640004449,0.3564132456938609,0.0,0.8551174445304871,0.0,0.0,1.2395333690795898,0.0
2019-05-19 11:45:00+00:00,2019-05-19 12:45:00+00:00,0.0,0.0,0.0,0.021399965853918283,0.2852046526312184,0.4851092910939939,0.0,0.49593034386634827,0.0,0.0,1.3498235940933228,0.0
2019-05-19 12:00:00+00:00,2019-05-19 13:00:00+00:00,0.0,0.0,0.0,0.0,0.012253038337343945,0.27118066914731564,0.0,0.4169992506504059,0.0,0.0,1.4438341856002808,0.0
2019-05-19 12:15:00+00:00,2019-05-19 13:15:00+00:00,0.0,0.0,0.0,0.015751433504522065,0.1410891723580454,0.35116899131822965,0.0,0.33883190155029297,0.0,0.0,1.5056099891662598,0.0
2019-05-19 12:30:00+00:00,2019-05-19 13:30:00+00:00,0.0,0.0,0.0,0.013106035344207817,0.2679624995152548,0.4825256358165756,0.0,0.1849537491798401,0.0,0.0,1.5535281896591187,0.0
2019-05-19 12:45:00+00:00,2019-05-19 13:45:00+00:00,0.0,0.0,0.0,0.0,0.0,0.27118066914731564,0.0,0.14459910988807678,0.0,0.0,1.6224148273468018,0.0
2019-05-19 13:00:00+00:00,2019-05-19 14:00:00+00:00,0.0,0.0,0.0,0.007787649788884258,0.2654309846066361,0.4825256358165756,0.0,0.0,0.0,0.0,1.597244381904602,0.0
2019-05-19 13:15:00+00:00,2019-05-19 14:15:00+00:00,0.0,0.0,0.0,0.0,0.1410891723580454,0.35116899131822965,0.0,0.06914497911930084,0.0,0.0,1.6777578592300415,0.0
2019-05-19 13:30:00+00:00,2019-05-19 14:30:00+00:00,0.0,0.0,0.0,0.0,0.2780636522764371,0.4885163372222906,0.0,0.0,0.0,0.0,1.6797311305999756,0.0
2019-05-19 13:45:00+00:00,2019-05-19 14:45:00+00:00,0.0,0.0,0.0,0.0,0.2704509498137425,0.4885163372222906,0.0,0.0,0.0,0.0,1.6939008235931396,0.0
2019-05-19 14:00:00+00:00,2019-05-19 15:00:00+00:00,0.0,0.0,0.0,0.0,0.2704509498137425,0.49751178285296616,0.0,0.0,0.0,0.0,1.7322473526000977,0.0
2019-05-19 14:15:00+00:00,2019-05-19 15:15:00+00:00,0.0,0.0,0.0,0.0,0.1479468621435817,0.36118039995977314,0.07230720669031143,0.0,0.0,0.0,1.9605913162231445,0.0
2019-05-19 14:30:00+00:00,2019-05-19 15:30:00+00:00,0.0,0.0,0.0,0.0,0.0,0.28119207778885913,0.1621694415807724,0.0,0.0,0.0,2.0416078567504883,0.0
2019-05-19 14:45:00+00:00,2019-05-19 15:45:00+00:00,0.0,0.0,0.0,0.0,0.1479468621435817,0.36118039995977314,0.253364622592926,0.0,0.0,0.0,2.1678545475006104,0.0
2019-05-19 15:00:00+00:00,2019-05-19 16:00:00+00:00,0.0,0.0,0.0,0.0,0.027534379489802977,0.03758458968079157,0.4048739969730377,0.0,0.0,0.0,2.2346818447113037,0.0
2019-05-19 15:15:00+00:00,2019-05-19 16:15:00+00:00,0.0,0.0,0.0,0.0,0.020676689704266695,0.03758458968079157,0.48869165778160095,0.0,0.0,0.0,2.2869088649749756,0.004718313924968243
2019-05-19 15:30:00+00:00,2019-05-19 16:30:00+00:00,0.0,0.0,0.0,0.0,0.027534379489802977,0.03758458968079157,0.522770881652832,0.0,0.0,0.0,2.4077682495117188,0.15081465244293213
2019-05-19 15:45:00+00:00,2019-05-19 16:45:00+00:00,0.0,0.0,0.0,0.0,0.027534379489802977,0.03758458968079157,0.5627665519714355,0.0,0.0,0.0,2.51583194732666,0.2771148681640625
2019-05-19 16:00:00+00:00,2019-05-19 17:00:00+00:00,0.0,0.0,0.0,0.04323422337702082,0.022909476415753843,0.18392989696325943,0.5427803993225098,0.0,0.0,0.0,2.6468257904052734,0.5222457647323608
2019-05-19 16:15:00+00:00,2019-05-19 17:15:00+00:00,0.0,0.0,0.0,0.0,0.026779366812644635,0.18941626228358824,0.6048993468284607,0.0,0.0,0.0,2.786243438720703,0.6195394396781921
2019-05-19 16:30:00+00:00,2019-05-19 17:30:00+00:00,0.0,0.0,0.0,0.007337309443156334,0.026779366812644635,0.18941626228358824,0.6091718077659607,0.0,0.0,0.0008403139072470367,2.9258575439453125,0.7281932234764099
2019-05-19 16:45:00+00:00,2019-05-19 17:45:00+00:00,0.0,0.0,0.0,0.007434311865420726,0.026779366812644635,0.18941626228358824,0.6204511523246765,0.0,0.0,0.07708536833524704,3.0490691661834717,0.7508896589279175
2019-05-19 17:00:00+00:00,2019-05-19 18:00:00+00:00,0.0,0.0,0.0,0.003638026801196922,0.2882903522336635,0.5250288212155153,0.6248485445976257,0.039312250912189484,0.0,0.18635444343090057,3.196132183074951,0.854779064655304
2019-05-19 17:15:00+00:00,2019-05-19 18:15:00+00:00,0.0,0.0,0.0,0.007434311865420726,0.2882903522336635,0.5250288212155153,0.6275843977928162,0.07573099434375763,0.0,0.2551552355289459,3.3159210681915283,0.956197202205658
2019-05-19 17:30:00+00:00,2019-05-19 18:30:00+00:00,0.0,0.0,0.0,0.007434311865420726,0.2882903522336635,0.5250288212155153,0.623197078704834,0.10805142670869827,0.0,0.2783910632133484,3.410893440246582,1.0348787307739258
2019-05-19 17:45:00+00:00,2019-05-19 18:45:00+00:00,0.0,0.0,0.0,0.0,0.27641269724102085,0.5250288212155153,0.6340290904045105,0.11541613191366196,0.0,0.3028448820114136,3.46234130859375,1.2052427530288696
2019-05-19 18:00:00+00:00,2019-05-19 19:00:00+00:00,0.0,0.0,0.0,0.006261283012181533,0.2882903522336635,0.5344340771846539,0.6566657423973083,0.20266424119472504,0.0,0.4287053942680359,3.6207759380340576,1.313137173652649
2019-05-19 18:15:00+00:00,2019-05-19 19:15:00+00:00,0.0,0.0,0.0,0.0,0.23687360966001578,0.5344340771846539,0.6488416790962219,0.2461218684911728,0.0,0.5224642753601074,3.769531488418579,1.4948761463165283
2019-05-19 18:30:00+00:00,2019-05-19 19:30:00+00:00,0.0,0.0,0.0,0.0,0.2882903522336635,0.5344340771846539,0.6675733327865601,0.2942379415035248,0.0,0.5873293876647949,3.8596794605255127,1.671675682067871
2019-05-19 18:45:00+00:00,2019-05-19 19:45:00+00:00,0.0,0.0,0.0,0.007434311865420726,0.2882903522336635,0.5344340771846539,0.7347272038459778,0.2761244475841522,0.0,0.6750138401985168,3.8967745304107666,1.914633870124817
2019-05-19 19:00:00+00:00,2019-05-19 20:00:00+00:00,0.0,0.0,0.0,0.05081926428305007,0.2844204618367727,0.5249270046284965,0.7207509875297546,0.4454275071620941,0.0,0.8206762075424194,4.153796195983887,1.952698826789856
2019-05-19 19:15:00+00:00,2019-05-19 20:15:00+00:00,0.0,0.0,0.0,0.05081926428305007,0.2844204618367727,0.6059407066732566,0.8228740692138672,0.510120153427124,0.0,0.9603664875030518,4.2352118492126465,2.126377582550049
2019-05-19 19:30:00+00:00,2019-05-19 20:30:00+00:00,0.0,0.0,0.0,0.007434311865420726,0.2882903522336635,0.6114270719935854,0.9179758429527283,0.6089661717414856,0.0,1.0500209331512451,4.330804347991943,2.237597942352295
2019-05-19 19:45:00+00:00,2019-05-19 20:45:00+00:00,0.0,0.0,0.0,0.007434311865420726,0.3073003446469923,0.5304133699488254,1.00471031665802,0.7622677683830261,0.125742569565773,1.1150562763214111,4.463109016418457,2.382136344909668
2019-05-19 20:00:00+00:00,2019-05-19 21:00:00+00:00,0.0,0.0,0.0,0.0,0.24165842646331376,0.5145056003201206,0.9955337643623352,0.961967408657074,0.18348395824432373,1.2470933198928833,4.561931133270264,2.4090774059295654
2019-05-19 20:15:00+00:00,2019-05-19 21:15:00+00:00,0.0820429999999999,3.0,0.0,0.0,0.2930751690369615,0.5145056003201206,1.141365647315979,1.0903606414794922,0.23630723357200623,1.3705203533172607,4.569139003753662,2.634925603866577
2019-05-19 20:30:00+00:00,2019-05-19 21:30:00+00:00,0.404735,18.0,0.0,0.015774612528521623,0.3010698672858386,0.5221409378131807,1.3193304538726807,1.2652240991592407,0.3567863404750824,1.476993203163147,4.643099308013916,2.8614046573638916
2019-05-19 20:45:00+00:00,2019-05-19 21:45:00+00:00,0.767061,36.0,0.0,0.10672487815334224,0.29719997688894784,0.5166545724928518,1.4676264524459839,1.4167994260787964,0.48383060097694397,1.573378324508667,4.727199077606201,3.0061841011047363
2019-05-19 21:00:00+00:00,2019-05-19 22:00:00+00:00,1.097551,53.0,0.0,0.1899351999630122,0.3785363450167208,0.6402083345081332,1.512197494506836,1.7453267574310303,0.6368858814239502,1.6899945735931396,4.859067440032959,3.0335280895233154
2019-05-19 21:15:00+00:00,2019-05-19 22:15:00+00:00,1.41277,66.0,0.0820429999999999,0.718736613336836,0.8039921968703253,1.3508663846196354,1.69512254788208,2.0303947408370973,0.8338754255943297,1.8716915328674315,5.010199852722168,3.3315697391204835
2019-05-19 21:30:00+00:00,2019-05-19 22:30:00+00:00,2.011242,114.0,0.404735,0.7056636281649256,0.971666379636966,1.4235547169212637,2.2062706063842774,2.5730196546173096,1.3289441774940491,2.3163525174713135,5.447709472045898,3.871830136642456
2019-05-19 21:45:00+00:00,2019-05-19 22:45:00+00:00,3.199,154.0,0.767061,1.3231942238125098,1.6403007844097695,2.150511512068939,2.8273813773498535,3.173061852584839,1.8719785262451172,2.8379221011505127,5.9303805877075195,4.388115649353027
2019-05-19 22:00:00+00:00,2019-05-19 23:00:00+00:00,4.942,199.0,1.097551,2.495881459616546,3.118947891278582,2.92019010869923,3.5786799310455324,4.092358004928589,2.6514440892944338,3.3896666883239748,6.592960965515137,5.004708421112061
2019-05-19 22:15:00+00:00,2019-05-19 23:15:00+00:00,6.92475,266.0,1.41277,3.598337264334054,3.738707223532921,4.260096062880575,4.364929881591797,4.922765937347412,3.5041310458374024,3.878287282485962,7.197138991851807,5.426483836669922
2019-05-19 22:30:00+00:00,2019-05-19 23:30:00+00:00,9.102625,337.0,2.011242,5.636001640097988,5.904476252465092,6.5835326681293775,5.366026727096558,6.152211276428223,4.672035542861939,4.660838214294434,8.106490699188232,6.09105214251709
2019-05-19 22:45:00+00:00,2019-05-19 23:45:00+00:00,11.36166,401.0,3.199,8.392359790230202,8.434228623939822,9.253373727123007,6.876417278289795,8.026736377716064,6.305903314590454,6.022467493057251,9.50133383178711,7.31153023147583
2019-05-19 23:00:00+00:00,2019-05-20 00:00:00+00:00,13.599470000000002,462.0,4.942,11.172133999276216,11.756905010252677,12.627066278534203,9.009771911621094,10.552750675201416,8.61881360244751,8.22812732887268,11.84423503112793,8.941438047409058
2019-05-19 23:15:00+00:00,2019-05-20 00:15:00+00:00,15.61963,520.0,6.92475,13.43427854488898,14.013907244299206,15.099948942918417,11.274962574005126,13.14336982345581,10.89594903564453,10.580602794647216,14.015090614318847,10.764026790618896
2019-05-19 23:30:00+00:00,2019-05-20 00:30:00+00:00,17.53194,575.0,9.102625,16.559203492444905,16.21934123726352,16.649074216895116,13.613587009429931,15.658972846984863,13.016723978042602,13.033850538253784,16.01013051223755,12.662592994689941
2019-05-19 23:45:00+00:00,2019-05-20 00:45:00+00:00,19.33181,618.0,11.36166,19.19938612157315,18.71930702577263,19.280404436333086,15.773628231201172,18.1397623979187,15.283556934509278,15.366834160003663,17.80379390350342,14.416287656936646
2019-05-20 00:00:00+00:00,2019-05-20 01:00:00+00:00,20.240499,667.0,13.599470000000002,19.999578136661306,20.827765769158805,20.974395579140896,17.99567685577393,20.282909254760746,17.081880192489628,17.85902200195313,20.106794218750004,16.498612265319828
2019-05-20 00:15:00+00:00,2019-05-20 01:15:00+00:00,20.93788,712.0,15.61963,22.123454360141366,22.300032499433623,22.588133654209003,19.83653368652344,21.8033515423584,18.092479607467652,19.847554823760987,21.536382338409425,18.08020987213135
2019-05-20 00:30:00+00:00,2019-05-20 01:30:00+00:00,23.832809,750.0,17.53194,25.202416728231057,25.195815795340216,25.598669904424565,21.499290482940673,23.224600331726073,19.01298155063629,21.541340367736815,22.719430463256835,19.47001828426361
2019-05-20 00:45:00+00:00,2019-05-20 01:45:00+00:00,25.19606,792.0,19.33181,26.099476722065116,25.732835807515713,26.133927313555517,23.04311681037903,24.620000841674806,20.039322199878693,23.003675224838258,23.92441892868042,20.703829290924073
2019-05-20 01:00:00+00:00,2019-05-20 02:00:00+00:00,24.517941,831.0,20.240499,27.483206406063662,27.1214931225054,27.373317442755965,23.463768939422607,25.383543471740722,20.19853179802203,23.77429411833191,24.56495426123047,21.41784284536743
2019-05-20 01:15:00+00:00,2019-05-20 02:15:00+00:00,25.51194,874.0,20.93788,28.079024659663254,27.812189674301504,27.969072878978128,23.918549498443603,25.82493348968506,20.381101151828766,24.084745129470825,25.271089991455078,21.8298797215271
2019-05-20 01:30:00+00:00,2019-05-20 02:30:00+00:00,28.16975,903.0,23.832809,30.380748783207643,29.755984232695756,29.84799631394246,26.27669408796692,28.59120038031006,22.935415296539308,26.443504362091065,27.754446058258058,24.399947433456422
2019-05-20 01:45:00+00:00,2019-05-20 02:45:00+00:00,28.956381,936.0,25.19606,31.398938016528916,30.38267472679285,30.489232721003383,27.082952676353454,29.568940935668945,23.82362323814392,27.1434956174469,28.528305349884032,25.21077128128469
2019-05-20 02:00:00+00:00,2019-05-20 03:00:00+00:00,29.687,965.0,24.517941,31.190289425339028,29.968216380333097,30.455514541193587,25.966468932167054,28.705235483184815,23.19906676007843,26.577197553649903,28.03887868119812,24.526670476481677
2019-05-20 02:15:00+00:00,2019-05-20 03:15:00+00:00,30.00638,979.0,25.51194,32.2960271819025,30.87480602140925,31.242892019723552,26.47809272760391,29.173357245864867,23.933491704406737,27.19293069595337,28.4024794077301,25.126474586668014
2019-05-20 02:30:00+00:00,2019-05-20 03:30:00+00:00,30.50338,997.0,28.16975,32.807294629809576,30.689761794916794,31.08351270971981,28.90056749677658,31.505348468780518,26.413201595306397,28.922497893333436,30.190695310592652,27.140731001853943
2019-05-20 02:45:00+00:00,2019-05-20 03:45:00+00:00,30.886629,1010.0,28.956381,33.28692804968732,31.792488364743022,31.189495448104577,29.388554609733582,32.145843184906006,26.906622088867188,29.02336549701071,30.71524731011963,27.681615031677246
2019-05-20 03:00:00+00:00,2019-05-20 04:00:00+00:00,31.04763,1019.0,29.687,32.868802118849565,31.987542638332783,31.583581811999462,29.537850477814676,32.60803576660156,27.407085859298707,29.61621368032694,31.286911212921144,28.011783444404603
2019-05-20 03:15:00+00:00,2019-05-20 04:15:00+00:00,31.112378999999997,1017.0,30.00638,33.32156105564461,31.780976996245386,31.13557328306731,29.880218141560555,32.93590799797058,27.43231240737915,29.308082678203583,30.88904146183014,28.03045455444336
2019-05-20 03:30:00+00:00,2019-05-20 04:30:00+00:00,31.025749,1011.0,30.50338,32.29706184540146,31.3516503185658,30.59251541671284,29.728320240383148,32.79951709449768,27.207856833343506,29.29839438140869,30.875466137533188,28.238791643981934
2019-05-20 03:45:00+00:00,2019-05-20 04:45:00+00:00,31.18675,996.0,30.886629,31.70200409036829,31.204170106169627,29.982172971561965,29.760443582824706,32.93100751905823,27.024511709503173,28.9473641064682,30.36637355356598,28.084936037353515
2019-05-20 04:00:00+00:00,2019-05-20 05:00:00+00:00,30.97588,979.0,31.04763,31.815282645979014,30.973805977529537,29.495607228252126,29.971321749572756,33.30662267196655,27.104402708892824,28.637411522750856,30.659933316593172,28.090897726898195
2019-05-20 04:15:00+00:00,2019-05-20 05:15:00+00:00,30.562,948.0,31.112378999999997,31.212875048253803,29.702732515874025,28.9110785719364,29.647999689392087,33.14838139753723,27.03851215582275,28.229678079895017,30.632868424467084,27.82251946669006
2019-05-20 04:30:00+00:00,2019-05-20 05:30:00+00:00,30.04138,920.0,31.025749,30.70494162303523,30.109038233410946,29.155797862885773,28.17326596586609,32.44816830961609,26.476994307922364,28.103437455581666,30.48226484863663,27.331323893951417
2019-05-20 04:45:00+00:00,2019-05-20 05:45:00+00:00,29.41925,885.0,31.18675,30.683137088157945,30.011538428727313,28.38320159129669,27.167135780334473,32.15958130884171,26.33731037902832,28.067754810333252,29.565580075263977,27.04101616668701
2019-05-20 05:00:00+00:00,2019-05-20 06:00:00+00:00,28.480379,844.0,30.97588,29.828913957185144,29.323561043403075,28.243298766892607,26.657845351104736,31.626614841823578,25.87637457550049,27.329046580200195,29.154494139556885,26.479328486328125
2019-05-20 05:15:00+00:00,2019-05-20 06:15:00+00:00,27.380059999999997,805.0,30.562,27.529049435882257,26.76479782650846,26.5306312451784,26.05771180343628,30.109204464673997,25.30230113220215,26.804687225341798,28.033343517303468,25.795155727386476
2019-05-20 05:30:00+00:00,2019-05-20 06:30:00+00:00,26.482309000000004,770.0,30.04138,26.749245358801424,25.751370534517857,25.547163978733554,25.689587664489746,29.178337108974457,24.507010054473877,25.914767813568115,27.135649037246704,24.910226893310547
2019-05-20 05:45:00+00:00,2019-05-20 06:45:00+00:00,25.424879,735.0,29.41925,25.552842834917143,24.872359212680614,25.04347217296694,24.96557568359375,28.0477455739975,23.674166667938234,25.158202159881593,26.15292190361023,23.903618801116945
2019-05-20 06:00:00+00:00,2019-05-20 07:00:00+00:00,24.205999,697.0,28.480379,24.998775694225007,24.55277453007687,24.223806598270624,23.9061020758667,26.837656274131774,22.446885004333495,23.758273496917724,24.930084123901366,22.61155880957031
2019-05-20 06:15:00+00:00,2019-05-20 07:15:00+00:00,22.73469,656.0,27.380059999999997,22.686741088722577,22.682222641153956,22.40736640522638,22.589901251373288,25.608247441825863,21.226196093139645,22.551669878540036,24.16091088729858,21.222142023620602
2019-05-20 06:30:00+00:00,2019-05-20 07:30:00+00:00,21.541189000000003,612.0,26.482309000000004,21.281350751348825,20.7074259019162,20.137426810707865,21.500231878265385,24.494901434883122,20.167515413269047,21.729209081634526,23.277893678649907,20.132774488433842
2019-05-20 06:45:00+00:00,2019-05-20 07:45:00+00:00,19.84894,561.0,25.424879,19.842762655947475,19.363070663699848,18.907784820052782,20.360010072998048,23.080847189239503,19.051699087432862,20.801778719238282,22.15606133680725,19.00081484060669
2019-05-20 07:00:00+00:00,2019-05-20 08:00:00+00:00,18.14094,507.0,24.205999,16.538329230445775,16.759349608519415,16.813617795738054,19.37636862509155,21.0858920644989,17.610954863952635,19.08570633642578,20.57245360128784,17.545695884155272
2019-05-20 07:15:00+00:00,2019-05-20 08:15:00+00:00,16.38525,447.0,22.73469,15.843238766444196,15.16020322525867,14.808415944375447,17.98317461151123,18.2919672026062,16.10596447128296,17.520550538482667,18.870118667068482,16.122022439422608
2019-05-20 07:30:00+00:00,2019-05-20 08:30:00+00:00,14.43706,384.0,21.541189000000003,14.74130466731312,14.012113060541001,13.983979586341617,16.807753369201663,16.90476588903809,14.892297551025393,16.40969114004517,17.603719517578128,14.961211487640384
2019-05-20 07:45:00+00:00,2019-05-20 08:45:00+00:00,12.47291,322.0,19.84894,11.790980117730294,11.899822162951097,12.558473572387287,15.120003804626464,15.049391850891112,13.136573419036864,14.901365861358641,15.849071130218505,13.3243080229187
2019-05-20 08:00:00+00:00,2019-05-20 09:00:00+00:00,10.43153,256.0,18.14094,10.224915895147143,10.99666659077326,11.435311375334335,13.41655616897583,12.89923839706421,11.074489880981446,12.858126450958252,13.169884492340088,11.30572157043457
2019-05-20 08:15:00+00:00,2019-05-20 09:15:00+00:00,8.299375999999999,201.0,16.38525,7.899162601231305,9.678864424544532,9.52385456244797,11.82686319732666,11.057077316284179,9.191663173675536,11.173470405578612,10.992315200805663,9.552197364807128
2019-05-20 08:30:00+00:00,2019-05-20 09:30:00+00:00,6.366937999999999,158.0,14.43706,5.618793153435984,7.078479191684716,7.165855973165569,10.089766146240235,9.406754137573243,7.452237726745606,9.425252558288575,9.249017359313966,7.553239466247559
2019-05-20 08:45:00+00:00,2019-05-20 09:45:00+00:00,4.6284220000000005,101.0,12.47291,3.9598946438569387,4.899181843228467,5.441452587386522,8.308104110870362,7.631759239349366,5.9084072839355475,7.873529506835938,7.621628357086182,5.983934475097657
2019-05-20 09:00:00+00:00,2019-05-20 10:00:00+00:00,3.103844,81.0,10.43153,2.1997032098604197,2.0021939189832945,2.4083675910073956,6.569561959533692,5.872245789794922,4.786787034301758,5.771366597442627,5.194197179107666,3.6376976979064946
2019-05-20 09:15:00+00:00,2019-05-20 10:15:00+00:00,2.019445,69.0,8.299375999999999,1.5346031291983193,1.6885610758345566,1.8998286422696593,4.799489487243651,4.636714924407958,3.983313072753905,4.040908325744628,3.4475355039367663,1.852376450134276
2019-05-20 09:30:00+00:00,2019-05-20 10:30:00+00:00,1.450449,54.0,6.366937999999999,1.318018392127471,1.4946184215599745,1.427242579209158,3.174033289230346,3.252665643966674,2.523405676162719,2.605861549652099,2.082351570404052,0.6196917345886224
2019-05-20 09:45:00+00:00,2019-05-20 10:45:00+00:00,1.064602,38.0,4.6284220000000005,0.8230034516163066,1.2368541449642465,1.0984345019005133,1.9026837130279546,1.9819667120666509,1.2522597094268804,1.3613447924346929,0.9283168097229009,0.0
2019-05-20 10:00:00+00:00,2019-05-20 11:00:00+00:00,0.619309,18.0,3.103844,0.6197242129395262,0.5912802584598755,0.44371255159533957,0.8419676553192139,0.6984046231689454,0.0,0.19254596342468266,0.0,0.0
2019-05-20 10:15:00+00:00,2019-05-20 11:15:00+00:00,0.301403,8.0,2.019445,0.2676469584849337,0.4078210337599986,0.28410981091427073,0.1072500327301027,0.008228359527588047,0.0,0.0,0.0,0.0
2019-05-20 10:30:00+00:00,2019-05-20 11:30:00+00:00,0.012346,0.0,1.450449,0.2659523846259379,0.346170729476905,0.1940843390129408,0.0,0.0,0.0,0.0,0.0,0.0
2019-05-20 10:45:00+00:00,2019-05-20 11:45:00+00:00,0.0,0.0,1.064602,0.14833663241268827,0.2771523926391883,0.1374396197205347,0.0,0.0,0.0,0.0,0.08305977034759526,0.0
2019-05-20 11:00:00+00:00,2019-05-20 12:00:00+00:00,0.0,0.0,0.619309,0.11192463848672632,0.07832329140682406,0.09655035718764472,0.0,0.0,0.0,0.0,0.3349217095222473,0.0
2019-05-20 11:15:00+00:00,2019-05-20 12:15:00+00:00,0.0,0.0,0.301403,0.08725024358853359,0.07832329140682406,0.09655035718764472,0.0,0.0,0.0,0.0,0.6507448395519256,0.0
2019-05-20 11:30:00+00:00,2019-05-20 12:30:00+00:00,0.0,0.0,0.012346,0.022701883380618952,0.029927511699522347,0.02711640438596348,0.0,0.0,0.0,0.0,0.9818728273353576,0.0
2019-05-20 11:45:00+00:00,2019-05-20 12:45:00+00:00,0.0,0.0,0.0,0.0,0.0002213314149273609,0.0,0.0,0.0,0.0,0.0,1.4031771421432495,0.0
2019-05-20 12:00:00+00:00,2019-05-20 13:00:00+00:00,0.0,0.0,0.0,0.022701883380618952,0.018989623016280113,0.013612454049695374,0.0,0.0,0.0,0.0,1.6208903789520264,0.0
2019-05-20 12:15:00+00:00,2019-05-20 13:15:00+00:00,0.0,0.0,0.0,0.0,0.018989623016280113,0.013612454049695374,0.0,0.0,0.0,0.0,1.8204797506332397,0.0
2019-05-20 12:30:00+00:00,2019-05-20 13:30:00+00:00,0.0,0.0,0.0,0.022701883380618952,0.018989623016280113,0.013612454049695374,0.0,0.0,0.0,0.0,1.9288557767868042,0.0
2019-05-20 12:45:00+00:00,2019-05-20 13:45:00+00:00,0.0,0.0,0.0,0.033908824199803775,0.018989623016280113,0.013612454049695374,0.0,0.0,0.0,0.0,2.026798963546753,0.0
2019-05-20 13:00:00+00:00,2019-05-20 14:00:00+00:00,0.0,0.0,0.0,0.0,0.0,0.025538603716521842,0.0,0.0,0.0,0.0,2.084566593170166,0.0
2019-05-20 13:15:00+00:00,2019-05-20 14:15:00+00:00,0.0,0.0,0.0,0.0,0.019115730023614955,0.025538603716521842,0.0,0.0,0.0,0.0,2.1364495754241943,0.0
2019-05-20 13:30:00+00:00,2019-05-20 14:30:00+00:00,0.0,0.0,0.0,0.011116820528308325,0.02753873703850293,0.0,0.0,0.0,0.0,0.0,2.1861495971679688,0.0
2019-05-20 13:45:00+00:00,2019-05-20 14:45:00+00:00,0.0,0.0,0.0,0.0005983352183427299,0.029131663315809995,0.045987533515877956,0.05476423352956772,0.0,0.0,0.0,2.1936848163604736,0.015056976117193699
2019-05-20 14:00:00+00:00,2019-05-20 15:00:00+00:00,0.0,0.0,0.0,0.00046648043244520813,0.022481328977715456,0.042467440672656766,0.10895675420761108,0.0,0.0,0.0,2.3544514179229736,0.09691903740167618
2019-05-20 14:15:00+00:00,2019-05-20 15:15:00+00:00,0.0,0.0,0.0,0.02643847807034089,0.037460669667106136,0.020090470203884513,0.1620962768793106,0.0,0.0,0.0,2.440563917160034,0.11254578083753586
2019-05-20 14:30:00+00:00,2019-05-20 15:30:00+00:00,0.0,0.0,0.0,0.0,0.02969639455181396,0.045987533515877956,0.2596190273761749,0.0,0.0,0.0,2.366206169128418,0.2966102659702301
2019-05-20 14:45:00+00:00,2019-05-20 15:45:00+00:00,0.0,0.0,0.0,0.0001839074952293795,0.0,0.051978234921592974,0.3293566107749939,0.0,0.0,0.0,2.451634407043457,0.3111664950847626
2019-05-20 15:00:00+00:00,2019-05-20 16:00:00+00:00,0.0,0.0,0.0,0.0,0.0,0.05486123250882327,0.3935073912143707,0.0,0.0,0.0,2.576164960861206,0.3780779540538788
2019-05-20 15:15:00+00:00,2019-05-20 16:15:00+00:00,0.0,0.0,0.0,0.012221547319716952,0.02969639455181396,0.05486123250882327,0.4635356068611145,0.0,0.0,0.0,2.723442554473877,0.5692862868309021
2019-05-20 15:30:00+00:00,2019-05-20 16:30:00+00:00,0.0,0.0,0.0,0.011899681789136729,0.03655408433735022,0.05486123250882327,0.5320367217063904,0.0,0.0,0.0,2.8069796562194824,0.7150272727012634
2019-05-20 15:45:00+00:00,2019-05-20 16:45:00+00:00,0.0,0.0,0.0,0.013072710642375923,0.03655408433735022,0.05486123250882327,0.5636419653892517,0.0,0.0,0.0,2.875537395477295,0.8249031901359558
2019-05-20 16:00:00+00:00,2019-05-20 17:00:00+00:00,0.0,0.0,0.0,0.02460151699214098,0.2969802960684353,0.5307864617284263,0.6258107423782349,0.0,0.0,0.0,2.9080467224121094,0.8677012920379639
2019-05-20 16:15:00+00:00,2019-05-20 17:15:00+00:00,0.0,0.0,0.0,0.0,0.24989179016036736,0.5307864617284263,0.6660623550415039,0.0,0.0,0.0,2.9048633575439453,0.9866706132888794
2019-05-20 16:30:00+00:00,2019-05-20 17:30:00+00:00,0.0,0.0,0.0,0.013072710642375923,0.30130853273401514,0.5307864617284263,0.6990028023719788,0.0,0.0,0.0,2.889482021331787,1.128414511680603
2019-05-20 16:45:00+00:00,2019-05-20 17:45:00+00:00,0.0,0.0,0.0,0.019098963352403544,0.30130853273401514,0.5307864617284263,0.7614913582801819,0.0,0.0,0.0026030358858406544,2.9157845973968506,1.2461743354797363
2019-05-20 17:00:00+00:00,2019-05-20 18:00:00+00:00,0.0,0.0,0.0,0.02415492818745159,0.2937368330927893,0.5375521592841211,0.8901785016059875,0.0,0.0,0.0,2.879157543182373,1.318215250968933
2019-05-20 17:15:00+00:00,2019-05-20 18:15:00+00:00,0.0,0.0,0.0,0.013072710642375923,0.2980650697583691,0.5373307256487001,0.9616429805755615,0.0,0.0,0.0,2.883164167404175,1.429076910018921
2019-05-20 17:30:00+00:00,2019-05-20 18:30:00+00:00,0.0,0.0,0.0,0.013072710642375923,0.2980650697583691,0.5373307256487001,1.0456721782684326,0.0,0.0,0.013479907065629959,2.909575939178467,1.5118387937545776
2019-05-20 17:45:00+00:00,2019-05-20 18:45:00+00:00,0.0,0.0,0.0,0.013072710642375923,0.2980650697583691,0.5373307256487001,1.113078236579895,0.0,0.0,0.061756156384944916,2.971731424331665,1.609586477279663
2019-05-20 18:00:00+00:00,2019-05-20 19:00:00+00:00,0.0,0.0,0.0,0.013072710642375923,0.2980650697583691,0.5339898690414833,1.1804286241531372,0.0,0.0,0.15527212619781494,2.970348834991455,1.6784237623214722
2019-05-20 18:15:00+00:00,2019-05-20 19:15:00+00:00,0.0,0.0,0.0,0.014248741932122952,0.2980650697583691,0.5339898690414833,1.2588526010513306,0.08141211420297623,0.0,0.2710908055305481,3.0346903800964355,1.8053094148635864
2019-05-20 18:30:00+00:00,2019-05-20 19:30:00+00:00,0.0,0.0,0.0,0.013072710642375923,0.2980650697583691,0.5339898690414833,1.3192739486694336,0.11506576091051102,0.0,0.34581273794174194,3.0811755657196045,1.9299571514129639
2019-05-20 18:45:00+00:00,2019-05-20 19:45:00+00:00,0.0,0.0,0.0,0.013072710642375923,0.2980650697583691,0.5339898690414833,1.408369541168213,0.14564311504364014,0.0,0.4461183249950409,3.108189344406128,2.014570474624634
2019-05-20 19:00:00+00:00,2019-05-20 20:00:00+00:00,0.0,0.0,0.0,0.013072710642375923,0.2980650697583691,0.5339898690414833,1.5233323574066162,0.26411134004592896,0.0,0.5743780732154846,3.190967559814453,2.131258249282837
2019-05-20 19:15:00+00:00,2019-05-20 20:15:00+00:00,0.0,0.0,0.0,0.013072710642375923,0.2980650697583691,0.5339898690414833,1.6266173124313354,0.3590661287307739,0.0,0.6691921949386597,3.260916233062744,2.2837843894958496
2019-05-20 19:30:00+00:00,2019-05-20 20:30:00+00:00,0.0,0.0,0.0,0.013072710642375923,0.2980650697583691,0.5339898690414833,1.742834448814392,0.4440247714519501,0.0,0.7517573237419128,3.3265926837921143,2.4394795894622803
2019-05-20 19:45:00+00:00,2019-05-20 20:45:00+00:00,0.0,0.0,0.0,0.01792593449916435,0.3170750621716979,0.5339898690414833,1.8843239545822144,0.5335850715637207,0.0,0.8326171040534973,3.4032766819000244,2.623090982437134
2019-05-20 20:00:00+00:00,2019-05-20 21:00:00+00:00,0.0,0.0,0.0,0.011899681789136729,0.3170750621716979,0.5339898690414833,1.9707984924316406,0.7372314929962158,0.13784539699554443,1.1428239345550537,3.5623888969421387,2.8450000286102295
2019-05-20 20:15:00+00:00,2019-05-20 21:15:00+00:00,0.147619,5.0,0.0,0.019098963352403544,0.3170750621716979,0.5339898690414833,2.066852569580078,0.8629152774810791,0.2898923456668854,1.323062777519226,3.6345810890197754,3.076925039291382
2019-05-20 20:30:00+00:00,2019-05-20 21:30:00+00:00,0.52865,25.0,0.0,0.01230132917644398,0.3215302961428004,0.5339898690414833,2.1860268115997314,0.9495446085929871,0.4033937156200409,1.4212414026260376,3.7093918323516846,3.3216652870178223
2019-05-20 20:45:00+00:00,2019-05-20 21:45:00+00:00,0.6620060000000001,25.0,0.0,0.053285603325816874,0.24941593266936035,0.5304697761982621,2.3097121715545654,0.9867022037506104,0.5525549650192261,1.4003360271453857,3.713991641998291,3.3467049598693848
2019-05-20 21:00:00+00:00,2019-05-20 22:00:00+00:00,1.158691,51.0,0.0,0.21706015311662485,0.4364549186807666,0.6777571360790842,2.373619556427002,1.177537202835083,0.8078842163085938,1.6960443258285522,3.8341801166534424,3.6096842288970947
2019-05-20 21:15:00+00:00,2019-05-20 22:15:00+00:00,1.340172,60.0,0.147619,0.7076719789189114,0.9911051097191487,1.4685174223498532,2.6391286759796144,1.3946899085464477,1.1096061973991393,1.982605925125122,4.064477434677124,3.9563422112884523
2019-05-20 21:30:00+00:00,2019-05-20 22:30:00+00:00,2.0061560000000003,115.0,0.52865,1.2541615846438976,1.5150255700574349,1.8708017633584175,3.264076664352417,1.9345076822280882,1.6832991384506224,2.4791725419998167,4.570342733764648,4.628358080291748
2019-05-20 21:45:00+00:00,2019-05-20 22:45:00+00:00,2.86393,137.0,0.6620060000000001,1.6063092324186112,1.944882659954695,2.266064786962358,3.6469923052368163,2.270816782432556,1.9692692551193238,2.6915865931091307,4.8561883959350585,5.028753379302978
2019-05-20 22:00:00+00:00,2019-05-20 23:00:00+00:00,4.849578,198.0,1.158691,2.4715965824066863,3.0929465364462216,2.777046137609491,4.448718379989624,3.2237456550750734,2.9057272186431886,3.3764978161010744,5.664093088165283,5.854780744567871
2019-05-20 22:15:00+00:00,2019-05-20 23:15:00+00:00,6.755438000000001,262.0,1.340172,3.2217079644506152,3.6264220230158783,4.269465444558423,4.879470295974731,3.8056950045318603,3.5177037192077636,3.6717028094024657,6.098164744445801,6.280500598022461
2019-05-20 22:30:00+00:00,2019-05-20 23:30:00+00:00,8.0535,285.0,2.0061560000000003,5.126223324508019,5.724794968035734,6.385151307908138,5.921971830230714,5.093559774261475,4.806102784973145,4.603411945205689,7.191905530792237,7.239649804931641
2019-05-20 22:45:00+00:00,2019-05-20 23:45:00+00:00,11.13722,404.0,2.86393,7.419180276785503,8.003667208449698,8.931899387623716,7.069249881439209,6.4460356365966796,6.087613834075928,5.678756726913452,8.34439350479126,8.276388419799805
