fold,split,model,seed,day_utc,n,MAE_MW,RMSE_MW
roll_2,validation,baseline,42,2019-05-01,92,1.2432602329664781,2.4515546801266397
roll_2,validation,baseline,42,2019-05-02,96,0.7370921290000746,1.2386932728136586
roll_2,validation,baseline,42,2019-05-03,96,1.2556626956582353,2.126616384749818
roll_2,validation,baseline,42,2019-05-04,96,0.8013944217601295,1.4399408549705488
roll_2,validation,baseline,42,2019-05-05,96,2.0017780295828023,3.4852213614670045
roll_2,validation,baseline,42,2019-05-06,96,1.2248093016455666,1.925427849274622
roll_2,validation,baseline,42,2019-05-07,96,1.0614742507644976,2.189752382296736
roll_2,validation,baseline,42,2019-05-08,96,1.1380635379961657,1.6869727772906278
roll_2,validation,baseline,42,2019-05-09,96,0.5425812167568659,0.8603553594959411
roll_2,validation,baseline,42,2019-05-10,96,2.0498482038250767,4.0517865801513455
roll_2,validation,expert,42,2019-05-01,92,1.409520651308604,2.844781637199873
roll_2,validation,expert,42,2019-05-02,96,0.7442909740120717,1.2022401474752509
roll_2,validation,expert,42,2019-05-03,96,1.1717983006854802,2.09309509861522
roll_2,validation,expert,42,2019-05-04,96,0.9177192762388233,1.5475474365985218
roll_2,validation,expert,42,2019-05-05,96,2.623492547641551,4.4294597361608865
roll_2,validation,expert,42,2019-05-06,96,0.9965499167370776,1.563574786602863
roll_2,validation,expert,42,2019-05-07,96,0.9875515209176755,1.846660953826079
roll_2,validation,expert,42,2019-05-08,96,1.1041323021992728,1.5457258381414511
roll_2,validation,expert,42,2019-05-09,96,0.9654977255130728,1.5402157434363257
roll_2,validation,expert,42,2019-05-10,96,2.207450951109584,3.9521828415064877
roll_2,validation,oracle,42,2019-05-01,92,1.1337500607510116,2.314073303653678
roll_2,validation,oracle,42,2019-05-02,96,0.7279983253812953,1.2177575157594227
roll_2,validation,oracle,42,2019-05-03,96,1.3043106097062716,2.228489281598501
roll_2,validation,oracle,42,2019-05-04,96,0.7875039960858885,1.3948533574945376
roll_2,validation,oracle,42,2019-05-05,96,2.0259378424601224,3.581967220408826
roll_2,validation,oracle,42,2019-05-06,96,1.1703128459478205,1.836162170154528
roll_2,validation,oracle,42,2019-05-07,96,1.0649057760345144,2.193723129931902
roll_2,validation,oracle,42,2019-05-08,96,1.1380635379961657,1.6869727772906278
roll_2,validation,oracle,42,2019-05-09,96,0.5276824185685814,0.8358139877814664
roll_2,validation,oracle,42,2019-05-10,96,1.9564002496346802,3.6564174965451164
roll_2,validation,selected,42,2019-05-01,92,1.1548629632403902,2.321366394367819
roll_2,validation,selected,42,2019-05-02,96,0.7345375969690501,1.2370282282486065
roll_2,validation,selected,42,2019-05-03,96,1.334636618641592,2.229608053092059
roll_2,validation,selected,42,2019-05-04,96,0.8013944217601295,1.4399408549705488
roll_2,validation,selected,42,2019-05-05,96,2.0017780295828023,3.4852213614670045
roll_2,validation,selected,42,2019-05-06,96,1.2112770151192163,1.9169848147851425
roll_2,validation,selected,42,2019-05-07,96,1.030096027949879,2.0900582476293783
roll_2,validation,selected,42,2019-05-08,96,1.1380635379961657,1.6869727772906278
roll_2,validation,selected,42,2019-05-09,96,0.5425812167568659,0.8603553594959411
roll_2,validation,selected,42,2019-05-10,96,2.0498482038250767,4.0517865801513455
roll_2,validation,LR_soft,42,2019-05-01,92,1.2394889731298164,2.461654642575155
roll_2,validation,LR_soft,42,2019-05-02,96,0.7258284279992608,1.22613825245942
roll_2,validation,LR_soft,42,2019-05-03,96,1.2549749494888518,2.1212645410001425
roll_2,validation,LR_soft,42,2019-05-04,96,0.7885112430221669,1.427007481763167
roll_2,validation,LR_soft,42,2019-05-05,96,2.0960307950982995,3.651537574116164
roll_2,validation,LR_soft,42,2019-05-06,96,1.210805333945977,1.8998213728546465
roll_2,validation,LR_soft,42,2019-05-07,96,1.041788504936911,2.148821018333213
roll_2,validation,LR_soft,42,2019-05-08,96,1.095654852969033,1.5829742201068726
roll_2,validation,LR_soft,42,2019-05-09,96,0.5334581805275785,0.8540099312761438
roll_2,validation,LR_soft,42,2019-05-10,96,2.073166495388723,4.0281200449563315
roll_2,validation,LR_hard_0.10,42,2019-05-01,92,1.2368994052375204,2.520667757474472
roll_2,validation,LR_hard_0.10,42,2019-05-02,96,0.7355756150629095,1.2382170935678094
roll_2,validation,LR_hard_0.10,42,2019-05-03,96,1.2931613952764272,2.1953990126403524
roll_2,validation,LR_hard_0.10,42,2019-05-04,96,0.7928155505001261,1.413750997457228
roll_2,validation,LR_hard_0.10,42,2019-05-05,96,2.407013708711512,4.285226508842331
roll_2,validation,LR_hard_0.10,42,2019-05-06,96,1.260379377937524,1.9462702544051333
roll_2,validation,LR_hard_0.10,42,2019-05-07,96,1.050497567164844,2.144584834146769
roll_2,validation,LR_hard_0.10,42,2019-05-08,96,1.1220490147827495,1.555576895152781
roll_2,validation,LR_hard_0.10,42,2019-05-09,96,0.5324720740744961,0.8426691458777438
roll_2,validation,LR_hard_0.10,42,2019-05-10,96,2.227933374192898,3.9967335809408806
roll_2,validation,LR_hard_0.15,42,2019-05-01,92,1.2432602329664781,2.4515546801266397
roll_2,validation,LR_hard_0.15,42,2019-05-02,96,0.7370921290000746,1.2386932728136586
roll_2,validation,LR_hard_0.15,42,2019-05-03,96,1.279314441118361,2.1802261767117477
roll_2,validation,LR_hard_0.15,42,2019-05-04,96,0.7987831887810276,1.4364013670092413
roll_2,validation,LR_hard_0.15,42,2019-05-05,96,2.3246163851878983,4.180340092262253
roll_2,validation,LR_hard_0.15,42,2019-05-06,96,1.2248093016455666,1.925427849274622
roll_2,validation,LR_hard_0.15,42,2019-05-07,96,1.0614742507644976,2.189752382296736
roll_2,validation,LR_hard_0.15,42,2019-05-08,96,1.1342158361044927,1.5694641576337587
roll_2,validation,LR_hard_0.15,42,2019-05-09,96,0.5425812167568659,0.8603553594959411
roll_2,validation,LR_hard_0.15,42,2019-05-10,96,2.130269228155083,4.124055379491541
roll_2,validation,LR_hard_0.20,42,2019-05-01,92,1.2432602329664781,2.4515546801266397
roll_2,validation,LR_hard_0.20,42,2019-05-02,96,0.7370921290000746,1.2386932728136586
roll_2,validation,LR_hard_0.20,42,2019-05-03,96,1.2408929333709837,2.1187326836447977
roll_2,validation,LR_hard_0.20,42,2019-05-04,96,0.8013944217601295,1.4399408549705488
roll_2,validation,LR_hard_0.20,42,2019-05-05,96,2.245398046452188,4.026010023207932
roll_2,validation,LR_hard_0.20,42,2019-05-06,96,1.2248093016455666,1.925427849274622
roll_2,validation,LR_hard_0.20,42,2019-05-07,96,1.0614742507644976,2.189752382296736
roll_2,validation,LR_hard_0.20,42,2019-05-08,96,1.1309002272773745,1.5690152984272407
roll_2,validation,LR_hard_0.20,42,2019-05-09,96,0.5425812167568659,0.8603553594959411
roll_2,validation,LR_hard_0.20,42,2019-05-10,96,2.0498482038250767,4.0517865801513455
roll_2,validation,LR_hard_0.25,42,2019-05-01,92,1.2432602329664781,2.4515546801266397
roll_2,validation,LR_hard_0.25,42,2019-05-02,96,0.7370921290000746,1.2386932728136586
roll_2,validation,LR_hard_0.25,42,2019-05-03,96,1.2556626956582353,2.126616384749818
roll_2,validation,LR_hard_0.25,42,2019-05-04,96,0.8013944217601295,1.4399408549705488
roll_2,validation,LR_hard_0.25,42,2019-05-05,96,2.1173452652644844,3.7400327050944764
roll_2,validation,LR_hard_0.25,42,2019-05-06,96,1.2248093016455666,1.925427849274622
roll_2,validation,LR_hard_0.25,42,2019-05-07,96,1.0614742507644976,2.189752382296736
roll_2,validation,LR_hard_0.25,42,2019-05-08,96,1.1068613015896505,1.5466156549480239
roll_2,validation,LR_hard_0.25,42,2019-05-09,96,0.5425812167568659,0.8603553594959411
roll_2,validation,LR_hard_0.25,42,2019-05-10,96,2.0498482038250767,4.0517865801513455
roll_2,validation,LR_hard_0.30,42,2019-05-01,92,1.2432602329664781,2.4515546801266397
roll_2,validation,LR_hard_0.30,42,2019-05-02,96,0.7370921290000746,1.2386932728136586
roll_2,validation,LR_hard_0.30,42,2019-05-03,96,1.2556626956582353,2.126616384749818
roll_2,validation,LR_hard_0.30,42,2019-05-04,96,0.8013944217601295,1.4399408549705488
roll_2,validation,LR_hard_0.30,42,2019-05-05,96,2.0017780295828023,3.4852213614670045
roll_2,validation,LR_hard_0.30,42,2019-05-06,96,1.2248093016455666,1.925427849274622
roll_2,validation,LR_hard_0.30,42,2019-05-07,96,1.0614742507644976,2.189752382296736
roll_2,validation,LR_hard_0.30,42,2019-05-08,96,1.0883768486806586,1.518158088286868
roll_2,validation,LR_hard_0.30,42,2019-05-09,96,0.5425812167568659,0.8603553594959411
roll_2,validation,LR_hard_0.30,42,2019-05-10,96,2.0498482038250767,4.0517865801513455
roll_2,validation,LR_hard_0.35,42,2019-05-01,92,1.2432602329664781,2.4515546801266397
roll_2,validation,LR_hard_0.35,42,2019-05-02,96,0.7370921290000746,1.2386932728136586
roll_2,validation,LR_hard_0.35,42,2019-05-03,96,1.2556626956582353,2.126616384749818
roll_2,validation,LR_hard_0.35,42,2019-05-04,96,0.8013944217601295,1.4399408549705488
roll_2,validation,LR_hard_0.35,42,2019-05-05,96,2.0017780295828023,3.4852213614670045
roll_2,validation,LR_hard_0.35,42,2019-05-06,96,1.2248093016455666,1.925427849274622
roll_2,validation,LR_hard_0.35,42,2019-05-07,96,1.0614742507644976,2.189752382296736
roll_2,validation,LR_hard_0.35,42,2019-05-08,96,1.078184784342806,1.5153926453881357
roll_2,validation,LR_hard_0.35,42,2019-05-09,96,0.5425812167568659,0.8603553594959411
roll_2,validation,LR_hard_0.35,42,2019-05-10,96,2.0498482038250767,4.0517865801513455
roll_2,validation,LR_hard_0.40,42,2019-05-01,92,1.2432602329664781,2.4515546801266397
roll_2,validation,LR_hard_0.40,42,2019-05-02,96,0.7370921290000746,1.2386932728136586
roll_2,validation,LR_hard_0.40,42,2019-05-03,96,1.2556626956582353,2.126616384749818
roll_2,validation,LR_hard_0.40,42,2019-05-04,96,0.8013944217601295,1.4399408549705488
roll_2,validation,LR_hard_0.40,42,2019-05-05,96,2.0017780295828023,3.4852213614670045
roll_2,validation,LR_hard_0.40,42,2019-05-06,96,1.2248093016455666,1.925427849274622
roll_2,validation,LR_hard_0.40,42,2019-05-07,96,1.0614742507644976,2.189752382296736
roll_2,validation,LR_hard_0.40,42,2019-05-08,96,1.090057688671068,1.568440368631756
roll_2,validation,LR_hard_0.40,42,2019-05-09,96,0.5425812167568659,0.8603553594959411
roll_2,validation,LR_hard_0.40,42,2019-05-10,96,2.0498482038250767,4.0517865801513455
roll_2,validation,LR_hard_0.45,42,2019-05-01,92,1.2432602329664781,2.4515546801266397
roll_2,validation,LR_hard_0.45,42,2019-05-02,96,0.7370921290000746,1.2386932728136586
roll_2,validation,LR_hard_0.45,42,2019-05-03,96,1.2556626956582353,2.126616384749818
roll_2,validation,LR_hard_0.45,42,2019-05-04,96,0.8013944217601295,1.4399408549705488
roll_2,validation,LR_hard_0.45,42,2019-05-05,96,2.0017780295828023,3.4852213614670045
roll_2,validation,LR_hard_0.45,42,2019-05-06,96,1.2248093016455666,1.925427849274622
roll_2,validation,LR_hard_0.45,42,2019-05-07,96,1.0614742507644976,2.189752382296736
roll_2,validation,LR_hard_0.45,42,2019-05-08,96,1.1380635379961657,1.6869727772906278
roll_2,validation,LR_hard_0.45,42,2019-05-09,96,0.5425812167568659,0.8603553594959411
roll_2,validation,LR_hard_0.45,42,2019-05-10,96,2.0498482038250767,4.0517865801513455
roll_2,validation,LR_hard_0.50,42,2019-05-01,92,1.2432602329664781,2.4515546801266397
roll_2,validation,LR_hard_0.50,42,2019-05-02,96,0.7370921290000746,1.2386932728136586
roll_2,validation,LR_hard_0.50,42,2019-05-03,96,1.2556626956582353,2.126616384749818
roll_2,validation,LR_hard_0.50,42,2019-05-04,96,0.8013944217601295,1.4399408549705488
roll_2,validation,LR_hard_0.50,42,2019-05-05,96,2.0017780295828023,3.4852213614670045
roll_2,validation,LR_hard_0.50,42,2019-05-06,96,1.2248093016455666,1.925427849274622
roll_2,validation,LR_hard_0.50,42,2019-05-07,96,1.0614742507644976,2.189752382296736
roll_2,validation,LR_hard_0.50,42,2019-05-08,96,1.1380635379961657,1.6869727772906278
roll_2,validation,LR_hard_0.50,42,2019-05-09,96,0.5425812167568659,0.8603553594959411
roll_2,validation,LR_hard_0.50,42,2019-05-10,96,2.0498482038250767,4.0517865801513455
roll_2,validation,LR_hard_0.55,42,2019-05-01,92,1.2432602329664781,2.4515546801266397
roll_2,validation,LR_hard_0.55,42,2019-05-02,96,0.7370921290000746,1.2386932728136586
roll_2,validation,LR_hard_0.55,42,2019-05-03,96,1.2556626956582353,2.126616384749818
roll_2,validation,LR_hard_0.55,42,2019-05-04,96,0.8013944217601295,1.4399408549705488
roll_2,validation,LR_hard_0.55,42,2019-05-05,96,2.0017780295828023,3.4852213614670045
roll_2,validation,LR_hard_0.55,42,2019-05-06,96,1.2248093016455666,1.925427849274622
roll_2,validation,LR_hard_0.55,42,2019-05-07,96,1.0614742507644976,2.189752382296736
roll_2,validation,LR_hard_0.55,42,2019-05-08,96,1.1380635379961657,1.6869727772906278
roll_2,validation,LR_hard_0.55,42,2019-05-09,96,0.5425812167568659,0.8603553594959411
roll_2,validation,LR_hard_0.55,42,2019-05-10,96,2.0498482038250767,4.0517865801513455
roll_2,validation,LR_hard_0.60,42,2019-05-01,92,1.2432602329664781,2.4515546801266397
roll_2,validation,LR_hard_0.60,42,2019-05-02,96,0.7370921290000746,1.2386932728136586
roll_2,validation,LR_hard_0.60,42,2019-05-03,96,1.2556626956582353,2.126616384749818
roll_2,validation,LR_hard_0.60,42,2019-05-04,96,0.8013944217601295,1.4399408549705488
roll_2,validation,LR_hard_0.60,42,2019-05-05,96,2.0017780295828023,3.4852213614670045
roll_2,validation,LR_hard_0.60,42,2019-05-06,96,1.2248093016455666,1.925427849274622
roll_2,validation,LR_hard_0.60,42,2019-05-07,96,1.0614742507644976,2.189752382296736
roll_2,validation,LR_hard_0.60,42,2019-05-08,96,1.1380635379961657,1.6869727772906278
roll_2,validation,LR_hard_0.60,42,2019-05-09,96,0.5425812167568659,0.8603553594959411
roll_2,validation,LR_hard_0.60,42,2019-05-10,96,2.0498482038250767,4.0517865801513455
roll_2,validation,LR_hard_0.65,42,2019-05-01,92,1.2432602329664781,2.4515546801266397
roll_2,validation,LR_hard_0.65,42,2019-05-02,96,0.7370921290000746,1.2386932728136586
roll_2,validation,LR_hard_0.65,42,2019-05-03,96,1.2556626956582353,2.126616384749818
roll_2,validation,LR_hard_0.65,42,2019-05-04,96,0.8013944217601295,1.4399408549705488
roll_2,validation,LR_hard_0.65,42,2019-05-05,96,2.0017780295828023,3.4852213614670045
roll_2,validation,LR_hard_0.65,42,2019-05-06,96,1.2248093016455666,1.925427849274622
roll_2,validation,LR_hard_0.65,42,2019-05-07,96,1.0614742507644976,2.189752382296736
roll_2,validation,LR_hard_0.65,42,2019-05-08,96,1.1380635379961657,1.6869727772906278
roll_2,validation,LR_hard_0.65,42,2019-05-09,96,0.5425812167568659,0.8603553594959411
roll_2,validation,LR_hard_0.65,42,2019-05-10,96,2.0498482038250767,4.0517865801513455
roll_2,validation,LR_hard_0.70,42,2019-05-01,92,1.2432602329664781,2.4515546801266397
roll_2,validation,LR_hard_0.70,42,2019-05-02,96,0.7370921290000746,1.2386932728136586
roll_2,validation,LR_hard_0.70,42,2019-05-03,96,1.2556626956582353,2.126616384749818
roll_2,validation,LR_hard_0.70,42,2019-05-04,96,0.8013944217601295,1.4399408549705488
roll_2,validation,LR_hard_0.70,42,2019-05-05,96,2.0017780295828023,3.4852213614670045
roll_2,validation,LR_hard_0.70,42,2019-05-06,96,1.2248093016455666,1.925427849274622
roll_2,validation,LR_hard_0.70,42,2019-05-07,96,1.0614742507644976,2.189752382296736
roll_2,validation,LR_hard_0.70,42,2019-05-08,96,1.1380635379961657,1.6869727772906278
roll_2,validation,LR_hard_0.70,42,2019-05-09,96,0.5425812167568659,0.8603553594959411
roll_2,validation,LR_hard_0.70,42,2019-05-10,96,2.0498482038250767,4.0517865801513455
roll_2,validation,LR_hard_0.75,42,2019-05-01,92,1.2432602329664781,2.4515546801266397
roll_2,validation,LR_hard_0.75,42,2019-05-02,96,0.7370921290000746,1.2386932728136586
roll_2,validation,LR_hard_0.75,42,2019-05-03,96,1.2556626956582353,2.126616384749818
roll_2,validation,LR_hard_0.75,42,2019-05-04,96,0.8013944217601295,1.4399408549705488
roll_2,validation,LR_hard_0.75,42,2019-05-05,96,2.0017780295828023,3.4852213614670045
roll_2,validation,LR_hard_0.75,42,2019-05-06,96,1.2248093016455666,1.925427849274622
roll_2,validation,LR_hard_0.75,42,2019-05-07,96,1.0614742507644976,2.189752382296736
roll_2,validation,LR_hard_0.75,42,2019-05-08,96,1.1380635379961657,1.6869727772906278
roll_2,validation,LR_hard_0.75,42,2019-05-09,96,0.5425812167568659,0.8603553594959411
roll_2,validation,LR_hard_0.75,42,2019-05-10,96,2.0498482038250767,4.0517865801513455
roll_2,validation,LR_hard_0.80,42,2019-05-01,92,1.2432602329664781,2.4515546801266397
roll_2,validation,LR_hard_0.80,42,2019-05-02,96,0.7370921290000746,1.2386932728136586
roll_2,validation,LR_hard_0.80,42,2019-05-03,96,1.2556626956582353,2.126616384749818
roll_2,validation,LR_hard_0.80,42,2019-05-04,96,0.8013944217601295,1.4399408549705488
roll_2,validation,LR_hard_0.80,42,2019-05-05,96,2.0017780295828023,3.4852213614670045
roll_2,validation,LR_hard_0.80,42,2019-05-06,96,1.2248093016455666,1.925427849274622
roll_2,validation,LR_hard_0.80,42,2019-05-07,96,1.0614742507644976,2.189752382296736
roll_2,validation,LR_hard_0.80,42,2019-05-08,96,1.1380635379961657,1.6869727772906278
roll_2,validation,LR_hard_0.80,42,2019-05-09,96,0.5425812167568659,0.8603553594959411
roll_2,validation,LR_hard_0.80,42,2019-05-10,96,2.0498482038250767,4.0517865801513455
roll_2,validation,LR_hard_0.85,42,2019-05-01,92,1.2432602329664781,2.4515546801266397
roll_2,validation,LR_hard_0.85,42,2019-05-02,96,0.7370921290000746,1.2386932728136586
roll_2,validation,LR_hard_0.85,42,2019-05-03,96,1.2556626956582353,2.126616384749818
roll_2,validation,LR_hard_0.85,42,2019-05-04,96,0.8013944217601295,1.4399408549705488
roll_2,validation,LR_hard_0.85,42,2019-05-05,96,2.0017780295828023,3.4852213614670045
roll_2,validation,LR_hard_0.85,42,2019-05-06,96,1.2248093016455666,1.925427849274622
roll_2,validation,LR_hard_0.85,42,2019-05-07,96,1.0614742507644976,2.189752382296736
roll_2,validation,LR_hard_0.85,42,2019-05-08,96,1.1380635379961657,1.6869727772906278
roll_2,validation,LR_hard_0.85,42,2019-05-09,96,0.5425812167568659,0.8603553594959411
roll_2,validation,LR_hard_0.85,42,2019-05-10,96,2.0498482038250767,4.0517865801513455
roll_2,validation,LR_hard_0.90,42,2019-05-01,92,1.2432602329664781,2.4515546801266397
roll_2,validation,LR_hard_0.90,42,2019-05-02,96,0.7370921290000746,1.2386932728136586
roll_2,validation,LR_hard_0.90,42,2019-05-03,96,1.2556626956582353,2.126616384749818
roll_2,validation,LR_hard_0.90,42,2019-05-04,96,0.8013944217601295,1.4399408549705488
roll_2,validation,LR_hard_0.90,42,2019-05-05,96,2.0017780295828023,3.4852213614670045
roll_2,validation,LR_hard_0.90,42,2019-05-06,96,1.2248093016455666,1.925427849274622
roll_2,validation,LR_hard_0.90,42,2019-05-07,96,1.0614742507644976,2.189752382296736
roll_2,validation,LR_hard_0.90,42,2019-05-08,96,1.1380635379961657,1.6869727772906278
roll_2,validation,LR_hard_0.90,42,2019-05-09,96,0.5425812167568659,0.8603553594959411
roll_2,validation,LR_hard_0.90,42,2019-05-10,96,2.0498482038250767,4.0517865801513455
roll_2,validation,HGB_soft,42,2019-05-01,92,1.2383641024112717,2.4634850418248027
roll_2,validation,HGB_soft,42,2019-05-02,96,0.7244714588032434,1.2234442035601059
roll_2,validation,HGB_soft,42,2019-05-03,96,1.2601686377853905,2.1232316017222703
roll_2,validation,HGB_soft,42,2019-05-04,96,0.7873751724665833,1.4295323181498334
roll_2,validation,HGB_soft,42,2019-05-05,96,2.031505366702461,3.532685922326762
roll_2,validation,HGB_soft,42,2019-05-06,96,1.2128511969432794,1.9097235331374862
roll_2,validation,HGB_soft,42,2019-05-07,96,1.0392437495259352,2.141301471989689
roll_2,validation,HGB_soft,42,2019-05-08,96,1.127942212398423,1.6629489276037102
roll_2,validation,HGB_soft,42,2019-05-09,96,0.5369560535271051,0.8566981891225193
roll_2,validation,HGB_soft,42,2019-05-10,96,2.0546585742930077,4.029983813546374
roll_2,validation,HGB_hard_0.10,42,2019-05-01,92,1.2599402053033362,2.629331058394425
roll_2,validation,HGB_hard_0.10,42,2019-05-02,96,0.7236083616324004,1.2276218758088933
roll_2,validation,HGB_hard_0.10,42,2019-05-03,96,1.3410150967096535,2.213678304016222
roll_2,validation,HGB_hard_0.10,42,2019-05-04,96,0.8339438232642543,1.495602345797884
roll_2,validation,HGB_hard_0.10,42,2019-05-05,96,2.0883705945206024,3.6305061083195205
roll_2,validation,HGB_hard_0.10,42,2019-05-06,96,1.20377054131428,1.9248729367396311
roll_2,validation,HGB_hard_0.10,42,2019-05-07,96,1.0292901047945047,2.0960699681004313
roll_2,validation,HGB_hard_0.10,42,2019-05-08,96,1.119894014061514,1.6536719658209307
roll_2,validation,HGB_hard_0.10,42,2019-05-09,96,0.5425812167568659,0.8603553594959411
roll_2,validation,HGB_hard_0.10,42,2019-05-10,96,2.0498482038250767,4.0517865801513455
roll_2,validation,HGB_hard_0.15,42,2019-05-01,92,1.1548629632403902,2.321366394367819
roll_2,validation,HGB_hard_0.15,42,2019-05-02,96,0.7345375969690501,1.2370282282486065
roll_2,validation,HGB_hard_0.15,42,2019-05-03,96,1.334636618641592,2.229608053092059
roll_2,validation,HGB_hard_0.15,42,2019-05-04,96,0.8013944217601295,1.4399408549705488
roll_2,validation,HGB_hard_0.15,42,2019-05-05,96,2.0017780295828023,3.4852213614670045
roll_2,validation,HGB_hard_0.15,42,2019-05-06,96,1.2112770151192163,1.9169848147851425
roll_2,validation,HGB_hard_0.15,42,2019-05-07,96,1.030096027949879,2.0900582476293783
roll_2,validation,HGB_hard_0.15,42,2019-05-08,96,1.1380635379961657,1.6869727772906278
roll_2,validation,HGB_hard_0.15,42,2019-05-09,96,0.5425812167568659,0.8603553594959411
roll_2,validation,HGB_hard_0.15,42,2019-05-10,96,2.0498482038250767,4.0517865801513455
roll_2,validation,HGB_hard_0.20,42,2019-05-01,92,1.2432602329664781,2.4515546801266397
roll_2,validation,HGB_hard_0.20,42,2019-05-02,96,0.7370921290000746,1.2386932728136586
roll_2,validation,HGB_hard_0.20,42,2019-05-03,96,1.2978270220097397,2.17525354278227
roll_2,validation,HGB_hard_0.20,42,2019-05-04,96,0.8013944217601295,1.4399408549705488
roll_2,validation,HGB_hard_0.20,42,2019-05-05,96,2.0017780295828023,3.4852213614670045
roll_2,validation,HGB_hard_0.20,42,2019-05-06,96,1.2248093016455666,1.925427849274622
roll_2,validation,HGB_hard_0.20,42,2019-05-07,96,1.0614742507644976,2.189752382296736
roll_2,validation,HGB_hard_0.20,42,2019-05-08,96,1.1380635379961657,1.6869727772906278
roll_2,validation,HGB_hard_0.20,42,2019-05-09,96,0.5425812167568659,0.8603553594959411
roll_2,validation,HGB_hard_0.20,42,2019-05-10,96,2.0498482038250767,4.0517865801513455
roll_2,validation,HGB_hard_0.25,42,2019-05-01,92,1.2432602329664781,2.4515546801266397
roll_2,validation,HGB_hard_0.25,42,2019-05-02,96,0.7370921290000746,1.2386932728136586
roll_2,validation,HGB_hard_0.25,42,2019-05-03,96,1.2556626956582353,2.126616384749818
roll_2,validation,HGB_hard_0.25,42,2019-05-04,96,0.8013944217601295,1.4399408549705488
roll_2,validation,HGB_hard_0.25,42,2019-05-05,96,2.0017780295828023,3.4852213614670045
roll_2,validation,HGB_hard_0.25,42,2019-05-06,96,1.2248093016455666,1.925427849274622
roll_2,validation,HGB_hard_0.25,42,2019-05-07,96,1.0614742507644976,2.189752382296736
roll_2,validation,HGB_hard_0.25,42,2019-05-08,96,1.1380635379961657,1.6869727772906278
roll_2,validation,HGB_hard_0.25,42,2019-05-09,96,0.5425812167568659,0.8603553594959411
roll_2,validation,HGB_hard_0.25,42,2019-05-10,96,2.0498482038250767,4.0517865801513455
roll_2,validation,HGB_hard_0.30,42,2019-05-01,92,1.2432602329664781,2.4515546801266397
roll_2,validation,HGB_hard_0.30,42,2019-05-02,96,0.7370921290000746,1.2386932728136586
roll_2,validation,HGB_hard_0.30,42,2019-05-03,96,1.2556626956582353,2.126616384749818
roll_2,validation,HGB_hard_0.30,42,2019-05-04,96,0.8013944217601295,1.4399408549705488
roll_2,validation,HGB_hard_0.30,42,2019-05-05,96,2.0017780295828023,3.4852213614670045
roll_2,validation,HGB_hard_0.30,42,2019-05-06,96,1.2248093016455666,1.925427849274622
roll_2,validation,HGB_hard_0.30,42,2019-05-07,96,1.0614742507644976,2.189752382296736
roll_2,validation,HGB_hard_0.30,42,2019-05-08,96,1.1380635379961657,1.6869727772906278
roll_2,validation,HGB_hard_0.30,42,2019-05-09,96,0.5425812167568659,0.8603553594959411
roll_2,validation,HGB_hard_0.30,42,2019-05-10,96,2.0498482038250767,4.0517865801513455
roll_2,validation,HGB_hard_0.35,42,2019-05-01,92,1.2432602329664781,2.4515546801266397
roll_2,validation,HGB_hard_0.35,42,2019-05-02,96,0.7370921290000746,1.2386932728136586
roll_2,validation,HGB_hard_0.35,42,2019-05-03,96,1.2556626956582353,2.126616384749818
roll_2,validation,HGB_hard_0.35,42,2019-05-04,96,0.8013944217601295,1.4399408549705488
roll_2,validation,HGB_hard_0.35,42,2019-05-05,96,2.0017780295828023,3.4852213614670045
roll_2,validation,HGB_hard_0.35,42,2019-05-06,96,1.2248093016455666,1.925427849274622
roll_2,validation,HGB_hard_0.35,42,2019-05-07,96,1.0614742507644976,2.189752382296736
roll_2,validation,HGB_hard_0.35,42,2019-05-08,96,1.1380635379961657,1.6869727772906278
roll_2,validation,HGB_hard_0.35,42,2019-05-09,96,0.5425812167568659,0.8603553594959411
roll_2,validation,HGB_hard_0.35,42,2019-05-10,96,2.0498482038250767,4.0517865801513455
roll_2,validation,HGB_hard_0.40,42,2019-05-01,92,1.2432602329664781,2.4515546801266397
roll_2,validation,HGB_hard_0.40,42,2019-05-02,96,0.7370921290000746,1.2386932728136586
roll_2,validation,HGB_hard_0.40,42,2019-05-03,96,1.2556626956582353,2.126616384749818
roll_2,validation,HGB_hard_0.40,42,2019-05-04,96,0.8013944217601295,1.4399408549705488
roll_2,validation,HGB_hard_0.40,42,2019-05-05,96,2.0017780295828023,3.4852213614670045
roll_2,validation,HGB_hard_0.40,42,2019-05-06,96,1.2248093016455666,1.925427849274622
roll_2,validation,HGB_hard_0.40,42,2019-05-07,96,1.0614742507644976,2.189752382296736
roll_2,validation,HGB_hard_0.40,42,2019-05-08,96,1.1380635379961657,1.6869727772906278
roll_2,validation,HGB_hard_0.40,42,2019-05-09,96,0.5425812167568659,0.8603553594959411
roll_2,validation,HGB_hard_0.40,42,2019-05-10,96,2.0498482038250767,4.0517865801513455
roll_2,validation,HGB_hard_0.45,42,2019-05-01,92,1.2432602329664781,2.4515546801266397
roll_2,validation,HGB_hard_0.45,42,2019-05-02,96,0.7370921290000746,1.2386932728136586
roll_2,validation,HGB_hard_0.45,42,2019-05-03,96,1.2556626956582353,2.126616384749818
roll_2,validation,HGB_hard_0.45,42,2019-05-04,96,0.8013944217601295,1.4399408549705488
roll_2,validation,HGB_hard_0.45,42,2019-05-05,96,2.0017780295828023,3.4852213614670045
roll_2,validation,HGB_hard_0.45,42,2019-05-06,96,1.2248093016455666,1.925427849274622
roll_2,validation,HGB_hard_0.45,42,2019-05-07,96,1.0614742507644976,2.189752382296736
roll_2,validation,HGB_hard_0.45,42,2019-05-08,96,1.1380635379961657,1.6869727772906278
roll_2,validation,HGB_hard_0.45,42,2019-05-09,96,0.5425812167568659,0.8603553594959411
roll_2,validation,HGB_hard_0.45,42,2019-05-10,96,2.0498482038250767,4.0517865801513455
roll_2,validation,HGB_hard_0.50,42,2019-05-01,92,1.2432602329664781,2.4515546801266397
roll_2,validation,HGB_hard_0.50,42,2019-05-02,96,0.7370921290000746,1.2386932728136586
roll_2,validation,HGB_hard_0.50,42,2019-05-03,96,1.2556626956582353,2.126616384749818
roll_2,validation,HGB_hard_0.50,42,2019-05-04,96,0.8013944217601295,1.4399408549705488
roll_2,validation,HGB_hard_0.50,42,2019-05-05,96,2.0017780295828023,3.4852213614670045
roll_2,validation,HGB_hard_0.50,42,2019-05-06,96,1.2248093016455666,1.925427849274622
roll_2,validation,HGB_hard_0.50,42,2019-05-07,96,1.0614742507644976,2.189752382296736
roll_2,validation,HGB_hard_0.50,42,2019-05-08,96,1.1380635379961657,1.6869727772906278
roll_2,validation,HGB_hard_0.50,42,2019-05-09,96,0.5425812167568659,0.8603553594959411
roll_2,validation,HGB_hard_0.50,42,2019-05-10,96,2.0498482038250767,4.0517865801513455
roll_2,validation,HGB_hard_0.55,42,2019-05-01,92,1.2432602329664781,2.4515546801266397
roll_2,validation,HGB_hard_0.55,42,2019-05-02,96,0.7370921290000746,1.2386932728136586
roll_2,validation,HGB_hard_0.55,42,2019-05-03,96,1.2556626956582353,2.126616384749818
roll_2,validation,HGB_hard_0.55,42,2019-05-04,96,0.8013944217601295,1.4399408549705488
roll_2,validation,HGB_hard_0.55,42,2019-05-05,96,2.0017780295828023,3.4852213614670045
roll_2,validation,HGB_hard_0.55,42,2019-05-06,96,1.2248093016455666,1.925427849274622
roll_2,validation,HGB_hard_0.55,42,2019-05-07,96,1.0614742507644976,2.189752382296736
roll_2,validation,HGB_hard_0.55,42,2019-05-08,96,1.1380635379961657,1.6869727772906278
roll_2,validation,HGB_hard_0.55,42,2019-05-09,96,0.5425812167568659,0.8603553594959411
roll_2,validation,HGB_hard_0.55,42,2019-05-10,96,2.0498482038250767,4.0517865801513455
roll_2,validation,HGB_hard_0.60,42,2019-05-01,92,1.2432602329664781,2.4515546801266397
roll_2,validation,HGB_hard_0.60,42,2019-05-02,96,0.7370921290000746,1.2386932728136586
roll_2,validation,HGB_hard_0.60,42,2019-05-03,96,1.2556626956582353,2.126616384749818
roll_2,validation,HGB_hard_0.60,42,2019-05-04,96,0.8013944217601295,1.4399408549705488
roll_2,validation,HGB_hard_0.60,42,2019-05-05,96,2.0017780295828023,3.4852213614670045
roll_2,validation,HGB_hard_0.60,42,2019-05-06,96,1.2248093016455666,1.925427849274622
roll_2,validation,HGB_hard_0.60,42,2019-05-07,96,1.0614742507644976,2.189752382296736
roll_2,validation,HGB_hard_0.60,42,2019-05-08,96,1.1380635379961657,1.6869727772906278
roll_2,validation,HGB_hard_0.60,42,2019-05-09,96,0.5425812167568659,0.8603553594959411
roll_2,validation,HGB_hard_0.60,42,2019-05-10,96,2.0498482038250767,4.0517865801513455
roll_2,validation,HGB_hard_0.65,42,2019-05-01,92,1.2432602329664781,2.4515546801266397
roll_2,validation,HGB_hard_0.65,42,2019-05-02,96,0.7370921290000746,1.2386932728136586
roll_2,validation,HGB_hard_0.65,42,2019-05-03,96,1.2556626956582353,2.126616384749818
roll_2,validation,HGB_hard_0.65,42,2019-05-04,96,0.8013944217601295,1.4399408549705488
roll_2,validation,HGB_hard_0.65,42,2019-05-05,96,2.0017780295828023,3.4852213614670045
roll_2,validation,HGB_hard_0.65,42,2019-05-06,96,1.2248093016455666,1.925427849274622
roll_2,validation,HGB_hard_0.65,42,2019-05-07,96,1.0614742507644976,2.189752382296736
roll_2,validation,HGB_hard_0.65,42,2019-05-08,96,1.1380635379961657,1.6869727772906278
roll_2,validation,HGB_hard_0.65,42,2019-05-09,96,0.5425812167568659,0.8603553594959411
roll_2,validation,HGB_hard_0.65,42,2019-05-10,96,2.0498482038250767,4.0517865801513455
roll_2,validation,HGB_hard_0.70,42,2019-05-01,92,1.2432602329664781,2.4515546801266397
roll_2,validation,HGB_hard_0.70,42,2019-05-02,96,0.7370921290000746,1.2386932728136586
roll_2,validation,HGB_hard_0.70,42,2019-05-03,96,1.2556626956582353,2.126616384749818
roll_2,validation,HGB_hard_0.70,42,2019-05-04,96,0.8013944217601295,1.4399408549705488
roll_2,validation,HGB_hard_0.70,42,2019-05-05,96,2.0017780295828023,3.4852213614670045
roll_2,validation,HGB_hard_0.70,42,2019-05-06,96,1.2248093016455666,1.925427849274622
roll_2,validation,HGB_hard_0.70,42,2019-05-07,96,1.0614742507644976,2.189752382296736
roll_2,validation,HGB_hard_0.70,42,2019-05-08,96,1.1380635379961657,1.6869727772906278
roll_2,validation,HGB_hard_0.70,42,2019-05-09,96,0.5425812167568659,0.8603553594959411
roll_2,validation,HGB_hard_0.70,42,2019-05-10,96,2.0498482038250767,4.0517865801513455
roll_2,validation,HGB_hard_0.75,42,2019-05-01,92,1.2432602329664781,2.4515546801266397
roll_2,validation,HGB_hard_0.75,42,2019-05-02,96,0.7370921290000746,1.2386932728136586
roll_2,validation,HGB_hard_0.75,42,2019-05-03,96,1.2556626956582353,2.126616384749818
roll_2,validation,HGB_hard_0.75,42,2019-05-04,96,0.8013944217601295,1.4399408549705488
roll_2,validation,HGB_hard_0.75,42,2019-05-05,96,2.0017780295828023,3.4852213614670045
roll_2,validation,HGB_hard_0.75,42,2019-05-06,96,1.2248093016455666,1.925427849274622
roll_2,validation,HGB_hard_0.75,42,2019-05-07,96,1.0614742507644976,2.189752382296736
roll_2,validation,HGB_hard_0.75,42,2019-05-08,96,1.1380635379961657,1.6869727772906278
roll_2,validation,HGB_hard_0.75,42,2019-05-09,96,0.5425812167568659,0.8603553594959411
roll_2,validation,HGB_hard_0.75,42,2019-05-10,96,2.0498482038250767,4.0517865801513455
roll_2,validation,HGB_hard_0.80,42,2019-05-01,92,1.2432602329664781,2.4515546801266397
roll_2,validation,HGB_hard_0.80,42,2019-05-02,96,0.7370921290000746,1.2386932728136586
roll_2,validation,HGB_hard_0.80,42,2019-05-03,96,1.2556626956582353,2.126616384749818
roll_2,validation,HGB_hard_0.80,42,2019-05-04,96,0.8013944217601295,1.4399408549705488
roll_2,validation,HGB_hard_0.80,42,2019-05-05,96,2.0017780295828023,3.4852213614670045
roll_2,validation,HGB_hard_0.80,42,2019-05-06,96,1.2248093016455666,1.925427849274622
roll_2,validation,HGB_hard_0.80,42,2019-05-07,96,1.0614742507644976,2.189752382296736
roll_2,validation,HGB_hard_0.80,42,2019-05-08,96,1.1380635379961657,1.6869727772906278
roll_2,validation,HGB_hard_0.80,42,2019-05-09,96,0.5425812167568659,0.8603553594959411
roll_2,validation,HGB_hard_0.80,42,2019-05-10,96,2.0498482038250767,4.0517865801513455
roll_2,validation,HGB_hard_0.85,42,2019-05-01,92,1.2432602329664781,2.4515546801266397
roll_2,validation,HGB_hard_0.85,42,2019-05-02,96,0.7370921290000746,1.2386932728136586
roll_2,validation,HGB_hard_0.85,42,2019-05-03,96,1.2556626956582353,2.126616384749818
roll_2,validation,HGB_hard_0.85,42,2019-05-04,96,0.8013944217601295,1.4399408549705488
roll_2,validation,HGB_hard_0.85,42,2019-05-05,96,2.0017780295828023,3.4852213614670045
roll_2,validation,HGB_hard_0.85,42,2019-05-06,96,1.2248093016455666,1.925427849274622
roll_2,validation,HGB_hard_0.85,42,2019-05-07,96,1.0614742507644976,2.189752382296736
roll_2,validation,HGB_hard_0.85,42,2019-05-08,96,1.1380635379961657,1.6869727772906278
roll_2,validation,HGB_hard_0.85,42,2019-05-09,96,0.5425812167568659,0.8603553594959411
roll_2,validation,HGB_hard_0.85,42,2019-05-10,96,2.0498482038250767,4.0517865801513455
roll_2,validation,HGB_hard_0.90,42,2019-05-01,92,1.2432602329664781,2.4515546801266397
roll_2,validation,HGB_hard_0.90,42,2019-05-02,96,0.7370921290000746,1.2386932728136586
roll_2,validation,HGB_hard_0.90,42,2019-05-03,96,1.2556626956582353,2.126616384749818
roll_2,validation,HGB_hard_0.90,42,2019-05-04,96,0.8013944217601295,1.4399408549705488
roll_2,validation,HGB_hard_0.90,42,2019-05-05,96,2.0017780295828023,3.4852213614670045
roll_2,validation,HGB_hard_0.90,42,2019-05-06,96,1.2248093016455666,1.925427849274622
roll_2,validation,HGB_hard_0.90,42,2019-05-07,96,1.0614742507644976,2.189752382296736
roll_2,validation,HGB_hard_0.90,42,2019-05-08,96,1.1380635379961657,1.6869727772906278
roll_2,validation,HGB_hard_0.90,42,2019-05-09,96,0.5425812167568659,0.8603553594959411
roll_2,validation,HGB_hard_0.90,42,2019-05-10,96,2.0498482038250767,4.0517865801513455
roll_2,evaluation,baseline,42,2019-05-11,92,0.9896095556239518,2.075909138928677
roll_2,evaluation,baseline,42,2019-05-12,96,2.6005491420848923,5.117896331558086
roll_2,evaluation,baseline,42,2019-05-13,96,0.8212817601468115,1.4837650384078471
roll_2,evaluation,baseline,42,2019-05-14,96,1.4582459898342706,2.354168924133694
roll_2,evaluation,baseline,42,2019-05-15,96,1.1786903948144825,2.097384976602085
roll_2,evaluation,baseline,42,2019-05-16,96,1.2395016693773144,2.104593200938738
roll_2,evaluation,baseline,42,2019-05-17,96,0.6437813248068847,1.0433706771936775
roll_2,evaluation,baseline,42,2019-05-18,96,0.8762543427270034,1.4266520129435247
roll_2,evaluation,baseline,42,2019-05-19,96,1.5825204112074047,2.577210777637626
roll_2,evaluation,baseline,42,2019-05-20,96,0.577585852137538,0.8905557227593912
roll_2,evaluation,expert,42,2019-05-11,92,1.0844612399226403,2.0672155544875483
roll_2,evaluation,expert,42,2019-05-12,96,2.553477292986039,4.875903335591151
roll_2,evaluation,expert,42,2019-05-13,96,0.8864185067459127,1.4861978343564237
roll_2,evaluation,expert,42,2019-05-14,96,1.3228519924174922,2.1834734827980378
roll_2,evaluation,expert,42,2019-05-15,96,1.2185016190055753,2.1088251904588673
roll_2,evaluation,expert,42,2019-05-16,96,1.250704507028571,1.9782219890477615
roll_2,evaluation,expert,42,2019-05-17,96,0.7235122819109204,1.1979405917365988
roll_2,evaluation,expert,42,2019-05-18,96,1.035192453776588,1.6328207142849676
roll_2,evaluation,expert,42,2019-05-19,96,1.8407138824479639,2.848519480214789
roll_2,evaluation,expert,42,2019-05-20,96,0.7220406888457558,1.1356400369880066
roll_2,evaluation,oracle,42,2019-05-11,92,0.9059099579993833,1.8188354574240548
roll_2,evaluation,oracle,42,2019-05-12,96,2.4855023835350605,4.893162235380044
roll_2,evaluation,oracle,42,2019-05-13,96,0.7583877207367786,1.3077536538132475
roll_2,evaluation,oracle,42,2019-05-14,96,1.4838623161801738,2.4278052062075766
roll_2,evaluation,oracle,42,2019-05-15,96,1.196314323104071,2.13097156447795
roll_2,evaluation,oracle,42,2019-05-16,96,1.2073624356714057,2.055217341208819
roll_2,evaluation,oracle,42,2019-05-17,96,0.6437813248068847,1.0433706771936775
roll_2,evaluation,oracle,42,2019-05-18,96,0.8762543427270034,1.4266520129435247
roll_2,evaluation,oracle,42,2019-05-19,96,1.5638260638812123,2.6152464441586556
roll_2,evaluation,oracle,42,2019-05-20,96,0.5559980443197979,0.8675688944926159
roll_2,evaluation,selected,42,2019-05-11,92,0.9896095556239518,2.075909138928677
roll_2,evaluation,selected,42,2019-05-12,96,2.6040948760238547,5.1217184943618586
roll_2,evaluation,selected,42,2019-05-13,96,0.8235184937236291,1.4844992323717592
roll_2,evaluation,selected,42,2019-05-14,96,1.4629258981186488,2.3396282523392764
roll_2,evaluation,selected,42,2019-05-15,96,1.1649522983930511,2.077446441894551
roll_2,evaluation,selected,42,2019-05-16,96,1.193537121181719,1.9931894039458509
roll_2,evaluation,selected,42,2019-05-17,96,0.6437813248068847,1.0433706771936775
roll_2,evaluation,selected,42,2019-05-18,96,0.8823033568982713,1.4714771445920238
roll_2,evaluation,selected,42,2019-05-19,96,1.5702397679872788,2.557313771843384
roll_2,evaluation,selected,42,2019-05-20,96,0.576386025234963,0.8881476101256187
roll_2,evaluation,LR_soft,42,2019-05-11,92,0.9806135765582229,2.03447922351132
roll_2,evaluation,LR_soft,42,2019-05-12,96,2.592036861979641,5.057037493944885
roll_2,evaluation,LR_soft,42,2019-05-13,96,0.8204819476374848,1.4591629988231942
roll_2,evaluation,LR_soft,42,2019-05-14,96,1.4299016114522507,2.2979694289068755
roll_2,evaluation,LR_soft,42,2019-05-15,96,1.1721513899585394,2.077411963102502
roll_2,evaluation,LR_soft,42,2019-05-16,96,1.2237518256218243,2.033091184418822
roll_2,evaluation,LR_soft,42,2019-05-17,96,0.6401399353250797,1.0428534627569663
roll_2,evaluation,LR_soft,42,2019-05-18,96,0.8901104745649778,1.43670989777584
roll_2,evaluation,LR_soft,42,2019-05-19,96,1.6339215157213118,2.6449533428237033
roll_2,evaluation,LR_soft,42,2019-05-20,96,0.5768920589543466,0.8893088332253272
roll_2,evaluation,LR_hard_0.25,42,2019-05-11,92,0.9896095556239518,2.075909138928677
roll_2,evaluation,LR_hard_0.25,42,2019-05-12,96,2.6574471775059707,5.112276817619316
roll_2,evaluation,LR_hard_0.25,42,2019-05-13,96,0.8212817601468115,1.4837650384078471
roll_2,evaluation,LR_hard_0.25,42,2019-05-14,96,1.3975370379001806,2.257380696612972
roll_2,evaluation,LR_hard_0.25,42,2019-05-15,96,1.1622771232427145,2.072917157603945
roll_2,evaluation,LR_hard_0.25,42,2019-05-16,96,1.2285419239357604,2.076596099568225
roll_2,evaluation,LR_hard_0.25,42,2019-05-17,96,0.6437813248068847,1.0433706771936775
roll_2,evaluation,LR_hard_0.25,42,2019-05-18,96,0.8859866445571205,1.4390152669276943
roll_2,evaluation,LR_hard_0.25,42,2019-05-19,96,1.7998203522732394,2.861738435049624
roll_2,evaluation,LR_hard_0.25,42,2019-05-20,96,0.577585852137538,0.8905557227593912
roll_2,evaluation,HGB_soft,42,2019-05-11,92,0.9792888426273557,2.0492679206850664
roll_2,evaluation,HGB_soft,42,2019-05-12,96,2.5868064116699316,5.079810896479719
roll_2,evaluation,HGB_soft,42,2019-05-13,96,0.8167306605125795,1.4605445081845119
roll_2,evaluation,HGB_soft,42,2019-05-14,96,1.4495232255411479,2.333114959347207
roll_2,evaluation,HGB_soft,42,2019-05-15,96,1.1759204282494806,2.087842019229416
roll_2,evaluation,HGB_soft,42,2019-05-16,96,1.2357915018557033,2.0666456886449507
roll_2,evaluation,HGB_soft,42,2019-05-17,96,0.6422612713502074,1.0423338468606345
roll_2,evaluation,HGB_soft,42,2019-05-18,96,0.8831362838693423,1.43559274486275
roll_2,evaluation,HGB_soft,42,2019-05-19,96,1.5899048362104755,2.584998894194967
roll_2,evaluation,HGB_soft,42,2019-05-20,96,0.57197732383936,0.8838053430937313
roll_2,evaluation,HGB_hard_0.15,42,2019-05-11,92,0.9896095556239518,2.075909138928677
roll_2,evaluation,HGB_hard_0.15,42,2019-05-12,96,2.6040948760238547,5.1217184943618586
roll_2,evaluation,HGB_hard_0.15,42,2019-05-13,96,0.8235184937236291,1.4844992323717592
roll_2,evaluation,HGB_hard_0.15,42,2019-05-14,96,1.4629258981186488,2.3396282523392764
roll_2,evaluation,HGB_hard_0.15,42,2019-05-15,96,1.1649522983930511,2.077446441894551
roll_2,evaluation,HGB_hard_0.15,42,2019-05-16,96,1.193537121181719,1.9931894039458509
roll_2,evaluation,HGB_hard_0.15,42,2019-05-17,96,0.6437813248068847,1.0433706771936775
roll_2,evaluation,HGB_hard_0.15,42,2019-05-18,96,0.8823033568982713,1.4714771445920238
roll_2,evaluation,HGB_hard_0.15,42,2019-05-19,96,1.5702397679872788,2.557313771843384
roll_2,evaluation,HGB_hard_0.15,42,2019-05-20,96,0.576386025234963,0.8881476101256187
roll_3,validation,baseline,42,2019-05-15,92,1.3187296658263497,2.6300419456390856
roll_3,validation,baseline,42,2019-05-16,96,1.3256685847141274,2.1984175025139217
roll_3,validation,baseline,42,2019-05-17,96,0.9584159260661198,1.5709210871420696
roll_3,validation,baseline,42,2019-05-18,96,0.8914584209778681,1.5093505386036288
roll_3,validation,baseline,42,2019-05-19,96,1.6991640338703486,2.939792971935029
roll_3,validation,baseline,42,2019-05-20,96,0.3783443640657012,0.6003610521005498
roll_3,validation,baseline,42,2019-05-21,96,1.5458310960649702,3.042402560706453
roll_3,validation,baseline,42,2019-05-22,96,0.4246849334395195,0.7070937855165556
roll_3,validation,baseline,42,2019-05-23,96,0.583148460740398,0.9884691535328303
roll_3,validation,baseline,42,2019-05-24,96,2.68524448405608,4.959438066431444
roll_3,validation,baseline,42,2019-05-25,96,0.8987583160297853,1.5793372652026363
roll_3,validation,baseline,42,2019-05-26,96,2.165513801121724,3.6074576135616008
roll_3,validation,baseline,42,2019-05-27,96,0.7477682135474661,1.4718945589587524
roll_3,validation,baseline,42,2019-05-28,96,0.42853037507363556,0.6682823543011939
roll_3,validation,baseline,42,2019-05-29,96,0.8762197585626251,1.5845492653870061
roll_3,validation,expert,42,2019-05-15,92,1.2460335987044575,2.4044563852347918
roll_3,validation,expert,42,2019-05-16,96,1.49247263125192,2.7025309007025764
roll_3,validation,expert,42,2019-05-17,96,0.9372783696314301,1.572497614795398
roll_3,validation,expert,42,2019-05-18,96,0.8522142689993691,1.4223785123989636
roll_3,validation,expert,42,2019-05-19,96,2.0766519127906955,3.4356469395099536
roll_3,validation,expert,42,2019-05-20,96,0.45256413422346126,0.7382066497077292
roll_3,validation,expert,42,2019-05-21,96,1.6571023516625727,3.338705626339451
roll_3,validation,expert,42,2019-05-22,96,0.6846963785687864,1.0890491864291274
roll_3,validation,expert,42,2019-05-23,96,0.6867236746322711,1.13566802327579
roll_3,validation,expert,42,2019-05-24,96,2.6279518817629195,4.686281638064855
roll_3,validation,expert,42,2019-05-25,96,0.8961096009882156,1.526332677463745
roll_3,validation,expert,42,2019-05-26,96,2.0709082549767817,3.696997651608002
roll_3,validation,expert,42,2019-05-27,96,0.6995332092436515,1.3222026760669097
roll_3,validation,expert,42,2019-05-28,96,0.5262350234189815,0.8948403299991976
roll_3,validation,expert,42,2019-05-29,96,1.0906823997631208,1.984522730152035
roll_3,validation,oracle,42,2019-05-15,92,1.3174298839392617,2.6208031819622866
roll_3,validation,oracle,42,2019-05-16,96,1.309964757449921,2.183426550173519
roll_3,validation,oracle,42,2019-05-17,96,0.9584159260661198,1.5709210871420696
roll_3,validation,oracle,42,2019-05-18,96,0.8914584209778681,1.5093505386036288
roll_3,validation,oracle,42,2019-05-19,96,1.6518517663340446,2.8415817287437997
roll_3,validation,oracle,42,2019-05-20,96,0.36373596250301765,0.5752326973458265
roll_3,validation,oracle,42,2019-05-21,96,1.4919931869411354,3.0040856645089997
roll_3,validation,oracle,42,2019-05-22,96,0.40999685789848744,0.6858089765169794
roll_3,validation,oracle,42,2019-05-23,96,0.583148460740398,0.9884691535328303
roll_3,validation,oracle,42,2019-05-24,96,2.4919885687060033,4.487143541270008
roll_3,validation,oracle,42,2019-05-25,96,0.8949035578891206,1.5754120981065378
roll_3,validation,oracle,42,2019-05-26,96,2.13906500311442,3.556012222929728
roll_3,validation,oracle,42,2019-05-27,96,0.7163323805336806,1.332377841668261
roll_3,validation,oracle,42,2019-05-28,96,0.42853037507363556,0.6682823543011939
roll_3,validation,oracle,42,2019-05-29,96,0.893338461654329,1.621491177373229
roll_3,validation,selected,42,2019-05-15,92,1.3004580543874282,2.580292459125698
roll_3,validation,selected,42,2019-05-16,96,1.3309815924306536,2.2130121204127686
roll_3,validation,selected,42,2019-05-17,96,0.9468829992345077,1.5601867124995812
roll_3,validation,selected,42,2019-05-18,96,0.881987598141429,1.4770115034973175
roll_3,validation,selected,42,2019-05-19,96,1.7599800951987958,3.01354305679138
roll_3,validation,selected,42,2019-05-20,96,0.3694494906154871,0.589250372272171
roll_3,validation,selected,42,2019-05-21,96,1.5529624921520286,3.0604341045856
roll_3,validation,selected,42,2019-05-22,96,0.4339137080659757,0.7245935799601256
roll_3,validation,selected,42,2019-05-23,96,0.579935177060173,0.9874928562211546
roll_3,validation,selected,42,2019-05-24,96,2.6710636270432633,4.93640756840574
roll_3,validation,selected,42,2019-05-25,96,0.8977122348543422,1.5687824226904235
roll_3,validation,selected,42,2019-05-26,96,2.16561771940914,3.6170299618444077
roll_3,validation,selected,42,2019-05-27,96,0.7389075735641315,1.4561265200616487
roll_3,validation,selected,42,2019-05-28,96,0.4292413589270619,0.6718999417676972
roll_3,validation,selected,42,2019-05-29,96,0.8801916769336547,1.5918224735742141
roll_3,validation,LR_soft,42,2019-05-15,92,1.3004580543874282,2.580292459125698
roll_3,validation,LR_soft,42,2019-05-16,96,1.3309815924306536,2.2130121204127686
roll_3,validation,LR_soft,42,2019-05-17,96,0.9468829992345077,1.5601867124995812
roll_3,validation,LR_soft,42,2019-05-18,96,0.881987598141429,1.4770115034973175
roll_3,validation,LR_soft,42,2019-05-19,96,1.7599800951987958,3.01354305679138
roll_3,validation,LR_soft,42,2019-05-20,96,0.3694494906154871,0.589250372272171
roll_3,validation,LR_soft,42,2019-05-21,96,1.5529624921520286,3.0604341045856
roll_3,validation,LR_soft,42,2019-05-22,96,0.4339137080659757,0.7245935799601256
roll_3,validation,LR_soft,42,2019-05-23,96,0.579935177060173,0.9874928562211546
roll_3,validation,LR_soft,42,2019-05-24,96,2.6710636270432633,4.93640756840574
roll_3,validation,LR_soft,42,2019-05-25,96,0.8977122348543422,1.5687824226904235
roll_3,validation,LR_soft,42,2019-05-26,96,2.16561771940914,3.6170299618444077
roll_3,validation,LR_soft,42,2019-05-27,96,0.7389075735641315,1.4561265200616487
roll_3,validation,LR_soft,42,2019-05-28,96,0.4292413589270619,0.6718999417676972
roll_3,validation,LR_soft,42,2019-05-29,96,0.8801916769336547,1.5918224735742141
roll_3,validation,LR_hard_0.10,42,2019-05-15,92,1.320061737807846,2.5494716587842725
roll_3,validation,LR_hard_0.10,42,2019-05-16,96,1.2977246139258523,2.181994324994437
roll_3,validation,LR_hard_0.10,42,2019-05-17,96,0.9584159260661198,1.5709210871420696
roll_3,validation,LR_hard_0.10,42,2019-05-18,96,0.8647139192200367,1.45396117337479
roll_3,validation,LR_hard_0.10,42,2019-05-19,96,2.0282669663230637,3.4052401828946652
roll_3,validation,LR_hard_0.10,42,2019-05-20,96,0.3783443640657012,0.6003610521005498
roll_3,validation,LR_hard_0.10,42,2019-05-21,96,1.5872930449835916,3.147232096045117
roll_3,validation,LR_hard_0.10,42,2019-05-22,96,0.4246849334395195,0.7070937855165556
roll_3,validation,LR_hard_0.10,42,2019-05-23,96,0.583148460740398,0.9884691535328303
roll_3,validation,LR_hard_0.10,42,2019-05-24,96,2.732481200783683,5.024631044329518
roll_3,validation,LR_hard_0.10,42,2019-05-25,96,0.8987583160297853,1.5793372652026363
roll_3,validation,LR_hard_0.10,42,2019-05-26,96,2.221468079312284,3.714393500146925
roll_3,validation,LR_hard_0.10,42,2019-05-27,96,0.724723726514498,1.4443595267118667
roll_3,validation,LR_hard_0.10,42,2019-05-28,96,0.42853037507363556,0.6682823543011939
roll_3,validation,LR_hard_0.10,42,2019-05-29,96,0.8762197585626251,1.5845492653870061
roll_3,validation,LR_hard_0.15,42,2019-05-15,92,1.3168264516038097,2.6303453677207003
roll_3,validation,LR_hard_0.15,42,2019-05-16,96,1.3256685847141274,2.1984175025139217
roll_3,validation,LR_hard_0.15,42,2019-05-17,96,0.9584159260661198,1.5709210871420696
roll_3,validation,LR_hard_0.15,42,2019-05-18,96,0.8914584209778681,1.5093505386036288
roll_3,validation,LR_hard_0.15,42,2019-05-19,96,1.971232716927668,3.402527461169634
roll_3,validation,LR_hard_0.15,42,2019-05-20,96,0.3783443640657012,0.6003610521005498
roll_3,validation,LR_hard_0.15,42,2019-05-21,96,1.5422904802104789,3.0418786126381825
roll_3,validation,LR_hard_0.15,42,2019-05-22,96,0.4246849334395195,0.7070937855165556
roll_3,validation,LR_hard_0.15,42,2019-05-23,96,0.583148460740398,0.9884691535328303
roll_3,validation,LR_hard_0.15,42,2019-05-24,96,2.728827722461935,5.020339499873226
roll_3,validation,LR_hard_0.15,42,2019-05-25,96,0.8987583160297853,1.5793372652026363
roll_3,validation,LR_hard_0.15,42,2019-05-26,96,2.1862086545531043,3.678280801139025
roll_3,validation,LR_hard_0.15,42,2019-05-27,96,0.7477682135474661,1.4718945589587524
roll_3,validation,LR_hard_0.15,42,2019-05-28,96,0.42853037507363556,0.6682823543011939
roll_3,validation,LR_hard_0.15,42,2019-05-29,96,0.8762197585626251,1.5845492653870061
roll_3,validation,LR_hard_0.20,42,2019-05-15,92,1.3187296658263497,2.6300419456390856
roll_3,validation,LR_hard_0.20,42,2019-05-16,96,1.3256685847141274,2.1984175025139217
roll_3,validation,LR_hard_0.20,42,2019-05-17,96,0.9584159260661198,1.5709210871420696
roll_3,validation,LR_hard_0.20,42,2019-05-18,96,0.8914584209778681,1.5093505386036288
roll_3,validation,LR_hard_0.20,42,2019-05-19,96,1.7679665584861095,3.055112736116152
roll_3,validation,LR_hard_0.20,42,2019-05-20,96,0.3783443640657012,0.6003610521005498
roll_3,validation,LR_hard_0.20,42,2019-05-21,96,1.5458310960649702,3.042402560706453
roll_3,validation,LR_hard_0.20,42,2019-05-22,96,0.4246849334395195,0.7070937855165556
roll_3,validation,LR_hard_0.20,42,2019-05-23,96,0.583148460740398,0.9884691535328303
roll_3,validation,LR_hard_0.20,42,2019-05-24,96,2.722008736906558,5.008401877198503
roll_3,validation,LR_hard_0.20,42,2019-05-25,96,0.8987583160297853,1.5793372652026363
roll_3,validation,LR_hard_0.20,42,2019-05-26,96,2.1862086545531043,3.678280801139025
roll_3,validation,LR_hard_0.20,42,2019-05-27,96,0.7477682135474661,1.4718945589587524
roll_3,validation,LR_hard_0.20,42,2019-05-28,96,0.42853037507363556,0.6682823543011939
roll_3,validation,LR_hard_0.20,42,2019-05-29,96,0.8762197585626251,1.5845492653870061
roll_3,validation,LR_hard_0.25,42,2019-05-15,92,1.3187296658263497,2.6300419456390856
roll_3,validation,LR_hard_0.25,42,2019-05-16,96,1.3256685847141274,2.1984175025139217
roll_3,validation,LR_hard_0.25,42,2019-05-17,96,0.9584159260661198,1.5709210871420696
roll_3,validation,LR_hard_0.25,42,2019-05-18,96,0.8914584209778681,1.5093505386036288
roll_3,validation,LR_hard_0.25,42,2019-05-19,96,1.7116938240385775,2.9572386036795106
roll_3,validation,LR_hard_0.25,42,2019-05-20,96,0.3783443640657012,0.6003610521005498
roll_3,validation,LR_hard_0.25,42,2019-05-21,96,1.5458310960649702,3.042402560706453
roll_3,validation,LR_hard_0.25,42,2019-05-22,96,0.4246849334395195,0.7070937855165556
roll_3,validation,LR_hard_0.25,42,2019-05-23,96,0.583148460740398,0.9884691535328303
roll_3,validation,LR_hard_0.25,42,2019-05-24,96,2.6724210018986696,4.945873572643899
roll_3,validation,LR_hard_0.25,42,2019-05-25,96,0.8987583160297853,1.5793372652026363
roll_3,validation,LR_hard_0.25,42,2019-05-26,96,2.165513801121724,3.6074576135616008
roll_3,validation,LR_hard_0.25,42,2019-05-27,96,0.7477682135474661,1.4718945589587524
roll_3,validation,LR_hard_0.25,42,2019-05-28,96,0.42853037507363556,0.6682823543011939
roll_3,validation,LR_hard_0.25,42,2019-05-29,96,0.8762197585626251,1.5845492653870061
roll_3,validation,LR_hard_0.30,42,2019-05-15,92,1.3187296658263497,2.6300419456390856
roll_3,validation,LR_hard_0.30,42,2019-05-16,96,1.3256685847141274,2.1984175025139217
roll_3,validation,LR_hard_0.30,42,2019-05-17,96,0.9584159260661198,1.5709210871420696
roll_3,validation,LR_hard_0.30,42,2019-05-18,96,0.8914584209778681,1.5093505386036288
roll_3,validation,LR_hard_0.30,42,2019-05-19,96,1.6991640338703486,2.939792971935029
roll_3,validation,LR_hard_0.30,42,2019-05-20,96,0.3783443640657012,0.6003610521005498
roll_3,validation,LR_hard_0.30,42,2019-05-21,96,1.5458310960649702,3.042402560706453
roll_3,validation,LR_hard_0.30,42,2019-05-22,96,0.4246849334395195,0.7070937855165556
roll_3,validation,LR_hard_0.30,42,2019-05-23,96,0.583148460740398,0.9884691535328303
roll_3,validation,LR_hard_0.30,42,2019-05-24,96,2.68524448405608,4.959438066431444
roll_3,validation,LR_hard_0.30,42,2019-05-25,96,0.8987583160297853,1.5793372652026363
roll_3,validation,LR_hard_0.30,42,2019-05-26,96,2.165513801121724,3.6074576135616008
roll_3,validation,LR_hard_0.30,42,2019-05-27,96,0.7477682135474661,1.4718945589587524
roll_3,validation,LR_hard_0.30,42,2019-05-28,96,0.42853037507363556,0.6682823543011939
roll_3,validation,LR_hard_0.30,42,2019-05-29,96,0.8762197585626251,1.5845492653870061
roll_3,validation,LR_hard_0.35,42,2019-05-15,92,1.3187296658263497,2.6300419456390856
roll_3,validation,LR_hard_0.35,42,2019-05-16,96,1.3256685847141274,2.1984175025139217
roll_3,validation,LR_hard_0.35,42,2019-05-17,96,0.9584159260661198,1.5709210871420696
roll_3,validation,LR_hard_0.35,42,2019-05-18,96,0.8914584209778681,1.5093505386036288
roll_3,validation,LR_hard_0.35,42,2019-05-19,96,1.6991640338703486,2.939792971935029
roll_3,validation,LR_hard_0.35,42,2019-05-20,96,0.3783443640657012,0.6003610521005498
roll_3,validation,LR_hard_0.35,42,2019-05-21,96,1.5458310960649702,3.042402560706453
roll_3,validation,LR_hard_0.35,42,2019-05-22,96,0.4246849334395195,0.7070937855165556
roll_3,validation,LR_hard_0.35,42,2019-05-23,96,0.583148460740398,0.9884691535328303
roll_3,validation,LR_hard_0.35,42,2019-05-24,96,2.68524448405608,4.959438066431444
roll_3,validation,LR_hard_0.35,42,2019-05-25,96,0.8987583160297853,1.5793372652026363
roll_3,validation,LR_hard_0.35,42,2019-05-26,96,2.165513801121724,3.6074576135616008
roll_3,validation,LR_hard_0.35,42,2019-05-27,96,0.7477682135474661,1.4718945589587524
roll_3,validation,LR_hard_0.35,42,2019-05-28,96,0.42853037507363556,0.6682823543011939
roll_3,validation,LR_hard_0.35,42,2019-05-29,96,0.8762197585626251,1.5845492653870061
roll_3,validation,LR_hard_0.40,42,2019-05-15,92,1.3187296658263497,2.6300419456390856
roll_3,validation,LR_hard_0.40,42,2019-05-16,96,1.3256685847141274,2.1984175025139217
roll_3,validation,LR_hard_0.40,42,2019-05-17,96,0.9584159260661198,1.5709210871420696
roll_3,validation,LR_hard_0.40,42,2019-05-18,96,0.8914584209778681,1.5093505386036288
roll_3,validation,LR_hard_0.40,42,2019-05-19,96,1.6991640338703486,2.939792971935029
roll_3,validation,LR_hard_0.40,42,2019-05-20,96,0.3783443640657012,0.6003610521005498
roll_3,validation,LR_hard_0.40,42,2019-05-21,96,1.5458310960649702,3.042402560706453
roll_3,validation,LR_hard_0.40,42,2019-05-22,96,0.4246849334395195,0.7070937855165556
roll_3,validation,LR_hard_0.40,42,2019-05-23,96,0.583148460740398,0.9884691535328303
roll_3,validation,LR_hard_0.40,42,2019-05-24,96,2.68524448405608,4.959438066431444
roll_3,validation,LR_hard_0.40,42,2019-05-25,96,0.8987583160297853,1.5793372652026363
roll_3,validation,LR_hard_0.40,42,2019-05-26,96,2.165513801121724,3.6074576135616008
roll_3,validation,LR_hard_0.40,42,2019-05-27,96,0.7477682135474661,1.4718945589587524
roll_3,validation,LR_hard_0.40,42,2019-05-28,96,0.42853037507363556,0.6682823543011939
roll_3,validation,LR_hard_0.40,42,2019-05-29,96,0.8762197585626251,1.5845492653870061
roll_3,validation,LR_hard_0.45,42,2019-05-15,92,1.3187296658263497,2.6300419456390856
roll_3,validation,LR_hard_0.45,42,2019-05-16,96,1.3256685847141274,2.1984175025139217
roll_3,validation,LR_hard_0.45,42,2019-05-17,96,0.9584159260661198,1.5709210871420696
roll_3,validation,LR_hard_0.45,42,2019-05-18,96,0.8914584209778681,1.5093505386036288
roll_3,validation,LR_hard_0.45,42,2019-05-19,96,1.6991640338703486,2.939792971935029
roll_3,validation,LR_hard_0.45,42,2019-05-20,96,0.3783443640657012,0.6003610521005498
roll_3,validation,LR_hard_0.45,42,2019-05-21,96,1.5458310960649702,3.042402560706453
roll_3,validation,LR_hard_0.45,42,2019-05-22,96,0.4246849334395195,0.7070937855165556
roll_3,validation,LR_hard_0.45,42,2019-05-23,96,0.583148460740398,0.9884691535328303
roll_3,validation,LR_hard_0.45,42,2019-05-24,96,2.68524448405608,4.959438066431444
roll_3,validation,LR_hard_0.45,42,2019-05-25,96,0.8987583160297853,1.5793372652026363
roll_3,validation,LR_hard_0.45,42,2019-05-26,96,2.165513801121724,3.6074576135616008
roll_3,validation,LR_hard_0.45,42,2019-05-27,96,0.7477682135474661,1.4718945589587524
roll_3,validation,LR_hard_0.45,42,2019-05-28,96,0.42853037507363556,0.6682823543011939
roll_3,validation,LR_hard_0.45,42,2019-05-29,96,0.8762197585626251,1.5845492653870061
roll_3,validation,LR_hard_0.50,42,2019-05-15,92,1.3187296658263497,2.6300419456390856
roll_3,validation,LR_hard_0.50,42,2019-05-16,96,1.3256685847141274,2.1984175025139217
roll_3,validation,LR_hard_0.50,42,2019-05-17,96,0.9584159260661198,1.5709210871420696
roll_3,validation,LR_hard_0.50,42,2019-05-18,96,0.8914584209778681,1.5093505386036288
roll_3,validation,LR_hard_0.50,42,2019-05-19,96,1.6991640338703486,2.939792971935029
roll_3,validation,LR_hard_0.50,42,2019-05-20,96,0.3783443640657012,0.6003610521005498
roll_3,validation,LR_hard_0.50,42,2019-05-21,96,1.5458310960649702,3.042402560706453
roll_3,validation,LR_hard_0.50,42,2019-05-22,96,0.4246849334395195,0.7070937855165556
roll_3,validation,LR_hard_0.50,42,2019-05-23,96,0.583148460740398,0.9884691535328303
roll_3,validation,LR_hard_0.50,42,2019-05-24,96,2.68524448405608,4.959438066431444
roll_3,validation,LR_hard_0.50,42,2019-05-25,96,0.8987583160297853,1.5793372652026363
roll_3,validation,LR_hard_0.50,42,2019-05-26,96,2.165513801121724,3.6074576135616008
roll_3,validation,LR_hard_0.50,42,2019-05-27,96,0.7477682135474661,1.4718945589587524
roll_3,validation,LR_hard_0.50,42,2019-05-28,96,0.42853037507363556,0.6682823543011939
roll_3,validation,LR_hard_0.50,42,2019-05-29,96,0.8762197585626251,1.5845492653870061
roll_3,validation,LR_hard_0.55,42,2019-05-15,92,1.3187296658263497,2.6300419456390856
roll_3,validation,LR_hard_0.55,42,2019-05-16,96,1.3256685847141274,2.1984175025139217
roll_3,validation,LR_hard_0.55,42,2019-05-17,96,0.9584159260661198,1.5709210871420696
roll_3,validation,LR_hard_0.55,42,2019-05-18,96,0.8914584209778681,1.5093505386036288
roll_3,validation,LR_hard_0.55,42,2019-05-19,96,1.6991640338703486,2.939792971935029
roll_3,validation,LR_hard_0.55,42,2019-05-20,96,0.3783443640657012,0.6003610521005498
roll_3,validation,LR_hard_0.55,42,2019-05-21,96,1.5458310960649702,3.042402560706453
roll_3,validation,LR_hard_0.55,42,2019-05-22,96,0.4246849334395195,0.7070937855165556
roll_3,validation,LR_hard_0.55,42,2019-05-23,96,0.583148460740398,0.9884691535328303
roll_3,validation,LR_hard_0.55,42,2019-05-24,96,2.68524448405608,4.959438066431444
roll_3,validation,LR_hard_0.55,42,2019-05-25,96,0.8987583160297853,1.5793372652026363
roll_3,validation,LR_hard_0.55,42,2019-05-26,96,2.165513801121724,3.6074576135616008
roll_3,validation,LR_hard_0.55,42,2019-05-27,96,0.7477682135474661,1.4718945589587524
roll_3,validation,LR_hard_0.55,42,2019-05-28,96,0.42853037507363556,0.6682823543011939
roll_3,validation,LR_hard_0.55,42,2019-05-29,96,0.8762197585626251,1.5845492653870061
roll_3,validation,LR_hard_0.60,42,2019-05-15,92,1.3187296658263497,2.6300419456390856
roll_3,validation,LR_hard_0.60,42,2019-05-16,96,1.3256685847141274,2.1984175025139217
roll_3,validation,LR_hard_0.60,42,2019-05-17,96,0.9584159260661198,1.5709210871420696
roll_3,validation,LR_hard_0.60,42,2019-05-18,96,0.8914584209778681,1.5093505386036288
roll_3,validation,LR_hard_0.60,42,2019-05-19,96,1.6991640338703486,2.939792971935029
roll_3,validation,LR_hard_0.60,42,2019-05-20,96,0.3783443640657012,0.6003610521005498
roll_3,validation,LR_hard_0.60,42,2019-05-21,96,1.5458310960649702,3.042402560706453
roll_3,validation,LR_hard_0.60,42,2019-05-22,96,0.4246849334395195,0.7070937855165556
roll_3,validation,LR_hard_0.60,42,2019-05-23,96,0.583148460740398,0.9884691535328303
roll_3,validation,LR_hard_0.60,42,2019-05-24,96,2.68524448405608,4.959438066431444
roll_3,validation,LR_hard_0.60,42,2019-05-25,96,0.8987583160297853,1.5793372652026363
roll_3,validation,LR_hard_0.60,42,2019-05-26,96,2.165513801121724,3.6074576135616008
roll_3,validation,LR_hard_0.60,42,2019-05-27,96,0.7477682135474661,1.4718945589587524
roll_3,validation,LR_hard_0.60,42,2019-05-28,96,0.42853037507363556,0.6682823543011939
roll_3,validation,LR_hard_0.60,42,2019-05-29,96,0.8762197585626251,1.5845492653870061
roll_3,validation,LR_hard_0.65,42,2019-05-15,92,1.3187296658263497,2.6300419456390856
roll_3,validation,LR_hard_0.65,42,2019-05-16,96,1.3256685847141274,2.1984175025139217
roll_3,validation,LR_hard_0.65,42,2019-05-17,96,0.9584159260661198,1.5709210871420696
roll_3,validation,LR_hard_0.65,42,2019-05-18,96,0.8914584209778681,1.5093505386036288
roll_3,validation,LR_hard_0.65,42,2019-05-19,96,1.6991640338703486,2.939792971935029
roll_3,validation,LR_hard_0.65,42,2019-05-20,96,0.3783443640657012,0.6003610521005498
roll_3,validation,LR_hard_0.65,42,2019-05-21,96,1.5458310960649702,3.042402560706453
roll_3,validation,LR_hard_0.65,42,2019-05-22,96,0.4246849334395195,0.7070937855165556
roll_3,validation,LR_hard_0.65,42,2019-05-23,96,0.583148460740398,0.9884691535328303
roll_3,validation,LR_hard_0.65,42,2019-05-24,96,2.68524448405608,4.959438066431444
roll_3,validation,LR_hard_0.65,42,2019-05-25,96,0.8987583160297853,1.5793372652026363
roll_3,validation,LR_hard_0.65,42,2019-05-26,96,2.165513801121724,3.6074576135616008
roll_3,validation,LR_hard_0.65,42,2019-05-27,96,0.7477682135474661,1.4718945589587524
roll_3,validation,LR_hard_0.65,42,2019-05-28,96,0.42853037507363556,0.6682823543011939
roll_3,validation,LR_hard_0.65,42,2019-05-29,96,0.8762197585626251,1.5845492653870061
roll_3,validation,LR_hard_0.70,42,2019-05-15,92,1.3187296658263497,2.6300419456390856
roll_3,validation,LR_hard_0.70,42,2019-05-16,96,1.3256685847141274,2.1984175025139217
roll_3,validation,LR_hard_0.70,42,2019-05-17,96,0.9584159260661198,1.5709210871420696
roll_3,validation,LR_hard_0.70,42,2019-05-18,96,0.8914584209778681,1.5093505386036288
roll_3,validation,LR_hard_0.70,42,2019-05-19,96,1.6991640338703486,2.939792971935029
roll_3,validation,LR_hard_0.70,42,2019-05-20,96,0.3783443640657012,0.6003610521005498
roll_3,validation,LR_hard_0.70,42,2019-05-21,96,1.5458310960649702,3.042402560706453
roll_3,validation,LR_hard_0.70,42,2019-05-22,96,0.4246849334395195,0.7070937855165556
roll_3,validation,LR_hard_0.70,42,2019-05-23,96,0.583148460740398,0.9884691535328303
roll_3,validation,LR_hard_0.70,42,2019-05-24,96,2.68524448405608,4.959438066431444
roll_3,validation,LR_hard_0.70,42,2019-05-25,96,0.8987583160297853,1.5793372652026363
roll_3,validation,LR_hard_0.70,42,2019-05-26,96,2.165513801121724,3.6074576135616008
roll_3,validation,LR_hard_0.70,42,2019-05-27,96,0.7477682135474661,1.4718945589587524
roll_3,validation,LR_hard_0.70,42,2019-05-28,96,0.42853037507363556,0.6682823543011939
roll_3,validation,LR_hard_0.70,42,2019-05-29,96,0.8762197585626251,1.5845492653870061
roll_3,validation,LR_hard_0.75,42,2019-05-15,92,1.3187296658263497,2.6300419456390856
roll_3,validation,LR_hard_0.75,42,2019-05-16,96,1.3256685847141274,2.1984175025139217
roll_3,validation,LR_hard_0.75,42,2019-05-17,96,0.9584159260661198,1.5709210871420696
roll_3,validation,LR_hard_0.75,42,2019-05-18,96,0.8914584209778681,1.5093505386036288
roll_3,validation,LR_hard_0.75,42,2019-05-19,96,1.6991640338703486,2.939792971935029
roll_3,validation,LR_hard_0.75,42,2019-05-20,96,0.3783443640657012,0.6003610521005498
roll_3,validation,LR_hard_0.75,42,2019-05-21,96,1.5458310960649702,3.042402560706453
roll_3,validation,LR_hard_0.75,42,2019-05-22,96,0.4246849334395195,0.7070937855165556
roll_3,validation,LR_hard_0.75,42,2019-05-23,96,0.583148460740398,0.9884691535328303
roll_3,validation,LR_hard_0.75,42,2019-05-24,96,2.68524448405608,4.959438066431444
roll_3,validation,LR_hard_0.75,42,2019-05-25,96,0.8987583160297853,1.5793372652026363
roll_3,validation,LR_hard_0.75,42,2019-05-26,96,2.165513801121724,3.6074576135616008
roll_3,validation,LR_hard_0.75,42,2019-05-27,96,0.7477682135474661,1.4718945589587524
roll_3,validation,LR_hard_0.75,42,2019-05-28,96,0.42853037507363556,0.6682823543011939
roll_3,validation,LR_hard_0.75,42,2019-05-29,96,0.8762197585626251,1.5845492653870061
roll_3,validation,LR_hard_0.80,42,2019-05-15,92,1.3187296658263497,2.6300419456390856
roll_3,validation,LR_hard_0.80,42,2019-05-16,96,1.3256685847141274,2.1984175025139217
roll_3,validation,LR_hard_0.80,42,2019-05-17,96,0.9584159260661198,1.5709210871420696
roll_3,validation,LR_hard_0.80,42,2019-05-18,96,0.8914584209778681,1.5093505386036288
roll_3,validation,LR_hard_0.80,42,2019-05-19,96,1.6991640338703486,2.939792971935029
roll_3,validation,LR_hard_0.80,42,2019-05-20,96,0.3783443640657012,0.6003610521005498
roll_3,validation,LR_hard_0.80,42,2019-05-21,96,1.5458310960649702,3.042402560706453
roll_3,validation,LR_hard_0.80,42,2019-05-22,96,0.4246849334395195,0.7070937855165556
roll_3,validation,LR_hard_0.80,42,2019-05-23,96,0.583148460740398,0.9884691535328303
roll_3,validation,LR_hard_0.80,42,2019-05-24,96,2.68524448405608,4.959438066431444
roll_3,validation,LR_hard_0.80,42,2019-05-25,96,0.8987583160297853,1.5793372652026363
roll_3,validation,LR_hard_0.80,42,2019-05-26,96,2.165513801121724,3.6074576135616008
roll_3,validation,LR_hard_0.80,42,2019-05-27,96,0.7477682135474661,1.4718945589587524
roll_3,validation,LR_hard_0.80,42,2019-05-28,96,0.42853037507363556,0.6682823543011939
roll_3,validation,LR_hard_0.80,42,2019-05-29,96,0.8762197585626251,1.5845492653870061
roll_3,validation,LR_hard_0.85,42,2019-05-15,92,1.3187296658263497,2.6300419456390856
roll_3,validation,LR_hard_0.85,42,2019-05-16,96,1.3256685847141274,2.1984175025139217
roll_3,validation,LR_hard_0.85,42,2019-05-17,96,0.9584159260661198,1.5709210871420696
roll_3,validation,LR_hard_0.85,42,2019-05-18,96,0.8914584209778681,1.5093505386036288
roll_3,validation,LR_hard_0.85,42,2019-05-19,96,1.6991640338703486,2.939792971935029
roll_3,validation,LR_hard_0.85,42,2019-05-20,96,0.3783443640657012,0.6003610521005498
roll_3,validation,LR_hard_0.85,42,2019-05-21,96,1.5458310960649702,3.042402560706453
roll_3,validation,LR_hard_0.85,42,2019-05-22,96,0.4246849334395195,0.7070937855165556
roll_3,validation,LR_hard_0.85,42,2019-05-23,96,0.583148460740398,0.9884691535328303
roll_3,validation,LR_hard_0.85,42,2019-05-24,96,2.68524448405608,4.959438066431444
roll_3,validation,LR_hard_0.85,42,2019-05-25,96,0.8987583160297853,1.5793372652026363
roll_3,validation,LR_hard_0.85,42,2019-05-26,96,2.165513801121724,3.6074576135616008
roll_3,validation,LR_hard_0.85,42,2019-05-27,96,0.7477682135474661,1.4718945589587524
roll_3,validation,LR_hard_0.85,42,2019-05-28,96,0.42853037507363556,0.6682823543011939
roll_3,validation,LR_hard_0.85,42,2019-05-29,96,0.8762197585626251,1.5845492653870061
roll_3,validation,LR_hard_0.90,42,2019-05-15,92,1.3187296658263497,2.6300419456390856
roll_3,validation,LR_hard_0.90,42,2019-05-16,96,1.3256685847141274,2.1984175025139217
roll_3,validation,LR_hard_0.90,42,2019-05-17,96,0.9584159260661198,1.5709210871420696
roll_3,validation,LR_hard_0.90,42,2019-05-18,96,0.8914584209778681,1.5093505386036288
roll_3,validation,LR_hard_0.90,42,2019-05-19,96,1.6991640338703486,2.939792971935029
roll_3,validation,LR_hard_0.90,42,2019-05-20,96,0.3783443640657012,0.6003610521005498
roll_3,validation,LR_hard_0.90,42,2019-05-21,96,1.5458310960649702,3.042402560706453
roll_3,validation,LR_hard_0.90,42,2019-05-22,96,0.4246849334395195,0.7070937855165556
roll_3,validation,LR_hard_0.90,42,2019-05-23,96,0.583148460740398,0.9884691535328303
roll_3,validation,LR_hard_0.90,42,2019-05-24,96,2.68524448405608,4.959438066431444
roll_3,validation,LR_hard_0.90,42,2019-05-25,96,0.8987583160297853,1.5793372652026363
roll_3,validation,LR_hard_0.90,42,2019-05-26,96,2.165513801121724,3.6074576135616008
roll_3,validation,LR_hard_0.90,42,2019-05-27,96,0.7477682135474661,1.4718945589587524
roll_3,validation,LR_hard_0.90,42,2019-05-28,96,0.42853037507363556,0.6682823543011939
roll_3,validation,LR_hard_0.90,42,2019-05-29,96,0.8762197585626251,1.5845492653870061
roll_3,validation,HGB_soft,42,2019-05-15,92,1.310151646783999,2.6027794459861195
roll_3,validation,HGB_soft,42,2019-05-16,96,1.3423545064126372,2.2342793669978143
roll_3,validation,HGB_soft,42,2019-05-17,96,0.9548227158098147,1.568034032968642
roll_3,validation,HGB_soft,42,2019-05-18,96,0.8863399993058986,1.4981597300545897
roll_3,validation,HGB_soft,42,2019-05-19,96,1.716714340610818,2.956083512071757
roll_3,validation,HGB_soft,42,2019-05-20,96,0.3667788718870583,0.5780915272955583
roll_3,validation,HGB_soft,42,2019-05-21,96,1.5504102108513276,3.055621816642606
roll_3,validation,HGB_soft,42,2019-05-22,96,0.43199249484070656,0.7224985995337101
roll_3,validation,HGB_soft,42,2019-05-23,96,0.5820495099019135,0.9909555662419017
roll_3,validation,HGB_soft,42,2019-05-24,96,2.685745310741309,4.958249072328428
roll_3,validation,HGB_soft,42,2019-05-25,96,0.8960562626359542,1.5681161170966118
roll_3,validation,HGB_soft,42,2019-05-26,96,2.162634369245691,3.609221137278888
roll_3,validation,HGB_soft,42,2019-05-27,96,0.7390611266589464,1.4519652174694642
roll_3,validation,HGB_soft,42,2019-05-28,96,0.4294008193612721,0.6776611539199722
roll_3,validation,HGB_soft,42,2019-05-29,96,0.8892310998697649,1.6088712446104663
roll_3,validation,HGB_hard_0.10,42,2019-05-15,92,1.283605563314069,2.5044922347600482
roll_3,validation,HGB_hard_0.10,42,2019-05-16,96,1.5272656262865703,2.661935901424286
roll_3,validation,HGB_hard_0.10,42,2019-05-17,96,0.9642819351596471,1.5918287556684287
roll_3,validation,HGB_hard_0.10,42,2019-05-18,96,0.8914584209778681,1.5093505386036288
roll_3,validation,HGB_hard_0.10,42,2019-05-19,96,1.7213905619370398,2.9631570109611465
roll_3,validation,HGB_hard_0.10,42,2019-05-20,96,0.39505415967172935,0.6278110434235964
roll_3,validation,HGB_hard_0.10,42,2019-05-21,96,1.5323055730304647,3.0980997463937627
roll_3,validation,HGB_hard_0.10,42,2019-05-22,96,0.43189838423850024,0.7195795855573833
roll_3,validation,HGB_hard_0.10,42,2019-05-23,96,0.6064409536647343,1.0263406099037677
roll_3,validation,HGB_hard_0.10,42,2019-05-24,96,2.7623842324633743,5.095819492672558
roll_3,validation,HGB_hard_0.10,42,2019-05-25,96,0.8987583160297853,1.5793372652026363
roll_3,validation,HGB_hard_0.10,42,2019-05-26,96,2.1587365858589105,3.6107149372650325
roll_3,validation,HGB_hard_0.10,42,2019-05-27,96,0.7294001687350623,1.4236654501927768
roll_3,validation,HGB_hard_0.10,42,2019-05-28,96,0.4746494013709825,0.7728829558573295
roll_3,validation,HGB_hard_0.10,42,2019-05-29,96,0.8884693127243596,1.655640030574631
roll_3,validation,HGB_hard_0.15,42,2019-05-15,92,1.3187296658263497,2.6300419456390856
roll_3,validation,HGB_hard_0.15,42,2019-05-16,96,1.5137356080790374,2.6159837981088865
roll_3,validation,HGB_hard_0.15,42,2019-05-17,96,0.9584159260661198,1.5709210871420696
roll_3,validation,HGB_hard_0.15,42,2019-05-18,96,0.8914584209778681,1.5093505386036288
roll_3,validation,HGB_hard_0.15,42,2019-05-19,96,1.7015589640721,2.9813297958837097
roll_3,validation,HGB_hard_0.15,42,2019-05-20,96,0.3754001941935539,0.5814785289438232
roll_3,validation,HGB_hard_0.15,42,2019-05-21,96,1.5458310960649702,3.042402560706453
roll_3,validation,HGB_hard_0.15,42,2019-05-22,96,0.4254058844159092,0.7083333362004482
roll_3,validation,HGB_hard_0.15,42,2019-05-23,96,0.6048897075125129,1.0226250067665608
roll_3,validation,HGB_hard_0.15,42,2019-05-24,96,2.752163513023014,5.0445795139953855
roll_3,validation,HGB_hard_0.15,42,2019-05-25,96,0.8987583160297853,1.5793372652026363
roll_3,validation,HGB_hard_0.15,42,2019-05-26,96,2.165513801121724,3.6074576135616008
roll_3,validation,HGB_hard_0.15,42,2019-05-27,96,0.72373038396935,1.4220639256987093
roll_3,validation,HGB_hard_0.15,42,2019-05-28,96,0.42877744936684653,0.6652709412277172
roll_3,validation,HGB_hard_0.15,42,2019-05-29,96,0.8603259294873423,1.5592487155157306
roll_3,validation,HGB_hard_0.20,42,2019-05-15,92,1.3187296658263497,2.6300419456390856
roll_3,validation,HGB_hard_0.20,42,2019-05-16,96,1.3242927985491797,2.1899594904576913
roll_3,validation,HGB_hard_0.20,42,2019-05-17,96,0.9584159260661198,1.5709210871420696
roll_3,validation,HGB_hard_0.20,42,2019-05-18,96,0.8914584209778681,1.5093505386036288
roll_3,validation,HGB_hard_0.20,42,2019-05-19,96,1.6883001748854383,2.933454945708782
roll_3,validation,HGB_hard_0.20,42,2019-05-20,96,0.3754001941935539,0.5814785289438232
roll_3,validation,HGB_hard_0.20,42,2019-05-21,96,1.5458310960649702,3.042402560706453
roll_3,validation,HGB_hard_0.20,42,2019-05-22,96,0.4246849334395195,0.7070937855165556
roll_3,validation,HGB_hard_0.20,42,2019-05-23,96,0.583148460740398,0.9884691535328303
roll_3,validation,HGB_hard_0.20,42,2019-05-24,96,2.723317071609053,5.026952087170682
roll_3,validation,HGB_hard_0.20,42,2019-05-25,96,0.8987583160297853,1.5793372652026363
roll_3,validation,HGB_hard_0.20,42,2019-05-26,96,2.165513801121724,3.6074576135616008
roll_3,validation,HGB_hard_0.20,42,2019-05-27,96,0.7416483888187578,1.4565079789858772
roll_3,validation,HGB_hard_0.20,42,2019-05-28,96,0.42951195150152294,0.6686668049528111
roll_3,validation,HGB_hard_0.20,42,2019-05-29,96,0.8762197585626251,1.5845492653870061
roll_3,validation,HGB_hard_0.25,42,2019-05-15,92,1.3187296658263497,2.6300419456390856
roll_3,validation,HGB_hard_0.25,42,2019-05-16,96,1.3242927985491797,2.1899594904576913
roll_3,validation,HGB_hard_0.25,42,2019-05-17,96,0.9584159260661198,1.5709210871420696
roll_3,validation,HGB_hard_0.25,42,2019-05-18,96,0.8914584209778681,1.5093505386036288
roll_3,validation,HGB_hard_0.25,42,2019-05-19,96,1.6883001748854383,2.933454945708782
roll_3,validation,HGB_hard_0.25,42,2019-05-20,96,0.36486883202041936,0.5682133923976039
roll_3,validation,HGB_hard_0.25,42,2019-05-21,96,1.5458310960649702,3.042402560706453
roll_3,validation,HGB_hard_0.25,42,2019-05-22,96,0.4246849334395195,0.7070937855165556
roll_3,validation,HGB_hard_0.25,42,2019-05-23,96,0.583148460740398,0.9884691535328303
roll_3,validation,HGB_hard_0.25,42,2019-05-24,96,2.748179760563689,5.055820199112417
roll_3,validation,HGB_hard_0.25,42,2019-05-25,96,0.8987583160297853,1.5793372652026363
roll_3,validation,HGB_hard_0.25,42,2019-05-26,96,2.165513801121724,3.6074576135616008
roll_3,validation,HGB_hard_0.25,42,2019-05-27,96,0.7466758686574116,1.4633458999576419
roll_3,validation,HGB_hard_0.25,42,2019-05-28,96,0.42951195150152294,0.6686668049528111
roll_3,validation,HGB_hard_0.25,42,2019-05-29,96,0.8762197585626251,1.5845492653870061
roll_3,validation,HGB_hard_0.30,42,2019-05-15,92,1.3187296658263497,2.6300419456390856
roll_3,validation,HGB_hard_0.30,42,2019-05-16,96,1.3256685847141274,2.1984175025139217
roll_3,validation,HGB_hard_0.30,42,2019-05-17,96,0.9584159260661198,1.5709210871420696
roll_3,validation,HGB_hard_0.30,42,2019-05-18,96,0.8914584209778681,1.5093505386036288
roll_3,validation,HGB_hard_0.30,42,2019-05-19,96,1.6870477440173541,2.933148924464229
roll_3,validation,HGB_hard_0.30,42,2019-05-20,96,0.36567569367727604,0.5685164207832658
roll_3,validation,HGB_hard_0.30,42,2019-05-21,96,1.5458310960649702,3.042402560706453
roll_3,validation,HGB_hard_0.30,42,2019-05-22,96,0.4246849334395195,0.7070937855165556
roll_3,validation,HGB_hard_0.30,42,2019-05-23,96,0.583148460740398,0.9884691535328303
roll_3,validation,HGB_hard_0.30,42,2019-05-24,96,2.68524448405608,4.959438066431444
roll_3,validation,HGB_hard_0.30,42,2019-05-25,96,0.8987583160297853,1.5793372652026363
roll_3,validation,HGB_hard_0.30,42,2019-05-26,96,2.165513801121724,3.6074576135616008
roll_3,validation,HGB_hard_0.30,42,2019-05-27,96,0.7423287542748526,1.4637637523993405
roll_3,validation,HGB_hard_0.30,42,2019-05-28,96,0.42853037507363556,0.6682823543011939
roll_3,validation,HGB_hard_0.30,42,2019-05-29,96,0.8762197585626251,1.5845492653870061
roll_3,validation,HGB_hard_0.35,42,2019-05-15,92,1.3187296658263497,2.6300419456390856
roll_3,validation,HGB_hard_0.35,42,2019-05-16,96,1.3256685847141274,2.1984175025139217
roll_3,validation,HGB_hard_0.35,42,2019-05-17,96,0.9584159260661198,1.5709210871420696
roll_3,validation,HGB_hard_0.35,42,2019-05-18,96,0.8914584209778681,1.5093505386036288
roll_3,validation,HGB_hard_0.35,42,2019-05-19,96,1.6870477440173541,2.933148924464229
roll_3,validation,HGB_hard_0.35,42,2019-05-20,96,0.36855848725348883,0.5895426624943887
roll_3,validation,HGB_hard_0.35,42,2019-05-21,96,1.5458310960649702,3.042402560706453
roll_3,validation,HGB_hard_0.35,42,2019-05-22,96,0.4246849334395195,0.7070937855165556
roll_3,validation,HGB_hard_0.35,42,2019-05-23,96,0.583148460740398,0.9884691535328303
roll_3,validation,HGB_hard_0.35,42,2019-05-24,96,2.68524448405608,4.959438066431444
roll_3,validation,HGB_hard_0.35,42,2019-05-25,96,0.8987583160297853,1.5793372652026363
roll_3,validation,HGB_hard_0.35,42,2019-05-26,96,2.165513801121724,3.6074576135616008
roll_3,validation,HGB_hard_0.35,42,2019-05-27,96,0.7505803901145534,1.4775965391253167
roll_3,validation,HGB_hard_0.35,42,2019-05-28,96,0.42853037507363556,0.6682823543011939
roll_3,validation,HGB_hard_0.35,42,2019-05-29,96,0.8762197585626251,1.5845492653870061
roll_3,validation,HGB_hard_0.40,42,2019-05-15,92,1.3187296658263497,2.6300419456390856
roll_3,validation,HGB_hard_0.40,42,2019-05-16,96,1.3256685847141274,2.1984175025139217
roll_3,validation,HGB_hard_0.40,42,2019-05-17,96,0.9584159260661198,1.5709210871420696
roll_3,validation,HGB_hard_0.40,42,2019-05-18,96,0.8914584209778681,1.5093505386036288
roll_3,validation,HGB_hard_0.40,42,2019-05-19,96,1.6991640338703486,2.939792971935029
roll_3,validation,HGB_hard_0.40,42,2019-05-20,96,0.37649201873966076,0.5970094384456551
roll_3,validation,HGB_hard_0.40,42,2019-05-21,96,1.5458310960649702,3.042402560706453
roll_3,validation,HGB_hard_0.40,42,2019-05-22,96,0.4246849334395195,0.7070937855165556
roll_3,validation,HGB_hard_0.40,42,2019-05-23,96,0.583148460740398,0.9884691535328303
roll_3,validation,HGB_hard_0.40,42,2019-05-24,96,2.68524448405608,4.959438066431444
roll_3,validation,HGB_hard_0.40,42,2019-05-25,96,0.8987583160297853,1.5793372652026363
roll_3,validation,HGB_hard_0.40,42,2019-05-26,96,2.165513801121724,3.6074576135616008
roll_3,validation,HGB_hard_0.40,42,2019-05-27,96,0.7477682135474661,1.4718945589587524
roll_3,validation,HGB_hard_0.40,42,2019-05-28,96,0.42853037507363556,0.6682823543011939
roll_3,validation,HGB_hard_0.40,42,2019-05-29,96,0.8762197585626251,1.5845492653870061
roll_3,validation,HGB_hard_0.45,42,2019-05-15,92,1.3187296658263497,2.6300419456390856
roll_3,validation,HGB_hard_0.45,42,2019-05-16,96,1.3256685847141274,2.1984175025139217
roll_3,validation,HGB_hard_0.45,42,2019-05-17,96,0.9584159260661198,1.5709210871420696
roll_3,validation,HGB_hard_0.45,42,2019-05-18,96,0.8914584209778681,1.5093505386036288
roll_3,validation,HGB_hard_0.45,42,2019-05-19,96,1.6991640338703486,2.939792971935029
roll_3,validation,HGB_hard_0.45,42,2019-05-20,96,0.3783443640657012,0.6003610521005498
roll_3,validation,HGB_hard_0.45,42,2019-05-21,96,1.5458310960649702,3.042402560706453
roll_3,validation,HGB_hard_0.45,42,2019-05-22,96,0.4246849334395195,0.7070937855165556
roll_3,validation,HGB_hard_0.45,42,2019-05-23,96,0.583148460740398,0.9884691535328303
roll_3,validation,HGB_hard_0.45,42,2019-05-24,96,2.68524448405608,4.959438066431444
roll_3,validation,HGB_hard_0.45,42,2019-05-25,96,0.8987583160297853,1.5793372652026363
roll_3,validation,HGB_hard_0.45,42,2019-05-26,96,2.165513801121724,3.6074576135616008
roll_3,validation,HGB_hard_0.45,42,2019-05-27,96,0.7477682135474661,1.4718945589587524
roll_3,validation,HGB_hard_0.45,42,2019-05-28,96,0.42853037507363556,0.6682823543011939
roll_3,validation,HGB_hard_0.45,42,2019-05-29,96,0.8762197585626251,1.5845492653870061
roll_3,validation,HGB_hard_0.50,42,2019-05-15,92,1.3187296658263497,2.6300419456390856
roll_3,validation,HGB_hard_0.50,42,2019-05-16,96,1.3256685847141274,2.1984175025139217
roll_3,validation,HGB_hard_0.50,42,2019-05-17,96,0.9584159260661198,1.5709210871420696
roll_3,validation,HGB_hard_0.50,42,2019-05-18,96,0.8914584209778681,1.5093505386036288
roll_3,validation,HGB_hard_0.50,42,2019-05-19,96,1.6991640338703486,2.939792971935029
roll_3,validation,HGB_hard_0.50,42,2019-05-20,96,0.3783443640657012,0.6003610521005498
roll_3,validation,HGB_hard_0.50,42,2019-05-21,96,1.5458310960649702,3.042402560706453
roll_3,validation,HGB_hard_0.50,42,2019-05-22,96,0.4246849334395195,0.7070937855165556
roll_3,validation,HGB_hard_0.50,42,2019-05-23,96,0.583148460740398,0.9884691535328303
roll_3,validation,HGB_hard_0.50,42,2019-05-24,96,2.68524448405608,4.959438066431444
roll_3,validation,HGB_hard_0.50,42,2019-05-25,96,0.8987583160297853,1.5793372652026363
roll_3,validation,HGB_hard_0.50,42,2019-05-26,96,2.165513801121724,3.6074576135616008
roll_3,validation,HGB_hard_0.50,42,2019-05-27,96,0.7477682135474661,1.4718945589587524
roll_3,validation,HGB_hard_0.50,42,2019-05-28,96,0.42853037507363556,0.6682823543011939
roll_3,validation,HGB_hard_0.50,42,2019-05-29,96,0.8762197585626251,1.5845492653870061
roll_3,validation,HGB_hard_0.55,42,2019-05-15,92,1.3187296658263497,2.6300419456390856
roll_3,validation,HGB_hard_0.55,42,2019-05-16,96,1.3256685847141274,2.1984175025139217
roll_3,validation,HGB_hard_0.55,42,2019-05-17,96,0.9584159260661198,1.5709210871420696
roll_3,validation,HGB_hard_0.55,42,2019-05-18,96,0.8914584209778681,1.5093505386036288
roll_3,validation,HGB_hard_0.55,42,2019-05-19,96,1.6991640338703486,2.939792971935029
roll_3,validation,HGB_hard_0.55,42,2019-05-20,96,0.3783443640657012,0.6003610521005498
roll_3,validation,HGB_hard_0.55,42,2019-05-21,96,1.5458310960649702,3.042402560706453
roll_3,validation,HGB_hard_0.55,42,2019-05-22,96,0.4246849334395195,0.7070937855165556
roll_3,validation,HGB_hard_0.55,42,2019-05-23,96,0.583148460740398,0.9884691535328303
roll_3,validation,HGB_hard_0.55,42,2019-05-24,96,2.68524448405608,4.959438066431444
roll_3,validation,HGB_hard_0.55,42,2019-05-25,96,0.8987583160297853,1.5793372652026363
roll_3,validation,HGB_hard_0.55,42,2019-05-26,96,2.165513801121724,3.6074576135616008
roll_3,validation,HGB_hard_0.55,42,2019-05-27,96,0.7477682135474661,1.4718945589587524
roll_3,validation,HGB_hard_0.55,42,2019-05-28,96,0.42853037507363556,0.6682823543011939
roll_3,validation,HGB_hard_0.55,42,2019-05-29,96,0.8762197585626251,1.5845492653870061
roll_3,validation,HGB_hard_0.60,42,2019-05-15,92,1.3187296658263497,2.6300419456390856
roll_3,validation,HGB_hard_0.60,42,2019-05-16,96,1.3256685847141274,2.1984175025139217
roll_3,validation,HGB_hard_0.60,42,2019-05-17,96,0.9584159260661198,1.5709210871420696
roll_3,validation,HGB_hard_0.60,42,2019-05-18,96,0.8914584209778681,1.5093505386036288
roll_3,validation,HGB_hard_0.60,42,2019-05-19,96,1.6991640338703486,2.939792971935029
roll_3,validation,HGB_hard_0.60,42,2019-05-20,96,0.3783443640657012,0.6003610521005498
roll_3,validation,HGB_hard_0.60,42,2019-05-21,96,1.5458310960649702,3.042402560706453
roll_3,validation,HGB_hard_0.60,42,2019-05-22,96,0.4246849334395195,0.7070937855165556
roll_3,validation,HGB_hard_0.60,42,2019-05-23,96,0.583148460740398,0.9884691535328303
roll_3,validation,HGB_hard_0.60,42,2019-05-24,96,2.68524448405608,4.959438066431444
roll_3,validation,HGB_hard_0.60,42,2019-05-25,96,0.8987583160297853,1.5793372652026363
roll_3,validation,HGB_hard_0.60,42,2019-05-26,96,2.165513801121724,3.6074576135616008
roll_3,validation,HGB_hard_0.60,42,2019-05-27,96,0.7477682135474661,1.4718945589587524
roll_3,validation,HGB_hard_0.60,42,2019-05-28,96,0.42853037507363556,0.6682823543011939
roll_3,validation,HGB_hard_0.60,42,2019-05-29,96,0.8762197585626251,1.5845492653870061
roll_3,validation,HGB_hard_0.65,42,2019-05-15,92,1.3187296658263497,2.6300419456390856
roll_3,validation,HGB_hard_0.65,42,2019-05-16,96,1.3256685847141274,2.1984175025139217
roll_3,validation,HGB_hard_0.65,42,2019-05-17,96,0.9584159260661198,1.5709210871420696
roll_3,validation,HGB_hard_0.65,42,2019-05-18,96,0.8914584209778681,1.5093505386036288
roll_3,validation,HGB_hard_0.65,42,2019-05-19,96,1.6991640338703486,2.939792971935029
roll_3,validation,HGB_hard_0.65,42,2019-05-20,96,0.3783443640657012,0.6003610521005498
roll_3,validation,HGB_hard_0.65,42,2019-05-21,96,1.5458310960649702,3.042402560706453
roll_3,validation,HGB_hard_0.65,42,2019-05-22,96,0.4246849334395195,0.7070937855165556
roll_3,validation,HGB_hard_0.65,42,2019-05-23,96,0.583148460740398,0.9884691535328303
roll_3,validation,HGB_hard_0.65,42,2019-05-24,96,2.68524448405608,4.959438066431444
roll_3,validation,HGB_hard_0.65,42,2019-05-25,96,0.8987583160297853,1.5793372652026363
roll_3,validation,HGB_hard_0.65,42,2019-05-26,96,2.165513801121724,3.6074576135616008
roll_3,validation,HGB_hard_0.65,42,2019-05-27,96,0.7477682135474661,1.4718945589587524
roll_3,validation,HGB_hard_0.65,42,2019-05-28,96,0.42853037507363556,0.6682823543011939
roll_3,validation,HGB_hard_0.65,42,2019-05-29,96,0.8762197585626251,1.5845492653870061
roll_3,validation,HGB_hard_0.70,42,2019-05-15,92,1.3187296658263497,2.6300419456390856
roll_3,validation,HGB_hard_0.70,42,2019-05-16,96,1.3256685847141274,2.1984175025139217
roll_3,validation,HGB_hard_0.70,42,2019-05-17,96,0.9584159260661198,1.5709210871420696
roll_3,validation,HGB_hard_0.70,42,2019-05-18,96,0.8914584209778681,1.5093505386036288
roll_3,validation,HGB_hard_0.70,42,2019-05-19,96,1.6991640338703486,2.939792971935029
roll_3,validation,HGB_hard_0.70,42,2019-05-20,96,0.3783443640657012,0.6003610521005498
roll_3,validation,HGB_hard_0.70,42,2019-05-21,96,1.5458310960649702,3.042402560706453
roll_3,validation,HGB_hard_0.70,42,2019-05-22,96,0.4246849334395195,0.7070937855165556
roll_3,validation,HGB_hard_0.70,42,2019-05-23,96,0.583148460740398,0.9884691535328303
roll_3,validation,HGB_hard_0.70,42,2019-05-24,96,2.68524448405608,4.959438066431444
roll_3,validation,HGB_hard_0.70,42,2019-05-25,96,0.8987583160297853,1.5793372652026363
roll_3,validation,HGB_hard_0.70,42,2019-05-26,96,2.165513801121724,3.6074576135616008
roll_3,validation,HGB_hard_0.70,42,2019-05-27,96,0.7477682135474661,1.4718945589587524
roll_3,validation,HGB_hard_0.70,42,2019-05-28,96,0.42853037507363556,0.6682823543011939
roll_3,validation,HGB_hard_0.70,42,2019-05-29,96,0.8762197585626251,1.5845492653870061
roll_3,validation,HGB_hard_0.75,42,2019-05-15,92,1.3187296658263497,2.6300419456390856
roll_3,validation,HGB_hard_0.75,42,2019-05-16,96,1.3256685847141274,2.1984175025139217
roll_3,validation,HGB_hard_0.75,42,2019-05-17,96,0.9584159260661198,1.5709210871420696
roll_3,validation,HGB_hard_0.75,42,2019-05-18,96,0.8914584209778681,1.5093505386036288
roll_3,validation,HGB_hard_0.75,42,2019-05-19,96,1.6991640338703486,2.939792971935029
roll_3,validation,HGB_hard_0.75,42,2019-05-20,96,0.3783443640657012,0.6003610521005498
roll_3,validation,HGB_hard_0.75,42,2019-05-21,96,1.5458310960649702,3.042402560706453
roll_3,validation,HGB_hard_0.75,42,2019-05-22,96,0.4246849334395195,0.7070937855165556
roll_3,validation,HGB_hard_0.75,42,2019-05-23,96,0.583148460740398,0.9884691535328303
roll_3,validation,HGB_hard_0.75,42,2019-05-24,96,2.68524448405608,4.959438066431444
roll_3,validation,HGB_hard_0.75,42,2019-05-25,96,0.8987583160297853,1.5793372652026363
roll_3,validation,HGB_hard_0.75,42,2019-05-26,96,2.165513801121724,3.6074576135616008
roll_3,validation,HGB_hard_0.75,42,2019-05-27,96,0.7477682135474661,1.4718945589587524
roll_3,validation,HGB_hard_0.75,42,2019-05-28,96,0.42853037507363556,0.6682823543011939
roll_3,validation,HGB_hard_0.75,42,2019-05-29,96,0.8762197585626251,1.5845492653870061
roll_3,validation,HGB_hard_0.80,42,2019-05-15,92,1.3187296658263497,2.6300419456390856
roll_3,validation,HGB_hard_0.80,42,2019-05-16,96,1.3256685847141274,2.1984175025139217
roll_3,validation,HGB_hard_0.80,42,2019-05-17,96,0.9584159260661198,1.5709210871420696
roll_3,validation,HGB_hard_0.80,42,2019-05-18,96,0.8914584209778681,1.5093505386036288
roll_3,validation,HGB_hard_0.80,42,2019-05-19,96,1.6991640338703486,2.939792971935029
roll_3,validation,HGB_hard_0.80,42,2019-05-20,96,0.3783443640657012,0.6003610521005498
roll_3,validation,HGB_hard_0.80,42,2019-05-21,96,1.5458310960649702,3.042402560706453
roll_3,validation,HGB_hard_0.80,42,2019-05-22,96,0.4246849334395195,0.7070937855165556
roll_3,validation,HGB_hard_0.80,42,2019-05-23,96,0.583148460740398,0.9884691535328303
roll_3,validation,HGB_hard_0.80,42,2019-05-24,96,2.68524448405608,4.959438066431444
roll_3,validation,HGB_hard_0.80,42,2019-05-25,96,0.8987583160297853,1.5793372652026363
roll_3,validation,HGB_hard_0.80,42,2019-05-26,96,2.165513801121724,3.6074576135616008
roll_3,validation,HGB_hard_0.80,42,2019-05-27,96,0.7477682135474661,1.4718945589587524
roll_3,validation,HGB_hard_0.80,42,2019-05-28,96,0.42853037507363556,0.6682823543011939
roll_3,validation,HGB_hard_0.80,42,2019-05-29,96,0.8762197585626251,1.5845492653870061
roll_3,validation,HGB_hard_0.85,42,2019-05-15,92,1.3187296658263497,2.6300419456390856
roll_3,validation,HGB_hard_0.85,42,2019-05-16,96,1.3256685847141274,2.1984175025139217
roll_3,validation,HGB_hard_0.85,42,2019-05-17,96,0.9584159260661198,1.5709210871420696
roll_3,validation,HGB_hard_0.85,42,2019-05-18,96,0.8914584209778681,1.5093505386036288
roll_3,validation,HGB_hard_0.85,42,2019-05-19,96,1.6991640338703486,2.939792971935029
roll_3,validation,HGB_hard_0.85,42,2019-05-20,96,0.3783443640657012,0.6003610521005498
roll_3,validation,HGB_hard_0.85,42,2019-05-21,96,1.5458310960649702,3.042402560706453
roll_3,validation,HGB_hard_0.85,42,2019-05-22,96,0.4246849334395195,0.7070937855165556
roll_3,validation,HGB_hard_0.85,42,2019-05-23,96,0.583148460740398,0.9884691535328303
roll_3,validation,HGB_hard_0.85,42,2019-05-24,96,2.68524448405608,4.959438066431444
roll_3,validation,HGB_hard_0.85,42,2019-05-25,96,0.8987583160297853,1.5793372652026363
roll_3,validation,HGB_hard_0.85,42,2019-05-26,96,2.165513801121724,3.6074576135616008
roll_3,validation,HGB_hard_0.85,42,2019-05-27,96,0.7477682135474661,1.4718945589587524
roll_3,validation,HGB_hard_0.85,42,2019-05-28,96,0.42853037507363556,0.6682823543011939
roll_3,validation,HGB_hard_0.85,42,2019-05-29,96,0.8762197585626251,1.5845492653870061
roll_3,validation,HGB_hard_0.90,42,2019-05-15,92,1.3187296658263497,2.6300419456390856
roll_3,validation,HGB_hard_0.90,42,2019-05-16,96,1.3256685847141274,2.1984175025139217
roll_3,validation,HGB_hard_0.90,42,2019-05-17,96,0.9584159260661198,1.5709210871420696
roll_3,validation,HGB_hard_0.90,42,2019-05-18,96,0.8914584209778681,1.5093505386036288
roll_3,validation,HGB_hard_0.90,42,2019-05-19,96,1.6991640338703486,2.939792971935029
roll_3,validation,HGB_hard_0.90,42,2019-05-20,96,0.3783443640657012,0.6003610521005498
roll_3,validation,HGB_hard_0.90,42,2019-05-21,96,1.5458310960649702,3.042402560706453
roll_3,validation,HGB_hard_0.90,42,2019-05-22,96,0.4246849334395195,0.7070937855165556
roll_3,validation,HGB_hard_0.90,42,2019-05-23,96,0.583148460740398,0.9884691535328303
roll_3,validation,HGB_hard_0.90,42,2019-05-24,96,2.68524448405608,4.959438066431444
roll_3,validation,HGB_hard_0.90,42,2019-05-25,96,0.8987583160297853,1.5793372652026363
roll_3,validation,HGB_hard_0.90,42,2019-05-26,96,2.165513801121724,3.6074576135616008
roll_3,validation,HGB_hard_0.90,42,2019-05-27,96,0.7477682135474661,1.4718945589587524
roll_3,validation,HGB_hard_0.90,42,2019-05-28,96,0.42853037507363556,0.6682823543011939
roll_3,validation,HGB_hard_0.90,42,2019-05-29,96,0.8762197585626251,1.5845492653870061
roll_3,evaluation,baseline,42,2019-05-30,92,2.5929379120234683,5.156761031487096
roll_3,evaluation,baseline,42,2019-06-01,77,1.0703828104061037,2.1001325307916354
roll_3,evaluation,baseline,42,2019-06-02,96,0.9603393227987752,1.558129582420143
roll_3,evaluation,baseline,42,2019-06-03,96,0.5124188515318683,0.8100280233855303
roll_3,evaluation,baseline,42,2019-06-04,96,2.7726679842373727,5.338046522074984
roll_3,evaluation,baseline,42,2019-06-05,96,0.8538521906481652,1.4190844307815222
roll_3,evaluation,baseline,42,2019-06-06,96,1.5459162773945014,2.3958685555007233
roll_3,evaluation,baseline,42,2019-06-07,96,1.8823547278963622,3.3707293668667204
roll_3,evaluation,baseline,42,2019-06-08,96,1.5918579015285808,3.0921666849606986
roll_3,evaluation,baseline,42,2019-06-09,96,0.8749332463387861,1.334534224207937
roll_3,evaluation,baseline,42,2019-06-10,96,2.2599727001914562,4.0101158351675785
roll_3,evaluation,baseline,42,2019-06-11,96,0.8636256940204229,1.4873146850264474
roll_3,evaluation,baseline,42,2019-06-12,96,1.5452698380256764,2.7826204521371785
roll_3,evaluation,baseline,42,2019-06-13,64,2.97753606161032,4.51668978330541
roll_3,evaluation,expert,42,2019-05-30,92,2.2429847501069062,4.629476273115895
roll_3,evaluation,expert,42,2019-06-01,77,0.8204837702922183,1.6558219945491952
roll_3,evaluation,expert,42,2019-06-02,96,1.16074742338087,1.9202817745268665
roll_3,evaluation,expert,42,2019-06-03,96,0.8223847577270584,1.2708865484270981
roll_3,evaluation,expert,42,2019-06-04,96,2.6582787973390913,5.0746056430703605
roll_3,evaluation,expert,42,2019-06-05,96,1.0111565517152867,1.733114948060939
roll_3,evaluation,expert,42,2019-06-06,96,1.5877103381729931,2.6222070144667673
roll_3,evaluation,expert,42,2019-06-07,96,2.1393491282886794,3.8285168703782846
roll_3,evaluation,expert,42,2019-06-08,96,1.4739678848132332,3.019638478456475
roll_3,evaluation,expert,42,2019-06-09,96,0.9229617255240027,1.5135360370634539
roll_3,evaluation,expert,42,2019-06-10,96,1.9608396504085397,3.3955767112489195
roll_3,evaluation,expert,42,2019-06-11,96,0.8717379827322578,1.507088078692186
roll_3,evaluation,expert,42,2019-06-12,96,1.4974126023125522,2.6746802785731734
roll_3,evaluation,expert,42,2019-06-13,64,2.798119835910505,4.162992939652695
roll_3,evaluation,oracle,42,2019-05-30,92,2.2704314532782686,4.646117864574623
roll_3,evaluation,oracle,42,2019-06-01,77,0.988031172610759,1.8245979130966714
roll_3,evaluation,oracle,42,2019-06-02,96,0.9488817889871893,1.5410735412009462
roll_3,evaluation,oracle,42,2019-06-03,96,0.5124188515318683,0.8100280233855303
roll_3,evaluation,oracle,42,2019-06-04,96,2.6508587338511833,5.038237317300202
roll_3,evaluation,oracle,42,2019-06-05,96,0.8538521906481652,1.4190844307815222
roll_3,evaluation,oracle,42,2019-06-06,96,1.5459162773945014,2.3958685555007233
roll_3,evaluation,oracle,42,2019-06-07,96,1.82292701555178,3.1924120691364477
roll_3,evaluation,oracle,42,2019-06-08,96,1.5671236734826959,3.1464999323274094
roll_3,evaluation,oracle,42,2019-06-09,96,0.8749332463387861,1.334534224207937
roll_3,evaluation,oracle,42,2019-06-10,96,1.987803340013258,3.411536476226025
roll_3,evaluation,oracle,42,2019-06-11,96,0.8636256940204229,1.4873146850264474
roll_3,evaluation,oracle,42,2019-06-12,96,1.520649907080993,2.6855054816355333
roll_3,evaluation,oracle,42,2019-06-13,64,2.753291887056883,4.2007772569625645
roll_3,evaluation,selected,42,2019-05-30,92,2.561433972080164,5.093095298623229
roll_3,evaluation,selected,42,2019-06-01,77,1.0529789105958034,2.0555738413408613
roll_3,evaluation,selected,42,2019-06-02,96,0.9645038567387383,1.568974928248682
roll_3,evaluation,selected,42,2019-06-03,96,0.5216671387862244,0.8198647401667837
roll_3,evaluation,selected,42,2019-06-04,96,2.7686241197688872,5.328925694085536
roll_3,evaluation,selected,42,2019-06-05,96,0.8595111109189659,1.435458877454351
roll_3,evaluation,selected,42,2019-06-06,96,1.545188231315553,2.3995294704675225
roll_3,evaluation,selected,42,2019-06-07,96,1.8971501298252285,3.3710365870354626
roll_3,evaluation,selected,42,2019-06-08,96,1.5789945620542998,3.072119532055317
roll_3,evaluation,selected,42,2019-06-09,96,0.8777656782586432,1.337963317015643
roll_3,evaluation,selected,42,2019-06-10,96,2.2417618514521087,3.9634061394260054
roll_3,evaluation,selected,42,2019-06-11,96,0.8592924144545182,1.4804620240262043
roll_3,evaluation,selected,42,2019-06-12,96,1.5457707159076832,2.776928141340482
roll_3,evaluation,selected,42,2019-06-13,64,2.9679611870086116,4.4835040151031444
roll_3,evaluation,LR_soft,42,2019-05-30,92,2.561433972080164,5.093095298623229
roll_3,evaluation,LR_soft,42,2019-06-01,77,1.0529789105958034,2.0555738413408613
roll_3,evaluation,LR_soft,42,2019-06-02,96,0.9645038567387383,1.568974928248682
roll_3,evaluation,LR_soft,42,2019-06-03,96,0.5216671387862244,0.8198647401667837
roll_3,evaluation,LR_soft,42,2019-06-04,96,2.7686241197688872,5.328925694085536
roll_3,evaluation,LR_soft,42,2019-06-05,96,0.8595111109189659,1.435458877454351
roll_3,evaluation,LR_soft,42,2019-06-06,96,1.545188231315553,2.3995294704675225
roll_3,evaluation,LR_soft,42,2019-06-07,96,1.8971501298252285,3.3710365870354626
roll_3,evaluation,LR_soft,42,2019-06-08,96,1.5789945620542998,3.072119532055317
roll_3,evaluation,LR_soft,42,2019-06-09,96,0.8777656782586432,1.337963317015643
roll_3,evaluation,LR_soft,42,2019-06-10,96,2.2417618514521087,3.9634061394260054
roll_3,evaluation,LR_soft,42,2019-06-11,96,0.8592924144545182,1.4804620240262043
roll_3,evaluation,LR_soft,42,2019-06-12,96,1.5457707159076832,2.776928141340482
roll_3,evaluation,LR_soft,42,2019-06-13,64,2.9679611870086116,4.4835040151031444
roll_3,evaluation,LR_hard_0.20,42,2019-05-30,92,2.5929379120234683,5.156761031487096
roll_3,evaluation,LR_hard_0.20,42,2019-06-01,77,1.0703828104061037,2.1001325307916354
roll_3,evaluation,LR_hard_0.20,42,2019-06-02,96,0.9603393227987752,1.558129582420143
roll_3,evaluation,LR_hard_0.20,42,2019-06-03,96,0.5124188515318683,0.8100280233855303
roll_3,evaluation,LR_hard_0.20,42,2019-06-04,96,2.7726679842373727,5.338046522074984
roll_3,evaluation,LR_hard_0.20,42,2019-06-05,96,0.8538521906481652,1.4190844307815222
roll_3,evaluation,LR_hard_0.20,42,2019-06-06,96,1.5459162773945014,2.3958685555007233
roll_3,evaluation,LR_hard_0.20,42,2019-06-07,96,1.8656830370234998,3.316601791159019
roll_3,evaluation,LR_hard_0.20,42,2019-06-08,96,1.5918579015285808,3.0921666849606986
roll_3,evaluation,LR_hard_0.20,42,2019-06-09,96,0.8749332463387861,1.334534224207937
roll_3,evaluation,LR_hard_0.20,42,2019-06-10,96,2.2599727001914562,4.0101158351675785
roll_3,evaluation,LR_hard_0.20,42,2019-06-11,96,0.8636256940204229,1.4873146850264474
roll_3,evaluation,LR_hard_0.20,42,2019-06-12,96,1.5654577201626578,2.803779747930411
roll_3,evaluation,LR_hard_0.20,42,2019-06-13,64,2.97753606161032,4.51668978330541
roll_3,evaluation,HGB_soft,42,2019-05-30,92,2.5754659776089626,5.130531718357694
roll_3,evaluation,HGB_soft,42,2019-06-01,77,1.0633724536686873,2.0844136990559217
roll_3,evaluation,HGB_soft,42,2019-06-02,96,0.9625037324410098,1.5636766290928363
roll_3,evaluation,HGB_soft,42,2019-06-03,96,0.5193772024521113,0.8192226572373151
roll_3,evaluation,HGB_soft,42,2019-06-04,96,2.771061085645274,5.336160770247161
roll_3,evaluation,HGB_soft,42,2019-06-05,96,0.8564114175346286,1.4251062214179473
roll_3,evaluation,HGB_soft,42,2019-06-06,96,1.5444689920826165,2.3943807701649447
roll_3,evaluation,HGB_soft,42,2019-06-07,96,1.8877794898043234,3.3696392152990353
roll_3,evaluation,HGB_soft,42,2019-06-08,96,1.58333852545427,3.0798579098057988
roll_3,evaluation,HGB_soft,42,2019-06-09,96,0.8817886233212896,1.3455996796448066
roll_3,evaluation,HGB_soft,42,2019-06-10,96,2.250992527460454,3.9921038807636284
roll_3,evaluation,HGB_soft,42,2019-06-11,96,0.862075469020442,1.4820227625235631
roll_3,evaluation,HGB_soft,42,2019-06-12,96,1.5480583346389463,2.7844355164077097
roll_3,evaluation,HGB_soft,42,2019-06-13,64,2.9734851116167724,4.5025527384247175
roll_3,evaluation,HGB_hard_0.30,42,2019-05-30,92,2.5929379120234683,5.156761031487096
roll_3,evaluation,HGB_hard_0.30,42,2019-06-01,77,1.0703828104061037,2.1001325307916354
roll_3,evaluation,HGB_hard_0.30,42,2019-06-02,96,0.9603393227987752,1.558129582420143
roll_3,evaluation,HGB_hard_0.30,42,2019-06-03,96,0.5124188515318683,0.8100280233855303
roll_3,evaluation,HGB_hard_0.30,42,2019-06-04,96,2.7726679842373727,5.338046522074984
roll_3,evaluation,HGB_hard_0.30,42,2019-06-05,96,0.8538521906481652,1.4190844307815222
roll_3,evaluation,HGB_hard_0.30,42,2019-06-06,96,1.5459162773945014,2.3958685555007233
roll_3,evaluation,HGB_hard_0.30,42,2019-06-07,96,1.8823547278963622,3.3707293668667204
roll_3,evaluation,HGB_hard_0.30,42,2019-06-08,96,1.5918579015285808,3.0921666849606986
roll_3,evaluation,HGB_hard_0.30,42,2019-06-09,96,0.8749332463387861,1.334534224207937
roll_3,evaluation,HGB_hard_0.30,42,2019-06-10,96,2.2599727001914562,4.0101158351675785
roll_3,evaluation,HGB_hard_0.30,42,2019-06-11,96,0.8636256940204229,1.4873146850264474
roll_3,evaluation,HGB_hard_0.30,42,2019-06-12,96,1.5452698380256764,2.7826204521371785
roll_3,evaluation,HGB_hard_0.30,42,2019-06-13,64,2.97753606161032,4.51668978330541
