origin_utc,target_utc,actual_MW,target_irradiance_Wm2,persistence_seed0,GRU_local_seed17,GRU_local_seed42,GRU_local_seed2026,GRU_local_surface_seed17,GRU_local_surface_seed42,GRU_local_surface_seed2026,GRU_local_surface_pressure_seed17,GRU_local_surface_pressure_seed42,GRU_local_surface_pressure_seed2026
2019-04-25 00:00:00+00:00,2019-04-25 00:15:00+00:00,1.09725,54.0,0.835516,1.7073460461769105,1.5599503757629396,2.001600170341492,1.3324047865543367,1.1899397017631532,1.697170043197632,0.9037117975029946,1.1529291810665132,1.4007526280555727
2019-04-25 00:15:00+00:00,2019-04-25 00:30:00+00:00,1.392316,71.0,1.09725,2.07741357421875,1.9081298861503602,2.3391119394302367,1.6876171383857728,1.5448429439067841,2.0084410462379454,1.2476010177135468,1.544109210729599,1.7095040831565858
2019-04-25 00:30:00+00:00,2019-04-25 00:45:00+00:00,1.280207,63.0,1.392316,2.4853629036102296,2.271579460636139,2.7377047701034547,2.0269006056938172,1.856101856962204,2.3239986462745668,1.5873374952230455,1.8789619965705873,2.037278251186371
2019-04-25 00:45:00+00:00,2019-04-25 01:00:00+00:00,1.161535,63.0,1.280207,2.42285676978302,2.2118214585609435,2.672208986503601,1.9472152807540895,1.7857958891220094,2.2298610427207946,1.5119361200160981,1.8131258704490663,1.9399237253494264
2019-04-25 01:00:00+00:00,2019-04-25 01:15:00+00:00,0.913692,41.0,1.161535,2.340124105606079,2.140744184646606,2.586170291099548,1.864716803226471,1.7356205932235718,2.1536743394470212,1.4763876549339294,1.7606569282150268,1.8283757320976257
2019-04-25 01:15:00+00:00,2019-04-25 01:30:00+00:00,1.219422,70.0,0.913692,2.0609195257110597,1.9199122215194702,2.3307753826065065,1.6253500605506896,1.5447692895812988,1.9324282432479858,1.2850938762111663,1.5497477675361633,1.5783800507469177
2019-04-25 01:30:00+00:00,2019-04-25 01:45:00+00:00,1.308563,63.0,1.219422,2.3688383274765012,2.1458394699783323,2.7132595949859617,1.8692029886932373,1.6560904257984161,2.1816938095779417,1.4982257061691284,1.8047198229522705,1.840439336845398
2019-04-25 01:45:00+00:00,2019-04-25 02:00:00+00:00,1.335988,68.0,1.308563,2.450566297805786,2.2170527637367248,2.7861547530059814,1.9555680811767577,1.7619962752227782,2.2341665685539245,1.600411599910736,1.9490144908790588,1.9307156861190795
2019-04-25 02:00:00+00:00,2019-04-25 02:15:00+00:00,2.38268,132.0,1.335988,2.543242409790039,2.327869728172302,2.8169024735336303,2.09007735546875,1.9753774553184509,2.3740111142044067,1.7882200926189422,2.174410656059265,1.978958621585846
2019-04-25 02:15:00+00:00,2019-04-25 02:30:00+00:00,3.207477,185.0,2.38268,3.731224955253601,3.320259929828644,3.9264155041503908,3.184015334777832,2.908844174079895,3.405576766662598,2.832977772884369,3.240320087604523,3.0316171657371522
2019-04-25 02:30:00+00:00,2019-04-25 02:45:00+00:00,3.845297,223.0,3.207477,4.575783517601013,4.1341024901885985,4.795434262992859,4.079956140758514,3.681366321088791,4.129650261642456,3.6016572382469176,4.08524617219162,3.8829738762397765
2019-04-25 02:45:00+00:00,2019-04-25 03:00:00+00:00,4.544094,265.0,3.845297,5.232001802513123,4.786372026988984,5.163156768867493,4.809633097240448,4.3230389269084935,4.581449291297913,4.191028139183045,4.730266174861908,4.56655754763794
2019-04-25 03:00:00+00:00,2019-04-25 03:15:00+00:00,3.4482660000000003,211.0,4.544094,5.837145719665528,5.494382832187653,5.560892734664917,5.668710265296936,5.188105020660401,5.244382653373719,5.004860464471817,5.537428949016571,5.286649856704712
2019-04-25 03:15:00+00:00,2019-04-25 03:30:00+00:00,3.245211,179.0,3.4482660000000003,4.8803401891860965,4.6650163833770755,4.738401979652405,4.610932440010071,4.29893955632782,4.237709135261536,3.9253157977733615,4.485024422851563,4.134757191387177
2019-04-25 03:30:00+00:00,2019-04-25 03:45:00+00:00,4.139844,248.0,3.245211,4.920395965133666,4.639460558448791,4.7673083491668695,4.468014950309753,4.37911140397644,4.198749000583648,3.898984844242096,4.45147525743103,3.934466893230438
2019-04-25 03:45:00+00:00,2019-04-25 04:00:00+00:00,5.12061,298.0,4.139844,5.538803279060364,5.423221766609192,5.298803865570068,5.265921651977539,5.077010512012482,4.9459638592185975,4.664957344192505,5.2405014630737305,4.779721259731293
2019-04-25 04:00:00+00:00,2019-04-25 04:15:00+00:00,5.090641000000001,315.0,5.12061,6.19949674736023,6.033051372871399,5.919852556095123,6.139601589546204,5.678159238204956,5.659729005203247,5.472110451564789,6.265624882087708,5.890887082920075
2019-04-25 04:15:00+00:00,2019-04-25 04:30:00+00:00,4.103422,247.0,5.090641000000001,5.7920273325119025,5.832496144500733,5.541791625944138,5.93294087859726,5.465853937593461,5.514131762710572,5.095154752646745,6.129250266281129,5.907704808441163
2019-04-25 04:30:00+00:00,2019-04-25 04:45:00+00:00,5.617172,351.0,4.103422,5.236297680923462,5.239009334632874,4.959801210948944,5.0610849996299745,4.956341518947601,4.788150145599365,4.47383575041008,5.231730057785034,4.815758122989655
2019-04-25 04:45:00+00:00,2019-04-25 05:00:00+00:00,5.868625,385.0,5.617172,5.999884185382843,6.325430867263794,5.845224660822868,6.346349534580231,5.8359310301036835,5.9757835539073945,5.392552641222,6.5616081329078675,6.3662441344947815
2019-04-25 05:00:00+00:00,2019-04-25 05:15:00+00:00,6.35775,417.0,5.868625,5.586269989490509,6.262779459238052,5.659886985898018,6.363000318288803,5.9452068059444425,5.989768400669098,5.350757494449615,6.683041289329529,6.664438083648681
2019-04-25 05:15:00+00:00,2019-04-25 05:30:00+00:00,7.533313000000001,492.0,6.35775,5.854696513652802,6.552449659943581,5.896261872291565,6.7712519779205325,6.324647029429674,6.316264396101237,5.610763610839844,7.080545963287354,7.155519546508789
2019-04-25 05:30:00+00:00,2019-04-25 05:45:00+00:00,9.78775,749.0,7.533313000000001,6.407422506607056,7.340071508086205,6.503018820083619,7.651280948317528,7.143318050897599,7.146487766302109,6.187862837112427,8.03032552579689,8.323516094482422
2019-04-25 05:45:00+00:00,2019-04-25 06:00:00+00:00,8.899405999999999,594.0,9.78775,7.210910314559937,9.362133020401002,7.7764763774871835,9.06791358613968,8.744492644309998,8.632444614410401,7.064804071426392,9.652260983228684,10.43480228805542
2019-04-25 06:00:00+00:00,2019-04-25 06:15:00+00:00,7.4445,516.0,8.899405999999999,8.060693009716033,8.839931908023118,7.543658657890319,8.955290212255477,8.896329451777547,8.498042806011199,7.57451288304901,9.319815470796584,9.371158613782882
2019-04-25 06:15:00+00:00,2019-04-25 06:30:00+00:00,5.604922,372.0,7.4445,7.568092458665371,7.487336334556341,6.8487852520942685,7.886316121339798,7.802313388109207,7.380421423137188,7.2757373161315915,8.109392554283142,7.8510890610218045
2019-04-25 06:30:00+00:00,2019-04-25 06:45:00+00:00,5.985437999999999,389.0,5.604922,6.091798964569092,5.847148243019104,5.900980624982834,6.208622399398804,6.302535596916199,6.084798548051834,6.32823515279007,6.364095393249512,5.989360365697861
2019-04-25 06:45:00+00:00,2019-04-25 07:00:00+00:00,7.249156,457.0,5.985437999999999,6.794320892131805,6.418169628417968,5.934256068951368,6.959566782749175,6.97570271376419,7.017394195831298,7.44791175011444,7.015208970344543,6.1883860189085
2019-04-25 07:00:00+00:00,2019-04-25 07:15:00+00:00,6.429281,421.0,7.249156,7.463041769248009,7.254297223780811,6.594248356204987,7.8786746281204225,7.785670163017273,7.902330161911011,8.532030703407287,8.055477501731872,7.30470485044694
2019-04-25 07:15:00+00:00,2019-04-25 07:30:00+00:00,5.3452660000000005,341.0,6.429281,6.426875837564975,6.487717598628759,5.980266217094421,7.0229012406883236,6.814552728038787,6.977081064086914,7.370714370113372,7.021928492885589,6.389766965013504
2019-04-25 07:30:00+00:00,2019-04-25 07:45:00+00:00,4.306203,276.0,5.3452660000000005,5.951790288654328,5.601730838981629,5.075444117752076,6.275483146873475,6.4705265915069585,6.532497421470643,7.081785813537598,6.278894678321839,5.18592192288971
2019-04-25 07:45:00+00:00,2019-04-25 08:00:00+00:00,4.326656,263.0,4.306203,4.966322116306305,4.499587766578674,4.545004643252373,5.089593164375305,5.36778485005188,5.5815372390060425,6.080351344993591,5.124149135997772,4.139117128899574
2019-04-25 08:00:00+00:00,2019-04-25 08:15:00+00:00,3.609484,233.0,4.326656,4.929391459804535,4.508514479976654,4.290201892387628,5.050474957805633,5.32523883996582,5.656150833946228,6.03800751386261,5.163111821990967,4.154201866370201
2019-04-25 08:15:00+00:00,2019-04-25 08:30:00+00:00,3.155961,189.0,3.609484,4.616320295127869,4.0272155533161165,3.889838201793671,4.599351925643921,4.724393887313843,5.15743915537262,5.454077286514282,4.544981879981995,3.325259340795517
2019-04-25 08:30:00+00:00,2019-04-25 08:45:00+00:00,3.0762810000000003,183.0,3.155961,3.5490411451206207,3.272529572819233,3.3921810766801834,3.765441321407318,3.7681243648872376,4.317179404769897,4.372381173645019,3.8139950266227722,2.843810134206772
2019-04-25 08:45:00+00:00,2019-04-25 09:00:00+00:00,2.70993,167.0,3.0762810000000003,3.580289531570435,3.2628445216236117,3.0975344777820113,3.7740741261062625,3.9907983430442813,4.26060967527008,4.34781055532074,3.856125462871552,2.724162865501404
2019-04-25 09:00:00+00:00,2019-04-25 09:15:00+00:00,1.869328,113.0,2.70993,3.281627771549225,2.8261315721201896,2.708480023883581,3.023377654247284,3.1537981602478027,3.3780078861045837,3.58220463722229,3.2870551916885375,2.454518643312454
2019-04-25 09:15:00+00:00,2019-04-25 09:30:00+00:00,1.415422,75.0,1.869328,2.2893535274772647,2.0045853037147525,2.158623762777329,1.8970402016996146,1.991030328324318,2.306250073364258,2.2351493019371036,2.2014904994277957,1.6005939323215486
2019-04-25 09:30:00+00:00,2019-04-25 09:45:00+00:00,1.488895,55.0,1.415422,1.6786520853729248,1.5774294659585952,1.7680999413223266,1.3623599298388958,1.4924673736186027,1.8084554448814392,1.532435469338417,1.6428027525634765,1.1188848689289093
2019-04-25 09:45:00+00:00,2019-04-25 10:00:00+00:00,1.271758,44.0,1.488895,1.5799203152251244,1.6254883269262315,1.683177427430153,1.3810361707997323,1.5423478084099294,1.7662428031158448,1.2578758160066605,1.5598054388952256,1.1741143474769593
2019-04-25 10:00:00+00:00,2019-04-25 10:15:00+00:00,1.061348,32.0,1.271758,1.2918607635484933,1.3861950511174201,1.2622060800032615,1.094703311665535,1.2586975093992352,1.3943315619664192,0.7773989835815429,1.242844636185646,1.0018301704959869
2019-04-25 10:15:00+00:00,2019-04-25 10:30:00+00:00,1.009969,30.0,1.061348,1.195839041302681,1.2138673005800247,1.008827598224163,0.947270871530056,1.095266883651495,1.2117073325614929,0.5548019794921875,1.0247178537945747,0.7925692288379669
2019-04-25 10:30:00+00:00,2019-04-25 10:45:00+00:00,0.358989,10.0,1.009969,1.045277890044689,1.1269013325157164,0.8682051042499541,0.8929535413565635,0.9879921118202208,1.1203792954268454,0.4172350207748412,0.8696592191638945,0.771857027191162
2019-04-25 10:45:00+00:00,2019-04-25 11:00:00+00:00,0.138571,5.0,0.358989,0.3259249363615513,0.498029470123291,0.19815535811328888,0.2560409006252289,0.31734668058896065,0.4508967694416046,0.0,0.21006336776161194,0.15403094855690003
2019-04-25 11:00:00+00:00,2019-04-25 11:15:00+00:00,0.0,0.0,0.138571,0.024557752808094024,0.27183455814933777,0.0,0.01921185692167282,0.03466871966934204,0.19003875394678116,0.0,0.038977256318092346,0.04241739799594879
2019-04-25 11:15:00+00:00,2019-04-25 11:30:00+00:00,0.0,0.0,0.0,0.0,0.12548714876174927,0.0,0.0,0.0,0.018799398094415665,0.0,0.0,0.0
2019-04-25 11:30:00+00:00,2019-04-25 11:45:00+00:00,0.0,0.0,0.0,0.0,0.13046830892562866,0.0,0.0,0.0,0.0047793700359761715,0.0,0.0,0.0
2019-04-25 11:45:00+00:00,2019-04-25 12:00:00+00:00,0.0,0.0,0.0,0.0,0.1499863713979721,0.0,0.0,0.0,0.0,0.0,0.0,0.020728617906570435
2019-04-25 12:00:00+00:00,2019-04-25 12:15:00+00:00,0.0,0.0,0.0,0.0,0.15127001702785492,0.0,0.0,0.0,0.0,0.0,0.0,0.030157223343849182
2019-04-25 12:15:00+00:00,2019-04-25 12:30:00+00:00,0.0,0.0,0.0,0.0,0.14503346383571625,0.0,0.0,0.0,0.0,0.0,0.0,0.033233217895030975
2019-04-25 12:30:00+00:00,2019-04-25 12:45:00+00:00,0.0,0.0,0.0,0.0,0.1649094671010971,0.0,0.0,0.0,0.0,0.0,0.0,0.04331589862704277
2019-04-25 12:45:00+00:00,2019-04-25 13:00:00+00:00,0.0,0.0,0.0,0.0,0.1578868180513382,0.0,0.0,0.0,0.0,0.0,0.0,0.03948536142706871
2019-04-25 13:00:00+00:00,2019-04-25 13:15:00+00:00,0.0,0.0,0.0,0.0,0.2319105863571167,0.0,0.0,0.0,0.0,0.0,0.03753935918211937,0.13278216123580933
2019-04-25 13:15:00+00:00,2019-04-25 13:30:00+00:00,0.0,0.0,0.0,0.0,0.24779748916625977,0.0,0.0,0.0,0.0,0.0,0.0018387585878372192,0.09720050543546677
2019-04-25 13:30:00+00:00,2019-04-25 13:45:00+00:00,0.0,0.0,0.0,0.012573730200529099,0.2597637176513672,0.0,0.0,0.0,0.0,0.0,0.0,0.12489023804664612
2019-04-25 13:45:00+00:00,2019-04-25 14:00:00+00:00,0.0,0.0,0.0,0.0013939840719103813,0.2198617309331894,0.0,0.0,0.0,0.0,0.0,0.01875440590083599,0.12639738619327545
2019-04-25 14:00:00+00:00,2019-04-25 14:15:00+00:00,0.0,0.0,0.0,0.0,0.20843040943145752,0.0,0.0,0.0,0.0,0.0,0.017887063324451447,0.1513715386390686
2019-04-25 14:15:00+00:00,2019-04-25 14:30:00+00:00,0.0,0.0,0.0,0.0,0.17482776939868927,0.0,0.0,0.0,0.0,0.0,0.04547843337059021,0.13472075760364532
2019-04-25 14:30:00+00:00,2019-04-25 14:45:00+00:00,0.0,0.0,0.0,0.0,0.22977256774902344,0.0,0.0,0.0,0.0,0.0,0.0,0.1337207853794098
2019-04-25 14:45:00+00:00,2019-04-25 15:00:00+00:00,0.0,0.0,0.0,0.0,0.15569235384464264,0.0,0.0,0.0,0.0,0.0,0.03448803350329399,0.09836789220571518
2019-04-25 15:00:00+00:00,2019-04-25 15:15:00+00:00,0.0,0.0,0.0,0.0,0.13182643055915833,0.0,0.0,0.0,0.0,0.0,0.01405409537255764,0.05942658707499504
2019-04-25 15:15:00+00:00,2019-04-25 15:30:00+00:00,0.0,0.0,0.0,0.0,0.12929461896419525,0.0,0.0,0.0,0.0,0.0,0.011867362074553967,0.07927335053682327
2019-04-25 15:30:00+00:00,2019-04-25 15:45:00+00:00,0.0,0.0,0.0,0.0,0.19189758598804474,0.0,0.0,0.0,0.0,0.0,0.0,0.09145763516426086
2019-04-25 15:45:00+00:00,2019-04-25 16:00:00+00:00,0.0,0.0,0.0,0.0,0.15854308009147644,0.0,0.0,0.0,0.0,0.0,0.0,0.12228718400001526
2019-04-25 16:00:00+00:00,2019-04-25 16:15:00+00:00,0.0,0.0,0.0,0.0,0.1428305208683014,0.008230309933423996,0.0,0.0,0.0,0.0,0.0,0.11192846298217773
2019-04-25 16:15:00+00:00,2019-04-25 16:30:00+00:00,0.0,0.0,0.0,0.0,0.11438079923391342,0.02802306041121483,0.0,0.0,0.0,0.0,0.0,0.08753421157598495
2019-04-25 16:30:00+00:00,2019-04-25 16:45:00+00:00,0.0,0.0,0.0,0.0,0.1541050672531128,0.02465789020061493,0.0,0.0,0.0,0.0,0.0,0.1344916969537735
2019-04-25 16:45:00+00:00,2019-04-25 17:00:00+00:00,0.0,0.0,0.0,0.0,0.12178795039653778,0.015452258288860321,0.0,0.0,0.0,0.0,0.0,0.1383732259273529
2019-04-25 17:00:00+00:00,2019-04-25 17:15:00+00:00,0.0,0.0,0.0,0.0,0.0886569619178772,0.025645002722740173,0.0,0.0,0.0,0.0,0.0,0.10929761826992035
2019-04-25 17:15:00+00:00,2019-04-25 17:30:00+00:00,0.0,0.0,0.0,0.0,0.03778504952788353,0.05962211638689041,0.0,0.0,0.0,0.0,0.0,0.03877830132842064
2019-04-25 17:30:00+00:00,2019-04-25 17:45:00+00:00,0.0,0.0,0.0,0.0,0.062257926911115646,0.07951586693525314,0.0,0.0,0.0,0.0,0.0,0.11375996470451355
2019-04-25 17:45:00+00:00,2019-04-25 18:00:00+00:00,0.0,0.0,0.0,0.0,0.05629109963774681,0.12086011469364166,0.0,0.0,0.0,0.0,0.0,0.1153564378619194
2019-04-25 18:00:00+00:00,2019-04-25 18:15:00+00:00,0.0,0.0,0.0,0.0,0.025988854467868805,0.12768641114234924,0.0,0.0,0.0,0.0,0.0,0.07769618183374405
2019-04-25 18:15:00+00:00,2019-04-25 18:30:00+00:00,0.0,0.0,0.0,0.0,0.009329338558018208,0.11988508701324463,0.0,0.0,0.0,0.0,0.0,0.08115711808204651
2019-04-25 18:30:00+00:00,2019-04-25 18:45:00+00:00,0.0,0.0,0.0,0.0,0.04473525658249855,0.15474025905132294,0.0,0.0,0.0,0.0,0.0,0.13865795731544495
2019-04-25 18:45:00+00:00,2019-04-25 19:00:00+00:00,0.0,0.0,0.0,0.0,0.06590256839990616,0.1958344578742981,0.0,0.0,0.0,0.0,0.0,0.1665235459804535
2019-04-25 19:00:00+00:00,2019-04-25 19:15:00+00:00,0.0,0.0,0.0,0.0,0.07275243103504181,0.19954583048820496,0.0,0.0,0.0,0.0,0.0,0.21586403250694275
2019-04-25 19:15:00+00:00,2019-04-25 19:30:00+00:00,0.0,0.0,0.0,0.0,0.1012798398733139,0.19753819704055786,0.0,0.0,0.07504436373710632,0.0,0.0,0.26519790291786194
2019-04-25 19:30:00+00:00,2019-04-25 19:45:00+00:00,0.0,0.0,0.0,0.0,0.07445564866065979,0.21739040315151215,0.0,0.0,0.09981983155012131,0.0,0.0,0.2683071494102478
2019-04-25 19:45:00+00:00,2019-04-25 20:00:00+00:00,0.0,0.0,0.0,0.0,0.07952149212360382,0.2746812403202057,0.0,0.0,0.12424712628126144,0.0,0.0,0.2874879240989685
2019-04-25 20:00:00+00:00,2019-04-25 20:15:00+00:00,0.0,0.0,0.0,0.0,0.09230899065732956,0.2613755762577057,0.0,0.0,0.19091802835464478,0.0,0.0,0.3156110942363739
2019-04-25 20:15:00+00:00,2019-04-25 20:30:00+00:00,0.0,0.0,0.0,0.02009527012705803,0.1080407127737999,0.31124547123908997,0.0,0.0,0.2431815266609192,0.0,0.0,0.3343554139137268
2019-04-25 20:30:00+00:00,2019-04-25 20:45:00+00:00,0.0,0.0,0.0,0.03692333772778511,0.07837141305208206,0.3318043649196625,0.0,0.0,0.21856437623500824,0.0,0.004376297816634178,0.32627877593040466
2019-04-25 20:45:00+00:00,2019-04-25 21:00:00+00:00,0.0,0.0,0.0,0.0624346062541008,0.08912681043148041,0.3658628463745117,0.0,0.0,0.24278385937213898,0.0,0.0197275523096323,0.36132732033729553
2019-04-25 21:00:00+00:00,2019-04-25 21:15:00+00:00,0.0,0.0,0.0,0.11559019237756729,0.1387244611978531,0.40940698981285095,0.013159858994185925,0.0,0.3231230676174164,0.0,0.059331540018320084,0.3950519263744354
2019-04-25 21:15:00+00:00,2019-04-25 21:30:00+00:00,0.0,0.0,0.0,0.16995881497859955,0.17090821266174316,0.43494150042533875,0.037026844918727875,0.0,0.39398816227912903,0.0,0.14430643618106842,0.4204360246658325
2019-04-25 21:30:00+00:00,2019-04-25 21:45:00+00:00,0.0,1.0,0.0,0.20857177674770355,0.1920296549797058,0.4878084063529968,0.05041537806391716,0.0,0.4475945830345154,0.0,0.1616080403327942,0.4500173330307007
2019-04-25 21:45:00+00:00,2019-04-25 22:00:00+00:00,0.0,2.0,0.0,0.26516738533973694,0.2502448856830597,0.5191697478294373,0.08046438544988632,0.0,0.5117835998535156,0.0,0.23389442265033722,0.5098727941513062
2019-04-25 22:00:00+00:00,2019-04-25 22:15:00+00:00,0.0778679999999999,3.0,0.0,0.28421828150749207,0.24674713611602783,0.6023062467575073,0.05169147625565529,0.0,0.4908501207828522,0.0,0.25295308232307434,0.43262389302253723
2019-04-25 22:15:00+00:00,2019-04-25 22:30:00+00:00,0.04784,5.0,0.0778679999999999,0.39743019673156726,0.34806294771957386,0.7342226061515807,0.13963702726292598,0.08180473591315736,0.5673187229328155,0.0,0.35040219160842884,0.5124245736293792
2019-04-25 22:30:00+00:00,2019-04-25 22:45:00+00:00,0.233673,9.0,0.04784,0.42789784153938293,0.40251806458473205,0.7270310529136658,0.16941705426216125,0.14523302843809127,0.5811812885665893,0.0,0.3920542605781555,0.5155763038063049
2019-04-25 22:45:00+00:00,2019-04-25 23:00:00+00:00,0.267121,10.0,0.233673,0.6762783464412689,0.6417992350082398,0.9846302505950928,0.37931858863639834,0.3610402729730606,0.778722250125885,0.0,0.605156862400055,0.7291648026924133
2019-04-25 23:00:00+00:00,2019-04-25 23:15:00+00:00,0.430568,14.0,0.267121,0.7744856903038024,0.7516616413078308,1.070415837474823,0.48440898747062683,0.4796252527914047,0.8724548050842285,0.0,0.6725710460624694,0.7725288102111816
2019-04-25 23:15:00+00:00,2019-04-25 23:30:00+00:00,0.741699,20.0,0.430568,1.0224997603111268,1.0394390427284241,1.2891059719734193,0.7409115337543488,0.7595324122123719,1.1549992763214112,0.07569982640075684,0.950074573677063,0.983723541419983
2019-04-25 23:30:00+00:00,2019-04-25 23:45:00+00:00,0.625092,21.0,0.741699,1.4080743390312196,1.4106073576202394,1.7028145390739442,1.099561174510956,1.0979683595886232,1.5142438608398439,0.4180731970062256,1.2931931215515138,1.3143041926612855
2019-04-25 23:45:00+00:00,2019-04-26 00:00:00+00:00,0.8460700000000001,26.0,0.625092,1.33972743176651,1.3350591363830566,1.6598291101379394,1.018051475517273,1.0082316102905273,1.4131170215530395,0.32568874978256224,1.1956964435501098,1.2176235022468567
2019-04-26 00:00:00+00:00,2019-04-26 00:15:00+00:00,1.544293,42.0,0.8460700000000001,1.6387899006080628,1.6634309972000123,1.9528670991134645,1.3237312222194673,1.3603494251441957,1.698926755256653,0.5805812264156343,1.5319758737754823,1.4669521535110475
2019-04-26 00:15:00+00:00,2019-04-26 00:30:00+00:00,8.490561999999999,220.0,1.544293,2.442686332958221,2.390703512924194,2.8021074073486325,2.0435105400257108,2.0176631944351193,2.417072607772827,1.324774845140457,2.207256211536407,2.17038489748764
2019-04-26 00:30:00+00:00,2019-04-26 00:45:00+00:00,6.868641,189.0,8.490561999999999,9.877250113212584,9.515958585464476,10.215888180458068,9.29335967513275,8.89779693695259,9.454857744895934,8.50403511027348,9.404497184478759,9.259764589988707
2019-04-26 00:45:00+00:00,2019-04-26 01:00:00+00:00,5.531531,135.0,6.868641,8.275575380531311,7.954866867271424,8.604525070396424,7.736137728897095,7.206520538536072,7.6588181068573,6.893705405053854,7.799885671344757,7.665893774238587
2019-04-26 01:00:00+00:00,2019-04-26 01:15:00+00:00,6.247719,152.0,5.531531,7.027398371559143,6.77713646875,7.393782996994019,6.480503284793854,6.102039301258087,6.37977238879776,5.69459983096695,6.6326282261428835,6.3524580238876345
2019-04-26 01:15:00+00:00,2019-04-26 01:30:00+00:00,9.177656,241.0,6.247719,7.842366407531738,7.652058671134949,8.117052028793335,7.256883452552795,6.929948280471802,7.154634843486786,6.451769615429878,7.437600324768066,7.013682733196259
2019-04-26 01:30:00+00:00,2019-04-26 01:45:00+00:00,9.933001,261.0,9.177656,10.72380668435669,10.684278433662415,10.702203815322877,10.328086560112,9.91288310800171,9.996617143493653,9.521972482543946,10.499696796279908,9.98346508060074
2019-04-26 01:45:00+00:00,2019-04-26 02:00:00+00:00,11.75234,277.0,9.933001,11.515006620002747,11.489207107139588,11.276856500221253,11.212548691345216,10.706343549800874,10.659398156715394,10.410085040641786,11.266402560783387,10.745641726566316
2019-04-26 02:00:00+00:00,2019-04-26 02:15:00+00:00,7.859907000000001,224.0,11.75234,12.886684339370728,13.066266815986634,12.804406326141358,12.98124293598175,12.35562334569931,12.311937730636597,12.18652762087822,13.04097000869751,12.577072840061188
2019-04-26 02:15:00+00:00,2019-04-26 02:30:00+00:00,4.732766000000001,139.0,7.859907000000001,9.369854896003723,9.524684755737304,9.505520551139831,9.202373115951538,8.844990758831024,8.758904604846954,8.409512250358581,9.25853797667694,8.618670670921325
2019-04-26 02:30:00+00:00,2019-04-26 02:45:00+00:00,4.0034529999999995,118.0,4.732766000000001,6.54877444860077,6.696026173797608,7.0360468303833015,6.074167338577271,6.146500316825867,6.046787468162537,5.396796492305756,6.2102305566940315,5.45962592717743
2019-04-26 02:45:00+00:00,2019-04-26 03:00:00+00:00,4.6585,115.0,4.0034529999999995,5.851816518714904,5.955460889747619,6.428627951553344,5.3314394788055415,5.5641559199600215,5.5387772158889765,4.763352139404296,5.598098738601684,4.6862150863914485
2019-04-26 03:00:00+00:00,2019-04-26 03:15:00+00:00,6.772063,164.0,4.6585,6.374031826019287,6.524075075149536,7.009394212722778,5.970955534934998,6.144161268234253,6.190613552093506,5.480848773479462,6.349790855407715,5.193272098064423
2019-04-26 03:15:00+00:00,2019-04-26 03:30:00+00:00,13.00403,339.0,6.772063,8.304211718833923,8.419167144096374,8.763609392440795,8.076541526115417,8.169098837173461,8.219416839874267,7.7022976110343935,8.52263580063629,7.305647535121918
2019-04-26 03:30:00+00:00,2019-04-26 03:45:00+00:00,14.53069,412.0,13.00403,13.277239065198899,13.85323346736908,13.673420439987183,13.963698219089508,13.427802424459458,13.634326647548676,13.701685379772186,14.397686969070435,13.656149219303131
2019-04-26 03:45:00+00:00,2019-04-26 04:00:00+00:00,10.88303,298.0,14.53069,13.709734425487518,14.887923047485351,14.111452356519699,14.951452062072754,14.164433822574615,14.291042700948715,14.697488517107963,15.53050689453125,15.190812215747833
2019-04-26 04:00:00+00:00,2019-04-26 04:15:00+00:00,12.81437,327.0,10.88303,10.926558724461794,11.504952552585602,11.216049584417343,11.948854031829834,12.30917197731018,11.97154945400238,11.930219593315124,12.62511903312683,11.469356479911804
2019-04-26 04:15:00+00:00,2019-04-26 04:30:00+00:00,14.53244,430.0,12.81437,12.484764390821457,13.239096486206055,12.895087742443085,13.82018455230713,14.315983140106201,13.872991883392334,13.993976914520264,14.6067922946167,13.314549588794709
2019-04-26 04:30:00+00:00,2019-04-26 04:45:00+00:00,26.36331,789.0,14.53244,13.23887126964569,14.424222164573669,13.758007877292632,15.126933567943572,15.213224225463867,14.898101650896072,15.37896143716812,15.866818719329833,14.998196982564926
2019-04-26 04:45:00+00:00,2019-04-26 05:00:00+00:00,31.9305,1008.0,26.36331,21.59505715042114,25.116350194511412,23.420060535964964,25.064017674026488,24.60462655693054,24.677050372657774,24.651215931472777,25.82592191368103,26.705766400394438
2019-04-26 05:00:00+00:00,2019-04-26 05:15:00+00:00,19.035629,453.0,31.9305,27.493240325927733,30.195762246131896,28.557960718154906,29.463746994018553,29.252936809539793,28.83573862838745,28.421584575653075,30.188250272750853,31.975566896826027
2019-04-26 05:15:00+00:00,2019-04-26 05:30:00+00:00,20.88669,335.0,19.035629,18.967918019227028,18.67769011431122,18.84694659285927,18.269311572841644,18.546460266641617,17.277639712623596,17.584019984535217,18.688310827545166,19.020703628144503
2019-04-26 05:30:00+00:00,2019-04-26 05:45:00+00:00,14.86625,416.0,20.88669,20.29238269657135,20.372135380210878,20.416907289924623,20.365216651859285,20.059887805881502,19.188797214927675,19.914874592723848,20.600595811309816,20.921029960664512
2019-04-26 05:45:00+00:00,2019-04-26 06:00:00+00:00,11.59244,362.0,14.86625,15.22850312948227,15.150340340137483,14.98704031020403,14.850602979809047,15.024775437116624,14.060719869136811,14.862510652318598,15.21323686003685,14.791846363842488
2019-04-26 06:00:00+00:00,2019-04-26 06:15:00+00:00,6.711360000000001,187.0,11.59244,12.250131240310669,12.07111414355278,12.176261594715118,12.286467543067932,12.898062339248657,11.969318410577774,12.588635435523987,12.705757728042602,11.509179121079445
2019-04-26 06:15:00+00:00,2019-04-26 06:30:00+00:00,6.987641,169.0,6.711360000000001,8.55894460521698,8.004814885482789,9.055263303146363,8.262210868225099,9.383597634658814,8.577397964820863,8.549628041610719,8.715041659698487,6.53893367193699
2019-04-26 06:30:00+00:00,2019-04-26 06:45:00+00:00,20.19281,343.0,6.987641,8.47045555039978,8.090910934654236,8.846178673950195,8.59193947240448,9.591877602783203,9.182199143615723,9.00908818170166,9.123699330535889,6.7588813535842895
2019-04-26 06:45:00+00:00,2019-04-26 07:00:00+00:00,23.827129,711.0,20.19281,18.350767792282106,19.730282397089006,18.961490810928346,20.536397517738344,20.39681719344616,20.4670295725441,21.417734683570863,21.10379600625992,19.867936999616624
2019-04-26 07:00:00+00:00,2019-04-26 07:15:00+00:00,14.44406,297.0,23.827129,21.145049684814452,22.327958100608825,21.412041061691284,22.11466037588501,21.825930231384277,21.979708188346862,23.061833494476318,22.708312624267577,23.209040158561706
2019-04-26 07:15:00+00:00,2019-04-26 07:30:00+00:00,18.905689,653.0,14.44406,14.49788375791669,13.620086940345765,14.388597851959467,13.808344217357636,14.202248962936402,13.42910638671875,14.545789914546013,14.024727704343796,13.826002808628083
2019-04-26 07:30:00+00:00,2019-04-26 07:45:00+00:00,11.41897,280.0,18.905689,15.735239027847289,17.06238424669647,16.270221470703124,16.93980455290222,16.570264338363646,16.755430220474242,17.513098477233886,17.502268670906066,18.252400456775664
2019-04-26 07:45:00+00:00,2019-04-26 08:00:00+00:00,14.0,493.0,11.41897,11.82738692686081,10.75158227607727,11.436733366922736,10.91131139919281,11.61753008887291,10.801366519184112,11.613505121321678,11.219335954637527,10.848236214370727
2019-04-26 08:00:00+00:00,2019-04-26 08:15:00+00:00,13.92781,365.0,14.0,13.137502610683441,13.447206974029541,12.718756675720215,13.275567710399628,13.490579426288605,13.374403595924377,14.24598278105259,13.672697991132736,13.248147070407867
2019-04-26 08:15:00+00:00,2019-04-26 08:30:00+00:00,9.508844,251.0,13.92781,13.41562943321228,13.22087000471115,13.450880693016051,13.152724491176604,13.32400368314743,13.085170732555389,14.015016229567527,13.444875554857253,13.103952811775207
2019-04-26 08:30:00+00:00,2019-04-26 08:45:00+00:00,10.04456,295.0,9.508844,9.42269868840599,8.903130930561066,9.411595810848713,9.175418329137802,9.562655453282833,9.351507660645485,10.117828112739563,9.451117508757353,8.798772555488586
2019-04-26 08:45:00+00:00,2019-04-26 09:00:00+00:00,7.587344,203.0,10.04456,9.670090272722245,9.571141555604935,9.597446754274369,9.823242172298432,10.311819687185288,10.223494380412102,10.594467922744752,10.1289744821167,9.252078637180329
2019-04-26 09:00:00+00:00,2019-04-26 09:15:00+00:00,6.600672,173.0,7.587344,7.505780542153358,7.212460556882858,7.587220590445638,7.093807766098022,7.30188182916069,7.238295385498047,7.917155006784439,7.48222124751234,6.962062964099884
2019-04-26 09:15:00+00:00,2019-04-26 09:30:00+00:00,3.375586,92.0,6.600672,6.396362879225731,6.404622339555741,6.733894758769989,6.010698848316193,6.418833547183991,6.344999038526535,6.633075122633696,6.4344122492761615,5.996654623100281
2019-04-26 09:30:00+00:00,2019-04-26 09:45:00+00:00,4.856469000000001,127.0,3.375586,3.498625186000824,3.406707024861932,3.9401948719367983,3.0809924571857454,3.53710661522007,3.5728836177930834,3.5037180899724962,3.4544077186927797,2.8067677884445192
2019-04-26 09:45:00+00:00,2019-04-26 10:00:00+00:00,3.3511949999999997,93.0,4.856469000000001,4.361648673433304,4.685122812408448,4.756483825165272,4.571994805950165,4.868357171546162,5.078142861145974,5.033902162927628,4.931016313153744,4.3750456518116
2019-04-26 10:00:00+00:00,2019-04-26 10:15:00+00:00,1.992703,57.0,3.3511949999999997,3.0186058803272244,3.2661567627263066,3.5747407748174664,2.843497119731903,3.1143182291460034,3.3414359370988604,3.232907108850479,3.2139628304910657,2.83314444858551
2019-04-26 10:15:00+00:00,2019-04-26 10:30:00+00:00,1.11516,33.0,1.992703,1.6817343625335692,2.041424883445978,2.3205023798255917,1.5452260765342711,1.8012560847311019,2.040924744596958,1.8137030991821288,1.844026902606964,1.498732188632965
2019-04-26 10:30:00+00:00,2019-04-26 10:45:00+00:00,0.560451,16.0,1.11516,0.8758946028089523,1.2392133962845802,1.3992402669525146,0.7785243805980682,0.9948557060694694,1.2044821721053123,0.8802867945766448,1.0077373873925208,0.613695394668579
2019-04-26 10:45:00+00:00,2019-04-26 11:00:00+00:00,0.246148,6.0,0.560451,0.4892281508097649,0.7487195720920563,0.738401531244278,0.3933775713691712,0.555257309696287,0.7191984793195725,0.37836734857654575,0.5846783844778538,0.06557243969535831
2019-04-26 11:00:00+00:00,2019-04-26 11:15:00+00:00,0.0,0.0,0.246148,0.2343999580423832,0.44040083372402195,0.4056351729612351,0.07093429052639008,0.19599740066933632,0.34566529327440265,0.0,0.24495126609127224,0.0
2019-04-26 11:15:00+00:00,2019-04-26 11:30:00+00:00,0.0,0.0,0.0,0.009556724689900875,0.21924139559268951,0.12965098023414612,0.0,0.0,0.06932433694601059,0.0,0.07672761380672455,0.0
2019-04-26 11:30:00+00:00,2019-04-26 11:45:00+00:00,0.005832,0.0,0.0,0.043548453599214554,0.20955206453800201,0.09891432523727417,0.0,0.0,0.052314937114715576,0.0,0.09031392633914948,0.0
2019-04-26 11:45:00+00:00,2019-04-26 12:00:00+00:00,0.0,0.0,0.005832,0.0,0.16207566700649262,0.06228257931542397,0.0,0.0,0.01303379919153452,0.0,0.04393092386198044,0.0
2019-04-26 12:00:00+00:00,2019-04-26 12:15:00+00:00,0.0,0.0,0.0,0.0,0.15570075809955597,0.0,0.0,0.0,0.0,0.0,0.030815446749329567,0.0
2019-04-26 12:15:00+00:00,2019-04-26 12:30:00+00:00,0.0,0.0,0.0,0.0,0.15384627878665924,0.0,0.0,0.0,0.0,0.0,0.06700244545936584,0.0
2019-04-26 12:30:00+00:00,2019-04-26 12:45:00+00:00,0.0,0.0,0.0,0.0,0.16712455451488495,0.0,0.0,0.0,0.0,0.0,0.07257808744907379,0.013326626271009445
2019-04-26 12:45:00+00:00,2019-04-26 13:00:00+00:00,0.0,0.0,0.0,0.0,0.165848508477211,0.0,0.0,0.0,0.0,0.0,0.07182835787534714,0.0404994934797287
2019-04-26 13:00:00+00:00,2019-04-26 13:15:00+00:00,0.0,0.0,0.0,0.0,0.1585191786289215,0.0,0.0,0.0,0.0,0.0,0.09892452508211136,0.12789349257946014
2019-04-26 13:15:00+00:00,2019-04-26 13:30:00+00:00,0.0,0.0,0.0,0.0,0.15049250423908234,0.0,0.0,0.0,0.0,0.0,0.1200847178697586,0.16971717774868011
2019-04-26 13:30:00+00:00,2019-04-26 13:45:00+00:00,0.0,0.0,0.0,0.0,0.15414151549339294,0.0,0.0,0.0,0.0,0.0,0.12628395855426788,0.19449689984321594
2019-04-26 13:45:00+00:00,2019-04-26 14:00:00+00:00,0.0,0.0,0.0,0.0,0.14579865336418152,0.0,0.0,0.0,0.0,0.0,0.09308329224586487,0.19545212388038635
2019-04-26 14:00:00+00:00,2019-04-26 14:15:00+00:00,0.0,0.0,0.0,0.0,0.13536781072616577,0.0,0.0,0.0,0.0,0.0,0.14131556451320648,0.23723451793193817
2019-04-26 14:15:00+00:00,2019-04-26 14:30:00+00:00,0.0,0.0,0.0,0.0,0.14750804007053375,0.0,0.0,0.0,0.0,0.0,0.13207793235778809,0.26542556285858154
2019-04-26 14:30:00+00:00,2019-04-26 14:45:00+00:00,0.0,0.0,0.0,0.0,0.1456783562898636,0.0,0.0,0.0,0.0,0.0,0.11825354397296906,0.26706990599632263
2019-04-26 14:45:00+00:00,2019-04-26 15:00:00+00:00,0.0,0.0,0.0,0.0,0.14829491078853607,0.0,0.0,0.0,0.0,0.0,0.13112671673297882,0.27885282039642334
2019-04-26 15:00:00+00:00,2019-04-26 15:15:00+00:00,0.0,0.0,0.0,0.0,0.14115650951862335,0.0,0.0,0.0,0.0,0.0,0.1825973391532898,0.30188652873039246
2019-04-26 15:15:00+00:00,2019-04-26 15:30:00+00:00,0.0,0.0,0.0,0.0,0.12369555234909058,0.0,0.0,0.0,0.0,0.0,0.18658208847045898,0.3163836896419525
2019-04-26 15:30:00+00:00,2019-04-26 15:45:00+00:00,0.0,0.0,0.0,0.0,0.11800481379032135,0.0,0.0,0.0,0.0,0.0,0.19767484068870544,0.3460208475589752
2019-04-26 15:45:00+00:00,2019-04-26 16:00:00+00:00,0.0,0.0,0.0,0.0,0.14109469950199127,0.017868036404252052,0.0,0.0,0.0,0.0,0.19980819523334503,0.3676551878452301
2019-04-26 16:00:00+00:00,2019-04-26 16:15:00+00:00,0.0,0.0,0.0,0.0,0.13117069005966187,0.0308211836963892,0.0,0.0,0.0,0.0,0.2586449980735779,0.3328051269054413
2019-04-26 16:15:00+00:00,2019-04-26 16:30:00+00:00,0.0,0.0,0.0,0.0,0.12981852889060974,0.06632857024669647,0.0,0.0,0.0,0.0,0.2363424152135849,0.3148496448993683
2019-04-26 16:30:00+00:00,2019-04-26 16:45:00+00:00,0.0,0.0,0.0,0.0,0.1434745043516159,0.07031335681676865,0.0,0.0,0.0,0.0,0.25188273191452026,0.3439256250858307
2019-04-26 16:45:00+00:00,2019-04-26 17:00:00+00:00,0.0,0.0,0.0,0.0,0.15269945561885834,0.0389033704996109,0.0,0.0,0.0,0.0,0.2384890764951706,0.3300073742866516
2019-04-26 17:00:00+00:00,2019-04-26 17:15:00+00:00,0.0,0.0,0.0,0.0,0.1632004976272583,0.0555465966463089,0.0,0.0,0.0,0.0,0.26162460446357727,0.3430838882923126
2019-04-26 17:15:00+00:00,2019-04-26 17:30:00+00:00,0.0,0.0,0.0,0.0,0.2023017704486847,0.045696623623371124,0.0,0.0,0.0,0.0,0.2767679989337921,0.3354967534542084
2019-04-26 17:30:00+00:00,2019-04-26 17:45:00+00:00,0.0,0.0,0.0,0.0,0.27264857292175293,0.04914085566997528,0.0,0.0,0.0,0.0,0.29219701886177063,0.41186535358428955
2019-04-26 17:45:00+00:00,2019-04-26 18:00:00+00:00,0.0,0.0,0.0,0.0,0.2496592253446579,0.07116205990314484,0.0,0.0,0.0,0.0,0.3135838806629181,0.41991356015205383
2019-04-26 18:00:00+00:00,2019-04-26 18:15:00+00:00,0.0,0.0,0.0,0.0,0.24376370012760162,0.10848468542098999,0.0,0.0,0.0,0.0,0.3677789866924286,0.41029056906700134
2019-04-26 18:15:00+00:00,2019-04-26 18:30:00+00:00,0.0,0.0,0.0,0.0,0.23571254312992096,0.15531176328659058,0.0,0.0,0.0,0.0,0.37834450602531433,0.4009271562099457
2019-04-26 18:30:00+00:00,2019-04-26 18:45:00+00:00,0.0,0.0,0.0,0.0,0.23668624460697174,0.20507745444774628,0.0,0.0,0.0,0.0,0.38361138105392456,0.4095717668533325
2019-04-26 18:45:00+00:00,2019-04-26 19:00:00+00:00,0.0,0.0,0.0,0.0,0.20588263869285583,0.20385953783988953,0.0,0.0,0.0,0.0,0.4183315336704254,0.4173683524131775
2019-04-26 19:00:00+00:00,2019-04-26 19:15:00+00:00,0.0,0.0,0.0,0.0,0.18886089324951172,0.23706303536891937,0.0,0.0,0.0,0.0,0.3806318938732147,0.4250856041908264
2019-04-26 19:15:00+00:00,2019-04-26 19:30:00+00:00,0.0,0.0,0.0,0.0,0.18319915235042572,0.26124465465545654,0.0,0.0,0.029778072610497475,0.0,0.3841361403465271,0.445509135723114
2019-04-26 19:30:00+00:00,2019-04-26 19:45:00+00:00,0.0,0.0,0.0,0.0,0.16358262300491333,0.2705816328525543,0.0,0.0,0.04466910660266876,0.0,0.3931379020214081,0.4580339193344116
2019-04-26 19:45:00+00:00,2019-04-26 20:00:00+00:00,0.0,0.0,0.0,0.0,0.21918968856334686,0.30375829339027405,0.01360625121742487,0.0,0.09451931715011597,0.0,0.38159215450286865,0.5059977769851685
2019-04-26 20:00:00+00:00,2019-04-26 20:15:00+00:00,0.0,0.0,0.0,0.021948494017124176,0.2131050080060959,0.3145579993724823,0.012723615393042564,0.0,0.14958877861499786,0.0,0.4305286109447479,0.5141839385032654
2019-04-26 20:15:00+00:00,2019-04-26 20:30:00+00:00,0.0,0.0,0.0,0.0571802482008934,0.2506941556930542,0.3418474793434143,0.031577400863170624,0.0,0.19004787504673004,0.0,0.44448286294937134,0.5377395749092102
2019-04-26 20:30:00+00:00,2019-04-26 20:45:00+00:00,0.0,0.0,0.0,0.07981989532709122,0.23869432508945465,0.41192030906677246,0.00249846070073545,0.0,0.22039060294628143,0.0,0.4484267234802246,0.5427787899971008
2019-04-26 20:45:00+00:00,2019-04-26 21:00:00+00:00,0.0,0.0,0.0,0.09464238584041595,0.21187955141067505,0.4453020989894867,0.0,0.0,0.1979084312915802,0.0,0.47063741087913513,0.5342233777046204
2019-04-26 21:00:00+00:00,2019-04-26 21:15:00+00:00,0.006742,0.0,0.0,0.15412811934947968,0.23919934034347534,0.4530133903026581,0.02846582978963852,0.0,0.27763473987579346,0.0,0.5529604554176331,0.5975547432899475
2019-04-26 21:15:00+00:00,2019-04-26 21:30:00+00:00,0.0,0.0,0.006742,0.19976432563495636,0.27464121522140506,0.5021018380088806,0.07724142761659622,0.004663501751989126,0.3498523825569153,0.023269796164155004,0.5726670020980835,0.6465187663002014
2019-04-26 21:30:00+00:00,2019-04-26 21:45:00+00:00,0.0,0.0,0.0,0.2377905249595642,0.3104404807090759,0.521068274974823,0.11796991527080536,0.033937495201826096,0.39591506123542786,0.0440799780189991,0.591282844543457,0.6719784140586853
2019-04-26 21:45:00+00:00,2019-04-26 22:00:00+00:00,0.0,1.0,0.0,0.27573293447494507,0.31553012132644653,0.5949522852897644,0.11411045491695404,0.02438300848007202,0.4361285865306854,0.04346846416592598,0.5786405801773071,0.6931045651435852
2019-04-26 22:00:00+00:00,2019-04-26 22:15:00+00:00,0.0,1.0,0.0,0.33926185965538025,0.41082289814949036,0.6107688546180725,0.20481057465076447,0.1377774477005005,0.5039620995521545,0.06639108061790466,0.6074184775352478,0.7161526083946228
2019-04-26 22:15:00+00:00,2019-04-26 22:30:00+00:00,0.020143,2.0,0.0,0.3579144775867462,0.4885755181312561,0.6575397849082947,0.2347395122051239,0.17712531983852386,0.5019439458847046,0.06003136932849884,0.5796543955802917,0.7503219842910767
2019-04-26 22:30:00+00:00,2019-04-26 22:45:00+00:00,0.016607,3.0,0.020143,0.4369663871459961,0.5305407918624878,0.7346427715950012,0.23756240081119537,0.19326762627887725,0.5919564045600891,0.08313011150884628,0.6074746526412964,0.7991171754531861
2019-04-26 22:45:00+00:00,2019-04-26 23:00:00+00:00,0.0,2.0,0.016607,0.49631579077911375,0.6178919807739258,0.7671200171775818,0.3046088055438995,0.3108482793636322,0.6512330309219361,0.11952976740074157,0.6680401698417664,0.837067855960846
2019-04-26 23:00:00+00:00,2019-04-26 23:15:00+00:00,0.0,3.0,0.0,0.5251903533935547,0.6315394639968872,0.8393761515617371,0.29624807834625244,0.31499168276786804,0.683610737323761,0.06190374493598938,0.6147277355194092,0.8539663553237915
2019-04-26 23:15:00+00:00,2019-04-26 23:30:00+00:00,0.0526639999999999,4.0,0.0,0.5792897939682007,0.7091003656387329,0.8791133165359497,0.3625941276550293,0.3982084393501282,0.768444836139679,0.10746368020772934,0.6780956387519836,0.8885427713394165
2019-04-26 23:30:00+00:00,2019-04-26 23:45:00+00:00,0.115596,6.0,0.0526639999999999,0.6628241719856262,0.7855384530677795,1.0216797771110533,0.41403116604232776,0.4535094680442809,0.8538489522590637,0.17865796705627432,0.7094243349685668,0.9657882036819457
2019-04-26 23:45:00+00:00,2019-04-27 00:00:00+00:00,0.2641469999999999,9.0,0.115596,0.7739172018013001,0.914898339553833,1.1210976279220581,0.52625713114357,0.5901784038982392,0.9715092814407349,0.2831453717193604,0.8325955307922364,1.0630055106124878
2019-04-27 00:00:00+00:00,2019-04-27 00:15:00+00:00,0.3448179999999999,11.0,0.2641469999999999,0.9766287371368407,1.129744903728485,1.3349397942276,0.7151934966297149,0.8065009280891418,1.1946770116539,0.4750206038208007,1.0216124221534728,1.2282834812850951
2019-04-27 00:15:00+00:00,2019-04-27 00:30:00+00:00,0.468152,15.0,0.3448179999999999,1.101639572780609,1.2124466935806273,1.4825928250961302,0.7885386983566283,0.877192858856201,1.3081736008338927,0.5653327892236708,1.103908721607208,1.3209204713516234
2019-04-27 00:30:00+00:00,2019-04-27 00:45:00+00:00,0.603641,19.0,0.468152,1.314614845802307,1.3477456703681945,1.7074690595169066,0.9109950199623108,0.8886037304897308,1.32826603799057,0.6851443931360245,1.1860374346275329,1.410786642124176
2019-04-27 00:45:00+00:00,2019-04-27 01:00:00+00:00,0.724596,21.0,0.603641,1.4822111394081117,1.494456556049347,1.9030857946548463,1.0480954911384583,1.0039450492534638,1.4606355693016053,0.841435890999794,1.3591417934570313,1.5658383633766175
2019-04-27 01:00:00+00:00,2019-04-27 01:15:00+00:00,0.502988,18.0,0.724596,1.6388197901687622,1.6616238120040894,2.028862333580017,1.2366155150375366,1.1819027128658295,1.6477131607971192,1.1123191776714325,1.5841393235168457,1.7051766875228882
2019-04-27 01:15:00+00:00,2019-04-27 01:30:00+00:00,0.591555,18.0,0.502988,1.436582286441803,1.4393112851028442,1.8335089875106811,1.019754607761383,0.9787561488990784,1.4796036673431396,0.9183143568878174,1.4050712777023315,1.4993217779045105
2019-04-27 01:30:00+00:00,2019-04-27 01:45:00+00:00,0.59202,19.0,0.591555,1.5458135611343384,1.528573096446991,1.938493729286194,1.1177917725372315,1.0976749069023133,1.6079853779602051,1.0155472761917115,1.5409737235832215,1.588775277786255
2019-04-27 01:45:00+00:00,2019-04-27 02:00:00+00:00,0.750518,23.0,0.59202,1.5478032479476929,1.5067345748138428,1.9903517613601684,1.0857703337860107,1.078349287290573,1.5484994898033142,1.0083863387298584,1.5142622242164612,1.5868519792747497
2019-04-27 02:00:00+00:00,2019-04-27 02:15:00+00:00,1.4980000000000002,41.0,0.750518,1.7130428908996582,1.8185291646652222,2.0711024163894654,1.378894305103302,1.405179238193512,1.7644852756195069,1.2700859068565369,1.8323667405776978,1.8841915486984253
2019-04-27 02:15:00+00:00,2019-04-27 02:30:00+00:00,1.37416,39.0,1.4980000000000002,2.575875137329102,2.6633521060943606,2.8834740858078005,2.2199966650009157,2.2418608407974245,2.638251994132996,2.1106614809036257,2.6784251670837405,2.658536289215088
2019-04-27 02:30:00+00:00,2019-04-27 02:45:00+00:00,1.641309,49.0,1.37416,2.4982459031677244,2.4967618667221068,2.8370023452377318,2.070029147777557,2.093687006149292,2.5654214107131956,1.9076430284118653,2.51808876625061,2.4856558524703978
2019-04-27 02:45:00+00:00,2019-04-27 03:00:00+00:00,1.731871,50.0,1.641309,2.8357656965103146,2.796849108680725,3.1388796338882443,2.39807192181015,2.4333489308204648,2.873110033020019,2.270314968570709,2.8438640603866574,2.716524101242065
2019-04-27 03:00:00+00:00,2019-04-27 03:15:00+00:00,2.198984,53.0,1.731871,2.989387026496887,2.944784751602173,3.2473705918273925,2.5505003244361877,2.683481803604126,2.9481168896636962,2.528524389930725,2.989718785949707,2.7710301787338256
2019-04-27 03:15:00+00:00,2019-04-27 03:30:00+00:00,3.393305,84.0,2.198984,3.4349611728515623,3.3316507070388792,3.7372209756698607,2.9665332167472838,3.0471445648994444,3.341484638961792,2.8503820627059935,3.390641543182373,3.20144924810791
2019-04-27 03:30:00+00:00,2019-04-27 03:45:00+00:00,3.337086,83.0,3.393305,4.719316419296264,4.589475449256897,4.953195508651733,4.294039424591064,4.3785290085601805,4.5616000258255,4.28339516752243,4.702289756469726,4.376663681201935
2019-04-27 03:45:00+00:00,2019-04-27 04:00:00+00:00,3.609266,88.0,3.337086,4.674013890777588,4.586764254127503,4.900288381134033,4.307434358154297,4.346088447128296,4.503811873947144,4.306709506069184,4.638404168640137,4.365379609619141
2019-04-27 04:00:00+00:00,2019-04-27 04:15:00+00:00,3.975235,108.0,3.609266,4.925545411315918,4.812628464904785,5.15121038457489,4.564836340156555,4.5651626755867,4.770224051681518,4.516043501106262,4.850738125053406,4.568627791610718
2019-04-27 04:15:00+00:00,2019-04-27 04:30:00+00:00,3.829875,112.0,3.975235,5.220413461074829,5.035909428939819,5.3929840472793575,4.860514238224029,4.742228582248687,5.079626098022461,4.757554784164428,5.142391934738159,4.7584421185112
2019-04-27 04:30:00+00:00,2019-04-27 04:45:00+00:00,6.132329,129.0,3.829875,5.039215095520019,4.815629787921905,5.1223578529357905,4.728898294448852,4.562084384441375,4.908739932060241,4.641515679836273,5.028983004570007,4.5964120702743525
2019-04-27 04:45:00+00:00,2019-04-27 05:00:00+00:00,5.949781,146.0,6.132329,6.965503467086792,7.005380702976227,7.241411460403443,6.879817200664521,6.571961445573807,7.01537115669632,6.617002976898194,7.120632482532502,6.930518818859101
2019-04-27 05:00:00+00:00,2019-04-27 05:15:00+00:00,8.064,196.0,5.949781,6.738212942462921,6.778691589218139,6.816150307041168,6.745720564704895,6.382702350002289,6.783367812019348,6.395860224348068,6.9767615192947385,6.720878779273987
2019-04-27 05:15:00+00:00,2019-04-27 05:30:00+00:00,5.7309220000000005,152.0,8.064,8.653475691318512,8.700537611484528,8.41290004992485,8.811667789459229,8.38374333524704,8.694454242229462,8.478799213409424,8.995913495063782,8.742260385990143
2019-04-27 05:30:00+00:00,2019-04-27 05:45:00+00:00,7.988313000000001,199.0,5.7309220000000005,6.268525616714478,6.3182925148696905,6.179497675487519,6.290750758239747,5.900118948409081,6.185547725746155,5.859916151949883,6.488813833782197,6.307225660869599
2019-04-27 05:45:00+00:00,2019-04-27 06:00:00+00:00,7.7,188.0,7.988313000000001,8.268789450920107,8.361721257961275,8.133146207130434,8.41978998044777,7.97624157117951,8.241894434488298,8.13306740979004,8.70740310410309,8.575971584117891
2019-04-27 06:00:00+00:00,2019-04-27 06:15:00+00:00,9.01425,220.0,7.7,7.707812180090696,7.967670720815659,7.681516098603606,8.047965538501739,7.680739116668701,7.928275775909424,7.81514563113451,8.40422476530075,8.227921080589294
2019-04-27 06:15:00+00:00,2019-04-27 06:30:00+00:00,4.706625,122.0,9.01425,8.356050808906556,9.049253658384085,8.624489237546921,9.184697409152985,8.729967405080796,8.976398860096932,8.96540751028061,9.617856581687928,9.53784539270401
2019-04-27 06:30:00+00:00,2019-04-27 06:45:00+00:00,2.789773,72.0,4.706625,4.85579380428791,5.083936736345291,4.848070636749267,5.121156260728836,4.806270867943764,5.127168789863586,4.904691934943199,5.463471606731415,5.076404199361801
2019-04-27 06:45:00+00:00,2019-04-27 07:00:00+00:00,3.284531,84.0,2.789773,3.249885452507019,3.3005853421669005,3.389334333656311,3.1992540783863066,3.0116166449766157,3.3838797934036253,2.9564071871023176,3.5174259669761656,3.0920951492767332
2019-04-27 07:00:00+00:00,2019-04-27 07:15:00+00:00,2.572883,67.0,3.284531,3.432710143667221,3.627007487159729,3.86164361510849,3.451189118367195,3.4050144207892417,3.794119539600372,3.294478283193469,3.8876420882759093,3.642516734939575
2019-04-27 07:15:00+00:00,2019-04-27 07:30:00+00:00,2.274453,57.0,2.572883,2.7722173830108643,2.876183768136978,3.0553578039245606,2.7532528390722275,2.676473950369835,3.1391110917167664,2.6206597772972584,3.1615292926864624,2.8544038435058594
2019-04-27 07:30:00+00:00,2019-04-27 07:45:00+00:00,2.166008,57.0,2.274453,2.3807799302248953,2.541344002655029,2.711299315860748,2.4137302942781447,2.348756664267063,2.7683794953136442,2.267631409989923,2.7997399725227354,2.5602872230319975
2019-04-27 07:45:00+00:00,2019-04-27 08:00:00+00:00,2.2204770000000003,60.0,2.166008,2.263651330693245,2.4143261059360506,2.4990944608287813,2.3403136029081346,2.2059860049920084,2.6599698706703188,2.1524636863904,2.6566644354896547,2.412111733778
2019-04-27 08:00:00+00:00,2019-04-27 08:15:00+00:00,1.532426,40.0,2.2204770000000003,2.392663523675919,2.4362074883003237,2.473241701843262,2.4741963000316622,2.29869061720562,2.7617812306900027,2.2922995538730624,2.7371466310043338,2.3444316164870265
2019-04-27 08:15:00+00:00,2019-04-27 08:30:00+00:00,1.23643,34.0,1.532426,1.70336924529171,1.725969091416359,1.7660279575595856,1.779931247592926,1.5728242810676099,2.0456792119750977,1.5391309660719932,1.9539821747550965,1.6022196415672303
2019-04-27 08:30:00+00:00,2019-04-27 08:45:00+00:00,0.966328,27.0,1.23643,1.3870527999925613,1.402555625371933,1.4291248130130767,1.4445050912427901,1.2246372005420922,1.7015530573654174,1.1688208910155296,1.5680349873828887,1.2155631328451633
2019-04-27 08:45:00+00:00,2019-04-27 09:00:00+00:00,0.6941350000000001,19.0,0.966328,1.0712297533659934,1.1292304296998976,1.1054284025936125,1.1531980385093688,0.9453429666368961,1.378897224834442,0.8014664699344635,1.2671846200733183,0.9364265960662365
2019-04-27 09:00:00+00:00,2019-04-27 09:15:00+00:00,0.560178,16.0,0.6941350000000001,0.7770345928168297,0.8388249473667145,0.7938128011322022,0.8153547691202164,0.6493456857299805,1.0413226084804537,0.4196520047283173,0.9137525009012223,0.5774994092082978
2019-04-27 09:15:00+00:00,2019-04-27 09:30:00+00:00,0.562625,16.0,0.560178,0.619319281992197,0.6927123996286392,0.6149305621950626,0.6446692603497505,0.5055427807240486,0.8729884209899902,0.20915825989532466,0.722771200802803,0.4071837696104049
2019-04-27 09:30:00+00:00,2019-04-27 09:45:00+00:00,0.4144489999999999,13.0,0.562625,0.5866026410162449,0.6716312558650971,0.5735686186030508,0.6001011559069157,0.48412282180786137,0.8359508605003357,0.17024857711791996,0.6545817197561264,0.36175631892681126
2019-04-27 09:45:00+00:00,2019-04-27 10:00:00+00:00,0.238608,9.0,0.4144489999999999,0.39391172790431966,0.4935230177035331,0.3827013123919963,0.39974611924493303,0.3185988452425002,0.6418720122566222,0.0,0.39817022272849073,0.16542688870334615
2019-04-27 10:00:00+00:00,2019-04-27 10:15:00+00:00,0.170256,8.0,0.238608,0.2171506203161478,0.3265969279603958,0.1886068704919815,0.21876423725950717,0.15687645705509184,0.39362068208026885,0.0,0.1700976836876869,0.0
2019-04-27 10:15:00+00:00,2019-04-27 10:30:00+00:00,0.0917019999999999,5.0,0.170256,0.15136414578831195,0.28427774085378643,0.1053840704140663,0.15230394339835643,0.11438081039762496,0.29883075876808163,0.0,0.07270393146848678,0.0
2019-04-27 10:30:00+00:00,2019-04-27 10:45:00+00:00,0.018268,4.0,0.0917019999999999,0.04655500943255414,0.1971678368229865,0.0,0.04047676245164861,0.012002386846065416,0.18914239177894582,0.0,0.0,0.0
2019-04-27 10:45:00+00:00,2019-04-27 11:00:00+00:00,0.0,1.0,0.018268,0.0,0.09631906788873673,0.0,0.0,0.0,0.06180572476315498,0.0,0.0,0.0
2019-04-27 11:00:00+00:00,2019-04-27 11:15:00+00:00,0.0,0.0,0.0,0.0,0.06106658652424812,0.0,0.0,0.0,0.0026200972497463226,0.0,0.0,0.0
2019-04-27 11:15:00+00:00,2019-04-27 11:30:00+00:00,0.0,0.0,0.0,0.0,0.07971551269292831,0.0,0.0,0.0,0.0,0.0,0.0,0.0
2019-04-27 11:30:00+00:00,2019-04-27 11:45:00+00:00,0.0,0.0,0.0,0.0,0.06952910125255585,0.0,0.0,0.0,0.0,0.0,0.0,0.0
2019-04-27 11:45:00+00:00,2019-04-27 12:00:00+00:00,0.0,0.0,0.0,0.0,0.07771294564008713,0.0,0.0,0.0,0.0,0.0,0.0,0.0
2019-04-27 12:00:00+00:00,2019-04-27 12:15:00+00:00,0.0,0.0,0.0,0.0,0.1004352867603302,0.0,0.0,0.0,0.0,0.0,0.0,0.0
2019-04-27 12:15:00+00:00,2019-04-27 12:30:00+00:00,0.0,0.0,0.0,0.0,0.11768584698438644,0.0,0.0,0.0,0.0,0.0,0.0,0.0
2019-04-27 12:30:00+00:00,2019-04-27 12:45:00+00:00,0.0,0.0,0.0,0.0,0.12724067270755768,0.0,0.0,0.0,0.0,0.0,0.0,0.0
2019-04-27 12:45:00+00:00,2019-04-27 13:00:00+00:00,0.0,0.0,0.0,0.0,0.13868381083011627,0.0,0.0,0.0,0.0,0.0,0.0,0.0
2019-04-27 13:00:00+00:00,2019-04-27 13:15:00+00:00,0.0,0.0,0.0,0.0,0.18151360750198364,0.0,0.0,0.0,0.0,0.0,0.0,0.0
2019-04-27 13:15:00+00:00,2019-04-27 13:30:00+00:00,0.0,0.0,0.0,0.0,0.181160107254982,0.0,0.0,0.0,0.0,0.0,0.0,0.0
2019-04-27 13:30:00+00:00,2019-04-27 13:45:00+00:00,0.0,0.0,0.0,0.0,0.1705535501241684,0.0,0.0,0.0,0.0,0.0,0.0,0.0
2019-04-27 13:45:00+00:00,2019-04-27 14:00:00+00:00,0.0,0.0,0.0,0.0,0.16789576411247253,0.0,0.0,0.0,0.0,0.0,0.0,0.0
2019-04-27 14:00:00+00:00,2019-04-27 14:15:00+00:00,0.0,0.0,0.0,0.0,0.193150594830513,0.0,0.0,0.0,0.0,0.0,0.0,0.0
2019-04-27 14:15:00+00:00,2019-04-27 14:30:00+00:00,0.0,0.0,0.0,0.0,0.1968408077955246,0.0,0.0,0.0,0.0,0.0,0.0,0.0
2019-04-27 14:30:00+00:00,2019-04-27 14:45:00+00:00,0.0,0.0,0.0,0.0,0.21697069704532623,0.0,0.0,0.0,0.0,0.0,0.0,0.0
2019-04-27 14:45:00+00:00,2019-04-27 15:00:00+00:00,0.0,0.0,0.0,0.0,0.21672512590885162,0.0,0.0,0.0,0.0,0.0,0.0,0.0
2019-04-27 15:00:00+00:00,2019-04-27 15:15:00+00:00,0.0,0.0,0.0,0.0,0.20271138846874237,0.0,0.0,0.0,0.0,0.0,0.0,0.0
2019-04-27 15:15:00+00:00,2019-04-27 15:30:00+00:00,0.0,0.0,0.0,0.0,0.2194177657365799,0.0,0.0,0.0,0.0,0.0,0.0,0.0
2019-04-27 15:30:00+00:00,2019-04-27 15:45:00+00:00,0.0,0.0,0.0,0.0,0.2077513486146927,0.0,0.0,0.0,0.0,0.0,0.0,0.0
2019-04-27 15:45:00+00:00,2019-04-27 16:00:00+00:00,0.0,0.0,0.0,0.0,0.233924001455307,0.0,0.0,0.0,0.0,0.0,0.0,0.0
2019-04-27 16:00:00+00:00,2019-04-27 16:15:00+00:00,0.0,0.0,0.0,0.0,0.22712643444538116,0.0,0.0,0.0,0.0,0.0,0.0,0.0
2019-04-27 16:15:00+00:00,2019-04-27 16:30:00+00:00,0.0,0.0,0.0,0.0,0.217366561293602,0.0,0.0,0.0,0.0,0.0,0.0,0.0
2019-04-27 16:30:00+00:00,2019-04-27 16:45:00+00:00,0.0,0.0,0.0,0.0,0.30625659227371216,0.0,0.0,0.0,0.0,0.0,0.0,0.0
2019-04-27 16:45:00+00:00,2019-04-27 17:00:00+00:00,0.0,0.0,0.0,0.0,0.32273754477500916,0.0,0.0,0.0,0.0,0.0,0.0,0.0
2019-04-27 17:00:00+00:00,2019-04-27 17:15:00+00:00,0.0,0.0,0.0,0.0,0.34344935417175293,0.026317771524190903,0.0,0.0,0.0,0.0,0.0,0.0
2019-04-27 17:15:00+00:00,2019-04-27 17:30:00+00:00,0.0,0.0,0.0,0.0,0.341420978307724,0.06849637627601624,0.0,0.0,0.0,0.0,0.0,0.0
2019-04-27 17:30:00+00:00,2019-04-27 17:45:00+00:00,0.0,0.0,0.0,0.0,0.34696856141090393,0.0722554475069046,0.0,0.0,0.0,0.0,0.0,0.0
2019-04-27 17:45:00+00:00,2019-04-27 18:00:00+00:00,0.0,0.0,0.0,0.0,0.34161052107810974,0.06429444253444672,0.0,0.0,0.0,0.0,0.0,0.029908806085586548
2019-04-27 18:00:00+00:00,2019-04-27 18:15:00+00:00,0.0,0.0,0.0,0.0,0.3349343240261078,0.08309651911258698,0.0,0.0,0.0,0.0,0.0,0.05806949362158775
2019-04-27 18:15:00+00:00,2019-04-27 18:30:00+00:00,0.0,0.0,0.0,0.0,0.3320982754230499,0.08544576168060303,0.0,0.0,0.0,0.0,0.0,0.10799256712198257
2019-04-27 18:30:00+00:00,2019-04-27 18:45:00+00:00,0.0,0.0,0.0,0.0,0.33373501896858215,0.07581862062215805,0.0,0.0,0.0,0.0,0.0,0.14921383559703827
2019-04-27 18:45:00+00:00,2019-04-27 19:00:00+00:00,0.0,0.0,0.0,0.0,0.3424586057662964,0.10528687387704849,0.0,0.0,0.0,0.0,0.0,0.18824134767055511
2019-04-27 19:00:00+00:00,2019-04-27 19:15:00+00:00,0.0,0.0,0.0,0.0,0.338160902261734,0.13651889562606812,0.0,0.0,0.0,0.0,0.0,0.24224953353405
2019-04-27 19:15:00+00:00,2019-04-27 19:30:00+00:00,0.0,0.0,0.0,0.0,0.282448410987854,0.13512162864208221,0.0,0.0,0.0,0.0,0.0,0.24812176823616028
2019-04-27 19:30:00+00:00,2019-04-27 19:45:00+00:00,0.0,0.0,0.0,0.0,0.2675302028656006,0.1694418340921402,0.0,0.0,0.0,0.0,0.0,0.31977495551109314
2019-04-27 19:45:00+00:00,2019-04-27 20:00:00+00:00,0.0,0.0,0.0,0.0,0.26715022325515747,0.20154444873332977,0.0,0.0,0.0,0.0,0.0,0.38260477781295776
2019-04-27 20:00:00+00:00,2019-04-27 20:15:00+00:00,0.0,0.0,0.0,0.0,0.2668386697769165,0.2270951122045517,0.0,0.0,0.0,0.0,0.0,0.42980003356933594
2019-04-27 20:15:00+00:00,2019-04-27 20:30:00+00:00,0.0,0.0,0.0,0.0,0.25846633315086365,0.21230173110961914,0.0,0.0,0.0,0.0,0.0,0.46157822012901306
2019-04-27 20:30:00+00:00,2019-04-27 20:45:00+00:00,0.0,0.0,0.0,0.0,0.26594892144203186,0.2518502473831177,0.0,0.0,0.0,0.0,0.0,0.4954693615436554
2019-04-27 20:45:00+00:00,2019-04-27 21:00:00+00:00,0.0,0.0,0.0,0.0644499734044075,0.2810556888580322,0.2737552523612976,0.040670063346624374,0.0,0.034508250653743744,0.0,0.05456506833434105,0.5440351963043213
2019-04-27 21:00:00+00:00,2019-04-27 21:15:00+00:00,0.0,0.0,0.0,0.12570470571517944,0.33072155714035034,0.3017522692680359,0.10151921212673187,0.0,0.11372043192386627,0.0,0.15043380856513977,0.6001989245414734
2019-04-27 21:15:00+00:00,2019-04-27 21:30:00+00:00,0.0,1.0,0.0,0.19113178551197052,0.34909090399742126,0.39237505197525024,0.11373059451580048,0.0,0.19552189111709595,0.0,0.12485770136117935,0.620459258556366
2019-04-27 21:30:00+00:00,2019-04-27 21:45:00+00:00,0.250079,10.0,0.0,0.285798043012619,0.3176611363887787,0.46746009588241577,0.08511052280664444,0.0,0.21861612796783447,0.0,0.10014127939939499,0.6190939545631409
2019-04-27 21:45:00+00:00,2019-04-27 22:00:00+00:00,0.66094,22.0,0.250079,0.664563292268753,0.5646082103290557,0.8382224082984924,0.3502447098531723,0.29059823751831054,0.523542875055313,0.07049893737220764,0.4096193552055359,0.9045824646987914
2019-04-27 22:00:00+00:00,2019-04-27 22:15:00+00:00,1.37457,47.0,0.66094,1.2153421725654603,1.0079200055027009,1.3752321686172486,0.866262116613388,0.7920196290636062,1.0506523634815217,0.5841394077563286,0.8892683174037933,1.3720327104949952
2019-04-27 22:15:00+00:00,2019-04-27 22:30:00+00:00,2.418555,83.0,1.37457,2.066912042922974,1.9361808179092408,2.1453859089088443,1.8294694302749634,1.7163109956455231,1.9802625654411317,1.4781339867186547,1.8209830103588105,2.226823019809723
2019-04-27 22:30:00+00:00,2019-04-27 22:45:00+00:00,3.284969,116.0,2.418555,3.2831536318588257,3.213665285282135,3.4414589192199707,3.0681790496635437,2.8130424107837677,3.2473215843963623,2.589247875981331,2.8741075481700897,3.339566984348297
2019-04-27 22:45:00+00:00,2019-04-27 23:00:00+00:00,4.40486,158.0,3.284969,4.2885132113876345,4.277542499679566,4.561167744773865,4.110311416763306,3.754141269105911,4.318745879310608,3.576488463062286,3.839410154003143,4.298107771057129
2019-04-27 23:00:00+00:00,2019-04-27 23:15:00+00:00,5.871359,213.0,4.40486,5.555510143623352,5.538627724037171,5.8793952268219,5.3943409126853945,4.946519235954285,5.629197220191956,4.888958106622696,5.053810338363648,5.477145652160645
2019-04-27 23:15:00+00:00,2019-04-27 23:30:00+00:00,8.020688,293.0,5.871359,7.167618164810181,7.174510607513428,7.411799797805786,6.9140166137542725,6.546523461135864,7.069783696922302,6.498134622367859,6.65579868296051,6.9983462188568115
2019-04-27 23:30:00+00:00,2019-04-27 23:45:00+00:00,7.810688000000001,325.0,8.020688,9.324501099861145,9.474839511192322,9.560156169212341,9.0305517342453,8.705184700763702,9.117225947654724,8.647490027225494,8.845613482273102,9.202897134101867
2019-04-27 23:45:00+00:00,2019-04-28 00:00:00+00:00,11.98991,396.0,7.810688000000001,9.41221104172516,9.43759069947052,9.60237000492859,8.855230908668519,8.453849416053773,8.883684139526368,8.48674557713318,8.706300001419068,9.02208195236969
2019-04-28 00:00:00+00:00,2019-04-28 00:15:00+00:00,14.21634,468.0,11.98991,13.354811304244995,13.528072589073181,13.590345614585877,12.874332600269318,12.463075065050125,12.963815205726624,12.781591945323944,12.92943476978302,13.230661266479492
2019-04-28 00:15:00+00:00,2019-04-28 00:30:00+00:00,15.70406,501.0,14.21634,15.001844460334778,15.437800342407227,15.503145510520936,14.647473508682252,14.301647776927949,14.83816903289795,14.809905762043,14.910513216819764,15.525645667877198
2019-04-28 00:30:00+00:00,2019-04-28 00:45:00+00:00,17.604561,559.0,15.70406,16.93552033287048,17.058618587074278,17.133856695709227,15.997483146009445,15.793460224387646,16.104436498699187,16.054801952657698,16.150038611707686,16.963121455726622
2019-04-28 00:45:00+00:00,2019-04-28 01:00:00+00:00,17.589689,532.0,17.604561,18.22245684159851,18.649806885849,18.53003707421875,17.601132719180793,17.234872518907547,17.547933286856175,17.555178231428624,17.943466900716782,18.90054717553711
2019-04-28 01:00:00+00:00,2019-04-28 01:15:00+00:00,14.34694,417.0,17.589689,18.589278025974274,18.62606869493866,18.678044541229248,17.850334478963852,17.775957150806427,17.895129485477447,17.65659113084221,18.198008520950317,18.879616005767822
2019-04-28 01:15:00+00:00,2019-04-28 01:30:00+00:00,13.60953,365.0,14.34694,15.87122412437439,15.660324056091309,15.971008856239319,15.061048288288116,15.247492153587341,15.275425572338104,15.01503207201004,15.437515218200684,15.668272216262817
2019-04-28 01:30:00+00:00,2019-04-28 01:45:00+00:00,13.72306,425.0,13.60953,15.855799226074218,15.611234454421997,15.741714028625488,14.739077119140624,15.251037029533386,15.100755719451904,15.012064008026123,15.150345472602844,14.829618481903076
2019-04-28 01:45:00+00:00,2019-04-28 02:00:00+00:00,15.45119,435.0,13.72306,15.796216595230103,15.751138079223633,15.84814249282837,14.757826554832459,14.893179285583496,15.14189385181427,15.252736079750061,15.168212163505554,14.864351737556458
2019-04-28 02:00:00+00:00,2019-04-28 02:15:00+00:00,12.66628,353.0,15.45119,16.91606045288086,17.160647516670227,17.072178607406617,16.742820148887635,16.93153143447876,17.203433399620057,17.457324271621705,17.031248336257935,16.478174095573426
2019-04-28 02:15:00+00:00,2019-04-28 02:30:00+00:00,14.865379999999998,411.0,12.66628,15.02889010169983,14.631287305145264,15.055738179473877,14.363847462921143,14.764397589950562,15.01803371170044,15.193164317398072,14.609194366722107,13.604801683216095
2019-04-28 02:30:00+00:00,2019-04-28 02:45:00+00:00,17.674129,500.0,14.865379999999998,16.443521331672667,16.57639427078247,16.54814524543762,16.31980736148834,16.3763366450119,16.885925005798338,17.382573555831907,16.564453791503905,15.702774654750822
2019-04-28 02:45:00+00:00,2019-04-28 03:00:00+00:00,20.341999,574.0,17.674129,18.119655629686356,18.78832077055359,18.3100691345253,18.475203087619782,18.079200020126343,18.72614966898346,19.399610629371644,18.683931103042603,18.411236872962952
2019-04-28 03:00:00+00:00,2019-04-28 03:15:00+00:00,19.257,572.0,20.341999,19.639262443470002,20.662510609315873,20.111330961870195,21.048500543521882,20.939306085990907,21.38451988069916,21.451230114387513,21.28671700327301,20.96894163458252
2019-04-28 03:15:00+00:00,2019-04-28 03:30:00+00:00,22.2495,651.0,19.257,19.505404771089555,19.918878407001497,19.27598327097297,20.182296902656557,20.689589888572694,20.8965058631897,20.714000851631166,20.65281334590912,19.741251141548158
2019-04-28 03:30:00+00:00,2019-04-28 03:45:00+00:00,24.659691,685.0,22.2495,21.272275232791902,22.373675600707532,21.677779399871827,22.427543499588968,22.70847701382637,22.85054149580002,22.78067024898529,23.116259061813356,22.57207688045502
2019-04-28 03:45:00+00:00,2019-04-28 04:00:00+00:00,27.223881,817.0,24.659691,23.784717285648345,24.78346558810806,23.797095859066008,24.570726187542437,24.799237394348143,24.817347639814376,24.789516711250304,25.315937840953826,24.74605264665222
2019-04-28 04:00:00+00:00,2019-04-28 04:15:00+00:00,24.20381,726.0,27.223881,25.05457162232971,26.707268768268584,25.537650817352294,26.026908629852294,25.857548826652526,25.93057774873352,25.767060869651793,26.972904526906966,27.093493634181975
2019-04-28 04:15:00+00:00,2019-04-28 04:30:00+00:00,18.75606,549.0,24.20381,23.173143052635194,23.809556418237687,23.049701237258912,23.15563251930237,23.15604343372345,23.03487529712677,22.9847417111969,24.11655519264698,23.945838772830964
2019-04-28 04:30:00+00:00,2019-04-28 04:45:00+00:00,15.68919,436.0,18.75606,19.181570942935945,18.902476872739793,18.826186168429853,18.304784293708803,18.723490226504804,18.351272548971178,18.909295509991647,19.281652148303987,18.448322023687364
2019-04-28 04:45:00+00:00,2019-04-28 05:00:00+00:00,13.36759,353.0,15.68919,16.982476323547363,16.451707750263214,16.35913684934616,15.850017249288559,16.193542509975433,15.96010121673584,17.151558965148926,16.631845861377716,15.33201962679863
2019-04-28 05:00:00+00:00,2019-04-28 05:15:00+00:00,16.867379999999997,474.0,13.36759,14.974025894966125,14.380100180473327,14.448966791000366,13.693160553541183,14.000703741874695,13.661110212173462,15.373017360534668,14.418592502441406,12.985304673280716
2019-04-28 05:15:00+00:00,2019-04-28 05:30:00+00:00,18.63225,504.0,16.867379999999997,16.748013056163785,17.07265800917625,16.250380910282132,16.40385708892822,16.032328523044583,16.15327069843292,18.014178133850095,17.231435573940274,16.44703689897537
2019-04-28 05:30:00+00:00,2019-04-28 05:45:00+00:00,13.69222,388.0,18.63225,17.819201100826263,18.185916919469832,17.519312072753905,17.69051485157013,17.53725807762146,17.41298489665985,19.061813969373702,18.70956545716524,18.20049204325676
2019-04-28 05:45:00+00:00,2019-04-28 06:00:00+00:00,12.91128,340.0,13.69222,15.035812166900635,14.044577178926469,14.32808723804474,13.503005502195359,13.802323458166123,13.454549980731011,15.352196363182069,14.285119918556214,13.181741622657777
2019-04-28 06:00:00+00:00,2019-04-28 06:15:00+00:00,20.006439,516.0,12.91128,13.543017351417541,13.043513411073684,13.190261000185012,12.521458261995315,12.626318269758224,12.541002326993942,14.498488271026611,13.238300287513733,12.33718045928955
2019-04-28 06:15:00+00:00,2019-04-28 06:30:00+00:00,10.20316,270.0,20.006439,17.39679339491272,18.64198449217224,17.500903635849,18.306547075141907,17.65224102102661,18.0827808674469,19.251415103305817,19.139804213871003,19.38721838556671
2019-04-28 06:30:00+00:00,2019-04-28 06:45:00+00:00,10.63606,279.0,10.20316,11.580748510513306,10.23710976258278,10.940854621086121,9.8369008721447,10.23575526565671,9.986795288476944,11.523848247680665,10.505704981241227,9.687074375305176
2019-04-28 06:45:00+00:00,2019-04-28 07:00:00+00:00,14.93056,413.0,10.63606,10.844571888980866,10.608021431205273,10.446547851500512,10.458884627161027,10.55797306501627,10.642705910441876,12.222070694503785,11.110055238542557,10.11794477754593
2019-04-28 07:00:00+00:00,2019-04-28 07:15:00+00:00,9.091907,233.0,14.93056,13.403460032997131,14.147820658740997,13.157778627929687,13.982409067211151,13.521005160865784,13.707414991912842,15.489572413024902,14.867291494963169,14.350677795467377
2019-04-28 07:15:00+00:00,2019-04-28 07:30:00+00:00,11.37456,310.0,9.091907,9.493828212673188,8.94993621652794,9.22282291000557,8.761194234544755,8.94707666879368,8.774730687791825,10.481776928359986,9.449823593551637,8.59717035835457
2019-04-28 07:30:00+00:00,2019-04-28 07:45:00+00:00,7.753375,196.0,11.37456,10.338851572570801,10.720467151699067,10.163003088531495,10.762947560844422,10.694863320884705,10.798431755599976,12.438621284065247,11.448215270040036,10.891721905765534
2019-04-28 07:45:00+00:00,2019-04-28 08:00:00+00:00,8.521844,229.0,7.753375,7.799311618000269,7.7349063648432494,7.685642844676972,7.571913710474968,7.959510794520378,7.896710074186325,9.13852543258667,8.243730014801026,7.313162213802338
2019-04-28 08:00:00+00:00,2019-04-28 08:15:00+00:00,8.794844,227.0,8.521844,8.138006568330765,8.306266308206558,7.807136744636535,8.12741661109352,8.146067321676254,8.133451253551483,9.644440740722656,8.856097042936325,8.105485290664673
2019-04-28 08:15:00+00:00,2019-04-28 08:30:00+00:00,6.618061999999999,177.0,8.794844,7.767582742828369,8.170430628913879,7.68028876032257,8.06148126568222,7.991877882141113,7.945071606296539,9.465794293540954,8.742091620671987,8.426458595651626
2019-04-28 08:30:00+00:00,2019-04-28 08:45:00+00:00,7.009297,180.0,6.618061999999999,6.007851402484893,6.198332081758498,5.908431570255279,6.057516615116119,6.202894519292831,6.070175151550292,7.348832647525787,6.789465124928474,6.326083491765975
2019-04-28 08:45:00+00:00,2019-04-28 09:00:00+00:00,4.3218440000000005,119.0,7.009297,6.1829318271369935,6.548515485355377,6.1344152556152345,6.501356051990509,6.614294426271439,6.471449600288391,7.7243065105171205,7.231948213407517,6.743420438596726
2019-04-28 09:00:00+00:00,2019-04-28 09:15:00+00:00,3.665375,97.0,4.3218440000000005,3.8311452452125554,4.114536333459855,4.01692171730423,3.7673053924026494,4.0270911637725835,3.874354172128678,4.82259787954712,4.619141418117524,4.147050264853478
2019-04-28 09:15:00+00:00,2019-04-28 09:30:00+00:00,2.55232,69.0,3.665375,3.028873568534851,3.431697508454323,3.31110174036026,3.049047833442688,3.3489199635982514,3.28010324215889,3.9088353422880173,3.785307733476162,3.611366076529026
2019-04-28 09:30:00+00:00,2019-04-28 09:45:00+00:00,2.233602,59.0,2.55232,2.206026133365631,2.491409175313711,2.3907359952402114,2.066989954776764,2.4164929205846786,2.4076754862737655,2.7942586357069015,2.916830655403137,2.55918252489686
2019-04-28 09:45:00+00:00,2019-04-28 10:00:00+00:00,1.588453,42.0,2.233602,2.169206743659496,2.2946127257962226,2.12592213374567,1.9808606333751677,2.2656551353354453,2.328565490962982,2.5633981354255675,2.808644128562927,2.290247583361387
2019-04-28 10:00:00+00:00,2019-04-28 10:15:00+00:00,1.154754,32.0,1.588453,1.5413867808489798,1.6748453132419585,1.5143850870041846,1.3453112594394683,1.4953992865591048,1.6034629722668527,1.7315258286504744,1.989412014892578,1.7469375036268233
2019-04-28 10:15:00+00:00,2019-04-28 10:30:00+00:00,0.803346,24.0,1.154754,1.1615118265443445,1.268856989435196,1.1506409069814683,0.9482595941343308,1.0673771148838997,1.1725012308278084,1.1996374151029587,1.482692050031662,1.3764672598161698
2019-04-28 10:30:00+00:00,2019-04-28 10:45:00+00:00,0.314481,9.0,0.803346,0.8130831125593782,0.9349778809986115,0.8398971402487755,0.6341543266019821,0.7354329222283363,0.8598226861498356,0.7982345114863515,1.1102969267807006,1.0462477275571822
2019-04-28 10:45:00+00:00,2019-04-28 11:00:00+00:00,0.023868,1.0,0.314481,0.2830842347381115,0.43394705145931245,0.3579561994907856,0.14201397686576844,0.23175702481842042,0.3772849464354515,0.25175253539657594,0.51834703474617,0.5675809481678009
2019-04-28 11:00:00+00:00,2019-04-28 11:15:00+00:00,0.0,0.0,0.023868,0.0,0.14824469932842255,0.045559711619496346,0.0,0.0,0.026536077126145363,0.0,0.1844277883462906,0.2923277074985504
2019-04-28 11:15:00+00:00,2019-04-28 11:30:00+00:00,0.0,0.0,0.0,0.0,0.13439616560935974,0.006459508091211319,0.0,0.0,0.0,0.0,0.20331545174121857,0.2825775146484375
2019-04-28 11:30:00+00:00,2019-04-28 11:45:00+00:00,0.0,0.0,0.0,0.0,0.14894038438796997,0.018143193796277046,0.0,0.0,0.0,0.0,0.23638099431991577,0.29589030146598816
2019-04-28 11:45:00+00:00,2019-04-28 12:00:00+00:00,0.0,0.0,0.0,0.0,0.14764998853206635,0.0029867906123399734,0.0,0.0,0.0,0.0,0.21628759801387787,0.29230251908302307
2019-04-28 12:00:00+00:00,2019-04-28 12:15:00+00:00,0.0,0.0,0.0,0.0,0.15402187407016754,0.0,0.0,0.0,0.0,0.0,0.18733783066272736,0.3121252954006195
2019-04-28 12:15:00+00:00,2019-04-28 12:30:00+00:00,0.0,0.0,0.0,0.0,0.15695735812187195,0.0,0.0,0.0,0.0,0.0,0.1610146462917328,0.31862422823905945
2019-04-28 12:30:00+00:00,2019-04-28 12:45:00+00:00,0.0,0.0,0.0,0.0,0.16017469763755798,0.0,0.0,0.0,0.0,0.0,0.16261127591133118,0.30862167477607727
2019-04-28 12:45:00+00:00,2019-04-28 13:00:00+00:00,0.0,0.0,0.0,0.0,0.15880993008613586,0.0,0.0,0.0,0.0,0.0,0.15393173694610596,0.29606688022613525
2019-04-28 13:00:00+00:00,2019-04-28 13:15:00+00:00,0.0,0.0,0.0,0.0,0.15434125065803528,0.0,0.0,0.0,0.0,0.0,0.16870814561843872,0.3055846095085144
2019-04-28 13:15:00+00:00,2019-04-28 13:30:00+00:00,0.0,0.0,0.0,0.0,0.1466677188873291,0.0,0.0,0.0,0.0,0.0,0.1579635739326477,0.30218541622161865
2019-04-28 13:30:00+00:00,2019-04-28 13:45:00+00:00,0.0,0.0,0.0,0.0,0.1492614448070526,0.0,0.0,0.0,0.0,0.0,0.1660071462392807,0.29580068588256836
2019-04-28 13:45:00+00:00,2019-04-28 14:00:00+00:00,0.0,0.0,0.0,0.0,0.1559211015701294,0.0,0.0,0.0,0.0,0.0,0.13818113505840302,0.2922215461730957
2019-04-28 14:00:00+00:00,2019-04-28 14:15:00+00:00,0.0,0.0,0.0,0.0,0.16748154163360596,0.0,0.0,0.0,0.0,0.0,0.1605837345123291,0.2794322967529297
2019-04-28 14:15:00+00:00,2019-04-28 14:30:00+00:00,0.0,0.0,0.0,0.0,0.18120715022087097,0.0,0.0,0.0,0.0,0.0,0.17530882358551025,0.2709142863750458
2019-04-28 14:30:00+00:00,2019-04-28 14:45:00+00:00,0.0,0.0,0.0,0.0,0.1911524385213852,0.0,0.0,0.0,0.0,0.0,0.1546250581741333,0.26331260800361633
2019-04-28 14:45:00+00:00,2019-04-28 15:00:00+00:00,0.0,0.0,0.0,0.0,0.23851057887077332,0.0,0.0,0.0,0.0,0.0,0.13480280339717865,0.23263700306415558
2019-04-28 15:00:00+00:00,2019-04-28 15:15:00+00:00,0.0,0.0,0.0,0.0,0.2455464005470276,0.0,0.0,0.0,0.0,0.0,0.13224314153194427,0.2222835123538971
2019-04-28 15:15:00+00:00,2019-04-28 15:30:00+00:00,0.0,0.0,0.0,0.0,0.2634260058403015,0.0,0.0,0.0,0.0,0.0,0.14336198568344116,0.21270908415317535
2019-04-28 15:30:00+00:00,2019-04-28 15:45:00+00:00,0.0,0.0,0.0,0.0,0.26492148637771606,0.0,0.0,0.0,0.0,0.0,0.14829805493354797,0.20934264361858368
2019-04-28 15:45:00+00:00,2019-04-28 16:00:00+00:00,0.0,0.0,0.0,0.0,0.3024355173110962,0.0,0.0,0.0,0.0,0.0,0.1832864135503769,0.2192743569612503
2019-04-28 16:00:00+00:00,2019-04-28 16:15:00+00:00,0.0,0.0,0.0,0.0,0.2750832438468933,0.0,0.0,0.0,0.0,0.0,0.15891540050506592,0.24340662360191345
2019-04-28 16:15:00+00:00,2019-04-28 16:30:00+00:00,0.0,0.0,0.0,0.0,0.2665594816207886,0.020828766748309135,0.0,0.0,0.0,0.0,0.13605943322181702,0.242410808801651
2019-04-28 16:30:00+00:00,2019-04-28 16:45:00+00:00,0.0,0.0,0.0,0.0,0.3137072026729584,0.015529081225395203,0.0,0.0,0.0,0.0,0.08168178796768188,0.22259829938411713
2019-04-28 16:45:00+00:00,2019-04-28 17:00:00+00:00,0.0,0.0,0.0,0.0,0.31963050365448,0.029103202745318413,0.0,0.0,0.0,0.0,0.05097740888595581,0.2338365614414215
2019-04-28 17:00:00+00:00,2019-04-28 17:15:00+00:00,0.0,0.0,0.0,0.0,0.28669464588165283,0.06516239792108536,0.0,0.0,0.0,0.0,0.044244326651096344,0.29379749298095703
2019-04-28 17:15:00+00:00,2019-04-28 17:30:00+00:00,0.0,0.0,0.0,0.0,0.28748559951782227,0.09219587594270706,0.0,0.0,0.0,0.0,0.05952112376689911,0.3226652443408966
2019-04-28 17:30:00+00:00,2019-04-28 17:45:00+00:00,0.0,0.0,0.0,0.0,0.2871151566505432,0.11459562927484512,0.0,0.0,0.019189417362213135,0.0,0.07029014080762863,0.34103548526763916
2019-04-28 17:45:00+00:00,2019-04-28 18:00:00+00:00,0.0,0.0,0.0,0.0,0.2839663028717041,0.13346771895885468,0.0,0.0,0.045678041875362396,0.0,0.08340516686439514,0.3630286157131195
2019-04-28 18:00:00+00:00,2019-04-28 18:15:00+00:00,0.0,0.0,0.0,0.0,0.2507989704608917,0.1534596085548401,0.0,0.0,0.06351274251937866,0.0,0.06593403965234756,0.39381226897239685
2019-04-28 18:15:00+00:00,2019-04-28 18:30:00+00:00,0.0,0.0,0.0,0.0,0.3022151589393616,0.13791587948799133,0.0,0.0,0.0,0.0,0.0,0.4094761908054352
2019-04-28 18:30:00+00:00,2019-04-28 18:45:00+00:00,0.0,0.0,0.0,0.0,0.22835281491279602,0.16844911873340607,0.0,0.0,0.0031876973807811737,0.0,0.0,0.4075295627117157
2019-04-28 18:45:00+00:00,2019-04-28 19:00:00+00:00,0.0,0.0,0.0,0.0,0.2789785861968994,0.12023070454597473,0.0,0.0,0.0,0.0,0.0,0.44607704877853394
2019-04-28 19:00:00+00:00,2019-04-28 19:15:00+00:00,0.0,0.0,0.0,0.0,0.3272271752357483,0.16264493763446808,0.0,0.0,0.0,0.0,0.0,0.5134888291358948
2019-04-28 19:15:00+00:00,2019-04-28 19:30:00+00:00,0.0,0.0,0.0,0.0,0.3456897735595703,0.19162161648273468,0.0,0.0,0.050235435366630554,0.0,0.0,0.5477097034454346
2019-04-28 19:30:00+00:00,2019-04-28 19:45:00+00:00,0.0,0.0,0.0,0.0,0.35214662551879883,0.23102471232414246,0.0,0.0,0.12464191764593124,0.0,0.0,0.5783877372741699
2019-04-28 19:45:00+00:00,2019-04-28 20:00:00+00:00,0.0,0.0,0.0,0.0,0.3378045856952667,0.20125427842140198,0.0,0.0,0.02941278927028179,0.0,0.0,0.5878446102142334
2019-04-28 20:00:00+00:00,2019-04-28 20:15:00+00:00,0.0,0.0,0.0,0.0,0.3348677456378937,0.2012452632188797,0.0,0.0,0.0,0.0,0.0,0.5970354080200195
2019-04-28 20:15:00+00:00,2019-04-28 20:30:00+00:00,0.0,0.0,0.0,0.0,0.32985055446624756,0.22460873425006866,0.0,0.0,0.0011252969270572066,0.0,0.0,0.6302576661109924
2019-04-28 20:30:00+00:00,2019-04-28 20:45:00+00:00,0.0,0.0,0.0,0.0,0.32503843307495117,0.25458744168281555,0.0,0.0,0.027472371235489845,0.0,0.0,0.6691129803657532
2019-04-28 20:45:00+00:00,2019-04-28 21:00:00+00:00,0.0,0.0,0.0,0.0,0.33888256549835205,0.29538285732269287,0.0,0.0,0.0728936493396759,0.0,0.0,0.712910532951355
2019-04-28 21:00:00+00:00,2019-04-28 21:15:00+00:00,0.0,0.0,0.0,0.02260778099298477,0.3473411202430725,0.35108286142349243,0.0,0.0,0.14357323944568634,0.0,0.0,0.7491032481193542
2019-04-28 21:15:00+00:00,2019-04-28 21:30:00+00:00,0.0,0.0,0.0,0.11265020817518234,0.3953208029270172,0.4183053970336914,0.053797945380210876,0.0,0.21607230603694916,0.0,0.0,0.7996401786804199
2019-04-28 21:30:00+00:00,2019-04-28 21:45:00+00:00,0.107468,6.0,0.0,0.222026988863945,0.4366174340248108,0.4818682074546814,0.1091705784201622,0.0,0.3243611454963684,0.0,0.051916636526584625,0.8391426205635071
2019-04-28 21:45:00+00:00,2019-04-28 22:00:00+00:00,0.426433,15.0,0.107468,0.43457539970207215,0.6059904902629852,0.6465451627426148,0.2765169500761032,0.0626587330751419,0.49760898048210145,0.0,0.18919683838415147,0.9732183724098206
2019-04-28 22:00:00+00:00,2019-04-28 22:15:00+00:00,0.83944,28.0,0.426433,0.8664100498275757,0.957638177307129,1.0678393572883607,0.6317545205669404,0.45217598158288,0.9709312647895814,0.2984765053110123,0.537033583255291,1.3578083247261048
2019-04-28 22:15:00+00:00,2019-04-28 22:30:00+00:00,1.852266,63.0,0.83944,1.4016415595436096,1.4184897660636901,1.5931635617637634,1.1100659489059448,0.9347190677547454,1.493165802898407,0.8372818853133916,1.036051762046814,1.8405640243911743
2019-04-28 22:30:00+00:00,2019-04-28 22:45:00+00:00,2.853813,98.0,1.852266,2.5879595739517214,2.566323266712189,2.7985372407112123,2.2980525059375765,2.1053328377876284,2.644454882827759,2.040439681497574,2.1625801486644747,2.954028056350708
2019-04-28 22:45:00+00:00,2019-04-28 23:00:00+00:00,3.743141000000001,134.0,2.853813,3.851983554637909,3.6771336868171693,4.1546093895797735,3.386965520656586,3.177966155088425,3.9235975220565797,3.1679950430755617,3.252683348930359,4.021926708496094
2019-04-28 23:00:00+00:00,2019-04-28 23:15:00+00:00,5.320875,181.0,3.743141000000001,5.061950866905214,4.654973213401796,5.318535153594972,4.481851641860963,4.299095933166505,5.100782935348512,4.32444018575287,4.428628270355226,5.034826104370119
2019-04-28 23:15:00+00:00,2019-04-28 23:30:00+00:00,7.049438,226.0,5.320875,6.894045781135559,6.3476833810806275,7.012893747329712,6.267774771690369,5.993688713550568,6.749507616996765,6.150454710960388,6.197910439014435,6.696256946563721
2019-04-28 23:30:00+00:00,2019-04-28 23:45:00+00:00,4.447734,139.0,7.049438,8.509227872169495,8.192726016319275,8.508522749221802,8.151073932922364,7.721154451644898,8.110296249664307,8.029183209217072,8.15900957611847,8.524357319152832
2019-04-28 23:45:00+00:00,2019-04-29 00:00:00+00:00,9.681657,314.0,4.447734,6.219053508552551,5.972967626365661,6.617277027877807,5.5825577991333,5.377134742053985,5.749084474357605,5.418383421215057,5.612509133132934,5.91604602507019
2019-04-29 00:00:00+00:00,2019-04-29 00:15:00+00:00,11.51303,368.0,9.681657,11.466358585769653,11.328226490432739,11.368311090881347,11.202884240562438,11.092406793052673,11.620179815704345,11.235462232048034,11.263193889076232,11.26007656615448
2019-04-29 00:15:00+00:00,2019-04-29 00:30:00+00:00,13.02656,414.0,11.51303,13.22391445186615,13.100304789810181,13.142284341125489,13.057389087944031,12.752768821983338,13.167849488525391,13.246134825019837,13.102349586753846,13.088431663780213
2019-04-29 00:30:00+00:00,2019-04-29 00:45:00+00:00,14.03347,445.0,13.02656,14.645754507598877,14.492367914733887,14.578099301872253,14.325349262771606,13.75198941570282,14.15700261932373,14.681945136604309,14.42645423751831,14.581659248886108
2019-04-29 00:45:00+00:00,2019-04-29 01:00:00+00:00,16.160379000000002,510.0,14.03347,15.467330778808593,15.140560473175048,15.368155206413268,14.90133812543869,14.112979876668453,14.676733101577758,15.494741047592163,15.248490895004272,15.633643711776733
2019-04-29 01:00:00+00:00,2019-04-29 01:15:00+00:00,17.558629999999997,559.0,16.160379000000002,17.857312150291445,17.60890049486542,17.379442162803652,17.417277880004885,17.362349696449282,17.603418774894717,18.003430314353945,17.790234155944827,17.63275761156464
2019-04-29 01:15:00+00:00,2019-04-29 01:30:00+00:00,18.85231,595.0,17.558629999999997,19.00129355037689,19.006525765304563,18.58647490585327,18.56028784358978,18.27352918231964,18.638539324645993,19.33022750461578,19.08830309951782,18.89117754543304
2019-04-29 01:30:00+00:00,2019-04-29 01:45:00+00:00,20.225189,638.0,18.85231,19.713797627029418,20.143040953216552,19.548112390575408,19.35919260793686,18.88381453045964,19.30945807510376,20.13577335887909,20.04852455669403,20.015800533828735
2019-04-29 01:45:00+00:00,2019-04-29 02:00:00+00:00,21.68906,665.0,20.225189,20.65455633365059,21.333560496200562,20.4720810648098,20.228742436603397,19.67536446415329,20.23845083322817,21.002217739452362,21.156954019893647,21.270452648033142
2019-04-29 02:00:00+00:00,2019-04-29 02:15:00+00:00,22.892191,711.0,21.68906,22.10044029098511,22.576379624423982,21.754179199454786,22.104372707424165,21.94645821791649,22.474071649131776,22.915199664649965,22.937809971389772,22.624325123844148
2019-04-29 02:15:00+00:00,2019-04-29 02:30:00+00:00,23.60269,736.0,22.892191,23.351892508283616,23.889654941574097,22.819770760551453,23.352155275360108,22.923607922807694,23.611429698482514,24.21549458028412,24.139650053993225,23.66008240701294
2019-04-29 02:30:00+00:00,2019-04-29 02:45:00+00:00,24.900311,799.0,23.60269,23.760656211438178,24.519777733745574,23.367661047639846,23.923471618356704,23.140731800260543,24.01019953555107,24.87687792247772,24.70673300689697,24.191669721069335
2019-04-29 02:45:00+00:00,2019-04-29 03:00:00+00:00,26.215,840.0,24.900311,24.417253232847212,25.389558292280196,24.266119486938475,24.614397681604384,23.72755468572235,24.794888510654925,25.566596455226897,25.64014596427536,25.31690514768219
2019-04-29 03:00:00+00:00,2019-04-29 03:15:00+00:00,26.624059999999997,830.0,26.215,25.431841459274292,26.362383093833923,25.293973531723022,26.100792769491672,25.29875507593155,26.617724415063858,27.206459906101227,27.037351217269897,26.415708344578743
2019-04-29 03:15:00+00:00,2019-04-29 03:30:00+00:00,26.488001,848.0,26.624059999999997,25.113325918731686,26.164913381156918,25.197959865150448,25.866011704025265,25.270897234497067,26.455315629658696,26.812056536493298,27.113292927560803,26.69326693069696
2019-04-29 03:30:00+00:00,2019-04-29 03:45:00+00:00,24.219561,785.0,26.488001,24.975386869026185,25.91784615428543,24.93973053605652,25.48062349469757,25.132018577171326,26.064738254858018,26.32280890257454,26.92497990639305,26.428199607742787
2019-04-29 03:45:00+00:00,2019-04-29 04:00:00+00:00,23.170879,709.0,24.219561,23.480454702507018,23.874795724283217,23.202556748519896,23.31673933995819,23.32643743289566,23.977948491106986,24.34426443708992,24.889446277748107,23.99974532855606
2019-04-29 04:00:00+00:00,2019-04-29 04:15:00+00:00,23.323999,720.0,23.170879,23.13850504638934,23.208646864763736,22.54773467140579,23.178720479964554,23.26358853387022,24.016478114894866,24.434435361198425,24.52260040598297,22.787626558116912
2019-04-29 04:15:00+00:00,2019-04-29 04:30:00+00:00,27.836809,899.0,23.323999,22.367688370155335,23.020765257286072,22.37377370636368,23.052011174367905,23.01770560185814,23.907331240581513,24.159986448692322,24.572068524765015,22.843872440265656
2019-04-29 04:30:00+00:00,2019-04-29 04:45:00+00:00,23.95838,781.0,27.836809,24.649033864959716,26.4795171823349,24.97671969793701,26.233028611167907,25.935954412445067,26.898358127101897,26.714842876419066,28.005140578373908,27.22445513866806
2019-04-29 04:45:00+00:00,2019-04-29 05:00:00+00:00,26.578119,836.0,23.95838,22.474517957572935,22.933783785705565,22.494896070365904,22.93803896129608,22.991282240753172,23.649483905439375,23.911497933124302,24.554679827098845,23.300483123664854
2019-04-29 05:00:00+00:00,2019-04-29 05:15:00+00:00,26.56938,838.0,26.578119,23.962395151657105,25.268524130386353,24.187405308288575,25.276963194412232,25.485683401626588,25.976771732372285,25.74323769430542,26.907459130090714,25.74503739694977
2019-04-29 05:15:00+00:00,2019-04-29 05:30:00+00:00,25.80069,809.0,26.56938,24.231538966064452,25.22854359424591,24.501055434112548,25.35091896331787,25.275359466438292,25.98550857580185,25.929528787498473,26.939271375303267,25.66589106595993
2019-04-29 05:30:00+00:00,2019-04-29 05:45:00+00:00,24.328939,756.0,25.80069,23.578069989624023,24.40245920890808,23.804112021865844,24.542140667381286,24.69552332633972,25.253910784664154,25.0080332803154,25.979665611925125,24.719499294700622
2019-04-29 05:45:00+00:00,2019-04-29 06:00:00+00:00,23.988119,731.0,24.328939,22.400967398513792,22.86062339865112,22.34763948046112,23.012016812194823,23.1563235911026,23.730850497116087,23.486715355743407,24.437743173767565,23.1452072056427
2019-04-29 06:00:00+00:00,2019-04-29 06:15:00+00:00,22.693119,675.0,23.988119,22.303351396125795,22.730862611335755,22.179654472869874,22.883923524421693,22.7621428904953,23.337068491977693,23.12935447077179,24.080022626918794,22.69346570352936
2019-04-29 06:15:00+00:00,2019-04-29 06:30:00+00:00,21.689939000000003,660.0,22.693119,21.039388726753234,21.39960117201233,21.064516137641906,21.71291698078537,21.595075796646118,22.160437713665008,21.871867667240142,22.655043489587545,21.32693965296173
2019-04-29 06:30:00+00:00,2019-04-29 06:45:00+00:00,20.383129,617.0,21.689939000000003,20.08483944116974,20.31815037905121,19.84725926100159,20.795850374092105,20.37937650858307,21.149459995616915,20.779628791202548,21.422222115386965,20.206492044319155
2019-04-29 06:45:00+00:00,2019-04-29 07:00:00+00:00,19.15769,578.0,20.383129,18.415873646072388,18.722799300483704,18.410696505836487,19.141961216262818,18.902544378570557,19.77565056019211,19.23988187246704,19.97976863317871,18.936402797035218
2019-04-29 07:00:00+00:00,2019-04-29 07:15:00+00:00,17.779131,530.0,19.15769,18.083528470458983,17.983539056243895,17.778585266532897,18.045605968894957,17.50800270980835,18.313817870082854,18.088382195892333,18.690923255147933,17.708770107688903
2019-04-29 07:15:00+00:00,2019-04-29 07:30:00+00:00,16.09606,467.0,17.779131,16.20465451951599,16.346774404006958,16.161432330566406,16.54613620515442,16.156034414726257,16.930988554912567,16.503118102508544,17.103102450328826,16.30231112714386
2019-04-29 07:30:00+00:00,2019-04-29 07:45:00+00:00,14.62125,421.0,16.09606,14.300544701156618,14.531319103775026,14.308628163871767,14.920614681777955,14.241554341850282,15.280710540351869,14.919425092277528,15.335455737648012,14.709125242767335
2019-04-29 07:45:00+00:00,2019-04-29 08:00:00+00:00,13.24006,386.0,14.62125,13.70506736278534,13.697875287532806,13.357146229743957,14.202162381410599,13.641331400871277,14.608119752407074,13.801315870285034,14.342090036869049,13.170381870269775
2019-04-29 08:00:00+00:00,2019-04-29 08:15:00+00:00,11.61584,334.0,13.24006,11.633988408622741,12.01341238456726,11.67356625038147,12.097974090156555,11.389140157279968,12.105354814109802,11.707954792556762,12.454627482471466,11.814718513069153
2019-04-29 08:15:00+00:00,2019-04-29 08:30:00+00:00,10.02531,288.0,11.61584,10.654969197597504,10.732321363773346,10.289003771629334,10.841825050201416,9.900730055656433,10.868708175506592,10.330712121810913,10.966552656974793,10.274469655838013
2019-04-29 08:30:00+00:00,2019-04-29 08:45:00+00:00,7.924438,233.0,10.02531,8.970697363433837,9.22671379667282,8.800002773818969,9.429117938098907,8.555392941055297,9.482239445266723,8.971766551551818,9.37059875350952,8.766461690483093
2019-04-29 08:45:00+00:00,2019-04-29 09:00:00+00:00,4.749937999999999,145.0,7.924438,6.696146607673645,7.182492494857788,6.886722564971924,7.419067204273224,6.785782337463379,7.660884738243103,6.998686015880585,7.385640621459961,6.7649008038406375
2019-04-29 09:00:00+00:00,2019-04-29 09:15:00+00:00,4.1610629999999995,118.0,4.749937999999999,3.6866702921752923,4.421542692935943,4.3423800654773705,4.026043344295501,3.5593320019607537,4.110180307186126,3.7357692606811517,4.3434390313987725,3.775277007377624
2019-04-29 09:15:00+00:00,2019-04-29 09:30:00+00:00,3.7765,105.0,4.1610629999999995,2.9382887328033442,3.976324915326118,3.711504056489944,3.50062929037857,3.2807847702865596,3.704596712625503,3.360377713478088,3.958087175524711,3.3941883886222834
2019-04-29 09:30:00+00:00,2019-04-29 09:45:00+00:00,3.466914,98.0,3.7765,2.478301300048828,3.620131863594055,3.240388704776764,3.072640432357788,3.1841342582702636,3.366352213859558,3.0857731833457946,3.616279406785965,3.2251998319625854
2019-04-29 09:45:00+00:00,2019-04-29 10:00:00+00:00,2.579336,74.0,3.466914,2.457281889404297,3.4368674960091115,2.9490144271507264,2.8660204429283143,2.9943562764778138,3.1696142274990082,2.995681228126526,3.3660931605949402,3.063930751766205
2019-04-29 10:00:00+00:00,2019-04-29 10:15:00+00:00,2.043234,60.0,2.579336,1.7027053957328797,2.6326732834324837,2.2093254750118256,1.7435798769340516,1.8880152826652528,1.6118668442115784,1.8867538695678712,2.2303080087051392,2.43801177791214
2019-04-29 10:15:00+00:00,2019-04-29 10:30:00+00:00,1.131184,34.0,2.043234,1.247879812511444,2.133947769197464,1.8019567672338486,1.1857807729568481,1.5273617599334717,1.229479620250702,1.30126143434906,1.7658344898548126,2.0646894499834776
2019-04-29 10:30:00+00:00,2019-04-29 10:45:00+00:00,0.577062,17.0,1.131184,0.42582936905288693,1.2697940351810455,1.0562972532954216,0.32598938368225094,0.7769052567329406,0.586840886100769,0.42929567716979977,1.0788228432085514,1.2553683104362487
2019-04-29 10:45:00+00:00,2019-04-29 11:00:00+00:00,0.079794,3.0,0.577062,0.08848141547393795,0.8260415386791229,0.6172964688773155,0.0,0.3409946602220535,0.2898491513366699,0.0,0.6453060027594566,0.7904006582136154
2019-04-29 11:00:00+00:00,2019-04-29 11:15:00+00:00,0.0,0.0,0.079794,0.0,0.450619469493866,0.19959299555444718,0.0,0.0,0.0,0.0,0.13070053151273728,0.3878007038536072
2019-04-29 11:15:00+00:00,2019-04-29 11:30:00+00:00,0.0,0.0,0.0,0.0,0.3534654378890991,0.1281406283378601,0.0,0.0,0.0,0.0,0.0681166797876358,0.35479289293289185
2019-04-29 11:30:00+00:00,2019-04-29 11:45:00+00:00,0.018071,0.0,0.0,0.0,0.3185550272464752,0.07208302617073059,0.0,0.0,0.0,0.0,0.05381319671869278,0.3941361904144287
2019-04-29 11:45:00+00:00,2019-04-29 12:00:00+00:00,0.0,0.0,0.018071,0.0,0.3057553214035034,0.024921647740066052,0.0,0.0,0.0,0.0,0.08637053193664551,0.4182443660697937
2019-04-29 12:00:00+00:00,2019-04-29 12:15:00+00:00,0.005063,0.0,0.0,0.0,0.2860875725746155,0.04503336921334267,0.0,0.0,0.0,0.0,0.164116770029068,0.4281875193119049
2019-04-29 12:15:00+00:00,2019-04-29 12:30:00+00:00,0.005036,0.0,0.005063,0.0,0.26085540918159483,0.031161253205418585,0.0,0.0,0.0,0.0,0.17650296059894563,0.44038272169876097
2019-04-29 12:30:00+00:00,2019-04-29 12:45:00+00:00,0.01504,0.0,0.005036,0.0,0.2321945911512375,0.0,0.0,0.0,0.0,0.0,0.16569717584705354,0.43560985087013243
2019-04-29 12:45:00+00:00,2019-04-29 13:00:00+00:00,0.0,0.0,0.01504,0.0,0.23722221426010132,0.016100600276105104,0.0,0.0,0.0,0.0,0.178459172167778,0.4560989337348938
2019-04-29 13:00:00+00:00,2019-04-29 13:15:00+00:00,0.0,0.0,0.0,0.0,0.22055236995220184,0.0,0.0,0.0,0.0,0.0,0.20058496296405792,0.46077513694763184
2019-04-29 13:15:00+00:00,2019-04-29 13:30:00+00:00,0.0,0.0,0.0,0.0,0.24222879111766815,0.0,0.0,0.0,0.0,0.0,0.1685163378715515,0.4852924942970276
2019-04-29 13:30:00+00:00,2019-04-29 13:45:00+00:00,0.0,0.0,0.0,0.0,0.27084288001060486,0.0,0.0,0.0,0.0,0.0,0.1489284485578537,0.48857182264328003
2019-04-29 13:45:00+00:00,2019-04-29 14:00:00+00:00,0.0,0.0,0.0,0.0,0.2827616333961487,0.0,0.0,0.0,0.0,0.0,0.14514698088169098,0.4985913932323456
2019-04-29 14:00:00+00:00,2019-04-29 14:15:00+00:00,0.0,0.0,0.0,0.0,0.27433061599731445,0.0,0.0,0.0,0.0,0.0,0.14636312425136566,0.4731019139289856
2019-04-29 14:15:00+00:00,2019-04-29 14:30:00+00:00,0.0,0.0,0.0,0.0,0.25002211332321167,0.0,0.0,0.0,0.0,0.0,0.1718248724937439,0.49144625663757324
2019-04-29 14:30:00+00:00,2019-04-29 14:45:00+00:00,0.0,0.0,0.0,0.0,0.3218620717525482,0.0,0.0,0.0,0.0,0.0,0.19422684609889984,0.5331423282623291
2019-04-29 14:45:00+00:00,2019-04-29 15:00:00+00:00,0.0,0.0,0.0,0.0,0.30264464020729065,0.0,0.0,0.0,0.0,0.0,0.11667380481958389,0.5218794345855713
2019-04-29 15:00:00+00:00,2019-04-29 15:15:00+00:00,0.0,0.0,0.0,0.0,0.3448539674282074,0.0,0.0,0.0,0.0,0.0,0.18575051426887512,0.5556840896606445
2019-04-29 15:15:00+00:00,2019-04-29 15:30:00+00:00,0.0,0.0,0.0,0.0,0.34425896406173706,0.0,0.0,0.0,0.0,0.0,0.21776269376277924,0.5650399327278137
2019-04-29 15:30:00+00:00,2019-04-29 15:45:00+00:00,0.0,0.0,0.0,0.0,0.35113370418548584,0.075438492000103,0.0,0.0,0.0,0.0,0.21017460525035858,0.5701969265937805
2019-04-29 15:45:00+00:00,2019-04-29 16:00:00+00:00,0.0,0.0,0.0,0.0,0.3483656942844391,0.12344983220100403,0.0,0.0,0.0,0.0,0.2136174738407135,0.5757194757461548
2019-04-29 16:00:00+00:00,2019-04-29 16:15:00+00:00,0.0,0.0,0.0,0.0,0.29738056659698486,0.08844918757677078,0.0,0.0,0.0,0.0,0.22145070135593414,0.5470530390739441
2019-04-29 16:15:00+00:00,2019-04-29 16:30:00+00:00,0.0,0.0,0.0,0.0,0.26567476987838745,0.12922203540802002,0.0,0.0,0.0,0.0,0.22639311850070953,0.5561262369155884
2019-04-29 16:30:00+00:00,2019-04-29 16:45:00+00:00,0.0,0.0,0.0,0.0,0.22846068441867828,0.1256214827299118,0.0,0.0,0.0,0.0,0.20404833555221558,0.5611029863357544
2019-04-29 16:45:00+00:00,2019-04-29 17:00:00+00:00,0.0,0.0,0.0,0.0,0.2103262096643448,0.1262868046760559,0.0,0.0,0.0,0.0,0.2005147486925125,0.5763624310493469
2019-04-29 17:00:00+00:00,2019-04-29 17:15:00+00:00,0.0,0.0,0.0,0.0,0.2119743376970291,0.1647869050502777,0.0,0.0,0.0,0.0,0.26246848702430725,0.5823174118995667
2019-04-29 17:15:00+00:00,2019-04-29 17:30:00+00:00,0.0,0.0,0.0,0.0,0.1990756392478943,0.18708716332912445,0.0,0.0,0.0,0.0,0.27554523944854736,0.5815757513046265
2019-04-29 17:30:00+00:00,2019-04-29 17:45:00+00:00,0.0,0.0,0.0,0.0,0.26346254348754883,0.11763127893209457,0.0,0.0,0.0,0.0,0.19551394879817963,0.6083354949951172
2019-04-29 17:45:00+00:00,2019-04-29 18:00:00+00:00,0.0,0.0,0.0,0.0,0.20950250327587128,0.07604671269655228,0.0,0.0,0.0,0.0,0.17107337713241577,0.617737352848053
2019-04-29 18:00:00+00:00,2019-04-29 18:15:00+00:00,0.0,0.0,0.0,0.0,0.29434847831726074,0.10158012062311172,0.0,0.0,0.0,0.0,0.18947219848632812,0.6382403373718262
2019-04-29 18:15:00+00:00,2019-04-29 18:30:00+00:00,0.0,0.0,0.0,0.0,0.3144848048686981,0.10317903012037277,0.0,0.0,0.0,0.0,0.1688317358493805,0.6570971012115479
2019-04-29 18:30:00+00:00,2019-04-29 18:45:00+00:00,0.0,0.0,0.0,0.0,0.33689412474632263,0.15507391095161438,0.0,0.0,0.1093209758400917,0.0,0.1898687481880188,0.6809231042861938
2019-04-29 18:45:00+00:00,2019-04-29 19:00:00+00:00,0.0,0.0,0.0,0.0,0.26404643058776855,0.1722414791584015,0.0,0.0,0.175601989030838,0.0,0.2161606252193451,0.6430945992469788
2019-04-29 19:00:00+00:00,2019-04-29 19:15:00+00:00,0.0,0.0,0.0,0.0,0.30500441789627075,0.26332923769950867,0.0,0.0,0.2683103382587433,0.0,0.28967276215553284,0.6648277044296265
2019-04-29 19:15:00+00:00,2019-04-29 19:30:00+00:00,0.0,0.0,0.0,0.0,0.35457685589790344,0.26199105381965637,0.0,0.0,0.2160091996192932,0.0,0.239898681640625,0.7166460752487183
2019-04-29 19:30:00+00:00,2019-04-29 19:45:00+00:00,0.0,0.0,0.0,0.0,0.3191264867782593,0.24386583268642426,0.0,0.0,0.18492868542671204,0.0,0.18587030470371246,0.7223830819129944
2019-04-29 19:45:00+00:00,2019-04-29 20:00:00+00:00,0.0,0.0,0.0,0.0,0.36057156324386597,0.28537237644195557,0.0748521015048027,0.0035351295955479145,0.29414185881614685,0.0,0.17920422554016113,0.7964715957641602
2019-04-29 20:00:00+00:00,2019-04-29 20:15:00+00:00,0.0,0.0,0.0,0.03538145497441292,0.36115339398384094,0.31522175669670105,0.12522752583026886,0.005059837829321623,0.2894049286842346,0.0,0.15903928875923157,0.8039463758468628
2019-04-29 20:15:00+00:00,2019-04-29 20:30:00+00:00,0.0,0.0,0.0,0.07015550881624222,0.3698365092277527,0.35822248458862305,0.1550409346818924,0.012431200593709946,0.3465692698955536,0.0,0.1382349133491516,0.825437605381012
2019-04-29 20:30:00+00:00,2019-04-29 20:45:00+00:00,0.0,0.0,0.0,0.09832347929477692,0.37393736839294434,0.4155742824077606,0.17967815697193146,0.03503106161952019,0.3944133222103119,0.0,0.14510314166545868,0.8479635119438171
2019-04-29 20:45:00+00:00,2019-04-29 21:00:00+00:00,0.0,0.0,0.0,0.1256772130727768,0.38236895203590393,0.4852256178855896,0.20518536865711212,0.03816778212785721,0.44358715415000916,0.0,0.22512899339199066,0.8540464043617249
2019-04-29 21:00:00+00:00,2019-04-29 21:15:00+00:00,0.0,0.0,0.0,0.14096377789974213,0.424947053194046,0.5464650392532349,0.23629190027713776,0.04489829018712044,0.465699166059494,0.0,0.31933051347732544,0.8592086434364319
2019-04-29 21:15:00+00:00,2019-04-29 21:30:00+00:00,0.0,0.0,0.0,0.22668343782424927,0.5101121664047241,0.6454477310180664,0.33830103278160095,0.13053268194198608,0.5720081329345703,0.0,0.462738037109375,0.8935176730155945
2019-04-29 21:30:00+00:00,2019-04-29 21:45:00+00:00,0.165016,8.0,0.0,0.3452205955982208,0.5055422186851501,0.7211490273475647,0.3624384105205536,0.19824853539466858,0.6809858083724976,0.0,0.39150819182395935,0.9346293210983276
2019-04-29 21:45:00+00:00,2019-04-29 22:00:00+00:00,0.925203,32.0,0.165016,0.641721938577652,0.6883258864555359,0.987248723236084,0.5258718177947999,0.4555556223068237,0.9981489822540284,0.11701390224432945,0.5781522736225129,1.1255972430381775
2019-04-29 22:00:00+00:00,2019-04-29 22:15:00+00:00,2.0472810000000004,70.0,0.925203,1.5538260683326721,1.518728230884552,1.83519474118042,1.3417230889110565,1.3729406341819763,1.9495370730667114,0.933776773317039,1.4245819196014404,1.941763673713684
2019-04-29 22:15:00+00:00,2019-04-29 22:30:00+00:00,2.0047349999999997,68.0,2.0472810000000004,2.8898994654235843,2.7554084986267093,3.141191098075867,2.548303517681122,2.572204622608185,3.240840527397156,2.1186241239128116,2.646692725997925,3.1240753859100345
2019-04-29 22:30:00+00:00,2019-04-29 22:45:00+00:00,2.701453,88.0,2.0047349999999997,2.9673754643058774,2.821038968429565,3.2145502637481687,2.5900502871131894,2.5566070149993894,3.155076510772705,2.0705056186175343,2.6150144408798215,3.148041493759155
2019-04-29 22:45:00+00:00,2019-04-29 23:00:00+00:00,3.397078,124.0,2.701453,3.844891935279846,3.809815317085266,4.086523562362671,3.564633935382843,3.3224913176803588,4.003392249038696,2.957012891462326,3.555263429573059,3.9178937968521117
2019-04-29 23:00:00+00:00,2019-04-29 23:15:00+00:00,4.461297,160.0,3.397078,4.694308124473572,4.707383833816529,4.9901566132812505,4.540851198127747,4.165951631954194,5.0306852683334355,4.0320713147430425,4.371138535430909,4.702059112480164
2019-04-29 23:15:00+00:00,2019-04-29 23:30:00+00:00,5.168844,218.0,4.461297,5.977157915184021,6.002016747543335,6.323461855003357,5.854542220184326,5.42044200951767,6.396116579124451,5.3901458030433655,5.622922266075134,5.865870678970337
2019-04-29 23:30:00+00:00,2019-04-29 23:45:00+00:00,7.258781,291.0,5.168844,6.783976451057434,6.819088116783142,7.128612533706665,6.5877376948776245,6.070426300662994,7.133532658714294,6.079877391952515,6.365592733520508,6.624461427825928
2019-04-29 23:45:00+00:00,2019-04-30 00:00:00+00:00,9.307813,369.0,7.258781,8.974488302093505,8.964035554748534,9.19368819795227,8.632575436454772,8.12167458139038,9.157876892906188,8.090236707550048,8.500782056671142,8.794469519477843
2019-04-30 00:00:00+00:00,2019-04-30 00:15:00+00:00,11.14553,441.0,9.307813,11.246997546470642,11.11627120903778,11.231329869544982,11.328050922668456,10.970306705749511,12.07161219052124,10.864424657142639,11.085233043945312,11.001299094474792
2019-04-30 00:15:00+00:00,2019-04-30 00:30:00+00:00,12.6,497.0,11.14553,13.102771773605348,12.991953506736756,13.05685164001465,13.278546586303712,12.91923595932007,13.907393708496095,12.879635706214906,13.143819585113526,12.861074104576112
2019-04-30 00:30:00+00:00,2019-04-30 00:45:00+00:00,13.78628,530.0,12.6,14.637564992904663,14.513439750671386,14.595625495910644,14.758158302307129,14.28377125263214,15.30281457901001,14.377863144874572,14.686983442306518,14.287755823135376
2019-04-30 00:45:00+00:00,2019-04-30 01:00:00+00:00,17.834249,595.0,13.78628,16.070901000289915,15.818429076461792,15.998010480194091,15.958042466430664,15.453566992073059,16.506514632492063,15.61318441608429,15.887057387619018,15.443673336296081
2019-04-30 01:00:00+00:00,2019-04-30 01:15:00+00:00,19.1415,636.0,17.834249,19.98828862135315,19.79566429083252,19.77885244314575,20.36487029020691,19.969041804718017,21.221706370758056,20.332039813446045,20.061327676223755,19.325851063179016
2019-04-30 01:15:00+00:00,2019-04-30 01:30:00+00:00,20.986441,668.0,19.1415,21.143335823059083,21.007805828094483,20.874921921730042,21.3702175655365,21.398440841674805,22.355808738708497,21.428916696548463,21.199652437210084,20.295698050498963
2019-04-30 01:30:00+00:00,2019-04-30 01:45:00+00:00,22.56625,709.0,20.986441,22.451882465377807,22.473425491348266,22.19176541139221,22.70694981385803,22.245730264678954,23.52156267930603,22.6296055154953,22.373624427810668,21.9279852943573
2019-04-30 01:45:00+00:00,2019-04-30 02:00:00+00:00,24.00913,755.0,22.56625,23.356212112903595,23.752963814735413,23.140531811714173,23.853249583244324,23.188747975826264,24.595840845108032,23.441860888004303,23.49547830581665,23.312133762836456
2019-04-30 02:00:00+00:00,2019-04-30 02:15:00+00:00,25.97963,805.0,24.00913,24.849021791343688,25.181067465667724,24.517850278739928,25.747627734069823,25.476158021812438,26.66476416481018,25.65723562133789,25.028373597984313,24.493100403671264
2019-04-30 02:15:00+00:00,2019-04-30 02:30:00+00:00,27.39275,849.0,25.97963,25.48059419453621,26.60522676170349,25.38598335445404,26.843345648651123,26.600404924755097,27.814653045539856,26.43672854364395,26.33222711742401,26.207277706866265
2019-04-30 02:30:00+00:00,2019-04-30 02:45:00+00:00,29.230249,932.0,27.39275,27.460314859986305,28.182801341056823,27.27599737548828,28.02832070493698,27.90863100194931,29.319322918891906,27.606416051626205,27.61497578525543,27.38873306044936
2019-04-30 02:45:00+00:00,2019-04-30 03:00:00+00:00,30.058001,954.0,29.230249,28.739688557790757,29.644238305496216,28.801387232946396,29.19558701406622,28.695930195259095,30.34010751287842,28.508918953346253,28.714784336494446,29.013196048544884
2019-04-30 03:00:00+00:00,2019-04-30 03:15:00+00:00,31.26988,1011.0,30.058001,29.460697013450623,30.353862423015595,29.5957848909626,30.457990366531373,29.90251498253441,31.58190889985657,29.576908755613328,29.71631034047699,29.666591424060822
2019-04-30 03:15:00+00:00,2019-04-30 03:30:00+00:00,32.24725,1042.0,31.26988,30.216438952331544,31.351413879041672,30.479825738315583,30.885040435438157,30.878035816793442,32.490008536224366,30.11436802471161,30.725678029899598,30.71022093618393
2019-04-30 03:30:00+00:00,2019-04-30 03:45:00+00:00,32.65237,1059.0,32.24725,31.498542049884797,32.28729936665297,31.71934370136261,31.896758476257325,31.19762364959717,33.16879175043106,30.992629090309144,31.467901865005494,31.52155033683777
2019-04-30 03:45:00+00:00,2019-04-30 04:00:00+00:00,33.820499,1091.0,32.65237,31.13961544048309,32.35207732927322,31.574375176544187,31.325222277755735,31.35042300235748,32.93122341644287,30.28095200073242,31.493445181961057,31.75639554273605
2019-04-30 04:00:00+00:00,2019-04-30 04:15:00+00:00,34.477631,1119.0,33.820499,32.65737300817871,33.480196383642195,32.997176405834196,32.74641543333435,32.71237855856323,34.3772160381546,31.737272319244383,32.76252323095703,32.7876141638031
2019-04-30 04:15:00+00:00,2019-04-30 04:30:00+00:00,33.98238,1098.0,34.477631,32.75097360940552,33.795570043045046,33.184496906715395,32.57466473908997,33.277761009651186,34.37971982838488,31.642435935455325,33.06880989404297,33.30295136304474
2019-04-30 04:30:00+00:00,2019-04-30 04:45:00+00:00,33.437248,1067.0,33.98238,32.63009020412445,33.290092852954864,32.89358076179504,32.021814909820556,32.65117165172577,33.73971636319637,31.093395558242797,32.65343412483215,32.691999760513305
2019-04-30 04:45:00+00:00,2019-04-30 05:00:00+00:00,33.306,1049.0,33.437248,31.971323856208798,32.66302157292175,32.450346835945126,31.682429322097775,31.561447151992795,33.03192878613281,30.58033443341064,32.00654388317871,32.079890498016354
2019-04-30 05:00:00+00:00,2019-04-30 05:15:00+00:00,32.876381,1019.0,33.306,31.97637510871887,32.67392385578155,32.703952318191526,32.04743779277801,31.692681556701658,33.366333158820865,31.06073070144653,32.27612627124786,31.894098406791684
2019-04-30 05:15:00+00:00,2019-04-30 05:30:00+00:00,32.047748999999996,974.0,32.876381,30.696552833038332,31.869430740791323,31.38783713193512,31.071794231849672,31.41277440400696,32.599463154989245,30.40419538827515,31.697278698402407,31.39291139455414
2019-04-30 05:30:00+00:00,2019-04-30 05:45:00+00:00,31.50263,942.0,32.047748999999996,30.51584251444244,31.157237725662227,31.070992546485897,30.849870162414547,30.40033491175079,32.1429801605215,30.53814156572723,31.006181316780086,30.52284558336639
2019-04-30 05:45:00+00:00,2019-04-30 06:00:00+00:00,30.49725,899.0,31.50263,29.33594823348999,30.40121388900757,30.004306321029663,30.116873626594543,29.886617307548523,31.352365364317894,29.95202887523651,30.32092261779785,29.91985071170807
2019-04-30 06:00:00+00:00,2019-04-30 06:15:00+00:00,29.589879999999997,858.0,30.49725,27.947661081314088,29.146029392242433,28.54913274383545,28.562236228942872,28.873527446746827,30.08895824289322,28.46689502334595,29.091044345855714,28.85236100292206
2019-04-30 06:15:00+00:00,2019-04-30 06:30:00+00:00,28.282631,810.0,29.589879999999997,27.304136048202512,28.171860824470517,27.61576331699371,27.455617199783322,28.21451617324829,29.091283301954267,27.578360329513547,28.25912953460693,27.8798596962738
2019-04-30 06:30:00+00:00,2019-04-30 06:45:00+00:00,27.223000000000003,769.0,28.282631,26.20210917802429,26.856484611946104,26.595331390815733,26.558964212852477,26.496644934135436,27.895760287958144,26.553418715911864,26.79663177342987,26.557306130844115
2019-04-30 06:45:00+00:00,2019-04-30 07:00:00+00:00,26.14325,733.0,27.223000000000003,25.357414315223696,26.230026970386508,26.195120285034182,26.584633837223056,25.455682108879092,27.39873690414429,26.601386259078982,26.176231334686282,25.483187149047854
2019-04-30 07:00:00+00:00,2019-04-30 07:15:00+00:00,24.54681,690.0,26.14325,23.246944677352904,24.68341029834747,24.036968242645262,24.442723643302916,24.59589446735382,25.62638707113266,24.535468470573424,24.95600188922882,24.360096108436583
2019-04-30 07:15:00+00:00,2019-04-30 07:30:00+00:00,22.92238,644.0,24.54681,21.800702660140992,23.011082141456605,22.32135710006714,22.957572190818787,22.714037029800416,24.040421454963685,23.244294970092774,23.24076899772644,22.74532076602936
2019-04-30 07:30:00+00:00,2019-04-30 07:45:00+00:00,21.238001,598.0,22.92238,20.26527312362671,21.692051082496643,20.96638646686554,21.878693014030457,21.12962928379059,22.738307609801293,21.9328301247406,21.857483058815003,21.107264548187256
2019-04-30 07:45:00+00:00,2019-04-30 08:00:00+00:00,19.31431,539.0,21.238001,17.6983338704834,19.649684797836304,18.488406311584473,19.76329935700989,19.762188922477723,20.954780112815858,20.02465439946747,20.311988185955048,19.418602954460145
2019-04-30 08:00:00+00:00,2019-04-30 08:15:00+00:00,17.428248999999997,482.0,19.31431,16.068119213638305,17.70570974117279,16.485605404434203,17.321469948348998,17.064469978866576,18.256686613616942,17.474005625305175,17.849101946411132,17.46594719654083
2019-04-30 08:15:00+00:00,2019-04-30 08:30:00+00:00,15.43194,417.0,17.428248999999997,14.2818912252655,15.79121100752258,14.430825351165769,15.434794543670652,15.483449815200803,16.404411791252134,15.736074803756711,16.116498230384824,15.60784840433502
2019-04-30 08:30:00+00:00,2019-04-30 08:45:00+00:00,13.27506,352.0,15.43194,12.583911578598023,13.9680545734787,12.711109321060182,14.031978409233094,13.41713253730774,14.669005970897675,14.226856152954102,14.196904222908021,13.665780346336366
2019-04-30 08:45:00+00:00,2019-04-30 09:00:00+00:00,10.99591,282.0,13.27506,10.05917602973938,11.735338391838074,10.250968279418945,11.955780448493957,11.726096214828491,12.598430337486267,12.173591913757324,12.331794681129455,11.561510028419494
2019-04-30 09:00:00+00:00,2019-04-30 09:15:00+00:00,8.832251,219.0,10.99591,8.838796209487915,9.972988914642334,8.920838188323975,10.000902842674256,8.599053930435181,10.12902505317688,10.071902703437805,9.807737182769776,9.373133372459412
2019-04-30 09:15:00+00:00,2019-04-30 09:30:00+00:00,6.5144839999999995,171.0,8.832251,6.692414211822509,7.9542846556434625,6.468293594909667,7.617379951072692,7.695971297813415,8.129261779380798,8.071661579204559,8.32642857987976,7.2063919778594965
2019-04-30 09:30:00+00:00,2019-04-30 09:45:00+00:00,4.525062999999999,106.0,6.5144839999999995,5.090632986816406,5.813220095428466,5.090752315315246,5.938316595348358,4.276190590652465,5.9807578442420954,6.276418325098991,5.866036188396453,5.05324907282257
2019-04-30 09:45:00+00:00,2019-04-30 10:00:00+00:00,2.797703,74.0,4.525062999999999,3.0399845459823602,3.661806009090423,2.757657966888427,4.0312632241611475,3.4038915255432123,4.437205544984817,4.632051586485385,4.235904536521911,3.2202002623443597
2019-04-30 10:00:00+00:00,2019-04-30 10:15:00+00:00,1.683555,65.0,2.797703,2.0332483968048094,2.186154099395752,1.5870517215042113,2.3308686038761137,0.8590932807235716,2.3603313288002012,2.8733424416093825,2.333238842180252,1.7030758580474852
2019-04-30 10:15:00+00:00,2019-04-30 10:30:00+00:00,1.045187,42.0,1.683555,1.121947162322998,1.107064418964386,0.5866717030334472,1.2940618027973174,0.08470176952362052,1.258981310300827,1.8000056822824477,1.3002993990707397,0.769413404636383
2019-04-30 10:30:00+00:00,2019-04-30 10:45:00+00:00,0.5703090000000001,21.0,1.045187,0.4685805475349427,0.4644301569099427,0.017766956054687588,0.6720948254699708,0.0,0.7106019591922761,1.1561082711453439,0.8075336551303864,0.3074598943824769
2019-04-30 10:45:00+00:00,2019-04-30 11:00:00+00:00,0.199216,5.0,0.5703090000000001,0.09962450145149238,0.13342924593353278,0.0,0.29256032584571845,0.0,0.46037193565034873,0.687001490875721,0.5494712385382653,0.0
2019-04-30 11:00:00+00:00,2019-04-30 11:15:00+00:00,0.0,0.0,0.199216,0.0,0.0,0.0,0.0,0.0,0.0,0.22210216076111794,0.21997447052037716,0.0
2019-04-30 11:15:00+00:00,2019-04-30 11:30:00+00:00,0.0,0.0,0.0,0.0,0.0,0.0,0.0,0.0,0.0,0.0,0.0018261345103383064,0.0
2019-04-30 11:30:00+00:00,2019-04-30 11:45:00+00:00,0.0,0.0,0.0,0.0,0.0,0.0,0.0,0.0,0.0,0.0,0.06403878331184387,0.0
2019-04-30 11:45:00+00:00,2019-04-30 12:00:00+00:00,0.0,0.0,0.0,0.0,0.07557688653469086,0.0,0.0,0.0,0.0,0.0,0.11997808516025543,0.0
2019-04-30 12:00:00+00:00,2019-04-30 12:15:00+00:00,0.0,0.0,0.0,0.0,0.13618376851081848,0.0,0.0,0.0,0.0,0.0,0.10091031342744827,0.0
2019-04-30 12:15:00+00:00,2019-04-30 12:30:00+00:00,0.0,0.0,0.0,0.0,0.17686758935451508,0.0,0.0,0.0,0.0,0.0,0.1138310506939888,0.036255087703466415
2019-04-30 12:30:00+00:00,2019-04-30 12:45:00+00:00,0.0,0.0,0.0,0.0,0.2077564299106598,0.0,0.0,0.0,0.009474772028625011,0.0,0.20997075736522675,0.024015499278903008
2019-04-30 12:45:00+00:00,2019-04-30 13:00:00+00:00,0.0,0.0,0.0,0.0,0.24067379534244537,0.0,0.0,0.0,0.0,0.0,0.1940048635005951,0.04794013127684593
2019-04-30 13:00:00+00:00,2019-04-30 13:15:00+00:00,0.0,0.0,0.0,0.0,0.2485780566930771,0.035529542714357376,0.06179242208600044,0.0,0.0,0.0,0.19339005649089813,0.04866107180714607
2019-04-30 13:15:00+00:00,2019-04-30 13:30:00+00:00,0.0,0.0,0.0,0.0,0.24517732858657837,0.017112942412495613,0.0747969001531601,0.0,0.0,0.0,0.15960252285003662,0.06744290143251419
2019-04-30 13:30:00+00:00,2019-04-30 13:45:00+00:00,0.0,0.0,0.0,0.0,0.26110735535621643,0.0,0.0,0.0,0.04460959509015083,0.0,0.2204681783914566,0.016267875209450722
2019-04-30 13:45:00+00:00,2019-04-30 14:00:00+00:00,0.0,0.0,0.0,0.0,0.2784266769886017,0.021573960781097412,0.020184343680739403,0.0,0.0,0.0,0.16059128940105438,0.06754647195339203
2019-04-30 14:00:00+00:00,2019-04-30 14:15:00+00:00,0.0,0.0,0.0,0.0,0.2948518395423889,0.00580598646774888,0.0,0.0,0.0,0.0,0.06993938982486725,0.08748332411050797
2019-04-30 14:15:00+00:00,2019-04-30 14:30:00+00:00,0.0,0.0,0.0,0.0,0.30164405703544617,0.0,0.0,0.0,0.0,0.0,0.017613619565963745,0.09887589514255524
2019-04-30 14:30:00+00:00,2019-04-30 14:45:00+00:00,0.0,0.0,0.0,0.0,0.314517080783844,0.0,0.0,0.0,0.0,0.0,0.011733944527804852,0.10138396173715591
2019-04-30 14:45:00+00:00,2019-04-30 15:00:00+00:00,0.0,0.0,0.0,0.0,0.3111352026462555,0.0,0.0,0.0,0.0,0.0,0.0,0.10417038202285767
2019-04-30 15:00:00+00:00,2019-04-30 15:15:00+00:00,0.0,0.0,0.0,0.0,0.29459917545318604,0.0,0.0,0.0,0.0,0.0,0.0,0.09708521515130997
2019-04-30 15:15:00+00:00,2019-04-30 15:30:00+00:00,0.0,0.0,0.0,0.0,0.2833310067653656,0.0,0.0,0.0,0.0,0.0,0.0,0.0943089947104454
2019-04-30 15:30:00+00:00,2019-04-30 15:45:00+00:00,0.0,0.0,0.0,0.0,0.2813342809677124,0.0,0.0,0.0,0.0,0.0,0.0,0.09489119052886963
2019-04-30 15:45:00+00:00,2019-04-30 16:00:00+00:00,0.0,0.0,0.0,0.0,0.335415780544281,0.0,0.0,0.0,0.0,0.0,0.0,0.09799633175134659
2019-04-30 16:00:00+00:00,2019-04-30 16:15:00+00:00,0.0,0.0,0.0,0.0,0.3448227643966675,0.0,0.0,0.0,0.0,0.0,0.0,0.1101919487118721
2019-04-30 16:15:00+00:00,2019-04-30 16:30:00+00:00,0.0,0.0,0.0,0.0,0.345806747674942,0.0,0.0,0.0,0.0,0.0,0.0,0.13055135309696198
2019-04-30 16:30:00+00:00,2019-04-30 16:45:00+00:00,0.0,0.0,0.0,0.0,0.3595556914806366,0.0,0.0,0.0,0.0,0.0,0.0,0.14578889310359955
2019-04-30 16:45:00+00:00,2019-04-30 17:00:00+00:00,0.0,0.0,0.0,0.0,0.3662312924861908,0.0,0.0,0.0,0.0,0.0,0.0,0.14973364770412445
2019-04-30 17:00:00+00:00,2019-04-30 17:15:00+00:00,0.0,0.0,0.0,0.0,0.36690133810043335,0.0,0.0,0.0,0.0,0.0,0.0,0.1551348716020584
2019-04-30 17:15:00+00:00,2019-04-30 17:30:00+00:00,0.0,0.0,0.0,0.0,0.3778418004512787,0.0,0.0,0.0,0.0,0.0,0.0,0.16834020614624023
2019-04-30 17:30:00+00:00,2019-04-30 17:45:00+00:00,0.0,0.0,0.0,0.0,0.37759751081466675,0.010963833890855312,0.0,0.0,0.0,0.0,0.0,0.18224260210990906
2019-04-30 17:45:00+00:00,2019-04-30 18:00:00+00:00,0.0,0.0,0.0,0.0,0.38224926590919495,0.04897363483905792,0.0,0.0,0.0,0.0,0.0,0.19599077105522156
2019-04-30 18:00:00+00:00,2019-04-30 18:15:00+00:00,0.0,0.0,0.0,0.0,0.36911001801490784,0.07672327011823654,0.0,0.0,0.0,0.0,0.0,0.20400598645210266
2019-04-30 18:15:00+00:00,2019-04-30 18:30:00+00:00,0.0,0.0,0.0,0.0,0.36540156602859497,0.11939814686775208,0.0,0.0,0.0,0.0,0.0,0.22554628551006317
2019-04-30 18:30:00+00:00,2019-04-30 18:45:00+00:00,0.0,0.0,0.0,0.0,0.35391294956207275,0.1555263251066208,0.0,0.0,0.0,0.0,0.0,0.23876626789569855
2019-04-30 18:45:00+00:00,2019-04-30 19:00:00+00:00,0.0,0.0,0.0,0.0,0.31694933772087097,0.17708781361579895,0.0,0.0,0.01799892447888851,0.0,0.011801697313785553,0.2740634083747864
2019-04-30 19:00:00+00:00,2019-04-30 19:15:00+00:00,0.0,0.0,0.0,0.0,0.3678641617298126,0.2497606873512268,0.0,0.0,0.06948982179164886,0.0,0.05192355066537857,0.29556503891944885
2019-04-30 19:15:00+00:00,2019-04-30 19:30:00+00:00,0.0,0.0,0.0,0.008190224878489971,0.3144334554672241,0.25448235869407654,0.0,0.0,0.09084530174732208,0.05397433787584305,0.09806381911039352,0.32511889934539795
2019-04-30 19:30:00+00:00,2019-04-30 19:45:00+00:00,0.0,0.0,0.0,0.005094571504741907,0.3357641100883484,0.31170418858528137,0.0,0.0,0.13103152811527252,0.020176613703370094,0.10124990344047546,0.34577473998069763
2019-04-30 19:45:00+00:00,2019-04-30 20:00:00+00:00,0.0,0.0,0.0,0.030577760189771652,0.33610421419143677,0.3352339565753937,0.0,0.0,0.19054420292377472,0.09182003885507584,0.1560334861278534,0.37221553921699524
2019-04-30 20:00:00+00:00,2019-04-30 20:15:00+00:00,0.0,0.0,0.0,0.0475434884428978,0.33579498529434204,0.38671308755874634,0.0,0.0,0.21537840366363525,0.11343903839588165,0.14362965524196625,0.3963533937931061
2019-04-30 20:15:00+00:00,2019-04-30 20:30:00+00:00,0.0,0.0,0.0,0.10598402470350266,0.34985873103141785,0.4361340403556824,0.0,0.0,0.2637885808944702,0.23707644641399384,0.2721918523311615,0.43511369824409485
2019-04-30 20:30:00+00:00,2019-04-30 20:45:00+00:00,0.0,0.0,0.0,0.14374250173568726,0.37102556228637695,0.49445125460624695,0.0,0.0,0.3259030878543854,0.26741188764572144,0.3097693920135498,0.4662151038646698
2019-04-30 20:45:00+00:00,2019-04-30 21:00:00+00:00,0.0,0.0,0.0,0.22181765735149384,0.4182409346103668,0.5489345192909241,0.0762125700712204,0.0,0.42293938994407654,0.3137308359146118,0.3487279713153839,0.5024107694625854
2019-04-30 21:00:00+00:00,2019-04-30 21:15:00+00:00,0.0,0.0,0.0,0.28492218255996704,0.4822846055030823,0.5747466087341309,0.10354866832494736,0.011118696071207523,0.45663127303123474,0.3578605055809021,0.39811524748802185,0.5312930345535278
2019-04-30 21:15:00+00:00,2019-04-30 21:30:00+00:00,0.002239,3.0,0.0,0.3116132915019989,0.5181822776794434,0.6422445178031921,0.11412690579891205,0.0234685018658638,0.5242801308631897,0.3302769958972931,0.40687626600265503,0.5636629462242126
2019-04-30 21:30:00+00:00,2019-04-30 21:45:00+00:00,0.384549,20.0,0.002239,0.3975349179878235,0.606448303855896,0.6883446685447693,0.2361930123939514,0.147894021071434,0.6266174427642822,0.42782245198631286,0.5025297514572143,0.598372291721344
2019-04-30 21:45:00+00:00,2019-04-30 22:00:00+00:00,0.6461600000000001,41.0,0.384549,0.9272861859550476,1.0731882831802368,1.15720764610672,0.7404217204799652,0.6022575876464844,1.1507778546562195,0.896489062046051,0.9334080598106385,1.027562894557953
2019-04-30 22:00:00+00:00,2019-04-30 22:15:00+00:00,0.7502850000000001,62.0,0.6461600000000001,1.3449923330879212,1.416609459552765,1.5074121886825562,1.2070390516853333,0.9500374132728577,1.5971985990142823,1.4348401958084107,1.3244985276794434,1.3527371222114564
2019-04-30 22:15:00+00:00,2019-04-30 22:30:00+00:00,0.742643,106.0,0.7502850000000001,1.5750275556182862,1.6125730578041078,1.779433578643799,1.4337606135940553,1.1054059270954133,1.8580337468719483,1.687697202358246,1.4875122610664369,1.5327455107307435
2019-04-30 22:30:00+00:00,2019-04-30 22:45:00+00:00,0.839357,148.0,0.742643,1.764194847457886,1.749815465324402,1.9656887067489626,1.5806872857742311,1.192214043252945,1.9991961730651857,1.9086586250000002,1.5883460057907106,1.5922635210685732
2019-04-30 22:45:00+00:00,2019-04-30 23:00:00+00:00,0.823061,178.0,0.839357,2.0924746805496217,2.0305319839782716,2.2785796934432985,1.8445464187927247,1.399600308544159,2.2648201996154786,2.261811833984375,1.8311566525764467,1.7588745766944887
2019-04-30 23:00:00+00:00,2019-04-30 23:15:00+00:00,0.941938,269.0,0.823061,2.2266414271698,2.1463261948928833,2.5015776263580323,2.112684737335205,1.6976893054351807,2.613089214454651,2.620754729400635,2.0612174378738404,1.8309091435775757
2019-04-30 23:15:00+00:00,2019-04-30 23:30:00+00:00,1.025828,346.0,0.941938,2.582440333641052,2.4918094447021484,2.9072620442276,2.43694372681427,2.1426888277893066,3.0275300314788818,2.9758487513427734,2.4182521870498657,2.026160912788391
2019-04-30 23:30:00+00:00,2019-04-30 23:45:00+00:00,1.065805,357.0,1.025828,2.8592067918090818,2.7826974353103635,3.2521859368591306,2.5683175286560056,2.4199373683242795,3.2740288934020993,3.1405216416625974,2.625080343177795,2.172825809410095
2019-04-30 23:45:00+00:00,2019-05-01 00:00:00+00:00,1.187895,481.0,1.065805,3.2115579067993165,3.104777854614258,3.5993936478424073,2.7574292837905885,2.785666626625061,3.4837978302764894,3.3991964279937745,2.914221805267334,2.250920694999695
2019-05-01 00:00:00+00:00,2019-05-01 00:15:00+00:00,0.940188,532.0,1.187895,3.53529924156189,3.449247062225342,3.9224655032348634,3.2385482192230226,3.6211535334777833,4.163539826889038,4.038671433944702,3.497452914733887,2.453283607978821
2019-05-01 00:15:00+00:00,2019-05-01 00:30:00+00:00,1.310285,568.0,0.940188,3.6534877512817383,3.47896916607666,3.9777281973724365,3.197953054702759,3.7484629843597412,4.214037964141846,4.121399948394775,3.574735233581543,2.265594312942505
2019-05-01 00:30:00+00:00,2019-05-01 00:45:00+00:00,1.390211,658.0,1.310285,4.149774936828614,3.8890515843963622,4.513275293502808,3.4203583280181884,4.145290998611451,4.626784471664429,4.476978687438965,3.932529119644165,2.680825142059326
2019-05-01 00:45:00+00:00,2019-05-01 01:00:00+00:00,0.976937,671.0,1.390211,4.317302121673584,4.000674142395019,4.679016484771728,3.322174324546814,4.234841479812622,4.729967965637207,4.5070573230133055,4.040618075881958,2.767376079116821
2019-05-01 01:00:00+00:00,2019-05-01 01:15:00+00:00,1.091535,564.0,0.976937,4.165691796981812,3.8444258610839843,4.580636684143067,3.4970824162597656,4.845971767150879,5.007609073364258,4.768046561920166,4.248215619766236,2.309068028175354
2019-05-01 01:15:00+00:00,2019-05-01 01:30:00+00:00,18.88731,774.0,1.091535,4.487894205245972,4.153478769454956,5.024846700820923,3.770213035736084,5.209182171020508,5.329989341888428,5.034410623703003,4.657314924392701,2.3612306396102904
2019-05-01 01:30:00+00:00,2019-05-01 01:45:00+00:00,21.099751,821.0,18.88731,20.87918707901001,21.342771025238036,21.06938287788391,20.785290213165283,20.804271550712585,22.029442997512817,21.677478285369872,21.536226244506835,20.071147056159973
2019-05-01 01:45:00+00:00,2019-05-01 02:00:00+00:00,22.26613,871.0,21.099751,22.889215950561525,23.185541395736696,23.013998035980226,22.315621022773744,22.269762878013612,23.411242012573243,23.447488789154054,23.233122591567994,22.10387242276764
2019-05-01 02:00:00+00:00,2019-05-01 02:15:00+00:00,21.72888,907.0,22.26613,24.11288168991089,24.23943355644226,24.125079899673462,23.89587238395691,23.85694530570984,24.915110617523194,24.947448283081055,24.34974029624939,23.056613176708222
2019-05-01 02:15:00+00:00,2019-05-01 02:30:00+00:00,23.30081,939.0,21.72888,23.600189280395508,23.60168058860779,23.618538093452454,23.169196319465637,23.093665432815552,24.314265084152222,24.339450907592774,23.70892996776581,22.30824531305313
2019-05-01 02:30:00+00:00,2019-05-01 02:45:00+00:00,23.948311,971.0,23.30081,24.838565608558653,24.905321380195616,24.67438747554779,24.344538590011595,24.065257093009947,25.46470727592468,25.36767735153198,24.915798327026366,23.67591746717453
2019-05-01 02:45:00+00:00,2019-05-01 03:00:00+00:00,24.51181,1007.0,23.948311,25.556602387557984,25.687559037338257,25.201879410873413,24.998687296043396,24.684462456832886,26.036035447250367,25.96041980279541,25.498780160079956,24.11466762317276
2019-05-01 03:00:00+00:00,2019-05-01 03:15:00+00:00,25.086691,1038.0,24.51181,25.832211549339295,26.073053414878846,25.439849014339448,25.779275233802796,25.39640372520447,26.85772603279114,26.765989239273072,26.089572603759766,24.45877055725217
2019-05-01 03:15:00+00:00,2019-05-01 03:30:00+00:00,25.362748999999997,1058.0,25.086691,26.244295813575743,26.34799764348602,25.614741184249876,25.919791259304045,25.840935327545164,27.156818487182615,26.79508087827301,26.475494601264952,24.7950053889904
2019-05-01 03:30:00+00:00,2019-05-01 03:45:00+00:00,25.478251,1063.0,25.362748999999997,26.304171581672666,26.25433035652542,25.540768389510152,25.839607258247373,25.742438693450925,26.892452378677365,26.64784647982025,26.44154753248596,24.8812862531414
2019-05-01 03:45:00+00:00,2019-05-01 04:00:00+00:00,25.413059,1070.0,25.478251,25.92716707761383,25.93962945516205,25.320342619968415,25.272379090143204,25.512573924911976,26.624108334136963,26.068626661849976,26.051812549186707,24.877544422698975
2019-05-01 04:00:00+00:00,2019-05-01 04:15:00+00:00,25.81731,1073.0,25.413059,26.361199680789948,26.208884123786927,25.56514075778389,26.182259205802918,26.463873867019654,27.391833547576905,26.919103745445252,26.623993281349183,24.5562594570961
2019-05-01 04:15:00+00:00,2019-05-01 04:30:00+00:00,26.14106,1081.0,25.81731,26.222376579580306,26.369706833896636,25.642354199824332,25.97556192630291,26.624799931583404,27.42722597175598,26.62851765209198,26.717683578071593,24.79772534423828
2019-05-01 04:30:00+00:00,2019-05-01 04:45:00+00:00,25.46644,1066.0,26.14106,26.50401810341835,26.903807406959533,26.06455110543728,26.65001434617996,26.48242325120926,27.448182349739074,27.36362302833557,26.980795507965087,24.90903616481781
2019-05-01 04:45:00+00:00,2019-05-01 05:00:00+00:00,25.851,1041.0,25.46644,25.361606635513304,25.50319156086683,24.740300216140746,25.10513422674179,25.53143546021223,26.398472167911528,25.759650387229918,25.986661292972563,24.04259554332733
2019-05-01 05:00:00+00:00,2019-05-01 05:15:00+00:00,25.52725,1016.0,25.851,25.803701728790998,25.86562840102613,25.06695972776413,25.93940973675251,25.710628051519393,26.67652033662796,26.826627303123473,26.374145496845244,24.275256324768065
2019-05-01 05:15:00+00:00,2019-05-01 05:30:00+00:00,25.99494,870.0,25.52725,25.211378940105437,25.597537846028803,24.82611758327484,25.620414168298243,25.268381007671355,26.372091480255126,26.2259565076828,25.98451606249809,23.82775194263458
2019-05-01 05:30:00+00:00,2019-05-01 05:45:00+00:00,29.92588,956.0,25.99494,25.19308497232437,25.34858007949829,24.65422077697754,25.37554873746872,25.755098985853195,26.567001002254486,25.996279007751085,25.97290547971666,24.24905319732666
2019-05-01 05:45:00+00:00,2019-05-01 06:00:00+00:00,28.22488,896.0,29.92588,29.06998215616226,29.318119093780517,28.418657943611144,29.336901530628204,29.284222826366424,30.098322510724067,29.844921879475116,29.680801853542327,28.092264816169738
2019-05-01 06:00:00+00:00,2019-05-01 06:15:00+00:00,24.578751,622.0,28.22488,26.731040855293273,27.30848034227371,26.444631477241515,27.460893174057006,27.304974218254088,27.954741438274382,27.79545186961174,27.962665220146178,26.309364696388243
2019-05-01 06:15:00+00:00,2019-05-01 06:30:00+00:00,28.235809000000003,826.0,24.578751,23.734815987182618,23.60592112166977,23.135538848472596,24.427435936761857,24.50777971221304,24.898510219884873,25.028416397405625,24.91580197436905,22.623300107551575
2019-05-01 06:30:00+00:00,2019-05-01 06:45:00+00:00,26.286751,776.0,28.235809000000003,26.34364000128174,26.900789053901676,25.90050402449036,27.00095501707459,27.343136699661258,27.934911222919467,27.241798193916324,27.624465139373783,26.324319513305667
2019-05-01 06:45:00+00:00,2019-05-01 07:00:00+00:00,24.946251,731.0,26.286751,24.95630368383026,25.38484498651123,24.90670570523834,25.92123418839073,25.493115035606383,26.136824650479316,26.349286934150218,25.982811746908187,24.29750904233551
2019-05-01 07:00:00+00:00,2019-05-01 07:15:00+00:00,21.269939,657.0,24.946251,23.332246507240296,23.88373788697815,23.28004464013672,23.741184557510376,24.085304285121918,24.589732880426407,23.691370333267212,24.258619273735047,22.93363818032837
2019-05-01 07:15:00+00:00,2019-05-01 07:30:00+00:00,22.441999,653.0,21.269939,19.957266146530152,20.47076361833954,19.818144494880677,20.439554089893342,20.645348722328187,21.16825268625164,20.606798285831452,20.877973640550614,19.21645074545288
2019-05-01 07:30:00+00:00,2019-05-01 07:45:00+00:00,20.394939,587.0,22.441999,20.21490005819702,21.093099158691405,20.091097873138427,21.026132267402648,21.11049835054779,21.79555032818222,20.84023503630066,21.474382263111114,20.37133340208435
2019-05-01 07:45:00+00:00,2019-05-01 08:00:00+00:00,18.631809,529.0,20.394939,17.92264371572876,18.87672107874298,18.001590544570924,19.09594362436676,19.135830933441163,19.47982417999649,19.159002000679017,19.590633863796235,18.272568280090333
2019-05-01 08:00:00+00:00,2019-05-01 08:15:00+00:00,16.983310999999997,479.0,18.631809,16.61386704824829,17.449883941635132,16.47974157713318,17.022485140785218,17.429155234321595,17.646896604522706,16.73142958067322,17.796271864398957,16.51246166609192
2019-05-01 08:15:00+00:00,2019-05-01 08:30:00+00:00,14.63919,409.0,16.983310999999997,15.029772462974545,15.85329455388641,14.820383849273679,15.51138633740997,15.602486791740414,16.000176432262418,15.222922268043515,16.162592175136563,14.883797707687375
2019-05-01 08:30:00+00:00,2019-05-01 08:45:00+00:00,12.93119,348.0,14.63919,12.623337310256957,13.385770004692077,12.361285727920531,13.172569435539245,13.272312086524963,13.947655003967284,12.866537254753112,13.903235417308807,12.606493991317748
2019-05-01 08:45:00+00:00,2019-05-01 09:00:00+00:00,10.68966,276.0,12.93119,10.630935893478394,11.715491042556764,10.613147721710206,11.690913663330079,11.469972119750977,12.17261062664032,11.382274971427918,12.346268103542329,10.925095782699586
2019-05-01 09:00:00+00:00,2019-05-01 09:15:00+00:00,8.457313000000001,212.0,10.68966,8.485777067337036,9.540816830787659,8.425390171203613,8.906083273086548,8.88742701927185,9.398378061447143,8.477230238113403,9.884123789463043,8.786562966499329
2019-05-01 09:15:00+00:00,2019-05-01 09:30:00+00:00,6.309844,166.0,8.457313000000001,6.51461726311493,7.528792380130769,6.477098881042481,6.888144074714662,6.6309780466918955,7.460710464752198,6.51718073967743,7.752020655906678,6.702308117187501
2019-05-01 09:30:00+00:00,2019-05-01 09:45:00+00:00,4.371938,105.0,6.309844,4.306746704238892,5.282472712654114,4.23890255178833,4.837867362159729,4.7671710082473755,5.475077492851257,4.58698878969574,5.74093793119812,4.686532241958618
2019-05-01 09:45:00+00:00,2019-05-01 10:00:00+00:00,2.800766,74.0,4.371938,2.5107028582458497,3.4411419132118226,2.503737101829529,3.0855097868804933,3.116745839393616,3.856424997127533,3.017269144332886,4.074172923839569,2.9028794863586427
2019-05-01 10:00:00+00:00,2019-05-01 10:15:00+00:00,1.721234,62.0,2.800766,1.1613698093566893,2.0227653472099303,1.2983290044937132,1.4378403513107298,1.5236234752807616,1.7950600473556517,1.4733671037826537,2.543541797843933,1.6932625858459471
2019-05-01 10:15:00+00:00,2019-05-01 10:30:00+00:00,0.923672,32.0,1.721234,0.3695866229858398,1.0445564749565124,0.5498805406417846,0.5547888639297485,0.629754221710205,0.9037354948844909,0.7187431218948364,1.5953777345743179,0.9105680945243835
2019-05-01 10:30:00+00:00,2019-05-01 10:45:00+00:00,0.564006,17.0,0.923672,0.0,0.2930154000015259,0.0,0.0,0.1569763217658997,0.30993835074615483,0.15288958890151982,0.9718359765203,0.350287059375763
2019-05-01 10:45:00+00:00,2019-05-01 11:00:00+00:00,0.213073,5.0,0.564006,0.0,0.020247965293884285,0.0,0.0,0.06515633984184266,0.10293662472343446,0.0,0.7385189078626633,0.19198757334327698
2019-05-01 11:00:00+00:00,2019-05-01 11:15:00+00:00,0.0,0.0,0.213073,0.0,0.0,0.0,0.0,0.0,0.0,0.0,0.2975562882285118,0.03808678655433656
2019-05-01 11:15:00+00:00,2019-05-01 11:30:00+00:00,0.0,0.0,0.0,0.0,0.0,0.0,0.0,0.0,0.0,0.0,0.15476152300834656,0.0
2019-05-01 11:30:00+00:00,2019-05-01 11:45:00+00:00,0.0,0.0,0.0,0.0,0.0,0.0,0.0,0.0,0.0,0.0,0.2256430834531784,0.042203813791275024
2019-05-01 11:45:00+00:00,2019-05-01 12:00:00+00:00,0.0,0.0,0.0,0.0,0.03906731680035591,0.0,0.0,0.0,0.0,0.0,0.22780007123947144,0.09914804250001907
2019-05-01 12:00:00+00:00,2019-05-01 12:15:00+00:00,0.0,0.0,0.0,0.0,0.06130325049161911,0.0,0.0,0.0,0.0,0.0,0.2578493058681488,0.2181105613708496
2019-05-01 12:15:00+00:00,2019-05-01 12:30:00+00:00,0.0,0.0,0.0,0.0,0.13688848912715912,0.0,0.0,0.0,0.0,0.0,0.34912174940109253,0.2750633955001831
2019-05-01 12:30:00+00:00,2019-05-01 12:45:00+00:00,0.0,0.0,0.0,0.0,0.21370689570903778,0.0,0.0,0.0,0.0,0.0,0.39576780796051025,0.2935919165611267
2019-05-01 12:45:00+00:00,2019-05-01 13:00:00+00:00,0.0,0.0,0.0,0.0,0.25285863876342773,0.0,0.0,0.0,0.0,0.0,0.4207996129989624,0.30100226402282715
2019-05-01 13:00:00+00:00,2019-05-01 13:15:00+00:00,0.0,0.0,0.0,0.0,0.25706300139427185,0.0,0.0,0.0,0.0,0.0,0.5193068981170654,0.28342875838279724
2019-05-01 13:15:00+00:00,2019-05-01 13:30:00+00:00,0.0,0.0,0.0,0.0,0.2556311786174774,0.0,0.0,0.0,0.0,0.0,0.5685780048370361,0.28609293699264526
2019-05-01 13:30:00+00:00,2019-05-01 13:45:00+00:00,0.0,0.0,0.0,0.0,0.3233647346496582,0.0,0.0,0.0,0.0,0.0,0.449484258890152,0.3496100902557373
2019-05-01 13:45:00+00:00,2019-05-01 14:00:00+00:00,0.0,0.0,0.0,0.0,0.31264224648475647,0.0,0.0,0.0,0.0,0.0,0.4405539333820343,0.3719070255756378
2019-05-01 14:00:00+00:00,2019-05-01 14:15:00+00:00,0.0,0.0,0.0,0.0,0.361553817987442,0.0,0.0,0.0,0.0,0.0,0.41482698917388916,0.3384622633457184
2019-05-01 14:15:00+00:00,2019-05-01 14:30:00+00:00,0.0,0.0,0.0,0.0,0.3408857583999634,0.0,0.0,0.0,0.0,0.0,0.4252900183200836,0.32894495129585266
2019-05-01 14:30:00+00:00,2019-05-01 14:45:00+00:00,0.0,0.0,0.0,0.0,0.34589120745658875,0.0,0.0,0.0,0.0,0.0,0.4245775043964386,0.32717016339302063
2019-05-01 14:45:00+00:00,2019-05-01 15:00:00+00:00,0.0,0.0,0.0,0.0,0.3839723765850067,0.0,0.0,0.0,0.0,0.0,0.39569297432899475,0.31486934423446655
2019-05-01 15:00:00+00:00,2019-05-01 15:15:00+00:00,0.0,0.0,0.0,0.0,0.389440655708313,0.0,0.0,0.0,0.0,0.0,0.3838161826133728,0.31015244126319885
2019-05-01 15:15:00+00:00,2019-05-01 15:30:00+00:00,0.0,0.0,0.0,0.0,0.4339260160923004,0.0,0.0,0.0,0.0,0.0,0.4340713620185852,0.26724740862846375
2019-05-01 15:30:00+00:00,2019-05-01 15:45:00+00:00,0.0,0.0,0.0,0.0,0.4354732632637024,0.0,0.0,0.0,0.0,0.0,0.3959873616695404,0.2636249363422394
2019-05-01 15:45:00+00:00,2019-05-01 16:00:00+00:00,0.0,0.0,0.0,0.0,0.438935786485672,0.0,0.0,0.0,0.0,0.0,0.41466566920280457,0.29621899127960205
2019-05-01 16:00:00+00:00,2019-05-01 16:15:00+00:00,0.0,0.0,0.0,0.0,0.4045586884021759,0.0,0.0,0.0,0.0,0.0,0.4296746850013733,0.3114420771598816
2019-05-01 16:15:00+00:00,2019-05-01 16:30:00+00:00,0.0,0.0,0.0,0.0,0.3788815438747406,0.0,0.0,0.0,0.0,0.0,0.45377328991889954,0.3313139081001282
2019-05-01 16:30:00+00:00,2019-05-01 16:45:00+00:00,0.0,0.0,0.0,0.0,0.37136775255203247,0.0,0.0,0.0,0.0,0.0,0.42346513271331787,0.3461034297943115
2019-05-01 16:45:00+00:00,2019-05-01 17:00:00+00:00,0.0,0.0,0.0,0.0,0.35838422179222107,0.01823832467198372,0.0,0.0,0.0,0.0,0.39755943417549133,0.3594484031200409
2019-05-01 17:00:00+00:00,2019-05-01 17:15:00+00:00,0.0,0.0,0.0,0.0,0.3449043929576874,0.04391080513596535,0.0,0.0,0.0,0.0,0.36161068081855774,0.37139424681663513
2019-05-01 17:15:00+00:00,2019-05-01 17:30:00+00:00,0.0,0.0,0.0,0.0,0.30934062600135803,0.08350928127765656,0.0,0.0,0.0,0.0,0.33949410915374756,0.38394787907600403
2019-05-01 17:30:00+00:00,2019-05-01 17:45:00+00:00,0.0,0.0,0.0,0.0,0.31330108642578125,0.11439834535121918,0.0,0.0,0.0,0.0,0.2897292971611023,0.4015240967273712
2019-05-01 17:45:00+00:00,2019-05-01 18:00:00+00:00,0.0,0.0,0.0,0.0,0.30674800276756287,0.1345561444759369,0.0,0.0,0.0,0.0,0.272750586271286,0.41580793261528015
2019-05-01 18:00:00+00:00,2019-05-01 18:15:00+00:00,0.0,0.0,0.0,0.0,0.30935096740722656,0.17301416397094727,0.0,0.0,0.0,0.0,0.2714293897151947,0.43175631761550903
2019-05-01 18:15:00+00:00,2019-05-01 18:30:00+00:00,0.0,0.0,0.0,0.0,0.34273698925971985,0.20778368413448334,0.0,0.0,0.0,0.0,0.25184330344200134,0.4562550187110901
2019-05-01 18:30:00+00:00,2019-05-01 18:45:00+00:00,0.0,0.0,0.0,0.0,0.33725473284721375,0.23463837802410126,0.0,0.0,0.028428277000784874,0.0,0.24969381093978882,0.484453022480011
2019-05-01 18:45:00+00:00,2019-05-01 19:00:00+00:00,0.0,0.0,0.0,0.0,0.33935102820396423,0.25997987389564514,0.0,0.0,0.0644645169377327,0.0,0.2571316957473755,0.5174281597137451
2019-05-01 19:00:00+00:00,2019-05-01 19:15:00+00:00,0.0,0.0,0.0,0.0,0.34339791536331177,0.2878548800945282,0.0,0.0,0.13796667754650116,0.0,0.26488927006721497,0.555382490158081
2019-05-01 19:15:00+00:00,2019-05-01 19:30:00+00:00,0.0,0.0,0.0,0.0,0.328781396150589,0.2989244759082794,0.0,0.0,0.18380440771579742,0.0,0.2996719479560852,0.5816822648048401
2019-05-01 19:30:00+00:00,2019-05-01 19:45:00+00:00,0.0,0.0,0.0,0.03541683778166771,0.34146732091903687,0.3343549966812134,0.02540786936879158,0.0,0.24298404157161713,0.0016859006136655807,0.32656359672546387,0.6205744743347168
2019-05-01 19:45:00+00:00,2019-05-01 20:00:00+00:00,0.0,0.0,0.0,0.061766620725393295,0.38556548953056335,0.36882439255714417,0.08344262093305588,0.0,0.3525131642818451,0.02246718853712082,0.2968927025794983,0.6484988331794739
2019-05-01 20:00:00+00:00,2019-05-01 20:15:00+00:00,0.0,0.0,0.0,0.13299451768398285,0.40965694189071655,0.41131240129470825,0.1422613114118576,0.0,0.4124934673309326,0.041339486837387085,0.31911835074424744,0.6727480292320251
2019-05-01 20:15:00+00:00,2019-05-01 20:30:00+00:00,0.0,0.0,0.0,0.20575635135173798,0.4377039074897766,0.4623161256313324,0.16962769627571106,0.0,0.5349240899085999,0.08942786604166031,0.29127493500709534,0.6907625198364258
2019-05-01 20:30:00+00:00,2019-05-01 20:45:00+00:00,0.0,0.0,0.0,0.24705685675144196,0.37864959239959717,0.5080921053886414,0.21070358157157898,0.0,0.5194020867347717,0.14283934235572815,0.36232680082321167,0.7236640453338623
2019-05-01 20:45:00+00:00,2019-05-01 21:00:00+00:00,0.015515,0.0,0.0,0.28292056918144226,0.42111891508102417,0.5764512419700623,0.2627769112586975,0.0,0.5204588770866394,0.2792556881904602,0.5130627155303955,0.7574139833450317
2019-05-01 21:00:00+00:00,2019-05-01 21:15:00+00:00,0.0,0.0,0.015515,0.30629000104904175,0.48811492361068726,0.6613020006561279,0.2985166016960144,0.0,0.5959437791252136,0.3261742893600464,0.5820285383605956,0.8226976696395873
2019-05-01 21:15:00+00:00,2019-05-01 21:30:00+00:00,0.024105,3.0,0.0,0.30386778712272644,0.48669371008872986,0.7179994583129883,0.2959931790828705,0.0,0.6882876753807068,0.342628538608551,0.5551833510398865,0.8496043086051941
2019-05-01 21:30:00+00:00,2019-05-01 21:45:00+00:00,0.351859,17.0,0.024105,0.36652098844528197,0.5448990340042115,0.8028029675292969,0.3577572281169891,0.05504735062599182,0.7959934348869324,0.4395061607170105,0.6136142487335206,0.9090806121635437
2019-05-01 21:45:00+00:00,2019-05-01 22:00:00+00:00,0.75507,36.0,0.351859,0.8189074364032745,0.9595775869216918,1.199996855529785,0.7900367644157409,0.4976831045475006,1.232921388420105,0.9041060474243163,1.0436135199394225,1.2823866870727538
2019-05-01 22:00:00+00:00,2019-05-01 22:15:00+00:00,1.141656,56.0,0.75507,1.340239732570648,1.427007048435211,1.7061473420333861,1.3453386715126037,1.0773490956497191,1.92506614238739,1.494429676837921,1.5337316683006286,1.76363876373291
2019-05-01 22:15:00+00:00,2019-05-01 22:30:00+00:00,1.811578,98.0,1.141656,1.865824598651886,1.9077804869232178,2.192254740577698,1.8690720981178284,1.5929969435749054,2.490631419998169,2.04135139642334,2.020742792469025,2.209134179931641
2019-05-01 22:30:00+00:00,2019-05-01 22:45:00+00:00,2.815914,137.0,1.811578,2.733792329242706,2.7521592621116637,3.0094718579559325,2.714223766735077,2.436249757221222,3.291443550994873,2.9304566029815673,2.859354222229004,2.925517881324768
2019-05-01 22:45:00+00:00,2019-05-01 23:00:00+00:00,4.333437,187.0,2.815914,3.9623900303497313,3.9674051651611326,4.1997772106781,3.8706953177108763,3.581194723571777,4.436640466178893,4.098454321350097,4.017394031013488,3.982166255439758
2019-05-01 23:00:00+00:00,2019-05-01 23:15:00+00:00,6.152563,255.0,4.333437,5.696600471221924,5.679917846405029,5.9218569142456055,5.67670408316803,5.410900984489441,6.361341510498047,6.002853666030884,5.776354346954346,5.570993576728821
2019-05-01 23:15:00+00:00,2019-05-01 23:30:00+00:00,8.177094,319.0,6.152563,7.701617503440857,7.664436364448547,7.918146515167236,7.612671876228332,7.392490053451538,8.394582891738892,7.903448367393493,7.6905213835601804,7.460454249656677
2019-05-01 23:30:00+00:00,2019-05-01 23:45:00+00:00,10.20709,384.0,8.177094,9.882453935760498,9.918742435592652,10.039585607666016,9.740868108886719,9.482162373680115,10.498449104446411,10.057110922950745,9.865480917114258,9.537279861587525
2019-05-01 23:45:00+00:00,2019-05-02 00:00:00+00:00,12.44359,443.0,10.20709,12.427408078994752,12.300136665191651,12.327893594589234,12.041519502487184,11.624202588882447,12.682577232208253,12.471548894729615,12.128269056167603,11.623223999824525
2019-05-02 00:00:00+00:00,2019-05-02 00:15:00+00:00,14.30691,497.0,12.44359,14.103046133842469,14.153553202476502,14.416818693008423,14.150168731536866,14.131244972076416,15.036930158462525,14.719159677352906,14.50924809249878,13.859440162506104
2019-05-02 00:15:00+00:00,2019-05-02 00:30:00+00:00,16.41544,552.0,14.30691,15.703813395652771,15.953519425544739,16.307367763671877,15.843655071411133,15.946596226844788,16.80187102333069,16.502903423461916,16.477693996582033,15.684267363700867
2019-05-02 00:30:00+00:00,2019-05-02 00:45:00+00:00,18.271310999999997,597.0,16.41544,17.95501438468933,18.118290580215454,18.39703658908844,17.765252388420105,17.629973925056458,18.688589967193604,18.600930369796753,18.455914891662598,17.805785811843872
2019-05-02 00:45:00+00:00,2019-05-02 01:00:00+00:00,20.095249,649.0,18.271310999999997,19.66035111249542,19.874443128715512,20.22772605718231,19.176639989028928,19.051906898628232,20.16513021291351,20.083589270721433,20.134655669342038,19.646205618988034
2019-05-02 01:00:00+00:00,2019-05-02 01:15:00+00:00,21.649691,693.0,20.095249,21.480249467300414,21.637858691619872,21.873559298919677,21.35137576143646,21.553517880844115,22.549614968704223,22.50334316770935,22.298164906906127,21.428730073379516
2019-05-02 01:15:00+00:00,2019-05-02 01:30:00+00:00,19.50069,731.0,21.649691,23.05610550881958,23.18553985597229,23.303957238212586,22.73410512448883,22.947220935836793,24.003139629379273,23.948141946807862,23.867298736587525,22.85594524385071
2019-05-02 01:30:00+00:00,2019-05-02 01:45:00+00:00,24.336809,776.0,19.50069,21.38122238391876,21.279507057609557,21.499098317565917,20.690727131309508,20.767741339149474,22.04741908782959,22.22444440597534,21.753100888671874,20.61144723171234
2019-05-02 01:45:00+00:00,2019-05-02 02:00:00+00:00,25.560060999999997,821.0,24.336809,25.105414411052703,25.57296176813507,25.093279203399657,24.663735976442336,24.479202499612807,25.98493572138214,26.119793018325804,25.882859667762755,25.34142609499359
2019-05-02 02:00:00+00:00,2019-05-02 02:15:00+00:00,26.48494,863.0,25.560060999999997,26.378641627441404,26.701895974288938,26.219796620021818,26.523830197463987,26.72720660985565,27.959400914321897,28.23543002427673,27.3907722455368,26.395447991500852
2019-05-02 02:15:00+00:00,2019-05-02 02:30:00+00:00,27.28688,895.0,26.48494,27.36112798017502,27.778913207473757,27.07112712425232,27.613041825714113,27.665907688560488,28.908372588577272,29.166993804397585,28.613641210021974,27.089380152645113
2019-05-02 02:30:00+00:00,2019-05-02 02:45:00+00:00,27.94488,925.0,27.28688,27.939314468269348,28.418347938423157,27.630129052762985,28.192299170856476,27.69535060084343,29.24698720729828,29.80797408378601,29.05278645313263,27.683291925554276
2019-05-02 02:45:00+00:00,2019-05-02 03:00:00+00:00,28.411690000000004,949.0,27.94488,28.149296677355768,28.46799533689499,27.573492458705903,28.02893676484108,27.780973589663507,29.157005420570375,29.4451321276474,29.440343371276857,28.15770120049
2019-05-02 03:00:00+00:00,2019-05-02 03:15:00+00:00,28.77,962.0,28.411690000000004,28.76508525341988,28.98622721761704,28.113182041349415,29.08634597391129,28.955230060520176,30.19413256973267,30.52919984191895,30.013138059082035,28.430600028040413
2019-05-02 03:15:00+00:00,2019-05-02 03:30:00+00:00,29.026381,979.0,28.77,28.793628812283277,29.044498760700225,28.203187127113342,29.103152145147323,28.974808115959167,30.153511066436767,30.380132336616516,30.15998579978943,28.617461625933647
2019-05-02 03:30:00+00:00,2019-05-02 03:45:00+00:00,29.25388,994.0,29.026381,29.349939866977692,29.445142074543,28.60296077938652,29.3721243283329,29.32596661062813,30.446274980026246,30.605184420066834,30.4504110655365,28.673772557693482
2019-05-02 03:45:00+00:00,2019-05-02 04:00:00+00:00,27.469749,1001.0,29.25388,29.459742656235694,29.584377324466704,28.810135370378493,29.312575401996373,29.09657319474697,30.339517807846068,30.61914548862457,30.436305022125243,28.71368668067932
2019-05-02 04:00:00+00:00,2019-05-02 04:15:00+00:00,28.046379,1041.0,27.469749,27.705522265361786,27.66830171279812,27.079656507896424,27.843314703630448,27.484962673003018,28.8740880750885,29.15013685457611,28.740293052124024,26.66044005386734
2019-05-02 04:15:00+00:00,2019-05-02 04:30:00+00:00,27.977690000000003,1000.0,28.046379,27.777953803590776,27.95379324262524,27.3128659427681,27.854214191488268,27.673782378486635,29.071336895278932,29.076415211013796,28.893468469432833,27.02813556795502
2019-05-02 04:30:00+00:00,2019-05-02 04:45:00+00:00,28.375811,1007.0,27.977690000000003,27.6313622779274,27.631022591056826,27.079565305175784,27.44589938587189,27.44375355905533,28.69098474449158,28.72050716346741,28.58361329502106,26.792831677856448
2019-05-02 04:45:00+00:00,2019-05-02 05:00:00+00:00,28.128189000000003,981.0,28.375811,27.904088844190596,27.882297147642134,27.285970707069396,27.650885541568755,27.690534908901213,28.75847675336456,28.85482551587677,28.92000659240341,27.01679112447357
2019-05-02 05:00:00+00:00,2019-05-02 05:15:00+00:00,27.994749,979.0,28.128189000000003,27.31783691297913,27.448630722869876,26.92670730005646,27.437366279472354,27.032216700424197,27.91065715502644,28.376542838920596,28.380323740352633,26.606903346885684
2019-05-02 05:15:00+00:00,2019-05-02 05:30:00+00:00,27.22781,934.0,27.994749,26.560644318984984,26.850428631233214,26.24851398699188,26.71747129194641,26.931229164527892,27.625388731884,27.53583889238739,27.962357857899903,26.41332285635376
2019-05-02 05:30:00+00:00,2019-05-02 05:45:00+00:00,27.0655,914.0,27.22781,26.832790170726778,26.901377205667497,26.42408344608307,27.07373689573765,27.10624018770218,27.779812251148225,27.673890535650255,27.762882147846224,25.538687323150636
2019-05-02 05:45:00+00:00,2019-05-02 06:00:00+00:00,26.286751,861.0,27.0655,26.4012110619545,26.392758229255676,25.855290630340576,26.50981883096695,26.50257436323166,27.146014036118984,26.971136720359326,27.434925177574158,25.27541885662079
2019-05-02 06:00:00+00:00,2019-05-02 06:15:00+00:00,24.68244,811.0,26.286751,25.42017897756195,25.729069141460418,25.280706373764037,25.58200952203369,25.228458611083983,26.353303869975566,26.070598719430922,26.149043811274527,24.46618565709686
2019-05-02 06:15:00+00:00,2019-05-02 06:30:00+00:00,23.72431,775.0,24.68244,23.45418711227417,23.698161082687378,23.102418976249695,23.637424188079834,23.767366426410675,24.6471579543972,24.086070197048187,24.55206652206421,22.806565242233276
2019-05-02 06:30:00+00:00,2019-05-02 06:45:00+00:00,23.06325,724.0,23.72431,22.556074817237853,23.151559073982238,22.525835712013244,23.05998190170288,22.402235944328307,23.87318237548828,23.478625629601478,23.539138559756278,21.82520087486267
2019-05-02 06:45:00+00:00,2019-05-02 07:00:00+00:00,21.977381,679.0,23.06325,21.063253814697266,21.845236951828003,21.013741666793823,21.85246627998352,21.726231748580933,22.94117269140482,22.185979241847992,22.727920169353485,21.11209147644043
2019-05-02 07:00:00+00:00,2019-05-02 07:15:00+00:00,20.179689,637.0,21.977381,19.975864180999757,20.59823108621216,19.72917033143616,20.430714258628846,20.307486900764466,21.362633118110658,20.91170478768921,21.275261351543428,19.98432053037262
2019-05-02 07:15:00+00:00,2019-05-02 07:30:00+00:00,18.528129999999997,576.0,20.179689,18.301023314346313,19.185278306354522,18.494290182937622,18.95926136766815,18.286266038764953,19.939285228599548,19.399213085521698,19.43591810261154,18.212598154891968
2019-05-02 07:30:00+00:00,2019-05-02 07:45:00+00:00,14.64619,463.0,18.528129999999997,16.306191628341672,17.222549503211972,16.228980725173948,17.19034988201141,16.901312177543637,18.223520462875364,17.553625827198026,17.869084601764676,16.538195555572507
2019-05-02 07:45:00+00:00,2019-05-02 08:00:00+00:00,16.03306,493.0,14.64619,12.67581362766266,13.436412048759461,12.450884175720216,13.58062262577057,13.268672299804688,14.727504235925675,14.010665786685944,14.353234243812562,12.675174546661378
2019-05-02 08:00:00+00:00,2019-05-02 08:15:00+00:00,13.31619,425.0,16.03306,13.017557785568236,14.27223782306671,12.944992706832885,13.917652294692992,13.359586641845702,14.641826913414,14.240935609397887,14.810664579925536,14.077386782226561
2019-05-02 08:15:00+00:00,2019-05-02 08:30:00+00:00,12.48931,375.0,13.31619,10.9427027658844,11.785570140304566,10.638874288024903,11.459944482269288,10.880554433288575,12.352952654781342,11.817541237297059,12.185898418846131,11.426770205917359
2019-05-02 08:30:00+00:00,2019-05-02 08:45:00+00:00,10.94778,324.0,12.48931,10.030166599807739,10.92641434436798,9.67625806098938,10.792735431251526,10.184815857467651,11.58955905204773,11.044284913597107,11.507226083335876,10.642689082679748
2019-05-02 08:45:00+00:00,2019-05-02 09:00:00+00:00,9.09125,262.0,10.94778,8.482892619400024,9.362168418197632,8.132521497039795,9.490147219924927,8.874414788513183,10.13197599533081,9.690970169334411,10.242404865055084,9.14864932182312
2019-05-02 09:00:00+00:00,2019-05-02 09:15:00+00:00,7.550594,203.0,9.09125,6.905914602279664,7.780608830451966,6.666685876846314,7.486829814910889,6.686405239105225,7.648003039360047,7.588735756874085,8.346333441734314,7.394643006324769
2019-05-02 09:15:00+00:00,2019-05-02 09:30:00+00:00,5.625813,156.0,7.550594,5.735632805007935,6.362702397483826,5.436813739913941,6.0563811341705325,5.320866970199585,6.540228275436402,6.206046966690064,6.864323465007782,6.002231864112854
2019-05-02 09:30:00+00:00,2019-05-02 09:45:00+00:00,4.153297,108.0,5.625813,3.9985147641067504,4.526191704071045,3.650063864982605,4.3970544264678955,3.775408022201538,4.826671950614929,4.48983453968811,5.1574781463508605,4.214132897651672
2019-05-02 09:45:00+00:00,2019-05-02 10:00:00+00:00,2.44125,68.0,4.153297,2.254564218589783,2.933147721359253,2.1463912058563235,2.921327166625977,2.663171224662781,3.446372799942017,3.015448861190796,3.7826798487396243,2.9166803885192873
2019-05-02 10:00:00+00:00,2019-05-02 10:15:00+00:00,1.6036290000000002,52.0,2.44125,1.1002414560317995,1.6552524304389955,1.1021730041503908,1.2377298212051393,0.865232620239258,1.4298987722396852,1.4274355506896974,2.2177571988105775,1.5037255620956422
2019-05-02 10:15:00+00:00,2019-05-02 10:30:00+00:00,1.325707,44.0,1.6036290000000002,0.1722010443725588,0.7649452159919741,0.4109532902755739,0.43978608351135273,0.3741293023147585,0.6889795730628969,0.6403932045021059,1.3982180724658968,0.9109528730430605
2019-05-02 10:30:00+00:00,2019-05-02 10:45:00+00:00,0.92791,28.0,1.325707,0.3727231437988281,0.7088019664115905,0.48380575726699826,0.49862639258575436,0.32562343428802487,0.7428173835105896,0.6828177983589172,1.4018055389351844,0.7709857041664123
2019-05-02 10:45:00+00:00,2019-05-02 11:00:00+00:00,0.408851,12.0,0.92791,0.0,0.2983806430435181,0.1462725102043152,0.2520333229637146,0.20734831682205201,0.45702123633384706,0.32021287075042726,1.0915167777872086,0.5145319699382782
2019-05-02 11:00:00+00:00,2019-05-02 11:15:00+00:00,0.0,0.0,0.408851,0.0,0.0,0.0,0.0,0.0,0.0,0.0,0.5004152827749253,0.20095384352302553
2019-05-02 11:15:00+00:00,2019-05-02 11:30:00+00:00,0.0,0.0,0.0,0.0,0.0,0.0,0.0,0.0,0.0,0.0,0.08715356141328812,0.0
2019-05-02 11:30:00+00:00,2019-05-02 11:45:00+00:00,0.0,0.0,0.0,0.0,0.0,0.0,0.0,0.0,0.0,0.0,0.11872430145740509,0.027752120047807693
2019-05-02 11:45:00+00:00,2019-05-02 12:00:00+00:00,0.0,0.0,0.0,0.0,0.0,0.0,0.0,0.0,0.0,0.0,0.1537439376115799,0.08620833605527878
2019-05-02 12:00:00+00:00,2019-05-02 12:15:00+00:00,0.0,0.0,0.0,0.0,0.02750525251030922,0.0,0.0,0.0,0.0,0.0,0.1412258744239807,0.18006157875061035
2019-05-02 12:15:00+00:00,2019-05-02 12:30:00+00:00,0.0,0.0,0.0,0.0,0.13227231800556183,0.0,0.0,0.0,0.0,0.0,0.16024619340896606,0.2369672656059265
2019-05-02 12:30:00+00:00,2019-05-02 12:45:00+00:00,0.0,0.0,0.0,0.0,0.20377205312252045,0.0,0.0,0.0,0.0,0.0,0.21366344392299652,0.26747238636016846
2019-05-02 12:45:00+00:00,2019-05-02 13:00:00+00:00,0.0,0.0,0.0,0.0,0.19567684829235077,0.0,0.0,0.0,0.0,0.0,0.1779928207397461,0.3022858500480652
2019-05-02 13:00:00+00:00,2019-05-02 13:15:00+00:00,0.0,0.0,0.0,0.0,0.29480409622192383,0.0,0.0,0.0,0.0,0.0,0.2671165466308594,0.3165139853954315
2019-05-02 13:15:00+00:00,2019-05-02 13:30:00+00:00,0.0,0.0,0.0,0.0,0.35957008600234985,0.0,0.0,0.0,0.0,0.0,0.3144233822822571,0.33281198143959045
2019-05-02 13:30:00+00:00,2019-05-02 13:45:00+00:00,0.0,0.0,0.0,0.0,0.37047237157821655,0.0,0.0,0.0,0.0,0.0,0.39370763301849365,0.33395320177078247
2019-05-02 13:45:00+00:00,2019-05-02 14:00:00+00:00,0.0,0.0,0.0,0.0,0.40276041626930237,0.0,0.0,0.0,0.0,0.0,0.37070438265800476,0.36008864641189575
2019-05-02 14:00:00+00:00,2019-05-02 14:15:00+00:00,0.0,0.0,0.0,0.0,0.41297876834869385,0.033554818481206894,0.0,0.0,0.0,0.0,0.4690907299518585,0.3989798128604889
2019-05-02 14:15:00+00:00,2019-05-02 14:30:00+00:00,0.0,0.0,0.0,0.0,0.4027089774608612,0.008654661476612091,0.0,0.0,0.0,0.0,0.4676766097545624,0.3952923119068146
2019-05-02 14:30:00+00:00,2019-05-02 14:45:00+00:00,0.0,0.0,0.0,0.0,0.40845030546188354,0.015405605547130108,0.0,0.009420320391654968,0.0,0.0,0.43325573205947876,0.4067777693271637
2019-05-02 14:45:00+00:00,2019-05-02 15:00:00+00:00,0.0,0.0,0.0,0.0,0.40347519516944885,0.04697045311331749,0.0,0.04634874686598778,0.0,0.0,0.44023555517196655,0.39983996748924255
2019-05-02 15:00:00+00:00,2019-05-02 15:15:00+00:00,0.0,0.0,0.0,0.0,0.4033344089984894,0.06841208040714264,0.0,0.018841682001948357,0.0,0.0,0.41616490483283997,0.42951545119285583
2019-05-02 15:15:00+00:00,2019-05-02 15:30:00+00:00,0.0,0.0,0.0,0.0,0.3782638609409332,0.09813304245471954,0.0,0.03199756145477295,0.0,0.0,0.43705275654792786,0.4222620129585266
2019-05-02 15:30:00+00:00,2019-05-02 15:45:00+00:00,0.0,0.0,0.0,0.0,0.3662296235561371,0.1141873151063919,0.0,0.03153923898935318,0.0,0.0,0.4235302209854126,0.42032909393310547
2019-05-02 15:45:00+00:00,2019-05-02 16:00:00+00:00,0.0,0.0,0.0,0.0,0.39386624097824097,0.13015127182006836,0.0,0.06397867202758789,0.0,0.0,0.4480060338973999,0.44334089756011963
2019-05-02 16:00:00+00:00,2019-05-02 16:15:00+00:00,0.0,0.0,0.0,0.0,0.3693374991416931,0.1602586954832077,0.0,0.04666750505566597,0.0,0.0,0.4351266920566559,0.4526815116405487
2019-05-02 16:15:00+00:00,2019-05-02 16:30:00+00:00,0.0,0.0,0.0,0.0,0.36380696296691895,0.18427452445030212,0.0,0.037859704345464706,0.0,0.0,0.4042077660560608,0.46978241205215454
2019-05-02 16:30:00+00:00,2019-05-02 16:45:00+00:00,0.0,0.0,0.0,0.0,0.3854224979877472,0.1752661168575287,0.0,0.011181540787220001,0.0,0.0,0.3324137032032013,0.505508303642273
2019-05-02 16:45:00+00:00,2019-05-02 17:00:00+00:00,0.0,0.0,0.0,0.0,0.37290310859680176,0.1997864544391632,0.0,0.022738875821232796,0.0,0.0,0.34885698556900024,0.5158807039260864
2019-05-02 17:00:00+00:00,2019-05-02 17:15:00+00:00,0.0,0.0,0.0,0.0,0.38126426935195923,0.2065083533525467,0.0,0.008764656260609627,0.0,0.0,0.3070751428604126,0.5705549716949463
2019-05-02 17:15:00+00:00,2019-05-02 17:30:00+00:00,0.0,0.0,0.0,0.0,0.3814586400985718,0.2211271971464157,0.0,0.0,0.0,0.0,0.28736770153045654,0.584689736366272
2019-05-02 17:30:00+00:00,2019-05-02 17:45:00+00:00,0.0,0.0,0.0,0.0,0.39441755414009094,0.22493939101696014,0.0,0.0,0.0,0.0,0.25213274359703064,0.6157694458961487
2019-05-02 17:45:00+00:00,2019-05-02 18:00:00+00:00,0.0,0.0,0.0,0.0,0.39083337783813477,0.24499250948429108,0.0,0.0,0.0,0.0,0.25919032096862793,0.6209148168563843
2019-05-02 18:00:00+00:00,2019-05-02 18:15:00+00:00,0.0,0.0,0.0,0.0,0.38168174028396606,0.16607151925563812,0.0,0.0,0.0,0.0,0.1823396533727646,0.6983006596565247
2019-05-02 18:15:00+00:00,2019-05-02 18:30:00+00:00,0.0,0.0,0.0,0.0,0.38012221455574036,0.1158994659781456,0.0,0.0,0.0,0.0,0.14497850835323334,0.7476651072502136
2019-05-02 18:30:00+00:00,2019-05-02 18:45:00+00:00,0.0,0.0,0.0,0.0,0.3915550112724304,0.12235091626644135,0.0,0.0,0.0,0.0,0.1192760318517685,0.7855916023254395
2019-05-02 18:45:00+00:00,2019-05-02 19:00:00+00:00,0.0,0.0,0.0,0.0,0.3758685290813446,0.1686137318611145,0.0,0.0,0.0333770327270031,0.0,0.14637792110443115,0.8312855362892151
2019-05-02 19:00:00+00:00,2019-05-02 19:15:00+00:00,0.0,0.0,0.0,0.0,0.3677119016647339,0.21479487419128418,0.0,0.0,0.10269828885793686,0.0,0.14953090250492096,0.8770012855529785
2019-05-02 19:15:00+00:00,2019-05-02 19:30:00+00:00,0.0,0.0,0.0,0.0,0.37431252002716064,0.2810436189174652,0.0,0.0,0.16224539279937744,0.0,0.16383107006549835,0.9268487095832825
2019-05-02 19:30:00+00:00,2019-05-02 19:45:00+00:00,0.0,0.0,0.0,0.0,0.4158760905265808,0.33387187123298645,0.0,0.0,0.2490597367286682,0.0,0.17192213237285614,0.973843514919281
2019-05-02 19:45:00+00:00,2019-05-02 20:00:00+00:00,0.0,0.0,0.0,0.017863556742668152,0.4448706805706024,0.36647212505340576,0.015243069268763065,0.0,0.37084516882896423,0.0,0.17303332686424255,0.9930126667022705
2019-05-02 20:00:00+00:00,2019-05-02 20:15:00+00:00,0.0,0.0,0.0,0.06705173850059509,0.3961392343044281,0.3996889591217041,0.0278696920722723,0.0,0.3919800817966461,0.0,0.16774648427963257,1.0197831392288208
2019-05-02 20:15:00+00:00,2019-05-02 20:30:00+00:00,0.0,0.0,0.0,0.10846177488565445,0.3975929617881775,0.4700908660888672,0.06181710585951805,0.0,0.4296724498271942,0.0,0.19667573273181915,1.0567736625671387
2019-05-02 20:30:00+00:00,2019-05-02 20:45:00+00:00,0.004201,0.0,0.0,0.15797248482704163,0.41864126920700073,0.543756365776062,0.10681290179491043,0.0,0.4715871810913086,0.0,0.26751193404197693,1.0941132307052612
2019-05-02 20:45:00+00:00,2019-05-02 21:00:00+00:00,0.0,0.0,0.004201,0.22176854815578462,0.44832036402320863,0.6290922215232849,0.1370479216823578,0.0,0.5474156787643433,0.030506077597498894,0.3068450739631653,1.1315440585861205
2019-05-02 21:00:00+00:00,2019-05-02 21:15:00+00:00,0.0,0.0,0.0,0.2753036916255951,0.47212550044059753,0.708381712436676,0.16561709344387054,0.0,0.6195443868637085,0.05149918422102928,0.32617345452308655,1.1632113456726074
2019-05-02 21:15:00+00:00,2019-05-02 21:30:00+00:00,0.0,2.0,0.0,0.3426589369773865,0.5361853837966919,0.7825071811676025,0.2249336540699005,0.0,0.6661439538002014,0.09446540474891663,0.40850937366485596,1.1962783336639404
2019-05-02 21:30:00+00:00,2019-05-02 21:45:00+00:00,0.386121,17.0,0.0,0.3900488317012787,0.5559117197990417,0.8632904887199402,0.24716781079769135,0.0,0.7572706937789917,0.1346074342727661,0.42948681116104126,1.2307950258255005
2019-05-02 21:45:00+00:00,2019-05-02 22:00:00+00:00,0.8345040000000001,37.0,0.386121,0.8612268220863342,0.9932829391441345,1.3376677882156371,0.7027892422161102,0.4398750167570114,1.2765386354408264,0.5805349152765273,0.8551962029418945,1.6671732317886352
2019-05-02 22:00:00+00:00,2019-05-02 22:15:00+00:00,1.449766,57.0,0.8345040000000001,1.4656362450637819,1.5408616579093934,1.8837171710052492,1.3204950905361177,1.0353978491344453,1.934549680999756,1.2172480440654756,1.4444596088447572,2.179316750816345
2019-05-02 22:15:00+00:00,2019-05-02 22:30:00+00:00,2.089008,94.0,1.449766,2.2475848395500186,2.2858470279846195,2.6097592909011844,2.0843989450607303,1.773377319065094,2.7023033697280887,1.972734888282776,2.1525141794357303,2.859062751022339
2019-05-02 22:30:00+00:00,2019-05-02 22:45:00+00:00,3.022469,130.0,2.089008,3.0448404813842775,3.0800835157470705,3.4298357034759523,2.831602063282013,2.5055428410606386,3.4922662044601442,2.7355443502502443,2.853322651489258,3.5534388090209963
2019-05-02 22:45:00+00:00,2019-05-02 23:00:00+00:00,4.333984,175.0,3.022469,4.182980016845703,4.197874859947205,4.530823425430298,3.8959618369522095,3.548939959186554,4.550194219726563,3.7975912252845765,3.9183907071533204,4.542031125205994
2019-05-02 23:00:00+00:00,2019-05-02 23:15:00+00:00,5.978875,237.0,4.333984,5.760151368888855,5.753546816619873,6.045693141731262,5.487234217437744,5.080157620223999,6.212763649734497,5.395024282249451,5.516747576507568,5.884772402557373
2019-05-02 23:15:00+00:00,2019-05-02 23:30:00+00:00,7.868657000000001,298.0,5.978875,7.550896961212159,7.5465772933959965,7.829346615791321,7.116874296188355,6.778590280532837,7.90832110118866,7.043457824707032,7.213734228134156,7.56736286354065
2019-05-02 23:30:00+00:00,2019-05-02 23:45:00+00:00,9.863219,357.0,7.868657000000001,9.524884827072144,9.616904146606446,9.7450556825943,8.923640258247376,8.700158066684724,9.712086446220399,8.94658828490448,9.141586668426514,9.49414265864563
2019-05-02 23:45:00+00:00,2019-05-03 00:00:00+00:00,11.77575,414.0,9.863219,11.385747529167176,11.578505493301392,11.734874225753785,10.691266394752503,10.550870157379151,11.387756324905396,10.788697637218476,11.055629588264466,11.517652965682984
2019-05-03 00:00:00+00:00,2019-05-03 00:15:00+00:00,13.804,470.0,11.77575,13.646904189109803,13.736311394691468,13.817650634765625,13.233623582839966,13.22170766067505,14.058825094223023,13.268561560630799,13.42059190940857,13.437375146865845
2019-05-03 00:15:00+00:00,2019-05-03 00:30:00+00:00,14.19775,467.0,13.804,15.411871532440186,15.610384444236756,15.762767414093018,15.01333210849762,14.965831974983216,15.819642881393433,15.262359956741333,15.458974818229676,15.437304595947266
2019-05-03 00:30:00+00:00,2019-05-03 00:45:00+00:00,17.23794,566.0,14.19775,15.98080959701538,16.05547395133972,16.365584043502807,15.17766931438446,15.372893361091613,16.172029165267944,15.611066130638122,15.929807690620422,15.788422850608825
2019-05-03 00:45:00+00:00,2019-05-03 01:00:00+00:00,18.11731,594.0,17.23794,18.488711284103392,18.838552759590147,18.975197003784178,17.563301132621763,17.589509473743437,18.567122386398314,18.275365756454466,18.530227468910216,18.76592271179199
2019-05-03 01:00:00+00:00,2019-05-03 01:15:00+00:00,18.341310999999997,610.0,18.11731,19.33700199180603,19.538966370162964,19.744359565315246,18.76189554983139,19.086926055488586,19.973648143348694,19.461138320503235,19.429099393424988,19.554620457229614
2019-05-03 01:15:00+00:00,2019-05-03 01:30:00+00:00,21.24456,691.0,18.341310999999997,20.0340725404129,19.947537325035093,20.24287953199005,19.077324948917386,19.554026983390806,20.375658534179685,19.78445961297607,19.76783957303619,19.632423422943113
2019-05-03 01:30:00+00:00,2019-05-03 01:45:00+00:00,23.199751000000003,751.0,21.24456,22.85074543624878,23.05413329273224,22.984845754203796,21.582747396526337,22.28814184337616,23.17339062362671,22.423486706314087,22.31173610359192,22.32462179332733
2019-05-03 01:45:00+00:00,2019-05-03 02:00:00+00:00,23.940439,766.0,23.199751000000003,24.875427822662356,24.988189916206363,24.838519672943118,23.20136999160594,23.53312934477425,24.439137796951297,24.077702443195346,23.912517289711,24.058164338661197
2019-05-03 02:00:00+00:00,2019-05-03 02:15:00+00:00,25.533381,838.0,23.940439,25.23636425959015,25.485584750045778,25.205046906341554,24.68591774927521,24.85822649227524,25.681341185440065,25.07470895277405,24.905800893177034,24.50874443279648
2019-05-03 02:15:00+00:00,2019-05-03 02:30:00+00:00,26.287189,867.0,25.533381,26.398091330963133,26.95925749822235,26.29137314839935,26.20835770650482,25.8972885756073,27.093207850891112,26.583322182136534,26.370037928062438,25.87139771862602
2019-05-03 02:30:00+00:00,2019-05-03 02:45:00+00:00,27.235689,908.0,26.287189,26.89282124554062,27.29685460840607,26.66192775284195,26.465753324975015,26.12970354472542,27.23061376129532,26.84829663549805,26.78053989325905,26.40874894027853
2019-05-03 02:45:00+00:00,2019-05-03 03:00:00+00:00,28.02669,937.0,27.235689,27.55848722230339,27.834932223667145,27.07405167888546,26.751955196966172,26.503883794654847,27.49670215021515,27.118746340979577,27.2830969400301,27.162059210945607
2019-05-03 03:00:00+00:00,2019-05-03 03:15:00+00:00,27.309191,895.0,28.02669,28.065653846862315,28.52783619731903,27.60511195034027,28.165572681727408,27.657836818399428,28.827961140575407,28.283285760583876,28.340980076494215,27.758760952653883
2019-05-03 03:15:00+00:00,2019-05-03 03:30:00+00:00,28.917879,967.0,27.309191,27.216080423727988,27.623328458801268,26.900947910085677,27.209934938982485,26.962041061655043,28.061903190151213,27.350235197976588,27.670401018396376,26.901105445161818
2019-05-03 03:30:00+00:00,2019-05-03 03:45:00+00:00,28.41213,954.0,28.917879,28.425612702659606,28.916431775476127,27.997873440078735,28.391864970020293,27.950155153564452,29.07208587198639,28.41149277954483,28.890576984427213,28.318353190711974
2019-05-03 03:45:00+00:00,2019-05-03 04:00:00+00:00,29.79463,1018.0,28.41213,27.92092576802254,28.279406445031167,27.5472538489151,27.601547004585267,27.310006381874086,28.377670029108526,27.662943066959382,28.273859949712755,27.653184177284242
2019-05-03 04:00:00+00:00,2019-05-03 04:15:00+00:00,25.969999,841.0,29.79463,28.516558954124452,29.132568964366914,28.059122750167848,28.770798155670168,28.430911967163087,29.673375995461942,28.738068172340395,29.476422557239534,28.878217765693666
2019-05-03 04:15:00+00:00,2019-05-03 04:30:00+00:00,23.77331,750.0,25.969999,25.709478929208757,25.50988863365555,24.815914317535402,25.60529021875763,25.396267339157106,26.354660287069322,25.55243961470032,26.200739755796434,24.974105521606447
2019-05-03 04:30:00+00:00,2019-05-03 04:45:00+00:00,17.455379,529.0,23.77331,23.013825053272246,23.0709453764534,22.358038837013243,22.97693305641174,23.191814536151885,24.118524277505873,22.99729054599762,23.987777763900755,22.797189706859587
2019-05-03 04:45:00+00:00,2019-05-03 05:00:00+00:00,22.666439,716.0,17.455379,18.474866738609315,17.7956426051178,17.937650045446397,17.839779814771653,18.284267654708863,18.99447607069397,18.295703759483338,18.875453343681336,16.56249355345154
2019-05-03 05:00:00+00:00,2019-05-03 05:15:00+00:00,31.19463,1012.0,22.666439,20.629134360183716,21.773093167175293,20.665629092086792,21.87025308929825,21.59323650919342,23.07985830627823,21.65961951338196,22.921326610673905,21.696690920223237
2019-05-03 05:15:00+00:00,2019-05-03 05:30:00+00:00,17.240129,538.0,31.19463,27.964619013671875,29.591282579307556,28.06269631088257,29.316951724891663,28.622294518356323,29.983748766784668,28.851064059143066,29.902097436790466,29.96265396774292
2019-05-03 05:30:00+00:00,2019-05-03 05:45:00+00:00,15.23375,441.0,17.240129,18.068459039978027,17.03945953255081,17.785272365859985,17.341047538868427,17.85318321590805,18.543203955940246,17.63761002426529,18.05656523113632,16.035275584510803
2019-05-03 05:45:00+00:00,2019-05-03 06:00:00+00:00,13.88691,401.0,15.23375,15.81159640789032,15.493131860494614,15.533914759159089,15.7940344953537,15.676949157714844,16.897027983665467,15.860882892608643,16.517294540405274,14.072658910751343
2019-05-03 06:00:00+00:00,2019-05-03 06:15:00+00:00,19.635,570.0,13.88691,13.824765508178473,13.531723179969788,13.496426352415085,14.121028416905403,14.049601682577133,15.170846858177185,14.120788836035729,14.871311166439057,12.67621413722992
2019-05-03 06:15:00+00:00,2019-05-03 06:30:00+00:00,20.09656,584.0,19.635,17.780483493804933,18.766235480308534,17.60373998641968,19.08220232486725,18.148925433158876,19.92341519355774,18.542167673110963,19.814431155323984,18.408970603942873
2019-05-03 06:30:00+00:00,2019-05-03 06:45:00+00:00,13.51591,391.0,20.09656,17.868025301513672,18.477055071411133,17.711114405212403,18.952613709983826,18.48769223552704,19.86287473004818,18.473682521400452,19.636036305246353,18.78304374080658
2019-05-03 06:45:00+00:00,2019-05-03 07:00:00+00:00,19.35763,566.0,13.51591,13.72130116859436,13.195867926273346,13.234050363693237,13.682114497218132,13.275010839495659,14.529889077339172,13.59297343382597,14.246940642986297,12.229752034339905
2019-05-03 07:00:00+00:00,2019-05-03 07:15:00+00:00,13.82959,444.0,19.35763,16.439376578216553,17.514614686851502,16.528391585235596,16.398304924850464,15.787923798446656,16.58422683227539,16.162605748062134,17.463252172355652,18.025807008628846
2019-05-03 07:15:00+00:00,2019-05-03 07:30:00+00:00,9.828876,281.0,13.82959,13.385967559900283,12.967505909290313,12.805496610488891,11.88144329914093,11.12596861251831,11.997055686798095,11.8683764112854,12.333516515579223,12.541504420127868
2019-05-03 07:30:00+00:00,2019-05-03 07:45:00+00:00,8.886938,258.0,9.828876,9.877926856381654,9.654866110635757,9.593670036746024,8.7373335176239,7.799214344573974,9.0569056087265,8.774577360702514,9.319426339221954,8.69197652871704
2019-05-03 07:45:00+00:00,2019-05-03 08:00:00+00:00,7.127969,187.0,8.886938,8.767280327058316,8.584794932878495,8.34246733216095,8.09318377999115,6.9641424658660895,8.2756036165123,8.218046212471009,8.538339668787003,7.8609413149719245
2019-05-03 08:00:00+00:00,2019-05-03 08:15:00+00:00,6.86175,189.0,7.127969,6.885051641124726,6.864670190471649,6.565752241271973,6.307351920265198,5.34647235597992,6.5014056297721865,6.436941001075745,6.80370581473732,6.214232775825501
2019-05-03 08:15:00+00:00,2019-05-03 08:30:00+00:00,8.359531,229.0,6.86175,5.886026852607727,6.154558175086975,5.653776400566101,5.895685546875,4.918081157684326,6.109880083084106,5.970696919441223,6.42246788072586,6.065266006469726
2019-05-03 08:30:00+00:00,2019-05-03 08:45:00+00:00,6.398656,180.0,8.359531,6.498344138008118,7.033653214317322,6.230368688446045,7.040422633033753,6.1464150694427495,7.113359525543213,6.878705814224244,7.461632683616639,7.659430101257325
2019-05-03 08:45:00+00:00,2019-05-03 09:00:00+00:00,9.938907,278.0,6.398656,5.209572066169739,5.667229820590973,4.902016390663147,5.571765233379364,4.570727576118469,5.7512962711868285,5.396534551483154,6.040314782958984,5.767987419467926
2019-05-03 09:00:00+00:00,2019-05-03 09:15:00+00:00,4.662875,139.0,9.938907,7.982052895004273,8.40050539630127,7.19513544696045,8.461161705429078,7.6918509926147465,8.22863301890564,8.244919392044068,9.037899764949799,9.392563673431397
2019-05-03 09:15:00+00:00,2019-05-03 09:30:00+00:00,4.725985,131.0,4.662875,3.7610121402740475,3.963153782844543,3.437003437042236,3.703466418743133,2.996298614501953,3.8951965603828427,3.554066244125366,4.284371021747589,4.212928685903549
2019-05-03 09:30:00+00:00,2019-05-03 09:45:00+00:00,3.845188,113.0,4.725985,3.4685925935363766,3.836807021961212,3.3530592416381833,3.758093604907989,3.357669899330139,4.071064660415649,3.585845301017761,4.402054945096969,4.3711598013496396
2019-05-03 09:45:00+00:00,2019-05-03 10:00:00+00:00,3.5188129999999997,99.0,3.845188,2.721999385154724,3.0207087180976866,2.616637089050293,3.0498497865562437,2.7956405661468504,3.4624016962413786,2.9202390096549986,3.7397782585983275,3.5725381455783842
2019-05-03 10:00:00+00:00,2019-05-03 10:15:00+00:00,2.305297,69.0,3.5188129999999997,2.367513642585754,2.6860517123107908,2.339722261703491,2.6686944821243284,2.607659445083618,3.044251219308853,2.4868537047271726,3.4272139677171705,3.3845568457012174
2019-05-03 10:15:00+00:00,2019-05-03 10:30:00+00:00,1.650441,49.0,2.305297,1.4635218210906982,1.6890787907333373,1.4694415755958556,1.6529078908653259,1.6008627839775085,2.0581623293848037,1.5106524654121398,2.467989382931709,2.252681715080261
2019-05-03 10:30:00+00:00,2019-05-03 10:45:00+00:00,0.764654,24.0,1.650441,0.8856048078689576,1.0956777424964905,0.9923382492218018,1.1320635171089173,1.0474303455505372,1.530565405026436,0.9915094466362,1.9599056334648133,1.6564514746371508
2019-05-03 10:45:00+00:00,2019-05-03 11:00:00+00:00,0.264161,9.0,0.764654,0.26045270700836176,0.3884781493701934,0.37702508707427973,0.48872562189483637,0.3075572742977142,0.7796308842384219,0.40494130988502497,1.2376423074760436,0.7899329314836263
2019-05-03 11:00:00+00:00,2019-05-03 11:15:00+00:00,0.0,0.0,0.264161,0.0,0.0,0.037893274770736673,0.0,0.0,0.21790926714396475,0.0,0.7008492741451263,0.3595237750277519
2019-05-03 11:15:00+00:00,2019-05-03 11:30:00+00:00,0.0,0.0,0.0,0.0,0.0,0.0,0.0,0.0,0.0,0.0,0.46882474422454834,0.11572287976741791
2019-05-03 11:30:00+00:00,2019-05-03 11:45:00+00:00,0.0,0.0,0.0,0.0,0.0,0.0,0.0,0.0,0.0,0.0,0.26378652453422546,0.13933880627155304
2019-05-03 11:45:00+00:00,2019-05-03 12:00:00+00:00,0.0,0.0,0.0,0.0,0.0,0.0,0.0,0.0,0.0,0.0,0.2202051877975464,0.1620720624923706
2019-05-03 12:00:00+00:00,2019-05-03 12:15:00+00:00,0.0,0.0,0.0,0.0,0.0,0.0,0.0,0.0,0.0,0.0,0.15864640474319458,0.21777409315109253
2019-05-03 12:15:00+00:00,2019-05-03 12:30:00+00:00,0.0,0.0,0.0,0.0,0.03849130868911743,0.0,0.0,0.0,0.0,0.0,0.15230506658554077,0.2333139032125473
2019-05-03 12:30:00+00:00,2019-05-03 12:45:00+00:00,0.0,0.0,0.0,0.0,0.1362924873828888,0.0,0.0,0.0,0.0,0.0,0.20078937709331512,0.23940154910087585
2019-05-03 12:45:00+00:00,2019-05-03 13:00:00+00:00,0.0,0.0,0.0,0.0,0.21982428431510925,0.0,0.0,0.0,0.0,0.0,0.2220565676689148,0.24266621470451355
2019-05-03 13:00:00+00:00,2019-05-03 13:15:00+00:00,0.0,0.0,0.0,0.0,0.2579405903816223,0.0,0.0,0.0,0.0,0.0,0.2525901198387146,0.24080410599708557
2019-05-03 13:15:00+00:00,2019-05-03 13:30:00+00:00,0.0,0.0,0.0,0.0,0.2823208272457123,0.0,0.0,0.0,0.0,0.0,0.2518647015094757,0.27240216732025146
2019-05-03 13:30:00+00:00,2019-05-03 13:45:00+00:00,0.0,0.0,0.0,0.0,0.29785770177841187,0.0,0.0,0.0,0.0,0.0,0.288469523191452,0.2782925069332123
2019-05-03 13:45:00+00:00,2019-05-03 14:00:00+00:00,0.0,0.0,0.0,0.0,0.30948758125305176,0.0,0.0,0.0,0.0,0.0,0.22363151609897614,0.2913127541542053
2019-05-03 14:00:00+00:00,2019-05-03 14:15:00+00:00,0.0,0.0,0.0,0.0,0.32949140667915344,0.0,0.0,0.0,0.0,0.0,0.2946754992008209,0.3005630671977997
2019-05-03 14:15:00+00:00,2019-05-03 14:30:00+00:00,0.0,0.0,0.0,0.0,0.345541387796402,0.0,0.0,0.0,0.0,0.0,0.3389838933944702,0.3069838881492615
2019-05-03 14:30:00+00:00,2019-05-03 14:45:00+00:00,0.0,0.0,0.0,0.0,0.35651689767837524,0.0,0.0,0.0,0.0,0.0,0.38935187458992004,0.30109086632728577
2019-05-03 14:45:00+00:00,2019-05-03 15:00:00+00:00,0.0,0.0,0.0,0.0,0.3688753545284271,0.029262075200676918,0.0,0.0,0.0,0.0,0.38506489992141724,0.30387547612190247
2019-05-03 15:00:00+00:00,2019-05-03 15:15:00+00:00,0.0,0.0,0.0,0.0,0.36862844228744507,0.07649578899145126,0.0,0.0,0.0,0.0,0.4043802320957184,0.28176331520080566
2019-05-03 15:15:00+00:00,2019-05-03 15:30:00+00:00,0.0,0.0,0.0,0.0,0.3568141460418701,0.08177155256271362,0.0,0.0,0.0,0.0,0.39535364508628845,0.27999788522720337
2019-05-03 15:30:00+00:00,2019-05-03 15:45:00+00:00,0.0,0.0,0.0,0.0,0.3394795060157776,0.09941602498292923,0.0,0.0,0.0,0.0,0.39162111282348633,0.2801726460456848
2019-05-03 15:45:00+00:00,2019-05-03 16:00:00+00:00,0.0,0.0,0.0,0.0,0.37226933240890503,0.09055957943201065,0.0,0.0,0.0,0.0,0.40658408403396606,0.27307814359664917
2019-05-03 16:00:00+00:00,2019-05-03 16:15:00+00:00,0.0,0.0,0.0,0.0,0.3738991618156433,0.1426721066236496,0.0,0.0,0.0,0.0,0.4087855815887451,0.27984145283699036
2019-05-03 16:15:00+00:00,2019-05-03 16:30:00+00:00,0.0,0.0,0.0,0.0,0.3687884211540222,0.18567202985286713,0.0,0.0,0.0,0.0,0.39812779426574707,0.2833271622657776
2019-05-03 16:30:00+00:00,2019-05-03 16:45:00+00:00,0.0,0.0,0.0,0.0,0.37009695172309875,0.1901136338710785,0.0,0.0,0.0,0.0,0.36906230449676514,0.2858365476131439
2019-05-03 16:45:00+00:00,2019-05-03 17:00:00+00:00,0.0,0.0,0.0,0.0,0.3512345254421234,0.20289233326911926,0.0,0.0,0.0,0.0,0.3716910481452942,0.2918577194213867
2019-05-03 17:00:00+00:00,2019-05-03 17:15:00+00:00,0.0,0.0,0.0,0.0,0.3826223611831665,0.15371333062648773,0.0,0.0,0.0,0.0,0.3328544497489929,0.2926765978336334
2019-05-03 17:15:00+00:00,2019-05-03 17:30:00+00:00,0.0,0.0,0.0,0.0,0.42351678013801575,0.12134690582752228,0.0,0.0,0.0,0.0,0.3275587558746338,0.31306999921798706
2019-05-03 17:30:00+00:00,2019-05-03 17:45:00+00:00,0.0,0.0,0.0,0.0,0.4276449978351593,0.17139612138271332,0.0,0.0,0.0,0.0,0.373159795999527,0.3307274281978607
2019-05-03 17:45:00+00:00,2019-05-03 18:00:00+00:00,0.0,0.0,0.0,0.0,0.41167011857032776,0.23094704747200012,0.0,0.0,0.008632455952465534,0.0,0.4057026505470276,0.35321980714797974
2019-05-03 18:00:00+00:00,2019-05-03 18:15:00+00:00,0.0,0.0,0.0,0.0,0.393170565366745,0.2636190950870514,0.0,0.0,0.06085236370563507,0.0,0.4187438488006592,0.3454080820083618
2019-05-03 18:15:00+00:00,2019-05-03 18:30:00+00:00,0.0,0.0,0.0,0.0,0.43294861912727356,0.252422571182251,0.0,0.0,0.0,0.0,0.38158124685287476,0.36856207251548767
2019-05-03 18:30:00+00:00,2019-05-03 18:45:00+00:00,0.0,0.0,0.0,0.0,0.46083077788352966,0.2615891396999359,0.0,0.0,0.0,0.0,0.3799355924129486,0.40126073360443115
2019-05-03 18:45:00+00:00,2019-05-03 19:00:00+00:00,0.0,0.0,0.0,0.0,0.47585707902908325,0.27221283316612244,0.0,0.0,0.0,0.0,0.37592554092407227,0.44233882427215576
2019-05-03 19:00:00+00:00,2019-05-03 19:15:00+00:00,0.0,0.0,0.0,0.0,0.4756411015987396,0.23888538777828217,0.0,0.0,0.0,0.0,0.3449406325817108,0.49356895685195923
2019-05-03 19:15:00+00:00,2019-05-03 19:30:00+00:00,0.0,0.0,0.0,0.0,0.4944530129432678,0.263861745595932,0.0,0.0,0.08657805621623993,0.0,0.35086318850517273,0.5360410213470459
2019-05-03 19:30:00+00:00,2019-05-03 19:45:00+00:00,0.0,0.0,0.0,0.0,0.4916055202484131,0.2977861762046814,0.0,0.0,0.08921360224485397,0.0,0.33841392397880554,0.5714802742004395
2019-05-03 19:45:00+00:00,2019-05-03 20:00:00+00:00,0.0,0.0,0.0,0.0,0.4618964195251465,0.3276269733905792,0.0,0.0,0.10520195215940475,0.0,0.3705829977989197,0.5970802307128906
2019-05-03 20:00:00+00:00,2019-05-03 20:15:00+00:00,0.0,0.0,0.0,0.0,0.47935736179351807,0.38107791543006897,0.0,0.0,0.19353561103343964,0.0,0.36522823572158813,0.6562542915344238
2019-05-03 20:15:00+00:00,2019-05-03 20:30:00+00:00,0.0,0.0,0.0,0.0029259654693305492,0.5063298940658569,0.4516785740852356,0.004405071958899498,0.0,0.34279873967170715,0.0,0.3744030296802521,0.7210741639137268
2019-05-03 20:30:00+00:00,2019-05-03 20:45:00+00:00,0.0,0.0,0.0,0.021137509495019913,0.482134610414505,0.5038560628890991,0.0,0.0,0.38628920912742615,0.0,0.3817225694656372,0.7433955669403076
2019-05-03 20:45:00+00:00,2019-05-03 21:00:00+00:00,0.0,0.0,0.0,0.07328519225120544,0.46545544266700745,0.5859159231185913,0.0,0.0,0.4791015684604645,0.0,0.425755113363266,0.7664817571640015
2019-05-03 21:00:00+00:00,2019-05-03 21:15:00+00:00,0.0,0.0,0.0,0.10930082947015762,0.49897921085357666,0.6633499264717102,0.0,0.0,0.5350332856178284,0.0,0.43276405334472656,0.8212819695472717
2019-05-03 21:15:00+00:00,2019-05-03 21:30:00+00:00,0.002912,0.0,0.0,0.20161694288253784,0.5445634722709656,0.7411044836044312,0.07758103311061859,0.06816191226243973,0.6339864730834961,0.032133303582668304,0.42944827675819397,0.8931264877319336
2019-05-03 21:30:00+00:00,2019-05-03 21:45:00+00:00,0.251091,10.0,0.002912,0.2661149950618744,0.5942875893707276,0.7935939581985474,0.07560931909036636,0.09489481168937683,0.7138770373458863,0.044028096079349516,0.4701368661518097,0.9254506381149292
2019-05-03 21:45:00+00:00,2019-05-03 22:00:00+00:00,0.711771,23.0,0.251091,0.5864381457958221,0.894017275730133,1.1179933513793945,0.3745012174639702,0.3873495723400116,1.0481128062400817,0.33608553961849214,0.7670003737602233,1.2151423062477111
2019-05-03 22:00:00+00:00,2019-05-03 22:15:00+00:00,1.983516,65.0,0.711771,1.1632495110950472,1.4119590407333376,1.6671044116935732,0.9706495588741303,0.9174355900011063,1.6874491458854677,0.9253314768991471,1.3037938362083437,1.7374545222244264
2019-05-03 22:15:00+00:00,2019-05-03 22:30:00+00:00,2.414398,90.0,1.983516,2.6377044541511534,2.806619308677673,3.0729339344177244,2.406345747200012,2.277757338968277,3.14978637525177,2.3547709805641173,2.626615248409271,3.104387305465698
2019-05-03 22:30:00+00:00,2019-05-03 22:45:00+00:00,3.199656,117.0,2.414398,3.297386154888153,3.407904848812103,3.7260656807403563,2.954420075176239,2.773011461256027,3.688437626121521,2.959045753238678,3.1407052729110716,3.5984451029281614
2019-05-03 22:45:00+00:00,2019-05-03 23:00:00+00:00,4.3552029999999995,164.0,3.199656,4.254571547370911,4.295251359802246,4.733752121788025,3.7647578023490906,3.576642473798752,4.587014784675598,3.8005596898612977,3.915172269207001,4.43240689263916
2019-05-03 23:00:00+00:00,2019-05-03 23:15:00+00:00,5.768,215.0,4.3552029999999995,5.546281662872314,5.531676975181579,6.0005248460083,5.087439802577972,4.903913227012634,5.908543554237365,5.134717193534851,5.191325870445251,5.646383610656738
2019-05-03 23:15:00+00:00,2019-05-03 23:30:00+00:00,7.16975,260.0,5.768,7.1907476119995115,7.179276578903198,7.524995677947998,6.667979710578918,6.467063301086426,7.447171800613403,6.761909060955047,6.811529629707336,7.122393720626831
2019-05-03 23:30:00+00:00,2019-05-03 23:45:00+00:00,8.358657000000001,296.0,7.16975,8.63117578125,8.725887561798096,8.902197862625123,8.105925763607026,7.922385478973388,8.739166046142579,8.151470387935639,8.216880823135376,8.567344451904297
2019-05-03 23:45:00+00:00,2019-05-04 00:00:00+00:00,11.28466,387.0,8.358657000000001,9.986147162849427,10.09940647834015,10.193256494934083,9.358434376651765,9.17858630173874,9.8883680080719,9.377686140472413,9.524531004364015,9.811107633049012
2019-05-04 00:00:00+00:00,2019-05-04 00:15:00+00:00,12.76056,434.0,11.28466,12.692477721366883,12.87873639503479,12.92059065738678,12.541932720336915,12.495196122322083,13.310435194168091,12.626838106307984,12.578501600418091,12.81230368057251
2019-05-04 00:15:00+00:00,2019-05-04 00:30:00+00:00,10.07519,309.0,12.76056,14.211988413391113,14.369195067939758,14.429010117111206,14.109877193031311,14.092920029220581,14.863684141693115,14.176577413139343,14.153691971359253,14.319577658233642
2019-05-04 00:30:00+00:00,2019-05-04 00:45:00+00:00,16.12669,531.0,10.07519,12.56300681060791,12.228958062591552,12.859786681594848,11.683674625816344,11.873871139945983,12.789323501052856,11.90542703098297,11.828666500511169,11.654611162605285
2019-05-04 00:45:00+00:00,2019-05-04 01:00:00+00:00,17.294809,567.0,16.12669,17.086049169006348,17.6285370287323,17.588331430854797,17.051653057041168,17.029558449687958,17.959163039627075,17.21944758266449,17.275121301116943,17.61841854423523
2019-05-04 01:00:00+00:00,2019-05-04 01:15:00+00:00,18.61125,607.0,17.294809,18.54938401411438,18.78447820375824,18.949067966445924,18.44112087915802,18.87545241545105,19.620849029525758,18.492252008422852,18.68190755079651,18.630867139801026
2019-05-04 01:15:00+00:00,2019-05-04 01:30:00+00:00,19.918501000000003,645.0,18.61125,19.861344056129454,20.071539478302,20.12104948043823,19.53091164112091,19.93004377365112,20.832907037734984,19.670338945388792,19.691103892326353,19.835332112312315
2019-05-04 01:30:00+00:00,2019-05-04 01:45:00+00:00,21.314131,691.0,19.918501000000003,21.78700528581238,21.632091621948245,21.722969631744387,20.831512610507968,21.234800557685855,21.979695419860843,20.72793934781647,21.12268541295624,20.885766129089358
2019-05-04 01:45:00+00:00,2019-05-04 02:00:00+00:00,22.4105,730.0,21.314131,22.691262938934326,23.03986857171631,22.684541680770874,21.764947839933395,21.996616282421112,23.00992069478607,21.909671344715118,22.034122266727447,22.143240489917755
2019-05-04 02:00:00+00:00,2019-05-04 02:15:00+00:00,23.548,772.0,22.4105,23.3950455288887,23.504585693359374,23.25130123901367,23.03775406885147,23.369371901035308,24.380473921775817,23.137241075515746,23.272929857254027,23.037295172691344
2019-05-04 02:15:00+00:00,2019-05-04 02:30:00+00:00,24.528879,808.0,23.548,24.350289962768553,24.70914592552185,24.008486471652983,24.145142219543455,24.537848136901854,25.60697569656372,24.058227680206297,24.557553432464598,23.96107935118675
2019-05-04 02:30:00+00:00,2019-05-04 02:45:00+00:00,23.81138,769.0,24.528879,25.668085528663635,26.09765191202545,25.136061323932648,25.346848858646393,25.322096539787292,26.710425688079834,25.321913374713898,25.519284440330505,24.735946757844925
2019-05-04 02:45:00+00:00,2019-05-04 03:00:00+00:00,25.87331,854.0,23.81138,24.761102290039062,24.84904167163849,24.223862380867004,24.034728662257194,24.324536294822693,25.314448208694458,24.29911181438446,24.437541456108093,23.842550662492513
2019-05-04 03:00:00+00:00,2019-05-04 03:15:00+00:00,24.528879,886.0,25.87331,26.08128137916088,26.379389494953156,25.218817085323334,26.169646352825165,25.80704852968216,27.28312101989746,26.2510597112751,26.2160751822567,25.676986083683968
2019-05-04 03:15:00+00:00,2019-05-04 03:30:00+00:00,26.988939,908.0,24.528879,24.486671416214943,25.059125019363403,24.077851338438034,24.49021177565241,24.743514610580444,26.15012390737915,24.717996208123207,24.864096893123627,24.238304032138824
2019-05-04 03:30:00+00:00,2019-05-04 03:45:00+00:00,27.249689,902.0,26.988939,27.091713292230605,27.310401899446486,26.369201970924376,26.65173573576355,26.711018813480376,27.938763154376982,26.900117357899187,27.048456558664082,26.49366907559776
2019-05-04 03:45:00+00:00,2019-05-04 04:00:00+00:00,27.39625,912.0,27.249689,26.89031501327896,27.25727608966896,26.348907785762787,26.516329305519104,26.5720949343338,27.75131447826767,26.740423815597534,27.107162865151405,26.553932981838226
2019-05-04 04:00:00+00:00,2019-05-04 04:15:00+00:00,27.28688,908.0,27.39625,27.18134736061096,27.60941036581993,26.65838777065277,27.369441099241374,26.734259893894194,28.304775109291075,27.45477263048291,27.36205772101879,26.454943468570708
2019-05-04 04:15:00+00:00,2019-05-04 04:30:00+00:00,27.405439,901.0,27.28688,26.54723302877426,26.988102449541092,26.067468150024414,26.743940515880585,26.52594570672989,27.81829897916794,26.79891715801239,27.15091153836727,26.151479466323853
2019-05-04 04:30:00+00:00,2019-05-04 04:45:00+00:00,27.33806,893.0,27.405439,26.39733765589142,26.749952297080995,25.926639060844423,26.19481227861786,26.235012750495912,27.44324934052372,26.432163994182588,26.841741065849305,26.196729998458864
2019-05-04 04:45:00+00:00,2019-05-04 05:00:00+00:00,27.160879,865.0,27.33806,26.779686727581023,26.87632794028282,26.125011422691344,26.441350319442748,26.27320561653137,27.483299278674124,26.44017020708084,26.90175599699974,25.96992204433441
2019-05-04 05:00:00+00:00,2019-05-04 05:15:00+00:00,26.645059999999997,855.0,27.160879,26.121670230201723,26.39070354299927,25.55020926790619,26.33014754848862,25.848024829200746,26.899942918590547,26.05291090803528,26.511873348526002,25.61701856451416
2019-05-04 05:15:00+00:00,2019-05-04 05:30:00+00:00,26.631941,837.0,26.645059999999997,25.741898891506192,25.867858168659208,25.126798328933713,25.61654013114929,25.54213589149475,26.572547365901467,25.4373111100769,26.0624508829689,25.054325160560605
2019-05-04 05:30:00+00:00,2019-05-04 05:45:00+00:00,26.030379999999997,819.0,26.631941,25.796444395557405,25.944560030475618,25.32094565965271,25.701097229496003,25.224385896698,26.371621886268617,25.413169542327882,25.989417353645326,24.975106874481202
2019-05-04 05:45:00+00:00,2019-05-04 06:00:00+00:00,25.08713,767.0,26.030379999999997,24.67005394828796,24.887510050659177,24.32871614826202,24.600692619209287,24.473176826362607,25.530876476888654,24.457199443702695,25.108049680118558,24.354314912681577
2019-05-04 06:00:00+00:00,2019-05-04 06:15:00+00:00,24.153060999999997,739.0,25.08713,24.013685037498472,24.13489269197464,23.66585998714447,23.694883872871397,23.448710848693846,24.483723153476713,23.56739907444,24.14241551340103,23.36467986286163
2019-05-04 06:15:00+00:00,2019-05-04 06:30:00+00:00,23.307369,696.0,24.153060999999997,22.800527778755185,23.36097398151016,22.785102692733762,23.028299895416257,22.31138798345184,23.604555276523588,22.67092796910858,23.296123233924863,22.36665388692474
2019-05-04 06:30:00+00:00,2019-05-04 06:45:00+00:00,21.80106,655.0,23.307369,21.754816180747987,22.201560265106203,21.56332386164093,22.093047625106813,21.442196613830568,22.67266202597046,21.686581737083436,22.442350513023378,21.465345746559144
2019-05-04 06:45:00+00:00,2019-05-04 07:00:00+00:00,20.11319,592.0,21.80106,20.2555277734375,20.671632090148925,20.071820536193847,20.540433683929443,19.90653089576721,21.368133464393615,20.16747263961792,20.986457326946258,19.956252494392395
2019-05-04 07:00:00+00:00,2019-05-04 07:15:00+00:00,19.10475,584.0,20.11319,18.572328751029968,19.095252935829162,18.475124185028076,18.27926689857483,17.342720334472656,18.646821563186645,18.239000980796813,18.819710080566406,18.274344508590698
2019-05-04 07:15:00+00:00,2019-05-04 07:30:00+00:00,17.573059,533.0,19.10475,16.941740118026733,17.31426473712921,16.63555916404724,16.68859895324707,16.219434343338012,17.215586267471313,16.779085718154906,17.37435515975952,17.279845081329345
2019-05-04 07:30:00+00:00,2019-05-04 07:45:00+00:00,15.80688,473.0,17.573059,15.996360219940186,16.564807690605164,15.73593024156952,15.75995937727356,14.806002296432496,16.291726030334473,15.560087598785401,16.25011447809601,15.78050950907135
2019-05-04 07:45:00+00:00,2019-05-04 08:00:00+00:00,15.02025,446.0,15.80688,14.006283524398803,14.610831501846313,13.904792669181823,14.041598322753906,13.350162747268676,14.694122317199707,13.81709420955658,14.610285284881591,14.061661007766723
2019-05-04 08:00:00+00:00,2019-05-04 08:15:00+00:00,9.641407,291.0,15.02025,12.737704910278321,13.459365643501283,12.689368642807008,12.979835428237916,12.419585861206055,13.752819217681886,12.946683086395264,13.737186707496644,13.357593096733094
2019-05-04 08:15:00+00:00,2019-05-04 08:30:00+00:00,5.695375,167.0,9.641407,8.45621536868286,9.085967885429381,8.432766543800353,8.57860432761383,7.923364030296325,9.464501561696052,8.327630626136779,9.168718414480209,8.083063827926635
2019-05-04 08:30:00+00:00,2019-05-04 08:45:00+00:00,4.58336,134.0,5.695375,4.662251268386841,5.457562644839287,4.963510249614716,5.09609875535965,4.904717479705811,6.290162776470185,4.924907837867737,5.862481211185456,4.295678053855896
2019-05-04 08:45:00+00:00,2019-05-04 09:00:00+00:00,3.1100779999999997,92.0,4.58336,3.667471511707306,4.52125167329669,3.9357575014686583,4.395923255429268,3.9602684215164183,5.534363849506378,4.304671748027801,5.138115091667175,3.3190904096221923
2019-05-04 09:00:00+00:00,2019-05-04 09:15:00+00:00,3.792469,110.0,3.1100779999999997,1.7380472649841305,2.7787553300170895,2.1899199713973996,2.2969806422500607,2.243741713932037,3.0397535120158192,2.23685064213562,3.2052439530401227,2.0343629349975583
2019-05-04 09:15:00+00:00,2019-05-04 09:30:00+00:00,3.267305,96.0,3.792469,2.0183647624435426,3.138335620540619,2.5182803622665406,2.722095226425171,2.7234608880462647,3.364010726589203,2.6525964490356446,3.670735140818596,2.8880892745437623
2019-05-04 09:30:00+00:00,2019-05-04 09:45:00+00:00,1.511699,46.0,3.267305,1.7271368338394164,2.6723391248512267,2.130628211669922,2.3163516952323913,2.2081557347106933,2.8871332837867736,2.2198723389434813,3.074783457689285,2.5323423578071593
2019-05-04 09:45:00+00:00,2019-05-04 10:00:00+00:00,1.0393629999999998,34.0,1.511699,0.28933159410858145,1.1412871271362304,0.8495858103027343,0.7825789242973327,0.8241282492866515,1.5014479296272396,0.6659837752571105,1.4750119388093947,0.9315773040046691
2019-05-04 10:00:00+00:00,2019-05-04 10:15:00+00:00,0.54291,19.0,1.0393629999999998,0.0,0.8106896909122465,0.586283448541641,0.23581299504089337,0.47534182986068707,0.6157142551784514,0.4184546204452513,0.9843924859707354,0.6985040040855406
2019-05-04 10:15:00+00:00,2019-05-04 10:30:00+00:00,0.320558,12.0,0.54291,0.0,0.5522571482396126,0.386120443854332,0.0,0.18493478528022766,0.45247199914216996,0.10892330637931824,0.8341922663784027,0.34357464841365815
2019-05-04 10:30:00+00:00,2019-05-04 10:45:00+00:00,0.335412,12.0,0.320558,0.0,0.4454752538518906,0.2530584741549492,0.0,0.11316678264904023,0.44200919160413743,0.0,0.7392332736568451,0.203778411837101
2019-05-04 10:45:00+00:00,2019-05-04 11:00:00+00:00,0.057239,4.0,0.335412,0.0,0.5065816237325669,0.2939967482085228,0.0,0.21861943292570113,0.602419201910019,0.07022989231300353,0.824979369222641,0.25099485057544707
2019-05-04 11:00:00+00:00,2019-05-04 11:15:00+00:00,0.0,0.0,0.057239,0.0,0.2908968518152237,0.09370584810519218,0.0,0.0,0.18166629622125624,0.0,0.5826343337669373,0.05069691013911366
2019-05-04 11:15:00+00:00,2019-05-04 11:30:00+00:00,0.0,0.0,0.0,0.0,0.2301056981086731,0.0,0.0,0.0,0.01360184047371149,0.0,0.38222452998161316,0.016338709741830826
2019-05-04 11:30:00+00:00,2019-05-04 11:45:00+00:00,0.0,0.0,0.0,0.0,0.2577039897441864,0.0,0.0,0.0,0.0007874469738453627,0.0,0.3387579619884491,0.030367257073521614
2019-05-04 11:45:00+00:00,2019-05-04 12:00:00+00:00,0.0,0.0,0.0,0.0,0.27673545479774475,0.0,0.0,0.0,0.0,0.0,0.2989630401134491,0.05168939009308815
2019-05-04 12:00:00+00:00,2019-05-04 12:15:00+00:00,0.0,0.0,0.0,0.0,0.30601662397384644,0.0031757233664393425,0.0,0.0,0.014417027123272419,0.0,0.34359028935432434,0.12252125144004822
2019-05-04 12:15:00+00:00,2019-05-04 12:30:00+00:00,0.0,0.0,0.0,0.0,0.3087293207645416,0.0,0.0,0.0,0.0,0.0,0.26477035880088806,0.18450810015201569
2019-05-04 12:30:00+00:00,2019-05-04 12:45:00+00:00,0.0,0.0,0.0,0.0,0.32457223534584045,0.0,0.0,0.0,0.0,0.0,0.3150278627872467,0.1797037124633789
2019-05-04 12:45:00+00:00,2019-05-04 13:00:00+00:00,0.0,0.0,0.0,0.0,0.3461172580718994,0.0,0.0,0.0,0.0,0.0,0.31858211755752563,0.18338358402252197
2019-05-04 13:00:00+00:00,2019-05-04 13:15:00+00:00,0.0,0.0,0.0,0.0,0.3625527024269104,0.0,0.0,0.0,0.0,0.0,0.36615392565727234,0.17341983318328857
2019-05-04 13:15:00+00:00,2019-05-04 13:30:00+00:00,0.0,0.0,0.0,0.0,0.37067192792892456,0.0,0.0,0.0,0.0,0.0,0.36105406284332275,0.19632083177566528
2019-05-04 13:30:00+00:00,2019-05-04 13:45:00+00:00,0.0,0.0,0.0,0.0,0.3885590434074402,0.0,0.0,0.0,0.0,0.0,0.3519364893436432,0.23023033142089844
2019-05-04 13:45:00+00:00,2019-05-04 14:00:00+00:00,0.0,0.0,0.0,0.0,0.41682562232017517,0.0,0.0,0.0,0.0,0.0,0.3249301314353943,0.25708431005477905
2019-05-04 14:00:00+00:00,2019-05-04 14:15:00+00:00,0.0,0.0,0.0,0.0,0.43138089776039124,0.0,0.0,0.0,0.0,0.0,0.4368228316307068,0.1994645744562149
2019-05-04 14:15:00+00:00,2019-05-04 14:30:00+00:00,0.0,0.0,0.0,0.0,0.452894389629364,0.0,0.0,0.0,0.0,0.0,0.40672776103019714,0.2177959382534027
2019-05-04 14:30:00+00:00,2019-05-04 14:45:00+00:00,0.0,0.0,0.0,0.0,0.46142467856407166,0.010645894333720207,0.0,0.0,0.0,0.0,0.4331301748752594,0.21430610120296478
2019-05-04 14:45:00+00:00,2019-05-04 15:00:00+00:00,0.0,0.0,0.0,0.0,0.47044435143470764,0.0,0.0,0.0,0.0,0.0,0.37559589743614197,0.2304123193025589
2019-05-04 15:00:00+00:00,2019-05-04 15:15:00+00:00,0.0,0.0,0.0,0.0,0.43860265612602234,0.0,0.0,0.0,0.0,0.0,0.32134875655174255,0.1954711228609085
2019-05-04 15:15:00+00:00,2019-05-04 15:30:00+00:00,0.0,0.0,0.0,0.0,0.40896499156951904,0.0,0.0,0.0,0.0,0.0,0.3082877993583679,0.21647502481937408
2019-05-04 15:30:00+00:00,2019-05-04 15:45:00+00:00,0.0,0.0,0.0,0.0,0.4608913064002991,0.0,0.0,0.0,0.0,0.0,0.2263810634613037,0.2670672535896301
2019-05-04 15:45:00+00:00,2019-05-04 16:00:00+00:00,0.0,0.0,0.0,0.0,0.552833616733551,0.01602240279316902,0.0,0.0,0.0,0.0,0.25288110971450806,0.32019829750061035
2019-05-04 16:00:00+00:00,2019-05-04 16:15:00+00:00,0.0,0.0,0.0,0.0,0.5567967295646667,0.018305247649550438,0.0,0.0,0.0,0.0,0.1622573435306549,0.34463730454444885
2019-05-04 16:15:00+00:00,2019-05-04 16:30:00+00:00,0.0,0.0,0.0,0.0,0.5698245763778687,0.04697089642286301,0.0,0.0,0.0,0.0,0.12006547302007675,0.3677343428134918
2019-05-04 16:30:00+00:00,2019-05-04 16:45:00+00:00,0.0,0.0,0.0,0.0,0.5361090898513794,0.03167882189154625,0.0,0.0,0.0,0.0,0.09484339505434036,0.3721916377544403
2019-05-04 16:45:00+00:00,2019-05-04 17:00:00+00:00,0.0,0.0,0.0,0.0,0.5064525008201599,0.05147682502865791,0.0,0.0,0.0,0.0,0.11682767421007156,0.38999250531196594
2019-05-04 17:00:00+00:00,2019-05-04 17:15:00+00:00,0.0,0.0,0.0,0.0,0.48276248574256897,0.09778343886137009,0.0,0.0,0.0,0.0,0.1267291009426117,0.4097525179386139
2019-05-04 17:15:00+00:00,2019-05-04 17:30:00+00:00,0.0,0.0,0.0,0.0,0.5443801879882812,0.16426026821136475,0.0,0.0,0.0,0.0,0.04688270762562752,0.4611516296863556
2019-05-04 17:30:00+00:00,2019-05-04 17:45:00+00:00,0.0,0.0,0.0,0.0,0.553148627281189,0.20952238142490387,0.0,0.0,0.0,0.0,0.024544397369027138,0.4962601065635681
2019-05-04 17:45:00+00:00,2019-05-04 18:00:00+00:00,0.0,0.0,0.0,0.0,0.49317342042922974,0.21362043917179108,0.0,0.0,0.0,0.0,0.048872556537389755,0.500825047492981
2019-05-04 18:00:00+00:00,2019-05-04 18:15:00+00:00,0.0,0.0,0.0,0.0,0.5435460209846497,0.28847387433052063,0.0,0.0,0.0,0.0,0.01791433058679104,0.5507919788360596
2019-05-04 18:15:00+00:00,2019-05-04 18:30:00+00:00,0.0,0.0,0.0,0.0,0.4927310645580292,0.29581117630004883,0.0,0.0,0.0,0.0,0.02906075306236744,0.5608839988708496
2019-05-04 18:30:00+00:00,2019-05-04 18:45:00+00:00,0.0,0.0,0.0,0.0,0.5410454273223877,0.3698764443397522,0.0,0.0,0.07624819874763489,0.0,0.025042586028575897,0.6127999424934387
2019-05-04 18:45:00+00:00,2019-05-04 19:00:00+00:00,0.0,0.0,0.0,0.0,0.5365228056907654,0.36983397603034973,0.0,0.0,0.07402738183736801,0.0,0.01154026947915554,0.6269475817680359
2019-05-04 19:00:00+00:00,2019-05-04 19:15:00+00:00,0.0,0.0,0.0,0.0,0.488349050283432,0.3923839032649994,0.0,0.0,0.11151239275932312,0.0,0.02257777750492096,0.6401908993721008
2019-05-04 19:15:00+00:00,2019-05-04 19:30:00+00:00,0.0,0.0,0.0,0.0006786005105823278,0.4825713336467743,0.44363781809806824,0.0,0.0,0.17158621549606323,0.0,0.0429069884121418,0.6859968304634094
2019-05-04 19:30:00+00:00,2019-05-04 19:45:00+00:00,0.0,0.0,0.0,0.03540193289518356,0.4709511399269104,0.5197381377220154,0.0,0.0,0.25288018584251404,0.0,0.06492036581039429,0.7244555950164795
2019-05-04 19:45:00+00:00,2019-05-04 20:00:00+00:00,0.0,0.0,0.0,0.11064296215772629,0.47381824254989624,0.6079424023628235,0.00863069947808981,0.0,0.37399327754974365,0.0,0.14769139885902405,0.7727731466293335
2019-05-04 20:00:00+00:00,2019-05-04 20:15:00+00:00,0.0,0.0,0.0,0.13505664467811584,0.4799770414829254,0.6643481850624084,0.0,0.0,0.39391079545021057,0.0,0.13269862532615662,0.7991147637367249
2019-05-04 20:15:00+00:00,2019-05-04 20:30:00+00:00,0.0,0.0,0.0,0.17818978428840637,0.48781365156173706,0.7222180366516113,0.007446662522852421,0.0,0.45582377910614014,0.0,0.18285955488681793,0.8382188677787781
2019-05-04 20:30:00+00:00,2019-05-04 20:45:00+00:00,0.0,0.0,0.0,0.22373491525650024,0.5090120434761047,0.7851912975311279,0.016244547441601753,0.0338667556643486,0.5215440392494202,0.0,0.22491666674613953,0.8754060864448547
2019-05-04 20:45:00+00:00,2019-05-04 21:00:00+00:00,0.0,0.0,0.0,0.2229994237422943,0.5112773180007935,0.833679735660553,0.03779829666018486,0.03193305805325508,0.543745756149292,0.0,0.18305879831314087,0.9152611494064331
2019-05-04 21:00:00+00:00,2019-05-04 21:15:00+00:00,0.0,0.0,0.0,0.25936660170555115,0.5464133024215698,0.8828979134559631,0.07410447299480438,0.08289175480604172,0.6374914646148682,0.0,0.18859055638313293,0.9736489057540894
2019-05-04 21:15:00+00:00,2019-05-04 21:30:00+00:00,0.0,2.0,0.0,0.3268592655658722,0.5901681184768677,0.9462075233459473,0.07449212670326233,0.1358577311038971,0.7415093183517456,0.0,0.25169244408607483,1.0070703029632568
2019-05-04 21:30:00+00:00,2019-05-04 21:45:00+00:00,0.428511,16.0,0.0,0.3617255389690399,0.6281032562255859,1.0409451723098755,0.0847877711057663,0.1633540838956833,0.7905767560005188,0.0,0.29665881395339966,1.04684579372406
2019-05-04 21:45:00+00:00,2019-05-04 22:00:00+00:00,1.179828,43.0,0.428511,1.0012122753486632,1.1525287989006041,1.5893653395996092,0.6318600091562271,0.7422334316596985,1.4456968072280882,0.45023192907130716,0.7493035856113434,1.5792486432418822
2019-05-04 22:00:00+00:00,2019-05-04 22:15:00+00:00,2.082008,66.0,1.179828,2.0141782283096314,2.058785748413086,2.508519005706787,1.5187117277889253,1.6444119035511018,2.412608456542969,1.4394675313739778,1.7128993391304017,2.4373951672821046
2019-05-04 22:15:00+00:00,2019-05-04 22:30:00+00:00,3.056977,102.0,2.082008,3.1172718959884644,3.0606378871040345,3.5638884264068604,2.4851287859516145,2.582501586063385,3.3869270044403077,2.4019838529663087,2.672609444244385,3.4063633638458253
2019-05-04 22:30:00+00:00,2019-05-04 22:45:00+00:00,3.376625,110.0,3.056977,4.355484452011108,4.284042563201904,4.753588762046814,3.6133674643058775,3.641896989109039,4.524678196670532,3.5919117591400145,3.847329702140808,4.440575208427429
2019-05-04 22:45:00+00:00,2019-05-04 23:00:00+00:00,4.542125,153.0,3.376625,4.858472524642945,4.8653518543243415,5.268763123512269,4.045403538703919,4.007336495876313,4.93885451412201,4.062125085353852,4.331521450042725,4.792113839149476
2019-05-04 23:00:00+00:00,2019-05-04 23:15:00+00:00,5.348438,177.0,4.542125,6.111635340690613,6.155110134124756,6.598656190872193,5.223586930274964,5.207037283420563,6.195431245803833,5.302577032089234,5.603321684837342,5.968042148590088
2019-05-04 23:15:00+00:00,2019-05-04 23:30:00+00:00,6.388375,210.0,5.348438,7.026449059761047,7.078343366897583,7.600736355102539,6.048218106544494,6.038747703350067,7.039405798233032,6.176040624893188,6.474978184020996,6.768009042060852
2019-05-04 23:30:00+00:00,2019-05-04 23:45:00+00:00,6.750844,222.0,6.388375,8.067516521453857,8.141896800041199,8.677452997207642,6.931801811695099,7.031618193626404,7.933143929481506,7.102657035827637,7.468679265022278,7.781170920372009
