origin_utc,target_utc,actual_MW,target_irradiance_Wm2,persistence_seed0,GRU_local_seed17,GRU_local_seed42,GRU_local_seed2026,GRU_local_surface_seed17,GRU_local_surface_seed42,GRU_local_surface_seed2026,GRU_local_surface_pressure_seed17,GRU_local_surface_pressure_seed42,GRU_local_surface_pressure_seed2026,HGB_local_seed42,HGB_local_surface_seed42,HGB_local_surface_pressure_seed42,LSTM_seed17,LSTM_seed42,LSTM_seed2026,irradiance_scene,ramp_scene,delta_power_MW
2019-04-25 00:00:00+00:00,2019-04-25 01:00:00+00:00,1.161535,63.0,0.835516,4.302289509979248,3.1238019706878664,4.987426781860352,2.264047646728516,2.4267409088287355,2.7305367233428957,1.236679846254349,2.173248672691346,2.1576644422683717,8.541655935836376,6.501868056815054,7.900367794978231,1.927512431350708,2.5866394283447267,2.898759627548218,day_low,day_stable,0.32601899999999995
2019-04-25 00:15:00+00:00,2019-04-25 01:15:00+00:00,0.913692,41.0,1.09725,4.948569551467895,3.642918125152588,5.578159824371338,2.783914819717407,2.9891252670288084,3.130383506774902,1.7709639225006104,2.763187066078186,2.4899239692687987,10.698519529305784,6.98465564502148,9.006150720805017,2.2805785093307493,2.9618985805511473,3.2160847339630125,day_low,day_stable,-0.1835580000000001
2019-04-25 00:30:00+00:00,2019-04-25 01:30:00+00:00,1.219422,70.0,1.392316,5.551812307373047,4.094378845230103,6.172348157897949,3.2725243730697633,3.4391096992645265,3.5943108959350587,2.1468388004455567,3.107064740196228,2.8915211124572755,11.725732526773433,8.904424297707703,11.21201041641076,2.6417572660598756,3.355445758834839,3.5622040195617677,day_low,day_stable,-0.1728940000000001
2019-04-25 00:45:00+00:00,2019-04-25 01:45:00+00:00,1.308563,63.0,1.280207,5.5407770492858885,4.086905799133301,6.150863967163086,3.278324685317993,3.440276227218628,3.5544072010345458,2.0867230512924193,3.149166665298462,2.826508245689392,11.449250791127678,8.904424297707703,11.35818231381189,2.5586125471420287,3.305527768356323,3.4731636860198973,day_low,day_stable,0.028355999999999826
2019-04-25 01:00:00+00:00,2019-04-25 02:00:00+00:00,1.335988,68.0,1.161535,5.480599617156982,4.035929655227661,6.068797325286865,3.232893203887939,3.410345291290283,3.457936023864746,2.0275886408424375,3.1580252400970457,2.745439385566711,11.449250791127678,9.061511692031567,10.452027500667995,2.4771321765518186,3.249150489959717,3.360857462081909,day_low,day_stable,0.17445299999999997
2019-04-25 01:15:00+00:00,2019-04-25 02:15:00+00:00,2.38268,132.0,0.913692,5.135877611724854,3.767388823120118,5.684710981933594,2.9596188093109133,3.160475971786499,3.1527438188476564,1.7757270956916809,3.0086922670288088,2.4748787904663088,10.777921669253256,9.093490527402231,10.993870629392612,2.216474416343689,3.02217006930542,3.092449429122925,day_low,day_stable,1.4689880000000002
2019-04-25 01:30:00+00:00,2019-04-25 02:30:00+00:00,3.207477,185.0,1.219422,5.29931701953125,3.863169806549072,5.799015658447265,3.1269474201889036,3.212562697479248,3.4651535921783445,1.9289775067062376,3.046315091201782,2.8279844694824217,10.62336551495979,8.849254331548842,11.186043041088617,2.462072985717773,3.379853146621704,3.4338473253936765,day_low,day_stable,1.988055
2019-04-25 01:45:00+00:00,2019-04-25 02:45:00+00:00,3.845297,223.0,1.308563,5.2546644270782465,3.9453046381835937,5.8941342890624995,3.2113726199035644,3.334666973388672,3.5793142378692626,2.0738418162231445,3.2486696303253173,2.92769301537323,10.805215184194209,9.128683090391204,11.273666007642223,2.545616871154785,3.502394920623779,3.513575559890747,day_low,day_stable,2.536734
2019-04-25 02:00:00+00:00,2019-04-25 03:00:00+00:00,4.544094,265.0,1.335988,5.472132638061524,4.195069983566285,6.065323308074952,3.4542233496551513,3.655291750991821,3.729841902816773,2.2273449450378418,3.65184493359375,2.9755878001098632,10.705235121367568,9.086432930620935,10.682044398627395,2.6148728876953125,3.5594296007995605,3.487306311691284,day_low,day_stable,3.2081060000000003
2019-04-25 02:15:00+00:00,2019-04-25 03:15:00+00:00,3.4482660000000003,211.0,2.38268,6.679304183654786,5.392606319122315,7.016737521820069,4.7352047573852545,4.785238326721192,5.027939380340577,3.3155304204750062,4.649953902893067,4.158825815849305,12.843587919564676,12.121631289962414,11.817095516480268,3.635008753471374,4.7109809529113775,4.571281016998292,day_low,day_stable,1.0655860000000001
2019-04-25 02:30:00+00:00,2019-04-25 03:30:00+00:00,3.245211,179.0,3.207477,7.296738531829834,6.551005985977173,7.453141596557617,5.906708624603271,5.819446947814941,6.1125005748291015,4.346449163200378,5.488410856964111,5.17391815447998,13.953436323712184,12.859470207360715,12.341619026094168,4.491518166305542,5.690056231262207,5.424076225997925,day_low,day_stable,0.037733999999999934
2019-04-25 02:45:00+00:00,2019-04-25 03:45:00+00:00,4.139844,248.0,3.845297,7.730920693466187,7.497597119400025,7.671027323791504,6.943057915756226,6.870134732315064,7.034679076263428,5.258755943367005,6.240913531372071,6.037142655441285,13.047043687737386,11.752477919847529,11.5170156681451,5.168431541511536,6.4541698904724125,6.125898739883423,day_low,day_stable,0.2945470000000001
2019-04-25 03:00:00+00:00,2019-04-25 04:00:00+00:00,5.12061,298.0,4.544094,8.237157497543336,8.48560396208191,7.985788259643555,7.914984140533448,7.893790159362793,7.904166135925293,6.214156422752381,7.185797844070435,6.849672708648682,11.741955939831456,11.95597464596549,11.544868699977467,5.923208866256714,7.173525247711182,6.802878294128418,day_medium,day_stable,0.5765159999999998
2019-04-25 03:15:00+00:00,2019-04-25 04:15:00+00:00,5.090641000000001,315.0,3.4482660000000003,7.192429990020752,7.318830222335816,6.633650511947632,6.707954138961792,6.704698294845581,6.6632511322174075,4.946558922973633,6.123634070602417,5.57756230279541,13.025277680896153,12.566267609480011,11.97963700672444,4.759923428741455,6.018397301879883,5.628509015289307,day_medium,day_stable,1.6423750000000004
2019-04-25 03:30:00+00:00,2019-04-25 04:30:00+00:00,4.103422,247.0,3.245211,7.288950318847656,7.060238952194213,6.447906131301879,6.435688848052978,6.54046451524353,6.422378415618896,4.7658634133682245,6.233437175308227,5.342932576690673,13.0512145348647,12.773873440320571,12.006894492000704,4.59246897176361,5.6725488849029535,5.321428889785766,day_low,day_stable,0.8582110000000003
2019-04-25 03:45:00+00:00,2019-04-25 04:45:00+00:00,5.617172,351.0,4.139844,7.422903597015381,7.74220520223999,6.656111776489258,7.199675380844116,7.286204635757446,7.216342508453369,5.570405423301697,6.875071823257446,6.104303776878357,12.540945246115257,12.626609578760778,11.81765981492167,5.390642344612122,6.523484766143799,6.171486198562622,day_medium,day_stable,1.477328
2019-04-25 04:00:00+00:00,2019-04-25 05:00:00+00:00,5.868625,385.0,5.12061,7.953143359527588,8.74604487548828,7.425040723190308,8.238929988250732,8.448637248382568,8.568821431503295,6.952242375717163,8.254754783020019,7.511373521194458,13.61719657441608,12.756164115333224,12.285984802471246,6.716606975898743,7.461292983398438,7.084427358016968,day_medium,day_stable,0.7480149999999997
2019-04-25 04:15:00+00:00,2019-04-25 05:15:00+00:00,6.35775,417.0,5.090641000000001,7.131833770004273,8.592633225646974,6.935211994377137,8.15922377320862,8.429393508163454,8.74925325128174,7.039406873908997,8.231125094619753,7.698535897460938,11.796679210762564,12.302770316365336,11.750731222818454,6.811832883087159,7.375553824630738,7.042591550079346,day_medium,day_stable,1.2671089999999996
2019-04-25 04:30:00+00:00,2019-04-25 05:30:00+00:00,7.533313000000001,492.0,4.103422,6.553434922286987,7.321746899673462,5.712480380126953,7.0466836233825685,7.301864459106445,7.504412962982178,5.812520935127258,7.150148703643799,6.393253638336182,11.339259793062926,11.3713410236293,12.18603819450347,5.54871339995575,6.340118720123291,5.947809292861939,day_medium,day_stable,3.4298910000000005
2019-04-25 04:45:00+00:00,2019-04-25 05:45:00+00:00,9.78775,749.0,5.617172,6.734683630058289,8.665894505569458,6.572727081367493,8.34675979335022,8.60547446925354,9.210628745147703,7.533715364524841,8.411819455215454,8.075129029342651,11.950901383382408,11.391842896594367,12.323440896856194,7.45873260218811,7.766428229400635,7.394397613594055,day_high,day_stable,4.170578000000001
2019-04-25 05:00:00+00:00,2019-04-25 06:00:00+00:00,8.899405999999999,594.0,5.868625,6.207952275753021,8.660579517364502,6.393229797363281,8.451403692245483,8.797724321365356,9.655802085876465,7.797340229034424,8.541426971435547,8.499770238876343,12.28294245682804,12.371080972816708,11.892714024274111,7.837509944915771,7.923491313934326,7.676212742805481,day_medium,day_stable,3.0307809999999993
2019-04-25 05:15:00+00:00,2019-04-25 06:15:00+00:00,7.4445,516.0,6.35775,6.1891829087734225,8.882378162384033,6.377114232197404,8.868196786880493,9.217290700912477,10.241582931518554,8.358415187835693,8.900990308761596,9.027307571411132,13.866536042179652,15.15839322139228,14.95278919934233,8.454258264541625,8.338867725372314,8.12132889175415,day_medium,day_stable,1.0867499999999994
2019-04-25 05:30:00+00:00,2019-04-25 06:30:00+00:00,5.604922,372.0,7.533313000000001,6.133700573242188,9.687991344726562,6.851219200885773,9.85788747052002,10.274499141967771,11.509807312286377,9.571669065750122,9.8957340357666,10.21567531803894,14.489499728340254,15.15999733474652,15.587004025125752,9.720215046203611,9.41488858441162,9.232266986167907,day_medium,day_stable,-1.9283910000000004
2019-04-25 05:45:00+00:00,2019-04-25 06:45:00+00:00,5.985437999999999,389.0,9.78775,6.19400286102295,11.137886637687684,7.879000777244569,11.247921818733216,11.961300367355348,13.58636569404602,11.34717976474762,11.492622369766236,12.17911838912964,15.291511632331211,16.11479674013774,15.434694649449687,12.037077182769776,11.539499992370606,11.175137037277224,day_medium,day_stable,-3.8023120000000015
2019-04-25 06:00:00+00:00,2019-04-25 07:00:00+00:00,7.249156,457.0,8.899405999999999,6.409405752044677,9.570501132827758,6.375070854049682,10.026861711364743,10.774303241592406,11.941143794876098,10.126507325988769,10.311226888519286,10.58578865132904,14.70677209399259,15.29663809009778,17.83384270493952,10.50318412385559,10.307472391944884,9.758852704387664,day_medium,day_stable,-1.6502499999999989
2019-04-25 06:15:00+00:00,2019-04-25 07:15:00+00:00,6.429281,421.0,7.4445,5.31618550491333,7.597385720133781,4.731756717681884,8.499615461349487,8.936024696350097,10.024562627792358,8.602885753631591,8.760259301185608,8.775497824668884,14.6028040318224,15.684786431485207,17.350268012205095,8.566144139289856,8.42136380147934,7.890464992046356,day_medium,day_stable,-1.015219
2019-04-25 06:30:00+00:00,2019-04-25 07:30:00+00:00,5.3452660000000005,341.0,5.604922,4.287684980461121,5.637793194183827,3.472275439331055,7.102281156608582,6.857554975578308,8.138780299255371,6.740418616363526,7.1220935021133425,6.970269623825073,13.13610130313485,13.276501002571845,13.163527989925146,6.510155442783356,6.397309485504151,6.019243154356003,day_medium,day_stable,-0.25965599999999966
2019-04-25 06:45:00+00:00,2019-04-25 07:45:00+00:00,4.306203,276.0,5.985437999999999,4.340489398277282,5.634045403039932,3.4798702109222406,7.196492325103759,6.929661999977111,7.812196027076721,6.798733781612396,7.217999349868774,6.6476094234352106,12.63812290523085,13.935809922808604,14.151943724678553,6.450411956346511,6.347899328506469,5.996842597200453,day_low,day_stable,-1.6792349999999994
2019-04-25 07:00:00+00:00,2019-04-25 08:00:00+00:00,4.326656,263.0,7.249156,3.9974875467834474,6.269721807819367,3.997031690460205,7.860902549606323,7.686755092721939,8.551233531814574,7.435729997139931,7.959641100746155,7.452714847308159,12.57620157996119,12.369806525839364,13.11293107255226,7.170035617333412,7.116392703634262,6.75133815584755,day_low,day_stable,-2.9225000000000003
2019-04-25 07:15:00+00:00,2019-04-25 08:15:00+00:00,3.609484,233.0,6.429281,3.3331851996002193,5.349138859611511,2.917713884216308,6.5740696079549785,6.263143513303756,7.45894384751892,6.077180568080902,6.560730863314628,6.378745172124862,8.920109644120982,8.8063265145209,9.80331525382209,6.506568696301937,5.849451187950134,5.441196564537048,day_low,day_stable,-2.8197969999999994
2019-04-25 07:30:00+00:00,2019-04-25 08:30:00+00:00,3.155961,189.0,5.3452660000000005,3.045394078460694,4.043611184326172,1.9289189731750491,5.442592487302781,5.104200378623963,5.8618651783142095,4.797626033988953,5.365442282152534,4.818430677619935,7.544889436875204,7.209339712575884,7.015180597610255,4.787051693168641,4.456247225967408,4.078749076095582,day_low,day_stable,-2.1893050000000005
2019-04-25 07:45:00+00:00,2019-04-25 08:45:00+00:00,3.0762810000000003,183.0,4.306203,2.103030793121338,2.9880162400512695,1.3437684697418213,4.670937023809433,3.9647189301757817,4.896376721313477,3.7450556678085327,4.330691056078553,3.746090225627899,5.611624186022603,6.451039176001317,6.509061275507436,3.621848217895508,3.3985211772232056,3.3101685566215515,day_low,day_stable,-1.2299219999999997
2019-04-25 08:00:00+00:00,2019-04-25 09:00:00+00:00,2.70993,167.0,4.326656,1.6469885271606444,2.969749705177307,1.335049049240112,4.638014541250229,4.033277557474136,4.7886119347629545,3.727060632091522,4.371446677726269,3.7161646050033568,3.018070306852643,4.115284989727623,4.041467106870293,3.5371732872543333,3.344045893531799,3.4251873057899473,day_low,day_stable,-1.6167259999999999
2019-04-25 08:15:00+00:00,2019-04-25 09:15:00+00:00,1.869328,113.0,3.609484,1.5111158321228029,2.2355790565338136,0.3532429168548585,3.603971625081092,3.0259930918540956,3.5520424711134435,2.5906893442001344,3.220373166593552,2.4753151367034913,2.944243462282572,3.1181043509003423,3.3574020428826947,2.7098673413124086,2.251540941986084,2.28157929876709,day_low,day_stable,-1.740156
2019-04-25 08:30:00+00:00,2019-04-25 09:30:00+00:00,1.415422,75.0,3.155961,0.8574413886413574,2.119434439216614,0.2176141372070312,2.873616748128891,2.50978728440857,3.3296374013767243,2.0408018460617066,2.6215967765197754,2.085936748062134,1.825216047003931,1.116845589587444,1.5305950301508022,2.4935864439353943,1.8432407012329104,1.9756823411331177,day_low,day_stable,-1.740539
2019-04-25 08:45:00+00:00,2019-04-25 09:45:00+00:00,1.488895,55.0,3.0762810000000003,0.9854630716857912,2.1377316006240847,0.2294296511230471,2.6053594239768985,2.480859745365143,2.9148978181896212,1.6907964237747195,2.411757636886597,1.717701364379883,0.9664173100409036,1.1302538625737863,1.4602960913090026,2.1833912619171145,1.6804352291641238,1.7525033243713382,day_low,day_stable,-1.5873860000000002
2019-04-25 09:00:00+00:00,2019-04-25 10:00:00+00:00,1.271758,44.0,2.70993,0.5781684490966796,1.986445603065491,0.0148568722534179,2.391526904993057,2.350778308801651,2.8340108814764022,1.53204434841156,2.1677108380126953,1.6473430964279174,0.9446570871194462,1.09777277921969,1.3107624297909102,1.92930096118927,1.5201067301559448,1.651650962524414,day_low,day_stable,-1.438172
2019-04-25 09:15:00+00:00,2019-04-25 10:15:00+00:00,1.061348,32.0,1.869328,0.0,1.2903250831871034,0.0,1.4621409553794862,1.5197564143447877,1.947672762325287,0.4791846055297852,1.198672153404236,0.8525140065460206,0.7998023576269181,0.617717148377436,0.6734995364198294,1.0853963274269105,0.7844018716125489,0.883166827610016,day_low,day_stable,-0.8079800000000001
2019-04-25 09:30:00+00:00,2019-04-25 10:30:00+00:00,1.009969,30.0,1.415422,0.0,1.064252622434616,0.0,0.899993099281311,1.2287862673492431,1.3757194094450471,0.0135060921401977,0.7288042083473205,0.3731558695526122,0.5752736873489394,0.1881848594282678,0.2897902833507952,0.7264046445579528,0.3883883133621215,0.4502529278488159,day_low,day_stable,-0.40545300000000006
2019-04-25 09:45:00+00:00,2019-04-25 10:45:00+00:00,0.358989,10.0,1.488895,0.2110589156341553,1.3723433548998831,0.0,0.8240132937622071,1.3026451031160355,1.4263718733978272,0.0274552712631226,0.7673783312034608,0.4981217394065858,0.3063619867096834,0.1569944859161387,0.260575795873604,0.8838795433235169,0.5313565740776063,0.5873841057014466,night_lowlight,night_lowlight,-1.129906
2019-04-25 10:00:00+00:00,2019-04-25 11:00:00+00:00,0.138571,5.0,1.271758,0.4871711531715392,1.3140889691250324,0.0,0.5869303146438598,1.1094969907836914,1.4445754537420272,0.0,0.727382520778656,0.5460319915847778,0.2947117329681273,0.1505886651814129,0.3743872191922028,0.7728026608066558,0.4225975075798034,0.5273639956550598,night_lowlight,night_lowlight,-1.133187
2019-04-25 10:15:00+00:00,2019-04-25 11:15:00+00:00,0.0,0.0,1.061348,0.5614559142093658,1.2757227508525848,0.0,0.4292259006004333,0.988789030740738,1.1882785497407913,0.0,0.5403563765983581,0.2738592414360046,0.2244951932034026,0.1869331399786029,0.3858073293531838,0.5991471795539856,0.1692387251358031,0.2570243863563537,night_lowlight,night_lowlight,-1.061348
2019-04-25 10:30:00+00:00,2019-04-25 11:30:00+00:00,0.0,0.0,1.009969,0.7076617518844603,1.2409132162513732,0.0,0.3258098403396605,0.7555355469169616,1.202092204469681,0.0,0.4285576979103087,0.4627494255485533,0.1692868056666943,0.1805828668492323,0.3284415666204559,0.6268411020221709,0.1385343114318846,0.2985343376579283,night_lowlight,night_lowlight,-1.009969
2019-04-25 10:45:00+00:00,2019-04-25 11:45:00+00:00,0.0,0.0,0.358989,0.2407518249526024,0.5649097707643509,0.0,0.0,0.0,0.5653325912132263,0.0,0.0,0.0520624515190124,0.1154686426332726,0.1805828668492323,0.3284415666204559,0.0486700829639434,0.0,0.0,night_lowlight,night_lowlight,-0.358989
2019-04-25 11:00:00+00:00,2019-04-25 12:00:00+00:00,0.0,0.0,0.138571,0.0863433315358161,0.3479618935785293,0.0,0.0,0.0,0.4650707899532318,0.0,0.0,0.2648618726930618,0.096793455591408,0.1974988344770769,0.2592136172136017,0.0,0.0,0.0,night_lowlight,night_lowlight,-0.138571
2019-04-25 11:15:00+00:00,2019-04-25 12:15:00+00:00,0.0,0.0,0.0,0.0,0.2165222913026809,0.0,0.0,0.0,0.3100461363792419,0.0,0.0,0.2393617630004882,0.0294502362298823,0.0323771608887059,0.0262385572987049,0.0,0.0,0.0,night_lowlight,night_lowlight,0.0
2019-04-25 11:30:00+00:00,2019-04-25 12:30:00+00:00,0.0,0.0,0.0,0.0,0.2326195687055587,0.0,0.0,0.0,0.3198789954185486,0.0,0.0,0.3464046418666839,0.0,0.0293093467165504,0.0,0.0,0.0,0.0,night_lowlight,night_lowlight,0.0
2019-04-25 11:45:00+00:00,2019-04-25 12:45:00+00:00,0.0,0.0,0.0,0.0,0.2332695871591568,0.0,0.0,0.0,0.2994565665721893,0.0,0.0,0.4106511175632477,0.0,0.0293093467165504,0.0,0.0,0.0,0.0,night_lowlight,night_lowlight,0.0
2019-04-25 12:00:00+00:00,2019-04-25 13:00:00+00:00,0.0,0.0,0.0,0.0,0.2075863182544708,0.0,0.0,0.0,0.2582531571388244,0.0,0.0,0.4157929718494415,0.0,0.0009927248052437,0.0,0.0,0.0,0.0,night_lowlight,night_lowlight,0.0
2019-04-25 12:15:00+00:00,2019-04-25 13:15:00+00:00,0.0,0.0,0.0,0.0,0.1942806839942932,0.0,0.0,0.0,0.0438692644238472,0.0,0.0,0.3495193421840668,0.0309670345895825,0.0073429979346143,0.0302362036022111,0.0,0.0,0.0,night_lowlight,night_lowlight,0.0
2019-04-25 12:30:00+00:00,2019-04-25 13:30:00+00:00,0.0,0.0,0.0,0.0,0.2326974272727966,0.0,0.0,0.0,0.0931069552898407,0.0,0.0,0.3853741884231567,0.0,0.002547780414333,0.0,0.0,0.0,0.0,night_lowlight,night_lowlight,0.0
2019-04-25 12:45:00+00:00,2019-04-25 13:45:00+00:00,0.0,0.0,0.0,0.0,0.1564489305019378,0.0,0.0,0.0,0.0395966656506061,0.0,0.0,0.3909271359443664,0.0312364441851149,0.002547780414333,0.0,0.0,0.0,0.0,night_lowlight,night_lowlight,0.0
2019-04-25 13:00:00+00:00,2019-04-25 14:00:00+00:00,0.0,0.0,0.0,0.0,0.2534531056880951,0.0,0.0,0.0,0.0,0.0,0.0,0.4147115051746368,0.0318033474447701,0.0481453245071658,0.0164124161816175,0.0,0.0,0.0,night_lowlight,night_lowlight,0.0
2019-04-25 13:15:00+00:00,2019-04-25 14:15:00+00:00,0.0,0.0,0.0,0.0,0.2381202131509781,0.0,0.0,0.0,0.0,0.0,0.0,0.3818938434123993,0.0,0.0,0.0,0.0,0.0,0.0,night_lowlight,night_lowlight,0.0
2019-04-25 13:30:00+00:00,2019-04-25 14:30:00+00:00,0.0,0.0,0.0,0.0,0.2282435446977615,0.0,0.0,0.0,0.0,0.0,0.0,0.3276022970676422,0.0,0.0481453245071658,0.0164124161816175,0.0,0.0,0.0,night_lowlight,night_lowlight,0.0
2019-04-25 13:45:00+00:00,2019-04-25 14:45:00+00:00,0.0,0.0,0.0,0.0,0.1796877980232238,0.0,0.0,0.0,0.0,0.0,0.0,0.1748239994049072,0.0421256328396626,0.0481453245071658,0.0164124161816175,0.0,0.0,0.0,night_lowlight,night_lowlight,0.0
2019-04-25 14:00:00+00:00,2019-04-25 15:00:00+00:00,0.0,0.0,0.0,0.0,0.2391846477985382,0.0,0.0,0.0,0.0,0.0,0.0,0.1235334798693656,0.0,0.0205829262127486,0.0293871033537888,0.0,0.0,0.0,night_lowlight,night_lowlight,0.0
2019-04-25 14:15:00+00:00,2019-04-25 15:15:00+00:00,0.0,0.0,0.0,0.0,0.2190204262733459,0.0,0.0,0.0,0.0,0.0,0.0,0.0589216649532318,0.0421256328396626,0.0205829262127486,0.0293871033537888,0.0,0.0,0.0,night_lowlight,night_lowlight,0.0
2019-04-25 14:30:00+00:00,2019-04-25 15:30:00+00:00,0.0,0.0,0.0,0.0,0.262474775314331,0.0,0.0,0.0,0.0,0.0,0.0,0.0760319605469703,0.0,0.0205829262127486,0.0293871033537888,0.0,0.0,0.0,night_lowlight,night_lowlight,0.0
2019-04-25 14:45:00+00:00,2019-04-25 15:45:00+00:00,0.0,0.0,0.0,0.0252118837088346,0.1164040938019752,0.0,0.0,0.0,0.0,0.0,0.0,0.0077051785774528,0.0421256328396626,0.0,0.0293871033537888,0.0,0.0,0.0,night_lowlight,night_lowlight,0.0
2019-04-25 15:00:00+00:00,2019-04-25 16:00:00+00:00,0.0,0.0,0.0,0.0540298894047737,0.0924950614571571,0.0,0.0,0.0,0.0,0.0,0.0,0.0138528179377317,0.0,0.0,0.0789748205157183,0.0,0.0,0.0,night_lowlight,night_lowlight,0.0
2019-04-25 15:15:00+00:00,2019-04-25 16:15:00+00:00,0.0,0.0,0.0,0.0943190231919288,0.1631701737642288,0.0,0.0,0.0,0.0,0.0,0.0,0.0188171379268169,0.0421256328396626,0.0,0.0293871033537888,0.0,0.0,0.0,night_lowlight,night_lowlight,0.0
2019-04-25 15:30:00+00:00,2019-04-25 16:30:00+00:00,0.0,0.0,0.0,0.0,0.2142361551523208,0.0,0.0,0.0,0.0,0.0,0.0,0.1149434968829155,0.0,0.0,0.0,0.0,0.0,0.0,night_lowlight,night_lowlight,0.0
2019-04-25 15:45:00+00:00,2019-04-25 16:45:00+00:00,0.0,0.0,0.0,0.0345817916095256,0.1407821327447891,0.0,0.0,0.0,0.0,0.0,0.0,0.0665500089526176,0.0384451392667219,0.0223540188912381,0.0291111376687551,0.0,0.0,0.0,night_lowlight,night_lowlight,0.0
2019-04-25 16:00:00+00:00,2019-04-25 17:00:00+00:00,0.0,0.0,0.0,0.0776465609669685,0.2168168425559997,0.0,0.0,0.0,0.0,0.0,0.0,0.0159510504454374,0.0,0.0205829262127486,0.0293871033537888,0.0,0.0,0.0,night_lowlight,night_lowlight,0.0
2019-04-25 16:15:00+00:00,2019-04-25 17:15:00+00:00,0.0,0.0,0.0,0.1642225235700607,0.2347046583890915,0.0,0.0,0.0,0.0,0.0,0.0,0.0,0.0,0.0223540188912381,0.0291111376687551,0.0,0.0,0.0,night_lowlight,night_lowlight,0.0
2019-04-25 16:30:00+00:00,2019-04-25 17:30:00+00:00,0.0,0.0,0.0,0.0685962066054344,0.343577116727829,0.0,0.0,0.0,0.0,0.0,0.0,0.0457440875470638,0.0,0.0213463543574965,0.0336366758364288,0.0,0.0,0.0,night_lowlight,night_lowlight,0.0
2019-04-25 16:45:00+00:00,2019-04-25 17:45:00+00:00,0.0,0.0,0.0,0.1518800407648086,0.3022882640361786,0.0,0.0,0.0,0.0,0.0,0.0,0.0170919597148895,0.0,0.0213463543574965,0.0336366758364288,0.0,0.0,0.0,night_lowlight,night_lowlight,0.0
2019-04-25 17:00:00+00:00,2019-04-25 18:00:00+00:00,0.0,0.0,0.0,0.2296939641237259,0.2667272388935089,0.0,0.0,0.0,0.0,0.0,0.0,0.0,0.0,0.0094091068503804,0.0319687729578768,0.0,0.0,0.0,night_lowlight,night_lowlight,0.0
2019-04-25 17:15:00+00:00,2019-04-25 18:15:00+00:00,0.0,0.0,0.0,0.0859082266688346,0.0814982578158378,0.0,0.0,0.0,0.0,0.0,0.0,0.0,0.0,0.0,0.0780034290548911,0.0,0.0,0.0,night_lowlight,night_lowlight,0.0
2019-04-25 17:30:00+00:00,2019-04-25 18:30:00+00:00,0.0,0.0,0.0,0.0,0.202762633562088,0.0,0.0,0.0,0.0,0.0,0.0,0.0383178405463695,0.0,0.0213463543574965,0.0284157118929616,0.0,0.0,0.0,night_lowlight,night_lowlight,0.0
2019-04-25 17:45:00+00:00,2019-04-25 18:45:00+00:00,0.0,0.0,0.0,0.017868360504508,0.1860573291778564,0.0043578422628343,0.0,0.0,0.0,0.0,0.0,0.0465214885771274,0.0,0.0231174470359859,0.0281397462079279,0.0,0.0,0.0,night_lowlight,night_lowlight,0.0
2019-04-25 18:00:00+00:00,2019-04-25 19:00:00+00:00,0.0,0.0,0.0,0.0163524858653545,0.1276431232690811,0.0,0.0,0.0,0.0,0.0,0.0,0.1310648024082183,0.0,0.0,0.1274071600538911,0.0,0.0,0.0,night_lowlight,night_lowlight,0.0
2019-04-25 18:15:00+00:00,2019-04-25 19:15:00+00:00,0.0,0.0,0.0,0.0073149842210114,0.1335265040397644,0.0,0.0,0.0,0.0,0.0,0.0,0.1833342015743255,0.0,0.0,0.1274071600538911,0.0,0.0,0.082704521715641,night_lowlight,night_lowlight,0.0
2019-04-25 18:30:00+00:00,2019-04-25 19:30:00+00:00,0.0,0.0,0.0,0.0337677374482154,0.2688359320163727,0.174136221408844,0.0,0.0,0.0,0.0,0.0,0.3498186469078064,0.0,0.0,0.1274071600538911,0.0,0.0755440592765808,0.2292221933603286,night_lowlight,night_lowlight,0.0
2019-04-25 18:45:00+00:00,2019-04-25 19:45:00+00:00,0.0,0.0,0.0,0.1442436873912811,0.3496745526790619,0.32980677485466,0.0,0.0,0.0,0.0,0.0,0.4399991035461426,0.0,0.0,0.1271311943688575,0.0,0.1720221787691116,0.42119100689888,night_lowlight,night_lowlight,0.0
2019-04-25 19:00:00+00:00,2019-04-25 20:00:00+00:00,0.0,0.0,0.0,0.244365856051445,0.4257054924964905,0.3996924757957458,0.0,0.0400355979800224,0.0603519827127456,0.0,0.0,0.5112089514732361,0.0,0.0231174470359859,0.0286286041452743,0.0,0.3843940794467926,0.5869771838188171,night_lowlight,night_lowlight,0.0
2019-04-25 19:15:00+00:00,2019-04-25 20:15:00+00:00,0.0,0.0,0.0,0.3548932373523712,0.5337514281272888,0.5351278185844421,0.0690741166472435,0.2546290159225464,0.186714768409729,0.0,0.0994730144739151,0.6761676073074341,0.0,0.0213463543574965,0.028904569830308,0.0,0.5494820475578308,0.7748462557792664,night_lowlight,night_lowlight,0.0
2019-04-25 19:30:00+00:00,2019-04-25 20:30:00+00:00,0.0,0.0,0.0,0.4629901349544525,0.4934069514274597,0.6028863787651062,0.0099006714299321,0.2256720513105392,0.2716041803359985,0.0,0.175731211900711,0.7081602811813354,0.0,0.0,0.028904569830308,0.0,0.6079968214035034,0.8993648290634155,night_lowlight,night_lowlight,0.0
2019-04-25 19:45:00+00:00,2019-04-25 20:45:00+00:00,0.0,0.0,0.0,0.4664543569087982,0.5111686587333679,0.701577365398407,0.0,0.2300227433443069,0.4381415545940399,0.0,0.1917874962091446,0.813196063041687,0.0,0.0,0.028904569830308,0.0,0.6935227513313293,1.0551419258117676,night_lowlight,night_lowlight,0.0
2019-04-25 20:00:00+00:00,2019-04-25 21:00:00+00:00,0.0,0.0,0.0,0.653096616268158,0.6611530780792236,0.7824923396110535,0.1498332470655441,0.3827422857284546,0.5508401989936829,0.0,0.3165218532085418,0.9209767580032348,0.0,0.0203801976688897,0.0732904922185682,0.1132504120469093,0.8996942639350891,1.2294955253601074,night_lowlight,night_lowlight,0.0
2019-04-25 20:15:00+00:00,2019-04-25 21:15:00+00:00,0.0,0.0,0.0,0.7691172361373901,0.7182528376579285,0.959822952747345,0.1945943385362625,0.4221521615982055,0.6886907815933228,0.0,0.3466586172580719,1.035189151763916,0.0,0.0203801976688897,0.0732904922185682,0.2224782705307006,1.0029051303863523,1.3962558507919312,night_lowlight,night_lowlight,0.0
2019-04-25 20:30:00+00:00,2019-04-25 21:30:00+00:00,0.0,0.0,0.0,0.9544455409049988,0.6866277456283569,0.9997674226760864,0.1378115862607956,0.4527584612369537,0.7316822409629822,0.0,0.4901068210601806,1.0688127279281616,0.0,0.0,0.0732904922185682,0.4151882529258728,1.121460199356079,1.5176061391830444,night_lowlight,night_lowlight,0.0
2019-04-25 20:45:00+00:00,2019-04-25 21:45:00+00:00,0.0,1.0,0.0,1.033794403076172,0.7447834014892578,1.1593778133392334,0.179120734333992,0.5445813536643982,0.851626455783844,0.0,0.5532576441764832,1.176826238632202,0.0,0.0,0.0732904922185682,0.5875803828239441,1.225898265838623,1.6354138851165771,night_lowlight,night_lowlight,0.0
2019-04-25 21:00:00+00:00,2019-04-25 22:00:00+00:00,0.0,2.0,0.0,1.1619378328323364,0.8991918563842773,1.3893089294433594,0.3077660202980041,0.6512511372566223,1.0091004371643066,0.0,0.5583423972129822,1.3401241302490234,0.0,0.0149127046594595,0.0813505635573436,0.7327991724014282,1.3390289545059204,1.7923063039779663,night_lowlight,night_lowlight,0.0
2019-04-25 21:15:00+00:00,2019-04-25 22:15:00+00:00,0.0778679999999999,3.0,0.0,1.4127079248428345,1.1013063192367554,1.588589787483215,0.4009179770946502,0.8404045104980469,1.0865483283996582,0.0,0.7839930057525635,1.4450088739395142,0.516263307140172,0.5998007410690079,0.5570867776576216,0.9283205270767212,1.4540245532989502,1.8961256742477417,night_lowlight,night_lowlight,0.0778679999999999
2019-04-25 21:30:00+00:00,2019-04-25 22:30:00+00:00,0.04784,5.0,0.0,1.5721701383590698,1.1576706171035769,1.7948700189590454,0.44169881939888,0.8823464512825012,1.181069254875183,0.0,0.7823119163513184,1.5544875860214231,0.7011638837135323,0.7576168509289989,0.5384272168125819,1.0806735754013062,1.538513422012329,1.988508462905884,night_lowlight,night_lowlight,0.04784
2019-04-25 21:45:00+00:00,2019-04-25 22:45:00+00:00,0.233673,9.0,0.0,1.7943254709243774,1.3577988147735596,1.974611759185791,0.5571005344390869,1.0450458526611328,1.3051782846450806,0.0,0.957763373851776,1.6978501081466677,1.2888489026660768,1.13216646800434,0.8898670039881852,1.225222110748291,1.6652333736419678,2.07712721824646,night_lowlight,night_lowlight,0.233673
2019-04-25 22:00:00+00:00,2019-04-25 23:00:00+00:00,0.267121,10.0,0.0,1.8654857873916624,1.3258172273635864,2.228585958480835,0.4679923951625824,1.0431225299835205,1.2605453729629517,0.0,0.8722728490829468,1.6426143646240234,2.456143429960643,1.834561615390899,1.422186571126126,1.4054746627807615,1.7351140975952148,2.1491384506225586,night_lowlight,night_lowlight,0.267121
2019-04-25 22:15:00+00:00,2019-04-25 23:15:00+00:00,0.430568,14.0,0.0778679999999999,1.9564325961761473,1.4819437417678831,2.4948728236846924,0.5638109597854614,1.1913671645812989,1.3972687873535157,0.0,0.996922329395294,1.777228966682434,3.0963609061011517,2.0231973797180487,1.3332886721162882,1.641267314880371,1.8994559201889036,2.3099131736450196,night_lowlight,night_lowlight,0.3527000000000001
2019-04-25 22:30:00+00:00,2019-04-25 23:30:00+00:00,0.741699,20.0,0.04784,2.15896380027771,1.695478201713562,2.673389554824829,0.6937953241729736,1.3632273682022096,1.46773004611969,0.0,1.123862267341614,1.8477202661895753,4.478462658668773,3.371867889676215,2.512878936469637,1.7528972633743287,1.9523586042785648,2.345706344451904,night_lowlight,night_lowlight,0.693859
2019-04-25 22:45:00+00:00,2019-04-25 23:45:00+00:00,0.625092,21.0,0.233673,2.5723370548706055,2.0138770576934815,3.175954484603882,0.9173255797843932,1.596502089164734,1.7557142015914915,0.0,1.3231028553466797,2.119288587234497,4.858137023123732,3.4514949153295835,2.5574042913999473,2.061773800514221,2.226838612220764,2.5821053024749756,day_low,day_stable,0.39141899999999996
2019-04-25 23:00:00+00:00,2019-04-26 00:00:00+00:00,0.8460700000000001,26.0,0.267121,2.8429602810821533,2.2442409226379394,3.4926990696868896,1.090475423046112,1.7675115296325683,1.8807865807495117,0.0529761442623138,1.4146054217300414,2.2040962407073974,5.358353063540971,4.663386443645385,2.8591707930526984,2.190533561416626,2.318611306854248,2.6805574128112792,day_low,day_stable,0.5789490000000002
2019-04-25 23:15:00+00:00,2019-04-26 00:15:00+00:00,1.544293,42.0,0.430568,3.3887596332244874,2.719519873779297,3.9946446620635983,1.4892220699005128,2.152695079963684,2.180030962150574,0.3561439343504906,1.7229467832260132,2.48715021244812,6.7238625551229125,6.153718199951639,4.318288248998313,2.4164929591827393,2.553003331344605,2.905328055541992,day_low,day_stable,1.1137249999999999
2019-04-25 23:30:00+00:00,2019-04-26 00:30:00+00:00,8.490561999999999,220.0,0.741699,4.089648504852295,3.1705491739501954,4.717853565811157,1.9070933061828617,2.508700509666443,2.5702691274871827,0.7315823027109504,2.0606948333969117,2.834617872833252,6.507757527730422,6.007986874498435,4.318564214683347,2.793168087600708,2.9212253290405275,3.243951340316773,day_low,day_stable,7.748862999999999
2019-04-25 23:45:00+00:00,2019-04-26 00:45:00+00:00,6.868641,189.0,0.625092,4.1386043729705815,3.144914120666504,4.841616124145508,1.8408798875732424,2.3948465289993286,2.523824304573059,0.6704553926808834,1.9672144355697632,2.749739617340088,8.874068381509549,7.984465631420927,5.744406946761936,2.742096871368408,2.8544795217437744,3.1316055955810547,day_low,day_stable,6.243549
2019-04-26 00:00:00+00:00,2019-04-26 01:00:00+00:00,5.531531,135.0,0.8460700000000001,4.640599438018799,3.605815597839355,5.352476307220459,2.3402779782485963,2.847811647720337,2.881571956939698,1.0793252373409272,2.4457113230895997,3.019275614089966,8.72800636388526,7.960981912596975,5.794941379566401,3.000775286026001,3.1050781691741944,3.3765091384124757,day_low,day_stable,4.685461
2019-04-26 00:15:00+00:00,2019-04-26 01:15:00+00:00,6.247719,152.0,1.544293,5.678793503540039,4.328320576446533,6.359932019012451,3.130129291313171,3.5219597356491086,3.692854477661133,1.8309980766944884,3.0630253093414304,3.7293740050964352,10.183915392638603,8.117092719709749,6.3666443212067225,3.741751982467651,3.8628586070709225,4.10309107472229,day_low,day_stable,4.703426
2019-04-26 00:30:00+00:00,2019-04-26 01:30:00+00:00,9.177656,241.0,8.490561999999999,13.761139430725096,12.350539722167968,14.231641807281491,10.936226405822753,11.070303477966307,11.48299578639221,9.197184421741484,10.026683010780332,11.074323692047118,16.06777905628865,13.275045326875643,10.579644027267458,10.913037814819337,11.112474717819213,11.24647978755188,day_low,day_stable,0.6870940000000019
2019-04-26 00:45:00+00:00,2019-04-26 01:45:00+00:00,9.933001,261.0,6.868641,12.126209359375,11.067980866638184,12.36715994378662,9.734418254104614,9.691691022125244,10.13059077760315,7.72821895381546,8.38925776979065,9.560433964935305,17.490182170750405,13.257027775350895,11.101956595643683,9.330387454238892,9.596184830871582,9.658010821548462,day_low,day_stable,3.0643600000000006
2019-04-26 01:00:00+00:00,2019-04-26 02:00:00+00:00,11.75234,277.0,5.531531,10.948352479797364,9.888627672058108,11.136716508728028,8.634466314178468,8.57231082902527,8.93451991067505,6.55642547593689,7.547207259994507,8.36329164491272,13.527028370392298,11.651690655508135,12.48392852673329,7.927462959152222,8.2341414927063,8.351072931152345,day_low,day_stable,6.220809
2019-04-26 01:15:00+00:00,2019-04-26 02:15:00+00:00,7.859907000000001,224.0,6.247719,11.703756998199465,10.637819002288818,11.552663515228272,9.445922325271606,9.421472261566162,9.579154918807983,7.367726276535034,8.423141430038452,8.911968897003174,15.553179970368264,14.537880034229104,13.994704732526104,8.66195411505127,8.870142887252808,9.004815767425537,day_low,day_stable,1.6121880000000006
2019-04-26 01:30:00+00:00,2019-04-26 02:30:00+00:00,4.732766000000001,139.0,9.177656,14.51037198815918,13.907483404022216,14.044183557373048,12.792450969558717,12.77472049508667,12.75511271272278,10.475906079154967,11.53222281251526,11.95294863496399,16.527375117628765,15.188237304733818,15.6842095689887,11.706934755187987,11.789333646636964,11.90679771218872,day_low,day_stable,-4.44489
2019-04-26 01:45:00+00:00,2019-04-26 02:45:00+00:00,4.0034529999999995,118.0,9.933001,15.343681770874024,14.771904903961182,14.23094030053711,13.7015876355896,13.637840944839478,13.54438229234314,11.3745350423584,12.340284067703248,12.690589386535644,16.002838070283595,15.0702284313942,15.892483720062982,12.552519280029298,12.46838589341736,12.51740761430359,day_low,day_stable,-5.929548000000001
2019-04-26 02:00:00+00:00,2019-04-26 03:00:00+00:00,4.6585,115.0,11.75234,16.27619950088501,16.32164446624756,15.401968162384032,15.399249952163697,15.492442529525755,15.547512214508057,13.061118166770935,14.137833516921996,14.59201900276184,16.913903494630492,16.941837633579667,17.073151784122803,14.394052188720703,14.275206249084473,14.251801889266968,day_low,day_stable,-7.09384
2019-04-26 02:15:00+00:00,2019-04-26 03:15:00+00:00,6.772063,164.0,7.859907000000001,12.717770903045654,12.108695356781006,11.334761707717895,11.41511949771118,11.402969686920166,11.419987766677856,9.08081421130371,10.18024620288086,10.467797844345093,17.699993174018886,18.19018758098957,17.885157476903483,10.448259918624878,10.376395552093506,10.16696652644348,day_low,day_stable,-1.0878440000000005
2019-04-26 02:30:00+00:00,2019-04-26 03:30:00+00:00,13.00403,339.0,4.732766000000001,9.851526585784914,8.584075537887575,8.63153823968506,8.128807870117189,8.139104453292848,8.23284062501526,5.806452718940736,7.253059235778809,7.243445721832276,13.09981759199235,12.404153681300002,14.677047075201,7.0957721149597175,7.30039056893921,6.975758401123048,day_medium,day_stable,8.271263999999999
2019-04-26 02:45:00+00:00,2019-04-26 03:45:00+00:00,14.53069,412.0,4.0034529999999995,8.955490811279297,7.604733689239501,8.03541682522583,7.264933093002319,7.303597672393798,7.344195349624633,5.0233881310729975,6.7148060635833735,6.340364916732788,11.526178802961786,11.025758572434544,13.424137612900068,6.201342328002929,6.57066057484436,6.1887512044219966,day_medium,day_ramp_up,10.527237
2019-04-26 03:00:00+00:00,2019-04-26 04:00:00+00:00,10.88303,298.0,4.6585,9.182946964263916,7.995382591247559,8.425350709915161,7.546424194335938,7.552087589263916,7.640456481933594,5.633766098976135,7.051033779144287,6.456393166542053,11.603976378990602,11.13469993332995,12.243741348262343,6.76181130027771,7.013492866516113,6.6276041707992555,day_medium,day_stable,6.22453
2019-04-26 03:15:00+00:00,2019-04-26 04:15:00+00:00,12.81437,327.0,6.772063,10.87950061062622,10.057348711288451,10.1814548800354,9.602790100372314,9.635138494766236,9.720128280914306,7.818547112739563,9.017846567428588,8.442542297637939,15.277931364205838,14.902157155966153,15.851941894488942,8.868127567565917,8.997556669509887,8.580890519416808,day_medium,day_stable,6.042307
2019-04-26 03:30:00+00:00,2019-04-26 04:30:00+00:00,14.53244,430.0,13.00403,14.981857548980711,16.109249841003418,15.1239190209198,15.840843926696778,16.143568764953613,16.287746917037964,14.243445526390076,15.049318801193238,15.013878833084108,16.99338718757691,16.049062698307452,16.96323944573536,15.36198760154724,15.25222302558899,14.774757515220642,day_medium,day_stable,1.5284099999999992
2019-04-26 03:45:00+00:00,2019-04-26 04:45:00+00:00,26.36331,789.0,14.53069,14.480669405850172,17.238933131637573,15.374915227832794,17.050013587417602,17.479352042617798,17.726159856262207,15.8751564478302,16.149217054786682,16.57255463356018,17.085918990963872,17.03941479627112,17.15897145597897,17.056436822357178,16.691316888275146,16.092522547187805,day_high,day_ramp_up,11.832619999999999
2019-04-26 04:00:00+00:00,2019-04-26 05:00:00+00:00,31.9305,1008.0,10.88303,11.894025864868164,13.171045365600586,11.534838381080627,13.222253623275757,13.444090905456545,13.588615241317749,12.00408631828308,12.301750960617063,12.641950907974245,15.6526386653363,16.260261791517955,19.637291101333755,13.074104848175049,12.725578489570616,12.00395101573944,day_high,day_ramp_up,21.047469999999997
2019-04-26 04:15:00+00:00,2019-04-26 05:15:00+00:00,19.035629,453.0,12.81437,12.907336005206108,14.613520228500366,12.925809920961855,14.670815670127867,14.775808298225405,14.892378890151978,13.598185860748291,13.868822419281006,14.212123715515135,15.519291208680585,15.69956688533985,18.928773767409723,14.902866446609496,14.414101087684632,13.643548035259249,day_medium,day_stable,6.221259
2019-04-26 04:30:00+00:00,2019-04-26 05:30:00+00:00,20.88669,335.0,14.53244,13.069528513374328,15.75204186958313,13.79749982875824,15.633958392562866,15.900206857147216,16.078421764793397,15.02325116914749,15.162218802394866,15.752683453979492,14.573612161803313,16.77768839476349,18.676658814898865,16.568458133163453,15.895045333328246,14.997843735637664,day_medium,day_stable,6.354250000000002
2019-04-26 04:45:00+00:00,2019-04-26 05:45:00+00:00,14.86625,416.0,26.36331,20.563328405914305,26.482668755648135,23.61631335884094,25.890924325284956,26.608513360915182,27.233258387145995,26.04908441573143,25.526637693939207,27.214388152656554,21.23108792584922,18.96493595308625,18.5607286725012,28.505429884490965,27.23251541524887,26.274161284861563,day_medium,day_ramp_down,-11.497059999999998
2019-04-26 05:00:00+00:00,2019-04-26 06:00:00+00:00,11.59244,362.0,31.9305,26.262869804382323,31.07439234781265,28.05694696235657,30.210344760894777,31.25374308156967,31.71701575744152,30.35848912525177,29.92923900413513,31.83252061831951,23.85856345998741,17.86543498207865,20.230438956841574,33.18090256977081,32.34266120123863,31.12187406349182,day_medium,day_ramp_down,-20.33806
2019-04-26 05:15:00+00:00,2019-04-26 06:15:00+00:00,6.711360000000001,187.0,19.035629,16.775759424499512,17.79814418726349,15.704896892837525,17.714768137268067,17.94889232092285,18.44886907511139,17.63563665323639,16.896855081848145,18.7250823932209,24.58635632735445,18.364795659539016,20.711175574555263,20.495205964378357,19.34792428784752,18.047042037776947,day_low,day_ramp_down,-12.324269
2019-04-26 05:30:00+00:00,2019-04-26 06:30:00+00:00,6.987641,169.0,20.88669,19.418091157379152,19.797086814346315,18.280753711166383,19.98518798679352,19.816599348487856,20.50079376429558,19.734361151161195,19.311628678741457,20.82165856838465,21.665191338528913,16.591703677547194,18.769866585705067,22.305450776519777,21.256235221328737,20.18006805509567,day_low,day_ramp_down,-13.899049000000002
2019-04-26 05:45:00+00:00,2019-04-26 06:45:00+00:00,20.19281,343.0,14.86625,13.16855987071991,13.474094829559329,12.486085376739505,13.780714354515077,13.672452292442324,13.993084988594056,13.514011583328248,12.967521271705628,14.434456757307052,23.161192277323607,16.99019580025314,19.519940214593465,16.112972102165223,15.05479157626629,13.978437743186952,day_medium,day_stable,5.326560000000001
2019-04-26 06:00:00+00:00,2019-04-26 07:00:00+00:00,23.827129,711.0,11.59244,10.290179601135254,9.968219628753662,9.396218171539306,10.440830340805054,10.336460700454712,10.34956788105011,10.152645101966858,9.671852937164306,10.977881601276398,20.650316943831832,17.040401395174325,18.167857829344648,12.28933518213272,11.616754077571034,10.444969883384704,day_high,day_ramp_up,12.234689
2019-04-26 06:15:00+00:00,2019-04-26 07:15:00+00:00,14.44406,297.0,6.711360000000001,7.344424150810243,5.61007644973755,5.530529282913209,6.1207799538230905,5.626760624275208,5.1362306102371225,5.45621993385315,5.260940693244935,5.736336611137391,21.16914270776518,18.410959997261926,18.909717588108418,7.170832030401231,6.544717959985734,5.410725377426148,day_medium,day_stable,7.7326999999999995
2019-04-26 06:30:00+00:00,2019-04-26 07:30:00+00:00,18.905689,653.0,6.987641,7.348733060804367,6.279532276836395,6.155741833892822,6.5278246931705475,5.937601231781006,5.292683386054993,5.840864443031311,5.7645597688827515,5.7772245638046265,20.082954891349132,17.346611957369507,17.04520384552054,7.316500806060791,6.604795777050018,5.601656460014343,day_medium,day_ramp_up,11.918047999999999
2019-04-26 06:45:00+00:00,2019-04-26 07:45:00+00:00,11.41897,280.0,20.19281,16.50044077735901,18.565701902923585,17.38197440010071,18.413613141593935,18.35575062137604,17.99997681480408,18.296622575340272,17.686021507797243,18.620986760673524,15.738224852852737,15.36331482111836,15.053195631529006,19.91817000609398,19.3801879296875,18.4042232642746,day_low,day_ramp_down,-8.773840000000002
2019-04-26 07:00:00+00:00,2019-04-26 08:00:00+00:00,14.0,493.0,23.827129,18.0304924185791,21.17059504347229,19.485686415008544,20.523125284484863,20.822841041854858,20.801447504333495,20.88166724996948,19.94919406729126,21.40424787359619,16.16374886759244,15.358845946917803,14.39052561592734,22.923590057662963,22.557869070343017,21.55180966215515,day_medium,day_ramp_down,-9.827129
2019-04-26 07:15:00+00:00,2019-04-26 08:15:00+00:00,13.92781,365.0,14.44406,10.962313803253174,11.941800030288697,10.632492216644287,11.589483412322998,11.626830252227784,11.675942572174073,11.9858559690094,10.945828827438357,12.191404017028807,11.68199638020872,11.546282042093535,11.24903699074024,13.841218026695252,13.251322539863589,12.45665970664978,day_medium,day_stable,-0.5162500000000012
2019-04-26 07:30:00+00:00,2019-04-26 08:30:00+00:00,9.508844,251.0,18.905689,13.050496815551757,16.132205008377074,14.487920521606444,15.3612394322052,15.99602866064453,16.144205569137572,16.242213963378905,15.261157034744262,16.635930775512694,11.767555882539032,12.562520639672911,10.568663489914178,18.16657388101959,17.63960719000244,16.93585586439514,day_low,day_ramp_down,-9.396844999999999
2019-04-26 07:45:00+00:00,2019-04-26 08:45:00+00:00,10.04456,295.0,11.41897,7.793954502792358,8.99832905456543,7.60730065032959,8.42310703918457,8.924540650100708,8.957487713546753,9.26962221786499,8.404380690307617,9.375762831420898,8.141569338131545,8.164995614314583,7.704118217080378,10.812714766712189,10.247123371810911,9.63157106563568,day_medium,day_stable,-1.3744099999999992
2019-04-26 08:00:00+00:00,2019-04-26 09:00:00+00:00,7.587344,203.0,14.0,8.959981918334961,11.02321720123291,9.431972980499268,10.392338514328005,10.879456043243408,10.924769163131714,11.119928121566772,9.920465469360352,11.265151500701904,4.341360153573734,6.8519447193156005,5.108742987913088,12.962874174118042,12.36907923221588,11.52847933769226,day_low,day_stable,-6.412656
2019-04-26 08:15:00+00:00,2019-04-26 09:15:00+00:00,6.600672,173.0,13.92781,9.351347254333495,10.920940683898923,9.51150207382202,10.394397781906129,10.832348869857787,10.873569057998656,10.83203248840332,9.884596155700685,11.028216408309936,5.55095777567628,6.384197644720938,5.101946165534264,12.81341140132904,12.21314637523651,11.493482874450685,day_low,day_stable,-7.327137999999999
2019-04-26 08:30:00+00:00,2019-04-26 09:30:00+00:00,3.375586,92.0,9.508844,5.8284514962615965,6.942578655380249,5.824071270126343,6.520178657669067,7.111506324905395,7.111149650711059,6.987937790054321,6.357377630371094,6.972806078094482,3.903126207185129,3.376883865492814,2.743859516808868,8.50949529995346,7.935357195037842,7.38644729246521,day_low,day_stable,-6.133258
2019-04-26 08:45:00+00:00,2019-04-26 09:45:00+00:00,4.856469000000001,127.0,10.04456,5.670887991485596,7.583373829421998,6.156260534820557,7.020601793823243,7.588804766235352,7.539961620864869,7.2050445523834235,6.6099613156890875,7.235117003021241,2.301859781483211,2.6582283288711706,1.6002298945203088,9.06786607175827,8.255543753204346,7.789462849197388,day_low,day_stable,-5.188091
2019-04-26 09:00:00+00:00,2019-04-26 10:00:00+00:00,3.3511949999999997,93.0,7.587344,4.171263763565063,5.640405246871948,4.432018825668335,5.14756447996521,5.810719082015991,6.044774839538574,5.435348817962646,5.087371656555176,5.399133751052856,1.7573117254178274,2.0137635571524832,0.499378897004163,6.777919420856476,6.060422489303589,5.895132014411926,day_low,day_stable,-4.236149
2019-04-26 09:15:00+00:00,2019-04-26 10:15:00+00:00,1.992703,57.0,6.600672,2.9543588095397952,4.992480032989502,3.631069415161133,4.562996857711792,5.262734406539917,5.521134489128113,4.410769455978394,4.345064633438111,4.6374180250854495,0.7814176228218661,1.3307849464473889,0.0,5.879862182685852,5.18827616507721,5.224973195144654,day_low,day_stable,-4.607969000000001
2019-04-26 09:30:00+00:00,2019-04-26 10:30:00+00:00,1.11516,33.0,3.375586,0.5360090403900148,2.294409003768921,1.0222537188873293,1.6714232831344606,2.5154527097091677,2.686293688331604,1.401747074638367,1.5637727647171022,1.570151534591675,0.1473036302075699,0.7808210506175775,0.0,2.7683670192108156,2.0980460315093996,2.1874516873703005,day_low,day_stable,-2.2604260000000003
2019-04-26 09:45:00+00:00,2019-04-26 10:45:00+00:00,0.560451,16.0,4.856469000000001,2.0536077863159186,4.027308190483094,2.641992891448975,3.513080561775208,4.395545983928681,4.651365677136422,3.241131508964539,3.2650574094238287,3.2054847127380377,0.4696685861608529,0.8914483759096836,0.0,4.104059124607087,3.705235565322877,3.775335276741029,night_lowlight,night_lowlight,-4.296018
2019-04-26 10:00:00+00:00,2019-04-26 11:00:00+00:00,0.246148,6.0,3.3511949999999997,0.4744931681823727,2.7202950938415524,1.1156486495208735,2.165630243606567,3.097354791946411,3.2656555845212933,1.734347365684509,1.8272299988937375,1.5934446080398557,0.1091091125913974,0.7181185513865639,0.0,2.5211750491333005,2.1369606478881833,2.263954661674499,night_lowlight,night_lowlight,-3.105047
2019-04-26 10:15:00+00:00,2019-04-26 11:15:00+00:00,0.0,0.0,1.992703,0.0,1.6532586905269622,0.0130430850296019,1.195455113342285,1.9895756483639329,2.064220780423164,0.5592426451950072,0.7370275649337767,0.3786183985977172,0.1644891717712323,0.2914212595312714,0.0,1.1883955392150878,0.7633138093261718,0.9402512702255248,night_lowlight,night_lowlight,-1.992703
2019-04-26 10:30:00+00:00,2019-04-26 11:30:00+00:00,0.0,0.0,1.11516,0.0,1.0594398607051372,0.0,0.4659840580558776,1.0835903775429725,1.1916172769403457,0.0,0.0953834172821044,0.0,0.1223594048067795,0.1679392033026736,0.0057663123720542,0.3976869699096679,0.0,0.080472361717224,night_lowlight,night_lowlight,-1.11516
2019-04-26 10:45:00+00:00,2019-04-26 11:45:00+00:00,0.005832,0.0,0.560451,0.0,0.813739209438324,0.0,0.0131520917663574,0.597036982888937,0.5805757874647379,0.0,0.0,0.0,0.1437732357088483,0.1679392033026736,0.0,0.0,0.0,0.0,night_lowlight,night_lowlight,-0.5546190000000001
2019-04-26 11:00:00+00:00,2019-04-26 12:00:00+00:00,0.0,0.0,0.246148,0.0,0.6137091913204193,0.0,0.0,0.195199633477211,0.2949020625035763,0.0,0.0,0.0,0.1312866691121046,0.1448991398463326,0.0067036411632809,0.0,0.0,0.0,night_lowlight,night_lowlight,-0.246148
2019-04-26 11:15:00+00:00,2019-04-26 12:15:00+00:00,0.0,0.0,0.0,0.0,0.4358963966369629,0.0,0.0,0.0,0.0,0.0,0.0,0.0,0.0,0.0,0.0,0.0,0.0,0.0,night_lowlight,night_lowlight,0.0
2019-04-26 11:30:00+00:00,2019-04-26 12:30:00+00:00,0.0,0.0,0.0,0.0,0.4989072680473327,0.0,0.0,0.0,0.0,0.0,0.0,0.0,0.0,0.0,0.0,0.0,0.0,0.0,night_lowlight,night_lowlight,0.0
2019-04-26 11:45:00+00:00,2019-04-26 12:45:00+00:00,0.0,0.0,0.005832,0.0,0.4840205147094726,0.0,0.0,0.0,0.0,0.0,0.0,0.0,0.0,0.0,0.0801438746490392,0.0,0.0,0.0,night_lowlight,night_lowlight,-0.005832
2019-04-26 12:00:00+00:00,2019-04-26 13:00:00+00:00,0.0,0.0,0.0,0.0,0.5028131008148193,0.0,0.0,0.0,0.0,0.0,0.0,0.0,0.0,0.0,0.0477118748504232,0.0,0.0,0.0,night_lowlight,night_lowlight,0.0
2019-04-26 12:15:00+00:00,2019-04-26 13:15:00+00:00,0.0,0.0,0.0,0.0,0.5165245532989502,0.0,0.0,0.0,0.0,0.0,0.0,0.1255777776241302,0.0,0.0022617777710473,0.0613763901863376,0.0,0.0,0.0,night_lowlight,night_lowlight,0.0
2019-04-26 12:30:00+00:00,2019-04-26 13:30:00+00:00,0.0,0.0,0.0,0.0,0.5564767718315125,0.0,0.0,0.0,0.0,0.0,0.0,0.2491034567356109,0.0,0.0,0.0477118748504232,0.0,0.0,0.0,night_lowlight,night_lowlight,0.0
2019-04-26 12:45:00+00:00,2019-04-26 13:45:00+00:00,0.0,0.0,0.0,0.0,0.5411715507507324,0.0,0.0,0.0,0.0,0.0,0.0,0.2896381020545959,0.0,0.0,0.0477118748504232,0.0,0.0,0.0,night_lowlight,night_lowlight,0.0
2019-04-26 13:00:00+00:00,2019-04-26 14:00:00+00:00,0.0,0.0,0.0,0.0,0.5293512940406799,0.0,0.0,0.0,0.0,0.0,0.0,0.4776450097560882,0.0,0.0257188953979981,0.0108888331733814,0.0,0.0,0.0,night_lowlight,night_lowlight,0.0
2019-04-26 13:15:00+00:00,2019-04-26 14:15:00+00:00,0.0,0.0,0.0,0.0,0.5087462663650513,0.0,0.0,0.0,0.0,0.0,0.0,0.5542265176773071,0.0,0.0257188953979981,0.0108888331733814,0.0,0.0,0.0,night_lowlight,night_lowlight,0.0
2019-04-26 13:30:00+00:00,2019-04-26 14:30:00+00:00,0.0,0.0,0.0,0.0,0.5042738914489746,0.0,0.0,0.0,0.0,0.0,0.0,0.5790442228317261,0.0,0.0257188953979981,0.0108888331733814,0.0,0.0,0.0,night_lowlight,night_lowlight,0.0
2019-04-26 13:45:00+00:00,2019-04-26 14:45:00+00:00,0.0,0.0,0.0,0.0,0.4499140381813049,0.0,0.0,0.0,0.0,0.0,0.0,0.5750248432159424,0.0,0.0257483678397216,0.0,0.0,0.0,0.0,night_lowlight,night_lowlight,0.0
2019-04-26 14:00:00+00:00,2019-04-26 15:00:00+00:00,0.0,0.0,0.0,0.0,0.4179072082042694,0.0,0.0,0.0,0.0,0.0,0.0,0.6911326050758362,0.0,0.0257483678397216,0.0108888331733814,0.0,0.0,0.0,night_lowlight,night_lowlight,0.0
2019-04-26 14:15:00+00:00,2019-04-26 15:15:00+00:00,0.0,0.0,0.0,0.0,0.419091135263443,0.0,0.0,0.0,0.0,0.0,0.0,0.7615960836410522,0.0,0.0257188953979981,0.0108888331733814,0.0,0.0,0.0,night_lowlight,night_lowlight,0.0
2019-04-26 14:30:00+00:00,2019-04-26 15:30:00+00:00,0.0,0.0,0.0,0.032491534948349,0.3861313164234161,0.0,0.0,0.0,0.0,0.0,0.0,0.7875213027000427,0.0,0.0257188953979981,0.0108888331733814,0.0,0.0,0.0,night_lowlight,night_lowlight,0.0
2019-04-26 14:45:00+00:00,2019-04-26 15:45:00+00:00,0.0,0.0,0.0,0.0694766640663147,0.3809143304824829,0.0,0.0,0.0,0.0,0.0,0.0,0.8195882439613342,0.0,0.0257188953979981,0.0108888331733814,0.0,0.0,0.0,night_lowlight,night_lowlight,0.0
2019-04-26 15:00:00+00:00,2019-04-26 16:00:00+00:00,0.0,0.0,0.0,0.1285615265369415,0.4388045370578766,0.0,0.0,0.0,0.0,0.0,0.0,0.9306092858314514,0.0,0.0,0.0163499463148798,0.0,0.0,0.0,night_lowlight,night_lowlight,0.0
2019-04-26 15:15:00+00:00,2019-04-26 16:15:00+00:00,0.0,0.0,0.0,0.1944706887006759,0.4016548991203308,0.0,0.0,0.0,0.0,0.0,0.0,0.986672580242157,0.0,0.0,0.0432530682617846,0.0,0.0,0.0,night_lowlight,night_lowlight,0.0
2019-04-26 15:30:00+00:00,2019-04-26 16:30:00+00:00,0.0,0.0,0.0,0.2103857845067978,0.4173271656036377,0.0,0.0,0.0,0.0,0.0,0.0,1.0409832000732422,0.0,0.0,0.0163499463148798,0.0,0.0,0.0,night_lowlight,night_lowlight,0.0
2019-04-26 15:45:00+00:00,2019-04-26 16:45:00+00:00,0.0,0.0,0.0,0.2211543172597885,0.4251632690429687,0.0,0.0,0.0,0.0,0.0,0.0,1.0613079071044922,0.0,0.0,0.0163499463148798,0.0,0.0,0.0,night_lowlight,night_lowlight,0.0
2019-04-26 16:00:00+00:00,2019-04-26 17:00:00+00:00,0.0,0.0,0.0,0.2270742356777191,0.4143104255199432,0.0,0.0,0.0,0.0,0.0,0.0304999686777591,0.9964566230773926,0.0,0.0,0.0163499463148798,0.0,0.0,0.0,night_lowlight,night_lowlight,0.0
2019-04-26 16:15:00+00:00,2019-04-26 17:15:00+00:00,0.0,0.0,0.0,0.1392215490341186,0.3371333181858063,0.0,0.0,0.0,0.0,0.0,0.0,1.0540728569030762,0.0,0.0,0.056917583597699,0.0,0.0,0.0,night_lowlight,night_lowlight,0.0
2019-04-26 16:30:00+00:00,2019-04-26 17:30:00+00:00,0.0,0.0,0.0,0.1071727275848388,0.3428982496261596,0.0,0.0,0.0,0.0,0.0,0.0364429242908954,1.102885127067566,0.0,0.0,0.0432530682617846,0.0,0.0,0.0,night_lowlight,night_lowlight,0.0
2019-04-26 16:45:00+00:00,2019-04-26 17:45:00+00:00,0.0,0.0,0.0,0.0,0.2847069501876831,0.0,0.0,0.0,0.2261727899312973,0.0,0.0147321913391351,1.2482309341430664,0.0,0.0,0.0529199372941929,0.0,0.0,0.0718395560979843,night_lowlight,night_lowlight,0.0
2019-04-26 17:00:00+00:00,2019-04-26 18:00:00+00:00,0.0,0.0,0.0,0.0459656342864036,0.2951833009719848,0.0,0.0,0.0,0.1141493394970893,0.0,0.1808991283178329,1.1637184619903564,0.0,0.0,0.0591382331417789,0.0,0.0,0.0418038591742515,night_lowlight,night_lowlight,0.0
2019-04-26 17:15:00+00:00,2019-04-26 18:15:00+00:00,0.0,0.0,0.0,0.0,0.3202656507492065,0.0,0.0,0.0,0.3532804548740387,0.0,0.1215301603078842,1.2917910814285278,0.0,0.0,0.0,0.0,0.0,0.1848903894424438,night_lowlight,night_lowlight,0.0
2019-04-26 17:30:00+00:00,2019-04-26 18:30:00+00:00,0.0,0.0,0.0,0.0,0.4750171899795532,0.0369197390973567,0.0,0.0,0.3881568014621734,0.0,0.081699825823307,1.3817919492721558,0.0,0.0,0.0322351111948741,0.0,0.0,0.1861797273159027,night_lowlight,night_lowlight,0.0
2019-04-26 17:45:00+00:00,2019-04-26 18:45:00+00:00,0.0,0.0,0.0,0.2401189804077148,0.3940243721008301,0.2096514850854873,0.0,0.0,0.1753061711788177,0.0,0.3128777146339416,1.243790626525879,0.0,0.0,0.0322351111948741,0.0,0.0,0.2199290990829467,night_lowlight,night_lowlight,0.0
2019-04-26 18:00:00+00:00,2019-04-26 19:00:00+00:00,0.0,0.0,0.0,0.4091617166996002,0.4957296550273895,0.4247430264949798,0.0,0.1139589771628379,0.0801348015666008,0.0,0.3691287934780121,1.063378930091858,0.0,0.0,0.0,0.0,0.0,0.1835800111293792,night_lowlight,night_lowlight,0.0
2019-04-26 18:15:00+00:00,2019-04-26 19:15:00+00:00,0.0,0.0,0.0,0.5212209820747375,0.5540010929107666,0.5838337540626526,0.0,0.1461630910634994,0.0663075670599937,0.0,0.3806008696556091,0.95652574300766,0.0,0.0,0.0,0.0,0.0,0.2134883254766464,night_lowlight,night_lowlight,0.0
2019-04-26 18:30:00+00:00,2019-04-26 19:30:00+00:00,0.0,0.0,0.0,0.5451719760894775,0.6004602909088135,0.6924497485160828,0.0,0.134939819574356,0.1136995702981948,0.0,0.3923196494579315,0.9120489358901978,0.0,0.0,0.0,0.0,0.0,0.2824887037277221,night_lowlight,night_lowlight,0.0
2019-04-26 18:45:00+00:00,2019-04-26 19:45:00+00:00,0.0,0.0,0.0,0.6379785537719727,0.6148063540458679,0.7035253047943115,0.0,0.3349111080169678,0.1318748444318771,0.0,0.5197064280509949,0.919642210006714,0.0,0.0,0.0,0.0,0.0,0.3302662968635559,night_lowlight,night_lowlight,0.0
2019-04-26 19:00:00+00:00,2019-04-26 20:00:00+00:00,0.0,0.0,0.0,0.6643879413604736,0.6268559694290161,0.805061936378479,0.0,0.2304538041353225,0.1261149495840072,0.0,0.5084336400032043,0.8822306394577026,0.0,0.0,0.0,0.0,0.0,0.3720216453075409,night_lowlight,night_lowlight,0.0
2019-04-26 19:15:00+00:00,2019-04-26 20:15:00+00:00,0.0,0.0,0.0,0.6823605298995972,0.6696609258651733,0.8798885941505432,0.0,0.2435884475708007,0.1810348331928253,0.03739695250988,0.5540893077850342,0.8979816436767578,0.0,0.0,0.0,0.0,0.0,0.4339745640754699,night_lowlight,night_lowlight,0.0
2019-04-26 19:30:00+00:00,2019-04-26 20:30:00+00:00,0.0,0.0,0.0,0.7796498537063599,0.6803855299949646,0.9266279339790344,0.0,0.2881566286087036,0.2421395480632782,0.0528153255581855,0.6225484609603882,0.9324917793273926,0.0,0.0,0.0,0.0,0.0,0.5180636644363403,night_lowlight,night_lowlight,0.0
2019-04-26 19:45:00+00:00,2019-04-26 20:45:00+00:00,0.0,0.0,0.0,0.7658655047416687,0.8084920048713684,1.0496445894241333,0.1059047654271125,0.4447304904460907,0.4125960171222687,0.2423583716154098,0.6295986175537109,1.1236828565597534,0.0,0.0,0.0,0.0820712819695472,0.0,0.6325914263725281,night_lowlight,night_lowlight,0.0
2019-04-26 20:00:00+00:00,2019-04-26 21:00:00+00:00,0.0,0.0,0.0,1.0265707969665527,0.8522002100944519,1.1455060243606567,0.1540360301733017,0.4813425242900848,0.451879471540451,0.2227235734462738,0.7472450137138367,1.1072219610214231,0.0,0.0,0.0,0.0789028331637382,0.0,0.7054508328437805,night_lowlight,night_lowlight,0.0
2019-04-26 20:15:00+00:00,2019-04-26 21:15:00+00:00,0.006742,0.0,0.0,1.096531629562378,0.9623117446899414,1.269951343536377,0.2446481138467788,0.6272096633911133,0.5868459343910217,0.3115710318088531,0.7836921811103821,1.2430236339569092,0.0,0.0,0.0,0.2849073112010956,0.0,0.8063680529594421,night_lowlight,night_lowlight,0.006742
2019-04-26 20:30:00+00:00,2019-04-26 21:30:00+00:00,0.0,0.0,0.0,1.2673325538635254,0.9580294489860536,1.3853901624679563,0.2291026562452316,0.5942693948745728,0.6564383506774902,0.2348803877830505,0.8366943001747131,1.1992175579071045,0.0,0.0,0.0,0.2930428683757782,0.0,0.9152880907058716,night_lowlight,night_lowlight,0.0
2019-04-26 20:45:00+00:00,2019-04-26 21:45:00+00:00,0.0,0.0,0.0,1.328253984451294,0.9249183535575868,1.4209790229797363,0.1509964317083358,0.6254204511642456,0.737086296081543,0.2144967019557953,0.9034302830696106,1.204467535018921,0.0,0.0,0.0342039331927812,0.3157927095890045,0.0308012943714857,1.0689263343811035,night_lowlight,night_lowlight,0.0
2019-04-26 21:00:00+00:00,2019-04-26 22:00:00+00:00,0.0,1.0,0.0,1.47317373752594,1.1383167505264282,1.604688048362732,0.3066962957382202,0.9558045268058776,0.8424897193908691,0.3842841684818268,1.081354022026062,1.3378686904907229,0.0,0.0,0.027510384270151,0.3949885368347168,0.0887482464313507,1.187511920928955,night_lowlight,night_lowlight,0.0
2019-04-26 21:15:00+00:00,2019-04-26 22:15:00+00:00,0.0,1.0,0.006742,1.5031458133621216,1.264108180419922,1.8105556959075928,0.4237456911964417,1.0723674291534424,0.986891745941162,0.4794217342300415,1.1045653814239502,1.49480831565094,0.5199438007131126,0.0496042034341951,0.1790502201725843,0.5896755451126099,0.209240197555542,1.296731471435547,night_lowlight,night_lowlight,-0.006742
2019-04-26 21:30:00+00:00,2019-04-26 22:30:00+00:00,0.020143,2.0,0.0,1.6730995178222656,1.433167815208435,1.9725061655044556,0.5419517159461975,1.2321288585662842,1.147207736968994,0.5900830030441284,1.1465173959732056,1.6419203281402588,0.4856500972415752,0.0486949896782911,0.1487935564697458,0.7624512910842896,0.3159561157226562,1.4023945331573486,night_lowlight,night_lowlight,0.020143
2019-04-26 21:45:00+00:00,2019-04-26 22:45:00+00:00,0.016607,3.0,0.0,1.784001708030701,1.3989932537078855,2.2160165309906006,0.571927547454834,1.2308188676834106,1.2310065031051636,0.5598143935203552,1.160918116569519,1.6810743808746338,1.0696546226211792,0.527771650257146,0.8523454015282391,0.834844708442688,0.3703525066375732,1.5083112716674805,night_lowlight,night_lowlight,0.016607
2019-04-26 22:00:00+00:00,2019-04-26 23:00:00+00:00,0.0,2.0,0.0,2.033531188964844,1.7831923961639404,2.276671886444092,0.7813223600387573,1.5145591497421265,1.3758585453033447,0.6353309750556946,1.258639216423035,1.7818444967269895,2.2369491499157457,1.7687467817908695,1.6931226848322192,0.9643222093582152,0.4630724787712097,1.5707117319107056,night_lowlight,night_lowlight,0.0
2019-04-26 22:15:00+00:00,2019-04-26 23:15:00+00:00,0.0,3.0,0.0,2.0207672119140625,1.9453727006912231,2.459242343902588,0.8250730633735657,1.5475528240203855,1.606645584106445,0.724108099937439,1.2464795112609863,2.0442147254943848,2.3727323168378085,1.9021061587748016,1.7093886891365395,1.2053557634353638,0.6177101135253906,1.6871111392974854,night_lowlight,night_lowlight,0.0
2019-04-26 22:30:00+00:00,2019-04-26 23:30:00+00:00,0.0526639999999999,4.0,0.020143,2.2807271159820557,1.9746279395751951,2.7874593414001465,0.9042076743774414,1.6300866283111572,1.635629979484558,0.6784212864570618,1.3239410794906616,2.0152479089431763,3.9724908122947977,3.268906577800977,3.0564493122112486,1.1907069362335203,0.6630086578063965,1.768978325241089,night_lowlight,night_lowlight,0.0325209999999999
2019-04-26 22:45:00+00:00,2019-04-26 23:45:00+00:00,0.115596,6.0,0.016607,2.504273130065918,2.260585261947632,2.921032382614136,1.0759063497848511,1.85071082270813,1.7826056019134522,0.7478065625495911,1.4444663063354493,2.126641704208374,4.307799903991854,3.330403694386335,3.301056420814715,1.2583267227478028,0.742751552230835,1.8487150207824707,night_lowlight,night_lowlight,0.09898900000000001
2019-04-26 23:00:00+00:00,2019-04-27 00:00:00+00:00,0.2641469999999999,9.0,0.0,2.6221532821655273,2.2861533164978027,3.176336765289306,1.115264892578125,1.8787211179733276,1.8141801357269287,0.6057447195053101,1.3903136253356934,2.1497011184692383,4.701617171003482,3.672406739762453,3.5404015098130346,1.294163942337036,0.7828116416931152,1.8742706775665283,night_lowlight,night_lowlight,0.2641469999999999
2019-04-26 23:15:00+00:00,2019-04-27 00:15:00+00:00,0.3448179999999999,11.0,0.0,2.8709568977355957,2.51847767829895,3.322293996810913,1.2512118816375732,2.05780029296875,1.8806782960891724,0.616297721862793,1.4734349250793457,2.1737518310546875,6.185748793936311,5.100442560786812,5.190384465141322,1.3004205226898191,0.797782301902771,1.9274215698242188,night_lowlight,night_lowlight,0.3448179999999999
2019-04-26 23:30:00+00:00,2019-04-27 00:30:00+00:00,0.468152,15.0,0.0526639999999999,2.951523739303589,2.560666519607544,3.6319264950408936,1.3277113022460936,2.082200485671997,2.0077353300704956,0.6521374168052673,1.5019802631988524,2.2849056305541993,6.1845348745068325,5.051235588363076,5.190384465141322,1.4187186541213987,0.910102027858734,2.039815026725769,night_lowlight,night_lowlight,0.41548800000000013
2019-04-26 23:45:00+00:00,2019-04-27 00:45:00+00:00,0.603641,19.0,0.115596,3.2057315743408203,2.774747315689087,3.837549630447388,1.5039245522460938,2.254807416244507,2.1712707913360596,0.7627484238586426,1.6586243546447754,2.426518622680664,8.91422890689093,6.826186980195278,6.078665129683781,1.522321525856018,1.0162068045578003,2.163069192214966,night_lowlight,night_lowlight,0.48804499999999995
2019-04-27 00:00:00+00:00,2019-04-27 01:00:00+00:00,0.724596,21.0,0.2641469999999999,3.5244721934051513,3.0538706347198485,4.213190035507202,1.7534548804016112,2.508388952896118,2.4104830786437987,0.8895200058670043,1.8580477997512816,2.6324162050933837,8.828854978659871,6.5794401792493025,6.125670857277929,1.705509738609314,1.2085128590316772,2.359113411590576,day_low,day_stable,0.4604490000000001
2019-04-27 00:15:00+00:00,2019-04-27 01:15:00+00:00,0.502988,18.0,0.3448179999999999,3.7081595699005128,3.1003617088012696,4.498682860534668,1.8569957057647704,2.5722786227874757,2.5066791812591553,0.943324987094879,1.9179164210968016,2.71331108013916,10.268124462097624,7.059997769019723,6.552462305416891,1.7738645116500853,1.3018780390434264,2.470484618347168,night_lowlight,night_lowlight,0.1581700000000001
2019-04-27 00:30:00+00:00,2019-04-27 01:30:00+00:00,0.591555,18.0,0.468152,3.919849587966919,3.1406247153778075,4.818905784179687,1.7715316548843385,2.5129315391082763,2.680758430053711,1.0168282523651122,1.9954518809814452,2.9548522964019774,10.872885578543482,8.39031718954384,8.834192041287224,1.8578643336791991,1.4091240301628112,2.738418532897949,night_lowlight,night_lowlight,0.12340300000000004
2019-04-27 00:45:00+00:00,2019-04-27 01:45:00+00:00,0.59202,19.0,0.603641,4.011824574676513,3.3144263889465333,5.132901635375976,1.859309044090271,2.6031846668395997,2.886791911331177,1.2254639532241822,2.1515270139846803,3.1731137897644044,10.82013764803727,8.39031718954384,8.834192041287224,1.9824775125656129,1.5556771423492433,2.9696857597503663,night_lowlight,night_lowlight,-0.011620999999999992
2019-04-27 01:00:00+00:00,2019-04-27 02:00:00+00:00,0.750518,23.0,0.724596,4.268589949890137,3.605645156188965,5.443410373016357,2.152522778793335,2.812404609008789,3.0528256657562256,1.4930313590011597,2.313562131210327,3.2315153840026856,10.874354603764386,8.811016624977704,8.845328568441984,2.0001456501922608,1.532945072933197,3.1077198746643067,day_low,day_stable,0.025922
2019-04-27 01:15:00+00:00,2019-04-27 02:15:00+00:00,1.4980000000000002,41.0,0.502988,4.129857678497315,3.377035756195069,5.274798531616211,1.970444579208374,2.593946118438721,2.8202122641448977,1.2831572485809326,2.085460920417786,2.962938923919678,10.618514130594306,8.618588823989985,9.295934822781764,1.733152885520935,1.2451979709510803,2.8556047869567873,day_low,day_stable,0.9950120000000002
2019-04-27 01:30:00+00:00,2019-04-27 02:30:00+00:00,1.37416,39.0,0.591555,4.337689519577026,3.452826381378174,5.394229770355224,2.131984472923279,2.7086526161956788,2.905305743865967,1.3917685157585145,2.2019940621185303,2.993769050292969,10.575599863777024,8.563754667537578,9.393484952723703,1.7884105450439454,1.2785254127311707,2.896798253707886,day_low,day_stable,0.782605
2019-04-27 01:45:00+00:00,2019-04-27 02:45:00+00:00,1.641309,49.0,0.59202,4.373841250915527,3.365254844207763,5.461595500488281,2.045114363212585,2.5812362084579465,2.9708032260131834,1.359548772354126,2.142079080123901,3.0481114039611814,10.722683221002168,8.473254389245312,9.536904185261376,1.7936361680221558,1.2974400172424316,2.9389431128692625,day_low,day_stable,1.049289
2019-04-27 02:00:00+00:00,2019-04-27 03:00:00+00:00,1.731871,50.0,0.750518,4.615785753601074,3.8024136184387207,5.661278402679443,2.4799808620147705,3.0459882377319336,3.472643768661499,1.9276206849746704,2.713464057319641,3.682583010070801,10.54834649167272,8.318106436689083,9.456994678745072,2.248894488685608,1.6874006746940613,3.153898870819092,day_low,day_stable,0.9813529999999999
2019-04-27 02:15:00+00:00,2019-04-27 03:15:00+00:00,2.198984,53.0,1.4980000000000002,5.882438037872315,4.7572098712921145,6.650841567993164,3.571685169219971,4.106467340469361,4.3410488109588625,2.8533140163421633,3.575110528945923,4.45356378364563,11.04150213054059,8.623148112461475,9.30455544375864,2.9710964899063113,2.465765748500824,3.800024602890015,day_low,day_stable,0.7009839999999996
2019-04-27 02:30:00+00:00,2019-04-27 03:30:00+00:00,3.393305,84.0,1.37416,5.955880352172851,4.529308029327392,6.4548665963745115,3.511733719024658,4.01453561416626,4.107350059661865,2.597089000854492,3.3886475049591063,4.1200909101104735,10.99931012111394,8.601816682989806,9.30455544375864,2.6511073791122435,2.2854210220909117,3.535079666290283,day_low,day_stable,2.019145
2019-04-27 02:45:00+00:00,2019-04-27 03:45:00+00:00,3.337086,83.0,1.641309,6.401861406311035,4.923642135604858,6.744566656097412,3.950148797973633,4.440462327941894,4.346237874969482,2.87704000566864,3.744605041488647,4.198037839874267,11.129835845332156,8.914696172124223,9.3617274509566,2.7808987865295407,2.455337561115265,3.661927915557861,day_low,day_stable,1.6957770000000003
2019-04-27 03:00:00+00:00,2019-04-27 04:00:00+00:00,3.609266,88.0,1.731871,6.569632878967285,5.1564327389678954,6.880427709289551,4.201470962234497,4.712741962142944,4.494742503829956,3.061716070838928,4.07145988053894,4.204069247909546,11.093622878602858,9.472735904985102,10.057739681006987,2.8517441660842895,2.574349334903717,3.666617742248535,day_low,day_stable,1.877395
2019-04-27 03:15:00+00:00,2019-04-27 04:15:00+00:00,3.975235,108.0,2.198984,6.7213467090454095,5.295834872039794,6.974073740753173,4.60538515737915,5.038505646499633,4.950035425933837,3.4582359521713255,4.379314276489257,4.642718645843505,10.850649937766171,9.370988617901908,9.86781619896862,3.2727341382827757,3.0861395924415587,4.075521203788757,day_low,day_stable,1.7762510000000002
2019-04-27 03:30:00+00:00,2019-04-27 04:30:00+00:00,3.829875,112.0,3.393305,7.969545539550781,6.754241164855957,8.21637743347168,6.141450341873169,6.455724176101684,6.305469211273193,4.8461334072875974,5.869095739059448,5.786104854278564,11.595513124991616,9.952284728334044,9.554833499336002,4.4306814038085935,4.214837905101776,5.175083573989868,day_low,day_stable,0.4365700000000001
2019-04-27 03:45:00+00:00,2019-04-27 04:45:00+00:00,6.132329,129.0,3.337086,7.871042527709961,6.7763708014831545,8.049465932403564,6.161219396148682,6.403401889358521,6.380332269226074,4.812357582603455,5.883137263809204,5.877122916732788,10.837751167176515,9.610248931882698,9.554833499336002,4.330929138217926,4.115998484645844,5.030405201469422,day_low,day_stable,2.795243
2019-04-27 04:00:00+00:00,2019-04-27 05:00:00+00:00,5.949781,146.0,3.609266,7.869845586029053,6.919820027557373,7.795345025268555,6.374401049819946,6.5885459949645995,6.61612315675354,5.008578734603882,6.06418486138916,5.9590835144195555,9.994858926618525,9.060323724666578,8.51858036337046,4.506194310394287,4.354400055614471,5.126500086990356,day_low,day_stable,2.340515
2019-04-27 04:15:00+00:00,2019-04-27 05:15:00+00:00,8.064,196.0,3.975235,7.733378663406372,6.885731950149536,7.39246846710205,6.598633303985595,6.802542224273681,6.826932206497192,5.1458431628799435,6.187617316589355,5.825591578826904,9.965591831457589,9.10148536798607,8.04259112404,4.669019654140472,4.607109680519104,5.32243730102539,day_low,day_stable,4.088765
2019-04-27 04:30:00+00:00,2019-04-27 05:30:00+00:00,5.7309220000000005,152.0,3.829875,7.257260568618774,6.573429830551147,6.821663625717163,6.450359590530395,6.69086862373352,6.716363914489746,5.024785407066345,5.996164091110229,5.6103280858993525,10.099690377386224,10.479632441686794,8.153498721831498,4.415601678371429,4.398069866180419,5.051484830856323,day_low,day_stable,1.9010470000000006
2019-04-27 04:45:00+00:00,2019-04-27 05:45:00+00:00,7.988313000000001,199.0,6.132329,8.435196889404297,8.746596349243164,8.550496352676392,8.357645524505616,8.58167530393982,9.23942447996521,7.025026274684906,7.963809503082276,8.28390337324524,11.987007283507689,13.865358930600005,9.421896604561118,6.725557936195374,6.624419255022049,7.525829566482544,day_low,day_stable,1.8559840000000003
2019-04-27 05:00:00+00:00,2019-04-27 06:00:00+00:00,7.7,188.0,5.949781,8.165489017349243,8.4636490934906,7.98182707963562,8.340656101089477,8.586774885040283,9.100356637817384,7.084055125099182,8.031916677337646,7.977207242828369,11.935842558425596,12.84826432364615,10.017389255743202,6.595784544330597,6.532057880741119,7.07880383668518,day_low,day_stable,1.7502190000000004
2019-04-27 05:15:00+00:00,2019-04-27 06:15:00+00:00,9.01425,220.0,8.064,9.36645876312256,10.437636484146118,9.273751963615418,10.402867664337158,10.8364506855011,11.299083103179932,9.16977666759491,9.948889602661133,9.825583805084229,15.188752801018762,15.868230532368766,12.243932566154989,8.613316346645355,8.507823963403702,8.995534886360169,day_low,day_stable,0.9502500000000005
2019-04-27 05:30:00+00:00,2019-04-27 06:30:00+00:00,4.706625,122.0,5.7309220000000005,6.591087596008301,7.529493228981019,6.385163085052491,7.789856688568116,8.192618624755859,8.701563374588012,6.418516175338746,7.279503004142762,7.200055257865906,11.86924255344307,12.539141988309764,9.473997450285935,6.061379270145417,6.104535387346268,6.466168002674103,day_low,day_stable,-1.0242970000000007
2019-04-27 05:45:00+00:00,2019-04-27 06:45:00+00:00,2.789773,72.0,7.988313000000001,8.118432621753694,9.594978611267091,8.074444773889066,9.94869856098938,10.415884773529054,11.017112533843996,8.751182894504549,9.47332302788544,9.478395025527956,16.50012868377279,15.594513515107014,12.176553032037903,8.297643105781557,8.252037237680437,8.573366086280824,day_low,day_stable,-5.198540000000001
2019-04-27 06:00:00+00:00,2019-04-27 07:00:00+00:00,3.284531,84.0,7.7,7.1736786484718325,8.94564492702484,7.271431040763855,9.355096411705016,9.90461583137512,10.603721094131467,8.20610077381134,8.912477445602416,9.05275912284851,16.927445983923143,15.591643451143495,11.47778528887229,7.882330429553986,7.8550240218639376,8.029185664653777,day_low,day_stable,-4.415469
2019-04-27 06:15:00+00:00,2019-04-27 07:15:00+00:00,2.572883,67.0,9.01425,7.495696146965027,10.055652578353882,7.9813156919479376,10.38004430103302,10.998108942985535,11.901029069900511,9.378196795463564,9.98629315662384,10.424020131111146,16.106205829660432,15.722288481577344,11.194531099458024,9.18412517476082,9.04983323159814,9.254967217326165,day_low,day_stable,-6.4413670000000005
2019-04-27 06:30:00+00:00,2019-04-27 07:30:00+00:00,2.274453,57.0,4.706625,4.266587868690491,5.379102066516876,3.6293155107498167,5.863515630722046,6.435539856910705,7.003075138092041,4.717107875630259,5.679494992256164,5.489690438270569,11.358142058706823,10.51411215902397,7.401890351591777,4.639402941226959,4.501991168022156,4.629287325203419,day_low,day_stable,-2.432172
2019-04-27 06:45:00+00:00,2019-04-27 07:45:00+00:00,2.166008,57.0,2.789773,2.9417287684659956,3.100340319393158,1.9178463942985533,3.7670401461105345,4.171871197937012,4.663672221420288,2.602133346317291,3.5499928123931883,3.2538467175941466,9.007108886957505,7.3348948523763315,5.979470872063169,2.5560177094917296,2.445284975288391,2.583137271521568,day_low,day_stable,-0.6237649999999997
2019-04-27 07:00:00+00:00,2019-04-27 08:00:00+00:00,2.2204770000000003,60.0,3.284531,3.173433962207794,3.6903697279510497,2.5381223586616515,3.967302623134613,4.396685603004455,5.049345138412475,2.8944160667476653,3.6908636716423033,4.198207083087921,8.74142952180623,8.018466397276558,6.911151291509671,3.0647871968564986,3.033041092496872,3.1684210849223136,day_low,day_stable,-1.0640539999999996
2019-04-27 07:15:00+00:00,2019-04-27 08:15:00+00:00,1.532426,40.0,2.572883,2.6043679950373173,3.043774296863556,1.8967322012023928,3.3084741135673523,3.6543927093582154,4.008145203216553,2.1490760346488953,3.07364063463974,3.1156122585372925,7.668956979402561,6.794751351988577,5.436249287378408,2.2985075017051697,2.193869968278885,2.2786855896549225,day_low,day_stable,-1.040457
2019-04-27 07:30:00+00:00,2019-04-27 08:30:00+00:00,1.23643,34.0,2.274453,2.2971535574852227,2.8992527879981993,1.729021326473236,2.8754511036186217,3.1614860452919005,3.585783437660217,1.7659037269859312,2.651695773771286,2.986301258972168,6.875206866278209,6.0543852503361,5.1163634938748075,1.9637108005790709,1.8542616524009703,2.011973486116409,day_low,day_stable,-1.038023
2019-04-27 07:45:00+00:00,2019-04-27 08:45:00+00:00,0.966328,27.0,2.166008,2.1554768380882146,2.851467315776825,1.6095989390449523,2.797522668464661,3.021931593044281,3.275211577041626,1.6271916075782775,2.5959000929431917,2.693654005153656,5.884972266989771,6.1267686469834635,4.820107300956447,1.836715941055298,1.6454337879257204,1.778615032060623,day_low,day_stable,-1.1996800000000003
2019-04-27 08:00:00+00:00,2019-04-27 09:00:00+00:00,0.6941350000000001,19.0,2.2204770000000003,2.1458845810313227,2.9185607583541873,1.5372204930801394,2.8487433345336917,3.1749009044189456,3.089518204452515,1.3685041816253665,2.389533743383408,2.2843045966048243,4.204808947521595,4.0672652173486075,3.4006801425762494,1.853589043142319,1.668898657085419,1.637829616786957,night_lowlight,night_lowlight,-1.526342
2019-04-27 08:15:00+00:00,2019-04-27 09:15:00+00:00,0.560178,16.0,1.532426,1.473369043678999,2.1968976262817383,0.8451794985542298,2.0539786819229127,2.268829524875641,2.2607586983451844,0.5039378408203126,1.5112565349648,1.4960223030159474,3.4648221080513624,3.0047168480372,2.9188282179068525,1.1382273439178467,0.9626386169204711,0.9102498892555236,night_lowlight,night_lowlight,-0.9722480000000001
2019-04-27 08:30:00+00:00,2019-04-27 09:30:00+00:00,0.562625,16.0,1.23643,1.1111206220912933,1.8334853755760192,0.4610143410491942,1.606247346334457,1.82818443649292,1.799042235546112,0.0566502320098876,1.0667296903657912,0.8942056702899932,1.8535614935061815,1.584968933732514,1.2340799875430934,0.8286792444515227,0.5571665870475768,0.5115823256301879,night_lowlight,night_lowlight,-0.6738049999999999
2019-04-27 08:45:00+00:00,2019-04-27 09:45:00+00:00,0.4144489999999999,13.0,0.966328,0.921559625586748,1.6054665793685912,0.4570350994377136,1.2688476492671965,1.4173361708431242,1.4722163428573607,0.0,0.76609386997509,0.6655225207118988,0.9102203728283508,1.0668871897174732,0.4658806953687343,0.5440309693126678,0.2714068640975952,0.2420162309913635,night_lowlight,night_lowlight,-0.551879
2019-04-27 09:00:00+00:00,2019-04-27 10:00:00+00:00,0.238608,9.0,0.6941350000000001,0.6455993587172032,1.3082328932380678,0.2123327152824402,0.8497342364883423,1.1063431696987154,1.1050772266483309,0.0,0.2928862171268463,0.1880032317733765,0.6271585141342616,1.294584548830656,0.4533186903544975,0.2514217691516877,0.0,0.0,night_lowlight,night_lowlight,-0.45552700000000007
2019-04-27 09:15:00+00:00,2019-04-27 10:15:00+00:00,0.170256,8.0,0.560178,0.4819645392565727,1.1775225582389832,0.1690423372058868,0.6580674457221031,0.9237490775852204,0.9078581514625548,0.0,0.0863540652065276,0.0,0.1142652197317088,0.3559734273691972,0.0105912046526984,0.1098510208396911,0.0,0.0,night_lowlight,night_lowlight,-0.389922
2019-04-27 09:30:00+00:00,2019-04-27 10:30:00+00:00,0.0917019999999999,5.0,0.562625,0.4138491989374161,1.1606115789413454,0.1389054448604584,0.5694175737239421,0.8725357146263123,0.8469712228775025,0.0,0.0,0.0,0.1079139221751147,0.1642100049501946,0.0,0.1152559609413147,0.0,0.0,night_lowlight,night_lowlight,-0.47092300000000015
2019-04-27 09:45:00+00:00,2019-04-27 10:45:00+00:00,0.018268,4.0,0.4144489999999999,0.2100113269081114,0.9806797143211364,0.0,0.2960696604242324,0.6491994198551176,0.6271874841442107,0.0,0.0,0.0,0.1609732626792157,0.10606186934401,0.0,0.0,0.0,0.0,night_lowlight,night_lowlight,-0.3961809999999999
2019-04-27 10:00:00+00:00,2019-04-27 11:00:00+00:00,0.0,1.0,0.238608,0.0,0.8224254819946288,0.0,0.1697931635575294,0.4808866056995391,0.4554717365102768,0.0,0.0,0.0,0.2269731501224681,0.0742670226301797,0.0,0.0,0.0,0.0,night_lowlight,night_lowlight,-0.238608
2019-04-27 10:15:00+00:00,2019-04-27 11:15:00+00:00,0.0,0.0,0.170256,0.0,0.799098830657959,0.0,0.1355198249099254,0.3635899536190032,0.3548880927143096,0.0,0.0,0.0,0.1539058924954459,0.0778672183845428,0.0,0.0,0.0,0.0,night_lowlight,night_lowlight,-0.170256
2019-04-27 10:30:00+00:00,2019-04-27 11:30:00+00:00,0.0,0.0,0.0917019999999999,0.0,0.6878680742759704,0.0,0.0,0.2269068665285109,0.2231158025045393,0.0,0.0,0.0,0.2265703243845703,0.0,0.0,0.0,0.0,0.0,night_lowlight,night_lowlight,-0.0917019999999999
2019-04-27 10:45:00+00:00,2019-04-27 11:45:00+00:00,0.0,0.0,0.018268,0.0,0.5480318773918151,0.0,0.0,0.0421704944603443,0.1014004234604835,0.0,0.0,0.0,0.0,0.0003739706384244,0.0,0.0,0.0,0.0,night_lowlight,night_lowlight,-0.018268
2019-04-27 11:00:00+00:00,2019-04-27 12:00:00+00:00,0.0,0.0,0.0,0.0,0.4786878228187561,0.0,0.0,0.0,0.0748807936906814,0.0,0.0,0.0,0.0,0.0382594327103243,0.0175849513123215,0.0,0.0,0.0,night_lowlight,night_lowlight,0.0
2019-04-27 11:15:00+00:00,2019-04-27 12:15:00+00:00,0.0,0.0,0.0,0.0,0.4982257783412933,0.0,0.0,0.0,0.0,0.0,0.0,0.0,0.0,0.0264823235427459,0.0039204359764071,0.0,0.0,0.0,night_lowlight,night_lowlight,0.0
2019-04-27 11:30:00+00:00,2019-04-27 12:30:00+00:00,0.0,0.0,0.0,0.0,0.4501644670963287,0.0,0.0,0.0,0.0,0.0,0.0,0.0,0.0,0.0382594327103243,0.0175849513123215,0.0,0.0,0.0,night_lowlight,night_lowlight,0.0
2019-04-27 11:45:00+00:00,2019-04-27 12:45:00+00:00,0.0,0.0,0.0,0.0,0.3940075635910034,0.0,0.0,0.0,0.0,0.0,0.0,0.0,0.0,0.0382594327103243,0.0175849513123215,0.0,0.0,0.0,night_lowlight,night_lowlight,0.0
2019-04-27 12:00:00+00:00,2019-04-27 13:00:00+00:00,0.0,0.0,0.0,0.0,0.429713100194931,0.0,0.0,0.0,0.0,0.0,0.0,0.0,0.0,0.066576054621631,0.0,0.0,0.0,0.0,night_lowlight,night_lowlight,0.0
2019-04-27 12:15:00+00:00,2019-04-27 13:15:00+00:00,0.0,0.0,0.0,0.0,0.442446768283844,0.0,0.0,0.0,0.0,0.0,0.0,0.0,0.0,0.066576054621631,0.0,0.0,0.0,0.0,night_lowlight,night_lowlight,0.0
2019-04-27 12:30:00+00:00,2019-04-27 13:30:00+00:00,0.0,0.0,0.0,0.0,0.3864424228668213,0.0,0.0,0.0,0.0873816832900047,0.0,0.0,0.0,0.0,0.0633230681061395,0.0,0.0,0.0,0.0,night_lowlight,night_lowlight,0.0
2019-04-27 12:45:00+00:00,2019-04-27 13:45:00+00:00,0.0,0.0,0.0,0.0,0.3604281544685364,0.0,0.0,0.0,0.0,0.0,0.0,0.0,0.0,0.066576054621631,0.0,0.0,0.0,0.0,night_lowlight,night_lowlight,0.0
2019-04-27 13:00:00+00:00,2019-04-27 14:00:00+00:00,0.0,0.0,0.0,0.0,0.4084202647209167,0.0,0.0,0.0,0.0,0.0,0.0,0.0,0.0,0.0264823235427459,0.0039204359764071,0.0,0.0,0.0,night_lowlight,night_lowlight,0.0
2019-04-27 13:15:00+00:00,2019-04-27 14:15:00+00:00,0.0,0.0,0.0,0.0,0.3931069672107696,0.0,0.0,0.0,0.0,0.0,0.0,0.0,0.0,0.0382594327103243,0.0175849513123215,0.0,0.0,0.0,night_lowlight,night_lowlight,0.0
2019-04-27 13:30:00+00:00,2019-04-27 14:30:00+00:00,0.0,0.0,0.0,0.0,0.3489310145378113,0.0,0.0,0.0,0.0,0.0,0.0,0.0,0.0,0.0382594327103243,0.0175849513123215,0.0,0.0,0.0,night_lowlight,night_lowlight,0.0
2019-04-27 13:45:00+00:00,2019-04-27 14:45:00+00:00,0.0,0.0,0.0,0.0,0.2935755252838135,0.0,0.0,0.0,0.0,0.0,0.0,0.0,0.0,0.0382594327103243,0.0175849513123215,0.0,0.0,0.0,night_lowlight,night_lowlight,0.0
2019-04-27 14:00:00+00:00,2019-04-27 15:00:00+00:00,0.0,0.0,0.0,0.0,0.3340552449226379,0.0,0.0,0.0,0.0,0.0,0.0,0.0,0.0,0.0,0.0396404404223325,0.0,0.0,0.0,night_lowlight,night_lowlight,0.0
2019-04-27 14:15:00+00:00,2019-04-27 15:15:00+00:00,0.0,0.0,0.0,0.0,0.3318527042865753,0.0,0.0,0.0,0.0,0.0,0.0,0.0,0.0,0.0,0.0396404404223325,0.0,0.0,0.0,night_lowlight,night_lowlight,0.0
2019-04-27 14:30:00+00:00,2019-04-27 15:30:00+00:00,0.0,0.0,0.0,0.0,0.3774564564228058,0.0,0.0,0.0,0.0,0.0,0.0,0.0,0.0,0.0,0.0396404404223325,0.0,0.0,0.0,night_lowlight,night_lowlight,0.0
2019-04-27 14:45:00+00:00,2019-04-27 15:45:00+00:00,0.0,0.0,0.0,0.0,0.3668420016765594,0.0,0.0,0.0,0.0,0.0,0.0,0.0,0.0,0.0,0.0396404404223325,0.0,0.0,0.0,night_lowlight,night_lowlight,0.0
2019-04-27 15:00:00+00:00,2019-04-27 16:00:00+00:00,0.0,0.0,0.0,0.0601980090141296,0.3313690423965454,0.0,0.0,0.0,0.0,0.0,0.0,0.0,0.0,0.0,0.0015487637089995,0.0,0.0,0.0,night_lowlight,night_lowlight,0.0
2019-04-27 15:15:00+00:00,2019-04-27 16:15:00+00:00,0.0,0.0,0.0,0.0766767337918281,0.3704401850700378,0.0,0.0,0.0,0.0,0.0,0.0,0.0,0.0,0.0,0.0,0.0,0.0,0.0,night_lowlight,night_lowlight,0.0
2019-04-27 15:30:00+00:00,2019-04-27 16:30:00+00:00,0.0,0.0,0.0,0.0993491932749748,0.3307905495166778,0.0,0.0,0.0,0.0,0.0,0.0,0.0,0.0,0.0,0.0015487637089995,0.0,0.0,0.0,night_lowlight,night_lowlight,0.0
2019-04-27 15:45:00+00:00,2019-04-27 16:45:00+00:00,0.0,0.0,0.0,0.0072539118118584,0.2846655547618866,0.0,0.0,0.0,0.0,0.0,0.0,0.0,0.0,0.0,0.0015487637089995,0.0,0.0,0.0,night_lowlight,night_lowlight,0.0
2019-04-27 16:00:00+00:00,2019-04-27 17:00:00+00:00,0.0,0.0,0.0,0.0215059984475374,0.3061604499816894,0.0,0.0,0.0,0.0,0.0,0.0,0.0,0.0,0.0,0.0,0.0,0.0,0.0,night_lowlight,night_lowlight,0.0
2019-04-27 16:15:00+00:00,2019-04-27 17:15:00+00:00,0.0,0.0,0.0,0.0391595028340816,0.3052747547626495,0.0,0.0,0.0,0.0,0.0,0.0,0.0,0.0,0.0,0.0067697276524667,0.0,0.0,0.0,night_lowlight,night_lowlight,0.0
2019-04-27 16:30:00+00:00,2019-04-27 17:30:00+00:00,0.0,0.0,0.0,0.0,0.5146802663803101,0.0,0.0,0.0,0.0,0.0,0.0,0.0,0.0,0.0272365471596354,0.0,0.0,0.0,0.0,night_lowlight,night_lowlight,0.0
2019-04-27 16:45:00+00:00,2019-04-27 17:45:00+00:00,0.0,0.0,0.0,0.1060038283467292,0.5297185182571411,0.0,0.0,0.0,0.0,0.0,0.0,0.0,0.0,0.0272365471596354,0.0,0.0,0.0,0.0,night_lowlight,night_lowlight,0.0
2019-04-27 17:00:00+00:00,2019-04-27 18:00:00+00:00,0.0,0.0,0.0,0.2147664427757263,0.5719603896141052,0.0142213460057973,0.0,0.0,0.0,0.0,0.0,0.1039140745997428,0.0,0.028513162239555,0.0,0.0,0.0,0.0,night_lowlight,night_lowlight,0.0
2019-04-27 17:15:00+00:00,2019-04-27 18:15:00+00:00,0.0,0.0,0.0,0.2893841564655304,0.5617374181747437,0.0850328430533409,0.0,0.0,0.0,0.0,0.0,0.1640871614217758,0.0,0.0231918934329948,0.0,0.0,0.0,0.0600859820842742,night_lowlight,night_lowlight,0.0
2019-04-27 17:30:00+00:00,2019-04-27 18:30:00+00:00,0.0,0.0,0.0,0.2539016008377075,0.5999041795730591,0.153864324092865,0.0,0.0310763828456401,0.0302541088312864,0.0,0.0,0.3331808745861053,0.0,0.026343526831855,0.0,0.0,0.0,0.1668506860733032,night_lowlight,night_lowlight,0.0
2019-04-27 17:45:00+00:00,2019-04-27 18:45:00+00:00,0.0,0.0,0.0,0.107811726629734,0.5635243058204651,0.139670729637146,0.0,0.0,0.2360808551311493,0.0,0.0,0.5381704568862915,0.0,0.0348381770422183,0.0040406904464944,0.0,0.0,0.3104871809482574,night_lowlight,night_lowlight,0.0
2019-04-27 18:00:00+00:00,2019-04-27 19:00:00+00:00,0.0,0.0,0.0,0.2105716466903686,0.5204800963401794,0.2810581624507904,0.0,0.1138514354825019,0.1761652380228042,0.0,0.0,0.5505909323692322,0.0,0.026343526831855,0.0,0.0,0.0,0.3209426403045654,night_lowlight,night_lowlight,0.0
2019-04-27 18:15:00+00:00,2019-04-27 19:15:00+00:00,0.0,0.0,0.0,0.0388263016939163,0.559913694858551,0.2499484270811081,0.0,0.102387823164463,0.4691330194473266,0.0,0.0,0.8171690702438354,0.0,0.0,0.0,0.0,0.1004967391490936,0.5092431306838989,night_lowlight,night_lowlight,0.0
2019-04-27 18:30:00+00:00,2019-04-27 19:30:00+00:00,0.0,0.0,0.0,0.0318892486393451,0.5814561247825623,0.3733404576778412,0.0,0.2793096303939819,0.5387604236602783,0.0,0.0,1.0000238418579102,0.0,0.0316647956384152,0.0,0.0,0.2270367294549942,0.5736007690429688,night_lowlight,night_lowlight,0.0
2019-04-27 18:45:00+00:00,2019-04-27 19:45:00+00:00,0.0,0.0,0.0,0.1333475857973098,0.6244340538978577,0.5414503812789917,0.0,0.3881076574325561,0.6432953476905823,0.0,0.0369273759424686,1.0903202295303345,0.0,0.0316647956384152,0.0,0.0,0.2900843024253845,0.6673505902290344,night_lowlight,night_lowlight,0.0
2019-04-27 19:00:00+00:00,2019-04-27 20:00:00+00:00,0.0,0.0,0.0,0.0849858000874519,0.6196509599685669,0.5730406045913696,0.0119773466140031,0.4098205268383026,0.8559446930885315,0.0,0.0722506791353225,1.27546489238739,0.0,0.0677218441431957,0.0,0.0490391887724399,0.3561301231384277,0.8320425748825073,night_lowlight,night_lowlight,0.0
2019-04-27 19:15:00+00:00,2019-04-27 20:15:00+00:00,0.0,0.0,0.0,0.1916889697313308,0.4351612031459808,0.5880759954452515,0.0,0.2978996336460113,0.9471789002418518,0.0,0.1612882316112518,1.28157377243042,0.0,0.0710043031004108,0.0,0.0587213560938835,0.3692224621772766,1.0890378952026367,night_lowlight,night_lowlight,0.0
2019-04-27 19:30:00+00:00,2019-04-27 20:30:00+00:00,0.0,0.0,0.0,0.0871322005987167,0.4848970472812652,0.6174063682556152,0.0135351680219173,0.3846167922019958,1.201926589012146,0.0,0.1762524992227554,1.552069902420044,0.0,0.0624005753366355,0.0,0.1748261600732803,0.4709514081478119,1.2940455675125122,night_lowlight,night_lowlight,0.0
2019-04-27 19:45:00+00:00,2019-04-27 20:45:00+00:00,0.0,0.0,0.0,0.0593448765575885,0.5516810417175293,0.7031952738761902,0.1161295250058174,0.505641520023346,1.3769370317459106,0.1019751951098442,0.2420652359724044,1.812697410583496,0.0,0.0382370606868307,0.0,0.3192034065723419,0.5659657716751099,1.4845038652420044,night_lowlight,night_lowlight,0.0
2019-04-27 20:00:00+00:00,2019-04-27 21:00:00+00:00,0.0,0.0,0.0,0.1822796016931533,0.5830225944519043,0.8121117353439331,0.0897938981652259,0.5350021123886108,1.422230243682861,0.1889407485723495,0.3239368200302124,1.978209972381592,0.0,0.0,0.0,0.4859419465065002,0.5647301077842712,1.670190930366516,night_lowlight,night_lowlight,0.0
2019-04-27 20:15:00+00:00,2019-04-27 21:15:00+00:00,0.0,0.0,0.0,0.3874013125896454,0.7498100996017456,0.9238262176513672,0.2744466662406921,0.6982400417327881,1.4502447843551636,0.2888216972351074,0.4691226482391357,2.050008535385132,0.0,0.0362922224323139,0.0,0.6030296087265015,0.6601506471633911,1.8186850547790527,night_lowlight,night_lowlight,0.0
2019-04-27 20:30:00+00:00,2019-04-27 21:30:00+00:00,0.0,1.0,0.0,0.711479902267456,0.7998507618904114,1.119074463844299,0.3257920145988464,0.7517151236534119,1.5093817710876465,0.3705406486988067,0.5226573348045349,2.0874314308166504,0.0,0.0277975722219507,0.0,0.7129680514335632,0.7317567467689514,1.9516041278839111,night_lowlight,night_lowlight,0.0
2019-04-27 20:45:00+00:00,2019-04-27 21:45:00+00:00,0.250079,10.0,0.0,0.9892548322677612,0.9691572785377502,1.3035770654678345,0.4902649819850921,0.9372753500938416,1.625576734542847,0.4930854141712188,0.6818771362304688,2.227137327194214,0.0,0.0362922224323139,0.0,0.841184139251709,0.8665274977684021,2.089885950088501,night_lowlight,night_lowlight,0.250079
2019-04-27 21:00:00+00:00,2019-04-27 22:00:00+00:00,0.66094,22.0,0.0,1.197726130485535,1.1853268146514893,1.4963032007217407,0.6366724967956543,1.087035894393921,1.7485672235488892,0.5711487531661987,0.8788803815841675,2.419574022293091,0.0,0.0,0.0073012648624791,0.9941383600234984,0.972780168056488,2.194586992263794,day_low,day_stable,0.66094
2019-04-27 21:15:00+00:00,2019-04-27 22:15:00+00:00,1.37457,47.0,0.0,1.4735454320907593,1.2183254957199097,1.78071928024292,0.6339335441589355,1.0891293287277222,1.8364943265914917,0.6410683393478394,0.8539422750473022,2.476699113845825,0.5484747918539944,0.0238371592060867,0.4844351140822232,1.100506067276001,1.046584963798523,2.3295884132385254,day_low,day_stable,1.37457
2019-04-27 21:30:00+00:00,2019-04-27 22:30:00+00:00,2.418555,83.0,0.0,1.8917908668518064,1.1688169240951538,2.223137378692627,0.7407090067863464,1.1796932220458984,1.7088159322738647,0.6373685598373413,0.8997471928596497,2.3300182819366455,0.6571195224810181,0.2235271497483882,0.5918134234395903,1.1179828643798828,0.9789126515388488,2.3764588832855225,day_low,day_stable,2.418555
2019-04-27 21:45:00+00:00,2019-04-27 22:45:00+00:00,3.284969,116.0,0.250079,2.629043900970459,1.5241518855133056,2.927822434906006,1.190459573272705,1.612066829208374,1.9928059220352172,0.916963422302246,1.2551924824752807,2.5780263781585693,1.686469168069613,0.9419450739165768,0.9146723237627078,1.431756222251892,1.1885002493896484,2.6673992514648437,day_low,day_stable,3.03489
2019-04-27 22:00:00+00:00,2019-04-27 23:00:00+00:00,4.40486,158.0,0.66094,3.5930722441101075,2.120979019584656,3.815171071472168,1.876218625488281,2.322758861961365,2.6889420236968995,1.4140393223190308,1.808962770881653,3.1206081594848634,3.317897239643291,2.5251382570540324,1.680566716891524,1.9559184994125367,1.703406163635254,3.2029514994049073,day_low,day_stable,3.74392
2019-04-27 22:15:00+00:00,2019-04-27 23:15:00+00:00,5.871359,213.0,1.37457,4.804904806442261,3.542617428131104,5.09942899925232,3.1260743020248416,3.575642216033936,3.923101293869019,2.4104349492263797,2.735487448997498,4.366503107376099,3.9435178600408065,3.2989191366022452,2.1223527649592,3.0079200146865848,2.763136851615906,4.028945553131104,day_low,day_stable,4.496789
2019-04-27 22:30:00+00:00,2019-04-27 23:30:00+00:00,8.020688,293.0,2.418555,6.945867278747558,5.128969409637451,7.132681586914062,4.600656726531982,4.82094381111145,5.382550933532714,3.654226639442444,4.038354971580505,5.701347329788208,6.8923022983579605,5.553988434209266,4.363249032586304,4.2213151242065425,4.2009269978332515,5.387029149703979,day_medium,day_stable,5.602133
2019-04-27 22:45:00+00:00,2019-04-27 23:45:00+00:00,7.810688000000001,325.0,3.284969,8.483846811431885,6.553151516098023,8.705717710632324,6.0974859277191165,5.994799760955811,6.660610822814942,4.772726682800293,5.134445575851441,6.906305936950684,7.944810070617952,6.828789595213686,4.193503182879425,5.337050108093262,5.441053060668946,6.497226862091065,day_medium,day_stable,4.5257190000000005
2019-04-27 23:00:00+00:00,2019-04-28 00:00:00+00:00,11.98991,396.0,4.40486,9.984851817474365,8.132971267089843,10.27789066253662,7.649610022888184,7.41259811340332,7.925219992980957,6.118377427444458,6.45438073097229,8.190404157028198,9.357345357339996,7.856146729851781,5.32237126788347,6.657191972122193,6.780145387039185,7.910423974380493,day_medium,day_stable,7.58505
2019-04-27 23:15:00+00:00,2019-04-28 00:15:00+00:00,14.21634,468.0,5.871359,11.63145650366211,10.194949278625488,11.995452532562256,9.485606798919678,9.15933359602356,9.597137341293337,7.794731387886047,8.157482991012573,9.81072152593994,13.38554033145758,11.53780366674918,9.12650202426447,8.313134560379028,8.454676756652832,9.565452704223633,day_medium,day_stable,8.344981
2019-04-27 23:30:00+00:00,2019-04-28 00:30:00+00:00,15.70406,501.0,8.020688,13.775576534545898,12.861215057647703,14.225711765563965,11.85176104573059,11.591763439453125,12.01081866291809,10.14580744770813,10.499345960891723,12.119790020263672,13.3798215005464,11.826273488420371,9.88734050905443,10.670922460830688,10.74838060406494,11.926748695648191,day_medium,day_stable,7.683372
2019-04-27 23:45:00+00:00,2019-04-28 00:45:00+00:00,17.604561,559.0,7.810688000000001,13.849602680480958,12.977679710662844,13.994767170227052,11.704916458404542,11.570296507156373,11.912759285247803,10.082426767623902,10.385856132781983,11.97349021939087,16.776853446106742,14.146661211299108,11.425718390310893,10.578831177032471,10.62538288143921,11.840655308044434,day_medium,day_ramp_up,9.793873
2019-04-28 00:00:00+00:00,2019-04-28 01:00:00+00:00,17.589689,532.0,11.98991,17.856850498352053,17.375529163513185,17.842549675140383,15.88928686920166,15.941119783554075,16.261382454071047,14.453167312774658,14.443217390213013,16.200506561431887,18.328946263940328,15.943927738540976,14.15210663656602,14.95087158027649,14.728497379455566,16.2464231187439,day_medium,day_stable,5.599779
2019-04-28 00:15:00+00:00,2019-04-28 01:15:00+00:00,14.34694,417.0,14.21634,19.70863955673218,19.56139653381348,19.699456149902343,17.984685117568972,18.348100597229006,18.797229225006102,16.913175279464724,16.832629854049685,18.620537692871096,20.3632038579043,18.692742133108325,15.829416440431045,17.32105272468567,16.829950267639163,18.56866448577881,day_medium,day_stable,0.13059999999999938
2019-04-28 00:30:00+00:00,2019-04-28 01:30:00+00:00,13.60953,365.0,15.70406,20.80326310974121,20.884345453796385,20.70356551986694,19.33524505477905,19.70381323677063,20.30458967071533,18.35025207382202,18.03193013053894,19.996036928710936,20.2044379114532,19.645340848160323,15.702460230188873,18.906398457107542,18.325153988418577,20.285986345825194,day_medium,day_stable,-2.0945300000000007
2019-04-28 00:45:00+00:00,2019-04-28 01:45:00+00:00,13.72306,425.0,17.604561,22.298277526031494,22.49799123300171,22.067471652160645,20.910295872817994,21.610376029144287,22.41944661630249,20.50879898561096,20.14129057420349,21.958600669036866,21.350991397435784,19.592312114025063,16.015207502049872,20.822875409255985,20.123469500671387,22.19493308557129,day_medium,day_stable,-3.881501
2019-04-28 01:00:00+00:00,2019-04-28 02:00:00+00:00,15.45119,435.0,17.589689,21.82242701803589,22.110144837249756,21.568906529296875,20.783402665008545,21.36782573019409,22.39891408239746,20.705580456604004,20.318494541992187,21.911256058563232,23.135539094885093,21.04234577149941,18.847732788600865,21.02066396032715,19.88460491453552,22.35780022894287,day_medium,day_stable,-2.1384989999999995
2019-04-28 01:15:00+00:00,2019-04-28 02:15:00+00:00,12.66628,353.0,14.34694,18.90745778793335,18.60020156616211,18.215368230285645,17.701216418685913,18.01061197036743,19.217371423187256,17.712732274475098,17.470303733291626,18.74630351776123,21.6359547900777,19.924811944992204,17.8660429678974,17.893968303146362,16.56267257446289,19.136826951446533,day_medium,day_stable,-1.6806599999999996
2019-04-28 01:30:00+00:00,2019-04-28 02:30:00+00:00,14.865379999999998,411.0,13.60953,18.581476239471435,17.28613331726074,17.139632729797363,16.736750392227172,16.922306803970336,17.918003587036132,16.86796644142151,16.717688826828002,17.602650431900024,19.37020656507673,18.873581436791785,16.71989100168758,16.952688721923828,15.673792628555296,18.34030917098999,day_medium,day_stable,1.2558499999999988
2019-04-28 01:45:00+00:00,2019-04-28 02:45:00+00:00,17.674129,500.0,13.72306,18.081597673950196,16.89313279396057,16.801320898590088,16.597339975891114,16.47250233894348,17.71259914642334,16.934882748184204,16.31803857093811,17.441803801116944,24.211332787292186,22.249648177757138,19.328659632203813,17.2184852243042,15.69063972240448,18.528568613586422,day_medium,day_stable,3.9510690000000004
2019-04-28 02:00:00+00:00,2019-04-28 03:00:00+00:00,20.341999,574.0,15.45119,19.101123099746705,18.059784179153443,17.97776413482666,18.00432777923584,17.753581529083252,18.874111180725095,18.514256959381104,17.569570784988404,18.71051264328003,22.037740295465664,20.13973887654012,19.019572804026325,18.877081876220704,17.058512573661805,20.11384630722046,day_medium,day_stable,4.890809000000001
2019-04-28 02:15:00+00:00,2019-04-28 03:15:00+00:00,19.257,572.0,12.66628,16.98662730911255,14.939873902587893,15.107238976745606,15.03761026123047,14.510744898109436,15.443855731277466,15.612350432662964,14.492156235961914,15.53446814277649,22.194147457076287,19.540181171562185,19.006313249130184,15.97881457069397,14.020715563087464,17.119165627746582,day_medium,day_stable,6.590720000000001
2019-04-28 02:30:00+00:00,2019-04-28 03:30:00+00:00,22.2495,651.0,14.865379999999998,18.169230412368773,16.722445081596373,16.724493574028013,16.712155650978087,16.187235664253233,17.00651926887512,17.65362758529663,16.238708804969786,17.276337813262938,23.137141684678024,20.28527373996672,19.507288695368572,18.01052923095703,15.883128475074766,19.14241523635864,day_medium,day_stable,7.384120000000003
2019-04-28 02:45:00+00:00,2019-04-28 03:45:00+00:00,24.659691,685.0,17.674129,19.10710739164734,18.922240724853516,18.705958833984376,18.853862872413636,18.477409889987943,19.39997147589111,20.28297184973145,18.482418110660554,19.761672964385987,22.62801411917887,20.70110267355593,19.655625757099884,20.94270514517212,18.475245943359376,21.966565122894288,day_high,day_stable,6.985561999999998
2019-04-28 03:00:00+00:00,2019-04-28 04:00:00+00:00,27.223881,817.0,20.341999,20.374344674932004,21.151094680713655,20.765923535512925,21.016854411052705,20.769737904953004,21.654298489974977,22.623820727752687,20.940632110523225,22.056431239532472,18.48157478105023,20.80349890119593,22.99785776219131,23.791680997299196,20.88871408073807,24.59769386618042,day_high,day_stable,6.881881999999997
2019-04-28 03:15:00+00:00,2019-04-28 04:15:00+00:00,24.20381,726.0,19.257,19.5145643658638,19.43127606880665,19.00246253681183,19.19657803025842,19.223892421245576,19.49542975497246,20.813700468063356,19.588909120082857,20.149211854457857,19.719804181582347,20.23836521569846,22.821744313991513,21.930484802246095,19.15963167023659,23.02033522796631,day_high,day_stable,4.946809999999999
2019-04-28 03:30:00+00:00,2019-04-28 04:30:00+00:00,18.75606,549.0,22.2495,20.65046569061279,21.66311826658249,21.001190030097963,21.364450597286226,21.50750359249115,21.70259990644455,23.104934477329255,22.12243629348278,22.4735509390831,19.054577543674345,22.06666550088418,23.31128564736944,24.311995946884156,21.58917834711075,25.5804326171875,day_medium,day_stable,-3.4934399999999997
2019-04-28 03:45:00+00:00,2019-04-28 04:45:00+00:00,15.68919,436.0,24.659691,22.263528490081782,23.33235528470611,22.43465676309204,22.985014700904845,23.04844787122345,23.16358067990875,24.697228083029746,23.671851956859587,24.04101368190384,19.97600486350795,22.97783357032135,23.73134790718496,26.425807142272948,23.4276718139801,27.444487476364134,day_medium,day_ramp_down,-8.970500999999999
2019-04-28 04:00:00+00:00,2019-04-28 05:00:00+00:00,13.36759,353.0,27.223881,23.511981719451903,25.13131141038513,24.098883861022948,24.73030804963684,24.878965133148192,24.931316369491576,26.407669537979125,25.439964407402037,25.844635718780516,20.36878357119656,20.369040375146163,19.72187322574269,28.46245145173645,25.555108540969847,29.557531588989256,day_medium,day_ramp_down,-13.856290999999999
2019-04-28 04:15:00+00:00,2019-04-28 05:15:00+00:00,16.867379999999997,474.0,24.20381,20.5347209210968,21.550093197402955,20.52149774986267,21.256155037460328,21.33372237640381,21.35921909767151,22.95427932697296,21.900898718414307,22.299442672309876,19.303176938758178,19.678933911027556,21.120349115293056,25.159097218093873,22.152119898376466,26.018342279968262,day_medium,day_stable,-7.336430000000004
2019-04-28 04:30:00+00:00,2019-04-28 05:30:00+00:00,18.63225,504.0,18.75606,16.455692406234743,15.816121931610107,15.225545998153688,15.847340937194826,15.68407856994629,15.605973835525514,17.522411103782655,16.45614182525635,16.565103645858766,16.17667362573745,17.32206618494646,18.71627444796161,19.503871138629915,16.578295107421877,20.08835410648346,day_medium,day_stable,-0.12381000000000242
2019-04-28 04:45:00+00:00,2019-04-28 05:45:00+00:00,13.69222,388.0,15.68919,14.393186300697328,12.888789027633669,12.67814239830017,13.040523856582642,12.571648448410034,12.415344327392578,14.71168300479889,13.476295560302734,13.391224711837769,19.1219546476917,16.01969021138868,16.486065013040665,16.70454677909851,13.545286029281616,16.87149426311493,day_medium,day_stable,-1.9969699999999992
2019-04-28 05:00:00+00:00,2019-04-28 06:00:00+00:00,12.91128,340.0,13.36759,13.01250581916809,10.750890304412842,10.967783738937378,11.05284743484497,10.413411905136108,10.081924726333618,12.63232706960678,11.345362951126098,11.078820516433716,19.14848911028356,11.57822022784312,14.06579060200801,14.258823265399933,11.421229769554138,14.199625064697264,day_medium,day_stable,-0.4563100000000002
2019-04-28 05:15:00+00:00,2019-04-28 06:15:00+00:00,20.006439,516.0,16.867379999999997,13.911486960296628,13.962911225204463,13.699631071929929,14.192414379959104,13.680257178192136,13.498390293960568,15.97568497741699,14.284104205017089,14.535587883834836,19.9088864440142,16.842543123786605,19.05138043864437,17.68538270080566,14.80317053878784,17.39757946813583,day_medium,day_stable,3.139059000000003
2019-04-28 05:30:00+00:00,2019-04-28 06:30:00+00:00,10.20316,270.0,18.63225,14.51219337081909,15.310646463394164,14.65275256729126,15.531535793304442,15.2405046710968,15.170859504699706,17.573663283348083,15.576687742233275,16.089848209381103,14.91959420211558,13.129012544917169,17.27789502148421,18.905124683141707,16.26477305984497,18.479948986530303,day_low,day_stable,-8.429089999999999
2019-04-28 05:45:00+00:00,2019-04-28 06:45:00+00:00,10.63606,279.0,13.69222,11.154403237075806,10.2096441065979,9.758506325454713,10.6457751071167,10.229604271621705,10.031154659957886,12.72848698255539,10.502211121292117,10.896059778900147,17.351912077021996,12.87994856861771,14.112069302005942,13.787705098659991,11.1998203074646,12.967595306606292,day_low,day_stable,-3.05616
2019-04-28 06:00:00+00:00,2019-04-28 07:00:00+00:00,14.93056,413.0,12.91128,10.137256705551149,9.34424217918396,9.210762107162475,10.030717217712402,9.590118729858398,9.359716975479126,12.083119416027069,9.861084782867431,10.157353007583618,18.609525588416854,11.700586982730345,12.84850648079719,12.87762005755186,10.654636943130493,12.091017746715544,day_medium,day_stable,2.01928
2019-04-28 06:15:00+00:00,2019-04-28 07:15:00+00:00,9.091907,233.0,20.006439,13.534184246887207,15.811528473724366,14.924506932128908,16.517347842086792,16.42837002836609,16.452304869522095,18.705897956718445,16.376289397109986,17.266997366775513,15.940497527291756,13.781018014435732,15.107984907360152,19.746962755550385,17.585114270080567,19.0917604263916,day_low,day_ramp_down,-10.914532
2019-04-28 06:30:00+00:00,2019-04-28 07:30:00+00:00,11.37456,310.0,10.20316,8.361035299453736,6.53826446548462,6.473912429962159,7.624155950698853,7.346009922180176,7.169791889343262,9.83065829888344,7.742151451263428,7.85466260925293,19.786777809720935,10.726755585269096,12.42071440787505,10.06715817466736,8.207887482795716,9.55838907972336,day_medium,day_stable,1.1714000000000002
2019-04-28 06:45:00+00:00,2019-04-28 07:45:00+00:00,7.753375,196.0,10.63606,7.478521347579957,7.009277344284058,6.78378367477417,8.113694191513062,8.011578798828126,7.642911673126221,10.35405996495247,8.386462212142945,8.35780096107483,13.43573846597867,10.240146285109049,10.919923866653171,10.406969368991852,8.713602901039124,9.997592092094422,day_low,day_stable,-2.8826850000000004
2019-04-28 07:00:00+00:00,2019-04-28 08:00:00+00:00,8.521844,229.0,14.93056,9.330402739105224,10.945521957931518,9.88178241973877,11.869521267471312,12.060952789840698,11.73110521560669,14.27349395280838,12.17410863166809,12.40826380973816,13.291329837142072,13.005737936001337,12.591868804448776,14.406790025291444,12.761035091934204,13.94572568660736,day_low,day_stable,-6.408716
2019-04-28 07:15:00+00:00,2019-04-28 08:15:00+00:00,8.794844,227.0,9.091907,6.111262058670045,5.509330963546754,4.830526804382325,6.615593408996583,6.722943043167115,6.3616769069976815,9.081927691417158,7.239241694862367,6.924010967666627,8.595472344851428,8.772765507897306,8.825604647988655,8.586613809520722,7.145456647331239,8.28725532239151,day_low,day_stable,-0.2970630000000014
2019-04-28 07:30:00+00:00,2019-04-28 08:30:00+00:00,6.618061999999999,177.0,11.37456,6.532848002014161,7.654978395996094,6.710164190826417,8.731773497161866,9.058729292449952,8.73294270187378,11.263115377721787,9.327518583831788,9.267053724823,7.728857671037503,7.789882137313765,6.333571967794182,10.728315474090577,9.405516745147706,10.5474013105011,day_low,day_stable,-4.7564980000000014
2019-04-28 07:45:00+00:00,2019-04-28 08:45:00+00:00,7.009297,180.0,7.753375,4.602356857299805,4.3891322078704835,3.642588562011719,5.441375679016113,5.806259936332703,5.300057834625244,7.777039087057114,6.186073249816895,5.7976251306533815,7.643035039183303,7.244521246854832,6.195482970737435,7.088022417068482,5.924916452407837,7.002324468135834,day_low,day_stable,-0.744078
2019-04-28 08:00:00+00:00,2019-04-28 09:00:00+00:00,4.3218440000000005,119.0,8.521844,4.62064394392395,5.254837602752685,4.190627664703369,6.176235288757324,6.68260797895813,6.161129087585449,8.520595507722772,6.992468685287475,6.6993102733078,5.427229583691484,4.22586458702823,3.501505513573764,7.811538905281067,6.758659333366394,7.718090385574341,day_low,day_stable,-4.199999999999999
2019-04-28 08:15:00+00:00,2019-04-28 09:15:00+00:00,3.665375,97.0,8.794844,4.2670143529357905,5.580675451416015,4.276191560882568,6.429746238845825,7.058742849487304,6.693663208145141,8.678386992174625,7.099252907890319,7.289868681091308,4.395987450587502,3.869663513517149,2.877596925780439,8.052749721664428,7.126401989120483,8.075019447463989,day_low,day_stable,-5.129468999999999
2019-04-28 08:30:00+00:00,2019-04-28 09:30:00+00:00,2.55232,69.0,6.618061999999999,3.0199835106964104,3.8651499554748527,2.527365665161132,4.595378856384277,5.287831763946532,4.875418166839599,6.546985733532428,5.2435613677139274,5.3919298455352775,2.7559071873098637,2.356289151658184,1.682235895836357,5.869621853553771,5.072217683517455,5.896573345386504,day_low,day_stable,-4.065741999999999
2019-04-28 08:45:00+00:00,2019-04-28 09:45:00+00:00,2.233602,59.0,7.009297,3.2935501204223634,4.536582575866699,2.831663714477539,5.112596140930176,5.809809552261353,5.38800417048645,6.8684584812612535,5.629227744171143,5.916892276832581,1.7590597073286194,1.714071221376956,0.987624903554784,6.2009313569755555,5.483738409111023,6.289694117137909,day_low,day_stable,-4.775695000000001
2019-04-28 09:00:00+00:00,2019-04-28 10:00:00+00:00,1.588453,42.0,4.3218440000000005,1.6318329755249028,2.3680688325347905,0.6763264123382573,2.8315841142120366,3.5051495019378667,3.0983053628387456,4.304396066445351,3.4006915871086125,3.660617846626282,0.956405038103206,1.9534543888662508,1.164353866932314,3.571214157718659,3.0177934352340703,3.74208040871048,day_low,day_stable,-2.7333910000000006
2019-04-28 09:15:00+00:00,2019-04-28 10:15:00+00:00,1.154754,32.0,3.665375,1.5739524421691895,2.296987777709961,0.5975494441986084,2.5907732305526734,3.1867516992092133,2.8745675740242005,3.673407253012061,2.942868715286255,3.4220906106233597,0.2752317990560236,0.6453054002289741,0.5817229084423359,2.9322622475624085,2.505564218521118,3.2108069417476655,day_low,day_stable,-2.510621
2019-04-28 09:30:00+00:00,2019-04-28 10:30:00+00:00,0.803346,24.0,2.55232,1.001371260948181,1.7530746424865722,0.0,1.5726812446784972,2.434158232278824,1.8977470362854003,2.4991586471271514,2.1989564562511443,2.4761516640257835,0.4022988315764908,0.4090003333034822,0.4036707004907017,1.888933357067108,1.4734464848709106,2.1209716165733337,day_low,day_stable,-1.748974
2019-04-28 09:45:00+00:00,2019-04-28 10:45:00+00:00,0.314481,9.0,2.233602,1.362963033439636,1.9072036273498536,0.3029058702011107,1.4547827966232298,2.327042592288971,1.7356791920680998,2.2497318643797635,2.2179615046550034,2.209152554692745,0.3002989439563451,0.1892055200073366,0.2638944137633685,1.609001887561798,1.133313489677429,1.7073639161605834,night_lowlight,night_lowlight,-1.9191209999999999
2019-04-28 10:00:00+00:00,2019-04-28 11:00:00+00:00,0.023868,1.0,1.588453,1.0215001754074096,1.4961122475175856,0.0024218014984129,0.9309834293632506,1.6838684431819917,1.3534026346712111,1.704329093506813,1.6910594306497573,1.930182700565338,0.2143067566662868,0.1362414404990728,0.0,1.06743169348526,0.5092113665847777,1.2016108981876372,night_lowlight,night_lowlight,-1.564585
2019-04-28 10:15:00+00:00,2019-04-28 11:15:00+00:00,0.0,0.0,1.154754,0.7525886168994904,1.2768522894301415,0.0,0.6223198345222474,1.284551711968422,1.0838716050901414,1.27502957939291,1.3286094537296296,1.7244379690208436,0.2226027052226573,0.092069249928932,0.0,0.6845003238239289,0.0661710074462891,0.7955275645771027,night_lowlight,night_lowlight,-1.154754
2019-04-28 10:30:00+00:00,2019-04-28 11:30:00+00:00,0.0,0.0,0.803346,0.5003862300357819,1.0857296803436278,0.0,0.342007926984787,0.9473472603998184,0.7702835382363796,0.8698358008108139,0.9554993578634262,1.4333239415130614,0.28592914429668,0.092069249928932,0.0,0.363938919588089,0.0,0.3906303563556671,night_lowlight,night_lowlight,-0.803346
2019-04-28 10:45:00+00:00,2019-04-28 11:45:00+00:00,0.0,0.0,0.314481,0.0273870924053192,0.7026668885288239,0.0,0.0,0.387725959115982,0.2611575895485878,0.256938165569067,0.3183949823056757,0.9683316746292114,0.1859061516710846,0.0938403426074215,0.0,0.0,0.0,0.0,night_lowlight,night_lowlight,-0.314481
2019-04-28 11:00:00+00:00,2019-04-28 12:00:00+00:00,0.0,0.0,0.023868,0.0,0.459411954372406,0.0,0.0,0.0642784702174663,0.0,0.0,0.0716011727743148,0.7355304712944031,0.0431261749298983,0.0,0.0499951872729963,0.0,0.0,0.0,night_lowlight,night_lowlight,-0.023868
2019-04-28 11:15:00+00:00,2019-04-28 12:15:00+00:00,0.0,0.0,0.0,0.0,0.4863864481449127,0.0,0.0,0.0427058413624763,0.0,0.0,0.0625544413924217,0.7163296341896057,0.0,0.0,0.0,0.0,0.0,0.0,night_lowlight,night_lowlight,0.0
2019-04-28 11:30:00+00:00,2019-04-28 12:30:00+00:00,0.0,0.0,0.0,0.0,0.563532829284668,0.0,0.0,0.0,0.0,0.0,0.0295870248228311,0.7305477857589722,0.0,0.0,0.0,0.0,0.0,0.0,night_lowlight,night_lowlight,0.0
2019-04-28 11:45:00+00:00,2019-04-28 12:45:00+00:00,0.0,0.0,0.0,0.0,0.5690030455589294,0.0,0.0,0.0,0.0,0.0,0.0,0.7019011378288269,0.0,0.0,0.0,0.0,0.0,0.0,night_lowlight,night_lowlight,0.0
2019-04-28 12:00:00+00:00,2019-04-28 13:00:00+00:00,0.0,0.0,0.0,0.0,0.5839762687683105,0.0,0.0,0.0,0.0,0.0,0.0,0.7322527766227722,0.0414159390310473,0.0,0.0240887525953917,0.0,0.0,0.0,night_lowlight,night_lowlight,0.0
2019-04-28 12:15:00+00:00,2019-04-28 13:15:00+00:00,0.0,0.0,0.0,0.0,0.5913006067276001,0.0,0.0,0.0,0.0,0.0,0.0,0.7375710606575012,0.0414159390310473,0.0,0.0240887525953917,0.0,0.0,0.0,night_lowlight,night_lowlight,0.0
2019-04-28 12:30:00+00:00,2019-04-28 13:30:00+00:00,0.0,0.0,0.0,0.0,0.5996192693710327,0.0,0.0,0.0,0.0,0.0,0.0,0.6943709254264832,0.0412116544545961,0.0,0.0240887525953917,0.0,0.0,0.0,night_lowlight,night_lowlight,0.0
2019-04-28 12:45:00+00:00,2019-04-28 13:45:00+00:00,0.0,0.0,0.0,0.0,0.6037945747375488,0.0,0.0,0.0,0.0,0.0,0.0,0.6421410441398621,0.0343485688472774,0.0,0.0240887525953917,0.0,0.0,0.0,night_lowlight,night_lowlight,0.0
2019-04-28 13:00:00+00:00,2019-04-28 14:00:00+00:00,0.0,0.0,0.0,0.0,0.5826590657234192,0.0,0.0,0.0,0.0,0.0,0.0,0.626075267791748,0.0343485688472774,0.0,0.0239294805107126,0.0,0.0,0.0,night_lowlight,night_lowlight,0.0
2019-04-28 13:15:00+00:00,2019-04-28 14:15:00+00:00,0.0,0.0,0.0,0.0,0.5452333092689514,0.0,0.0,0.0,0.0,0.0,0.0,0.5898999571800232,0.0302652495364389,0.0,0.0239294805107126,0.0,0.0,0.0,night_lowlight,night_lowlight,0.0
2019-04-28 13:30:00+00:00,2019-04-28 14:30:00+00:00,0.0,0.0,0.0,0.0,0.5339465737342834,0.0,0.0,0.0,0.0,0.0,0.0,0.5561012029647827,0.0446708542421699,0.0,0.0239294805107126,0.0,0.0,0.0,night_lowlight,night_lowlight,0.0
2019-04-28 13:45:00+00:00,2019-04-28 14:45:00+00:00,0.0,0.0,0.0,0.0,0.5269405245780945,0.0,0.0,0.0,0.0,0.0,0.0,0.525221586227417,0.0446708542421699,0.0,0.0239294805107126,0.0,0.0,0.0,night_lowlight,night_lowlight,0.0
2019-04-28 14:00:00+00:00,2019-04-28 15:00:00+00:00,0.0,0.0,0.0,0.0,0.5270252823829651,0.0,0.0,0.0,0.0,0.0,0.0,0.475949227809906,0.0446708542421699,0.0,0.0636811928704017,0.0,0.0,0.0,night_lowlight,night_lowlight,0.0
2019-04-28 14:15:00+00:00,2019-04-28 15:15:00+00:00,0.0,0.0,0.0,0.0,0.5230323076248169,0.0,0.0,0.0,0.0,0.0,0.0,0.4452678859233856,0.0446708542421699,0.0,0.0636811928704017,0.0,0.0,0.0,night_lowlight,night_lowlight,0.0
2019-04-28 14:30:00+00:00,2019-04-28 15:30:00+00:00,0.0,0.0,0.0,0.0,0.4940142333507538,0.0,0.0,0.0,0.0,0.0,0.0,0.4218800961971283,0.0446708542421699,0.0,0.0636811928704017,0.0,0.0,0.0,night_lowlight,night_lowlight,0.0
2019-04-28 14:45:00+00:00,2019-04-28 15:45:00+00:00,0.0,0.0,0.0,0.0,0.4755733907222748,0.0,0.0,0.0,0.0,0.0,0.0,0.4316985607147217,0.0446708542421699,0.0,0.0636811928704017,0.0,0.0,0.0,night_lowlight,night_lowlight,0.0
2019-04-28 15:00:00+00:00,2019-04-28 16:00:00+00:00,0.0,0.0,0.0,0.0,0.4705423712730407,0.0,0.0,0.0,0.0,0.0,0.0,0.438895046710968,0.0,0.0,0.0,0.0,0.0,0.0,night_lowlight,night_lowlight,0.0
2019-04-28 15:15:00+00:00,2019-04-28 16:15:00+00:00,0.0,0.0,0.0,0.0,0.4699037373065948,0.0,0.0,0.0,0.0,0.0,0.0,0.4322274327278137,0.0611476082802964,0.0205829262127486,0.0,0.0,0.0,0.0,night_lowlight,night_lowlight,0.0
2019-04-28 15:30:00+00:00,2019-04-28 16:30:00+00:00,0.0,0.0,0.0,0.0,0.4652952551841736,0.0,0.0,0.0,0.0,0.0,0.0,0.425557941198349,0.0,0.0,0.0,0.0,0.0,0.0,night_lowlight,night_lowlight,0.0
2019-04-28 15:45:00+00:00,2019-04-28 16:45:00+00:00,0.0,0.0,0.0,0.0,0.4915556311607361,0.0,0.0,0.0,0.0,0.0,0.0,0.43589848279953,0.0717851084844726,0.0354567506331456,0.0,0.0,0.0,0.0,night_lowlight,night_lowlight,0.0
2019-04-28 16:00:00+00:00,2019-04-28 17:00:00+00:00,0.0,0.0,0.0,0.0,0.4855795204639435,0.0,0.0,0.0,0.0,0.0,0.0,0.4910618364810943,0.0717851084844726,0.0367248537086887,0.0,0.0,0.0,0.0,night_lowlight,night_lowlight,0.0
2019-04-28 16:15:00+00:00,2019-04-28 17:15:00+00:00,0.0,0.0,0.0,0.0187001209706068,0.5058001279830933,0.0,0.0,0.0,0.0,0.0,0.0,0.5366045236587524,0.0717851084844726,0.0367248537086887,0.0,0.0,0.0,0.0,night_lowlight,night_lowlight,0.0
2019-04-28 16:30:00+00:00,2019-04-28 17:30:00+00:00,0.0,0.0,0.0,0.0,0.5191667079925537,0.0,0.0,0.0,0.0,0.0,0.0,0.6135678291320801,0.0717851084844726,0.0367248537086887,0.0,0.0,0.0,0.0,night_lowlight,night_lowlight,0.0
2019-04-28 16:45:00+00:00,2019-04-28 17:45:00+00:00,0.0,0.0,0.0,0.030193543061614,0.4949799180030823,0.0,0.0,0.0,0.0,0.0,0.0,0.6683583855628967,0.0,0.0,0.0,0.0,0.0,0.0,night_lowlight,night_lowlight,0.0
2019-04-28 17:00:00+00:00,2019-04-28 18:00:00+00:00,0.0,0.0,0.0,0.139078751206398,0.4846715927124023,0.0,0.0,0.0,0.0,0.0,0.0,0.7340343594551086,0.0717851084844726,0.0367248537086887,0.0,0.0,0.0,0.0,night_lowlight,night_lowlight,0.0
2019-04-28 17:15:00+00:00,2019-04-28 18:15:00+00:00,0.0,0.0,0.0,0.1524360328912735,0.5265432596206665,0.0,0.0,0.0,0.0,0.0,0.0,0.7979430556297302,0.0717851084844726,0.0367248537086887,0.0,0.0,0.0,0.0,night_lowlight,night_lowlight,0.0
2019-04-28 17:30:00+00:00,2019-04-28 18:30:00+00:00,0.0,0.0,0.0,0.1557941734790802,0.5440489053726196,0.0,0.0,0.0,0.0,0.0,0.0,0.8673449754714966,0.0717851084844726,0.0367248537086887,0.0,0.0,0.0,0.0,night_lowlight,night_lowlight,0.0
2019-04-28 17:45:00+00:00,2019-04-28 18:45:00+00:00,0.0,0.0,0.0,0.1786890625953674,0.5623527765274048,0.0,0.0,0.0,0.0,0.0,0.0,0.9405355453491212,0.0717851084844726,0.0367248537086887,0.0,0.0,0.0,0.025512333959341,night_lowlight,night_lowlight,0.0
2019-04-28 18:00:00+00:00,2019-04-28 19:00:00+00:00,0.0,0.0,0.0,0.2235222458839416,0.55802321434021,0.0453455634415149,0.0,0.0,0.0,0.0,0.0,1.00827956199646,0.0681046149115319,0.0384959463871782,0.0,0.0,0.0,0.0954071953892707,night_lowlight,night_lowlight,0.0
2019-04-28 18:15:00+00:00,2019-04-28 19:15:00+00:00,0.0,0.0,0.0,0.0725728422403335,0.6095163822174072,0.0866540446877479,0.0,0.0521162115037441,0.1310926377773285,0.0,0.0,1.2131882905960083,0.0717851084844726,0.0367248537086887,0.0,0.0,0.0,0.1700555235147476,night_lowlight,night_lowlight,0.0
2019-04-28 18:30:00+00:00,2019-04-28 19:30:00+00:00,0.0,0.0,0.0,0.238528236746788,0.4291706383228302,0.0379987135529518,0.0,0.0,0.1683665961027145,0.0,0.0,1.23572838306427,0.0592985418877289,0.0,0.0,0.0,0.0,0.4123851954936981,night_lowlight,night_lowlight,0.0
2019-04-28 18:45:00+00:00,2019-04-28 19:45:00+00:00,0.0,0.0,0.0,0.0279349144548177,0.4950859844684601,0.0300785899162292,0.0,0.0766606405377388,0.4808124601840973,0.0,0.0,1.5126709938049316,0.0427374865253256,0.0210559892692473,0.0,0.0,0.0,0.571749210357666,night_lowlight,night_lowlight,0.0
2019-04-28 19:00:00+00:00,2019-04-28 20:00:00+00:00,0.0,0.0,0.0,0.0721704959869384,0.5761406421661377,0.3249714970588684,0.0,0.1983829736709594,0.5717752575874329,0.0,0.0,1.6720975637435913,0.0717851084844726,0.0367248537086887,0.0,0.0,0.0,0.6048526763916016,night_lowlight,night_lowlight,0.0
2019-04-28 19:15:00+00:00,2019-04-28 20:15:00+00:00,0.0,0.0,0.0,0.1915722042322158,0.6492847800254822,0.5092616677284241,0.0,0.3702813386917114,0.6808885931968689,0.0,0.0,1.780583739280701,0.0717851084844726,0.0367248537086887,0.0,0.0237928219139575,0.0,0.7308840155601501,night_lowlight,night_lowlight,0.0
2019-04-28 19:30:00+00:00,2019-04-28 20:30:00+00:00,0.0,0.0,0.0,0.3468988239765167,0.7104262113571167,0.6855764985084534,0.0777218118309974,0.5184032917022705,0.7739821076393127,0.0,0.0988987237215042,1.8515337705612185,0.0717851084844726,0.0367248537086887,0.0,0.0773324966430664,0.0,0.858688473701477,night_lowlight,night_lowlight,0.0
2019-04-28 19:45:00+00:00,2019-04-28 20:45:00+00:00,0.0,0.0,0.0,0.3204502165317535,0.6469894647598267,0.6292789578437805,0.0294956155121326,0.5698111653327942,0.9741944074630736,0.0323014333844184,0.1583920270204544,2.0199503898620605,0.0427374865253256,0.0210559892692473,0.0,0.2080988734960556,0.0,1.1039087772369385,night_lowlight,night_lowlight,0.0
2019-04-28 20:00:00+00:00,2019-04-28 21:00:00+00:00,0.0,0.0,0.0,0.2620985507965088,0.6407409310340881,0.67048180103302,0.0091451667249202,0.5943068861961365,1.1169286966323853,0.1203636601567268,0.1975110918283462,2.116969347000122,0.0427374865253256,0.0210559892692473,0.0,0.3434398472309112,0.0,1.26510488986969,night_lowlight,night_lowlight,0.0
2019-04-28 20:15:00+00:00,2019-04-28 21:15:00+00:00,0.0,0.0,0.0,0.2966717481613159,0.7036161422729492,0.7348364591598511,0.0525296442210674,0.6598292589187622,1.2726010084152222,0.2407961785793304,0.2753336727619171,2.264004707336426,0.1187073784087489,0.0839481735650367,0.0,0.4775046408176422,0.0,1.465154051780701,night_lowlight,night_lowlight,0.0
2019-04-28 20:30:00+00:00,2019-04-28 21:30:00+00:00,0.0,0.0,0.0,0.3780951797962188,0.781739354133606,0.8221913576126099,0.1042603701353073,0.7367888689041138,1.419270634651184,0.4083715379238128,0.3637855350971222,2.4063596725463867,0.0427374865253256,0.0210559892692473,0.0,0.5968981385231018,0.1047924384474754,1.658734917640686,night_lowlight,night_lowlight,0.0
2019-04-28 20:45:00+00:00,2019-04-28 21:45:00+00:00,0.107468,6.0,0.0,0.5112176537513733,0.8994967341423035,0.9630799293518066,0.194445863366127,0.8624012470245361,1.561915636062622,0.5700988173484802,0.4548835158348083,2.541761636734009,0.0427374865253256,0.0210559892692473,0.0,0.7173779010772705,0.2281595021486282,1.8108952045440672,night_lowlight,night_lowlight,0.107468
2019-04-28 21:00:00+00:00,2019-04-28 22:00:00+00:00,0.426433,15.0,0.0,0.7975484132766724,0.938282549381256,1.104400873184204,0.2650730609893799,0.9000281691551208,1.6976680755615234,0.6453932523727417,0.5272380709648132,2.63680648803711,0.0427374865253256,0.0,0.0,0.8597210645675659,0.3876293003559112,2.0120701789855957,night_lowlight,night_lowlight,0.426433
2019-04-28 21:15:00+00:00,2019-04-28 22:15:00+00:00,0.83944,28.0,0.0,0.92599755525589,1.2262004613876345,1.4160504341125488,0.4951070845127105,1.1903884410858154,1.8873099088668823,0.7687109112739563,0.6035753488540649,2.8362603187561035,0.727297344466761,0.5688290975720752,0.2641853985291831,0.9772520661354064,0.4950025677680969,2.053290367126465,day_low,day_stable,0.83944
2019-04-28 21:30:00+00:00,2019-04-28 22:30:00+00:00,1.852266,63.0,0.0,1.2945891618728638,1.4302561283111572,1.7284728288650513,0.7219319939613342,1.3784624338150024,2.014659881591797,0.8300377726554871,0.7246139645576477,2.9534506797790527,0.7253216327289084,0.7204983743949784,0.2455211801534262,1.05807363986969,0.5534849762916565,2.111778974533081,day_low,day_stable,1.852266
2019-04-28 21:45:00+00:00,2019-04-28 22:45:00+00:00,2.853813,98.0,0.107468,1.8765495925598144,1.6551277547531127,2.024844399040222,0.9900332003288268,1.5658231883697509,2.263535132949829,1.0812168627433776,0.997362425868988,3.1692751556091308,1.6728893131449514,1.351973793076623,0.5085071029375934,1.3262282519989013,0.8326154261283875,2.432691684310913,day_low,day_stable,2.7463450000000003
2019-04-28 22:00:00+00:00,2019-04-28 23:00:00+00:00,3.743141000000001,134.0,0.426433,2.676501426132202,2.0184319347457884,2.8582207292633055,1.5515048832015992,2.020734342964172,2.733221444519043,1.5432194799499512,1.4561522335128785,3.6014837354736327,3.373156555486053,3.214970382229658,1.4501759004153252,1.7792094081954957,1.3662432164268494,2.9997400373535155,day_low,day_stable,3.316708000000001
2019-04-28 22:15:00+00:00,2019-04-28 23:15:00+00:00,5.320875,181.0,0.83944,3.551946055831909,2.6114084839248655,3.8293331980133054,2.2069114565277097,2.6624336361312864,3.361150634231567,2.1763386845016477,2.0318756222152707,4.177693736495971,3.4585788044695973,3.747385598281895,1.605844864178584,2.3334784626388547,1.9740072607421877,3.5915244936370847,day_low,day_stable,4.481435
2019-04-28 22:30:00+00:00,2019-04-28 23:30:00+00:00,7.049438,226.0,1.852266,5.314366744247437,4.142550872055054,5.727630780426026,3.660757587638855,4.101230786529541,4.822947667327881,3.5304006797943117,3.3822819454345705,5.5334893924865725,6.636353825903689,6.422722928193779,3.9326836153686417,3.6224449140701296,3.3295826179656984,4.836494134155274,day_low,day_stable,5.197172
2019-04-28 22:45:00+00:00,2019-04-28 23:45:00+00:00,4.447734,139.0,2.853813,7.186415977752686,5.548033304489136,7.934422321594239,5.161378689086915,5.423419304168702,6.051536865509034,4.732114143646241,4.633149214065552,6.624074526107789,7.8372357828133214,7.366162028113186,4.328526148717654,4.716981716430665,4.5060666277771,5.973310537612916,day_low,day_stable,1.5939209999999995
2019-04-28 23:00:00+00:00,2019-04-29 00:00:00+00:00,9.681657,314.0,3.743141000000001,8.809564416137697,6.90682441445923,9.434229676452638,6.6324129745636,6.784277503219606,7.226773087707521,5.889742200103761,5.868659798828126,7.736052100387575,9.527925634428184,9.523176759429528,5.507112577922536,5.788509432998659,5.569419567314149,7.048391883102418,day_medium,day_stable,5.938515999999998
2019-04-28 23:15:00+00:00,2019-04-29 00:15:00+00:00,11.51303,368.0,5.320875,10.67369539642334,9.05847198867798,11.067251991271974,8.776771854400636,8.737537454605103,9.205050777435304,7.845462392807007,7.927186798095703,9.55875284576416,12.986877327687033,12.91758189972884,9.212965506553658,7.658564638137817,7.494116138458252,8.890200208663941,day_medium,day_stable,6.1921550000000005
2019-04-28 23:30:00+00:00,2019-04-29 00:30:00+00:00,13.02656,414.0,7.049438,12.293210506713868,11.353374958312989,12.826347351348875,11.105698108947754,10.798167944229126,11.513993740356446,10.067795038497923,10.193978309906006,11.7045950892334,13.46565004994859,13.132133710117849,10.033043817562286,9.892865419662476,9.673560142791748,10.976397037780762,day_medium,day_stable,5.977122
2019-04-28 23:45:00+00:00,2019-04-29 00:45:00+00:00,14.03347,445.0,4.447734,10.079549433502198,8.654615523132325,10.533638121398926,8.402922751220704,8.13393891027832,8.789031149658204,7.452541949066162,7.597752453598022,9.13999235800171,12.04236496832204,12.700831285180609,8.516362552329333,7.347489477905273,7.121778132232666,8.411514164718628,day_medium,day_ramp_up,9.585736
2019-04-29 00:00:00+00:00,2019-04-29 01:00:00+00:00,16.160379000000002,510.0,9.681657,15.057762785369873,14.518888636047365,15.169714613372802,14.130841894561769,13.76515833895874,14.16662661593628,13.073130531723022,13.377753658706665,14.483268423492431,15.96539331389744,15.961141399002615,13.831782730475108,12.751991434509277,12.380381269866945,13.763786001617431,day_medium,day_stable,6.478722000000003
2019-04-29 00:15:00+00:00,2019-04-29 01:15:00+00:00,17.558629999999997,559.0,11.51303,16.547161526947022,16.419000573425294,16.408544965057374,16.061117120056153,15.435846038131714,16.060007996826172,15.126785464553834,14.813181586532592,16.30689568069458,18.41813903286566,16.897252778030783,16.480715746722016,14.727037139205931,14.174836344985962,15.660967774658204,day_medium,day_stable,6.045599999999997
2019-04-29 00:30:00+00:00,2019-04-29 01:30:00+00:00,18.85231,595.0,13.02656,17.82361238342285,17.81448667388916,17.407726458129883,17.404998472747803,16.71585672241211,17.459990671691894,16.76090591293335,15.990053585586548,17.735811880645752,19.558458535878184,20.301532907245186,16.694589015441878,16.21983187538147,15.662327698287964,17.216287783203125,day_medium,day_stable,5.825749999999999
2019-04-29 00:45:00+00:00,2019-04-29 01:45:00+00:00,20.225189,638.0,14.03347,18.770788992614747,18.580359305114747,18.14912113067627,18.24713834640503,17.74222144004822,18.559385622711183,18.01096662399292,17.196075047225953,18.875056589813234,21.362305029527636,21.722544371473028,17.946038199777007,17.078987444610597,16.595878924102784,18.267581785888673,day_medium,day_stable,6.191719000000001
2019-04-29 01:00:00+00:00,2019-04-29 02:00:00+00:00,21.68906,665.0,16.160379000000002,20.53561312704468,20.232177324584963,19.391685791305544,19.895003385833743,19.123167581848147,19.925881214431765,20.270405836395263,19.01109559088135,20.51264292745972,20.233153301282226,20.982699537385137,18.25242213887341,19.25670630484009,18.215338774017336,20.19348723440552,day_medium,day_stable,5.528680999999999
2019-04-29 01:15:00+00:00,2019-04-29 02:15:00+00:00,22.892191,711.0,17.558629999999997,21.23427558982849,20.97358084762573,19.82076455200195,20.497311602478025,19.6169579132843,20.561857949142453,21.620692740325925,19.838120470886228,21.422171364669797,22.133600753538435,21.868082684937985,19.6707546019767,20.656711827163697,19.148705731277463,21.258420000915525,day_high,day_stable,5.333561000000003
2019-04-29 01:30:00+00:00,2019-04-29 02:30:00+00:00,23.60269,736.0,18.85231,21.65189701133728,21.658975182113647,20.492564735946655,21.15687280708313,20.15837162548065,21.24666744285583,22.831095037994384,20.678150592384338,22.357732115325927,22.442132891382524,21.019153250347287,19.993082574822225,22.328393040237422,20.30074351840973,22.534187851486205,day_high,day_stable,4.75038
2019-04-29 01:45:00+00:00,2019-04-29 02:45:00+00:00,24.900311,799.0,20.225189,22.332606821884156,22.32774141394043,21.21519270502472,21.80217519365692,20.903334170211792,22.032582431663513,23.888063698638916,21.62898710333252,23.32216575704956,21.37594068877228,20.874036611588593,19.59259249154111,23.607477217544556,21.434222966064453,23.715822249282837,day_high,day_stable,4.675121999999998
2019-04-29 02:00:00+00:00,2019-04-29 03:00:00+00:00,26.215,840.0,21.68906,23.089515713272096,22.981703308639528,21.917582300720216,22.66820904356003,21.988611695585252,22.79696467262268,24.716830042419435,22.76153626781464,24.20595076423645,22.364552428927635,23.96404914099138,21.48345953516167,24.609002140579225,22.306645599422456,24.42543390136719,day_high,day_stable,4.5259399999999985
2019-04-29 02:15:00+00:00,2019-04-29 03:15:00+00:00,26.624059999999997,830.0,22.892191,23.35607130052185,23.31685028196907,22.205668337360382,23.089958660021782,22.517330206647873,23.103402025714875,25.14153558732605,23.40004641534424,24.65779704572296,24.14445530929977,24.06567236742875,22.504323105129572,25.715670413986206,23.022485427275655,24.79257637979126,day_high,day_stable,3.731868999999996
2019-04-29 02:30:00+00:00,2019-04-29 03:30:00+00:00,26.488001,848.0,23.60269,23.307436425151824,23.26110969847679,22.1170646137619,23.07651652759552,22.51395549243927,22.907166380348205,25.05672981208801,23.417895246210097,24.473456162872314,24.611881616385183,24.64102137353552,22.3483896918987,26.27283765739441,23.233143944206237,24.69858385986328,day_high,day_stable,2.8853110000000015
2019-04-29 02:45:00+00:00,2019-04-29 03:45:00+00:00,24.219561,785.0,24.900311,23.27606130326843,23.69812870706177,22.60664892877197,23.498451001296996,23.118794090400694,23.41015315736389,25.49387586797333,23.950556404243468,24.880835513870476,24.1223305875851,24.32972158552127,22.32763945719241,27.11978460038757,23.907654173027037,25.147677115450858,day_high,day_stable,-0.6807499999999997
2019-04-29 03:00:00+00:00,2019-04-29 04:00:00+00:00,23.170879,709.0,26.215,23.52041682243347,24.216097559928897,23.190322246551514,24.1840306186676,23.88630184173584,23.992358770370483,25.8871311211586,24.68114372730255,25.130632843971252,24.34405393580619,24.543963878338015,21.452168997261214,27.931944694519043,24.49333867073059,25.599130239486698,day_high,day_stable,-3.0441210000000005
2019-04-29 03:15:00+00:00,2019-04-29 04:15:00+00:00,23.323999,720.0,26.624059999999997,23.043851698455807,23.962137068328857,23.056665028152462,23.9936455140686,23.972971762237545,23.962989176330563,25.60004266601562,24.788646424827572,24.860138977584835,22.67810584570207,23.773953656869832,21.439712946867314,27.88671740394592,24.57092651229858,25.57078858715057,day_high,day_stable,-3.300060999999996
2019-04-29 03:30:00+00:00,2019-04-29 04:30:00+00:00,27.836809,899.0,26.488001,22.278341900421143,23.27540553720093,22.383154522491456,23.350543629241944,23.456155668807984,23.352050673080445,24.87921060235596,24.31997884423828,24.05440748841858,21.406796379335663,23.060159428882823,20.880960454230607,27.467631410671235,24.054145943237305,25.05922902734375,day_high,day_stable,1.3488079999999982
2019-04-29 03:45:00+00:00,2019-04-29 04:45:00+00:00,23.95838,781.0,24.219561,20.644744296203612,20.583760638366694,19.975699801574702,20.880845923553466,20.923628230224608,20.622560877929686,22.252640147338862,22.02047433389282,21.18229045404053,19.6393517151048,22.60960288990334,21.116283324512132,25.175078709255217,21.692435641418456,22.601507325302123,day_high,day_stable,-0.26118100000000055
2019-04-29 04:00:00+00:00,2019-04-29 05:00:00+00:00,26.578119,836.0,23.170879,20.041360491088867,19.288818233779907,18.740629785827636,19.754999035171508,19.548950308135986,19.182434671691897,20.810790651611327,20.672308557800292,19.479490631393432,18.25419178892219,22.52744455314635,21.68397041589517,24.028094225696563,20.248366230300903,21.041238420776367,day_high,day_stable,3.4072400000000016
2019-04-29 04:15:00+00:00,2019-04-29 05:15:00+00:00,26.56938,838.0,23.323999,19.099462104248047,19.155878138946537,18.52210099737549,19.553867412017823,19.36848647634888,19.03929145376587,20.554431987213135,20.335629535125733,19.16805942098999,18.3659733078233,22.304219258458517,21.425970343646473,23.79560552279854,19.94959862272644,20.703281474517823,day_high,day_stable,3.2453809999999983
2019-04-29 04:30:00+00:00,2019-04-29 05:30:00+00:00,25.80069,809.0,27.836809,21.300844511016845,23.112495740875243,22.186467966064452,23.441408952697753,23.58559640310669,23.300016721710204,24.469243606552123,24.518331130966185,23.344814142211913,18.418903487114093,22.33077716924315,20.98615470425708,28.069730570539473,24.40321262739563,25.10698684118652,day_high,day_stable,-2.0361189999999993
2019-04-29 04:45:00+00:00,2019-04-29 05:45:00+00:00,24.328939,756.0,23.95838,18.300447718505858,19.08906008422851,18.31444813430786,19.494901911621092,19.588091627960203,19.258643881683348,20.585782305603026,20.331649796371455,19.252849356536863,17.932213081221516,21.64175255557085,20.98683875357022,23.965113226124195,20.276286618118284,20.90391112983703,day_high,day_stable,0.3705590000000001
2019-04-29 05:00:00+00:00,2019-04-29 06:00:00+00:00,23.988119,731.0,26.578119,19.946451862854005,21.289883812469483,20.41357155661011,21.698633392852784,21.946937283081056,21.651204308074952,22.64053936819458,22.55563994268799,21.441470821899415,19.00372954434148,21.86147516854787,21.10643503517496,26.258843620819093,22.71557303289795,23.263827284378053,day_high,day_stable,-2.59
2019-04-29 05:15:00+00:00,2019-04-29 06:15:00+00:00,22.693119,675.0,26.56938,19.491323187713625,21.06545515335083,20.13506384170532,21.394498541717528,21.750750735168456,21.463655188446044,22.372375681762698,21.982036307220454,21.1464268711853,19.499735004065677,21.770892511236585,20.633751818130644,25.617092743282317,22.279267504577636,22.761795475845336,day_medium,day_stable,-3.8762609999999995
2019-04-29 05:30:00+00:00,2019-04-29 06:30:00+00:00,21.689939000000003,660.0,25.80069,18.56817514175415,19.888069932403564,18.91168338531494,20.34361583465576,20.698916261138915,20.373126332702636,21.227539365234374,20.966611211242675,20.017877404632568,18.7811096401019,20.868063889369353,19.11707038031123,24.00978333229065,21.350644891204833,21.751837079467773,day_medium,day_stable,-4.110750999999997
2019-04-29 05:45:00+00:00,2019-04-29 06:45:00+00:00,20.383129,617.0,24.328939,17.41177658163452,18.22993949972534,17.334150353302,18.801277199615477,19.136310616363524,18.74933580480957,19.61588052832031,19.37053636633301,18.42563394628906,16.79654845471096,18.573749873250257,18.19861158525306,21.09616951071167,19.934626618255617,20.16501430593872,day_medium,day_stable,-3.945809999999998
2019-04-29 06:00:00+00:00,2019-04-29 07:00:00+00:00,19.15769,578.0,23.988119,16.78630005697632,17.669564121765138,16.673086994689942,18.278469914001462,18.604095333618165,18.22844874243164,19.04356848577881,18.522450798553468,17.866806858581544,17.396905882747454,18.005493408843822,16.76176120496335,19.355903023284913,19.27631699423218,19.492263668579103,day_medium,day_stable,-4.830429000000002
2019-04-29 06:15:00+00:00,2019-04-29 07:15:00+00:00,17.779131,530.0,22.693119,15.230049084228517,16.160314510864257,15.081956337493896,16.8401178822937,17.12622399191284,16.766471813720702,17.597748707336425,16.95066065649414,16.42591996054077,16.77246097554999,15.336448911085654,15.35451209446898,17.416179607910156,17.76273913244629,17.983629177612304,day_medium,day_stable,-4.913988
2019-04-29 06:30:00+00:00,2019-04-29 07:30:00+00:00,16.09606,467.0,21.689939000000003,14.197946526397708,15.087480999816895,13.928003765930178,15.817279316772463,15.973279454101563,15.599410511840825,16.513334729064944,15.872418381561282,15.287008263458254,17.007497974643705,16.10138949614489,15.861035384345971,16.253139473785403,16.688590504516604,16.938677288879397,day_medium,day_stable,-5.593879000000001
2019-04-29 06:45:00+00:00,2019-04-29 07:45:00+00:00,14.62125,421.0,20.383129,12.984769224456787,13.773522257141114,12.646460413269043,14.488136648468018,14.84301078253174,14.328960298828123,15.30268227987671,14.477364420227053,14.077453970245362,15.584408450180794,14.789074010677531,13.970052501835529,14.796131490997317,15.5202196829834,15.578898786834715,day_medium,day_stable,-5.761879
2019-04-29 07:00:00+00:00,2019-04-29 08:00:00+00:00,13.24006,386.0,19.15769,11.849315595092772,12.470857095184323,11.29173846191406,13.26134581512451,13.611760091247556,13.030536603393552,14.183086823883055,13.133892964782714,12.851023148956298,15.12104035644191,13.93670045343025,12.921911008618656,13.660135697784424,14.17634768432617,14.259264897766112,day_medium,day_stable,-5.917629999999999
2019-04-29 07:15:00+00:00,2019-04-29 08:15:00+00:00,11.61584,334.0,17.779131,10.412162845092771,11.021179740386962,9.912557189422609,11.92742258782959,12.270618979888916,11.653787200408935,12.858947818237304,11.70865351434326,11.546986167388916,11.327503604674344,10.684786702687443,11.360240059790913,12.408141200500488,12.886392657714843,12.891304557281494,day_medium,day_stable,-6.163290999999999
2019-04-29 07:30:00+00:00,2019-04-29 08:30:00+00:00,10.02531,288.0,16.09606,9.10165186935425,9.643546782073976,8.61139889770508,10.70790358596802,10.981709204254152,10.222940168914796,11.82247706466675,10.343684397277832,10.204626284179689,10.0235942188129,9.511598339535256,9.182244445724963,11.094963274536134,11.477899752197269,11.359994135437011,day_low,day_stable,-6.070750000000002
2019-04-29 07:45:00+00:00,2019-04-29 08:45:00+00:00,7.924438,233.0,14.62125,8.113100852966308,8.256422367095947,7.228173580169678,9.308762874603271,9.315224494934082,8.603391017913818,10.157240715026855,8.80501111984253,8.622349586486816,7.95615445589979,8.180737919071065,7.972677311578241,9.84699758529663,9.886138763427734,9.776470985412598,day_low,day_stable,-6.6968119999999995
2019-04-29 08:00:00+00:00,2019-04-29 09:00:00+00:00,4.749937999999999,145.0,13.24006,6.985582022247314,7.055638460693359,6.266448168334961,8.11940160232544,8.244177965698242,7.399918226776123,9.02419724899292,7.608377127227783,7.6095286889648435,5.788169197119544,5.824951350512725,5.8247638721144215,8.953227667388916,8.889111666259765,8.643213896331787,day_low,day_ramp_down,-8.490122
2019-04-29 08:15:00+00:00,2019-04-29 09:15:00+00:00,4.1610629999999995,118.0,11.61584,6.042058509674073,5.787896674957276,4.917463821258545,6.8089743078613285,6.88054422744751,5.9938779295349125,7.726836246337891,6.1664171636962894,6.3200054586792,4.7643565012623466,4.21775515691169,4.904924884789111,7.789457601394654,7.374795001831055,7.1670675695800785,day_low,day_stable,-7.454777000000001
2019-04-29 08:30:00+00:00,2019-04-29 09:30:00+00:00,3.7765,105.0,10.02531,4.898246248779296,4.549908121643066,3.755330523071288,5.516954859313964,5.522353132781982,4.632456263122558,6.468518217620849,4.7420487008666985,5.079903086242675,2.942442825376549,2.588700854428059,3.07946303003461,6.6439535222625725,5.948371370849609,5.872158011016845,day_low,day_stable,-6.248809999999999
2019-04-29 08:45:00+00:00,2019-04-29 09:45:00+00:00,3.466914,98.0,7.924438,3.361080169952393,3.142294884002686,2.3189601900939945,3.8573002817993167,3.873864651000977,2.8933391573791507,4.809879303253174,3.0091013911132816,3.4747076037292484,1.9343259529876755,2.1485433692138085,2.8846012819520506,5.1472637656097415,4.227459907806397,4.272504568374634,day_low,day_stable,-4.457524
2019-04-29 09:00:00+00:00,2019-04-29 10:00:00+00:00,2.579336,74.0,4.749937999999999,1.346619118011474,1.3087649233703609,0.3399515040283196,1.5895480997924798,1.732603061950683,0.3981203921203606,2.6148629076843255,1.1499719508056634,1.3288459666137689,0.8624963095675277,1.0845955014165145,0.9895488137247744,2.844118822372436,1.828414190567016,1.9084226973419185,day_low,day_stable,-2.1706019999999993
2019-04-29 09:15:00+00:00,2019-04-29 10:15:00+00:00,2.043234,60.0,4.1610629999999995,1.1751838171844478,1.8279374087219231,0.5899305785064692,1.5594582999114983,1.9825067961578364,0.4538383925323481,2.4468512976531978,1.3231795275573726,1.6037304842834468,0.5745907150932588,0.2326702755339103,0.5456351027777473,2.707015916145324,1.7553012812499995,1.670386358535766,day_low,day_stable,-2.1178289999999995
2019-04-29 09:30:00+00:00,2019-04-29 10:30:00+00:00,1.131184,34.0,3.7765,1.11738397026062,2.2971921100616455,0.7141058578491211,1.5405745639801025,2.2562176122665405,0.7257077827453613,2.392201913833618,1.4325323238372802,1.9700752630233764,0.2481230552300374,0.0328968063214799,0.143075655561343,2.55660892868042,1.7485573425292968,1.4425430431365966,day_low,day_stable,-2.6453160000000002
2019-04-29 09:45:00+00:00,2019-04-29 10:45:00+00:00,0.577062,17.0,3.466914,1.2800417561187745,2.697223426784515,0.838664831604004,1.4770783800735474,2.344021620239258,0.901941837753296,2.345905484642029,1.4130745548858643,2.079065145935058,0.3067261366203965,0.0,0.1687033198801266,2.4116151947631836,1.599388422454834,1.2111235279693604,night_lowlight,night_lowlight,-2.8898520000000003
2019-04-29 10:00:00+00:00,2019-04-29 11:00:00+00:00,0.079794,3.0,2.579336,0.850295496498108,2.2827615266189576,0.4783702617034913,0.8885026698455811,1.9177283172950743,0.8065757279739381,1.9883486156806949,1.358968568359375,2.1209081237659455,0.1213623784628655,0.0677850390093963,0.2557281728723667,1.8687659030303956,1.0638910060272218,0.8164454226837159,night_lowlight,night_lowlight,-2.499542
2019-04-29 10:15:00+00:00,2019-04-29 11:15:00+00:00,0.0,0.0,2.043234,0.4929134939041137,2.0256729461427927,0.2588954065170288,0.5800930354919434,1.751930275949478,0.7130512092437744,1.5664707515563965,1.2337827775802612,2.1206308026041985,0.229980007835341,0.0,0.1494647639072178,1.440306672843933,0.6800966356124878,0.5333438012924194,night_lowlight,night_lowlight,-2.043234
2019-04-29 10:30:00+00:00,2019-04-29 11:30:00+00:00,0.0,0.0,1.131184,0.0,1.313734549507141,0.0,0.0,1.0877285259213447,0.0232327165451049,0.6977224232997894,0.6218285145606994,1.551860589012146,0.1299173734360105,0.0,0.0928601071817635,0.6085456790771484,0.0,0.0,night_lowlight,night_lowlight,-1.131184
2019-04-29 10:45:00+00:00,2019-04-29 11:45:00+00:00,0.018071,0.0,0.577062,0.0,0.9520681690807342,0.0,0.0,0.5846852869178056,0.0,0.2443355214233398,0.2025779974098205,1.1851586591835022,0.1424039400327543,0.0,0.0928601071817635,0.1174956154460906,0.0,0.0,night_lowlight,night_lowlight,-0.558991
2019-04-29 11:00:00+00:00,2019-04-29 12:00:00+00:00,0.0,0.0,0.079794,0.0,0.6579320534172058,0.0,0.0,0.1792340307536125,0.0,0.0,0.048156558633089,0.9733018382492066,0.1341079914763837,0.0,0.0,0.0,0.0,0.0,night_lowlight,night_lowlight,-0.079794
2019-04-29 11:15:00+00:00,2019-04-29 12:15:00+00:00,0.005063,0.0,0.0,0.0,0.6516339182853699,0.0,0.0,0.1034885123372078,0.0,0.0,0.0,0.9911786913871764,0.0717806050933851,0.0,0.0781425229279797,0.0,0.0,0.0,night_lowlight,night_lowlight,0.005063
2019-04-29 11:30:00+00:00,2019-04-29 12:30:00+00:00,0.005036,0.0,0.0,0.0,0.6843711137771606,0.0,0.0,0.0027955244295299,0.0,0.0,0.0,1.0816867351531982,0.0758639244042237,0.0,0.0781425229279797,0.0,0.0,0.0,night_lowlight,night_lowlight,0.005036
2019-04-29 11:45:00+00:00,2019-04-29 12:45:00+00:00,0.01504,0.0,0.018071,0.0,0.7072318238220214,0.0,0.0,0.0,0.0,0.0,0.0,1.127285425086975,0.072183430831283,0.0,0.077866557242946,0.0,0.0,0.0,night_lowlight,night_lowlight,-0.0030310000000000007
2019-04-29 12:00:00+00:00,2019-04-29 13:00:00+00:00,0.0,0.0,0.0,0.0,0.7029187679290771,0.0,0.0,0.0,0.0,0.0,0.0,1.2265472412109375,0.0631191907959437,0.0,0.0499430096179341,0.0,0.0,0.0,night_lowlight,night_lowlight,0.0
2019-04-29 12:15:00+00:00,2019-04-29 13:15:00+00:00,0.0,0.0,0.005063,0.0,0.695774796283722,0.0,0.0,0.0,0.0,0.0,0.0,1.259999456680298,0.0631191907959437,0.0,0.0499430096179341,0.0,0.0,0.0,night_lowlight,night_lowlight,-0.005063
2019-04-29 12:30:00+00:00,2019-04-29 13:30:00+00:00,0.0,0.0,0.005036,0.0,0.6583965456352234,0.0,0.0,0.0,0.0,0.0,0.0,1.234146836982727,0.0717806050933851,0.0,0.0499430096179341,0.0,0.0,0.0,night_lowlight,night_lowlight,-0.005036
2019-04-29 12:45:00+00:00,2019-04-29 13:45:00+00:00,0.0,0.0,0.01504,0.0,0.6804003315353394,0.0,0.0,0.0,0.0,0.0,0.0,1.276397307434082,0.0756596398277725,0.0,0.0499430096179341,0.0,0.0,0.0,night_lowlight,night_lowlight,-0.01504
2019-04-29 13:00:00+00:00,2019-04-29 14:00:00+00:00,0.0,0.0,0.0,0.0,0.6623854637145996,0.0,0.0,0.0,0.0,0.0,0.0,1.3389567136764526,0.055587093970209,0.0,0.0499430096179341,0.0,0.0,0.0,night_lowlight,night_lowlight,0.0
2019-04-29 13:15:00+00:00,2019-04-29 14:15:00+00:00,0.0,0.0,0.0,0.0,0.6066776514053345,0.0,0.0,0.0,0.0,0.0,0.0,1.412619709968567,0.0487240083628904,0.0,0.0499430096179341,0.0,0.0,0.0,night_lowlight,night_lowlight,0.0
2019-04-29 13:30:00+00:00,2019-04-29 14:30:00+00:00,0.0,0.0,0.0,0.0,0.5209428668022156,0.0,0.0,0.0,0.0,0.0,0.0,1.448226809501648,0.0590462937577829,0.0,0.01386450807364,0.0,0.0,0.0,night_lowlight,night_lowlight,0.0
2019-04-29 13:45:00+00:00,2019-04-29 14:45:00+00:00,0.0,0.0,0.0,0.0,0.4613897204399109,0.0,0.0,0.0,0.0,0.0,0.0,1.4726890325546265,0.0590462937577829,0.0,0.01386450807364,0.0,0.0,0.0,night_lowlight,night_lowlight,0.0
2019-04-29 14:00:00+00:00,2019-04-29 15:00:00+00:00,0.0,0.0,0.0,0.0,0.2772294580936432,0.0,0.0,0.0,0.0,0.0,0.0,1.5997722148895264,0.0299986717986358,0.0,0.0,0.0,0.0,0.0,night_lowlight,night_lowlight,0.0
2019-04-29 14:15:00+00:00,2019-04-29 15:15:00+00:00,0.0,0.0,0.0,0.0,0.1704546958208084,0.0,0.0,0.0,0.0,0.0,0.0,1.7008254528045654,0.0377485762306194,0.0,0.0,0.0,0.0,0.0,night_lowlight,night_lowlight,0.0
2019-04-29 14:30:00+00:00,2019-04-29 15:30:00+00:00,0.0,0.0,0.0,0.0,0.3358829319477081,0.0,0.0,0.0,0.0,0.0,0.0,1.6747006177902222,0.0710105232992364,0.0,0.0,0.0,0.0,0.0,night_lowlight,night_lowlight,0.0
2019-04-29 14:45:00+00:00,2019-04-29 15:45:00+00:00,0.0,0.0,0.0,0.0,0.2585399150848388,0.0,0.0,0.0,0.0,0.0,0.0,1.729330062866211,0.0,0.0,0.0,0.0,0.0,0.0,night_lowlight,night_lowlight,0.0
2019-04-29 15:00:00+00:00,2019-04-29 16:00:00+00:00,0.0,0.0,0.0,0.0,0.4000240862369537,0.0,0.0,0.0,0.0,0.0,0.0,1.709835410118103,0.0,0.0,0.0,0.0,0.0,0.0,night_lowlight,night_lowlight,0.0
2019-04-29 15:15:00+00:00,2019-04-29 16:15:00+00:00,0.0,0.0,0.0,0.0,0.490891695022583,0.0,0.0,0.0,0.0,0.0,0.0,1.6779985427856443,0.0,0.0,0.0,0.0,0.0,0.0,night_lowlight,night_lowlight,0.0
2019-04-29 15:30:00+00:00,2019-04-29 16:30:00+00:00,0.0,0.0,0.0,0.0101687833666801,0.5617640018463135,0.0,0.0,0.0,0.0,0.0,0.0,1.6846922636032104,0.0,0.0,0.0,0.0,0.0,0.0,night_lowlight,night_lowlight,0.0
2019-04-29 15:45:00+00:00,2019-04-29 16:45:00+00:00,0.0,0.0,0.0,0.0559174343943595,0.5900789499282837,0.0,0.0,0.0,0.0,0.0,0.0,1.6787768602371216,0.0,0.0,0.0,0.0,0.0,0.0,night_lowlight,night_lowlight,0.0
2019-04-29 16:00:00+00:00,2019-04-29 17:00:00+00:00,0.0,0.0,0.0,0.0319001525640487,0.5620168447494507,0.0,0.0,0.0,0.0,0.0,0.0,1.6348049640655518,0.0,0.0288420034947746,0.0084033949321415,0.0,0.0,0.0,night_lowlight,night_lowlight,0.0
2019-04-29 16:15:00+00:00,2019-04-29 17:15:00+00:00,0.0,0.0,0.0,0.114062875509262,0.6039779186248779,0.0,0.0,0.0,0.0,0.0,0.0,1.6611120700836182,0.0,0.0288420034947746,0.0084033949321415,0.0,0.0,0.0,night_lowlight,night_lowlight,0.0
2019-04-29 16:30:00+00:00,2019-04-29 17:30:00+00:00,0.0,0.0,0.0,0.1231283172965049,0.5834908485412598,0.0,0.0,0.0,0.0,0.0,0.0,1.7214462757110596,0.0,0.0288420034947746,0.0084033949321415,0.0,0.0,0.0,night_lowlight,night_lowlight,0.0
2019-04-29 16:45:00+00:00,2019-04-29 17:45:00+00:00,0.0,0.0,0.0,0.1526267379522323,0.5661386847496033,0.0,0.0,0.0,0.0,0.0,0.0,1.7662190198898315,0.0,0.0288420034947746,0.0084033949321415,0.0,0.0,0.0,night_lowlight,night_lowlight,0.0
2019-04-29 17:00:00+00:00,2019-04-29 18:00:00+00:00,0.0,0.0,0.0,0.2033508867025375,0.6094354391098022,0.0,0.0,0.0305106863379478,0.0,0.0,0.0,1.6289701461791992,0.0,0.0310502725017598,0.0,0.0,0.0,0.0,night_lowlight,night_lowlight,0.0
2019-04-29 17:15:00+00:00,2019-04-29 18:15:00+00:00,0.0,0.0,0.0,0.234165757894516,0.619814932346344,0.0,0.0,0.1095400899648666,0.0,0.0,0.0,1.6036663055419922,0.0,0.0310502725017598,0.0,0.0,0.0,0.0,night_lowlight,night_lowlight,0.0
2019-04-29 17:30:00+00:00,2019-04-29 18:30:00+00:00,0.0,0.0,0.0,0.0688438862562179,0.6116054654121399,0.0,0.0,0.0310929212719202,0.1843438297510147,0.0,0.0,1.8072820901870728,0.0,0.0395449227121231,0.0,0.0,0.0,0.0,night_lowlight,night_lowlight,0.0
2019-04-29 17:45:00+00:00,2019-04-29 18:45:00+00:00,0.0,0.0,0.0,0.1780644506216049,0.3820346295833587,0.0,0.0,0.0350215062499046,0.3408479392528534,0.0,0.0,1.9592947959899905,0.0,0.0395449227121231,0.0,0.0,0.0,0.0,night_lowlight,night_lowlight,0.0
2019-04-29 18:00:00+00:00,2019-04-29 19:00:00+00:00,0.0,0.0,0.0,0.0585367977619171,0.5176752805709839,0.0,0.0,0.1420635133981704,0.60237056016922,0.0,0.0,1.9204472303390503,0.0,0.0310502725017598,0.0,0.0,0.0,0.0,night_lowlight,night_lowlight,0.0
2019-04-29 18:15:00+00:00,2019-04-29 19:15:00+00:00,0.0,0.0,0.0,0.132530391216278,0.5313133597373962,0.0,0.0,0.3399538397789001,0.7967506647109985,0.0,0.0,1.9874145984649656,0.0,0.0395449227121231,0.0,0.0,0.0,0.1117125153541565,night_lowlight,night_lowlight,0.0
2019-04-29 18:30:00+00:00,2019-04-29 19:30:00+00:00,0.0,0.0,0.0,0.2367372661828994,0.5873830914497375,0.2349199056625366,0.0254161823540925,0.5134008526802063,0.93536114692688,0.0,0.0,2.000582695007324,0.0,0.0310502725017598,0.0,0.0,0.0,0.2104517668485641,night_lowlight,night_lowlight,0.0
2019-04-29 18:45:00+00:00,2019-04-29 19:45:00+00:00,0.0,0.0,0.0,0.436457097530365,0.4218024015426636,0.1208136454224586,0.0,0.5140266418457031,0.9698683619499208,0.0,0.0,2.0556671619415283,0.0,0.0428273816693382,0.0,0.0,0.0,0.4927088320255279,night_lowlight,night_lowlight,0.0
2019-04-29 19:00:00+00:00,2019-04-29 20:00:00+00:00,0.0,0.0,0.0,0.4073565900325775,0.6867796778678894,0.4709177613258362,0.0784748867154121,0.703238844871521,0.9974830746650696,0.0,0.0,1.991010069847107,0.0,0.0310502725017598,0.0,0.0,0.0,0.5200592875480652,night_lowlight,night_lowlight,0.0
2019-04-29 19:15:00+00:00,2019-04-29 20:15:00+00:00,0.0,0.0,0.0,0.4310763776302337,0.797877848148346,0.6579717993736267,0.2073779702186584,0.8532739877700806,1.2560994625091553,0.0,0.0,2.134993314743042,0.0,0.0310502725017598,0.0,0.0876846089959144,0.0,0.6827161908149719,night_lowlight,night_lowlight,0.0
2019-04-29 19:30:00+00:00,2019-04-29 20:30:00+00:00,0.0,0.0,0.0,0.4579420983791351,0.6387659311294556,0.5797024369239807,0.0208421945571899,0.8177216649055481,1.4387807846069336,0.0,0.0,2.3417818546295166,0.0,0.0153814080623183,0.0,0.1642204076051712,0.0,1.0314291715621948,night_lowlight,night_lowlight,0.0
2019-04-29 19:45:00+00:00,2019-04-29 20:45:00+00:00,0.0,0.0,0.0,0.4674325585365295,0.8005284070968628,0.811096727848053,0.3180020451545715,1.0925540924072266,1.5815380811691284,0.0016659788088873,0.0301815476268529,2.457990884780884,0.0,0.0310502725017598,0.0,0.2893963754177093,0.0,1.123845458030701,night_lowlight,night_lowlight,0.0
2019-04-29 20:00:00+00:00,2019-04-29 21:00:00+00:00,0.0,0.0,0.0,0.7293321490287781,0.8595594763755798,1.005057454109192,0.4292033016681671,1.1986442804336548,1.6769678592681885,0.0745487958192825,0.2061898559331894,2.5950822830200195,0.0,0.0395449227121231,0.0,0.379433661699295,0.026402486488223,1.2770140171051023,night_lowlight,night_lowlight,0.0
2019-04-29 20:15:00+00:00,2019-04-29 21:15:00+00:00,0.0,0.0,0.0,0.9096466898918152,0.9296950101852416,1.2069740295410156,0.5177334547042847,1.2621142864227295,1.785443902015686,0.2179607301950454,0.2308995723724365,2.712129831314087,0.0,0.0395449227121231,0.0,0.4778589308261871,0.1030425578355789,1.4470714330673218,night_lowlight,night_lowlight,0.0
2019-04-29 20:30:00+00:00,2019-04-29 21:30:00+00:00,0.0,0.0,0.0,1.07771098613739,1.0493303537368774,1.3490991592407229,0.5935130715370178,1.3369959592819214,1.9225714206695557,0.3591119050979614,0.333555519580841,2.830517292022705,0.0,0.0153814080623183,0.0,0.5837709903717041,0.2372694760560989,1.6388931274414062,night_lowlight,night_lowlight,0.0
2019-04-29 20:45:00+00:00,2019-04-29 21:45:00+00:00,0.165016,8.0,0.0,1.252317190170288,1.1380645036697388,1.407202959060669,0.5992821455001831,1.3847661018371582,1.9899888038635256,0.4696263074874878,0.5780420899391174,2.954596519470215,0.0,0.0153814080623183,0.0,0.675746500492096,0.486013263463974,1.862888216972351,night_lowlight,night_lowlight,0.165016
2019-04-29 21:00:00+00:00,2019-04-29 22:00:00+00:00,0.925203,32.0,0.0,1.2850704193115234,1.2282752990722656,1.5543792247772217,0.5933613777160645,1.408102035522461,2.0551466941833496,0.5787175893783569,0.7731411457061768,3.015198230743408,0.0,0.0,0.0,0.8229578137397766,0.7156326174736023,1.953168869018555,day_low,day_stable,0.925203
2019-04-29 21:15:00+00:00,2019-04-29 22:15:00+00:00,2.0472810000000004,70.0,0.0,1.489052653312683,1.5179612636566162,1.8463937044143677,0.8592439889907837,1.5857757329940796,2.163252353668213,0.7660086154937744,1.0592535734176636,3.083247661590576,0.0,0.0,0.285937585780801,0.9784623980522156,0.900892436504364,2.02358078956604,day_low,day_stable,2.0472810000000004
2019-04-29 21:30:00+00:00,2019-04-29 22:30:00+00:00,2.0047349999999997,68.0,0.0,1.7191169261932373,1.6151156425476074,2.20854115486145,1.117245078086853,1.7667516469955444,2.2076966762542725,0.8868191838264465,1.0265309810638428,3.133140802383423,0.0,0.0,0.3733290261601527,1.0571348667144775,0.834117591381073,2.0680556297302246,day_low,day_stable,2.0047349999999997
2019-04-29 21:45:00+00:00,2019-04-29 22:45:00+00:00,2.701453,88.0,0.165016,2.3029325649414063,1.8859108135375977,2.812525813308716,1.45295602532959,2.156175439086914,2.320404832092285,1.0310550973091126,1.218850080696106,3.2664313957366944,0.8776112719238052,0.5128182101235602,1.2976954010307216,1.1430939480934144,0.905322556224823,2.234134499755859,day_low,day_stable,2.536437
2019-04-29 22:00:00+00:00,2019-04-29 23:00:00+00:00,3.397078,124.0,0.925203,3.865604077270507,2.913159643104553,4.305046473434448,2.5044317588119505,3.260988627365112,3.35179892628479,1.932014499595642,2.095076237609863,4.009661589553833,2.709584024196998,2.4190746761380058,2.7980918847560936,1.9340752705841064,1.717301343372345,3.1071576222686765,day_low,day_stable,2.471875
2019-04-29 22:15:00+00:00,2019-04-29 23:15:00+00:00,4.461297,160.0,2.0472810000000004,5.888627025466919,4.377703639846802,6.376567575317383,4.019173476081848,4.730119678359985,4.729602548461914,3.1195054977951053,3.309223505836487,5.172677966934204,3.4075043567025354,3.4671963358709306,3.832554246770076,3.074159356933594,2.9290871947822574,4.3482515543518065,day_low,day_stable,2.4140159999999997
2019-04-29 22:30:00+00:00,2019-04-29 23:30:00+00:00,5.168844,218.0,2.0047349999999997,6.187284476623535,4.616988427505493,6.837101466522217,4.244327790603638,4.830959088668823,5.043696172103882,3.2821079562759397,3.5031166146850583,5.33884406791687,5.838127280763778,5.409556510774475,5.536509932092461,3.109196908340454,3.034876711235046,4.466860539779663,day_low,day_stable,3.1641090000000003
2019-04-29 22:45:00+00:00,2019-04-29 23:45:00+00:00,7.258781,291.0,2.701453,7.337085991790771,5.902484923294067,8.24127748577881,5.425542860916138,5.906856804779053,6.14763334362793,4.282291084220886,4.681139379432678,6.293819695404053,7.438548205808371,7.147893660881324,7.596810645682384,3.948482662132263,4.09025219052124,5.296040802886963,day_low,day_stable,4.557328
2019-04-29 23:00:00+00:00,2019-04-30 00:00:00+00:00,9.307813,369.0,3.397078,8.570756398132325,7.020823679855347,9.65063663571167,6.720318041732789,6.9652027711181645,7.184659682205201,5.361213527610779,5.708416186264039,7.222017489364624,9.132867741549031,10.033932266941656,10.78795239399564,4.789637885978699,5.0233549699096685,6.270102225234986,day_medium,day_stable,5.910734999999999
2019-04-29 23:15:00+00:00,2019-04-30 00:15:00+00:00,11.14553,441.0,4.461297,10.378812754699709,8.657760108062744,11.346369708129885,8.445938313552857,8.463981116363525,8.656791651794434,6.793182099411011,7.177411044189453,8.555721724578857,12.08071992122564,12.684062020961266,12.93049476747607,5.9782529717178345,6.309806192466736,7.559690678665161,day_medium,day_stable,6.684233000000001
2019-04-29 23:30:00+00:00,2019-04-30 00:30:00+00:00,12.6,497.0,5.168844,11.322958723205566,9.664907232421877,12.067772165435793,9.597626939910889,9.292765871185305,9.731194749969482,7.81947352041626,8.106280819076538,9.499783769744871,13.241064996122546,13.812193663005033,14.763235198471197,6.852887645858765,7.249677911895752,8.545301452774048,day_medium,day_stable,7.431156
2019-04-29 23:45:00+00:00,2019-04-30 00:45:00+00:00,13.78628,530.0,7.258781,13.539291425567626,12.046846910339356,13.961927457672118,12.049469514709472,11.635095163208009,12.209855123382567,10.235733791213988,10.40342597566223,11.828916116577147,17.137528042440053,17.768896692729804,17.545349575231644,8.997410698753356,9.488430543762206,10.892545028549192,day_medium,day_stable,6.527499
2019-04-30 00:00:00+00:00,2019-04-30 01:00:00+00:00,17.834249,595.0,9.307813,15.6230247729187,14.497059654510496,15.738457035339357,14.630223583496091,14.006727527893066,14.627785038269042,12.740749668395996,13.068067383087158,14.17456514767456,18.126952926013495,18.805676736425777,18.711913738714095,11.258956503189086,11.698632549560546,13.249094795501708,day_medium,day_ramp_up,8.526436
2019-04-30 00:15:00+00:00,2019-04-30 01:15:00+00:00,19.1415,636.0,11.14553,17.351456895141602,16.384992852478028,17.086362614898682,16.559618249206544,15.85353828933716,16.637018933563233,14.849356665878297,15.24493767288208,16.0700962689209,19.292084906201413,20.890098247205827,19.55406094170206,13.310526147155764,13.53284336593628,15.275841965942384,day_medium,day_stable,7.99597
2019-04-30 00:30:00+00:00,2019-04-30 01:30:00+00:00,20.986441,668.0,12.6,18.756801223754884,17.811698532104494,18.08864555358887,17.900841808319093,17.207807636260988,18.059797859191896,16.438099002838136,16.709994411468507,17.412692165374757,21.090791004371138,22.490119451538025,20.953549686993977,14.94682035446167,14.907135581970214,16.829401588439943,day_medium,day_stable,8.386441
2019-04-30 00:45:00+00:00,2019-04-30 01:45:00+00:00,22.56625,709.0,13.78628,19.88116010406494,18.713449799804685,18.859761559753416,18.84003003814697,18.256030404357908,19.012171113281248,17.55248531082153,17.67758663871765,18.425294244079588,21.204958681909485,23.452108129575706,21.884814024555222,16.107580983428953,15.824256264953611,17.96301635482788,day_high,day_ramp_up,8.77997
2019-04-30 01:00:00+00:00,2019-04-30 02:00:00+00:00,24.00913,755.0,17.834249,23.127351741241455,22.266347388671875,22.119791964935303,22.33223245565796,21.702580909179687,22.469743232177738,21.209550361083984,21.131812076019287,21.815615872787475,22.66156371643632,24.08064787805228,24.198902280323235,20.04199622099304,19.261984567092895,21.695723752426147,day_high,day_stable,6.174880999999999
2019-04-30 01:15:00+00:00,2019-04-30 02:15:00+00:00,25.97963,805.0,19.1415,23.186802867889405,22.422022108078004,22.05996203804016,22.7726936378479,21.882367376327515,22.86788773918152,21.45971346282959,21.30048060798645,22.10300541305542,23.70632510187101,23.080714259782347,24.263561088861913,20.809297803878785,19.733618620872495,22.407758478164673,day_high,day_stable,6.83813
2019-04-30 01:30:00+00:00,2019-04-30 02:30:00+00:00,27.39275,849.0,20.986441,23.789375885025024,23.213322980895995,22.94991789628601,23.810069425598144,22.84612105657196,24.006785972610473,22.536389573112487,22.17019937802887,23.128033025756835,24.395427485407055,24.653745560883912,24.896138988457533,22.267904027000423,21.00881259013748,23.80527816583252,day_high,day_stable,6.406309
2019-04-30 01:45:00+00:00,2019-04-30 02:45:00+00:00,29.230249,932.0,22.56625,24.1267090177536,23.942424688339234,23.666872296333313,24.583505783081055,23.706796798706055,24.953725967407227,23.45182767868042,23.017953876256943,24.016077909469605,25.98909478940772,24.086341382726225,25.116079697381,23.635343823432923,22.104213062524796,25.0388640499115,day_high,day_stable,6.6639990000000004
2019-04-30 02:00:00+00:00,2019-04-30 03:00:00+00:00,30.058001,954.0,24.00913,24.869796155815123,24.698249577407836,24.39552435172081,24.979505835895537,24.364281891708373,25.598112820510863,23.811835228328704,23.309475182418826,24.285550444250102,25.748946062423396,29.31002676194672,28.842143264520388,24.167202113990783,22.75074887168884,25.177283166770938,day_high,day_stable,6.048871000000002
2019-04-30 02:15:00+00:00,2019-04-30 03:15:00+00:00,31.26988,1011.0,25.97963,25.43559969127655,26.098146892194748,25.51561964214325,26.081443413202763,25.91263210684538,26.962305671577457,25.20146257341385,24.736368662719727,25.430164462928772,27.56809899416156,29.545862635544896,28.94214392405577,25.887333951001168,24.333407885437012,26.21168941915512,day_high,day_stable,5.29025
2019-04-30 02:30:00+00:00,2019-04-30 03:30:00+00:00,32.24725,1042.0,27.39275,26.53519431257248,26.508335088729854,26.074277137756347,26.627311383724212,26.37678537273407,27.5606418749094,25.23889372253418,25.31417128944397,25.773688172340393,28.143454698678447,29.75341776974697,29.25618093088223,26.28639719390869,24.88194892311096,26.185645197868347,day_high,day_stable,4.854500000000002
2019-04-30 02:45:00+00:00,2019-04-30 03:45:00+00:00,32.65237,1059.0,29.230249,27.295995307373047,27.671224308418275,27.36778039972687,27.737329912590027,27.58082718889618,28.64848370592499,26.141857695983887,26.408780646728516,26.74808247129822,27.77590918561158,29.487983923309137,29.3442769168223,27.489707661079407,26.170138907836915,27.07018311064148,day_high,day_stable,3.422120999999997
2019-04-30 03:00:00+00:00,2019-04-30 04:00:00+00:00,33.820499,1091.0,30.058001,27.70308967263794,28.134675938201905,27.871940809799195,27.956452805114747,28.013994175506593,28.847240764213563,26.44446464212036,26.863053280426023,26.813769299102784,29.342171276544217,30.103313259122515,30.373208939947084,27.661021429611207,26.71628637940979,27.284876066757203,day_high,day_stable,3.7624979999999972
2019-04-30 03:15:00+00:00,2019-04-30 04:15:00+00:00,34.477631,1119.0,31.26988,28.03002852523804,28.705886784439087,28.484395924453736,28.36368102157593,28.687271538619996,29.33142227256775,26.787655535583497,27.677816573028565,27.30362218940735,30.723345069749527,30.51124291889725,31.004260872201783,28.050608340148926,27.59489268386841,27.90865773284912,day_high,day_stable,3.207751000000002
2019-04-30 03:30:00+00:00,2019-04-30 04:30:00+00:00,33.98238,1098.0,32.24725,28.78879396057129,29.29170815086365,29.188894430160524,28.823028007507325,29.160974422454835,29.513612190246583,27.195878902435304,28.14044133758545,27.62490407562256,31.3395285113309,30.86672652286804,31.580236940217027,28.288669506073,28.35596458053589,28.525570074081426,day_high,day_stable,1.735129999999998
2019-04-30 03:45:00+00:00,2019-04-30 04:45:00+00:00,33.437248,1067.0,32.65237,28.207554841156004,29.24540569793701,29.03053643714905,28.39404776107788,29.220727229232786,29.229750657196043,26.94569113265991,28.19118216049194,27.483979249114988,30.802474065891577,30.34826807115374,31.508335795115013,28.118329548950193,28.590016865844724,28.6970100642395,day_high,day_stable,0.7848779999999991
2019-04-30 04:00:00+00:00,2019-04-30 05:00:00+00:00,33.306,1049.0,33.820499,29.202142295288084,29.872466620849607,29.732539710449217,29.01013713781738,29.956825551437376,29.84468680326843,27.490999755310057,29.01035743658447,28.17605262701416,30.08558709828939,30.289100255037116,30.82378891885314,28.61701255743408,29.53167968695068,29.533689555572508,day_high,day_stable,-0.5144990000000007
2019-04-30 04:15:00+00:00,2019-04-30 05:15:00+00:00,32.876381,1019.0,34.477631,29.186596778350832,30.218963054138182,29.891673949676516,29.074243930297857,30.5229989561615,30.044012931304938,27.890626815277106,29.494706061798095,28.48357858987427,30.41334372406159,30.5230114047633,30.99550281880085,28.914656070190432,30.156263736206057,30.162301925140383,day_high,day_stable,-1.6012500000000003
2019-04-30 04:30:00+00:00,2019-04-30 05:30:00+00:00,32.047748999999996,974.0,33.98238,28.565698710327148,29.32697733963013,28.914475527648925,28.15477332199097,29.71500023925781,29.097419348602298,27.080398646240234,28.714363184814452,27.685244170074466,30.311952421812887,30.5230114047633,30.983208859968972,28.07204875076294,29.592485037689208,29.5070701512146,day_high,day_stable,-1.934631000000003
2019-04-30 04:45:00+00:00,2019-04-30 05:45:00+00:00,31.50263,942.0,33.437248,27.594280489776608,28.729156264160153,28.16234756359863,27.422000178192135,28.961458453033444,28.23381687054443,26.4733169163208,27.84607435116577,26.90062642941284,30.82610681111919,30.49140183713696,30.673298151653103,27.288877734039303,29.014331110809323,28.92250324139404,day_high,day_stable,-1.9346179999999968
2019-04-30 05:00:00+00:00,2019-04-30 06:00:00+00:00,30.49725,899.0,33.306,27.355202919006345,28.23562074279785,27.748224979400632,27.11025453186035,28.28496337509155,27.74448419189453,25.84193063354492,27.312303310394284,26.529761558532712,30.143952668517564,30.17189211674914,30.20679954920533,26.72546220397949,28.735146289825437,28.427051311492917,day_high,day_stable,-2.8087499999999963
2019-04-30 05:15:00+00:00,2019-04-30 06:15:00+00:00,29.589879999999997,858.0,32.876381,25.83742674203491,27.675027450042727,26.926739295440676,26.437805732208258,27.84195288034058,27.154875358062743,25.27010353417969,26.86377676339722,25.973739226776125,29.53708953932022,28.785406767856532,29.796159872794387,26.197589953857424,28.307264884429937,28.07685430856323,day_high,day_stable,-3.286501000000005
2019-04-30 05:30:00+00:00,2019-04-30 06:30:00+00:00,28.282631,810.0,32.047748999999996,25.10245938818359,26.455572085784908,25.825799422668453,25.5439796022644,26.626736598419185,26.04113526861572,24.16869302313232,25.807063537048336,24.995208220886227,27.838750290966622,27.48122299959419,27.80143412494554,25.188834147857666,27.389691310333248,26.94252868215942,day_high,day_stable,-3.7651179999999975
2019-04-30 05:45:00+00:00,2019-04-30 06:45:00+00:00,27.223000000000003,769.0,31.50263,23.642789606933594,25.68621469009399,24.927058939819336,24.882399802093506,25.962083582763672,25.242372279052734,23.52967620361328,25.109750513916016,24.323089365844726,26.330300077103352,26.46501586780931,25.705149165667866,24.59592414367676,26.80200982559204,26.351580386047363,day_high,day_stable,-4.279629999999997
2019-04-30 06:00:00+00:00,2019-04-30 07:00:00+00:00,26.14325,733.0,30.49725,22.15053311920166,24.442871490478517,23.4961194190979,23.672928730010987,24.956150928497316,24.181835571289064,22.470295349121095,24.11787740325928,23.29553214645386,25.759387565709147,25.906491543738525,25.101466270717008,23.527549186706544,25.85744229888916,25.427005687713624,day_high,day_stable,-4.354000000000003
2019-04-30 06:15:00+00:00,2019-04-30 07:15:00+00:00,24.54681,690.0,29.589879999999997,21.22710705841064,23.168661127929685,22.11192895019531,22.75583363616943,23.945567141418454,23.213049898986817,21.55003644073486,23.22810793960571,22.390632639770505,23.78135198136432,23.34603321944429,22.657816045221832,22.53840256774902,24.97829485977173,24.505282889251703,day_high,day_stable,-5.043069999999997
2019-04-30 06:30:00+00:00,2019-04-30 07:30:00+00:00,22.92238,644.0,28.282631,19.69525726647949,21.745580275970458,20.58856256814575,21.51500852914429,22.51964863153076,21.900387366729735,20.396910747009276,21.861455043273924,21.071697314697264,23.17033507854674,22.47449133163343,21.84270345180651,21.27106579156494,23.6926332315979,23.19649370523071,day_medium,day_stable,-5.360250999999998
2019-04-30 06:45:00+00:00,2019-04-30 07:45:00+00:00,21.238001,598.0,27.223000000000003,18.809019515991213,20.841425846099856,19.593530128479006,20.76898712921143,21.234209011077883,20.65796608734131,19.621773670196536,20.722282360076907,19.869332740783697,18.747436705536273,18.30647427525116,18.014363202114918,20.295771549224856,22.516645381927493,21.86573500442505,day_medium,day_stable,-5.984999000000002
2019-04-30 07:00:00+00:00,2019-04-30 08:00:00+00:00,19.31431,539.0,26.14325,16.726986419677733,19.403423320770266,17.981361877441405,19.314342987060545,20.10170365524292,19.487516414642332,18.287297260284426,19.65803433609009,18.768147480010985,18.107597669280512,18.23783656012851,18.26325710335844,19.365052711486815,21.48085404586792,20.83512259674072,day_medium,day_stable,-6.828939999999999
2019-04-30 07:15:00+00:00,2019-04-30 08:15:00+00:00,17.428248999999997,482.0,24.54681,14.886678545532227,17.61431535964966,16.114726870117188,17.75305589920044,18.440512030181885,17.900414793548585,16.836455195007325,18.11392769104004,17.17654928451538,16.55593382519599,16.39600733972132,16.35621334386514,17.965705721435548,19.93330845123291,19.297482817230225,day_medium,day_stable,-7.118561000000003
2019-04-30 07:30:00+00:00,2019-04-30 08:30:00+00:00,15.43194,417.0,22.92238,13.192225008850098,16.174820452575684,14.420671015625,16.402738123779297,16.789346247558594,16.187632590179444,15.46885207260132,16.60398104751587,15.48639252746582,14.656445496232086,14.378361174835424,14.246812902593115,16.65480235183716,18.29742100799561,17.61786463821411,day_medium,day_stable,-7.4904399999999995
2019-04-30 07:45:00+00:00,2019-04-30 08:45:00+00:00,13.27506,352.0,21.238001,11.12873471887207,14.46220172555542,12.43731797845459,14.607320438934329,15.104259144378664,14.585993897033692,13.972861420227051,15.134758125854493,13.865322243286132,13.376117785995516,14.041724757037729,13.41201370622368,15.312021862579346,16.730858933044434,16.049420010162354,day_medium,day_stable,-7.962941000000001
2019-04-30 08:00:00+00:00,2019-04-30 09:00:00+00:00,10.99591,282.0,19.31431,9.214305803833009,12.58424465423584,10.361105845031735,12.688384459075928,13.15758220916748,12.747599527893064,12.21394912963867,13.140477106628415,12.052746222076417,9.705040964453524,9.84883265500306,9.340184608576244,13.76092808013916,14.990427420196532,14.287035868225097,day_low,day_stable,-8.318399999999999
2019-04-30 08:15:00+00:00,2019-04-30 09:15:00+00:00,8.832251,219.0,17.428248999999997,7.638697265075681,10.7195554956665,8.452106116699216,10.988738177703857,11.324516414093017,11.091870902465818,10.60865795462036,11.414413569854734,10.415752528594968,8.847953132917464,9.016688460436772,9.031577440195855,12.137804625915525,13.281940101074216,12.523270247863769,day_low,day_ramp_down,-8.595997999999998
2019-04-30 08:30:00+00:00,2019-04-30 09:30:00+00:00,6.5144839999999995,171.0,15.43194,6.020183484497071,8.964160363616944,6.723833959045411,9.49791089767456,9.41616908782959,9.293778817596436,9.000321309509278,9.647936742248536,8.623360555114747,5.935371822593289,6.271396873328157,6.3347525750531215,10.499927442016602,11.388626973571778,10.579197804870606,day_low,day_ramp_down,-8.917456000000001
2019-04-30 08:45:00+00:00,2019-04-30 09:45:00+00:00,4.525062999999999,106.0,13.27506,4.327022852478027,7.200475992736816,4.868158640441894,7.734676184234619,7.473373236236572,7.406790079650879,7.412152590332031,7.928151907501221,6.76039821105957,4.599614276670513,5.01973469801522,5.376802462162254,8.668569864807129,9.510205092010498,8.615848841247558,day_low,day_ramp_down,-8.749997
2019-04-30 09:00:00+00:00,2019-04-30 10:00:00+00:00,2.797703,74.0,10.99591,3.253590416107178,5.449623893890381,3.4200809709167483,6.133838009033203,5.370244335327149,5.359476875457764,5.6439793817138675,5.834269832763672,4.795343708190918,3.3620862221873953,2.4519600665201966,2.6644355223711793,7.0036242715454105,7.351133178863526,6.286210369262696,day_low,day_stable,-8.198207
2019-04-30 09:15:00+00:00,2019-04-30 10:15:00+00:00,1.683555,65.0,8.832251,1.8787826772460932,3.463078903747558,1.639331745697021,3.909651684356689,3.557845520568847,3.445660519195556,3.6138700719604486,4.19707386453247,2.8408779378662103,2.4428587849006687,1.5538277031413943,1.5429419682062842,5.190847086502075,5.369650291992187,4.282091068817138,day_low,day_stable,-7.148695999999999
2019-04-30 09:30:00+00:00,2019-04-30 10:30:00+00:00,1.045187,42.0,6.5144839999999995,1.4447656390991206,2.440010618957519,1.291950773986816,2.663152766021728,1.7443123576965327,1.675697874816894,2.3954048869934077,2.4539914844360347,1.1000467059936518,1.4370070048877153,0.9015781838393316,0.8856014287234448,3.5014453647460932,3.401180577072143,2.022816252502441,day_low,day_stable,-5.469296999999999
2019-04-30 09:45:00+00:00,2019-04-30 10:45:00+00:00,0.5703090000000001,21.0,4.525062999999999,0.5703210451965326,1.1360163309936515,0.2591886141662591,0.962728462493896,0.204324684417724,0.2666368105773919,1.14399381665039,1.064030609405517,0.0,1.016656195637205,0.5883189799404004,0.6215530910643019,1.8444127657775873,1.8692633726959225,0.3405918696289056,day_low,day_stable,-3.9547539999999994
2019-04-30 10:00:00+00:00,2019-04-30 11:00:00+00:00,0.199216,5.0,2.797703,0.0037085732727049,0.2504300793914793,0.0,0.1888322552947996,0.0,0.0,0.3464202603607176,0.1197263917236326,0.0,0.3553430317047049,0.3162812705626437,0.3629935481142427,0.898216696670532,0.5777551850585936,0.0,night_lowlight,night_lowlight,-2.598487
2019-04-30 10:15:00+00:00,2019-04-30 11:15:00+00:00,0.0,0.0,1.683555,0.0,0.0,0.0,0.0,0.0,0.0,0.0,0.0,0.0,0.2831839316464346,0.2426589212810128,0.229091329743201,0.3701913286972045,0.0,0.0,night_lowlight,night_lowlight,-1.683555
2019-04-30 10:30:00+00:00,2019-04-30 11:30:00+00:00,0.0,0.0,1.045187,0.0,0.0,0.0,0.0,0.0,0.0,0.0,0.0,0.0,0.0,0.2039969208138605,0.3189503423311386,0.1841308509941102,0.0,0.0,night_lowlight,night_lowlight,-1.045187
2019-04-30 10:45:00+00:00,2019-04-30 11:45:00+00:00,0.0,0.0,0.5703090000000001,0.0,0.0,0.0,0.0,0.0,0.0,0.0,0.0,0.0,0.0,0.2039969208138605,0.2014841808814156,0.0376014280166626,0.0,0.0,night_lowlight,night_lowlight,-0.5703090000000001
2019-04-30 11:00:00+00:00,2019-04-30 12:00:00+00:00,0.0,0.0,0.199216,0.0,0.0,0.0,0.0,0.0,0.0,0.0,0.0,0.0,0.0,0.148766989038197,0.1346582344903338,0.0,0.0,0.0,night_lowlight,night_lowlight,-0.199216
2019-04-30 11:15:00+00:00,2019-04-30 12:15:00+00:00,0.0,0.0,0.0,0.0,0.082748495042324,0.0,0.0,0.0,0.0,0.0,0.0,0.0,0.0,0.0170368574466166,0.0,0.0,0.0,0.0,night_lowlight,night_lowlight,0.0
2019-04-30 11:30:00+00:00,2019-04-30 12:30:00+00:00,0.0,0.0,0.0,0.0,0.2624922692775726,0.0,0.0,0.0,0.0,0.0,0.0,0.0,0.0629286544373586,0.0289376936773183,0.0126311186988488,0.0,0.0,0.0,night_lowlight,night_lowlight,0.0
2019-04-30 11:45:00+00:00,2019-04-30 12:45:00+00:00,0.0,0.0,0.0,0.0,0.3578852713108063,0.0,0.0,0.0,0.0840069055557251,0.0,0.0,0.098099797964096,0.0598737301413305,0.0289376936773183,0.0126311186988488,0.0031621740199625,0.0,0.0,night_lowlight,night_lowlight,0.0
2019-04-30 12:00:00+00:00,2019-04-30 13:00:00+00:00,0.0,0.0,0.0,0.0,0.3952948153018951,0.0,0.0,0.0,0.2300655245780944,0.0,0.0,0.1950179040431976,0.0629286544373586,0.0289376936773183,0.0126311186988488,0.0751499831676483,0.0,0.0,night_lowlight,night_lowlight,0.0
2019-04-30 12:15:00+00:00,2019-04-30 13:15:00+00:00,0.0,0.0,0.0,0.0,0.4083902239799499,0.0,0.0,0.0,0.2729498147964477,0.0,0.0,0.2601082324981689,0.0598737301413305,0.0289376936773183,0.0222406257319081,0.1332898736000061,0.0,0.0,night_lowlight,night_lowlight,0.0
2019-04-30 12:30:00+00:00,2019-04-30 13:30:00+00:00,0.0,0.0,0.0,0.0,0.5178287029266357,0.0,0.0,0.0775288045406341,0.2422969937324524,0.0,0.0,0.1978022158145904,0.0629286544373586,0.0289376936773183,0.0222406257319081,0.0521855540573596,0.0,0.0,night_lowlight,night_lowlight,0.0
2019-04-30 12:45:00+00:00,2019-04-30 13:45:00+00:00,0.0,0.0,0.0,0.0,0.5017551779747009,0.0,0.0,0.00365971471183,0.2944603264331817,0.0,0.0,0.2567275464534759,0.0598737301413305,0.0289376936773183,0.0222406257319081,0.1242631897330284,0.0,0.0,night_lowlight,night_lowlight,0.0
2019-04-30 13:00:00+00:00,2019-04-30 14:00:00+00:00,0.0,0.0,0.0,0.0,0.4480344951152801,0.0,0.0,0.0,0.1962822824716568,0.0,0.0,0.1731739640235901,0.0598737301413305,0.0,0.0222406257319081,0.1773230731487274,0.0,0.0,night_lowlight,night_lowlight,0.0
2019-04-30 13:15:00+00:00,2019-04-30 14:15:00+00:00,0.0,0.0,0.0,0.0,0.4055396616458893,0.0,0.0,0.0,0.1705338358879089,0.0,0.0,0.2141678184270858,0.0528063599575607,0.0,0.0222406257319081,0.2068462669849395,0.0,0.0,night_lowlight,night_lowlight,0.0
2019-04-30 13:30:00+00:00,2019-04-30 14:30:00+00:00,0.0,0.0,0.0,0.0,0.4953778386116028,0.0,0.0,0.0,0.1086076200008392,0.0,0.0,0.1621651798486709,0.0,0.0,0.0,0.0773519575595855,0.0,0.0,night_lowlight,night_lowlight,0.0
2019-04-30 13:45:00+00:00,2019-04-30 14:45:00+00:00,0.0,0.0,0.0,0.0,0.5067332983016968,0.0,0.0,0.0,0.1724157184362411,0.0,0.0,0.2306030690670013,0.0631286453524532,0.0,0.0,0.1710020005702972,0.0,0.0,night_lowlight,night_lowlight,0.0
2019-04-30 14:00:00+00:00,2019-04-30 15:00:00+00:00,0.0,0.0,0.0,0.0,0.4797276854515075,0.0,0.0,0.0,0.0978117734193801,0.0,0.0,0.2736855149269104,0.0,0.0,0.0,0.1363450437784195,0.0,0.0,night_lowlight,night_lowlight,0.0
2019-04-30 14:15:00+00:00,2019-04-30 15:15:00+00:00,0.0,0.0,0.0,0.0,0.4612500071525574,0.0,0.0,0.0,0.079866923391819,0.0,0.0,0.2769637703895569,0.0,0.0,0.0,0.1181124821305275,0.0,0.0,night_lowlight,night_lowlight,0.0
2019-04-30 14:30:00+00:00,2019-04-30 15:30:00+00:00,0.0,0.0,0.0,0.0,0.4707871377468109,0.0,0.0,0.0,0.0523717142641544,0.0,0.0,0.2370008528232574,0.0,0.0,0.0,0.0818350315093994,0.0,0.0,night_lowlight,night_lowlight,0.0
2019-04-30 14:45:00+00:00,2019-04-30 15:45:00+00:00,0.0,0.0,0.0,0.0,0.4311544597148895,0.0,0.0,0.0,0.0829874873161315,0.0,0.0,0.2831230461597442,0.0460717056105624,0.0266617048245941,0.0,0.1216075867414474,0.0,0.0,night_lowlight,night_lowlight,0.0
2019-04-30 15:00:00+00:00,2019-04-30 16:00:00+00:00,0.0,0.0,0.0,0.0,0.4196410179138183,0.0,0.0,0.0,0.002907043788582,0.0,0.0,0.3742107450962066,0.0,0.0072445647228313,0.0,0.0964898318052291,0.0,0.0,night_lowlight,night_lowlight,0.0
2019-04-30 15:15:00+00:00,2019-04-30 16:15:00+00:00,0.0,0.0,0.0,0.0,0.3409456014633178,0.0,0.0,0.0,0.0131144374608993,0.0,0.0,0.4490026831626892,0.1812373844590448,0.0692602914591922,0.0403086261788474,0.0688755959272384,0.0,0.0,night_lowlight,night_lowlight,0.0
2019-04-30 15:30:00+00:00,2019-04-30 16:30:00+00:00,0.0,0.0,0.0,0.0,0.2929582893848419,0.0,0.0,0.0,0.0648524239659309,0.0,0.0,0.4952599704265594,0.0,0.0072445647228313,0.0,0.0726266950368881,0.0,0.0,night_lowlight,night_lowlight,0.0
2019-04-30 15:45:00+00:00,2019-04-30 16:45:00+00:00,0.0,0.0,0.0,0.0299760494381189,0.3092893958091736,0.0,0.0,0.0,0.1189981698989868,0.0,0.0,0.5270013213157654,0.0,0.0072445647228313,0.0,0.0980948358774185,0.0,0.0,night_lowlight,night_lowlight,0.0
2019-04-30 16:00:00+00:00,2019-04-30 17:00:00+00:00,0.0,0.0,0.0,0.0612645745277404,0.3023346066474914,0.0,0.0,0.0,0.1603176742792129,0.0,0.0,0.5626469850540161,0.1812373844590448,0.0692602914591922,0.1089513491694048,0.1256864964962005,0.0,0.0157098099589347,night_lowlight,night_lowlight,0.0
2019-04-30 16:15:00+00:00,2019-04-30 17:15:00+00:00,0.0,0.0,0.0,0.0859700441360473,0.2951283156871795,0.0,0.0,0.0,0.2009678781032562,0.0,0.0,0.601426899433136,0.0,0.0072445647228313,0.0,0.1654971688985824,0.0,0.0865493044257164,night_lowlight,night_lowlight,0.0
2019-04-30 16:30:00+00:00,2019-04-30 17:30:00+00:00,0.0,0.0,0.0,0.0757907032966613,0.3256026804447174,0.0,0.0,0.0,0.2539961636066437,0.0,0.0,0.645068347454071,0.1785720473730807,0.0692602914591922,0.1089513491694048,0.1950288861989975,0.0,0.1309724450111389,night_lowlight,night_lowlight,0.0
2019-04-30 16:45:00+00:00,2019-04-30 17:45:00+00:00,0.0,0.0,0.0,0.1022808477282524,0.3325330913066864,0.0,0.0,0.0,0.309045672416687,0.0348985604941844,0.0,0.6959995031356812,0.0,0.0072445647228313,0.0,0.2027786076068878,0.0,0.2133449167013168,night_lowlight,night_lowlight,0.0
2019-04-30 17:00:00+00:00,2019-04-30 18:00:00+00:00,0.0,0.0,0.0,0.091218501329422,0.3423859775066376,0.0,0.0,0.0,0.3645006418228149,0.1227789893746376,0.0,0.7514739036560059,0.0,0.0072445647228313,0.0,0.2116172462701797,0.0,0.3084549009799957,night_lowlight,night_lowlight,0.0
2019-04-30 17:15:00+00:00,2019-04-30 18:15:00+00:00,0.0,0.0,0.0,0.0695019215345382,0.3999311327934265,0.0,0.0,0.0,0.4333235025405884,0.2421222180128097,0.0,0.8011594414710999,0.1785720473730807,0.0692602914591922,0.1089513491694048,0.2554847002029419,0.0,0.3627804815769195,night_lowlight,night_lowlight,0.0
2019-04-30 17:30:00+00:00,2019-04-30 18:30:00+00:00,0.0,0.0,0.0,0.0856631696224212,0.4314075410366058,0.0,0.0,0.0,0.5102987289428711,0.3505150079727173,0.0,0.8657752871513367,0.0,0.0692602914591922,0.1089513491694048,0.3056712448596954,0.0,0.4511977434158325,night_lowlight,night_lowlight,0.0
2019-04-30 17:45:00+00:00,2019-04-30 18:45:00+00:00,0.0,0.0,0.0,0.0961015447974205,0.4853509962558746,0.0,0.0,0.0,0.5934098362922668,0.4562894999980926,0.0,0.9306483268737792,0.0,0.0072445647228313,0.0,0.3570214211940765,0.0,0.5206744074821472,night_lowlight,night_lowlight,0.0
2019-04-30 18:00:00+00:00,2019-04-30 19:00:00+00:00,0.0,0.0,0.0,0.1400138288736343,0.4844104945659637,0.0811935067176818,0.0,0.0,0.6825182437896729,0.5102247595787048,0.0,1.0305908918380735,0.0,0.0072445647228313,0.0,0.3769699335098266,0.0,0.6516615152359009,night_lowlight,night_lowlight,0.0
2019-04-30 18:15:00+00:00,2019-04-30 19:15:00+00:00,0.0,0.0,0.0,0.1874234229326248,0.5457651019096375,0.1919965595006942,0.0,0.0,0.7710971236228943,0.6499576568603516,0.0,1.1055549383163452,0.1785720473730807,0.0692602914591922,0.1089513491694048,0.5058442950248718,0.0,0.7187576293945312,night_lowlight,night_lowlight,0.0
2019-04-30 18:30:00+00:00,2019-04-30 19:30:00+00:00,0.0,0.0,0.0,0.3112429976463318,0.5313093066215515,0.3113583028316498,0.0,0.044671181589365,0.858712911605835,0.6997495293617249,0.0,1.2013916969299316,0.0,0.0072445647228313,0.0,0.6044610738754272,0.0527951531112194,0.8579308390617371,night_lowlight,night_lowlight,0.0
2019-04-30 18:45:00+00:00,2019-04-30 19:45:00+00:00,0.0,0.0,0.0,0.4785015881061554,0.4984281957149505,0.4322713911533355,0.0,0.1788381338119506,0.9146343469619752,0.8522905111312866,0.0,1.2877005338668823,0.0,0.0072445647228313,0.0,0.7220540046691895,0.1865865886211395,0.9744018912315368,night_lowlight,night_lowlight,0.0
2019-04-30 19:00:00+00:00,2019-04-30 20:00:00+00:00,0.0,0.0,0.0,0.4415929615497589,0.721767246723175,0.6964909434318542,0.0,0.3005174696445465,1.0353474617004397,0.956394612789154,0.0,1.3581372499465942,0.0,0.0072445647228313,0.0,0.7843939661979675,0.1787060797214508,0.943922758102417,night_lowlight,night_lowlight,0.0
2019-04-30 19:15:00+00:00,2019-04-30 20:15:00+00:00,0.0,0.0,0.0,0.740425169467926,0.5830449461936951,0.7990314364433289,0.0,0.3770132660865783,1.0834429264068604,0.9889897704124452,0.101721353828907,1.4510259628295898,0.0,0.0072445647228313,0.0,0.9034233689308168,0.3068330883979797,1.15530526638031,night_lowlight,night_lowlight,0.0
2019-04-30 19:30:00+00:00,2019-04-30 20:30:00+00:00,0.0,0.0,0.0,0.7010433673858643,0.6626501083374023,0.9377780556678772,0.0,0.4237982928752899,1.2461163997650146,1.070434808731079,0.1556981950998306,1.560688853263855,0.0,0.0072445647228313,0.0,1.0434871912002563,0.3544553518295288,1.2388941049575806,night_lowlight,night_lowlight,0.0
2019-04-30 19:45:00+00:00,2019-04-30 20:45:00+00:00,0.0,0.0,0.0,0.8538463711738586,0.7112754583358765,1.0925586223602295,0.0,0.565385103225708,1.368163824081421,1.2043936252593994,0.2946009337902069,1.6493748426437378,0.0,0.0072445647228313,0.0,1.210781216621399,0.4436248242855072,1.3867788314819336,night_lowlight,night_lowlight,0.0
2019-04-30 20:00:00+00:00,2019-04-30 21:00:00+00:00,0.0,0.0,0.0,1.0096664428710938,0.7106068134307861,1.2181881666183472,0.0,0.5536607503890991,1.441609025001526,1.2623449563980105,0.3252146244049072,1.78344988822937,0.0,0.0072445647228313,0.0,1.3169291019439695,0.5087305903434753,1.591623067855835,night_lowlight,night_lowlight,0.0
2019-04-30 20:15:00+00:00,2019-04-30 21:15:00+00:00,0.0,0.0,0.0,1.2418931722640991,0.8860136270523071,1.4416831731796265,0.23448047041893,0.7760200500488281,1.5467958450317385,1.4356344938278198,0.5329411029815674,1.8836112022399905,0.0,0.0072445647228313,0.0,1.4681469202041626,0.6521011590957642,1.729572057723999,night_lowlight,night_lowlight,0.0
2019-04-30 20:30:00+00:00,2019-04-30 21:30:00+00:00,0.002239,3.0,0.0,1.3716779947280884,1.0090450048446655,1.6216434240341189,0.3304005563259125,0.872442364692688,1.6869826316833496,1.542872667312622,0.6373739838600159,1.9911004304885864,0.0,0.0072445647228313,0.0,1.607591152191162,0.7439318895339966,1.847785234451294,night_lowlight,night_lowlight,0.002239
2019-04-30 20:45:00+00:00,2019-04-30 21:45:00+00:00,0.384549,20.0,0.0,1.5126783847808838,1.2345333099365234,1.8700861930847168,0.5614336133003235,1.084233641624451,1.8320623636245728,1.7577383518218994,0.842305600643158,2.031226873397827,0.0,0.0072445647228313,0.0,1.6548645496368408,0.7331392765045166,1.8279969692230225,night_lowlight,night_lowlight,0.384549
2019-04-30 21:00:00+00:00,2019-04-30 22:00:00+00:00,0.6461600000000001,41.0,0.0,1.9485899209976196,1.376089096069336,2.0126395225524902,0.5981764197349548,1.1805317401885986,1.893022537231445,1.7373414039611816,0.97941654920578,2.181056499481201,0.0,0.0607291625139247,0.0737058625299877,1.7690788507461548,0.908866286277771,2.044600009918213,day_low,day_stable,0.6461600000000001
2019-04-30 21:15:00+00:00,2019-04-30 22:15:00+00:00,0.7502850000000001,62.0,0.0,2.0033652782440186,1.4855848550796509,2.1945109367370605,0.6652315258979797,1.2194300889968872,2.0376930236816406,1.8033697605133057,1.048639893531799,2.2870798110961914,0.5249497418383404,0.2803834413677211,0.4621585475238559,1.869907021522522,0.9872878193855286,2.130965232849121,day_low,day_stable,0.7502850000000001
2019-04-30 21:30:00+00:00,2019-04-30 22:30:00+00:00,0.742643,106.0,0.002239,2.303307305969238,1.779696356452942,2.425466548599243,0.953826975025177,1.455888640083313,2.134342443145752,1.9757812134399415,1.2951551787033082,2.3518102280273436,0.4092677259883878,0.3005843436899741,0.3902196600554219,1.9056578985824584,1.0978720299377442,2.167618285812378,day_low,day_stable,0.7404040000000001
2019-04-30 21:45:00+00:00,2019-04-30 22:45:00+00:00,0.839357,148.0,0.384549,3.316012241577148,2.472948171829223,3.3845926305999754,1.666025378440857,2.058765628074646,2.705702163909912,2.537374355529785,1.8634807846298216,2.8617096922149656,1.4638779929433274,0.8830996911366104,1.616808910135411,2.3366657278289793,1.5887719175567627,2.637768366073608,day_low,day_stable,0.45480800000000005
2019-04-30 22:00:00+00:00,2019-04-30 23:00:00+00:00,0.823061,178.0,0.6461600000000001,4.255719535980225,2.9901949102020264,4.315644853744507,2.292625063095093,2.65610348526001,3.3135048085784913,3.0655780965423585,2.3324025804138184,3.3112076455688477,3.5178028869472584,3.236132153435115,3.5079890665576823,2.844515197906494,2.1798659497833253,3.242158525619507,day_low,day_stable,0.17690099999999997
2019-04-30 22:15:00+00:00,2019-04-30 23:15:00+00:00,0.941938,269.0,0.7502850000000001,4.865069717559814,3.3762143556213378,5.050545066986084,2.7467689220046996,3.0040450994110106,3.7519796792602538,3.4377048913574217,2.5800511542892455,3.6466210786437983,4.181723377167288,4.274979718830061,4.01774780664314,3.166833490524292,2.49178513923645,3.5600775186157225,day_low,day_stable,0.19165299999999996
2019-04-30 22:30:00+00:00,2019-04-30 23:30:00+00:00,1.025828,346.0,0.742643,5.576145769470215,3.698061586730957,5.753705622070313,3.1840919269256593,3.3297108424835207,3.998262049072266,3.6979137672119142,2.84914672505188,3.8358494056396486,7.228928811674975,6.842577365565939,6.58185104914749,3.3848832858734133,2.7754288924865724,3.8205031169586183,day_medium,day_stable,0.2831849999999999
2019-04-30 22:45:00+00:00,2019-04-30 23:45:00+00:00,1.065805,357.0,0.839357,6.2895260864562985,4.224558215744018,6.752054792053222,3.778622489578247,3.789427381164551,4.335343938476562,4.072765212661743,3.300664764053345,4.107857804901123,8.02161560140782,7.567053701423115,8.357906743040186,3.6564382129974367,3.1893967205352785,4.148387771255493,day_medium,day_stable,0.22644799999999987
2019-04-30 23:00:00+00:00,2019-05-01 00:00:00+00:00,1.187895,481.0,0.823061,6.806062232147217,4.500044118057251,7.35518933404541,4.366618167053223,4.092992554794312,4.662960778366089,4.36259056199646,3.713854085098266,4.378941784988403,9.099682658472991,9.562865816464663,10.674803723544825,3.902138959060669,3.4298026667938233,4.416340361724854,day_medium,day_stable,0.3648339999999999
2019-04-30 23:15:00+00:00,2019-05-01 00:15:00+00:00,0.940188,532.0,0.941938,7.574151115692139,5.087973671234131,8.158516960418702,5.014561252868653,4.5787320902709965,5.070452766693116,4.757071094787598,4.287411527908326,4.761812286651612,12.923358001454318,12.368031647723605,13.562051104198076,4.251744823730469,3.84043915776062,4.830989914215088,day_medium,day_stable,-0.0017500000000000293
2019-04-30 23:30:00+00:00,2019-05-01 00:30:00+00:00,1.310285,568.0,1.025828,8.149390335968018,5.558582898071289,8.628140088012696,5.483765240600586,4.902392502716064,5.41233980267334,5.076241608551025,4.740943070343017,5.0813928803710935,12.68617396381988,12.369927070005172,13.872818331614791,4.520502205780029,4.157417412689209,5.157729741027832,day_medium,day_stable,0.28445699999999996
2019-04-30 23:45:00+00:00,2019-05-01 00:45:00+00:00,1.390211,658.0,1.065805,8.560803455047607,5.985338729553223,8.918852847747802,5.786730331115723,5.185956996612549,5.548343223266602,5.256274264984131,5.072210830383301,5.226530116729736,13.592099752096711,13.182448141233504,13.914703392156747,4.652055066757202,4.4191947399902345,5.389098209075928,day_medium,day_stable,0.3244060000000002
2019-05-01 00:00:00+00:00,2019-05-01 01:00:00+00:00,0.976937,671.0,1.187895,8.867665946502685,6.451692283172608,9.160495936889648,6.074034392852783,5.490189254302979,5.799263656158447,5.541485488433838,5.535307109375,5.54035443069458,17.23680630581321,17.019919841381032,17.032211095215864,4.847324788589478,4.692118823547363,5.822627723236084,day_medium,day_stable,-0.21095799999999987
2019-05-01 00:15:00+00:00,2019-05-01 01:15:00+00:00,1.091535,564.0,0.940188,8.97443635205078,6.589529106414795,9.140737125671386,5.8368731234436035,5.365184376037598,5.547785351074219,5.440711090362549,5.5100155566101074,5.362334320343018,19.05554123861121,16.97394036981373,16.169587947265406,4.574436971939087,4.575085232055664,5.714364597595215,day_medium,day_stable,0.1513469999999999
2019-05-01 00:30:00+00:00,2019-05-01 01:30:00+00:00,18.88731,774.0,1.310285,9.501321224365237,7.11998024383545,9.621862796936036,6.049504665527344,5.775257972869873,5.996635345611573,5.913677601013184,5.997884658966065,5.805916217956543,20.00369160357168,20.7322894913262,18.287688240625627,4.8649095574951176,4.93170252243042,6.141935257110596,day_high,day_ramp_up,17.577025
2019-05-01 00:45:00+00:00,2019-05-01 01:45:00+00:00,21.099751,821.0,1.390211,9.569560899291991,7.2885559935913085,9.657654656921387,5.905394448791504,5.813675775085449,6.099408998046875,6.052024735961914,6.147825612579346,5.91533364251709,20.95507960362433,21.438548187208298,19.115377389120297,4.922801627670288,5.024657382522583,6.348916902099609,day_high,day_ramp_up,19.70954
2019-05-01 01:00:00+00:00,2019-05-01 02:00:00+00:00,22.26613,871.0,0.976937,9.27147645159912,6.9042632023925785,9.167737666809082,5.459609691345215,5.232205573760987,5.493458453857422,5.6852995793457035,5.889767829620362,5.370030585968018,22.60427239446262,22.85444773513525,22.94346318717968,4.658054057800293,4.663621846878052,6.149040881835938,day_high,day_ramp_up,21.289193
2019-05-01 01:15:00+00:00,2019-05-01 02:15:00+00:00,21.72888,907.0,1.091535,9.5914186517334,6.923795608673096,9.28514137664795,5.42629423538208,5.105861572418213,5.342886356506348,5.727803615722657,5.9625209848022465,5.298647312316895,22.59737728828427,23.5447897687845,24.395989793819915,4.760542778167725,4.683243660125733,6.255962280426026,day_high,day_ramp_up,20.637345
2019-05-01 01:30:00+00:00,2019-05-01 02:30:00+00:00,23.30081,939.0,18.88731,26.32069108062744,24.83596083694458,26.03318116241455,22.39646265083313,22.21854230934143,22.652826519546508,23.51612278991699,23.3999151902771,22.941569300231933,25.1575989832713,24.621405737225533,27.285051540525032,22.158214302597045,22.136856527862548,24.20928093963623,day_high,day_stable,4.413499999999999
2019-05-01 01:45:00+00:00,2019-05-01 02:45:00+00:00,23.948311,971.0,21.099751,27.609630589080812,26.77238274057007,27.264454845977784,23.629105572296144,23.59387588937378,24.101652626586915,25.38038015802002,25.104179386688234,24.85238624055481,28.434056904523576,24.766136082811904,28.3748650169877,23.92658925492859,24.00450230081177,26.41621828515625,day_high,day_stable,2.848559999999999
2019-05-01 02:00:00+00:00,2019-05-01 03:00:00+00:00,24.51181,1007.0,22.26613,28.173235922698975,27.48134282196045,27.4294019039917,24.024605184440613,23.741059451942444,24.263016014938355,25.72991517150879,25.35145428741455,25.18806841934204,28.932872028019272,31.19345785740676,30.416762180584723,23.75848737323761,24.738787918930058,27.05712464416504,day_high,day_stable,2.24568
2019-05-01 02:15:00+00:00,2019-05-01 03:15:00+00:00,25.086691,1038.0,21.72888,26.97052390563965,26.342374873046875,26.097718787078858,22.73392171848297,22.405188631896973,22.86150474536896,24.45639021385193,23.94822485435486,23.79464943397522,30.39324400697274,31.49030424433686,30.799572197443936,22.217393231277462,23.88619906890869,26.03809173095703,day_high,day_stable,3.357810999999998
2019-05-01 02:30:00+00:00,2019-05-01 03:30:00+00:00,25.362748999999997,1058.0,23.30081,27.6834947076416,27.28762044578552,26.80550613075256,23.491972824630736,23.459852969346045,23.721885850725172,25.3161851373291,24.818620106277464,24.649042626914976,27.941005583568803,30.97242576308378,30.356784870005608,22.99625705748558,25.165418645439143,27.114215275344847,day_high,day_stable,2.061938999999999
2019-05-01 02:45:00+00:00,2019-05-01 03:45:00+00:00,25.478251,1063.0,23.948311,27.8263091136322,27.294411091934204,26.49499192727661,23.40091875089264,23.43560007108307,23.55350151551819,25.20721152318573,24.843338458667755,24.43781718505478,27.182377775750005,30.387837308592555,30.03894649971184,22.63237181199646,25.463793664108277,26.979418902526856,day_high,day_stable,1.5299399999999999
2019-05-01 03:00:00+00:00,2019-05-01 04:00:00+00:00,25.413059,1070.0,24.51181,27.655970509109498,27.12141555076599,26.11037367111206,23.381217176971436,23.348322446403504,23.28310304409027,24.917641158161164,24.741452763733864,24.011760885772706,28.02608814002596,30.66677736309109,30.64855484570669,22.06105988746643,25.537156279144288,26.333411271629338,day_high,day_stable,0.901249
2019-05-01 03:15:00+00:00,2019-05-01 04:15:00+00:00,25.81731,1073.0,25.086691,27.507415630355833,26.743884064689635,25.932815827861784,23.233882643714903,23.50590942098236,23.165289499298098,24.609630294576643,24.7499654371891,23.680309154525755,28.280146478905188,31.044045751741542,30.669870237956225,21.907505132690428,25.713360645309447,26.161525823608397,day_high,day_stable,0.7306190000000008
2019-05-01 03:30:00+00:00,2019-05-01 04:30:00+00:00,26.14106,1081.0,25.362748999999997,27.074564834045407,26.30555309812927,25.501700718807214,22.94264640371704,23.47489656965637,22.85998072187805,24.229685087608335,24.53902592222595,23.207850833343503,28.047648179169204,30.623673129479243,30.214439608959893,21.663032432006833,25.74736749093437,25.952938695358274,day_high,day_stable,0.7783110000000022
2019-05-01 03:45:00+00:00,2019-05-01 04:45:00+00:00,25.46644,1066.0,25.478251,26.47394110734558,25.688598667336464,25.0101076262722,22.374593277526856,23.27331401879883,22.472632427764893,23.42933036859131,23.96856512601471,22.687629004074097,27.50564795782697,30.18014238448167,30.07181776972409,21.22636987741089,25.623410408450127,25.417509936792612,day_high,day_stable,-0.01181100000000157
2019-05-01 04:00:00+00:00,2019-05-01 05:00:00+00:00,25.851,1041.0,25.413059,26.008018259033204,24.767714623435975,24.35182798288727,22.147467617019657,22.846197370513917,21.775510791763303,22.7495064773407,23.81964242838287,21.752501491531373,27.238366699426205,29.773017801852525,29.388362197564977,20.79607272528076,25.124645385965348,24.422590021118165,day_high,day_stable,0.4379409999999986
2019-05-01 04:15:00+00:00,2019-05-01 05:15:00+00:00,25.52725,1016.0,25.81731,25.80831043531507,24.17591753059387,23.853727603492736,21.762448931274413,22.69776883178711,21.476380014953612,22.020525837478637,23.38329687171936,21.308479452667235,27.166784181026586,29.45650380285948,29.35352847969135,20.51838889175415,24.937694454727172,23.55637421661377,day_high,day_stable,-0.29006000000000043
2019-05-01 04:30:00+00:00,2019-05-01 05:30:00+00:00,25.99494,870.0,26.14106,25.12459612422943,23.779798870620727,23.19103181892395,21.700026159820556,22.160513287124633,21.1028257661438,21.870737200317382,22.918455963668823,20.702452784118652,27.643536106471505,29.506811482928523,29.744743384307828,20.422038679656985,24.510868316230773,22.889303808746337,day_high,day_stable,-0.1461199999999998
2019-05-01 04:45:00+00:00,2019-05-01 05:45:00+00:00,29.92588,956.0,25.46644,23.619526900711055,22.27292398399353,21.7986035723114,20.2454607862854,21.102525510253905,19.87325791305542,20.449529447021483,21.718908585968016,19.38863591140747,28.33200733904383,29.744554625269647,29.69059211851723,19.505701817932128,23.33446077293396,21.547241248550417,day_high,day_stable,4.459440000000001
2019-05-01 05:00:00+00:00,2019-05-01 06:00:00+00:00,28.22488,896.0,25.851,23.380634475708007,22.202034879684447,21.567113090515136,20.71956937408447,21.10363261795044,19.863028217315673,20.628998447418212,21.64565389251709,19.276511837005614,28.727657946448044,29.591125047122716,29.2805898513201,19.63291804885864,23.002898860931396,21.257736850738524,day_high,day_stable,2.3738799999999998
2019-05-01 05:15:00+00:00,2019-05-01 06:15:00+00:00,24.578751,622.0,25.52725,22.224255748748774,21.344215103149413,20.540381141662596,20.103072353363036,20.224424549102785,19.083350845336913,19.787796207427977,20.59432620620727,18.46346492385864,26.562324577065556,27.227274212521813,28.18797301947141,19.01594323730469,21.50055045700073,20.1571328125,day_medium,day_stable,-0.9484989999999982
2019-05-01 05:30:00+00:00,2019-05-01 06:30:00+00:00,28.235809000000003,826.0,25.99494,22.05867381614685,21.255341725769043,20.50971289199829,20.035399632873535,20.69803257507324,19.356128888549804,19.581073003234863,20.610482888641357,18.7789394430542,24.195976979546003,25.482052383802976,25.797653680089503,19.303012090148925,21.434537606658935,20.327900605621338,day_high,day_stable,2.2408690000000036
2019-05-01 05:45:00+00:00,2019-05-01 06:45:00+00:00,26.286751,776.0,29.92588,25.46467642486572,24.76251034439087,23.972078844909667,23.76212029159546,24.46505074203491,23.021113917236327,23.218314215545657,24.256750151519775,22.473788306121826,24.70673790108252,25.104054409876937,24.63382440619308,23.122926756744384,24.780371233825683,23.993237063293456,day_high,day_stable,-3.6391290000000005
2019-05-01 06:00:00+00:00,2019-05-01 07:00:00+00:00,24.946251,731.0,28.22488,22.564111491088862,22.630976935272216,21.688137789611815,22.124080439453124,22.579625864868163,21.20570113265991,21.641114970092772,22.41450240219116,20.631720324401854,24.54849530265237,25.553352096037372,24.849032594498517,21.373492976074218,22.896325846557616,22.143656035308837,day_high,day_stable,-3.2786289999999987
2019-05-01 06:15:00+00:00,2019-05-01 07:15:00+00:00,21.269939,657.0,24.578751,19.480353268218995,18.862950714660645,18.057000073028565,18.898119839263916,19.04022732598877,17.579707058502198,18.29860440118408,18.9432906232605,17.067604931427002,19.580922173871972,20.088455339916877,20.18098270094189,17.8487066350708,19.398216160369874,18.6202344022522,day_medium,day_stable,-3.3088119999999996
2019-05-01 06:30:00+00:00,2019-05-01 07:30:00+00:00,22.441999,653.0,28.235809000000003,22.24489322470093,22.24978128240967,21.21728196905518,21.868610055908206,22.635594041809085,21.132882745727542,21.32759872244263,22.127927453979495,20.65242257879639,22.188476496219742,21.012847189793277,20.990096147625263,21.220903547271732,22.77928844259644,22.11407628820801,day_medium,day_stable,-5.793810000000004
2019-05-01 06:45:00+00:00,2019-05-01 07:45:00+00:00,20.394939,587.0,26.286751,19.80951139123535,20.50751992852783,19.04961272866821,20.233823505950927,20.50392982156372,19.023144451690673,19.73516294152832,20.05522319467163,18.54290982873535,19.646975475502582,18.602122212441333,18.374198043708244,19.312347141815184,20.669403759552,20.11982175500488,day_medium,day_stable,-5.891811999999998
2019-05-01 07:00:00+00:00,2019-05-01 08:00:00+00:00,18.631809,529.0,24.946251,18.225050057006836,18.679258907867432,17.297292316986084,18.068129147125244,18.89977177484131,17.535276974273682,17.513566578460694,18.26886471612549,17.11893280847168,18.583323969635337,18.23172414677768,18.216933024642717,17.867806519104004,19.198422516418457,18.61392029626465,day_medium,day_stable,-6.314442
2019-05-01 07:15:00+00:00,2019-05-01 08:15:00+00:00,16.983310999999997,479.0,21.269939,14.25811439215088,14.789827401031497,13.383662754882812,14.37175660787964,15.025080735076903,13.762708718170169,13.814262444366456,14.567425782073975,13.39873367010498,14.719450129104809,15.053042800572,15.105213456275044,14.27514081655884,15.482117707122804,14.837845379699708,day_medium,day_stable,-4.286628000000004
2019-05-01 07:30:00+00:00,2019-05-01 08:30:00+00:00,14.63919,409.0,22.441999,14.70652012197876,15.744632762359618,14.190891784118651,15.15400270788574,16.11406521170044,14.83223347036743,14.66539005606079,15.56698040335083,14.534577887939452,13.876758072297092,13.4516150279333,13.376075291973056,15.382185023712156,16.59440044729614,15.932561915802,day_medium,day_stable,-7.802809
2019-05-01 07:45:00+00:00,2019-05-01 08:45:00+00:00,12.93119,348.0,20.394939,12.426013047088624,14.20305257498169,12.49556499182129,13.665590817321778,14.323797280181886,12.864257866729735,13.188636834014892,13.786803776611327,12.641056115020753,11.871013105207233,12.51524833292785,11.63318164740134,13.527976090301514,14.898413712371829,14.269922787536622,day_medium,day_stable,-7.463749
2019-05-01 08:00:00+00:00,2019-05-01 09:00:00+00:00,10.68966,276.0,18.631809,10.850403551086426,12.373851064666749,10.81714654348755,11.616101030334471,12.53197932623291,11.151246789916993,11.125958208068848,12.060063127502442,11.01043439291382,9.172668249541411,8.882120310509341,8.44695087368886,11.801866773590088,13.198538545593262,12.636146787628174,day_low,day_stable,-7.942149000000001
2019-05-01 08:15:00+00:00,2019-05-01 09:15:00+00:00,8.457313000000001,212.0,16.983310999999997,9.144927325378417,10.856782260070798,9.21584636224365,10.00050050271606,10.856040778289792,9.5787585402832,9.596552672515866,10.448475661407468,9.494729342590327,9.484982798467671,9.123841212779425,9.501373096008969,10.217561545501706,11.62820226205444,11.117327036987302,day_low,day_ramp_down,-8.525997999999996
2019-05-01 08:30:00+00:00,2019-05-01 09:30:00+00:00,6.309844,166.0,14.63919,6.932153504791259,8.63258723587036,7.0303976950073235,7.633569520416259,8.589859765472411,7.354820054473876,7.243681233825683,8.250202458801269,7.345513623657226,5.805023635769483,5.435637298503916,6.195616023855042,7.954461377563476,9.408772748413083,8.970890325012206,day_low,day_stable,-8.329346
2019-05-01 08:45:00+00:00,2019-05-01 09:45:00+00:00,4.371938,105.0,12.93119,5.364483819427491,7.450560079040528,5.690843568267823,6.453423963012696,7.050024972381593,5.7933812002563485,6.101799951019288,6.858794198455811,5.864374146881104,3.6073232814118814,4.192350920238063,4.244552697390061,6.44362543624878,7.911145673217774,7.478854642333985,day_low,day_ramp_down,-8.559252
2019-05-01 09:00:00+00:00,2019-05-01 10:00:00+00:00,2.800766,74.0,10.68966,3.861326622161865,5.488548683319092,3.970757412109375,4.327042984161377,5.12251608291626,3.9480752221679687,3.960353778991699,5.052695678863525,4.137938903961182,3.0745121449422914,2.201179932002466,2.336768848831512,4.583937572631836,6.13495914855957,5.686570572052002,day_low,day_stable,-7.8888940000000005
2019-05-01 09:15:00+00:00,2019-05-01 10:15:00+00:00,1.721234,62.0,8.457313000000001,2.4779819834594736,3.781439720428468,2.462416111267091,2.580080448425294,3.2134503710632334,2.129640995300294,2.267359672821046,3.254481731689454,2.3789667475585947,1.924977130816237,1.092856415748349,1.114570188641339,2.676377712524415,4.302221237457276,3.774516998565675,day_low,day_stable,-6.736079000000001
2019-05-01 09:30:00+00:00,2019-05-01 10:30:00+00:00,0.923672,32.0,6.309844,1.103012067932129,2.3731522389831543,1.1767744847717283,1.090692503112793,1.508830530303955,0.5104837247314453,0.7183103391113281,1.6350126096191406,0.8360113927307129,1.069926951441048,0.910921347600607,0.8176347433160455,1.0663289853515625,2.821828825134278,2.136001569885254,day_low,day_stable,-5.386172
2019-05-01 09:45:00+00:00,2019-05-01 10:45:00+00:00,0.564006,17.0,4.371938,0.0,1.328774462020874,0.3436701395874024,0.0280974009399415,0.2165334322814942,0.0,0.0,0.3814506628875733,0.0,0.4765633248035354,0.2934587995492619,0.4029745473062018,0.0,1.4479837515716554,0.8180153468017579,night_lowlight,night_lowlight,-3.807932
2019-05-01 10:00:00+00:00,2019-05-01 11:00:00+00:00,0.213073,5.0,2.800766,0.0,0.6477377502593993,0.0,0.0,0.0,0.0,0.0,0.2244813530120848,0.0,0.0,0.3056175831246169,0.2792257395242586,0.0,0.4074375717315672,0.3670704452667235,night_lowlight,night_lowlight,-2.587693
2019-05-01 10:15:00+00:00,2019-05-01 11:15:00+00:00,0.0,0.0,1.721234,0.0,0.40404752519989,0.0,0.0,0.0,0.0,0.0,0.0,0.0,0.0,0.1888794437672531,0.1385539670630658,0.0,0.0,0.0,night_lowlight,night_lowlight,-1.721234
2019-05-01 10:30:00+00:00,2019-05-01 11:30:00+00:00,0.0,0.0,0.923672,0.0,0.2702052388877869,0.0,0.0,0.0,0.0,0.0,0.0,0.0,0.0,0.0778327318429558,0.1302465303623197,0.0,0.0,0.0,night_lowlight,night_lowlight,-0.923672
2019-05-01 10:45:00+00:00,2019-05-01 11:45:00+00:00,0.0,0.0,0.564006,0.0,0.4608987338719368,0.0,0.0,0.0,0.0,0.0,0.0,0.0,0.0,0.1106740739900203,0.0151513861997618,0.0,0.0,0.0,night_lowlight,night_lowlight,-0.564006
2019-05-01 11:00:00+00:00,2019-05-01 12:00:00+00:00,0.0,0.0,0.213073,0.0,0.4157099720697403,0.0,0.0,0.0,0.0,0.0,0.0,0.0,0.0971796995925449,0.0775777767331092,0.1485596602871651,0.0,0.0,0.0,night_lowlight,night_lowlight,-0.213073
2019-05-01 11:15:00+00:00,2019-05-01 12:15:00+00:00,0.0,0.0,0.0,0.0,0.3649730682373047,0.0,0.0,0.0,0.0,0.0,0.0,0.048351626843214,0.0443956625424943,0.0307832327528167,0.0391952907480024,0.0,0.0,0.0,night_lowlight,night_lowlight,0.0
2019-05-01 11:30:00+00:00,2019-05-01 12:30:00+00:00,0.0,0.0,0.0,0.0,0.461138904094696,0.0,0.0,0.0142725631594657,0.0,0.0,0.0,0.2581146359443664,0.1137685269146373,0.0307832327528167,0.0391952907480024,0.0,0.0,0.0,night_lowlight,night_lowlight,0.0
2019-05-01 11:45:00+00:00,2019-05-01 12:45:00+00:00,0.0,0.0,0.0,0.0,0.5312145352363586,0.0,0.0,0.0227541625499725,0.0,0.0,0.0,0.4153672158718109,0.0598737301413305,0.0307832327528167,0.0391952907480024,0.0,0.0,0.0,night_lowlight,night_lowlight,0.0
2019-05-01 12:00:00+00:00,2019-05-01 13:00:00+00:00,0.0,0.0,0.0,0.0,0.5450085997581482,0.0,0.0,0.0,0.0,0.0,0.0,0.7353410720825195,0.062092341582171,0.0425603419203951,0.0624693131169762,0.0,0.0,0.0,night_lowlight,night_lowlight,0.0
2019-05-01 12:15:00+00:00,2019-05-01 13:15:00+00:00,0.0,0.0,0.0,0.0,0.5861613154411316,0.0,0.0,0.0,0.126345694065094,0.0,0.0,0.8342505097389221,0.0504420878406148,0.0307832327528167,0.0488047977810618,0.0,0.0,0.0,night_lowlight,night_lowlight,0.0
2019-05-01 12:30:00+00:00,2019-05-01 13:30:00+00:00,0.0,0.0,0.0,0.0,0.6471922397613525,0.0,0.0,0.059979360550642,0.2732482552528381,0.0,0.0,0.8648297786712646,0.0629286544373586,0.0307832327528167,0.0488047977810618,0.0,0.0,0.0,night_lowlight,night_lowlight,0.0
2019-05-01 12:45:00+00:00,2019-05-01 13:45:00+00:00,0.0,0.0,0.0,0.0,0.6814079880714417,0.0,0.0,0.1163150817155838,0.3401724398136139,0.0,0.0,0.8853950500488281,0.0629286544373586,0.0307832327528167,0.0488047977810618,0.0,0.0,0.0,night_lowlight,night_lowlight,0.0
2019-05-01 13:00:00+00:00,2019-05-01 14:00:00+00:00,0.0,0.0,0.0,0.0,0.6588035225868225,0.0,0.0,0.0913871675729751,0.3830644190311432,0.0,0.0336808115243911,0.8465160727500916,0.0504420878406148,0.0295151296772736,0.0488047977810618,0.0,0.0,0.0,night_lowlight,night_lowlight,0.0
2019-05-01 13:15:00+00:00,2019-05-01 14:15:00+00:00,0.0,0.0,0.0,0.0,0.6385942101478577,0.0,0.0,0.0393765531480312,0.4269936680793762,0.0,0.0355064533650875,0.854607343673706,0.0550249713984012,0.0466635272777046,0.0624693131169762,0.0,0.0,0.0,night_lowlight,night_lowlight,0.0
2019-05-01 13:30:00+00:00,2019-05-01 14:30:00+00:00,0.0,0.0,0.0,0.0,0.6865972280502319,0.0,0.0,0.0,0.6255393624305725,0.230445846915245,0.0,0.9724333882331848,0.0,0.0,0.0,0.0,0.0,0.0,night_lowlight,night_lowlight,0.0
2019-05-01 13:45:00+00:00,2019-05-01 14:45:00+00:00,0.0,0.0,0.0,0.0,0.5232598781585693,0.0,0.0,0.0,0.670840322971344,0.2401371598243713,0.0,1.0598571300506592,0.0,0.0,0.0,0.0,0.0,0.0,night_lowlight,night_lowlight,0.0
2019-05-01 14:00:00+00:00,2019-05-01 15:00:00+00:00,0.0,0.0,0.0,0.0,0.5391533970832825,0.0,0.0,0.0,0.5953118205070496,0.33885657787323,0.0,0.9062356352806092,0.0,0.0,0.0,0.0,0.0,0.0,night_lowlight,night_lowlight,0.0
2019-05-01 14:15:00+00:00,2019-05-01 15:15:00+00:00,0.0,0.0,0.0,0.0,0.4458809196949005,0.0,0.0,0.0,0.6018779277801514,0.2937292754650116,0.0,0.9258217811584472,0.0,0.0,0.0,0.0,0.0,0.0,night_lowlight,night_lowlight,0.0
2019-05-01 14:30:00+00:00,2019-05-01 15:30:00+00:00,0.0,0.0,0.0,0.0135695226490497,0.4148948490619659,0.0,0.0,0.0,0.6158749461174011,0.2881706357002258,0.0,0.939592182636261,0.0069441836514522,0.0,0.0,0.0,0.0,0.0,night_lowlight,night_lowlight,0.0
2019-05-01 14:45:00+00:00,2019-05-01 15:45:00+00:00,0.0,0.0,0.0,0.0475081168115139,0.4486334025859833,0.0,0.0,0.0,0.6117241382598877,0.3265986442565918,0.0,0.9028980135917664,0.0,0.0,0.0,0.0,0.0,0.0,night_lowlight,night_lowlight,0.0
2019-05-01 15:00:00+00:00,2019-05-01 16:00:00+00:00,0.0,0.0,0.0,0.1067985966801643,0.4972926676273346,0.0,0.0,0.0,0.4838487207889557,0.3426232933998108,0.0,0.9714820981025696,0.0,0.0,0.0,0.0,0.0,0.0,night_lowlight,night_lowlight,0.0
2019-05-01 15:15:00+00:00,2019-05-01 16:15:00+00:00,0.0,0.0,0.0,0.1379248350858688,0.5773104429244995,0.0,0.0,0.0373174324631691,0.2943480908870697,0.3533342778682709,0.0,0.767280638217926,0.0,0.0,0.0,0.0,0.0,0.0,night_lowlight,night_lowlight,0.0
2019-05-01 15:30:00+00:00,2019-05-01 16:30:00+00:00,0.0,0.0,0.0,0.2130857110023498,0.6034760475158691,0.0,0.0,0.0053872019052505,0.3287611007690429,0.335249662399292,0.0,0.7837159037590027,0.0,0.0,0.0,0.0,0.0,0.0,night_lowlight,night_lowlight,0.0
2019-05-01 15:45:00+00:00,2019-05-01 16:45:00+00:00,0.0,0.0,0.0,0.2606568932533264,0.505477249622345,0.0,0.0,0.0,0.411657840013504,0.3073388338088989,0.0,0.9069228172302246,0.0,0.0082136462389012,0.0,0.0,0.0,0.0,night_lowlight,night_lowlight,0.0
2019-05-01 16:00:00+00:00,2019-05-01 17:00:00+00:00,0.0,0.0,0.0,0.2752578258514404,0.3787223696708679,0.0,0.0,0.0,0.4605605900287628,0.2652641534805298,0.0,1.0417388677597046,0.0,0.0082136462389012,0.0,0.0,0.0,0.0,night_lowlight,night_lowlight,0.0
2019-05-01 16:15:00+00:00,2019-05-01 17:15:00+00:00,0.0,0.0,0.0,0.2856246531009674,0.3480180501937866,0.0,0.0,0.0,0.464281290769577,0.3537156581878662,0.0,1.103184938430786,0.0,0.0082136462389012,0.0,0.0,0.0,0.0573074221611022,night_lowlight,night_lowlight,0.0
2019-05-01 16:30:00+00:00,2019-05-01 17:30:00+00:00,0.0,0.0,0.0,0.2610096931457519,0.3504355549812317,0.0,0.0,0.0,0.5183296203613281,0.3762007057666778,0.0,1.1744370460510254,0.0,0.0323771608887059,0.0,0.0,0.0,0.1658580005168914,night_lowlight,night_lowlight,0.0
2019-05-01 16:45:00+00:00,2019-05-01 17:45:00+00:00,0.0,0.0,0.0,0.2426792979240417,0.3637956380844116,0.0,0.0,0.0,0.5890020132064819,0.441238671541214,0.0,1.2341054677963257,0.0,0.0323771608887059,0.0,0.0,0.0,0.245540902018547,night_lowlight,night_lowlight,0.0
2019-05-01 17:00:00+00:00,2019-05-01 18:00:00+00:00,0.0,0.0,0.0,0.2265910059213638,0.3787554502487182,0.0,0.0,0.0,0.6369782090187073,0.4815109968185425,0.0,1.291154861450195,0.0,0.0082136462389012,0.0,0.0,0.0,0.3074230849742889,night_lowlight,night_lowlight,0.0
2019-05-01 17:15:00+00:00,2019-05-01 18:15:00+00:00,0.0,0.0,0.0,0.2460961490869522,0.3748580813407898,0.0,0.0,0.0880358889698982,0.6611431241035461,0.5681536197662354,0.0,1.3126038312911987,0.0,0.0323771608887059,0.0,0.0,0.0,0.3703915774822235,night_lowlight,night_lowlight,0.0
2019-05-01 17:30:00+00:00,2019-05-01 18:30:00+00:00,0.0,0.0,0.0,0.2344889342784881,0.4079937040805816,0.0,0.0,0.0769817680120468,0.8213639259338379,0.6020886301994324,0.0,1.4147661924362185,0.0,0.0,0.0,0.0,0.0,0.4464932978153229,night_lowlight,night_lowlight,0.0
2019-05-01 17:45:00+00:00,2019-05-01 18:45:00+00:00,0.0,0.0,0.0,0.2474467903375625,0.4119020998477936,0.017911247909069,0.0,0.1410485953092575,0.9226430654525756,0.674294650554657,0.0,1.4785041809082031,0.0,0.0262391040581584,0.0,0.0,0.0,0.5509560704231262,night_lowlight,night_lowlight,0.0
2019-05-01 18:00:00+00:00,2019-05-01 19:00:00+00:00,0.0,0.0,0.0,0.3583636581897735,0.4376664161682129,0.1375161111354828,0.0,0.2076187878847122,1.023627996444702,0.6848624348640442,0.0,1.5361076593399048,0.0,0.0,0.0,0.0,0.0,0.6562496423721313,night_lowlight,night_lowlight,0.0
2019-05-01 18:15:00+00:00,2019-05-01 19:15:00+00:00,0.0,0.0,0.0,0.3215357959270477,0.5445390939712524,0.2458608001470565,0.0,0.3015928566455841,1.1916314363479614,0.8111603856086731,0.0,1.6124180555343628,0.0,0.0262391040581584,0.0,0.0,0.0,0.6802107095718384,night_lowlight,night_lowlight,0.0
2019-05-01 18:30:00+00:00,2019-05-01 19:30:00+00:00,0.0,0.0,0.0,0.4334563314914703,0.5273729562759399,0.3183275759220123,0.0,0.4145335853099823,1.280371904373169,0.8880624771118164,0.0439461022615432,1.6994547843933103,0.0,0.0262391040581584,0.0,0.0496029779314994,0.0,0.8140950202941895,night_lowlight,night_lowlight,0.0
2019-05-01 18:45:00+00:00,2019-05-01 19:45:00+00:00,0.0,0.0,0.0,0.5146917104721069,0.5678149461746216,0.4399619400501251,0.0110800173133611,0.5395611524581909,1.3905020952224731,0.9953891038894652,0.1216586530208587,1.7866994142532349,0.0,0.0262391040581584,0.0,0.1555649042129516,0.0540090873837471,0.9150038957595824,night_lowlight,night_lowlight,0.0
2019-05-01 19:00:00+00:00,2019-05-01 20:00:00+00:00,0.0,0.0,0.0,0.5718228220939636,0.5861155986785889,0.5483688116073608,0.1323842108249664,0.640079140663147,1.5519999265670776,1.0751559734344482,0.1902231574058532,1.9062530994415283,0.0,0.0262391040581584,0.0,0.2476330995559692,0.1467658430337906,1.046545386314392,night_lowlight,night_lowlight,0.0
2019-05-01 19:15:00+00:00,2019-05-01 20:15:00+00:00,0.0,0.0,0.0,0.750778317451477,0.5866645574569702,0.6484369039535522,0.3406972885131836,0.7735440135002136,1.6323531866073608,1.1867460012435913,0.3131678998470306,1.9910095930099487,0.0,0.0262391040581584,0.0,0.3376762270927429,0.2509968280792236,1.2194157838821411,night_lowlight,night_lowlight,0.0
2019-05-01 19:30:00+00:00,2019-05-01 20:30:00+00:00,0.0,0.0,0.0,0.8644096851348877,0.6954980492591858,0.8399147391319275,0.5487455725669861,0.9572718143463136,1.7639429569244385,1.3630191087722778,0.4244671761989593,2.076819658279419,0.0,0.0262391040581584,0.0,0.4737330377101898,0.3533430397510528,1.2966567277908323,night_lowlight,night_lowlight,0.0
2019-05-01 19:45:00+00:00,2019-05-01 20:45:00+00:00,0.0,0.0,0.0,0.9239327311515808,0.816177487373352,1.030619502067566,0.6913768649101257,1.0986534357070925,1.9253798723220823,1.5088515281677246,0.5104482769966125,2.1234705448150635,0.0452827079278329,0.0262391040581584,0.0204753165290082,0.5662875175476074,0.3390212655067444,1.294409990310669,night_lowlight,night_lowlight,0.0
2019-05-01 20:00:00+00:00,2019-05-01 21:00:00+00:00,0.015515,0.0,0.0,1.2446283102035522,0.9367772936820984,1.2872087955474854,0.9051886200904846,1.2881276607513428,1.9573924541473389,1.6393237113952637,0.714353084564209,2.155454158782959,0.0776006996615173,0.0516707217835062,0.0591122464843919,0.6600157618522644,0.3296236395835876,1.3068649768829346,night_lowlight,night_lowlight,0.015515
2019-05-01 20:15:00+00:00,2019-05-01 21:15:00+00:00,0.0,0.0,0.0,1.4838885068893433,1.04389226436615,1.5185703039169312,1.0378165245056152,1.3815003633499146,2.0603926181793213,1.7091758251190186,0.7984143495559692,2.2090277671813965,0.07433032988698,0.0431760715731429,0.0494453774519836,0.6800441741943359,0.2591747641563415,1.3363715410232544,night_lowlight,night_lowlight,0.0
2019-05-01 20:30:00+00:00,2019-05-01 21:30:00+00:00,0.024105,3.0,0.0,1.8632471561431885,0.9461458921432496,1.5899521112442017,1.0566487312316897,1.434020757675171,2.1196861267089844,1.7386480569839478,0.9233848452568054,2.345921277999878,0.0651141330647735,0.0516707217835062,0.0591122464843919,0.8014682531356812,0.5259995460510254,1.7098853588104248,night_lowlight,night_lowlight,0.024105
2019-05-01 20:45:00+00:00,2019-05-01 21:45:00+00:00,0.351859,17.0,0.0,1.9642491340637207,1.1383579969406128,1.8503834009170532,1.2678933143615725,1.6377257108688354,2.172006607055664,1.8908145427703855,1.0533978939056396,2.4642302989959717,0.0,0.0516707217835062,0.0217552508614023,0.9163250923156738,0.7283949851989746,1.9114373922348025,night_lowlight,night_lowlight,0.351859
2019-05-01 21:00:00+00:00,2019-05-01 22:00:00+00:00,0.75507,36.0,0.015515,1.946262628211975,1.2873523537063598,2.0802766386413576,1.3624900881195068,1.760073334350586,2.354622275009155,2.03990784324646,1.1381906572723388,2.639549404754639,0.0,0.0207716110487281,0.0787201298020352,1.078434020652771,0.9295550886535644,2.0824784342193605,day_low,day_stable,0.7395550000000001
2019-05-01 21:15:00+00:00,2019-05-01 22:15:00+00:00,1.141656,56.0,0.0,1.9611400365829468,1.3142266273498535,2.27435040473938,1.3746799230575562,1.764380693435669,2.5184543132781982,2.1137824058532715,1.1616216897964478,2.7624025344848633,0.6186391935959145,0.4198987067990425,0.4811994344410906,1.178884983062744,1.0603792667388916,2.2286336421966553,day_low,day_stable,1.141656
2019-05-01 21:30:00+00:00,2019-05-01 22:30:00+00:00,1.811578,98.0,0.024105,2.1804470295715332,1.4519042248535157,2.4858135456848145,1.5119774813461304,1.8755381579208377,2.688625025253296,2.269167589645386,1.292691277961731,2.8941084618377686,0.5103483689589519,0.7067590260730895,0.534260417648209,1.3231448406982422,1.2253473276901246,2.4066421265411377,day_low,day_stable,1.7874729999999999
2019-05-01 21:45:00+00:00,2019-05-01 22:45:00+00:00,2.815914,137.0,0.351859,2.9833666351165773,2.0581696298446657,3.302591469558716,2.1346241500701906,2.466651585372925,3.2010094192352296,2.809086945327759,1.8100942638244628,3.36076751020813,1.5619037116178631,1.3701880649795832,1.6936608566118143,1.8120070960845944,1.7459886339035031,2.907436278137207,day_low,day_stable,2.4640549999999997
2019-05-01 22:00:00+00:00,2019-05-01 23:00:00+00:00,4.333437,187.0,0.75507,3.842412023849487,2.7189882090759276,4.279465942687988,2.8672516635131835,3.207843571014404,4.058767109222412,3.4991438677978515,2.431780247993469,4.009746818847656,3.656935960092688,3.439455981702194,3.639501628455593,2.4295810750198363,2.359228043861389,3.536266355819702,day_low,day_stable,3.578367
2019-05-01 22:15:00+00:00,2019-05-01 23:15:00+00:00,6.152563,255.0,1.141656,4.89872296510315,3.416654426437378,5.183954793792725,3.613345224243164,3.9283252543029783,4.7510948961791994,4.138861257415772,3.1009938305435183,4.591616947036743,3.610571773890416,3.871278080645713,4.426179248693518,3.0113260334548952,2.945494849067688,4.101885396820069,day_low,day_stable,5.010907
2019-05-01 22:30:00+00:00,2019-05-01 23:30:00+00:00,8.177094,319.0,1.811578,6.284218037536621,4.548965895584106,6.575861180236816,4.764003956726074,5.0217563752441405,5.605138743331909,5.034565651824951,4.065419638565063,5.3846594933776855,6.802628969176639,6.900547972597266,7.101182314617531,3.866232359817505,3.8723840359954833,4.981638157775879,day_medium,day_stable,6.365516
2019-05-01 22:45:00+00:00,2019-05-01 23:45:00+00:00,10.20709,384.0,2.815914,7.912610376800536,6.0173867592468255,8.419263208831786,6.237896288360595,6.362793291534423,6.82755836340332,6.2537852177276605,5.350874746765136,6.524280155624389,7.274261498497719,7.939614477341262,9.511445333573878,5.010119999374389,5.136007631744384,6.172647560562133,day_medium,day_stable,7.3911760000000015
2019-05-01 23:00:00+00:00,2019-05-02 00:00:00+00:00,12.44359,443.0,4.333437,10.080663238250732,8.009467158996582,10.829752002441406,8.396576915466309,8.221342597686768,8.649653468811035,8.083753143035889,7.368974481307983,8.227970395767212,8.868939049945613,10.63137652506145,11.723220785265594,6.748171125137329,6.9161877972717285,7.969037566864014,day_medium,day_stable,8.110153
2019-05-01 23:15:00+00:00,2019-05-02 00:15:00+00:00,14.30691,497.0,6.152563,12.488642597473143,10.221340561187745,13.305584812438966,10.723662281311036,10.336704159057618,10.838320637023926,10.173087501800538,9.715639496124268,10.264479542053223,13.14974695793411,15.574206405934625,15.298848314897173,8.778199339187623,8.949319505966187,9.989379787719727,day_medium,day_stable,8.154347000000001
2019-05-01 23:30:00+00:00,2019-05-02 00:30:00+00:00,16.41544,552.0,8.177094,14.816373365539553,12.714398401397704,15.462631242889405,13.173694151062012,12.608063715118409,13.11949254812622,12.447268980163576,12.22199727835083,12.474204080718994,13.304848937891007,16.031220091729523,14.998998159028384,10.996660249847412,11.198603170532229,12.282900827545166,day_medium,day_stable,8.238346
2019-05-01 23:45:00+00:00,2019-05-02 00:45:00+00:00,18.271310999999997,597.0,10.20709,17.313457111206056,15.331575969543458,17.536960700836183,15.40647898086548,14.739851573791505,15.18932066329956,14.752635101165772,14.592615703430177,14.560121158447268,17.227140042907006,18.96258118932495,17.64644787569098,12.989223579254151,13.34432349571228,14.547596553649903,day_medium,day_stable,8.064220999999996
2019-05-02 00:00:00+00:00,2019-05-02 01:00:00+00:00,20.095249,649.0,12.44359,18.996039703216553,17.484168842163086,19.222296073760987,17.499175861206055,16.95475466522217,17.59516985687256,17.115442588653565,17.008569553222657,16.965958907928467,18.77759890594735,19.675222272331094,19.375407909770356,15.479899957504273,15.558055713500975,17.042878940429688,day_medium,day_stable,7.651658999999999
2019-05-02 00:15:00+00:00,2019-05-02 01:15:00+00:00,21.649691,693.0,14.30691,20.47907157913208,19.183200798187254,20.616814575347902,19.11068531051636,18.635261974487307,19.38171001449585,18.996439895782473,18.918899974975588,18.88497444168091,20.844447800183225,21.351705503844528,19.75670622394268,17.530311069641115,17.426427326354982,19.13143201843262,day_high,day_stable,7.3427810000000004
2019-05-02 00:30:00+00:00,2019-05-02 01:30:00+00:00,19.50069,731.0,16.41544,22.473363316955567,21.11347810119629,22.29025927871704,20.844879067840576,20.39255420059204,21.29131356567383,21.10195437759399,21.009415067138672,21.040688908996582,22.076318834686987,22.18291718023988,20.66331926242342,19.67952815383911,19.44125834793091,21.37064830154419,day_high,day_stable,3.0852499999999985
2019-05-02 00:45:00+00:00,2019-05-02 01:45:00+00:00,24.336809,776.0,18.271310999999997,23.921825125823972,22.571386531005857,23.639637187133783,22.152962163101193,21.77505226434326,22.96139450372314,22.865228846679685,22.639037325988767,22.89332456887817,24.750733282063567,22.977459806535897,22.72412606681668,21.57286877931213,21.22376389802551,23.335990622650144,day_high,day_stable,6.065498000000002
2019-05-02 01:00:00+00:00,2019-05-02 02:00:00+00:00,25.560060999999997,821.0,20.095249,25.29781896154785,23.991673770355224,24.8713343767395,23.499184194015506,23.119887652801513,24.291562381195067,24.61464959661865,24.28589326422119,24.580731692718505,26.4809163908614,27.55808153281038,25.72393212546999,23.349891963409423,22.771604123519896,25.20881110708618,day_high,day_stable,5.4648119999999984
2019-05-02 01:15:00+00:00,2019-05-02 02:15:00+00:00,26.48494,863.0,21.649691,26.277797117248536,25.05938543321228,25.76686753274536,24.342892780319215,23.988793268218995,25.2421723747406,26.004388227478028,25.52926625253296,25.86184395791626,27.463169168665345,28.46968662305835,26.49353970264937,24.8464204216156,24.05860318185425,26.726838483825684,day_high,day_stable,4.835249000000001
2019-05-02 01:30:00+00:00,2019-05-02 02:30:00+00:00,27.28688,895.0,19.50069,24.105368153991694,22.59360481971741,23.15072323554993,21.529696481170653,21.195509569587703,22.34186603302002,23.67216350311279,23.048762338104247,23.383474366607665,27.17018719673973,27.3982177268511,25.586796192556456,22.51246144050598,21.640822188796996,24.44361640686035,day_high,day_stable,7.786190000000001
2019-05-02 01:45:00+00:00,2019-05-02 02:45:00+00:00,27.94488,925.0,24.336809,27.772205671295165,26.826707920059203,27.108010372146605,25.48888178728485,25.445189913734435,26.661817392333983,28.186387619003295,27.35777290724182,27.919464906677245,28.791758951877533,27.72566707545796,26.26015790430601,27.17054518125915,26.169475516304015,29.165204843505855,day_high,day_stable,3.6080710000000025
2019-05-02 02:00:00+00:00,2019-05-02 03:00:00+00:00,28.411690000000004,949.0,25.560060999999997,28.190825484405515,27.388836882720945,27.46372320474243,26.13761987508392,26.116989634643552,27.185287140022275,28.70418336213684,27.925964854370115,28.484275124679563,28.87068676462302,28.16076176719716,29.50905998648659,27.813121579299924,27.002147458206174,30.04541494668579,day_high,day_stable,2.851629000000006
2019-05-02 02:15:00+00:00,2019-05-02 03:15:00+00:00,28.77,962.0,26.48494,28.5033783392334,27.56088895362854,27.39993346494675,26.374538205685617,26.346080683293344,27.217283792915342,28.79192347091675,28.343559928359987,28.550973363342287,30.403439174278905,28.6239516884925,29.77326033572257,27.989532776298525,27.62220615905762,30.553162999572756,day_high,day_stable,2.285059999999998
2019-05-02 02:30:00+00:00,2019-05-02 03:30:00+00:00,29.026381,979.0,27.28688,28.671601279144287,27.72908849871635,27.315602248971462,26.436079545383453,26.373688621883392,27.129743649129868,28.82302044189453,28.391318424110413,28.464727743034363,30.60806645844445,28.72548555648128,29.92224875165989,27.988477452163696,28.117986662750244,30.720609887008667,day_high,day_stable,1.7395010000000006
2019-05-02 02:45:00+00:00,2019-05-02 03:45:00+00:00,29.25388,994.0,27.94488,28.508722356204988,27.774688339476587,27.362799218540193,26.39440940940857,26.694029918556215,27.20320611322403,28.733290782814027,28.60196339214325,28.5996246846962,30.45836261017748,28.752109173157383,30.020559313773177,28.37650587285042,28.633217206840516,31.172632685546876,day_high,day_stable,1.3089999999999975
2019-05-02 03:00:00+00:00,2019-05-02 04:00:00+00:00,27.469749,1001.0,28.411690000000004,28.53683360249043,27.607694211902626,27.19143343299866,26.375448707046512,26.667910340728763,26.91529190868378,28.395711127223972,28.447260140928034,28.175769391956333,30.415133669878298,27.44790240196351,29.961349186722355,28.058717969360355,28.776968363227848,31.07785010665894,day_high,day_stable,-0.9419410000000035
2019-05-02 03:15:00+00:00,2019-05-02 04:15:00+00:00,28.046379,1041.0,28.77,28.279107649326324,27.455307264328003,26.98129596233368,26.19226457595825,26.64643885612488,26.58797647476196,28.023284573554992,28.290141661167144,27.809320528507232,30.50824305530622,27.737978267140985,30.254109531752132,27.81006904363632,28.92858732163906,30.965822477340694,day_high,day_stable,-0.7236209999999978
2019-05-02 03:30:00+00:00,2019-05-02 04:30:00+00:00,27.977690000000003,1000.0,29.026381,28.30068771453476,27.047920092063904,26.614764436203004,25.871343120056153,26.357774003463746,26.060017808395383,27.401141150909424,28.00165985437012,27.17326114984131,30.7667918965127,27.63690224789414,30.5175291499996,27.13358865590668,28.84770764322853,30.521791203933716,day_high,day_stable,-1.048690999999998
2019-05-02 03:45:00+00:00,2019-05-02 04:45:00+00:00,28.375811,1007.0,29.25388,27.995962357406615,26.57411501396179,26.210842823867797,25.44453260887146,26.023388361816405,25.514444565658568,26.727835631256102,27.528585052375792,26.474292731170653,30.90727240035898,28.729421652288657,30.7397750931509,26.38814613807678,28.686500644569396,29.799848890190123,day_high,day_stable,-0.878069
2019-05-02 04:00:00+00:00,2019-05-02 05:00:00+00:00,28.128189000000003,981.0,27.469749,25.671294596122745,24.252290751861572,23.934453513549805,23.360757377075196,23.72929337255859,23.11334374182129,24.266110446380615,25.103682067321778,23.659654643463135,29.958688156940717,27.813139095081972,29.766635368840724,23.785710599349976,26.363044288085938,26.67307582132721,day_high,day_stable,0.6584400000000024
2019-05-02 04:15:00+00:00,2019-05-02 05:15:00+00:00,27.994749,979.0,28.046379,25.44596090917969,24.219578176788332,23.943488985351564,23.29295912390137,23.835552603057863,23.123078733734133,24.03211298590088,24.930634647659303,23.344969660095217,27.709957747559574,26.58332404966779,29.08130808454492,23.59900751715088,26.35527315740967,25.93563738470459,day_high,day_stable,-0.05163000000000295
2019-05-02 04:30:00+00:00,2019-05-02 05:30:00+00:00,27.22781,934.0,27.977690000000003,24.810725945892337,23.649115342559817,23.38233782714844,22.71591641372681,23.474955815734862,22.608718652191165,23.372267980041507,24.296213645401004,22.643951196136477,27.67603598167581,26.34160118853916,29.009020291264747,22.995207089843753,25.89940096801758,24.910408038558963,day_high,day_stable,-0.749880000000001
2019-05-02 04:45:00+00:00,2019-05-02 05:45:00+00:00,27.0655,914.0,28.375811,24.894907612930297,23.712125678192137,23.427379508148192,22.79014338983154,23.672357936035155,22.62853374017334,23.466601271759032,24.38574614060974,22.525728125701903,27.610917314938582,27.1391990866327,29.46976154133527,23.07078589929199,26.02147521508789,24.625455994735717,day_high,day_stable,-1.3103109999999987
2019-05-02 05:00:00+00:00,2019-05-02 06:00:00+00:00,26.286751,861.0,28.128189000000003,24.1693061913147,23.567115696777343,22.980980309356692,22.86439791571045,23.346553238739016,22.18508473287964,23.319121750701907,23.70941153417969,21.907121094573977,28.319526194686244,29.40705418862519,30.053568417996807,22.48913803945923,25.630921038497927,23.868356140960696,day_high,day_stable,-1.8414380000000037
2019-05-02 05:15:00+00:00,2019-05-02 06:15:00+00:00,24.68244,811.0,27.994749,23.654723575042723,23.493500640319823,22.75705950491333,22.646022250579833,23.475892474578856,22.005802562164305,22.98225252859497,23.50811331503296,21.68690054647827,26.40407972913277,27.730097222349578,28.27987666552932,22.09979861013794,25.57324545614624,23.491340091156005,day_high,day_stable,-3.312308999999999
2019-05-02 05:30:00+00:00,2019-05-02 06:30:00+00:00,23.72431,775.0,27.22781,22.855606173095705,22.211281870422365,21.46352825027466,21.575526808319093,22.16954002243042,20.917646502075197,21.718553637084963,22.30819139343262,20.50793800216675,25.266022555823326,27.163710769407228,26.865950302238012,21.001111601409914,24.446920012054445,21.895705793914797,day_high,day_stable,-3.5035000000000025
2019-05-02 05:45:00+00:00,2019-05-02 06:45:00+00:00,23.06325,724.0,27.0655,22.438912132263184,21.69112322616577,21.05870936203003,21.120875576019287,21.796705940246586,20.53702853012085,21.13247940826416,21.885267951965332,20.125285842895508,22.515408001280985,24.715656349585192,24.44648944612179,20.66072485733032,24.137665966033936,21.250002124786377,day_high,day_stable,-4.00225
2019-05-02 06:00:00+00:00,2019-05-02 07:00:00+00:00,21.977381,679.0,26.286751,20.916183201385497,20.49927779824829,19.722927776885985,19.96577521951294,20.5284068265686,19.567552773071288,20.021780220581057,20.41716453225708,19.11321183831787,22.80193566121319,24.74234935037665,24.166024293051084,19.57877179772949,23.0127875486145,19.98865482003784,day_medium,day_stable,-4.309369999999998
2019-05-02 06:15:00+00:00,2019-05-02 07:15:00+00:00,20.179689,637.0,24.68244,18.675860124053955,18.488755898895263,17.656203942718506,18.09642811340332,18.788037019195556,17.850136952819824,18.165215688171383,18.612641053619384,17.445170598449707,21.170210452196613,21.47922813799379,20.86598952052966,17.939577298583984,21.275819735946655,18.237992005767826,day_medium,day_stable,-4.502751
2019-05-02 06:30:00+00:00,2019-05-02 07:30:00+00:00,18.528129999999997,576.0,23.72431,17.454381544647216,17.410235483703612,16.377816755828857,17.146189291534423,17.484907705841064,16.714519102630614,17.316293318328857,17.252421457824706,16.304262239990233,19.80310472008725,20.518510969115304,19.930605114175076,16.901929457244872,19.93502410179138,16.97524126296997,day_medium,day_stable,-5.196180000000002
2019-05-02 06:45:00+00:00,2019-05-02 07:45:00+00:00,14.64619,463.0,23.06325,16.109060222625732,16.393213207244873,15.285981590270996,16.070135051727295,16.71227114868164,15.91288607788086,16.21712535095215,16.38925212097168,15.56651442718506,17.169388066397218,18.244686891277475,17.261714502291603,16.221724922180176,18.874973232269287,16.10481255722046,day_medium,day_stable,-8.41706
2019-05-02 07:00:00+00:00,2019-05-02 08:00:00+00:00,16.03306,493.0,21.977381,14.86854768701172,15.176355609375,14.051145324188234,14.925179728942872,15.69091440148926,14.799144992309571,15.116517314392093,15.183828124481202,14.568407306152343,16.332443050790626,17.707596034755532,17.29311326277659,15.142069110351564,17.53748250909424,15.167799720245362,day_medium,day_stable,-5.944321000000002
2019-05-02 07:15:00+00:00,2019-05-02 08:15:00+00:00,13.31619,425.0,20.179689,12.819107125152588,13.270343850006103,12.099887440551758,13.081819126953125,13.65851504598999,12.911997387756347,13.375488827575683,13.069713185180664,12.696721623291015,14.13340260513161,14.715481285728666,14.663907769575426,13.337809155334472,15.250217030395508,13.240428040374756,day_medium,day_stable,-6.863498999999999
2019-05-02 07:30:00+00:00,2019-05-02 08:30:00+00:00,12.48931,375.0,18.528129999999997,10.797668879394529,11.509449427490232,10.171139185791011,11.298695032958982,11.922732775573728,11.198893015747068,11.592647974853511,11.304016535644529,11.055927222137448,12.794426353888676,13.11873335854747,13.197966263715283,11.765525286560056,13.347214644317624,11.592853968505857,day_medium,day_stable,-6.038819999999998
2019-05-02 07:45:00+00:00,2019-05-02 08:45:00+00:00,10.94778,324.0,14.64619,7.187535119476319,7.657928300323487,6.4070771459960945,7.478466344299317,8.026120496215821,7.332459283294678,7.753532243194581,7.479297471466065,7.270093274536133,9.021712381551673,10.084864885092331,9.811876167955353,7.983614755096436,9.404647183837891,7.770237756195069,day_medium,day_stable,-3.698410000000001
2019-05-02 08:00:00+00:00,2019-05-02 09:00:00+00:00,9.09125,262.0,16.03306,7.741765902099608,8.972737238464354,7.582530901489257,8.598326609191894,9.440393850860596,8.813745424804686,9.116204664764403,8.81936781173706,8.885122225341796,7.81905557234306,8.617892078922717,8.309339505005866,9.463955328521727,10.84087316757202,9.453207418975827,day_low,day_stable,-6.9418099999999985
2019-05-02 08:15:00+00:00,2019-05-02 09:15:00+00:00,7.550594,203.0,13.31619,5.524994607391358,6.377675767364503,5.062825437011719,5.977688546600342,6.86116766494751,6.246722455444337,6.562585111083985,6.211061711730958,6.4114162878417975,6.56039765570163,6.759816809332874,6.577192482449121,6.895491834106446,8.245443578186036,7.0327751593017584,day_low,day_stable,-5.765596
2019-05-02 08:30:00+00:00,2019-05-02 09:30:00+00:00,5.625813,156.0,12.48931,4.888304445800781,5.745924685058593,4.452754709777832,5.346037123260498,6.170972559509277,5.553384516296386,5.909947130737304,5.537549707946777,5.825943682250976,4.508207627718705,4.5726991053600825,4.498742303869417,6.252522203979492,7.591722223815918,6.558674070892334,day_low,day_stable,-6.863497
2019-05-02 08:45:00+00:00,2019-05-02 09:45:00+00:00,4.153297,108.0,10.94778,3.7722633946228026,4.604880200653076,3.333534108428955,4.276907788543701,4.8608368504333495,4.173478947906494,4.652036534576416,4.270134316711426,4.587171899108887,2.9754889777516293,3.5121072154565955,3.3851280660313767,4.942752229003906,6.319330559997558,5.483118878631592,day_low,day_stable,-6.794483
2019-05-02 09:00:00+00:00,2019-05-02 10:00:00+00:00,2.44125,68.0,9.09125,2.7615151977539067,3.376918849945069,2.1974554634094243,2.9876986122131353,3.4906521415710454,2.654397068023682,3.339189586639405,2.8980813598632817,3.3515596961975103,2.3256518076716457,1.532812661057526,1.642242692715571,3.618746814727784,4.948497352600098,4.495710430145264,day_low,day_stable,-6.65
2019-05-02 09:15:00+00:00,2019-05-02 10:15:00+00:00,1.6036290000000002,52.0,7.550594,2.3140546361389163,2.4876252690734866,1.7141539136352542,1.7838012257995608,2.3583485166015627,1.572415975708008,1.957582143920899,1.743586687225342,2.323040632385254,1.659922928204704,0.823835113315052,0.928563798415434,2.456145910400391,3.8481694737854006,3.353208212036133,day_low,day_stable,-5.9469650000000005
2019-05-02 09:30:00+00:00,2019-05-02 10:30:00+00:00,1.325707,44.0,5.625813,1.0752897189025878,1.2193818018798828,0.6713175700073242,0.603023521697998,0.8816776202087402,0.1028718874816894,0.4240031168823241,0.3356995509033202,0.9852547572021484,0.7685317124263275,0.6122898107120117,0.5347638382176818,1.0325245783691406,2.4206240103607177,1.956020109451294,day_low,day_stable,-4.3001059999999995
2019-05-02 09:45:00+00:00,2019-05-02 10:45:00+00:00,0.92791,28.0,4.153297,0.0,0.6371176768035891,0.0611692000122072,0.0,0.1455960798950197,0.0,0.0,0.0,0.3119981814117434,0.4464107226690426,0.5164617543537079,0.496011361822661,0.2675948668212893,1.6604097414703372,1.1367030668945317,day_low,day_stable,-3.2253870000000004
2019-05-02 10:00:00+00:00,2019-05-02 11:00:00+00:00,0.408851,12.0,2.44125,0.0,0.0,0.0,0.0,0.0,0.0,0.0,0.0,0.0,0.2798809753293778,0.1578113542083501,0.2395870795933816,0.0,0.6570089197158815,0.2240642642974855,night_lowlight,night_lowlight,-2.0323990000000003
2019-05-02 10:15:00+00:00,2019-05-02 11:15:00+00:00,0.0,0.0,1.6036290000000002,0.0,0.0,0.0,0.0,0.0,0.0,0.0,0.0,0.0,0.1332828707166485,0.1134031703757713,0.0662536945595689,0.0,0.4167491267242433,0.0,night_lowlight,night_lowlight,-1.6036290000000002
2019-05-02 10:30:00+00:00,2019-05-02 11:30:00+00:00,0.0,0.0,1.325707,0.0,0.3684755379981994,0.0,0.0,0.0,0.0,0.0,0.0,0.0,0.1413967036229261,0.1560902892163542,0.0698067556244841,0.0,0.3626304085083007,0.0,night_lowlight,night_lowlight,-1.325707
2019-05-02 10:45:00+00:00,2019-05-02 11:45:00+00:00,0.0,0.0,0.92791,0.0,0.4377727209663391,0.0,0.0,0.0422355829811096,0.0,0.0,0.0,0.0146982966995239,0.1101081542859202,0.1224511831575987,0.1163688085148807,0.0,0.1763380467033386,0.0,night_lowlight,night_lowlight,-0.92791
2019-05-02 11:00:00+00:00,2019-05-02 12:00:00+00:00,0.0,0.0,0.408851,0.0,0.3019475811014175,0.0,0.0,0.0482915663013458,0.0,0.0,0.0,0.1803378485927582,0.2492648849660376,0.1867052354560524,0.1163688085148807,0.0,0.0,0.0,night_lowlight,night_lowlight,-0.408851
2019-05-02 11:15:00+00:00,2019-05-02 12:15:00+00:00,0.0,0.0,0.0,0.0,0.1827418655157089,0.0,0.0,0.0,0.0,0.0,0.0,0.2084316909313202,0.14440024919681,0.0236546061557921,0.0596178158065615,0.0,0.0,0.0,night_lowlight,night_lowlight,0.0
2019-05-02 11:30:00+00:00,2019-05-02 12:30:00+00:00,0.0,0.0,0.0,0.0,0.3772463500499725,0.0,0.0,0.0559547767043113,0.0,0.0,0.0,0.434390664100647,0.1568868157935537,0.0236546061557921,0.0596178158065615,0.0,0.0,0.0,night_lowlight,night_lowlight,0.0
2019-05-02 11:45:00+00:00,2019-05-02 12:45:00+00:00,0.0,0.0,0.0,0.0,0.4618619084358215,0.0,0.0,0.0457557290792465,0.0,0.0,0.0,0.6116991639137268,0.0,0.0236546061557921,0.0596178158065615,0.0,0.0,0.0,night_lowlight,night_lowlight,0.0
2019-05-02 12:00:00+00:00,2019-05-02 13:00:00+00:00,0.0,0.0,0.0,0.0,0.5546589493751526,0.0,0.0,0.0762980505824089,0.0,0.0,0.0,0.903024673461914,0.0,0.0236546061557921,0.0299841682408925,0.0,0.0,0.0,night_lowlight,night_lowlight,0.0
2019-05-02 12:15:00+00:00,2019-05-02 13:15:00+00:00,0.0,0.0,0.0,0.0,0.6367040276527405,0.0,0.0,0.0726404562592506,0.0,0.0,0.0,1.0737512111663818,0.0,0.0236546061557921,0.0299841682408925,0.0,0.0,0.0,night_lowlight,night_lowlight,0.0
2019-05-02 12:30:00+00:00,2019-05-02 13:30:00+00:00,0.0,0.0,0.0,0.0,0.6927012205123901,0.0,0.0,0.0811071842908859,0.0154015850275754,0.0,0.0,1.1532340049743652,0.0,0.0236546061557921,0.0299841682408925,0.0,0.0,0.0,night_lowlight,night_lowlight,0.0
2019-05-02 12:45:00+00:00,2019-05-02 13:45:00+00:00,0.0,0.0,0.0,0.0,0.6793350577354431,0.0,0.0,0.0,0.2164379358291626,0.0,0.0,1.317342758178711,0.062092341582171,0.0425603419203951,0.0820899022600496,0.0,0.0,0.0187487360090017,night_lowlight,night_lowlight,0.0
2019-05-02 13:00:00+00:00,2019-05-02 14:00:00+00:00,0.0,0.0,0.0,0.0,0.7244362831115723,0.0,0.0,0.0975517481565475,0.2672010660171509,0.0610935352742672,0.0,1.3098825216293335,0.0629286544373586,0.0361545211856693,0.03250218509812,0.0,0.0,0.0,night_lowlight,night_lowlight,0.0
2019-05-02 13:15:00+00:00,2019-05-02 14:15:00+00:00,0.0,0.0,0.0,0.0,0.8075148463249207,0.0,0.0,0.2290823012590408,0.2959941923618316,0.1154127344489097,0.0,1.2503286600112915,0.0521807906806481,0.0379256138641588,0.0418357264461457,0.0,0.0,0.0,night_lowlight,night_lowlight,0.0
2019-05-02 13:30:00+00:00,2019-05-02 14:30:00+00:00,0.0,0.0,0.0,0.0,0.7917482852935791,0.0,0.0,0.2650707364082336,0.2848009765148163,0.069102942943573,0.0,1.2413171529769895,0.0558612842535888,0.0361545211856693,0.0060331905868853,0.0,0.0,0.0,night_lowlight,night_lowlight,0.0
2019-05-02 13:45:00+00:00,2019-05-02 14:45:00+00:00,0.0,0.0,0.0,0.0,0.9029956459999084,0.0,0.0,0.298094630241394,0.3740767240524292,0.1524668186903,0.0,1.210167407989502,0.0661835696484813,0.0361545211856693,0.0060331905868853,0.0,0.0,0.0,night_lowlight,night_lowlight,0.0
2019-05-02 14:00:00+00:00,2019-05-02 15:00:00+00:00,0.0,0.0,0.0,0.0,0.9084905982017516,0.0,0.0,0.3869287967681885,0.2662961781024933,0.0965353846549987,0.0,1.1323431730270386,0.0631286453524532,0.0361545211856693,0.0,0.0,0.0,0.0,night_lowlight,night_lowlight,0.0
2019-05-02 14:15:00+00:00,2019-05-02 15:15:00+00:00,0.0,0.0,0.0,0.0,0.8889409303665161,0.0,0.0,0.4131280481815338,0.2135635018348693,0.0376326479017734,0.0,1.0629689693450928,0.0493555167293628,0.0351883644970626,0.0,0.0,0.0,0.0,night_lowlight,night_lowlight,0.0
2019-05-02 14:30:00+00:00,2019-05-02 15:30:00+00:00,0.0,0.0,0.0,0.0,0.8781495690345764,0.0,0.0,0.4044358134269714,0.2119339704513549,0.0138461347669363,0.0,1.0519896745681765,0.0534388360402013,0.0361545211856693,0.0,0.0,0.0,0.0,night_lowlight,night_lowlight,0.0
2019-05-02 14:45:00+00:00,2019-05-02 15:45:00+00:00,0.0,0.0,0.0,0.0,0.8595705628395081,0.0,0.0,0.4653423726558685,0.1638034433126449,0.0,0.0,1.0178918838500977,0.0503839117441732,0.0361545211856693,0.0,0.0,0.0,0.0,night_lowlight,night_lowlight,0.0
2019-05-02 15:00:00+00:00,2019-05-02 16:00:00+00:00,0.0,0.0,0.0,0.0,0.9102279543876648,0.0,0.0,0.4480771720409393,0.0529949106276035,0.0,0.0,1.0955302715301514,0.0,0.0330408790346278,0.0,0.0,0.0,0.0,night_lowlight,night_lowlight,0.0
2019-05-02 15:15:00+00:00,2019-05-02 16:15:00+00:00,0.0,0.0,0.0,0.0374792926013469,0.8959035873413086,0.0,0.0,0.4578745663166046,0.0,0.0,0.0,1.0580430030822754,0.0,0.0330408790346278,0.0,0.0,0.0,0.0,night_lowlight,night_lowlight,0.0
2019-05-02 15:30:00+00:00,2019-05-02 16:30:00+00:00,0.0,0.0,0.0,0.0137738976627588,0.9015502333641052,0.0,0.0,0.4115665256977081,0.0,0.0,0.0,1.0523897409439087,0.0,0.0330408790346278,0.0,0.0,0.0,0.0,night_lowlight,night_lowlight,0.0
2019-05-02 15:45:00+00:00,2019-05-02 16:45:00+00:00,0.0,0.0,0.0,0.0305588375777006,0.9107353091239928,0.0,0.0,0.4047020971775055,0.0,0.0,0.0,1.0715398788452148,0.0,0.0330408790346278,0.0,0.0,0.0,0.0,night_lowlight,night_lowlight,0.0
2019-05-02 16:00:00+00:00,2019-05-02 17:00:00+00:00,0.0,0.0,0.0,0.0810944810509681,0.9112949371337892,0.0,0.0,0.3418353497982025,0.0,0.0,0.0,1.142468810081482,0.0,0.0330408790346278,0.0,0.0,0.0,0.0,night_lowlight,night_lowlight,0.0
2019-05-02 16:15:00+00:00,2019-05-02 17:15:00+00:00,0.0,0.0,0.0,0.0858146026730537,0.9274575710296632,0.0,0.0,0.2763843238353729,0.0,0.0,0.0,1.211464285850525,0.0,0.0330408790346278,0.0,0.0,0.0,0.0,night_lowlight,night_lowlight,0.0
2019-05-02 16:30:00+00:00,2019-05-02 17:30:00+00:00,0.0,0.0,0.0,0.092351347208023,0.93057382106781,0.0,0.0,0.2081019431352615,0.0,0.0,0.0,1.2892742156982422,0.0,0.0330408790346278,0.0,0.0,0.0,0.0,night_lowlight,night_lowlight,0.0
2019-05-02 16:45:00+00:00,2019-05-02 17:45:00+00:00,0.0,0.0,0.0,0.1475972980260849,0.9329388737678528,0.0,0.0,0.2611132860183716,0.0,0.0,0.0,1.32205069065094,0.0,0.0369107960232413,0.0,0.0,0.0,0.0,night_lowlight,night_lowlight,0.0
2019-05-02 17:00:00+00:00,2019-05-02 18:00:00+00:00,0.0,0.0,0.0,0.1854510903358459,0.9458532929420472,0.0,0.0,0.2627298533916473,0.0686779022216796,0.0,0.0,1.4795461893081665,0.0,0.0369107960232413,0.0,0.0,0.0,0.0147482063621282,night_lowlight,night_lowlight,0.0
2019-05-02 17:15:00+00:00,2019-05-02 18:15:00+00:00,0.0,0.0,0.0,0.24251589179039,0.9432433843612672,0.0,0.0,0.2801828682422638,0.1111558452248573,0.0,0.0,1.5459612607955933,0.0,0.0369107960232413,0.0,0.0,0.0,0.096064880490303,night_lowlight,night_lowlight,0.0
2019-05-02 17:30:00+00:00,2019-05-02 18:30:00+00:00,0.0,0.0,0.0,0.2494248896837234,0.9535478949546814,0.0,0.0,0.3160784244537353,0.2322303801774978,0.0,0.0,1.670219898223877,0.0,0.0369107960232413,0.0,0.0,0.0,0.1639001220464706,night_lowlight,night_lowlight,0.0
2019-05-02 17:45:00+00:00,2019-05-02 18:45:00+00:00,0.0,0.0,0.0,0.2890993952751159,0.9674888849258424,0.0327079966664314,0.0,0.3846071064472198,0.2745304405689239,0.0,0.0,1.7100642919540403,0.0,0.0369107960232413,0.0,0.0,0.0,0.2590919435024261,night_lowlight,night_lowlight,0.0
2019-05-02 18:00:00+00:00,2019-05-02 19:00:00+00:00,0.0,0.0,0.0,0.1304427534341812,0.7801528573036194,0.0,0.0,0.2645791471004486,0.6251334547996521,0.0,0.0,2.1210947036743164,0.0,0.0212419315837998,0.0,0.0,0.0,0.5454030632972717,night_lowlight,night_lowlight,0.0
2019-05-02 18:15:00+00:00,2019-05-02 19:15:00+00:00,0.0,0.0,0.0,0.0052655348554253,0.651311993598938,0.0,0.0,0.2944542169570923,0.8341802954673767,0.1211007162928581,0.0,2.365792751312256,0.0278356774982308,0.0,0.0,0.0,0.0,0.7393845319747925,night_lowlight,night_lowlight,0.0
2019-05-02 18:30:00+00:00,2019-05-02 19:30:00+00:00,0.0,0.0,0.0,0.0247652679681777,0.6117070913314819,0.0,0.0,0.364516943693161,1.0379470586776731,0.3302537202835083,0.0,2.552823781967163,0.0452827079278329,0.0,0.0,0.0,0.0,0.926438570022583,night_lowlight,night_lowlight,0.0
2019-05-02 18:45:00+00:00,2019-05-02 19:45:00+00:00,0.0,0.0,0.0,0.1465317606925964,0.5866872072219849,0.0169040318578481,0.0,0.4921886920928955,1.1732919216156006,0.4979483485221863,0.0,2.7237563133239746,0.0,0.0212419315837998,0.0,0.0744698569178581,0.0,1.1312885284423828,night_lowlight,night_lowlight,0.0
2019-05-02 19:00:00+00:00,2019-05-02 20:00:00+00:00,0.0,0.0,0.0,0.2349437773227691,0.5938989520072937,0.2014696300029754,0.0,0.5868582129478455,1.3262995481491089,0.6762078404426575,0.0,2.8654956817626953,0.0,0.0212419315837998,0.0,0.1768027693033218,0.0,1.3320881128311155,night_lowlight,night_lowlight,0.0
2019-05-02 19:15:00+00:00,2019-05-02 20:15:00+00:00,0.0,0.0,0.0,0.3184630274772644,0.664423406124115,0.4537382423877716,0.0,0.715854287147522,1.5003712177276611,0.8492467999458313,0.0354006290435791,3.006645441055298,0.0,0.0212419315837998,0.0,0.3050881028175354,0.0794779136776924,1.4915999174118042,night_lowlight,night_lowlight,0.0
2019-05-02 19:30:00+00:00,2019-05-02 20:30:00+00:00,0.0,0.0,0.0,0.4379842877388,0.8383032083511353,0.7590663433074951,0.022586528211832,0.896856963634491,1.6766308546066284,1.014127254486084,0.1422085165977478,3.117503881454468,0.0,0.0212419315837998,0.0,0.4166689813137054,0.1340253353118896,1.4824211597442627,night_lowlight,night_lowlight,0.0
2019-05-02 19:45:00+00:00,2019-05-02 20:45:00+00:00,0.004201,0.0,0.0,0.6764215230941772,0.9543811678886414,0.9979451298713684,0.2643034756183624,1.0805840492248535,1.7985211610794067,1.167225003242493,0.2634996771812439,3.166098117828369,0.0,0.0,0.0,0.4875811338424682,0.1698425263166427,1.4677454233169556,night_lowlight,night_lowlight,0.004201
2019-05-02 20:00:00+00:00,2019-05-02 21:00:00+00:00,0.0,0.0,0.0,0.9750223755836488,0.81284499168396,1.1227635145187378,0.3266275525093078,1.0815387964248655,1.88176953792572,1.227064609527588,0.386774480342865,3.2908413410186768,0.0452827079278329,0.0212419315837998,0.0,0.6013217568397522,0.3245682716369629,1.7440412044525146,night_lowlight,night_lowlight,0.0
2019-05-02 20:15:00+00:00,2019-05-02 21:15:00+00:00,0.0,0.0,0.0,1.095158934593201,0.911553919315338,1.3617570400238037,0.4888642728328705,1.1946632862091064,1.9819438457489016,1.3595458269119265,0.4955358207225799,3.4068408012390137,0.0,0.0212419315837998,0.0,0.7236557602882385,0.4788382649421692,1.9285088777542112,night_lowlight,night_lowlight,0.0
2019-05-02 20:30:00+00:00,2019-05-02 21:30:00+00:00,0.0,2.0,0.0,1.2761441469192505,1.021944284439087,1.6145719289779663,0.697939395904541,1.325414776802063,2.061535596847534,1.488289713859558,0.648483395576477,3.51338791847229,0.0,0.0,0.0,0.8350697755813599,0.6423131823539734,2.099522829055786,night_lowlight,night_lowlight,0.0
2019-05-02 20:45:00+00:00,2019-05-02 21:45:00+00:00,0.386121,17.0,0.004201,1.4706609895477294,1.1224662711868283,1.8936786105880736,0.8635135343322754,1.40107280519104,2.16490394380188,1.5999185493240355,0.7714655449638367,3.619256799484253,0.0,0.0212419315837998,0.0,0.9389468481788636,0.7777599742660523,2.270375077987671,night_lowlight,night_lowlight,0.38192
2019-05-02 21:00:00+00:00,2019-05-02 22:00:00+00:00,0.8345040000000001,37.0,0.0,1.6783993244171145,1.2136924266815186,2.158958911895752,0.9913203716278076,1.4739222526550293,2.2862331867218018,1.6890363693237305,0.8674057722091675,3.72429871559143,0.0,0.0399379532241743,0.0335552461248578,1.0141113996505735,0.8766434788703918,2.408935785293579,day_low,day_stable,0.8345040000000001
2019-05-02 21:15:00+00:00,2019-05-02 22:15:00+00:00,1.449766,57.0,0.0,1.9473141431808472,1.3900725841522217,2.4006547927856445,1.1839358806610107,1.644590139389038,2.3672754764556885,1.8055899143218992,1.0645790100097656,3.819550037384033,0.3111748441611576,0.0710057435780669,0.0975652099217241,1.1204261779785156,1.022891402244568,2.5359926223754883,day_low,day_stable,1.449766
2019-05-02 21:30:00+00:00,2019-05-02 22:30:00+00:00,2.089008,94.0,0.0,2.169766664505005,1.4672600030899048,2.694387435913086,1.2787092924118042,1.679684281349182,2.5026416778564453,1.9043394327163696,1.1476900577545166,3.911877393722534,0.2604626326242238,0.2123447914503546,0.1914283116196424,1.206911325454712,1.1282864809036257,2.663341999053955,day_low,day_stable,2.089008
2019-05-02 21:45:00+00:00,2019-05-02 22:45:00+00:00,3.022469,130.0,0.386121,2.9864444386444093,2.061217869468689,3.5763916623077394,1.867483223625183,2.1851281773529054,3.1509487282714845,2.474908317276001,1.646193350502014,4.444072927185059,1.2605492107751624,0.8166514115431748,1.0289974541734128,1.7249450337371826,1.6610113036117553,3.1836094510040285,day_low,day_stable,2.636348
2019-05-02 22:00:00+00:00,2019-05-02 23:00:00+00:00,4.333984,175.0,0.8345040000000001,4.148798099807739,2.828974953941345,4.6343828356781005,2.7545984900512694,3.0043023741760253,3.909913650802612,3.170976988128662,2.3817399657287597,5.0617321646728515,3.2687594689373203,2.791447955932673,2.75209099037095,2.3718515551605224,2.339541188529968,3.8602455771484374,day_low,day_stable,3.49948
2019-05-02 22:15:00+00:00,2019-05-02 23:15:00+00:00,5.978875,237.0,1.449766,5.4618233043823246,3.887777646270752,5.9035604793701175,3.7682150203857425,3.953528722015381,4.8356095153961185,4.019023020950318,3.2779681284103397,5.854238827911377,3.2982906278350397,3.870808577914282,3.219847785372029,3.1923766929779056,3.1722476083908084,4.653659661499024,day_low,day_stable,4.529109
2019-05-02 22:30:00+00:00,2019-05-02 23:30:00+00:00,7.868657000000001,298.0,2.089008,6.799807694061279,4.872909214599609,7.261604931457519,4.782453205688476,4.859535124404907,5.768623259170532,4.861006882293701,4.134677794082641,6.650631096466064,6.5229057482000075,6.702166725144641,5.777999981835002,4.072081234558105,4.036503579719543,5.5099805856781,day_medium,day_stable,5.779649000000001
2019-05-02 22:45:00+00:00,2019-05-02 23:45:00+00:00,9.863219,357.0,3.022469,8.33622451223755,6.240280107635498,8.930660680908204,6.143654302734375,6.121179060119629,6.967723325866699,6.019790367263794,5.355777696746826,7.753670171875,7.296279845388502,7.85696510070508,6.439221790363814,5.216692642349243,5.2075755158843995,6.650988058227539,day_medium,day_stable,6.840750000000001
2019-05-02 23:00:00+00:00,2019-05-03 00:00:00+00:00,11.77575,414.0,4.333984,10.253928763183596,8.036918741973878,10.984404665740968,7.838449341567993,7.724682432922363,8.338182074340821,7.400210720809937,6.884439808639526,9.171451193603517,8.743332401246093,9.552929347912931,8.176574770018894,6.652848345550537,6.606330019744873,8.196828705581666,day_medium,day_stable,7.441766
2019-05-02 23:15:00+00:00,2019-05-03 00:15:00+00:00,13.804,470.0,5.978875,12.328970748901368,10.034375507354737,13.147301513671875,9.69596894454956,9.46770032119751,10.164022285461426,9.17855556678772,8.713422138214112,10.931227523803711,12.455023575460723,13.364296562551312,11.147424662266603,8.506812889099121,8.38447483253479,10.038750011444092,day_medium,day_stable,7.825125
2019-05-02 23:30:00+00:00,2019-05-03 00:30:00+00:00,14.19775,467.0,7.868657000000001,14.399895555908204,12.341912157470704,15.05471075289917,11.803823597366334,11.494960434371947,12.223612673217774,11.25709522479248,10.8380013775177,12.919827349121094,13.145010935015442,13.737425235949118,11.931880818340018,10.586379892761231,10.45098007434082,12.145126707489014,day_medium,day_stable,6.3290929999999985
2019-05-02 23:45:00+00:00,2019-05-03 00:45:00+00:00,17.23794,566.0,9.863219,16.181946016448975,14.607774950164796,16.843588567871095,13.857133842605592,13.52406571020508,14.379065252441409,13.429480291503909,12.99390862097168,15.01535580267334,15.895040813258634,16.443253777863553,14.488289739230693,12.757677293914796,12.589474893707276,14.343116975921632,day_medium,day_stable,7.374720999999997
2019-05-03 00:00:00+00:00,2019-05-03 01:00:00+00:00,18.11731,594.0,11.77575,18.17608054351807,16.95287450027466,18.40538914871216,15.79327519607544,15.618848640441897,16.150346118927004,15.57163222503662,15.044854480743409,16.897216636657717,18.497736387524544,16.287161204072127,16.424205738620557,14.771043617248536,14.44528206062317,16.458417255401613,day_medium,day_stable,6.341559999999999
2019-05-03 00:15:00+00:00,2019-05-03 01:15:00+00:00,18.341310999999997,610.0,13.804,20.021185974121096,19.103815177917483,20.008413890838625,17.498526433944704,17.515318492889406,18.037787536621096,17.724574426651003,17.113198379516604,18.816413501739504,21.121716318371647,20.286236509404233,18.518519654034797,16.912787536621096,16.374921421051027,18.61100159072876,day_medium,day_stable,4.537310999999997
2019-05-03 00:30:00+00:00,2019-05-03 01:30:00+00:00,21.24456,691.0,14.19775,20.33174314880371,19.287326721191405,20.015240100860595,17.46291079902649,17.562162069320678,18.248567489624023,18.159134534835815,17.509394554138183,19.086115268707275,21.10030460647924,20.831476758620415,19.066607212549624,17.416955141067504,16.742954401016235,19.136425880432128,day_high,day_stable,7.046810000000001
2019-05-03 00:45:00+00:00,2019-05-03 01:45:00+00:00,23.199751000000003,751.0,17.23794,22.830499337615965,21.96647374481201,22.545725511016844,19.86222593635559,20.136307166519163,21.08077947944641,21.204397605361937,20.287193225326536,22.00572697967529,22.027012052250942,21.83183566237534,20.40070324387919,20.555799411239622,19.73596899360657,22.308195279541017,day_high,day_stable,5.961811000000004
2019-05-03 01:00:00+00:00,2019-05-03 02:00:00+00:00,23.940439,766.0,18.11731,23.352076006469726,22.429859591064453,22.99998421722412,20.216172886428833,20.450477791366577,21.585847092208866,22.052705002365112,20.81089158111572,22.601068449554443,24.021900060359176,24.599727406899085,23.252097092072795,21.272573662338257,20.245833349761963,23.228799295959472,day_high,day_stable,5.8231290000000016
2019-05-03 01:15:00+00:00,2019-05-03 02:15:00+00:00,25.533381,838.0,18.341310999999997,23.418202899108884,22.31226541818237,22.81775095285034,19.876622341285703,20.08034815610504,21.2202856761322,22.067420981536863,20.700625441680906,22.525610468994135,25.300609649178355,26.006775554269748,23.56615971641026,21.396147750030515,20.28489544213867,23.51165678323364,day_high,day_stable,7.192070000000001
2019-05-03 01:30:00+00:00,2019-05-03 02:30:00+00:00,26.287189,867.0,21.24456,25.978261705932617,24.44737982421875,25.02713918357849,21.77741390138626,22.152395721969604,22.924450513420105,24.277106281814575,22.912041422424316,24.686885592041016,26.719437722447537,27.172157893028817,24.804664470460036,23.6318354573822,22.82631003528595,26.205080267486572,day_high,day_stable,5.042629000000002
2019-05-03 01:45:00+00:00,2019-05-03 02:45:00+00:00,27.235689,908.0,23.199751000000003,27.26705465753174,25.56498847444153,25.99802194078064,22.82963715036011,23.18417438127643,23.65822897393799,25.537585358215335,24.19270334680176,25.839056114746096,28.12170521168548,27.28340803853052,25.448916442178295,25.011340956283572,24.462143044067385,27.931819538665778,day_high,day_stable,4.035937999999998
2019-05-03 02:00:00+00:00,2019-05-03 03:00:00+00:00,28.02669,937.0,23.940439,27.16240717398071,25.521588578094484,25.90041924940491,23.19064660297775,23.301024987567903,23.274642720092775,25.392219557632448,24.241851701606752,25.64565552698517,28.47559923848585,27.270912052298463,28.582859598973258,24.9199209355011,24.906858756412507,28.16481234060669,day_high,day_stable,4.086250999999997
2019-05-03 02:15:00+00:00,2019-05-03 03:15:00+00:00,27.309191,895.0,25.533381,27.867130771118163,26.3245888499794,26.294053390460967,24.00588025136566,23.966619625526427,23.621336355644225,26.02482573671913,25.10559959693527,26.201279595333094,30.24898984325054,27.601024224391008,28.914400135340603,25.368169113832472,26.029468580919264,29.00876452012634,day_high,day_stable,1.7758099999999999
2019-05-03 02:30:00+00:00,2019-05-03 03:30:00+00:00,28.917879,967.0,26.287189,27.621244662155153,26.220102392782213,26.04625024711037,23.918840878356935,24.067453139175417,23.38386105810547,25.783328466762544,25.1126558712616,26.097109877218248,30.050798200791117,27.645100830027033,28.86589128569791,25.118180864204408,26.490531959284784,29.235870354522707,day_high,day_stable,2.6306899999999978
2019-05-03 02:45:00+00:00,2019-05-03 03:45:00+00:00,28.41213,954.0,27.235689,27.832050100673676,26.35209126840973,26.223829225410466,24.05328138243103,24.590219572891236,23.584294632781983,25.651440218795777,25.476526693214417,26.37358243833923,28.02405035519326,26.33527809096716,27.621126088244953,25.21865017782593,27.23893204937385,29.788099364151,day_high,day_stable,1.1764410000000005
2019-05-03 03:00:00+00:00,2019-05-03 04:00:00+00:00,29.79463,1018.0,28.02669,27.59525486201286,26.38645445674896,26.0289374527359,24.484510892333983,24.884203427734377,23.707527631225584,25.732700103225707,25.6224570211792,26.291859978141783,28.12003496018908,25.262237653404533,26.985253605642978,24.984196656646727,27.5979795989418,29.79166960090637,day_high,day_stable,1.767940000000003
2019-05-03 03:15:00+00:00,2019-05-03 04:15:00+00:00,25.969999,841.0,27.309191,26.111823093429564,24.92044211579895,24.575782787338255,23.183092844024657,23.730952035919188,22.41830040170288,24.109715950027464,24.24794555856323,24.79921818925476,27.473699617081273,25.39023446123829,27.2039108188276,23.295201551452635,26.466042351261137,28.175766717926024,day_high,day_stable,-1.339191999999997
2019-05-03 03:30:00+00:00,2019-05-03 04:30:00+00:00,23.77331,750.0,28.917879,26.714357271484378,25.909287824920657,25.499592676452636,24.228308096221923,24.92239798574829,23.538219824127196,25.083319559387206,25.230000391296382,25.670244112304687,26.744066920067205,24.734106075023735,26.553770659087913,24.20626963644409,27.706151500038143,28.87374012141609,day_high,day_stable,-5.144569000000001
2019-05-03 03:45:00+00:00,2019-05-03 04:45:00+00:00,17.455379,529.0,28.41213,25.7407809513855,24.852871539001463,24.452818753128053,23.187565447692872,24.026697756652833,22.64867222488403,23.951757075195314,24.14596140563965,24.498366715316777,26.884554812803508,25.8401103547542,27.06831033975161,23.22275936782837,26.84780156791687,27.30490493953705,day_medium,day_ramp_down,-10.956751
2019-05-03 04:00:00+00:00,2019-05-03 05:00:00+00:00,22.666439,716.0,29.79463,25.79913372695923,25.72436804473877,25.161399313812257,24.31395001113892,25.12907404602051,23.784674593811037,24.84195084274292,25.1513628453064,25.3185991734314,25.619893481894497,26.051773700496742,27.023799033025988,24.27250857055664,27.886866757278444,27.637044855957033,day_high,day_stable,-7.128191000000001
2019-05-03 04:15:00+00:00,2019-05-03 05:15:00+00:00,31.19463,1012.0,25.969999,22.32088558332825,21.53360383169556,20.907575770782472,20.453653975891115,21.075679465698244,19.79187266485596,20.85594575064087,20.981379672454835,21.164678737091062,22.87186348187059,24.87771735368302,25.74670233626516,20.35126988546753,23.85977260725403,22.918951913284303,day_high,day_stable,5.224630999999999
2019-05-03 04:30:00+00:00,2019-05-03 05:30:00+00:00,17.240129,538.0,23.77331,19.676355177459715,18.99841004043579,18.329880053100585,17.96940260559082,18.75265865951538,17.52760344177246,18.259869391021727,18.543985182342528,18.843737894592284,17.93608899006337,20.926230016776408,23.50050929681138,17.947459513244628,21.55268626838684,19.97392922073364,day_medium,day_stable,-6.533180999999999
2019-05-03 04:45:00+00:00,2019-05-03 05:45:00+00:00,15.23375,441.0,17.455379,14.924444427780152,12.575179567626954,12.129603376678467,11.719325533203126,12.253658285430909,11.1635408309021,12.087019434265136,12.131704798034669,12.433530798248292,16.77566149223393,17.79628391402146,22.87792645973778,11.585398664764403,14.93347047834778,12.804047575286866,day_medium,day_stable,-2.221629
2019-05-03 05:00:00+00:00,2019-05-03 06:00:00+00:00,13.88691,401.0,22.666439,17.305611554016114,17.476039353240967,16.63419670187378,16.57116550527954,17.201625290740967,16.266270104278565,16.84192890249634,16.848407688964844,17.34816688619995,17.32536891441595,20.046386485619564,22.427565657652565,16.5315832527771,19.5487107666626,17.31227630697632,day_medium,day_ramp_down,-8.779529
2019-05-03 05:15:00+00:00,2019-05-03 06:15:00+00:00,19.635,570.0,31.19463,24.40073618591309,25.76107105911255,24.549325796966553,24.764893385772705,25.474028441314697,24.51895985305786,25.012887331848145,24.882458540802,25.444095942382813,23.231192357275344,23.457686094137916,24.771513290296127,24.8821357220459,27.465328070526123,25.370338770751953,day_medium,day_ramp_down,-11.559629999999999
2019-05-03 05:30:00+00:00,2019-05-03 06:30:00+00:00,20.09656,584.0,17.240129,13.945016628555296,11.677743917755128,11.220911985687255,11.04964638357544,11.609610086730957,10.611067777923584,10.99857330923462,11.07328272467041,11.49642897253418,20.488771872332812,17.930248370999536,21.254527209515157,10.975446707061767,13.295309072784423,11.196080690673828,day_medium,day_stable,2.8564310000000006
2019-05-03 05:45:00+00:00,2019-05-03 06:45:00+00:00,13.51591,391.0,15.23375,12.117362394332886,9.804763927459716,9.442785396575928,9.194372310638428,9.51950611114502,8.612684383392335,9.16813482284546,9.095979824066164,9.470382347106934,20.684622292023786,16.90914068453956,18.75258389599712,9.01707281112671,10.915009632110596,8.959091796875,day_medium,day_stable,-1.7178400000000007
2019-05-03 06:00:00+00:00,2019-05-03 07:00:00+00:00,19.35763,566.0,13.88691,10.758794107589722,8.592726268920899,8.452056446228028,8.022082367095948,8.222745933685303,7.310344734344483,7.79537586227417,7.959826984558106,8.209135093841553,21.751377704884096,17.428403730334274,20.326213652039765,7.7710633660888675,9.519569435272215,7.565096893463135,day_medium,day_stable,5.47072
2019-05-03 06:15:00+00:00,2019-05-03 07:15:00+00:00,13.82959,444.0,19.635,14.089013347625734,14.136101016998293,13.24199224472046,13.293757209777834,13.682521591186523,12.975617656707763,13.313242206573488,13.178357372283935,13.797975788116457,18.070167693821123,16.923477661212374,16.58177684315464,13.241978416442873,14.750605354309084,13.053336868286134,day_medium,day_stable,-5.805410000000002
2019-05-03 06:30:00+00:00,2019-05-03 07:30:00+00:00,9.828876,281.0,20.09656,13.571008680877686,14.238706587371826,13.080376146850586,13.428663729248049,14.01070785385132,13.346028803405762,13.38169240814209,13.403406141815186,14.163377283630371,18.295171458085285,16.623358560197207,17.122818017100112,13.61316966873169,15.10737132888794,13.40231180053711,day_low,day_ramp_down,-10.267684000000001
2019-05-03 06:45:00+00:00,2019-05-03 07:45:00+00:00,8.886938,258.0,13.51591,9.36398825088501,7.828313678894043,7.079596370849609,7.19766745010376,7.502984375152588,6.75088724533081,7.1034382287597655,6.969331592712402,7.607079357299805,15.341766594837187,12.498096398096823,12.990286112918731,7.130637973937988,8.395095676574707,6.8210237924194335,day_low,day_stable,-4.628971999999999
2019-05-03 07:00:00+00:00,2019-05-03 08:00:00+00:00,7.127969,187.0,19.35763,12.058405623321534,13.29916356552124,12.07571099746704,12.435262904052736,13.320767149810791,12.680079684143069,12.756045088653565,12.50890992630005,13.707559332733156,14.3443036028215,12.847724436951363,10.779804194502802,12.974697337036131,14.317154154663086,12.837646231536866,day_low,day_ramp_down,-12.229661
2019-05-03 07:15:00+00:00,2019-05-03 08:15:00+00:00,6.86175,189.0,13.82959,8.764740623321533,8.050891078796386,7.154159225311279,7.396966613616943,8.118703998413086,7.446588195648193,7.81574550994873,7.367271579589843,8.632429756011962,12.4218332843848,10.171844193762348,9.972590921159089,7.827746547546386,9.011667884674072,7.660919822540283,day_low,day_stable,-6.96784
2019-05-03 07:30:00+00:00,2019-05-03 08:30:00+00:00,8.359531,229.0,9.828876,6.180898647857665,4.48432443673706,4.0487580114135735,3.850913506103515,4.506942253662109,3.841308098388671,4.277560692382812,3.9006357007751458,5.119985085083007,7.250915464257388,6.950394395843978,5.888340768337418,3.975275021148681,5.2690973096618645,3.96554945046997,day_low,day_stable,-1.4693449999999988
2019-05-03 07:45:00+00:00,2019-05-03 08:45:00+00:00,6.398656,180.0,8.886938,5.453240776336671,3.840277099884034,3.627184295928956,3.289069080627442,3.862454796112061,3.268014335906983,3.759078407562257,3.4022568705444343,4.592200184143067,7.117208757955672,7.739738906604834,6.969751568007167,3.2141217234497077,4.668688202178956,3.456350231445313,day_low,day_stable,-2.4882820000000008
2019-05-03 08:00:00+00:00,2019-05-03 09:00:00+00:00,9.938907,278.0,7.127969,4.268014642852783,2.5211932393493655,2.6820471021118166,2.273509237426758,2.6813943120422365,2.0419752332153323,2.647356245178223,2.4153444501342776,3.458765957015991,4.398044638125349,4.11585807373515,3.6018922244020617,2.007787916320801,3.5344195100250246,2.648607942718506,day_low,day_stable,2.810938
2019-05-03 08:15:00+00:00,2019-05-03 09:15:00+00:00,4.662875,139.0,6.86175,3.7647811107635496,2.4939578704833982,2.8635290794372557,2.512290828704834,2.85036026763916,2.322009437561035,2.746168964385986,2.552442901611328,3.7632409267425535,3.473215396109933,3.1838634829815775,2.7373333695205084,2.212402694702148,3.8549324207305906,3.0595692329406736,day_low,day_stable,-2.198875
2019-05-03 08:30:00+00:00,2019-05-03 09:30:00+00:00,4.725985,131.0,8.359531,4.178011968475342,4.1553450373229985,4.231185510498047,4.273063257080079,4.7080934790191655,4.335586145263672,4.383332565170289,4.166972711425782,5.847592666488648,2.60614608158003,1.8212857868442636,1.3876267613661293,4.188003137451172,5.8150926378784185,5.055921390396119,day_low,day_stable,-3.633546000000001
2019-05-03 08:45:00+00:00,2019-05-03 09:45:00+00:00,3.845188,113.0,6.398656,3.178073276382446,2.680950511795044,2.6738418234405517,2.9088390959320067,3.1123295916137694,2.7760254038391112,2.958282579284668,2.611354221206665,4.169429887634277,0.9491691461941096,1.254826412036778,1.0752699141982816,2.6082283152160644,4.158424962860107,3.5079389704284667,day_low,day_stable,-2.553468
2019-05-03 09:00:00+00:00,2019-05-03 10:00:00+00:00,3.5188129999999997,99.0,9.938907,5.42474970477295,6.171804281646729,5.575336309844971,6.324212404663086,6.78101715701294,6.633339735443116,6.70776686328125,6.137545916015625,8.101103159362793,1.1999540696868942,1.2780125706111682,0.898037807093786,6.386195990020752,7.867465588027955,7.349614235336304,day_low,day_stable,-6.420094000000001
2019-05-03 09:15:00+00:00,2019-05-03 10:15:00+00:00,2.305297,69.0,4.662875,1.862007680892944,1.3688707981109616,1.0335078868865963,1.806561771392822,2.0284069213867184,1.8900614414215084,2.032892051696777,1.5481796894073483,3.2983052167892453,0.7005150528729006,0.6457268764067786,0.46281059097622,1.7351565990447997,2.9657309684753415,2.617350402832031,day_low,day_stable,-2.3575779999999997
2019-05-03 09:30:00+00:00,2019-05-03 10:30:00+00:00,1.650441,49.0,4.725985,2.0672597383117672,1.969816396102905,1.4959716294860836,2.3127090428924557,2.55926079498291,2.5339872335052487,2.3267917131042477,1.9984976743316647,3.8465564941024777,0.9538791993839282,0.694254218901332,0.4430029290193499,2.32497067199707,3.3001507018661496,3.125445434913635,day_low,day_stable,-3.075544
2019-05-03 09:45:00+00:00,2019-05-03 10:45:00+00:00,0.764654,24.0,3.845188,1.6194470904235838,1.6767889044647215,1.1432083628540035,1.8404890082244871,2.1373439810638426,2.0532885573272703,1.765774347579956,1.4585906050567623,3.233890929019928,0.5814182742401347,0.718297952785872,0.2955943903033552,1.8397930643920897,2.5347964547042845,2.526858069694519,day_low,day_stable,-3.080534
2019-05-03 10:00:00+00:00,2019-05-03 11:00:00+00:00,0.264161,9.0,3.5188129999999997,1.4179378607635496,1.861258969581604,1.0988479712371824,1.8597382166748044,2.349044189727783,2.1394320586090085,1.7722201207046506,1.589291558540344,3.4048429587249753,0.3367993320553661,0.3695440207482752,0.1472841486827286,1.978417263305664,2.3319327690963743,2.5657597043876645,night_lowlight,night_lowlight,-3.2546519999999997
2019-05-03 10:15:00+00:00,2019-05-03 11:15:00+00:00,0.0,0.0,2.305297,0.7274777718276977,1.1979412861557006,0.4167889185638427,0.9021351166458128,1.5764532514305114,1.1721190043182372,0.8577725716323852,0.8079024382324218,2.4452960916252136,0.3600669649666797,0.1092608305085594,0.0192485451224303,1.0535437889785766,1.195958358833313,1.5837639399261474,night_lowlight,night_lowlight,-2.305297
2019-05-03 10:30:00+00:00,2019-05-03 11:30:00+00:00,0.0,0.0,1.650441,0.4650085659179688,1.0221977324638367,0.0728166790161133,0.3562654943618775,1.1682875843200684,0.6784920187149048,0.4269779415283203,0.4674012155685425,1.9828302951011656,0.2726047449557526,0.1264819125575809,0.0,0.5720961780700684,0.5772571058425904,1.073557385936737,night_lowlight,night_lowlight,-1.650441
2019-05-03 10:45:00+00:00,2019-05-03 11:45:00+00:00,0.0,0.0,0.764654,0.0644316865959166,0.4783776595153808,0.0,0.0,0.4598900570430755,0.0,0.0,0.0,1.0839663042583465,0.1772284694535929,0.0619634119506919,0.0,0.0,0.0,0.163904030517578,night_lowlight,night_lowlight,-0.764654
2019-05-03 11:00:00+00:00,2019-05-03 12:00:00+00:00,0.0,0.0,0.264161,0.0,0.255580811733067,0.0,0.0,0.1018796655998229,0.0,0.0,0.0,0.7370434198246002,0.0,0.0,0.0,0.0,0.0,0.0,night_lowlight,night_lowlight,-0.264161
2019-05-03 11:15:00+00:00,2019-05-03 12:15:00+00:00,0.0,0.0,0.0,0.0,0.1599294990301132,0.0,0.0,0.0,0.0,0.0,0.0,0.4608817100524902,0.0,0.0,0.0294380514954305,0.0,0.0,0.0,night_lowlight,night_lowlight,0.0
2019-05-03 11:30:00+00:00,2019-05-03 12:30:00+00:00,0.0,0.0,0.0,0.0,0.2861738801002502,0.0,0.0,0.0,0.0,0.0,0.0,0.5715517997741699,0.0,0.0,0.0,0.0,0.0,0.0,night_lowlight,night_lowlight,0.0
2019-05-03 11:45:00+00:00,2019-05-03 12:45:00+00:00,0.0,0.0,0.0,0.0,0.4008521139621734,0.0,0.0,0.0,0.0,0.0,0.0,0.6670264005661011,0.0,0.0,0.0349532994049193,0.0,0.0,0.0,night_lowlight,night_lowlight,0.0
2019-05-03 12:00:00+00:00,2019-05-03 13:00:00+00:00,0.0,0.0,0.0,0.0,0.5722562670707703,0.0,0.0,0.0,0.0,0.0,0.0,0.7727363109588623,0.0592481608644179,0.0563639363138712,0.0371953505771131,0.0,0.0,0.0,night_lowlight,night_lowlight,0.0
2019-05-03 12:15:00+00:00,2019-05-03 13:15:00+00:00,0.0,0.0,0.0,0.0,0.6557318568229675,0.0,0.0,0.0,0.0,0.0,0.0,0.8280745148658752,0.0629286544373586,0.0,0.0374713162621468,0.0,0.0,0.0,night_lowlight,night_lowlight,0.0
2019-05-03 12:30:00+00:00,2019-05-03 13:30:00+00:00,0.0,0.0,0.0,0.0,0.7393048405647278,0.0,0.0,0.0,0.0,0.0,0.0,0.822791337966919,0.0598737301413305,0.0,0.0374713162621468,0.0,0.0,0.0,night_lowlight,night_lowlight,0.0
2019-05-03 12:45:00+00:00,2019-05-03 13:45:00+00:00,0.0,0.0,0.0,0.0,0.8028493523597717,0.0,0.0,0.0,0.0,0.0,0.0,0.8157107830047607,0.0559889519919387,0.0509926478810186,0.0468048576101725,0.0,0.0,0.0,night_lowlight,night_lowlight,0.0
2019-05-03 13:00:00+00:00,2019-05-03 14:00:00+00:00,0.0,0.0,0.0,0.0,0.8400434255599976,0.0,0.0,0.0,0.0,0.0,0.0,0.8019805550575256,0.0561932365683898,0.0563639363138712,0.0568612349669495,0.0,0.0,0.0,night_lowlight,night_lowlight,0.0
2019-05-03 13:15:00+00:00,2019-05-03 14:15:00+00:00,0.0,0.0,0.0,0.0,0.9041305780410768,0.0,0.0,0.0,0.0,0.0,0.0,0.9346620440483092,0.0627243698609074,0.0545928436353818,0.0571372006519832,0.0,0.0,0.0,night_lowlight,night_lowlight,0.0
2019-05-03 13:30:00+00:00,2019-05-03 14:30:00+00:00,0.0,0.0,0.0,0.0,0.9381607174873352,0.0,0.0,0.0,0.0,0.0,0.0,0.9451419711112976,0.0400616263492807,0.0026292684269119,0.0571372006519832,0.0,0.0,0.0,night_lowlight,night_lowlight,0.0
2019-05-03 13:45:00+00:00,2019-05-03 14:45:00+00:00,0.0,0.0,0.0,0.0,0.8949565291404724,0.0,0.0,0.0,0.0,0.0,0.0,1.009652018547058,0.0534388360402013,0.0026292684269119,0.0210586991076891,0.0,0.0,0.0,night_lowlight,night_lowlight,0.0
2019-05-03 14:00:00+00:00,2019-05-03 15:00:00+00:00,0.0,0.0,0.0,0.0,0.8527255058288574,0.0,0.0,0.0,0.0,0.0,0.0,0.9792805910110474,0.0534388360402013,0.0007837293514136,0.0206741947731708,0.0,0.0,0.0,night_lowlight,night_lowlight,0.0
2019-05-03 14:15:00+00:00,2019-05-03 15:15:00+00:00,0.0,0.0,0.0,0.0,0.8266187310218811,0.0,0.0,0.0,0.0,0.0,0.0,0.947773814201355,0.0534388360402013,0.0007837293514136,0.0206741947731708,0.0,0.0,0.0,night_lowlight,night_lowlight,0.0
2019-05-03 14:30:00+00:00,2019-05-03 15:30:00+00:00,0.0,0.0,0.0,0.0,0.8217829465866089,0.0,0.0,0.0,0.0,0.0,0.0,0.8917064070701599,0.0503839117441732,0.0007837293514136,0.0206741947731708,0.0,0.0,0.0,night_lowlight,night_lowlight,0.0
2019-05-03 14:45:00+00:00,2019-05-03 15:45:00+00:00,0.0,0.0,0.0,0.0,0.8138144016265869,0.0,0.0,0.0,0.0,0.0,0.0,0.8697370290756226,0.0503839117441732,0.0007837293514136,0.0206741947731708,0.0,0.0,0.0,night_lowlight,night_lowlight,0.0
2019-05-03 15:00:00+00:00,2019-05-03 16:00:00+00:00,0.0,0.0,0.0,0.0,0.9150856733322144,0.0,0.0,0.0307145994156599,0.0,0.0,0.0,0.7191068530082703,0.0,0.0283461276458307,0.0433091969282272,0.0,0.0,0.0,night_lowlight,night_lowlight,0.0
2019-05-03 15:15:00+00:00,2019-05-03 16:15:00+00:00,0.0,0.0,0.0,0.0,0.9242891073226928,0.0,0.0,0.0566903837025165,0.0,0.0,0.0,0.6772392392158508,0.0,0.0283461276458307,0.0433091969282272,0.0,0.0,0.0,night_lowlight,night_lowlight,0.0
2019-05-03 15:30:00+00:00,2019-05-03 16:30:00+00:00,0.0,0.0,0.0,0.0,0.926891028881073,0.0,0.0,0.0884386971592903,0.0,0.0,0.0,0.6654021143913269,0.0,0.0283461276458307,0.0433091969282272,0.0,0.0,0.0,night_lowlight,night_lowlight,0.0
2019-05-03 15:45:00+00:00,2019-05-03 16:45:00+00:00,0.0,0.0,0.0,0.0,0.9249878525733948,0.0,0.0,0.09744244068861,0.0,0.0,0.0,0.6945457458496094,0.0,0.0283461276458307,0.0433091969282272,0.0,0.0,0.0,night_lowlight,night_lowlight,0.0
2019-05-03 16:00:00+00:00,2019-05-03 17:00:00+00:00,0.0,0.0,0.0,0.0454231575131416,0.9394801259040833,0.0,0.0,0.1357841193675995,0.0,0.0,0.0044003436341881,0.6962568759918213,0.0,0.0283461276458307,0.0433091969282272,0.0,0.0,0.0,night_lowlight,night_lowlight,0.0
2019-05-03 16:15:00+00:00,2019-05-03 17:15:00+00:00,0.0,0.0,0.0,0.1323067396879196,0.9401307106018066,0.0,0.0,0.1568464636802673,0.0,0.0,0.0297285728156566,0.6839755177497864,0.0,0.0322160446344442,0.0433091969282272,0.0,0.0,0.0,night_lowlight,night_lowlight,0.0
2019-05-03 16:30:00+00:00,2019-05-03 17:30:00+00:00,0.0,0.0,0.0,0.1145954057574272,0.9101503491401672,0.0,0.0,0.1019734367728233,0.0,0.0,0.0,0.752390444278717,0.0,0.0322160446344442,0.0433091969282272,0.0,0.0,0.0,night_lowlight,night_lowlight,0.0
2019-05-03 16:45:00+00:00,2019-05-03 17:45:00+00:00,0.0,0.0,0.0,0.1843874156475067,0.9110899567604064,0.0,0.0,0.176163300871849,0.0,0.0,0.0329335294663906,0.7599980235099792,0.0,0.0322160446344442,0.0433091969282272,0.0,0.0,0.0,night_lowlight,night_lowlight,0.0
2019-05-03 17:00:00+00:00,2019-05-03 18:00:00+00:00,0.0,0.0,0.0,0.0798713415861129,0.8615913987159729,0.0,0.0,0.0398492068052291,0.0,0.0,0.0,0.8360026478767395,0.0,0.0084082317973821,0.0565091163502375,0.0,0.0,0.0,night_lowlight,night_lowlight,0.0
2019-05-03 17:15:00+00:00,2019-05-03 18:15:00+00:00,0.0,0.0,0.0,0.1161626204848289,0.8340516090393066,0.0,0.0,0.0608315393328666,0.0,0.0,0.0,0.9284117817878724,0.0,0.0084082317973821,0.0565091163502375,0.0,0.0,0.0,night_lowlight,night_lowlight,0.0
2019-05-03 17:30:00+00:00,2019-05-03 18:30:00+00:00,0.0,0.0,0.0,0.1998561471700668,0.91037517786026,0.0,0.0,0.226719245314598,0.0,0.0,0.0,0.9527940154075624,0.0,0.0084082317973821,0.0565091163502375,0.0,0.0,0.0,night_lowlight,night_lowlight,0.0
2019-05-03 17:45:00+00:00,2019-05-03 18:45:00+00:00,0.0,0.0,0.0,0.3249605298042297,0.9948430061340332,0.0,0.0,0.4177497029304504,0.0,0.0,0.1432743966579437,0.9778701663017272,0.0,0.0084082317973821,0.0468996093171781,0.0,0.0,0.0,night_lowlight,night_lowlight,0.0
2019-05-03 18:00:00+00:00,2019-05-03 19:00:00+00:00,0.0,0.0,0.0,0.3807118833065033,1.0306915044784546,0.0858221352100372,0.0,0.5205023884773254,0.0,0.0,0.1824759542942047,0.9268615245819092,0.0,0.0084082317973821,0.000180676775862,0.0,0.0,0.0,night_lowlight,night_lowlight,0.0
2019-05-03 18:15:00+00:00,2019-05-03 19:15:00+00:00,0.0,0.0,0.0,0.317999929189682,1.0407041311264038,0.1953144818544387,0.0,0.4500943124294281,0.1756406873464584,0.0,0.0438719727098941,1.0623722076416016,0.0,0.0084082317973821,0.000180676775862,0.0,0.0,0.0131469592452049,night_lowlight,night_lowlight,0.0
2019-05-03 18:30:00+00:00,2019-05-03 19:30:00+00:00,0.0,0.0,0.0,0.3371996283531189,1.0523358583450315,0.2785032987594604,0.0,0.5160494446754456,0.3265269100666046,0.0,0.0743169784545898,1.1749995946884155,0.0,0.0084082317973821,0.000180676775862,0.0,0.0,0.1134931296110153,night_lowlight,night_lowlight,0.0
2019-05-03 18:45:00+00:00,2019-05-03 19:45:00+00:00,0.0,0.0,0.0,0.3865976631641388,1.0742766857147217,0.3718464374542236,0.0,0.5962439179420471,0.4927265346050262,0.0,0.1213630512356758,1.319330096244812,0.0,0.0084082317973821,0.000180676775862,0.0,0.0,0.2142449021339416,night_lowlight,night_lowlight,0.0
2019-05-03 19:00:00+00:00,2019-05-03 20:00:00+00:00,0.0,0.0,0.0,0.3589624464511871,0.9859922528266908,0.3051753044128418,0.0,0.6127874851226807,0.7618874311447144,0.0,0.1630512028932571,1.568654179573059,0.0,0.045219503919052,0.0,0.0,0.0,0.3150972127914428,night_lowlight,night_lowlight,0.0
2019-05-03 19:15:00+00:00,2019-05-03 20:15:00+00:00,0.0,0.0,0.0,0.432097315788269,1.04633367061615,0.4850068986415863,0.0,0.7498224377632141,0.9080803394317628,0.022353695705533,0.211650475859642,1.6810457706451416,0.0,0.0367248537086887,0.0274812950420746,0.0,0.0,0.4053688645362854,night_lowlight,night_lowlight,0.0
2019-05-03 19:30:00+00:00,2019-05-03 20:30:00+00:00,0.0,0.0,0.0,0.4968820214271545,1.0334138870239258,0.5952015519142151,0.0,0.8039008975028992,1.0850311517715454,0.0256487373262643,0.2831822037696838,1.8590179681777952,0.0,0.0,0.0,0.0,0.0,0.5776365399360657,night_lowlight,night_lowlight,0.0
2019-05-03 19:45:00+00:00,2019-05-03 20:45:00+00:00,0.0,0.0,0.0,0.494379460811615,0.9264081120491028,0.6447449922561646,0.0,0.8273108005523682,1.2185397148132324,0.0291016791015863,0.4045755863189697,2.02253794670105,0.1812373844590448,0.0839481735650367,0.0375495871494033,0.0638869404792785,0.0,0.855559766292572,night_lowlight,night_lowlight,0.0
2019-05-03 20:00:00+00:00,2019-05-03 21:00:00+00:00,0.0,0.0,0.0,0.5058720707893372,0.9998307824134828,0.8555435538291931,0.0,0.9235368967056274,1.4138107299804688,0.1067964285612106,0.4562854468822479,2.1999447345733643,0.0,0.0210559892692473,0.0,0.1589277386665344,0.0,0.9917036890983582,night_lowlight,night_lowlight,0.0
2019-05-03 20:15:00+00:00,2019-05-03 21:15:00+00:00,0.0,0.0,0.0,0.6773590445518494,1.1230461597442627,1.1693687438964844,0.0672398209571838,1.0907304286956787,1.575999140739441,0.212104931473732,0.5728572010993958,2.348722219467163,0.0,0.045219503919052,0.0371481640744828,0.2702851593494415,0.0,1.07069194316864,night_lowlight,night_lowlight,0.0
2019-05-03 20:30:00+00:00,2019-05-03 21:30:00+00:00,0.002912,0.0,0.0,0.8648636341094971,1.082719326019287,1.2860729694366455,0.0103033548220992,1.1152418851852417,1.6798330545425415,0.2056158035993576,0.6828119158744812,2.4728219509124756,0.1812373844590448,0.0839481735650367,0.0375495871494033,0.3742073476314544,0.0003517997974995,1.2911691665649414,night_lowlight,night_lowlight,0.002912
2019-05-03 20:45:00+00:00,2019-05-03 21:45:00+00:00,0.251091,10.0,0.0,1.02602219581604,1.07015860080719,1.440487504005432,0.0,1.200411319732666,1.7311559915542605,0.2277358770370483,0.7928444743156433,2.552417039871216,0.0,0.0,0.0,0.436899334192276,0.1282619684934616,1.5141406059265137,night_lowlight,night_lowlight,0.251091
2019-05-03 21:00:00+00:00,2019-05-03 22:00:00+00:00,0.711771,23.0,0.0,1.0788975954055786,1.187447190284729,1.6453077793121338,0.0623147375881671,1.303072214126587,1.922269582748413,0.4121538400650024,0.8422924280166626,2.707712173461914,0.0,0.0,0.0,0.562017560005188,0.2105162888765335,1.6637517213821411,day_low,day_stable,0.711771
2019-05-03 21:15:00+00:00,2019-05-03 22:15:00+00:00,1.983516,65.0,0.0,1.2178717851638794,1.4042129516601562,1.9918650388717651,0.3194570541381836,1.5068222284317017,2.1341912746429443,0.6560413241386414,0.9251722693443298,2.8609201908111572,0.3399834513270564,0.4172242972331306,0.2861751001961545,0.6938260793685913,0.2035235464572906,1.6814082860946655,day_low,day_stable,1.983516
2019-05-03 21:30:00+00:00,2019-05-03 22:30:00+00:00,2.414398,90.0,0.002912,1.5847061427230835,1.4462229760284424,2.11412329989624,0.3466454597110748,1.575903132736206,2.2317702324981687,0.7421905549163819,1.0120712073440552,2.985379174530029,0.231692626690094,0.4796706677674905,0.3018790877802832,0.7984108479614258,0.3671288641090393,1.892105654060364,day_low,day_stable,2.411486
2019-05-03 21:45:00+00:00,2019-05-03 22:45:00+00:00,3.199656,117.0,0.251091,2.121446248451233,1.852496382156372,2.675169941345215,0.7592732276115417,1.930252787033081,2.6310849155578615,1.1414013470802309,1.33191477910614,3.3542785610351564,1.2115782988398212,1.1430997066739843,1.4389545344923318,1.1626865233573913,0.7761284674797058,2.295488592544556,day_low,day_stable,2.948565
2019-05-03 22:00:00+00:00,2019-05-03 23:00:00+00:00,4.3552029999999995,164.0,0.711771,3.103017795654297,2.523165214630127,3.6805875187835695,1.634113360019684,2.5240087395629884,3.317398775192261,1.8866132384262089,1.8763416892013551,3.922088850112915,2.7381150153378795,2.990419123200342,2.766726862178256,1.7404203301391603,1.338271427722931,2.932812202545166,day_low,day_stable,3.6434319999999993
2019-05-03 22:15:00+00:00,2019-05-03 23:15:00+00:00,5.768,215.0,1.983516,5.379769824234009,4.286270878997803,5.981720708099365,3.4375974161300658,4.066186927047729,5.044129632202148,3.4902427417907713,3.2830355388793944,5.422291539398193,3.539780578528271,4.5142140180526065,3.566266981691653,3.205002449241638,2.8427164179954527,4.4030990821990965,day_low,day_stable,3.784484
2019-05-03 22:30:00+00:00,2019-05-03 23:30:00+00:00,7.16975,260.0,2.414398,6.496068761108399,5.086601540802002,7.267736241577149,4.297851011512757,4.762656256912232,5.7078485939483645,4.137513205764771,3.840059325454712,5.9997845146636966,6.273654128803305,7.252502151528814,6.512637990624094,3.73802761769104,3.4592074606399534,4.985992953536988,day_low,day_stable,4.755352
2019-05-03 22:45:00+00:00,2019-05-03 23:45:00+00:00,8.358657000000001,296.0,3.199656,7.837646474700928,6.114356031280518,8.742530813079835,5.356594552856445,5.6730644606170655,6.73024534211731,5.024881234031677,4.604737868171692,6.906522502761841,8.42503898970777,8.99280218096543,7.204999476278472,4.59285770879364,4.37456416116333,5.902783145767212,day_medium,day_stable,5.159001000000001
2019-05-03 23:00:00+00:00,2019-05-04 00:00:00+00:00,11.28466,387.0,4.3552029999999995,9.507306424072263,7.60913833706665,10.421867695739746,6.881843176773071,7.084740725448608,8.179504242828369,6.409581032684326,5.9493508013992304,8.276980009963989,8.854050893117183,9.88373158253582,7.933257972311789,5.985181895187377,5.786898461273193,7.29696735470581,day_medium,day_stable,6.929457000000001
2019-05-03 23:15:00+00:00,2019-05-04 00:15:00+00:00,12.76056,434.0,5.768,11.470212810516358,9.485935085296632,12.26483427810669,8.731714838027955,8.86046850013733,9.823398464202882,8.110641592025758,7.5921052627563475,9.868184917449952,13.389351620419063,14.318688514959804,11.952518270318755,7.565030568122864,7.449084394454956,8.903599851608277,day_medium,day_stable,6.99256
2019-05-03 23:30:00+00:00,2019-05-04 00:30:00+00:00,10.07519,309.0,7.16975,13.090352321624756,11.23557260131836,13.761179233551026,10.468032384872435,10.476790214538577,11.471304679870606,9.787158990859986,9.197150970458985,11.433063293457032,13.480731033730914,14.55704185749596,12.60361491731872,9.150878692626954,9.066552067756652,10.479253316879271,day_medium,day_stable,2.9054399999999996
2019-05-03 23:45:00+00:00,2019-05-04 00:45:00+00:00,16.12669,531.0,8.358657000000001,14.233086225921632,12.854927179748536,14.963653204376222,12.061024544174195,11.933399317199708,12.853818533355714,11.296099302703858,10.703015682632447,12.775068876678468,16.639951730142137,17.885098037555192,14.408328094993912,10.440747616226195,10.414464113647462,11.817536470825196,day_medium,day_stable,7.768032999999999
2019-05-04 00:00:00+00:00,2019-05-04 01:00:00+00:00,17.294809,567.0,11.28466,16.932045597229006,16.13685955444336,17.475184578094485,15.31850828567505,14.989664930496216,16.004456657562258,14.542974609527588,13.75369157234192,15.823308128509522,18.591215749572154,18.203690968785224,17.124270834069243,13.516659158859254,13.385159153137208,14.955078977737427,day_medium,day_stable,6.010149
2019-05-04 00:15:00+00:00,2019-05-04 01:15:00+00:00,18.61125,607.0,12.76056,18.29469820266723,17.803993666229246,18.44495769744873,16.888020956573484,16.44856926208496,17.590400660095213,16.23404380088806,15.215599262771606,17.374727690277098,19.07184016655069,20.52138022383668,18.347900572836952,15.130704844055176,14.859295570907593,16.559068405685423,day_medium,day_stable,5.850689999999998
2019-05-04 00:30:00+00:00,2019-05-04 01:30:00+00:00,19.918501000000003,645.0,10.07519,16.387858800354003,15.036932401123046,15.864319734039306,14.155314855041505,13.657589129867551,14.695872716369628,13.565873794021606,12.693416766586305,14.667801789703368,20.335716182624328,23.062968563780625,18.244261668984205,12.37364142364502,12.051852397384645,13.823081426086423,day_medium,day_ramp_up,9.843311000000003
2019-05-04 00:45:00+00:00,2019-05-04 01:45:00+00:00,21.314131,691.0,16.12669,21.42426022857666,20.716839879455566,21.183175176086426,19.674085944595337,19.43825039237976,20.69205340713501,19.544281094970703,18.459468692245483,20.57166060775757,20.59344988756683,22.867158214082934,20.40019302873289,18.46483287185669,18.013759702148437,19.947337954940796,day_high,day_stable,5.187441
2019-05-04 01:00:00+00:00,2019-05-04 02:00:00+00:00,22.4105,730.0,17.294809,22.20664323995972,21.50068630407715,21.831890241607667,20.31358899305725,20.133199827178956,21.45998348425293,20.57580436895752,19.334865705474854,21.41376890371704,22.31103569084394,23.914983501949028,21.93753691604339,19.717803136810303,18.98201502989197,21.05068387220764,day_high,day_stable,5.115690999999998
2019-05-04 01:15:00+00:00,2019-05-04 02:15:00+00:00,23.548,772.0,18.61125,23.255658226013185,22.35814102172851,22.596463994979857,20.897879438400267,20.97491009712219,22.255902128219603,21.641329841613768,20.06352324962616,22.31793077468872,24.545196400607704,24.09730494339328,22.908067430887822,20.696909980773924,19.906395273208616,22.176411943435667,day_high,day_stable,4.93675
2019-05-04 01:30:00+00:00,2019-05-04 02:30:00+00:00,24.528879,808.0,19.918501000000003,24.10968742807007,23.213215212417605,23.233045677734378,21.47963355023957,21.588020782066348,22.771509031845095,22.55372105081177,20.857699136329657,22.99683652360535,23.87675606899374,24.023834396175065,22.086960996923633,22.177299837661742,21.08227489431,23.372525314880377,day_high,day_stable,4.610377999999997
2019-05-04 01:45:00+00:00,2019-05-04 02:45:00+00:00,23.81138,769.0,21.314131,25.18415639634705,23.96119902368164,23.758251168685913,21.94981185432053,22.16588536735153,23.31140337224579,23.18413648839569,21.319593195258587,23.5659460806427,25.066568624793636,23.667944585322704,21.486353591501796,23.089820721107483,21.923603692012787,24.344909646469116,day_high,day_stable,2.497249
2019-05-04 02:00:00+00:00,2019-05-04 03:00:00+00:00,25.87331,854.0,22.4105,24.994903991699218,24.495103071212768,24.11567039299011,22.712389538764953,23.00621075439453,23.860565851211547,23.81677908706665,22.309673751473422,24.154151032447817,25.113268339675052,24.880417853919663,23.709226941018365,24.287620614051814,22.88836036133766,25.33508200454712,day_high,day_stable,3.462810000000001
2019-05-04 02:15:00+00:00,2019-05-04 03:15:00+00:00,24.528879,886.0,23.548,25.56322135734558,25.08488859939575,24.62765016365051,23.327725462198256,23.643740273594855,24.195332370281218,24.13928338098526,23.1415463309288,24.58687355327606,27.153607795515487,25.35792836339775,24.1671404180657,25.40977349090576,23.869963757276533,26.220085523605345,day_high,day_stable,0.9808790000000016
2019-05-04 02:30:00+00:00,2019-05-04 03:30:00+00:00,26.988939,908.0,24.528879,26.16634304647827,25.154316200069427,24.37560276513481,23.42084128981018,23.586434377483368,24.052008284381863,24.23477642064476,23.18510360842133,24.35425253038788,27.51009321836073,25.698256822563295,24.4819138628937,25.64882345323944,24.19924385671997,26.275971247009277,day_high,day_stable,2.4600599999999986
2019-05-04 02:45:00+00:00,2019-05-04 03:45:00+00:00,27.249689,902.0,23.81138,24.70377591360092,23.451506019716263,22.87342319000244,21.93102523792267,22.28684005249023,22.568151683692932,22.717259616737365,21.836699576263428,22.786268563156128,25.734456564825237,23.886034373321568,23.459466460469525,24.38009771812439,23.19034281480789,25.05882188785553,day_high,day_stable,3.4383090000000003
2019-05-04 03:00:00+00:00,2019-05-04 04:00:00+00:00,27.39625,912.0,25.87331,25.586549431381226,25.02420076757431,24.148197323379517,23.725213200149536,24.036498934326172,23.97842350631714,24.444242388305664,23.567636400756836,24.02150931983948,27.596840062076495,24.6048404559421,25.780475816674993,26.111737758216854,25.013786942062374,26.63404318719864,day_high,day_stable,1.5229399999999984
2019-05-04 03:15:00+00:00,2019-05-04 04:15:00+00:00,27.28688,908.0,24.528879,23.55095793133163,22.792332364372253,21.99201138143921,21.528476311019897,22.081945968917847,22.004971100143432,22.20070107107544,21.59174044256592,21.79425437574768,23.142119134194036,20.47130902442163,24.608646210894648,23.807547582439422,23.12133128767395,24.170287681869507,day_high,day_stable,2.758001
2019-05-04 03:30:00+00:00,2019-05-04 04:30:00+00:00,27.405439,901.0,26.988939,25.354217840065,24.475632382263186,23.76262278639221,23.376690579284663,24.095926953186034,23.77354521833801,24.044068766464232,23.494992447723387,23.434010697235102,25.820158884306164,23.096328647664993,25.149511800593697,25.522363973487852,25.108723116744994,25.6725966461792,day_high,day_stable,0.41650000000000276
2019-05-04 03:45:00+00:00,2019-05-04 04:45:00+00:00,27.33806,893.0,27.249689,24.931546585906982,24.0993200710907,23.461944001068115,23.136182682861328,24.024197237838745,23.43266763006592,23.80721535002136,23.3186644486084,22.99916734014893,25.502484433676074,22.709562193095817,25.52839915946395,25.168482201446533,24.942752259124756,25.180719988693237,day_high,day_stable,0.08837099999999865
2019-05-04 04:00:00+00:00,2019-05-04 05:00:00+00:00,27.160879,865.0,27.39625,24.6275150680542,23.833291521072383,23.06345676422119,23.20537113189697,23.61295889854431,22.931070079803465,23.72363924026489,22.94557641983032,22.424669494628905,24.267652304993156,23.356809899723284,25.361749608303004,24.44477485656738,24.3743879699707,24.32819317817688,day_high,day_stable,-0.2353709999999971
2019-05-04 04:15:00+00:00,2019-05-04 05:15:00+00:00,26.645059999999997,855.0,27.28688,23.7811107472229,23.23445509231567,22.445871813659668,22.62054441726685,23.20927761352539,22.29758213317871,23.126149161224365,22.44757507598877,21.78800295150757,23.58322184674867,23.845519572205863,26.302643282323277,23.635565026168823,23.8539502457428,23.5718183354187,day_high,day_stable,-0.6418200000000027
2019-05-04 04:30:00+00:00,2019-05-04 05:30:00+00:00,26.631941,837.0,27.405439,23.165631394256593,22.9602747963562,22.151041607727052,22.290343861450197,23.31870613562012,22.131846051086427,22.862671475280763,22.16481457220459,21.614839653839113,24.247738323037893,23.857503474246883,25.967788462346046,23.21586046682739,23.59693012701416,23.286602597106935,day_high,day_stable,-0.773498
2019-05-04 04:45:00+00:00,2019-05-04 05:45:00+00:00,26.030379999999997,819.0,27.33806,22.85469064956665,22.428335287628173,21.61602459197998,21.94953785186767,22.86745367294311,21.63538608795166,22.423882105407714,21.79872427230835,21.154027559814452,24.538504798323295,23.591451585134987,25.91510031394479,22.767209150848387,23.082485773620604,22.69328651672363,day_high,day_stable,-1.3076800000000013
2019-05-04 05:00:00+00:00,2019-05-04 06:00:00+00:00,25.08713,767.0,27.160879,22.4458287795105,22.177934034637452,21.20431028204346,21.83070789175415,22.583365782073976,21.181805952362065,22.099604471496583,21.407335146240236,20.72848211126709,23.542060943217862,21.9048028456722,25.226052484229008,22.33017526464844,22.710497721008306,22.2224138815918,day_high,day_stable,-2.073749000000003
2019-05-04 05:15:00+00:00,2019-05-04 06:15:00+00:00,24.153060999999997,739.0,26.645059999999997,21.9445247026062,21.2947706552124,20.4217762322998,20.918076929626466,21.858757910308835,20.497276243743897,21.120808062133783,20.624063906249997,20.046762880859372,22.995190004280463,21.31741028671679,24.88706639595146,21.221383986053464,21.979348120269773,21.378279146728513,day_high,day_stable,-2.491999
2019-05-04 05:30:00+00:00,2019-05-04 06:30:00+00:00,23.307369,696.0,26.631941,21.30918900109863,20.937930742279057,19.90693632699585,20.664121309295655,21.50905529595947,20.242053190246583,20.76091925241089,20.28011290170288,19.798599878326417,22.313164658284386,21.027828300127673,23.14168491707656,20.692168870941163,21.59065023995972,20.99577681161499,day_high,day_stable,-3.324572
2019-05-04 05:45:00+00:00,2019-05-04 06:45:00+00:00,21.80106,655.0,26.030379999999997,20.120508898620603,20.06987928283691,19.0096166027832,19.753657091979974,20.861114252929685,19.575034369354245,19.90074371231079,19.517016161804197,19.150176752929685,20.24496323344258,19.844025491604476,21.751555983671565,19.723790873413083,20.87043832672119,20.266599882965085,day_medium,day_stable,-4.229319999999998
2019-05-04 06:00:00+00:00,2019-05-04 07:00:00+00:00,20.11319,592.0,25.08713,19.210939337615965,18.892351080780028,17.84214775741577,18.69440787017822,19.801918913726805,18.51240627944946,18.815617491607664,18.489955355529784,18.13220541656494,20.125727356773034,19.03222682709145,20.514740099074608,18.62846129119873,19.817806174163817,19.28235666931152,day_medium,day_stable,-4.973939999999999
2019-05-04 06:15:00+00:00,2019-05-04 07:15:00+00:00,19.10475,584.0,24.153060999999997,17.813233462463376,17.770243254791257,16.572192755828855,17.728657332550046,18.56335505593872,17.390185443054197,17.78752049554443,17.384005633483884,17.03513774026489,18.42013589571058,16.58117533870053,16.917036440142983,17.559183684478757,18.67335423577881,18.130390730987543,day_medium,day_stable,-5.048310999999998
2019-05-04 06:30:00+00:00,2019-05-04 07:30:00+00:00,17.573059,533.0,23.307369,16.666300064605714,16.840664631408693,15.463147408050538,16.817194706481935,17.648990398925783,16.441046482604982,16.86076760916138,16.544099098724367,16.12606597570801,18.525714869020696,16.098454755376753,16.492432643951464,16.722219234985353,17.794919735473634,17.232494122070314,day_medium,day_stable,-5.734310000000001
2019-05-04 06:45:00+00:00,2019-05-04 07:45:00+00:00,15.80688,473.0,21.80106,15.062097826538086,15.177547255096435,13.778763094482422,15.15672473007202,16.068939962921142,14.861138620910644,15.195594111022949,14.9666512399292,14.591888227996826,16.20130378209501,14.909338088884883,14.77735615659728,15.09407118850708,16.237558641967773,15.627614775238037,day_medium,day_stable,-5.99418
2019-05-04 07:00:00+00:00,2019-05-04 08:00:00+00:00,15.02025,446.0,20.11319,13.010728185119628,13.32186919921875,11.824023549499511,13.458320443572998,14.263643567504882,13.136466329040529,13.573964421691894,13.12281781906128,12.966114346923828,15.207480448724754,14.829081254210166,15.153278554649882,13.57363874191284,14.494697396697998,13.960035626831054,day_medium,day_stable,-5.092939999999999
2019-05-04 07:15:00+00:00,2019-05-04 08:15:00+00:00,9.641407,291.0,19.10475,12.015457473754882,12.358398281097411,11.206168495178222,12.558435760498046,13.48401149368286,12.279555164337156,12.661208950042724,12.417755447387696,12.259260498046874,13.73712507575704,12.419313907949729,12.879389859303163,12.833453498840331,13.84997876739502,13.401695095062257,day_low,day_ramp_down,-9.463343
2019-05-04 07:30:00+00:00,2019-05-04 08:30:00+00:00,5.695375,167.0,17.573059,10.87156382940674,10.974684156402589,9.675251878723143,11.124495424255372,12.013458646759034,10.824710763916016,11.243203557952882,10.870863832458497,10.80128327749634,10.573205565877336,9.91084463858656,10.306070179629447,11.409446157440186,12.298619665130616,11.9684127940979,day_low,day_ramp_down,-11.877684
2019-05-04 07:45:00+00:00,2019-05-04 08:45:00+00:00,4.58336,134.0,15.80688,9.07318449295044,9.34036445892334,8.117423537139892,9.413048746948242,10.364477160339357,9.163628580932617,9.533454420928956,9.250497820739746,9.20725727355957,8.109709633830022,7.753719837392136,8.611310547184484,9.860615256195068,10.65986204421997,10.523550036315918,day_low,day_ramp_down,-11.22352
2019-05-04 08:00:00+00:00,2019-05-04 09:00:00+00:00,3.1100779999999997,92.0,15.02025,8.051838554382325,8.712669052124024,7.552139915466309,8.807765163421632,9.790441192626954,8.5404874458313,8.862289108276368,8.70506206893921,8.770362533569337,6.307830810649404,6.2179715858692575,6.141606056065403,9.405414737701417,10.151344455718997,10.360788501739504,day_low,day_ramp_down,-11.910172000000001
2019-05-04 08:15:00+00:00,2019-05-04 09:15:00+00:00,3.792469,110.0,9.641407,4.288969503814696,3.926177965576171,2.998508917266845,4.0296053757019035,4.740046965057372,3.3859004844970695,3.935176359588622,3.792806612426757,3.731485353881835,5.156656715485479,4.4159734139597715,4.773636390320459,4.476877676422118,5.015795694763183,5.322926985198974,day_low,day_stable,-5.848937999999999
2019-05-04 08:30:00+00:00,2019-05-04 09:30:00+00:00,3.267305,96.0,5.695375,1.715837274551392,0.9145174369812016,0.4421773300170901,0.7909393653869632,1.3290796623229983,0.0,0.4907675132751468,0.5993643150329593,0.3156028137207034,2.42306684854555,2.9057003583624383,3.0893208885589725,1.0687461242675784,1.5118313179016116,1.6750812873840335,day_low,day_stable,-2.4280700000000004
2019-05-04 08:45:00+00:00,2019-05-04 09:45:00+00:00,1.511699,46.0,4.58336,1.4862924054718016,0.711609168395996,0.5250184968566893,0.3529427484130858,0.5111558869934081,0.0,0.0,0.1581314042663573,0.0,1.3977443203034678,2.3592483006670744,2.7222126724748734,0.2564757302856444,0.608023209915161,0.6089568570709227,day_low,day_stable,-3.0716609999999998
2019-05-04 09:00:00+00:00,2019-05-04 10:00:00+00:00,1.0393629999999998,34.0,3.1100779999999997,0.1881791581420895,0.17624797718811,0.0,0.0,0.0,0.0,0.0,0.0,0.0,0.4707623222150331,0.5531723805609895,0.7435786034539733,0.0,0.0,0.0,day_low,day_stable,-2.070715
2019-05-04 09:15:00+00:00,2019-05-04 10:15:00+00:00,0.54291,19.0,3.792469,0.6854855767669679,1.6765970937194823,0.9136910191955568,0.6741490117492677,1.2086360207977296,0.0,0.2286953679504395,0.6869292012634278,0.5944933644714356,0.4793042880147377,0.1859769724722538,0.5427560110754782,0.9531528703155518,1.1178571931304933,0.7179231397094727,night_lowlight,night_lowlight,-3.249559
2019-05-04 09:30:00+00:00,2019-05-04 10:30:00+00:00,0.320558,12.0,3.267305,0.7620302273559569,1.9833507372665404,1.1902490689086913,0.7595218254852294,1.4433177544403075,0.0274876190948485,0.3177693917083739,0.6709505154418944,0.7738112046051024,0.2512829282988945,0.0,0.2611238276424734,1.1451002194213866,1.0231336190032958,0.4428554608154296,night_lowlight,night_lowlight,-2.946747
2019-05-04 09:45:00+00:00,2019-05-04 10:45:00+00:00,0.335412,12.0,1.511699,0.0,1.005109050868988,0.1546594291915892,0.0,0.4275983959426879,0.0,0.0,0.0,0.0,0.2890228996895642,0.0670590797414434,0.0405651362876333,0.0062935739746092,0.0,0.0,night_lowlight,night_lowlight,-1.1762869999999999
2019-05-04 10:00:00+00:00,2019-05-04 11:00:00+00:00,0.057239,4.0,1.0393629999999998,0.0,1.075704570317745,0.0963739486579893,0.0,0.5517281623725889,0.0,0.0,0.0617572399024961,0.0,0.1533379431498617,0.0624844442801941,0.0,0.0945512386207578,0.0,0.0,night_lowlight,night_lowlight,-0.9821239999999998
2019-05-04 10:15:00+00:00,2019-05-04 11:15:00+00:00,0.0,0.0,0.54291,0.0,1.027787586364746,0.1021485828495025,0.0,0.5406043067740649,0.0,0.0,0.2122997545337677,0.0,0.1027871573101264,0.0451779863077414,0.0,0.0,0.0,0.0,night_lowlight,night_lowlight,-0.54291
2019-05-04 10:30:00+00:00,2019-05-04 11:30:00+00:00,0.0,0.0,0.320558,0.0,0.9859456304626464,0.0,0.0,0.4392651576714516,0.0,0.0,0.208466972799778,0.0,0.1027871573101264,0.1046598289725182,0.0,0.0,0.0,0.0,night_lowlight,night_lowlight,-0.320558
2019-05-04 10:45:00+00:00,2019-05-04 11:45:00+00:00,0.0,0.0,0.335412,0.0,1.0620401247138975,0.0,0.0,0.4901095672245025,0.0,0.0128440900440215,0.2783374941642284,0.0780821486110687,0.1510891045527671,0.1046598289725182,0.0,0.0,0.0,0.0,night_lowlight,night_lowlight,-0.335412
2019-05-04 11:00:00+00:00,2019-05-04 12:00:00+00:00,0.0,0.0,0.057239,0.0,0.8606143633499146,0.0,0.0,0.1361014435663223,0.0,0.0,0.0603098888079971,0.0,0.1568868157935537,0.0203550216901981,0.1479804925581353,0.0,0.0,0.0,night_lowlight,night_lowlight,-0.057239
2019-05-04 11:15:00+00:00,2019-05-04 12:15:00+00:00,0.0,0.0,0.0,0.0,0.8075969219207764,0.0,0.0,0.0544630773365497,0.0,0.0,0.0,0.0,0.0,0.0203550216901981,0.1479804925581353,0.0,0.0,0.0,night_lowlight,night_lowlight,0.0
2019-05-04 11:30:00+00:00,2019-05-04 12:30:00+00:00,0.0,0.0,0.0,0.0,0.8419904708862305,0.0,0.0,0.0648551657795906,0.0,0.0,0.0,0.0,0.0,0.0203550216901981,0.1479804925581353,0.0,0.0,0.0,night_lowlight,night_lowlight,0.0
2019-05-04 11:45:00+00:00,2019-05-04 12:45:00+00:00,0.0,0.0,0.0,0.0,0.8859378695487976,0.0,0.0,0.0465591549873352,0.0,0.0,0.0,0.0,0.0,0.0203550216901981,0.1479804925581353,0.0,0.0,0.0,night_lowlight,night_lowlight,0.0
2019-05-04 12:00:00+00:00,2019-05-04 13:00:00+00:00,0.0,0.0,0.0,0.0,0.9197528958320618,0.0,0.0,0.0896942690014839,0.0,0.0,0.0,0.0704696029424667,0.0848979947059216,0.0274836482872227,0.2003065991318289,0.0,0.0,0.0,night_lowlight,night_lowlight,0.0
2019-05-04 12:15:00+00:00,2019-05-04 13:15:00+00:00,0.0,0.0,0.0,0.0,0.9127289056777954,0.0,0.0,0.0155082996934652,0.0,0.0,0.0,0.255917340517044,0.0808855488181798,0.0328549367200753,0.2003065991318289,0.0,0.0,0.0,night_lowlight,night_lowlight,0.0
2019-05-04 12:30:00+00:00,2019-05-04 13:30:00+00:00,0.0,0.0,0.0,0.0,0.9202476739883424,0.0,0.0,0.0765586346387863,0.0,0.0,0.0,0.2189930528402328,0.0627243698609074,0.0328549367200753,0.2003065991318289,0.0,0.0,0.0,night_lowlight,night_lowlight,0.0
2019-05-04 12:45:00+00:00,2019-05-04 13:45:00+00:00,0.0,0.0,0.0,0.0,0.9497475624084472,0.0,0.0,0.1048988997936248,0.0,0.0,0.0,0.2028247416019439,0.0528063599575607,0.0328549367200753,0.2003065991318289,0.0,0.0,0.0,night_lowlight,night_lowlight,0.0
2019-05-04 13:00:00+00:00,2019-05-04 14:00:00+00:00,0.0,0.0,0.0,0.0,0.97881019115448,0.0,0.0,0.1831263452768325,0.0,0.0,0.0004815516585949,0.2014305889606475,0.0631286453524532,0.0328549367200753,0.2099161061648883,0.0,0.0,0.0,night_lowlight,night_lowlight,0.0
2019-05-04 13:15:00+00:00,2019-05-04 14:15:00+00:00,0.0,0.0,0.0,0.0,0.9748156070709229,0.0,0.0,0.136289581656456,0.0,0.0,0.0,0.2637495398521423,0.0661835696484813,0.0328549367200753,0.2099161061648883,0.0,0.0,0.0,night_lowlight,night_lowlight,0.0
2019-05-04 13:30:00+00:00,2019-05-04 14:30:00+00:00,0.0,0.0,0.0,0.0,0.9422689080238342,0.0,0.0,0.0900842919945716,0.0,0.0,0.0,0.3228963315486908,0.0661835696484813,0.0328549367200753,0.2099161061648883,0.0,0.0,0.0,night_lowlight,night_lowlight,0.0
2019-05-04 13:45:00+00:00,2019-05-04 14:45:00+00:00,0.0,0.0,0.0,0.0,0.9031305313110352,0.0,0.0,0.0499007329344749,0.0,0.0,0.0,0.3594439327716827,0.0661835696484813,0.0328549367200753,0.2099161061648883,0.0,0.0,0.0,night_lowlight,night_lowlight,0.0
2019-05-04 14:00:00+00:00,2019-05-04 15:00:00+00:00,0.0,0.0,0.0,0.0,0.9468275308609008,0.0,0.0,0.1878103166818618,0.0,0.0,0.0,0.2763962149620056,0.0661835696484813,0.0328549367200753,0.0,0.0,0.0,0.0,night_lowlight,night_lowlight,0.0
2019-05-04 14:15:00+00:00,2019-05-04 15:15:00+00:00,0.0,0.0,0.0,0.0,0.9299893975257874,0.0,0.0,0.1474333554506302,0.0,0.0,0.0,0.3063667416572571,0.0661835696484813,0.0328549367200753,0.0,0.0,0.0,0.0,night_lowlight,night_lowlight,0.0
2019-05-04 14:30:00+00:00,2019-05-04 15:30:00+00:00,0.0,0.0,0.0,0.0,0.921472430229187,0.0,0.0,0.2255143672227859,0.0,0.0,0.0,0.3035129010677337,0.0631286453524532,0.0328549367200753,0.0,0.0,0.0,0.0,night_lowlight,night_lowlight,0.0
2019-05-04 14:45:00+00:00,2019-05-04 15:45:00+00:00,0.0,0.0,0.0,0.0,0.9044029712677002,0.0,0.0,0.1635342389345169,0.0,0.0,0.0,0.3526784181594848,0.0,0.0328549367200753,0.0,0.0,0.0,0.0,night_lowlight,night_lowlight,0.0
2019-05-04 15:00:00+00:00,2019-05-04 16:00:00+00:00,0.0,0.0,0.0,0.0,0.7635058164596558,0.0,0.0,0.0,0.0,0.0,0.0,0.7054153084754944,0.0,0.0,0.0,0.0,0.0,0.0,night_lowlight,night_lowlight,0.0
2019-05-04 15:15:00+00:00,2019-05-04 16:15:00+00:00,0.0,0.0,0.0,0.0,0.5917165279388428,0.0,0.0,0.0,0.0932752341032028,0.0,0.0,0.8425462245941162,0.0,0.0,0.0,0.0,0.0,0.0,night_lowlight,night_lowlight,0.0
2019-05-04 15:30:00+00:00,2019-05-04 16:30:00+00:00,0.0,0.0,0.0,0.0,0.6603001952171326,0.0,0.0,0.0,0.247513547539711,0.0,0.0,1.002926468849182,0.0,0.0171860722806338,0.0,0.0,0.0,0.0,night_lowlight,night_lowlight,0.0
2019-05-04 15:45:00+00:00,2019-05-04 16:45:00+00:00,0.0,0.0,0.0,0.0,0.7979965806007385,0.0,0.0,0.0026547776069492,0.2787300944328308,0.0,0.0,1.031208038330078,0.0,0.0328549367200753,0.0,0.0,0.0,0.0,night_lowlight,night_lowlight,0.0
2019-05-04 16:00:00+00:00,2019-05-04 17:00:00+00:00,0.0,0.0,0.0,0.0011146339820697,0.7765083312988281,0.0,0.0,0.0134686138480901,0.3073051571846008,0.0,0.0,1.2021833658218384,0.0,0.0413495869304386,0.0,0.0,0.0,0.0,night_lowlight,night_lowlight,0.0
2019-05-04 16:15:00+00:00,2019-05-04 17:15:00+00:00,0.0,0.0,0.0,0.1067432835698127,0.8110209107398987,0.0,0.0,0.0702645555138588,0.3226719200611114,0.0,0.0,1.2610372304916382,0.0,0.0328549367200753,0.0,0.0,0.0,0.0,night_lowlight,night_lowlight,0.0
2019-05-04 16:30:00+00:00,2019-05-04 17:30:00+00:00,0.0,0.0,0.0,0.1596851944923401,0.6848953366279602,0.0,0.0,0.0369031392037868,0.3892369270324707,0.0,0.0,1.351407527923584,0.1692731549175913,0.0800782565764232,0.0181016735873243,0.0,0.0,0.0,night_lowlight,night_lowlight,0.0
2019-05-04 16:45:00+00:00,2019-05-04 17:45:00+00:00,0.0,0.0,0.0,0.159468337893486,0.5928376913070679,0.0,0.0,0.0885776281356811,0.4333798885345459,0.0,0.0,1.4347938299179075,0.0,0.0,0.0,0.0,0.0,0.0,night_lowlight,night_lowlight,0.0
2019-05-04 17:00:00+00:00,2019-05-04 18:00:00+00:00,0.0,0.0,0.0,0.1479503363370895,0.582331120967865,0.0,0.0,0.1574206948280334,0.4337446391582489,0.0,0.0,1.4897836446762085,0.0,0.0,0.0302972770361824,0.0,0.0,0.0,night_lowlight,night_lowlight,0.0
2019-05-04 17:15:00+00:00,2019-05-04 18:15:00+00:00,0.0,0.0,0.0,0.1387562900781631,0.7891631126403809,0.0,0.0,0.2022729367017746,0.5611903667449951,0.0,0.0,1.630180597305298,0.0,0.0,0.0,0.0,0.0,0.0,night_lowlight,night_lowlight,0.0
2019-05-04 17:30:00+00:00,2019-05-04 18:30:00+00:00,0.0,0.0,0.0,0.2181639224290847,0.8536494374275208,0.0,0.0,0.307049959897995,0.6516457796096802,0.0,0.0,1.725427269935608,0.0,0.0,0.0,0.0,0.0,0.000793011044152,night_lowlight,night_lowlight,0.0
2019-05-04 17:45:00+00:00,2019-05-04 18:45:00+00:00,0.0,0.0,0.0,0.3226172924041748,0.7073514461517334,0.0,0.0,0.3678742945194244,0.6835421323776245,0.0,0.0,1.7983391284942627,0.0,0.0,0.0,0.0,0.0,0.1575664579868316,night_lowlight,night_lowlight,0.0
2019-05-04 18:00:00+00:00,2019-05-04 19:00:00+00:00,0.0,0.0,0.0,0.2957710921764374,0.9270206093788148,0.1546519547700882,0.0,0.4837577044963836,0.793957531452179,0.0,0.0,1.8795838356018064,0.0,0.0413495869304386,0.0,0.0,0.0,0.126847431063652,night_lowlight,night_lowlight,0.0
2019-05-04 18:15:00+00:00,2019-05-04 19:15:00+00:00,0.0,0.0,0.0,0.4170841872692108,0.7961240410804749,0.159955233335495,0.0,0.5372742414474487,0.8688632249832153,0.0,0.0,1.9867991209030151,0.0,0.0,0.0,0.0,0.0,0.2822000682353973,night_lowlight,night_lowlight,0.0
2019-05-04 18:30:00+00:00,2019-05-04 19:30:00+00:00,0.0,0.0,0.0,0.4396474957466125,1.0248078107833862,0.4480512738227844,0.0,0.6737925410270691,0.9579700231552124,0.0,0.0,2.0485074520111084,0.0,0.045219503919052,0.0,0.0,0.0,0.251130610704422,night_lowlight,night_lowlight,0.0
2019-05-04 18:45:00+00:00,2019-05-04 19:45:00+00:00,0.0,0.0,0.0,0.6195061802864075,1.0094274282455444,0.5068795680999756,0.0,0.7130280137062073,1.0560379028320312,0.0,0.0474678166210651,2.1362462043762207,0.0,0.0,0.0,0.0,0.0,0.3539388179779053,night_lowlight,night_lowlight,0.0
2019-05-04 19:00:00+00:00,2019-05-04 20:00:00+00:00,0.0,0.0,0.0,0.7228055596351624,0.8764237761497498,0.5354846715927124,0.0,0.7556641697883606,1.116796374320984,0.0,0.1759796291589737,2.22424578666687,0.0,0.0,0.0,0.0,0.0,0.5371444225311279,night_lowlight,night_lowlight,0.0
2019-05-04 19:15:00+00:00,2019-05-04 20:15:00+00:00,0.0,0.0,0.0,0.6931700706481934,0.901268482208252,0.6629276871681213,0.0,0.8557433485984802,1.2540814876556396,0.0,0.2914859652519226,2.360262632369995,0.0,0.0,0.0,0.0,0.0,0.6513046026229858,night_lowlight,night_lowlight,0.0
2019-05-04 19:30:00+00:00,2019-05-04 20:30:00+00:00,0.0,0.0,0.0,0.7964359521865845,0.913581132888794,0.8601858019828796,0.0,0.9520072340965272,1.3587597608566284,0.0,0.3869932889938354,2.476083755493164,0.0,0.0,0.0,0.0304363556206226,0.0,0.8012264370918274,night_lowlight,night_lowlight,0.0
2019-05-04 19:45:00+00:00,2019-05-04 20:45:00+00:00,0.0,0.0,0.0,1.0333783626556396,0.982782781124115,1.1398262977600098,0.0,1.1327695846557615,1.4859639406204224,0.0553212612867355,0.5638452172279358,2.588390350341797,0.0,0.0,0.0,0.1199477985501289,0.0,0.9072564840316772,night_lowlight,night_lowlight,0.0
2019-05-04 20:00:00+00:00,2019-05-04 21:00:00+00:00,0.0,0.0,0.0,1.131738305091858,1.0240041017532349,1.373155951499939,0.0122216045856475,1.1631208658218384,1.5923069715499878,0.1646780669689178,0.5903857946395874,2.6696343421936035,0.0,0.0,0.0,0.1914854794740677,0.0,1.0118398666381836,night_lowlight,night_lowlight,0.0
2019-05-04 20:15:00+00:00,2019-05-04 21:15:00+00:00,0.0,0.0,0.0,1.3434221744537354,1.081226825714111,1.5929478406906128,0.1251427829265594,1.2700796127319336,1.706973671913147,0.3088650405406952,0.6954697370529175,2.76895809173584,0.0,0.0,0.0,0.2732842862606048,0.0,1.111991286277771,night_lowlight,night_lowlight,0.0
2019-05-04 20:30:00+00:00,2019-05-04 21:30:00+00:00,0.0,2.0,0.0,1.5419442653656006,1.1622129678726196,1.8382256031036377,0.2341264188289642,1.3779312372207642,1.8115652799606323,0.4127068519592285,0.7904552817344666,2.8595917224884033,0.0,0.0,0.0,0.3498409986495971,0.0,1.21439790725708,night_lowlight,night_lowlight,0.0
2019-05-04 20:45:00+00:00,2019-05-04 21:45:00+00:00,0.428511,16.0,0.0,1.5291131734848022,1.2386399507522583,2.043954372406006,0.2526890933513641,1.3477027416229248,1.9864501953125,0.5050888061523438,0.7757729291915894,2.9683797359466553,0.0,0.0,0.0,0.4863967299461365,0.0,1.29912531375885,night_lowlight,night_lowlight,0.428511
2019-05-04 21:00:00+00:00,2019-05-04 22:00:00+00:00,1.179828,43.0,0.0,1.664470076560974,1.335010051727295,2.2138450145721436,0.3890907764434814,1.4309606552124023,2.1474416255950928,0.6638689637184143,0.8611884117126465,3.117554187774658,0.1812373844590448,0.0623387530596663,0.0297728891316576,0.6107337474822998,0.0,1.464106798171997,day_low,day_stable,1.179828
2019-05-04 21:15:00+00:00,2019-05-04 22:15:00+00:00,2.082008,66.0,0.0,2.0291872024536133,1.399722695350647,2.363833427429199,0.4927592873573303,1.4911373853683472,2.178705930709839,0.702895998954773,0.9842790365219116,3.1830055713653564,0.4957936664841912,0.4340155826980663,0.4798358308602991,0.6416168212890625,0.0421921610832214,1.6405333280563354,day_low,day_stable,2.082008
2019-05-04 21:30:00+00:00,2019-05-04 22:30:00+00:00,3.056977,102.0,0.0,2.2087907791137695,1.5160521268844604,2.6242763996124268,0.5486597418785095,1.525795578956604,2.309626340866089,0.7535195350646973,1.0338155031204224,3.275474786758423,0.3299242287472,0.4172370760601121,0.3279794544120475,0.7392981648445129,0.1186682656407356,1.7753735780715942,day_low,day_stable,3.056977
2019-05-04 21:45:00+00:00,2019-05-04 22:45:00+00:00,3.376625,110.0,0.428511,3.040952062927246,2.3172176841125487,3.793711281143188,1.2563994887695311,2.208440757118225,2.8475099566802977,1.2848810318336483,1.47540185483551,3.775355434738159,1.2954990831924982,1.1190433380167772,1.3908574472465136,1.117089188419342,0.3607388574109077,2.1477182868347167,day_low,day_stable,2.9481140000000003
2019-05-04 22:00:00+00:00,2019-05-04 23:00:00+00:00,4.542125,153.0,1.179828,4.990465474060059,3.5994764088897706,5.4083755730896,2.2875236987380982,3.1680478572158814,3.7016652344970704,2.173383009365082,2.4192438840179444,4.705812764099122,3.5522420334461464,3.1462375401488485,3.2376380282005237,1.8745353936462403,1.1544643796293736,3.056194972923279,day_low,day_stable,3.3622970000000003
2019-05-04 22:15:00+00:00,2019-05-04 23:15:00+00:00,5.348438,177.0,2.082008,6.639027233703613,4.768710966690064,7.135484810455322,3.3911076742248536,4.225267286880493,4.78518616734314,3.1298024612503053,3.473222966773987,5.7510927873687745,3.426383331311667,3.4877502863034806,3.6577011642270434,2.794710512741089,2.1289909961657525,4.072121377571106,day_low,day_stable,3.2664299999999997
2019-05-04 22:30:00+00:00,2019-05-04 23:30:00+00:00,6.388375,210.0,3.056977,8.455419268371582,6.186120238067627,8.971113409759521,4.677385773422241,5.560751404525757,5.927686896087646,4.232722010375976,4.731798615219116,6.801340307952881,6.819230489108476,6.742108308989074,6.401878192807547,3.7389096877593992,3.2443971744794844,5.143582310440063,day_low,day_stable,3.331398
2019-05-04 22:45:00+00:00,2019-05-04 23:45:00+00:00,6.750844,222.0,3.376625,9.246910511016846,6.875478445053101,9.721104084014891,5.145751653671265,6.063474594116212,6.345822273254395,4.605554042816163,5.25941389656067,7.132539211273194,7.505631121006511,7.681534185202859,6.91166312588385,4.02122539138794,3.700485913515091,5.493542848587037,day_low,day_stable,3.3742189999999996
