origin_utc,target_utc,actual_MW,target_irradiance_Wm2,persistence_seed0,GRU_local_seed17,GRU_local_seed42,GRU_local_seed2026,GRU_local_surface_seed17,GRU_local_surface_seed42,GRU_local_surface_seed2026,GRU_local_surface_pressure_seed17,GRU_local_surface_pressure_seed42,GRU_local_surface_pressure_seed2026,HGB_local_seed42,HGB_local_surface_seed42,HGB_local_surface_pressure_seed42,LSTM_seed17,LSTM_seed42,LSTM_seed2026,irradiance_scene,ramp_scene,delta_power_MW
2019-05-11 00:00:00+00:00,2019-05-11 01:00:00+00:00,17.789631,608.0,10.96309,15.871975478973388,17.143405017700196,17.050363597717286,16.47389131530762,18.701640186157228,17.984887180175782,16.3584495161438,17.5414968107605,18.284980830993653,18.622189286241365,18.205724325023745,17.162156987280376,15.856573638763429,14.85258966430664,16.072464046325685,day_medium,day_stable,6.826541000000001
2019-05-11 00:15:00+00:00,2019-05-11 01:15:00+00:00,19.274059,656.0,12.92375,17.9707470703125,19.401794033050535,18.97882755279541,18.4065061378479,20.56604917526245,19.65432508468628,18.236163692474364,19.23441370010376,19.741528587341307,19.278825412311548,18.904377228440715,17.18354480025775,17.83039720535278,16.539097146987913,17.877714710235594,day_high,day_stable,6.350309000000001
2019-05-11 00:30:00+00:00,2019-05-11 01:30:00+00:00,20.83506,701.0,14.63306,19.735456488189698,21.23107149368286,20.641293070373536,20.0332384324646,21.667536280212403,20.831945440826416,19.81043054824829,20.510136625823975,20.81469537979126,21.086271582942373,21.38427709357135,19.50769159518489,19.42241146331787,17.93617942100525,19.35958292251587,day_high,day_stable,6.201999999999998
2019-05-11 00:45:00+00:00,2019-05-11 01:45:00+00:00,22.09594,742.0,16.259689,21.299342301239015,22.728178170074465,22.124814179290773,21.484886315216063,22.516743805755617,21.77101006781006,21.134194519866945,21.496435311187746,21.61663356100464,24.159759768205884,23.74721834848953,21.13582878705634,20.771016266693117,19.302766230453493,20.67417683874512,day_high,day_stable,5.836250999999997
2019-05-11 01:00:00+00:00,2019-05-11 02:00:00+00:00,23.14463,780.0,17.789631,22.22724925561523,24.231230369049072,23.31962548776245,22.610472312408447,24.930561652618408,23.60997783227539,22.50030051751709,22.49652682824707,23.01360332055664,25.5317628710289,24.624819306359218,22.12504154941084,21.59073077722168,20.46141110940552,21.577324977355957,day_high,day_stable,5.354998999999999
2019-05-11 01:15:00+00:00,2019-05-11 02:15:00+00:00,24.14781,816.0,19.274059,23.61048001287842,25.5426513576355,24.531408967956544,23.556298437103273,25.466258230194093,24.511261167510987,23.350372972473146,23.232486906036375,23.804186048492433,26.123929926769417,25.75793081552463,22.869842395037853,22.22180789945984,21.38267797468567,22.684533061965944,day_high,day_stable,4.873750999999999
2019-05-11 01:30:00+00:00,2019-05-11 02:30:00+00:00,25.033751,851.0,20.83506,24.857773184356688,26.514595388946532,25.47429692703247,24.39538657623291,25.87679946380615,25.096817373809813,24.081794142303465,23.760994076309203,24.20828402000427,27.32027492953251,26.846956203725775,24.113951618238648,22.962315916595458,22.144955634651183,23.86702549415588,day_high,day_stable,4.198691
2019-05-11 01:45:00+00:00,2019-05-11 02:45:00+00:00,25.829559,880.0,22.09594,25.994819528045653,27.480472451629637,26.287089234771727,25.095253592910765,26.0920702280426,25.494463569107054,24.652109271469115,24.323243743362426,24.23862660545349,28.834890840514703,27.250574867249583,25.843498209661103,23.868188983383178,22.7196354331398,25.011614448013304,day_high,day_stable,3.733619000000001
2019-05-11 02:00:00+00:00,2019-05-11 03:00:00+00:00,26.611811,911.0,23.14463,26.422359988098144,28.16281609237671,26.945648238067623,25.89771918952942,28.10484509170532,26.80637292564392,25.442729517822265,25.181327387695312,25.367216154937744,29.9845169647695,28.539364770168113,26.43835271742605,24.474719449882507,23.4620952159214,25.11387924850464,day_high,day_stable,3.467181
2019-05-11 02:15:00+00:00,2019-05-11 03:15:00+00:00,27.25713,941.0,24.14781,26.952715891418457,28.21572305541992,27.38070370536804,26.237103479919433,28.037950771865845,26.998832243499756,25.511600154457092,25.405930894432068,25.63333918434143,30.463688378375203,28.539364770168113,26.434337292059347,24.862041967926025,23.80289806705475,25.78471340518951,day_high,day_stable,3.1093200000000003
2019-05-11 02:30:00+00:00,2019-05-11 03:30:00+00:00,27.597059,957.0,25.033751,27.39324473245239,28.856206406188964,28.07443498475647,26.428301561904902,28.108742941452025,27.32639812333679,25.56641768319702,26.32600866658783,26.04260240895843,30.996526652679503,29.856153590575676,27.732518451531178,25.59473072393036,24.334585357738497,26.586906422210692,day_high,day_stable,2.563308000000003
2019-05-11 02:45:00+00:00,2019-05-11 03:45:00+00:00,28.040251,959.0,25.829559,27.665653975471496,28.55884662435913,28.100871713623047,26.36439362333679,28.225169332489013,26.712406905158996,25.56756451891327,25.903873959347248,25.45586171911621,31.083093035023474,29.069014919234707,27.272032398422617,25.71943643109465,24.104910405143738,26.969956667884823,day_high,day_stable,2.2106920000000017
2019-05-11 03:00:00+00:00,2019-05-11 04:00:00+00:00,27.923440999999997,981.0,26.611811,27.924883562217712,28.89483125794983,28.063024002204894,26.72294714588976,29.055723506103515,27.206241208206176,26.086730974803924,26.56264138508892,25.486316400657653,31.299094172992124,29.452645336597804,26.53259301165024,26.013008731494903,24.661161142478942,27.21293105472183,day_high,day_stable,1.3116299999999974
2019-05-11 03:15:00+00:00,2019-05-11 04:15:00+00:00,28.592381,973.0,27.25713,28.13748309314728,28.884769174461365,28.09477737844467,26.837479534749985,28.356503817443848,27.19778847992897,26.372070524101257,26.392906042938233,25.52705678642273,31.333246923653338,28.95835646462668,26.226059675945834,26.148050400619507,25.058183047180176,27.30787325576425,day_high,day_stable,1.3352509999999995
2019-05-11 03:30:00+00:00,2019-05-11 04:30:00+00:00,28.61644,975.0,27.597059,27.80114382849598,28.305341470703127,27.70313056902552,26.409593332275392,27.784800920351984,26.586770403846742,25.97859512613678,25.97760831163788,24.807276475891115,29.252147346992498,28.225211588969472,25.119771060361707,25.992268789276125,24.689172971710207,27.0915692930069,day_high,day_stable,1.0193809999999992
2019-05-11 03:45:00+00:00,2019-05-11 04:45:00+00:00,28.436190000000003,959.0,28.040251,27.702613575531007,28.251220850420953,27.59029532797432,25.95902202851868,27.31466816194153,26.280495150161745,25.620972616744996,25.64600370652771,24.682653410507204,29.90584678849979,28.01252394475381,24.795535058634687,25.776198132110597,24.501325113845827,26.919149024559022,day_high,day_stable,0.39593900000000204
2019-05-11 04:00:00+00:00,2019-05-11 05:00:00+00:00,27.740561,926.0,27.923440999999997,27.06786907435989,27.37028265716171,26.852994151130673,25.57467777253723,27.171803779617303,25.74623376847839,25.435706682220456,25.46950299264526,23.91387135507202,30.31231049345327,28.177056435056436,26.12500293824494,25.293121643081665,23.562505788818356,26.33270461083984,day_high,day_stable,-0.18287999999999727
2019-05-11 04:15:00+00:00,2019-05-11 05:15:00+00:00,27.31444,890.0,28.592381,27.10261642881012,27.60733413644409,26.907775163131713,25.5660240644989,27.13297951169586,25.855600833374023,25.51901292749023,25.532614945846557,24.18389129586792,30.526451820278684,28.05257535852892,25.772197857393767,25.294636964279174,23.443764209228515,26.47332572885132,day_high,day_stable,-1.2779409999999984
2019-05-11 04:30:00+00:00,2019-05-11 05:30:00+00:00,26.82794,878.0,28.61644,26.606851043167115,26.942009033622742,26.335514010849,24.975248994293217,26.42968601173401,25.043997706832887,24.941990079345704,25.079777898254395,23.4228946585083,30.676402983256377,28.34343009770114,26.140412086349063,24.629117669525147,22.80129403060913,25.974291028442384,day_high,day_stable,-1.788499999999999
2019-05-11 04:45:00+00:00,2019-05-11 05:45:00+00:00,26.353689000000003,828.0,28.436190000000003,25.963841071548465,26.647023668708805,25.636931052627567,24.233767857971195,25.721115222396858,24.184324136199955,24.275268426361087,24.694862237396244,23.056985726776126,30.272083042056753,28.155169369411578,25.78319148774855,23.832119336547855,22.48570906204224,25.465101113739017,day_high,day_stable,-2.0825010000000006
2019-05-11 05:00:00+00:00,2019-05-11 06:00:00+00:00,25.637939000000003,799.0,27.740561,24.901474228988647,25.042755118499755,24.42982148278809,23.0893478309021,24.611807576309204,22.960114470611572,23.235395899902343,23.465853682647705,21.865655413757324,28.99548649718241,27.23423968118434,25.2453937835797,22.66057061303711,21.632675162445068,24.24261736024475,day_high,day_stable,-2.1026219999999967
2019-05-11 05:15:00+00:00,2019-05-11 06:15:00+00:00,25.67556,791.0,27.31444,24.15615485900879,24.168382155838017,23.53960965866089,22.339234578552247,23.840386140289308,22.320065247955323,22.543479669036863,22.66169570678711,21.23365997070313,26.32131299872052,25.88142417825436,24.141454426006952,21.981776463928224,21.165406930389405,23.18932317489624,day_high,day_stable,-1.6388800000000003
2019-05-11 05:30:00+00:00,2019-05-11 06:30:00+00:00,25.18819,833.0,26.82794,23.26912213653565,23.227639211120607,22.61083413452149,21.52275897354126,22.94103051513672,21.56900788635254,21.74475241989136,21.81149865478516,20.448074830474855,24.634386189839145,24.3030403024915,23.73434545043773,21.312800420227052,20.58035899490357,22.00390483230591,day_high,day_stable,-1.639750000000003
2019-05-11 05:45:00+00:00,2019-05-11 06:45:00+00:00,25.09544,777.0,26.353689000000003,22.31814984976197,22.689432427276618,21.644266888488772,20.75095967947388,22.41399769483948,20.746083065856936,20.923693463195804,21.2891629189148,19.82496862112427,22.4199273539131,22.384584198094235,21.77710519858272,20.793820187438968,20.12679032980347,21.27606324850464,day_high,day_stable,-1.2582490000000028
2019-05-11 06:00:00+00:00,2019-05-11 07:00:00+00:00,21.168871,543.0,25.637939000000003,21.438650631774905,21.392714524139407,20.57982923971558,19.646310353149417,20.6686859367981,19.46270563589478,19.87198593603516,20.044801258911136,18.925621056427005,22.367038005146647,22.075664474719392,21.236671463379015,19.980922245849612,19.28074839102173,20.08379938589478,day_medium,day_stable,-4.469068000000004
2019-05-11 06:15:00+00:00,2019-05-11 07:15:00+00:00,19.621879999999997,594.0,25.67556,20.690993311462403,20.28240823989868,19.98311615234375,19.201031687316895,19.987504484710698,19.103226664123536,19.55348825698853,19.418062689361573,18.632269861755372,20.135147821589392,19.603096230763473,18.9434026223993,19.81123590713501,19.017586710510255,19.59277773147583,day_medium,day_stable,-6.0536800000000035
2019-05-11 06:30:00+00:00,2019-05-11 07:30:00+00:00,16.451309,541.0,25.18819,19.458311097564696,18.621383206787108,18.766435162963862,18.339240090789794,18.625918404998774,18.21637250656128,18.704264180603023,18.06489087814331,17.692851083221434,19.91061811948108,19.58163235832059,18.886228695915225,19.08452798599243,18.108085648956298,18.547196404876708,day_medium,day_ramp_down,-8.736881
2019-05-11 06:45:00+00:00,2019-05-11 07:45:00+00:00,8.596875,264.0,25.09544,18.870953172149655,18.45127114624023,18.23960790008545,17.95716580718994,18.621802895965576,17.93751773208618,18.233478158416748,17.6995602545166,17.520479291381836,18.172029801878576,18.213022010553303,17.325582897745228,18.985594361724853,17.910608857574463,18.42444381088257,day_medium,day_ramp_down,-16.498565
2019-05-11 07:00:00+00:00,2019-05-11 08:00:00+00:00,5.533391,173.0,21.168871,16.078185155578613,14.930131509490966,14.577548577972411,14.280411794372558,14.323907449432372,13.511481836029052,14.53890855569458,13.61565358895874,13.528560712524412,14.27307548244936,14.034991438453336,13.67677554547363,15.2797427918396,14.178910806365966,14.352181985565185,day_low,day_ramp_down,-15.63548
2019-05-11 07:15:00+00:00,2019-05-11 08:15:00+00:00,4.3575,132.0,19.621879999999997,14.40444559371948,13.70811361587524,13.308367197875974,12.656803076629636,12.864182417755124,12.054254000549314,12.93053955352783,12.231072371368406,11.89020056045532,12.648462446456652,12.891435009819148,12.553985268643904,13.83374304092407,12.63886303222656,12.729766314392087,day_low,day_ramp_down,-15.264379999999997
2019-05-11 07:30:00+00:00,2019-05-11 08:30:00+00:00,3.660233999999999,110.0,16.451309,10.970062051757813,10.42206743811035,10.16647604559326,9.598075662597656,9.998187337860106,9.248270784362791,9.92608526800537,9.152674947723389,9.017576013549805,11.07340775838489,11.119677312199702,11.368691142924447,10.88222197149658,9.656873975738524,9.505430494293211,day_low,day_ramp_down,-12.791075
2019-05-11 07:45:00+00:00,2019-05-11 08:45:00+00:00,2.682914,84.0,8.596875,4.415989208221436,4.806492853164674,3.9257996559143074,3.3520396232604988,4.6755207061767585,3.0796063423156745,3.4428403854370124,3.050221252441407,2.83554916381836,6.250457910639922,6.96458233288882,7.06070706611539,4.125412273406983,3.392274188995362,2.707163619995118,day_low,day_stable,-5.9139610000000005
2019-05-11 08:00:00+00:00,2019-05-11 09:00:00+00:00,1.60125,49.0,5.533391,1.8362813007507324,2.377298594680786,1.8551876556549072,1.3110146534118652,1.4823265087280273,0.435892106262207,0.9964470874938964,0.6725335132751464,0.6496143352661132,3.16005860845541,2.954986056956788,2.840965898467806,1.8600926410827636,1.2101688396606445,0.7488732349548339,day_low,day_stable,-3.9321409999999997
2019-05-11 08:15:00+00:00,2019-05-11 09:15:00+00:00,1.176574,36.0,4.3575,1.162760419845581,1.3718353939056396,1.675479335784912,0.97774188041687,1.1480051708221437,0.3229779434204101,0.5184647274017333,0.1830076408386229,0.6239647102355956,2.8629142383276367,2.6294188660089413,2.1892180063426023,1.527359409332275,0.7826284599304199,0.5583495330810546,day_low,day_stable,-3.180926
2019-05-11 08:30:00+00:00,2019-05-11 09:30:00+00:00,0.956375,28.0,3.660233999999999,0.8238215701904288,0.905864979537963,1.639143730911254,0.9592314021911612,0.983755137237548,0.2915454166259756,0.42054870298767,0.0888324039306631,0.6869542854156485,1.4439726544212304,1.362734876041403,1.1562485694454494,1.4300415771331778,0.547374989303588,0.527925993713378,day_low,day_stable,-2.703858999999999
2019-05-11 08:45:00+00:00,2019-05-11 09:45:00+00:00,1.793859,45.0,2.682914,0.2116529755249021,0.2651719860687254,1.150049787010193,0.4475903324737547,0.4494066052093504,0.0,0.0,0.0,0.308212738479614,0.970215129965466,0.8991859465428244,0.6841123856136948,0.83570883795166,0.0,0.0,day_low,day_stable,-0.8890549999999997
2019-05-11 09:00:00+00:00,2019-05-11 10:00:00+00:00,2.259578,63.0,1.60125,0.0,0.0,0.661601848602295,0.0,0.0,0.0,0.0,0.0,0.0,0.0,0.0,0.0,0.0838974189758301,0.0,0.0,day_low,day_stable,0.6583279999999998
2019-05-11 09:15:00+00:00,2019-05-11 10:15:00+00:00,2.858352,81.0,1.176574,0.0,0.0,0.571561940788269,0.0,0.0,0.0,0.0,0.0,0.0,0.0,0.0,0.0,0.0,0.0,0.0,day_low,day_stable,1.681778
2019-05-11 09:30:00+00:00,2019-05-11 10:30:00+00:00,2.0017810000000003,57.0,0.956375,0.0,0.0,0.1944137187004089,0.0,0.0,0.0,0.0,0.0,0.0,0.0,0.0,0.0,0.0,0.0,0.0,day_low,day_stable,1.0454060000000003
2019-05-11 09:45:00+00:00,2019-05-11 10:45:00+00:00,1.180539,35.0,1.793859,0.5525428006973268,0.7033699701156617,1.001360232624054,0.1307349155273438,0.5593081662979127,0.0,0.0,0.1203964898910523,0.8675444672431947,0.0,0.0,0.0,0.5099068830337525,0.0602854440536499,0.0,day_low,day_stable,-0.6133200000000001
2019-05-11 10:00:00+00:00,2019-05-11 11:00:00+00:00,0.587002,18.0,2.259578,0.9859548911361692,1.2556115493087767,1.5169394716529845,0.6561889752655028,1.1692863806991576,0.4992536410598753,0.4417407616882323,0.9207179650573728,1.5448970302848817,0.0,0.0,0.0604248081319079,1.326596449306488,0.747127066543579,0.0989585027008055,night_lowlight,night_lowlight,-1.6725759999999998
2019-05-11 10:15:00+00:00,2019-05-11 11:15:00+00:00,0.282365,10.0,2.858352,1.419816548110962,1.7574260776062012,1.8729824965019224,1.2820257489700315,1.7675322835464478,1.3141545598526,1.2864214723129272,1.7545458619613647,2.302508289100647,0.0,0.3393151081140525,0.2451362287789649,1.9902341907043457,1.4224268739242554,0.7434020583648682,night_lowlight,night_lowlight,-2.575987
2019-05-11 10:30:00+00:00,2019-05-11 11:30:00+00:00,0.0,0.0,2.0017810000000003,0.587182773452759,1.0127730501708987,1.0271654857215884,0.5575084818420413,1.0781844986495974,0.5953717363891604,0.7047102583465579,1.2347073687133792,1.6132307482776644,0.2412115886498949,0.3139235460556431,0.1796883427688624,1.1992283595619204,0.7065568102416995,0.0,night_lowlight,night_lowlight,-2.0017810000000003
2019-05-11 10:45:00+00:00,2019-05-11 11:45:00+00:00,0.0076209999999999,0.0,1.180539,0.0,0.4286503076210022,0.5142867445602417,0.0,0.5568940519943237,0.0,0.1508279919281006,0.7897290169849396,0.972950521077156,0.148270231334838,0.2449052092179263,0.1230436234764562,0.4908531188621521,0.0211527228012085,0.0,night_lowlight,night_lowlight,-1.1729180000000001
2019-05-11 11:00:00+00:00,2019-05-11 12:00:00+00:00,0.0,0.0,0.587002,0.0,0.0908336547870636,0.5228911844749451,0.0,0.3583678511638641,0.0,0.0,0.7018671316761971,0.6730424819250107,0.0921120356832796,0.0687466985148638,0.0678852579094404,0.1646574048061371,0.0,0.0,night_lowlight,night_lowlight,-0.587002
2019-05-11 11:15:00+00:00,2019-05-11 12:15:00+00:00,0.0,0.0,0.282365,0.0,0.0,0.2250803505384921,0.0,0.2279426177346706,0.0,0.0,0.6581048128509521,0.5262507108354568,0.0871838425106834,0.0687466985148638,0.0678852579094404,0.0,0.0,0.0,night_lowlight,night_lowlight,-0.282365
2019-05-11 11:30:00+00:00,2019-05-11 12:30:00+00:00,0.0,0.0,0.0,0.0,0.0,0.0436953231692314,0.0,0.126954510807991,0.0,0.0,0.5270838737487793,0.3635029196739197,0.0027082285897475,0.0204770258148969,0.0164954516369256,0.0,0.0,0.0,night_lowlight,night_lowlight,0.0
2019-05-11 11:45:00+00:00,2019-05-11 12:45:00+00:00,0.0,0.0,0.0076209999999999,0.0,0.0,0.0404454268894194,0.0,0.2073649712285994,0.0,0.0,0.5688478447875975,0.419258634038925,0.0,0.0204770258148969,0.0164954516369256,0.0,0.0,0.0,night_lowlight,night_lowlight,-0.0076209999999999
2019-05-11 12:00:00+00:00,2019-05-11 13:00:00+00:00,0.040206,0.0,0.0,0.0,0.0,0.1153683885931968,0.0,0.3640027344226837,0.0,0.0,0.6877849102020264,0.4998950958251953,0.0,0.0204770258148969,0.0164954516369256,0.0,0.0,0.0,night_lowlight,night_lowlight,0.040206
2019-05-11 12:15:00+00:00,2019-05-11 13:15:00+00:00,0.0,0.0,0.0,0.0,0.0,0.3170759975910187,0.0,0.552821695804596,0.0,0.0,0.8103431463241577,0.5481652617454529,0.0015351997365083,0.0204770258148969,0.0164954516369256,0.0,0.0,0.0,night_lowlight,night_lowlight,0.0
2019-05-11 12:30:00+00:00,2019-05-11 13:30:00+00:00,0.0,0.0,0.0,0.0,0.0,0.34761443734169,0.0,0.5779357552528381,0.0,0.0410090424120426,0.877960741519928,0.5792292952537537,0.0015351997365083,0.0204770258148969,0.0164954516369256,0.0,0.0,0.0,night_lowlight,night_lowlight,0.0
2019-05-11 12:45:00+00:00,2019-05-11 13:45:00+00:00,0.0,0.0,0.0,0.0,0.0691573247313499,0.4102872312068939,0.0,0.5956225395202637,0.0,0.0721360966563224,0.9417452216148376,0.6037649512290955,0.0015351997365083,0.0204770258148969,0.0164954516369256,0.0077272844500839,0.0,0.0,night_lowlight,night_lowlight,0.0
2019-05-11 13:00:00+00:00,2019-05-11 14:00:00+00:00,0.0,0.0,0.040206,0.0,0.1070929093060493,0.396003290802002,0.0,0.6528574077186584,0.0,0.1348437739310264,1.0770960299072263,0.6460930553970337,0.0015351997365083,0.0314149144981391,0.0164954516369256,0.1032544297871589,0.0,0.0,night_lowlight,night_lowlight,-0.040206
2019-05-11 13:15:00+00:00,2019-05-11 14:15:00+00:00,0.0,0.0,0.0,0.0,0.2057343274354934,0.204424649477005,0.0,0.6670612692832947,0.0,0.1595940589904785,1.0428056716918943,0.7228842377662659,0.0029198652323721,0.0111228782860546,0.0200155444801468,0.0,0.0,0.0,night_lowlight,night_lowlight,0.0
2019-05-11 13:30:00+00:00,2019-05-11 14:30:00+00:00,0.0,0.0,0.0,0.0,0.1279399096965789,0.0,0.0,0.5739511847496033,0.0,0.1463875323534011,1.0550860166549685,0.7077319622039795,0.016025015806257,0.0463942551875298,0.0283014844320953,0.0,0.0,0.0,night_lowlight,night_lowlight,0.0
2019-05-11 13:45:00+00:00,2019-05-11 14:45:00+00:00,0.0,0.0,0.0,0.0,0.0747177898883819,0.0,0.0,0.5247904062271118,0.0,0.1286882162094116,1.097311019897461,0.6429784893989563,0.0,0.0,0.0190773879965936,0.0,0.0,0.0,night_lowlight,night_lowlight,0.0
2019-05-11 14:00:00+00:00,2019-05-11 15:00:00+00:00,0.0,0.0,0.0,0.0,0.3022126853466034,0.0,0.0,0.5912664532661438,0.0,0.0923064723610878,1.1354273557662964,0.6303948163986206,0.0,0.0,0.0510223236298987,0.0,0.0,0.0,night_lowlight,night_lowlight,0.0
2019-05-11 14:15:00+00:00,2019-05-11 15:15:00+00:00,0.0,0.0,0.0,0.0,0.3787998855113983,0.0,0.0,0.5845704078674316,0.0,0.054756011813879,1.1188023090362549,0.6514691710472107,0.0,0.0188201080190965,0.0484403872702308,0.0188856497406959,0.0,0.0,night_lowlight,night_lowlight,0.0
2019-05-11 14:30:00+00:00,2019-05-11 15:30:00+00:00,0.0,0.0,0.0,0.0,0.5613582730293274,0.1779139041900634,0.0053245080634951,0.6263277530670166,0.0,0.1386705189943313,1.160032033920288,0.7795635461807251,0.0,0.0,0.0204624896475289,0.1470890194177627,0.0,0.0,night_lowlight,night_lowlight,0.0
2019-05-11 14:45:00+00:00,2019-05-11 15:45:00+00:00,0.0,0.0,0.0,0.0,0.6287016868591309,0.2541708350181579,0.0759551078081131,0.6908271312713623,0.0,0.1594284474849701,1.1536825895309448,0.8517372012138367,0.0001966878310354,0.0206206187506505,0.0297095044391373,0.2154072672128677,0.0,0.0,night_lowlight,night_lowlight,0.0
2019-05-11 15:00:00+00:00,2019-05-11 16:00:00+00:00,0.0,0.0,0.0,0.0,0.3400715291500091,0.2414633333683014,0.0215095058083534,0.6110804677009583,0.0,0.1547813415527343,1.2760353088378906,0.6003581881523132,0.0,0.013970284412556,0.0261894115959162,0.1269083768129348,0.0,0.0,night_lowlight,night_lowlight,0.0
2019-05-11 15:15:00+00:00,2019-05-11 16:15:00+00:00,0.0,0.0,0.0,0.0,0.2670915126800537,0.0883563458919525,0.0,0.5943306684494019,0.0,0.1415047794580459,1.2194551229476929,0.4802988469600677,0.0264384780703408,0.0291416743091057,0.050652253513084,0.0267517752945423,0.0,0.0,night_lowlight,night_lowlight,0.0
2019-05-11 15:30:00+00:00,2019-05-11 16:30:00+00:00,0.0,0.0,0.0,0.0,0.6752186417579651,0.330007255077362,0.0463199764490127,0.7057445049285889,0.0,0.1726658046245575,1.2699692249298096,0.6594741940498352,0.0005983352183427,0.0200558875146466,0.0297095044391373,0.1120841577649116,0.0,0.0,night_lowlight,night_lowlight,0.0
2019-05-11 15:45:00+00:00,2019-05-11 16:45:00+00:00,0.0,0.0,0.0,0.0,0.6923896074295044,0.3448694050312042,0.0830543711781501,0.6813816428184509,0.0,0.1861089617013931,1.2377398014068604,0.7563045620918274,0.0005983352183427,0.0200558875146466,0.0297095044391373,0.1570983976125717,0.0,0.0,night_lowlight,night_lowlight,0.0
2019-05-11 16:00:00+00:00,2019-05-11 17:00:00+00:00,0.0,0.0,0.0,0.0,0.6330411434173584,0.3419265151023865,0.1318714320659637,0.652344822883606,0.0008793192682787,0.2007709443569183,1.228331446647644,0.8042007088661194,0.0,0.0206206187506505,0.0297095044391373,0.1349758952856063,0.0,0.0,night_lowlight,night_lowlight,0.0
2019-05-11 16:15:00+00:00,2019-05-11 17:15:00+00:00,0.0,0.0,0.0,0.0,0.5487483739852905,0.3078843951225281,0.1149038448929786,0.668123722076416,0.0700605362653732,0.229940578341484,1.177504301071167,0.8462055921554565,0.0084583583768307,0.0206206187506505,0.0357002058448524,0.1186792254447937,0.0,0.0,night_lowlight,night_lowlight,0.0
2019-05-11 16:30:00+00:00,2019-05-11 17:30:00+00:00,0.0,0.0,0.0,0.0,0.3035591542720794,0.2004081308841705,0.0136544993147253,0.6765967607498169,0.1071190983057022,0.2636906206607818,1.1281977891921997,0.8261407017707825,0.0134743580296831,0.0359027015916931,0.0357002058448524,0.0376722067594528,0.0,0.0,night_lowlight,night_lowlight,0.0
2019-05-11 16:45:00+00:00,2019-05-11 17:45:00+00:00,0.0,0.0,0.0,0.0,0.3416258990764618,0.2724318504333496,0.0496434457600116,0.6832624077796936,0.2017817199230194,0.2896763384342193,1.1293829679489136,0.8868889808654785,0.0123013291764439,0.0359027015916931,0.0357002058448524,0.092544674873352,0.0,0.0,night_lowlight,night_lowlight,0.0
2019-05-11 17:00:00+00:00,2019-05-11 18:00:00+00:00,0.0,0.0,0.0,0.0,0.1764630824327469,0.278316468000412,0.0250901896506547,0.6726382374763489,0.2337001413106918,0.2892035543918609,1.101435661315918,0.9639196395874025,0.0190989633524035,0.0314474676205907,0.0357002058448524,0.0490430183708667,0.0,0.0,night_lowlight,night_lowlight,0.0
2019-05-11 17:15:00+00:00,2019-05-11 18:15:00+00:00,0.0,0.0,0.0,0.0,0.1128872483968734,0.3035776913166046,0.016616242006421,0.6541361212730408,0.297503113746643,0.3098599910736084,1.0729715824127195,1.0095640420913696,0.0134743580296831,0.0359027015916931,0.0357002058448524,0.0477563440799713,0.0,0.0,night_lowlight,night_lowlight,0.0
2019-05-11 17:30:00+00:00,2019-05-11 18:30:00+00:00,0.0,0.0,0.0,0.0,0.0,0.344528317451477,0.0749273598194122,0.7109692692756653,0.3610666692256927,0.3498793542385101,1.0482416152954102,1.0682995319366455,0.0130727106423759,0.0314474676205907,0.0357002058448524,0.1174301132559776,0.0,0.0,night_lowlight,night_lowlight,0.0
2019-05-11 17:45:00+00:00,2019-05-11 18:45:00+00:00,0.0,0.0,0.0,0.0,0.0349884405732154,0.4469496607780456,0.1208395734429359,0.7062596678733826,0.4698304533958435,0.3932244777679443,1.037005066871643,1.1697349548339844,0.0130727106423759,0.0314474676205907,0.0357002058448524,0.171835258603096,0.0,0.0,night_lowlight,night_lowlight,0.0
2019-05-11 18:00:00+00:00,2019-05-11 19:00:00+00:00,0.0,0.0,0.0,0.0,0.020678624510765,0.4711354970932007,0.169836938381195,0.6603867411613464,0.5341071486473083,0.5028958320617676,0.975883722305298,1.2313084602355957,0.0293903059508801,0.0373752474806378,0.0431565164774178,0.1769083738327026,0.0,0.0,night_lowlight,night_lowlight,0.0
2019-05-11 18:15:00+00:00,2019-05-11 19:15:00+00:00,0.0,0.0,0.0,0.0,0.0865358412265777,0.566075325012207,0.2333831936120987,0.6723294258117676,0.6143277287483215,0.5881478190422058,0.9587348699569702,1.3157800436019895,0.0388703128932824,0.0373752474806378,0.0431565164774178,0.2286178022623062,0.0,0.0,night_lowlight,night_lowlight,0.0
2019-05-11 18:30:00+00:00,2019-05-11 19:30:00+00:00,0.0,0.0,0.0,0.0,0.4353138208389282,0.881824254989624,0.4296887814998626,0.6844764947891235,0.7234952449798584,0.5451707243919373,1.095502495765686,1.5243113040924072,0.0126231947070242,0.0342810631246773,0.0429350828419968,0.3494084775447845,0.0,0.0,night_lowlight,night_lowlight,0.0
2019-05-11 18:45:00+00:00,2019-05-11 19:45:00+00:00,0.0,0.0,0.0,0.07553680986166,0.4327183365821838,0.9863095879554749,0.5500863790512085,0.7342855334281921,0.7999307513237,0.6308283805847168,1.1713669300079346,1.7172963619232178,0.0122215473197169,0.0348457943606813,0.0429350828419968,0.4769949615001678,0.0414008237421512,0.0,night_lowlight,night_lowlight,0.0
2019-05-11 19:00:00+00:00,2019-05-11 20:00:00+00:00,0.0,0.0,0.0,0.1392013877630233,0.3351271748542785,1.0465837717056274,0.549272894859314,0.789466917514801,0.9064800143241882,0.7646270394325256,1.205721735954285,1.8645886182785032,0.0123013291764439,0.0359027015916931,0.0357002058448524,0.5276321768760681,0.0965328142046928,0.0554909631609916,night_lowlight,night_lowlight,0.0
2019-05-11 19:15:00+00:00,2019-05-11 20:15:00+00:00,0.0,0.0,0.0,0.2298431098461151,0.1428747773170471,0.9312102794647216,0.550339937210083,0.8623325824737549,0.96465003490448,0.9022842049598694,1.129087209701538,1.8271628618240356,0.0392719602805897,0.022585340634603,0.0359216394802734,0.590039074420929,0.2615859508514404,0.2098208665847778,night_lowlight,night_lowlight,0.0
2019-05-11 19:30:00+00:00,2019-05-11 20:30:00+00:00,0.0,0.0,0.0,0.2987943589687347,0.2841111421585083,0.9674306511878968,0.6019529700279236,0.9636460542678832,1.0559219121932983,0.9923998713493348,1.1225459575653076,1.8234320878982544,0.040015319228345,0.0297064055451097,0.056642954918799,0.6769534945487976,0.4734796285629272,0.2960065007209778,night_lowlight,night_lowlight,0.0
2019-05-11 19:45:00+00:00,2019-05-11 20:45:00+00:00,0.0,0.0,0.0,0.2778011560440063,0.4124532043933868,1.1824969053268433,0.6737052798271179,1.124962568283081,1.2639570236206057,1.0761312246322632,1.237253189086914,2.1553680896759033,0.0190989633524035,0.0504574600339194,0.0357002058448524,0.8161904215812683,0.6861575841903687,0.4516933262348175,night_lowlight,night_lowlight,0.0
2019-05-11 20:00:00+00:00,2019-05-11 21:00:00+00:00,0.0,0.0,0.0,0.3693495392799377,0.4099412560462951,1.2643951177597046,0.7157912254333496,1.199905514717102,1.371730089187622,1.0788471698760986,1.3611150979995728,2.306525230407715,0.0614299794139761,0.0465875696370286,0.0302138405245235,0.9284066557884216,0.8250136971473694,0.5946041941642761,night_lowlight,night_lowlight,0.0
2019-05-11 20:15:00+00:00,2019-05-11 21:15:00+00:00,0.0,0.0,0.0,0.5448034405708313,0.333307683467865,1.2840774059295654,0.8682794570922852,1.41079843044281,1.4216315746307373,1.1949211359024048,1.4699020385742188,2.4413397312164307,0.0,0.0,0.0357002058448524,1.048361897468567,1.0638504028320312,0.7068060040473938,night_lowlight,night_lowlight,0.0
2019-05-11 20:30:00+00:00,2019-05-11 21:30:00+00:00,0.03418,1.0,0.0,0.6150811910629272,0.4191725254058838,1.4595295190811155,0.9426727294921876,1.4603636264801023,1.62565016746521,1.2726370096206665,1.5186026096343994,2.618424654006958,0.0130727106423759,0.0504574600339194,0.0357002058448524,1.1504900455474854,1.178250789642334,0.8406315445899963,night_lowlight,night_lowlight,0.03418
2019-05-11 20:45:00+00:00,2019-05-11 21:45:00+00:00,0.166688,6.0,0.0,0.703971266746521,0.5019899606704712,1.5796184539794922,1.0361719131469729,1.4860492944717407,1.7969621419906616,1.3652465343475342,1.555768609046936,2.7576870918273926,0.0556687099321041,0.0774198786539547,0.0357002058448524,1.2830743789672852,1.2856227159500122,0.9846912622451782,night_lowlight,night_lowlight,0.166688
2019-05-11 21:00:00+00:00,2019-05-11 22:00:00+00:00,0.1975859999999999,7.0,0.0,0.8119630217552185,0.6051042079925537,1.7053189277648926,1.0751458406448364,1.5292319059371948,1.892733693122864,1.332781434059143,1.6526823043823242,2.8123414516448975,0.1912625508657182,0.2313715212860408,0.0877906743517713,1.319774508476257,1.246672511100769,1.091996669769287,night_lowlight,night_lowlight,0.1975859999999999
2019-05-11 21:15:00+00:00,2019-05-11 22:15:00+00:00,0.947406,26.0,0.0,0.9234718680381776,0.6912847757339478,1.8142973184585571,1.1906325817108154,1.6892067193984983,1.9527509212493896,1.3888869285583496,1.776487112045288,2.891343355178833,0.4624679764555065,0.4816323150612209,0.373211012542513,1.400364637374878,1.2800947427749634,1.1875,day_low,day_stable,0.947406
2019-05-11 21:30:00+00:00,2019-05-11 22:30:00+00:00,1.416652,42.0,0.03418,1.0408789660263065,0.9543494130897522,1.9102758909988404,1.26422150390625,1.668546512298584,2.04180677192688,1.4504614617156983,1.7486855532455443,2.8784895684051515,0.7338718616870918,0.5199981330051899,0.4246545854217293,1.5304796244430543,1.2911264445114137,1.3755416418838502,day_low,day_stable,1.382472
2019-05-11 21:45:00+00:00,2019-05-11 22:45:00+00:00,2.044219,59.0,0.166688,1.3207631457214355,1.5503287661437988,2.264395986831665,1.322614585197449,1.7402158129577636,2.1636377919082643,1.5778376210098266,1.8332674849395751,2.8976769793396,1.24189159436085,1.105829201887425,1.181850073633528,1.7266209471588134,1.4210130322341918,1.4469291317825317,day_low,day_stable,1.877531
2019-05-11 22:00:00+00:00,2019-05-11 23:00:00+00:00,2.684391,76.0,0.1975859999999999,1.4703015685424805,1.7405094504699703,2.717472493682861,1.4392988086090086,1.9992536902770992,2.516614615951538,1.6365283131942747,2.0442325473175047,3.041855275665283,2.198742504477586,1.249326973318112,1.023610519085122,1.8405012488708496,1.3538867831573485,1.4920535683975218,day_low,day_stable,2.4868050000000004
2019-05-11 22:15:00+00:00,2019-05-11 23:15:00+00:00,2.959414,83.0,0.947406,2.349393075805664,2.695753282409668,3.6833640993652343,2.321102446418762,3.0595244825897217,3.4254042566833496,2.380340522628784,2.982264226776123,3.932290977340698,3.1357049603579408,1.9591883476842789,1.5010390420524145,2.726501768928528,2.0706918896255493,2.367599314552307,day_low,day_stable,2.0120080000000002
2019-05-11 22:30:00+00:00,2019-05-11 23:30:00+00:00,3.1010000000000004,91.0,1.416652,3.0383488297958374,3.5724435210723877,4.49105123286438,2.9268466592330933,3.7097998023529057,4.017737901260376,2.916386401702881,3.6210322738189697,4.499050414611816,4.8109965430724175,3.098777271285585,3.0472820914248073,3.3240177989501953,2.6030688643951416,2.939727580596924,day_low,day_stable,1.6843480000000004
2019-05-11 22:45:00+00:00,2019-05-11 23:45:00+00:00,4.778703,135.0,2.044219,3.910339576858521,4.611271125930786,5.3452994653167725,3.74424181665802,4.474308712142944,4.729967100280762,3.691745979446411,4.2427863904418945,5.114956361907959,4.836102444127615,4.1159104175742005,4.405843376659211,3.963662964958191,3.389229280609131,3.573500973838806,day_low,day_stable,2.734484
2019-05-11 23:00:00+00:00,2019-05-12 00:00:00+00:00,5.948688,175.0,2.684391,4.884271599975586,5.69919321748352,6.716745354858398,4.882871129241943,5.551662900177002,5.940561511245727,4.603208639350891,5.2729711315307615,6.160972811904907,7.0288794963435715,7.374937149000773,6.423287396776768,4.957144477096557,4.21600983354187,4.1155744573745725,day_low,day_stable,3.2642969999999996
2019-05-11 23:15:00+00:00,2019-05-12 00:15:00+00:00,8.822844,261.0,2.959414,5.456877941574097,6.397422308410645,7.560391420806885,5.417947048629761,6.216883892501832,6.640355581726075,5.048349852050782,5.8670134491577155,6.910353893722535,6.878993570488451,7.371446322652278,6.6575344253645525,5.537254805053712,4.77073335119629,4.448924774612427,day_medium,day_stable,5.863429999999999
2019-05-11 23:30:00+00:00,2019-05-12 00:30:00+00:00,12.15944,385.0,3.1010000000000004,5.857455421447755,6.80081861114502,8.003713775634766,5.786750722885133,6.721299577713014,7.089288164138795,5.341607023239137,6.278879571914674,7.443999935150147,6.951626606391394,7.368903034025542,6.678037953093957,5.905417848587037,5.208792139053346,4.6781429538726815,day_medium,day_ramp_up,9.05844
2019-05-11 23:45:00+00:00,2019-05-12 00:45:00+00:00,12.34363,334.0,4.778703,7.9181690472869874,8.602693821838379,9.956444050720217,7.715731169631958,8.51364853565979,8.985440518310547,7.090168978622437,8.029845024993897,9.26074006741333,9.893889930121002,10.066910973151256,9.0026725557008,7.720834519317627,6.91787388508606,6.278259183815003,day_medium,day_stable,7.564926999999999
2019-05-12 00:00:00+00:00,2019-05-12 01:00:00+00:00,7.296188000000001,204.0,5.948688,9.575944393432618,10.22573181942749,11.642630070007325,9.322163551605223,10.311360328948975,10.696235626495362,8.756643980300904,9.388702123916628,10.939438789642336,10.576666798009123,10.325302476874274,9.263978584051944,9.126485317504883,8.244853466308594,7.268760889328003,day_low,day_stable,1.347500000000001
2019-05-12 00:15:00+00:00,2019-05-12 01:15:00+00:00,4.712532,119.0,8.822844,12.508180112976074,12.950740308898926,13.81073233618164,12.310179681915283,12.84156033529663,12.920904607910156,11.54453989996338,11.638818950790403,13.154473276275636,12.20054099507821,11.596517110374664,10.607586899527751,11.697189541000366,10.677076907295229,9.633144469398498,day_low,day_stable,-4.1103119999999995
2019-05-12 00:30:00+00:00,2019-05-12 01:30:00+00:00,6.9407190000000005,194.0,12.15944,16.07211418861389,16.545164544525147,16.918691594543457,15.451370675506592,15.295748431625366,15.7806717943573,14.433968503417969,14.281803567352297,15.795963723602297,17.596215745202525,15.507813426769893,12.79041180867278,14.814328391494753,13.605977971496582,12.431833345832825,day_low,day_stable,-5.2187209999999995
2019-05-12 00:45:00+00:00,2019-05-12 01:45:00+00:00,12.74153,394.0,12.34363,16.689570589904783,17.4742976864624,17.400695010070798,15.743810101394653,15.664835139160155,15.622537060623168,14.660303517227172,14.417197390441894,15.549805088882446,18.570460606572375,13.764288392118017,12.422878351814392,15.110595866088866,13.715144558792112,12.388222536985872,day_medium,day_stable,0.3978999999999999
2019-05-12 01:00:00+00:00,2019-05-12 02:00:00+00:00,25.962560999999997,827.0,7.296188000000001,11.88933575466919,13.501178386962891,13.519463661468508,11.456141117370606,13.430006149566651,12.034303787506104,10.731371048248292,10.560565355575562,11.650981071746829,15.11397312442031,13.907572043267994,10.869080920440906,10.9028295309906,9.719715240753176,8.129510405815125,day_high,day_ramp_up,18.666372999999997
2019-05-12 01:15:00+00:00,2019-05-12 02:15:00+00:00,20.25844,855.0,4.712532,8.84670062487793,10.452462629730224,10.4910587829895,8.853757814819335,11.499889807159423,9.308745340759277,7.884051994735718,8.303785280639648,9.019120172912595,9.337105153003598,10.05829102750762,8.791307453920565,8.488123611862182,7.689587072784424,5.838927344734192,day_high,day_ramp_up,15.545908
2019-05-12 01:30:00+00:00,2019-05-12 02:30:00+00:00,13.34944,396.0,6.9407190000000005,10.89925753225708,12.018219820159914,12.853827825683595,10.862600675720216,13.096318594116212,11.84442173590088,10.06686078657532,10.759238592285158,11.230741373199464,12.212940485528716,13.49663905663718,10.774952241018113,10.889172664779665,10.21175228704834,8.146583429473878,day_medium,day_stable,6.408720999999999
2019-05-12 01:45:00+00:00,2019-05-12 02:45:00+00:00,14.931,426.0,12.74153,16.08419662597656,16.431832610397336,16.82043748977661,15.737280188827514,16.231109677581784,16.230335294036863,14.919969617156982,14.359654604225158,15.48782259109497,18.447069243731747,17.59160755822651,12.771858947145308,15.79953938606262,14.760240613250732,12.946531592636108,day_medium,day_stable,2.18947
2019-05-12 02:00:00+00:00,2019-05-12 03:00:00+00:00,8.140344,247.0,25.962560999999997,28.744931328903196,27.89865135015106,28.774058449874875,26.84788672984695,26.19703315557098,27.206479180465696,26.11552429557895,25.17281990111923,25.859330516170026,25.220010272567027,22.35700837287941,20.56771945674716,27.30029939473724,26.283833343397134,24.36265348256683,day_medium,day_ramp_down,-17.822216999999995
2019-05-12 02:15:00+00:00,2019-05-12 03:15:00+00:00,9.668531,271.0,20.25844,22.29052589553833,21.966339570465088,22.52434871810913,20.574660939159394,20.80729494709015,20.11718153673649,19.37998120206833,18.51570819038391,18.78645740169525,23.35530273529271,22.712958103964528,19.9237378754733,20.720017773094177,20.10700839478016,17.280620795669556,day_medium,day_ramp_down,-10.589909
2019-05-12 02:30:00+00:00,2019-05-12 03:30:00+00:00,8.265469,270.0,13.34944,16.752343318405153,17.942079923095704,17.218616626205446,15.59346093887329,17.825316808166505,14.803401253166198,14.716341993751524,13.290239359232189,13.135108149590492,22.639110253018384,22.55325380681869,18.892786113474315,15.267787477912902,15.317977092208862,11.717523119392396,day_medium,day_stable,-5.083971
2019-05-12 02:45:00+00:00,2019-05-12 03:45:00+00:00,8.061594,250.0,14.931,18.13417196846008,20.105086093902585,19.392404800415036,17.291112667083738,19.42163205718994,17.273081546783445,17.096001869201658,15.400786792993545,15.512846177577972,22.826437465281483,23.145151051592876,18.89143444676019,17.241629844665525,17.758521085739133,14.00885791158676,day_medium,day_stable,-6.869406
2019-05-12 03:00:00+00:00,2019-05-12 04:00:00+00:00,12.22419,341.0,8.140344,11.51137409223938,13.979971742767336,12.612795686859132,11.3691938878479,15.751642084259034,11.156575060028077,11.060686445373536,10.032326436180115,9.644689297813416,17.84906222405226,18.934469229261357,16.91468824414368,10.783398008483887,12.30179295553589,8.939074850219727,day_medium,day_stable,4.083845999999999
2019-05-12 03:15:00+00:00,2019-05-12 04:15:00+00:00,17.0835,448.0,9.668531,12.694538175445556,15.341938077789306,14.432706415039062,13.048710405212402,16.945534765106203,13.93686252770996,13.044245302062988,12.556209384780884,11.922266065460205,17.318585893768503,17.795684019037846,16.28503178518339,12.92023497758484,14.6452417963562,11.443734347206115,day_medium,day_stable,7.414969000000001
2019-05-12 03:30:00+00:00,2019-05-12 04:30:00+00:00,15.26175,375.0,8.265469,11.173149511474609,13.882155820983886,13.103719160217285,11.722670480865478,15.755357668060302,13.0510176869812,11.6697761269989,12.08025138105774,10.878751442092897,15.068320931841363,17.198440057057656,15.898442791473224,11.740045711654664,13.708434507507324,10.49716894354248,day_medium,day_stable,6.996281
2019-05-12 03:45:00+00:00,2019-05-12 04:45:00+00:00,25.75606,951.0,8.061594,10.61972617163086,13.259077539581298,12.68388175024414,11.36814950956726,15.865321626800537,12.925792207855224,11.41431831373596,12.234661569732664,10.885572662490844,14.384844227042096,17.144875643462743,15.802468518585354,11.591268530029296,13.680189123291017,10.546930780548095,day_high,day_ramp_up,17.694466000000002
2019-05-12 04:00:00+00:00,2019-05-12 05:00:00+00:00,7.385438000000001,215.0,12.22419,14.02471924156189,15.78495455116272,15.625937226715088,15.158801797332764,19.94065547317505,17.098884347381592,15.48901105255127,16.042606118621826,15.051716330947876,16.9055003514131,20.896850643859462,17.69809779029687,15.319778445663452,17.108882668914795,13.744499448242188,day_low,day_stable,-4.8387519999999995
2019-05-12 04:15:00+00:00,2019-05-12 05:15:00+00:00,3.814672,104.0,17.0835,17.712127836704255,18.122575016975404,18.552244277954102,18.578342767715455,22.019836994171143,20.458413454055787,19.31209048843384,18.963615866661073,18.216067882537843,16.147023333354216,19.66564301874744,16.456524108776847,19.132289501190183,20.75680241203308,16.75578701710701,day_low,day_ramp_down,-13.268828000000001
2019-05-12 04:30:00+00:00,2019-05-12 05:30:00+00:00,6.112532,175.0,15.26175,16.016143100738525,16.506845252990722,16.764937775611877,16.650155680656432,20.72303797531128,17.843274848937988,17.42446138191223,16.595449345588683,15.688500540733337,16.54982262200367,20.16242966827334,17.20387120806796,16.972174304008483,18.701011198043823,13.800134318351745,day_low,day_ramp_down,-9.149218
2019-05-12 04:45:00+00:00,2019-05-12 05:45:00+00:00,27.61894,871.0,25.75606,23.00361311012268,22.723165627059934,23.750680800018312,23.33965980583191,23.353139992294313,24.434534545478822,24.26926016384125,23.00305687957764,22.287779207763673,21.341330066912413,22.75818467007952,21.018324513718586,25.319087977943425,26.380725796756742,20.45519387298584,day_high,day_stable,1.862879999999997
2019-05-12 05:00:00+00:00,2019-05-12 06:00:00+00:00,26.88788,793.0,7.385438000000001,8.767501508033753,11.287198578155518,9.08509210232544,8.976909195220948,14.66604045513916,7.877596919572831,9.081778918540955,8.73564735535431,5.559537445343018,13.936137281442855,18.052807364356028,15.85559830125752,8.53997913483429,10.647497450149537,4.294059788024903,day_high,day_ramp_up,19.502442
2019-05-12 05:15:00+00:00,2019-05-12 06:15:00+00:00,26.35544,777.0,3.814672,5.071742422172546,8.335849291870117,6.582903630325317,6.444945342132568,12.33027315814209,6.120045907089233,5.973691708633423,8.003508097717285,3.1046192713470457,8.044107560108994,9.946800404543664,11.357425503932246,5.490395195075989,8.24914408404541,2.046348459312439,day_high,day_ramp_up,22.540768
2019-05-12 05:30:00+00:00,2019-05-12 06:30:00+00:00,25.246810999999997,746.0,6.112532,6.725879113132477,9.294123987609863,8.226777653152466,8.249872068817139,13.256528238708496,8.90786252444458,7.925872544700622,10.223505358154297,5.66957927768898,12.678966517861696,15.624251340737567,13.948749374249408,7.626996855194092,10.509033541137695,4.627804855758667,day_high,day_ramp_up,19.134279
2019-05-12 05:45:00+00:00,2019-05-12 06:45:00+00:00,22.58419,654.0,27.61894,24.62302792495727,25.237280730667113,25.200189237060545,24.8460968775177,24.136895541610716,26.53390980190277,25.75943029350281,25.17806637710571,23.639249686660765,21.01418133802777,20.50488577028466,19.030326766346704,26.68976599401474,28.378029291095732,22.46299469894409,day_high,day_stable,-5.034749999999999
2019-05-12 06:00:00+00:00,2019-05-12 07:00:00+00:00,21.483,637.0,26.88788,23.277275236968993,22.175601633911132,22.450757655029296,22.86392179382324,22.68895545852661,23.18119827163696,23.3625532711792,22.80613532913208,21.496646555786132,20.50133995146006,21.281297107567635,19.619374586960777,24.99013224494934,26.658959540252685,20.14320293319702,day_medium,day_stable,-5.404879999999999
2019-05-12 06:15:00+00:00,2019-05-12 07:15:00+00:00,19.600439,585.0,26.35544,22.508180955352785,21.074542859497072,21.4965213331604,21.889008859100343,21.670916894378664,21.36955819458008,22.200452664794923,21.308828690948488,20.126252511444093,17.827250178606086,19.465156705269333,19.489404324975933,23.959524491729734,25.849082508983617,18.896730760040285,day_medium,day_stable,-6.755001
2019-05-12 06:30:00+00:00,2019-05-12 07:30:00+00:00,17.52713,519.0,25.246810999999997,20.87880858529663,19.399903384338376,19.894938079010007,20.378536311279294,20.36993369210815,19.50481375802612,20.671207038055417,19.66291054833984,18.310784903656003,19.464054483166088,19.727779112894993,19.611107378493703,22.54891809571838,24.402375248561857,17.143241015563962,day_medium,day_stable,-7.719680999999998
2019-05-12 06:45:00+00:00,2019-05-12 07:45:00+00:00,15.757,456.0,22.58419,18.035185445251464,16.66092740386963,17.137928117218017,17.700749505462646,18.44885646194458,16.749871838989257,18.094758618774417,16.979316819610595,15.246340859832763,16.898375276129777,17.410618966868626,17.026601019201877,19.799730170669555,21.64697246641159,14.060079205932617,day_medium,day_stable,-6.82719
2019-05-12 07:00:00+00:00,2019-05-12 08:00:00+00:00,15.10906,439.0,21.483,16.57054348754883,15.697375019073489,15.829562385559084,16.814269264221192,19.010921676635743,16.546440322875977,17.323976238250733,16.28655978012085,14.245176036834716,15.028740382558423,15.431390910786195,14.948877061378765,18.56036611366272,21.19428085255623,13.01671810913086,day_medium,day_stable,-6.373940000000001
2019-05-12 07:15:00+00:00,2019-05-12 08:15:00+00:00,12.57616,363.0,19.600439,14.727312016357423,14.194975781311037,14.01066725241089,15.096109318603515,17.43618314253235,15.01888601766968,15.66388695227051,14.448537754882814,12.536269593109132,13.72081721239828,14.533139703235683,14.180576542117532,16.69407527433777,19.475000563134195,11.222001957763672,day_medium,day_stable,-7.024279000000002
2019-05-12 07:30:00+00:00,2019-05-12 08:30:00+00:00,11.04819,328.0,17.52713,13.320148817901613,13.600391737823486,13.18085896194458,13.53891479194641,16.116083614234924,13.613840929870603,14.37542831123352,12.85343968093872,11.255471579437256,11.785259668851896,12.912195065266168,12.635833658895688,14.99286781967163,17.656091831331253,10.19581543624878,day_medium,day_stable,-6.47894
2019-05-12 07:45:00+00:00,2019-05-12 08:45:00+00:00,9.579062,263.0,15.757,10.97462466430664,10.45831254196167,10.479301959991457,11.59348443222046,14.211555511474607,11.846585065841674,12.630523473739624,11.081676513671876,9.585993797302246,8.382705369672497,10.2752234475878,9.792659390566971,12.995533020019533,15.30778136920929,8.453737766265869,day_medium,day_stable,-6.177937999999999
2019-05-12 08:00:00+00:00,2019-05-12 09:00:00+00:00,8.41925,234.0,15.10906,9.943159292755126,9.50517005783081,9.80785674911499,10.444293211517332,12.004599045333862,10.723362158355712,11.25696391921997,9.870033930358886,8.410494993743896,6.003813791722645,9.20971715409586,8.18196098037477,12.299023340759277,14.499902616558074,7.875120829162597,day_low,day_stable,-6.68981
2019-05-12 08:15:00+00:00,2019-05-12 09:15:00+00:00,6.7784070000000005,190.0,12.57616,7.912475155029297,7.671598957214355,7.840614364776611,8.49314694229126,10.438944385681152,8.656702087554931,9.123659656677246,7.870182560119629,6.350424335632324,5.656626034145145,8.950290365194496,7.490852201286289,10.222228334579468,11.910637066993711,5.936691806945801,day_low,day_stable,-5.797752999999999
2019-05-12 08:30:00+00:00,2019-05-12 09:30:00+00:00,5.669016,161.0,11.04819,6.161759736480713,5.877481343688965,6.158871056976318,7.196603896560669,9.302953960838318,7.50724065536499,7.75327337020874,6.67785251373291,5.068591954650879,3.3559183030401165,6.452772217667434,5.370585996318889,8.85393369430542,10.142431201877594,4.560143353881836,day_low,day_stable,-5.379174
2019-05-12 08:45:00+00:00,2019-05-12 09:45:00+00:00,4.749391,133.0,9.579062,5.644337430679322,5.643803849899292,6.044121757232666,6.564413324081421,8.677762106143952,7.245484128677369,6.951790109359742,5.923498883926392,4.661639705383301,2.602929913127761,4.934031879731042,3.960464087133418,8.22014082976532,8.728546992027283,4.343751445495606,day_low,day_stable,-4.829671
2019-05-12 09:00:00+00:00,2019-05-12 10:00:00+00:00,3.546102,103.0,8.41925,4.1549363021850585,4.104105461120605,4.512594449996948,5.101918685913086,6.451322305679321,5.579605091094971,5.244247425079346,4.562701452255249,3.374886978149414,2.631595219180205,2.6609428581066004,1.6906531856038391,7.057824004173279,7.213504660606384,3.300955284118652,day_low,day_stable,-4.8731480000000005
2019-05-12 09:15:00+00:00,2019-05-12 10:15:00+00:00,2.655953,86.0,6.7784070000000005,2.533713243896485,2.2980674728698736,2.8638750538177495,3.738703392440797,5.28117503970337,4.248235128814698,3.8410309776611338,3.4948920234985357,2.0208705887146,1.63205041541158,1.7970562297702906,1.288357294534518,5.476539753372193,5.91957607119751,1.8166102394409185,day_low,day_stable,-4.122454000000001
2019-05-12 09:30:00+00:00,2019-05-12 10:30:00+00:00,1.864953,64.0,5.669016,2.1284500324401856,2.1848903858337403,2.5438011848602295,3.1302310192260743,4.953917440143585,4.059207912651062,3.22715603944397,3.185477610794067,1.68547689553833,1.3421184741646073,1.5303437087165233,0.909195626857166,4.864652570453644,5.513333674636841,1.9663797580871585,day_low,day_stable,-3.804063
2019-05-12 09:45:00+00:00,2019-05-12 10:45:00+00:00,1.170586,41.0,4.749391,1.3386820957336427,1.0866457626495365,1.6468435928497316,2.4170157119903566,4.4923511550102235,3.62209276410675,2.4092990562591554,2.786048452583313,1.2014505073699953,1.0054989480782903,1.509239362150513,0.973422122107491,4.039635698524475,4.969607706395149,1.370087544647217,day_low,day_stable,-3.578805
2019-05-12 10:00:00+00:00,2019-05-12 11:00:00+00:00,0.711088,24.0,3.546102,0.4694854743499754,0.3496469981689452,0.813997460128784,1.053247881652832,2.287578058959961,2.0559712178726195,0.8215581901092528,1.5207650191802975,0.0,0.7770094362974825,0.5683991110503025,0.6437417579361755,2.6366526014823912,3.929498357297897,0.306872797729492,day_low,day_stable,-2.8350139999999997
2019-05-12 10:15:00+00:00,2019-05-12 11:15:00+00:00,0.2217849999999999,7.0,2.655953,0.0088563660888669,0.2430470685272214,0.5771625737457273,0.6029899815826414,1.885839412620544,1.498602698257446,0.1651218632965085,1.166888306549072,0.0,0.5930754829002535,0.5637068601476557,0.5375622143331042,1.81362141173172,3.818577835968018,0.3851299981384275,night_lowlight,night_lowlight,-2.4341679999999997
2019-05-12 10:30:00+00:00,2019-05-12 11:30:00+00:00,0.0,0.0,1.864953,0.0,0.3603760785369874,0.6311165875701905,0.2408920115737916,1.9947408473997117,1.2601919359474183,0.0,1.1105036920814515,0.0,0.222357802033552,0.3779233684918129,0.4931932275674944,1.233115512779236,3.8369247502593993,0.8563278502731324,night_lowlight,night_lowlight,-1.864953
2019-05-12 10:45:00+00:00,2019-05-12 11:45:00+00:00,0.0,0.0,1.170586,0.0,0.2746197681770324,0.4240286450729369,0.0,2.0511387687072755,0.8317820232257842,0.0,1.1582282267407178,0.0,0.1286174743728444,0.3603621817507226,0.4309074054669206,0.7215852539882659,3.658027778182983,0.93117591253376,night_lowlight,night_lowlight,-1.170586
2019-05-12 11:00:00+00:00,2019-05-12 12:00:00+00:00,0.0,0.0,0.711088,0.0,0.0871199948196411,0.3334749621753693,0.0,1.480280695617676,0.3400797528629303,0.0,1.123328505218506,0.0,0.188774268827103,0.391872009751377,0.3278138086293609,0.5435454679136277,3.540205774963379,0.7390223258589507,night_lowlight,night_lowlight,-0.711088
2019-05-12 11:15:00+00:00,2019-05-12 12:15:00+00:00,0.0,0.0,0.2217849999999999,0.0,0.0,0.0735793173646925,0.0,0.9567903191184997,0.0,0.0,0.9416789323425292,0.0,0.1624047065891485,0.165495887172112,0.1797346667359691,0.2259539272038637,3.2096051484680173,0.3653308511114119,night_lowlight,night_lowlight,-0.2217849999999999
2019-05-12 11:30:00+00:00,2019-05-12 12:30:00+00:00,0.0,0.0,0.0,0.0,0.0,0.0,0.0,0.7516797184944153,0.0,0.0,0.8716254830360413,0.0,0.0119595314543421,0.0094262471360066,0.020249846267981,0.1361701190471649,2.915759801864624,0.1199198588728904,night_lowlight,night_lowlight,0.0
2019-05-12 11:45:00+00:00,2019-05-12 12:45:00+00:00,0.0,0.0,0.0,0.0,0.0,0.0,0.0,0.7417371869087219,0.0,0.0,0.9600340127944946,0.0,0.0335439124985064,0.0205488894514909,0.025224584662828,0.1686694622039795,2.660712480545044,0.0,night_lowlight,night_lowlight,0.0
2019-05-12 12:00:00+00:00,2019-05-12 13:00:00+00:00,0.0,0.0,0.0,0.0,0.0,0.0,0.0,0.77912837266922,0.046693205833435,0.0,1.0571138858795166,0.0,0.0338657780290866,0.0136911996659547,0.0210222302631843,0.2001056671142578,2.2401719093322754,0.0,night_lowlight,night_lowlight,0.0
2019-05-12 12:15:00+00:00,2019-05-12 13:15:00+00:00,0.0,0.0,0.0,0.0,0.0,0.0,0.0,0.7966868877410889,0.095673881471157,0.0,1.1529209613800049,0.0,0.0061834446360272,0.0086712344588483,0.0270129316688993,0.1948630958795547,1.3472241163253784,0.0,night_lowlight,night_lowlight,0.0
2019-05-12 12:30:00+00:00,2019-05-12 13:30:00+00:00,0.0,0.0,0.0,0.0,0.0652080252766609,0.0,0.041405688971281,0.8187284469604492,0.1246813759207725,0.0,1.2533925771713257,0.0,0.0,0.0,0.0270129316688993,0.2129050344228744,0.9079496264457704,0.0,night_lowlight,night_lowlight,0.0
2019-05-12 12:45:00+00:00,2019-05-12 13:45:00+00:00,0.0,0.0,0.0,0.0,0.1684074848890304,0.0,0.0755293294787406,0.8104881644248962,0.1755004525184631,0.0,1.319650411605835,0.0,0.0197957607010612,0.0136911996659547,0.0270129316688993,0.227526918053627,0.3579834401607513,0.0,night_lowlight,night_lowlight,0.0
2019-05-12 13:00:00+00:00,2019-05-12 14:00:00+00:00,0.0,0.0,0.0,0.0,0.1533276140689849,0.0,0.0135190598666667,0.8460734486579895,0.1625905483961105,0.0,1.3689574003219604,0.0,0.0,0.0125541912026138,0.0222605917630696,0.257685124874115,0.22652368247509,0.0,night_lowlight,night_lowlight,0.0
2019-05-12 13:15:00+00:00,2019-05-12 14:15:00+00:00,0.0,0.0,0.0,0.0,0.1946570426225662,0.0035004247911274,0.0121018262580037,0.8326492309570312,0.174307644367218,0.0,1.4083051681518557,0.0,0.0,0.0006765362099711,0.0222605917630696,0.2788836658000946,0.0,0.0,night_lowlight,night_lowlight,0.0
2019-05-12 13:30:00+00:00,2019-05-12 14:30:00+00:00,0.0,0.0,0.0,0.0,0.2576768696308136,0.0840810164809227,0.0590227954089641,0.8345387578010559,0.2002185434103012,0.0,1.5018454790115356,0.0,0.0,0.0056965014170775,0.0222605917630696,0.3021624088287353,0.0,0.0,night_lowlight,night_lowlight,0.0
2019-05-12 13:45:00+00:00,2019-05-12 14:45:00+00:00,0.0,0.0,0.0,0.0,0.2856476306915283,0.2153000682592392,0.0725570544600486,0.8654816150665283,0.2328669875860214,0.0,1.5824743509292605,0.0,0.0,0.0056965014170775,0.0222605917630696,0.3235935568809509,0.0,0.0,night_lowlight,night_lowlight,0.0
2019-05-12 14:00:00+00:00,2019-05-12 15:00:00+00:00,0.0,0.0,0.0,0.0,0.302423894405365,0.2682753801345825,0.0538192354142665,0.8650810122489929,0.2078404575586319,0.0,1.6557079553604126,0.0,0.0,0.0056965014170775,0.0222605917630696,0.2859888076782226,0.0,0.0,night_lowlight,night_lowlight,0.0
2019-05-12 14:15:00+00:00,2019-05-12 15:15:00+00:00,0.0,0.0,0.0,0.0,0.2811308801174164,0.2218702286481857,0.0,0.8309302926063538,0.1616398692131042,0.0,1.6359119415283203,0.0,0.0,0.0056965014170775,0.0222605917630696,0.2975455820560455,0.0,0.0,night_lowlight,night_lowlight,0.0
2019-05-12 14:30:00+00:00,2019-05-12 15:30:00+00:00,0.0,0.0,0.0,0.0,0.3228087127208709,0.1557186543941497,0.0,0.7790157794952393,0.1332690566778183,0.0,1.6626818180084229,0.0207558944821357,0.0064861461204973,0.0056965014170775,0.0222605917630696,0.3055774569511413,0.0,0.0,night_lowlight,night_lowlight,0.0
2019-05-12 14:45:00+00:00,2019-05-12 15:45:00+00:00,0.0,0.0,0.0,0.0,0.3294579982757568,0.2036991864442825,0.0,0.7793519496917725,0.1210655644536018,0.0,1.6827703714370728,0.0,0.0064861461204973,0.0056965014170775,0.0222605917630696,0.3341881334781647,0.0,0.0,night_lowlight,night_lowlight,0.0
2019-05-12 15:00:00+00:00,2019-05-12 16:00:00+00:00,0.0,0.0,0.0,0.0,0.3450946807861328,0.3024754226207733,0.0,0.7729101181030273,0.0683745816349983,0.0,1.8939595222473145,0.0,0.0,0.0056965014170775,0.0222605917630696,0.3019275963306427,0.0,0.0,night_lowlight,night_lowlight,0.0
2019-05-12 15:15:00+00:00,2019-05-12 16:15:00+00:00,0.0,0.0,0.0,0.0,0.3304129242897033,0.36958909034729,0.0,0.7719530463218689,0.1146185323596,0.0,1.9481472969055176,0.0,0.0,0.0056965014170775,0.0222605917630696,0.3299607038497925,0.0,0.0,night_lowlight,night_lowlight,0.0
2019-05-12 15:30:00+00:00,2019-05-12 16:30:00+00:00,0.0,0.0,0.0,0.0,0.2704842984676361,0.3180212378501892,0.0,0.6754963397979736,0.1672271788120269,0.0,1.8755520582199097,0.020389499142766,0.0061642805899171,0.0125541912026138,0.0222605917630696,0.3236567080020904,0.0,0.0,night_lowlight,night_lowlight,0.0
2019-05-12 15:45:00+00:00,2019-05-12 16:45:00+00:00,0.0,0.0,0.0,0.0,0.0679928138852119,0.342145711183548,0.0,0.8085469603538513,0.1346421390771865,0.0,2.020666122436523,0.0712166801095008,0.0,0.0,0.0116447505600546,0.3616629838943481,0.0,0.0,night_lowlight,night_lowlight,0.0
2019-05-12 16:00:00+00:00,2019-05-12 17:00:00+00:00,0.0,0.0,0.0,0.0,0.1139879673719406,0.3092890679836273,0.0,0.7039085626602173,0.3025507926940918,0.0105224214494228,1.9645435810089111,0.483713835477829,0.0,0.0056965014170775,0.0222605917630696,0.3517141938209533,0.0,0.0,night_lowlight,night_lowlight,0.0
2019-05-12 16:15:00+00:00,2019-05-12 17:15:00+00:00,0.0,0.0,0.0,0.0,0.1320686191320419,0.3120079040527344,0.0,0.6241744160652161,0.4428668618202209,0.1477115303277969,1.9550232887268064,0.6710392832756042,0.0064861461204973,0.0056965014170775,0.0222605917630696,0.3853577375411987,0.0,0.0,night_lowlight,night_lowlight,0.0
2019-05-12 16:30:00+00:00,2019-05-12 17:30:00+00:00,0.0,0.0,0.0,0.0,0.0718163102865219,0.3083487451076507,0.0,0.6483861207962036,0.4636722207069397,0.1550640165805816,2.0343072414398193,0.754626989364624,0.0,0.0056965014170775,0.0222605917630696,0.3960186541080475,0.0,0.0,night_lowlight,night_lowlight,0.0
2019-05-12 16:45:00+00:00,2019-05-12 17:45:00+00:00,0.0,0.0,0.0,0.0,0.1370448023080825,0.3070583343505859,0.0371287949383258,0.6146656274795532,0.5749987363815308,0.2970340549945831,2.103851795196533,0.8567754030227661,0.0064861461204973,0.0056965014170775,0.0222605917630696,0.4388294816017151,0.0,0.0,night_lowlight,night_lowlight,0.0
2019-05-12 17:00:00+00:00,2019-05-12 18:00:00+00:00,0.0,0.0,0.0,0.0,0.0376710854470729,0.390261560678482,0.0,0.6093772649765015,0.6705125570297241,0.5173389911651611,2.0461912155151367,1.080751657485962,0.0062612830121815,0.0267793668126446,0.0294954687602139,0.371008962392807,0.038194254040718,0.0,night_lowlight,night_lowlight,0.0
2019-05-12 17:15:00+00:00,2019-05-12 18:15:00+00:00,0.0,0.0,0.0,0.0,0.0,0.4011937081813812,0.0,0.5725340843200684,0.7490382194519043,0.5539115071296692,2.0458998680114746,1.1278526782989502,0.0036711229225344,0.0267793668126446,0.0294954687602139,0.3422623574733734,0.0867092683911323,0.0,night_lowlight,night_lowlight,0.0
2019-05-12 17:30:00+00:00,2019-05-12 18:30:00+00:00,0.0,0.0,0.0,0.0,0.0,0.4399389326572418,0.048896312713623,0.7124571204185486,0.7388529777526855,0.5067157745361328,2.2872684001922607,1.277696967124939,0.0,0.0267793668126446,0.0294954687602139,0.429251492023468,0.2660326957702636,0.0,night_lowlight,night_lowlight,0.0
2019-05-12 17:45:00+00:00,2019-05-12 18:45:00+00:00,0.0,0.0,0.0,0.0,0.0,0.4854269027709961,0.2004595547914505,0.8634751439094543,0.8310725688934326,0.5334600210189819,2.5008609294891357,1.5840789079666138,0.0,0.0156567244971602,0.0245207303653669,0.4840520024299621,0.4792951941490173,0.0,night_lowlight,night_lowlight,0.0
2019-05-12 18:00:00+00:00,2019-05-12 19:00:00+00:00,0.0,0.0,0.0,0.0,0.0732425600290298,0.5734562873840332,0.3475278317928314,0.7976641654968262,1.093069314956665,0.8208476901054382,2.3767035007476807,1.9010319709777832,0.0064861461204973,0.0199216770271083,0.0294954687602139,0.5974788069725037,0.5670788884162903,0.0,night_lowlight,night_lowlight,0.0
2019-05-12 18:15:00+00:00,2019-05-12 19:15:00+00:00,0.0,0.0,0.0,0.0,0.0083061549812555,0.6314021944999695,0.3871590793132782,0.9176089763641356,1.168087124824524,0.9038352966308594,2.5205118656158447,2.10192346572876,0.0,0.0,0.0294954687602139,0.7017126083374023,0.7445251941680908,0.0,night_lowlight,night_lowlight,0.0
2019-05-12 18:30:00+00:00,2019-05-12 19:30:00+00:00,0.0,0.0,0.0,0.0,0.0,0.7052962183952332,0.4008640646934509,0.8411885499954224,1.3384360074996948,1.0659750699996948,2.4667611122131348,2.251514434814453,0.0024649979479577,0.0267793668126446,0.0294954687602139,0.7483491897583008,0.7612776756286621,0.0,night_lowlight,night_lowlight,0.0
2019-05-12 18:45:00+00:00,2019-05-12 19:45:00+00:00,0.0,0.0,0.0,0.0,0.0,0.7234047055244446,0.4827069044113159,0.8453375101089478,1.3807348012924194,1.084694504737854,2.504361391067505,2.289090633392334,0.0074343118654207,0.0267793668126446,0.0294954687602139,0.7820537686347961,0.7864960432052612,0.0,night_lowlight,night_lowlight,0.0
2019-05-12 19:00:00+00:00,2019-05-12 20:00:00+00:00,0.0,0.0,0.0,0.0,0.0413640215992927,0.8810378909111023,0.5719313025474548,0.9247390031814576,1.5610431432724,1.2130731344223022,2.500032663345337,2.4209041595458984,0.0027229571776111,0.0199216770271083,0.0294954687602139,1.0144779682159424,0.8978057503700256,0.0,night_lowlight,night_lowlight,0.0
2019-05-12 19:15:00+00:00,2019-05-12 20:15:00+00:00,0.0,0.0,0.0,0.0525197573006153,0.0010626354487612,0.928875744342804,0.6455022096633911,1.0249580144882202,1.601205348968506,1.2866694927215576,2.567785263061523,2.53130841255188,0.0074343118654207,0.0267793668126446,0.0294954687602139,1.0426517724990845,0.889362096786499,0.1335487216711044,night_lowlight,night_lowlight,0.0
2019-05-12 19:30:00+00:00,2019-05-12 20:30:00+00:00,0.0,0.0,0.0,0.1143181100487709,0.0952030420303344,1.043038249015808,0.7131686806678772,1.1693967580795288,1.742969989776611,1.3523597717285156,2.6538655757904053,2.6541390419006348,0.05081926428305,0.0229094764157538,0.0240091034398851,1.200450778007507,0.935530960559845,0.2346735000610351,night_lowlight,night_lowlight,0.0
2019-05-12 19:45:00+00:00,2019-05-12 20:45:00+00:00,0.0,0.0,0.0,0.2729443311691284,0.11177309602499,1.0968815088272097,0.845454752445221,1.4298837184906006,1.879810094833374,1.4329235553741455,2.962454319000244,2.825495958328247,0.0062612830121815,0.0457893592259733,0.0294954687602139,1.391209840774536,1.0883986949920654,0.4204824864864349,night_lowlight,night_lowlight,0.0
2019-05-12 20:00:00+00:00,2019-05-12 21:00:00+00:00,0.0,0.0,0.0,0.4008451700210571,0.1189479455351829,1.115756630897522,0.9155905842781068,1.369518160820007,1.8657262325286863,1.5404109954833984,2.8330116271972656,2.952064275741577,0.0076591749737365,0.0414611225603935,0.0294954687602139,1.3735158443450928,1.032054781913757,0.5282557010650635,night_lowlight,night_lowlight,0.0
2019-05-12 20:15:00+00:00,2019-05-12 21:15:00+00:00,0.0,1.0,0.0,0.4806322753429413,0.2087256461381912,1.291133999824524,0.9717906713485718,1.4253756999969482,2.0306127071380615,1.6142984628677368,2.860642194747925,3.1170973777770996,0.0074343118654207,0.0457893592259733,0.0294954687602139,1.5203993320465088,1.0849088430404663,0.6359131932258606,night_lowlight,night_lowlight,0.0
2019-05-12 20:30:00+00:00,2019-05-12 21:30:00+00:00,0.327934,14.0,0.0,0.5896525382995605,0.3140978813171386,1.405700922012329,1.091210961341858,1.5330389738082886,2.1624622344970703,1.6950101852416992,2.9685637950897217,3.275430917739868,0.0,0.0339117042333306,0.0294954687602139,1.6604551076889038,1.185384750366211,0.7904474139213562,night_lowlight,night_lowlight,0.327934
2019-05-12 20:45:00+00:00,2019-05-12 21:45:00+00:00,0.690184,32.0,0.0,0.722382128238678,0.429789662361145,1.5666857957839966,1.2207330465316772,1.6724309921264648,2.3153295516967773,1.7905678749084473,3.145691394805908,3.454444646835327,0.0366428581984307,0.0,0.0294954687602139,1.8381739854812624,1.3310174942016602,0.9590584635734558,day_low,day_stable,0.690184
2019-05-12 21:00:00+00:00,2019-05-12 22:00:00+00:00,1.055195,52.0,0.0,0.8131320476531982,0.5078541040420532,1.7071441411972046,1.3425368070602417,1.8213458061218264,2.4572055339813232,1.9394285678863523,3.3449814319610596,3.6782920360565186,0.1856241520887631,0.1694974524006218,0.1730413021623938,2.0699374675750732,1.5975852012634275,1.1708565950393677,day_low,day_stable,1.055195
2019-05-12 21:15:00+00:00,2019-05-12 22:15:00+00:00,1.378289,69.0,0.0,0.93270343542099,0.6034610867500305,1.7920223474502563,1.520726203918457,1.939939022064209,2.5740015506744385,2.126380920410156,3.487987756729126,3.8720524311065674,0.5248266476405864,0.4559634362821542,0.4586830739885565,2.2599480152130127,1.8504970073699951,1.3909690380096436,day_low,day_stable,1.378289
2019-05-12 21:30:00+00:00,2019-05-12 22:30:00+00:00,1.94682,117.0,0.327934,1.434287998184204,1.2066650123443603,2.386809799179077,2.148935410484314,2.5386802882995605,3.2342200012054443,2.6932332248535156,4.1085443229522705,4.5061766834106445,0.8454221198629713,0.8351492070682327,1.0154665949478008,2.9071516723480224,2.602214786514282,1.989098164543152,day_low,day_stable,1.618886
2019-05-12 21:45:00+00:00,2019-05-12 22:45:00+00:00,3.0765,158.0,0.690184,2.016758921607971,1.9481349019851684,3.077623250946045,2.8665441303100585,3.298287275299072,4.033397081359864,3.359267595275879,4.838944795593262,5.245480897888184,1.4765650315755896,1.6890588384427236,1.7096300489983018,3.6884878902282714,3.572527053817749,2.7283867626037597,day_low,day_stable,2.386316
2019-05-12 22:00:00+00:00,2019-05-12 23:00:00+00:00,4.72511,202.0,1.055195,2.63079371673584,2.837132718391419,3.893277551956177,3.6437059901428226,4.314453508682251,5.205565597839356,4.037569668121338,5.598353531188965,6.222550060577393,2.5521796426746906,2.523369395811488,2.2998586994944015,4.728515293426514,4.909095194168091,3.7362865470123294,day_low,day_stable,3.6699149999999996
2019-05-12 22:15:00+00:00,2019-05-12 23:15:00+00:00,6.677672,268.0,1.378289,3.355934516395569,3.585022226776123,4.678471104110718,4.347700611557007,5.314281240905762,5.9586088814392095,4.667528406585694,6.508994356597901,6.840815798248292,3.6563826993555466,3.325020722557296,3.908324133686377,5.600308672393799,6.1103375115051275,4.929113403762818,day_medium,day_stable,5.299383000000001
2019-05-12 22:30:00+00:00,2019-05-12 23:30:00+00:00,8.822187,331.0,1.94682,4.3803591521453855,4.73426888305664,5.867522695846557,5.329654434509277,6.463828304595947,7.0224253924560545,5.605025032348633,7.573113182373047,7.848707893676758,5.23329099282432,5.324044936673074,5.834809648195309,6.639261463470459,7.407029846496582,6.23617956954956,day_medium,day_stable,6.875367
2019-05-12 22:45:00+00:00,2019-05-12 23:45:00+00:00,11.07006,391.0,3.0765,6.071711839675903,6.485502304077148,7.689727367401122,6.8876717700958245,8.139164031982421,8.688160480499267,7.117977680206298,9.1650009765625,9.401872695922853,7.732805478994094,7.784759288971965,8.434204916116393,8.206904472351074,9.06466156387329,8.010780395507812,day_medium,day_stable,7.99356
2019-05-12 23:00:00+00:00,2019-05-13 00:00:00+00:00,13.10575,452.0,4.72511,8.323714917526246,8.800344413146973,10.007096713409425,9.157588904724122,10.885557120666505,10.963140433654786,9.47821754776001,11.772659724578858,11.713210051879884,10.836662779423405,11.720428372082475,11.617463084434547,10.270455306396483,11.315169757232669,10.482409900054932,day_medium,day_ramp_up,8.38064
2019-05-12 23:15:00+00:00,2019-05-13 00:15:00+00:00,15.12656,514.0,6.677672,10.87191018588257,11.34670791156006,12.393539519378663,11.66142615802002,13.47417602069092,13.412509532043458,11.932717890808108,14.132693858215331,13.996408076354982,12.710582090595995,14.336989781879476,14.188593336177895,12.523368926116945,13.477964015075685,12.912379355499269,day_medium,day_ramp_up,8.448888
2019-05-12 23:30:00+00:00,2019-05-13 00:30:00+00:00,17.046310000000002,572.0,8.822187,13.588450961791992,14.020277553283693,14.58262401171875,14.194747024261474,16.059561782562255,15.624166541778564,14.440774017059326,16.36896329470825,16.100110583984375,16.145534368701604,16.475270431090784,16.16341143414761,14.887140804016113,15.617808395111084,15.380140834533693,day_medium,day_stable,8.224123000000002
2019-05-12 23:45:00+00:00,2019-05-13 00:45:00+00:00,18.809879,618.0,11.07006,16.201565012512205,16.78017734008789,16.87217067199707,16.603329882202146,18.680606112060545,17.680595144805906,16.845886930999754,18.436125025329588,18.12555097061157,19.006887277459285,19.0934108612706,18.760202576396836,17.280505404052732,17.74703763442993,17.775593027648924,day_medium,day_stable,7.739818999999999
2019-05-13 00:00:00+00:00,2019-05-13 01:00:00+00:00,20.422501,666.0,13.10575,18.378734504699707,19.14229527664185,18.996304428100583,18.890149509429932,21.861594116210934,19.71632615280151,19.138498222351075,20.90711251449585,20.014449989318848,19.90802615324914,19.89413732060375,19.98558862824235,19.390710746765137,19.664525424957276,19.75767937850952,day_high,day_stable,7.316751
2019-05-13 00:15:00+00:00,2019-05-13 01:15:00+00:00,21.98394,716.0,15.12656,20.504716661987302,21.374638823089597,20.977247026977537,20.76402166229248,23.722821024475095,21.20357539993286,21.034196165618894,22.704042700347895,21.508352068481443,21.31700068957521,21.70270074596868,22.07291534552252,21.33484580856323,21.27430751663208,21.70786359649658,day_high,day_stable,6.857380000000001
2019-05-13 00:30:00+00:00,2019-05-13 01:30:00+00:00,23.330561,754.0,17.046310000000002,22.240450911102297,23.127257875976564,22.816546492156984,22.15594010787964,24.957511000213625,22.54216247039795,22.634677938995363,24.06916671234131,22.868434004364016,24.621976082015298,24.871855618985,24.56020138559161,23.15324979263306,22.7975945993042,23.40527158218384,day_high,day_stable,6.284250999999998
2019-05-13 00:45:00+00:00,2019-05-13 01:45:00+00:00,24.583561,793.0,18.809879,23.80557983618164,24.71652191381836,24.42224949102783,23.424265558532714,26.00675647955322,23.523611719421385,23.9182397673645,25.286550695709227,23.931233103088378,25.65125454483278,25.69641959312892,25.350715057998684,24.767170603088378,24.08557432394409,24.99018400411987,day_high,day_stable,5.773682000000001
2019-05-13 01:00:00+00:00,2019-05-13 02:00:00+00:00,25.70006,840.0,20.422501,25.19535771234131,26.12924280984497,25.83468762261963,24.887389095855713,28.663060577941895,24.894676121307377,25.320253285003663,27.133860024047852,24.991275223327637,27.698979832953594,27.37220575758616,26.924013033685135,26.03441086633301,25.255908878875733,26.15662422998047,day_high,day_stable,5.277559
2019-05-13 01:15:00+00:00,2019-05-13 02:15:00+00:00,26.633249,882.0,21.98394,26.15550744003296,27.523308629455567,26.962633008422852,25.4601362890625,29.423405522766114,25.989227647247315,26.160309190216065,28.24790417617798,26.106001729431153,29.10537562019364,28.85570054232676,28.20673516313467,27.138968343200684,26.650131577911377,27.26762091583252,day_high,day_stable,4.649308999999999
2019-05-13 01:30:00+00:00,2019-05-13 02:30:00+00:00,27.469311,921.0,23.330561,27.335471469055175,28.581432658325195,27.86491282571411,26.224535304199215,29.47801097024536,26.65084679711914,26.91530688394165,28.661598998199462,26.59390862573242,30.36922775159729,29.755009649210745,29.02886527713654,28.125941115509033,27.587753134857177,28.547310668121337,day_high,day_stable,4.138750000000002
2019-05-13 01:45:00+00:00,2019-05-13 02:45:00+00:00,28.212628999999996,956.0,24.583561,27.9120259848938,29.29928594506836,28.7038641539917,26.57340544141388,29.82201486505127,27.234024581085205,27.45318704522705,29.116740759979248,27.188317355285644,31.201343426445916,29.871527005093455,29.084529910468344,29.00310283578491,28.435438450942993,29.45718913949585,day_high,day_stable,3.6290679999999966
2019-05-13 02:00:00+00:00,2019-05-13 03:00:00+00:00,28.854878999999997,979.0,25.70006,28.594455112991337,29.896819700775147,29.227946152267457,27.613579382476807,31.895750631866456,28.161486973342896,28.212765326080323,30.24215280014038,27.62673531967163,32.01864183687446,30.805712112496447,30.330830193162303,29.612717260894776,29.120397677001954,30.156007875976563,day_high,day_stable,3.1548189999999963
2019-05-13 02:15:00+00:00,2019-05-13 03:15:00+00:00,29.3335,1006.0,26.633249,28.87896080343628,30.260378316329955,29.561005786346435,27.80095775453949,31.60276813833618,28.55799789755249,28.420165494369503,30.08977957098389,27.874382213043212,32.916838861465614,30.995812895649607,30.275020744798447,30.019164756225585,29.582973912643432,30.556115821289065,day_high,day_stable,2.7002510000000015
2019-05-13 02:30:00+00:00,2019-05-13 03:30:00+00:00,29.60388,1016.0,27.469311,29.159927846084596,30.29736352075195,29.686138154159547,27.975958109985353,31.310231686721803,28.36708361018753,28.46489125598526,30.038386107574464,27.90363252271271,32.35430842415435,30.98821229175811,30.33368075464666,30.169902802597047,29.858531714569093,30.787491322647096,day_high,day_stable,2.134568999999999
2019-05-13 02:45:00+00:00,2019-05-13 03:45:00+00:00,29.988001,1032.0,28.212628999999996,29.1952955520668,30.137693802169796,29.703216234497063,27.815800586990353,30.886510530761715,27.865738133243557,28.16565397595548,29.870702067665096,27.81300006275558,30.101480198653977,30.110204603757584,29.327125268339444,30.082191268257137,30.015164772323605,30.96667186384582,day_high,day_stable,1.7753720000000044
2019-05-13 03:00:00+00:00,2019-05-13 04:00:00+00:00,30.445628999999997,1047.0,28.854878999999997,29.15982259135627,30.142191150001523,29.454514779857632,27.954106190017697,32.06565938215637,28.334191479496,28.252350129894253,30.403404691032407,27.93548546057129,32.11997169114527,30.793758956411946,30.326652518460143,30.17960903864288,30.45827946882629,31.15642056684875,day_high,day_stable,1.5907499999999999
2019-05-13 03:15:00+00:00,2019-05-13 04:15:00+00:00,29.862869,1039.0,29.3335,29.09304855978489,30.350427123069764,29.334972028903664,27.66700455760956,31.489919515609746,28.525457235336305,27.768076988220216,29.940142544269563,27.80104240989685,33.188956234307845,31.607331000548513,31.12972654349863,30.33665296649933,30.729336353302003,31.0928811750412,day_high,day_stable,0.5293689999999991
2019-05-13 03:30:00+00:00,2019-05-13 04:30:00+00:00,30.348499,1030.0,29.60388,28.96471197593689,29.699815747027397,29.064669442062375,27.391321730499268,30.74583156097412,27.72468717086792,27.682385396842957,29.34991170156479,27.439592909698487,31.915574832352192,30.487479658554104,30.30155707005006,30.15921480644226,30.05244631755829,30.295312535648343,day_high,day_stable,0.7446190000000001
2019-05-13 03:45:00+00:00,2019-05-13 04:45:00+00:00,30.213751,1017.0,29.988001,28.672946464134217,29.40291912467575,28.699402343345643,26.800151955200196,29.95646567256546,27.15254439027405,27.047042738510132,28.731673609329224,27.04526556642151,31.829278017433307,30.31112133926404,29.801343669432494,30.152547847343445,29.994400077363313,29.51956466944313,day_high,day_stable,0.2257499999999979
2019-05-13 04:00:00+00:00,2019-05-13 05:00:00+00:00,29.94425,995.0,30.445628999999997,28.603249072364804,29.78675079279327,28.66779887609863,26.812742590240475,30.816802322200772,27.784547209075924,26.83738195829773,28.978068231872555,27.2349926226654,31.646163802358576,30.40719128786516,30.34783810944095,30.410679298720595,30.32807047598743,28.530115365318295,day_high,day_stable,-0.5013789999999965
2019-05-13 04:15:00+00:00,2019-05-13 05:15:00+00:00,29.66688,964.0,29.862869,27.56448886351013,28.505990242523193,27.49387476400757,25.757403587860107,30.22773227648163,26.366404509109497,25.91573069052124,28.368154620689392,26.30168459371948,31.093666096762217,29.197061285951403,29.464275274675135,29.377734279197693,29.376094823640823,26.641766762298584,day_high,day_stable,-0.19598900000000086
2019-05-13 04:30:00+00:00,2019-05-13 05:30:00+00:00,29.521628999999997,935.0,30.348499,27.69876140348816,28.444211900161744,27.414118707107544,25.647567927764893,29.27109307043457,26.163597762512207,25.85299414389038,27.865888297485352,26.30328291647339,30.794333496752657,28.97469122711567,28.842998991782927,28.880191385673523,29.227109730171204,26.49335187666321,day_high,day_stable,-0.8268700000000031
2019-05-13 04:45:00+00:00,2019-05-13 05:45:00+00:00,28.896879,902.0,30.213751,27.144416493011473,27.569417399002074,26.68376104219055,24.987342518402095,28.26180426461792,25.1916505513916,25.425628346038817,26.958463591171263,25.537251156402583,30.58184633973997,28.697813133448708,28.63346987888005,26.52129904611206,27.495296400619505,25.71980158670044,day_high,day_stable,-1.316872
2019-05-13 05:00:00+00:00,2019-05-13 06:00:00+00:00,28.120309999999996,863.0,29.94425,26.426750553131104,27.20601166534424,25.890794647216797,24.613441360473633,28.29273141670227,24.665381324768067,24.870429885864255,26.91689575958252,24.946496856689453,30.092664374785965,29.265700749756324,29.1307753700917,25.791485202789307,26.192571294784543,24.93517721939087,day_high,day_stable,-1.823940000000004
2019-05-13 05:15:00+00:00,2019-05-13 06:15:00+00:00,27.24225,822.0,29.66688,25.867171633605956,26.67514835632324,25.15856825149536,23.991530287628173,27.497733223800655,24.33171163833618,24.239141333465575,26.267474520568847,24.5548137310791,27.597082928234,26.04489923542331,25.81437421563403,25.40967260635376,25.382922041778563,24.381433356170653,day_high,day_stable,-2.4246300000000005
2019-05-13 05:30:00+00:00,2019-05-13 06:30:00+00:00,26.421061,786.0,29.521628999999997,25.523721361450193,25.75743927984619,24.607312822631833,23.677414560607907,26.631115818313596,23.55089345007324,24.248455190948484,25.536766672424314,24.016746664337155,26.62536034711793,26.29162823673184,26.59521672851369,25.12320914297485,24.488153600982663,24.055490637115476,day_high,day_stable,-3.1005679999999955
2019-05-13 05:45:00+00:00,2019-05-13 06:45:00+00:00,25.422689,745.0,28.896879,24.361598772338866,24.68762044363403,23.59751157217407,22.675006670288084,26.157397312454226,22.683424753479,23.070249361328123,24.57788257055664,23.023880762390135,25.267611743530026,24.604315624419236,24.48263979284614,24.357793611816405,23.574842256835936,23.13107613973999,day_high,day_stable,-3.47419
2019-05-13 06:00:00+00:00,2019-05-13 07:00:00+00:00,24.44356,707.0,28.120309999999996,23.336470774230953,23.79841249328613,22.49791782241821,21.866568258819576,24.782388619003292,21.626447847900387,22.126475504455563,23.488981894073483,21.88911836486816,24.73275141723586,24.15639535473445,22.967190979716367,23.386819056091305,22.570080450592037,22.141925505218502,day_high,day_stable,-3.676749999999995
2019-05-13 06:15:00+00:00,2019-05-13 07:15:00+00:00,23.00856,664.0,27.24225,22.27615884399414,22.61976579284668,21.20327046966553,20.744804416656493,23.583713327407835,20.502772842407225,21.29586461639404,22.070887599945067,20.93630126571655,21.789565490102337,21.601277503214863,20.393816101751717,22.38635924911499,21.56226256942749,21.05327418899536,day_high,day_stable,-4.233689999999999
2019-05-13 06:30:00+00:00,2019-05-13 07:30:00+00:00,21.504881,619.0,26.421061,20.971941908966063,20.841743430267336,19.917880496154787,19.53920265115357,22.435584506164552,19.244299849639894,20.250302275787355,20.76376863397217,19.80642982400513,20.85583756434055,20.54259549836718,19.53260356855896,21.542962512146,20.60898872293091,20.084851225982668,day_medium,day_stable,-4.916180000000001
2019-05-13 06:45:00+00:00,2019-05-13 07:45:00+00:00,19.888309,567.0,25.422689,19.60690597616577,19.20798591696167,18.493097344268797,18.290542641510008,21.366442719329832,17.981882611145018,19.027884522308348,19.569917240966795,18.502728978027346,19.557356028889156,19.476525186540457,18.13070130351632,20.45488075338745,19.513861218322752,18.96162513815307,day_medium,day_stable,-5.534379999999999
2019-05-13 07:00:00+00:00,2019-05-13 08:00:00+00:00,18.18075,512.0,24.44356,18.4687761026001,18.00951802307129,17.21533143096924,16.99770915084839,19.188339586791994,16.63750874572754,17.855005617675783,17.791252012786867,17.126909132537843,17.07947589232932,17.238601238042374,16.45078556229083,19.29708516174317,18.174373503265382,17.84770905548096,day_medium,day_stable,-6.262810000000002
2019-05-13 07:15:00+00:00,2019-05-13 08:15:00+00:00,9.200625,261.0,23.00856,16.747903643188476,16.4654691796875,15.67442685180664,15.34183054977417,18.16851693206787,15.22107344680786,16.029240904388427,16.32670193725586,15.479896841583251,16.248883415095666,15.569040557586874,14.852865579739507,17.801723299560546,16.77913123184204,16.20777064376831,day_medium,day_ramp_down,-13.807934999999999
2019-05-13 07:30:00+00:00,2019-05-13 08:30:00+00:00,7.357,221.0,21.504881,15.23723421044922,15.033181285339356,13.842277144866944,13.819017028289796,16.69770488687134,13.763748740631105,14.654219722229003,14.913123702484132,14.080034827667236,14.390568498511312,13.75760988605077,13.472382537370375,16.385606860595704,15.50143394418335,14.678939437347411,day_low,day_ramp_down,-14.147881000000002
2019-05-13 07:45:00+00:00,2019-05-13 08:45:00+00:00,8.900719,230.0,19.888309,13.475220678314209,13.282202241882324,12.31755590246582,12.475890157684326,15.644066808685302,12.283192155822752,13.121847150787351,13.578866479858398,12.370167730316162,12.01426516334847,11.968018864290505,12.23504127474245,14.831043241485595,13.883496282562255,13.099846837982176,day_low,day_ramp_down,-10.987589999999999
2019-05-13 08:00:00+00:00,2019-05-13 09:00:00+00:00,6.542155999999999,164.0,18.18075,11.96460829925537,11.782703506469726,10.433722602844238,10.586313354492187,12.358565437316894,10.373531448364258,11.360047924041748,11.086417304992676,10.562858211517334,10.20877674418609,10.37241544293793,10.72724847837989,13.145277130126953,12.068607913970949,11.315351593017578,day_low,day_ramp_down,-11.638594000000001
2019-05-13 08:15:00+00:00,2019-05-13 09:15:00+00:00,9.193188,249.0,9.200625,3.6131306266784673,3.324969348907471,2.6243501281738286,2.8600130653381353,5.179807720184327,2.4347415542602544,3.5158458328247075,3.085607585906983,2.4131427383422857,4.542583191340903,4.40117699806116,4.70490652494176,4.764113960266114,4.00732141494751,2.9111991500854497,day_medium,day_stable,-0.007437000000001248
2019-05-13 08:30:00+00:00,2019-05-13 09:30:00+00:00,6.178922,171.0,7.357,2.1080848045349123,1.5937329597473149,1.5061713523864748,1.7940608329772951,3.4255293674468996,1.4986883468627932,2.3428317375183108,1.588857776641846,1.3153950042724611,3.1717287138436463,3.7574250751569287,4.118734577413473,3.1308251686096193,2.47686780166626,1.7200819320678713,day_low,day_stable,-1.1780780000000002
2019-05-13 08:45:00+00:00,2019-05-13 09:45:00+00:00,4.343391,111.0,8.900719,3.709801031250001,3.043608499664307,3.21507389654541,3.520684553283692,4.628315759796143,3.2933529149475103,3.966297937530518,3.0683778058471685,3.172739816802979,2.942247497617251,3.5383330546621714,3.650789962499041,4.59709580053711,3.928731752532959,3.617896867889405,day_low,day_stable,-4.557328000000001
2019-05-13 09:00:00+00:00,2019-05-13 10:00:00+00:00,1.262598,41.0,6.542155999999999,1.9109714220581049,1.6277525614318842,1.6263072680053705,1.8255441378173825,1.7676317881164545,0.6742785166320795,2.045291681152343,1.1235802362976068,0.7163317392883295,1.9029856118940591,1.5740966358092627,1.1815348550214,2.409403581481933,1.7884290407714838,1.9335973452148432,day_low,day_stable,-5.279558
2019-05-13 09:15:00+00:00,2019-05-13 10:15:00+00:00,2.7165470000000003,77.0,9.193188,4.5302646639709465,4.21162300137329,4.333679008758544,4.1638329508666985,3.995372104919433,3.469751644409179,4.548238086975097,3.5031602862243645,3.6484163287048337,2.21941967634658,1.3384259080539525,1.0105769065160042,4.849423218048095,4.356925297058105,4.584629822052001,day_low,day_stable,-6.476640999999999
2019-05-13 09:30:00+00:00,2019-05-13 10:30:00+00:00,1.7759490000000002,61.0,6.178922,2.4646726275177,2.348855795928955,2.4046569491119385,2.1170809889526367,2.1465175772399903,1.1796043539733887,2.3434034014434815,1.3350675726623535,1.6351898337097168,1.093245802161618,1.0880089588658963,0.748189323174108,2.291151585647583,2.0139406347961426,2.0278676176757813,day_low,day_stable,-4.402972999999999
2019-05-13 09:45:00+00:00,2019-05-13 10:45:00+00:00,0.93007,32.0,4.343391,1.0147824871215816,1.0480676281127923,1.2635374653015132,0.8906384098205562,1.0545390236053462,0.0,0.8584545242462154,0.0156670200500483,0.3673475372467036,0.0,0.7848842099289463,0.36853450504548,0.7799299347076412,0.772403537002563,0.5561707603607173,day_low,day_stable,-3.413321
2019-05-13 10:00:00+00:00,2019-05-13 11:00:00+00:00,0.533449,16.0,1.262598,0.0,0.0,0.0,0.0,0.0,0.0,0.0,0.0,0.0,0.0,0.0,0.1532111599553759,0.0,0.0,0.0,night_lowlight,night_lowlight,-0.7291490000000002
2019-05-13 10:15:00+00:00,2019-05-13 11:15:00+00:00,0.104346,3.0,2.7165470000000003,0.8791060324401858,0.6529765005798343,1.198370801994324,0.0675611372680666,0.2184226389617922,0.0,0.2839512701721194,0.0,0.0,0.0,0.2587875371616074,0.356998765536329,0.6737980719299319,0.1183748121948244,0.0,night_lowlight,night_lowlight,-2.612201
2019-05-13 10:30:00+00:00,2019-05-13 11:30:00+00:00,0.0,0.0,1.7759490000000002,0.2924653278579714,0.2629065500488283,0.7453677641143801,0.0,0.0,0.0,0.0,0.0,0.0,0.0,0.1636953934107133,0.3663628320418994,0.3066331135025026,0.0,0.0,night_lowlight,night_lowlight,-1.7759490000000002
2019-05-13 10:45:00+00:00,2019-05-13 11:45:00+00:00,0.0,0.0,0.93007,0.0,0.0,0.3035621216964721,0.0,0.0,0.0,0.0,0.0,0.0,0.2217473345576051,0.1924584713798204,0.315110725581283,0.0,0.0,0.0,night_lowlight,night_lowlight,-0.93007
2019-05-13 11:00:00+00:00,2019-05-13 12:00:00+00:00,0.0,0.0,0.533449,0.0,0.0,0.2163398324241637,0.0,0.0,0.0,0.0,0.0,0.0,0.1265516830778499,0.0793756881914243,0.1045501568816167,0.0,0.0,0.0,night_lowlight,night_lowlight,-0.533449
2019-05-13 11:15:00+00:00,2019-05-13 12:15:00+00:00,0.0,0.0,0.104346,0.0,0.0,0.0340100306711196,0.0,0.0,0.0,0.0,0.0,0.0,0.0644934010799342,0.031244898920575,0.0824252462338513,0.0,0.0,0.0,night_lowlight,night_lowlight,-0.104346
2019-05-13 11:30:00+00:00,2019-05-13 12:30:00+00:00,0.0,0.0,0.0,0.0,0.0,0.047268409281969,0.0,0.0099605545401573,0.0,0.0,0.0,0.0,0.0411222901959562,0.0275875850517495,0.0249530862966937,0.0,0.0,0.0,night_lowlight,night_lowlight,0.0
2019-05-13 11:45:00+00:00,2019-05-13 12:45:00+00:00,0.0,0.0,0.0,0.0,0.0,0.1151801943778991,0.0,0.2160563021898269,0.0,0.0,0.0,0.1001626029610633,0.0321237234896415,0.0275875850517495,0.0656740675907361,0.0,0.0,0.0,night_lowlight,night_lowlight,0.0
2019-05-13 12:00:00+00:00,2019-05-13 13:00:00+00:00,0.0,0.0,0.0,0.0,0.0,0.153688833117485,0.0,0.3933128714561462,0.0,0.0,0.0906911641359329,0.193162515759468,0.0132627213870586,0.0167953866937849,0.0361488203632072,0.0,0.0,0.0,night_lowlight,night_lowlight,0.0
2019-05-13 12:15:00+00:00,2019-05-13 13:15:00+00:00,0.0,0.0,0.0,0.0,0.0,0.1202146932482719,0.0,0.4361113309860229,0.0,0.0,0.2858856916427612,0.2392413914203643,0.0132627213870586,0.0167953866937849,0.0361488203632072,0.0,0.0,0.0,night_lowlight,night_lowlight,0.0
2019-05-13 12:30:00+00:00,2019-05-13 13:30:00+00:00,0.0,0.0,0.0,0.0,0.0,0.1258563548326492,0.0,0.4562986493110657,0.0,0.0,0.4250736534595489,0.2704419195652008,0.0132627213870586,0.0167953866937849,0.0361488203632072,0.0,0.0,0.0,night_lowlight,night_lowlight,0.0
2019-05-13 12:45:00+00:00,2019-05-13 13:45:00+00:00,0.0,0.0,0.0,0.0,0.0057498114183545,0.2310068309307098,0.0,0.5087289214134216,0.0,0.0,0.5759787559509277,0.2994245588779449,0.0120896925338194,0.0167953866937849,0.0361488203632072,0.0,0.0,0.0,night_lowlight,night_lowlight,0.0
2019-05-13 13:00:00+00:00,2019-05-13 14:00:00+00:00,0.0,0.0,0.0,0.0,0.055664375424385,0.2694741785526275,0.0,0.5388821959495544,0.0,0.0,0.8800814151763916,0.2390786260366439,0.0120896925338194,0.0167953866937849,0.0361488203632072,0.0401615686714649,0.0,0.0,night_lowlight,night_lowlight,0.0
2019-05-13 13:15:00+00:00,2019-05-13 14:15:00+00:00,0.0,0.0,0.0,0.0,0.1324909925460815,0.345798134803772,0.0,0.5772565007209778,0.0,0.0,1.022947072982788,0.31234872341156,0.0120896925338194,0.0167953866937849,0.0361488203632072,0.062605544924736,0.0,0.0,night_lowlight,night_lowlight,0.0
2019-05-13 13:30:00+00:00,2019-05-13 14:30:00+00:00,0.0,0.0,0.0,0.0,0.1830893456935882,0.3837233781814575,0.0,0.5902921557426453,0.0,0.0,1.121359944343567,0.3869675099849701,0.0120896925338194,0.0167953866937849,0.0361488203632072,0.0939591899514198,0.0,0.0,night_lowlight,night_lowlight,0.0
2019-05-13 13:45:00+00:00,2019-05-13 14:45:00+00:00,0.0,0.0,0.0,0.0,0.2114170342683792,0.3900404274463653,0.0169498436152935,0.5876970291137695,0.0,0.0134094366803765,1.1881484985351562,0.4299918413162231,0.0120896925338194,0.0167953866937849,0.0361488203632072,0.1277352720499038,0.0,0.0,night_lowlight,night_lowlight,0.0
2019-05-13 14:00:00+00:00,2019-05-13 15:00:00+00:00,0.0,0.0,0.0,0.0,0.2777771949768066,0.4539952874183655,0.0,0.6709109544754028,0.0,0.0,1.427470088005066,0.4413622319698334,0.0084583583768307,0.0113933113055959,0.0284133289734555,0.1173774749040603,0.0,0.0,night_lowlight,night_lowlight,0.0
2019-05-13 14:15:00+00:00,2019-05-13 15:15:00+00:00,0.0,0.0,0.0,0.0,0.3120585978031158,0.4705969393253326,0.0,0.6769155859947205,0.0,0.0,1.5589728355407717,0.4241969883441925,0.0120896925338194,0.0047429769675014,0.0248932361302343,0.1346587836742401,0.0,0.0,night_lowlight,night_lowlight,0.0
2019-05-13 14:30:00+00:00,2019-05-13 15:30:00+00:00,0.0,0.0,0.0,0.0,0.3025043904781341,0.4618290960788727,0.0,0.6803450584411621,0.0,0.0,1.6555601358413696,0.4099452793598175,0.0120896925338194,0.0047429769675014,0.0248932361302343,0.1430202424526214,0.0,0.0,night_lowlight,night_lowlight,0.0
2019-05-13 14:45:00+00:00,2019-05-13 15:45:00+00:00,0.0,0.0,0.0,0.0,0.3506191670894623,0.5412497520446777,0.0,0.6921451091766357,0.0,0.0,1.7209763526916504,0.453189343214035,0.0120896925338194,0.0047429769675014,0.0248932361302343,0.1953851878643036,0.0,0.0,night_lowlight,night_lowlight,0.0
2019-05-13 15:00:00+00:00,2019-05-13 16:00:00+00:00,0.0,0.0,0.0,0.0,0.4050751328468323,0.6006715297698975,0.0,0.7239079475402832,0.0,0.0,1.8728917837142944,0.3706312179565429,0.0120896925338194,0.0047429769675014,0.0281464931655003,0.1982146650552749,0.0,0.0,night_lowlight,night_lowlight,0.0
2019-05-13 15:15:00+00:00,2019-05-13 16:15:00+00:00,0.0,0.0,0.0,0.0,0.4786165356636047,0.6307677626609802,0.0,0.731562077999115,0.0,0.0,1.947820782661438,0.4429199695587158,0.0122215473197169,0.0113933113055959,0.0316665860087216,0.1978423148393631,0.0,0.0,night_lowlight,night_lowlight,0.0
2019-05-13 15:30:00+00:00,2019-05-13 16:30:00+00:00,0.0,0.0,0.0,0.0,0.3984166085720062,0.6144531965255737,0.0,0.6744567155838013,0.0,0.0,1.8916720151901243,0.4267995059490204,0.0120896925338194,0.0047429769675014,0.0281464931655003,0.2611798942089081,0.0,0.0,night_lowlight,night_lowlight,0.0
2019-05-13 15:45:00+00:00,2019-05-13 16:45:00+00:00,0.0,0.0,0.0,0.0,0.4492835700511932,0.6264020204544067,0.0,0.6918387413024902,0.0,0.0,1.9458097219467163,0.466206431388855,0.0122215473197169,0.0113933113055959,0.0316665860087216,0.2577046155929565,0.0,0.0,night_lowlight,night_lowlight,0.0
2019-05-13 16:00:00+00:00,2019-05-13 17:00:00+00:00,0.0,0.0,0.0,0.0,0.4985235631465912,0.637309193611145,0.0,0.7269406914710999,0.0,0.0,2.0109853744506836,0.5236161351203918,0.0122215473197169,0.0113933113055959,0.0316665860087216,0.3077564537525177,0.0,0.0,night_lowlight,night_lowlight,0.0
2019-05-13 16:15:00+00:00,2019-05-13 17:15:00+00:00,0.0,0.0,0.0,0.0,0.2603626549243927,0.5060078501701355,0.0,0.623074471950531,0.0,0.0,1.9686150550842283,0.4104605615139007,0.0106896040360886,0.0041782457314974,0.0281464931655003,0.3310456871986389,0.0,0.0,night_lowlight,night_lowlight,0.0
2019-05-13 16:30:00+00:00,2019-05-13 17:30:00+00:00,0.0,0.0,0.0,0.0,0.6506401300430298,0.5671399235725403,0.0,0.7770220041275024,0.0,0.0,2.0308589935302734,0.6217682361602783,0.0126231947070242,0.0108285800695919,0.0316665860087216,0.320990651845932,0.0,0.0,night_lowlight,night_lowlight,0.0
2019-05-13 16:45:00+00:00,2019-05-13 17:45:00+00:00,0.0,0.0,0.0,0.0,0.46403568983078,0.5956164002418518,0.0,0.7217066884040833,0.0238060597330331,0.0,2.0472733974456787,0.6768403649330139,0.0120896925338194,0.0047429769675014,0.0281464931655003,0.3740649819374084,0.0,0.0,night_lowlight,night_lowlight,0.0
2019-05-13 17:00:00+00:00,2019-05-13 18:00:00+00:00,0.0,0.0,0.0,0.0,0.5727071762084961,0.577558696269989,0.0,0.8252574801445007,0.0397609882056713,0.0,2.0995140075683594,0.8674531579017639,0.0122215473197169,0.0154712189417831,0.0349327556442899,0.3282864391803741,0.0,0.0,night_lowlight,night_lowlight,0.0
2019-05-13 17:15:00+00:00,2019-05-13 18:15:00+00:00,0.0,0.0,0.0,0.0,0.4950285851955414,0.6098510026931763,0.0,0.7967215180397034,0.1212923750281333,0.0,2.115841865539551,0.9770539402961732,0.0126231947070242,0.0149064877057792,0.0349327556442899,0.3189828395843506,0.0,0.0,night_lowlight,night_lowlight,0.0
2019-05-13 17:30:00+00:00,2019-05-13 18:30:00+00:00,0.0,0.0,0.0,0.0,0.1243272572755813,0.3937758803367615,0.0,0.7026281952857971,0.1683267802000045,0.0,2.053014039993286,0.9311753511428832,0.0384633375590223,0.0239922745002383,0.0558755047182365,0.4282468259334564,0.0,0.0,night_lowlight,night_lowlight,0.0
2019-05-13 17:45:00+00:00,2019-05-13 18:45:00+00:00,0.0,0.0,0.0,0.0,0.4528935551643371,0.7310378551483154,0.0,0.8268277049064636,0.283957690000534,0.0,2.135321140289306,1.0801395177841189,0.0126231947070242,0.0149064877057792,0.0349327556442899,0.366306334733963,0.0,0.0,night_lowlight,night_lowlight,0.0
2019-05-13 18:00:00+00:00,2019-05-13 19:00:00+00:00,0.0,0.0,0.0,0.0,0.4017136394977569,0.7340889573097229,0.0,0.7832074165344238,0.3281092643737793,0.0,2.175358772277832,1.2075544595718384,0.0124913399211266,0.0082561533676847,0.0314126628010687,0.4732967019081116,0.0383830405771732,0.0,night_lowlight,night_lowlight,0.0
2019-05-13 18:15:00+00:00,2019-05-13 19:15:00+00:00,0.0,0.0,0.0,0.0,0.2054696530103683,0.7521856427192688,0.0,0.8272829055786133,0.4081868231296539,0.0,2.0603694915771484,1.3873594999313354,0.0392719602805897,0.0174359408257356,0.035154189279711,0.654212474822998,0.1197099089622497,0.049128983169794,night_lowlight,night_lowlight,0.0
2019-05-13 18:30:00+00:00,2019-05-13 19:30:00+00:00,0.0,0.0,0.0,0.0,0.2083441019058227,0.7896782159805298,0.0,0.871953010559082,0.4978999495506286,0.0,2.017810344696045,1.4855625629425049,0.0392719602805897,0.0174359408257356,0.035154189279711,0.7221528887748718,0.1257843375205993,0.1087297946214675,night_lowlight,night_lowlight,0.0
2019-05-13 18:45:00+00:00,2019-05-13 19:45:00+00:00,0.0,0.0,0.0,0.0,0.2487311065196991,0.7767493724822998,0.0,0.8649244904518127,0.5231875777244568,0.0,1.9995670318603516,1.503628849983215,0.040015319228345,0.0245570057362423,0.0558755047182365,0.8075834512710571,0.2100963145494461,0.1133176907896995,night_lowlight,night_lowlight,0.0
2019-05-13 19:00:00+00:00,2019-05-13 20:00:00+00:00,0.0,0.0,0.0,0.0,0.351075530052185,0.981376051902771,0.0,0.955283224582672,0.693235456943512,0.0,1.9980285167694092,1.8267585039138792,0.0135713604519475,0.0267841426984219,0.0349327556442899,0.854114830493927,0.3180675804615021,0.2459863573312759,night_lowlight,night_lowlight,0.0
2019-05-13 19:15:00+00:00,2019-05-13 20:15:00+00:00,0.0,0.0,0.0,0.0,0.2594810724258423,0.9860689640045166,0.0,1.0344942808151243,0.7505569458007812,0.0557298175990581,2.1285459995269775,2.0294947624206543,0.0109892009271069,0.0,0.0349327556442899,0.9821087718009948,0.4421724081039428,0.3667283058166504,night_lowlight,night_lowlight,0.0
2019-05-13 19:30:00+00:00,2019-05-13 20:30:00+00:00,0.0,0.0,0.0,0.0,0.2956291735172272,1.0822291374206543,0.0,1.0181642770767212,0.8593998551368713,0.1398530900478363,2.164456605911255,2.1949446201324463,0.009406524121754,0.0223289087273194,0.0349327556442899,1.1040784120559692,0.5545974373817444,0.4791551530361175,night_lowlight,night_lowlight,0.0
2019-05-13 19:45:00+00:00,2019-05-13 20:45:00+00:00,0.0,0.0,0.0,0.053318552672863,0.286387175321579,1.136262059211731,0.0,1.093065857887268,0.9434666633605956,0.2578222453594208,2.2516894340515137,2.3511502742767334,0.0,0.0,0.0349327556442899,1.260150909423828,0.6906412839889526,0.6036638617515564,night_lowlight,night_lowlight,0.0
2019-05-13 20:00:00+00:00,2019-05-13 21:00:00+00:00,0.002832,0.0,0.0,0.1370205134153366,0.3355945944786072,1.1653735637664795,0.1286534518003463,1.1769033670425415,1.0262845754623413,0.3967676162719726,2.2851080894470215,2.5452969074249268,0.0388703128932824,0.0370106644750683,0.035154189279711,1.402025818824768,0.8115700483322144,0.7350709438323975,night_lowlight,night_lowlight,0.002832
2019-05-13 20:15:00+00:00,2019-05-13 21:15:00+00:00,0.0153419999999999,0.0,0.0,0.2046489417552948,0.4035002589225769,1.2510836124420166,0.233002483844757,1.2860229015350342,1.144408106803894,0.5299032330513,2.3678781986236572,2.76910662651062,0.0,0.0,0.0349327556442899,1.5462616682052612,0.9887632131576538,0.8697460293769836,night_lowlight,night_lowlight,0.0153419999999999
2019-05-13 20:30:00+00:00,2019-05-13 21:30:00+00:00,0.5153479999999999,17.0,0.0,0.3095142841339111,0.5218062400817871,1.3597006797790527,0.3001278340816498,1.2647697925567627,1.2951329946517944,0.6254439949989319,2.358621597290039,2.9379725456237793,0.0246015169921409,0.0370106644750683,0.0349327556442899,1.6861993074417114,1.1361814737319946,0.999789297580719,night_lowlight,night_lowlight,0.5153479999999999
2019-05-13 20:45:00+00:00,2019-05-13 21:45:00+00:00,1.017078,38.0,0.0,0.4098964035511017,0.6566293835639954,1.548412799835205,0.3743107318878174,1.321656346321106,1.5092988014221191,0.740207850933075,2.388045310974121,3.1572673320770264,0.0572212960977325,0.0457941351117506,0.0349327556442899,1.8455489873886108,1.2528244256973269,1.079046607017517,day_low,day_stable,1.017078
2019-05-13 21:00:00+00:00,2019-05-13 22:00:00+00:00,1.2125860000000002,50.0,0.002832,0.6011096284217834,0.7828119442291259,1.8182471439666748,0.6508749768562316,1.5115659878082277,1.606667105895996,0.7697235390968322,2.506887261611938,3.335727040512085,0.1904113875430592,0.1615006157182119,0.1666993600521313,2.0190122768707277,1.3483714506454467,0.975422684890747,day_low,day_stable,1.2097540000000002
2019-05-13 21:15:00+00:00,2019-05-13 22:15:00+00:00,1.680875,64.0,0.0153419999999999,0.7405636339111327,0.828025343887329,1.9445159463806152,0.7721799640579222,1.7865042714996338,1.7522972850723266,0.9734627036972044,2.699574711791992,3.5782871274871826,0.4480044970678136,0.4222997473940656,0.4521196982428728,2.211629155151367,1.5049241809768676,1.1739192037506103,day_low,day_stable,1.665533
2019-05-13 21:30:00+00:00,2019-05-13 22:30:00+00:00,2.526234,103.0,0.5153479999999999,1.4131681746940612,1.534153980682373,2.671274465988159,1.393516523311615,2.653214973876953,2.570270342300415,1.774801535079956,3.5282016224365234,4.475411934326171,0.7720656023673468,0.8133631731727868,0.9885801627324458,2.9813714451293944,2.3355164951782226,1.9144903845291137,day_low,day_stable,2.010886
2019-05-13 21:45:00+00:00,2019-05-13 22:45:00+00:00,3.638688,142.0,1.017078,2.1330238160400388,2.3445012149124143,3.3147788819580075,2.146022158554077,3.3784099396972653,3.412366705825806,2.621062475135803,4.242389040878296,5.344890671661377,1.4414530898175977,1.68791969154585,1.6254378501741973,3.780654507568359,3.290856915405273,2.7764682349472043,day_low,day_stable,2.6216100000000004
2019-05-13 22:00:00+00:00,2019-05-13 23:00:00+00:00,5.565766,207.0,1.2125860000000002,2.6107236886367797,2.9716877484664916,3.905546500717163,2.7027358556137084,4.0434447074279785,4.216639354263306,3.175813033615112,4.886900260482788,5.974516465698242,2.4831253887564517,2.6264579274051107,2.187575081389661,4.415157630477905,4.169209315811157,3.3961878562316894,day_low,day_stable,4.35318
2019-05-13 22:15:00+00:00,2019-05-13 23:15:00+00:00,5.204391,189.0,1.680875,3.377743300437927,4.056204971313477,5.064591344833374,3.4649158086776732,4.593949254989624,5.275247034072876,3.854064640045166,5.436033662796021,6.854352649688721,3.153270038902444,3.127476223755722,3.3344137352532104,5.166104015350342,5.059976276397705,4.213025506973267,day_low,day_stable,3.5235160000000003
2019-05-13 22:30:00+00:00,2019-05-13 23:30:00+00:00,7.140219,261.0,2.526234,4.756314366134644,5.449746935638428,6.521443455490113,4.776760428222657,5.948126166137696,6.608899920257569,5.163541167053223,6.7325538089599615,8.133768408569336,5.32720932603097,4.968253760272821,5.158065656530704,6.577963202270508,6.580328791412354,5.872381537231446,day_medium,day_stable,4.613985
2019-05-13 22:45:00+00:00,2019-05-13 23:45:00+00:00,5.961812,205.0,3.638688,6.425739677703858,7.226519974029541,8.364210994995117,6.425350340164185,7.741303356445313,8.335101040161133,6.808373125350952,8.678353222167969,9.71961012677002,7.671232177439343,7.556004571894001,7.965290505178041,8.261978061950684,8.384826095855713,7.795407207763672,day_low,day_stable,2.323124
2019-05-13 23:00:00+00:00,2019-05-14 00:00:00+00:00,9.127126,338.0,5.565766,9.081794881072998,9.697075509277344,10.957915448394775,8.83255066796875,10.39165654107666,10.983570718017578,9.53240361138916,11.74161353036499,12.21860899850464,10.666419938708373,10.01160244784833,11.382196347016183,10.860469006744385,10.667093896118164,10.060104989257812,day_medium,day_stable,3.5613600000000005
2019-05-13 23:15:00+00:00,2019-05-14 00:15:00+00:00,11.30763,423.0,5.204391,8.959057090011598,9.547397610870362,10.523412701812743,8.49755382272339,10.238546368804933,10.114534852233888,9.28392553063965,11.621665475097656,11.709376332489017,10.644825713339213,9.974650104832527,10.965225920656035,10.936389920440677,10.442853448120118,9.920788285461429,day_medium,day_stable,6.103238999999999
2019-05-13 23:30:00+00:00,2019-05-14 00:30:00+00:00,12.439,463.0,7.140219,11.142948892730711,11.658845689910889,12.37451961340332,10.449488666671751,12.24894407095337,11.584398058074951,11.57232930960083,13.994876649993897,13.456055906433106,12.818604447234152,11.523034558667351,14.03789627419926,13.123345640319824,12.76149585546875,12.108170774597168,day_medium,day_stable,5.298781
2019-05-13 23:45:00+00:00,2019-05-14 00:45:00+00:00,17.66581,584.0,5.961812,10.171501617156984,11.0432009503479,11.619184951507568,9.265823344909668,11.317589740478516,10.331485252105711,10.364809016906738,13.08654640170288,12.229231338226318,11.452398399258474,10.667556338932698,12.491846316256606,12.130496005737305,11.942524890625,11.113032798492432,day_medium,day_ramp_up,11.703998
2019-05-14 00:00:00+00:00,2019-05-14 01:00:00+00:00,18.95031,622.0,9.127126,13.364481709075928,14.280998013092042,14.832360527587891,12.222106001449584,14.647980473114014,13.527284405303956,13.816758892608645,16.504967472625733,15.327805302215577,16.377860627963216,13.134495832712542,15.273176899991975,15.057823917938231,14.964290402008055,14.183369419647216,day_medium,day_ramp_up,9.823184000000001
2019-05-14 00:15:00+00:00,2019-05-14 01:15:00+00:00,20.77644,679.0,11.30763,15.6183571194458,16.38838714111328,16.372370657806396,13.96759241569519,16.124661860351562,14.539790568237304,16.027832445983886,18.350612578277588,16.606825289611816,18.71816854019895,16.479016067099952,18.356247108086944,17.205917296295166,17.050885138397216,16.336213526611328,day_high,day_ramp_up,9.468810000000001
2019-05-14 00:30:00+00:00,2019-05-14 01:30:00+00:00,22.39781,728.0,12.439,16.749516834259033,18.01455389404297,17.643421520233154,14.481089223861694,16.69919525527954,15.023245443344116,16.657492031097412,18.879706729888916,16.98215423965454,19.398629358664117,16.393280587364735,19.22791201283375,18.10743557357788,17.899670948028565,17.41979824447632,day_high,day_ramp_up,9.95881
2019-05-14 00:45:00+00:00,2019-05-14 01:45:00+00:00,22.260441,734.0,17.66581,21.553820740280152,22.850310217437745,22.68600500732422,18.58757657915115,19.908769260940552,19.32835246234894,21.14438689857483,23.206633936462403,21.374047886428833,21.758838731208257,16.706447968201086,20.110727003081944,22.55878866821289,22.404583822784424,22.366458307800293,day_high,day_stable,4.594631
2019-05-14 01:00:00+00:00,2019-05-14 02:00:00+00:00,16.96669,535.0,18.95031,22.866816290435793,24.238785036621096,23.898628004608156,19.560511954841616,21.46110416275025,20.276211150703432,22.263050087509157,24.24056459289551,22.05362463813782,24.336872412272776,19.31674371390425,21.51575348890567,23.521212824401857,23.042172201690676,23.23707986694336,day_medium,day_stable,-1.983620000000002
2019-05-14 01:15:00+00:00,2019-05-14 02:15:00+00:00,22.28056,702.0,20.77644,24.38394126838684,25.847176408233643,25.320832108917237,20.69167864865303,22.076509570541383,21.242415284576417,23.442817544403077,25.14913449234009,23.139281844558717,25.75592040925221,20.42289558499709,22.615393783921085,24.926619862976075,23.966059302749635,24.906589364471436,day_high,day_stable,1.5041200000000003
2019-05-14 01:30:00+00:00,2019-05-14 02:30:00+00:00,24.34119,815.0,22.39781,25.22816135269165,26.48064805847168,25.911191004333496,21.43916948419571,22.43203400727868,21.466791409072876,24.1316362796402,25.415572660980224,23.557256239471435,26.33583932983344,19.908244463123825,21.481996307328124,25.24268748146057,24.39394118171692,25.787467020568847,day_high,day_stable,1.9433800000000012
2019-05-14 01:45:00+00:00,2019-05-14 02:45:00+00:00,20.740999,664.0,22.260441,24.74704259111023,25.907197649017338,25.23797219468689,20.59255235864258,21.18952291680908,20.722173029914856,23.08246260358429,24.19254308415985,22.542073155179978,25.692072490464454,18.989235985713872,20.921641168307765,24.210868770614624,23.48661034776306,25.091468030944824,day_high,day_stable,-1.5194420000000015
2019-05-14 02:00:00+00:00,2019-05-14 03:00:00+00:00,25.324249,833.0,16.96669,19.82696765274048,21.44761460632324,20.17261141151428,16.914289567472935,19.90461724609375,17.26169687122345,19.127476151885983,20.343206580581665,18.297270115318295,24.80525183722328,19.8245456443204,22.448623270191085,19.153114732208252,18.938191350402832,19.315634902420044,day_high,day_ramp_up,8.357558999999998
2019-05-14 02:15:00+00:00,2019-05-14 03:15:00+00:00,25.31156,829.0,22.28056,24.25463054901123,25.316589100418092,24.415199739990236,21.201734168586732,22.354591569063665,21.677357955036165,23.153516335544587,24.102949841079713,22.602501912174223,26.28592673340744,19.14405310153261,22.473787261780434,23.745233519134523,22.991464598236085,23.980929596481324,day_high,day_stable,3.030999999999999
2019-05-14 02:30:00+00:00,2019-05-14 03:30:00+00:00,26.134939000000003,864.0,24.34119,25.361556668701173,26.238016148033143,25.59734954399109,22.207924743118287,22.63689114612579,22.511604924621583,23.97704299253464,24.397667069854737,23.483563263835908,26.954297449695527,20.68562059803165,22.956109636970385,25.08953203720093,24.018549730005265,25.327827592315675,day_high,day_stable,1.7937490000000018
2019-05-14 02:45:00+00:00,2019-05-14 03:45:00+00:00,23.39225,761.0,20.740999,21.757763283180235,22.987431542800906,21.925763266014098,18.74120535128021,20.179513828681944,18.93366553060913,20.13092567198181,20.619481192754744,19.601476209091185,25.34209438467387,19.82997028805857,22.05625705168106,21.455053644107817,20.83738091014528,21.48481984608078,day_high,day_stable,2.651251000000002
2019-05-14 03:00:00+00:00,2019-05-14 04:00:00+00:00,24.45013,830.0,25.324249,25.079469651626585,25.962096781181337,25.35960824106836,22.779827327178953,23.682278961585997,23.241708964752195,24.123630136894224,23.987414569305415,23.684416264938353,25.73214184688122,20.701160793343025,21.294062649568225,25.235414505647658,24.717521340297697,25.62453261082077,day_high,day_stable,-0.8741189999999968
2019-05-14 03:15:00+00:00,2019-05-14 04:15:00+00:00,25.039,812.0,25.31156,24.78863277536392,25.985088790473934,25.1114967415905,22.486451710281372,23.221574629364017,22.752948368606567,23.424624646720886,23.1765981565094,23.072385872421265,27.04335767011562,20.997638827866204,22.81057014341093,24.762684489307404,24.392361963806152,25.584967608270645,day_high,day_stable,-0.2725599999999986
2019-05-14 03:30:00+00:00,2019-05-14 04:30:00+00:00,24.717879999999997,794.0,26.134939000000003,24.79101614653015,26.05886308102751,25.361382231105807,22.667160317291263,23.470623776306155,22.69141869245911,23.476231858123786,23.072104260314944,23.159130141128543,26.45802946883998,20.484516231431417,21.845306577172416,23.95234088598633,24.05829171835327,25.99341928957844,day_high,day_stable,-1.4170590000000054
2019-05-14 03:45:00+00:00,2019-05-14 04:45:00+00:00,23.836309,760.0,23.39225,22.299253045082093,23.47202606356144,22.60158485031128,19.941859899520875,21.15272158241272,19.92016428565979,20.647111116409302,20.299568115234376,20.443682847976685,25.572186544993084,20.13651471140503,21.452997991340627,20.243233142852784,21.062274156570435,23.133096931934357,day_high,day_stable,0.4440589999999993
2019-05-14 04:00:00+00:00,2019-05-14 05:00:00+00:00,18.106371,547.0,24.45013,22.743920459632875,23.5635812424469,22.996433391456605,20.43655349243164,20.988240733032228,20.31911183822632,21.114467158203126,20.252128138427736,20.75928117263794,25.123294477280076,19.42089973991392,21.081851681865174,20.681947960739137,20.97886158454895,23.754798724536897,day_medium,day_stable,-6.343759000000002
2019-05-14 04:15:00+00:00,2019-05-14 05:15:00+00:00,19.36025,594.0,25.039,22.7863418712616,23.570493306159975,23.00031777763367,20.551655258178712,21.00752445602417,20.36940237426758,21.20800682449341,20.21626612091065,20.778495754241945,25.328778908806363,20.02796901833149,21.74157661047487,20.963976825714113,19.77681490325928,22.366564001083376,day_medium,day_stable,-5.678750000000001
2019-05-14 04:30:00+00:00,2019-05-14 05:30:00+00:00,17.370060000000002,527.0,24.717879999999997,21.86360191238403,22.5901784790802,22.13459919822693,19.78942321670532,20.151421774749753,19.5529835118103,20.4824211491394,19.34480022323608,20.083163012390138,24.483312678886616,18.897507378933497,20.198614701503523,20.52108072174072,18.366484869842527,20.49743341339111,day_medium,day_stable,-7.347819999999995
2019-05-14 04:45:00+00:00,2019-05-14 05:45:00+00:00,16.619310000000002,491.0,23.836309,20.874308629974365,21.29591207121277,20.85996179197693,18.600573583587646,19.00304131124878,18.26944403265381,19.21760372732544,18.049671216949463,18.55558065985107,24.13274565924015,18.40975420606409,19.88056482475098,19.412373586639404,17.216413064941406,19.22104220007324,day_medium,day_stable,-7.216998999999998
2019-05-14 05:00:00+00:00,2019-05-14 06:00:00+00:00,13.98469,391.0,18.106371,16.166245534606933,16.92436356801605,15.925065353103635,13.667590692230224,15.11503274697876,13.389072969146728,14.127913072296142,13.245498731323242,13.5434146668396,19.49462916625225,15.516450785452385,18.17042412176087,14.176512553878784,12.522614076324462,13.74794299859619,day_medium,day_stable,-4.121680999999999
2019-05-14 05:15:00+00:00,2019-05-14 06:15:00+00:00,12.41275,357.0,19.36025,16.672148469924927,16.94866633796692,16.4767952003479,14.49036646270752,15.249841693878174,14.340497497558594,15.037504676818848,13.925958160400391,14.596648696899416,18.68808231337071,15.523755251739123,17.449571275107505,15.2364764251709,13.788051132202147,14.71686792755127,day_medium,day_stable,-6.9475
2019-05-14 05:30:00+00:00,2019-05-14 06:30:00+00:00,11.86588,324.0,17.370060000000002,14.764773878631594,14.932814869461062,14.518329653320317,12.501427206573489,13.610668453750613,12.376290354309084,12.955207857666018,12.00645068603516,12.599511656341557,17.30144265920063,14.555309368736436,16.094422587567735,13.304298910675053,12.044989141998292,12.639191660461428,day_medium,day_stable,-5.504180000000002
2019-05-14 05:45:00+00:00,2019-05-14 06:45:00+00:00,10.95894,308.0,16.619310000000002,13.868182518539433,14.05298409706116,13.732580282745364,11.634825327453616,12.85948405509949,11.73330841308594,12.060502626953127,11.09888754135132,11.927894213256838,16.704402719153013,13.914222154319717,15.6628343903602,12.58443842178345,11.511558153686526,11.877707579193116,day_medium,day_stable,-5.660370000000002
2019-05-14 06:00:00+00:00,2019-05-14 07:00:00+00:00,7.440782,206.0,13.98469,11.72377305168152,12.075556327285769,11.50548701423645,8.643505860748292,8.839536477508545,8.377552796783448,9.267577935638428,7.982127477111817,8.86893301147461,15.137071364994696,12.440093008149644,13.11116007765595,10.225441028060914,9.205827523651124,9.251535703125,day_low,day_stable,-6.543908000000001
2019-05-14 06:15:00+00:00,2019-05-14 07:15:00+00:00,6.841844,189.0,12.41275,10.099498981475833,10.184267276763917,9.896351808547974,7.292595619201661,7.612616771697999,6.921126121520997,8.050391906738282,6.665776485443116,7.312070602416993,15.250882968895548,11.417698215543068,12.436726520473869,8.933168167114259,7.915856117248536,7.719316238403321,day_low,day_stable,-5.570906000000001
2019-05-14 06:30:00+00:00,2019-05-14 07:30:00+00:00,6.662688,181.0,11.86588,9.250829445724488,9.406868683700562,9.34286760032654,6.808553206329346,7.4393167370605475,6.757797705535889,7.677722918395997,6.221255289916993,6.972791659240723,11.101628926485033,8.799340951172354,9.431219608163993,8.637233721618653,7.61251782119751,7.287616717224122,day_low,day_stable,-5.2031920000000005
2019-05-14 06:45:00+00:00,2019-05-14 07:45:00+00:00,4.382219,122.0,10.95894,8.181383580627442,8.262950152816773,8.352097482147217,6.156550378265381,6.686167210998535,6.0724920935058595,7.095710486831665,5.452388257446289,6.235945195617676,10.440160982530651,7.899193334326033,8.738487867551461,8.033295602264404,7.0214714712524415,6.558868379058838,day_low,day_stable,-6.576721
2019-05-14 07:00:00+00:00,2019-05-14 08:00:00+00:00,5.491391,149.0,7.440782,5.25737135546875,5.753402520591735,5.546826650077819,3.3122634186096187,3.41580526965332,2.853355337554931,4.376249481613159,2.733414102966308,3.2030495895690914,9.685259817368328,5.884841462757221,6.769127662024653,5.310599018508911,4.415062834197998,3.69935338633728,day_low,day_stable,-1.9493909999999994
2019-05-14 07:15:00+00:00,2019-05-14 08:15:00+00:00,5.539953,152.0,6.841844,4.524259008544922,4.818396248001099,4.8841858283462525,3.087392725128174,3.096277870315552,2.7232798711242676,4.095789112228394,2.52539531149292,2.9518334046783448,7.894574824938346,5.497735449000812,6.26973331500098,5.1363902465286255,4.150430120605469,3.3321336881103516,day_low,day_stable,-1.3018910000000004
2019-05-14 07:30:00+00:00,2019-05-14 08:30:00+00:00,6.172358999999999,165.0,6.662688,4.378377897537232,4.6379670927886965,4.726874692237854,3.186360342300415,3.1235956976776125,2.804958088195801,4.275534374511719,2.840657217300415,2.9846591780548097,5.752874468097031,3.875273857489504,4.403989744307047,5.182457906997681,4.3045720885162355,3.220529777801514,day_low,day_stable,-0.4903290000000009
2019-05-14 07:45:00+00:00,2019-05-14 08:45:00+00:00,7.018813000000001,192.0,4.382219,2.4965504838409425,2.916455669540406,2.851952238220215,1.4184390736999513,1.502554102081299,1.0234972669067384,2.5245528651657105,1.358210725921631,1.2129625512542723,5.061311624207923,3.821481798691559,4.020648029890474,3.1971254779281617,2.4347783757629395,1.2484611703338624,day_low,day_stable,2.6365940000000005
2019-05-14 08:00:00+00:00,2019-05-14 09:00:00+00:00,5.465469000000001,155.0,5.491391,3.3596759407196046,3.6319463817749025,3.5342418520126344,2.427742776123047,2.3940613834533693,1.89820891305542,3.5921586124572755,2.657150563446045,2.5680256454620363,2.845863045253841,2.5293958425657195,2.311376435311744,4.181135710922241,3.645623621192932,2.334990319458008,day_low,day_stable,-0.025921999999999557
2019-05-14 08:15:00+00:00,2019-05-14 09:15:00+00:00,4.356078,123.0,5.539953,3.3177688187866208,3.630925542762756,3.4690244263916012,2.5005471772460934,2.5606923169403073,2.0710482663421628,3.696061498573303,2.764971262863159,2.841139800003051,2.492497462912111,2.4612542216331064,2.2644842061195862,4.150593048980713,3.759799367835998,2.3786900109558102,day_low,day_stable,-1.1838749999999996
2019-05-14 08:30:00+00:00,2019-05-14 09:30:00+00:00,3.556875,99.0,6.172358999999999,3.828844557556152,4.187264095100402,3.9528961284484856,3.127403984817504,3.197556267532348,2.7944932086791985,4.45152569845581,3.4644508464660637,3.5977161033477776,2.114830079305168,1.8533956148481512,1.6412484012592317,4.708381663116454,4.437087307723998,2.9326341255035393,day_low,day_stable,-2.6154839999999995
2019-05-14 08:45:00+00:00,2019-05-14 09:45:00+00:00,2.82018,78.0,7.018813000000001,4.452801094329835,4.766342745101929,4.321830139434815,3.808132038391114,3.7950206854705817,3.3619972327117926,5.235368356979371,4.3284441092376715,4.365278110778809,1.812672107217449,1.434463154051529,1.2467196744301767,5.347594127929688,5.183835850036622,3.582028017318726,day_low,day_stable,-4.198633000000001
2019-05-14 09:00:00+00:00,2019-05-14 10:00:00+00:00,1.982367,57.0,5.465469000000001,3.0490289899292,3.5151052447738653,3.042428133148194,2.2930589887084967,2.4700602265777594,1.9430133077087408,3.911309120315552,3.2118769856872564,3.096969720977784,1.5078768045440634,1.1489185621928346,1.1534629826493554,3.983064529556275,3.8156080218734743,2.204347011703492,day_low,day_stable,-3.4831020000000006
2019-05-14 09:15:00+00:00,2019-05-14 10:15:00+00:00,1.562914,45.0,4.356078,2.0470057439117433,2.6522602748184205,2.1713133763580323,1.3723174046783448,1.6482878636627198,1.047645659378052,2.9653498839645387,2.3859513711242677,2.295868725708008,1.1320705303362446,0.9451419381559136,0.773957731312155,2.95261177532959,2.802055807044983,1.2543428849487306,day_low,day_stable,-2.793164
2019-05-14 09:30:00+00:00,2019-05-14 10:30:00+00:00,1.2950549999999998,38.0,3.556875,1.5167389011383057,2.103698143959045,1.9282314872741697,0.8613848781585691,1.200542936325073,0.7570307350158689,2.4971048927307127,1.741459856033325,1.9059925174713133,0.4228348941952961,0.5652329885356542,0.4642234691958417,2.3147508001327513,2.0677039718627928,0.6691823101043699,day_low,day_stable,-2.26182
2019-05-14 09:45:00+00:00,2019-05-14 10:45:00+00:00,0.8722110000000001,28.0,2.82018,1.0532358300018312,1.6109527956771852,1.4911183726119996,0.3823383461761476,0.753106654815674,0.3000941883850099,1.9943498384284977,1.2840285908508302,1.4659952532577516,0.3682364584557865,0.6234447102727314,0.3807196648914943,1.677159250907898,1.3653069149780277,0.1355710636901856,day_low,day_stable,-1.947969
2019-05-14 10:00:00+00:00,2019-05-14 11:00:00+00:00,0.308895,11.0,1.982367,0.4748348802490234,0.986589333431244,0.9403950780792236,0.0,0.3074781507415771,0.0,1.54317062200737,1.002544125930786,1.0031151980323791,0.2552672794743592,0.2325139333791168,0.1887733672472929,1.077061435596466,0.6013818591995239,0.0,night_lowlight,night_lowlight,-1.673472
2019-05-14 10:15:00+00:00,2019-05-14 11:15:00+00:00,0.005845,1.0,1.562914,0.2553325752868651,0.7887115339889526,0.9645445208206176,0.0,0.2468567947998046,0.0,1.439358451510906,1.037653909172058,0.8157471875801086,0.2557143879885338,0.2142594283686146,0.1887733672472929,0.8054689030303954,0.3132339577331542,0.0,night_lowlight,night_lowlight,-1.5570689999999998
2019-05-14 10:30:00+00:00,2019-05-14 11:30:00+00:00,0.0,0.0,1.2950549999999998,0.0806244293975828,0.5430154482650755,0.7452646176147459,0.0,0.1269647757339476,0.0,1.2318124900388716,0.9688035229969024,0.6158604304122923,0.1282765765439666,0.1453671985382327,0.128434430645668,0.5301414410400389,0.074210373573303,0.0,night_lowlight,night_lowlight,-1.2950549999999998
2019-05-14 10:45:00+00:00,2019-05-14 11:45:00+00:00,0.0,0.0,0.8722110000000001,0.0,0.3287925329551697,0.7690815385923386,0.0,0.0051613655433655,0.0,0.958932494793892,0.7803556155905724,0.3489027824745179,0.150604913735681,0.1275070471467664,0.1321286479548868,0.2093739714965821,0.0,0.0,night_lowlight,night_lowlight,-0.8722110000000001
2019-05-14 11:00:00+00:00,2019-05-14 12:00:00+00:00,0.0,0.0,0.308895,0.0,0.0,0.3576889044833183,0.0,0.0,0.0,0.3917687765550613,0.3558565124166011,0.0,0.0641292967139799,0.0559269945870832,0.0769702823878709,0.0,0.0,0.0,night_lowlight,night_lowlight,-0.308895
2019-05-14 11:15:00+00:00,2019-05-14 12:15:00+00:00,0.0,0.0,0.005845,0.0,0.0,0.0618750312936306,0.0,0.0,0.0,0.0636574485909938,0.0247055729490518,0.0,0.0015351997365083,0.0075312148797815,0.0059944050042128,0.0,0.0,0.0,night_lowlight,night_lowlight,-0.005845
2019-05-14 11:30:00+00:00,2019-05-14 12:30:00+00:00,0.0,0.0,0.0,0.0,0.0,0.2578805088996887,0.0,0.0,0.0,0.0902021676301956,0.0294575151056051,0.0,0.0,0.0,0.0095144978474341,0.0,0.0,0.0,night_lowlight,night_lowlight,0.0
2019-05-14 11:45:00+00:00,2019-05-14 12:45:00+00:00,0.0,0.0,0.0,0.0,0.0,0.3343805372714996,0.0,0.0,0.0,0.0810974240303039,0.0859429240226745,0.0,0.0,0.0,0.0095144978474341,0.0,0.0,0.0,night_lowlight,night_lowlight,0.0
2019-05-14 12:00:00+00:00,2019-05-14 13:00:00+00:00,0.0,0.0,0.0,0.0,0.0,0.1987811475992202,0.0,0.0,0.0,0.0,0.2698483169078827,0.0,0.0,0.0109390653681738,0.0059944050042128,0.0,0.0,0.0,night_lowlight,night_lowlight,0.0
2019-05-14 12:15:00+00:00,2019-05-14 13:15:00+00:00,0.0,0.0,0.0,0.0,0.0,0.4331295788288116,0.0,0.1848424524068832,0.0,0.019241340458393,0.3916316926479339,0.0,0.0,0.0175893997062684,0.0095144978474341,0.0,0.0,0.0,night_lowlight,night_lowlight,0.0
2019-05-14 12:30:00+00:00,2019-05-14 13:30:00+00:00,0.0,0.0,0.0,0.0,0.0034047893714159,0.3975607752799988,0.0,0.261416882276535,0.0,0.0,0.4621825516223907,0.0,0.0,0.0109390653681738,0.0059944050042128,0.0,0.0,0.0,night_lowlight,night_lowlight,0.0
2019-05-14 12:45:00+00:00,2019-05-14 13:45:00+00:00,0.0,0.0,0.0,0.0,0.2174283564090728,0.4531316459178924,0.0,0.2925524115562439,0.0,0.0105971489101648,0.3917196989059448,0.0,0.0,0.0,0.0095144978474341,0.0,0.0,0.0,night_lowlight,night_lowlight,0.0
2019-05-14 13:00:00+00:00,2019-05-14 14:00:00+00:00,0.0,0.0,0.0,0.0,0.1867281645536422,0.4356227219104767,0.0,0.3974899649620056,0.0,0.0,0.5876811742782593,0.0,0.0,0.0,0.0095144978474341,0.0,0.0,0.0,night_lowlight,night_lowlight,0.0
2019-05-14 13:15:00+00:00,2019-05-14 14:15:00+00:00,0.0,0.0,0.0,0.0,0.2500173449516296,0.4308466911315918,0.0,0.4578790962696075,0.0,0.0082777068018913,0.685464084148407,0.0,0.0,0.0,0.0095144978474341,0.0,0.0,0.0,night_lowlight,night_lowlight,0.0
2019-05-14 13:30:00+00:00,2019-05-14 14:30:00+00:00,0.0,0.0,0.0,0.0,0.3116836845874786,0.41714608669281,0.0,0.504189133644104,0.0,0.0384097881615161,0.7704885005950928,0.0,0.0,0.0,0.0190416465599577,0.0,0.0,0.0,night_lowlight,night_lowlight,0.0
2019-05-14 13:45:00+00:00,2019-05-14 14:45:00+00:00,0.0,0.0,0.0,0.0,0.1685075908899307,0.3087577223777771,0.0,0.5297530889511108,0.0,0.0,0.8574091196060181,0.0,0.0,0.0131118312519211,0.0155215537167364,0.0,0.0,0.0,night_lowlight,night_lowlight,0.0
2019-05-14 14:00:00+00:00,2019-05-14 15:00:00+00:00,0.0,0.0,0.0,0.0,0.399906188249588,0.0959091261029243,0.0,0.7521196603775024,0.0,0.0890108942985534,0.9297981262207032,0.0,0.0,0.0,0.0579675359827544,0.0,0.0,0.0,night_lowlight,night_lowlight,0.0
2019-05-14 14:15:00+00:00,2019-05-14 15:15:00+00:00,0.0,0.0,0.0,0.0,0.4085346758365631,0.2664495706558227,0.0,0.7327280640602112,0.0,0.1679657995700836,1.0662857294082642,0.0,0.0004664804324452,0.013405553176552,0.0261894115959162,0.0,0.0,0.0,night_lowlight,night_lowlight,0.0
2019-05-14 14:30:00+00:00,2019-05-14 15:30:00+00:00,0.0,0.0,0.0,0.0,0.2903997898101806,0.2287299036979675,0.0,0.695779025554657,0.0,0.1321842968463897,1.1056532859802246,0.0,0.0,0.0171897388881083,0.0169423968043077,0.0,0.0,0.0,night_lowlight,night_lowlight,0.0
2019-05-14 14:45:00+00:00,2019-05-14 15:45:00+00:00,0.0,0.0,0.0,0.0,0.3544408679008484,0.3284100294113159,0.0,0.7248126864433289,0.0,0.1363147795200348,1.16860032081604,0.0,0.0,0.0171897388881083,0.0074152480917841,0.0,0.0,0.0,night_lowlight,night_lowlight,0.0
2019-05-14 15:00:00+00:00,2019-05-14 16:00:00+00:00,0.0,0.0,0.0,0.0,0.4659803509712219,0.4713969230651855,0.0,0.7957115769386292,0.0,0.1335578262805938,1.287272810935974,0.0,0.0,0.0171897388881083,0.0074152480917841,0.0,0.0,0.0,night_lowlight,night_lowlight,0.0
2019-05-14 15:15:00+00:00,2019-05-14 16:15:00+00:00,0.0,0.0,0.0,0.0,0.7294188141822815,0.4484590590000152,0.0,0.8836288452148438,0.0,0.2493452429771423,1.378177046775818,0.1837770342826843,0.0005983352183427,0.0200558875146466,0.0297095044391373,0.0,0.0,0.0,night_lowlight,night_lowlight,0.0
2019-05-14 15:30:00+00:00,2019-05-14 16:30:00+00:00,0.0,0.0,0.0,0.0,0.4893133044242859,0.178106352686882,0.0,0.828420102596283,0.0,0.3110176026821136,1.3523917198181152,0.3656281232833862,0.0146503893194302,0.0359027015916931,0.0357002058448524,0.0,0.0,0.0,night_lowlight,night_lowlight,0.0
2019-05-14 15:45:00+00:00,2019-05-14 16:45:00+00:00,0.0,0.0,0.0,0.0,0.4352456331253052,0.1560919731855392,0.0,0.8344110250473022,0.0,0.3963012099266052,1.369644045829773,0.5321295261383057,0.0123013291764439,0.0359027015916931,0.0357002058448524,0.0,0.0,0.0,night_lowlight,night_lowlight,0.0
2019-05-14 16:00:00+00:00,2019-05-14 17:00:00+00:00,0.0,0.0,0.0,0.0,0.5007848739624023,0.2675408720970154,0.0,0.8340414762496948,0.0,0.3574327230453491,1.4343763589859009,0.5931918621063232,0.0126231947070242,0.0200558875146466,0.0357002058448524,0.0,0.0,0.0,night_lowlight,night_lowlight,0.0
2019-05-14 16:15:00+00:00,2019-05-14 17:15:00+00:00,0.0,0.0,0.0,0.0,0.4938136637210846,0.3288612961769104,0.0,0.8707307577133179,0.0,0.3536884486675262,1.4620327949523926,0.6879457831382751,0.0084583583768307,0.0206206187506505,0.0357002058448524,0.0,0.0,0.0,night_lowlight,night_lowlight,0.0
2019-05-14 16:30:00+00:00,2019-05-14 17:30:00+00:00,0.0,0.0,0.0,0.0,0.4377609491348266,0.4099492132663727,0.0,0.9322441220283508,0.0,0.3738710880279541,1.4633665084838867,0.765169620513916,0.0122215473197169,0.0206206187506505,0.0357002058448524,0.0335548818111419,0.0,0.0,night_lowlight,night_lowlight,0.0
2019-05-14 16:45:00+00:00,2019-05-14 17:45:00+00:00,0.0,0.0,0.0,0.0,0.3988106250762939,0.3166919350624084,0.0,0.8091552257537842,0.0,0.3639962077140808,1.3961325883865356,0.6022604703903198,0.0124913399211266,0.013405553176552,0.0321801130016312,0.0,0.0,0.0,night_lowlight,night_lowlight,0.0
2019-05-14 17:00:00+00:00,2019-05-14 18:00:00+00:00,0.0,0.0,0.0,0.0,0.5079439878463745,0.5123457908630371,0.0,0.8950021862983704,0.0091129653155803,0.3706396520137787,1.4651683568954468,0.6215662956237793,0.0120896925338194,0.013970284412556,0.0321801130016312,0.0,0.0,0.0,night_lowlight,night_lowlight,0.0
2019-05-14 17:15:00+00:00,2019-05-14 18:15:00+00:00,0.0,0.0,0.0,0.0,0.6120877861976624,0.7205722332000732,0.0,0.9685864448547364,0.2167931199073791,0.3922508060932159,1.5489548444747925,0.8355379700660706,0.0126231947070242,0.0200558875146466,0.0357002058448524,0.0,0.0,0.0,night_lowlight,night_lowlight,0.0
2019-05-14 17:30:00+00:00,2019-05-14 18:30:00+00:00,0.0,0.0,0.0,0.0,0.3892011642456054,0.7021874785423279,0.0,0.9764103293418884,0.3558438420295715,0.4249909818172455,1.515166163444519,1.0327866077423096,0.0123013291764439,0.0359027015916931,0.0357002058448524,0.0,0.0,0.0,night_lowlight,night_lowlight,0.0
2019-05-14 17:45:00+00:00,2019-05-14 18:45:00+00:00,0.0,0.0,0.0,0.0,0.4849235117435455,0.7734817862510681,0.0,0.9251832962036132,0.4038788080215454,0.5025467276573181,1.54985511302948,1.063180446624756,0.0126231947070242,0.0200558875146466,0.0357002058448524,0.0127939572557806,0.0,0.0,night_lowlight,night_lowlight,0.0
2019-05-14 18:00:00+00:00,2019-05-14 19:00:00+00:00,0.0,0.0,0.0,0.0,0.541930615901947,0.8489395976066589,0.085321620106697,0.946435570716858,0.474447637796402,0.4463425278663635,1.6512730121612549,1.1198928356170654,0.0124913399211266,0.013405553176552,0.0321801130016312,0.0488862283527851,0.0,0.0,night_lowlight,night_lowlight,0.0
2019-05-14 18:15:00+00:00,2019-05-14 19:15:00+00:00,0.0,0.0,0.0,0.0,0.6040987968444824,0.9098323583602904,0.1378041505813598,0.9883435368537904,0.5367957949638367,0.4555017948150635,1.6977312564849854,1.173686146736145,0.0124913399211266,0.013405553176552,0.0321801130016312,0.1287453323602676,0.0,0.0,night_lowlight,night_lowlight,0.0
2019-05-14 18:30:00+00:00,2019-05-14 19:30:00+00:00,0.0,0.0,0.0,0.0,0.3865308165550232,0.9890704154968262,0.0247980188578367,1.1555185317993164,0.7605375647544861,0.4802217185497284,1.6149325370788574,1.3994251489639282,0.0113908483144142,0.0200558875146466,0.0357002058448524,0.1766845732927322,0.1117278635501861,0.0,night_lowlight,night_lowlight,0.0
2019-05-14 18:45:00+00:00,2019-05-14 19:45:00+00:00,0.0,0.0,0.0,0.0,0.3010315895080566,0.9704470038414,0.0699647217988967,1.2591230869293213,0.8989918231964111,0.5976285934448242,1.6195708513259888,1.5494240522384644,0.0180450269963467,0.0314474676205907,0.0357002058448524,0.332103818655014,0.2059118896722793,0.0,night_lowlight,night_lowlight,0.0
2019-05-14 19:00:00+00:00,2019-05-14 20:00:00+00:00,0.0,0.0,0.0,0.0,0.2921644151210785,0.9874745011329652,0.1231512650847435,1.2575867176055908,1.008310317993164,0.6250694990158081,1.642468810081482,1.6285927295684814,0.0,0.0,0.0357002058448524,0.4535717666149139,0.3528229594230652,0.0,night_lowlight,night_lowlight,0.0
2019-05-14 19:15:00+00:00,2019-05-14 20:15:00+00:00,0.0,0.0,0.0,0.0,0.3015178740024566,1.0690312385559082,0.2033990025520324,1.338894963264465,1.1195734739303589,0.716291606426239,1.6930768489837646,1.808949828147888,0.0130727106423759,0.0314474676205907,0.0357002058448524,0.592988908290863,0.501943826675415,0.0,night_lowlight,night_lowlight,0.0
2019-05-14 19:30:00+00:00,2019-05-14 20:30:00+00:00,0.0,0.0,0.0,0.0,0.2453407943248748,1.0838459730148315,0.3181341886520386,1.4653276205062866,1.1912143230438232,0.8391091823577881,1.7266757488250732,1.97426438331604,0.0130727106423759,0.0314474676205907,0.0357002058448524,0.7202762961387634,0.6832597255706787,0.0,night_lowlight,night_lowlight,0.0
2019-05-14 19:45:00+00:00,2019-05-14 20:45:00+00:00,0.0,0.0,0.0,0.0653786286711692,0.2607871294021606,1.1443463563919067,0.4023891389369964,1.501533269882202,1.3032788038253784,0.9286869764328004,1.729827880859375,2.105377197265625,0.0246015169921409,0.0421600642839358,0.0357002058448524,0.8437860608100891,0.8093456625938416,0.0661748200654983,night_lowlight,night_lowlight,0.0
2019-05-14 20:00:00+00:00,2019-05-14 21:00:00+00:00,0.0,0.0,0.0,0.1264357268810272,0.3859209418296814,1.304519534111023,0.4336576461791992,1.4700556993484497,1.416545867919922,0.9589527249336244,1.7503902912139893,2.28014874458313,0.0130727106423759,0.0504574600339194,0.0357002058448524,0.9741258025169371,0.8489041924476624,0.2698255479335785,night_lowlight,night_lowlight,0.0
2019-05-14 20:15:00+00:00,2019-05-14 21:15:00+00:00,0.008617,0.0,0.0,0.2055449485778808,0.4404032528400421,1.383106350898743,0.5168972015380859,1.551546931266785,1.5279810428619385,1.071010947227478,1.8195135593414309,2.4496147632598877,0.0180450269963467,0.0504574600339194,0.0357002058448524,1.1420376300811768,0.9497689008712769,0.4251515567302704,night_lowlight,night_lowlight,0.008617
2019-05-14 20:30:00+00:00,2019-05-14 21:30:00+00:00,0.215705,8.0,0.0,0.3467833399772644,0.4693568646907806,1.4754074811935425,0.625196099281311,1.7505111694335938,1.6443486213684082,1.2140507698059082,1.9268711805343628,2.6543679237365723,0.0130727106423759,0.0504574600339194,0.0357002058448524,1.3025153875350952,1.1060227155685425,0.5678313374519348,night_lowlight,night_lowlight,0.215705
2019-05-14 20:45:00+00:00,2019-05-14 21:45:00+00:00,0.639885,24.0,0.0,0.4752507209777832,0.5507431626319885,1.6158043146133425,0.7616875171661377,1.8730828762054443,1.789714217185974,1.3391218185424805,1.993328332901001,2.8487954139709473,0.0423782593976503,0.0260031360803069,0.0357002058448524,1.4462727308273315,1.266048550605774,0.7053911685943604,day_low,day_stable,0.639885
2019-05-14 21:00:00+00:00,2019-05-14 22:00:00+00:00,1.142695,41.0,0.0,0.5786076784133911,0.643900454044342,1.7850385904312134,0.9280015230178832,1.9911082983016968,2.031728506088257,1.4326931238174438,2.0954627990722656,3.209777355194092,0.1912625508657182,0.2918383123398381,0.1864809162441766,1.6666197776794434,1.4516946077346802,0.9374479055404664,day_low,day_stable,1.142695
2019-05-14 21:15:00+00:00,2019-05-14 22:15:00+00:00,1.813438,65.0,0.008617,0.6762627524299621,0.7431709331436157,1.963830308334351,1.068135337249756,2.100659684555054,2.2638626855773927,1.562279657737732,2.200462178604126,3.4930487436218263,0.4684942291655342,0.557657409222798,0.4719012544349182,1.8698088687820436,1.6222247642440797,1.1054143470687867,day_low,day_stable,1.804821
2019-05-14 21:30:00+00:00,2019-05-14 22:30:00+00:00,2.490797,95.0,0.215705,1.0266726241874695,1.1243958102035525,2.3194897995758055,1.4775311575698853,2.4250484333801268,2.7038398609924315,1.9186350928115845,2.47150858505249,3.942133985595703,0.7987813717552138,0.9368431800088766,1.008361718924491,2.275961242752075,2.012180052833557,1.514147840576172,day_low,day_stable,2.2750920000000003
2019-05-14 21:45:00+00:00,2019-05-14 22:45:00+00:00,3.3931410000000004,128.0,0.639885,1.6963243997192383,1.8087471044158936,3.017250827560425,2.2444454944229126,3.262971929321289,3.4553087270355225,2.6175152576065064,3.1557581937408448,4.749564222106933,1.4278407737525634,1.7156036755581416,1.6452194063662426,2.9020154988861084,2.883281282196045,2.1259519374465943,day_low,day_stable,2.7532560000000004
2019-05-14 22:00:00+00:00,2019-05-14 23:00:00+00:00,4.452984,166.0,1.142695,2.4349195264053343,2.7632700703811643,3.920454313583374,3.0797089837265013,4.242284109420776,4.619528820343017,3.396801521606445,4.150582840270996,5.903773834533691,2.289347838324729,2.459862460828595,2.041218575750107,3.7367122672271726,3.94083838684082,2.9270443223190306,day_low,day_stable,3.310289
2019-05-14 22:15:00+00:00,2019-05-14 23:15:00+00:00,5.721188,210.0,1.813438,3.4492575543289186,4.081349672592163,5.259266914642334,4.1372995989685055,5.251002849853515,5.957661690032959,4.373233141220092,5.1903014796142575,7.072173179901123,3.052110202198821,3.2560450290232184,3.334477374031138,4.7651117461090085,5.1091504710083,3.965960087097168,day_low,day_stable,3.9077499999999996
2019-05-14 22:30:00+00:00,2019-05-14 23:30:00+00:00,7.236032000000001,259.0,2.490797,4.563282685348511,5.328180031845093,6.554151492187501,5.26377554423523,6.402589993545533,7.112218813964844,5.412215905258179,6.25655479914856,8.166833834716797,5.059667490347136,4.988046922708868,4.901522506335853,5.817585902282715,6.402674155303956,5.089637951919556,day_medium,day_stable,4.745235000000001
2019-05-14 22:45:00+00:00,2019-05-14 23:45:00+00:00,7.623875,284.0,3.3931410000000004,5.892138211456299,6.834147898880005,8.133124558654785,6.652197091308594,7.957634179321289,8.536429135528564,6.723547665802002,7.616751401153564,9.514638631072998,7.391199118817127,7.42122079490705,7.373859481835929,7.140506713119507,7.966401307312012,6.488085953918457,day_medium,day_stable,4.230734
2019-05-14 23:00:00+00:00,2019-05-15 00:00:00+00:00,10.92547,367.0,4.452984,7.376225853713989,8.32930316999817,9.716524267944337,8.260306025299073,9.961660528930665,10.304662371429444,8.401618147644044,9.314412737640382,11.067251826080325,9.122093810521031,9.44780702411474,9.386589752465683,8.777400637420655,9.52938714102173,7.948418045791626,day_medium,day_stable,6.472486000000001
2019-05-14 23:15:00+00:00,2019-05-15 00:15:00+00:00,11.83284,403.0,5.721188,9.059472730911256,9.96613495663452,11.286310604370115,9.960689476287842,11.851360252655027,12.161461761749267,10.023554733551023,11.128700187957763,12.690880707061767,10.897880689052483,11.479033292973536,11.52277074254922,10.405146530426023,11.129294803894044,9.634493044174194,day_medium,day_stable,6.111651999999999
2019-05-14 23:30:00+00:00,2019-05-15 00:30:00+00:00,13.56184,453.0,7.236032000000001,11.003906956130985,12.037917128021242,12.942178717071537,11.911929121429443,13.866980543548586,13.828571310455324,12.025595655853271,13.3138227371521,14.495332708770754,12.823676988876674,13.556994248827092,13.942786114910078,12.162218561584474,13.10139130633545,11.586719980651855,day_medium,day_stable,6.325807999999999
2019-05-14 23:45:00+00:00,2019-05-15 00:45:00+00:00,14.78881,493.0,7.623875,11.48244080734253,12.604303218841553,13.200473644256592,12.42494569015503,14.410822727203367,14.093692638397217,12.3138426322937,13.636136390686035,14.84829602432251,14.089245073272448,14.301635297226232,14.252493967028103,12.622592784881592,13.366177417755129,12.153122760772703,day_medium,day_stable,7.164935
2019-05-15 00:00:00+00:00,2019-05-15 01:00:00+00:00,16.45875,544.0,10.92547,14.957170611114504,15.990967875213624,16.173433428497315,16.137947684020997,18.35540974685669,17.388606672973633,16.25091803619385,17.276170855255128,17.905717020721436,17.978091806288536,17.656154826619147,16.813228983083636,16.187107210845948,16.83621514389038,15.188851481170657,day_medium,day_stable,5.533279999999998
2019-05-15 00:15:00+00:00,2019-05-15 01:15:00+00:00,18.09675,595.0,11.83284,16.12060693344116,17.44370559295654,17.321917568054197,17.059971843566892,19.299716506805417,18.153158222045896,17.273936782684324,18.223988090362543,18.535034213867185,18.99706868843945,18.606902549000388,17.720838136719266,17.072735343780515,17.78257278045654,15.992195640411376,day_medium,day_stable,6.263910000000001
2019-05-15 00:30:00+00:00,2019-05-15 01:30:00+00:00,17.930941,602.0,13.56184,17.81738084777832,19.332990588989254,18.893299045410156,18.619091930236817,20.653047027435303,19.407299938049317,18.88081258758545,19.58437532409668,19.71751445755005,19.722707695173188,19.931768101156955,18.59235313726813,18.63020843490601,19.330897273864743,17.557207527008057,day_medium,day_stable,4.369101000000001
2019-05-15 00:45:00+00:00,2019-05-15 01:45:00+00:00,17.306629,588.0,14.78881,18.836493238983152,20.5561005921936,19.989666208801268,19.438186869201655,21.475490316925047,20.054468378601072,19.73147128540039,20.16195701080322,20.382295355377195,20.386912039243818,21.091009624871052,18.83817668452349,19.562200769958498,20.19674228149414,18.65429829078674,day_medium,day_stable,2.517819000000001
2019-05-15 01:00:00+00:00,2019-05-15 02:00:00+00:00,20.488119,672.0,16.45875,20.48289274215698,22.20822118759155,21.491158714294432,21.089613189697264,23.832243194580077,21.73022102355957,21.487481822967528,21.65208219528198,21.590917816162108,22.426101314549637,23.08192375001826,20.4803839575436,21.122837772369383,21.669296493530272,19.644971599578856,day_high,day_stable,4.029369000000003
2019-05-15 01:15:00+00:00,2019-05-15 02:15:00+00:00,21.41869,688.0,18.09675,21.889455535888672,23.52080271530151,22.72111532974243,22.21251366424561,24.549913623809815,22.751374938964844,22.726034381866455,22.35850546646118,22.470673301696777,24.77237304083822,24.766907312333423,22.693346491416992,22.29891464996338,22.84466431427002,20.791376569747925,day_high,day_stable,3.3219400000000014
2019-05-15 01:30:00+00:00,2019-05-15 02:30:00+00:00,23.128441,766.0,17.930941,21.339638843551636,23.080473318115235,22.167660608306885,21.412243738189694,23.64476622583008,21.781214609161378,21.952615633026124,20.94862259866333,21.495680227294923,25.199527441657725,24.908701417065856,23.065362006053675,21.48260058404541,22.193788423553467,20.275643005386353,day_high,day_stable,5.197499999999998
2019-05-15 01:45:00+00:00,2019-05-15 02:45:00+00:00,21.91744,779.0,17.306629,20.521856365493775,22.50997954397583,21.369493303588868,20.25027686148071,22.449030218414308,20.764956293395997,20.81281786947632,19.338944254211427,20.358955917648316,24.96844390916599,24.20553165314694,22.245570948178862,20.20246845274353,21.35888749151611,19.361874876312257,day_high,day_stable,4.610810999999998
2019-05-15 02:00:00+00:00,2019-05-15 03:00:00+00:00,23.421129,784.0,20.488119,23.06831704954529,24.749000900787355,23.722253435653688,22.76441251615906,24.811768406433107,23.606971615356446,23.08754598478699,21.63454567770386,22.59907352308655,25.22030909392252,23.53831597406061,21.989120318857296,22.316723817390443,23.607666843933107,21.59071909765625,day_high,day_stable,2.9330099999999995
2019-05-15 02:15:00+00:00,2019-05-15 03:15:00+00:00,22.928499,753.0,21.41869,23.512178693237303,25.22227457565308,24.30390194458008,23.05330208343506,24.652366671981813,24.12164000076294,22.93395737213135,22.18853751224518,22.73506513637543,26.041188851435347,24.59583112463604,22.573875473262273,23.05467668575287,24.228806052627565,22.443267260017397,day_high,day_stable,1.509808999999997
2019-05-15 02:30:00+00:00,2019-05-15 03:30:00+00:00,22.999809,784.0,23.128441,24.6055978775177,26.339034461990355,25.507123136535643,23.776916170135497,25.62591066361999,24.758474016204833,23.535547071710585,22.62951886059379,23.85259344579315,26.89618181344435,25.569283622825843,23.231487743221603,23.81305202247238,24.855092668548583,23.3409773945961,day_high,day_stable,-0.12863199999999964
2019-05-15 02:45:00+00:00,2019-05-15 03:45:00+00:00,22.480499,844.0,21.91744,23.05990344566345,24.393737616958617,23.63776916545868,21.625406715097427,23.420291128578185,22.55985176843643,21.246288242759704,20.5490682749176,21.66108960193634,25.80320617405788,24.085633390394584,22.443136501541016,22.05224733335018,22.94888884109497,21.844557265760898,day_high,day_stable,0.5630589999999991
2019-05-15 03:00:00+00:00,2019-05-15 04:00:00+00:00,16.047501,448.0,23.421129,24.063677859119416,25.25727583151245,24.449182879737855,22.843033265880585,24.96926964502716,23.95963193159485,22.58581818323517,21.803319108299256,21.989784371665955,25.433865810285067,24.754616502339132,22.856292921107094,23.52976194452429,24.013266694358823,23.02446539383316,day_medium,day_stable,-7.373628
2019-05-15 03:15:00+00:00,2019-05-15 04:15:00+00:00,24.356939,884.0,22.928499,23.06019808523559,24.555668132232665,23.759784297870635,21.8900787996521,24.4377124475708,23.190840529130934,21.603432433532713,20.503303306030272,21.17469562761688,26.419834194300297,24.279428916914117,22.92060442624914,22.519143031763075,23.022724615262984,21.984837906288146,day_high,day_stable,1.428440000000002
2019-05-15 03:30:00+00:00,2019-05-15 04:30:00+00:00,19.90975,622.0,22.999809,22.527343663677215,23.34181830595398,23.024827537417053,21.13060197542572,23.04860757599735,22.439304623111724,20.890339824661257,19.63295552442932,20.504698011383056,25.68145911063121,23.57469610584446,21.78967274545461,22.213869008525847,22.33162734220886,21.70878479193115,day_medium,day_stable,-3.090059
2019-05-15 03:45:00+00:00,2019-05-15 04:45:00+00:00,19.232941,593.0,22.480499,21.60118380253219,22.235160455750464,21.95684632723236,19.787629336761473,21.41326138441467,20.912788481163023,19.699794263290404,18.300188273834227,19.100937575744627,23.879627353469168,21.020019468778507,20.706794063292232,21.058070868896483,20.90917548601532,20.6505315012207,day_medium,day_stable,-3.247557999999998
2019-05-15 04:00:00+00:00,2019-05-15 05:00:00+00:00,18.582809,574.0,16.047501,16.77810117824173,17.988828929496766,16.53505483491516,14.924152167869568,18.24720588548279,16.035456067306757,14.593779953552248,13.220170649124146,13.830808075500489,19.60646674489292,20.527225047631823,17.411303069728312,14.657654198242188,15.564279707504271,14.580772431922911,day_medium,day_stable,2.5353080000000006
2019-05-15 04:15:00+00:00,2019-05-15 05:15:00+00:00,13.58306,379.0,24.356939,22.239898365844727,22.494372290481568,22.769474071372983,21.0320882023468,21.441887778152463,22.375319880355836,21.05825130354309,19.191014927734376,20.56673852812195,23.809480421012537,22.19600170648,20.60947339033269,21.36554734121704,20.794263285507203,20.596920651306153,day_medium,day_ramp_down,-10.773879
2019-05-15 04:30:00+00:00,2019-05-15 05:30:00+00:00,15.30988,458.0,19.90975,18.171004668235778,18.36389650440216,18.240434542655944,16.85303474998474,18.60934235191345,17.767503992080687,16.68564702606201,14.716096893310546,15.81308843231201,21.430847035697887,20.938169552112768,17.3497740160805,16.707923904418944,15.753120914459227,15.719851509094235,day_medium,day_stable,-4.599869999999999
2019-05-15 04:45:00+00:00,2019-05-15 05:45:00+00:00,20.9615,709.0,19.232941,17.445222942367554,17.636656014457703,17.281526057258606,16.033370821014405,17.434731928840637,16.756164638534546,15.746289817825318,13.943548528686524,14.907660333648682,19.123950130268053,19.297069387595965,17.052388719064403,15.86157950593567,14.7046526355896,14.81310400201416,day_high,day_stable,1.7285590000000006
2019-05-15 05:00:00+00:00,2019-05-15 06:00:00+00:00,16.44256,561.0,18.582809,16.48112729071045,16.88156059263611,16.500254421218873,14.918854980453492,15.24351718901062,15.170155315383912,14.533581285461429,12.799285440429689,13.488468198760987,18.80381123060958,17.72233944550964,17.777698150179425,14.86457946775818,13.200365095123292,13.875684289916991,day_medium,day_stable,-2.1402490000000007
2019-05-15 05:15:00+00:00,2019-05-15 06:15:00+00:00,20.5905,681.0,13.58306,12.608797702846529,13.653815682885648,12.43198976284027,10.788901779708862,12.372713301239012,10.99472591644287,10.2320017552948,8.793201658782959,9.38060638671875,14.8521858041415,16.21542624130131,16.20481884979107,10.463112089691162,9.62949154144287,9.617019627151487,day_high,day_stable,7.007439999999999
2019-05-15 05:30:00+00:00,2019-05-15 06:30:00+00:00,20.037939,609.0,15.30988,13.054600935821531,13.308946591262815,13.227587204818724,11.719360810165403,12.353163462524414,12.166085701828004,11.25110076034546,9.838052969818117,10.69366620147705,15.781447328653694,14.97205673483467,15.647928129972366,12.064211350326538,10.824554186706544,11.030882101898191,day_medium,day_stable,4.728059000000002
2019-05-15 05:45:00+00:00,2019-05-15 06:45:00+00:00,18.98925,627.0,20.9615,16.651878665924073,16.662177871704102,17.0872381439209,15.731510471343997,15.510703872680663,16.170160125732423,15.356791805267337,13.888835262298583,15.080088447570802,15.754908257138023,17.04356517554745,15.788598777753664,17.24152166748047,14.415428470611571,15.853365253448487,day_medium,day_stable,-1.9722500000000025
2019-05-15 06:00:00+00:00,2019-05-15 07:00:00+00:00,19.056629,585.0,16.44256,13.28046946006775,13.411000771102906,13.176647944030762,11.451958460388184,12.08345059829712,11.439904493865969,11.18515090423584,9.845763010559082,10.89399747329712,16.17054983321826,16.09975750646376,15.974717954713649,12.820881886062622,10.486156744537354,11.347246450958252,day_medium,day_stable,2.6140690000000006
2019-05-15 06:15:00+00:00,2019-05-15 07:15:00+00:00,18.33869,553.0,20.5905,16.07416594314575,16.060991409301757,16.107429149627684,14.702070358276366,14.689776065826416,14.508369567871092,14.460578086853026,13.284993770599364,14.173224571228026,15.29846775699648,14.474055170464576,14.505197098288592,16.212398651123046,13.596248748779296,14.788480880737303,day_medium,day_stable,-2.251809999999999
2019-05-15 06:30:00+00:00,2019-05-15 07:30:00+00:00,12.38059,367.0,20.037939,15.82543079840088,15.88871138082886,15.534773278106693,14.089806961883546,14.638839173187256,13.787475514282228,13.72705023275757,12.790675091613773,13.371064591278078,13.516010303789852,13.421528480423069,13.345655213912217,15.543728756774904,12.947615074981693,14.110691952575683,day_medium,day_stable,-7.657349000000002
2019-05-15 06:45:00+00:00,2019-05-15 07:45:00+00:00,11.20219,334.0,18.98925,14.416704948425291,14.365492637634276,14.059047992706295,12.900304611206051,13.198667819976803,12.424969490051268,12.552194889068602,11.726011093139649,12.01936417388916,13.330496294891974,12.790818580506093,12.98308919528345,14.304962451934813,11.759546096801756,12.811784084320069,day_medium,day_stable,-7.7870599999999985
2019-05-15 07:00:00+00:00,2019-05-15 08:00:00+00:00,7.338844,229.0,19.056629,13.670711336425782,13.68845492391968,13.808470068267823,12.464851675323487,13.071035681060792,12.362969694427491,11.881067095092774,11.43911248236084,11.90223723440552,11.898728241652211,11.583045576621544,10.84083198450313,14.005585012725833,11.68411284475708,12.958841619781497,day_low,day_ramp_down,-11.717785000000001
2019-05-15 07:15:00+00:00,2019-05-15 08:15:00+00:00,7.148860000000001,215.0,18.33869,13.221751408996582,13.243035035552978,13.060301499786377,12.034573750915529,12.448196130218506,11.6372158102417,11.232771115722656,11.090421395721435,11.054248052062988,11.904475784723267,11.277682167786171,10.611172965053363,13.28762169403076,10.881923394622802,12.0574137739563,day_low,day_ramp_down,-11.189829999999999
2019-05-15 07:30:00+00:00,2019-05-15 08:30:00+00:00,6.142828,181.0,12.38059,8.590824642028808,9.304449357833862,8.604449310150146,7.128518142547607,8.332009830322265,6.703344859924316,6.157002010192871,6.16406635269165,5.898165740814209,8.493531080682473,8.296183099285944,9.317612076206665,7.887230911102295,6.1639709852600095,6.515068092193603,day_low,day_stable,-6.237762
2019-05-15 07:45:00+00:00,2019-05-15 08:45:00+00:00,6.214906,181.0,11.20219,7.219512063446045,7.702579099121094,7.542442876281738,6.042682248535156,7.19604929107666,6.137594777526855,5.169187623443603,5.124729710998535,5.202965814056396,5.843438656938468,5.9130628564391285,6.302091451402279,6.949746209564209,5.5077944578552245,5.613973695220947,day_low,day_stable,-4.987284
2019-05-15 08:00:00+00:00,2019-05-15 09:00:00+00:00,4.850344000000001,142.0,7.338844,4.026471077102661,4.686936079162598,4.373631654876709,2.768573461669922,3.520778356689453,2.443105875152588,1.7794939862670898,1.831402479309082,1.8386971341552736,3.795218408396406,4.392202926877217,4.580301608181119,3.514289795059204,2.557653127807617,2.3171150075378417,day_low,day_stable,-2.4884999999999993
2019-05-15 08:15:00+00:00,2019-05-15 09:15:00+00:00,3.603031,106.0,7.148860000000001,3.7180500253295903,4.2664761766052255,4.194377444610597,2.9419050439453134,3.440826915130616,2.461775802001954,1.8291306718444833,2.03293850265503,1.976459525451661,3.3814502004108955,3.788121787970795,4.108652805162255,3.627874396667482,2.51234056793213,2.2852368577575692,day_low,day_stable,-3.545829000000001
2019-05-15 08:30:00+00:00,2019-05-15 09:30:00+00:00,3.66625,108.0,6.142828,2.964237702301025,3.5887436990051267,3.4957113389282224,2.348404419830322,2.906491053512573,1.903906357696533,1.185412419250488,1.5598917130737302,1.3968815926818845,2.7014094000811117,2.9937050947627086,3.3412059751281715,2.924640191009521,1.8960013512878415,1.4982118729858396,day_low,day_stable,-2.476578
2019-05-15 08:45:00+00:00,2019-05-15 09:45:00+00:00,2.453719,74.0,6.214906,2.9394908178863526,3.5515177477416993,3.4665014971313477,2.46645047555542,2.989557050567627,2.1315663088378907,1.3714363802490237,1.8352606524047852,1.6890428293762207,2.1746916366544733,2.5791113716163188,2.585901734980231,3.122649453979492,1.9715974558410645,1.606333993774414,day_low,day_stable,-3.761187
2019-05-15 09:00:00+00:00,2019-05-15 10:00:00+00:00,2.037984,60.0,4.850344000000001,2.005026159423829,2.7342739678802497,2.7383628465118415,1.0036175824584967,1.251639423507691,0.5262234784545905,0.083867845672608,0.7190888501586921,0.435237703460694,1.5590241225461654,1.3760514583732562,1.2894787204045817,2.031161127227784,1.1269567586364753,0.5845325566711432,day_low,day_stable,-2.812360000000001
2019-05-15 09:15:00+00:00,2019-05-15 10:15:00+00:00,1.483563,45.0,3.603031,0.8614996279296876,1.461276372772217,1.3818004931030274,0.0,0.2577951754150391,0.0,0.0,0.0,0.0,0.7826131609067866,0.7392366072003564,0.8406280929316257,1.1099737490234376,0.1875658834991456,0.0,day_low,day_stable,-2.1194680000000004
2019-05-15 09:30:00+00:00,2019-05-15 10:30:00+00:00,1.060664,33.0,3.66625,1.1288299655914305,1.7379663085937498,1.83768714427948,0.2431442832946775,0.6831634140014646,0.0,0.0,0.4649522399902341,0.0751926994323728,0.639640110427867,0.6418087103621662,0.6814440684283066,1.3745477294921873,0.7131683921813963,0.0,day_low,day_stable,-2.6055859999999997
2019-05-15 09:45:00+00:00,2019-05-15 10:45:00+00:00,0.729928,22.0,2.453719,0.3543554345550537,0.9999245206298828,1.0126228133621216,0.0,0.0012932816925048,0.0,0.0,0.0,0.0,0.3627245947411147,0.505315719821378,0.5829601725511785,0.4784226218643188,0.0,0.0,day_low,day_stable,-1.7237909999999999
2019-05-15 10:00:00+00:00,2019-05-15 11:00:00+00:00,0.870598,27.0,2.037984,0.2508472068634031,0.7898360355224607,0.749886856826782,0.0,0.0,0.0,0.0,0.0,0.0,0.2932346396384476,0.2645825933514368,0.383563040941932,0.2839630706634519,0.0,0.0,day_low,day_stable,-1.1673859999999998
2019-05-15 10:15:00+00:00,2019-05-15 11:15:00+00:00,0.183695,6.0,1.483563,0.0,0.6945751250152588,0.903283470905304,0.0,0.0,0.0,0.0,0.0,0.0,0.2993358616642831,0.2645825933514368,0.3785883025470849,0.058960491455078,0.0357152760391235,0.0,night_lowlight,night_lowlight,-1.299868
2019-05-15 10:30:00+00:00,2019-05-15 11:30:00+00:00,0.0,0.0,1.060664,0.0,0.2711100000991822,0.3932046908988953,0.0,0.0,0.0,0.0,0.0,0.0,0.1991202534701516,0.1777041051222538,0.13576563265712,0.0,0.0,0.0,night_lowlight,night_lowlight,-1.060664
2019-05-15 10:45:00+00:00,2019-05-15 11:45:00+00:00,0.0,0.0,0.729928,0.0,0.1323349309234619,0.2324690652160644,0.0,0.0,0.0,0.0,0.0,0.0,0.1668408843687669,0.1759870217053791,0.3207268469908628,0.0,0.0,0.0,night_lowlight,night_lowlight,-0.729928
2019-05-15 11:00:00+00:00,2019-05-15 12:00:00+00:00,0.0,0.0,0.870598,0.0,0.4595876750450134,0.772316758046627,0.0,0.0,0.0,0.0,0.0,0.0,0.1807858297151015,0.1424309431906926,0.1034956535823532,0.0,0.0666403588752746,0.0,night_lowlight,night_lowlight,-0.870598
2019-05-15 11:15:00+00:00,2019-05-15 12:15:00+00:00,0.0,0.0,0.183695,0.0,0.0,0.0,0.0,0.0,0.0,0.0,0.0,0.0,0.1328340471367283,0.085099327528884,0.0777952481494226,0.0,0.0,0.0,night_lowlight,night_lowlight,-0.183695
2019-05-15 11:30:00+00:00,2019-05-15 12:30:00+00:00,0.0,0.0,0.0,0.0,0.0,0.0,0.0,0.0,0.0,0.0,0.0,0.0,0.0475008521652754,0.0349815189540533,0.0068127235848551,0.0,0.0,0.0,night_lowlight,night_lowlight,0.0
2019-05-15 11:45:00+00:00,2019-05-15 12:45:00+00:00,0.0,0.0,0.0,0.0,0.0,0.0,0.0,0.0,0.0,0.0,0.0,0.0,0.0237440084315178,0.0,0.0475337048788974,0.0,0.0,0.0,night_lowlight,night_lowlight,0.0
2019-05-15 12:00:00+00:00,2019-05-15 13:00:00+00:00,0.0,0.0,0.0,0.0,0.0,0.0,0.0,0.0,0.0,0.0,0.0959785059094429,0.0,0.0279088447617112,0.0,0.0250353147965269,0.0,0.0,0.0,night_lowlight,night_lowlight,0.0
2019-05-15 12:15:00+00:00,2019-05-15 13:15:00+00:00,0.0,0.0,0.0,0.0,0.0,0.0,0.0,0.0,0.0,0.0,0.3390932381153106,0.0,0.018835813153569,0.0,0.0193313112042464,0.0,0.0,0.0,night_lowlight,night_lowlight,0.0
2019-05-15 12:30:00+00:00,2019-05-15 13:30:00+00:00,0.0,0.0,0.0,0.0,0.0,0.0,0.0,0.0,0.0,0.0,0.5053054690361023,0.0,0.027507197374404,0.0312229685964639,0.0250353147965269,0.0,0.0,0.0,night_lowlight,night_lowlight,0.0
2019-05-15 12:45:00+00:00,2019-05-15 13:45:00+00:00,0.0,0.0,0.0,0.0,0.0,0.0,0.0,0.0,0.0,0.0,0.6471952199935913,0.0,0.0225990020964552,0.0312229685964639,0.0193313112042464,0.0,0.0,0.0,night_lowlight,night_lowlight,0.0
2019-05-15 13:00:00+00:00,2019-05-15 14:00:00+00:00,0.0,0.0,0.0,0.0,0.0651721805334091,0.0,0.0,0.125416949391365,0.0,0.0,0.938942015171051,0.0,0.0027082285897475,0.0153990866679706,0.0164954516369256,0.0,0.0,0.0,night_lowlight,night_lowlight,0.0
2019-05-15 13:15:00+00:00,2019-05-15 14:15:00+00:00,0.0,0.0,0.0,0.0,0.2089270800352096,0.0,0.0,0.3067187666893005,0.0,0.0,1.1616919040679932,0.0,0.0136004353901405,0.0238220936828586,0.0,0.0441076755523681,0.0,0.0,night_lowlight,night_lowlight,0.0
2019-05-15 13:30:00+00:00,2019-05-15 14:30:00+00:00,0.0,0.0,0.0,0.0,0.4093163907527923,0.0,0.0,0.3143212497234344,0.0,0.0,0.9818975925445556,0.1270595490932464,0.0,0.0,0.0200155444801468,0.1597537994384765,0.0,0.0,night_lowlight,night_lowlight,0.0
2019-05-15 13:45:00+00:00,2019-05-15 14:45:00+00:00,0.0,0.0,0.0,0.0,0.3739544749259949,0.2075862288475036,0.0,0.3183392286300659,0.0,0.0,1.0961666107177734,0.2783945798873901,0.0016670545224058,0.0220494210060651,0.0200155444801468,0.3008412420749664,0.0,0.0,night_lowlight,night_lowlight,0.0
2019-05-15 14:00:00+00:00,2019-05-15 15:00:00+00:00,0.0,0.0,0.0,0.0,0.2285294085741043,0.1557069420814514,0.0,0.5149680376052856,0.0,0.0,1.4779726266860962,0.2581717669963836,0.0,0.0,0.052155171424154,0.3295287489891052,0.0,0.0,night_lowlight,night_lowlight,0.0
2019-05-15 14:15:00+00:00,2019-05-15 15:15:00+00:00,0.0,0.0,0.0,0.0,0.3577112257480621,0.3625348210334778,0.0,0.7172384262084961,0.0,0.0,1.666084051132202,0.3484043776988983,0.0015351997365083,0.0204770258148969,0.052155171424154,0.4026637673377991,0.0,0.0,night_lowlight,night_lowlight,0.0
2019-05-15 14:30:00+00:00,2019-05-15 15:30:00+00:00,0.0,0.0,0.0,0.0,0.4484635591506958,0.4327446222305298,0.0,0.7991757392883301,0.0,0.0,1.7070814371109009,0.4722396731376648,0.0015351997365083,0.0204770258148969,0.0146501250889285,0.4660075902938843,0.0,0.0,night_lowlight,night_lowlight,0.0
2019-05-15 14:45:00+00:00,2019-05-15 15:45:00+00:00,0.0,0.0,0.0,0.0,0.4751032292842865,0.4841241836547851,0.0,0.8681322336196899,0.0,0.0,1.7584868669509888,0.5824711918830872,0.0015351997365083,0.0204770258148969,0.0146501250889285,0.5305184721946716,0.0,0.0,night_lowlight,night_lowlight,0.0
2019-05-15 15:00:00+00:00,2019-05-15 16:00:00+00:00,0.0,0.0,0.0,0.0,0.5444684624671936,0.5645075440406799,0.0,1.0143215656280518,0.0,0.0,1.9915088415145872,0.5706546306610107,0.0016670545224058,0.0380652488362336,0.0181702179321497,0.5814619064331055,0.0,0.0,night_lowlight,night_lowlight,0.0
2019-05-15 15:15:00+00:00,2019-05-15 16:15:00+00:00,0.0,0.0,0.0,0.0,0.3405272364616394,0.4268259108066559,0.0,0.9781122803688048,0.0,0.0,2.0899856090545654,0.4731974601745605,0.0,0.0314149144981391,0.0146501250889285,0.5035436153411865,0.0,0.0,night_lowlight,night_lowlight,0.0
2019-05-15 15:30:00+00:00,2019-05-15 16:30:00+00:00,0.0,0.0,0.0,0.0,0.4571643769741058,0.5301492810249329,0.0,1.0524187088012695,0.0,0.0,2.131866216659546,0.5273952484130859,0.0015351997365083,0.0314149144981391,0.0146501250889285,0.5508900880813599,0.0,0.0,night_lowlight,night_lowlight,0.0
2019-05-15 15:45:00+00:00,2019-05-15 16:45:00+00:00,0.0,0.0,0.0,0.0,0.45660001039505,0.5541698336601257,0.0,1.0635322332382202,0.0,0.0,2.1481759548187256,0.566510796546936,0.0015351997365083,0.0314149144981391,0.0146501250889285,0.5578669905662537,0.0,0.0,night_lowlight,night_lowlight,0.0
2019-05-15 16:00:00+00:00,2019-05-15 17:00:00+00:00,0.0,0.0,0.0,0.0,0.4446500241756439,0.5788236856460571,0.0,1.0279914140701294,0.0,0.0,2.1418280601501465,0.4920946061611175,0.0,0.013781888399716,0.0074152480917841,0.5699978470802307,0.0,0.0,night_lowlight,night_lowlight,0.0
2019-05-15 16:15:00+00:00,2019-05-15 17:15:00+00:00,0.0,0.0,0.0,0.0,0.6211904287338257,0.652714729309082,0.0,1.089503526687622,0.0,0.0,2.0966012477874756,0.5881335139274597,0.0,0.0204322227378105,0.0109353409350053,0.6219651699066162,0.0,0.0,night_lowlight,night_lowlight,0.0
2019-05-15 16:30:00+00:00,2019-05-15 17:30:00+00:00,0.0,0.0,0.0,0.0,0.474106103181839,0.6159218549728394,0.0,1.0319494009017944,0.0,0.0,2.1178014278411865,0.5705692172050476,0.0015351997365083,0.013781888399716,0.0074152480917841,0.5862741470336914,0.0,0.0,night_lowlight,night_lowlight,0.0
2019-05-15 16:45:00+00:00,2019-05-15 17:45:00+00:00,0.0,0.0,0.0,0.0,0.5078229904174805,0.6366035342216492,0.0,1.0207946300506592,0.0,0.0,2.090414524078369,0.6036459803581238,0.0016670545224058,0.0204322227378105,0.0109353409350053,0.5843192338943481,0.0,0.0,night_lowlight,night_lowlight,0.0
2019-05-15 17:00:00+00:00,2019-05-15 18:00:00+00:00,0.0,0.0,0.0,0.0,0.6508144736289978,0.6175708174705505,0.0,1.0290132761001587,0.0,0.0,1.9118064641952517,0.72026526927948,0.0,0.0230149028553479,0.0109353409350053,0.6146183013916016,0.0,0.0,night_lowlight,night_lowlight,0.0
2019-05-15 17:15:00+00:00,2019-05-15 18:15:00+00:00,0.0,0.0,0.0,0.0,0.3526771366596222,0.490162193775177,0.0,0.9708884358406068,0.0,0.0,1.8269935846328735,0.7482190132141113,0.0,0.0,0.0204624896475289,0.6073590517044067,0.0,0.0,night_lowlight,night_lowlight,0.0
2019-05-15 17:30:00+00:00,2019-05-15 18:30:00+00:00,0.0,0.0,0.0,0.0,0.1529511660337448,0.4409125447273254,0.0,0.9493104219436646,0.0,0.0,1.8222646713256836,0.8045285940170288,0.0014494985410016,0.0350775312208381,0.0297095044391373,0.6506306529045105,0.0,0.0,night_lowlight,night_lowlight,0.0
2019-05-15 17:45:00+00:00,2019-05-15 18:45:00+00:00,0.0,0.0,0.0,0.0,0.2188763171434402,0.605897843837738,0.0,0.9810470938682556,0.0,0.0197790469974279,1.8008437156677246,0.9312721490859984,0.0063027223977901,0.0350775312208381,0.0297095044391373,0.7624000310897827,0.0,0.0,night_lowlight,night_lowlight,0.0
2019-05-15 18:00:00+00:00,2019-05-15 19:00:00+00:00,0.0,0.0,0.0,0.0,0.4323909282684326,0.8257358074188232,0.0,0.9848214983940125,0.0116921672597527,0.1143411174416542,1.927480101585388,1.1039819717407229,0.0005983352183427,0.2416518965590182,0.0488705311031082,0.8849647045135498,0.0,0.0,night_lowlight,night_lowlight,0.0
2019-05-15 18:15:00+00:00,2019-05-15 19:15:00+00:00,0.0,0.0,0.0,0.0,0.2098041921854019,0.8200395703315735,0.0,1.0378706455230713,0.0858899056911468,0.1149213761091232,1.8935837745666504,1.2199040651321411,0.0093095216994896,0.2530434766649623,0.0548612325088232,0.8706164360046387,0.0,0.0,night_lowlight,night_lowlight,0.0
2019-05-15 18:30:00+00:00,2019-05-15 19:30:00+00:00,0.0,0.0,0.0,0.0,0.1211939305067062,0.8261600136756897,0.0,1.0501893758773804,0.1645989567041397,0.1376731395721435,1.9472473859786987,1.3772281408309937,0.0130727106423759,0.2530434766649623,0.0548612325088232,0.972203016281128,0.0,0.0,night_lowlight,night_lowlight,0.0
2019-05-15 18:45:00+00:00,2019-05-15 19:45:00+00:00,0.0,0.0,0.0,0.0,0.2291110306978225,0.9172324538230896,0.0,1.0409785509109497,0.2439718842506408,0.1546235531568527,1.9740877151489256,1.5019184350967407,0.0014494985410016,0.2574987106360648,0.0488705311031082,1.0714956521987915,0.0,0.0,night_lowlight,night_lowlight,0.0
2019-05-15 19:00:00+00:00,2019-05-15 20:00:00+00:00,0.0,0.0,0.0,0.0,0.211248829960823,0.9803428053855896,0.0,1.1292977333068848,0.3996622562408447,0.193575769662857,2.0685153007507324,1.7050588130950928,0.0109892009271069,0.0212685788563151,0.0548612325088232,1.18480122089386,0.0,0.0,night_lowlight,night_lowlight,0.0
2019-05-15 19:15:00+00:00,2019-05-15 20:15:00+00:00,0.0,0.0,0.0,0.0,0.2984116375446319,1.111891508102417,0.0,1.2106409072875977,0.5590288043022156,0.2197218686342239,2.1620969772338867,1.9388185739517212,0.0130727106423759,0.0331462338489578,0.0548612325088232,1.3487324714660645,0.0362556986510753,0.0,night_lowlight,night_lowlight,0.0
2019-05-15 19:30:00+00:00,2019-05-15 20:30:00+00:00,0.0,0.0,0.0,0.0540115125477314,0.3344371318817138,1.2253050804138184,0.007657908834517,1.3068039417266846,0.7201933264732361,0.2786019444465637,2.2916011810302734,2.17191743850708,0.0022238824434414,0.0331462338489578,0.0488705311031082,1.5049511194229126,0.159072071313858,0.0,night_lowlight,night_lowlight,0.0
2019-05-15 19:45:00+00:00,2019-05-15 20:45:00+00:00,0.0,0.0,0.0,0.1112176477909088,0.3636215329170227,1.3165249824523926,0.1137791946530342,1.333667516708374,0.8385105133056641,0.3760735392570495,2.3462672233581543,2.324012279510498,0.0614299794139761,0.0482863358653957,0.0493748671884944,1.6436628103256226,0.2149940133094787,0.0,night_lowlight,night_lowlight,0.0
2019-05-15 20:00:00+00:00,2019-05-15 21:00:00+00:00,0.0,0.0,0.0,0.2103591859340667,0.2928352057933807,1.301764726638794,0.1032382026314735,1.4331389665603638,0.8318092823028564,0.5123909711837769,2.421828508377075,2.4046521186828613,0.0109892009271069,0.0436864217580362,0.0548612325088232,1.693251132965088,0.3121024072170257,0.0,night_lowlight,night_lowlight,0.0
2019-05-15 20:15:00+00:00,2019-05-15 21:15:00+00:00,0.0,1.0,0.0,0.2787410020828247,0.4506830871105194,1.4461491107940674,0.1390392780303955,1.4893755912780762,0.927814245223999,0.6118053197860718,2.467658519744873,2.538543462753296,0.0,0.0436864217580362,0.0488705311031082,1.780436635017395,0.3752147555351257,0.0,night_lowlight,night_lowlight,0.0
2019-05-15 20:30:00+00:00,2019-05-15 21:30:00+00:00,0.318965,11.0,0.0,0.3841822743415832,0.6181930899620056,1.7229399681091309,0.2291019558906555,1.5497523546218872,1.0762951374053955,0.7059395909309387,2.564126253128052,2.736978054046631,0.0494051199252946,0.0516941863537881,0.0433841657827794,1.9205502271652224,0.4728093147277832,0.0562936328351497,night_lowlight,night_lowlight,0.318965
2019-05-15 20:45:00+00:00,2019-05-15 21:45:00+00:00,0.680299,24.0,0.0,0.4971068203449249,0.6335815191268921,1.773975849151611,0.3077873885631561,1.6056475639343262,1.192427635192871,0.843711256980896,2.6221017837524414,2.8757755756378174,0.0436438504434226,0.0555640767506789,0.0488705311031082,2.017731189727783,0.5402031540870667,0.2198017984628677,day_low,day_stable,0.680299
2019-05-15 21:00:00+00:00,2019-05-15 22:00:00+00:00,1.216223,41.0,0.0,0.6000824570655823,0.6977995038032532,1.9043785333633425,0.3843824565410614,1.6920428276062012,1.3319225311279297,0.9614627957344056,2.684798240661621,3.0293450355529785,0.1792376913770367,0.060815033724933,0.1574944888851004,2.136064291000366,0.6172779202461243,0.3697668612003326,day_low,day_stable,1.216223
2019-05-15 21:15:00+00:00,2019-05-15 22:15:00+00:00,1.722793,58.0,0.0,0.7261861562728882,0.7408702373504639,2.0324199199676514,0.4730560481548309,1.8119759559631348,1.4677406549453735,1.0810766220092771,2.7663910388946533,3.2140793800354004,0.4281540997260564,0.2596590849264653,0.442914827075842,2.218010187149048,0.715502142906189,0.4797545969486236,day_low,day_stable,1.722793
2019-05-15 21:30:00+00:00,2019-05-15 22:30:00+00:00,2.721961,88.0,0.318965,1.2040364564323425,1.228431028213501,2.5852859438323974,0.9317285240554808,2.3687668264770507,2.039085310783386,1.5637340963745117,3.1853464067840576,3.798423332061767,0.7620400224828953,0.6902615982861914,0.8834227870388301,2.661454719390869,1.1681469500923156,0.8959275306129455,day_low,day_stable,2.402996
2019-05-15 21:45:00+00:00,2019-05-15 22:45:00+00:00,2.876235,93.0,0.680299,1.6921507875671389,1.937988356803894,3.168512539123535,1.3503318588485718,2.768654541229248,2.6565328399887083,2.0995224277725217,3.625670389389038,4.39594669744873,1.4166338329333783,1.4927544870870348,1.6869608530570508,3.2243802110900877,1.5605004589309692,1.518053309177399,day_low,day_stable,2.1959359999999997
2019-05-15 22:00:00+00:00,2019-05-15 23:00:00+00:00,4.44325,145.0,1.216223,2.490996478507996,2.9530886396865847,4.256089209030152,2.206117807338715,3.59353709072876,3.791640518615723,2.921428082893372,4.391639946411133,5.354120968292237,2.28849667500207,1.979250990099785,2.0045816123376192,4.105238913009644,2.2881131157379153,2.3304507717590335,day_low,day_stable,3.2270269999999996
2019-05-15 22:15:00+00:00,2019-05-15 23:15:00+00:00,6.251328,225.0,1.722793,3.273923533218384,3.8193658759765623,5.158120529907227,2.8632546832733157,4.388878481643677,4.738372462051392,3.736755268829346,5.1029838493041995,6.202418225067139,3.0512590388761622,2.780021878035729,3.507408448976082,4.831055300491333,3.0031327178649905,3.17651786114502,day_low,day_stable,4.528535
2019-05-15 22:30:00+00:00,2019-05-15 23:30:00+00:00,7.549282000000001,257.0,2.721961,4.681706764732361,5.4178726458892825,6.843104341064453,4.082984545265198,5.745933988128662,6.227370955978394,5.054102160964966,6.348368146453858,7.632564523254395,5.287262416029441,4.63504467222458,5.785133157483793,6.081775882278443,4.342304565940857,4.486427404914856,day_medium,day_stable,4.827321000000001
2019-05-15 22:45:00+00:00,2019-05-15 23:45:00+00:00,5.970672,185.0,2.876235,5.073102942810058,5.899038306579589,7.46057223449707,4.446427694664001,6.076751939163207,6.673187247619628,5.467752448425292,6.634367934570312,8.027570716247558,6.39158624177568,5.9113804581154135,7.198517642091279,6.377809277877807,4.82561277519226,4.919085971221923,day_low,day_stable,3.0944370000000005
2019-05-15 23:00:00+00:00,2019-05-16 00:00:00+00:00,8.934188,310.0,4.44325,6.921728193283081,7.696648656845093,9.4880498046875,6.361512958526611,8.151953994750976,8.423198043823241,7.60250121307373,8.417727291107177,9.740235626220702,9.322091927461992,8.89768439230562,9.776889346897269,8.354368984222411,6.82503825378418,6.747050106048584,day_medium,day_stable,4.490938000000001
2019-05-15 23:15:00+00:00,2019-05-16 00:15:00+00:00,10.56803,354.0,6.251328,9.091336974075318,9.974734553268434,11.607562073638915,8.702432402542115,10.355807789733888,10.012641676834107,9.923127659729005,10.6036548699646,11.562364586761475,11.54885477755283,11.337113131149824,12.452174643995807,10.44798851864624,9.13912416355896,8.67035580532837,day_medium,day_stable,4.316702
2019-05-15 23:30:00+00:00,2019-05-16 00:30:00+00:00,11.52069,392.0,7.549282000000001,10.826808617050173,11.975213930541994,13.143252298767091,10.536044285232546,11.779060289794923,11.205490992004396,11.693636820251466,12.287534162933351,12.907238886291506,12.74488834296156,12.875650820107236,14.151912912488966,11.713067934448244,11.065813467437746,9.786217853958131,day_medium,day_stable,3.9714079999999994
2019-05-15 23:45:00+00:00,2019-05-16 00:45:00+00:00,14.66194,535.0,5.970672,9.052741396972657,10.415505755493164,11.213381159851076,8.923125136444092,10.273463118621828,9.455160964080813,9.87536989505005,10.68193374926758,11.173734534332276,9.61696728353506,9.692470159657985,11.50085781448601,10.214962828704834,9.450173008987427,8.531466591903687,day_medium,day_ramp_up,8.691267999999999
2019-05-16 00:00:00+00:00,2019-05-16 01:00:00+00:00,19.488001,684.0,8.934188,12.350316873825074,13.782509914672852,14.327368370330811,11.98124634388733,13.656253925598143,12.677610985076903,13.015328518188475,14.231800190246584,14.0778647578125,16.384937161137344,13.921289849664786,14.713250689920164,13.406785599029542,12.958781353271483,11.623565784729005,day_high,day_ramp_up,10.553813
2019-05-16 00:15:00+00:00,2019-05-16 01:15:00+00:00,16.78294,551.0,10.56803,14.192004800109864,15.749020219116211,15.929625153808594,13.561779380111696,15.340905785827635,14.117916465072632,14.79289448287964,16.063378930358887,15.452382207183838,16.302656510889786,14.073194645082584,15.11967606116882,15.11879551437378,14.913483262329102,13.542041898040772,day_medium,day_stable,6.21491
2019-05-16 00:30:00+00:00,2019-05-16 01:30:00+00:00,19.13669,639.0,11.52069,15.458045756759644,17.20575956100464,17.104208981933596,14.492594516220093,16.118806397857668,14.663857972564696,15.874145543518068,17.047454392852785,16.123830830993654,18.79901465283628,17.006606960222808,17.368284546493413,16.095639741363527,16.2966328024292,14.651320016326904,day_medium,day_stable,7.616000000000001
2019-05-16 00:45:00+00:00,2019-05-16 01:45:00+00:00,16.781191,598.0,14.66194,18.40881051773071,20.49703778976441,20.30437221282959,16.906490228118898,18.055103442611696,17.256713054122926,18.405840060653688,19.66187705749512,18.961777589263917,21.21872657993197,17.93242192729424,17.33175428672716,18.92891397232056,19.413624188842775,17.981877229156495,day_medium,day_stable,2.119251
2019-05-16 01:00:00+00:00,2019-05-16 02:00:00+00:00,24.148689,918.0,19.488001,22.86239231736755,24.438704144073487,24.07447446496582,20.933163415504456,22.05182303102112,21.210705887390137,22.808160912109376,23.570546280456544,22.825177084518433,22.231941364878484,20.443402647379475,19.52968436293864,23.448952566696168,23.680639397216797,22.925157677246094,day_high,day_stable,4.660688
2019-05-16 01:15:00+00:00,2019-05-16 02:15:00+00:00,19.54706,692.0,16.78294,20.55059751838684,22.5626669821167,21.508779614868164,18.602684348526,20.256082385482788,18.17671498626709,20.658110469284058,20.80626353591919,19.89376649230957,24.58280702382554,21.946685077036175,22.09005464315532,20.668637603225708,21.449680894317627,20.540213197174072,day_high,day_stable,2.7641199999999984
2019-05-16 01:30:00+00:00,2019-05-16 02:30:00+00:00,19.27581,715.0,19.13669,22.262756446304323,24.48282847732544,23.538093903961183,20.180692175331117,21.280638793411256,20.03925702899933,22.12726698249817,22.364055255355836,21.7985232862854,24.69468476670775,22.086280657864403,22.131898253584964,22.721065858306886,23.028645614089967,23.174230435791017,day_high,day_stable,0.13911999999999836
2019-05-16 01:45:00+00:00,2019-05-16 02:45:00+00:00,22.03731,768.0,16.781191,20.01661384965515,22.318052896514892,21.03569138909912,17.795692214027405,19.211564191833496,17.341866740242004,19.865487703338623,19.429014810577392,19.043142446533203,25.09237310207603,22.471356630117135,22.558259039399783,20.135057815567016,20.945358404174804,21.059358724609375,day_high,day_stable,5.256119000000002
2019-05-16 02:00:00+00:00,2019-05-16 03:00:00+00:00,22.62925,773.0,24.148689,26.425589291442872,28.35492679296875,27.33594557463074,24.576476750959397,25.518793789733888,24.311870975483895,26.73500940023804,25.834882466186524,25.83106455027008,27.64070320200947,26.704356562703893,26.509759651539824,26.5348932427063,27.417516438354493,27.57615038572693,day_high,day_stable,-1.519439000000002
2019-05-16 02:15:00+00:00,2019-05-16 03:15:00+00:00,26.26313,964.0,19.54706,21.91574667602539,23.926481710968016,22.650806891021727,20.34144942670822,22.089132296142576,19.89474012166023,22.242676006851195,21.370871173439024,21.1810155978775,25.8756397042568,24.134367781048688,24.359341944930645,21.748105274734495,22.94278477340698,22.83612202316284,day_high,day_stable,6.716070000000002
2019-05-16 02:30:00+00:00,2019-05-16 03:30:00+00:00,23.9855,827.0,19.27581,21.25179969936371,23.3895533052063,22.1208388772583,19.7457567420578,21.284152504501343,19.251705615294576,21.55103134780884,20.4150066342926,20.572076317367554,25.400876704524663,23.995546859792633,24.15209507501684,21.097103354034424,22.38343095451355,22.1687645879364,day_high,day_stable,4.709689999999998
2019-05-16 02:45:00+00:00,2019-05-16 03:45:00+00:00,22.547001,766.0,22.03731,23.22485184246063,25.405364389953615,24.21715414100647,21.79968539947033,22.6578031139946,21.416692967948915,23.198894854125975,22.08106109821558,22.778934593734743,26.59262615922361,24.319853600286667,25.230929281662497,23.314366574821474,24.487084503707887,24.46198188835144,day_high,day_stable,0.5096910000000001
2019-05-16 03:00:00+00:00,2019-05-16 04:00:00+00:00,23.563311,788.0,22.62925,23.319838772296904,25.42870182800293,24.342486570358275,22.295805523872374,23.947129915237426,21.902030060768126,23.44332219171524,22.47686333465576,23.127543370008468,27.35468177040173,25.10320786287468,25.034803229490343,23.42293507862091,24.604069540977477,24.4895958404541,day_high,day_stable,0.9340609999999998
2019-05-16 03:15:00+00:00,2019-05-16 04:15:00+00:00,22.392559,738.0,26.26313,25.824554851417545,27.78822117126465,27.038636138801575,24.740489771728516,25.22998791015625,24.140512278442383,25.78032903945923,24.558664372329712,25.69820081270218,26.67701584608141,25.312482537577647,25.261524756777376,25.903557231788636,26.817776730422977,27.43718486106873,day_high,day_stable,-3.8705710000000018
2019-05-16 03:30:00+00:00,2019-05-16 04:30:00+00:00,24.978189,838.0,23.9855,23.776650987148283,25.972494743347166,24.724725327968596,22.38747134017944,23.840627230286596,21.76508250045776,23.13114251899719,22.412644169807432,23.17275115060806,26.724330960726824,25.039360589391546,24.505837050786877,22.88398232269287,24.154870651245115,24.885030708789824,day_high,day_stable,0.9926890000000022
2019-05-16 03:45:00+00:00,2019-05-16 04:45:00+00:00,26.02994,872.0,22.547001,22.554969473248185,24.23282122190094,22.895332451416017,20.795017715049745,22.304199214530943,19.82616006906128,21.62890493447876,20.467571611953737,21.31996774251557,25.24980559886547,23.28668047549453,23.75340286744492,20.526083107543947,22.201139177633287,23.172652955604555,day_high,day_stable,3.4829389999999982
2019-05-16 04:00:00+00:00,2019-05-16 05:00:00+00:00,27.402809,929.0,23.563311,22.1724658204422,23.672290292213916,23.11094887984848,21.01285566819763,21.53881110681152,20.214086909423827,21.712489981781005,20.29520406259155,21.15664376748657,24.02047848228988,19.74119949488381,19.89178949581199,20.594437260757445,21.225314993988036,23.643066179584025,day_high,day_stable,3.8394980000000025
2019-05-16 04:15:00+00:00,2019-05-16 05:15:00+00:00,24.758129,837.0,22.392559,20.898016162857058,22.744616725191115,21.85274804447555,19.706822343811034,20.500571318611144,19.021375127777095,20.163011260971068,18.749137350067137,19.561969467147826,22.98635996448479,17.818014039808308,18.9551592115269,19.05552024458313,18.67525262449646,22.286518298729895,day_high,day_stable,2.3655700000000017
2019-05-16 04:30:00+00:00,2019-05-16 05:30:00+00:00,25.857559,844.0,24.978189,22.685255774368287,24.312173911441803,23.565545090545655,21.350231655944825,21.553133496154786,20.663402565826416,22.0534846867218,20.05576468359375,21.414621123184205,24.458447490383197,19.99098484847689,19.367444723670864,20.883022793640137,19.74196864019775,24.25605846296692,day_high,day_stable,0.879369999999998
2019-05-16 04:45:00+00:00,2019-05-16 05:45:00+00:00,24.69206,768.0,26.02994,23.335841765823364,24.54200624507904,23.852934470596313,21.67210566085815,21.63379274887085,20.95797907394409,22.27083097976685,20.169796815338135,21.541169038238525,24.254593864045468,19.63368994859076,19.58370697666949,21.48768459838867,20.0465735105896,24.98036634010315,day_high,day_stable,-1.3378799999999984
2019-05-16 05:00:00+00:00,2019-05-16 06:00:00+00:00,24.409,772.0,27.402809,24.546641683563234,25.598001456245424,24.866223430618287,22.50988135336304,22.104910707458497,21.622724866851808,22.640577650054933,20.91448531149292,22.03047213552857,24.54480062131465,20.523202699575272,20.807016056540014,22.31232819555664,20.67580876348877,25.776245450958253,day_high,day_stable,-2.9938090000000024
2019-05-16 05:15:00+00:00,2019-05-16 06:15:00+00:00,22.873369,729.0,24.758129,21.829536079696656,22.84962868624115,21.97657287054443,19.85801494055176,19.681972383789063,18.95508134298706,19.75499474935913,18.408404230407715,18.910766004852295,21.76785170637172,18.728108492366022,18.846591126504,19.77336919241333,18.13426244192505,23.058367013267517,day_high,day_stable,-1.88476
2019-05-16 05:30:00+00:00,2019-05-16 06:30:00+00:00,20.429939,631.0,25.857559,22.518480335220335,23.667774950012205,22.634473358139036,20.527110372528075,20.64207628820801,19.726946626647948,20.41108873937988,19.068561826690672,19.608125482543944,22.51741474853916,20.24411975396852,18.78950384566017,20.672769342407225,19.065085206970213,23.933270131095885,day_medium,day_stable,-5.4276199999999974
2019-05-16 05:45:00+00:00,2019-05-16 06:45:00+00:00,19.50769,602.0,24.69206,21.577511555252077,22.828703528938295,21.075291401443483,19.283699995574953,19.836236959991457,18.26743460327149,19.19023991256714,17.970987803039552,18.24797011047363,19.86821590700044,18.35331726389601,17.49833738339774,19.54319763809204,18.106477743682863,22.46362448364258,day_medium,day_stable,-5.184370000000001
2019-05-16 06:00:00+00:00,2019-05-16 07:00:00+00:00,18.56925,573.0,24.409,20.70110615158081,21.34349068069458,20.462248167037963,17.97696884536743,18.07588013076782,17.2987647857666,18.094300350189208,16.82623871231079,17.462332805633544,19.76268976232384,18.167394053687943,17.160932245573974,18.89082153701782,17.424705108642577,21.74227269554138,day_medium,day_stable,-5.839749999999999
2019-05-16 06:15:00+00:00,2019-05-16 07:15:00+00:00,18.080999,549.0,22.873369,18.878532192749024,19.152069351715088,18.497502586883545,15.96188857321167,16.609761974853516,15.648025772613526,16.252671501678467,15.102069160980223,15.865486404937744,18.89491074780563,16.862135745414076,16.787480397228684,17.16264130834961,15.894843838256836,19.42665245298767,day_medium,day_stable,-4.792370000000002
2019-05-16 06:30:00+00:00,2019-05-16 07:30:00+00:00,10.75944,332.0,20.429939,16.3976862114563,16.29683181463623,15.903966156829837,13.515328614105226,14.37647744833374,13.291563240875243,13.792819229949952,12.894739834655764,13.493163315643312,15.158876776404853,13.475570894888769,13.309380103248357,14.719938008178712,13.674788681854247,14.30553123175049,day_medium,day_ramp_down,-9.670499000000001
2019-05-16 06:45:00+00:00,2019-05-16 07:45:00+00:00,9.355062,279.0,19.50769,15.11756949371338,14.866529511871338,14.712732362213137,12.528730439605711,13.320627259674072,12.346224355163574,12.727699803771973,11.978176164093018,12.512116002502442,14.24344895520321,13.087704427043915,13.03808273083484,13.770182656707764,12.806333112182616,13.262695836486817,day_medium,day_ramp_down,-10.152628
2019-05-16 07:00:00+00:00,2019-05-16 08:00:00+00:00,11.20634,335.0,18.56925,13.964125049591065,13.858192813873291,13.691343200683594,11.522333515167237,12.32971895980835,11.32329930114746,11.567491424560547,10.988299263000489,11.550642860412598,12.33701234441854,11.942676444447285,11.352977144361924,12.81723345565796,11.917491806030274,12.330818069458008,day_medium,day_stable,-7.362909999999999
2019-05-16 07:15:00+00:00,2019-05-16 08:15:00+00:00,10.99591,325.0,18.080999,13.230356318878172,13.37149916403198,13.194714171813963,11.365506751464842,11.832687003540038,10.924661738800047,11.139165980743408,10.721085174011227,11.007817847656248,11.882221679296803,11.383531032997755,10.347565981586468,12.453160388397215,11.42977724783325,11.98774204962158,day_medium,day_stable,-7.085088999999998
2019-05-16 07:30:00+00:00,2019-05-16 08:30:00+00:00,10.10909,290.0,10.75944,6.947476441802978,7.629659230651855,7.119101340713501,5.011241490783691,6.505293424072265,4.9303050588989255,4.607419545593261,4.370864922943115,4.8953767370605465,6.544619266749186,6.193992305733793,6.302221730744668,5.713892514648437,5.371480996551513,5.276205117645263,day_medium,day_stable,-0.6503499999999995
2019-05-16 07:45:00+00:00,2019-05-16 08:45:00+00:00,6.849609,205.0,9.355062,5.458950988494873,5.885839931213379,5.871142141067505,4.412230006896973,5.260490886413574,4.152338020050049,3.802198878967286,3.511226646148682,4.200729362213135,5.62025845345146,7.355696414178609,6.404789238794312,4.807311526977539,4.643595687591553,4.232305995666504,day_low,day_stable,-2.505453
2019-05-16 08:00:00+00:00,2019-05-16 09:00:00+00:00,6.188219,177.0,11.20634,6.774655982818604,7.192623779144288,7.410505935516358,5.825527831878663,5.853368446197511,5.529585525360108,5.397474929656983,5.044629260864259,6.120557472076417,4.859507626582181,4.50033641238973,3.436182038733393,6.735698863830567,6.379429504241944,6.082414790954591,day_low,day_stable,-5.018121000000001
2019-05-16 08:15:00+00:00,2019-05-16 09:15:00+00:00,5.007625,148.0,10.99591,6.839610885772705,7.302317690048218,7.233704876098633,5.649271320495606,6.125229190979004,5.430342029724121,5.356099914703369,5.146574329528809,6.157583069000244,4.474383350308281,4.088202587238055,3.376932398387434,6.552029441986084,6.4119871369934085,5.766101192626953,day_low,day_stable,-5.988285
2019-05-16 08:30:00+00:00,2019-05-16 09:30:00+00:00,4.438656,129.0,10.10909,5.797297626342774,5.807638793792725,6.0107280310058595,4.871030002441406,5.059572368469238,4.6804434355163576,4.361289172973633,4.307898670043945,5.575411468353272,2.9287318645624807,2.647469556581422,1.9515474970396545,5.856506973114014,5.681675105895996,5.029881625976563,day_low,day_stable,-5.670434
2019-05-16 08:45:00+00:00,2019-05-16 09:45:00+00:00,3.563273,102.0,6.849609,3.197962624343872,3.58160625151062,3.460094076904297,2.3754397456970215,2.778493506225586,2.175607306274414,1.5970045154418946,1.6563683574523926,2.9165345256652833,2.023546628435319,1.7940259980426367,1.1868053289745977,3.0771652286376954,3.256107193740845,2.1528445308532715,day_low,day_stable,-3.286336
2019-05-16 09:00:00+00:00,2019-05-16 10:00:00+00:00,3.179477,92.0,6.188219,2.699367452758789,3.155135799545288,3.07692544569397,1.7944258939208986,1.9036525975646976,1.6680053960266117,1.0897912274780277,1.476978231567383,2.7029525529327394,1.8616982121539576,1.655951673340589,1.560084921704039,2.9072932492675783,3.132263828414917,1.917358804840088,day_low,day_stable,-3.0087420000000002
2019-05-16 09:15:00+00:00,2019-05-16 10:15:00+00:00,2.0456950000000003,58.0,5.007625,1.8690484924316408,2.4601174755096435,2.46791781616211,1.0060776634216309,1.292267219543457,0.9154576225280762,0.3515819473266601,1.0524922771453855,1.9376210136413576,1.1551819143698807,1.233041630359376,0.9668239234417472,2.251183883666992,2.5414396686553955,1.0138322277069092,day_low,day_stable,-2.9619299999999997
2019-05-16 09:30:00+00:00,2019-05-16 10:30:00+00:00,1.193281,36.0,4.438656,1.4234828032073974,2.0380698717651367,2.0807868517456054,0.6606096304473876,0.997266439300537,0.6974391020355224,0.0,0.9351104773101806,1.7743245638427734,1.0061076418651256,1.1561841372473798,0.7811297952202764,2.0427171267089843,2.393165973526001,0.7052253759918212,day_low,day_stable,-3.245375
2019-05-16 09:45:00+00:00,2019-05-16 10:45:00+00:00,0.577691,18.0,3.563273,0.968808697937012,1.6519771091918949,1.6962390415649415,0.1503668301086427,0.6205327980499269,0.2318966858367921,0.0,0.6436095707397462,1.2571478359680175,0.6073607413264822,0.8501354525947469,0.6945239032895495,1.5273457043151857,1.9601170294265748,0.0332406036834718,night_lowlight,night_lowlight,-2.985582
2019-05-16 10:00:00+00:00,2019-05-16 11:00:00+00:00,0.195426,7.0,3.179477,0.8543131587524413,1.4825816390533446,1.5184098718185424,0.0,0.3551168677825926,0.1001675364990233,0.0,0.6037414309997557,1.2786486384887694,0.5689574805810566,0.794160715382327,0.4781105915804481,1.5079301831741332,1.7930975196380614,0.0,night_lowlight,night_lowlight,-2.984051
2019-05-16 10:15:00+00:00,2019-05-16 11:15:00+00:00,0.1052819999999999,3.0,2.0456950000000003,0.1195056966018679,0.7611752083969119,0.8386284640502932,0.0,0.0,0.0,0.0,0.0607435038757326,0.5195427468490603,0.3005752915953725,0.5345983623107884,0.2782369567993376,0.641572289772034,0.9128647378158572,0.0,night_lowlight,night_lowlight,-1.9404130000000004
2019-05-16 10:30:00+00:00,2019-05-16 11:30:00+00:00,0.0,0.0,1.193281,0.0,0.1859985045013428,0.3933760574874878,0.0,0.0,0.0,0.0,0.0,0.0,0.2064609054270765,0.4655800254730717,0.2178980201977128,0.0,0.1575397900161743,0.0,night_lowlight,night_lowlight,-1.193281
2019-05-16 10:45:00+00:00,2019-05-16 11:45:00+00:00,0.0,0.0,0.577691,0.0,0.0,0.0793092959079742,0.0,0.0,0.0,0.0,0.0,0.0,0.1714590853082205,0.4172061639541866,0.1844352742047376,0.0,0.0,0.0,night_lowlight,night_lowlight,-0.577691
2019-05-16 11:00:00+00:00,2019-05-16 12:00:00+00:00,0.0,0.0,0.195426,0.0,0.0,0.0,0.0,0.0,0.0,0.0,0.0,0.0,0.1290352979396821,0.0871378273855727,0.1045501568816167,0.0,0.0,0.0,night_lowlight,night_lowlight,-0.195426
2019-05-16 11:15:00+00:00,2019-05-16 12:15:00+00:00,0.0,0.0,0.1052819999999999,0.0,0.0,0.0,0.0,0.0,0.0,0.0,0.0,0.0,0.0908778679881669,0.0548788057594236,0.1045501568816167,0.0,0.0,0.0,night_lowlight,night_lowlight,-0.1052819999999999
2019-05-16 11:30:00+00:00,2019-05-16 12:30:00+00:00,0.0,0.0,0.0,0.0,0.0,0.0,0.0,0.0,0.0,0.0,0.0,0.0,0.0,0.0,0.0080242493405588,0.0,0.0,0.0,night_lowlight,night_lowlight,0.0
2019-05-16 11:45:00+00:00,2019-05-16 12:45:00+00:00,0.0,0.0,0.0,0.0,0.0,0.0,0.0,0.0,0.0,0.0,0.0,0.0,0.0,0.0,0.0487452306346011,0.0,0.0,0.0,night_lowlight,night_lowlight,0.0
2019-05-16 12:00:00+00:00,2019-05-16 13:00:00+00:00,0.0,0.0,0.0,0.0,0.0,0.0,0.0,0.0,0.0,0.0,0.0,0.022197613492608,0.0475008521652754,0.0310968615891291,0.0250353147965269,0.0,0.0,0.0,night_lowlight,night_lowlight,0.0
2019-05-16 12:15:00+00:00,2019-05-16 13:15:00+00:00,0.0,0.0,0.0,0.0,0.0,0.0,0.0,0.0,0.0,0.0,0.0,0.0692877620458602,0.0227018833806189,0.0226738545742411,0.0132292820013572,0.0,0.0,0.0,night_lowlight,night_lowlight,0.0
2019-05-16 12:30:00+00:00,2019-05-16 13:30:00+00:00,0.0,0.0,0.0,0.0,0.0,0.0,0.0,0.0,0.0,0.0,0.0991824716329574,0.0796244442462921,0.0225990020964552,0.0312229685964639,0.0193313112042464,0.0,0.0,0.0,night_lowlight,night_lowlight,0.0
2019-05-16 12:45:00+00:00,2019-05-16 13:45:00+00:00,0.0,0.0,0.0,0.0,0.0,0.0,0.0,0.0,0.0,0.0,0.1662645936012268,0.0828472524881362,0.0031098759770548,0.0,0.0132292820013572,0.0,0.0,0.0,night_lowlight,night_lowlight,0.0
2019-05-16 13:00:00+00:00,2019-05-16 14:00:00+00:00,0.0,0.0,0.0,0.0,0.1007546037435531,0.1248019412159919,0.0,0.0,0.0,0.0,0.4283795654773712,0.0883731767535209,0.0,0.022799961581576,0.0132292820013572,0.0,0.0,0.0,night_lowlight,night_lowlight,0.0
2019-05-16 13:15:00+00:00,2019-05-16 14:15:00+00:00,0.0,0.0,0.0,0.0,0.1213640347123146,0.0424634777009487,0.0,0.0854929313063621,0.0,0.0,0.637620210647583,0.0542141981422901,0.0027082285897475,0.022799961581576,0.0132292820013572,0.0,0.0,0.0,night_lowlight,night_lowlight,0.0
2019-05-16 13:30:00+00:00,2019-05-16 14:30:00+00:00,0.0,0.0,0.0,0.0,0.2033870220184326,0.0308240335434675,0.0,0.2045073509216308,0.0,0.0,0.814929187297821,0.0427296534180641,0.0225990020964552,0.0312229685964639,0.0193313112042464,0.0,0.0,0.0,night_lowlight,night_lowlight,0.0
2019-05-16 13:45:00+00:00,2019-05-16 14:45:00+00:00,0.0,0.0,0.0,0.0,0.2353978455066681,0.0,0.0,0.2420421987771988,0.0,0.0,0.9349292516708374,0.0491134002804756,0.0224671473105577,0.0245726342583694,0.0158112183610252,0.0,0.0,0.0,night_lowlight,night_lowlight,0.0
2019-05-16 14:00:00+00:00,2019-05-16 15:00:00+00:00,0.0,0.0,0.0,0.0,0.2520843744277954,0.0,0.0,0.4156342148780823,0.0,0.0,1.1551473140716553,0.0,0.0027082285897475,0.0263369753512128,0.052155171424154,0.0,0.0,0.0,night_lowlight,night_lowlight,0.0
2019-05-16 14:15:00+00:00,2019-05-16 15:15:00+00:00,0.0,0.0,0.0,0.0,0.3423273861408233,0.1389360725879669,0.0,0.5387518405914307,0.0,0.0,1.3204582929611206,0.0,0.0027082285897475,0.0263369753512128,0.052155171424154,0.0,0.0,0.0,night_lowlight,night_lowlight,0.0
2019-05-16 14:30:00+00:00,2019-05-16 15:30:00+00:00,0.0,0.0,0.0,0.0,0.5336016416549683,0.380111426115036,0.0,0.511651337146759,0.0,0.0,1.4080637693405151,0.0618307963013649,0.0,0.0,0.0181702179321497,0.0,0.0,0.0,night_lowlight,night_lowlight,0.0
2019-05-16 14:45:00+00:00,2019-05-16 15:45:00+00:00,0.0,0.0,0.0,0.0,0.5312559604644775,0.4838909804821014,0.0,0.6112086176872253,0.0,0.0,1.5407829284667969,0.1404455602169037,0.0015351997365083,0.0263369753512128,0.0146501250889285,0.0,0.0,0.0,night_lowlight,night_lowlight,0.0
2019-05-16 15:00:00+00:00,2019-05-16 16:00:00+00:00,0.0,0.0,0.0,0.0,0.4853140413761139,0.5262532234191895,0.0,0.8416649103164673,0.0,0.0201176442205905,1.8048120737075808,0.1649597287178039,0.0015351997365083,0.0314149144981391,0.0146501250889285,0.0,0.0,0.0,night_lowlight,night_lowlight,0.0
2019-05-16 15:15:00+00:00,2019-05-16 16:15:00+00:00,0.0,0.0,0.0,0.0,0.3986018300056457,0.4869104027748108,0.0,0.8575988411903381,0.0,0.0912205651402473,1.87671959400177,0.2108776122331619,0.0015351997365083,0.0314149144981391,0.0146501250889285,0.0,0.0,0.0,night_lowlight,night_lowlight,0.0
2019-05-16 15:30:00+00:00,2019-05-16 16:30:00+00:00,0.0,0.0,0.0,0.0,0.4422158896923065,0.5257208347320557,0.0,0.8806104063987732,0.0,0.1472979933023452,1.9319953918457031,0.2802467048168182,0.0015351997365083,0.0314149144981391,0.0146501250889285,0.006458206102252,0.0,0.0,night_lowlight,night_lowlight,0.0
2019-05-16 15:45:00+00:00,2019-05-16 16:45:00+00:00,0.0,0.0,0.0,0.0,0.4775906801223755,0.5837293267250061,0.0,0.9197323322296144,0.0,0.1809153407812118,1.9756479263305664,0.3655714690685272,0.0015351997365083,0.0314149144981391,0.0146501250889285,0.0665333494544029,0.0,0.0,night_lowlight,night_lowlight,0.0
2019-05-16 16:00:00+00:00,2019-05-16 17:00:00+00:00,0.0,0.0,0.0,0.0,0.4865987002849579,0.6171056032180786,0.0,1.009585738182068,0.0,0.2367818057537078,2.152975559234619,0.4545644521713257,0.0015351997365083,0.0314149144981391,0.0146501250889285,0.1114136800169944,0.0,0.0,night_lowlight,night_lowlight,0.0
2019-05-16 16:15:00+00:00,2019-05-16 17:15:00+00:00,0.0,0.0,0.0,0.0,0.5238522291183472,0.660305380821228,0.0,1.0584486722946167,0.0,0.2620874643325805,2.2052416801452637,0.5537821054458618,0.0015351997365083,0.0314149144981391,0.0146501250889285,0.1701705306768417,0.0,0.0,night_lowlight,night_lowlight,0.0
2019-05-16 16:30:00+00:00,2019-05-16 17:30:00+00:00,0.0,0.0,0.0,0.0,0.5461981892585754,0.6933960914611816,0.0,1.1040568351745603,0.0,0.2793532013893127,2.231558322906494,0.6626815795898438,0.0015351997365083,0.0314149144981391,0.0146501250889285,0.2536099255084991,0.0,0.0,night_lowlight,night_lowlight,0.0
2019-05-16 16:45:00+00:00,2019-05-16 17:45:00+00:00,0.0,0.0,0.0,0.0,0.4232179522514343,0.6495915055274963,0.0,1.0891258716583252,0.0185115654021501,0.323725014925003,2.2399322986602783,0.7172496318817139,0.0015351997365083,0.0314149144981391,0.0146501250889285,0.2856901884078979,0.0,0.0,night_lowlight,night_lowlight,0.0
2019-05-16 17:00:00+00:00,2019-05-16 18:00:00+00:00,0.0,0.0,0.0,0.0,0.5167707204818726,0.734381377696991,0.0,1.179991602897644,0.1705439090728759,0.3066686391830444,2.3472485542297363,0.8188782334327698,0.0016670545224058,0.0238400732262029,0.0109353409350053,0.3612771034240722,0.0,0.0,night_lowlight,night_lowlight,0.0
2019-05-16 17:15:00+00:00,2019-05-16 18:15:00+00:00,0.0,0.0,0.0,0.0,0.313573807477951,0.6668076515197754,0.0,1.1355509757995603,0.2421339899301529,0.3486092984676361,2.3511149883270264,0.8577460050582886,0.0,0.0,0.0074152480917841,0.3789699077606201,0.0,0.0,night_lowlight,night_lowlight,0.0
2019-05-16 17:30:00+00:00,2019-05-16 18:30:00+00:00,0.0,0.0,0.0,0.0,0.4402408003807068,0.6860393285751343,0.0,1.294724464416504,0.5485460758209229,0.3581096827983856,2.3216700553894043,1.1811012029647827,0.0,0.0,0.0109353409350053,0.4989543557167053,0.0174347199499607,0.0,night_lowlight,night_lowlight,0.0
2019-05-16 17:45:00+00:00,2019-05-16 18:45:00+00:00,0.0,0.0,0.0,0.0,0.1691112071275711,0.5783067941665649,0.0,1.3414305448532104,0.6684787273406982,0.4496541321277618,2.291945457458496,1.3208822011947632,0.0111168205283083,0.0263695263461593,0.02068392328295,0.5847144722938538,0.0690952986478805,0.0,night_lowlight,night_lowlight,0.0
2019-05-16 18:00:00+00:00,2019-05-16 19:00:00+00:00,0.0,0.0,0.0,0.0,0.2475022077560424,0.7532031536102295,0.0,1.3689355850219729,0.8485689759254456,0.4687025547027588,2.3164477348327637,1.4421218633651731,0.039393305048518,0.003174705554028,0.0341371509911709,0.6383599042892456,0.0946041345596313,0.0,night_lowlight,night_lowlight,0.0
2019-05-16 18:15:00+00:00,2019-05-16 19:15:00+00:00,0.0,0.0,0.0,0.0,0.1390110701322555,0.7231511473655701,0.0,1.3807345628738403,0.9412485361099244,0.558874249458313,2.3193001747131348,1.510880470275879,0.0168336385278244,0.0405947019561901,0.0398449499469208,0.7014365196228027,0.1708415001630783,0.0,night_lowlight,night_lowlight,0.0
2019-05-16 18:30:00+00:00,2019-05-16 19:30:00+00:00,0.0,0.0,0.0,0.0,0.1872105449438095,0.826482892036438,0.0,1.4417365789413452,1.0489821434020996,0.6455671191215515,2.3442611694335938,1.6458444595336914,0.0168336385278244,0.0405947019561901,0.0303178012343972,0.7952821254730225,0.2511576116085052,0.0,night_lowlight,night_lowlight,0.0
2019-05-16 18:45:00+00:00,2019-05-16 19:45:00+00:00,0.0,0.0,0.0,0.0,0.2757547199726105,0.9044131636619568,0.0786035656929016,1.4875675439834597,1.1465243101119995,0.7128171920776367,2.351921319961548,1.751850962638855,0.0168336385278244,0.0405947019561901,0.0303178012343972,0.8934073448181152,0.3097380697727203,0.0,night_lowlight,night_lowlight,0.0
2019-05-16 19:00:00+00:00,2019-05-16 20:00:00+00:00,0.0,0.0,0.0,0.0,0.429058700799942,1.1312637329101562,0.1370505094528198,1.5350160598754885,1.315173864364624,0.7515491247177124,2.381481170654297,1.9552124738693235,0.0,0.0,0.0300963675989762,1.0197242498397827,0.3548957109451294,0.0,night_lowlight,night_lowlight,0.0
2019-05-16 19:15:00+00:00,2019-05-16 20:15:00+00:00,0.0,0.0,0.0,0.0,0.3517238199710846,1.1485538482666016,0.2646621465682983,1.640243411064148,1.388586163520813,0.8676794171333313,2.4032185077667236,2.0967767238616943,0.0,0.0330452836291272,0.0300963675989762,1.1740777492523191,0.4466916918754577,0.0,night_lowlight,night_lowlight,0.0
2019-05-16 19:30:00+00:00,2019-05-16 20:30:00+00:00,0.0,0.0,0.0,0.022559693083167,0.3647349774837494,1.2408949136734009,0.3896560668945312,1.7992234230041504,1.4932688474655151,0.989046275615692,2.4604456424713135,2.30432653427124,0.0,0.0,0.0396235163114998,1.3174293041229248,0.549433708190918,0.0,night_lowlight,night_lowlight,0.0
2019-05-16 19:45:00+00:00,2019-05-16 20:45:00+00:00,0.0,0.0,0.0,0.0982752963900566,0.3894097208976745,1.3179513216018677,0.5051692724227905,1.9374041557312012,1.5862200260162354,1.0966167449951172,2.571003675460815,2.5379419326782227,0.0,0.0639329310350987,0.0396235163114998,1.4649642705917358,0.6795366406440735,0.0905349999666214,night_lowlight,night_lowlight,0.0
2019-05-16 20:00:00+00:00,2019-05-16 21:00:00+00:00,0.0,0.0,0.0,0.1591041386127472,0.4853939414024353,1.4943089485168457,0.5425901412963867,1.9486589431762695,1.7192686796188354,1.21677827835083,2.6168081760406494,2.7398109436035156,0.0482320910720554,0.0608127452470594,0.0433841657827794,1.6173769235610962,0.7537563443183899,0.2209893465042114,night_lowlight,night_lowlight,0.0
2019-05-16 20:15:00+00:00,2019-05-16 21:15:00+00:00,0.011951,2.0,0.0,0.2574776709079742,0.5806674361228943,1.661620855331421,0.6528141498565674,1.9467898607254028,1.884305477142334,1.345685362815857,2.662834882736206,2.8951070308685303,0.0005983352183427,0.0532910555380061,0.0488705311031082,1.7488905191421509,0.823994517326355,0.3260957300662994,night_lowlight,night_lowlight,0.011951
2019-05-16 20:30:00+00:00,2019-05-16 21:30:00+00:00,0.335508,13.0,0.0,0.3618304133415222,0.6469637155532837,1.8098260164260864,0.7923498153686523,2.056110382080078,2.0348405838012695,1.5007513761520386,2.7510039806365967,3.076962471008301,0.0084583583768307,0.0538557867740101,0.0548612325088232,1.8857080936431885,0.9571461081504822,0.4986973106861114,night_lowlight,night_lowlight,0.335508
2019-05-16 20:45:00+00:00,2019-05-16 21:45:00+00:00,0.776166,28.0,0.0,0.4441797733306885,0.6537297964096069,1.7694302797317505,0.8433930277824402,2.18204402923584,2.1074295043945312,1.651662826538086,2.7483770847320557,3.190967798233032,0.0555743041804949,0.0802534741580414,0.0488705311031082,2.027207374572754,1.0687021017074585,0.7564390301704407,day_low,day_stable,0.776166
2019-05-16 21:00:00+00:00,2019-05-16 22:00:00+00:00,1.295438,48.0,0.0,0.4835478365421295,0.8500116467475891,1.9690382480621336,0.8641552329063416,2.3545994758605957,2.3072497844696045,1.7475783824920654,2.820716381072998,3.3549318313598633,0.2553366188327496,0.2962935463109405,0.1984070659110031,2.1892848014831543,1.159255862236023,0.860100507736206,day_low,day_stable,1.295438
2019-05-16 21:15:00+00:00,2019-05-16 22:15:00+00:00,1.821586,68.0,0.011951,0.6296065156707764,1.0992214982757569,1.8772131507644656,1.0456111734161375,2.375204116607666,2.2562625711212156,1.8109385078201297,2.8160770242462156,3.2984636132965086,0.6107512529039713,0.5803267395754652,0.553178951861438,2.346619397903442,1.2305243318328858,1.0429883306274417,day_low,day_stable,1.8096349999999999
2019-05-16 21:30:00+00:00,2019-05-16 22:30:00+00:00,2.475594,98.0,0.335508,1.1128624192314147,1.7864294162826535,2.461588513000488,1.5933230033950805,2.963496815307617,2.8141709676818847,2.256412278755188,3.2230800500946044,3.794506680114746,0.8552477976706432,0.9600772415975476,1.1039717714149662,2.812374006851196,1.7163356653289794,1.5044552198486327,day_low,day_stable,2.140086
2019-05-16 21:45:00+00:00,2019-05-16 22:45:00+00:00,3.3256019999999995,131.0,0.776166,1.6974988957557675,2.709226050010681,3.30039695703125,2.229848541847229,3.613892354598999,3.623542823425293,2.823928155532837,3.732002296081543,4.432733811965942,1.6627756583340407,1.814151913329751,1.7408294588567184,3.391266860595703,2.3334343811187743,2.098676242462158,day_low,day_stable,2.5494359999999996
2019-05-16 22:00:00+00:00,2019-05-16 23:00:00+00:00,4.38025,173.0,1.295438,2.4042716706161498,3.7228309595947264,4.199448057449341,2.9679088080291747,4.4896344626312255,4.678105303085327,3.5466606104736327,4.468574234283447,5.3153464281921385,2.353798210572948,2.14772864587596,2.044194463727322,4.066313692367554,3.4332339251403807,2.866059609687805,day_low,day_stable,3.0848120000000003
2019-05-16 22:15:00+00:00,2019-05-16 23:15:00+00:00,5.677766,224.0,1.821586,3.1295419803009032,4.46764312890625,5.120785104309082,3.6707100739822383,5.377470599685669,5.6891106238708495,4.291271077667236,5.185262309585571,6.2375696769104,3.223696786189914,2.868925178453124,3.0548390318174814,4.750230418716431,4.501150952850342,3.702555524383545,day_low,day_stable,3.85618
2019-05-16 22:30:00+00:00,2019-05-16 23:30:00+00:00,7.163516,276.0,2.475594,3.916548089164734,5.279884533065796,6.186949447769165,4.673415378707886,6.604051546234131,6.79248328604126,5.333937601226807,6.043760255950928,7.364262537139893,4.712112114210707,4.525887341872404,4.628351720372185,5.725453094619751,5.801105455535889,4.720607475418091,day_medium,day_stable,4.687922
2019-05-16 22:45:00+00:00,2019-05-16 23:45:00+00:00,8.742125999999999,320.0,3.3256019999999995,4.927001064064026,6.423156445266724,7.567148630859375,5.921265547515869,8.147534792663574,8.093412821533203,6.5921813895721435,7.236603682281494,8.773655359985352,7.780061094806939,7.2320130212468605,7.4151524832351425,7.00386971736145,7.28707021975708,5.980368321182251,day_medium,day_stable,5.416523999999999
2019-05-16 23:00:00+00:00,2019-05-17 00:00:00+00:00,10.380999999999998,375.0,4.38025,6.214598559379578,7.766641401290894,8.854524158477783,7.49884393119812,9.932385467529295,9.560843013763428,8.155848764419556,8.797554992675781,10.407691024780274,10.088730310864028,10.50419910531564,10.293242096041284,8.456254505157471,8.90963985824585,7.357656740188599,day_medium,day_stable,6.000749999999998
2019-05-16 23:15:00+00:00,2019-05-17 00:15:00+00:00,11.66856,432.0,5.677766,7.756968651977539,9.30232277986145,10.40385643121338,9.081860696044922,11.648006116119385,10.996322308746338,9.675753747192385,10.547242318359377,12.07313552972412,10.983522708518922,11.433865070940822,11.559657426544875,10.054007207122805,10.660809670654295,8.87575856324768,day_medium,day_stable,5.990793999999999
2019-05-16 23:30:00+00:00,2019-05-17 00:30:00+00:00,13.52663,483.0,7.163516,9.546953871932985,11.085098221984865,12.063260510650636,10.905554726806642,13.534055188385013,12.555487588134769,11.44113059350586,12.547063306060792,13.61013455697632,12.159664776496529,12.73936033080802,13.17656057721684,11.620159581390382,12.681706383911134,10.579426720825197,day_medium,day_stable,6.363114
2019-05-16 23:45:00+00:00,2019-05-17 00:45:00+00:00,14.69519,533.0,8.742125999999999,11.615798246932982,13.141122353149411,14.291470062805177,12.763115418029784,15.44712926156616,14.441560280395509,13.042361271453856,14.804134380889892,15.2926311612854,15.579091671849952,15.335501628649787,15.529720904932924,13.141284000946044,14.434534561706542,12.55045677430725,day_medium,day_stable,5.953064000000001
2019-05-17 00:00:00+00:00,2019-05-17 01:00:00+00:00,16.16519,583.0,10.380999999999998,13.76857824897766,15.629548507690428,16.308911758422852,14.963817077636715,18.2271012840271,16.911649662017822,15.45478816604614,17.55427928543091,17.53159804916382,17.466543144970956,17.152709060758085,17.084600548027296,15.185366588592528,16.61013408279419,14.59179397201538,day_medium,day_stable,5.784190000000001
2019-05-17 00:15:00+00:00,2019-05-17 01:15:00+00:00,17.43656,626.0,11.66856,15.317089529571533,17.055587263641357,17.374155970153808,16.313306780395507,19.586057634887695,17.970534296569824,16.883322210845947,19.335750551757812,18.73476502471924,18.583056079554535,18.355636444523466,19.033325392582668,16.51165482574463,17.733518572387695,16.043550463256835,day_medium,day_stable,5.768000000000001
2019-05-17 00:30:00+00:00,2019-05-17 01:30:00+00:00,18.643629,670.0,13.52663,17.250141457443238,19.07663162124634,19.06282384765625,18.00130041015625,21.18041761291504,19.35019643676758,18.599356249694825,21.289290503387452,20.400583819274903,20.26755882651543,20.163727369323468,20.78385860489007,18.215607718353272,19.167151049499513,17.92248256576538,day_high,day_stable,5.116999
2019-05-17 00:45:00+00:00,2019-05-17 01:45:00+00:00,19.76581,702.0,14.69519,18.329986380996704,20.515469598236084,20.154634522857663,18.848583268585205,21.84675602859497,19.97399620956421,19.62260060256958,22.37009816116333,21.355083035888672,21.799107482909193,21.260345534613244,21.64252426038064,19.166863488616944,20.010291146698,19.14367918914795,day_high,day_stable,5.070619999999998
2019-05-17 01:00:00+00:00,2019-05-17 02:00:00+00:00,20.81756,749.0,16.16519,19.80833270019531,22.025938767852782,21.334532517852782,20.244278687896728,23.767458695831294,21.43504740661621,21.29498793548584,24.06260659164429,22.463690537872314,23.239940357286393,24.581795135660272,23.78243762987124,20.76696421569824,21.195576447906493,20.20358874267578,day_high,day_stable,4.652370000000001
2019-05-17 01:15:00+00:00,2019-05-17 02:15:00+00:00,23.16431,785.0,17.43656,20.98540433746338,22.818114126739506,22.16149028640747,21.28109821182251,24.410474623260495,21.675917471466065,22.363926733551025,24.838020647583008,22.95243200164795,24.887923020531833,24.946153551211037,24.204977457426523,21.742522562561035,22.333359564361572,21.09097131591797,day_high,day_stable,5.72775
2019-05-17 01:30:00+00:00,2019-05-17 02:30:00+00:00,24.099251,831.0,18.643629,22.06888239126587,24.283461973480225,23.196954176239014,21.9998461459198,24.664968893341065,22.38460628729248,23.234102651885987,25.77361862402344,23.49600403051758,25.354806228357557,25.335882982373576,24.94224599131841,22.86817495565796,23.238683626464844,21.96133296232605,day_high,day_stable,5.455621999999998
2019-05-17 01:45:00+00:00,2019-05-17 02:45:00+00:00,24.839939,861.0,19.76581,22.741593824920653,25.432357298431395,24.192769991455076,22.466385113296507,25.28994702011108,23.24759482055664,23.907608019409174,26.56373785644531,24.406374441680907,26.802892719727765,26.631214703334535,26.190491825739453,23.65083502441406,23.716584431228636,22.81251166969299,day_high,day_stable,5.074129000000003
2019-05-17 02:00:00+00:00,2019-05-17 03:00:00+00:00,25.49925,885.0,20.81756,23.706684393463135,25.62956885772705,24.665618462142945,23.41731504875183,26.805917543945313,24.065066618499756,24.7288251348114,27.16599873977661,24.737591309127808,27.30803719137196,27.328631997940445,26.222843595709872,24.16658286529541,24.683345837173466,23.24260382133484,day_high,day_stable,4.68169
2019-05-17 02:15:00+00:00,2019-05-17 03:15:00+00:00,26.236440999999996,901.0,23.16431,25.621137640533448,27.563309214172364,26.372852108535767,25.17842008834839,28.03150512939453,25.925059340057373,26.379291317520146,28.737794420776368,26.358886263427735,29.60449088364059,29.212140770162453,27.74970809759129,26.15511753326416,26.459240934906006,25.217374823150635,day_high,day_stable,3.0721309999999953
2019-05-17 02:30:00+00:00,2019-05-17 03:30:00+00:00,26.7015,928.0,24.099251,26.04652163179016,28.023938147140505,26.78650089891052,25.40952726991272,28.19979259164429,26.232848135543826,26.55642553956604,28.797674385620116,26.65175911576843,30.020605874857736,29.21582695411793,27.90902012810946,26.796565500808715,26.675368515563964,25.87790033013916,day_high,day_stable,2.6022490000000005
2019-05-17 02:45:00+00:00,2019-05-17 03:45:00+00:00,27.104,939.0,24.839939,26.429001452316285,28.256643654693605,26.99487841307068,25.48167371927643,28.060155989517213,26.192049862731935,26.780635597099305,28.603475214828492,26.7588523644104,29.936734365190976,29.187158489179925,27.961540648852672,27.034037949432378,26.951996209014897,26.25573146520996,day_high,day_stable,2.264060999999998
2019-05-17 03:00:00+00:00,2019-05-17 04:00:00+00:00,27.207689,955.0,25.49925,26.364349906921387,28.09049517440796,27.234098260879517,25.62746640074253,28.937119548797607,26.78724283504486,27.017861192703247,28.3658488445282,26.978997414588928,30.332326598993976,28.883405898631203,28.1508935660134,26.813329880714416,27.138207738876343,26.14432645368576,day_high,day_stable,1.7084389999999985
2019-05-17 03:15:00+00:00,2019-05-17 04:15:00+00:00,27.27375,946.0,26.236440999999996,26.724997712865825,28.004392130867,27.333967073455806,25.635228319660182,28.406946285263057,26.91491310168838,26.94987599422073,28.1434382038269,27.031362278953548,29.794583123977052,28.693043624675383,28.499581449354977,26.906926019683834,27.528390391365047,26.510923578039165,day_high,day_stable,1.037309000000004
2019-05-17 03:30:00+00:00,2019-05-17 04:30:00+00:00,27.34025,945.0,26.7015,26.519080819129943,27.691936255931857,27.241578222751617,25.16645521068573,27.740817846298217,26.558089257717132,26.45738619709015,27.571033717632293,26.615319640874866,29.42976721486796,28.459966602910225,27.889407366124868,26.80521844470501,27.521611453533172,26.679842661634087,day_high,day_stable,0.6387500000000017
2019-05-17 03:45:00+00:00,2019-05-17 04:45:00+00:00,27.320129,930.0,27.104,26.324438361167907,27.94311257982254,27.102255729558877,24.634415296554565,27.423594383239745,26.332503704071044,25.987190393447875,27.249327270030975,26.528065947532653,30.28814154083385,28.28445870279167,26.833901906934088,26.813924966096877,27.46134647512436,26.805172828674316,day_high,day_stable,0.21612900000000224
2019-05-17 04:00:00+00:00,2019-05-17 05:00:00+00:00,27.258440000000004,922.0,27.207689,26.068842483390807,27.140079116155142,26.650233162273405,24.445591641296385,27.34409522794628,26.07687397085571,25.5948640831604,26.726323021282195,26.18384010874176,29.693360837951655,27.53113776241298,25.241044351853866,26.41181756340408,26.97371978842163,26.48056448780441,day_high,day_stable,0.05075100000000532
2019-05-17 04:15:00+00:00,2019-05-17 05:15:00+00:00,26.935128999999996,892.0,27.27375,25.54915099620819,26.579448454380035,26.05704360485077,23.913134269714355,26.779948942661285,25.507370166778564,24.981190376281734,26.03473132133484,25.468430333137512,28.118658086933504,25.890651603465543,24.108494759658797,25.99162130832672,26.41200875520706,25.854089789390564,day_high,day_stable,-0.3386210000000034
2019-05-17 04:30:00+00:00,2019-05-17 05:30:00+00:00,26.307751,863.0,27.34025,25.25826977157593,26.67346225643158,25.549801930427552,23.60705636405945,26.416053339481355,25.24061416053772,24.290582403182984,26.002099021911626,25.015799983978273,28.835377933580673,27.619788086328757,25.670330152118066,25.736178263664247,25.990445717811586,25.3798566904068,day_high,day_stable,-1.0324990000000014
2019-05-17 04:45:00+00:00,2019-05-17 05:45:00+00:00,25.255131,803.0,27.320129,25.16072662954712,26.06555935030365,25.227195822052003,22.983636461547853,26.228119694046026,24.51236113195801,23.995797478012086,25.003625475219728,24.578930221847536,29.0893392956408,26.95825744267974,25.181809748164717,25.187983833602907,25.808922253898626,25.066479765228273,day_high,day_stable,-2.0649980000000028
2019-05-17 05:00:00+00:00,2019-05-17 06:00:00+00:00,24.709999,767.0,27.258440000000004,24.77487419265747,25.446165186347965,24.554239255371098,22.455696565094,24.910263520660404,23.476348143997196,23.231608849945072,23.953963738861088,23.61952541488648,27.84184746726202,26.70889026125414,24.76606786137409,24.161223155441288,25.19374893325806,24.4685287298584,day_high,day_stable,-2.548441000000004
2019-05-17 05:15:00+00:00,2019-05-17 06:15:00+00:00,24.02356,758.0,26.935128999999996,24.064045501998898,24.454689337066647,23.620179249099728,21.73839361791992,24.232104851058956,22.55878908758545,22.591395212463375,23.021444393447872,22.707598520568844,24.75916461819445,24.47006093413964,22.51229832081411,22.764172865203857,23.955349994949337,23.974680496505737,day_high,day_stable,-2.9115689999999965
2019-05-17 05:30:00+00:00,2019-05-17 06:30:00+00:00,23.11619,713.0,26.307751,22.89421087510681,23.42282015092468,22.489259541107177,20.713033020568847,23.367160856796264,21.49814063317871,21.50997906930542,22.017069161010745,21.61184912927246,22.7851074446919,23.062277664743565,20.7610611437277,21.437917053771972,21.796503365112304,23.17118555314636,day_high,day_stable,-3.191561
2019-05-17 05:45:00+00:00,2019-05-17 06:45:00+00:00,21.337749,663.0,25.255131,21.68515562387085,21.578347915130617,21.04056238504028,19.548657649475096,22.18472551675415,20.196755641418456,20.209511512237547,20.514619582611083,20.07098221154785,20.871177637116222,21.449871163471247,19.92807132114484,19.933766120391844,20.082293742614745,22.057741635757445,day_high,day_stable,-3.917382
2019-05-17 06:00:00+00:00,2019-05-17 07:00:00+00:00,19.98369,624.0,24.709999,20.719066058563232,20.872266446517944,20.1955308069458,19.024015819000244,21.541296874450683,19.68379059927368,19.598286544250488,19.89356843130493,19.386343871520996,20.063141508311205,20.08335479708511,18.98922526562758,19.21218577520752,19.129086409973144,21.15870014326477,day_medium,day_stable,-4.7263090000000005
2019-05-17 06:15:00+00:00,2019-05-17 07:15:00+00:00,16.933439,559.0,24.02356,19.54286809020996,20.183271599349975,19.17671580368042,18.003104162750244,20.71846098953247,18.97943253570557,18.561384153900143,18.985716772613525,18.549336863098144,19.19958364096456,19.162100090817656,18.507143324055715,18.43237061553955,18.239363146362304,20.216232491073608,day_medium,day_stable,-7.090121
2019-05-17 06:30:00+00:00,2019-05-17 07:30:00+00:00,17.146061,523.0,23.11619,18.64111332458496,18.96957020324707,18.028820558013916,17.09991745513916,19.75397233528137,17.838048024597168,17.65241579574585,17.99238400024414,17.61272148651123,18.48106608871452,18.48001837179929,18.211642974309022,17.57110075515747,17.329167409362793,19.317822022857666,day_medium,day_stable,-5.970129
2019-05-17 06:45:00+00:00,2019-05-17 07:45:00+00:00,15.28319,471.0,21.337749,16.556962008880614,16.775387759613036,16.143037791656493,15.225837226318358,17.87615346472168,15.828402991699216,15.723261351989745,16.15722274343872,15.544437880920407,15.96127991774537,16.87579799209548,16.44899107184994,15.958775039123534,15.54604577581787,17.457423921035765,day_medium,day_stable,-6.054558999999999
2019-05-17 07:00:00+00:00,2019-05-17 08:00:00+00:00,13.91841,421.0,19.98369,15.133933282318116,15.45719025177002,14.650407529296874,13.471444344940185,15.2424151663208,13.600998139801025,14.0186602835083,14.347859120788574,13.501851296844482,12.750595312690136,12.584049506047451,12.875819511397044,14.712148881378171,13.907545781555177,15.75613758605957,day_medium,day_stable,-6.06528
2019-05-17 07:15:00+00:00,2019-05-17 08:15:00+00:00,12.25153,370.0,16.933439,11.937355263580322,12.2715999916687,11.832886917938232,10.307826264251707,12.474576218475342,10.67810509954834,10.879166825164797,11.299387677062988,10.40269063269043,11.49029463453181,11.11489950867666,11.568936229597725,12.03656743322754,11.037274582733154,12.555706246246338,day_medium,day_stable,-4.681908999999999
2019-05-17 07:30:00+00:00,2019-05-17 08:30:00+00:00,10.70322,310.0,17.146061,12.258064326416015,12.720021304260252,11.891283568511962,10.847574290405271,12.690814074645996,10.925942477355957,11.349693831573486,11.742747363220214,10.79551225579834,9.671532471889838,9.449938718498148,9.949208885659456,12.505116042266843,11.451274451385498,12.722043093811036,day_medium,day_stable,-6.442841
2019-05-17 07:45:00+00:00,2019-05-17 08:45:00+00:00,9.442344,277.0,15.28319,10.386656510772704,10.65733264678955,10.054898488464357,9.122627961578369,10.958023297729492,9.25913165802002,9.64399503463745,10.00917648071289,9.141838777008056,7.941945281640408,7.845862521993581,7.707780175959664,10.931190240325927,9.856620061340331,10.866779553833007,day_medium,day_stable,-5.840845999999999
2019-05-17 08:00:00+00:00,2019-05-17 09:00:00+00:00,8.018063,230.0,13.91841,8.889950927886963,8.84980362335205,8.576108154449463,7.757897075805664,9.146470245513916,7.570883449707031,8.33971422592163,8.447670635375976,7.650090870056152,6.481624173494591,6.398505296170565,6.333267765211227,9.790776905212402,8.517798599395752,9.35701673904419,day_low,day_stable,-5.900347
2019-05-17 08:15:00+00:00,2019-05-17 09:15:00+00:00,6.6120470000000005,194.0,12.25153,7.3959315502929694,7.388942071228028,7.187275239257813,6.202181168823243,7.76845295074463,6.290267297058106,6.711320706634522,6.899016686706544,6.409489938049317,5.569295951807602,5.558601447409311,5.501608154774674,8.514632769851685,7.321848222045899,7.639726468353272,day_low,day_stable,-5.639483
2019-05-17 08:30:00+00:00,2019-05-17 09:30:00+00:00,4.997125,151.0,10.70322,6.112672438354492,6.038334002227783,5.886224856109619,5.143614401550293,6.52618085357666,5.2079044482421875,5.443456282348633,5.6885715625,5.315995802612305,3.611098183447479,3.3127334008613203,3.019391509379006,7.375375618667603,6.388242830963135,6.057770361633301,day_low,day_stable,-5.706095
2019-05-17 08:45:00+00:00,2019-05-17 09:45:00+00:00,3.663297,117.0,9.442344,4.980547239440918,5.008151819366455,4.765108396667481,4.463636686462403,5.450209190505982,4.228343298095703,4.598539163726807,4.901591589111328,4.360946466583252,2.4534515004837845,2.3023839690703545,2.051164985667991,6.3696163197937015,5.536706497329712,4.736014177459717,day_low,day_stable,-5.779047
2019-05-17 09:00:00+00:00,2019-05-17 10:00:00+00:00,2.947984,92.0,8.018063,3.577969482696533,3.851503780639648,3.5147952349548337,3.0200909884338376,3.8181623728637697,2.7080458910827634,3.1106080325012204,3.4561447413330075,3.190412452972412,2.4251001804712753,1.9573081950857063,1.7911075434565729,5.038272550857544,4.210867098129272,3.391279152191162,day_low,day_stable,-5.070079
2019-05-17 09:15:00+00:00,2019-05-17 10:15:00+00:00,2.177219,72.0,6.6120470000000005,2.445175929138184,3.104284567901612,2.7145700884552006,1.977787299224854,2.783632321426392,1.7367599440307622,1.8998616171569829,2.491018099853516,2.2397706938476567,1.56964321599209,1.355556016920412,1.151432826226652,3.79007606036377,3.122111840316773,2.145551962921143,day_low,day_stable,-4.434828
2019-05-17 09:30:00+00:00,2019-05-17 10:30:00+00:00,1.533109,52.0,4.997125,1.2083764972686764,2.140192598342895,1.783031076431274,0.7000711860656734,1.672414392471313,0.722932666778564,0.5172556343078609,1.2625957431793209,1.206542104721069,1.0573846079214788,1.0041144136263678,0.9178807205180866,2.353940338134765,1.825544923782348,0.7382424774169918,day_low,day_stable,-3.4640159999999995
2019-05-17 09:45:00+00:00,2019-05-17 10:45:00+00:00,0.985195,34.0,3.663297,0.4691556120605469,1.466892781326294,1.3421354914398194,0.0,0.8235536242218018,0.0215619230957031,0.0,0.3816095019073486,0.4366846705169678,0.7958022624105943,0.7218524189614944,0.5500365797407093,1.42959600932312,0.9964535856933594,0.0,day_low,day_stable,-2.678102
2019-05-17 10:00:00+00:00,2019-05-17 11:00:00+00:00,0.52057,17.0,2.947984,0.0677662093963622,0.8189001281585693,0.8110890586700439,0.0,0.2313964565124511,0.0,0.0,0.0,0.2137675483551024,0.5538001706850321,0.5417482849034632,0.3858816617720809,0.8890366752471923,0.4398696620788573,0.0,night_lowlight,night_lowlight,-2.4274139999999997
2019-05-17 10:15:00+00:00,2019-05-17 11:15:00+00:00,0.137207,5.0,2.177219,0.0,0.6050786639633179,0.7755778695526123,0.0,0.0583208466949463,0.0,0.0,0.0,0.0,0.3539679698497116,0.3856433355373975,0.3152910976321278,0.4940769339981079,0.233099069732666,0.0,night_lowlight,night_lowlight,-2.040012
2019-05-17 10:30:00+00:00,2019-05-17 11:30:00+00:00,0.0,0.0,1.533109,0.0,0.3098004367675782,0.557030012878418,0.0,0.0,0.0,0.0,0.0,0.0,0.292281361085662,0.2803741905185802,0.2252656257307977,0.1022133138504028,0.0,0.0,night_lowlight,night_lowlight,-1.533109
2019-05-17 10:45:00+00:00,2019-05-17 11:45:00+00:00,0.0,0.0,0.985195,0.0,0.0,0.1476469228935242,0.0,0.0,0.0,0.0,0.0,0.0,0.2064609054270765,0.2106008410037051,0.1735956448332387,0.0,0.0,0.0,night_lowlight,night_lowlight,-0.985195
2019-05-17 11:00:00+00:00,2019-05-17 12:00:00+00:00,0.0,0.0,0.52057,0.0,0.0,0.0,0.0,0.0,0.0,0.0,0.0,0.0,0.184434442512604,0.1331935021736307,0.1287430338051019,0.0,0.0,0.0,night_lowlight,night_lowlight,-0.52057
2019-05-17 11:15:00+00:00,2019-05-17 12:15:00+00:00,0.0,0.0,0.137207,0.0,0.0,0.0,0.0,0.0,0.0,0.0,0.0,0.0,0.1003987498467459,0.070095877953851,0.0728980975213277,0.0,0.0,0.0,night_lowlight,night_lowlight,-0.137207
2019-05-17 11:30:00+00:00,2019-05-17 12:30:00+00:00,0.0,0.0,0.0,0.0,0.0,0.0,0.0,0.0,0.0,0.0,0.0,0.0,0.0227018833806189,0.0265585119391653,0.0019222201376696,0.0,0.0,0.0,night_lowlight,night_lowlight,0.0
2019-05-17 11:45:00+00:00,2019-05-17 12:45:00+00:00,0.0,0.0,0.0,0.0,0.0,0.0,0.0,0.0,0.0,0.0,0.0,0.0,0.0227018833806189,0.0265585119391653,0.0426432014317119,0.0,0.0,0.0,night_lowlight,night_lowlight,0.0
2019-05-17 12:00:00+00:00,2019-05-17 13:00:00+00:00,0.0,0.0,0.0,0.0,0.0,0.0,0.0,0.2099605947732925,0.0,0.0,0.0,0.0,0.0339088241998037,0.0263620864798359,0.0132292820013572,0.0,0.0,0.0,night_lowlight,night_lowlight,0.0
2019-05-17 12:15:00+00:00,2019-05-17 13:15:00+00:00,0.0,0.0,0.0,0.0,0.0,0.0157717280089855,0.0,0.3622335195541382,0.0,0.0,0.1330582350492477,0.066785804927349,0.0227018833806189,0.0263620864798359,0.0132292820013572,0.0,0.0,0.0,night_lowlight,night_lowlight,0.0
2019-05-17 12:30:00+00:00,2019-05-17 13:30:00+00:00,0.0,0.0,0.0,0.0,0.0,0.0394128374755382,0.0,0.4608814716339111,0.0,0.0,0.3032187819480896,0.1196331605315208,0.0227018833806189,0.0263620864798359,0.0132292820013572,0.0,0.0,0.0,night_lowlight,night_lowlight,0.0
2019-05-17 12:45:00+00:00,2019-05-17 13:45:00+00:00,0.0,0.0,0.0,0.0,0.0,0.020974637940526,0.0,0.519335925579071,0.0,0.0,0.4741180539131164,0.157260924577713,0.0027082285897475,0.0264881934871708,0.0132292820013572,0.0,0.0,0.0,night_lowlight,night_lowlight,0.0
2019-05-17 13:00:00+00:00,2019-05-17 14:00:00+00:00,0.0,0.0,0.0,0.0,0.1647509783506393,0.2761701941490173,0.0,0.5662704110145569,0.0,0.0,0.6471966505050659,0.1523038446903228,0.0015351997365083,0.0091484131480361,0.0132292820013572,0.0,0.0,0.0,night_lowlight,night_lowlight,0.0
2019-05-17 13:15:00+00:00,2019-05-17 14:15:00+00:00,0.0,0.0,0.0,0.0,0.1325628757476806,0.1381294131278991,0.0,0.5826575756072998,0.0,0.0,0.8211618661880493,0.0908504128456115,0.0027082285897475,0.0091484131480361,0.0132292820013572,0.0,0.0,0.0,night_lowlight,night_lowlight,0.0
2019-05-17 13:30:00+00:00,2019-05-17 14:30:00+00:00,0.0,0.0,0.0,0.0,0.1556781381368637,0.0890131369233131,0.0,0.5951651334762573,0.0,0.0,0.9246403574943542,0.0567860044538974,0.0027082285897475,0.0091484131480361,0.0132292820013572,0.0,0.0,0.0,night_lowlight,night_lowlight,0.0
2019-05-17 13:45:00+00:00,2019-05-17 14:45:00+00:00,0.0,0.0,0.0,0.0,0.2271195948123932,0.147913858294487,0.0,0.6063501834869385,0.0,0.0,0.9911693334579468,0.0515230931341648,0.0027082285897475,0.0091484131480361,0.0132292820013572,0.0,0.0,0.0,night_lowlight,night_lowlight,0.0
2019-05-17 14:00:00+00:00,2019-05-17 15:00:00+00:00,0.0,0.0,0.0,0.0,0.1985591799020767,0.0026712287217378,0.0,0.6328901052474976,0.0,0.0,1.0498186349868774,0.0185261145234107,0.0139151694089323,0.0113211790317834,0.0488890017885855,0.0,0.0,0.0,night_lowlight,night_lowlight,0.0
2019-05-17 14:15:00+00:00,2019-05-17 15:15:00+00:00,0.0,0.0,0.0,0.0,0.2636906802654266,0.1068564131855964,0.0,0.6610651612281799,0.0,0.0,1.1131999492645264,0.0124148456379771,0.0027082285897475,0.0113211790317834,0.0488890017885855,0.0,0.0,0.0,night_lowlight,night_lowlight,0.0
2019-05-17 14:30:00+00:00,2019-05-17 15:30:00+00:00,0.0,0.0,0.0,0.0,0.297718346118927,0.1377884447574615,0.0,0.6727399230003357,0.0,0.0,1.1544650793075562,0.0264494027942419,0.0027082285897475,0.0113211790317834,0.0113839554533601,0.0,0.0,0.0,night_lowlight,night_lowlight,0.0
2019-05-17 14:45:00+00:00,2019-05-17 15:45:00+00:00,0.0,0.0,0.0,0.0,0.4412717819213867,0.3648109138011932,0.0,0.7140065431594849,0.0,0.0,1.225851058959961,0.0951272174715995,0.0,0.0113211790317834,0.0113839554533601,0.0,0.0,0.0,night_lowlight,night_lowlight,0.0
2019-05-17 15:00:00+00:00,2019-05-17 16:00:00+00:00,0.0,0.0,0.0,0.0,0.4937476515769958,0.4688542187213897,0.0,0.7513213157653809,0.0,0.0,1.3414535522460938,0.005431174300611,0.0,0.0222590677150256,0.0113839554533601,0.0,0.0,0.0,night_lowlight,night_lowlight,0.0
2019-05-17 15:15:00+00:00,2019-05-17 16:15:00+00:00,0.0,0.0,0.0,0.0,0.4829533100128174,0.5130271315574646,0.0,0.7536908388137817,0.0,0.0,1.3660228252410889,0.0,0.0015351997365083,0.0222590677150256,0.0113839554533601,0.0040340200066566,0.0,0.0,night_lowlight,night_lowlight,0.0
2019-05-17 15:30:00+00:00,2019-05-17 16:30:00+00:00,0.0,0.0,0.0,0.0,0.4503286480903625,0.5062466859817505,0.0,0.7363756895065308,0.0,0.0,1.3768787384033203,0.0,0.0015351997365083,0.0222590677150256,0.0113839554533601,0.0,0.0,0.0,night_lowlight,night_lowlight,0.0
2019-05-17 15:45:00+00:00,2019-05-17 16:45:00+00:00,0.0,0.0,0.0,0.0,0.7156079411506653,0.3537834882736206,0.0,0.8499961495399475,0.0,0.0,1.4236643314361572,0.2027375400066375,0.0029228676688799,0.0,0.0149040482965813,0.0462937168776989,0.0,0.0,night_lowlight,night_lowlight,0.0
2019-05-17 16:00:00+00:00,2019-05-17 17:00:00+00:00,0.0,0.0,0.0,0.0,0.6232131123542786,0.5578960180282593,0.0,0.6820774078369141,0.0,0.0,1.4065064191818235,0.1435987651348114,0.0015351997365083,0.0097039807635287,0.0041490784562157,0.1513456553220749,0.0,0.0,night_lowlight,night_lowlight,0.0
2019-05-17 16:15:00+00:00,2019-05-17 17:15:00+00:00,0.0,0.0,0.0,0.0,0.5322204828262329,0.6598566174507141,0.0,0.6967126727104187,0.0,0.0,1.3826110363006592,0.0909837782382965,0.0,0.0097039807635287,0.0041490784562157,0.136190116405487,0.0,0.0,night_lowlight,night_lowlight,0.0
2019-05-17 16:30:00+00:00,2019-05-17 17:30:00+00:00,0.0,0.0,0.0,0.0,0.573701798915863,0.7264151573181152,0.0,0.761379063129425,0.0,0.0,1.3958908319473269,0.1589031666517257,0.0,0.0097039807635287,0.0041490784562157,0.2083474099636078,0.0,0.0,night_lowlight,night_lowlight,0.0
2019-05-17 16:45:00+00:00,2019-05-17 17:45:00+00:00,0.0,0.0,0.0,0.0,0.580380916595459,0.7087356448173523,0.0,0.8048123717308044,0.0,0.0148859033361077,1.4170143604278564,0.2407885938882827,0.0,0.0163543151016232,0.0076691712994369,0.3054129779338836,0.0,0.0,night_lowlight,night_lowlight,0.0
2019-05-17 17:00:00+00:00,2019-05-17 18:00:00+00:00,0.0,0.0,0.0,0.0,0.5422220826148987,0.7053945064544678,0.0,0.8187999129295349,0.0,0.0473321937024593,1.4323371648788452,0.2784053981304168,0.0015351997365083,0.0131118312519211,0.0041490784562157,0.3181663155555725,0.0,0.0,night_lowlight,night_lowlight,0.0
2019-05-17 17:15:00+00:00,2019-05-17 18:15:00+00:00,0.0,0.0,0.0,0.0,0.5294215679168701,0.7043863534927368,0.0,0.8521056771278381,0.0,0.0681397840380668,1.4682366847991943,0.3805318474769592,0.0,0.0131118312519211,0.0041490784562157,0.3869282901287079,0.0,0.0,night_lowlight,night_lowlight,0.0
2019-05-17 17:30:00+00:00,2019-05-17 18:30:00+00:00,0.0,0.0,0.0,0.0,0.5162295699119568,0.7430733442306519,0.0,0.858762800693512,0.0,0.0828842446208,1.4898121356964111,0.4311760365962982,0.0,0.0131118312519211,0.0041490784562157,0.4192936718463897,0.0,0.0,night_lowlight,night_lowlight,0.0
2019-05-17 17:45:00+00:00,2019-05-17 18:45:00+00:00,0.0,0.0,0.0,0.0,0.5301684141159058,0.7699639201164246,0.0,0.954455316066742,0.0,0.1340704262256622,1.5534623861312866,0.6919779777526855,0.0,0.0197621655900156,0.0076691712994369,0.5940119028091431,0.0,0.0,night_lowlight,night_lowlight,0.0
2019-05-17 18:00:00+00:00,2019-05-17 19:00:00+00:00,0.0,0.0,0.0,0.0,0.4310025870800018,0.7614476680755615,0.0,0.8800695538520813,0.0262025371193885,0.1397440582513809,1.441184163093567,0.434719443321228,0.0,0.0082862275569398,0.0,0.7611085176467896,0.0,0.0,night_lowlight,night_lowlight,0.0
2019-05-17 18:15:00+00:00,2019-05-17 19:15:00+00:00,0.0,0.0,0.0,0.0,0.3753761947154999,0.7977492213249207,0.0,0.9669357538223268,0.0490972213447093,0.1714577376842498,1.4218814373016355,0.3602175414562225,0.0,0.0,0.0,0.8880967497825623,0.0,0.0,night_lowlight,night_lowlight,0.0
2019-05-17 18:30:00+00:00,2019-05-17 19:30:00+00:00,0.0,0.0,0.0,0.0,0.3044753074645996,0.8462499380111694,0.0,1.0306999683380127,0.0360435359179973,0.2050518691539764,1.4113811254501345,0.286801278591156,0.0,0.0,0.0,0.9882139563560486,0.0429425574839115,0.0,night_lowlight,night_lowlight,0.0
2019-05-17 18:45:00+00:00,2019-05-17 19:45:00+00:00,0.0,0.0,0.0,0.0,0.2422936558723449,0.8080100417137146,0.0,0.9081879258155824,0.0,0.0836087837815284,1.340001940727234,0.0505750477313995,0.0,0.0075312148797815,0.0041490784562157,0.8889105319976807,0.0,0.0,night_lowlight,night_lowlight,0.0
2019-05-17 19:00:00+00:00,2019-05-17 20:00:00+00:00,0.0,0.0,0.0,0.0,0.2457004487514495,0.8680747151374817,0.0,0.9075817465782166,0.0,0.0861714854836463,1.259493112564087,0.0,0.0,0.0075312148797815,0.0,0.9686204195022584,0.0,0.0,night_lowlight,night_lowlight,0.0
2019-05-17 19:15:00+00:00,2019-05-17 20:15:00+00:00,0.0,0.0,0.0,0.0,0.2798999845981598,0.9661577343940736,0.0,0.9034998416900636,0.0267148986458778,0.0735010504722595,1.2322570085525513,0.0,0.0,0.0075312148797815,0.0,0.990121364593506,0.0,0.0,night_lowlight,night_lowlight,0.0
2019-05-17 19:30:00+00:00,2019-05-17 20:30:00+00:00,0.0,0.0,0.0,0.0,0.3626697361469269,1.139479637145996,0.0,0.967021346092224,0.1414352804422378,0.1382691860198974,1.2857593297958374,0.0190055929124355,0.0,0.0075312148797815,0.0,1.1129592657089231,0.0500558391213417,0.0,night_lowlight,night_lowlight,0.0
2019-05-17 19:45:00+00:00,2019-05-17 20:45:00+00:00,0.0,0.0,0.0,0.0,0.2879458963871002,1.15627121925354,0.0,0.93201345205307,0.1368745863437652,0.0796457678079605,1.2669188976287842,0.0,0.0,0.0265412072931102,0.0,1.067964792251587,0.0786920264363288,0.0,night_lowlight,night_lowlight,0.0
2019-05-17 20:00:00+00:00,2019-05-17 21:00:00+00:00,0.0,0.0,0.0,0.0,0.3476560115814209,1.2769498825073242,0.0,1.0352309942245483,0.2333914190530777,0.127718299627304,1.3160035610198977,0.0986453294754028,0.0,0.0321218236652499,0.0,1.082120656967163,0.1920695751905441,0.0,night_lowlight,night_lowlight,0.0
2019-05-17 20:15:00+00:00,2019-05-17 21:15:00+00:00,0.0,0.0,0.0,0.0,0.3903858661651611,1.3929141759872437,0.0,1.1198477745056152,0.3258141279220581,0.1862765997648239,1.383325695991516,0.2832132577896118,0.0,0.0321218236652499,0.0,1.1323094367980957,0.2955109179019928,0.0,night_lowlight,night_lowlight,0.0
2019-05-17 20:30:00+00:00,2019-05-17 21:30:00+00:00,0.0,0.0,0.0,0.0,0.5513662695884705,1.6189696788787842,0.0,1.1584649085998535,0.4389162957668304,0.2890068888664245,1.464608907699585,0.6005075573921204,0.0,0.0321218236652499,0.0,1.2132078409194946,0.3316487669944763,0.0,night_lowlight,night_lowlight,0.0
2019-05-17 20:45:00+00:00,2019-05-17 21:45:00+00:00,0.0,2.0,0.0,0.0,0.6260120272636414,1.668421983718872,0.0,1.165430784225464,0.508202850818634,0.3074186444282532,1.5177929401397705,0.70359867811203,0.0326490174580896,0.1001593509418891,0.0,1.244799017906189,0.3745081722736358,0.0,night_lowlight,night_lowlight,0.0
2019-05-17 21:00:00+00:00,2019-05-17 22:00:00+00:00,0.084926,4.0,0.0,0.0,0.6857292056083679,1.7107778787612915,0.0,1.3016282320022583,0.6020611524581909,0.2932760119438171,1.6613532304763794,0.9014444947242736,0.1682428583917037,0.1573302235981386,0.0994767320768462,1.235911250114441,0.5241727828979492,0.0,night_lowlight,night_lowlight,0.084926
2019-05-17 21:15:00+00:00,2019-05-17 22:15:00+00:00,0.285188,9.0,0.0,0.0267095174640417,0.7919947504997253,1.8039520978927612,0.0,1.3909764289855957,0.7046602964401245,0.3549704551696777,1.784735083580017,1.101353645324707,0.439448283981492,0.3816841561766346,0.3848970702675877,1.2703263759613037,0.6279664635658264,0.0,night_lowlight,night_lowlight,0.285188
2019-05-17 21:30:00+00:00,2019-05-17 22:30:00+00:00,0.480662,15.0,0.0,0.0739486813545227,0.8344630599021912,1.8791718482971191,0.0,1.4854830503463743,0.8145033121109009,0.4036425948143005,1.9054620265960691,1.2260854244232178,0.4274749525369001,0.4032072058487232,0.3848970702675877,1.316420316696167,0.7668724656105042,0.1016526147723198,night_lowlight,night_lowlight,0.480662
2019-05-17 21:45:00+00:00,2019-05-17 22:45:00+00:00,0.719264,23.0,0.0,0.0858226269483566,0.9404417872428894,1.9057146310806272,0.0,1.48784339427948,0.8666110634803772,0.420194000005722,1.926818370819092,1.260229468345642,0.8679221802214122,0.8486912175374497,0.7794257970966428,1.2981548309326172,0.8179682493209839,0.2327978163957595,day_low,day_stable,0.719264
2019-05-17 22:00:00+00:00,2019-05-17 23:00:00+00:00,1.042863,37.0,0.084926,0.224506026268959,1.1605842021713255,2.1472259668121336,0.125382935763359,1.6789364722976683,1.2024426368484498,0.6202173737297059,2.094165673614502,1.617162695289612,1.587199829705351,1.181841426753101,0.845834323333959,1.48514150655365,1.0365374592552186,0.4236627129325866,day_low,day_stable,0.957937
2019-05-17 22:15:00+00:00,2019-05-17 23:15:00+00:00,1.616016,42.0,0.285188,0.5040439621572494,1.4538802311782837,2.5193646357421873,0.453241537607193,2.0386139557723997,1.613717953956604,0.92309163073349,2.442213337219238,2.067517440116882,2.010059872302107,1.5977311436361357,1.10889369403237,1.8183206723098757,1.3631447956924438,0.7701730833415985,day_low,day_stable,1.330828
2019-05-17 22:30:00+00:00,2019-05-17 23:30:00+00:00,1.069578,28.0,0.480662,0.7652248857612609,1.7507280228729247,2.7905660985107423,0.66448528748703,2.2644214747543336,1.8875268815155029,1.156645726978302,2.678091180145264,2.343132269203186,3.1307699343433137,2.7330297229538103,1.8801891481277673,2.057448756515503,1.5935690520401,1.0853898642654418,day_low,day_stable,0.588916
2019-05-17 22:45:00+00:00,2019-05-17 23:45:00+00:00,1.09818,35.0,0.719264,1.1424462490692138,2.0800829821243285,3.193431823791504,0.9983471923484802,2.6344042711868285,2.2521575384750365,1.4663633995666503,3.0731894665374755,2.729959457458496,3.682796203099665,3.3627132951447893,2.740640768247088,2.411336033882141,1.9836699658050536,1.445056109966278,day_low,day_stable,0.3789159999999999
2019-05-17 23:00:00+00:00,2019-05-18 00:00:00+00:00,1.696516,47.0,1.042863,1.5801192408447269,2.4981790667419435,3.580502379501343,1.3747430926208497,2.865133154953003,2.471059668624878,1.832143414581299,3.3331054335479737,2.7366113549118043,3.934370345577155,2.5659866536804232,3.035400262188618,2.6385670786743165,2.3751618748550416,1.6617792135124207,day_low,day_stable,0.6536529999999998
2019-05-17 23:15:00+00:00,2019-05-18 00:15:00+00:00,1.6674220000000002,49.0,1.616016,2.2339698369178773,3.193277686325074,4.407360165802002,1.8713733548793792,3.2986118490371705,2.909282773223877,2.3441090876731874,3.8161323959503175,3.0425237114105226,4.897572868506123,3.432066978459504,4.517273210545537,3.1242710048828126,2.9889069492492677,2.2000599796447755,day_low,day_stable,0.051406000000000285
2019-05-17 23:30:00+00:00,2019-05-18 00:30:00+00:00,2.086437,59.0,1.069578,1.6893847665100097,2.838365384033203,4.086350508621216,1.3221131345539092,2.766030021598816,2.520482846191406,1.902639933517456,3.305379458358765,2.765181370666504,4.133218637562781,2.859135495949121,3.496420933895258,2.555221744468689,2.428132601669311,1.822275706222534,day_low,day_stable,1.0168590000000002
2019-05-17 23:45:00+00:00,2019-05-18 00:45:00+00:00,3.092031,82.0,1.09818,1.806621138267517,2.907369558029175,4.137094203643799,1.3411645929145812,2.8397167364883424,2.5480374733734132,1.91463530462265,3.400712434463501,2.76964372795105,3.852041286110702,2.566232785460158,3.496420933895258,2.6374369303512575,2.581401530914307,1.91536635559082,day_low,day_stable,1.993851
2019-05-18 00:00:00+00:00,2019-05-18 01:00:00+00:00,4.223625,112.0,1.696516,2.551001273361206,3.637424432006836,5.0183181392822265,2.089795105424881,3.5617266523513793,3.2288907396469115,2.660006486145019,3.957212649551391,3.3895790207061767,4.845540068932965,2.454737043567923,3.862407354624651,3.1738876926574706,3.0433624612960815,2.3834100591812133,day_low,day_stable,2.5271090000000003
2019-05-18 00:15:00+00:00,2019-05-18 01:15:00+00:00,5.086703,139.0,1.6674220000000002,2.5782327686042787,3.544794145652771,5.0054754648895265,2.101198885271073,3.4747235213012697,3.0869273577423098,2.6310336027832033,3.8537718687744142,3.2012552653045656,4.651258774294052,2.454737043567923,3.7806747363228608,3.1122506294937136,2.9070209894866945,2.334818366596222,day_low,day_stable,3.419281
2019-05-18 00:30:00+00:00,2019-05-18 01:30:00+00:00,3.002781,82.0,2.086437,3.151319278442383,4.203758491241455,6.029267085754395,2.524496836626053,3.960041297637939,3.637734545433045,3.0717276465530396,4.392885936462402,3.842045320236206,5.882446721772557,2.996919816704051,4.240462121154832,3.506832851135254,3.1069290768737794,2.870635760986328,day_low,day_stable,0.916344
2019-05-18 00:45:00+00:00,2019-05-18 01:45:00+00:00,2.117555,67.0,3.092031,4.297335503440857,5.100703714233399,7.020577667098999,3.5628394762096405,4.8479462841568,4.469699976783753,4.010769126754761,5.359255788665772,4.627004859786988,6.384287901930942,3.8195614697358264,4.291178473520723,4.4931060055313115,4.080127654415131,3.69404732976532,day_low,day_stable,-0.9744760000000001
2019-05-18 01:00:00+00:00,2019-05-18 02:00:00+00:00,6.1981720000000005,185.0,4.223625,5.618277724266052,6.386017139434815,8.518935020446778,4.745815511226654,5.837309058189392,5.49334209728241,5.080781932353974,6.4293294506073,5.6823072986602785,8.507876212310347,4.793950891892182,5.766387197432117,5.341508324623108,4.5013908700942995,4.669007982492447,day_low,day_stable,1.9745470000000003
2019-05-18 01:15:00+00:00,2019-05-18 02:15:00+00:00,5.580312999999999,166.0,5.086703,6.644082841804504,7.413019356658936,9.500877556732178,5.618054327896118,6.6124764060287475,6.294455585411072,5.83632617943573,7.244763312271118,6.452194271018982,9.333220712307382,5.125510551889301,6.24821481727421,6.083199379375458,5.009622787466526,5.4289701854496,day_low,day_stable,0.49360999999999944
2019-05-18 01:30:00+00:00,2019-05-18 02:30:00+00:00,4.365594000000001,146.0,3.002781,4.49228569493866,5.365044441085816,7.233500089508057,3.5900134109077455,4.724293198448182,4.2802760265884405,3.812275435787201,5.298736657958985,4.404735650878907,6.383331734284552,3.8998679077803367,4.372249180100013,3.9934460185585023,3.1845936142024995,3.482737209659577,day_low,day_stable,1.3628130000000005
2019-05-18 01:45:00+00:00,2019-05-18 02:45:00+00:00,6.899485,177.0,2.117555,3.467514373474121,4.32976350944519,6.067930318527221,2.7183210031318663,3.931614972763062,3.4195700661468504,2.9714650289344786,4.4085379616546625,3.567609883956909,5.9227254064982215,3.8431041260674057,4.154350545950761,3.0731456057357787,2.3810537235069273,2.678150691204071,day_low,day_stable,4.781930000000001
2019-05-18 02:00:00+00:00,2019-05-18 03:00:00+00:00,4.202953,130.0,6.1981720000000005,7.60066452319336,8.089986112663269,10.035198119232176,6.865173247406006,7.756196764060975,7.287725236961365,6.835578945228577,8.088896301338195,7.227048066207886,7.566841965089332,5.319592973254569,4.956044090005865,6.869180944511414,5.8213437169284825,6.053384181806565,day_low,day_stable,-1.9952190000000005
2019-05-18 02:15:00+00:00,2019-05-18 03:15:00+00:00,7.321344,205.0,5.580312999999999,6.916591915405273,7.591504368103027,9.529073509490969,6.199403259075164,7.12261286667633,6.579300078666686,6.180619153297424,7.327337774551391,6.5599221914176935,6.808675250268178,4.755350569315296,4.520538008023095,6.088135513580322,4.975453051841735,5.372923898613929,day_low,day_stable,1.7410310000000004
2019-05-18 02:30:00+00:00,2019-05-18 03:30:00+00:00,8.319282000000001,278.0,4.365594000000001,5.6543932858886725,6.3102523986282355,8.083122104782106,4.994651049751282,5.86333331503296,5.092242271083832,4.9181278053703315,6.1205222312393195,5.044633180278779,7.363057741103377,4.86695202617393,4.145252806955902,4.8390330079975135,3.881609380620957,4.065118402618409,day_medium,day_stable,3.9536880000000005
2019-05-18 02:45:00+00:00,2019-05-18 03:45:00+00:00,4.186,103.0,6.899485,8.044389971122742,8.521485336647034,10.14927018486023,7.302711256370545,8.03362465702057,7.231407799348832,7.16093988023758,8.204875357971192,7.1981251915550235,8.851189393075721,6.3021293906562335,5.170094365765749,7.135413863286972,6.003563352451325,6.319091626033783,day_low,day_stable,-2.7134850000000004
2019-05-18 03:00:00+00:00,2019-05-18 04:00:00+00:00,2.441578,100.0,4.202953,5.388188619544983,5.851888675621033,7.4322210740356445,4.721284468105316,5.4885684441833495,4.430467833211899,4.5395687710552215,5.6465518664627075,4.121364917984486,6.531905430698656,3.785429129830024,4.40114193864592,4.543072630098343,3.634714920452118,3.552962560585022,day_low,day_stable,-1.7613750000000001
2019-05-18 03:15:00+00:00,2019-05-18 04:15:00+00:00,2.345055,66.0,7.321344,8.209583324092865,8.332590681213379,9.78983364691162,7.377936725217342,7.848236960071564,7.02315269102478,7.163186323541641,7.914553207057953,6.63361708511734,7.926652984783296,5.843778621634361,6.207842424898404,7.335790582645178,6.1394280015411375,6.158041816848755,day_low,day_stable,-4.9762889999999995
2019-05-18 03:30:00+00:00,2019-05-18 04:30:00+00:00,2.460555,64.0,8.319282000000001,9.064979915554048,8.966455583507539,10.363873188430787,7.921287511522294,8.144799058372499,7.599571351940156,7.817604844505311,8.177621443802835,7.199636762077333,9.664035169106658,6.735090467867292,6.890448102048741,8.050213490659715,6.68915266268921,6.708154861862184,day_low,day_stable,-5.858727000000002
2019-05-18 03:45:00+00:00,2019-05-18 04:45:00+00:00,3.8535,116.0,4.186,5.152764807701111,5.602992783546448,6.867647539138794,4.505799721240997,5.2013210163116455,4.0288685516119,4.402159015893936,5.074164460659027,3.5543767318725585,6.406011726176545,3.0810936969443503,4.545097744020184,4.287419232785702,3.4183608994483947,3.179045210838318,day_low,day_stable,-0.3325
2019-05-18 04:00:00+00:00,2019-05-18 05:00:00+00:00,6.658313000000001,229.0,2.441578,3.2736542515068052,3.6052213601379393,4.902410595825195,2.8498511306552885,3.458464234283447,2.452878073005259,2.6700205795078276,3.158094852378845,1.7311049989967344,5.908331622838006,4.10631406599543,4.148160415679572,2.3764808691649435,1.3514731816558836,1.372166126182556,day_low,day_stable,4.216735000000001
2019-05-18 04:15:00+00:00,2019-05-18 05:15:00+00:00,7.327032000000001,258.0,2.345055,3.008761302642822,3.262780384235382,4.303019658737183,2.642795340232849,3.3527100245285033,2.0548814694213866,2.411721185855866,2.98528720539093,1.2693467299270629,5.519296553031624,3.5721468532450142,3.779546409746455,2.207306564860344,1.331236259155273,1.1689154068756102,day_medium,day_stable,4.9819770000000005
2019-05-18 04:30:00+00:00,2019-05-18 05:30:00+00:00,5.842266,143.0,2.460555,2.9979380199241636,3.1999763676452635,4.213722390823364,2.6576275953578947,3.439489824466705,1.919234437637329,2.3458187261152266,3.055253369503021,1.193687839202881,6.004687792820268,3.765527232635251,4.417195629464581,2.2611225971508024,1.467984003715515,1.124892635040283,day_low,day_stable,3.3817110000000006
2019-05-18 04:45:00+00:00,2019-05-18 05:45:00+00:00,4.820485,132.0,3.8535,4.223479083538056,4.4158171329498295,5.411748639106751,3.808193496227264,4.318175903320313,3.149503520488739,3.5821775708198547,3.8962844189107417,2.4444634828567504,6.43827681388149,3.8622332604580136,4.123590888377823,3.305792561531067,2.4481710109710693,2.226133457183838,day_low,day_stable,0.9669849999999998
2019-05-18 05:00:00+00:00,2019-05-18 06:00:00+00:00,7.870844,262.0,6.658313000000001,6.708693967557431,6.6215778974657065,7.544400119579316,6.082606994903565,6.2389329014186865,5.443123304641724,5.74839975813675,5.809003436363221,4.536758386886597,7.781799323848905,5.428931493348603,5.361685356199158,5.633059346473694,4.59090110043335,4.291752779281617,day_medium,day_stable,1.2125309999999994
2019-05-18 05:15:00+00:00,2019-05-18 06:15:00+00:00,5.805734999999999,215.0,7.327032000000001,7.072244495326997,6.85646379011345,7.574862748558045,6.0634448828048715,6.214094072753907,5.344690591270448,5.821388870651246,5.730238110000611,4.541127830917359,7.990477337219721,5.331394000246389,5.205420030116413,5.967143446380616,4.767600208694459,4.468790203506471,day_low,day_stable,-1.5212970000000015
2019-05-18 05:30:00+00:00,2019-05-18 06:30:00+00:00,5.572875,174.0,5.842266,5.6807828164968495,5.890905036715031,6.313505477396012,4.892731941429139,5.2289409405860905,3.9522383577499394,4.59087816545105,4.586135900703431,3.1523369915161137,6.959336611115045,4.63003152163976,4.711891317460363,4.468928611961365,3.420024312225342,3.3289958603057865,day_low,day_stable,-0.2693910000000006
2019-05-18 05:45:00+00:00,2019-05-18 06:45:00+00:00,5.839094,158.0,4.820485,4.588532228455543,4.872665390805006,4.975271378145218,3.832816247329712,4.153740648612976,2.68866241394043,3.4224227708435055,3.6011916440582272,1.984155778274536,6.998408370664924,4.439878276674935,4.699614129138541,3.3728176396942136,2.3668738645172116,2.302919034347534,day_low,day_stable,1.0186090000000005
2019-05-18 06:00:00+00:00,2019-05-18 07:00:00+00:00,6.991907,205.0,7.870844,7.136552684921265,7.167087250370026,7.438065373319626,5.927112453598022,5.917065375465393,4.988680475372314,5.837224596160889,5.873065584320068,4.6200729543151855,7.617806603546564,4.732635954632948,4.548681086511611,6.114461534637451,5.094387405532837,4.745206945556641,day_low,day_stable,-0.8789369999999996
2019-05-18 06:15:00+00:00,2019-05-18 07:15:00+00:00,4.405078,121.0,5.805734999999999,4.9857342918968195,5.310788043365478,5.521649070606231,3.89252687297821,4.059923776016235,3.093169339523315,3.783500321731567,3.782105573043822,2.7216378530120844,6.4477095679771015,3.65027628628765,4.116199178452678,3.965008743629455,2.842294104919433,2.8784002145385736,day_low,day_stable,-1.4006569999999998
2019-05-18 06:30:00+00:00,2019-05-18 07:30:00+00:00,7.511438,270.0,5.572875,4.693547583580017,5.157995528936386,5.150741166830063,3.6864944467544554,3.942669368743896,2.8519947299957273,3.607890225410461,3.6836970815658567,2.5353910694122312,6.695975022977987,3.521611621450239,4.330284046442131,3.697291708946228,2.7010757694244383,2.6872632274627684,day_medium,day_stable,1.9385630000000003
2019-05-18 06:45:00+00:00,2019-05-18 07:45:00+00:00,4.9315,171.0,5.839094,4.855275230545044,5.288257794517517,5.228238539833069,3.88772054209137,4.134353952545166,3.01464446081543,3.8940611649932864,4.000069337028504,2.7710598279418948,5.816969639707514,3.398717044881149,3.819242264481526,3.9602462817611697,3.082616644042969,2.8387542535247805,day_low,day_stable,-0.9075940000000005
2019-05-18 07:00:00+00:00,2019-05-18 08:00:00+00:00,4.239703,160.0,6.991907,5.664179801399231,6.125144600326538,6.026246427947998,4.507471680099488,4.5385993713684085,3.732504486495972,4.60780751651001,4.65528762286377,3.7318440670318607,6.928676776664528,4.3259363851758375,4.162375390107818,4.984373926574707,3.864687561447144,3.908904432708741,day_low,day_stable,-2.752204
2019-05-18 07:15:00+00:00,2019-05-18 08:15:00+00:00,6.024813,201.0,4.405078,3.197784489562988,3.781008845737457,3.55981660502243,2.1195200146942135,2.341670102050781,1.2773919762878414,2.2656577290802,2.404270953109741,1.3985086144714352,5.505835189181544,3.5048672043137983,4.152920223473676,2.4876249493865963,1.6287477673797603,1.4896867932586666,day_low,day_stable,1.6197350000000004
2019-05-18 07:30:00+00:00,2019-05-18 08:30:00+00:00,5.81186,223.0,7.511438,5.427646982467651,5.706770407951355,5.333928215301514,4.404494392669678,4.380914556777954,3.804319965637207,4.532871115005493,4.417663681304932,3.979650366104126,3.5809647165475944,2.0888697751640586,2.3079813566393295,5.200706350601196,4.009776460922241,3.9199682352905274,day_low,day_stable,-1.6995779999999998
2019-05-18 07:45:00+00:00,2019-05-18 08:45:00+00:00,3.521274,143.0,4.9315,3.1191410245895383,3.758946699142456,3.09796933555603,2.0518696727752683,2.276001972198486,1.2215977134704588,2.1373823108673093,2.114301246643066,1.520062488555908,3.691414845083158,2.3220395788026753,2.7378486803907776,2.6155674877166746,1.7225885810852049,1.5165386619567869,day_low,day_stable,-1.4102259999999998
2019-05-18 08:00:00+00:00,2019-05-18 09:00:00+00:00,2.461375,70.0,4.239703,2.3882198933868413,3.1954005364685063,2.709595859458924,1.6213975552825932,1.846839487960816,0.965447247436524,1.4037304524688723,1.4488430623321538,1.0911057595520024,2.302019324993525,1.2515073207146918,1.7799392432655157,1.7856236104278569,0.8823331002502446,0.8902335767059331,day_low,day_stable,-1.7783280000000006
2019-05-18 08:15:00+00:00,2019-05-18 09:15:00+00:00,2.789773,90.0,6.024813,3.8242638743286137,4.569302622116089,4.106505814826965,3.1818371451263427,3.35774118069458,2.6133738196258545,2.9217088854675293,2.962920967376709,2.6624017393951416,2.4231454735806017,1.2870727582847958,1.8839889123557452,3.4254847205047607,2.472827497756958,2.462085310256958,day_low,day_stable,-3.23504
2019-05-18 08:30:00+00:00,2019-05-18 09:30:00+00:00,2.395203,88.0,5.81186,3.204996024475098,3.887442504272461,3.403001700744629,2.654825126037598,2.8079868901824954,2.160911952362061,2.422027980194092,2.4010583509063723,2.2202042687988284,1.6808277279196784,0.5766870750267152,1.0016131140024147,3.05035892616272,2.029205952987671,1.9929055322265627,day_low,day_stable,-3.4166570000000003
2019-05-18 08:45:00+00:00,2019-05-18 09:45:00+00:00,2.168141,73.0,3.521274,1.2254540022125244,2.221777468513489,1.5881341989746094,0.6621939237823486,0.9480644758453368,0.0606915052642822,0.4152714308013916,0.555230527709961,0.1513952310791015,0.977363177654301,0.0900876468673669,0.4501582823098139,0.8934067781677246,0.0,0.0,day_low,day_stable,-1.3531330000000001
2019-05-18 09:00:00+00:00,2019-05-18 10:00:00+00:00,1.863531,64.0,2.461375,0.474243285179138,1.618038954257965,1.2076903600692748,0.0,0.3866086025238036,0.0,0.0,0.0035190601348875,0.0,0.7674104305194164,0.0,0.2929642095107804,0.0,0.0,0.0,day_low,day_stable,-0.5978439999999998
2019-05-18 09:15:00+00:00,2019-05-18 10:15:00+00:00,0.403423,19.0,2.789773,0.8815943129043577,1.8084564931373597,1.7513945229034422,0.3210039265136717,0.8071395285110472,0.0,0.0,0.3683672077636717,0.1791720516662596,0.40963790872709,0.0,0.0,0.3709137566070555,0.0,0.0,night_lowlight,night_lowlight,-2.3863499999999997
2019-05-18 09:30:00+00:00,2019-05-18 10:30:00+00:00,0.085116,8.0,2.395203,0.5137385186462402,1.4111612495689392,1.4503882583885193,0.0,0.4781868514328002,0.0,0.0,0.0589484032897948,0.0,0.2675512191317661,0.0,0.0,0.0831781682281493,0.0,0.0,night_lowlight,night_lowlight,-2.310087
2019-05-18 09:45:00+00:00,2019-05-18 10:45:00+00:00,0.039512,4.0,2.168141,0.4807020351562499,1.1909582540664672,1.2885202691230773,0.0,0.3762549087677,0.0,0.0,0.0,0.0,0.2763744494102852,0.0,0.0,0.0,0.0,0.0,night_lowlight,night_lowlight,-2.1286289999999997
2019-05-18 10:00:00+00:00,2019-05-18 11:00:00+00:00,0.016596,3.0,1.863531,0.2874115770874024,1.034538752418518,1.2887326544342042,0.0,0.2485084599075318,0.0,0.0,0.0,0.0,0.2056892739399209,0.0,0.0,0.0,0.0,0.0,night_lowlight,night_lowlight,-1.846935
2019-05-18 10:15:00+00:00,2019-05-18 11:15:00+00:00,0.0,0.0,0.403423,0.0,0.0,0.2780492490749359,0.0,0.0,0.0,0.0,0.0,0.0,0.0895185249115263,0.0,0.0,0.0,0.0,0.0,night_lowlight,night_lowlight,-0.403423
2019-05-18 10:30:00+00:00,2019-05-18 11:30:00+00:00,0.0,0.0,0.085116,0.0,0.0,0.3231465081605911,0.0,0.0,0.0,0.0,0.0,0.0,0.097108262281076,0.0,0.0,0.0,0.0,0.0,night_lowlight,night_lowlight,-0.085116
2019-05-18 10:45:00+00:00,2019-05-18 11:45:00+00:00,0.0,0.0,0.039512,0.0,0.0,0.4473285590763092,0.0,0.0,0.0,0.0,0.0,0.0,0.0015351997365083,0.0,0.0,0.0,0.0,0.0,night_lowlight,night_lowlight,-0.039512
2019-05-18 11:00:00+00:00,2019-05-18 12:00:00+00:00,0.0,0.0,0.016596,0.0,0.0,0.4702892110786438,0.0,0.0,0.0,0.0,0.0,0.0,0.0015351997365083,0.0,0.0,0.0,0.0,0.0,night_lowlight,night_lowlight,-0.016596
2019-05-18 11:15:00+00:00,2019-05-18 12:15:00+00:00,0.0,0.0,0.0,0.0,0.0,0.6468765735626221,0.0,0.0,0.0,0.0,0.0,0.0,0.0,0.0,0.0,0.0,0.0,0.0,night_lowlight,night_lowlight,0.0
2019-05-18 11:30:00+00:00,2019-05-18 12:30:00+00:00,0.0,0.0,0.0,0.0,0.0,0.4370251297950744,0.0,0.0,0.0,0.0,0.0,0.0,0.0015351997365083,0.0,0.0,0.0,0.0,0.0,night_lowlight,night_lowlight,0.0
2019-05-18 11:45:00+00:00,2019-05-18 12:45:00+00:00,0.0,0.0,0.0,0.0,0.0,0.4216346740722656,0.0,0.0,0.0,0.0,0.0,0.0,0.0015351997365083,0.0,0.0,0.0,0.0,0.0,night_lowlight,night_lowlight,0.0
2019-05-18 12:00:00+00:00,2019-05-18 13:00:00+00:00,0.0,0.0,0.0,0.0,0.0,0.3864794373512268,0.0,0.1565893739461898,0.0,0.0,0.0,0.0,0.0015351997365083,0.0,0.0,0.0,0.0,0.0,night_lowlight,night_lowlight,0.0
2019-05-18 12:15:00+00:00,2019-05-18 13:15:00+00:00,0.0,0.0,0.0,0.0,0.0,0.4215103089809418,0.0,0.2912282943725586,0.0,0.0,0.0,0.0,0.0015351997365083,0.0,0.0,0.0,0.0,0.0,night_lowlight,night_lowlight,0.0
2019-05-18 12:30:00+00:00,2019-05-18 13:30:00+00:00,0.0,0.0,0.0,0.0,0.0797857567667961,0.4785756766796112,0.0,0.3317510485649109,0.0,0.0,0.0,0.0,0.0,0.0,0.0,0.0,0.0,0.0,night_lowlight,night_lowlight,0.0
2019-05-18 12:45:00+00:00,2019-05-18 13:45:00+00:00,0.0,0.0,0.0,0.0,0.0548860989511013,0.3933646082878113,0.0,0.3600589036941528,0.0,0.0,0.0,0.0,0.0,0.0,0.0,0.0,0.0,0.0,night_lowlight,night_lowlight,0.0
2019-05-18 13:00:00+00:00,2019-05-18 14:00:00+00:00,0.0,0.0,0.0,0.0,0.1301643699407577,0.4045699834823608,0.0,0.4499129056930542,0.0,0.0,0.0,0.0,0.0,0.0,0.0,0.0,0.0,0.0,night_lowlight,night_lowlight,0.0
2019-05-18 13:15:00+00:00,2019-05-18 14:15:00+00:00,0.0,0.0,0.0,0.0,0.0994571670889854,0.3194629848003387,0.0,0.4622921645641327,0.0,0.0,0.0,0.0,0.0,0.0,0.0,0.0,0.0,0.0,night_lowlight,night_lowlight,0.0
2019-05-18 13:30:00+00:00,2019-05-18 14:30:00+00:00,0.0,0.0,0.0,0.0,0.3010450899600982,0.4603868722915649,0.0,0.5338891744613647,0.0,0.0,0.0,0.0,0.0,0.0,0.0,0.0,0.0,0.0,night_lowlight,night_lowlight,0.0
2019-05-18 13:45:00+00:00,2019-05-18 14:45:00+00:00,0.0,0.0,0.0,0.0,0.4157013893127441,0.520561933517456,0.0,0.579781174659729,0.0,0.0,0.0,0.0,0.0,0.0,0.0,0.0,0.0,0.0,night_lowlight,night_lowlight,0.0
2019-05-18 14:00:00+00:00,2019-05-18 15:00:00+00:00,0.0,0.0,0.0,0.0,0.4158992767333984,0.5014455914497375,0.0,0.6160063147544861,0.0,0.0,0.0701639205217361,0.0,0.0,0.0,0.0,0.0,0.0,0.0,night_lowlight,night_lowlight,0.0
2019-05-18 14:15:00+00:00,2019-05-18 15:15:00+00:00,0.0,0.0,0.0,0.0,0.280405730009079,0.3394528329372406,0.0,0.5865327715873718,0.0,0.0,0.0527492351830005,0.0,0.0,0.0,0.0,0.0,0.0,0.0,night_lowlight,night_lowlight,0.0
2019-05-18 14:30:00+00:00,2019-05-18 15:30:00+00:00,0.0,0.0,0.0,0.0,0.4178284108638763,0.4634137451648712,0.0,0.5989184975624084,0.0,0.0,0.1175404712557792,0.0,0.0,0.0,0.0,0.0,0.0,0.0,night_lowlight,night_lowlight,0.0
2019-05-18 14:45:00+00:00,2019-05-18 15:45:00+00:00,0.0,0.0,0.0,0.0,0.3789498805999756,0.477122813463211,0.0,0.635521650314331,0.0,0.0,0.2305038124322891,0.0,0.0,0.0,0.0033731800105275,0.0,0.0,0.0,night_lowlight,night_lowlight,0.0
2019-05-18 15:00:00+00:00,2019-05-18 16:00:00+00:00,0.0,0.0,0.0,0.0,0.4283480942249298,0.5365794897079468,0.0,0.7803477048873901,0.0,0.0,0.4751538038253784,0.0,0.0,0.0,0.0,0.0,0.0,0.0,night_lowlight,night_lowlight,0.0
2019-05-18 15:15:00+00:00,2019-05-18 16:15:00+00:00,0.0,0.0,0.0,0.0,0.433382898569107,0.5551450848579407,0.0,0.7833006978034973,0.0,0.0,0.6391240954399109,0.0,0.0,0.0,0.0,0.0,0.0,0.0,night_lowlight,night_lowlight,0.0
2019-05-18 15:30:00+00:00,2019-05-18 16:30:00+00:00,0.0,0.0,0.0,0.0,0.4985741674900055,0.6590413451194763,0.0,0.826779842376709,0.0,0.0,0.7713575959205627,0.0,0.0,0.0,0.0,0.0,0.0,0.0,night_lowlight,night_lowlight,0.0
2019-05-18 15:45:00+00:00,2019-05-18 16:45:00+00:00,0.0,0.0,0.0,0.0,0.5434474349021912,0.722689688205719,0.0,0.8593044281005859,0.0,0.0,0.8450824618339539,0.0,0.0,0.0,0.0,0.0,0.0,0.0,night_lowlight,night_lowlight,0.0
2019-05-18 16:00:00+00:00,2019-05-18 17:00:00+00:00,0.0,0.0,0.0,0.0,0.5982859134674072,0.7748217582702637,0.0,0.920939564704895,0.0,0.0,1.042145609855652,0.0,0.0,0.0,0.0,0.0,0.0,0.0,night_lowlight,night_lowlight,0.0
2019-05-18 16:15:00+00:00,2019-05-18 17:15:00+00:00,0.0,0.0,0.0,0.0,0.4976557791233063,0.7572533488273621,0.0,0.9398360252380372,0.0,0.0,1.1094436645507812,0.0,6.483304513795591e-05,0.0153490188698793,0.0018713036212867,0.0,0.0,0.0,night_lowlight,night_lowlight,0.0
2019-05-18 16:30:00+00:00,2019-05-18 17:30:00+00:00,0.0,0.0,0.0,0.0,0.4145686030387878,0.7054675817489624,0.0,0.935102641582489,0.0,0.0,1.125662326812744,0.0,0.0,0.0153490188698793,0.0018713036212867,0.0,0.0,0.0,night_lowlight,night_lowlight,0.0
2019-05-18 16:45:00+00:00,2019-05-18 17:45:00+00:00,0.0,0.0,0.0,0.0,0.4896972477436065,0.8244034051895142,0.0,1.0015947818756104,0.0,0.0,1.2012497186660769,0.0,6.483304513795591e-05,0.0153490188698793,0.0018713036212867,0.0,0.0,0.0,night_lowlight,night_lowlight,0.0
2019-05-18 17:00:00+00:00,2019-05-18 18:00:00+00:00,0.0,0.0,0.0,0.0,0.3291047811508178,0.6395621299743652,0.0,0.9927647709846495,0.0,0.0,1.2161753177642822,0.0,0.0012378618983771,0.0194269265060665,0.0,0.0,0.0,0.0,night_lowlight,night_lowlight,0.0
2019-05-18 17:15:00+00:00,2019-05-18 18:15:00+00:00,0.0,0.0,0.0,0.0,0.7567924857139587,0.922106146812439,0.0,1.1742044687271118,0.0,0.1067705079913139,1.408393383026123,0.0,0.0001966878310354,0.026077260844161,0.0,0.0048551429063081,0.0,0.0,night_lowlight,night_lowlight,0.0
2019-05-18 17:30:00+00:00,2019-05-18 18:30:00+00:00,0.0,0.0,0.0,0.0,0.5449020862579346,0.93570876121521,0.0,1.36475670337677,0.1575489491224289,0.1325525641441345,1.4263516664505005,0.0,0.0,0.0,0.0,0.2888010442256927,0.0,0.0,night_lowlight,night_lowlight,0.0
2019-05-18 17:45:00+00:00,2019-05-18 18:45:00+00:00,0.0,0.0,0.0,0.0,0.4693541526794433,0.87602698802948,0.0,1.2418134212493896,0.0650892034173011,0.2109318524599075,1.3818552494049072,0.0,0.0120896925338194,0.0,0.0,0.2413195222616195,0.0,0.0,night_lowlight,night_lowlight,0.0
2019-05-18 18:00:00+00:00,2019-05-18 19:00:00+00:00,0.0,0.0,0.0,0.0,0.4734522104263305,0.916068971157074,0.0,1.29606032371521,0.0775296911597251,0.3234900832176208,1.6126145124435425,0.0,0.0030911258275046,0.0,0.0,0.4353246092796325,0.0,0.0,night_lowlight,night_lowlight,0.0
2019-05-18 18:15:00+00:00,2019-05-18 19:15:00+00:00,0.0,0.0,0.0,0.0,0.4023562967777252,0.919251024723053,0.0,1.4322584867477417,0.1048126071691513,0.3692517280578613,1.6685051918029783,0.0,0.0030911258275046,0.0,0.0,0.6477500796318054,0.0,0.0,night_lowlight,night_lowlight,0.0
2019-05-18 18:30:00+00:00,2019-05-18 19:30:00+00:00,0.0,0.0,0.0,0.0,0.4367980360984802,1.0341992378234863,0.0,1.3530545234680176,0.1082855314016342,0.4373843669891357,1.6358129978179932,0.0,0.0120896925338194,0.0194269265060665,0.0,0.6056627035140991,0.0,0.0,night_lowlight,night_lowlight,0.0
2019-05-18 18:45:00+00:00,2019-05-18 19:45:00+00:00,0.0,0.0,0.0,0.0,0.2779463529586792,1.0009163618087769,0.0,1.304323434829712,0.0813546404242515,0.3057471811771393,1.534678936004639,0.0,0.0248713095935507,0.0188621952700626,0.0,0.4609945118427276,0.0,0.0,night_lowlight,night_lowlight,0.0
2019-05-18 19:00:00+00:00,2019-05-18 20:00:00+00:00,0.0,0.0,0.0,0.0,0.3377700746059418,1.121116042137146,0.0,1.3997300863265991,0.251998633146286,0.2849861681461334,1.67166006565094,0.2409756034612655,0.040015319228345,0.049388223248651,0.0669928897632694,0.5631499290466309,0.0,0.0,night_lowlight,night_lowlight,0.0
2019-05-18 19:15:00+00:00,2019-05-18 20:15:00+00:00,0.0,0.0,0.0,0.0,0.4946695864200592,1.197773575782776,0.0,1.452899694442749,0.4180891513824463,0.3971343636512756,1.7747975587844849,0.7531794905662537,0.0392719602805897,0.0422671583381443,0.0462715743247438,0.7928063869476318,0.0,0.0,night_lowlight,night_lowlight,0.0
2019-05-18 19:30:00+00:00,2019-05-18 20:30:00+00:00,0.0,0.0,0.0,0.0,0.609340250492096,1.281276822090149,0.0522774755954742,1.6079587936401367,0.645026445388794,0.4386683404445648,1.8519636392593384,1.131273627281189,0.0388703128932824,0.0428318895741483,0.0462715743247438,0.9723265171051024,0.0,0.0,night_lowlight,night_lowlight,0.0
2019-05-18 19:45:00+00:00,2019-05-18 20:45:00+00:00,0.0,0.0,0.0,0.0,0.7379104495048523,1.3778009414672852,0.1668504029512405,1.745845913887024,0.774189293384552,0.5003312230110168,1.9429219961166384,1.4290485382080078,0.0244696622062434,0.052662094529426,0.0425300478461016,1.1420087814331057,0.0,0.0,night_lowlight,night_lowlight,0.0
2019-05-18 20:00:00+00:00,2019-05-18 21:00:00+00:00,0.0,0.0,0.0,0.0,0.8127907514572144,1.483556032180786,0.190320998430252,1.915700078010559,1.0124775171279907,0.4472668468952179,2.063289165496826,1.5721380710601809,0.0437785081712312,0.2881400462865157,0.0298559752678246,1.1907397508621216,0.1039173901081085,0.0,night_lowlight,night_lowlight,0.0
2019-05-18 20:15:00+00:00,2019-05-18 21:15:00+00:00,0.0,0.0,0.0,0.0,0.9267288446426392,1.6176365613937378,0.2514219880104065,2.025836706161499,1.2440375089645386,0.4950374662876129,2.2167422771453857,1.8791913986206057,0.0437785081712312,0.2881400462865157,0.0298559752678246,1.3191686868667605,0.2631317973136902,0.0,night_lowlight,night_lowlight,0.0
2019-05-18 20:30:00+00:00,2019-05-18 21:30:00+00:00,0.060125,3.0,0.0,0.0,1.0528942346572876,1.6887215375900269,0.3347533643245697,2.104713201522827,1.3813470602035522,0.5685039162635803,2.327625036239624,2.0880184173583984,0.0441801555585385,0.2875753150505117,0.0298559752678246,1.4504165649414062,0.3602543175220489,0.0,night_lowlight,night_lowlight,0.060125
2019-05-18 20:45:00+00:00,2019-05-18 21:45:00+00:00,0.2611739999999999,9.0,0.0,0.0793060436844825,1.1864169836044312,1.7935227155685425,0.447917640209198,2.278749704360962,1.4918891191482544,0.6551369428634644,2.502291440963745,2.1963798999786377,0.0558587206767868,0.3404414524306012,0.0053931333506567,1.5494980812072754,0.5433136820793152,0.0,night_lowlight,night_lowlight,0.2611739999999999
2019-05-18 21:00:00+00:00,2019-05-18 22:00:00+00:00,0.726332,24.0,0.0,0.133158192038536,1.2739007472991943,2.092828273773194,0.4569617807865143,2.476797342300415,1.88998281955719,0.7138203382492065,2.964141368865967,2.6448864936828613,0.2532531091174807,0.4853745351812618,0.3862992214286118,1.7419936656951904,0.8207827806472778,0.0,day_low,day_stable,0.726332
2019-05-18 21:15:00+00:00,2019-05-18 22:15:00+00:00,0.920172,29.0,0.0,0.2246040105819702,1.3295092582702637,2.229807138442993,0.6511471271514893,2.888946771621704,2.1576452255249023,0.9249005913734436,3.383100986480713,2.9297866821289062,0.4614849583469501,0.7429746465478038,0.6681994667761322,1.8971418142318728,1.1774288415908811,0.0,day_low,day_stable,0.920172
2019-05-18 21:30:00+00:00,2019-05-18 22:30:00+00:00,1.820274,54.0,0.060125,0.4093371994495391,1.321288592338562,2.663203126907349,0.7621643013954162,3.1158033676147463,2.53880251121521,1.1558889217376709,3.70567525100708,3.499601013183594,0.5109408370814134,0.793497719397977,0.8118283838837224,2.0822230644226076,1.5173003740310669,0.0011146247088909,day_low,day_stable,1.760149
2019-05-18 21:45:00+00:00,2019-05-18 22:45:00+00:00,3.5090230000000004,102.0,0.2611739999999999,0.7633507616271972,1.564046896194458,3.039105451797486,1.018331325744629,3.4523110754241944,2.9875216848602295,1.5455589658966065,4.081317938064575,4.0786059267272945,1.2293788694107526,1.5119011239765416,1.4758571636372713,2.469358719085694,1.9508835441818235,0.4540796793451308,day_low,day_stable,3.2478490000000004
2019-05-18 22:00:00+00:00,2019-05-18 23:00:00+00:00,3.940563,113.0,0.726332,1.4412171752281189,2.1572948009796145,3.601141265136719,1.5280660302467346,4.153589537841797,3.765687278015137,1.841129830581665,4.570999911529541,4.548035433990479,2.289347838324729,2.5883479777618548,2.5325111941372787,3.201288035614014,2.683188966018677,1.1753141195602417,day_low,day_stable,3.214231
2019-05-18 22:15:00+00:00,2019-05-18 23:15:00+00:00,3.782078,114.0,0.920172,1.7653305173606872,2.615239286491394,3.903255724975586,1.7822060824127195,4.592641615936279,4.1533086539001465,2.002119326660156,4.823883795806885,4.7328164816589355,2.8891369176812964,2.7501554553464924,3.1273324608385455,3.5770542860717773,3.0278697252960205,1.5767623425216677,day_low,day_stable,2.861906
2019-05-18 22:30:00+00:00,2019-05-18 23:30:00+00:00,3.985625,128.0,1.820274,2.9929772661437988,4.002929096054077,5.437040929626464,2.9599703596343994,5.903811101745605,5.522964362930297,3.034838323425293,5.952059869598388,5.798466567825317,4.07729014069131,4.692466248617095,5.2078529680866446,4.746552591156005,4.348239068817138,2.645476465057373,day_low,day_stable,2.1653510000000002
2019-05-18 22:45:00+00:00,2019-05-18 23:45:00+00:00,4.631485,133.0,3.5090230000000004,5.106860924957276,6.342515994308473,7.944597054718019,5.058101345298768,7.97545127987671,7.778359223602296,4.942066360710145,7.739394475219728,7.514599610565186,6.494436310133565,6.773220383695794,7.285522808825175,6.637419272659303,6.309159089324952,4.477110255954743,day_low,day_stable,1.1224619999999992
2019-05-18 23:00:00+00:00,2019-05-19 00:00:00+00:00,4.376969,141.0,3.940563,5.970205105102539,7.405002392089844,9.105672634399417,6.338249243057251,9.26539496258545,8.935681618011476,5.740828073776245,8.491590774810792,8.300766742980958,8.079359931795988,8.957727995373874,9.182981088595216,7.337912834442139,7.359748638427734,5.610233224189758,day_low,day_stable,0.43640599999999985
2019-05-18 23:15:00+00:00,2019-05-19 00:15:00+00:00,6.995407000000001,227.0,3.782078,6.0371560773162845,7.518943282058716,9.158190461090088,6.695069762161255,9.767749043395996,9.172532292297364,5.739251824310303,8.536495896270752,8.204044075897217,7.756236050253421,8.90783582679771,9.29510483695604,7.421551199844361,7.519924374511719,5.71952507107544,day_low,day_stable,3.213329000000001
2019-05-18 23:30:00+00:00,2019-05-19 00:30:00+00:00,5.990797,194.0,3.985625,6.581262798309327,8.56603500366211,9.881436557769776,7.382878513336182,10.780880184173585,9.944762916564942,6.263733358383179,9.25486967086792,8.616831512451173,8.893952376454362,9.518837994702965,9.556404097989867,8.033349723815919,8.437407703399659,6.641305179595948,day_low,day_stable,2.0051719999999995
2019-05-18 23:45:00+00:00,2019-05-19 00:45:00+00:00,14.706129999999998,416.0,4.631485,7.5307860520935055,9.704889312133789,10.793791785583496,8.40778304611206,11.859141841278076,10.940923228607176,7.131920590744018,10.04198361907959,9.309194579467771,10.079092869860869,10.438242541140188,10.221594987734488,8.820758834228515,9.513622298583984,7.399486794815063,day_medium,day_ramp_up,10.074644999999999
2019-05-19 00:00:00+00:00,2019-05-19 01:00:00+00:00,13.01781,383.0,4.376969,7.330962797302246,9.80656590093994,10.691287180084228,8.469745298522948,12.585431715148925,11.253728529113769,6.914435764450073,10.214337965148925,9.61663260092163,9.996119657779545,11.859573086121374,10.034465775433617,8.7144295178833,9.548527380126952,7.53269614805603,day_medium,day_ramp_up,8.640841000000002
2019-05-19 00:15:00+00:00,2019-05-19 01:15:00+00:00,15.28844,443.0,6.995407000000001,10.45927442591858,13.218555345947266,13.951885118896485,11.306706324035645,15.7314328102417,14.157160177642822,9.984602346832276,12.953715219909668,12.353527441436768,13.027109386434748,14.779680880684246,12.926077470008618,11.107281103546145,12.423240080291748,10.528699770385742,day_medium,day_ramp_up,8.293032999999998
2019-05-19 00:30:00+00:00,2019-05-19 01:30:00+00:00,22.864189,644.0,5.990797,9.477777438232422,12.450881438323975,12.880271391937256,10.110446887084962,15.076073603698733,12.962181525299073,8.838092999526978,12.013374285766602,11.114025073120118,12.407602755622232,14.875040134561392,13.555473286989264,10.086789088317872,11.446078734466552,9.46849556452942,day_medium,day_ramp_up,16.873392
2019-05-19 00:45:00+00:00,2019-05-19 01:45:00+00:00,19.884809,646.0,14.706129999999998,18.015721770172117,20.823254557495115,19.946378203277582,18.163871260528563,22.34062716567993,20.448445769195555,17.515701981430052,19.707433672790525,18.464184733276365,19.053035712487308,19.85897996879717,16.534531110841762,18.11735412681579,19.31726119125366,16.854709359054564,day_high,day_stable,5.1786790000000025
2019-05-19 01:00:00+00:00,2019-05-19 02:00:00+00:00,14.14547,448.0,13.01781,16.697234285888673,19.369156015930177,19.028664721069337,16.794061316070557,22.746804369506837,19.78304208618164,16.513414991912843,18.214631212768555,17.168140543518067,19.631569347644596,22.296016117271616,18.36460615958635,16.474789274749757,18.02258981567383,16.123795403060914,day_medium,day_stable,1.1276599999999988
2019-05-19 01:15:00+00:00,2019-05-19 02:15:00+00:00,27.682809999999996,847.0,15.28844,18.43509985107422,21.327450524749757,20.550505887451173,18.57980896133423,24.43544794219971,21.51002670425415,18.70492054122925,19.68327880996704,19.00589038032532,20.54661369158141,23.8007306564457,19.109084103485028,18.505583058776857,19.680475961151124,17.680964719238283,day_high,day_ramp_up,12.394369999999997
2019-05-19 01:30:00+00:00,2019-05-19 02:30:00+00:00,29.726379,937.0,22.864189,24.982216687072754,27.119690747131347,26.36401614653015,24.881108136047363,28.994016499389648,27.20516571508789,25.212828249801635,25.436216921676635,24.946707577575683,25.108391283503707,26.299791334067173,23.486609182479985,25.27873072134399,26.038181395401,23.69931933390045,day_high,day_stable,6.862190000000002
2019-05-19 01:45:00+00:00,2019-05-19 02:45:00+00:00,30.147249,950.0,19.884809,21.91609333227539,23.716364843353272,23.18242190550232,21.646098596557614,25.81927297781372,23.32579897116089,22.13104842375183,21.638804895385743,21.121056539520264,24.277437580846605,24.33026135682743,22.112152929060244,22.202094299301148,22.88326619337463,20.036496771081925,day_high,day_ramp_up,10.262439999999998
2019-05-19 02:00:00+00:00,2019-05-19 03:00:00+00:00,30.816629,978.0,14.14547,16.95169625350952,19.551575518341064,18.336593485565185,17.068688965530395,24.51596388885498,18.691943503112793,17.168226814956665,17.16501674720764,15.6933694846344,23.378530945310885,24.69403817718368,21.225686486929227,17.092927551956176,17.939962483139038,14.883734143466947,day_high,day_ramp_up,16.671159
2019-05-19 02:15:00+00:00,2019-05-19 03:15:00+00:00,31.115,993.0,27.682809999999996,28.52221881490707,30.692859104690548,29.970049789962765,28.726357153472897,32.92828147750854,30.485705784378048,28.55137466531753,28.87354820114135,27.44079092782497,29.156198501566266,29.61715996124187,26.78720523397716,29.53153448444366,29.76579850059509,26.926796964225765,day_high,day_stable,3.432190000000002
2019-05-19 02:30:00+00:00,2019-05-19 03:30:00+00:00,31.742379999999997,1019.0,29.726379,30.07521688228035,32.16907819395447,31.67622228746796,29.95947162096882,33.07727488165283,31.377897225669862,29.40789379959488,29.75725354289198,28.4286415207901,28.370893632410827,29.364868596910945,27.2617269189552,30.70709648018265,31.021098696044923,28.078774653724672,day_high,day_stable,2.0160009999999957
2019-05-19 02:45:00+00:00,2019-05-19 03:45:00+00:00,31.962,1008.0,30.147249,30.378433408068656,32.21192814581299,31.77445663683319,29.74561844937706,32.62499882452393,30.985184388088225,29.143296616004942,29.27014388315582,28.028598086761473,28.064636607515386,29.689452295160187,29.179306447159643,30.635125176834105,30.921217636989592,27.78381349317932,day_high,day_stable,1.8147510000000011
2019-05-19 03:00:00+00:00,2019-05-19 04:00:00+00:00,33.648998,1049.0,30.816629,31.581137008956908,33.022583790115355,32.72496277838135,30.249786742023467,34.085723228744506,31.854381270698543,30.571499250821113,29.713047929100036,28.814576931289672,25.43357883576543,29.79690033742684,29.11358320211521,31.7072602584877,31.95665986090088,29.38011331110382,day_high,day_stable,2.832369
2019-05-19 03:15:00+00:00,2019-05-19 04:15:00+00:00,29.779751,961.0,31.115,29.755277981758116,31.86293130159378,31.603477170467375,29.328454008102415,33.556456317901606,31.09460893064737,29.561969866752623,29.890182485580443,28.154699792861937,25.850039519893297,28.930229001509044,29.242483080334424,31.407193830013274,30.86281787395477,28.33123086929321,day_high,day_stable,-1.3352489999999975
2019-05-19 03:30:00+00:00,2019-05-19 04:30:00+00:00,29.190001,792.0,31.742379999999997,30.252472973709104,31.879212565069196,31.71007032999873,29.402562952880857,32.723422265892026,30.864026761894223,29.514741516952512,30.016526676063535,28.034731007461545,26.868613487474136,29.0029754515622,29.37602889932551,31.48281300747871,30.833689964656827,28.541855431442254,day_high,day_stable,-2.5523789999999984
2019-05-19 03:45:00+00:00,2019-05-19 04:45:00+00:00,35.11813,1139.0,31.962,29.716427671432495,31.227245616436004,31.058401631832123,28.861438619613647,31.832200738310817,29.93394194793701,29.000748502731323,29.655548202514648,27.32577191543579,24.353587480243245,26.774914219121214,27.532908115645267,30.86236952495575,30.297076808929443,28.122224199295044,day_high,day_stable,3.156130000000001
2019-05-19 04:00:00+00:00,2019-05-19 05:00:00+00:00,28.75425,862.0,33.648998,30.71113989529419,32.26701007065582,32.42552111325073,29.994078137252806,33.67826658142018,31.263096072052,30.716216780517577,31.163466908309935,28.83700773892212,24.352830796877424,24.906679909867492,26.408337881819005,32.03064439472961,32.19876811680603,29.7786149757843,day_high,day_stable,-4.894748
2019-05-19 04:15:00+00:00,2019-05-19 05:15:00+00:00,28.671128999999997,919.0,29.779751,27.088486370635987,28.16549581010437,28.4866601796875,26.151732143951417,30.218487081123353,27.19897526223755,27.421218571258542,27.368404087615968,25.07744329888916,26.424323380739555,25.68611771463376,26.154006228084636,28.222376284194947,28.684802589012147,26.063788828445436,day_high,day_stable,-1.108622000000004
2019-05-19 04:30:00+00:00,2019-05-19 05:30:00+00:00,31.759001,953.0,29.190001,26.76841448648071,27.450236905647277,27.738588679862975,25.715968121124263,29.935876120162963,26.488185156417845,27.349555004669188,26.85287999017334,24.65577362878418,27.844952039987792,25.92526202703168,25.877159544572766,27.8589223514328,28.37953566415405,25.757725227905272,day_high,day_stable,2.5690000000000026
2019-05-19 04:45:00+00:00,2019-05-19 05:45:00+00:00,28.98875,775.0,35.11813,31.844080241088868,32.57294371879578,33.18082133090973,30.454337389831544,32.42111399925232,31.303297074203492,32.22535637176514,31.069382460479737,30.222446711425786,27.47281589034664,25.606272401739027,25.715946037871856,33.35112503326416,33.582091362838746,31.353722365264893,day_high,day_stable,-6.129380000000001
2019-05-19 05:00:00+00:00,2019-05-19 06:00:00+00:00,31.109751,837.0,28.75425,24.50656647491455,25.48164171981811,25.681776235580443,24.000548789978023,27.87548441696167,24.393554161071776,25.540586183547973,25.59918637084961,23.127945850372313,26.55129056215304,23.98198079257807,24.0254120320819,26.63142628479004,26.75246352958679,24.419168422698977,day_high,day_stable,2.3555010000000003
2019-05-19 05:15:00+00:00,2019-05-19 06:15:00+00:00,27.063749,716.0,28.671128999999997,24.02239061575317,25.04850031118774,25.22792745809936,23.688721430114743,27.266418587974545,23.906900179199216,25.03205848913574,25.57338644247436,22.866632711700436,24.639800834578292,22.31481909383084,23.49612142414362,26.317149889282224,26.578766834548947,24.182338487915036,day_high,day_stable,-1.6073799999999956
2019-05-19 05:30:00+00:00,2019-05-19 06:30:00+00:00,29.19875,824.0,31.759001,26.912224991394044,27.739243252349855,27.792977793289182,26.303738339019777,29.17814348466492,26.336918575836183,27.588414414001463,28.264766676498414,25.583620293212892,24.618737090445048,24.890774854092232,23.468677892347294,29.035226090026857,28.886784536911012,26.934457523895265,day_high,day_stable,-2.560251000000001
2019-05-19 05:45:00+00:00,2019-05-19 06:45:00+00:00,24.838619,627.0,28.98875,23.84911205291748,24.61705257415771,24.322453517913814,23.65377046585083,27.222715158462524,23.31569911956787,24.617728729248046,25.674685974121093,22.441488761901855,23.970240076336506,24.43086014239551,23.63488706685333,26.122075815200805,22.62393714904785,23.826114196777343,day_medium,day_stable,-4.150130999999998
2019-05-19 06:00:00+00:00,2019-05-19 07:00:00+00:00,27.590059000000004,771.0,31.109751,25.53635717828369,26.37379909951782,25.70302034814453,25.312022938323977,27.761944546295165,24.75361896951294,26.00531746347046,27.195082201553344,23.98318268258667,23.661021262950587,23.448900381451747,23.65237148373977,27.859447493148803,24.089430584503173,25.50206591088867,day_high,day_stable,-3.5196919999999956
2019-05-19 06:15:00+00:00,2019-05-19 07:15:00+00:00,24.133381,673.0,27.063749,22.00938574926758,22.7548906053772,21.539513751434328,21.77230422155762,24.659838363098142,20.745431109832765,22.54646317617798,23.558005734848024,19.964799090789796,21.91637710288412,21.38578738470806,21.367275293179464,23.99967877523804,20.62492291586304,21.611145183013917,day_high,day_stable,-2.9303680000000014
2019-05-19 06:30:00+00:00,2019-05-19 07:30:00+00:00,22.29719,610.0,29.19875,23.30152795791626,24.165826301574707,23.2147674369812,23.21123598098755,25.20540020942688,22.42187355041504,24.118333320617676,25.035458068847657,21.84275100708008,21.96342785206481,21.530081343045307,22.54521657164631,25.861786823272706,23.650568466186524,23.371314029693604,day_medium,day_stable,-6.90156
2019-05-19 06:45:00+00:00,2019-05-19 07:45:00+00:00,21.238001,583.0,24.838619,20.076755768341062,20.381160027069093,18.958786255401613,19.757508045715333,21.971714979690553,18.53384423880005,21.277322298568727,21.237116104644777,18.094343906921388,18.997741444826808,18.191300644498163,18.427322959472676,22.437327868026735,21.045653826278688,19.836251026672365,day_medium,day_stable,-3.6006180000000008
2019-05-19 07:00:00+00:00,2019-05-19 08:00:00+00:00,19.32831,527.0,27.590059000000004,21.45580931280518,22.26249476049805,20.846276002868656,20.88270779226685,22.69903393362427,20.161583620056156,22.195862489685062,22.56937332723999,19.93693848226929,17.19935704267981,17.8382174239954,18.955920143189804,24.341914373382572,20.5985309657898,21.579374032958988,day_medium,day_stable,-8.261749000000005
2019-05-19 07:15:00+00:00,2019-05-19 08:15:00+00:00,17.485121,468.0,24.133381,18.38392793222046,19.182178130584717,17.26363526864624,17.792623153167725,19.873378386932373,16.687802424865723,18.92301427407837,19.6968518404541,16.43038093133545,16.415636953168033,15.91050945032553,15.801650759086808,20.960294595199585,17.45415030999756,18.37603818460083,day_medium,day_stable,-6.6482600000000005
2019-05-19 07:30:00+00:00,2019-05-19 08:30:00+00:00,15.78106,414.0,22.29719,16.48787193435669,17.414407540740967,15.264331151428223,16.08443527359009,18.20824842590332,14.965966035308838,17.17499237197876,18.116180230560303,14.5472801222229,14.758245987072904,14.161626284128015,14.68411837269226,19.13528208869934,15.797625829162598,16.650519181671143,day_medium,day_stable,-6.51613
2019-05-19 07:45:00+00:00,2019-05-19 08:45:00+00:00,13.21359,335.0,21.238001,15.326593052459716,16.354736935211182,14.06771577508545,14.97488368661499,17.128479610992432,13.929246079040528,16.178771626068116,17.19237626702881,13.405775200439454,13.768219649552364,13.597418270187998,13.441431427610592,18.13574327142334,17.190434109283448,15.770515095306395,day_medium,day_stable,-8.024411
2019-05-19 08:00:00+00:00,2019-05-19 09:00:00+00:00,11.28181,276.0,19.32831,14.362790094909666,15.028075682220456,12.631213175354002,13.529519545135496,15.168316828308104,12.544274794158934,14.652965055999754,15.03828381210327,12.155466543731688,10.51496824725584,10.210614489251668,10.771786437324304,17.020773874816893,16.752584682998656,15.144427763519284,day_medium,day_stable,-8.046499999999998
2019-05-19 08:15:00+00:00,2019-05-19 09:15:00+00:00,8.905969,215.0,17.485121,12.125771272369384,13.107704389282226,10.651594388671874,11.443647611328124,13.73179863710022,10.959911573120117,12.959874379821777,13.184400308319091,10.599762666412351,9.06093672383022,10.94351162791394,10.112900632227989,15.188857782073974,14.759461867996215,13.927258002944946,day_low,day_ramp_down,-8.579151999999999
2019-05-19 08:30:00+00:00,2019-05-19 09:30:00+00:00,6.989610000000001,178.0,15.78106,9.677968283233644,10.64431216293335,8.591571589050293,9.41346385055542,12.366886635360718,9.030790110168455,10.726453085479736,11.722061415252686,8.689689894256592,6.444572691530057,8.662948836468011,7.843846576209395,12.957234640655518,12.126995344696043,11.38805987411499,day_low,day_ramp_down,-8.79145
2019-05-19 08:45:00+00:00,2019-05-19 09:45:00+00:00,4.843672,112.0,13.21359,7.686092708435059,8.240356777038574,6.271477077331543,7.4109953382873535,9.85263595375061,7.1870082357788085,8.374545429077148,9.704635236587524,6.511988017883301,4.724499434409286,6.125724943361302,5.4230691621157705,10.594637010421753,8.093134258117676,8.855625007476807,day_low,day_ramp_down,-8.369918
2019-05-19 09:00:00+00:00,2019-05-19 10:00:00+00:00,3.301102,89.0,11.28181,5.918676569519043,6.500204279479981,4.67132301574707,5.446296408233643,7.531407311019898,5.230518534240723,6.344790651855469,7.774882509765625,4.577174379882813,3.472583232907395,2.65110346878881,2.433213780329118,8.64660115486145,7.735622837600708,7.050663187561035,day_low,day_stable,-7.980708
2019-05-19 09:15:00+00:00,2019-05-19 10:15:00+00:00,2.364141,83.0,8.905969,3.9812224866333015,4.531815862792969,2.8603757382812507,3.5961917401733405,5.742580986160279,3.6018351079406745,4.449236726898194,5.835707998413087,2.80803427709961,2.2457219811143565,1.9642502038290073,1.909307680085764,6.558998680252076,6.016526556152344,4.931317663330079,day_low,day_stable,-6.541828000000001
2019-05-19 09:30:00+00:00,2019-05-19 10:30:00+00:00,1.503332,58.0,6.989610000000001,2.356736941680909,2.7674296334838875,1.362465663299561,2.027431769714356,4.449922128067017,2.258435054168702,2.8294361070251473,4.444768472061158,1.3739264443969734,1.506290831381795,1.3204392827225118,1.455522872390194,4.617717309341431,4.562327905044556,3.052631659851075,day_low,day_stable,-5.486278
2019-05-19 09:45:00+00:00,2019-05-19 10:45:00+00:00,1.080543,40.0,4.843672,0.8748526201934812,1.5182342158050537,0.0,0.7598540411682126,3.120314084121704,1.078573428222656,1.2535018549652095,3.17674609286499,0.0,1.3592328596900156,1.3401124945285483,1.4093229452620244,2.85524209601593,3.163030706474304,1.4273762331695554,day_low,day_stable,-3.7631289999999997
2019-05-19 10:00:00+00:00,2019-05-19 11:00:00+00:00,0.544934,19.0,3.301102,0.0,0.6362610633392336,0.0,0.0,1.616883354904175,0.0,0.0,1.7628721768875124,0.0,0.8451031402925954,0.8462780160291054,1.0324480301004082,1.53927453112793,2.5204471523780825,0.0,night_lowlight,night_lowlight,-2.756168
2019-05-19 10:15:00+00:00,2019-05-19 11:15:00+00:00,0.265836,8.0,2.364141,0.0,0.0907325870666504,0.0,0.0,1.419616413799286,0.0,0.0,1.3754915721092225,0.0,0.0,0.8553618261565574,0.9811080043763192,0.5758890039596558,2.747295571056366,0.0,night_lowlight,night_lowlight,-2.098305
2019-05-19 10:30:00+00:00,2019-05-19 11:30:00+00:00,0.004816,0.0,1.503332,0.0,0.2021838238067625,0.0,0.0,1.5624973920710086,0.0,0.0,1.3231676479406356,0.0,0.296211906748675,0.6766039169150275,0.5509000814567561,0.2995714952774047,2.790519337875366,0.0,night_lowlight,night_lowlight,-1.498516
2019-05-19 10:45:00+00:00,2019-05-19 11:45:00+00:00,0.0,0.0,1.080543,0.0,0.0721323077850342,0.0,0.0,1.7163086717300415,0.0,0.0,1.5026450340919495,0.0,0.1124470056482005,0.7852760116774821,0.7017112588451183,0.0,2.2766291682891846,0.0,night_lowlight,night_lowlight,-1.080543
2019-05-19 11:00:00+00:00,2019-05-19 12:00:00+00:00,0.0,0.0,0.544934,0.0,0.0,0.0,0.0,1.5800839319076538,0.0,0.0,1.2036608710136414,0.0,0.12489788336945,0.353355692037297,0.4328157502853065,0.0,1.6842264785614014,0.0,night_lowlight,night_lowlight,-0.544934
2019-05-19 11:15:00+00:00,2019-05-19 12:15:00+00:00,0.0,0.0,0.265836,0.0,0.0,0.0,0.0,1.3468761439666748,0.0,0.0,1.1773476000175476,0.0,0.1294369696379437,0.4068708657053623,0.5817712996807878,0.0,1.041463553462982,0.0,night_lowlight,night_lowlight,-0.265836
2019-05-19 11:30:00+00:00,2019-05-19 12:30:00+00:00,0.0,0.0,0.004816,0.0,0.0,0.0,0.0,1.388977353111267,0.0,0.0,1.2395333690795898,0.0,0.0282172456796904,0.1670810364000444,0.3564132456938609,0.0,0.8551174445304871,0.0,night_lowlight,night_lowlight,-0.004816
2019-05-19 11:45:00+00:00,2019-05-19 12:45:00+00:00,0.0,0.0,0.0,0.0,0.0,0.0,0.0,1.353522539138794,0.0,0.0,1.3498235940933228,0.0,0.0213999658539182,0.2852046526312184,0.4851092910939939,0.0,0.4959303438663482,0.0,night_lowlight,night_lowlight,0.0
2019-05-19 12:00:00+00:00,2019-05-19 13:00:00+00:00,0.0,0.0,0.0,0.0,0.0,0.0,0.0,1.4874986410140991,0.0,0.0,1.4438341856002808,0.0,0.0,0.0122530383373439,0.2711806691473156,0.0,0.4169992506504059,0.0,night_lowlight,night_lowlight,0.0
2019-05-19 12:15:00+00:00,2019-05-19 13:15:00+00:00,0.0,0.0,0.0,0.0,0.0,0.0,0.0,1.5622053146362305,0.0010970275616273,0.0,1.5056099891662598,0.0,0.015751433504522,0.1410891723580454,0.3511689913182296,0.0,0.3388319015502929,0.0,night_lowlight,night_lowlight,0.0
2019-05-19 12:30:00+00:00,2019-05-19 13:30:00+00:00,0.0,0.0,0.0,0.0,0.0342528969049453,0.0491085201501846,0.0,1.5255941152572632,0.1813240498304367,0.0,1.5535281896591189,0.0,0.0131060353442078,0.2679624995152548,0.4825256358165756,0.0,0.1849537491798401,0.0,night_lowlight,night_lowlight,0.0
2019-05-19 12:45:00+00:00,2019-05-19 13:45:00+00:00,0.0,0.0,0.0,0.0,0.0662280172109603,0.0966548174619674,0.0,1.5529561042785645,0.2094780951738357,0.0,1.6224148273468018,0.0,0.0,0.0,0.2711806691473156,0.0,0.1445991098880767,0.0,night_lowlight,night_lowlight,0.0
2019-05-19 13:00:00+00:00,2019-05-19 14:00:00+00:00,0.0,0.0,0.0,0.0,0.109809786081314,0.0986765250563621,0.0,1.4709519147872925,0.3202533721923828,0.0,1.597244381904602,0.0,0.0077876497888842,0.2654309846066361,0.4825256358165756,0.0,0.0,0.0,night_lowlight,night_lowlight,0.0
2019-05-19 13:15:00+00:00,2019-05-19 14:15:00+00:00,0.0,0.0,0.0,0.0,0.1619075834751129,0.1689220964908599,0.0,1.6543502807617188,0.2335256189107895,0.0,1.6777578592300415,0.0,0.0,0.1410891723580454,0.3511689913182296,0.0,0.0691449791193008,0.0,night_lowlight,night_lowlight,0.0
2019-05-19 13:30:00+00:00,2019-05-19 14:30:00+00:00,0.0,0.0,0.0,0.0,0.1492032259702682,0.1711935102939605,0.0,1.5524184703826904,0.3620840013027191,0.0,1.6797311305999756,0.0,0.0,0.2780636522764371,0.4885163372222906,0.0,0.0,0.0,night_lowlight,night_lowlight,0.0
2019-05-19 13:45:00+00:00,2019-05-19 14:45:00+00:00,0.0,0.0,0.0,0.0,0.1874338686466217,0.1909036636352539,0.0,1.50367271900177,0.4368976056575775,0.0,1.6939008235931396,0.0,0.0,0.2704509498137425,0.4885163372222906,0.0,0.0,0.0,night_lowlight,night_lowlight,0.0
2019-05-19 14:00:00+00:00,2019-05-19 15:00:00+00:00,0.0,0.0,0.0,0.0,0.2376969903707504,0.1994170546531677,0.0,1.3609967231750488,0.5512863993644714,0.0,1.7322473526000977,0.0,0.0,0.2704509498137425,0.4975117828529661,0.0,0.0,0.0,night_lowlight,night_lowlight,0.0
2019-05-19 14:15:00+00:00,2019-05-19 15:15:00+00:00,0.0,0.0,0.0,0.0,0.2475517094135284,0.2783827781677246,0.0,1.5445612668991089,0.4844023883342743,0.0,1.9605913162231443,0.0,0.0,0.1479468621435817,0.3611803999597731,0.0723072066903114,0.0,0.0,night_lowlight,night_lowlight,0.0
2019-05-19 14:30:00+00:00,2019-05-19 15:30:00+00:00,0.0,0.0,0.0,0.0,0.3502068221569061,0.3752337694168091,0.0,1.6392860412597656,0.6350665092468262,0.0,2.0416078567504883,0.0,0.0,0.0,0.2811920777888591,0.1621694415807724,0.0,0.0,night_lowlight,night_lowlight,0.0
2019-05-19 14:45:00+00:00,2019-05-19 15:45:00+00:00,0.0,0.0,0.0,0.0,0.26193967461586,0.4078060388565063,0.0,1.6961239576339722,0.6431113481521606,0.0,2.1678545475006104,0.0,0.0,0.1479468621435817,0.3611803999597731,0.253364622592926,0.0,0.0,night_lowlight,night_lowlight,0.0
2019-05-19 15:00:00+00:00,2019-05-19 16:00:00+00:00,0.0,0.0,0.0,0.0,0.2973046004772186,0.4739861786365509,0.0,1.4844287633895874,0.6810176968574524,0.0,2.2346818447113037,0.0,0.0,0.0275343794898029,0.0375845896807915,0.4048739969730377,0.0,0.0,night_lowlight,night_lowlight,0.0
2019-05-19 15:15:00+00:00,2019-05-19 16:15:00+00:00,0.0,0.0,0.0,0.0,0.3009064495563507,0.5173775553703308,0.0,1.407632827758789,0.7274518013000488,0.0,2.2869088649749756,0.0047183139249682,0.0,0.0206766897042666,0.0375845896807915,0.4886916577816009,0.0,0.0,night_lowlight,night_lowlight,0.0
2019-05-19 15:30:00+00:00,2019-05-19 16:30:00+00:00,0.0,0.0,0.0,0.0,0.2417841851711273,0.5664148330688477,0.0,1.4581663608551023,0.7625889182090759,0.0,2.4077682495117188,0.1508146524429321,0.0,0.0275343794898029,0.0375845896807915,0.522770881652832,0.0,0.0,night_lowlight,night_lowlight,0.0
2019-05-19 15:45:00+00:00,2019-05-19 16:45:00+00:00,0.0,0.0,0.0,0.0,0.2073337435722351,0.5912142992019653,0.0,1.5271437168121338,0.8192927837371826,0.0,2.51583194732666,0.2771148681640625,0.0,0.0275343794898029,0.0375845896807915,0.5627665519714355,0.0,0.0,night_lowlight,night_lowlight,0.0
2019-05-19 16:00:00+00:00,2019-05-19 17:00:00+00:00,0.0,0.0,0.0,0.0,0.1460146903991699,0.5951660871505737,0.0,1.5447252988815308,0.9941657781600952,0.0,2.6468257904052734,0.5222457647323608,0.0432342233770208,0.0229094764157538,0.1839298969632594,0.5427803993225098,0.0,0.0,night_lowlight,night_lowlight,0.0
2019-05-19 16:15:00+00:00,2019-05-19 17:15:00+00:00,0.0,0.0,0.0,0.0,0.139011412858963,0.6410086750984192,0.0,1.5812512636184692,1.100268006324768,0.0,2.786243438720703,0.6195394396781921,0.0,0.0267793668126446,0.1894162622835882,0.6048993468284607,0.0,0.0,night_lowlight,night_lowlight,0.0
2019-05-19 16:30:00+00:00,2019-05-19 17:30:00+00:00,0.0,0.0,0.0,0.0,0.0702804028987884,0.6024215817451477,0.0,1.5530707836151123,1.1582999229431152,0.000840313907247,2.9258575439453125,0.7281932234764099,0.0073373094431563,0.0267793668126446,0.1894162622835882,0.6091718077659607,0.0,0.0,night_lowlight,night_lowlight,0.0
2019-05-19 16:45:00+00:00,2019-05-19 17:45:00+00:00,0.0,0.0,0.0,0.0,0.0331842862069606,0.6478352546691895,0.0264686830341815,1.5693752765655518,1.1897108554840088,0.077085368335247,3.0490691661834717,0.7508896589279175,0.0074343118654207,0.0267793668126446,0.1894162622835882,0.6204511523246765,0.0,0.0,night_lowlight,night_lowlight,0.0
2019-05-19 17:00:00+00:00,2019-05-19 18:00:00+00:00,0.0,0.0,0.0,0.0,0.1078913062810897,0.7651892304420471,0.1019612252712249,1.6413629055023191,1.3273056745529177,0.1863544434309005,3.196132183074951,0.854779064655304,0.0036380268011969,0.2882903522336635,0.5250288212155153,0.6248485445976257,0.0393122509121894,0.0,night_lowlight,night_lowlight,0.0
2019-05-19 17:15:00+00:00,2019-05-19 18:15:00+00:00,0.0,0.0,0.0,0.0,0.1265453845262527,0.8349735736846924,0.1650857031345367,1.7055299282073977,1.4028197526931765,0.2551552355289459,3.3159210681915283,0.956197202205658,0.0074343118654207,0.2882903522336635,0.5250288212155153,0.6275843977928162,0.0757309943437576,0.0,night_lowlight,night_lowlight,0.0
2019-05-19 17:30:00+00:00,2019-05-19 18:30:00+00:00,0.0,0.0,0.0,0.0,0.1326558887958526,0.9240771532058716,0.2499205768108368,1.7952624559402466,1.483049750328064,0.2783910632133484,3.410893440246582,1.0348787307739258,0.0074343118654207,0.2882903522336635,0.5250288212155153,0.623197078704834,0.1080514267086982,0.0,night_lowlight,night_lowlight,0.0
2019-05-19 17:45:00+00:00,2019-05-19 18:45:00+00:00,0.0,0.0,0.0,0.0,0.1971314996480941,1.0272321701049805,0.3261529505252838,1.848550081253052,1.5934295654296875,0.3028448820114136,3.46234130859375,1.2052427530288696,0.0,0.2764126972410208,0.5250288212155153,0.6340290904045105,0.1154161319136619,0.0,night_lowlight,night_lowlight,0.0
2019-05-19 18:00:00+00:00,2019-05-19 19:00:00+00:00,0.0,0.0,0.0,0.0,0.3271678984165191,1.2107633352279663,0.4009461402893066,2.0531444549560547,1.8545949459075928,0.4287053942680359,3.6207759380340576,1.313137173652649,0.0062612830121815,0.2882903522336635,0.5344340771846539,0.6566657423973083,0.202664241194725,0.0,night_lowlight,night_lowlight,0.0
2019-05-19 18:15:00+00:00,2019-05-19 19:15:00+00:00,0.0,0.0,0.0,0.0,0.2597055733203888,1.205309510231018,0.4573442637920379,2.241722345352173,1.996639370918274,0.5224642753601074,3.769531488418579,1.4948761463165283,0.0,0.2368736096600157,0.5344340771846539,0.6488416790962219,0.2461218684911728,0.0,night_lowlight,night_lowlight,0.0
2019-05-19 18:30:00+00:00,2019-05-19 19:30:00+00:00,0.0,0.0,0.0,0.0,0.2497790157794952,1.2546833753585815,0.550803542137146,2.4206976890563965,2.177304983139038,0.5873293876647949,3.8596794605255127,1.671675682067871,0.0,0.2882903522336635,0.5344340771846539,0.6675733327865601,0.2942379415035248,0.0,night_lowlight,night_lowlight,0.0
2019-05-19 18:45:00+00:00,2019-05-19 19:45:00+00:00,0.0,0.0,0.0,0.0,0.315819501876831,1.3738386631011963,0.6246675848960876,2.4799630641937256,2.3974552154541016,0.6750138401985168,3.8967745304107666,1.914633870124817,0.0074343118654207,0.2882903522336635,0.5344340771846539,0.7347272038459778,0.2761244475841522,0.0,night_lowlight,night_lowlight,0.0
2019-05-19 19:00:00+00:00,2019-05-19 20:00:00+00:00,0.0,0.0,0.0,0.0,0.3452344238758087,1.4684011936187744,0.6524438261985779,2.760938882827759,2.69738245010376,0.8206762075424194,4.153796195983887,1.952698826789856,0.05081926428305,0.2844204618367727,0.5249270046284965,0.7207509875297546,0.4454275071620941,0.0,night_lowlight,night_lowlight,0.0
2019-05-19 19:15:00+00:00,2019-05-19 20:15:00+00:00,0.0,0.0,0.0,0.0,0.3867565095424652,1.5517603158950806,0.742466390132904,2.8815054893493652,2.9401557445526123,0.9603664875030518,4.2352118492126465,2.126377582550049,0.05081926428305,0.2844204618367727,0.6059407066732566,0.8228740692138672,0.510120153427124,0.0,night_lowlight,night_lowlight,0.0
2019-05-19 19:30:00+00:00,2019-05-19 20:30:00+00:00,0.0,0.0,0.0,0.0,0.3879839777946472,1.6065932512283323,0.8505049347877502,3.0080251693725586,3.0718507766723633,1.0500209331512451,4.330804347991943,2.237597942352295,0.0074343118654207,0.2882903522336635,0.6114270719935854,0.9179758429527284,0.6089661717414856,0.0,night_lowlight,night_lowlight,0.0
2019-05-19 19:45:00+00:00,2019-05-19 20:45:00+00:00,0.0,0.0,0.0,0.0811820551753044,0.3853545784950256,1.7085614204406738,0.9702630043029784,3.193644762039185,3.190910577774048,1.1150562763214111,4.463109016418457,2.382136344909668,0.0074343118654207,0.3073003446469923,0.5304133699488254,1.00471031665802,0.7622677683830261,0.125742569565773,night_lowlight,night_lowlight,0.0
2019-05-19 20:00:00+00:00,2019-05-19 21:00:00+00:00,0.0,0.0,0.0,0.191665306687355,0.3815559446811676,1.8224941492080688,1.0259592533111572,3.326962471008301,3.2378337383270264,1.2470933198928833,4.561931133270264,2.4090774059295654,0.0,0.2416584264633137,0.5145056003201206,0.9955337643623352,0.961967408657074,0.1834839582443237,night_lowlight,night_lowlight,0.0
2019-05-19 20:15:00+00:00,2019-05-19 21:15:00+00:00,0.0820429999999999,3.0,0.0,0.2533585429191589,0.5284245014190674,2.066073179244995,1.0557106733322144,3.380340099334717,3.5109617710113525,1.3705203533172607,4.569139003753662,2.634925603866577,0.0,0.2930751690369615,0.5145056003201206,1.141365647315979,1.0903606414794922,0.2363072335720062,night_lowlight,night_lowlight,0.0820429999999999
2019-05-19 20:30:00+00:00,2019-05-19 21:30:00+00:00,0.404735,18.0,0.0,0.3582990169525146,0.5933063626289368,2.196016788482666,1.1074459552764893,3.4255216121673584,3.660877943038941,1.476993203163147,4.643099308013916,2.8614046573638916,0.0157746125285216,0.3010698672858386,0.5221409378131807,1.3193304538726809,1.2652240991592407,0.3567863404750824,night_lowlight,night_lowlight,0.404735
2019-05-19 20:45:00+00:00,2019-05-19 21:45:00+00:00,0.767061,36.0,0.0,0.4384393393993377,0.6804579496383667,2.2966175079345703,1.1916155815124512,3.502729892730713,3.782464027404785,1.573378324508667,4.727199077606201,3.0061841011047363,0.1067248781533422,0.2971999768889478,0.5166545724928518,1.467626452445984,1.4167994260787964,0.4838306009769439,day_low,day_stable,0.767061
2019-05-19 21:00:00+00:00,2019-05-19 22:00:00+00:00,1.097551,53.0,0.0,0.5715823769569397,0.6780311465263367,2.401519298553467,1.2905054092407229,3.6569221019744873,3.7877490520477295,1.6899945735931396,4.859067440032959,3.033528089523315,0.1899351999630122,0.3785363450167208,0.6402083345081332,1.512197494506836,1.7453267574310305,0.6368858814239502,day_low,day_stable,1.097551
2019-05-19 21:15:00+00:00,2019-05-19 22:15:00+00:00,1.41277,66.0,0.0820429999999999,0.7356245596580504,0.8799743731193541,2.6007021148376466,1.5033192117385863,3.824157543914795,4.038852043884277,1.8716915328674315,5.010199852722168,3.3315697391204835,0.718736613336836,0.8039921968703253,1.3508663846196354,1.69512254788208,2.0303947408370973,0.8338754255943297,day_low,day_stable,1.3307270000000002
2019-05-19 21:30:00+00:00,2019-05-19 22:30:00+00:00,2.011242,114.0,0.404735,1.234896452293396,1.4727875302886964,3.160085112915039,2.0461292575454713,4.298539311752319,4.678913028106689,2.3163525174713135,5.447709472045898,3.871830136642456,0.7056636281649256,0.971666379636966,1.4235547169212637,2.2062706063842774,2.5730196546173096,1.3289441774940491,day_low,day_stable,1.6065070000000001
2019-05-19 21:45:00+00:00,2019-05-19 22:45:00+00:00,3.199,154.0,0.767061,1.796104674468994,2.2442050029144287,3.846033816467285,2.615671281944275,4.873924021850586,5.412981276641846,2.8379221011505127,5.9303805877075195,4.388115649353027,1.3231942238125098,1.6403007844097697,2.150511512068939,2.8273813773498535,3.173061852584839,1.8719785262451172,day_low,day_stable,2.431939
2019-05-19 22:00:00+00:00,2019-05-19 23:00:00+00:00,4.942,199.0,1.097551,2.3771927474746706,2.901549351097107,4.440284383178711,3.2850960611114504,5.607201230407715,6.262280595184326,3.3896666883239748,6.592960965515137,5.004708421112061,2.495881459616546,3.118947891278582,2.92019010869923,3.5786799310455324,4.092358004928589,2.6514440892944338,day_low,day_stable,3.844449
2019-05-19 22:15:00+00:00,2019-05-19 23:15:00+00:00,6.92475,266.0,1.41277,2.897721972961426,3.64598270942688,5.120508637924194,3.8984961180877686,6.331170287628174,6.947501388092041,3.878287282485962,7.197138991851807,5.426483836669922,3.598337264334054,3.738707223532921,4.260096062880575,4.364929881591797,4.922765937347412,3.5041310458374024,day_medium,day_stable,5.51198
2019-05-19 22:30:00+00:00,2019-05-19 23:30:00+00:00,9.102625,337.0,2.011242,3.782185522453308,4.735265818969727,6.293425170318604,4.878676501647949,7.4283052362365725,7.887057868377686,4.660838214294434,8.106490699188232,6.09105214251709,5.636001640097988,5.904476252465092,6.5835326681293775,5.366026727096558,6.152211276428223,4.672035542861939,day_medium,day_stable,7.0913829999999995
2019-05-19 22:45:00+00:00,2019-05-19 23:45:00+00:00,11.36166,401.0,3.199,5.373586057662964,6.480420707702637,8.078075527191162,6.492217897415161,9.03088247680664,9.380484699249267,6.022467493057251,9.50133383178711,7.31153023147583,8.392359790230202,8.434228623939822,9.253373727123009,6.876417278289795,8.026736377716064,6.305903314590454,day_medium,day_stable,8.16266
2019-05-19 23:00:00+00:00,2019-05-20 00:00:00+00:00,13.599470000000002,462.0,4.942,7.611278383255005,9.050798503875733,10.453271953582764,8.807084409713745,11.76191720199585,11.4642487449646,8.22812732887268,11.84423503112793,8.941438047409058,11.172133999276216,11.756905010252677,12.627066278534205,9.009771911621094,10.552750675201416,8.61881360244751,day_medium,day_ramp_up,8.657470000000002
2019-05-19 23:15:00+00:00,2019-05-20 00:15:00+00:00,15.61963,520.0,6.92475,10.051345258712768,11.684678703308103,12.808437019348144,11.26463618850708,14.341286808013916,13.562444358825685,10.580602794647216,14.015090614318847,10.764026790618896,13.43427854488898,14.013907244299206,15.099948942918417,11.274962574005126,13.14336982345581,10.89594903564453,day_medium,day_ramp_up,8.694880000000001
2019-05-19 23:30:00+00:00,2019-05-20 00:30:00+00:00,17.53194,575.0,9.102625,12.692031251907348,14.126076805114746,14.973738777160644,13.779678451538086,16.89274893951416,15.573795902252195,13.033850538253784,16.01013051223755,12.66259299468994,16.559203492444905,16.21934123726352,16.649074216895116,13.613587009429931,15.658972846984865,13.016723978042602,day_medium,day_ramp_up,8.429314999999999
2019-05-19 23:45:00+00:00,2019-05-20 00:45:00+00:00,19.33181,618.0,11.36166,15.54557799926758,17.127047535095215,17.330826278839112,16.25651025405884,19.318016048583985,17.52937459579468,15.366834160003664,17.80379390350342,14.416287656936646,19.19938612157315,18.71930702577263,19.28040443633309,15.773628231201172,18.1397623979187,15.283556934509278,day_medium,day_stable,7.97015
2019-05-20 00:00:00+00:00,2019-05-20 01:00:00+00:00,20.240499,667.0,13.599470000000002,18.05550704452515,19.9709094569397,19.487783770294193,18.835617403717045,22.619327406616215,19.59968362304688,17.85902200195313,20.106794218750004,16.498612265319828,19.999578136661302,20.827765769158805,20.974395579140896,17.99567685577393,20.282909254760742,17.081880192489628,day_high,day_stable,6.641028999999998
2019-05-20 00:15:00+00:00,2019-05-20 01:15:00+00:00,20.93788,712.0,15.61963,20.21011318862915,22.316849848632813,21.351618906860352,20.792987009887696,24.6539317578125,21.16668333709717,19.847554823760987,21.536382338409425,18.08020987213135,22.123454360141366,22.300032499433623,22.588133654209003,19.83653368652344,21.8033515423584,18.092479607467652,day_high,day_stable,5.318249999999999
2019-05-20 00:30:00+00:00,2019-05-20 01:30:00+00:00,23.832809,750.0,17.53194,22.118374841156005,24.387892739715575,23.201180951538085,22.348886029663085,25.996725575866694,22.52673007720947,21.541340367736815,22.719430463256835,19.47001828426361,25.202416728231057,25.195815795340216,25.598669904424565,21.499290482940673,23.224600331726073,19.01298155063629,day_high,day_stable,6.300869000000002
2019-05-20 00:45:00+00:00,2019-05-20 01:45:00+00:00,25.19606,792.0,19.33181,23.74498415237427,25.947841646728516,24.773865225372315,23.562567713317872,27.09444761520386,23.732571127471925,23.003675224838258,23.92441892868042,20.703829290924073,26.099476722065116,25.732835807515713,26.133927313555517,23.04311681037903,24.62000084167481,20.039322199878693,day_high,day_stable,5.864249999999998
2019-05-20 01:00:00+00:00,2019-05-20 02:00:00+00:00,24.517941,831.0,20.240499,24.604955176757812,26.934188823150635,25.467627505706787,24.35796020452881,28.81285236303711,24.444360713409424,23.77429411833191,24.56495426123047,21.41784284536743,27.483206406063665,27.1214931225054,27.373317442755965,23.463768939422607,25.38354347174072,20.19853179802203,day_high,day_stable,4.277442000000001
2019-05-20 01:15:00+00:00,2019-05-20 02:15:00+00:00,25.51194,874.0,20.93788,24.759111365203857,26.913262328033447,25.67100091827393,24.31261750114441,29.55881448638916,24.724317034606933,24.084745129470825,25.27108999145508,21.8298797215271,28.079024659663254,27.812189674301504,27.969072878978128,23.918549498443603,25.82493348968506,20.38110115182877,day_high,day_stable,4.574059999999999
2019-05-20 01:30:00+00:00,2019-05-20 02:30:00+00:00,28.16975,903.0,23.832809,27.20467546461487,29.18560793875122,28.00052884100342,26.473082809432984,31.589599161132817,26.997865943893434,26.443504362091065,27.754446058258058,24.399947433456425,30.380748783207643,29.755984232695756,29.84799631394246,26.27669408796692,28.59120038031006,22.935415296539308,day_high,day_stable,4.3369409999999995
2019-05-20 01:45:00+00:00,2019-05-20 02:45:00+00:00,28.956381,936.0,25.19606,28.293111858901977,30.04102545791626,28.790353117523193,27.277058182296752,32.08565074020386,27.68390875869751,27.1434956174469,28.528305349884032,25.21077128128469,31.398938016528916,30.38267472679285,30.489232721003383,27.082952676353457,29.568940935668945,23.82362323814392,day_high,day_stable,3.760321000000001
2019-05-20 02:00:00+00:00,2019-05-20 03:00:00+00:00,29.687,965.0,24.517941,27.31702089501953,29.04104900552368,27.79146576119995,26.538720848098755,33.45311403466797,26.946941854492188,26.577197553649903,28.03887868119812,24.526670476481677,31.190289425339028,29.968216380333097,30.455514541193587,25.966468932167057,28.705235483184815,23.19906676007843,day_high,day_stable,5.169059000000001
2019-05-20 02:15:00+00:00,2019-05-20 03:15:00+00:00,30.00638,979.0,25.51194,27.935963628234862,29.503662345352172,28.25882744544983,27.080802676620483,33.05058669799804,27.422830340805053,27.19293069595337,28.4024794077301,25.126474586668017,32.2960271819025,30.87480602140925,31.242892019723552,26.47809272760391,29.173357245864867,23.933491704406737,day_high,day_stable,4.494440000000001
2019-05-20 02:30:00+00:00,2019-05-20 03:30:00+00:00,30.50338,997.0,28.16975,29.953339005470276,31.459800506591797,30.148010040283204,28.961913848876954,34.229260707855225,29.343253875732422,28.922497893333436,30.190695310592652,27.140731001853943,32.807294629809576,30.68976179491679,31.08351270971981,28.90056749677658,31.50534846878052,26.413201595306397,day_high,day_stable,2.3336299999999994
2019-05-20 02:45:00+00:00,2019-05-20 03:45:00+00:00,30.886629,1010.0,28.956381,29.933746255355835,31.71789280267334,30.27640191407776,29.05487850250578,34.44258991571045,29.180417112427712,29.02336549701071,30.71524731011963,27.681615031677246,33.28692804968732,31.792488364743026,31.189495448104577,29.388554609733585,32.145843184906006,26.906622088867188,day_high,day_stable,1.9302479999999989
2019-05-20 03:00:00+00:00,2019-05-20 04:00:00+00:00,31.04763,1019.0,29.687,30.37790807437897,31.506982290267946,30.50671997022629,29.54894626986981,35.588134490966794,29.828137316823007,29.61621368032694,31.286911212921144,28.011783444404603,32.868802118849565,31.987542638332783,31.583581811999466,29.537850477814676,32.60803576660156,27.407085859298707,day_high,day_stable,1.3606300000000005
2019-05-20 03:15:00+00:00,2019-05-20 04:15:00+00:00,31.112378999999997,1017.0,30.00638,29.97765346880734,31.775459566001892,30.138015293364525,29.17245642173767,34.65230266082764,29.63812283504486,29.308082678203583,30.88904146183014,28.03045455444336,33.32156105564461,31.780976996245386,31.13557328306731,29.880218141560555,32.93590799797058,27.43231240737915,day_high,day_stable,1.105998999999997
2019-05-20 03:30:00+00:00,2019-05-20 04:30:00+00:00,31.025749,1011.0,30.50338,29.987718521957397,31.165519773368835,30.00997942626953,28.999573289756775,34.066610752944946,29.236517369155884,29.29839438140869,30.875466137533188,28.238791643981937,32.29706184540146,31.3516503185658,30.59251541671284,29.728320240383148,32.79951709449768,27.207856833343502,day_high,day_stable,0.5223690000000012
2019-05-20 03:45:00+00:00,2019-05-20 04:45:00+00:00,31.18675,996.0,30.886629,29.815250768951415,30.880233720104485,29.668973937324523,28.5528670695343,33.01077879934692,28.75968350439453,28.9473641064682,30.36637355356598,28.084936037353515,31.70200409036829,31.204170106169627,29.982172971561965,29.760443582824703,32.93100751905823,27.024511709503173,day_high,day_stable,0.30012100000000075
2019-05-20 04:00:00+00:00,2019-05-20 05:00:00+00:00,30.97588,979.0,31.04763,29.37283127296448,31.077963258211614,29.188001799468996,28.40889780509949,33.4004873513031,28.78262870300293,28.637411522750856,30.659933316593172,28.090897726898195,31.815282645979018,30.973805977529537,29.49560722825213,29.971321749572756,33.30662267196655,27.104402708892824,day_high,day_stable,-0.07175000000000153
2019-05-20 04:15:00+00:00,2019-05-20 05:15:00+00:00,30.562,948.0,31.112378999999997,29.10187475424194,30.921242729238507,28.77890627127075,27.99844424467468,32.94808237295532,28.538174078277585,28.229678079895017,30.632868424467084,27.82251946669006,31.212875048253803,29.702732515874025,28.9110785719364,29.647999689392087,33.14838139753723,27.03851215582275,day_high,day_stable,-0.550378999999996
2019-05-20 04:30:00+00:00,2019-05-20 05:30:00+00:00,30.04138,920.0,31.025749,28.719754012512208,30.145192833827977,28.41785124151611,27.519022973464967,32.48886147348786,27.815023454116822,28.103437455581663,30.48226484863663,27.331323893951417,30.70494162303523,30.109038233410946,29.155797862885773,28.17326596586609,32.44816830961609,26.476994307922364,day_high,day_stable,-0.9843690000000009
2019-05-20 04:45:00+00:00,2019-05-20 05:45:00+00:00,29.41925,885.0,31.18675,28.54164821434021,29.665349548339844,27.914328163146973,26.928885524749756,31.00350897538662,27.24708182144165,28.067754810333252,29.565580075263977,27.04101616668701,30.683137088157945,30.011538428727313,28.38320159129669,27.167135780334473,32.15958130884171,26.33731037902832,day_high,day_stable,-1.7674999999999983
2019-05-20 05:00:00+00:00,2019-05-20 06:00:00+00:00,28.480379,844.0,30.97588,27.675618264083862,28.7752603024292,27.060942742233276,26.435412260894775,30.77846516967297,26.486721846466065,27.329046580200195,29.154494139556885,26.479328486328125,29.828913957185144,29.323561043403075,28.243298766892607,26.657845351104736,31.626614841823574,25.87637457550049,day_high,day_stable,-2.495501000000001
2019-05-20 05:15:00+00:00,2019-05-20 06:15:00+00:00,27.380059999999997,805.0,30.562,27.033092700958253,27.621982538223268,26.14095612716675,25.63890477371216,29.19524642181397,25.607634746551515,26.8046872253418,28.033343517303468,25.795155727386476,27.529049435882257,26.76479782650846,26.5306312451784,26.05771180343628,30.109204464673997,25.30230113220215,day_high,day_stable,-3.1819400000000044
2019-05-20 05:30:00+00:00,2019-05-20 06:30:00+00:00,26.482309000000004,770.0,30.04138,25.890906405334473,26.62079174507141,25.074367117767338,24.717276644592285,28.542992782478333,24.635000777130127,25.914767813568115,27.135649037246704,24.910226893310547,26.749245358801424,25.751370534517857,25.54716397873355,25.689587664489743,29.178337108974457,24.507010054473877,day_high,day_stable,-3.559070999999996
2019-05-20 05:45:00+00:00,2019-05-20 06:45:00+00:00,25.424879,735.0,29.41925,24.99919842529297,25.581881034851076,24.138949859619142,23.781648624420168,27.503228295326235,23.579368579864504,25.158202159881593,26.15292190361023,23.903618801116945,25.552842834917143,24.872359212680617,25.04347217296694,24.96557568359375,28.0477455739975,23.67416666793823,day_high,day_stable,-3.994371000000001
2019-05-20 06:00:00+00:00,2019-05-20 07:00:00+00:00,24.205999,697.0,28.480379,23.664719476989745,24.47825325994873,22.845850363067623,22.61126841574097,26.114227667144775,22.30978669195557,23.758273496917724,24.930084123901366,22.61155880957031,24.998775694225007,24.55277453007687,24.223806598270624,23.9061020758667,26.837656274131778,22.446885004333495,day_high,day_stable,-4.274380000000001
2019-05-20 06:15:00+00:00,2019-05-20 07:15:00+00:00,22.73469,656.0,27.380059999999997,22.34335307556152,23.555406612930295,21.91230420547485,21.57577256637573,25.34896306472778,21.07981423812866,22.551669878540036,24.16091088729858,21.2221420236206,22.686741088722577,22.682222641153956,22.40736640522638,22.589901251373288,25.608247441825863,21.226196093139645,day_high,day_stable,-4.645369999999996
2019-05-20 06:30:00+00:00,2019-05-20 07:30:00+00:00,21.541189000000003,612.0,26.482309000000004,21.305935518249516,22.843145982727055,20.794699804290776,20.62614359091187,24.416282073959355,20.12039055059815,21.72920908163453,23.277893678649907,20.13277448843384,21.281350751348825,20.7074259019162,20.137426810707865,21.500231878265385,24.49490143488312,20.167515413269047,day_medium,day_stable,-4.9411200000000015
2019-05-20 06:45:00+00:00,2019-05-20 07:45:00+00:00,19.84894,561.0,25.424879,20.166142389587403,21.810075924209595,19.78309194784546,19.610991880706788,23.334116384796143,19.13754932623291,20.80177871923828,22.15606133680725,19.00081484060669,19.842762655947475,19.363070663699848,18.907784820052782,20.360010072998048,23.080847189239503,19.051699087432866,day_medium,day_stable,-5.575939000000002
2019-05-20 07:00:00+00:00,2019-05-20 08:00:00+00:00,18.14094,507.0,24.205999,18.87986765615845,20.64650212042236,17.97459088079834,17.96876059286499,21.40297733061218,17.41189442388916,19.08570633642578,20.57245360128784,17.545695884155272,16.538329230445775,16.759349608519415,16.813617795738054,19.37636862509155,21.0858920644989,17.610954863952635,day_medium,day_stable,-6.065058999999998
2019-05-20 07:15:00+00:00,2019-05-20 08:15:00+00:00,16.38525,447.0,22.73469,17.425609399261475,18.985452462615967,16.377025891723633,16.4478624357605,19.83742623466492,15.754976083221436,17.520550538482667,18.87011866706848,16.122022439422608,15.843238766444196,15.16020322525867,14.808415944375447,17.98317461151123,18.2919672026062,16.10596447128296,day_medium,day_stable,-6.349440000000001
2019-05-20 07:30:00+00:00,2019-05-20 08:30:00+00:00,14.43706,384.0,21.541189000000003,16.16015796362305,17.65736393629456,15.117898747314456,15.2550037354126,18.64870457350159,14.539395138610844,16.40969114004517,17.603719517578128,14.961211487640384,14.74130466731312,14.012113060541,13.983979586341617,16.807753369201663,16.90476588903809,14.892297551025392,day_medium,day_stable,-7.104129000000002
2019-05-20 07:45:00+00:00,2019-05-20 08:45:00+00:00,12.47291,322.0,19.84894,14.425157174530028,15.799812421264647,13.374748334350585,13.660511598052976,16.864389047088622,12.952026948394774,14.90136586135864,15.849071130218505,13.3243080229187,11.790980117730294,11.899822162951097,12.558473572387287,15.120003804626464,15.049391850891112,13.136573419036864,day_medium,day_stable,-7.376029999999998
2019-05-20 08:00:00+00:00,2019-05-20 09:00:00+00:00,10.43153,256.0,18.14094,12.682073880615237,13.88432960647583,11.682189752044678,11.738531876983645,13.877385903778077,10.93680410522461,12.858126450958252,13.169884492340088,11.30572157043457,10.224915895147143,10.99666659077326,11.435311375334337,13.41655616897583,12.89923839706421,11.074489880981446,day_medium,day_stable,-7.70941
2019-05-20 08:15:00+00:00,2019-05-20 09:15:00+00:00,8.299375999999999,201.0,16.38525,10.935132411956786,11.857756999969482,9.94262543106079,10.25777616882324,12.17250004196167,9.344795612335204,11.173470405578612,10.992315200805663,9.552197364807128,7.899162601231305,9.678864424544532,9.52385456244797,11.82686319732666,11.05707731628418,9.191663173675536,day_low,day_stable,-8.085874
2019-05-20 08:30:00+00:00,2019-05-20 09:30:00+00:00,6.366937999999999,158.0,14.43706,9.053429724273682,9.708946348724366,8.18722212463379,8.683741213378907,10.737544657287598,7.641919256744385,9.425252558288577,9.249017359313966,7.553239466247559,5.618793153435984,7.078479191684716,7.165855973165569,10.089766146240237,9.406754137573245,7.452237726745606,day_low,day_stable,-8.070122000000001
2019-05-20 08:45:00+00:00,2019-05-20 09:45:00+00:00,4.6284220000000005,101.0,12.47291,7.406166149291993,8.05785806289673,6.668791366729737,7.395454956207276,8.997665239486695,6.337143493804932,7.873529506835938,7.621628357086182,5.983934475097657,3.9598946438569382,4.899181843228467,5.441452587386522,8.308104110870362,7.631759239349366,5.9084072839355475,day_low,day_stable,-7.844488
2019-05-20 09:00:00+00:00,2019-05-20 10:00:00+00:00,3.103844,81.0,10.43153,5.5566406262207035,6.205644608764649,4.928763390808106,5.183559895782471,6.580301762847901,4.0870289814758305,5.771366597442627,5.194197179107666,3.6376976979064946,2.1997032098604197,2.0021939189832945,2.4083675910073956,6.569561959533692,5.872245789794922,4.786787034301758,day_low,day_stable,-7.327686
2019-05-20 09:15:00+00:00,2019-05-20 10:15:00+00:00,2.019445,69.0,8.299375999999999,3.873825539184569,4.770344484878539,3.456341255737303,3.556393612457274,5.392260302139281,2.6487688909301745,4.040908325744628,3.4475355039367663,1.852376450134276,1.534603129198319,1.6885610758345566,1.8998286422696593,4.799489487243651,4.636714924407958,3.983313072753905,day_low,day_stable,-6.279930999999999
2019-05-20 09:30:00+00:00,2019-05-20 10:30:00+00:00,1.450449,54.0,6.366937999999999,2.6504768183593743,3.6322416117553704,2.6477805426483147,2.438283090866088,4.1627899458770745,1.781758194244384,2.605861549652099,2.082351570404052,0.6196917345886224,1.318018392127471,1.4946184215599745,1.427242579209158,3.174033289230346,3.252665643966674,2.523405676162719,day_low,day_stable,-4.916488999999999
2019-05-20 09:45:00+00:00,2019-05-20 10:45:00+00:00,1.064602,38.0,4.6284220000000005,1.4466552515716558,2.180598952362061,1.6841075201721196,1.3529195566864018,3.191906907150269,0.6618609209747319,1.3613447924346929,0.9283168097229008,0.0,0.8230034516163066,1.2368541449642465,1.0984345019005133,1.9026837130279544,1.9819667120666509,1.2522597094268804,day_low,day_stable,-3.5638200000000007
2019-05-20 10:00:00+00:00,2019-05-20 11:00:00+00:00,0.619309,18.0,3.103844,0.6082847844543458,1.1628254186096192,1.059081865447998,0.2054634820404053,1.6341151725234986,0.0,0.1925459634246826,0.0,0.0,0.6197242129395262,0.5912802584598755,0.4437125515953395,0.8419676553192139,0.6984046231689454,0.0,night_lowlight,night_lowlight,-2.484535
2019-05-20 10:15:00+00:00,2019-05-20 11:15:00+00:00,0.301403,8.0,2.019445,0.175226388282776,0.5127128937911989,0.6396730521392824,0.0,1.1366127708625795,0.0,0.0,0.0,0.0,0.2676469584849337,0.4078210337599986,0.2841098109142707,0.1072500327301027,0.008228359527588,0.0,night_lowlight,night_lowlight,-1.718042
2019-05-20 10:30:00+00:00,2019-05-20 11:30:00+00:00,0.012346,0.0,1.450449,0.0133217674484253,0.3383987051239014,0.7681509953727723,0.0,1.310566480158806,0.0,0.0,0.0,0.0,0.2659523846259379,0.346170729476905,0.1940843390129408,0.0,0.0,0.0,night_lowlight,night_lowlight,-1.4381030000000001
2019-05-20 10:45:00+00:00,2019-05-20 11:45:00+00:00,0.0,0.0,1.064602,0.0,0.1187711780090332,0.6039482181091309,0.0,1.5261318211574555,0.0,0.0,0.0830597703475952,0.0,0.1483366324126882,0.2771523926391883,0.1374396197205347,0.0,0.0,0.0,night_lowlight,night_lowlight,-1.064602
2019-05-20 11:00:00+00:00,2019-05-20 12:00:00+00:00,0.0,0.0,0.619309,0.0,0.0,0.2506570138778686,0.0,1.3313718356933593,0.0,0.0,0.3349217095222473,0.0,0.1119246384867263,0.078323291406824,0.0965503571876447,0.0,0.0,0.0,night_lowlight,night_lowlight,-0.619309
2019-05-20 11:15:00+00:00,2019-05-20 12:15:00+00:00,0.0,0.0,0.301403,0.0,0.0,0.3526752954154014,0.0,1.3099523326187137,0.0,0.0,0.6507448395519256,0.0,0.0872502435885335,0.078323291406824,0.0965503571876447,0.0,0.0,0.0,night_lowlight,night_lowlight,-0.301403
2019-05-20 11:30:00+00:00,2019-05-20 12:30:00+00:00,0.0,0.0,0.012346,0.0,0.0,0.0514304717621803,0.0,1.1278742258987426,0.0,0.0,0.9818728273353576,0.0,0.0227018833806189,0.0299275116995223,0.0271164043859634,0.0,0.0,0.0,night_lowlight,night_lowlight,-0.012346
2019-05-20 11:45:00+00:00,2019-05-20 12:45:00+00:00,0.0,0.0,0.0,0.0,0.0,0.0,0.0,1.1190732717514038,0.0,0.0,1.4031771421432495,0.0,0.0,0.0002213314149273,0.0,0.0,0.0,0.0,night_lowlight,night_lowlight,0.0
2019-05-20 12:00:00+00:00,2019-05-20 13:00:00+00:00,0.0,0.0,0.0,0.0,0.0,0.1159081310033798,0.0,1.1872708797454834,0.0,0.0,1.6208903789520264,0.0,0.0227018833806189,0.0189896230162801,0.0136124540496953,0.0,0.0,0.0,night_lowlight,night_lowlight,0.0
2019-05-20 12:15:00+00:00,2019-05-20 13:15:00+00:00,0.0,0.0,0.0,0.0,0.0,0.0439626835286617,0.0,1.1836597919464111,0.0,0.0,1.8204797506332395,0.0,0.0,0.0189896230162801,0.0136124540496953,0.0,0.0,0.0,night_lowlight,night_lowlight,0.0
2019-05-20 12:30:00+00:00,2019-05-20 13:30:00+00:00,0.0,0.0,0.0,0.0,0.0804566591978073,0.2153533548116684,0.0,1.2477272748947144,0.0,0.0,1.928855776786804,0.0,0.0227018833806189,0.0189896230162801,0.0136124540496953,0.0,0.0,0.0,night_lowlight,night_lowlight,0.0
2019-05-20 12:45:00+00:00,2019-05-20 13:45:00+00:00,0.0,0.0,0.0,0.0,0.1035162955522537,0.1405068039894104,0.0,1.244158148765564,0.0,0.0,2.026798963546753,0.0,0.0339088241998037,0.0189896230162801,0.0136124540496953,0.0,0.0,0.0,night_lowlight,night_lowlight,0.0
2019-05-20 13:00:00+00:00,2019-05-20 14:00:00+00:00,0.0,0.0,0.0,0.0,0.107913427054882,0.0741094350814819,0.0,1.1887034177780151,0.0,0.0,2.084566593170166,0.0,0.0,0.0,0.0255386037165218,0.0,0.0,0.0,night_lowlight,night_lowlight,0.0
2019-05-20 13:15:00+00:00,2019-05-20 14:15:00+00:00,0.0,0.0,0.0,0.0,0.2193683236837387,0.202854499220848,0.0,1.2095781564712524,0.0,0.0,2.1364495754241943,0.0,0.0,0.0191157300236149,0.0255386037165218,0.0,0.0,0.0,night_lowlight,night_lowlight,0.0
2019-05-20 13:30:00+00:00,2019-05-20 14:30:00+00:00,0.0,0.0,0.0,0.0,0.2284001857042312,0.0956346467137336,0.0119670676067471,1.22314715385437,0.0,0.0,2.1861495971679688,0.0,0.0111168205283083,0.0275387370385029,0.0,0.0,0.0,0.0,night_lowlight,night_lowlight,0.0
2019-05-20 13:45:00+00:00,2019-05-20 14:45:00+00:00,0.0,0.0,0.0,0.0,0.535304605960846,0.4917681813240051,0.1022205725312233,1.2621973752975464,0.1099718436598777,0.0,2.1936848163604736,0.0150569761171936,0.0005983352183427,0.0291316633158099,0.0459875335158779,0.0547642335295677,0.0,0.0,night_lowlight,night_lowlight,0.0
2019-05-20 14:00:00+00:00,2019-05-20 15:00:00+00:00,0.0,0.0,0.0,0.0,0.458602637052536,0.512060284614563,0.1366442739963531,1.3038121461868286,0.1629630327224731,0.0,2.3544514179229736,0.0969190374016761,0.0004664804324452,0.0224813289777154,0.0424674406726567,0.108956754207611,0.0,0.0,night_lowlight,night_lowlight,0.0
2019-05-20 14:15:00+00:00,2019-05-20 15:15:00+00:00,0.0,0.0,0.0,0.0,0.3193033635616302,0.1092447564005851,0.1126219555735588,1.2827104330062866,0.0859438404440879,0.0,2.440563917160034,0.1125457808375358,0.0264384780703408,0.0374606696671061,0.0200904702038845,0.1620962768793106,0.0,0.0,night_lowlight,night_lowlight,0.0
2019-05-20 14:30:00+00:00,2019-05-20 15:30:00+00:00,0.0,0.0,0.0,0.0,0.7467370629310608,0.4757780432701111,0.1632909774780273,1.3985695838928225,0.3677572011947632,0.0,2.366206169128418,0.2966102659702301,0.0,0.0296963945518139,0.0459875335158779,0.2596190273761749,0.0,0.0,night_lowlight,night_lowlight,0.0
2019-05-20 14:45:00+00:00,2019-05-20 15:45:00+00:00,0.0,0.0,0.0,0.0,0.5176772475242615,0.1856247186660766,0.1575557142496109,1.437353253364563,0.276183545589447,0.0,2.451634407043457,0.3111664950847626,0.0001839074952293,0.0,0.0519782349215929,0.3293566107749939,0.0,0.0,night_lowlight,night_lowlight,0.0
2019-05-20 15:00:00+00:00,2019-05-20 16:00:00+00:00,0.0,0.0,0.0,0.0,0.6233416795730591,0.4461717307567596,0.1574683636426925,1.5565800666809082,0.3750454783439636,0.0,2.576164960861206,0.3780779540538788,0.0,0.0,0.0548612325088232,0.3935073912143707,0.0,0.0,night_lowlight,night_lowlight,0.0
2019-05-20 15:15:00+00:00,2019-05-20 16:15:00+00:00,0.0,0.0,0.0,0.0,0.6589810252189636,0.6414521336555481,0.2001435458660125,1.6643556356430054,0.5776991248130798,0.0,2.723442554473877,0.5692862868309021,0.0122215473197169,0.0296963945518139,0.0548612325088232,0.4635356068611145,0.0,0.0,night_lowlight,night_lowlight,0.0
2019-05-20 15:30:00+00:00,2019-05-20 16:30:00+00:00,0.0,0.0,0.0,0.0,0.5048226118087769,0.661064088344574,0.1610899716615677,1.7798306941986084,0.6657895445823669,0.0,2.8069796562194824,0.7150272727012634,0.0118996817891367,0.0365540843373502,0.0548612325088232,0.5320367217063904,0.0,0.0,night_lowlight,night_lowlight,0.0
2019-05-20 15:45:00+00:00,2019-05-20 16:45:00+00:00,0.0,0.0,0.0,0.0,0.3077587783336639,0.4545017778873443,0.1044287085533142,1.7264748811721802,0.6959125399589539,0.0,2.875537395477295,0.8249031901359558,0.0130727106423759,0.0365540843373502,0.0548612325088232,0.5636419653892517,0.0,0.0,night_lowlight,night_lowlight,0.0
2019-05-20 16:00:00+00:00,2019-05-20 17:00:00+00:00,0.0,0.0,0.0,0.0,0.2831243276596069,0.4038821458816528,0.0535844042897224,1.7043051719665527,0.7434419393539429,0.0,2.90804672241211,0.8677012920379639,0.0246015169921409,0.2969802960684353,0.5307864617284263,0.6258107423782349,0.0,0.0,night_lowlight,night_lowlight,0.0
2019-05-20 16:15:00+00:00,2019-05-20 17:15:00+00:00,0.0,0.0,0.0,0.0,0.3367144763469696,0.5116263628005981,0.046454943716526,1.7654606103897097,0.830085039138794,0.0,2.9048633575439453,0.9866706132888794,0.0,0.2498917901603673,0.5307864617284263,0.6660623550415039,0.0,0.0,night_lowlight,night_lowlight,0.0
2019-05-20 16:30:00+00:00,2019-05-20 17:30:00+00:00,0.0,0.0,0.0,0.0,0.403618186712265,0.5798075795173645,0.0541040115058422,1.7649598121643066,0.9110690951347352,0.0,2.889482021331787,1.128414511680603,0.0130727106423759,0.3013085327340151,0.5307864617284263,0.6990028023719788,0.0,0.0,night_lowlight,night_lowlight,0.0
2019-05-20 16:45:00+00:00,2019-05-20 17:45:00+00:00,0.0,0.0,0.0,0.0,0.4539597332477569,0.7242615818977356,0.0722246095538139,1.829787254333496,1.002155065536499,0.0026030358858406,2.9157845973968506,1.2461743354797363,0.0190989633524035,0.3013085327340151,0.5307864617284263,0.7614913582801819,0.0,0.0,night_lowlight,night_lowlight,0.0
2019-05-20 17:00:00+00:00,2019-05-20 18:00:00+00:00,0.0,0.0,0.0,0.0,0.3234867751598358,0.7524247169494629,0.0037852909881621,1.793936252593994,0.8609219789505005,0.0,2.879157543182373,1.318215250968933,0.0241549281874515,0.2937368330927893,0.5375521592841211,0.8901785016059875,0.0,0.0,night_lowlight,night_lowlight,0.0
2019-05-20 17:15:00+00:00,2019-05-20 18:15:00+00:00,0.0,0.0,0.0,0.0,0.3678089678287506,0.8547009229660034,0.0,1.7950817346572876,0.8552941083908081,0.0,2.883164167404175,1.429076910018921,0.0130727106423759,0.2980650697583691,0.5373307256487001,0.9616429805755616,0.0,0.0,night_lowlight,night_lowlight,0.0
2019-05-20 17:30:00+00:00,2019-05-20 18:30:00+00:00,0.0,0.0,0.0,0.0,0.3963669240474701,0.9395657777786256,0.0,1.8299193382263184,0.8827969431877136,0.0134799070656299,2.909575939178467,1.5118387937545776,0.0130727106423759,0.2980650697583691,0.5373307256487001,1.0456721782684326,0.0,0.0,night_lowlight,night_lowlight,0.0
2019-05-20 17:45:00+00:00,2019-05-20 18:45:00+00:00,0.0,0.0,0.0,0.0,0.3341043293476105,0.9840888381004332,0.0,1.8910011053085327,0.9303991794586182,0.0617561563849449,2.971731424331665,1.609586477279663,0.0130727106423759,0.2980650697583691,0.5373307256487001,1.113078236579895,0.0,0.0,night_lowlight,night_lowlight,0.0
2019-05-20 18:00:00+00:00,2019-05-20 19:00:00+00:00,0.0,0.0,0.0,0.0,0.3542507290840149,1.0585880279541016,0.0,1.909013271331787,0.94890159368515,0.1552721261978149,2.970348834991455,1.6784237623214722,0.0130727106423759,0.2980650697583691,0.5339898690414833,1.1804286241531372,0.0,0.0,night_lowlight,night_lowlight,0.0
2019-05-20 18:15:00+00:00,2019-05-20 19:15:00+00:00,0.0,0.0,0.0,0.0,0.4001301825046539,1.185521125793457,0.0,1.9903351068496704,1.0586705207824707,0.2710908055305481,3.0346903800964355,1.8053094148635864,0.0142487419321229,0.2980650697583691,0.5339898690414833,1.2588526010513306,0.0814121142029762,0.0,night_lowlight,night_lowlight,0.0
2019-05-20 18:30:00+00:00,2019-05-20 19:30:00+00:00,0.0,0.0,0.0,0.0,0.3676653802394867,1.2189632654190063,0.0049716858193278,2.021441698074341,1.1175734996795654,0.3458127379417419,3.0811755657196045,1.929957151412964,0.0130727106423759,0.2980650697583691,0.5339898690414833,1.3192739486694336,0.115065760910511,0.0,night_lowlight,night_lowlight,0.0
2019-05-20 18:45:00+00:00,2019-05-20 19:45:00+00:00,0.0,0.0,0.0,0.0,0.4387496709823608,1.3091247081756592,0.0527778901159763,2.0426979064941406,1.179590940475464,0.4461183249950409,3.108189344406128,2.014570474624634,0.0130727106423759,0.2980650697583691,0.5339898690414833,1.408369541168213,0.1456431150436401,0.0,night_lowlight,night_lowlight,0.0
2019-05-20 19:00:00+00:00,2019-05-20 20:00:00+00:00,0.0,0.0,0.0,0.0,0.4331524074077606,1.3813494443893433,0.0934805944561958,2.1359081268310547,1.29232919216156,0.5743780732154846,3.190967559814453,2.131258249282837,0.0130727106423759,0.2980650697583691,0.5339898690414833,1.5233323574066162,0.2641113400459289,0.0,night_lowlight,night_lowlight,0.0
2019-05-20 19:15:00+00:00,2019-05-20 20:15:00+00:00,0.0,0.0,0.0,0.0,0.4758489727973938,1.451243281364441,0.1578910648822784,2.2019011974334717,1.4085785150527954,0.6691921949386597,3.260916233062744,2.2837843894958496,0.0130727106423759,0.2980650697583691,0.5339898690414833,1.6266173124313354,0.3590661287307739,0.0,night_lowlight,night_lowlight,0.0
2019-05-20 19:30:00+00:00,2019-05-20 20:30:00+00:00,0.0,0.0,0.0,0.0,0.5331739187240601,1.5423147678375244,0.231280043721199,2.258462429046631,1.559855341911316,0.7517573237419128,3.3265926837921143,2.4394795894622803,0.0130727106423759,0.2980650697583691,0.5339898690414833,1.742834448814392,0.4440247714519501,0.0,night_lowlight,night_lowlight,0.0
2019-05-20 19:45:00+00:00,2019-05-20 20:45:00+00:00,0.0,0.0,0.0,0.0,0.6398289799690247,1.6995928287506104,0.3218163549900055,2.3072140216827393,1.7328460216522217,0.8326171040534973,3.4032766819000244,2.623090982437134,0.0179259344991643,0.3170750621716979,0.5339898690414833,1.8843239545822144,0.5335850715637207,0.0,night_lowlight,night_lowlight,0.0
2019-05-20 20:00:00+00:00,2019-05-20 21:00:00+00:00,0.0,0.0,0.0,0.0658038407564163,0.6515175700187683,1.8426908254623413,0.4010408520698547,2.4969725608825684,1.9652340412139893,1.1428239345550537,3.5623888969421387,2.8450000286102295,0.0118996817891367,0.3170750621716979,0.5339898690414833,1.9707984924316408,0.7372314929962158,0.1378453969955444,night_lowlight,night_lowlight,0.0
2019-05-20 20:15:00+00:00,2019-05-20 21:15:00+00:00,0.147619,5.0,0.0,0.1566690355539322,0.7038671970367432,1.9422144889831543,0.4778591692447662,2.5698845386505127,2.1437172889709473,1.323062777519226,3.6345810890197754,3.076925039291382,0.0190989633524035,0.3170750621716979,0.5339898690414833,2.066852569580078,0.8629152774810791,0.2898923456668854,night_lowlight,night_lowlight,0.147619
2019-05-20 20:30:00+00:00,2019-05-20 21:30:00+00:00,0.52865,25.0,0.0,0.2344209253787994,0.8391408920288086,2.1223080158233643,0.5840077996253967,2.6031601428985596,2.369576930999756,1.4212414026260376,3.709391832351685,3.3216652870178223,0.0123013291764439,0.3215302961428004,0.5339898690414833,2.186026811599731,0.9495446085929872,0.4033937156200409,day_low,day_stable,0.52865
2019-05-20 20:45:00+00:00,2019-05-20 21:45:00+00:00,0.6620060000000001,25.0,0.0,0.4082162082195282,1.1009231805801392,2.0227065086364746,0.8592482805252075,2.722625494003296,2.4033963680267334,1.4003360271453855,3.713991641998291,3.3467049598693848,0.0532856033258168,0.2494159326693603,0.5304697761982621,2.3097121715545654,0.9867022037506104,0.5525549650192261,day_low,day_stable,0.6620060000000001
2019-05-20 21:00:00+00:00,2019-05-20 22:00:00+00:00,1.158691,51.0,0.0,0.4649459719657898,1.2269601821899414,2.313196897506714,0.86991286277771,2.86313796043396,2.6156158447265625,1.6960443258285522,3.8341801166534424,3.6096842288970943,0.2170601531166248,0.4364549186807666,0.6777571360790842,2.373619556427002,1.177537202835083,0.8078842163085938,day_low,day_stable,1.158691
2019-05-20 21:15:00+00:00,2019-05-20 22:15:00+00:00,1.340172,60.0,0.147619,0.5880250840606689,1.4697466998519897,2.546973934692383,1.1867498069229123,3.1545946507873537,3.0625183492126467,1.982605925125122,4.064477434677124,3.956342211288452,0.7076719789189114,0.9911051097191488,1.4685174223498532,2.6391286759796144,1.3946899085464477,1.1096061973991391,day_low,day_stable,1.192553
2019-05-20 21:30:00+00:00,2019-05-20 22:30:00+00:00,2.0061560000000003,115.0,0.52865,1.138554110431671,2.217798664474487,3.205668642425537,1.7663629793167113,3.6660797142028807,3.83136315574646,2.4791725419998167,4.570342733764648,4.628358080291748,1.2541615846438976,1.5150255700574349,1.8708017633584175,3.264076664352417,1.934507682228088,1.6832991384506224,day_low,day_stable,1.4775060000000004
2019-05-20 21:45:00+00:00,2019-05-20 22:45:00+00:00,2.86393,137.0,0.6620060000000001,1.4137031230506898,2.6420484575805663,3.6708313021240233,2.01301656098938,3.973602393585205,4.28626547189331,2.6915865931091307,4.8561883959350585,5.028753379302978,1.6063092324186112,1.944882659954695,2.266064786962358,3.646992305236816,2.270816782432556,1.969269255119324,day_low,day_stable,2.201924
2019-05-20 22:00:00+00:00,2019-05-20 23:00:00+00:00,4.849578,198.0,1.158691,2.16947300340271,3.478859733596802,4.496434997573853,2.734492491737366,5.077620100036621,5.343754362121582,3.3764978161010744,5.664093088165283,5.854780744567871,2.4715965824066863,3.0929465364462216,2.777046137609491,4.448718379989624,3.2237456550750734,2.9057272186431886,day_low,day_stable,3.690887
2019-05-20 22:15:00+00:00,2019-05-20 23:15:00+00:00,6.755438000000001,262.0,1.340172,2.551901884147644,4.028684563705444,5.0785579157562255,3.113895840713501,5.636328883239746,5.917139239379883,3.6717028094024657,6.098164744445801,6.280500598022461,3.2217079644506152,3.6264220230158783,4.269465444558423,4.879470295974731,3.80569500453186,3.5177037192077636,day_medium,day_stable,5.415266000000001
2019-05-20 22:30:00+00:00,2019-05-20 23:30:00+00:00,8.0535,285.0,2.0061560000000003,3.52394917855835,4.973909171920777,6.224327119689942,4.094550641876221,6.790720971923829,6.922687085968018,4.603411945205689,7.191905530792237,7.239649804931641,5.126223324508019,5.724794968035734,6.385151307908138,5.921971830230714,5.093559774261475,4.806102784973145,day_medium,day_stable,6.047343999999999
2019-05-20 22:45:00+00:00,2019-05-20 23:45:00+00:00,11.13722,404.0,2.86393,4.613237155609131,6.178492797546387,7.591151012115478,5.225039733581543,7.98102451675415,8.109215034179687,5.678756726913452,8.34439350479126,8.276388419799805,7.419180276785503,8.003667208449698,8.931899387623716,7.069249881439209,6.44603563659668,6.087613834075928,day_medium,day_stable,8.27329
