origin_utc,target_utc,actual_MW,target_irradiance_Wm2,persistence_seed0,GRU_local_seed17,GRU_local_seed42,GRU_local_seed2026,GRU_local_surface_seed17,GRU_local_surface_seed42,GRU_local_surface_seed2026,GRU_local_surface_pressure_seed17,GRU_local_surface_pressure_seed42,GRU_local_surface_pressure_seed2026,HGB_local_seed42,HGB_local_surface_seed42,HGB_local_surface_pressure_seed42,LSTM_seed17,LSTM_seed42,LSTM_seed2026,irradiance_scene,ramp_scene,delta_power_MW
2019-05-30 00:00:00+00:00,2019-05-30 01:00:00+00:00,15.1655,499.0,9.728907,13.142504583770751,13.304902683670043,13.673978458816528,13.18242992060852,14.423639189178466,14.243397604400634,15.516259561950683,14.944887052947998,14.602288614685058,14.452347503524454,15.107881272541553,14.613795733181233,12.875680815155029,12.727369438583374,12.672166477615356,day_medium,day_stable,5.436593
2019-05-30 00:15:00+00:00,2019-05-30 01:15:00+00:00,16.211559,507.0,12.23578,15.63186383178711,16.263977288513182,16.2686750881958,15.468843697814942,16.484810113220213,15.744339942245483,18.074574231414793,17.256644486694334,16.95700001647949,17.092792497726915,17.252680003192253,16.531652550223427,15.578140496520996,15.170268773345947,15.068927764205933,day_medium,day_stable,3.975779000000001
2019-05-30 00:30:00+00:00,2019-05-30 01:30:00+00:00,17.07081,555.0,13.28316,16.83088734642029,17.670761375579836,17.674829750213625,16.34568145767212,17.385517387542727,16.530439882431033,18.649228840026858,18.07140329376221,17.38688304916382,18.73744669011095,18.1599774854503,17.32221469721056,16.696678428802493,15.816268234405518,16.185165195617678,day_medium,day_stable,3.787650000000001
2019-05-30 00:45:00+00:00,2019-05-30 01:45:00+00:00,19.160749,598.0,15.70931,18.54142946487427,19.81696600204468,18.83681840187073,17.604716007766726,18.239954655227663,16.575304691848757,20.34989256149292,19.564675037918093,19.07975954299927,19.316894496727933,19.12918663724431,18.981560960657344,19.44969410186768,17.151338403282168,18.369187300262453,day_medium,day_stable,3.451438999999999
2019-05-30 01:00:00+00:00,2019-05-30 02:00:00+00:00,21.60331,718.0,15.1655,18.174917057037355,19.602479293823244,19.39431841659546,18.56286032485962,19.58051665115357,18.62246043968201,20.48650582122803,19.6351044921875,19.139299467086794,19.9072683766295,20.248636467906916,20.22251447412969,18.774115159988405,16.917186811447145,17.61167795944214,day_high,day_stable,6.437810000000001
2019-05-30 01:15:00+00:00,2019-05-30 02:15:00+00:00,23.058439,752.0,16.211559,19.20486730574036,21.01892012594605,20.20330137251282,19.535749616607667,19.919335546478273,18.816513957962037,21.253740491851808,20.653056325897214,19.874208631500245,20.106791070856307,20.473086414338113,20.932797501949658,19.87102836607361,18.101202907547,18.45048803327942,day_high,day_stable,6.846879999999999
2019-05-30 01:30:00+00:00,2019-05-30 02:30:00+00:00,15.94644,514.0,17.07081,19.65695253997803,21.96991411834717,21.26607147842407,19.59856049209595,20.694349209365846,19.73176232963562,22.017220655975343,21.0956017175293,21.045206705627443,21.772526102900393,21.1361435690726,22.30087759226488,20.48580400138855,18.963088194427492,18.925386706886293,day_medium,day_stable,-1.1243700000000008
2019-05-30 01:45:00+00:00,2019-05-30 02:45:00+00:00,19.848061,626.0,19.160749,21.705035489486693,24.3858409342041,22.915012639450072,20.83309869139099,21.71265272467041,20.623322289871215,23.48275808660889,22.71791462271118,22.961733621047973,24.16630866444498,22.54081203238218,23.721533966326707,22.576051515029903,21.394759219573977,20.668389600204467,day_medium,day_stable,0.6873120000000021
2019-05-30 02:00:00+00:00,2019-05-30 03:00:00+00:00,11.49619,378.0,21.60331,23.64442099243164,25.31390107780457,24.402233254013066,23.48484910636902,24.760524879989624,23.765359293518067,25.04744423538208,24.9134062638855,25.187630545196537,25.584252573636995,25.17880146522582,26.606410756725413,24.665577541885376,23.153566967544556,22.273026119766236,day_medium,day_ramp_down,-10.10712
2019-05-30 02:15:00+00:00,2019-05-30 03:15:00+00:00,27.31225,898.0,23.058439,23.96031258856201,24.976167304862976,23.893797798503876,23.2411196217432,25.112819655288696,23.83853183542633,25.798075659622192,24.858733160842895,26.273810131896973,24.826755170245686,24.685909340914375,26.0322295546166,25.522329314102173,23.99140368257904,22.52285574232483,day_high,day_stable,4.253810999999999
2019-05-30 02:30:00+00:00,2019-05-30 03:30:00+00:00,22.662939,593.0,15.94644,17.65107860034943,19.26319028800965,19.5299418157959,17.981329698028567,19.525315541687014,20.16145588821411,19.11487700408936,19.184397239151004,20.33898140853882,19.850752503163044,20.82335094258763,23.076086462107,18.187392730178836,19.19986655181885,15.469989735546111,day_medium,day_stable,6.716499000000001
2019-05-30 02:45:00+00:00,2019-05-30 03:45:00+00:00,24.052,785.0,19.848061,19.774127122949125,20.76908937562561,19.722530488859174,19.264506136070253,21.61013678182221,20.677642558704378,21.81148007978058,20.87896851171112,23.238483344207765,18.95387007364934,20.22044490814282,22.197080589585145,21.731944118629457,21.434917842041017,18.405324255119325,day_high,day_stable,4.203938999999998
2019-05-30 03:00:00+00:00,2019-05-30 04:00:00+00:00,27.84075,995.0,11.49619,13.512346911849976,17.17628042739868,16.864500451507567,16.594716954650877,17.653234410705565,19.90863888305664,16.061859059753417,17.006498742523192,17.925229478302,15.219766120433224,16.072106758893707,16.416903485459276,13.30178539794922,18.274031091156004,11.723765734257698,day_high,day_ramp_up,16.34456
2019-05-30 03:15:00+00:00,2019-05-30 04:15:00+00:00,19.74044,613.0,27.31225,24.553595405578612,24.64667711830139,22.57692847824097,24.551121812820433,26.544998806476592,26.406926613807677,27.664749783039092,25.677999716758727,29.5682416973114,21.687273716779057,23.996089709176893,23.84997655492838,28.482202392578124,27.36169770038128,25.36551747894287,day_medium,day_stable,-7.571809999999999
2019-05-30 03:30:00+00:00,2019-05-30 04:30:00+00:00,6.397672,204.0,22.662939,21.43949739920044,22.15085678087616,20.78253393160248,21.669213402141573,24.192508864273073,24.534081625808717,23.450830745567323,22.004149126876833,25.340640950073244,20.458374119507223,22.90630847954898,23.33588878908317,23.445110189785005,25.109075474609376,20.893765854705812,day_low,day_ramp_down,-16.265267
2019-05-30 03:45:00+00:00,2019-05-30 04:45:00+00:00,5.2507660000000005,152.0,24.052,21.11679215621948,21.669117881774905,20.14847750854492,20.704121782302856,23.683992399692535,23.352040900707244,23.058957113742828,21.60514326286316,25.20781250190735,18.626085727209336,21.531373434822044,22.613809024795117,24.267058714151386,24.70235080909729,21.831244661331176,day_low,day_ramp_down,-18.801234
2019-05-30 04:00:00+00:00,2019-05-30 05:00:00+00:00,6.6146720000000006,180.0,27.84075,23.202105781555176,23.17000844192505,21.6913678855896,22.861784717559814,26.03945901107788,25.408657333374023,25.732167503356933,23.715214988708496,27.394528797388077,18.806874271076197,21.40179441252448,22.76490842571148,27.05770101261139,27.19464798879623,25.0526640625,day_low,day_ramp_down,-21.226078
2019-05-30 04:15:00+00:00,2019-05-30 05:15:00+00:00,9.116625,269.0,19.74044,16.52197657913208,17.62431417793274,17.029240716400146,18.181785572471615,20.3670029529953,21.05421053260803,19.236004103126525,18.009689200820922,20.75434755176544,16.179285188913685,18.305763299059137,18.77301817538763,18.62586926311493,21.61811481803894,17.159636605682373,day_medium,day_ramp_down,-10.623814999999999
2019-05-30 04:30:00+00:00,2019-05-30 05:30:00+00:00,28.39813,890.0,6.397672,8.109875979492188,16.088829341003418,13.688185515472412,12.079013171264648,13.208350482055664,15.594244303771973,10.176407637664797,11.73826962954712,11.910753550598145,9.735408921636775,12.82747907075292,14.29103610633202,5.847809674808502,15.54222423083496,6.079030456611633,day_high,day_ramp_up,22.000458
2019-05-30 04:45:00+00:00,2019-05-30 05:45:00+00:00,25.23019,782.0,5.2507660000000005,6.196501096931458,12.403692921844485,11.071010789123536,10.218140801635744,11.923716267791749,13.674380501953124,9.166298350540162,11.280844411102295,10.904047211853028,13.305422646759055,14.575292400686996,14.67440391568316,4.813619187322617,13.19486590310669,4.234910568443299,day_high,day_ramp_up,19.979424
2019-05-30 05:00:00+00:00,2019-05-30 06:00:00+00:00,17.849119,314.0,6.6146720000000006,6.554674694725991,10.733405406066897,10.30839281756592,10.30962091166687,11.290922457763672,12.916975791046143,9.644957120010377,11.824676329681395,11.445813948699952,11.954704802325669,11.717512214444268,14.06093994361775,5.725984866210938,12.99393921572876,4.03847103793335,day_medium,day_ramp_up,11.234447000000001
2019-05-30 05:15:00+00:00,2019-05-30 06:15:00+00:00,8.77625,278.0,9.116625,7.4532270917892465,9.956763912200929,9.137498107016087,10.990482021331788,11.104883719444276,12.711756397247315,11.27405898666382,12.229358602523805,12.299562383651734,10.242179806705185,11.952793258552305,11.943463008550024,7.929184366226197,13.83914868927002,5.582866359710694,day_medium,day_stable,-0.34037500000000165
2019-05-30 05:30:00+00:00,2019-05-30 06:30:00+00:00,8.165937,248.0,28.39813,22.26220852172851,21.82487684524536,17.95677334106445,20.838130057220457,21.822836935882567,21.378814280395503,24.64156657493591,22.318864405517576,25.264899552230833,16.85176135097168,20.087179262271565,20.158582976083014,25.401381075744627,25.087554037933348,20.82863479888916,day_medium,day_ramp_down,-20.232193
2019-05-30 05:45:00+00:00,2019-05-30 06:45:00+00:00,8.964375,221.0,25.23019,18.905157765808102,17.582977971496582,14.851542195739746,17.60347290939331,19.052147111358643,18.088823041381836,21.182422360839844,18.500779351654053,21.07264443344116,17.05915215737935,20.96635531575765,19.79801498006969,21.43222685760498,21.973196706237793,16.83081599182129,day_low,day_ramp_down,-16.265815
2019-05-30 06:00:00+00:00,2019-05-30 07:00:00+00:00,20.476749,594.0,17.849119,14.389501146835329,14.85717325643921,13.367852978271486,13.858653835815431,13.954565338653566,13.646996311706545,15.006702236694338,13.8040545506897,15.099405579132082,9.061528591366256,8.549219838140782,8.69082318184372,14.221602968734745,16.473877481979372,10.289576820892336,day_medium,day_stable,2.62763
2019-05-30 06:15:00+00:00,2019-05-30 07:15:00+00:00,22.438061,670.0,8.77625,6.830197687149047,9.803816075325011,8.823339658677577,7.899774487018584,7.550451273918151,7.903760845661163,7.5907354307174675,7.590886468887328,8.034870381355285,8.496472907980372,8.06378488322683,7.415386138063978,5.395886297225951,9.509554142951965,2.6735211563110344,day_high,day_ramp_up,13.661811000000002
2019-05-30 06:30:00+00:00,2019-05-30 07:30:00+00:00,14.14656,309.0,8.165937,5.452932887756347,8.306109079205513,7.432881348812103,7.318966561042785,6.389730268203735,6.916952305519104,7.426844709598541,7.077282481872558,7.296750062191009,9.01809401837134,7.338255856998771,8.005510537255928,5.30985241481018,8.322395586454391,2.925354057037353,day_medium,day_stable,5.980623
2019-05-30 06:45:00+00:00,2019-05-30 07:45:00+00:00,13.77534,542.0,8.964375,6.015468101501465,8.193198125362397,7.313261966705323,7.717013697624207,6.502823333740235,7.276108007431031,7.617555956840516,7.676381449699402,7.6813047933578495,8.169160702124994,6.562505015673968,7.1351026730166005,6.172013025283814,8.5395862865448,4.27841947555542,day_medium,day_stable,4.8109649999999995
2019-05-30 07:00:00+00:00,2019-05-30 08:00:00+00:00,14.44931,468.0,20.476749,13.720851478027344,14.348449763702394,11.330117759155277,12.983685073303224,14.221887168334964,13.21341186468506,15.292577800201418,14.478657779144289,15.4208784670105,9.709629181425925,9.237732246135488,8.525091179255062,16.460526046203615,16.935353335784914,13.663262900756838,day_medium,day_stable,-6.027439000000001
2019-05-30 07:15:00+00:00,2019-05-30 08:15:00+00:00,8.814751,207.0,22.438061,15.281037093292236,15.565432788024903,12.368238688598634,13.667578936706544,15.299515486846923,13.7453176986084,16.06662488092041,15.093713046203614,15.884879828582765,8.427362608291139,10.185946101216564,8.586922843488399,17.78012871850586,18.122232199798585,14.659134627471923,day_low,day_ramp_down,-13.623310000000002
2019-05-30 07:30:00+00:00,2019-05-30 08:30:00+00:00,7.736969,313.0,14.14656,9.201868818817138,10.742240236816404,9.434950636444093,9.444392489013673,9.531463907775878,9.4506371484375,9.906016157684324,9.255614088592528,9.444043444213866,5.095333513846469,6.798717037031279,6.047022840408389,9.803376959381104,11.472495125350951,7.624570177612304,day_medium,day_stable,-6.409590999999999
2019-05-30 07:45:00+00:00,2019-05-30 08:45:00+00:00,3.727719,117.0,13.77534,7.98340884765625,10.082771936264038,7.981554427947998,7.927743354644775,8.564964214172363,7.697175422515869,8.951212325897217,8.287746826019287,8.374732414093017,5.067119561861546,6.449032858481353,5.815098787398615,9.22676126083374,10.750403562393188,7.219878116455078,day_low,day_ramp_down,-10.047621
2019-05-30 08:00:00+00:00,2019-05-30 09:00:00+00:00,3.627203,110.0,14.44931,8.299771959838868,9.778845961151124,7.785459692535401,6.655874903259278,8.353400881347657,7.115906412658692,8.610115702209473,8.362575705108643,8.177696878967286,5.440244107891427,5.68513021018198,4.609314039380479,9.787448580322266,10.904223139343262,8.041084940490723,day_low,day_ramp_down,-10.822107
2019-05-30 08:15:00+00:00,2019-05-30 09:15:00+00:00,2.80793,89.0,8.814751,4.357723564697265,6.719194025588989,5.33851465661621,3.6231897779235833,4.5121062703857415,4.337253422332763,4.920928568435668,4.30686935861206,4.2339361615905755,3.7885898971468257,3.7229507191993494,3.1750803657432014,4.9356597371826165,6.283407063079833,4.044148773742675,day_low,day_stable,-6.0068209999999995
2019-05-30 08:30:00+00:00,2019-05-30 09:30:00+00:00,3.041117,89.0,7.736969,3.0928416310729983,5.505302196640015,3.801403051513672,2.679898744720459,3.7479772626342776,3.1391158162536623,4.006538635391236,3.427165514129639,3.2620601712646486,2.576400526258895,3.918345774486388,3.2547567005011016,4.252127891677857,5.255647903579712,3.4811215459289553,day_low,day_stable,-4.695852
2019-05-30 08:45:00+00:00,2019-05-30 09:45:00+00:00,2.05986,64.0,3.727719,0.2104157716217041,3.338297835010529,2.1558017045440674,1.0009247571411133,1.530073097366333,1.258043935913086,1.200128725189209,1.2560073644104004,0.7364241391601563,0.6608091260442814,1.2558871825486797,1.3158077643691704,0.8956903726043701,2.260244539398194,0.572105100769043,day_low,day_stable,-1.667859
2019-05-30 09:00:00+00:00,2019-05-30 10:00:00+00:00,2.113727,65.0,3.627203,0.3424067620544435,3.1098880891113283,1.722550046852112,0.7027647618560793,1.4819731835632326,0.9336843613891604,0.955940497329712,1.2539096001892092,0.5374860886840822,0.28557039890478,0.5496817952039614,0.5140257412137185,1.317719233444214,1.905739081314087,0.6167817239074709,day_low,day_stable,-1.5134760000000003
2019-05-30 09:15:00+00:00,2019-05-30 10:15:00+00:00,1.279277,43.0,2.80793,0.0060570313262937,2.1150001360702513,1.1709517313766478,0.2816863133239744,1.053464300804138,0.4172077252197264,0.4989478661346433,0.7314198090362547,0.0,0.0,0.3012296066767385,0.0321495376274953,0.991233952217102,1.2305606676864622,0.0027232243347166,day_low,day_stable,-1.5286529999999998
2019-05-30 09:30:00+00:00,2019-05-30 10:30:00+00:00,1.309793,42.0,3.041117,0.548784303085327,2.0243170732421873,1.313139485733032,0.7264793390197752,1.341029095069885,0.828153895751953,0.9435050958557128,1.1099652522964476,0.1830301755828856,0.0,0.2444492753797538,0.0,1.5588275665206908,1.4512597793502806,0.3337281221313475,day_low,day_stable,-1.7313239999999999
2019-05-30 09:45:00+00:00,2019-05-30 10:45:00+00:00,0.956102,31.0,2.05986,0.0329353898620605,1.0792050450897217,0.882494220123291,0.325125941619873,0.6783462852096558,0.3413194507217407,0.4478367656326294,0.4237073749160767,0.0,0.2748575424813064,0.3548636181226186,0.2901805280882205,0.9091050714111328,0.6045373767471314,0.0,day_low,day_stable,-1.103758
2019-05-30 10:00:00+00:00,2019-05-30 11:00:00+00:00,0.623506,20.0,2.113727,0.2206034925003051,0.9373618628997802,0.8102040555496215,0.0127221610565184,0.6664854552764892,0.0,0.2150463130493163,0.3659862544555663,0.0,0.2824906566946776,0.201949382483959,0.0,1.1806707646865844,0.6103137996215819,0.0,night_lowlight,night_lowlight,-1.490221
2019-05-30 10:15:00+00:00,2019-05-30 11:15:00+00:00,0.345659,11.0,1.279277,0.0,0.2698341937561035,0.0827607245941162,0.0,0.1857986779708862,0.0,0.0,0.0,0.0,0.2840956081250115,0.1686454387947778,0.0,0.3181493015785217,0.0086663098831176,0.0,night_lowlight,night_lowlight,-0.9336180000000001
2019-05-30 10:30:00+00:00,2019-05-30 11:30:00+00:00,0.0751059999999999,2.0,1.309793,0.0,0.4118271515541076,0.2496153161697387,0.0,0.6043348357849121,0.0,0.0,0.1137222097091674,0.0,0.2909474515735318,0.0711288391918404,0.0122711878319108,0.3853895709686279,0.2045306012802124,0.0,night_lowlight,night_lowlight,-1.234687
2019-05-30 10:45:00+00:00,2019-05-30 11:45:00+00:00,0.0,0.0,0.956102,0.0,0.2091818316001892,0.1263243420143127,0.0,0.5099749727268219,0.0,0.0,0.0,0.0,0.1706892168953873,0.1521294715015381,0.0,0.2076118452568054,0.0209025604743957,0.0,night_lowlight,night_lowlight,-0.956102
2019-05-30 11:00:00+00:00,2019-05-30 12:00:00+00:00,0.0017699999999999,0.0,0.623506,0.0,0.1070638203201294,0.3422156178531647,0.0,0.445653473692894,0.0,0.0,0.0,0.0,0.1235707662742754,0.3616945108690767,0.200555549409593,0.3717886709747314,0.0,0.0,night_lowlight,night_lowlight,-0.6217360000000001
2019-05-30 11:15:00+00:00,2019-05-30 12:15:00+00:00,0.010762,0.0,0.345659,0.0,0.020526570400238,0.555895445069313,0.0,0.4349352616276741,0.0,0.0,0.0,0.0,0.0670369134261373,0.329737625584273,0.1687877723826896,0.4315792519059181,0.0,0.0,night_lowlight,night_lowlight,-0.334897
2019-05-30 11:30:00+00:00,2019-05-30 12:30:00+00:00,0.001945,0.0,0.0751059999999999,0.0,0.0,0.3147001764116286,0.0,0.2977216592369078,0.0,0.0,0.0,0.0,0.0,0.2602330971389236,0.1033652283730433,0.3119306912956237,0.0,0.0,night_lowlight,night_lowlight,-0.07316099999999989
2019-05-30 11:45:00+00:00,2019-05-30 12:45:00+00:00,0.0,0.0,0.0,0.0,0.0,0.4964559078216553,0.0,0.3240056931972503,0.0,0.0,0.0,0.0,0.0,0.2483044440560766,0.0921680904666345,0.3508489429950714,0.0,0.0,night_lowlight,night_lowlight,0.0
2019-05-30 12:00:00+00:00,2019-05-30 13:00:00+00:00,0.0,0.0,0.0017699999999999,0.0,0.0,0.4950644774627684,0.0,0.3831062717628478,0.0,0.0,0.0,0.0,0.0,0.2917533323171557,0.1489875903420493,0.5316811604690551,0.0,0.0,night_lowlight,night_lowlight,-0.0017699999999999
2019-05-30 12:15:00+00:00,2019-05-30 13:15:00+00:00,0.0,0.0,0.010762,0.0,0.0,0.3962721764202118,0.0,0.4356540977115631,0.0,0.0,0.0961896940226554,0.0,0.0,0.2860301460933064,0.1139841366938167,0.6078461050148011,0.0,0.0,night_lowlight,night_lowlight,-0.010762
2019-05-30 12:30:00+00:00,2019-05-30 13:30:00+00:00,0.0,0.0,0.001945,0.0,0.0,0.4757795742225646,0.0,0.3935032299232482,0.0,0.0,0.1401607206535339,0.0,0.0,0.2917533323171557,0.1139841366938167,0.7064060381126404,0.0,0.0,night_lowlight,night_lowlight,-0.001945
2019-05-30 12:45:00+00:00,2019-05-30 13:45:00+00:00,0.0,0.0,0.0,0.0,0.0,0.6062749028205872,0.0,0.3581781685352325,0.0,0.0,0.1655714958906173,0.0,0.0,0.2917533323171557,0.102786998787408,0.7951179146766663,0.0,0.0,night_lowlight,night_lowlight,0.0
2019-05-30 13:00:00+00:00,2019-05-30 14:00:00+00:00,0.0,0.0,0.0,0.0,0.0,0.9427140951156616,0.0,0.3418155908584595,0.0,0.0,0.1941040754318237,0.0,0.0,0.0,0.0149078245097486,0.9652517437934875,0.0,0.0,night_lowlight,night_lowlight,0.0
2019-05-30 13:15:00+00:00,2019-05-30 14:15:00+00:00,0.0,0.0,0.0,0.0,0.0092255556955933,0.8556682467460632,0.0,0.4199444055557251,0.0771808177232742,0.0,0.3103233575820923,0.0,0.0,0.0,0.0125138661377167,1.016481637954712,0.0,0.0,night_lowlight,night_lowlight,0.0
2019-05-30 13:30:00+00:00,2019-05-30 14:30:00+00:00,0.0,0.0,0.0,0.0,0.1533378958702087,1.0781913995742798,0.0,0.3162482678890228,0.0,0.0,0.2694600224494934,0.0,0.0,0.0,0.0149078245097486,1.0741722583770752,0.0,0.0,night_lowlight,night_lowlight,0.0
2019-05-30 13:45:00+00:00,2019-05-30 14:45:00+00:00,0.0,0.0,0.0,0.0,0.1924194544553756,1.136587381362915,0.0,0.3781013786792755,0.0762441456317901,0.0,0.3838423788547516,0.0,0.0,0.0,0.0149078245097486,1.1249839067459106,0.0,0.0,night_lowlight,night_lowlight,0.0
2019-05-30 14:00:00+00:00,2019-05-30 15:00:00+00:00,0.0,0.0,0.0,0.0,0.138052836060524,0.9009627103805542,0.0,0.6268848180770874,0.284395158290863,0.0,0.5984818339347839,0.0,0.0,0.0371991633497002,0.0,1.1299527883529663,0.0,0.0,night_lowlight,night_lowlight,0.0
2019-05-30 14:15:00+00:00,2019-05-30 15:15:00+00:00,0.0,0.0,0.0,0.0,0.2583455145359039,1.0346271991729736,0.0,0.7274726629257202,0.3997447192668915,0.0,0.6573854088783264,0.0,0.0,0.0371991633497002,0.0,1.1585862636566162,0.0882473662495613,0.0,night_lowlight,night_lowlight,0.0
2019-05-30 14:30:00+00:00,2019-05-30 15:30:00+00:00,0.0,0.0,0.0,0.0,0.1860661655664444,0.8473719954490662,0.0,0.7999204397201538,0.4548970758914947,0.0,0.7234760522842407,0.0,0.0,0.0371991633497002,0.0,1.1499497890472412,0.047598123550415,0.0,night_lowlight,night_lowlight,0.0
2019-05-30 14:45:00+00:00,2019-05-30 15:45:00+00:00,0.0,0.0,0.0,0.0,0.2784707546234131,1.2519514560699463,0.0,0.6453901529312134,0.3417756557464599,0.0,0.5900017023086548,0.0,0.0,0.0452472743793778,0.0,1.2018216848373413,0.0,0.0,night_lowlight,night_lowlight,0.0
2019-05-30 15:00:00+00:00,2019-05-30 16:00:00+00:00,0.0,0.0,0.0,0.0,0.3390415608882904,1.1550400257110596,0.0,0.7669598460197449,0.5051124095916748,0.0,0.7598974704742432,0.0,0.0,0.0225327423109041,0.0303907565337279,1.236001968383789,0.0656858384609222,0.0,night_lowlight,night_lowlight,0.0
2019-05-30 15:15:00+00:00,2019-05-30 16:15:00+00:00,0.0,0.0,0.0,0.0,0.4960724413394928,1.1543549299240112,0.0,0.8054140210151672,0.5567080974578857,0.0,0.824314296245575,0.0,0.0,0.0225327423109041,0.0303907565337279,1.2308403253555298,0.1942097395658493,0.0,night_lowlight,night_lowlight,0.0
2019-05-30 15:30:00+00:00,2019-05-30 16:30:00+00:00,0.0,0.0,0.0,0.0,0.5419068932533264,1.1986263990402222,0.0,0.8035356402397156,0.5476981997489929,0.0,0.8265846967697144,0.0,0.0,0.0235854419873557,0.0316140336233648,1.2121213674545288,0.2122833877801895,0.0,night_lowlight,night_lowlight,0.0
2019-05-30 15:45:00+00:00,2019-05-30 16:45:00+00:00,0.0,0.0,0.0,0.0003766473091673,0.529132068157196,1.230246663093567,0.0,0.7491355538368225,0.5181756615638733,0.0,0.8151858448982239,0.0,0.0,0.0265530168320168,0.0316140336233648,1.2050728797912598,0.187644824385643,0.0,night_lowlight,night_lowlight,0.0
2019-05-30 16:00:00+00:00,2019-05-30 17:00:00+00:00,0.0,0.0,0.0,0.0,0.4034511744976043,0.7636911869049072,0.0,0.958008110523224,0.720206081867218,0.0,0.921725869178772,0.0,0.0208928164779427,0.0289364265199487,0.0345505551896586,1.036396622657776,0.0828004851937294,0.0,night_lowlight,night_lowlight,0.0
2019-05-30 16:15:00+00:00,2019-05-30 17:15:00+00:00,0.0,0.0,0.0,0.0,0.5025755167007446,0.8636220693588257,0.0,1.0221211910247805,0.771234393119812,0.0,0.9557334184646606,0.0,0.0,0.0191854037875346,0.0292200752513329,1.0120372772216797,0.185655802488327,0.0,night_lowlight,night_lowlight,0.0
2019-05-30 16:30:00+00:00,2019-05-30 17:30:00+00:00,0.0,0.0,0.0,0.0,0.4934543073177337,0.807755708694458,0.0,1.065578579902649,0.8992133736610413,0.0,0.9623435139656068,0.0,0.0219175555177391,0.0289364265199487,0.0345505551896586,0.8825793862342834,0.1770774275064468,0.0,night_lowlight,night_lowlight,0.0
2019-05-30 16:45:00+00:00,2019-05-30 17:45:00+00:00,0.0,0.0,0.0,0.0,0.5617635250091553,0.8119824528694153,0.0,1.1440094709396362,0.8983211517333984,0.0,0.9481651782989502,0.0,0.0219175555177391,0.0289364265199487,0.0345505551896586,0.8027159571647644,0.1818023473024368,0.0,night_lowlight,night_lowlight,0.0
2019-05-30 17:00:00+00:00,2019-05-30 18:00:00+00:00,0.0,0.0,0.0,0.0,0.5766714215278625,0.9419295191764832,0.0,1.0710309743881226,0.9330763816833496,0.0,0.962600588798523,0.0,0.0219175555177391,0.0249085900113839,0.0300886075271142,0.776888370513916,0.2203204184770584,0.0,night_lowlight,night_lowlight,0.0
2019-05-30 17:15:00+00:00,2019-05-30 18:15:00+00:00,0.0,0.0,0.0,0.0,0.5864325761795044,1.0715436935424805,0.0,1.058703899383545,0.9840621948242188,0.0,0.9671385884284972,0.0,0.0219175555177391,0.0249085900113839,0.0300886075271142,0.7620184421539307,0.29151251912117,0.0,night_lowlight,night_lowlight,0.0
2019-05-30 17:30:00+00:00,2019-05-30 18:30:00+00:00,0.0,0.0,0.0,0.0,0.6061453819274902,1.2654539346694946,0.0,1.069328546524048,1.040570855140686,0.0,0.9926421642303468,0.0,0.0219175555177391,0.0249085900113839,0.0300886075271142,0.8298776745796204,0.4165128767490387,0.061453316360712,night_lowlight,night_lowlight,0.0
2019-05-30 17:45:00+00:00,2019-05-30 18:45:00+00:00,0.0,0.0,0.0,0.0,0.6589349508285522,1.365514636039734,0.0,1.1177045106887815,1.0784189701080322,0.0,1.012900948524475,0.0,0.0,0.0191854037875346,0.0300886075271142,0.9164649844169616,0.5488561987876892,0.1955611407756805,night_lowlight,night_lowlight,0.0
2019-05-30 18:00:00+00:00,2019-05-30 19:00:00+00:00,0.0,0.0,0.0,0.0,0.7406017780303955,1.3596367835998535,0.0,1.166595220565796,1.0815616846084597,0.0,1.0476535558700562,0.0,0.0,0.0232403546976231,0.0300886075271142,1.0839959383010864,0.6675388216972351,0.3676307797431946,night_lowlight,night_lowlight,0.0
2019-05-30 18:15:00+00:00,2019-05-30 19:15:00+00:00,0.0,0.0,0.0,0.0,0.7554470300674438,1.3241419792175293,0.0,1.2456276416778564,1.1115134954452517,0.0,1.0763694047927856,0.0,0.0,0.0232403546976231,0.0300886075271142,1.2350324392318726,0.8117349743843079,0.5360013246536255,night_lowlight,night_lowlight,0.0
2019-05-30 18:30:00+00:00,2019-05-30 19:30:00+00:00,0.0,0.0,0.0,0.0,0.7281817197799683,1.2747358083724976,0.0,1.3350751399993896,1.1871507167816162,0.0,1.0981718301773071,0.0612211525440216,0.0,0.0175171684737739,0.0300886075271142,1.3745352029800415,0.918455958366394,0.6738273501396179,night_lowlight,night_lowlight,0.0
2019-05-30 18:45:00+00:00,2019-05-30 19:45:00+00:00,0.0,0.0,0.0,0.0,0.7506940960884094,1.2802828550338743,0.0,1.4104254245758057,1.2607009410858154,0.0,1.1572753190994265,0.1724031865596771,0.0,0.0232403546976231,0.0300886075271142,1.5172169208526611,1.0379879474639893,0.8326616883277893,night_lowlight,night_lowlight,0.0
2019-05-30 19:00:00+00:00,2019-05-30 20:00:00+00:00,0.0,0.0,0.0,0.0261801835149526,0.7670601010322571,1.2918320894241333,0.0771956369280815,1.5512462854385376,1.310409665107727,0.0,1.2510108947753906,0.3803558349609375,0.0,0.0232403546976231,0.0282742249214921,1.751994013786316,1.055006980895996,1.0005327463150024,night_lowlight,night_lowlight,0.0
2019-05-30 19:15:00+00:00,2019-05-30 20:15:00+00:00,0.0,0.0,0.0,0.0843353495001792,0.8399317860603333,1.312168836593628,0.2065871655941009,1.7017316818237305,1.401278734207153,0.0076414621435105,1.365153670310974,0.502346396446228,0.0,0.0175171684737739,0.0282742249214921,1.9335370063781736,1.1530991792678833,1.1897081136703491,night_lowlight,night_lowlight,0.0
2019-05-30 19:30:00+00:00,2019-05-30 20:30:00+00:00,0.0,0.0,0.0,0.1440957933664322,0.9099891185760498,1.44002366065979,0.3073752820491791,1.7858349084854126,1.5463173389434814,0.1208850145339965,1.4684957265853882,0.6648212671279907,0.0,0.0232403546976231,0.0282742249214921,2.087989091873169,1.260325312614441,1.384464144706726,night_lowlight,night_lowlight,0.0
2019-05-30 19:45:00+00:00,2019-05-30 20:45:00+00:00,0.0,0.0,0.0,0.2054677903652191,0.9780296087265016,1.5320801734924316,0.3970574736595154,1.8888789415359497,1.6903008222579956,0.2099301964044571,1.6103070974349976,0.7881143689155579,0.0,0.0175171684737739,0.0282742249214921,2.2011914253234863,1.3523458242416382,1.5665608644485474,night_lowlight,night_lowlight,0.0
2019-05-30 20:00:00+00:00,2019-05-30 21:00:00+00:00,0.0,0.0,0.0,0.2189617455005645,0.8832802772521973,1.6489728689193726,0.5243475437164307,1.9516348838806152,1.8063440322875977,0.426203578710556,1.669076681137085,1.0725723505020142,0.0596496839919441,0.0549638951687326,0.0331233261656119,2.319002151489258,1.3054958581924438,1.738276481628418,night_lowlight,night_lowlight,0.0
2019-05-30 20:15:00+00:00,2019-05-30 21:15:00+00:00,0.207515,7.0,0.0,0.3089156150817871,1.1568232774734497,1.8074138164520264,0.5894541144371033,2.137967586517334,1.864958882331848,0.7000200152397156,1.824967622756958,1.2824039459228516,0.0596496839919441,0.0492407089448834,0.0331233261656119,2.460132837295532,1.427833080291748,1.8851826190948489,night_lowlight,night_lowlight,0.207515
2019-05-30 20:30:00+00:00,2019-05-30 21:30:00+00:00,0.605896,25.0,0.0,0.3902056515216827,1.355323076248169,1.8789228200912476,0.6807516813278198,2.323314428329468,1.9803688526153564,0.9822567701339722,1.9675811529159544,1.48812735080719,0.1369777705435105,0.1244578283199111,0.0331233261656119,2.5586819648742676,1.550574541091919,2.0328779220581055,day_low,day_stable,0.605896
2019-05-30 20:45:00+00:00,2019-05-30 21:45:00+00:00,1.062359,43.0,0.0,0.4473964273929596,1.4176760911941528,1.972912311553955,0.8277757167816162,2.5131986141204834,2.1898488998413086,1.2506606578826904,2.124948501586914,1.742829203605652,0.2836631358311155,0.3092498521219894,0.1126840697030939,2.653356552124023,1.6955931186676023,2.230858325958252,day_low,day_stable,1.062359
2019-05-30 21:00:00+00:00,2019-05-30 22:00:00+00:00,1.539672,59.0,0.0,0.4449614584445953,1.396110773086548,2.806957960128784,1.221298098564148,2.708448648452759,2.5068962574005127,1.854687213897705,2.142655611038208,2.191138505935669,0.4895028659958652,0.5097984774027648,0.6493732530971308,2.813072204589844,1.6062077283859253,2.563502788543701,day_low,day_stable,1.539672
2019-05-30 21:15:00+00:00,2019-05-30 22:15:00+00:00,2.067406,74.0,0.207515,0.8404062973403931,1.6224348532104491,3.1328539835357665,1.626432655944824,3.1623649584197997,3.102046726837158,2.4100358473205565,2.46976709236145,2.7328948961639403,1.5778493281790824,1.5759607758171734,1.4715967175927176,3.190157650604248,1.969014524116516,2.9817101942443847,day_low,day_stable,1.8598910000000002
2019-05-30 21:30:00+00:00,2019-05-30 22:30:00+00:00,2.594102,112.0,0.605896,1.6442707816085815,2.352714423271179,4.137171272369384,2.2373929062805176,3.8254764119110103,4.140616659255981,3.2310798207244873,3.018696073623657,3.762554172607422,2.0745036293287815,2.0605336838793047,1.8772609933692928,3.878745321365357,2.687512163253784,3.706536296936035,day_low,day_stable,1.988206
2019-05-30 21:45:00+00:00,2019-05-30 22:45:00+00:00,3.479875,149.0,1.062359,2.643879318984985,3.4581762798156737,5.309174204620361,2.8204071767654417,4.570743704589844,5.011777306350708,3.701813126358032,3.812960291656494,4.9012934215393065,2.459293259190759,2.6956452045903028,2.1982529621412064,4.6211961753692625,3.859467173370361,4.43624963835144,day_low,day_stable,2.417516
2019-05-30 22:00:00+00:00,2019-05-30 23:00:00+00:00,4.651719,186.0,1.539672,3.6349018641204833,4.407830340454101,6.331984622070312,3.716137034484863,5.636725527832031,6.257427794525146,4.6752897330017085,4.624376160690307,6.157018763610839,4.278924002149665,4.254442982252252,3.679722700403459,5.314106804916381,5.008360249588012,5.586324793884277,day_low,day_stable,3.112047
2019-05-30 22:15:00+00:00,2019-05-30 23:15:00+00:00,6.088578,237.0,2.067406,4.509204448562622,5.278519214492798,7.22537022958374,4.644406617980957,6.716106714111328,7.3959873331604,5.700679124694824,5.523679317337036,7.443419278961182,5.525525486237186,5.433966162727847,5.021504595192427,6.050582708221436,6.146268190246582,6.7503622187194825,day_low,day_stable,4.021172
2019-05-30 22:30:00+00:00,2019-05-30 23:30:00+00:00,7.708094,297.0,2.594102,5.253403042556762,5.709665631057739,7.566173647644042,5.4958542335052485,7.706407164337158,8.51666412234497,6.73601922869873,6.2997787940521235,8.501993273498535,6.273830342078518,6.976934539049749,6.466792731591347,6.735232447387695,7.383444880249023,7.889843081237792,day_medium,day_stable,5.113992
2019-05-30 22:45:00+00:00,2019-05-30 23:45:00+00:00,9.562,355.0,3.479875,6.31782928276062,6.763260276794433,8.536721141815185,6.762242706298828,9.116488845825195,9.80279866027832,8.139595420837402,7.535738380432129,10.00696650314331,7.866121936770552,8.500700856585057,8.094473222748302,7.761479290008545,8.80117741394043,9.35261431503296,day_medium,day_stable,6.082125
2019-06-01 03:45:00+00:00,2019-06-01 04:45:00+00:00,27.620689,913.0,12.05072,11.398634338111878,15.447911524505615,14.021893524856567,15.032633805007936,16.232833647460936,17.89466025802612,14.359569334716795,12.781828844280245,15.745866083831787,17.326692489282948,18.67057080075128,19.99159100213599,10.175788783760073,14.752192043991087,13.05579378578186,day_high,day_ramp_up,15.569968999999999
2019-06-01 04:00:00+00:00,2019-06-01 05:00:00+00:00,25.445881,851.0,10.528,10.564362044513226,13.631147983551026,12.896992805480958,14.215432765960694,15.153256061553956,17.49976647186279,13.527369382858277,11.4330013422966,14.938892486572266,11.109047990461484,16.567960046335664,18.46945930818224,8.554704907417298,14.28336036491394,11.026000413179398,day_high,day_ramp_up,14.917881
2019-06-01 04:15:00+00:00,2019-06-01 05:15:00+00:00,25.510189,794.0,10.96288,10.015634998207092,12.027302488212586,11.817146166687012,13.228660210494995,14.170735224609375,15.81192432296753,12.806414469604492,11.080327763681412,14.015475138549805,14.56184786915305,18.852728446444527,20.345869307490297,8.593165024642945,13.046436652069092,10.483533516054154,day_high,day_ramp_up,14.547309
2019-06-01 04:30:00+00:00,2019-06-01 05:30:00+00:00,24.028810999999997,770.0,29.462999,23.976133002685547,23.335768832611084,20.797247542785644,22.52383769934082,25.00230039541626,22.969945563720703,25.489473237442017,22.595654143737793,25.203354491638184,21.31139858167206,24.063469963661213,25.851509332424463,25.135745658325195,24.09052242224121,26.49135340635681,day_high,day_stable,-5.4341880000000025
2019-06-01 04:45:00+00:00,2019-06-01 05:45:00+00:00,24.206869,773.0,27.620689,22.441076363433837,22.790628041137698,20.298973645080565,21.158460701812743,23.38178881536865,21.831097210754393,23.244343842376708,20.24594315420532,22.64860257040405,21.77421267127753,24.160907553718587,24.87949696610084,22.548408116210936,21.635906304229735,23.62475165258789,day_high,day_stable,-3.4138199999999976
2019-06-01 05:00:00+00:00,2019-06-01 06:00:00+00:00,23.749689,737.0,25.445881,20.07847081704712,20.562870135742187,18.45355044885254,18.34506141229248,20.734803786712646,18.658666720825195,20.29704057260132,17.976497760253906,19.69363318963623,18.628213714903534,20.72371181993258,21.696476885864172,19.809941401916504,18.79486905618286,20.686604609924316,day_high,day_stable,-1.696192
2019-06-01 05:15:00+00:00,2019-06-01 06:15:00+00:00,23.038309,711.0,25.510189,20.029068890441895,20.611824932922364,18.795654240478516,18.292932453979493,20.400181713928223,18.24017471395874,20.03753561102295,17.9295062454834,19.16157812200928,17.81004298153767,19.734616549232467,20.996784016165357,19.58271259390259,18.34358066641235,20.248144570220948,day_high,day_stable,-2.4718799999999987
2019-06-01 05:30:00+00:00,2019-06-01 06:30:00+00:00,22.25038,683.0,24.028810999999997,18.51994707406616,19.328600428710935,17.791665576110837,16.770082972656247,18.9397464019165,16.903195880065915,18.572464488159177,16.582816622863767,17.435760043273923,16.46214680863721,18.274471298910825,19.057517804239353,17.93762924493408,16.84112169564819,18.619884513031003,day_high,day_stable,-1.7784309999999977
2019-06-01 05:45:00+00:00,2019-06-01 06:45:00+00:00,21.283501,651.0,24.206869,17.98648440222168,19.23727833609009,17.389076107543946,16.379641884368898,18.46312367300415,16.09877573828125,17.887186878723146,16.26119362692261,16.744557732147218,14.574638987605091,17.657992232653466,17.289107079512803,17.999762409729005,16.18277918676758,18.08936869482422,day_medium,day_stable,-2.923368
2019-06-01 06:00:00+00:00,2019-06-01 07:00:00+00:00,20.291691,616.0,23.749689,17.540326016296387,18.712508576263428,16.347551243652344,15.637574093688963,18.10613478933716,15.375503437866213,17.141724961151123,16.10632266317749,16.16758860861206,13.73562544364776,17.770097350849998,16.738134905959193,17.293046372283936,16.43175734793091,17.453608410705566,day_medium,day_stable,-3.457998
2019-06-01 06:15:00+00:00,2019-06-01 07:15:00+00:00,19.04175,577.0,23.038309,16.256854436859133,17.33570470617676,15.051882646545412,14.645168207153322,16.939711950286867,14.134655855163576,16.14176931188965,15.317412279113771,15.154354475006103,12.328414025932512,16.388750096860324,15.2308361484739,16.755959890350343,15.325825593933107,16.557319066986086,day_medium,day_stable,-3.9965590000000013
2019-06-01 06:30:00+00:00,2019-06-01 07:30:00+00:00,17.37925,528.0,22.25038,15.72896428955078,16.69576450241089,14.88750453842163,14.44254775894165,16.204406699066162,13.490952929382324,16.07150693786621,14.940182646636964,14.27745815170288,12.964200417901488,15.803723562805732,14.155486385139357,16.126204451446533,14.673668822174072,16.051040610198974,day_medium,day_stable,-4.871130000000001
2019-06-01 06:45:00+00:00,2019-06-01 07:45:00+00:00,16.264059,490.0,21.283501,14.514634937835694,16.36032041986084,14.010432095123292,13.135607094360353,15.879879803253177,13.008522362304689,14.676287502838136,13.917515606475831,13.700181812835694,11.840402210038434,13.728496616247943,12.576297161396589,15.00383266885376,14.211082787109376,14.5324023671875,day_medium,day_stable,-5.0194420000000015
2019-06-01 07:00:00+00:00,2019-06-01 08:00:00+00:00,14.58669,435.0,20.291691,13.77098720742798,15.42711466027832,13.162053758636477,11.659237081542967,14.40124910546875,11.871950323120116,13.330882246032717,12.961143667236328,12.74451320840454,11.374014548549296,13.259141911703418,12.24995559576047,13.959740335479736,13.439582998291016,13.543076688781738,day_medium,day_stable,-5.705000999999999
2019-06-01 07:15:00+00:00,2019-06-01 08:15:00+00:00,12.92288,384.0,19.04175,12.105166004180909,13.642026947021485,12.222354934692383,10.782467887878418,13.043077514648438,11.077629135131836,12.497638271331788,11.700841949462893,11.711783931732178,7.797396545132733,10.660483356746882,9.864209187766471,12.952424095153807,11.71918158340454,12.37612156677246,day_medium,day_stable,-6.118870000000001
2019-06-01 07:30:00+00:00,2019-06-01 08:30:00+00:00,11.19672,327.0,17.37925,10.708930919647216,12.932101676940915,10.722079704284669,9.881705234527589,12.19254298019409,10.464951942443848,11.22800440597534,10.571055839538571,10.81212134170532,7.382832968421757,9.273641148045622,8.231995237863005,11.21678728866577,10.84651608276367,10.711443851470946,day_medium,day_stable,-6.18253
2019-06-01 07:45:00+00:00,2019-06-01 08:45:00+00:00,9.829094,287.0,16.264059,9.360873155578613,11.41253369329834,9.272111825927734,9.225216321929931,11.304723196014404,9.731486730560302,10.60504620550537,9.661966257080078,9.96196167944336,6.646370181749052,8.507572607489623,8.01823177193656,10.29702322958374,9.898440294250488,9.687358312591552,day_medium,day_stable,-6.434965
2019-06-01 08:00:00+00:00,2019-06-01 09:00:00+00:00,8.425375,243.0,14.58669,7.93488507598877,10.252532533111571,8.023008397521973,5.929959348144532,9.033761075439454,6.89161115020752,8.020637563171388,7.294946244659425,7.877433350982667,5.365213094363336,4.469997413342305,4.395311373806536,8.820434621276856,8.060690930786134,7.885374597015382,day_low,day_stable,-6.161315
2019-06-01 08:15:00+00:00,2019-06-01 09:15:00+00:00,6.899047,199.0,12.92288,6.651251143341064,9.23603541267395,6.482102221374511,4.713251894836425,8.313660925750732,6.009024447326659,6.561488932495116,6.685478991394042,6.695358103637695,4.7941793569456985,4.502319172345399,4.367628018721092,7.436279124145507,7.840082472686767,6.808203047637939,day_low,day_stable,-6.023832999999999
2019-06-01 08:30:00+00:00,2019-06-01 09:30:00+00:00,5.532953,164.0,11.19672,5.1208142001342765,6.9236801821899405,4.7833260256958,3.708372946472167,6.816265936584472,4.7707565982055655,5.375100012512206,5.276322718353271,5.523646708221435,2.5208396515565332,2.566061662392802,2.4981221379540774,6.347715254516601,6.609917517395019,5.8140491206359854,day_low,day_stable,-5.663766999999999
2019-06-01 08:45:00+00:00,2019-06-01 09:45:00+00:00,4.2515160000000005,120.0,9.829094,4.486937589782714,6.532418556350708,4.479405946868896,3.593391008514404,6.448687858718872,4.567853040832519,5.037551946777343,5.168230123657226,5.0560532285156246,1.4847719669162898,1.5666872675798107,1.5877409455380027,5.275855131286621,6.589681692260742,5.258348055023193,day_low,day_stable,-5.577577999999999
2019-06-01 09:00:00+00:00,2019-06-01 10:00:00+00:00,3.1642189999999997,96.0,8.425375,2.924445644378663,4.706274047851563,2.8556089553833015,2.067169681549073,4.68839694595337,2.9117002639770515,3.751866832733155,3.777719036102296,3.4738035354614265,1.4114286859892131,1.7332258437612826,1.1983438603296337,4.368082538604737,4.815444484710694,4.321554199218751,day_low,day_stable,-5.2611560000000015
2019-06-01 09:15:00+00:00,2019-06-01 10:15:00+00:00,2.335594,75.0,6.899047,1.541816813537598,3.289361340591431,1.6504632063598637,1.2481747694702152,3.425100905487061,2.117934329101563,2.7573681898803715,2.5125609465332035,2.448765856811524,0.7279372944902612,0.7977414585901974,0.3506120402755173,3.300459963867188,3.519393307754517,3.4158652849884037,day_low,day_stable,-4.563453000000001
2019-06-01 09:30:00+00:00,2019-06-01 10:30:00+00:00,1.773406,59.0,5.532953,0.7579295396118164,3.0373348950653076,1.2160689591674805,0.971162056854248,2.8059601544647217,1.6591000317840576,1.9921371697692871,2.157708859375,1.6881813763885498,0.3152028595482699,0.3766240429517537,0.3399102446696784,2.2126867532043457,3.2088246106414795,2.507280325820923,day_low,day_stable,-3.759547
2019-06-01 09:45:00+00:00,2019-06-01 10:45:00+00:00,1.256691,42.0,4.2515160000000005,0.038406029907227,2.259540096488953,0.6031216537628179,0.6738742744598394,2.0415169155273443,1.110274449554444,1.2026072895202642,1.395409718719483,0.8958562767181402,0.0,0.2322083556934168,0.3066468865720383,1.3272842323455816,2.5564201032791143,1.61611093637085,day_low,day_stable,-2.9948250000000005
2019-06-01 10:00:00+00:00,2019-06-01 11:00:00+00:00,0.7286020000000001,25.0,3.1642189999999997,0.0,1.6989869853439328,0.5569487592163083,0.0156029244842526,1.1954337140502926,0.4382082005920407,0.2103174706878658,0.4376498242797848,0.0,0.0,0.0,0.0,0.9317987939300534,1.5481941482009884,0.744884826797485,day_low,day_stable,-2.4356169999999997
2019-06-01 10:15:00+00:00,2019-06-01 11:15:00+00:00,0.358005,13.0,2.335594,0.0,0.8237026349487304,0.179869951385498,0.0,0.6528038398208618,0.0831688062133788,0.0,0.0,0.0,0.0,0.0,0.0,0.7385124579849243,0.8478676692428588,0.1651824132385253,night_lowlight,night_lowlight,-1.977589
2019-06-01 10:30:00+00:00,2019-06-01 11:30:00+00:00,0.054027,3.0,1.773406,0.0,0.323263497215271,0.2141037891921997,0.0,0.4339991520462036,0.0,0.0,0.0,0.0,0.0,0.0,0.0,0.5585671375808716,0.4662744711456299,0.0,night_lowlight,night_lowlight,-1.719379
2019-06-01 10:45:00+00:00,2019-06-01 11:45:00+00:00,0.0,0.0,1.256691,0.0,0.0243864269409179,0.2631860585365295,0.0,0.3392703743133545,0.0,0.0,0.0,0.0,0.0,0.0,0.0,0.2523014755401611,0.103914162651062,0.0,night_lowlight,night_lowlight,-1.256691
2019-06-01 11:00:00+00:00,2019-06-01 12:00:00+00:00,0.0,0.0,0.7286020000000001,0.0,0.0,0.2398214120883942,0.0,0.1151970107574463,0.0,0.0,0.0,0.0,0.0,0.0,0.0,0.1996994097251893,0.0,0.0,night_lowlight,night_lowlight,-0.7286020000000001
2019-06-01 11:15:00+00:00,2019-06-01 12:15:00+00:00,0.0,0.0,0.358005,0.0,0.0,0.0310805865573883,0.0,0.0630766876983642,0.0,0.0,0.0,0.0,0.0,0.0,0.0,0.0,0.0,0.0,night_lowlight,night_lowlight,-0.358005
2019-06-01 11:30:00+00:00,2019-06-01 12:30:00+00:00,0.0,0.0,0.054027,0.0,0.0,0.006467857887268,0.0,0.0514410683189034,0.0,0.0,0.0,0.0,0.0,0.0,0.0,0.0,0.0,0.0,night_lowlight,night_lowlight,-0.054027
2019-06-01 11:45:00+00:00,2019-06-01 12:45:00+00:00,0.0,0.0,0.0,0.0,0.0,0.3176935911178589,0.0,0.172921746969223,0.0,0.0,0.0,0.0,0.0,0.0,0.0,0.0,0.0,0.0,night_lowlight,night_lowlight,0.0
2019-06-01 12:00:00+00:00,2019-06-01 13:00:00+00:00,0.0,0.0,0.0,0.0,0.0,0.1622070372104644,0.0,0.2268231511116027,0.0,0.0,0.0,0.0,0.0,0.0,0.0,0.0,0.0,0.0,night_lowlight,night_lowlight,0.0
2019-06-01 12:15:00+00:00,2019-06-01 13:15:00+00:00,0.0,0.0,0.0,0.0,0.0,0.1578210145235061,0.0,0.2745900750160217,0.0,0.0,0.0,0.0,0.0,0.0501136578365385,0.0944243750539216,0.0,0.0,0.0,night_lowlight,night_lowlight,0.0
2019-06-01 12:30:00+00:00,2019-06-01 13:30:00+00:00,0.0,0.0,0.0,0.0,0.0,0.2614158391952514,0.0,0.2456568330526352,0.0,0.0,0.0,0.0,0.0,0.0558368440603878,0.0944243750539216,0.0332488492131233,0.0,0.0,night_lowlight,night_lowlight,0.0
2019-06-01 12:45:00+00:00,2019-06-01 13:45:00+00:00,0.0,0.0,0.0,0.0,0.0,0.3618927299976349,0.0,0.1977437138557434,0.0,0.0,0.0,0.0,0.0,0.0558368440603878,0.0944243750539216,0.1050149947404861,0.0,0.0,night_lowlight,night_lowlight,0.0
2019-06-01 13:00:00+00:00,2019-06-01 14:00:00+00:00,0.0,0.0,0.0,0.0,0.0,0.1953563690185547,0.0,0.2471772283315658,0.0,0.0,0.0,0.0,0.0,0.0558368440603878,0.1032289007690728,0.0920944511890411,0.0,0.0,night_lowlight,night_lowlight,0.0
2019-06-01 13:15:00+00:00,2019-06-01 14:15:00+00:00,0.0,0.0,0.0,0.0,0.0,0.3162887096405029,0.0,0.2043127566576004,0.0,0.0,0.0,0.0,0.0,0.0558368440603878,0.1032289007690728,0.1369859874248504,0.0,0.0,night_lowlight,night_lowlight,0.0
2019-06-01 13:30:00+00:00,2019-06-01 14:30:00+00:00,0.0,0.0,0.0,0.0,0.0,0.4840516746044159,0.0,0.0,0.0,0.0,0.0,0.0,0.0,0.0638849550900654,0.1056228591411048,0.2011373788118362,0.0,0.0,night_lowlight,night_lowlight,0.0
2019-06-01 13:45:00+00:00,2019-06-01 14:45:00+00:00,0.0,0.0,0.0,0.0,0.0,0.0,0.0,0.0193643644452095,0.0,0.0,0.0,0.0,0.0,0.0638849550900654,0.1056228591411048,0.1576259136199951,0.0,0.0,night_lowlight,night_lowlight,0.0
2019-06-01 14:00:00+00:00,2019-06-01 15:00:00+00:00,0.0,0.0,0.0,0.0,0.0,0.4611069560050964,0.0,0.0683415830135345,0.0,0.0,0.0,0.0,0.0,0.0638849550900654,0.1033665745538177,0.3273849785327911,0.0,0.0,night_lowlight,night_lowlight,0.0
2019-06-01 14:15:00+00:00,2019-06-01 15:15:00+00:00,0.0,0.0,0.0,0.0,0.0,0.4482135772705078,0.0,0.0910959020256996,0.0,0.0,0.0,0.0,0.0,0.0638849550900654,0.1033665745538177,0.361811488866806,0.0,0.0,night_lowlight,night_lowlight,0.0
2019-06-01 14:30:00+00:00,2019-06-01 15:30:00+00:00,0.0,0.0,0.0,0.0,0.0,0.6249189376831055,0.0,0.145199179649353,0.0,0.0,0.0,0.0,0.0,0.0638849550900654,0.1033665745538177,0.4391131103038788,0.0,0.0,night_lowlight,night_lowlight,0.0
2019-06-01 14:45:00+00:00,2019-06-01 15:45:00+00:00,0.0,0.0,0.0,0.0,0.0,0.8158634901046753,0.0,0.2445820271968841,0.0,0.0,0.0621692910790443,0.0,0.0,0.0638849550900654,0.1033665745538177,0.4933148026466369,0.0,0.0,night_lowlight,night_lowlight,0.0
2019-06-01 15:00:00+00:00,2019-06-01 16:00:00+00:00,0.0,0.0,0.0,0.0,0.0,0.9727973341941832,0.0,0.3125031292438507,0.0,0.0,0.2286996394395828,0.0,0.0,0.0380669386520039,0.034988221205908,0.4913264513015747,0.0,0.0,night_lowlight,night_lowlight,0.0
2019-06-01 15:15:00+00:00,2019-06-01 16:15:00+00:00,0.0,0.0,0.0,0.0,0.0,1.0223904848098757,0.0,0.4544640779495239,0.0329901948571205,0.0,0.4214444458484649,0.0,0.0,0.0340466641308912,0.0337649441162711,0.470270037651062,0.0,0.0,night_lowlight,night_lowlight,0.0
2019-06-01 15:30:00+00:00,2019-06-01 16:30:00+00:00,0.0,0.0,0.0,0.0,0.0209785755723714,1.1556427478790283,0.0,0.4607742130756378,0.1205020099878311,0.0,0.4313320815563202,0.0,0.0,0.0380669386520039,0.034988221205908,0.4627659916877746,0.0,0.0,night_lowlight,night_lowlight,0.0
2019-06-01 15:45:00+00:00,2019-06-01 16:45:00+00:00,0.0,0.0,0.0,0.0,0.1678521931171417,1.164868712425232,0.0,0.4013624191284179,0.0569249354302883,0.0,0.4414330124855041,0.0,0.0,0.0380669386520039,0.034988221205908,0.5387631058692932,0.0,0.0,night_lowlight,night_lowlight,0.0
2019-06-01 16:00:00+00:00,2019-06-01 17:00:00+00:00,0.0,0.0,0.0,0.0,0.0,0.5051935911178589,0.0,0.6887682676315308,0.285344511270523,0.0,0.7580543160438538,0.0,0.0,0.0419686477711762,0.0325942628338761,0.4249065816402435,0.0,0.0,night_lowlight,night_lowlight,0.0
2019-06-01 16:15:00+00:00,2019-06-01 17:15:00+00:00,0.0,0.0,0.0,0.1569727063179016,0.2326353788375854,1.2796239852905271,0.0,0.5703007578849792,0.2026541233062744,0.0,0.6683982014656067,0.0,0.0,0.0500167588008538,0.034988221205908,0.5351362824440002,0.0,0.0,night_lowlight,night_lowlight,0.0
2019-06-01 16:30:00+00:00,2019-06-01 17:30:00+00:00,0.0,0.0,0.0,0.2059773206710815,0.3648602962493896,1.4603415727615356,0.0,0.5908475518226624,0.3165495991706848,0.0,0.7304962277412415,0.0,0.0,0.0500167588008538,0.034988221205908,0.6041502356529236,0.0,0.0,night_lowlight,night_lowlight,0.0
2019-06-01 16:45:00+00:00,2019-06-01 17:45:00+00:00,0.0,0.0,0.0,0.1499432921409607,0.4174606800079345,1.1205555200576782,0.0,0.8805232644081116,0.6488739252090454,0.0,0.9660117626190186,0.0,0.0,0.0362454615473269,0.0325942628338761,0.5171513557434082,0.0,0.0,night_lowlight,night_lowlight,0.0
2019-06-01 17:00:00+00:00,2019-06-01 18:00:00+00:00,0.0,0.0,0.0,0.2172008156776428,0.5301328301429749,1.5780528783798218,0.0,0.725523054599762,0.4957447350025177,0.0,0.9276539087295532,0.0,0.0,0.0500167588008538,0.037244505793195,0.572259247303009,0.0,0.0,night_lowlight,night_lowlight,0.0
2019-06-01 17:15:00+00:00,2019-06-01 18:15:00+00:00,0.0,0.0,0.0,0.1945692896842956,0.4059451818466186,1.469788670539856,0.0,0.6805316209793091,0.4738393723964691,0.0030594337731599,0.9307429790496826,0.0,0.0,0.0500167588008538,0.037244505793195,0.7756184339523315,0.0,0.0,night_lowlight,night_lowlight,0.0
2019-06-01 17:30:00+00:00,2019-06-01 18:30:00+00:00,0.0,0.0,0.0,0.2012973129749298,0.6501501798629761,1.519861340522766,0.0,0.8962510824203491,0.7124469876289368,0.0695095658302307,1.1625341176986694,0.0,0.0,0.0419686477711762,0.0348505474211631,0.7579931020736694,0.0,0.0,night_lowlight,night_lowlight,0.0
2019-06-01 17:45:00+00:00,2019-06-01 18:45:00+00:00,0.0,0.0,0.0,0.1890521496534347,0.5361802577972412,1.4711263179779053,0.0,0.8903003931045532,0.6966920495033264,0.127499833703041,1.1311908960342407,0.0647109821438789,0.0,0.0500167588008538,0.037244505793195,0.9383703470230104,0.0,0.0,night_lowlight,night_lowlight,0.0
2019-06-01 18:00:00+00:00,2019-06-01 19:00:00+00:00,0.0,0.0,0.0,0.172416865825653,0.447696179151535,1.2594797611236572,0.0,0.9755865335464478,0.6106646656990051,0.2478773742914199,1.087088108062744,0.1924722045660019,0.0,0.0500167588008538,0.037244505793195,1.058879256248474,0.0,0.1428210735321045,night_lowlight,night_lowlight,0.0
2019-06-01 18:15:00+00:00,2019-06-01 19:15:00+00:00,0.0,0.0,0.0,0.1752819716930389,0.435399979352951,1.2034684419631958,0.0,1.0894101858139038,0.6422603130340576,0.3419598937034607,1.0950376987457275,0.3580088317394256,0.0,0.0500167588008538,0.037244505793195,1.2257522344589231,0.0,0.254393070936203,night_lowlight,night_lowlight,0.0
2019-06-01 18:30:00+00:00,2019-06-01 19:30:00+00:00,0.0,0.0,0.0,0.261307954788208,0.5237926840782166,1.395440697669983,0.0,1.0678887367248535,0.6751408576965332,0.4062400162220001,1.1219598054885864,0.5572910308837891,0.0,0.0500167588008538,0.037244505793195,1.398242473602295,0.1480353474617004,0.3874005973339081,night_lowlight,night_lowlight,0.0
2019-06-01 18:45:00+00:00,2019-06-01 19:45:00+00:00,0.0,0.0,0.0,0.4106970131397247,0.8349262475967407,1.6640393733978271,0.0,1.1340689659118652,0.8040609359741211,0.4615924060344696,1.238453030586243,0.7614335417747498,0.0,0.0500167588008538,0.037244505793195,1.5220807790756226,0.3973616659641266,0.5222259163856506,night_lowlight,night_lowlight,0.0
2019-06-01 19:00:00+00:00,2019-06-01 20:00:00+00:00,0.0,0.0,0.0,0.4828329980373382,0.6785557270050049,1.5401484966278076,0.0365668721497058,1.3146926164627075,1.0431216955184937,0.6377856731414795,1.1957144737243652,0.9399039149284364,0.0,0.0578209732490179,0.037244505793195,1.570286750793457,0.5005089640617371,0.7415094971656799,night_lowlight,night_lowlight,0.0
2019-06-01 19:15:00+00:00,2019-06-01 20:15:00+00:00,0.0,0.0,0.0,0.5051934719085693,0.8608087301254272,1.4580157995224,0.1494073867797851,1.5590461492538452,1.2154055833816528,0.7976057529449463,1.256146788597107,1.06929612159729,0.0,0.085219286997646,0.0414043044491257,1.5808840990066528,0.6334222555160522,0.8760210871696472,night_lowlight,night_lowlight,0.0
2019-06-01 19:30:00+00:00,2019-06-01 20:30:00+00:00,0.0,0.0,0.0,0.6417317390441895,1.2980316877365112,2.016329288482666,0.1787125170230865,1.6831190586090088,1.1923702955245972,0.8207463026046753,1.3610455989837646,1.3717739582061768,0.0,0.0578209732490179,0.037244505793195,1.8426311016082764,0.9611101746559144,1.0431934595108032,night_lowlight,night_lowlight,0.0
2019-06-01 19:45:00+00:00,2019-06-01 20:45:00+00:00,0.0,0.0,0.0,0.7744100093841553,1.51975417137146,2.1810925006866455,0.2999124228954315,1.766882300376892,1.3786214590072632,0.8369474411010742,1.4504622220993042,1.6305522918701172,0.0,0.0578209732490179,0.037244505793195,1.954534888267517,1.193123698234558,1.236305594444275,night_lowlight,night_lowlight,0.0
2019-06-01 20:00:00+00:00,2019-06-01 21:00:00+00:00,0.0,0.0,0.0,0.8552576303482056,1.6048349142074585,2.36100697517395,0.3934371769428253,1.896263599395752,1.452082633972168,0.9057298302650452,1.465301275253296,1.8109132051467896,0.0,0.0852188817264555,0.037244505793195,2.1434335708618164,1.351703643798828,1.4980967044830322,night_lowlight,night_lowlight,0.0
2019-06-01 20:15:00+00:00,2019-06-01 21:15:00+00:00,0.077735,5.0,0.0,0.9377011656761168,1.703513503074646,2.4891090393066406,0.5129402875900269,2.0222554206848145,1.6196688413619995,1.0370343923568726,1.5617382526397705,2.008474349975586,0.0,0.0852188817264555,0.037244505793195,2.2943785190582275,1.5483789443969729,1.676881194114685,night_lowlight,night_lowlight,0.077735
2019-06-01 20:30:00+00:00,2019-06-01 21:30:00+00:00,0.430035,16.0,0.0,0.9749102592468262,1.7179372310638428,2.558436632156372,0.6444911360740662,2.176467180252075,1.890797734260559,1.2774393558502195,1.6686445474624634,2.225119113922119,0.0,0.0939828039791692,0.037244505793195,2.4906113147735596,1.7539633512496948,1.933431625366211,night_lowlight,night_lowlight,0.430035
2019-06-01 20:45:00+00:00,2019-06-01 21:45:00+00:00,0.860057,30.0,0.0,1.028752684593201,1.7805311679840088,2.651511907577514,0.7495637536048889,2.3240625858306885,2.0649006366729736,1.4884470701217651,1.7679661512374878,2.411332368850708,0.0,0.2299288527167005,0.3741668128773844,2.707829713821411,1.9426065683364868,2.1651718616485596,day_low,day_stable,0.860057
2019-06-01 21:00:00+00:00,2019-06-01 22:00:00+00:00,1.483426,52.0,0.0,1.0450279712677002,1.7449814081192017,2.673967123031616,0.8685096502304077,2.4355928897857666,2.2788052558898926,1.7689977884292605,1.8884434700012207,2.540695905685425,0.0871441945978328,0.3949019603940049,0.575806659252362,2.81689453125,2.06397008895874,2.471771717071533,day_low,day_stable,1.483426
2019-06-01 21:15:00+00:00,2019-06-01 22:15:00+00:00,2.089391,72.0,0.077735,1.1795949271774293,1.9728720716094972,3.0059185556030275,1.0283518961524964,2.644084267959595,2.623876862869263,2.080345445022583,2.0697432092285157,2.8575346997833253,1.0571956260053463,1.0398549647197752,1.182236339108901,3.033056788787842,2.3812759450531007,2.7916124394989015,day_low,day_stable,2.011656
2019-06-01 21:30:00+00:00,2019-06-01 22:30:00+00:00,2.64168,92.0,0.430035,1.7187544156646728,2.681820755157471,3.7556487371063234,1.5036908437347412,3.21937621131897,3.1952806760406496,2.6677202035522463,2.574509506378174,3.512338047180176,1.232072851440296,1.393221436573507,1.550663667638322,3.6009510804748537,3.0597513963317873,3.386741762313843,day_low,day_stable,2.211645
2019-06-01 21:45:00+00:00,2019-06-01 22:45:00+00:00,3.5255940000000003,126.0,0.860057,2.38036048777771,3.4055911339111327,4.599062327224732,2.0462771690673827,3.774129275161743,4.00571358569336,3.346643570739746,3.084545019943237,4.309844616729737,2.0464953890056927,2.1462363447221926,2.3234716579350514,4.237725142318726,3.8396307266540526,4.078433159667969,day_low,day_stable,2.6655370000000005
2019-06-01 22:00:00+00:00,2019-06-01 23:00:00+00:00,4.372922,157.0,1.483426,3.372953082443237,4.487955237747192,5.782905484558105,2.9480586303482053,4.846507455230713,5.273428346038818,4.416513825775146,4.048752929092407,5.466494943023681,3.690993602600459,4.020042303919743,3.944331144177731,5.174053336502075,4.821437980056762,5.007676984191894,day_low,day_stable,2.8894960000000003
2019-06-01 22:15:00+00:00,2019-06-01 23:15:00+00:00,5.524858999999999,196.0,2.089391,4.335177905288696,5.48510051461792,6.818272359100342,3.839232570854187,5.836997039047241,6.2836272785339355,5.4670445987854,4.9709558555755615,6.540270096984863,4.8767629758672015,4.867380605350779,5.423705209839797,5.993178612915039,5.813828952041626,5.983286864486694,day_low,day_stable,3.4354679999999993
2019-06-01 22:30:00+00:00,2019-06-01 23:30:00+00:00,6.498734,231.0,2.64168,5.148417947463989,6.403097627334595,7.545099017791748,4.715792176895142,6.801199195556641,7.141960857086182,6.563253877334595,5.9566533543396,7.505501029663086,6.231281096142526,6.855932605212562,7.267593799184543,6.759548423461914,6.648151633911133,6.918074844055176,day_low,day_stable,3.8570539999999998
2019-06-01 22:45:00+00:00,2019-06-01 23:45:00+00:00,7.779407000000001,277.0,3.5255940000000003,6.409192566055298,7.646579507965088,8.542583707946777,6.126502517837524,8.032022241729736,8.24858212866211,7.893380407470703,7.239676479476929,8.83721042074585,7.8396523406123855,8.220528918957648,8.949668484843944,7.87775350012207,7.857342962402344,8.164478544372558,day_medium,day_stable,4.253813000000001
2019-06-01 23:00:00+00:00,2019-06-02 00:00:00+00:00,9.008781,314.0,4.372922,7.570491847106934,8.68220287234497,9.284650858947751,7.939619835922241,9.54609733493042,9.627620753356933,9.51904540927124,8.748633441040038,10.156820830413816,8.59359422249504,9.962877008056974,10.051204003655902,8.901586588928222,9.044213828155517,9.331007060119628,day_medium,day_stable,4.635859000000001
2019-06-01 23:15:00+00:00,2019-06-02 00:15:00+00:00,10.30422,358.0,5.524858999999999,9.155093241485597,10.061679888519286,10.577485609802244,9.58020405844116,11.104490328582765,10.9025068767395,11.031666327270509,10.598874617370605,11.76534276083374,11.025729411778885,12.0668559096613,12.068030932587083,10.153389979156492,10.634009886535644,10.899047899993896,day_medium,day_stable,4.7793610000000015
2019-06-01 23:30:00+00:00,2019-06-02 00:30:00+00:00,11.70859,403.0,6.498734,10.311489346298217,11.174787524017333,11.146957876953124,10.725260737213134,12.315768244537352,11.9716286685791,12.201854708465577,12.063677313598632,12.978803637298585,12.113015902468742,12.884455999236849,13.607209603714132,11.198102000030516,11.862744334014891,12.102118971618651,day_medium,day_stable,5.209855999999999
2019-06-01 23:45:00+00:00,2019-06-02 00:45:00+00:00,13.30022,458.0,7.779407000000001,11.615969871932984,12.492897009307862,12.108656858856202,11.779319977218629,13.316783403808596,13.189342951232913,13.481692766601563,13.494945501739505,14.332881426269532,12.361794097439278,13.520318773451825,14.182758963673228,12.49752280657959,13.406271910125731,13.51634595339966,day_medium,day_stable,5.520812999999999
2019-06-02 00:00:00+00:00,2019-06-02 01:00:00+00:00,15.085,507.0,9.008781,12.83906082711792,14.006208463531497,13.03166679940796,14.028625055175782,15.532708688598634,15.339280649047852,15.124439283233643,15.361845060211182,15.892712159973144,13.569222280794666,16.56701598237704,18.061729651292804,13.610106988769532,15.251327558380128,14.719946428161622,day_medium,day_stable,6.076219
2019-06-02 00:15:00+00:00,2019-06-02 01:15:00+00:00,16.782498999999998,564.0,10.30422,14.07897380897522,15.406947413177493,13.990925350875855,15.169065752716063,16.966282644958497,16.481555262298585,16.437424936981202,16.777211943359376,17.32682398864746,15.62263010032024,17.386362651352602,18.40935217236489,14.67388609954834,17.02493170806885,16.221187391967774,day_medium,day_stable,6.478278999999997
2019-06-02 00:30:00+00:00,2019-06-02 01:30:00+00:00,17.342501000000002,582.0,11.70859,15.180774181213378,16.32600590499878,14.973916261520383,16.130517452087403,17.990631549682618,17.367667167510987,17.533752887573243,17.71054646286011,18.514767139282228,16.80451096586637,17.867066553490833,20.151919525413263,15.923261611785888,18.550188987579347,17.48688933166504,day_medium,day_stable,5.633911000000003
2019-06-02 00:45:00+00:00,2019-06-02 01:45:00+00:00,18.705311,621.0,13.30022,16.599051701278686,18.539659964294433,17.114580618591308,17.07492278739929,19.95722578689575,19.027895914764404,18.599258410186767,18.840965735168457,20.388032423706058,16.551739170259196,17.39347449124447,19.83721193294581,16.825118529052734,20.117578016967773,18.81540058776855,day_medium,day_stable,5.405090999999999
2019-06-02 01:00:00+00:00,2019-06-02 02:00:00+00:00,19.808689,662.0,15.085,17.85082980155945,19.31492467880249,18.597861251831056,19.571226081848145,22.189146480560304,22.01964422225952,20.624345264434815,20.722248992919923,22.203261814117432,19.441227741272073,19.779450716507785,22.161727278955215,18.196083030700684,22.00239797592163,19.733386001586915,day_high,day_stable,4.723689
2019-06-02 01:15:00+00:00,2019-06-02 02:15:00+00:00,20.68763,695.0,16.782498999999998,18.988283320831297,20.520420714782713,19.5542000974884,20.440761252807615,23.075279399322508,22.33001534597778,21.77670304434204,21.70584885733032,23.330886527465815,20.648040339032683,21.066469509687273,23.96464616702884,19.448497220443723,23.566929027008054,20.914885207580564,day_high,day_stable,3.905131000000001
2019-06-02 01:30:00+00:00,2019-06-02 02:30:00+00:00,21.39506,716.0,17.342501000000002,19.082282737327574,20.53729970796204,19.6186514650116,19.98978479249573,22.79830916268921,21.89201672418213,21.802139595581057,21.486965969635012,23.438601330352785,20.75211177863438,21.179571212273604,23.81862668074445,19.673973873687743,23.956394032073977,21.108753994537356,day_high,day_stable,4.052558999999999
2019-06-02 01:45:00+00:00,2019-06-02 02:45:00+00:00,22.56625,759.0,18.705311,20.072664439331053,21.43305891717529,20.15827113355255,20.21943384374237,23.65187567437744,22.144032895217897,22.587039410720823,22.287361085067747,24.32548874581909,20.650150372073774,20.888891197707256,23.730715023965683,20.73728984559631,24.85032719338989,22.137698590408323,day_high,day_stable,3.860939000000002
2019-06-02 02:00:00+00:00,2019-06-02 03:00:00+00:00,23.129311,775.0,19.808689,20.65101283966446,22.11163032232666,21.15226388155365,22.198840023864747,25.319429756988526,24.57904899298096,24.188970925201417,23.69605171858215,25.471495510925298,21.90646681036277,22.61071518828364,23.65508655727156,21.47469997583771,25.846028210510255,22.517072798599244,day_high,day_stable,3.320622
2019-06-02 02:15:00+00:00,2019-06-02 03:15:00+00:00,23.79431,804.0,20.68763,21.041854264621733,22.720664324645995,21.386870148067473,22.35908526409149,25.446464362030028,24.49675923812866,24.64115578163147,24.02731997001648,25.770927729492183,21.760642392766943,23.07348702011992,24.49355486100363,21.972996058349608,25.986872496490477,22.75754958618164,day_high,day_stable,3.1066800000000008
2019-06-02 02:30:00+00:00,2019-06-02 03:30:00+00:00,24.80538,841.0,21.39506,21.07395800667763,23.023251113471986,21.72541796880722,22.35253882127762,25.07966726737976,24.219259676513673,24.61433571296692,24.10840147453308,25.598565992889405,22.470772625039633,23.570458598547667,24.60813150735558,22.55430382209778,26.15259974914551,23.077021178779603,day_high,day_stable,3.4103199999999987
2019-06-02 02:45:00+00:00,2019-06-02 03:45:00+00:00,25.25775,856.0,22.56625,21.65363511800766,23.32954267024994,21.624218258857727,22.337004128694534,25.203244123458862,24.06235459804535,24.736761722564697,24.37824097633362,26.25907817840576,21.68134685267098,22.56135863694365,23.518640907781784,23.2750563955307,26.260466012954712,23.51701984167099,day_high,day_stable,2.6915000000000013
2019-06-02 03:00:00+00:00,2019-06-02 04:00:00+00:00,25.951191,875.0,23.129311,21.604818736206056,22.90338030923462,21.204919372688295,22.957689692269327,25.526466046463018,24.8398822890625,25.534589205871583,24.884608899246217,26.609816466461183,20.455635135483497,22.10138148428184,23.53097052618315,23.612041984687806,26.686715041290284,23.531009529720308,day_high,day_stable,2.82188
2019-06-02 03:15:00+00:00,2019-06-02 04:15:00+00:00,26.00675,880.0,23.79431,21.948995616493225,23.27598300224304,21.92862286811829,22.68106308227539,25.73729541545868,25.262132074890136,25.622823503074645,24.77028199678421,26.77032079940796,20.06040888087976,22.010857635784873,23.536979139746023,23.99133799618244,26.43457093482971,23.7198118979311,day_high,day_stable,2.212440000000001
2019-06-02 03:30:00+00:00,2019-06-02 04:30:00+00:00,26.692751,898.0,24.80538,22.441235674743652,24.10738433731079,22.490989579086303,22.642953051452636,25.700929952983856,25.339166475658416,25.819889081840515,25.085339321022033,26.955432070617675,20.55308605189604,21.652868413967735,23.660921083875657,24.690520769183635,26.617381824378967,24.20007289779663,day_high,day_stable,1.8873710000000017
2019-06-02 03:45:00+00:00,2019-06-02 04:45:00+00:00,26.147619,875.0,25.25775,22.502062524795537,24.27936604166031,22.582458223342897,22.267017807006837,25.19194919908047,24.909080560445787,25.486612270712858,24.945004756689073,26.412924732208253,21.58593662868791,22.23698327871998,23.86528531443689,24.75922604942322,26.443842376708982,24.37544187450409,day_high,day_stable,0.8898689999999974
2019-06-02 04:00:00+00:00,2019-06-02 05:00:00+00:00,25.439751,847.0,25.951191,22.369859508529665,24.396866015449525,22.75925736810303,23.178038648620607,25.41505240584946,25.275051406875612,25.933310079679252,25.22811483527756,26.17056620802021,21.718676422333335,23.039895833484767,24.31505488149251,25.10809563781357,26.829709640995027,24.748251608863832,day_high,day_stable,-0.5114400000000003
2019-06-02 04:15:00+00:00,2019-06-02 05:15:00+00:00,24.955,803.0,26.00675,22.10981835174561,24.184923065185547,22.196478021621704,22.594103944778443,25.249249887943268,25.046590042591095,25.32971633720398,24.616126311302185,25.69181714701653,20.960494525997102,22.66652215907512,23.741048146760026,24.47552098083496,26.546426129817963,24.533616912841797,day_high,day_stable,-1.051750000000002
2019-06-02 04:30:00+00:00,2019-06-02 05:30:00+00:00,24.64875,790.0,26.692751,22.252965519500737,24.344029495788575,22.303379604888917,22.27228028543091,24.617723772598268,24.495579073501588,24.818412611557008,24.337416956497194,25.19907517201996,20.615066386310193,22.780456846239016,23.729101424777003,24.335027763916017,26.70513951901144,25.03756053216553,day_high,day_stable,-2.0440010000000015
2019-06-02 04:45:00+00:00,2019-06-02 05:45:00+00:00,23.737869,751.0,26.147619,21.27126239828491,23.031629076522822,21.037610283416747,20.865771046203612,23.72588180593872,23.38015460066223,23.35908316664123,23.05760478071594,23.989915361923217,20.21565391329927,22.63826730566738,23.555159890303926,22.630402555984496,25.986108428162577,24.34124087385559,day_high,day_stable,-2.409749999999999
2019-06-02 05:00:00+00:00,2019-06-02 06:00:00+00:00,23.167379,722.0,25.439751,19.792788357330323,21.29405006845093,19.8584316678772,20.23264870126343,22.172723383499147,22.54773196656799,22.01680645425415,21.804217905593873,22.77379140336609,18.86061854774284,21.8699796975056,21.775672118754915,20.72345623452759,24.996392072034837,23.198924631668092,day_high,day_stable,-2.2723720000000007
2019-06-02 05:15:00+00:00,2019-06-02 06:15:00+00:00,22.761379,703.0,24.955,19.03021104812622,20.530222492218016,18.48833759307861,19.24251754760742,21.68007619857788,21.27055128097534,20.75346525192261,20.904182987213133,21.884431676864622,15.50758843734446,19.689168633783687,18.99432726093746,19.306194858551024,24.24071188449859,22.3381045627594,day_high,day_stable,-2.1936209999999967
2019-06-02 05:30:00+00:00,2019-06-02 06:30:00+00:00,21.890751,676.0,24.64875,18.144924335479736,19.137054138183593,17.809903316497802,18.363819770812988,20.414429836273193,20.444488220214843,19.69849603652954,19.573513202667236,21.07421319961548,14.837929276901768,19.01965460070275,18.04600294442808,18.63748472213745,22.94555550098419,21.875455074310302,day_high,day_stable,-2.757998999999998
2019-06-02 05:45:00+00:00,2019-06-02 06:45:00+00:00,21.315439,659.0,23.737869,17.075864052337646,18.26197264151001,16.577680325073242,17.214311337036133,19.522432064575195,19.27543756918335,18.249392723602295,18.252948498291016,19.89216635183716,13.47864266691638,17.66777107026145,16.44701337363469,17.502306675476074,20.778042768997192,20.76728270010376,day_high,day_stable,-2.4224299999999985
2019-06-02 06:00:00+00:00,2019-06-02 07:00:00+00:00,20.34725,626.0,23.167379,16.312837221435547,17.649261095336914,15.754373647979737,15.61829624395752,17.973597147277832,17.159669496826172,16.694517233184815,16.90055237036133,18.09689913015747,12.559359570257913,16.5079440511225,15.06025366972072,16.785889723114014,18.731255152038575,19.65681753378296,day_medium,day_stable,-2.8201290000000014
2019-06-02 06:15:00+00:00,2019-06-02 07:15:00+00:00,18.89913,573.0,22.761379,15.379221674255373,16.790417906097414,14.739844080261232,14.753339525512695,17.41612696295166,16.12672257070923,15.673757787994386,16.2074558699646,17.1639144385376,11.805413748150665,15.32767163822822,13.438971906590286,16.228464838317873,17.775764223388673,18.752119299224855,day_medium,day_stable,-3.862249000000002
2019-06-02 06:30:00+00:00,2019-06-02 07:30:00+00:00,17.18281,530.0,21.890751,13.90800296838379,15.244369144989015,13.217755432678224,13.560446854187012,15.851085300994876,14.38817226464844,14.258343334747316,14.879045601440431,15.804365749908447,10.515649629436004,14.137102183456795,12.298334432264726,15.291501160217289,16.227770443511965,17.27412378366089,day_medium,day_stable,-4.707941000000002
2019-06-02 06:45:00+00:00,2019-06-02 07:45:00+00:00,15.58331,481.0,21.315439,13.178606762756347,14.414490952362062,12.588695301879884,12.88245846258545,15.008668198455812,13.708765282501222,13.430780663360595,13.829691662658693,15.044139160980226,10.63050872197578,13.006344815793984,11.458671910967116,14.634606137145996,14.645402207244874,15.973537697662357,day_medium,day_stable,-5.7321290000000005
2019-06-02 07:00:00+00:00,2019-06-02 08:00:00+00:00,14.01881,432.0,20.34725,12.00570775604248,13.478299156188964,11.3849640045166,11.628755584716796,13.82943297958374,12.404865756988524,12.12948419189453,12.432585731506348,13.764359489440915,10.404777857809364,11.74016010555425,10.747612959749258,13.58278419113159,12.745463863372802,13.744186416625976,day_medium,day_stable,-6.328439999999999
2019-06-02 07:15:00+00:00,2019-06-02 08:15:00+00:00,8.784563,243.0,18.89913,10.598218096618652,12.01341165435791,10.228236330871582,10.676953448181152,12.459462775115966,11.249827994232175,10.865461481933592,10.87719167602539,12.478657854919431,7.356840851374811,9.105120875780036,8.124537803761935,12.146021498565672,11.102967394714357,12.147788180236816,day_low,day_ramp_down,-10.114567
2019-06-02 07:30:00+00:00,2019-06-02 08:30:00+00:00,8.739282000000001,222.0,17.18281,8.93321054321289,10.576862505493164,8.766555002746582,9.3838917527771,11.00192039352417,9.870274237213136,9.361408880767822,9.282315424499512,10.886669329223633,7.365420755400177,8.50186667935532,7.313220207662037,10.441007784423828,9.712264708099363,10.504824808654783,day_low,day_ramp_down,-8.443527999999999
2019-06-02 07:45:00+00:00,2019-06-02 08:45:00+00:00,6.132657,231.0,15.58331,7.824808470306397,10.075242392120362,7.763615004119874,8.524059168395997,10.256184450683596,8.893850199279786,8.128291479644776,8.493342749176026,9.632670752105714,5.9164120645851,7.68449866939504,6.7645164212816935,8.864433161315919,9.345467917022706,9.250650755462647,day_low,day_ramp_down,-9.450653
2019-06-02 08:00:00+00:00,2019-06-02 09:00:00+00:00,3.065234,95.0,14.01881,6.049348558959961,7.6891080995178225,6.239898409423828,5.525345530090332,7.420462336120606,6.220023359832764,6.232961382446289,6.175986017761231,7.723567690429688,5.223642351145485,5.449590109304424,4.712764999620951,7.474917616424561,7.168165888366699,8.216551985321045,day_low,day_ramp_down,-10.953576
2019-06-02 08:15:00+00:00,2019-06-02 09:15:00+00:00,7.522594000000001,207.0,8.784563,3.128436500823975,6.349480087554932,4.733883316314698,3.6009740183715824,4.7464775393371585,3.797386104858399,3.0852202723388675,3.521577770507813,4.336703235900879,3.5756390716498676,3.653558627709115,3.7780830310529767,2.718843395507813,4.997286731994629,4.368591720855713,day_low,day_stable,-1.2619689999999997
2019-06-02 08:30:00+00:00,2019-06-02 09:30:00+00:00,4.967375,152.0,8.739282000000001,2.4548591255493175,4.857230532104493,3.3467663406677257,3.248078215057374,4.7179721473999034,3.5882133125610363,2.8337157844848644,3.1324170708007824,4.349371778900148,2.5441960969539745,2.7022811509881897,2.328253873682576,2.9394010185546886,4.553253996307374,4.903167593414308,day_low,day_stable,-3.7719070000000015
2019-06-02 08:45:00+00:00,2019-06-02 09:45:00+00:00,4.006844,123.0,6.132657,0.6056060280151367,3.307329842025757,1.8120326484985352,1.847524115020752,2.8805236305541992,1.871734091217041,1.2250952209777832,1.4609078850097656,2.3466071571655274,1.4182710444765658,2.9590904873940445,2.799718373474472,0.7065743889160156,2.844522186691284,3.023570724899292,day_low,day_stable,-2.125813
2019-06-02 09:00:00+00:00,2019-06-02 10:00:00+00:00,2.812852,91.0,3.065234,0.0,2.5439500158157347,1.2868443076934812,0.2476208751525876,1.0310662334289549,0.0,0.0,0.0,0.0474701469268796,0.7151697834185887,0.6934396730964693,0.8995274871650948,0.0,0.6517334525909422,0.5848084037628172,day_low,day_stable,-0.2523819999999999
2019-06-02 09:15:00+00:00,2019-06-02 10:15:00+00:00,1.865828,65.0,7.522594000000001,1.775188470977784,3.7276523362579352,1.8451423894348151,2.2534213315429694,4.393830801147462,2.8316664945068366,2.4343619595947272,2.9202347051086432,3.4698524724426276,1.5256211657548466,1.4119907382346546,1.1468953484971744,2.957183385986329,3.106689478057862,4.997059608596802,day_low,day_stable,-5.656766000000001
2019-06-02 09:30:00+00:00,2019-06-02 10:30:00+00:00,1.181277,39.0,4.967375,0.0,1.965707262039184,0.3087231712341305,0.6585361557006832,2.3863248424530026,1.0356185035705563,0.2918893890380856,0.972213705062866,1.5551173286437985,0.5423511482662706,0.4341269037179294,0.5315709167650793,0.9078347282409664,1.2377407150268551,2.6350659923553463,day_low,day_stable,-3.786098
2019-06-02 09:45:00+00:00,2019-06-02 10:45:00+00:00,1.472023,44.0,4.006844,0.059167579788208,2.497341589111328,1.088837341445923,0.8842601338806153,2.3786278525772095,1.0743810693206788,0.3000394860687256,1.279328302520752,1.0882827798309327,0.4561629648359013,0.1409276274206507,0.6781523626333456,0.0502161542358399,1.4576286832275391,1.6386014977874757,day_low,day_stable,-2.534821
2019-06-02 10:00:00+00:00,2019-06-02 11:00:00+00:00,1.097633,36.0,2.812852,0.0,1.3338571536560058,0.1231575953979491,0.0,1.2296826589126586,0.0,0.0,0.2737501609344481,0.0,0.0033732620336493,0.0,0.2494753261471932,0.0,0.4689715850372313,0.6975587356109618,day_low,day_stable,-1.7152189999999998
2019-06-02 10:15:00+00:00,2019-06-02 11:15:00+00:00,0.3897239999999999,14.0,1.865828,0.0,0.4837810620574951,0.0,0.0,0.661824904373169,0.0,0.0,0.0,0.0,0.0,0.0,0.007420903829108,0.0,0.0499720200805664,0.0,night_lowlight,night_lowlight,-1.476104
2019-06-02 10:30:00+00:00,2019-06-02 11:30:00+00:00,0.072114,0.0,1.181277,0.0,0.0,0.0,0.0,0.2435620656509398,0.0,0.0,0.0,0.0,0.0,0.0,0.0,0.0,0.0,0.0,night_lowlight,night_lowlight,-1.109163
2019-06-02 10:45:00+00:00,2019-06-02 11:45:00+00:00,0.0,0.0,1.472023,0.0,0.0535642998199463,0.3085951702575684,0.0,0.5831307070236207,0.0,0.0,0.0,0.0,0.0,0.0,0.0,0.0108168022613526,0.0398068325500489,0.0,night_lowlight,night_lowlight,-1.472023
2019-06-02 11:00:00+00:00,2019-06-02 12:00:00+00:00,0.0,0.0,1.097633,0.0,0.0,0.0,0.0,0.3217208343582154,0.0,0.0,0.0,0.0,0.0,0.0,0.0,0.0839585023956299,0.0,0.0,night_lowlight,night_lowlight,-1.097633
2019-06-02 11:15:00+00:00,2019-06-02 12:15:00+00:00,0.0,0.0,0.3897239999999999,0.0,0.0,0.0157526569595335,0.0,0.0,0.0,0.0,0.0,0.0,0.0,0.0,0.0,0.0,0.0,0.0,night_lowlight,night_lowlight,-0.3897239999999999
2019-06-02 11:30:00+00:00,2019-06-02 12:30:00+00:00,0.0,0.0,0.072114,0.0,0.0,0.1586379277482033,0.0,0.0,0.0,0.0,0.0,0.0,0.0,0.0,0.0,0.0,0.0,0.0,night_lowlight,night_lowlight,-0.072114
2019-06-02 11:45:00+00:00,2019-06-02 12:45:00+00:00,0.0,0.0,0.0,0.0,0.0,0.0,0.0,0.0,0.0,0.0,0.0,0.0,0.0,0.0,0.0,0.0,0.0,0.0,night_lowlight,night_lowlight,0.0
2019-06-02 12:00:00+00:00,2019-06-02 13:00:00+00:00,0.0,0.0,0.0,0.0,0.0,0.1999859064817428,0.0,0.0,0.0,0.0,0.0,0.0,0.0,0.0,0.0,0.0,0.0,0.0,night_lowlight,night_lowlight,0.0
2019-06-02 12:15:00+00:00,2019-06-02 13:15:00+00:00,0.0,0.0,0.0,0.0,0.0,0.1738401353359222,0.0,0.0246188417077064,0.0,0.0,0.0,0.0,0.0,0.0,0.0,0.0,0.0,0.0,night_lowlight,night_lowlight,0.0
2019-06-02 12:30:00+00:00,2019-06-02 13:30:00+00:00,0.0,0.0,0.0,0.0,0.0,0.1874133348464965,0.0,0.1431571692228317,0.0,0.0,0.0,0.0,0.0,0.0,0.0,0.0,0.0,0.0,night_lowlight,night_lowlight,0.0
2019-06-02 12:45:00+00:00,2019-06-02 13:45:00+00:00,0.0,0.0,0.0,0.0,0.0,0.2655818462371826,0.0,0.1809194535017013,0.0,0.0,0.0,0.0,0.0,0.0,0.0,0.018863845616579,0.0,0.0,night_lowlight,night_lowlight,0.0
2019-06-02 13:00:00+00:00,2019-06-02 14:00:00+00:00,0.0,0.0,0.0,0.0,0.0,0.5028813481330872,0.0,0.0885796248912811,0.0,0.0,0.0,0.0,0.0,0.230613519478247,0.0908147955636212,0.2879585027694702,0.0,0.0,night_lowlight,night_lowlight,0.0
2019-06-02 13:15:00+00:00,2019-06-02 14:15:00+00:00,0.0,0.0,0.0,0.0,0.0,0.792419970035553,0.0,0.3770982325077057,0.0,0.0,0.0180869176983833,0.0,0.0,0.183351748045369,0.0955108214666588,0.2601486444473266,0.0,0.0,night_lowlight,night_lowlight,0.0
2019-06-02 13:30:00+00:00,2019-06-02 14:30:00+00:00,0.0,0.0,0.0,0.0,0.0,0.6386500000953674,0.0,0.4189279675483703,0.0,0.0,0.0517982318997383,0.0,0.0,0.0,0.0,0.2982938885688782,0.0,0.0,night_lowlight,night_lowlight,0.0
2019-06-02 13:45:00+00:00,2019-06-02 14:45:00+00:00,0.0,0.0,0.0,0.0,0.0,0.455011636018753,0.0,0.5302926898002625,0.0,0.0,0.1546487510204315,0.0,0.0,0.2156898776360399,0.0883994161556255,0.2588984370231628,0.0,0.0,night_lowlight,night_lowlight,0.0
2019-06-02 14:00:00+00:00,2019-06-02 15:00:00+00:00,0.0,0.0,0.0,0.0,0.0,0.4324859380722046,0.0,0.6060643792152405,0.0,0.0,0.260625809431076,0.0,0.0,0.1093566390613497,0.0835503149115057,0.3513673543930053,0.0,0.0,night_lowlight,night_lowlight,0.0
2019-06-02 14:15:00+00:00,2019-06-02 15:15:00+00:00,0.0,0.0,0.0,0.0,0.0,0.5569989085197449,0.0,0.5383283495903015,0.0,0.0,0.1790052503347396,0.0,0.0,0.1133844755699146,0.0847209961939007,0.4510935544967651,0.0,0.0,night_lowlight,night_lowlight,0.0
2019-06-02 14:30:00+00:00,2019-06-02 15:30:00+00:00,0.0,0.0,0.0,0.0,0.0,0.4311173260211944,0.0,0.5833156108856201,0.0,0.0,0.2207776755094528,0.0,0.0,0.1093566390613497,0.0835503149115057,0.4105625748634338,0.0,0.0,night_lowlight,night_lowlight,0.0
2019-06-02 14:45:00+00:00,2019-06-02 15:45:00+00:00,0.0,0.0,0.0,0.0,0.0,0.401930958032608,0.0,0.6282232999801636,0.0,0.0,0.2691491544246673,0.0,0.0,0.1093566390613497,0.0835503149115057,0.3849526941776275,0.0,0.0,night_lowlight,night_lowlight,0.0
2019-06-02 15:00:00+00:00,2019-06-02 16:00:00+00:00,0.0,0.0,0.0,0.0,0.0,0.6779316067695618,0.0,0.706338107585907,0.0,0.0,0.3059677481651306,0.0,0.0,0.0946353213166226,0.0353086242358844,0.5529998540878296,0.0,0.0,night_lowlight,night_lowlight,0.0
2019-06-02 15:15:00+00:00,2019-06-02 16:15:00+00:00,0.0,0.0,0.0,0.0,0.0,0.6833953857421875,0.0,0.6168173551559448,0.0,0.0,0.254686176776886,0.0,0.0,0.0946353213166226,0.0234047125616026,0.5599898099899292,0.0,0.0,night_lowlight,night_lowlight,0.0
2019-06-02 15:30:00+00:00,2019-06-02 16:30:00+00:00,0.0,0.0,0.0,0.0,0.0,0.0002352241135668,0.0,0.639538586139679,0.0,0.0,0.3583563566207886,0.0,0.0,0.0474203441370375,0.098338983115608,0.4136960804462433,0.0,0.0,night_lowlight,night_lowlight,0.0
2019-06-02 15:45:00+00:00,2019-06-02 16:45:00+00:00,0.0,0.0,0.0,0.0,0.0,0.9226994514465332,0.0,0.4451144635677337,0.0,0.0,0.2472672462463379,0.0,0.0,0.0514406186581503,0.1007329414876399,0.5823116898536682,0.0,0.0,night_lowlight,night_lowlight,0.0
2019-06-02 16:00:00+00:00,2019-06-02 17:00:00+00:00,0.0,0.0,0.0,0.0,0.0,0.3949393033981323,0.0,0.6326704025268555,0.0,0.0,0.431740254163742,0.0,0.0,0.0410919089625401,0.0479592217676142,0.5528239607810974,0.0,0.0,night_lowlight,night_lowlight,0.0
2019-06-02 16:15:00+00:00,2019-06-02 17:15:00+00:00,0.0,0.0,0.0,0.0,0.0684319287538528,0.6472000479698181,0.0,0.4674526453018188,0.0,0.0,0.3487911522388458,0.0,0.0,0.0491400199922177,0.0503531801396461,0.6406719088554382,0.0,0.0,night_lowlight,night_lowlight,0.0
2019-06-02 16:30:00+00:00,2019-06-02 17:30:00+00:00,0.0,0.0,0.0,0.0,0.0790480598807334,0.4831993877887726,0.0,0.5985487103462219,0.0,0.0,0.5017211437225342,0.0,0.0,0.0467542869238423,0.0545129787955768,0.6744427680969238,0.0,0.0,night_lowlight,night_lowlight,0.0
2019-06-02 16:45:00+00:00,2019-06-02 17:45:00+00:00,0.0,0.0,0.0,0.0,0.1960458010435104,0.5948760509490967,0.0,0.6968004107475281,0.0,0.0,0.5909525156021118,0.0,0.0,0.0467542869238423,0.0195095251473442,0.6923179626464844,0.0,0.0,night_lowlight,night_lowlight,0.0
2019-06-02 17:00:00+00:00,2019-06-02 18:00:00+00:00,0.0,0.0,0.0,0.0479549318552017,0.4449644088745117,1.1569312810897827,0.0,0.5984464287757874,0.0,0.0,0.5244192481040955,0.0,0.0,0.0500167588008538,0.037244505793195,0.7513765096664429,0.0,0.0,night_lowlight,night_lowlight,0.0
2019-06-02 17:15:00+00:00,2019-06-02 18:15:00+00:00,0.0,0.0,0.0,0.0569972917437553,0.2948547005653381,0.9792678356170654,0.0,0.7460936903953552,0.0,0.0,0.6133069396018982,0.0,0.0,0.0500167588008538,0.037244505793195,0.8931542634963989,0.0,0.0,night_lowlight,night_lowlight,0.0
2019-06-02 17:30:00+00:00,2019-06-02 18:30:00+00:00,0.0,0.0,0.0,0.1068070605397224,0.254248559474945,1.024722456932068,0.0,0.9132168889045716,0.0202428102493286,0.0,0.6982532143592834,0.0,0.0,0.0500167588008538,0.037244505793195,1.0421373844146729,0.0433656126260757,0.0,night_lowlight,night_lowlight,0.0
2019-06-02 17:45:00+00:00,2019-06-02 18:45:00+00:00,0.0,0.0,0.0,0.1646534204483032,0.2754884958267212,1.0791774988174438,0.0,1.0467554330825806,0.1228934526443481,0.0,0.7874963879585266,0.0,0.0,0.0500167588008538,0.037244505793195,1.1881049871444702,0.1664896756410598,0.0,night_lowlight,night_lowlight,0.0
2019-06-02 18:00:00+00:00,2019-06-02 19:00:00+00:00,0.0,0.0,0.0,0.2189981192350387,0.4132722318172455,1.2108914852142334,0.0,1.161044001579285,0.1632889956235885,0.0,0.8534594178199768,0.0,0.0,0.0500167588008538,0.037244505793195,1.3808445930480957,0.128560408949852,0.0,night_lowlight,night_lowlight,0.0
2019-06-02 18:15:00+00:00,2019-06-02 19:15:00+00:00,0.0,0.0,0.0,0.3031383454799652,0.5054661631584167,1.3371583223342896,0.0,1.2726248502731323,0.2690556049346924,0.0,0.925178587436676,0.0,0.0,0.0500167588008538,0.037244505793195,1.5826605558395386,0.1934510022401809,0.0,night_lowlight,night_lowlight,0.0
2019-06-02 18:30:00+00:00,2019-06-02 19:30:00+00:00,0.0,0.0,0.0,0.4122582376003265,0.6716559529304504,1.4199821949005127,0.0,1.5296562910079956,0.4526779055595398,0.0190060622990131,1.0151106119155884,0.0,0.0,0.0500167588008538,0.037244505793195,1.7394602298736572,0.3610388338565826,0.1193352714180946,night_lowlight,night_lowlight,0.0
2019-06-02 18:45:00+00:00,2019-06-02 19:45:00+00:00,0.0,0.0,0.0,0.4980201125144958,0.7582650780677795,1.6800849437713623,0.0,1.4848426580429075,0.6226878762245178,0.1949577778577804,1.0864386558532717,0.0338399894535541,0.0,0.0500167588008538,0.037244505793195,1.939542531967163,0.378637433052063,0.2679019570350647,night_lowlight,night_lowlight,0.0
2019-06-02 19:00:00+00:00,2019-06-02 20:00:00+00:00,0.0,0.0,0.0,0.6376689076423645,1.0731513500213623,1.898567795753479,0.0,1.6755390167236328,0.6936455965042114,0.3605240881443023,1.1835618019104004,0.3282546103000641,0.0,0.0578209732490179,0.037244505793195,2.1492466926574707,0.3872722089290619,0.5451417565345764,night_lowlight,night_lowlight,0.0
2019-06-02 19:15:00+00:00,2019-06-02 20:15:00+00:00,0.0,0.0,0.0,0.745013415813446,1.2242844104766846,2.1262741088867188,0.0224729478359222,1.788569450378418,0.9499273896217346,0.5783668756484985,1.323766589164734,0.7052084803581238,0.0,0.0578209732490179,0.037244505793195,2.283245325088501,0.3728117942810058,0.6923685073852539,night_lowlight,night_lowlight,0.0
2019-06-02 19:30:00+00:00,2019-06-02 20:30:00+00:00,0.0,0.0,0.0,0.7852343320846558,1.1891363859176636,2.1191365718841553,0.2521756291389465,1.9793015718460083,1.234256386756897,0.738624632358551,1.4025719165802002,0.9285863637924194,0.0,0.0578209732490179,0.037244505793195,2.4246294498443604,0.4255152642726898,0.8932482600212097,night_lowlight,night_lowlight,0.0
2019-06-02 19:45:00+00:00,2019-06-02 20:45:00+00:00,0.0,0.0,0.0,0.8932921886444092,1.4884819984436035,2.416921854019165,0.3630129098892212,2.2110300064086914,1.3548592329025269,0.914444625377655,1.5954169034957886,1.3157209157943726,0.0,0.0578209732490179,0.037244505793195,2.557727575302124,0.5216691493988037,1.0434904098510742,night_lowlight,night_lowlight,0.0
2019-06-02 20:00:00+00:00,2019-06-02 21:00:00+00:00,0.0,0.0,0.0,0.9768613576889038,1.630082607269287,2.626287937164306,0.423256367444992,2.234213352203369,1.3860423564910889,0.9692190289497375,1.6387981176376345,1.4926174879074097,0.0,0.0852188817264555,0.037244505793195,2.649497985839844,0.5114126205444336,1.2295894622802734,night_lowlight,night_lowlight,0.0
2019-06-02 20:15:00+00:00,2019-06-02 21:15:00+00:00,0.199541,4.0,0.0,1.0227277278900146,1.7469482421875,2.7651538848876953,0.5182404518127441,2.361377716064453,1.5430423021316528,1.1009526252746582,1.7667118310928345,1.708608627319336,0.0,0.0852188817264555,0.037244505793195,2.780451536178589,0.5240294337272644,1.4137524366378784,night_lowlight,night_lowlight,0.199541
2019-06-02 20:30:00+00:00,2019-06-02 21:30:00+00:00,0.522115,22.0,0.0,1.0896316766738892,2.0082314014434814,3.0544276237487793,0.5902655124664307,2.4157474040985107,1.7327150106430054,1.2660739421844482,1.878279209136963,2.00211238861084,0.0,0.0939828039791692,0.037244505793195,2.8817648887634277,0.5705821514129639,1.5667685270309448,day_low,day_stable,0.522115
2019-06-02 20:45:00+00:00,2019-06-02 21:45:00+00:00,0.821105,39.0,0.0,1.1050646305084229,2.222895622253418,3.249868869781494,0.6800113916397095,2.487112522125244,1.9473947286605835,1.415019989013672,1.9478899240493777,2.2079455852508545,0.0,0.2269612778720393,0.2697698714743824,2.916602611541748,0.7161385416984558,1.7956944704055786,day_low,day_stable,0.821105
2019-06-02 21:00:00+00:00,2019-06-02 22:00:00+00:00,1.112563,56.0,0.0,1.100602388381958,2.3215818405151367,3.2582225799560547,0.7573883533477783,2.6188647747039795,2.168068170547486,1.5603792667388916,1.9919837713241575,2.367816209793091,0.0290904208667836,0.5061808580597533,0.4701864407597234,2.905400514602661,0.867769181728363,2.0153956413269043,day_low,day_stable,1.112563
2019-06-02 21:15:00+00:00,2019-06-02 22:15:00+00:00,1.5058200000000002,69.0,0.199541,1.2906178508911132,2.405921844116211,3.76580658303833,1.1814992104682922,3.1554519210968017,2.666235116592407,2.0306345497283935,2.3116380249176025,2.6471413646850586,0.6575064417491955,1.3165650890461331,1.3946425813027357,3.328519729248047,0.985455957523346,2.43946757661438,day_low,day_stable,1.3062790000000002
2019-06-02 21:30:00+00:00,2019-06-02 22:30:00+00:00,2.109078,107.0,0.522115,1.7040377933883666,2.810802467575073,4.1095976908111576,1.7283336002731322,3.6817772467041014,3.3694226820373534,2.6835331995391845,2.7271547396087645,3.1489050466918944,1.68759136620732,1.6792018958465078,1.775940231224795,3.891645916213989,1.4398960549736022,2.9611277658843993,day_low,day_stable,1.586963
2019-06-02 21:45:00+00:00,2019-06-02 22:45:00+00:00,2.913422,144.0,0.821105,2.2883999314117434,3.641533371429443,4.992836948852539,2.1281759705352785,4.2873234715271,3.947743650894165,3.1553783383178713,3.179270740966797,3.856498714904786,1.9223173644996991,2.261535516909054,2.3002274467387904,4.430998560409546,1.9169509377288816,3.474036928634644,day_low,day_stable,2.0923170000000004
2019-06-02 22:00:00+00:00,2019-06-02 23:00:00+00:00,4.047969,179.0,1.112563,2.7530693867568967,4.225051985061645,5.479837761199951,2.8097283699874875,4.878852472579956,4.832117901123047,3.9026881316070554,3.7035280325775144,4.873491153991699,3.3711929529097975,3.629352547950955,3.619946806378301,4.7062936880950925,2.922899112976074,4.077854976928711,day_low,day_stable,2.9354060000000004
2019-06-02 22:15:00+00:00,2019-06-02 23:15:00+00:00,5.437469,230.0,1.5058200000000002,3.219808661766052,4.519574844665527,5.9771959422302245,3.4895012019348144,5.380433285064697,5.682831489868164,4.572086536712646,4.204479896850586,5.612276756591797,4.21686397507259,4.724585432055086,4.967589491783062,5.147416794128418,3.646217071838379,4.772183620758057,day_low,day_stable,3.931649
2019-06-02 22:30:00+00:00,2019-06-02 23:30:00+00:00,7.092969,294.0,2.109078,3.9442518452911375,5.103312800338745,6.729431221893311,4.359093258789063,6.198297570159912,6.63838298123169,5.488572905471802,4.8984978894500735,6.327148030212403,5.491982014171773,6.508197141894648,6.380480566011285,5.935627768447876,4.500240872314453,5.648483584335327,day_medium,day_stable,4.983891
2019-06-02 22:45:00+00:00,2019-06-02 23:45:00+00:00,8.937906,360.0,2.913422,4.951663386413575,6.414238106796265,7.84344137866211,5.296699893066407,7.309047591278077,7.51591337878418,6.5076762552948,5.9396268244476325,7.509633433410645,6.6064084267662935,7.78178339587154,8.462922945770773,6.889114987442017,5.683806073257447,6.7791303511352545,day_medium,day_stable,6.024483999999999
2019-06-02 23:00:00+00:00,2019-06-03 00:00:00+00:00,10.7135,409.0,4.047969,6.238480703491211,7.621200458663941,8.919984476226807,6.920261280197144,9.0255137845459,9.146803037780762,8.350356237548828,7.393608705657959,9.019767896789553,8.179500943931071,9.27661475213646,10.021481290288929,8.34995521749878,7.024994032043457,8.232950346130371,day_medium,day_stable,6.665531
2019-06-02 23:15:00+00:00,2019-06-03 00:15:00+00:00,12.453,457.0,5.437469,7.752849811691284,9.320176595825195,10.4522976819458,8.671749586242676,11.061268800872805,10.759292120117188,10.208382600921633,9.175979608673096,10.83735560812378,9.052729978092424,11.584327077686195,11.507950869136058,9.920864576477053,8.663262600082398,9.897547239440918,day_medium,day_stable,7.015530999999999
2019-06-02 23:30:00+00:00,2019-06-03 00:30:00+00:00,14.15925,515.0,7.092969,9.467309772628784,11.141204416412354,12.088321745056152,10.351762115615845,13.11779743399048,12.47143989767456,12.04655080999756,11.183509409088137,12.612927972930908,10.707426935813306,12.386099036381186,13.435709588413506,11.751134454864502,10.347524702209473,11.787544786590576,day_medium,day_stable,7.066281
2019-06-02 23:45:00+00:00,2019-06-03 00:45:00+00:00,15.78719,556.0,8.937906,11.70835277734375,13.511697027069092,13.81282112298584,12.46522853074646,15.270391675811767,14.350311490875244,14.018195840698242,13.514149877410889,14.331838342529297,14.473239560445023,16.558325865399826,16.429517512818773,13.664579126220705,12.298569414001465,13.846584531646728,day_medium,day_stable,6.849284000000001
2019-06-03 00:00:00+00:00,2019-06-03 01:00:00+00:00,17.353001000000003,605.0,10.7135,13.648522592544555,15.486006713867187,15.61154983139038,14.989359355926512,17.901036239624023,16.988192058563232,16.399655796051025,15.885997749328611,16.81445453262329,17.002338431613254,17.549598430731578,17.937927573263902,15.435655094146728,14.202308393478392,15.486193157196045,day_medium,day_stable,6.639501000000003
2019-06-03 00:15:00+00:00,2019-06-03 01:15:00+00:00,18.665501000000003,639.0,12.453,15.33686583328247,16.96943466949463,17.04219334411621,16.721733978271484,19.56845991897583,18.453871181488037,17.88016598510742,17.55616562652588,18.312463691711425,17.450575944093146,18.630960899131907,19.100631786598782,17.163558891296386,15.766458919525146,17.012659481048583,day_medium,day_stable,6.212501000000003
2019-06-03 00:30:00+00:00,2019-06-03 01:30:00+00:00,20.06156,677.0,14.15925,17.012756326675415,18.816878536224365,18.67680714416504,18.04099843788147,20.991449096679688,19.68185208129883,19.12714836883545,18.906939723968502,19.685783126831055,19.650074208982826,20.183687544258795,20.271954263019776,18.71015856552124,17.33199785041809,18.40853617477417,day_high,day_stable,5.90231
2019-06-03 00:45:00+00:00,2019-06-03 01:45:00+00:00,21.516689000000003,720.0,15.78719,18.411079923095706,20.66512254852295,20.083786527099612,19.063776055755618,22.161209622802737,20.515583077850344,20.148936788024905,19.930186788024905,20.91891769546509,21.152614304405976,21.591052678879784,22.543637269446226,20.226905862274172,18.73993949073792,19.670999089660647,day_high,day_stable,5.729499000000002
2019-06-03 01:00:00+00:00,2019-06-03 02:00:00+00:00,22.743441,753.0,17.353001000000003,19.64544212968445,22.058601738525393,21.257658363891604,21.357764603210452,24.211096169067385,22.727050663543704,21.87976014764405,21.20719635636902,22.3620980993042,22.785609846581217,23.1626059185617,23.703221577452947,21.60648381860352,20.326935173583987,20.693085552764895,day_high,day_stable,5.390439999999998
2019-06-03 01:15:00+00:00,2019-06-03 02:15:00+00:00,23.524379999999997,774.0,18.665501000000003,20.673577906204223,23.45874154718018,22.16074097306824,22.030135513854983,25.036133171630865,23.181805016113284,22.78365504891968,21.697475077224738,23.205055595947268,24.45071279762554,24.512817018581146,24.61328392284502,22.57576120050049,21.46723044068909,21.444900633407595,day_high,day_stable,4.858878999999995
2019-06-03 01:30:00+00:00,2019-06-03 02:30:00+00:00,24.33638,828.0,20.06156,21.83704575401306,24.729516829071045,23.06496223312378,22.7604707131958,25.804061735687256,23.803745354232788,23.58492573600769,22.458969200668335,24.024309004364017,24.81933961589015,24.910440443054377,24.806423049165584,23.562006796417236,22.72770580154419,22.450298870620728,day_high,day_stable,4.274819999999998
2019-06-03 01:45:00+00:00,2019-06-03 02:45:00+00:00,25.329941,847.0,21.516689000000003,22.726564345230106,25.65087192999268,23.797022995819095,23.27882033335114,26.177770790924075,23.954243597854617,24.205326733459476,22.72219484793091,24.37175768362427,25.758582186056685,26.044609475050763,26.050549416889048,24.6924292420044,23.567392525543216,23.531930622924808,day_high,day_stable,3.8132519999999985
2019-06-03 02:00:00+00:00,2019-06-03 03:00:00+00:00,25.59375,873.0,22.743441,23.40465582849121,26.395823850646973,24.13340295793152,24.914094104782105,27.703525438323975,25.75230158807373,25.59779299737549,23.79210461618042,25.70195282937622,26.85734596371224,27.879139597820988,26.983178130462885,25.508088483825684,24.705609455123906,24.294043316856385,day_high,day_stable,2.8503089999999993
2019-06-03 02:15:00+00:00,2019-06-03 03:15:00+00:00,25.99581,876.0,23.524379999999997,23.906758458976743,26.83363345420837,24.48884222066879,25.09770623004913,27.914426596527097,25.803714306716916,25.8293104485321,23.882877619628903,25.854057343368527,25.76185820490229,26.583565033975063,25.91939076181535,25.697391064529416,25.116718442802423,24.640121610527036,day_high,day_stable,2.4714300000000016
2019-06-03 02:30:00+00:00,2019-06-03 03:30:00+00:00,26.50069,889.0,24.33638,24.20389353740692,26.98703312385559,25.293521399383543,25.2551096628952,27.49741386878967,25.242086048011775,25.821850056533812,23.74231212842941,25.192218000774385,25.875806732870327,26.79334209345197,25.87471503194036,26.047568316345213,25.011668319587702,25.00259708869934,day_high,day_stable,2.1643100000000004
2019-06-03 02:45:00+00:00,2019-06-03 03:45:00+00:00,26.812189,901.0,25.329941,24.97096800352669,27.873933757797243,25.57493260051346,25.114319528594972,28.222534145370485,25.610509689107896,26.121173228279115,23.991359557167055,25.734027381196977,26.948689335941975,27.53145212953932,26.484039106330815,26.16893848325348,25.46357790674305,25.15790459062195,day_high,day_stable,1.4822479999999985
2019-06-03 03:00:00+00:00,2019-06-03 04:00:00+00:00,27.15563,903.0,25.59375,24.835708558559418,27.304441213607788,25.259591430425644,25.593046156223863,28.69472861289978,26.513209879398342,26.637766361236572,24.47639632225037,25.846728563308716,26.52043693463984,27.81526735608668,27.183478977535103,25.331878125667572,25.8335050791502,24.95923674106598,day_high,day_stable,1.5618799999999986
2019-06-03 03:15:00+00:00,2019-06-03 04:15:00+00:00,27.353809,918.0,25.99581,24.480631200370787,26.683917788562773,25.066150692996978,25.1069042363739,28.172951666412352,25.954897438881396,26.288925884065627,23.940334526596068,25.172922400531768,26.562650241096787,27.95355200976238,27.206012073642952,24.64367982536316,25.514771668014525,25.035283235607142,day_high,day_stable,1.3579989999999995
2019-06-03 03:30:00+00:00,2019-06-03 04:30:00+00:00,27.384439,912.0,26.50069,24.54712988609314,26.69706569785118,25.12208856815338,24.913487093391417,27.40756960386276,25.317007558288573,26.000309901180263,23.535731093826293,24.445064561309813,26.65212587265876,27.69629643424979,27.28075050599599,23.8724522756958,25.2840756344223,25.323527114334105,day_high,day_stable,0.8837490000000017
2019-06-03 03:45:00+00:00,2019-06-03 04:45:00+00:00,27.132,900.0,26.812189,24.4326986244812,26.93272394155407,24.889367239822388,24.36535109793091,27.0509677848711,24.799293415893555,25.623127239097595,23.384997504104614,23.93665136610413,26.210014521252056,27.28529364341646,26.68582009262307,23.176812308181763,25.175811426986694,25.34974183355713,day_high,day_stable,0.3198110000000014
2019-06-03 04:00:00+00:00,2019-06-03 05:00:00+00:00,26.857691,887.0,27.15563,24.18812979019165,26.578262753849028,24.0362132862854,24.898068554763793,26.90756555653095,24.782860405807497,25.770567663078307,23.93971122062683,23.761473782424925,25.904393472413137,27.10830708588368,26.39635980881907,23.022393591766356,25.39392627037048,25.604544647102355,day_high,day_stable,-0.2979389999999995
2019-06-03 04:15:00+00:00,2019-06-03 05:15:00+00:00,26.55319,863.0,27.353809,24.01319253538513,26.71520292852783,23.79619419668579,24.08875978086853,27.272796959623335,24.817905784591673,25.45899891947174,23.894152046188353,24.43539941404724,25.349419519067627,26.94284839827109,26.09351564949376,22.661251188262938,25.758958817466738,25.44181358908081,day_high,day_stable,-0.8006189999999975
2019-06-03 04:30:00+00:00,2019-06-03 05:30:00+00:00,25.97788,831.0,27.384439,23.4828333939209,25.674572357048035,23.306944855560303,22.99766446005249,26.09550643812561,24.140285977233887,24.638062962402344,23.425909766067505,23.925713547576905,25.20599912964303,26.659010538139142,25.84717927553703,22.460143097747803,25.370017775405884,25.41046417604828,day_high,day_stable,-1.4065590000000014
2019-06-03 04:45:00+00:00,2019-06-03 05:45:00+00:00,25.584999,805.0,27.132,23.038233310699464,24.72317937088013,23.023473293304445,22.174943477630617,25.23102048110962,23.34582522583008,23.89699605178833,22.74134114456177,23.201502353668214,24.846634019432845,26.4759872233053,25.35738990836503,21.869160205841062,24.54215911102295,25.16102638912201,day_high,day_stable,-1.5470010000000016
2019-06-03 05:00:00+00:00,2019-06-03 06:00:00+00:00,24.86138,775.0,26.857691,22.041550825134276,23.897981117263793,22.397566984191897,21.96091718484497,24.480025241867065,22.853988359466552,23.121084878936767,22.28934974481201,22.60759038735962,23.71269028054602,25.585396315814684,24.279979773965294,21.43647165109253,23.74188895036316,24.661341140762328,day_high,day_stable,-1.9963109999999986
2019-06-03 05:15:00+00:00,2019-06-03 06:15:00+00:00,23.93475,741.0,26.55319,21.326872594299317,23.336116559448243,21.311978108825684,21.25774026626587,23.656911857070924,22.00095201248169,22.31633687728882,21.603640325012208,22.017924077453618,22.16614235709433,24.041208505039,22.48756879915937,20.890507943573,23.14680982345581,24.055706984939576,day_high,day_stable,-2.6184399999999997
2019-06-03 05:30:00+00:00,2019-06-03 06:30:00+00:00,23.01338,710.0,25.97788,20.49725484741211,22.403489827041625,20.394685267333983,20.55222558868408,22.88032674682617,21.248895167236327,21.46427106750488,20.85810518157959,21.32278633010864,19.707634490240668,22.932153413449107,21.001113306654908,20.151582239990233,22.388465165023803,23.357314585571288,day_high,day_stable,-2.9644999999999975
2019-06-03 05:45:00+00:00,2019-06-03 06:45:00+00:00,22.097691,680.0,25.584999,19.593980227874756,21.541102801727295,19.49607077734375,19.670122538970947,22.03326812879944,20.360077296661377,20.569394503997803,20.032770072387695,20.60139075415039,18.223915477683665,21.63962111805392,20.06974793778668,19.568340217041015,21.473345195220947,22.689553653167724,day_high,day_stable,-3.4873079999999987
2019-06-03 06:00:00+00:00,2019-06-03 07:00:00+00:00,20.90856,640.0,24.86138,18.58203544128418,20.36205710876465,18.388919253234864,18.613918204193116,20.7290238331604,19.08683909881592,19.29198207366943,18.84979953277588,19.48960151184082,16.360709315250546,19.8721884248182,18.085391088774127,18.626902480010987,20.228328127746583,21.606999535446167,day_medium,day_stable,-3.952819999999999
2019-06-03 06:15:00+00:00,2019-06-03 07:15:00+00:00,19.879129,613.0,23.93475,17.393289962768556,19.043301025390623,17.278710762023927,17.776092449188234,19.752830425262452,18.007744232177735,18.26540223693848,17.76408807373047,18.431612888336183,14.81240508211958,18.38726380995376,16.58137113027841,17.58170930480957,19.089722553253175,20.499477306365968,day_medium,day_stable,-4.055621000000002
2019-06-03 06:30:00+00:00,2019-06-03 07:30:00+00:00,18.555691,574.0,23.01338,15.646308371429445,17.806199023132326,15.408910223846435,16.374492594604494,18.28589720428467,16.484846541290285,16.82614082992554,16.16928763092041,17.046253630523683,13.553369724285762,17.295229670078513,15.651195525539771,16.610051581268312,17.21352238357544,19.043955752258302,day_medium,day_stable,-4.457689000000002
2019-06-03 06:45:00+00:00,2019-06-03 07:45:00+00:00,17.45669,534.0,22.097691,14.711366594329837,16.721485555664064,14.21560567666626,15.434090078369142,17.16924327661133,15.527573526397706,15.83808749963379,15.1049570446167,16.208187044158937,12.122731987769791,15.639942255425948,13.63562563514162,15.558154523864747,16.48675817300415,18.008894384399415,day_medium,day_stable,-4.641001000000003
2019-06-03 07:00:00+00:00,2019-06-03 08:00:00+00:00,16.665689,519.0,20.90856,13.441008768615724,15.496178350982667,13.42614909225464,13.839084826049806,15.311388216552736,13.543772898254396,14.404529772338869,13.540812693176273,14.42975302749634,12.1620723095586,14.623663397308968,12.569581785187,14.41923638397217,14.694638453063966,16.53130503707886,day_medium,day_stable,-4.242871000000001
2019-06-03 07:15:00+00:00,2019-06-03 08:15:00+00:00,14.87938,456.0,19.879129,12.325552530578612,14.812058039001464,12.286618299774169,12.618305750183104,14.634777612976071,12.811726160339354,13.20322520285034,12.41339833288574,13.575700826934812,9.408464355130413,12.11425226581139,10.205967708058797,13.324904985717772,13.819491453460692,15.15577466040039,day_medium,day_stable,-4.9997489999999996
2019-06-03 07:30:00+00:00,2019-06-03 08:30:00+00:00,12.51294,382.0,18.555691,11.038507696166992,13.348104711547853,10.658050771728515,11.23669743157959,13.378948446289062,11.543353315368652,11.829970117584228,11.159685369506835,12.31533979989624,8.482069126211735,10.566013751551276,9.092276673231169,11.946003671661376,12.876527067199708,13.572856184020996,day_medium,day_stable,-6.042750999999999
2019-06-03 07:45:00+00:00,2019-06-03 08:45:00+00:00,11.0845,330.0,17.45669,9.899640725555418,11.680231259765623,9.400487111511229,10.193854497375488,12.219402955474852,10.444977925720211,10.919639752807615,10.0749441847229,11.225402520599363,7.634098690072348,9.565423721857014,8.010193915466202,10.851380990447996,11.950942681732176,12.328729794921871,day_medium,day_stable,-6.372189999999998
2019-06-03 08:00:00+00:00,2019-06-03 09:00:00+00:00,9.124063,263.0,16.665689,8.972156056274414,10.614492901672364,8.383836277832032,8.799408921112061,10.5456938828125,8.41619063269043,9.6881179894104,8.799630173553467,9.4762940491333,6.0121297406814165,7.49486884857908,6.071423311006483,10.124524124969485,10.44775915991211,10.927384861816408,day_medium,day_stable,-7.541626000000001
2019-06-03 08:15:00+00:00,2019-06-03 09:15:00+00:00,7.279125,213.0,14.87938,7.645847094421386,9.689399493103029,7.063995612030029,7.712371123199462,9.57828260696411,7.171542895202636,8.60431839263916,7.704469454650878,8.068370592956542,5.585559737326784,6.570437933433548,5.714526504033717,8.385109675292968,9.22962642944336,9.127556097869872,day_low,day_stable,-7.600255
2019-06-03 08:30:00+00:00,2019-06-03 09:30:00+00:00,5.685641,172.0,12.51294,5.855869840087891,8.200903008880616,5.493713448944092,6.064220975341797,8.287620614471436,6.179192613067627,6.678335259857178,6.0278492674255375,6.4001284346008305,4.160413398516058,4.967575598384057,4.215183381653671,6.096317838134766,7.765396188201905,6.670410226287842,day_low,day_stable,-6.827299
2019-06-03 08:45:00+00:00,2019-06-03 09:45:00+00:00,4.265297,120.0,11.0845,4.661195442199707,6.626279518127442,4.246364280700684,5.188346549987793,7.175132438659668,5.331093475341797,5.59843985748291,4.930902645111084,5.3772722930908206,2.664842032975938,3.1136074882184475,2.4177504871917677,4.832574531555176,6.757919952392578,5.6080767364501956,day_low,day_stable,-6.819203
2019-06-03 09:00:00+00:00,2019-06-03 10:00:00+00:00,2.983313,93.0,9.124063,3.010808452880859,5.065165027893066,2.883094772613525,3.7615709154968258,5.215180143630981,3.198080524719238,4.304885372436523,3.66012142590332,3.374218925750732,1.7534302908243566,2.326254634540376,1.743007738953205,3.2227735369567867,4.748116478240966,4.221118912017822,day_low,day_stable,-6.14075
2019-06-03 09:15:00+00:00,2019-06-03 10:15:00+00:00,2.05882,78.0,7.279125,1.685385013580322,3.935591960906982,1.7576492080688473,2.3567807922363277,4.020394826889038,2.5209501037597652,2.3929846534729,2.045128608703613,2.254739547729492,0.8685454262308603,1.754616307165031,1.0093333008425214,1.9654066810607904,3.176199699401855,3.1512725601196285,day_low,day_stable,-5.220305
2019-06-03 09:30:00+00:00,2019-06-03 10:30:00+00:00,1.500324,61.0,5.685641,0.7009407970581059,3.216572949615479,1.141887376037598,1.7373520824584965,3.0284575912628178,1.8142463657531744,1.3454744312438969,1.3623635265502934,1.3067323658142094,0.4519276132911633,0.9606816204669244,0.4431330514812329,0.8050033542785648,2.2594072315368656,2.519000241485596,day_low,day_stable,-4.185317
2019-06-03 09:45:00+00:00,2019-06-03 10:45:00+00:00,1.133672,45.0,4.265297,0.0,2.1488333388061527,0.2689145251007083,0.9616969271392826,2.1299427195281986,0.9821289225311284,0.3688796206207279,0.4687727137298587,0.386530940124512,0.0069773743730881,0.5485534698071303,0.3861872433619699,0.0,1.2814133806915289,1.6858959837646488,day_low,day_stable,-3.1316250000000005
2019-06-03 10:00:00+00:00,2019-06-03 11:00:00+00:00,0.762617,28.0,2.983313,0.0,1.8775662539367677,0.6835979578857421,0.0,1.2366990206604005,0.0198098776702879,0.0,0.0,0.0,0.0,0.1295217314481481,0.0,0.0,0.6849290488128661,0.7185012457733153,day_low,day_stable,-2.220696
2019-06-03 10:15:00+00:00,2019-06-03 11:15:00+00:00,0.3936469999999999,14.0,2.05882,0.0,0.80474387676239,0.0,0.0,0.6777816918563841,0.0,0.0,0.0,0.0,0.0,0.0649309550448459,0.0,0.0,0.0,0.1254047063064574,night_lowlight,night_lowlight,-1.665173
2019-06-03 10:30:00+00:00,2019-06-03 11:30:00+00:00,0.088548,3.0,1.500324,0.0,0.4306169639816284,0.0,0.0,0.5411593209495544,0.0,0.0,0.0,0.0,0.0,0.0,0.0,0.0,0.0,0.0,night_lowlight,night_lowlight,-1.411776
2019-06-03 10:45:00+00:00,2019-06-03 11:45:00+00:00,0.0,0.0,1.133672,0.0,0.3569833646507263,0.2150697718353271,0.0,0.6106061945648193,0.0,0.0,0.0,0.0,0.0,0.0,0.0,0.0,0.0,0.0,night_lowlight,night_lowlight,-1.133672
2019-06-03 11:00:00+00:00,2019-06-03 12:00:00+00:00,0.0,0.0,0.762617,0.0,0.0271476587219238,0.0634385427398681,0.0,0.4417703827781677,0.0,0.0,0.0,0.0,0.0,0.0,0.0,0.0,0.0,0.0,night_lowlight,night_lowlight,-0.762617
2019-06-03 11:15:00+00:00,2019-06-03 12:15:00+00:00,0.0,0.0,0.3936469999999999,0.0,0.0,0.0,0.0,0.2127856610269545,0.0,0.0,0.0,0.0,0.0,0.0,0.0,0.0,0.0,0.0,night_lowlight,night_lowlight,-0.3936469999999999
2019-06-03 11:30:00+00:00,2019-06-03 12:30:00+00:00,0.0,0.0,0.088548,0.0,0.0,0.0,0.0,0.2088889507870674,0.0,0.0,0.0,0.0,0.0,0.0,0.0,0.0,0.0,0.0,night_lowlight,night_lowlight,-0.088548
2019-06-03 11:45:00+00:00,2019-06-03 12:45:00+00:00,0.0,0.0,0.0,0.0,0.0,0.0,0.0,0.3083186447620392,0.0,0.0,0.0,0.0,0.0,0.0,0.0,0.0,0.0,0.0,night_lowlight,night_lowlight,0.0
2019-06-03 12:00:00+00:00,2019-06-03 13:00:00+00:00,0.0,0.0,0.0,0.0,0.0,0.0,0.0,0.3740541636943817,0.0,0.0,0.0,0.0,0.0,0.0,0.0,0.0,0.0,0.0,night_lowlight,night_lowlight,0.0
2019-06-03 12:15:00+00:00,2019-06-03 13:15:00+00:00,0.0,0.0,0.0,0.0,0.0,0.0,0.0,0.4156177639961242,0.0,0.0,0.0,0.0,0.0,0.0,0.0,0.0,0.0,0.0,night_lowlight,night_lowlight,0.0
2019-06-03 12:30:00+00:00,2019-06-03 13:30:00+00:00,0.0,0.0,0.0,0.0,0.0,0.0,0.0,0.4575012624263763,0.0,0.0,0.0,0.0,0.0,0.0,0.0,0.0,0.0,0.0,night_lowlight,night_lowlight,0.0
2019-06-03 12:45:00+00:00,2019-06-03 13:45:00+00:00,0.0,0.0,0.0,0.0,0.0,0.1500919014215469,0.0,0.4707090854644775,0.0,0.0,0.0,0.0,0.0,0.2134128963232279,0.0,0.0,0.0,0.0,night_lowlight,night_lowlight,0.0
2019-06-03 13:00:00+00:00,2019-06-03 14:00:00+00:00,0.0,0.0,0.0,0.0,0.0,0.3975570201873779,0.0,0.4956035614013672,0.0,0.0,0.0,0.0,0.0,0.2156898776360399,0.0,0.0,0.0,0.0,night_lowlight,night_lowlight,0.0
2019-06-03 13:15:00+00:00,2019-06-03 14:15:00+00:00,0.0,0.0,0.0,0.0,0.0,0.5954053401947021,0.0,0.4509643614292145,0.0,0.0,0.0,0.0,0.0,0.2156898776360399,0.0,0.0,0.0,0.0,night_lowlight,night_lowlight,0.0
2019-06-03 13:30:00+00:00,2019-06-03 14:30:00+00:00,0.0,0.0,0.0,0.0,0.0,0.682388424873352,0.0,0.5089371800422668,0.0,0.0,0.0,0.0,0.0,0.2156898776360399,0.0,0.0,0.0,0.0,night_lowlight,night_lowlight,0.0
2019-06-03 13:45:00+00:00,2019-06-03 14:45:00+00:00,0.0,0.0,0.0,0.0,0.0597953684628009,0.8420814871788025,0.0,0.5745705366134644,0.0,0.0,0.0,0.0,0.0,0.16444706394789,0.0992734762980414,0.0,0.0,0.0,night_lowlight,night_lowlight,0.0
2019-06-03 14:00:00+00:00,2019-06-03 15:00:00+00:00,0.0,0.0,0.0,0.0,0.148820474743843,0.9934587478637696,0.0,0.6320645809173584,0.0,0.0,0.1777544468641281,0.0,0.0,0.0621416618817646,0.0955950563363166,0.0,0.0,0.0,night_lowlight,night_lowlight,0.0
2019-06-03 14:15:00+00:00,2019-06-03 15:15:00+00:00,0.0,0.0,0.0,0.0,0.0482656769454479,0.7891237735748291,0.0,0.701090395450592,0.0,0.0,0.2951915860176086,0.0,0.0,0.0581138253731998,0.0944243750539216,0.0,0.0,0.0,night_lowlight,night_lowlight,0.0
2019-06-03 14:30:00+00:00,2019-06-03 15:30:00+00:00,0.0,0.0,0.0,0.0,0.1760012060403823,0.9451764822006226,0.0,0.7114418148994446,0.0,0.0,0.3603089153766632,0.0,0.0,0.0621416618817646,0.0955950563363166,0.0163900516927242,0.0,0.0,night_lowlight,night_lowlight,0.0
2019-06-03 14:45:00+00:00,2019-06-03 15:45:00+00:00,0.0,0.0,0.0,0.0,0.1377815157175064,0.8934599757194519,0.0,0.7534656524658203,0.0,0.0,0.4433242380619049,0.0,0.0,0.0581138253731998,0.0944243750539216,0.050874788314104,0.0,0.0,night_lowlight,night_lowlight,0.0
2019-06-03 15:00:00+00:00,2019-06-03 16:00:00+00:00,0.0,0.0,0.0,0.0,0.2005839645862579,0.913608968257904,0.0,0.7935376763343811,0.0,0.0,0.5817041993141174,0.0,0.0,0.0417006549615914,0.0479592217676142,0.1409394294023513,0.0,0.0,night_lowlight,night_lowlight,0.0
2019-06-03 15:15:00+00:00,2019-06-03 16:15:00+00:00,0.0,0.0,0.0,0.0,0.1894352883100509,0.9385827779769896,0.0,0.7720039486885071,0.0439101830124855,0.0,0.6269683241844177,0.0,0.0,0.0417006549615914,0.0479592217676142,0.1753379702568054,0.0,0.0,night_lowlight,night_lowlight,0.0
2019-06-03 15:30:00+00:00,2019-06-03 16:30:00+00:00,0.0,0.0,0.0,0.0,0.3461723327636719,1.019023895263672,0.0,0.7819036245346069,0.1586640626192093,0.0,0.6976974606513977,0.0,0.0,0.0362202381937515,0.0479592217676142,0.2504004836082458,0.0,0.0,night_lowlight,night_lowlight,0.0
2019-06-03 15:45:00+00:00,2019-06-03 16:45:00+00:00,0.0,0.0,0.0,0.0,0.2715782225131988,0.953493595123291,0.0,0.811858057975769,0.2610070705413818,0.0,0.7617279291152954,0.0,0.0,0.0417006549615914,0.0479592217676142,0.2691069841384887,0.0,0.0,night_lowlight,night_lowlight,0.0
2019-06-03 16:00:00+00:00,2019-06-03 17:00:00+00:00,0.0,0.0,0.0,0.0,0.2433048635721206,0.968949556350708,0.0,0.8332687020301819,0.3415348529815674,0.0,0.7912218570709229,0.0,0.0,0.0417006549615914,0.0129557681193816,0.2995400428771972,0.0,0.0,night_lowlight,night_lowlight,0.0
2019-06-03 16:15:00+00:00,2019-06-03 17:15:00+00:00,0.0,0.0,0.0,0.0,0.3422482311725616,1.0330300331115725,0.0,0.8985871076583862,0.4401434063911438,0.0,0.8591843247413635,0.0,0.0,0.0417006549615914,0.0129557681193816,0.3590068817138672,0.0,0.0,night_lowlight,night_lowlight,0.0
2019-06-03 16:30:00+00:00,2019-06-03 17:30:00+00:00,0.0,0.0,0.0,0.0,0.484143853187561,1.1837902069091797,0.0,0.9310240149497986,0.4703284204006195,0.0,0.8936445116996765,0.0,0.0,0.0417006549615914,0.0129557681193816,0.4470475018024444,0.0,0.0,night_lowlight,night_lowlight,0.0
2019-06-03 16:45:00+00:00,2019-06-03 17:45:00+00:00,0.0,0.0,0.0,0.0,0.4283508658409118,1.1577709913253784,0.0,1.0179768800735474,0.583404004573822,0.0,0.9939054250717164,0.0,0.0,0.0417006549615914,0.0129557681193816,0.4700754284858703,0.0,0.0,night_lowlight,night_lowlight,0.0
2019-06-03 17:00:00+00:00,2019-06-03 18:00:00+00:00,0.0,0.0,0.0,0.0,0.6382356882095337,1.1893879175186155,0.0,1.1574079990386963,0.5943616032600403,0.0,1.0267064571380615,0.0,0.0,0.0300188276223263,0.0348505474211631,0.4935208559036255,0.0,0.0,night_lowlight,night_lowlight,0.0
2019-06-03 17:15:00+00:00,2019-06-03 18:15:00+00:00,0.0,0.0,0.0,0.0,0.5976684093475342,1.135242938995361,0.0,1.2320038080215454,0.7121709585189819,0.0,1.104457139968872,0.0,0.0,0.0242956413984771,0.0348505474211631,0.4831507205963135,0.0,0.0,night_lowlight,night_lowlight,0.0
2019-06-03 17:30:00+00:00,2019-06-03 18:30:00+00:00,0.0,0.0,0.0,0.0,0.5526998043060303,1.2413008213043213,0.0,1.2311984300613403,0.8011509776115417,0.0,1.1410056352615356,0.0,0.0,0.0300188276223263,0.0348505474211631,0.5189184546470642,0.0,0.0,night_lowlight,night_lowlight,0.0
2019-06-03 17:45:00+00:00,2019-06-03 18:45:00+00:00,0.0,0.0,0.0,0.0,0.7227603197097778,1.472984790802002,0.0,1.2536205053329468,0.8318175077438354,0.0,1.149421215057373,0.0,0.0,0.0300188276223263,0.0348505474211631,0.6214621663093567,0.1280323266983032,0.0,night_lowlight,night_lowlight,0.0
2019-06-03 18:00:00+00:00,2019-06-03 19:00:00+00:00,0.0,0.0,0.0,0.0,0.7639298439025879,1.5877281427383425,0.0,1.3853623867034912,0.9220906496047974,0.0544333718717098,1.162554144859314,0.018695181235671,0.0,0.0214028931600306,0.0348505474211631,0.5822418928146362,0.3217312395572662,0.0133120045065879,night_lowlight,night_lowlight,0.0
2019-06-03 18:15:00+00:00,2019-06-03 19:15:00+00:00,0.0,0.0,0.0,0.0,0.9707270860671996,1.5789910554885864,0.0,1.653552770614624,0.959148645401001,0.0844556465744972,1.1907565593719482,0.0933960899710655,0.0,0.0214028931600306,0.0348505474211631,0.6319034099578857,0.4441129565238952,0.035199586302042,night_lowlight,night_lowlight,0.0
2019-06-03 18:30:00+00:00,2019-06-03 19:30:00+00:00,0.0,0.0,0.0,0.0,1.0078814029693604,1.6758164167404177,0.0,1.7358025312423706,1.0119237899780271,0.1221968010067939,1.212393879890442,0.1612370461225509,0.0,0.0214028931600306,0.0348505474211631,0.7111110091209412,0.5528071522712708,0.1287093609571457,night_lowlight,night_lowlight,0.0
2019-06-03 18:45:00+00:00,2019-06-03 19:45:00+00:00,0.0,0.0,0.0,0.0,0.93325012922287,1.6600375175476074,0.0,1.7956358194351196,1.1235125064849854,0.140492781996727,1.2671784162521362,0.2097698748111724,0.0,0.0214028931600306,0.0348505474211631,0.7567422986030579,0.6310310959815979,0.1977799087762832,night_lowlight,night_lowlight,0.0
2019-06-03 19:00:00+00:00,2019-06-03 20:00:00+00:00,0.0,0.0,0.0,0.0354841984808445,0.959280252456665,1.7290490865707395,0.0,1.845897912979126,1.2759371995925903,0.2067368030548095,1.3339850902557373,0.3577572405338287,0.0,0.0214028931600306,0.0348505474211631,0.8319414258003235,0.8009247183799744,0.2791136801242828,night_lowlight,night_lowlight,0.0
2019-06-03 19:15:00+00:00,2019-06-03 20:15:00+00:00,0.0,0.0,0.0,0.1365168988704681,1.1504608392715454,1.8977092504501345,0.0,1.9213744401931765,1.3775192499160769,0.2941221296787262,1.397154450416565,0.4916531145572662,0.0,0.0214028931600306,0.0348505474211631,0.966194987297058,0.9582664966583252,0.3866232633590698,night_lowlight,night_lowlight,0.0
2019-06-03 19:30:00+00:00,2019-06-03 20:30:00+00:00,0.0,0.0,0.0,0.2252534180879593,1.1966317892074585,2.050936460494995,0.0,1.9343163967132568,1.4996283054351809,0.377480000257492,1.441219449043274,0.6427978277206421,0.0,0.0264834293450471,0.037244505793195,1.0831068754196167,1.0906699895858765,0.5445199012756348,night_lowlight,night_lowlight,0.0
2019-06-03 19:45:00+00:00,2019-06-03 20:45:00+00:00,0.0,0.0,0.0,0.2966600656509399,1.2312968969345093,2.1044158935546875,0.0248821079730987,1.9991371631622312,1.6966632604599,0.4241361320018768,1.4878069162368774,0.7652846574783325,0.0,0.0214028931600306,0.0348505474211631,1.152607560157776,1.198703408241272,0.6746006011962891,night_lowlight,night_lowlight,0.0
2019-06-03 20:00:00+00:00,2019-06-03 21:00:00+00:00,0.0,0.0,0.0,0.3578566610813141,1.349174737930298,2.1470587253570557,0.0512964241206646,2.089775562286377,1.772721767425537,0.472776859998703,1.5469307899475098,0.8009140491485596,0.0,0.0822924521228861,0.0348505474211631,1.1887975931167605,1.2847280502319336,0.8091892004013062,night_lowlight,night_lowlight,0.0
2019-06-03 20:15:00+00:00,2019-06-03 21:15:00+00:00,0.0552169999999999,4.0,0.0,0.434662789106369,1.3271620273590088,2.4650728702545166,0.1911691576242447,2.0371861457824707,1.826233148574829,0.6132046580314636,1.6018303632736206,0.9524918794631958,0.0,0.0903405631525637,0.037244505793195,1.2857812643051147,1.5212322473526,1.021526336669922,night_lowlight,night_lowlight,0.0552169999999999
2019-06-03 20:30:00+00:00,2019-06-03 21:30:00+00:00,0.234206,8.0,0.0,0.5446616411209106,1.4543406963348389,2.8239176273345947,0.3159310817718506,2.077324867248535,1.8599437475204468,0.7221595644950867,1.664807677268982,1.207607626914978,0.0,0.0991044854052774,0.037244505793195,1.4458190202713013,1.6743184328079224,1.2420568466186523,night_lowlight,night_lowlight,0.234206
2019-06-03 20:45:00+00:00,2019-06-03 21:45:00+00:00,0.377419,16.0,0.0,0.6855641603469849,1.970014572143555,2.668142557144165,0.3615869581699371,2.362821340560913,2.09617018699646,0.7428145408630371,1.9353504180908203,1.3921717405319214,0.0,0.2310302596216958,0.2404511495359309,1.528846263885498,1.6684798002243042,1.2710862159729004,night_lowlight,night_lowlight,0.377419
2019-06-03 21:00:00+00:00,2019-06-03 22:00:00+00:00,0.7874180000000001,28.0,0.0,0.6916452050209045,1.7790275812149048,2.6906442642211914,0.4261445105075836,2.3224775791168213,2.32865834236145,0.7458584904670715,1.8642446994781496,1.341209053993225,0.0290904208667836,0.289577127032165,0.440920314628514,1.4574854373931885,1.75544273853302,1.4392486810684204,day_low,day_stable,0.7874180000000001
2019-06-03 21:15:00+00:00,2019-06-03 22:15:00+00:00,1.119836,40.0,0.0552169999999999,0.8515054306907652,2.151885243408203,3.036825152389526,0.6099976620597838,2.5464858732147215,2.492752285949707,0.9096156678123472,2.0435816965026854,1.6096398553771971,0.519071686251431,0.87068107661658,1.0455841542011546,1.6551348886413573,1.9926135263366695,1.6233576259536742,day_low,day_stable,1.0646190000000002
2019-06-03 21:30:00+00:00,2019-06-03 22:30:00+00:00,1.7693869999999998,57.0,0.234206,1.1495285421905517,2.214174070983886,3.671531954437256,0.9679204613265991,2.6802592665252685,2.6952619940338134,1.2676560074386596,2.2162728697357177,2.0417116076049804,1.1078948269342994,1.2222559554268695,1.402841272575043,1.9659115463790893,2.3812342077789306,2.0768529564437865,day_low,day_stable,1.535181
2019-06-03 21:45:00+00:00,2019-06-03 22:45:00+00:00,2.248969,76.0,0.377419,1.3873332789840698,2.357397442192078,3.663802628845215,1.1214121631088256,2.891158824295044,3.0364298871459963,1.3730675033035278,2.4038832238616945,2.2608375600280763,1.2554004352147936,1.6099362550772065,1.8114049872121143,2.078782205909729,2.644736056655884,2.36735880884552,day_low,day_stable,1.8715500000000003
2019-06-03 22:00:00+00:00,2019-06-03 23:00:00+00:00,4.14225,137.0,0.7874180000000001,1.8685139339141847,2.9283889453582765,4.2394508044891355,1.6902615945510866,3.465271345870972,3.7300337474517824,1.802144996421814,2.8761352222137453,2.7484623115234377,2.3298347066072247,2.4737563140746275,2.27245973464053,2.494551412361145,3.1373852412872316,2.8165301006011965,day_low,day_stable,3.3548319999999996
2019-06-03 22:15:00+00:00,2019-06-03 23:15:00+00:00,4.1698129999999995,142.0,1.119836,2.2732730183944705,3.4739674601898196,4.913621095214844,2.1565645013198855,3.928390649353027,4.138181355987549,2.222370413337708,3.2974530730590823,3.250457194839478,2.455785498042493,2.7473743468831415,2.7496319022254547,2.9068290267333987,3.699666169677734,3.235720304046631,day_low,day_stable,3.0499769999999993
2019-06-03 22:30:00+00:00,2019-06-03 23:30:00+00:00,6.390125,218.0,1.7693869999999998,3.105605595504761,4.474441998397827,5.923097842132568,2.9462957314605713,4.785323613082886,4.901474707519531,2.975105994140625,4.124033444320679,4.058055632507324,4.722368427580648,4.811391141408563,4.698589801125155,3.623674028312683,4.522317402755737,3.9099380902404786,day_low,day_stable,4.620738
2019-06-03 22:45:00+00:00,2019-06-03 23:45:00+00:00,7.622781,271.0,2.248969,3.7340320760192873,4.900443237442017,6.572229784149171,3.5350869113388064,5.311421077865601,5.3895749265136725,3.501937430519104,4.659478824752808,4.600038688796998,5.764493931911478,5.704705061556821,5.672956946008491,4.153857391494752,5.106567781585694,4.383273523468018,day_medium,day_stable,5.373811999999999
2019-06-03 23:00:00+00:00,2019-06-04 00:00:00+00:00,4.868281,157.0,4.14225,6.059074698448181,7.053976713180542,8.659606395721436,5.729472814559936,7.382866083145141,7.435984788894653,5.616290627479553,6.696573196411133,6.522431074142456,7.30926634621795,7.479859528255523,7.146226048431326,6.034328518867492,6.967378316879272,6.080717741012573,day_low,day_stable,0.7260309999999999
2019-06-03 23:15:00+00:00,2019-06-04 00:15:00+00:00,3.5501480000000005,105.0,4.1698129999999995,6.279432617462158,7.034484230316162,8.617706619537353,5.85088571194458,7.353954159057617,7.46838887814331,5.658480964935302,6.801667772567749,6.543630682266235,8.308653931767948,7.897045869062212,7.855820548333709,6.111496173179626,6.883866153991699,5.99294885281372,day_low,day_stable,-0.619664999999999
2019-06-03 23:30:00+00:00,2019-06-04 00:30:00+00:00,3.958063,127.0,6.390125,8.657855474472047,9.329120838165284,10.732381546020507,7.92848154258728,9.526108467102052,9.586158477783204,8.0345399017334,9.105503046035768,8.701176130294801,10.62265331622705,10.018794811487869,9.825678800640263,8.279606306076051,9.035422288894654,7.954335891723633,day_low,day_stable,-2.432062
2019-06-03 23:45:00+00:00,2019-06-04 00:45:00+00:00,7.249813,252.0,7.622781,9.9740092371521,10.37301465020752,11.427365503173828,8.401995918613434,10.250654182296753,10.233903608184814,8.807701907020569,10.00735517488098,9.718625984054563,12.71569711140078,10.47327637495147,10.055998478906124,9.632693967681885,9.79640456185913,9.039736471038818,day_medium,day_stable,-0.3729680000000002
2019-06-04 00:00:00+00:00,2019-06-04 01:00:00+00:00,6.120297,180.0,4.868281,7.641958110671997,10.243960969787596,10.884570234161377,6.9579294851837155,8.136586778503418,8.490153663497924,6.626571886878967,7.778834455352783,7.544877164703369,9.18262365455976,7.491306497736485,7.463220143780286,6.96618925843811,7.926338308197021,6.44638466153717,day_low,day_stable,1.2520160000000002
2019-06-04 00:15:00+00:00,2019-06-04 01:15:00+00:00,4.690656,137.0,3.5501480000000005,6.430099000213623,9.690562714813233,10.717256058929443,6.184889544723511,7.043956031082153,7.65526913571167,6.006209601638794,7.028354396102905,6.9405767815093995,8.711330028598958,7.3013318694595775,6.72118195748655,5.993425359008789,7.607904900787354,5.669223536727905,day_low,day_stable,1.1405079999999992
2019-06-04 00:30:00+00:00,2019-06-04 01:30:00+00:00,2.601594,76.0,3.958063,6.901607387817383,9.69865309552002,11.082424991882323,6.488403433120728,7.440205686843872,8.11466061428833,6.5655537779693605,7.541586750305176,7.584019773757935,9.927012219676897,9.320489545367904,8.882794679806363,6.5592085059051515,7.971139305389404,6.2381566698913575,day_low,day_stable,-1.3564690000000001
2019-06-04 00:45:00+00:00,2019-06-04 01:45:00+00:00,2.388641,68.0,7.249813,10.171446720397949,11.940707603729248,12.438603321350095,8.908718267715454,10.233266035354614,10.83511106137085,9.465586344039917,10.19227544430542,10.33855024937439,11.005598956032545,9.761149413334955,9.355040562319765,9.453339258468628,10.399504343307497,8.745895544326782,day_low,day_stable,-4.861172
2019-06-04 01:00:00+00:00,2019-06-04 02:00:00+00:00,3.762391000000001,103.0,6.120297,9.283978268692016,10.689081713745118,12.171520278045657,7.582037493774414,8.817815587112428,9.21475581843567,8.052805826255799,9.11724786479187,9.073089167663577,11.466889652274682,8.72210314184117,8.571487880945268,8.48830203730774,9.367372319290162,7.662514493057251,day_low,day_stable,-2.357905999999999
2019-06-04 01:15:00+00:00,2019-06-04 02:15:00+00:00,9.917687,302.0,4.690656,7.7632732924041745,9.950277620178223,11.092324071746829,6.653559976440429,7.756617360931396,8.307481819015504,6.77852278314209,7.903652006011963,7.894194417816162,9.155704102752596,8.10672587907929,7.942235207570663,6.9042079981384274,8.18927627168274,6.124592953544616,day_medium,day_stable,5.227031000000001
2019-06-04 01:30:00+00:00,2019-06-04 02:30:00+00:00,6.4666879999999995,189.0,2.601594,5.457955627578736,7.9817681600036625,9.11518099798584,4.90194538130188,6.028924255508423,6.617013006347657,5.087443618911744,6.322006731170655,6.196490793365479,5.583480551508443,6.9199569510615335,6.932738754116445,4.860374956268311,6.881080656188965,4.2332446862640385,day_low,day_stable,3.8650939999999996
2019-06-04 01:45:00+00:00,2019-06-04 02:45:00+00:00,6.325703,174.0,2.388641,4.897498011795044,6.686523556915283,7.98458302041626,4.479081273284912,5.471028924194336,6.181908250061035,4.712932229248047,5.774942279067993,5.876446843353271,6.092667880355842,7.582855149009231,7.1878179524029235,4.556338429656982,6.483029008117676,3.985726118293762,day_low,day_stable,3.937062
2019-06-04 02:00:00+00:00,2019-06-04 03:00:00+00:00,6.239954,165.0,3.762391000000001,5.992514758316041,6.907988934722901,8.600462823120118,5.683145313468934,6.368069081512452,7.21642652055359,5.888429074493409,6.673561959472657,6.863190798965455,5.996319049427704,9.005549935218596,7.835610775760986,5.806208043304444,7.390148787704469,5.009737282005311,day_low,day_stable,2.477562999999999
2019-06-04 02:15:00+00:00,2019-06-04 03:15:00+00:00,4.8625940000000005,133.0,9.917687,11.669355334007264,11.5060636412735,12.254849971496585,10.427403629981995,11.570939363204957,11.77539581175995,11.474097312652589,10.872563840114594,11.648311198913577,10.079262415280104,8.649849728425675,10.135844279879027,11.561922849380494,12.119858087265015,10.134373695814132,day_low,day_stable,-5.055093
2019-06-04 02:30:00+00:00,2019-06-04 03:30:00+00:00,16.95488,557.0,6.4666879999999995,8.211070500648498,9.060415111816406,10.408763490951538,7.113207064903259,8.1937809813385,8.601745926177978,8.324786983764648,7.791840277946472,8.622784220016479,8.497438693013791,7.831055004141815,9.78417637455677,8.246593557632446,9.064153753555296,6.977920793331146,day_medium,day_ramp_up,10.488192
2019-06-04 02:45:00+00:00,2019-06-04 03:45:00+00:00,7.808938,226.0,6.325703,8.258859728744508,9.4809981335907,10.54849228756714,7.090500568321228,8.242577766349793,8.392786835601807,8.024283265045167,8.403038834503175,8.441666459014893,8.064937966918007,7.540505209033472,9.636500700661973,7.979728554656982,9.287575816085816,6.862914656570434,day_low,day_stable,1.4832350000000005
2019-06-04 03:00:00+00:00,2019-06-04 04:00:00+00:00,18.359249,406.0,6.239954,8.161312585357667,9.674972539428712,10.770483499053956,8.087822204116822,8.619445806030274,9.108384852890016,8.163945441726685,8.650133138183595,8.825436835769654,6.739038295054152,7.640476014797394,9.754571509355564,7.767241364006043,9.784238105300904,6.753568475727081,day_medium,day_ramp_up,12.119294999999997
2019-06-04 03:15:00+00:00,2019-06-04 04:15:00+00:00,18.809441,467.0,4.8625940000000005,6.908013931411744,9.07677446951294,9.961171976226808,7.114177814620972,7.822984567779541,8.109265676635744,7.098581901687623,8.151672474044801,7.917252651351929,6.237724257979558,6.887929797541809,8.469687221943204,6.240207663673401,8.868739000457765,5.52652656187439,day_medium,day_ramp_up,13.946846999999998
2019-06-04 03:30:00+00:00,2019-06-04 04:30:00+00:00,26.608310999999997,875.0,16.95488,15.839003921394347,14.876161099319456,13.129266262893676,14.142379046325685,15.909651518707276,14.509433031921386,15.809498668556213,15.268645168190002,15.952301503067016,13.367708803324028,14.996320227034412,20.3161396325334,16.827902869229316,16.94613553574413,15.53781056488037,day_high,day_ramp_up,9.653430999999998
2019-06-04 03:45:00+00:00,2019-06-04 04:45:00+00:00,25.3785,845.0,7.808938,9.56067416409302,11.630057070053102,11.5089211199646,8.31663927773285,9.108802530563356,9.142819735801698,8.728706750667573,8.978201839721681,8.86055013874817,11.30195062937759,10.543073777540862,13.09020231197024,8.03043194452572,11.571034405029298,7.3014086220626835,day_high,day_ramp_up,17.569561999999998
2019-06-04 04:00:00+00:00,2019-06-04 05:00:00+00:00,26.761881,850.0,18.359249,16.930642489837645,16.64290547792816,15.060772303985594,14.084777717041014,16.388155941413878,14.25750816290283,16.10606897299194,16.063484076904295,16.348966245101927,11.866401480207792,11.133370531620622,13.790169944674911,17.598241035388945,17.52310270492935,16.523810986923216,day_high,day_ramp_up,8.402632
2019-06-04 04:15:00+00:00,2019-06-04 05:15:00+00:00,20.524,617.0,18.809441,16.333020835891723,15.740824609771728,14.287159353271484,12.746493726745603,15.438014179244997,12.557444482818603,14.940769582763672,15.060091882720949,15.141225725189209,10.846947045696377,10.202582409122773,13.081138247304343,17.930093198791504,17.122420102134704,16.31476655580139,day_medium,day_stable,1.7145590000000013
2019-06-04 04:30:00+00:00,2019-06-04 05:30:00+00:00,5.745687,176.0,26.608310999999997,22.11894399179077,21.1858518744812,18.219568553100583,17.89798861993408,21.697512927185056,16.54866820825195,20.171313586364743,20.94386273873901,20.50496942056274,20.92266499088812,19.0944135724838,20.02734303538572,24.473710122238156,21.09672385705566,22.384962859283444,day_low,day_ramp_down,-20.862623999999997
2019-06-04 04:45:00+00:00,2019-06-04 05:45:00+00:00,6.918188000000001,192.0,25.3785,20.66775371170044,20.33052350616455,17.9218874130249,16.23649503326416,20.378179565429686,14.765509620666505,18.44129182434082,19.21455670928955,18.562427059173583,18.770732956640604,19.064095763392768,19.4289303467548,22.66254974937439,19.823182121276854,20.121773258209227,day_low,day_ramp_down,-18.460312
2019-06-04 05:00:00+00:00,2019-06-04 06:00:00+00:00,3.9445,121.0,26.761881,21.328311568695067,21.079798346954345,18.731148845153808,19.931761867004393,22.513270026641845,17.712672358947753,21.301252013641356,20.605356818634032,20.393624907928466,18.993293978848428,19.732084900017213,21.281537834004613,23.43998134751892,21.50844300408935,20.61981785913086,day_low,day_ramp_down,-22.817380999999997
2019-06-04 05:15:00+00:00,2019-06-04 06:15:00+00:00,2.347188,70.0,20.524,16.46020014190674,17.440299104690553,15.864350151062013,15.892750095367433,17.658461879730226,15.124982666015626,16.65692908668518,15.784050296783448,15.962608646392823,16.62904456368081,16.477803806990675,17.20169164611242,16.904573987960816,18.471550296783448,14.485929321289063,day_low,day_ramp_down,-18.176812
2019-06-04 05:30:00+00:00,2019-06-04 06:30:00+00:00,3.4079059999999997,95.0,5.745687,5.991307340108872,12.94748543902588,11.458300105773926,8.55147337123108,8.190480939590454,9.512247554504397,6.6769467513198855,6.587483219348908,6.893299094879151,10.081701139545869,9.120898453747095,9.085639942331442,3.526969186508179,11.414098254882813,2.933019630157471,day_low,day_stable,-2.3377810000000006
2019-06-04 05:45:00+00:00,2019-06-04 06:45:00+00:00,8.554219,198.0,6.918188000000001,5.662731552398682,10.74611654309082,9.962969684875487,9.098685646331788,8.669590854919434,9.734659099853516,8.151166940010071,7.887970650470734,8.641630673683167,9.197297262917932,8.99743728078431,9.322977410335598,5.115103745735169,11.864037895477296,4.833477640426636,day_low,day_stable,1.6360309999999991
2019-06-04 06:00:00+00:00,2019-06-04 07:00:00+00:00,21.653191,643.0,3.9445,3.423910469532013,6.9383645362854,8.137411624908447,7.559037954330444,7.363154203414917,9.697820217132568,6.841810972213745,6.49184206199646,8.425374061584472,6.046386157591424,5.515889826987181,7.0401545586436525,2.722206503868103,10.56648495864868,2.7165333337783815,day_medium,day_ramp_up,17.708690999999998
2019-06-04 06:15:00+00:00,2019-06-04 07:15:00+00:00,18.263,575.0,2.347188,2.114052135861397,4.593634371078491,5.69415951184082,5.47474623135376,5.647190098083496,7.264781002319336,4.984695438659668,5.06787252835083,6.773699764526367,5.117340451747036,4.844810923514028,6.231513558718835,1.603645567214966,8.254092220581054,1.7936696451072691,day_medium,day_ramp_up,15.915812000000003
2019-06-04 06:30:00+00:00,2019-06-04 07:30:00+00:00,16.170441,493.0,3.4079059999999997,2.569882337432861,4.4628559988555905,5.167758290153503,5.718583766799926,5.778155032974243,7.131259385925293,5.441261951309204,5.671282235961914,7.226165477615356,5.945832696727891,5.049845498723588,6.778812787497114,2.466434423309326,8.163052026611329,2.6729438346443173,day_medium,day_ramp_up,12.762535
2019-06-04 06:45:00+00:00,2019-06-04 07:45:00+00:00,13.968279999999998,416.0,8.554219,6.1545367165985105,7.28709983076477,6.282184831756592,8.945347897666931,8.411596022504806,9.346296720165252,9.118361227172851,8.449102029162884,10.272768966812134,9.46781276933622,6.668499716797564,8.37523207840592,6.986669175285339,10.864376537460329,6.736245982307434,day_medium,day_stable,5.4140609999999985
2019-06-04 07:00:00+00:00,2019-06-04 08:00:00+00:00,10.98059,331.0,21.653191,15.22593393899536,14.112431436553956,10.469248205200197,13.993534475341797,15.53919592477417,12.92017212487793,17.7025176582489,15.49414911843872,17.45852318383789,12.168642441505243,11.151832074303078,10.257729912519125,18.33082404710388,16.382844358459472,17.32415857888794,day_medium,day_ramp_down,-10.672601
2019-06-04 07:15:00+00:00,2019-06-04 08:15:00+00:00,8.091563,276.0,18.263,11.537999141693115,11.304749954223634,8.44947861480713,10.294262874603271,12.362553108215334,10.388833034515384,13.943915832519531,11.836403835296633,13.699880111694338,9.930281063977974,9.76197138409731,9.290598437364125,14.507859933853153,11.873289573669435,13.167263496398927,day_medium,day_ramp_down,-10.171437000000001
2019-06-04 07:30:00+00:00,2019-06-04 08:30:00+00:00,9.845719,311.0,16.170441,9.630653707519532,10.316480962768557,7.664757101074219,9.060133306518557,10.618471948638916,7.66808733178711,12.250198690429688,9.931187955871582,11.125322191253662,7.509833858018773,7.798750515304976,7.812490124937677,12.965049354568482,9.369494764343262,11.167282430664065,day_medium,day_stable,-6.3247219999999995
2019-06-04 07:45:00+00:00,2019-06-04 08:45:00+00:00,8.626844,261.0,13.968279999999998,8.134025258331297,9.725745362548826,7.924572629241942,8.064671201019285,9.288640660552977,7.887541932373045,10.4509984677124,8.317702454833983,10.07632748535156,5.68993541744898,6.17284061900769,7.046122178808248,10.577549618988035,9.006429833679197,9.241616887359616,day_medium,day_stable,-5.341435999999998
2019-06-04 08:00:00+00:00,2019-06-04 09:00:00+00:00,7.095047,214.0,10.98059,5.785620822753906,8.62966932281494,6.852866782989501,4.9928184889221185,6.667764320220947,4.6321803472900385,7.503984346237182,6.210616245117187,6.817913665618896,4.187675471178662,4.1755740246373625,5.421736062243338,7.596179618682861,7.348518743362426,6.699224128570556,day_low,day_stable,-3.8855429999999993
2019-06-04 08:15:00+00:00,2019-06-04 09:15:00+00:00,4.600094,142.0,8.091563,3.4028017657165535,6.319895877159119,4.838594450271607,3.299550785339356,4.24508787564087,2.809637798583985,4.989874853408814,4.0678737299804695,4.161090626037598,3.671429503163356,3.8139950563998504,4.235202054848917,4.9581067698364265,5.136891855514527,4.293160690582276,day_low,day_stable,-3.4914690000000004
2019-06-04 08:30:00+00:00,2019-06-04 09:30:00+00:00,4.239047,134.0,9.845719,4.2734271489563,6.549260040420533,4.586908479827882,4.248525758880616,5.536842485565186,3.5348426305236824,6.287354370254517,5.272141595977784,5.150651117462159,3.0302299781226028,2.2541289520696903,3.166265960227484,6.6232167684021,5.955851932662965,5.798067232269288,day_low,day_stable,-5.6066720000000005
2019-06-04 08:45:00+00:00,2019-06-04 09:45:00+00:00,3.269328,102.0,8.626844,3.082842420715332,4.997822116989136,3.5751643887939455,3.411011766571045,4.336304735321045,2.5062928906860353,5.05160362638855,4.069692205566406,3.816801141876221,2.297198374626902,2.158092433516339,2.641903317130934,5.597724746841431,4.4737945310058596,4.7221863976898195,day_low,day_stable,-5.357516
2019-06-04 09:00:00+00:00,2019-06-04 10:00:00+00:00,2.990477,92.0,7.095047,1.921545031616211,4.269090655395508,2.9476356535644532,1.6329722433776857,2.8422050505371095,0.463722708770752,3.3281335859985353,2.865939143249512,2.161335471221924,1.686444291396127,1.73899728012762,1.7421655261732023,4.601914170333862,2.8814153700561524,3.759924653121948,day_low,day_stable,-4.104570000000001
2019-06-04 09:15:00+00:00,2019-06-04 10:15:00+00:00,2.0160549999999997,63.0,4.600094,0.707808414596558,4.267691979307175,2.567700067657471,0.9733697568359378,2.142331758636475,0.0,1.922161260742188,1.7296249066772464,0.745443740982056,0.4987211347369444,1.222685180409952,0.9049941161871528,2.4779180680694584,1.91539112677002,1.6318420564117435,day_low,day_stable,-2.5840390000000006
2019-06-04 09:30:00+00:00,2019-06-04 10:30:00+00:00,1.219941,40.0,4.239047,0.3304149599761965,3.2027872296066286,1.520409056732178,1.0394010039062502,1.9329685660095215,0.0,1.8531720133514409,1.5611955614776614,0.6801950426788332,0.6269932974332383,0.6892711232620846,0.5023305254786008,2.2908238859863284,1.5667280646057131,1.3587283583374026,day_low,day_stable,-3.0191060000000003
2019-06-04 09:45:00+00:00,2019-06-04 10:45:00+00:00,0.8451540000000001,29.0,3.269328,0.0,2.182309867790222,0.943762185028076,0.5649477261810301,1.5422569531707762,0.0,1.3118046540527342,1.1059685963897703,0.1129828709869382,0.2034429320701555,0.6759250174023214,0.5392129475413476,1.498852254798889,1.083877684524536,0.5342715997009275,day_low,day_stable,-2.424174
2019-06-04 10:00:00+00:00,2019-06-04 11:00:00+00:00,0.361669,14.0,2.990477,0.0,1.8053362710494991,0.7275508983154295,0.0,1.1313714129943846,0.0,0.9592150790710448,0.8628954036254881,0.0478586299438474,0.3342558629961174,0.8284135083360107,0.4247129109335565,1.3983875854034422,0.7548309905548094,0.419103775741577,night_lowlight,night_lowlight,-2.628808
2019-06-04 10:15:00+00:00,2019-06-04 11:15:00+00:00,0.000596,1.0,2.0160549999999997,0.0,1.0580605985450742,0.438107979469299,0.0,0.7185400845336911,0.0,0.3618523003387448,0.2336622597503659,0.0,0.0,0.1527685825450039,0.1512434417952123,0.6029112459945676,0.0875312210845944,0.0,night_lowlight,night_lowlight,-2.015459
2019-06-04 10:30:00+00:00,2019-06-04 11:30:00+00:00,0.0,0.0,1.219941,0.0,0.6085983910713195,0.7418193020973205,0.0,0.5132304825935363,0.0,0.2278349199447631,0.0,0.0,0.0,0.1032982713050723,0.1123226413105872,0.0439399280700683,0.0,0.0,night_lowlight,night_lowlight,-1.219941
2019-06-04 10:45:00+00:00,2019-06-04 11:45:00+00:00,0.0,0.0,0.8451540000000001,0.0,0.3538574106254578,0.5317611820259095,0.0,0.4575385875263215,0.0,0.1018648273506165,0.0,0.0,0.0,0.3132770116664595,0.1981155063672773,0.0,0.0,0.0,night_lowlight,night_lowlight,-0.8451540000000001
2019-06-04 11:00:00+00:00,2019-06-04 12:00:00+00:00,0.0,0.0,0.361669,0.0,0.0,0.4531635155382156,0.0,0.1689549346866607,0.0,0.0474709828796386,0.0,0.0,0.0,0.0,0.1401145110950285,0.0,0.0,0.0,night_lowlight,night_lowlight,-0.361669
2019-06-04 11:15:00+00:00,2019-06-04 12:15:00+00:00,0.0,0.0,0.000596,0.0,0.0,0.5423722994766236,0.0,0.0,0.0,0.0,0.0,0.0,0.0,0.0156474994692019,0.1139395504981161,0.0,0.0,0.0,night_lowlight,night_lowlight,-0.000596
2019-06-04 11:30:00+00:00,2019-06-04 12:30:00+00:00,0.0,0.0,0.0,0.0,0.0,0.25905442237854,0.0,0.0777506455779075,0.0,0.0,0.0,0.0,0.0,0.0212251929012991,0.1075669854256324,0.0,0.0,0.0,night_lowlight,night_lowlight,0.0
2019-06-04 11:45:00+00:00,2019-06-04 12:45:00+00:00,0.0,0.0,0.0,0.0,0.0,0.8014019727706909,0.0,0.0,0.0,0.0,0.0,0.0,0.0,0.3084907162530833,0.1099609437976643,0.0,0.0,0.0,night_lowlight,night_lowlight,0.0
2019-06-04 12:00:00+00:00,2019-06-04 13:00:00+00:00,0.0,0.0,0.0,0.0,0.0,0.7601566910743713,0.0,0.2238914668560028,0.0,0.0,0.1654951572418213,0.0,0.0,0.3004426052234057,0.1075669854256324,0.0,0.0,0.0,night_lowlight,night_lowlight,0.0
2019-06-04 12:15:00+00:00,2019-06-04 13:15:00+00:00,0.0,0.0,0.0,0.0,0.0,0.8735208511352539,0.0,0.1114633306860923,0.0,0.0,0.0072791329585015,0.0,0.0,0.3084907162530833,0.1099609437976643,0.0,0.0,0.0,night_lowlight,night_lowlight,0.0
2019-06-04 12:30:00+00:00,2019-06-04 13:30:00+00:00,0.0,0.0,0.0,0.0,0.0,0.8660190105438232,0.0,0.037982989102602,0.0,0.0,0.0,0.0,0.0,0.3084907162530833,0.1099609437976643,0.0,0.0,0.0,night_lowlight,night_lowlight,0.0
2019-06-04 12:45:00+00:00,2019-06-04 13:45:00+00:00,0.0,0.0,0.0,0.0,0.0,0.383923590183258,0.0,0.2740751504898071,0.0,0.0,0.1823711395263672,0.0,0.0,0.2947194189995564,0.1075669854256324,0.0,0.0,0.0,night_lowlight,night_lowlight,0.0
2019-06-04 13:00:00+00:00,2019-06-04 14:00:00+00:00,0.0,0.0,0.0,0.0,0.0,0.0692433193325996,0.0,0.3986215591430664,0.0,0.0,0.2103314697742462,0.0,0.0,0.2467240087993055,0.1032289007690728,0.0,0.0,0.0,night_lowlight,night_lowlight,0.0
2019-06-04 13:15:00+00:00,2019-06-04 14:15:00+00:00,0.0,0.0,0.0,0.0,0.0,0.0,0.0,0.4188729524612427,0.0,0.0,0.1147884801030159,0.0,0.0145872855081347,0.2524471950231547,0.1032289007690728,0.0,0.0,0.0,night_lowlight,night_lowlight,0.0
2019-06-04 13:30:00+00:00,2019-06-04 14:30:00+00:00,0.0,0.0,0.0,0.0,0.0266984850168228,0.4962854385375976,0.0,0.222222164273262,0.0,0.0,0.0,0.0,0.0,0.2789893773078791,0.1056228591411048,0.0,0.0,0.0,night_lowlight,night_lowlight,0.0
2019-06-04 13:45:00+00:00,2019-06-04 14:45:00+00:00,0.0,0.0,0.0,0.0,0.1588370501995086,0.7136107087135315,0.0,0.1259049177169799,0.0,0.0,0.0,0.0,0.0,0.2789893773078791,0.1056228591411048,0.0,0.0,0.0,night_lowlight,night_lowlight,0.0
2019-06-04 14:00:00+00:00,2019-06-04 15:00:00+00:00,0.0,0.0,0.0,0.0,0.098443254828453,0.5838049650192261,0.0,0.1027618646621704,0.0,0.0,0.0,0.0,0.0,0.0516269278696131,0.0153497264914135,0.0,0.0,0.0,night_lowlight,night_lowlight,0.0
2019-06-04 14:15:00+00:00,2019-06-04 15:15:00+00:00,0.0,0.0,0.0,0.0,0.0073675969615578,0.5096259713172913,0.0,0.3884216547012329,0.0,0.0,0.0214549042284488,0.0,0.0,0.0435788168399355,0.0129557681193816,0.0,0.0,0.0,night_lowlight,night_lowlight,0.0
2019-06-04 14:30:00+00:00,2019-06-04 15:30:00+00:00,0.0,0.0,0.0,0.0,0.1290509700775146,0.8528447151184082,0.0,0.2658544182777405,0.0,0.0,0.0,0.0,0.0,0.0516269278696131,0.0153497264914135,0.0,0.0,0.0,night_lowlight,night_lowlight,0.0
2019-06-04 14:45:00+00:00,2019-06-04 15:45:00+00:00,0.0,0.0,0.0,0.0,0.1665414869785308,0.8036231398582458,0.0,0.2198891043663025,0.0,0.0,0.0,0.0,0.0,0.0516269278696131,0.0153497264914135,0.0,0.0,0.0,night_lowlight,night_lowlight,0.0
2019-06-04 15:00:00+00:00,2019-06-04 16:00:00+00:00,0.0,0.0,0.0,0.0,0.1232098266482353,0.7851139903068542,0.0,0.4914937317371368,0.0,0.0,0.2007173597812652,0.0,0.0,0.0289123958011394,0.0255978642787686,0.0,0.0,0.0,night_lowlight,night_lowlight,0.0
2019-06-04 15:15:00+00:00,2019-06-04 16:15:00+00:00,0.0,0.0,0.0,0.0,0.2518080770969391,1.098415732383728,0.0,0.3607146143913269,0.0,0.0,0.1265509277582168,0.0,0.0,0.0329326703222521,0.0268211413684055,0.0,0.0,0.0,night_lowlight,night_lowlight,0.0
2019-06-04 15:30:00+00:00,2019-06-04 16:30:00+00:00,0.0,0.0,0.0,0.0,0.2629184126853943,1.0781726837158203,0.0,0.3219552338123321,0.0,0.0,0.1106002479791641,0.0,0.0,0.0329326703222521,0.0268211413684055,0.0,0.0,0.0,night_lowlight,night_lowlight,0.0
2019-06-04 15:45:00+00:00,2019-06-04 16:45:00+00:00,0.0,0.0,0.0,0.0,0.2918466925621032,1.21586811542511,0.0,0.3806539475917816,0.0,0.0,0.2200483977794647,0.0,0.0,0.0329326703222521,0.0268211413684055,0.0,0.0,0.0,night_lowlight,night_lowlight,0.0
2019-06-04 16:00:00+00:00,2019-06-04 17:00:00+00:00,0.0,0.0,0.0,0.0713666677474975,0.4077417850494385,1.3768097162246704,0.0,0.6025869250297546,0.0,0.0,0.4742542803287506,0.0,0.0,0.039945100530348,0.0268211413684055,0.0,0.0,0.0,night_lowlight,night_lowlight,0.0
2019-06-04 16:15:00+00:00,2019-06-04 17:15:00+00:00,0.0,0.0,0.0,0.0726376473903656,0.4608806073665619,1.5222761631011963,0.0,0.5210150480270386,0.0,0.0,0.3798148930072784,0.0,0.0,0.039945100530348,0.0268211413684055,0.0,0.0,0.0,night_lowlight,night_lowlight,0.0
2019-06-04 16:30:00+00:00,2019-06-04 17:30:00+00:00,0.0,0.0,0.0,0.153477132320404,0.5315168499946594,1.59689199924469,0.0,0.569769024848938,0.0,0.0,0.4630419313907623,0.0,0.0,0.039945100530348,0.0268211413684055,0.0,0.0,0.0,night_lowlight,night_lowlight,0.0
2019-06-04 16:45:00+00:00,2019-06-04 17:45:00+00:00,0.0,0.0,0.0,0.2239808291196823,0.6892634034156799,1.6922301054000854,0.0,0.692456066608429,0.0,0.0100703667849302,0.6220672726631165,0.0,0.0,0.039945100530348,0.0268211413684055,0.041675616055727,0.0,0.0,night_lowlight,night_lowlight,0.0
2019-06-04 17:00:00+00:00,2019-06-04 18:00:00+00:00,0.0,0.0,0.0,0.2476452589035034,0.7708765864372253,1.800438404083252,0.0,0.8248764872550964,0.1555628180503845,0.1084217652678489,0.6874167919158936,0.0,0.0,0.039945100530348,0.0,0.0048488061875104,0.0,0.0,night_lowlight,night_lowlight,0.0
2019-06-04 17:15:00+00:00,2019-06-04 18:15:00+00:00,0.0,0.0,0.0,0.227088451385498,0.7398434281349182,1.8871138095855713,0.0,0.7669556736946106,0.0677664875984191,0.0852086916565895,0.5382636189460754,0.0,0.0,0.039945100530348,0.0,0.0247940625995397,0.0,0.0,night_lowlight,night_lowlight,0.0
2019-06-04 17:30:00+00:00,2019-06-04 18:30:00+00:00,0.0,0.0,0.0,0.2620685398578644,0.886116623878479,1.935801982879639,0.0,0.940970778465271,0.2599090933799743,0.1948844939470291,0.7066071033477783,0.0,0.0,0.039945100530348,0.0,0.0825682505965232,0.0,0.0,night_lowlight,night_lowlight,0.0
2019-06-04 17:45:00+00:00,2019-06-04 18:45:00+00:00,0.0,0.0,0.0,0.2233856171369552,0.8208447098731995,1.8904186487197876,0.0,0.9472202062606812,0.2113819271326065,0.1115965396165847,0.6232221126556396,0.0,0.0,0.039945100530348,0.0,0.1278331875801086,0.0,0.0,night_lowlight,night_lowlight,0.0
2019-06-04 18:00:00+00:00,2019-06-04 19:00:00+00:00,0.0,0.0,0.0,0.1550151854753494,0.7401648163795471,1.4685699939727783,0.0,1.288080096244812,0.1856346130371093,0.0068881390616297,0.6532625555992126,0.0,0.0282643180582454,0.039945100530348,0.0,0.138186976313591,0.0,0.0,night_lowlight,night_lowlight,0.0
2019-06-04 18:15:00+00:00,2019-06-04 19:15:00+00:00,0.0,0.0,0.0,0.186686635017395,0.7919248342514038,1.631151556968689,0.0,1.3923264741897583,0.2132881432771682,0.0414155386388301,0.642519474029541,0.0,0.0282643180582454,0.039945100530348,0.0,0.2708536982536316,0.0,0.0,night_lowlight,night_lowlight,0.0
2019-06-04 18:30:00+00:00,2019-06-04 19:30:00+00:00,0.0,0.0,0.0,0.2856047451496124,0.9787563681602478,1.8915191888809204,0.0393210314214229,1.4940009117126465,0.3717322051525116,0.2069871425628662,0.7451033592224121,0.0,0.0,0.039945100530348,0.0,0.4212797880172729,0.0,0.0,night_lowlight,night_lowlight,0.0
2019-06-04 18:45:00+00:00,2019-06-04 19:45:00+00:00,0.0,0.0,0.0,0.4226008057594299,1.399118185043335,2.0498011112213135,0.1349527537822723,1.7969030141830444,0.7151598930358887,0.4529405534267425,0.9452331066131592,0.1797076016664505,0.0,0.0359248260092353,0.0,0.3947215974330902,0.0,0.0,night_lowlight,night_lowlight,0.0
2019-06-04 19:00:00+00:00,2019-06-04 20:00:00+00:00,0.0,0.0,0.0,0.5052288770675659,1.6154170036315918,2.3373825550079346,0.2346889227628708,1.9514379501342771,0.9276450276374816,0.5555698871612549,0.9624798893928528,0.3658334910869598,0.0,0.0369775256856869,0.0,0.4102478623390198,0.0,0.0,night_lowlight,night_lowlight,0.0
2019-06-04 19:15:00+00:00,2019-06-04 20:15:00+00:00,0.0,0.0,0.0,0.5678293108940125,1.683413863182068,2.6060121059417725,0.3515365123748779,2.003040075302124,0.999540388584137,0.6331315040588379,0.9539043307304382,0.6099594235420227,0.0,0.039945100530348,0.0,0.5584222674369812,0.0541374720633029,0.0,night_lowlight,night_lowlight,0.0
2019-06-04 19:30:00+00:00,2019-06-04 20:30:00+00:00,0.0,0.0,0.0,0.5099276304244995,1.4392945766448977,2.2780873775482178,0.3756113648414612,2.206650495529175,1.1548149585723877,0.4105431139469147,1.025433897972107,0.4471291601657867,0.0282643180582454,0.0375593674619726,0.0,0.6021659970283508,0.0,0.0,night_lowlight,night_lowlight,0.0
2019-06-04 19:45:00+00:00,2019-06-04 20:45:00+00:00,0.0,0.0,0.0,0.509120762348175,1.5761620998382568,2.4230620861053467,0.4403450787067413,2.4023971557617188,1.228400707244873,0.4269320070743561,1.1812533140182495,0.5810716152191162,0.0291633192607673,0.0375593674619726,0.0,0.7431728839874268,0.0,0.0,night_lowlight,night_lowlight,0.0
2019-06-04 20:00:00+00:00,2019-06-04 21:00:00+00:00,0.0,0.0,0.0,0.5686261057853699,1.8360710144042969,2.5240893363952637,0.5166124701499939,2.525712013244629,1.3642983436584473,0.5101433396339417,1.3488212823867798,0.671687126159668,0.0905455237430102,0.058507333416997,0.0482646500223608,0.8090448975563049,0.0228286758065223,0.0632346644997596,night_lowlight,night_lowlight,0.0
2019-06-04 20:15:00+00:00,2019-06-04 21:15:00+00:00,0.000668,0.0,0.0,0.6093413233757019,2.074878215789795,2.7501957416534424,0.5931345820426941,2.630828619003296,1.5390818119049072,0.5636799335479736,1.5161203145980835,0.8483802080154419,0.0968922862835166,0.0590891751932827,0.0482646500223608,0.9350368976593018,0.1546552926301956,0.2406442463397979,night_lowlight,night_lowlight,0.000668
2019-06-04 20:30:00+00:00,2019-06-04 21:30:00+00:00,0.085861,4.0,0.0,0.6581481099128723,2.3831095695495605,2.978615045547486,0.6817087531089783,2.764448404312134,1.7233351469039917,0.6485058665275574,1.7145458459854126,1.0833557844161987,0.1742203728350829,0.0563462452956208,0.0482646500223608,1.0503078699111938,0.3145871758460998,0.3763017654418945,night_lowlight,night_lowlight,0.085861
2019-06-04 20:45:00+00:00,2019-06-04 21:45:00+00:00,0.235594,8.0,0.0,0.7234051823616028,2.74371600151062,3.0795629024505615,0.8031233549118042,2.9195456504821777,2.0624499320983887,0.8411295413970947,1.8725513219833376,1.3962684869766235,0.2801850639753819,0.143132022011115,0.1024184693848753,1.1071374416351318,0.6159847974777222,0.5192487239837646,night_lowlight,night_lowlight,0.235594
2019-06-04 21:00:00+00:00,2019-06-04 22:00:00+00:00,0.342939,12.0,0.0,0.7536225318908691,2.71616530418396,3.0610201358795166,0.9381709694862366,2.9701907634735107,2.295098781585694,0.8811617493629456,1.9078891277313232,1.4896548986434937,0.4409777174251393,0.3081051296884194,0.2477572160762532,1.170621395111084,0.6333951354026794,0.6246630549430847,night_lowlight,night_lowlight,0.342939
2019-06-04 21:15:00+00:00,2019-06-04 22:15:00+00:00,0.424662,14.0,0.000668,0.7544241655044556,2.5005089748077394,3.0898861396484376,1.02551455380249,2.95643086315918,2.432491492050171,0.9111308562927246,1.8814717042617797,1.5571754682235717,0.8459406296138473,0.7383281115408212,0.7737730358309763,1.2445429074935912,0.6679447400741577,0.7792724478416443,night_lowlight,night_lowlight,0.423994
2019-06-04 21:30:00+00:00,2019-06-04 22:30:00+00:00,0.60509,20.0,0.085861,0.913156422554016,2.658312114654541,3.327764305053711,1.1865663852081298,3.1355450476989746,2.6281497802124023,1.0746168817863464,2.069960268913269,1.8178786362991333,0.921210861176614,0.9799421289677148,0.9721295460174112,1.4079228963241577,0.8989093627319336,1.0395099248275756,night_lowlight,night_lowlight,0.519229
2019-06-04 21:45:00+00:00,2019-06-04 22:45:00+00:00,0.815609,24.0,0.235594,1.1754607216300963,2.958419765609741,3.72024246611023,1.4204473153533936,3.390090669769287,2.948926176208496,1.3852527991714478,2.355859007019043,2.2956211224975585,1.4661885379432564,1.4635451376946034,1.4760874369277304,1.634248103279114,1.3251576081695555,1.436127151626587,day_low,day_stable,0.5800150000000001
2019-06-04 22:00:00+00:00,2019-06-04 23:00:00+00:00,1.321059,38.0,0.342939,1.3208570288314818,2.874768595565796,3.9003816651000975,1.6469753788604735,3.5829897926940917,3.113203148712158,1.494599680770874,2.3631635712280272,2.376307110656738,2.269372305278998,1.733948880597695,1.7809087172099751,1.723696093429565,1.2674096034660338,1.658811311592102,day_low,day_stable,0.97812
2019-06-04 22:15:00+00:00,2019-06-04 23:15:00+00:00,1.926477,56.0,0.424662,1.551335698425293,3.0340820611114503,4.866679555236816,1.876158720314026,3.799531346618653,3.3185931504364015,1.6200425685043336,2.6665448010559083,2.7798804104919435,2.702674606702125,1.7516423080214232,2.1275526223290044,2.148308402359009,1.2815357506866456,2.032577997505188,day_low,day_stable,1.5018150000000001
2019-06-04 22:30:00+00:00,2019-06-04 23:30:00+00:00,1.973016,57.0,0.60509,1.9866896646881105,3.652289964523315,5.290133334960937,2.238243796195984,4.126260139312744,3.769483186569214,2.2490376013183595,2.947594978179932,3.499467946853638,3.1592841873388755,2.1136541346222906,2.8455237065591925,2.3163951414489747,2.1401002186203004,2.7006507891082765,day_low,day_stable,1.3679260000000002
2019-06-04 22:45:00+00:00,2019-06-04 23:45:00+00:00,2.389352,69.0,0.815609,2.4836085059967044,4.135432026657105,6.085058234008789,2.5838843801345828,4.445447943481446,4.158805153640747,2.509088895591736,3.325740359100342,3.968444130691529,3.4769865715543538,2.369065241028002,3.180838495495407,2.7262524583663943,2.3409672000732424,3.2408857562866213,day_low,day_stable,1.5737430000000001
2019-06-04 23:00:00+00:00,2019-06-05 00:00:00+00:00,2.129477,64.0,1.321059,3.2035420055236816,4.601157915100098,6.780562650665283,3.221346866592407,5.196498882278442,4.7797300929870605,2.958238970741272,4.055175315841675,4.3523523921813965,4.016729820677311,4.1098133157595464,3.8590348296063577,3.4304425830688476,2.5455130452957153,3.7881322021331783,day_low,day_stable,0.8084180000000001
2019-06-04 23:15:00+00:00,2019-06-05 00:15:00+00:00,3.029141,84.0,1.926477,4.051134154083252,5.449703499557495,7.412827059509278,3.9602930991668703,6.025567099334717,5.338181301834107,3.6420402972717287,4.905356928588867,4.934244677307129,5.83493857065697,5.97564018915366,5.896946792645658,4.027507111312866,3.116497799636841,4.381000801803589,day_low,day_stable,1.102664
2019-06-04 23:30:00+00:00,2019-06-05 00:30:00+00:00,3.1279060000000003,87.0,1.973016,4.321520304885865,6.047000622955323,8.054328656402587,4.168027615753174,6.2169058086547855,5.497504925933838,3.796331382003785,5.306925988403321,5.240178322998047,5.9070926951699985,6.192055405028992,5.926635657811939,4.263173794952393,3.262583589759827,4.5906758072052005,day_low,day_stable,1.1548900000000002
2019-06-04 23:45:00+00:00,2019-06-05 00:45:00+00:00,3.205563,91.0,2.389352,4.926787770034791,6.5813104274292,8.56459490084839,4.740451014282227,6.665370619537354,6.047207987548829,4.206414139511109,5.72298089289856,5.728218233825684,7.070807813496774,6.572591232554775,6.003807662250162,4.790170347930909,3.753934300186158,5.107403195144654,day_low,day_stable,0.816211
2019-06-05 00:00:00+00:00,2019-06-05 01:00:00+00:00,4.83875,136.0,2.129477,4.859152769805908,6.959926104309082,8.807433581115722,4.76688835597229,6.580136275054931,6.341430163146972,4.135704016448974,5.7158202884216305,5.679344391586303,5.528695726163413,5.61432535047698,5.594799782460678,4.724085545303344,3.9714655635375977,5.076028084518432,day_low,day_stable,2.709273
2019-06-05 00:15:00+00:00,2019-06-05 01:15:00+00:00,4.058907,115.0,3.029141,6.032046130386353,8.26017194100952,9.861112168518066,5.838682940689087,7.621599724975586,7.428118279663086,5.093648246017456,6.544757178512573,6.6313970596466065,8.085841123158373,6.787621622720227,6.681078032084904,5.7240765602264405,5.00056069203949,6.087614348617554,day_low,day_stable,1.0297659999999995
2019-06-05 00:30:00+00:00,2019-06-05 01:30:00+00:00,3.469047,99.0,3.1279060000000003,6.283250486236573,8.6097175234375,10.070133363586423,6.018467580657959,7.854897653442383,7.632034932952881,5.1796759718475345,6.613051092010498,6.797706996780396,8.419002592986782,7.572068197970547,7.032646276586287,5.828537856918335,5.314396058898926,6.201065456253052,day_low,day_stable,0.3411409999999999
2019-06-05 00:45:00+00:00,2019-06-05 01:45:00+00:00,3.011312,86.0,3.205563,6.45989911869812,8.929603031433105,10.289407184875488,6.167401722229004,8.033098152435302,7.798612526214599,5.272839000976562,6.680849960601806,6.976543358123779,8.457496037498682,7.572068197970547,7.28472226132236,5.917913606918335,5.70626871899414,6.311985185897827,day_low,day_stable,-0.19425099999999995
2019-06-05 01:00:00+00:00,2019-06-05 02:00:00+00:00,5.602844,151.0,4.83875,8.186747426986695,10.02397310256958,11.015400047302249,7.494338150024414,9.426547164916991,8.84547721862793,6.743562455177307,7.641945953369141,8.065142030715943,10.794999683195346,7.2535409029161935,7.394245845300384,7.265491361618042,6.78884970664978,7.359977836608887,day_low,day_stable,0.764094
2019-06-05 01:15:00+00:00,2019-06-05 02:15:00+00:00,4.432641,124.0,4.058907,7.460247961456298,9.678332773620603,10.693706003601074,6.631136623794555,8.522361246520996,8.201476065093994,5.846993175918579,6.786450830871582,7.333950725967407,10.18771387486676,6.408229871052709,7.083230620293349,6.429824797088623,6.545458761627197,6.546306101257324,day_low,day_stable,0.3737340000000007
2019-06-05 01:30:00+00:00,2019-06-05 02:30:00+00:00,3.168813,94.0,3.469047,6.7879106302948,9.302255560943603,10.18209402758789,6.069056441375732,7.85770027835083,7.546108653137207,5.262128283569336,6.297654082366943,6.74688689906311,7.068666121131001,5.148996251113216,5.961431554731791,5.591886212417602,6.297220875808716,5.915384223052978,day_low,day_stable,-0.3002340000000001
2019-06-05 01:45:00+00:00,2019-06-05 02:45:00+00:00,3.689547,102.0,3.011312,6.178922406875611,8.354484550201416,9.357797137939452,5.56108497782898,7.09245967074585,6.895497552597046,4.861637465202332,5.687642327987671,6.20717381640625,6.526084609370034,4.906394635899555,5.820413814537941,4.934660903656006,5.950129977905274,5.469766370498657,day_low,day_stable,0.6782349999999999
2019-06-05 02:00:00+00:00,2019-06-05 03:00:00+00:00,4.791172,146.0,5.602844,8.697204351562501,10.493498087066651,11.843101263183597,7.747208595413208,9.176358938354491,9.061889171737672,7.584540248054504,7.734693527359009,8.604502201217652,8.466616578095604,5.233054466756145,7.721325026120452,7.5594029427948,8.205106258529664,7.803455114501953,day_low,day_stable,-0.8116719999999997
2019-06-05 02:15:00+00:00,2019-06-05 03:15:00+00:00,5.563469,161.0,4.432641,7.459973305908203,9.834623307434082,11.13993498727417,6.428315014091492,7.962504834381104,8.26489540979004,6.476369351593018,6.946361512390137,7.695144862380982,7.705740741140255,5.545015743594473,8.119977842459909,6.374777645317078,7.532850951400757,6.6533140842590335,day_low,day_stable,1.1308280000000002
2019-06-05 02:30:00+00:00,2019-06-05 03:30:00+00:00,3.946359,118.0,3.168813,5.988930235183716,7.749131927764893,9.062159786499024,5.145081529891968,6.4516086676483155,7.019213686264038,5.1751568415527345,5.674562225616455,6.415096054351807,4.703658825996932,4.618156680420196,7.314996461833175,4.88924540070343,6.106287966049194,5.114914546287537,day_low,day_stable,0.7775460000000001
2019-06-05 02:45:00+00:00,2019-06-05 03:45:00+00:00,6.484953,179.0,3.689547,6.430949387619019,8.590730605194093,9.898407397338868,5.669299540588379,6.996293959686279,7.454178986618042,5.946892199584961,6.142549691268921,7.025748429367066,5.202827262800619,4.825262214065629,7.065779355456575,5.385533270904541,6.6377078867645265,5.629103837081909,day_low,day_stable,2.795406
2019-06-05 03:00:00+00:00,2019-06-05 04:00:00+00:00,4.389438,126.0,4.791172,7.361860486099244,9.582926245758056,10.615198584625244,6.380712839195252,7.805607052871704,8.374326678344726,6.640109749862671,6.367075534889222,7.672115536758423,7.00828626193515,4.7734727558058845,7.829440857028087,6.239837022850037,6.5548475704879765,6.272712203094483,day_low,day_stable,-0.40173400000000026
2019-06-05 03:15:00+00:00,2019-06-05 04:15:00+00:00,3.253906,82.0,5.563469,7.770033903259278,9.417452879089357,10.608015127319335,6.544916339057923,8.026554889816286,8.74815089239502,6.777954883712769,6.010704226631165,7.887299604553223,6.877048372041165,4.86615490881012,7.396664834499116,6.787094540733338,6.208461351531983,6.642548031944275,day_low,day_stable,-2.3095630000000003
2019-06-05 03:30:00+00:00,2019-06-05 04:30:00+00:00,2.7324610000000003,72.0,3.946359,6.03263624647522,7.579425892623901,9.040487131866456,5.016946158203125,6.411930403503418,7.221714815887451,5.265160164627075,4.5594403360214235,6.423473200592041,7.095171629256529,4.80656380727254,8.725714178550119,5.056911787780762,4.883931658061981,4.990959605964661,day_low,day_stable,-1.213898
2019-06-05 03:45:00+00:00,2019-06-05 04:45:00+00:00,2.591094,63.0,6.484953,8.03352923577118,9.029215409210206,10.162940337112428,6.738165004899979,8.316295220306397,9.01473314945984,7.021371974399567,5.900958909442902,8.010732485702516,7.594251359158276,4.76185607911114,7.886402160655385,7.345053984573364,5.868222548416138,7.034002735069275,day_low,day_stable,-3.893859
2019-06-05 04:00:00+00:00,2019-06-05 05:00:00+00:00,3.266156,83.0,4.389438,5.8998791840438845,6.990146961486817,8.680405464447022,4.967644837177277,6.1913737919692995,6.972011652267456,4.901227202690125,3.456310775554657,5.968649473464966,7.440923727988878,6.320850633888092,8.045089153189243,4.9101479318504335,3.493641343391418,5.242308345115662,day_low,day_stable,-1.1232820000000001
2019-06-05 04:15:00+00:00,2019-06-05 05:15:00+00:00,3.427485,87.0,3.253906,4.60277770791626,5.796347844940186,7.515803563934327,3.975472915512085,5.255488860946656,5.741648185592652,3.679140347581864,2.5425669435081484,4.7223797920761115,5.4206995013647745,4.944637083949464,6.49594754031451,3.5801425460395815,2.821415174346924,4.0648262980995185,day_low,day_stable,0.1735789999999997
2019-06-05 04:30:00+00:00,2019-06-05 05:30:00+00:00,2.942734,74.0,2.7324610000000003,4.085978174720765,5.827505374465943,7.452811742340089,3.828981781517029,5.024549270187379,4.95582058480835,3.1641374473915103,2.5958353673563006,4.25216748765564,5.963835135337028,5.382165592916587,6.798190076733235,3.0824978893146517,2.684132097427607,3.777025485549927,day_low,day_stable,0.21027299999999993
2019-06-05 04:45:00+00:00,2019-06-05 05:45:00+00:00,3.08443,77.0,2.591094,3.949992162841797,5.893903000015259,7.217960340637207,3.786820037025452,5.062156898635864,4.715629799026489,2.938144815820694,2.6463984080734253,4.182552678245544,6.283723854056676,4.891989807650103,5.7017074971608475,2.877943945783615,2.5960382308954895,3.6472642251434326,day_low,day_stable,0.4933359999999998
2019-06-05 05:00:00+00:00,2019-06-05 06:00:00+00:00,7.175219,197.0,3.266156,4.616597694259644,6.089910072189332,7.2444744528350835,4.2279416144905095,5.597808641296387,4.981223863464356,3.226005774837494,3.2358820465472937,4.556265992027283,6.862805481507689,5.278715113630975,6.094481693596184,3.5875300289211274,2.9830749453125,4.117870670658112,day_low,day_stable,3.909063
2019-06-05 05:15:00+00:00,2019-06-05 06:15:00+00:00,4.415031,120.0,3.427485,4.627150546417236,6.081362258300781,6.798561583862305,4.257209729061127,5.777198563919067,4.9836762059783934,3.263352926478386,3.5914017219400405,4.611241351470947,6.262543312275799,5.437820990793384,6.070007546565951,3.609140079126358,3.495484981343746,4.174917470321655,day_low,day_stable,0.987546
2019-06-05 05:30:00+00:00,2019-06-05 06:30:00+00:00,2.1940619999999997,61.0,2.942734,4.134896036895752,5.903325316223144,6.61068153074646,3.9740831821289064,5.478748080047607,4.724606749328613,2.989071712556124,3.422882196220398,4.388796326431274,5.9577323664727055,5.272669134981289,5.594068556407298,3.0149941711750032,3.5591149299468996,3.687009331497193,day_low,day_stable,-0.7486720000000004
2019-06-05 05:45:00+00:00,2019-06-05 06:45:00+00:00,2.2212970000000003,57.0,3.08443,4.18925108592987,5.457406064682006,5.797717353515624,3.9419872967529295,5.32500388305664,4.6178177801895135,2.7997150329875944,3.114571584575176,4.234183212928771,5.268976806142476,3.896567352897872,3.847562458327564,3.052232736908197,3.096315575018823,3.5978620855140684,day_low,day_stable,-0.8631329999999995
2019-06-05 06:00:00+00:00,2019-06-05 07:00:00+00:00,2.294578,63.0,7.175219,7.187454585600138,6.981549889463425,6.339668393749237,6.000756919998169,7.67934554876709,6.203893840927124,5.022214115280152,5.921775878089905,6.49233508171463,7.393145918432008,6.666856519895281,6.947165069078905,6.946539790052414,5.35759466947937,6.935972005743027,day_low,day_stable,-4.880641000000001
2019-06-05 06:15:00+00:00,2019-06-05 07:15:00+00:00,2.531156,69.0,4.415031,4.452407284599304,5.400970621925354,4.927430971485138,3.5901532014427184,5.626189156394958,4.46141135595417,2.901508732658386,3.8926028450546264,4.589943393093109,6.650099270458093,5.441783144775075,5.210999827773977,4.153319223743439,4.047778918367386,4.317395499866962,day_low,day_stable,-1.8838749999999997
2019-06-05 06:30:00+00:00,2019-06-05 07:30:00+00:00,3.773766,104.0,2.1940619999999997,2.643770342552185,4.594131713592529,4.186529403411865,2.4675673598880765,4.260186677658081,3.467225795471191,1.506668871128082,2.3152677173252103,3.23137295790863,5.139984335079494,3.72706227878437,3.6885920450741345,1.885223125898361,2.909447556221008,2.2450938391025064,day_low,day_stable,1.5797040000000004
2019-06-05 06:45:00+00:00,2019-06-05 07:45:00+00:00,3.940672,111.0,2.2212970000000003,2.8870416622848514,4.675264571258545,4.251857970306396,2.741442654678345,4.198618147918701,3.625822399208069,1.923707697937012,2.1809694994480613,3.35746381098938,4.84081311415577,4.0558793797384425,3.919504914070368,1.8804122250766755,2.3342383768649104,2.1286904331536296,day_low,day_stable,1.7193749999999999
2019-06-05 07:00:00+00:00,2019-06-05 08:00:00+00:00,2.840031,72.0,2.294578,2.68811859100151,4.411528750350952,3.689153834274292,2.7035273453502655,4.024653597763061,3.40679506867218,1.8244757494239807,2.1773082902936935,3.2722509345321655,4.3802223952779435,3.816640017719781,3.738152091750877,1.890880181482315,2.1074729850797653,2.0124491593151093,day_low,day_stable,0.5454530000000002
2019-06-05 07:15:00+00:00,2019-06-05 08:15:00+00:00,1.607676,43.0,2.531156,2.517610741097987,3.96346014390564,2.9778603280601503,2.522308057424188,3.961378034454346,3.0783750380096437,1.5917324389038088,2.2857042963323595,3.0858499969062807,4.694362359132083,3.8706144469656554,3.7735148949324384,1.9848607743797304,2.0733554626522066,2.058702375989914,day_low,day_stable,-0.9234800000000001
2019-06-05 07:30:00+00:00,2019-06-05 08:30:00+00:00,1.321688,35.0,3.773766,3.3253894636306764,4.463861901489258,3.1646087357673647,3.025621552196503,4.681405503479004,3.5306645968828203,2.447510559288025,3.1777072140846254,3.765054241930306,4.1917424881364775,3.4866771474326237,3.604155566963952,3.129042942253113,2.6344372818145754,3.012189585891724,day_low,day_stable,-2.452078
2019-06-05 07:45:00+00:00,2019-06-05 08:45:00+00:00,1.26875,35.0,3.940672,3.0341745811195375,4.478717346736908,2.835734327384949,2.7128090458602907,4.64613093907547,3.5028071003646852,2.499934752532959,3.273245235034943,3.824558702358723,3.9540130443610257,3.130326646391109,3.443104662509854,3.203289588043213,2.596071799346924,2.9422609406204225,day_low,day_stable,-2.6719220000000004
2019-06-05 08:00:00+00:00,2019-06-05 09:00:00+00:00,1.284172,35.0,2.840031,1.8946996053276064,3.654908510070801,2.187831076007843,1.5400309284744265,3.5976356586036684,2.5425685068187716,1.53641829095459,2.4281281252918245,3.1233655830440523,2.576890230839012,1.9385012845406135,2.0835487802025705,2.0938227494773867,1.582667561393738,1.7687748392639162,day_low,day_stable,-1.555859
2019-06-05 08:15:00+00:00,2019-06-05 09:15:00+00:00,1.046473,27.0,1.607676,0.7141844338188172,2.4090298122177125,1.3089731341609956,0.6132186955223085,2.4855938857803346,1.4423299586782456,0.3135808414230348,1.2963358765850068,1.9591632491359712,2.8114817209708973,2.184000177923809,1.730301761240908,0.7930218881378175,0.2451212114105225,0.5064137882003785,day_low,day_stable,-0.5612030000000001
2019-06-05 08:30:00+00:00,2019-06-05 09:30:00+00:00,0.988176,26.0,1.321688,0.596389178073883,1.9155987537269592,1.1150847858552932,0.4140985644226074,2.205361369884491,1.0159999168281555,0.005415741241455,0.9299329853420256,1.5105082875852585,1.2428667368052533,0.5704985097734022,0.2739903661970655,0.504431489742279,0.0,0.1396958268051147,day_low,day_stable,-0.3335119999999999
2019-06-05 08:45:00+00:00,2019-06-05 09:45:00+00:00,0.8228549999999999,26.0,1.26875,0.5261009216308594,1.5694830298423768,0.7828233122825623,0.3261428952217102,2.0530614137649534,0.69443439245224,0.0,0.8114485919475556,1.1591827228665352,0.8584443552770206,0.0198187664833289,0.0221887041748768,0.4305751204490662,0.0,0.0,day_low,day_stable,-0.44589500000000015
2019-06-05 09:00:00+00:00,2019-06-05 10:00:00+00:00,0.716283,21.0,1.284172,0.7091651573867799,1.837392272064209,1.1480212226600648,0.363686503479004,2.041640819618225,0.9006434694023133,0.2964673653335572,0.8064836278648377,1.2950727777646185,0.8576256879378269,0.0198187664833289,0.2798515605825039,0.4976676717491151,0.0,0.0,day_low,day_stable,-0.5678890000000001
2019-06-05 09:15:00+00:00,2019-06-05 10:15:00+00:00,0.811371,24.0,1.046473,0.1668095325927734,1.3631922339897156,0.6539987956981659,0.0625086760025024,1.6491972541313171,0.4326654409866333,0.0,0.6070972716312408,0.7911733126144409,0.4870366873559191,0.0,0.0,0.1918151711921691,0.0,0.0,day_low,day_stable,-0.23510200000000003
2019-06-05 09:30:00+00:00,2019-06-05 10:30:00+00:00,0.591801,18.0,0.988176,0.1477900861511231,1.3460774241695406,0.7484936832199097,0.0188197015533447,1.5082677124748232,0.4165913580665589,0.0,0.5271397649059296,0.7194695888767243,0.3646586678493486,0.0,0.0,0.1906404017219544,0.0,0.0,night_lowlight,night_lowlight,-0.39637500000000003
2019-06-05 09:45:00+00:00,2019-06-05 10:45:00+00:00,0.388726,13.0,0.8228549999999999,0.0,0.9639996779966352,0.3458493394660948,0.0,1.2211052222061156,0.1315993709373473,0.0,0.2511888785171507,0.3329237146186827,0.1986401269297794,0.0,0.0,0.0205633683013914,0.0,0.0,night_lowlight,night_lowlight,-0.4341289999999999
2019-06-05 10:00:00+00:00,2019-06-05 11:00:00+00:00,0.224137,8.0,0.716283,0.0,0.3925429349021911,0.0,0.0,1.0770799880104065,0.0,0.0,0.0,0.0,0.1219101303543379,0.0,0.0,0.0,0.0,0.0,night_lowlight,night_lowlight,-0.492146
2019-06-05 10:15:00+00:00,2019-06-05 11:15:00+00:00,0.086283,5.0,0.811371,0.0,0.8101419391862154,0.1203096820793151,0.0,1.2497311546287535,0.0343731357536315,0.0,0.1981735541305541,0.1467598392448424,0.0464372599227672,0.0,0.0,0.1076132370910644,0.0,0.0,night_lowlight,night_lowlight,-0.725088
2019-06-05 10:30:00+00:00,2019-06-05 11:30:00+00:00,0.0,1.0,0.591801,0.0,0.6350869361171723,0.0,0.0,0.9985559407482149,0.0,0.0,0.0,0.0,0.0,0.0,0.0,0.0,0.0,0.0,night_lowlight,night_lowlight,-0.591801
2019-06-05 10:45:00+00:00,2019-06-05 11:45:00+00:00,0.0,0.0,0.388726,0.0,0.2328854243049621,0.0,0.0,0.7473456601390839,0.0,0.0,0.0,0.0,0.0,0.0,0.0,0.0,0.0,0.0,night_lowlight,night_lowlight,-0.388726
2019-06-05 11:00:00+00:00,2019-06-05 12:00:00+00:00,0.0,0.0,0.224137,0.0,0.3750568695421219,0.0,0.0,0.6935664631481171,0.0,0.0,0.0,0.0,0.0,0.0,0.0,0.0,0.0,0.0,night_lowlight,night_lowlight,-0.224137
2019-06-05 11:15:00+00:00,2019-06-05 12:15:00+00:00,0.0,0.0,0.086283,0.0,0.3388472514228821,0.0,0.0,0.5852298157291412,0.0,0.0,0.0,0.0,0.0079020308928825,0.0,0.0,0.0,0.0,0.0,night_lowlight,night_lowlight,-0.086283
2019-06-05 11:30:00+00:00,2019-06-05 12:30:00+00:00,0.0,0.0,0.0,0.0,0.3770339488983154,0.0,0.0,0.5310213565826416,0.0,0.0,0.0,0.0,0.0,0.0283679472815781,0.0,0.0,0.0,0.0,night_lowlight,night_lowlight,0.0
2019-06-05 11:45:00+00:00,2019-06-05 12:45:00+00:00,0.0,0.0,0.0,0.0,0.5634899735450745,0.0,0.0,0.5685611963272095,0.0,0.0,0.0,0.0,0.0,0.039945100530348,0.0,0.0,0.0,0.0,night_lowlight,night_lowlight,0.0
2019-06-05 12:00:00+00:00,2019-06-05 13:00:00+00:00,0.0,0.0,0.0,0.0,0.4531624019145965,0.0,0.0,0.529010534286499,0.0,0.0,0.0,0.0,0.0213990797808491,0.039945100530348,0.0,0.0,0.0,0.0,night_lowlight,night_lowlight,0.0
2019-06-05 12:15:00+00:00,2019-06-05 13:15:00+00:00,0.0,0.0,0.0,0.0,0.0,0.0,0.0,0.4076399803161621,0.0,0.0,0.0,0.0,0.0224238188206454,0.039945100530348,0.0,0.0,0.0,0.0,night_lowlight,night_lowlight,0.0
2019-06-05 12:30:00+00:00,2019-06-05 13:30:00+00:00,0.0,0.0,0.0,0.0,0.0,0.0,0.0,0.4911660254001617,0.0,0.0,0.0,0.0,0.0224238188206454,0.039945100530348,0.0,0.0,0.0,0.0,night_lowlight,night_lowlight,0.0
2019-06-05 12:45:00+00:00,2019-06-05 13:45:00+00:00,0.0,0.0,0.0,0.0,0.0,0.0,0.0,0.4552402794361114,0.0,0.0,0.0,0.0,0.0224238188206454,0.039945100530348,0.0,0.0,0.0,0.0,night_lowlight,night_lowlight,0.0
2019-06-05 13:00:00+00:00,2019-06-05 14:00:00+00:00,0.0,0.0,0.0,0.0,0.0,0.0,0.0,0.5060367584228516,0.0,0.0,0.0,0.0,0.0596343622231269,0.0616319704010631,0.0233996494526372,0.0,0.0,0.0,night_lowlight,night_lowlight,0.0
2019-06-05 13:15:00+00:00,2019-06-05 14:15:00+00:00,0.0,0.0,0.0,0.0,0.0,0.0,0.0,0.565500795841217,0.0,0.0,0.0,0.0,0.0252604506163273,0.0616319704010631,0.0233996494526372,0.0,0.0,0.0,night_lowlight,night_lowlight,0.0
2019-06-05 13:30:00+00:00,2019-06-05 14:30:00+00:00,0.0,0.0,0.0,0.0,0.0,0.0,0.0,0.6255940794944763,0.0,0.0,0.0,0.0,0.0596343622231269,0.0616319704010631,0.0275594481085679,0.0,0.0,0.0,night_lowlight,night_lowlight,0.0
2019-06-05 13:45:00+00:00,2019-06-05 14:45:00+00:00,0.0,0.0,0.0,0.0,0.0,0.0,0.0,0.6686558723449707,0.0,0.0,0.0131471408531069,0.0,0.0596343622231269,0.0616319704010631,0.0233996494526372,0.0,0.0,0.0,night_lowlight,night_lowlight,0.0
2019-06-05 14:00:00+00:00,2019-06-05 15:00:00+00:00,0.0,0.0,0.0,0.0,0.0,0.0,0.0,0.677570104598999,0.0,0.0,0.1510791629552841,0.0,0.0596343622231269,0.039945100530348,0.0,0.0,0.0,0.0,night_lowlight,night_lowlight,0.0
2019-06-05 14:15:00+00:00,2019-06-05 15:15:00+00:00,0.0,0.0,0.0,0.0,0.2754577100276947,0.0,0.0,0.7157171964645386,0.0,0.0,0.2535364627838135,0.0,0.0,0.039945100530348,0.0,0.0,0.0,0.0,night_lowlight,night_lowlight,0.0
2019-06-05 14:30:00+00:00,2019-06-05 15:30:00+00:00,0.0,0.0,0.0,0.0,0.2084783315658569,0.0,0.0,0.6734609007835388,0.0,0.0,0.2263732254505157,0.0,0.0,0.039945100530348,0.0,0.0,0.0,0.0,night_lowlight,night_lowlight,0.0
2019-06-05 14:45:00+00:00,2019-06-05 15:45:00+00:00,0.0,0.0,0.0,0.0,0.2789269983768463,0.0,0.0,0.6978622078895569,0.0,0.0,0.2584855556488037,0.0,0.0,0.039945100530348,0.0,0.0,0.0,0.0,night_lowlight,night_lowlight,0.0
2019-06-05 15:00:00+00:00,2019-06-05 16:00:00+00:00,0.0,0.0,0.0,0.0,0.5561022162437439,0.0654042363166809,0.0,0.7940258979797363,0.0,0.0,0.4503950476646423,0.0,0.0,0.039945100530348,0.0,0.0,0.0,0.0,night_lowlight,night_lowlight,0.0
2019-06-05 15:15:00+00:00,2019-06-05 16:15:00+00:00,0.0,0.0,0.0,0.0,0.6122499704360962,0.4340015351772308,0.0,0.7933424115180969,0.0,0.0,0.4555376470088959,0.0,0.0325907206259316,0.039945100530348,0.0,0.0,0.0,0.0,night_lowlight,night_lowlight,0.0
2019-06-05 15:30:00+00:00,2019-06-05 16:30:00+00:00,0.0,0.0,0.0,0.0,0.5996648669242859,0.7458212375640869,0.0,0.7739636301994324,0.0,0.0,0.4458441138267517,0.0,0.0315659815861353,0.039945100530348,0.0,0.0,0.0,0.0,night_lowlight,night_lowlight,0.0
2019-06-05 15:45:00+00:00,2019-06-05 16:45:00+00:00,0.0,0.0,0.0,0.0,0.3791645765304565,0.4736445248126983,0.0,0.6700811386108398,0.0,0.0,0.2554902732372284,0.0,0.0325907206259316,0.039945100530348,0.0,0.0,0.0,0.0,night_lowlight,night_lowlight,0.0
2019-06-05 16:00:00+00:00,2019-06-05 17:00:00+00:00,0.0,0.0,0.0,0.0,0.3404915332794189,0.4650264680385589,0.0,0.6705396771430969,0.0,0.0,0.2190729230642318,0.0,0.0325907206259316,0.039945100530348,0.0258114549269314,0.0,0.0,0.0,night_lowlight,night_lowlight,0.0
2019-06-05 16:15:00+00:00,2019-06-05 17:15:00+00:00,0.0,0.0,0.0,0.0,0.3126006722450256,0.391277402639389,0.0,0.7100172638893127,0.0,0.0,0.2125911861658096,0.0,0.0325907206259316,0.039945100530348,0.0258114549269314,0.0,0.0,0.0,night_lowlight,night_lowlight,0.0
2019-06-05 16:30:00+00:00,2019-06-05 17:30:00+00:00,0.0,0.0,0.0,0.0021545838098973,0.3666185736656189,0.4649995863437652,0.0,0.798122763633728,0.0,0.0,0.2551491558551788,0.0,0.0669646322327312,0.039945100530348,0.0,0.0,0.0,0.0,night_lowlight,night_lowlight,0.0
2019-06-05 16:45:00+00:00,2019-06-05 17:45:00+00:00,0.0,0.0,0.0,0.1569774746894836,0.5960432291030884,0.2620685994625091,0.0,1.0085232257843018,0.0,0.0,0.2613804638385772,0.0,0.0282643180582454,0.0673434142789762,0.0,0.0,0.0,0.0,night_lowlight,night_lowlight,0.0
2019-06-05 17:00:00+00:00,2019-06-05 18:00:00+00:00,0.0,0.0,0.0,0.304178237915039,0.9545615315437316,1.2579131126403809,0.0283925365656614,1.0158064365386963,0.0,0.0,0.3524948060512543,0.0,0.0,0.039945100530348,0.0,0.0,0.0,0.0,night_lowlight,night_lowlight,0.0
2019-06-05 17:15:00+00:00,2019-06-05 18:15:00+00:00,0.0,0.0,0.0,0.31521737575531,1.340245008468628,1.4766026735305786,0.0544607192277908,1.31296706199646,0.2946233451366424,0.0,0.5197174549102783,0.0,0.0,0.0359248260092353,0.0,0.0,0.0,0.0,night_lowlight,night_lowlight,0.0
2019-06-05 17:30:00+00:00,2019-06-05 18:30:00+00:00,0.0,0.0,0.0,0.3442457318305969,1.3485913276672363,1.814345121383667,0.1655659824609756,1.2696315050125122,0.4102579951286316,0.0839585736393928,0.4431128203868866,0.0,0.0325907206259316,0.039945100530348,0.0,0.0,0.0,0.0,night_lowlight,night_lowlight,0.0
2019-06-05 17:45:00+00:00,2019-06-05 18:45:00+00:00,0.0,0.0,0.0,0.3029220700263977,1.3728855848312378,1.9069715738296509,0.1981024146080017,1.4210312366485596,0.526535153388977,0.1226101666688919,0.4652654230594635,0.0,0.0,0.0359248260092353,0.0,0.0,0.0,0.0,night_lowlight,night_lowlight,0.0
2019-06-05 18:00:00+00:00,2019-06-05 19:00:00+00:00,0.0,0.0,0.0,0.2917248606681824,1.3493683338165283,2.146334648132324,0.2755529582500458,1.3658326864242554,0.5466834902763367,0.2352100759744644,0.3976211249828338,0.0,0.0,0.0329326703222521,0.0,0.0,0.0,0.0,night_lowlight,night_lowlight,0.0
2019-06-05 18:15:00+00:00,2019-06-05 19:15:00+00:00,0.0,0.0,0.0,0.2504293024539947,1.524355173110962,2.025850296020508,0.2406380325555801,1.6057426929473877,0.6643170714378357,0.2824913263320923,0.4809467196464538,0.0,0.0262439580854252,0.0248845592925745,0.0,0.0,0.0,0.0,night_lowlight,night_lowlight,0.0
2019-06-05 18:30:00+00:00,2019-06-05 19:30:00+00:00,0.0,0.0,0.0,0.2457206696271896,1.5458009243011477,2.10048508644104,0.2546537816524505,1.7125985622406006,0.7793453335762024,0.332838237285614,0.4495096206665039,0.0,0.0262439580854252,0.0248845592925745,0.0,0.0,0.0,0.0,night_lowlight,night_lowlight,0.0
2019-06-05 18:45:00+00:00,2019-06-05 19:45:00+00:00,0.0,0.0,0.0,0.2497475743293762,1.5819343328475952,2.082584857940674,0.2495036125183105,1.8980114459991455,0.90630704164505,0.3517891466617584,0.4375728368759155,0.0,0.0262439580854252,0.0248845592925745,0.0,0.0,0.0,0.0,night_lowlight,night_lowlight,0.0
2019-06-05 19:00:00+00:00,2019-06-05 20:00:00+00:00,0.0,0.0,0.0,0.2716865539550781,1.6910673379898071,2.0595431327819824,0.2763897478580475,2.002068281173706,1.0825636386871338,0.4181159436702728,0.4013813138008117,0.0,0.0252192190456289,0.0318969895006705,0.0,0.0257891435176134,0.0,0.0,night_lowlight,night_lowlight,0.0
2019-06-05 19:15:00+00:00,2019-06-05 20:15:00+00:00,0.0,0.0,0.0,0.3007591664791107,1.7993805408477783,2.136890649795532,0.3563430905342102,2.064307451248169,1.27765953540802,0.5017946362495422,0.4196937382221222,0.0,0.0252192190456289,0.0318969895006705,0.0,0.1273857802152633,0.0,0.0,night_lowlight,night_lowlight,0.0
2019-06-05 19:30:00+00:00,2019-06-05 20:30:00+00:00,0.0,0.0,0.0,0.2872200310230255,1.5096840858459473,2.177428960800171,0.4917008578777313,2.011322259902954,1.4440817832946775,0.5603365302085876,0.3117656707763672,0.0,0.0262439580854252,0.0318969895006705,0.0,0.129689022898674,0.0,0.0,night_lowlight,night_lowlight,0.0
2019-06-05 19:45:00+00:00,2019-06-05 20:45:00+00:00,0.0,0.0,0.0,0.2797639071941376,1.4179238080978394,2.1957080364227295,0.5068960785865784,2.1087076663970947,1.502187967300415,0.5113494396209717,0.3792925477027893,0.0,0.0271429592879471,0.0261738032768212,0.0,0.1521536111831665,0.0,0.0,night_lowlight,night_lowlight,0.0
2019-06-05 20:00:00+00:00,2019-06-05 21:00:00+00:00,0.0,0.0,0.0,0.2688556611537933,1.516706943511963,2.6586334705352783,0.5806607007980347,2.3176827430725098,1.4196698665618896,0.3927881717681885,0.4868535697460174,0.0,0.1355926004580024,0.0614749082616582,0.0,0.3831754326820373,0.0,0.0,night_lowlight,night_lowlight,0.0
2019-06-05 20:15:00+00:00,2019-06-05 21:15:00+00:00,0.0,1.0,0.0,0.3642461895942688,1.650278091430664,2.692150115966797,0.6244951486587524,2.4281206130981445,1.5295624732971191,0.4372084140777588,0.6578817367553711,0.3114616572856903,0.1355926004580024,0.0614749082616582,0.0,0.5445954203605652,0.0,0.0,night_lowlight,night_lowlight,0.0
2019-06-05 20:30:00+00:00,2019-06-05 21:30:00+00:00,0.0618639999999999,3.0,0.0,0.5611314177513123,1.938952088356018,3.031036853790283,0.7868542671203613,2.5343198776245117,1.7581332921981812,0.6933730244636536,0.9326888918876648,0.8460836410522461,0.1785467754027691,0.0702388305143718,0.0006379082076714,0.744500458240509,0.0,0.121469609439373,night_lowlight,night_lowlight,0.0618639999999999
2019-06-05 20:45:00+00:00,2019-06-05 21:45:00+00:00,0.247926,8.0,0.0,0.6954060196876526,1.9593744277954104,3.085604667663574,0.8209676742553711,2.6349029541015625,1.911630153656006,0.6496278047561646,1.047109842300415,1.0049736499786377,0.3596060522971737,0.1511801330407926,0.0,0.829493522644043,0.0,0.312970906496048,night_lowlight,night_lowlight,0.247926
2019-06-05 21:00:00+00:00,2019-06-05 22:00:00+00:00,0.34702,10.0,0.0,0.8084374070167542,2.114544630050659,3.071953296661377,0.8212160468101501,2.8073313236236572,2.046621084213257,0.7692678570747375,1.10348379611969,1.023542046546936,0.4796780315996252,0.3081051296884194,0.0,0.8052799105644226,0.0,0.3096156120300293,night_lowlight,night_lowlight,0.34702
2019-06-05 21:15:00+00:00,2019-06-05 22:15:00+00:00,0.459758,15.0,0.0,0.9223361015319824,2.418785095214844,3.6732470989227295,0.9108582139015198,2.952662467956543,2.208277940750122,0.7847466468811035,1.3824660778045654,1.419071078300476,1.008351831200067,0.8011079553313308,0.5755848852865327,1.040197253227234,0.0,0.7139596343040466,night_lowlight,night_lowlight,0.459758
2019-06-05 21:30:00+00:00,2019-06-05 22:30:00+00:00,0.700916,22.0,0.0618639999999999,1.1509083325042724,2.607816320098877,3.813864093460083,1.0463436061515807,3.118607621826172,2.4334758335723876,0.8852658683433532,1.6046410614624025,1.6917880589141845,1.083581306190945,0.9997164856705922,0.597117492403484,1.218500357307434,0.0,0.9875472003593444,day_low,day_stable,0.6390520000000001
2019-06-05 21:45:00+00:00,2019-06-05 22:45:00+00:00,0.994574,32.0,0.247926,1.5182834895858766,2.913427117706299,4.025601628662109,1.3425028356323243,3.4241709741363526,2.7462644609222413,1.1781979235420228,1.8370807203063968,1.872442010284424,1.823132191557876,1.5277598631251703,0.8900451238695894,1.4184931548843385,0.0,1.2937444480667115,day_low,day_stable,0.746648
2019-06-05 22:00:00+00:00,2019-06-05 23:00:00+00:00,1.9692419999999995,58.0,0.34702,1.79202732421875,3.342151492614746,4.481927722473144,1.6134723124694823,3.8005138335418702,3.084432691116333,1.3321992454719545,2.352093070526123,2.3931611476135255,2.6385764749297436,1.9617714136803128,1.520531739996864,1.689429372329712,0.3019533490431308,1.6482369599533082,day_low,day_stable,1.6222219999999994
2019-06-05 22:15:00+00:00,2019-06-05 23:15:00+00:00,3.317289,96.0,0.459758,2.0046616359786986,3.624975876434326,4.83859510861206,1.890040711982727,4.049639896972656,3.4145891233520507,1.523088054283142,2.6308168932037352,2.7425164743499755,2.813845934192064,2.1034200839894037,1.6440642847590043,1.918780283554077,0.5322220935659409,2.043978051765442,day_low,day_stable,2.8575310000000003
2019-06-05 22:30:00+00:00,2019-06-05 23:30:00+00:00,3.1235310000000003,87.0,0.700916,2.3721922117385863,3.840353198638916,5.314490981689453,2.2664639431152342,4.332707353225708,3.8798207718048094,1.834802694908142,2.8793885189208983,3.084101863494873,3.3048294264356146,2.465431910590272,1.9056583763455115,2.336292214981079,0.7708733904275894,2.5625243860397338,day_low,day_stable,2.4226150000000004
2019-06-05 22:45:00+00:00,2019-06-05 23:45:00+00:00,3.584766000000001,104.0,0.994574,2.9015764490356446,4.627315689682007,6.067612578033447,2.664760519622803,4.796947170852661,4.335281778930664,2.223786284088135,3.361958910583496,3.7155524984588624,3.75963851917292,2.693929643096733,2.0982379725708893,2.8831115261306763,1.0605757356276513,3.259482790588379,day_low,day_stable,2.590192000000001
2019-06-05 23:00:00+00:00,2019-06-06 00:00:00+00:00,2.273305,59.0,1.9692419999999995,4.168147706405639,5.738747023956298,7.115746402160644,3.802711629287719,5.960790538208007,5.46766819895935,3.3433726066513056,4.40595116557312,4.70555677355957,5.854505820896781,4.532668911251977,3.70374566086624,3.9751814836425776,2.1259018862409587,4.2521800035400386,day_low,day_stable,0.30406300000000064
2019-06-05 23:15:00+00:00,2019-06-06 00:15:00+00:00,1.983625,53.0,3.317289,5.888138180221558,7.283918981994629,8.604982977355958,5.350363378967286,7.494815473999024,6.780768280471802,4.992429857696534,5.678655510391236,6.065362339462281,6.988148109172992,6.3334891904170005,4.353607527985187,5.25104201361084,3.4701819471969606,5.604944353546143,day_low,day_stable,-1.3336640000000002
2019-06-05 23:30:00+00:00,2019-06-06 00:30:00+00:00,1.670238,49.0,3.1235310000000003,5.8067742746887205,7.37628807244873,8.50954116998291,5.312167779785156,7.472740785461426,6.652038471084595,4.974728242736816,5.6392301481781,5.8971718710479735,7.0834681716886285,6.264694272543314,4.403654095463836,5.017947451454162,3.472490803581238,5.4787548941192625,day_low,day_stable,-1.4532930000000004
2019-06-05 23:45:00+00:00,2019-06-06 00:45:00+00:00,1.8502419999999995,57.0,3.584766000000001,6.312965481964112,7.84267958947754,8.909398167816164,5.87366685220337,7.926977723327638,7.18836936303711,5.620541899887086,6.063154786315919,6.4284163410339366,7.115015015005281,5.992807540435661,3.970946107575726,5.414881795135499,3.877690165725709,6.023547738281251,day_low,day_stable,-1.7345240000000015
2019-06-06 00:00:00+00:00,2019-06-06 01:00:00+00:00,2.2655939999999997,59.0,2.273305,4.78817111366272,6.646106303863526,7.703517020874024,4.75613027923584,6.668164313964844,6.347844184570313,4.606433452301026,4.987551988296509,5.2465503823089605,5.660165153345416,4.779836917505758,2.7122595020615705,4.1503013979721075,3.484222353630066,4.867842019729615,day_low,day_stable,-0.0077110000000004675
2019-06-06 00:15:00+00:00,2019-06-06 01:15:00+00:00,1.727359,39.0,1.983625,4.281355207443237,6.180881088256836,7.287268703460693,4.407049005508423,6.243057315826416,6.076033657073975,4.3126619510650634,4.746026580810547,4.914119546890259,5.218665324573447,4.692319308645694,2.5411594644839175,3.8752377681732177,3.571337049484253,4.70486408996582,day_low,day_stable,-0.2562659999999999
2019-06-06 00:30:00+00:00,2019-06-06 01:30:00+00:00,1.591898,40.0,1.670238,3.7482776461486815,5.553770047271728,6.75134561642456,3.946424466217041,5.742723446929931,5.698749047363281,3.988228064620971,4.3297228632812494,4.528174382293701,5.564663476345136,6.420204920310536,3.5174547748746776,3.5651548920516967,3.482066017234802,4.487699967468261,day_low,day_stable,-0.07833999999999985
2019-06-06 00:45:00+00:00,2019-06-06 01:45:00+00:00,1.079285,32.0,1.8502419999999995,3.8829113058013913,5.678588252441406,6.9138120225830075,4.070648532287597,5.920796256439209,5.894846301452636,4.3021246007843015,4.547513347045898,4.782726149932861,5.755221885934403,6.623618021761505,3.6922480945672063,3.744471412078857,3.764777522460937,4.677453618423462,day_low,day_stable,-0.7709569999999994
2019-06-06 01:00:00+00:00,2019-06-06 02:00:00+00:00,1.487445,46.0,2.2655939999999997,4.264250511306763,5.83610295690918,7.108126157897949,4.4384252969207765,6.035473102706909,6.224857563156128,4.778879636901856,4.957588428634644,4.914701933044434,6.797771461110469,7.331527879982333,4.402848942470042,4.07160579599762,4.4006235543670655,4.815647596496582,day_low,day_stable,-0.7781489999999998
2019-06-06 01:15:00+00:00,2019-06-06 02:15:00+00:00,3.334406,105.0,1.727359,3.653192821296692,5.4479510219421385,6.768117609771728,3.806447926315307,5.452480021270752,5.780705633911133,4.349700156005859,4.523226919921875,4.442071381362915,6.787489143453647,7.273230852984553,4.301727244273598,3.546637836250305,4.061173859390259,4.27076286390686,day_low,day_stable,1.607047
2019-06-06 01:30:00+00:00,2019-06-06 02:30:00+00:00,4.351813,125.0,1.591898,3.435651933906555,5.053946292160035,6.484248673675538,3.5321669933776856,5.050419366119385,5.50786069607544,4.156206404922486,4.229990279434205,4.1812558529357915,5.915225229465957,7.167694180548579,4.301727244273598,3.3606869337539673,3.8377998230438233,4.020383870361329,day_low,day_stable,2.759915
2019-06-06 01:45:00+00:00,2019-06-06 02:45:00+00:00,3.671828,105.0,1.079285,2.9585932237243653,4.733770225677491,6.5985792619323735,3.0518188220596314,4.760670517120362,5.037090633544922,3.6576570016479497,3.962562177810669,3.810198400650025,5.494700286103641,6.332709572513366,3.9856733593661127,2.9114856464004517,3.1498940927124024,3.517796848449707,day_low,day_stable,2.592543
2019-06-06 02:00:00+00:00,2019-06-06 03:00:00+00:00,2.91107,94.0,1.487445,3.4756590159606935,5.136757973022461,6.975456360168457,3.4048839839172365,5.011583450622559,5.282109859771729,3.973478201217651,4.329157236404419,4.2463053496551515,6.195854645055671,5.611736728680874,3.6219010220550527,3.2520614894104005,3.4933096202087404,3.732222679443359,day_low,day_stable,1.4236250000000001
2019-06-06 02:15:00+00:00,2019-06-06 03:15:00+00:00,4.349844,121.0,3.334406,5.4594856318054195,6.383935790878295,8.102503877502441,5.084427696090698,6.369560342651367,6.549930196624755,5.557170015197753,5.5030485209045406,5.544755798202514,6.124061648909375,6.242924759860796,4.321294379796234,4.87941787801361,4.922386389595031,5.17916701398468,day_low,day_stable,1.015438
2019-06-06 02:30:00+00:00,2019-06-06 03:30:00+00:00,4.3864849999999995,124.0,4.351813,6.469989937103271,7.20349232510376,9.327960651672363,5.924468916213989,7.15477816418457,7.151844900405884,6.4222315962677,6.166630905426025,6.283391516960144,7.709626862739372,5.57920666617013,4.907947894551707,5.809299987113953,5.466664117134094,6.020178359306335,day_low,day_stable,0.03467199999999959
2019-06-06 02:45:00+00:00,2019-06-06 03:45:00+00:00,7.034344,197.0,3.671828,5.678484169891357,6.442542521408081,8.455047337463379,5.091991869857788,6.378395764282226,6.338016716888427,5.6311876458435055,5.351807681968689,5.389357416084289,5.717234540604406,5.12956062721183,4.184582674078543,5.019939867904663,4.7953852099685665,5.259805409362793,day_low,day_stable,3.362516
2019-06-06 03:00:00+00:00,2019-06-06 04:00:00+00:00,3.870016000000001,108.0,2.91107,4.883159886665345,5.918631922073365,7.898826729125977,4.386514078445435,5.6689528334808355,5.812519918746949,5.006342302627564,4.66825891620636,4.864048849411011,5.29436609709606,3.8221531032587746,4.332800102084099,4.16051019317627,4.258804689712525,4.533756982154847,day_low,day_stable,0.958946000000001
2019-06-06 03:15:00+00:00,2019-06-06 04:15:00+00:00,2.937703,72.0,4.349844,6.216680309432983,7.274684927124024,9.119299432891848,5.6530654641571045,6.821956417221069,6.729874870437622,6.081835529464722,5.661418459075928,6.0314117881240845,7.318123448431436,5.8629247727928036,4.916790127098357,5.468845150131226,5.031683764118195,5.865288755554199,day_low,day_stable,-1.412141
2019-06-06 03:30:00+00:00,2019-06-06 04:30:00+00:00,2.259852,50.0,4.3864849999999995,6.184687991485595,7.100868840560913,8.617084403381348,5.382197757110595,6.717425961837768,6.557515282974243,5.936004538879394,5.484491725311279,5.79082955871582,7.058804207558947,5.332183172400522,5.096767024873003,5.332703311786651,5.020077367172241,5.730297823295593,day_low,day_stable,-2.1266329999999996
2019-06-06 03:45:00+00:00,2019-06-06 04:45:00+00:00,1.8877580000000005,54.0,7.034344,8.33891777433777,8.958052558082581,9.472787422317506,7.12922296412611,8.886552614349366,8.45721451677704,7.984003585952759,7.668458682674408,7.505375039953232,7.540270651126881,6.027968779211448,4.4364508666865,7.641488415378571,7.096661796051502,7.856131714958191,day_low,day_stable,-5.146585999999999
2019-06-06 04:00:00+00:00,2019-06-06 05:00:00+00:00,2.253016,55.0,3.870016000000001,5.354258200851442,6.468187234130861,7.83438768121338,3.96294270339346,5.714166304794313,5.300513646331789,4.802983245578767,4.2936303529415145,4.4668671104583755,6.611898691896663,4.4312924782549,4.4351135869449125,4.445449790683748,4.090915835228921,5.04662027093506,day_low,day_stable,-1.6170000000000009
2019-06-06 04:15:00+00:00,2019-06-06 05:15:00+00:00,3.581539,113.0,2.937703,4.401752696922302,5.6079407796173095,6.874883042266846,3.1712966427116394,4.853141413619995,4.564816819122314,3.853493617465973,3.45029084532547,3.420645968606949,6.3031097086967165,4.3207927559047175,3.6881935538764097,3.331934468439102,3.694960640361786,4.079512225082397,day_low,day_stable,0.6438359999999999
2019-06-06 04:30:00+00:00,2019-06-06 05:30:00+00:00,6.562282000000001,202.0,2.259852,3.6007295329589843,4.863631315948487,6.178121872665406,2.746373750688553,4.259759851219178,4.081376381637574,3.323035546066284,2.9599850256462097,2.877412565471649,5.156608345826437,4.400368856164105,3.0799638592690335,2.55604762625885,3.549324460746765,3.3984889466781616,day_low,day_stable,4.302430000000001
2019-06-06 04:45:00+00:00,2019-06-06 05:45:00+00:00,7.41475,221.0,1.8877580000000005,3.049695832832337,4.329280836685181,5.60266040097046,2.493095083339692,3.738452775581361,3.7455867363052375,3.0571635795669563,2.4652626348571784,2.566468043430329,5.445415948976598,3.875949099419723,2.9961598617130423,2.1158492846326835,2.990844233139039,2.9908785654144294,day_low,day_stable,5.526991999999999
2019-06-06 05:00:00+00:00,2019-06-06 06:00:00+00:00,7.706125,212.0,2.253016,3.170316581932068,4.354386573043824,5.337054972854615,2.8601384808692933,3.9848778297576906,3.867218737808228,3.2512466361198427,2.514722531047821,2.5619118859443666,5.6647709356340386,3.9077817227350495,2.8687705898252505,2.26543968016392,3.0047658135566713,3.0669295241508485,day_low,day_stable,5.4531089999999995
2019-06-06 05:15:00+00:00,2019-06-06 06:15:00+00:00,7.879813,192.0,3.581539,4.283630515064239,4.944690907920837,5.63105949255371,3.789036790455818,4.9015993723525995,4.582761848892211,4.1714880714073175,3.1314756521835325,3.261523778165817,6.567989507198916,4.345372862030062,3.653004483015879,3.3514833995952604,3.4619912082209585,4.050513083662032,day_low,day_stable,4.298274000000001
2019-06-06 05:30:00+00:00,2019-06-06 06:30:00+00:00,6.658532000000001,179.0,6.562282000000001,6.354281205946923,6.583001379186631,6.1299052576370245,5.6018835048027045,6.954032425100327,6.421894554311753,6.390829134995461,5.189249549324036,5.343264851982117,6.878409324715617,4.975006300670532,4.18606633809303,5.9749643544502264,4.986490521842957,6.485061649496079,day_low,day_stable,0.09625000000000039
2019-06-06 05:45:00+00:00,2019-06-06 06:45:00+00:00,10.14256,273.0,7.41475,6.306153555870056,6.890001019001007,5.711852332115173,5.289746423721313,7.031570573806762,6.394036909103393,6.741899748802185,5.530038734436035,5.666536470413208,6.668886165573634,4.864701287186107,3.8664019739841833,6.569998999595642,4.774917264938354,7.039421816825866,day_medium,day_stable,2.72781
2019-06-06 06:00:00+00:00,2019-06-06 07:00:00+00:00,7.337532,180.0,7.706125,5.924290516853333,6.817940273761749,5.849874713897705,4.776017883300781,6.9061071066856385,5.645357349395752,6.599768260002136,5.416666009902954,5.571812608718872,8.139974361985956,5.615592346037183,4.244835691298147,6.57838378238678,4.085974195480347,6.997122922420502,day_low,day_stable,-0.3685929999999997
2019-06-06 06:15:00+00:00,2019-06-06 07:15:00+00:00,7.93975,196.0,7.879813,6.030780001914978,7.371758624351502,6.475772305763245,4.787975832260132,7.142763479984284,5.658983513153077,6.514571114814759,5.47147469166565,5.595818086898804,8.79244263127313,5.579745593408632,3.9988035711928007,6.4441936457519535,4.0861144507293705,6.8955568516616825,day_low,day_stable,0.059936999999999685
2019-06-06 06:30:00+00:00,2019-06-06 07:30:00+00:00,7.392,181.0,6.658532000000001,4.781524396354676,6.68899346221459,5.956401980335237,3.804456091339112,6.172915614063264,4.845738983566285,5.452834225112916,4.354072666580201,4.741627908164979,7.66002815287607,4.577179692519129,4.339519266701918,5.341755843574525,2.807433939392091,5.8422588471717845,day_low,day_stable,0.7334679999999993
2019-06-06 06:45:00+00:00,2019-06-06 07:45:00+00:00,4.781109,141.0,10.14256,6.5838088937377925,7.148046488342285,5.096528524932861,5.391501421508789,8.122369045791626,5.973798269805908,7.666185135421752,6.832761997756958,7.152664417800903,7.553851787135585,4.671900062533886,3.6258196814899746,8.612686628875732,4.785391802368164,8.828028196868896,day_low,day_stable,-5.361451
2019-06-06 07:00:00+00:00,2019-06-06 08:00:00+00:00,6.836266,190.0,7.337532,4.685253338272095,5.96009869998169,5.286617712432862,3.962198929244995,6.151607827598572,4.85074229663086,5.3575342459030155,4.561396316940308,4.857502655441285,7.101609992411948,4.881795105281191,3.94571193151756,5.716011480743409,2.561648802215577,5.942484454566956,day_low,day_stable,-0.5012660000000002
2019-06-06 07:15:00+00:00,2019-06-06 08:15:00+00:00,4.999094,132.0,7.93975,4.9218376121521,6.637396498680115,5.692519231796265,4.298943086624146,6.830682559967041,5.374286933898926,5.874409957885742,5.107634826660156,5.252076192855835,5.930700366296508,4.008598759386694,3.323703192913791,6.136219783782959,3.031798168182373,6.251614614486694,day_low,day_stable,-2.9406559999999997
2019-06-06 07:30:00+00:00,2019-06-06 08:30:00+00:00,3.4523669999999997,94.0,7.392,4.254745523452759,5.940972129821778,4.842046300888062,3.891832391738892,5.982273261070252,4.482585231781006,5.383287469863892,4.579905073165894,4.614779035568238,5.419150618998398,3.5748798953070446,2.649725706875117,5.82001833152771,2.398130695343018,5.817423979759217,day_low,day_stable,-3.9396330000000006
2019-06-06 07:45:00+00:00,2019-06-06 08:45:00+00:00,5.213469,135.0,4.781109,2.238648081573486,4.9054058440055845,3.816569948944091,2.1687959678497313,4.260656500610351,3.3740488536682127,3.5064225442733763,2.5565718658294676,2.824789191040039,4.5175834691562144,2.8217696031691295,2.5452690641939246,3.4263515718307493,0.2727386005249022,3.4316599614944456,day_low,day_stable,0.4323600000000001
2019-06-06 08:00:00+00:00,2019-06-06 09:00:00+00:00,9.595688,257.0,6.836266,3.4514588901672365,5.568462927070618,3.674562175003052,4.162965018478394,6.054391581741333,5.282444913116455,5.547550756660462,4.32032533380127,4.991481740203858,2.998621147071873,1.647345188801011,2.0204992194890496,5.485618908134461,1.6458530018005373,5.14648123475647,day_medium,day_stable,2.7594220000000007
2019-06-06 08:15:00+00:00,2019-06-06 09:15:00+00:00,8.369594000000001,220.0,4.999094,2.045050611633301,4.3464747573318485,3.386947264808655,3.121742119926453,4.856479933399201,4.475678255695343,4.377280285495758,3.1567087079467777,3.723284592765809,3.3521969600163612,2.1367101254984613,2.102582678396168,3.770810475486756,0.4013619328918461,3.360930910247803,day_low,day_stable,3.3705000000000007
2019-06-06 08:30:00+00:00,2019-06-06 09:30:00+00:00,6.356,162.0,3.4523669999999997,1.024351767913818,3.389270484165668,3.069062255041122,2.274335913078308,3.816269062177658,3.460844845229208,3.323077417628288,2.181441120521545,2.715764395610809,1.3797331504186945,0.4400719897986845,0.3599654650037748,2.370713524238586,0.0,1.9486461204452512,day_low,day_stable,2.903633
2019-06-06 08:45:00+00:00,2019-06-06 09:45:00+00:00,4.9550160000000005,116.0,5.213469,2.243911953109741,4.20532736315155,3.12150761618042,3.531052918571472,4.941813976902008,4.148806781906128,4.749153555768967,3.4631952954711913,3.871899218696594,1.3265962722004665,0.1568254671338028,0.4350628607471229,4.086726398605347,0.5978336049499511,3.4205406619491576,day_low,day_stable,-0.2584529999999994
2019-06-06 09:00:00+00:00,2019-06-06 10:00:00+00:00,3.29432,83.0,9.595688,4.499333515441895,5.68381775883484,2.5959059145812997,5.3141743090515146,7.661381140029908,5.5576878931884774,7.560930624282838,6.627199545181275,7.037643089569093,2.0120160080870853,0.6868722215727353,1.336374179422149,8.10286666420746,3.3572698977355966,6.968914404190064,day_low,day_stable,-6.301368000000001
2019-06-06 09:15:00+00:00,2019-06-06 10:15:00+00:00,2.183891,60.0,8.369594000000001,3.3577398282470714,4.96672501387024,2.1790832501831066,4.019495390075685,6.60123076261902,4.551484726089479,6.38255765261078,5.837165020126344,5.746013067382814,1.7965383944602538,0.6362883164398515,0.7267159741048604,6.810730837005616,2.790233514923097,5.598365209716798,day_low,day_stable,-6.185703000000001
2019-06-06 09:30:00+00:00,2019-06-06 10:30:00+00:00,1.219094,32.0,6.356,1.8337426719665528,4.065176301956177,1.8053002891540528,2.916868740081787,4.976752096176147,3.423441940307617,4.8875802097320555,4.102155977249145,4.0508444843292235,1.1823289627667393,0.0,0.3860327131534498,4.831549578666687,1.2563458023071288,3.6835799751281737,day_low,day_stable,-5.136906
2019-06-06 09:45:00+00:00,2019-06-06 10:45:00+00:00,0.985168,27.0,4.9550160000000005,0.8061755726013189,3.0605845281753545,1.0845304557952886,2.1181772777709966,3.8427285978469854,2.2382167408142095,3.669757706848145,2.8984504768524175,2.5639351436767583,1.101923907172224,0.0,0.2235261517753227,3.336094243255616,0.2277425357971196,2.230466468063355,day_low,day_stable,-3.9698480000000007
2019-06-06 10:00:00+00:00,2019-06-06 11:00:00+00:00,0.5443319999999999,16.0,3.29432,0.0,2.143529666252136,0.9133674033355712,0.5425733454895019,2.4149099119377135,0.763145340270996,2.2041486628723144,1.4208843835067748,0.7655004389953612,0.2108466229582792,0.0,0.0,1.9176373608779904,0.0,0.7093399890136718,night_lowlight,night_lowlight,-2.749988
2019-06-06 10:15:00+00:00,2019-06-06 11:15:00+00:00,0.3449,10.0,2.183891,0.0,1.4248279945526123,1.1523779050979617,0.1003395931396484,1.6840978877220154,0.5831735746536255,1.6601141707572935,0.601087273803711,0.0,0.1177208834805899,0.0,0.0,1.0723758356246949,0.0,0.0,night_lowlight,night_lowlight,-1.838991
2019-06-06 10:30:00+00:00,2019-06-06 11:30:00+00:00,0.075053,3.0,1.219094,0.0,0.4789204217376708,0.0463995553436278,0.0,1.2234665664727389,0.0,0.6775681592407226,0.0872847653808592,0.0,0.216118086441748,0.0,0.0,0.1301793672027587,0.0,0.0,night_lowlight,night_lowlight,-1.1440409999999999
2019-06-06 10:45:00+00:00,2019-06-06 11:45:00+00:00,0.0,0.0,0.985168,0.0,0.362227817314148,0.3176587422065735,0.0,1.3287302453689576,0.0,0.8711073522143364,0.073638995426178,0.0,0.087256021117507,0.0,0.0,0.0119515855484009,0.0,0.0,night_lowlight,night_lowlight,-0.985168
2019-06-06 11:00:00+00:00,2019-06-06 12:00:00+00:00,0.0,0.0,0.5443319999999999,0.0,0.052141668779373,0.2491031610794066,0.0,1.0683369362182615,0.0,0.4304825314707755,0.0,0.0,0.0281091075736009,0.0,0.0,0.0,0.0,0.0,night_lowlight,night_lowlight,-0.5443319999999999
2019-06-06 11:15:00+00:00,2019-06-06 12:15:00+00:00,0.0,0.0,0.3449,0.0,0.0,0.1949671237707138,0.0,0.9481949090003968,0.0,0.2876211210131645,0.0,0.0,0.030927887707837,0.0,0.0,0.0,0.0,0.0,night_lowlight,night_lowlight,-0.3449
2019-06-06 11:30:00+00:00,2019-06-06 12:30:00+00:00,0.0,0.0,0.075053,0.0,0.0,0.2131205882101058,0.0,0.7708683247833252,0.0,0.0665948541058897,0.0,0.0,0.0,0.0,0.0,0.0,0.0,0.0,night_lowlight,night_lowlight,-0.075053
2019-06-06 11:45:00+00:00,2019-06-06 12:45:00+00:00,0.0,0.0,0.0,0.0,0.0,0.0,0.0,0.7415331602096558,0.0,0.0,0.0,0.0,0.0,0.0,0.0,0.0,0.0,0.0,night_lowlight,night_lowlight,0.0
2019-06-06 12:00:00+00:00,2019-06-06 13:00:00+00:00,0.0,0.0,0.0,0.0,0.0,0.0718068331480026,0.0,0.7890462875366211,0.0,0.0,0.0,0.0,0.1177813439544811,0.0485946126892202,0.0,0.0,0.0,0.0,night_lowlight,night_lowlight,0.0
2019-06-06 12:15:00+00:00,2019-06-06 13:15:00+00:00,0.0,0.0,0.0,0.0,0.0,0.0,0.0,0.8297582864761353,0.0,0.0,0.0,0.0,0.1177813439544811,0.0428714264653709,0.0,0.0,0.0,0.0,night_lowlight,night_lowlight,0.0
2019-06-06 12:30:00+00:00,2019-06-06 13:30:00+00:00,0.0,0.0,0.0,0.0,0.0,0.0,0.0,0.8451095819473267,0.0,0.0,0.0,0.0,0.0117506537124529,0.0485946126892202,0.0,0.0,0.0,0.0,night_lowlight,night_lowlight,0.0
2019-06-06 12:45:00+00:00,2019-06-06 13:45:00+00:00,0.0,0.0,0.0,0.0,0.0,0.0,0.0,0.837501585483551,0.0,0.0,0.0,0.0,0.0117506537124529,0.0485946126892202,0.0,0.0,0.0,0.0,night_lowlight,night_lowlight,0.0
2019-06-06 13:00:00+00:00,2019-06-06 14:00:00+00:00,0.0,0.0,0.0,0.0,0.0,0.0,0.0,0.8632152080535889,0.0,0.0,0.0,0.0,0.0145872855081347,0.0508715940020321,0.0,0.0,0.0,0.0,night_lowlight,night_lowlight,0.0
2019-06-06 13:15:00+00:00,2019-06-06 14:15:00+00:00,0.0,0.0,0.0,0.0,0.0289993323385715,0.0,0.0,0.92719566822052,0.0,0.0,0.0,0.0,0.0,0.0451484077781829,0.0,0.0,0.0,0.0,night_lowlight,night_lowlight,0.0
2019-06-06 13:30:00+00:00,2019-06-06 14:30:00+00:00,0.0,0.0,0.0,0.0,0.0,0.0,0.0,0.8855030536651611,0.0,0.0,0.0,0.0,0.0145872855081347,0.0508715940020321,0.0,0.0,0.0,0.0,night_lowlight,night_lowlight,0.0
2019-06-06 13:45:00+00:00,2019-06-06 14:45:00+00:00,0.0,0.0,0.0,0.0,0.0,0.0,0.0,0.9236034154891968,0.0,0.0,0.0,0.0,0.0209340480486411,0.0589197050317097,0.0,0.0,0.0,0.0,night_lowlight,night_lowlight,0.0
2019-06-06 14:00:00+00:00,2019-06-06 15:00:00+00:00,0.0,0.0,0.0,0.0,0.1308508515357971,0.0,0.0,0.7836076617240906,0.0,0.0,0.0,0.0,0.0209340480486411,0.0589197050317097,0.0,0.0,0.0,0.0,night_lowlight,night_lowlight,0.0
2019-06-06 14:15:00+00:00,2019-06-06 15:15:00+00:00,0.0,0.0,0.0,0.0,0.1340548396110534,0.0,0.0,1.0104610919952393,0.0,0.0,0.0,0.0,0.0145872855081347,0.054899430510597,0.0,0.0,0.0,0.0,night_lowlight,night_lowlight,0.0
2019-06-06 14:30:00+00:00,2019-06-06 15:30:00+00:00,0.0,0.0,0.0,0.0,0.4428465366363525,0.3876596689224243,0.0,0.8378502726554871,0.0,0.0,0.0,0.0,0.0,0.0589197050317097,0.0,0.0,0.0,0.0,night_lowlight,night_lowlight,0.0
2019-06-06 14:45:00+00:00,2019-06-06 15:45:00+00:00,0.0,0.0,0.0,0.0,0.2271540760993957,0.0,0.0,0.8987269997596741,0.0,0.0,0.0054349754936993,0.0,0.0282643180582454,0.0863180187803378,0.0,0.0,0.0,0.0,night_lowlight,night_lowlight,0.0
2019-06-06 15:00:00+00:00,2019-06-06 16:00:00+00:00,0.0,0.0,0.0,0.0,0.2542546093463897,0.0,0.0,1.1572420597076416,0.0,0.0,0.2337212264537811,0.0,0.0,0.0451484077781829,0.0,0.0,0.0,0.0,night_lowlight,night_lowlight,0.0
2019-06-06 15:15:00+00:00,2019-06-06 16:15:00+00:00,0.0,0.0,0.0,0.0,0.3365517556667328,0.2406632304191589,0.0,1.2637836933135986,0.1922633498907089,0.0019722217693924,0.2897698581218719,0.0,0.0,0.0451484077781829,0.0,0.0,0.0,0.0,night_lowlight,night_lowlight,0.0
2019-06-06 15:30:00+00:00,2019-06-06 16:30:00+00:00,0.0,0.0,0.0,0.0,0.3037729859352112,0.0964273139834404,0.0,1.1698083877563477,0.1229836195707321,0.0,0.325128436088562,0.0,0.0282643180582454,0.0863180187803378,0.0,0.0,0.0,0.0,night_lowlight,night_lowlight,0.0
2019-06-06 15:45:00+00:00,2019-06-06 16:45:00+00:00,0.0,0.0,0.0,0.0,0.3608156144618988,0.0809188038110733,0.0,1.238525629043579,0.1749258041381836,0.0129664251580834,0.3975178003311157,0.0,0.0282643180582454,0.0863180187803378,0.0,0.100802332162857,0.0,0.0,night_lowlight,night_lowlight,0.0
2019-06-06 16:00:00+00:00,2019-06-06 17:00:00+00:00,0.0,0.0,0.0,0.0,0.4656426012516022,0.2381646782159805,0.0,1.2818533182144165,0.2403687387704849,0.0145132476463913,0.4955838322639465,0.0,0.0669646322327312,0.0863180187803378,0.0,0.1943422257900238,0.0,0.0,night_lowlight,night_lowlight,0.0
2019-06-06 16:15:00+00:00,2019-06-06 17:15:00+00:00,0.0,0.0,0.0,0.0,0.7167590260505676,1.0213321447372437,0.0,1.1325039863586426,0.2121538817882537,0.0324342176318168,0.4366780817508697,0.0,0.0325907206259316,0.0589197050317097,0.0809029126947666,0.3149684071540832,0.0,0.0,night_lowlight,night_lowlight,0.0
2019-06-06 16:30:00+00:00,2019-06-06 17:30:00+00:00,0.0,0.0,0.0,0.0132867973297834,0.6785004734992981,1.0754053592681885,0.0,1.0929694175720217,0.2482680082321167,0.0325855799019336,0.4291278123855591,0.0,0.0325907206259316,0.0589197050317097,0.0809029126947666,0.3594416975975036,0.0,0.0,night_lowlight,night_lowlight,0.0
2019-06-06 16:45:00+00:00,2019-06-06 17:45:00+00:00,0.0,0.0,0.0,0.1900084018707275,0.9410927891731262,1.2303810119628906,0.0,1.3169716596603394,0.612572968006134,0.1354256868362426,0.6428868174552917,0.0,0.0262439580854252,0.0508715940020321,0.0,0.3156416416168213,0.0,0.0,night_lowlight,night_lowlight,0.0
2019-06-06 17:00:00+00:00,2019-06-06 18:00:00+00:00,0.0,0.0,0.0,0.2173929810523986,1.0975929498672483,1.604663968086243,0.0168452449142932,1.4305015802383425,0.83990877866745,0.1460989862680435,0.6914715766906738,0.0,0.0262439580854252,0.0508715940020321,0.0,0.2304910719394683,0.0,0.0,night_lowlight,night_lowlight,0.0
2019-06-06 17:15:00+00:00,2019-06-06 18:15:00+00:00,0.0,0.0,0.0,0.2193417698144912,1.1866925954818726,1.8435235023498535,0.1119856461882591,1.5307828187942505,0.971390426158905,0.1788348853588104,0.7261008024215698,0.144556313753128,0.0262439580854252,0.054899430510597,0.0,0.2077225297689438,0.0,0.0,night_lowlight,night_lowlight,0.0
2019-06-06 17:30:00+00:00,2019-06-06 18:30:00+00:00,0.0,0.0,0.0,0.2083098143339157,1.204152226448059,2.1099884510040283,0.2333444356918335,1.4779213666915894,0.9158257246017456,0.2022884488105774,0.7131900191307068,0.4026974439620971,0.0325907206259316,0.0589197050317097,0.0,0.2779789268970489,0.0,0.0,night_lowlight,night_lowlight,0.0
2019-06-06 17:45:00+00:00,2019-06-06 18:45:00+00:00,0.0,0.0,0.0,0.2144187539815902,1.2703473567962646,2.159412145614624,0.3167634010314941,1.59226393699646,1.0177842378616333,0.2809361517429352,0.8032379150390625,0.6922030448913574,0.0325907206259316,0.0589197050317097,0.0,0.3061987161636352,0.0,0.0,night_lowlight,night_lowlight,0.0
2019-06-06 18:00:00+00:00,2019-06-06 19:00:00+00:00,0.0,0.0,0.0,0.2049813121557235,1.2713127136230469,2.204563856124878,0.386694997549057,1.721398115158081,1.0704830884933472,0.3301456868648529,0.8201403021812439,0.8635082840919495,0.0325907206259316,0.0667239194798739,0.027633013887839,0.3707650005817413,0.0,0.0,night_lowlight,night_lowlight,0.0
2019-06-06 18:15:00+00:00,2019-06-06 19:15:00+00:00,0.0,0.0,0.0,0.1304620653390884,1.132548689842224,1.6599078178405762,0.4332002401351928,2.060241222381592,1.3050622940063477,0.2960435748100281,0.9599648118019104,0.6317300796508789,0.0606178696922249,0.0627036449587611,0.0305695354541328,0.3900333940982818,0.0,0.0,night_lowlight,night_lowlight,0.0
2019-06-06 18:30:00+00:00,2019-06-06 19:30:00+00:00,0.0,0.0,0.0,0.1204065755009651,1.1796998977661133,1.9206037521362305,0.4462655186653137,2.0936825275421143,1.3232420682907104,0.4400155544281006,1.1273678541183472,0.9317771792411804,0.0669646322327312,0.0667239194798739,0.027633013887839,0.6502525806427002,0.0,0.0,night_lowlight,night_lowlight,0.0
2019-06-06 18:45:00+00:00,2019-06-06 19:45:00+00:00,0.0,0.0,0.0,0.1665668487548828,1.300215721130371,1.9075056314468384,0.4750078022480011,2.204245090484619,1.4007346630096436,0.5418484807014465,1.263957142829895,1.1329234838485718,0.0669646322327312,0.0667239194798739,0.027633013887839,0.8763718605041504,0.0,0.0,night_lowlight,night_lowlight,0.0
2019-06-06 19:00:00+00:00,2019-06-06 20:00:00+00:00,0.0,0.0,0.0,0.2862630784511566,1.4097058773040771,1.9028090238571167,0.5734348297119141,2.344444274902344,1.495347023010254,0.6553353667259216,1.4296950101852417,1.286715388298035,0.0669646322327312,0.0708227559136639,0.0302097944534836,1.1112215518951416,0.0,0.1490272730588913,night_lowlight,night_lowlight,0.0
2019-06-06 19:15:00+00:00,2019-06-06 20:15:00+00:00,0.0,0.0,0.0,0.4102458655834198,1.5197789669036863,1.9584195613861084,0.6749952435493469,2.5205018520355225,1.6165672540664673,0.7574196457862854,1.5931768417358398,1.454182505607605,0.0669646322327312,0.0708227559136639,0.0343695931094143,1.303117036819458,0.0,0.342389702796936,night_lowlight,night_lowlight,0.0
2019-06-06 19:30:00+00:00,2019-06-06 20:30:00+00:00,0.0,0.0,0.0,0.6068750023841858,1.9713047742843628,2.5478200912475586,0.7671225070953369,2.676541805267334,1.7826290130615234,0.9311584234237672,1.5301926136016846,1.9970946311950684,0.0325907206259316,0.0708227559136639,0.0302097944534836,1.3688746690750122,0.0,0.5906572937965393,night_lowlight,night_lowlight,0.0
2019-06-06 19:45:00+00:00,2019-06-06 20:45:00+00:00,0.0,0.0,0.0,0.6432904005050659,1.784027338027954,2.3160343170166016,0.8804247379302979,2.81203031539917,1.9594402313232424,0.8950483798980713,1.650533676147461,1.9444780349731443,0.0678636334352531,0.098221069662292,0.0343695931094143,1.5039620399475098,0.0,0.6436267495155334,night_lowlight,night_lowlight,0.0
2019-06-06 20:00:00+00:00,2019-06-06 21:00:00+00:00,0.0,2.0,0.0,0.6840807199478149,2.033730745315552,2.733319044113159,0.9301549792289734,3.002070665359497,2.0355916023254395,1.034464716911316,1.9085487127304075,2.118873834609986,0.1355926004580024,0.092352563644974,0.0302097944534836,1.806517243385315,0.0,0.941838264465332,night_lowlight,night_lowlight,0.0
2019-06-06 20:15:00+00:00,2019-06-06 21:15:00+00:00,0.2315469999999999,9.0,0.0,0.7524716258049011,2.099613904953003,2.817214250564575,1.0001956224441528,3.04994797706604,2.162165403366089,1.1389002799987793,2.0627918243408203,2.2955496311187744,0.1355926004580024,0.092352563644974,0.0302097944534836,2.012723684310913,0.0,1.1472630500793457,night_lowlight,night_lowlight,0.2315469999999999
2019-06-06 20:30:00+00:00,2019-06-06 21:30:00+00:00,0.589463,21.0,0.0,0.8176918029785156,2.113827705383301,2.9798648357391357,1.0855185985565186,3.074613332748413,2.380951404571533,1.2489932775497437,2.127411365509033,2.4702534675598145,0.2129206870095687,0.1011164858976877,0.0302097944534836,2.174593687057495,0.0490309745073318,1.3386191129684448,day_low,day_stable,0.589463
2019-06-06 20:45:00+00:00,2019-06-06 21:45:00+00:00,1.139715,38.0,0.0,0.9497423768043518,2.273150682449341,3.19142484664917,1.191016435623169,3.15365219116211,2.58328914642334,1.3993793725967407,2.244215488433838,2.6728334426879883,0.3596060522971737,0.1820577884241084,0.3911947149124068,2.336672782897949,0.2777421474456787,1.5276938676834106,day_low,day_stable,1.139715
2019-06-06 21:00:00+00:00,2019-06-06 22:00:00+00:00,1.6990310000000002,59.0,0.0,1.1136534214019775,2.483938455581665,3.398844003677368,1.281322002410889,3.3059091567993164,2.780799150466919,1.5514323711395264,2.475511312484741,2.791160821914673,0.6033889190113596,0.4093718166255595,0.6602148142131125,2.5389111042022705,0.4676728844642639,1.71155047416687,day_low,day_stable,1.6990310000000002
2019-06-06 21:15:00+00:00,2019-06-06 22:15:00+00:00,2.1133439999999997,73.0,0.2315469999999999,1.5143413563461303,2.8198193331451415,3.8487244864196777,1.6628602762908935,3.628198268005371,3.2502628584594726,1.9506757279129028,2.726809384414673,3.1591447611541748,1.574371256323349,1.204264176226027,1.4435875862470142,2.8675984163970947,0.9707571287841796,2.0439631958694457,day_low,day_stable,1.8817969999999997
2019-06-06 21:30:00+00:00,2019-06-06 22:30:00+00:00,2.462359,87.0,0.589463,2.0970356509094237,3.417264465988159,4.514115099609375,2.140503768623352,4.115915779769898,3.921271567047119,2.50624549835968,3.116560940444946,3.70504236668396,2.055408129820229,1.482297432408944,1.6250706574718252,3.349635605514526,1.7332979485397335,2.5501623198394774,day_low,day_stable,1.8728960000000003
2019-06-06 21:45:00+00:00,2019-06-06 22:45:00+00:00,3.709233999999999,129.0,1.139715,3.0065762241744993,4.334063096847534,5.651911063995361,2.8141785105133055,4.921819015350342,4.911352916564941,3.3528464277648924,3.778770013656616,4.6781311472320555,2.430275861830346,1.957096142878911,2.1248195201093294,4.161961360778808,2.759319706764221,3.4676063497924803,day_low,day_stable,2.5695189999999988
2019-06-06 22:00:00+00:00,2019-06-06 23:00:00+00:00,5.006969000000001,167.0,1.6990310000000002,3.8809939669189455,5.128399495941162,6.350571756225586,3.8968745516357424,5.9631224916992185,5.986166124206543,4.467397575241089,4.534349326950073,5.566480283599853,4.19988749212321,3.753304856685391,4.166874066007236,4.767864827972412,3.441653971534729,4.201157455307007,day_low,day_stable,3.3079380000000005
2019-06-06 22:15:00+00:00,2019-06-06 23:15:00+00:00,5.8787970000000005,188.0,2.1133439999999997,4.41481237234497,5.687620208877563,7.081197546142578,4.565682933944702,6.536132619995117,6.614436433929443,5.118828104156494,4.916336820739746,6.154999540466308,4.785630768588869,4.237983143493832,4.756267081018461,5.084687994140625,4.03413359941864,4.779606865066528,day_low,day_stable,3.765453000000001
2019-06-06 22:30:00+00:00,2019-06-06 23:30:00+00:00,7.401625,254.0,2.462359,4.8403926380004885,6.3792510516967775,7.639453459533692,5.046546269210816,7.1462798602905275,6.931986380371094,5.632721234115601,5.43758945539856,6.7442927844848635,5.557962875185939,4.968882537948712,5.5497607314810695,5.3001704700317385,4.467748451980591,5.32072835043335,day_medium,day_stable,4.939266
2019-06-06 22:45:00+00:00,2019-06-06 23:45:00+00:00,8.766188,297.0,3.709233999999999,6.300079108032225,7.626046658309935,8.972649813446044,6.462189675125121,8.497177840026854,8.24487805441284,7.151932478698729,6.510508776458739,8.355764151367186,7.220660878812139,6.19374471280749,7.541761869817789,6.481202126296996,5.653024912628172,6.883319855484007,day_medium,day_stable,5.056954000000001
2019-06-06 23:00:00+00:00,2019-06-07 00:00:00+00:00,10.08613,331.0,5.006969000000001,7.7171318780365,9.03664305319214,10.349340463775636,7.957098508972169,9.975610281127931,9.962478185791015,8.910289074081422,7.992718006271363,10.062370325225832,8.705759490154898,6.745813066124229,8.18125669032616,7.828098083633424,7.236149574417115,8.450941349166872,day_medium,day_stable,5.079161
2019-06-06 23:15:00+00:00,2019-06-07 00:15:00+00:00,12.66913,405.0,5.8787970000000005,8.495689814636231,9.651485388824463,10.71756357485962,8.604307835647584,10.84784168536377,10.792114680358887,10.010101264068604,8.868472045013428,11.095460837432862,9.531893619169889,8.326105971129328,9.466308295548991,8.61590833003235,8.274380152770997,9.364691680023194,day_medium,day_stable,6.790332999999999
2019-06-06 23:30:00+00:00,2019-06-07 00:30:00+00:00,10.073,342.0,7.401625,10.005082689285278,10.8367839679718,11.815553508758544,9.620307527542112,12.022386394500732,11.773873649597167,11.644741855621335,10.00292762374878,12.508219562530517,12.81454295210572,10.533036159137282,12.215851874564244,10.174279771804809,9.743067823410032,10.94582494354248,day_medium,day_stable,2.6713750000000003
2019-06-06 23:45:00+00:00,2019-06-07 00:45:00+00:00,15.80075,510.0,8.766188,11.478992555892944,12.431533430374143,12.90079674557495,10.485139344490053,12.943682525909423,12.158947561538696,12.762522552764892,11.22331986264038,13.425940368927002,13.287154893364706,11.554020409180106,13.921446963399353,11.782366846359253,10.97427806690979,12.481045339859008,day_medium,day_stable,7.034562000000001
2019-06-07 00:00:00+00:00,2019-06-07 01:00:00+00:00,16.246129999999997,466.0,10.08613,12.720806933288577,13.47768960083008,13.782498217468262,12.372510767822266,14.984391547088624,14.911462164764403,14.654395914916991,12.827263928298953,14.800900317077636,13.48589926064773,12.72888469957496,15.567269208225085,12.831518746261596,13.054666376953126,12.995390511398316,day_medium,day_stable,6.159999999999997
2019-06-07 00:15:00+00:00,2019-06-07 01:15:00+00:00,15.56538,434.0,12.66913,15.19548097503662,16.138503941421508,15.969686182861327,14.384149822120666,16.920638712768554,16.10354843986511,16.778737219696044,15.362967642669677,16.332481774215697,17.51077509653114,15.562755281496152,17.480291373659494,15.245292815093991,15.965247544174192,14.965402039413451,day_medium,day_stable,2.89625
2019-06-07 00:30:00+00:00,2019-06-07 01:30:00+00:00,18.069189,742.0,10.073,13.40778856086731,15.511929557800292,15.563487098693848,12.49328260231018,14.841211841583252,14.745617435455324,14.73637823867798,13.871745155334471,14.443373725891114,16.932937156358992,15.07976031488302,17.072913463228296,12.64758257675171,14.991991088867188,12.551115320205689,day_high,day_stable,7.996189000000001
2019-06-07 00:45:00+00:00,2019-06-07 01:45:00+00:00,15.20138,656.0,15.80075,17.71820698451996,19.084280473709107,18.023722869873048,16.3379415102005,18.331377250671387,17.101127011299134,18.96467779350281,17.882634860992432,17.988331777572633,19.9429059751112,17.586592024773864,19.255106277099383,18.173739892959595,18.60676143836975,17.511384231567384,day_high,day_stable,-0.5993700000000004
2019-06-07 01:00:00+00:00,2019-06-07 02:00:00+00:00,16.181379,468.0,16.246129999999997,18.10481918895721,20.25464488113403,18.55866361701965,17.957577238922116,19.122080574874875,18.251474629287717,19.856765519027707,18.614480028991697,18.087064395790097,18.314654220434004,17.107506648578376,20.696570710444995,18.921044836883546,19.111420880203244,17.975212226753232,day_medium,day_stable,-0.06475099999999756
2019-06-07 01:15:00+00:00,2019-06-07 02:15:00+00:00,20.1775,858.0,15.56538,17.388453506355283,19.689327143554685,18.609333180313108,17.209164165382383,18.856857918624875,18.749622725372312,19.20256748092651,17.807803772811887,18.30334200752258,17.969527419659624,16.30589180726595,19.814750934014594,17.869624995117185,18.058341168289186,16.98828413379669,day_high,day_stable,4.612119999999999
2019-06-07 01:30:00+00:00,2019-06-07 02:30:00+00:00,18.03681,604.0,18.069189,18.24976215051556,19.964956331123354,17.84548850642586,16.659034538139345,18.721482205261232,17.184721636642458,19.847408103813173,18.59969543205643,18.40454931842232,19.10027445342685,18.62950179767191,21.156381745311165,19.95286207186127,17.797989624608995,18.657396483291627,day_medium,day_stable,-0.03237900000000238
2019-06-07 01:45:00+00:00,2019-06-07 02:45:00+00:00,25.08625,799.0,15.20138,15.568041697626114,18.12121556747437,16.58824978816986,14.181051001434328,16.22569607246399,14.971724018936158,16.95965717781067,15.227950323854683,15.901349470500946,19.10212177682385,18.581339380996983,21.10798804255136,16.78972207057953,16.149884090309143,15.393022075777054,day_high,day_ramp_up,9.88487
2019-06-07 02:00:00+00:00,2019-06-07 03:00:00+00:00,26.49325,850.0,16.181379,16.973902562908172,20.19557158117676,18.47635690336609,17.582670012763977,18.74507848387146,18.934390226654052,18.892750898651123,17.329165498069763,18.340684334091183,18.776561752595587,16.533575276056787,21.040829527547732,17.665787259391784,18.70743028288269,16.40173389976406,day_high,day_ramp_up,10.311871
2019-06-07 02:15:00+00:00,2019-06-07 03:15:00+00:00,28.741131,940.0,20.1775,18.808044424057005,20.599155654907225,18.2206193113327,18.025578250885008,19.721681019067763,17.942138662338255,20.37911348581314,18.892601242065428,19.60642652750015,19.870409159896273,19.412186787894804,24.38218835421735,20.94427268743515,18.981137146949767,19.286973526477812,day_high,day_ramp_up,8.563631
2019-06-07 02:30:00+00:00,2019-06-07 03:30:00+00:00,24.766001,755.0,18.03681,18.21673779612541,22.46576793914795,20.00951631790161,17.88405675118923,19.20560916191101,18.66189624792099,19.16957171684265,17.60762827521324,18.795879323539733,20.850118043398385,18.718654053325697,24.341845654475147,18.851380426940917,19.536988575515743,17.347241361198424,day_high,day_stable,6.729191
2019-06-07 02:45:00+00:00,2019-06-07 03:45:00+00:00,16.998619,519.0,25.08625,22.852185897827148,24.863295756578445,21.88896792411804,21.64381640434265,23.243875436782837,20.090563945770263,23.662918858528137,22.44847791671753,22.735888652801513,21.521761917439832,20.984216528371405,24.731069456248655,25.798721306324005,22.696446113586425,23.70124810218811,day_medium,day_stable,-8.087630999999998
2019-06-07 03:00:00+00:00,2019-06-07 04:00:00+00:00,25.98181,977.0,26.49325,24.041299926757812,26.43741913762689,23.57308946800232,23.477097618103027,25.13146911811829,22.701092350006103,25.202391731262207,23.68344460678101,24.035403358459472,23.716628028219503,21.973063961449977,25.02130253191512,26.653469997167587,23.73978172492981,24.500148164749145,day_high,day_stable,-0.5114400000000003
2019-06-07 03:15:00+00:00,2019-06-07 04:15:00+00:00,10.97534,329.0,28.741131,24.84286086984253,26.37530987687683,23.732393912750243,23.9297820848999,26.085759810882568,22.482964209991454,26.03828018136597,24.753511838394164,24.93294613786316,22.24046082289934,22.335968781815467,24.24176434823693,27.94070326514816,24.35222785897827,25.916703156906127,day_medium,day_ramp_down,-17.765791
2019-06-07 03:30:00+00:00,2019-06-07 04:30:00+00:00,14.24434,404.0,24.766001,21.538595213485717,23.8206548233757,21.76182128388977,20.98071958024597,23.243191494537353,21.27568651635742,22.198279633117675,21.10783721406555,22.315071596694946,24.374421655202944,22.08973906251463,24.490179122908668,22.76276923616028,21.782611622406005,21.510472311569213,day_medium,day_ramp_down,-10.521661
2019-06-07 03:45:00+00:00,2019-06-07 04:45:00+00:00,22.58069,1016.0,16.998619,15.446963707489015,19.74031559614563,17.32051552323723,16.092458406967165,17.391005615276338,17.080617363137247,16.47321061281586,15.565139094871522,16.31318442015076,17.830693844035707,18.380715360092974,22.817818566731784,15.23497394709015,16.932326140386106,14.267484108489992,day_high,day_stable,5.582070999999999
2019-06-07 04:00:00+00:00,2019-06-07 05:00:00+00:00,9.903907,336.0,25.98181,20.516532328186035,21.38191404586792,19.277651217041015,19.876071837005615,23.331662085113525,20.18270530944824,22.00549688583374,20.731195356903076,22.037284996566772,22.531137339467502,20.55791359110443,23.45935776475163,22.49768915420532,20.58879127746582,21.197127249298095,day_medium,day_ramp_down,-16.077903
2019-06-07 04:15:00+00:00,2019-06-07 05:15:00+00:00,9.36775,266.0,10.97534,11.614138296451568,18.646350494232177,16.186555019226073,13.920892825927734,14.835079065170287,17.110178104248046,12.4115656526947,12.127718797531127,13.761093965377809,15.64028690828826,11.191000414327078,13.6496258100839,8.35016452392578,13.233343950119018,7.741157880630492,day_medium,day_stable,-1.60759
2019-06-07 04:30:00+00:00,2019-06-07 05:30:00+00:00,10.927,326.0,14.24434,12.094682035293578,16.423562345352174,14.462758687582015,14.800775704231262,15.942649898376464,16.48850494369507,14.300506913360357,13.799969730224609,15.312246975746154,14.18452577089452,12.75104751910832,15.159922384562735,11.967591342773437,12.624294695701598,11.387364444580076,day_medium,day_stable,-3.3173399999999997
2019-06-07 04:45:00+00:00,2019-06-07 05:45:00+00:00,6.47686,193.0,22.58069,15.629339787902833,16.015380475463868,13.76432380432129,14.81295022720337,18.74321660751343,14.584263894500731,17.119619462432862,16.09607133621216,17.510456654968262,19.048021033981502,18.13289936193801,20.812493985612512,19.243685100021363,15.229425523223878,16.914023015441895,day_low,day_ramp_down,-16.103830000000002
2019-06-07 05:00:00+00:00,2019-06-07 06:00:00+00:00,4.443469,119.0,9.903907,9.42847084897232,15.31922453540039,13.17063563960266,11.818480669433594,12.607972799713137,14.78699034350586,10.20721402662468,10.25216036933136,11.890733658248902,14.37767895453324,10.009011973870786,13.036596173715042,7.105781971389771,10.27397176521492,6.317321001464844,day_low,day_stable,-5.460438
2019-06-07 05:15:00+00:00,2019-06-07 06:15:00+00:00,2.91982,84.0,9.36775,8.16639990711212,14.25459558868408,11.884313415527345,11.374862741470336,12.645104955673215,13.166972230911254,9.71091149353981,10.014376830101012,11.72498066329956,10.39435528875859,8.178943372510183,10.57091105451544,6.9062641372680655,9.492339435756206,6.694769453048705,day_low,day_stable,-6.4479299999999995
2019-06-07 05:30:00+00:00,2019-06-07 06:30:00+00:00,1.645246,48.0,10.927,8.414029790878296,12.338772966384887,10.71894788634777,11.545073165416715,12.481143905639648,12.54529674243927,10.493462695598602,10.390947355747224,12.09514398765564,11.608837626112551,8.6138545935829,10.575161718192184,8.46272654724121,10.407602979660034,8.172083808898925,day_low,day_ramp_down,-9.281754
2019-06-07 05:45:00+00:00,2019-06-07 06:45:00+00:00,1.020852,29.0,6.47686,5.2984523309326175,9.410970879898072,9.388421012268068,8.835807277069092,9.850311232910157,10.258694602355956,7.404479874477387,7.189213944778443,9.217748118743897,10.504117681956656,7.657751105596312,10.105018141637425,4.645735217437744,9.088824464187622,4.89079256187439,day_low,day_stable,-5.456008000000001
2019-06-07 06:00:00+00:00,2019-06-07 07:00:00+00:00,0.997555,28.0,4.443469,3.77752901329422,7.182428550857544,7.979617309707642,6.953633022445679,7.827699375289917,7.72236247076416,5.860352707046509,5.140085113185883,7.117998552459717,7.480165768989893,4.7799597437266685,7.446213942593903,3.170398903030396,7.120050621170044,3.700361144680023,day_low,day_stable,-3.445914
2019-06-07 06:15:00+00:00,2019-06-07 07:15:00+00:00,0.778381,22.0,2.91982,2.4143147361946107,5.139557529754638,6.3562022937011715,5.363987613983154,6.340648342437744,6.283428121871948,4.695107747383117,3.689280797309875,5.777782369918823,4.893821227336765,4.435779165065717,6.350284127133381,1.9774482739639283,5.861550260848999,2.649000455207825,day_low,day_stable,-2.141439
2019-06-07 06:30:00+00:00,2019-06-07 07:30:00+00:00,1.066461,29.0,1.645246,1.2088422188243866,3.670992822357178,4.696188182540894,3.9973067948303225,5.099552840896607,4.806056947418213,3.727661342330933,2.807555288978577,4.587523431488037,4.012473680737137,4.217323424604948,6.3465158412404845,0.7325271675071716,4.929613084503174,1.643260607001096,day_low,day_stable,-0.5787849999999999
2019-06-07 06:45:00+00:00,2019-06-07 07:45:00+00:00,1.083633,29.0,1.020852,0.962351162465334,2.9204209153671266,4.03765788722229,3.299547821762085,4.6074158256072995,4.204413563491821,3.497376591445923,1.9744221274871827,4.087906271697998,5.085309975682094,5.071968762359417,6.755749390707862,0.4281085436363221,3.2330645625610352,1.2721262280960084,day_low,day_stable,0.06278099999999998
2019-06-07 07:00:00+00:00,2019-06-07 08:00:00+00:00,1.44025,38.0,0.997555,0.7395216349887848,2.4136682574081423,3.4833369080352785,2.8374891106414797,3.843651754074097,2.9765614096450808,3.333191377334595,1.3550796036052704,3.2532458130645754,3.200187965622197,3.73834290700534,5.773297951274333,0.3518618766593933,2.195958000831604,0.9755680069702864,day_low,day_stable,0.44269500000000006
2019-06-07 07:15:00+00:00,2019-06-07 08:15:00+00:00,2.5035939999999997,64.0,0.778381,0.1039762596664428,1.5779494742927551,2.570345292526245,1.9821692804870603,3.0926879744110107,1.7175144652900696,2.4309789042053223,0.8860108803091049,2.096764574485779,2.8520138653744493,3.2801243362843,4.8095543491421875,0.0,0.3109999994812011,0.358848015504837,day_low,day_stable,1.7252129999999997
2019-06-07 07:30:00+00:00,2019-06-07 08:30:00+00:00,3.912672,108.0,1.066461,0.6131878824577333,2.2484711737976077,3.885429534469605,2.274810466323853,3.6939941974029544,2.071983966384888,2.708398851905823,1.448421839033127,2.457764062438965,2.7278274869011288,3.014362080851835,4.552753903096282,0.377006027256012,0.0,0.6894213290557862,day_low,day_stable,2.8462110000000003
2019-06-07 07:45:00+00:00,2019-06-07 08:45:00+00:00,4.771375,137.0,1.083633,0.5242378655509949,1.610416287525177,2.4472262207107542,1.934515053375244,3.0571669879989622,1.4762985054092408,2.3806739393310545,0.5902689043121339,1.8939616623954776,2.091893347989528,2.507567167256757,3.620586617830615,0.0,0.0,0.0,day_low,day_stable,3.687742
2019-06-07 08:00:00+00:00,2019-06-07 09:00:00+00:00,4.234672,123.0,1.44025,0.4303257074356079,1.586307903766632,2.297550698757171,1.4723267499506474,2.5672459211349485,0.0,1.878369828701019,0.8500347938537598,0.9087910261154176,1.614525179656492,1.626668079495225,2.8789967145088493,0.3262506332397461,0.0,0.2930838670730591,day_low,day_stable,2.794422
2019-06-07 08:15:00+00:00,2019-06-07 09:15:00+00:00,2.428344,67.0,2.5035939999999997,1.5644150563659664,2.503366485782159,3.284666258949279,2.3098970540943142,3.310433823722839,0.7401525565567013,2.913514662641525,1.235449511665344,1.6634541341247555,2.4590488912332553,2.819985769128255,3.457604427068964,1.4147060700836178,0.3163064309539791,1.1284833737792963,day_low,day_stable,-0.0752499999999996
2019-06-07 08:30:00+00:00,2019-06-07 09:30:00+00:00,1.637535,46.0,3.912672,2.2888204622955324,3.355012612411499,3.525981293985367,3.2335465121955873,4.103264497587205,1.5698763895721437,3.92691563348633,2.1337656546325685,2.414991097518921,0.9102622994338826,1.095886933373753,2.2123866784217876,2.8134603071899416,0.9438423681945802,2.4554845858306886,day_low,day_stable,-2.275137
2019-06-07 08:45:00+00:00,2019-06-07 09:45:00+00:00,1.246164,35.0,4.771375,2.171464979171753,2.878553092002869,2.146342098236084,3.183250009536743,4.0742503995895385,1.4054628009796142,3.9140437836647033,2.5176232452392577,2.523264705657959,0.7815525783687729,0.4827249288169289,1.6357505048880152,3.4084712858200072,0.8211970920562743,2.9257189626693725,day_low,day_stable,-3.5252109999999997
2019-06-07 09:00:00+00:00,2019-06-07 10:00:00+00:00,0.906117,25.0,4.234672,1.518187930175781,2.9055009384841917,1.7686204214782713,1.6409372587890625,3.4458492298812864,0.3936604757995603,2.721369435379028,1.8761855860443113,1.821828534194946,0.4853589312384813,0.3102621793248238,1.4074779697555238,2.932145764419555,0.7491130133361814,2.3929086228103635,day_low,day_stable,-3.3285549999999997
2019-06-07 09:15:00+00:00,2019-06-07 10:15:00+00:00,0.6405,20.0,2.428344,0.0908212548675537,1.654352951663971,1.4816581493797305,0.137086618560791,2.016380209344864,0.0,1.247076500076294,0.429008234161377,0.4584021455230713,0.0860999213963576,0.0,0.5460972907120344,1.2015566712799073,0.0,0.802060950416565,night_lowlight,night_lowlight,-1.7878440000000002
2019-06-07 09:30:00+00:00,2019-06-07 10:30:00+00:00,0.3553659999999999,11.0,1.637535,0.0,0.7380910159683227,0.488281989250183,0.0,1.3526568056678772,0.0,0.3908686877822875,0.0,0.0,0.0,0.0,0.270625225079982,0.2131994010543823,0.0,0.0,night_lowlight,night_lowlight,-1.2821690000000001
2019-06-07 09:45:00+00:00,2019-06-07 10:45:00+00:00,0.306852,9.0,1.246164,0.0,0.409498608078003,0.3391735911026001,0.0,1.20344275828743,0.0,0.1219219326629639,0.0,0.0,0.0,0.0,0.1052467768803815,0.0,0.0,0.0,night_lowlight,night_lowlight,-0.939312
2019-06-07 10:00:00+00:00,2019-06-07 11:00:00+00:00,0.2260849999999999,7.0,0.906117,0.0,0.1095236319465636,0.0,0.0,0.7382558214826583,0.0,0.0,0.0,0.0,0.0,0.0,0.0,0.0,0.0,0.0,night_lowlight,night_lowlight,-0.6800320000000001
2019-06-07 10:15:00+00:00,2019-06-07 11:15:00+00:00,0.158676,6.0,0.6405,0.0,0.0,0.0,0.0,0.6062507576048374,0.0,0.0,0.0,0.0,0.0,0.0,0.025696477766641,0.0,0.0,0.0,night_lowlight,night_lowlight,-0.4818239999999999
2019-06-07 10:30:00+00:00,2019-06-07 11:30:00+00:00,0.001772,2.0,0.3553659999999999,0.0,0.0169735038909911,0.0,0.0,0.6726531470451353,0.0,0.0,0.0,0.0,0.0,0.0,0.0,0.0,0.0,0.0,night_lowlight,night_lowlight,-0.3535939999999999
2019-06-07 10:45:00+00:00,2019-06-07 11:45:00+00:00,0.0,0.0,0.306852,0.0,0.0,0.0,0.0,0.5656190385837555,0.0,0.0,0.0,0.0,0.0,0.0,0.0,0.0,0.0,0.0,night_lowlight,night_lowlight,-0.306852
2019-06-07 11:00:00+00:00,2019-06-07 12:00:00+00:00,0.0,0.0,0.2260849999999999,0.0,0.0,0.0,0.0,0.5127468633270262,0.0,0.0,0.0,0.0,0.0,0.050557517111738,0.0800615219903718,0.0,0.0,0.0,night_lowlight,night_lowlight,-0.2260849999999999
2019-06-07 11:15:00+00:00,2019-06-07 12:15:00+00:00,0.0,0.0,0.158676,0.0,0.0,0.0,0.0,0.7544620946655274,0.0,0.0,0.0,0.0,0.0,0.050557517111738,0.0842213206463025,0.0,0.0,0.0,night_lowlight,night_lowlight,-0.158676
2019-06-07 11:30:00+00:00,2019-06-07 12:30:00+00:00,0.0,0.0,0.001772,0.0,0.0,0.0,0.0,0.6231054202766418,0.0,0.0,0.0,0.0,0.0,0.2428044496270203,0.0417591671014113,0.0,0.0,0.0,night_lowlight,night_lowlight,-0.001772
2019-06-07 11:45:00+00:00,2019-06-07 12:45:00+00:00,0.0,0.0,0.0,0.0,0.0,0.0,0.0,0.7098216414451599,0.0,0.0,0.0,0.0,0.0,0.0646592400967746,0.0508414305880054,0.0,0.0,0.0,night_lowlight,night_lowlight,0.0
2019-06-07 12:00:00+00:00,2019-06-07 13:00:00+00:00,0.0,0.0,0.0,0.0,0.0,0.0,0.0,0.7208912968635559,0.0,0.0,0.0,0.0,0.0,0.0646592400967746,0.0483191696713298,0.0,0.0,0.0,night_lowlight,night_lowlight,0.0
2019-06-07 12:15:00+00:00,2019-06-07 13:15:00+00:00,0.0,0.0,0.0,0.0,0.0,0.0,0.0,0.6406884789466858,0.0,0.0,0.0,0.0,0.0,0.0646592400967746,0.0441593710153991,0.0,0.0,0.0,night_lowlight,night_lowlight,0.0
2019-06-07 12:30:00+00:00,2019-06-07 13:30:00+00:00,0.0,0.0,0.0,0.0,0.0117065664380788,0.0,0.0,0.5999743938446045,0.0,0.0,0.0,0.0,0.0,0.0646592400967746,0.0441593710153991,0.0,0.0,0.0,night_lowlight,night_lowlight,0.0
2019-06-07 12:45:00+00:00,2019-06-07 13:45:00+00:00,0.0,0.0,0.0,0.0,0.0,0.0,0.0,0.5422210693359375,0.0,0.0,0.0,0.0,0.0,0.0646592400967746,0.0441593710153991,0.0,0.0,0.0,night_lowlight,night_lowlight,0.0
2019-06-07 13:00:00+00:00,2019-06-07 14:00:00+00:00,0.0,0.0,0.0,0.0,0.0,0.0,0.0,0.5680141448974609,0.0,0.0,0.0,0.0,0.0,0.0867142175119164,0.0483191696713298,0.0,0.0,0.0,night_lowlight,night_lowlight,0.0
2019-06-07 13:15:00+00:00,2019-06-07 14:15:00+00:00,0.0,0.0,0.0,0.0,0.0,0.0,0.0,0.5784566402435303,0.0,0.0,0.0,0.0,0.0,0.0708227559136639,0.0441593710153991,0.0373770929872989,0.0,0.0,night_lowlight,night_lowlight,0.0
2019-06-07 13:30:00+00:00,2019-06-07 14:30:00+00:00,0.0,0.0,0.0,0.0,0.0,0.0,0.0,0.5485599040985107,0.0,0.0,0.0,0.0,0.0,0.0708227559136639,0.0441593710153991,0.1273494660854339,0.0,0.0,night_lowlight,night_lowlight,0.0
2019-06-07 13:45:00+00:00,2019-06-07 14:45:00+00:00,0.0,0.0,0.0,0.0,0.0,0.0,0.0,0.5981369614601135,0.0,0.0,0.0,0.0,0.0,0.0708227559136639,0.0441593710153991,0.2180656045675277,0.0,0.0,night_lowlight,night_lowlight,0.0
2019-06-07 14:00:00+00:00,2019-06-07 15:00:00+00:00,0.0,0.0,0.0,0.0,0.0,0.0,0.0,0.5595630407333374,0.0,0.0,0.0,0.0,0.0,0.0616319704010631,0.0441593710153991,0.3694672882556915,0.0,0.0,night_lowlight,night_lowlight,0.0
2019-06-07 14:15:00+00:00,2019-06-07 15:15:00+00:00,0.0,0.0,0.0,0.0,0.0827622413635253,0.0,0.0,0.5871856212615967,0.0,0.0,0.0,0.0,0.0,0.0616319704010631,0.0441593710153991,0.4755762815475464,0.0,0.0,night_lowlight,night_lowlight,0.0
2019-06-07 14:30:00+00:00,2019-06-07 15:30:00+00:00,0.0,0.0,0.0,0.0,0.0661098882555961,0.0,0.0,0.5607883334159851,0.0,0.0,0.0,0.0,0.0,0.0616319704010631,0.0441593710153991,0.5223705768585205,0.0,0.0,night_lowlight,night_lowlight,0.0
2019-06-07 14:45:00+00:00,2019-06-07 15:45:00+00:00,0.0,0.0,0.0,0.0,0.1542015224695205,0.1200290918350219,0.0,0.6051763296127319,0.0,0.080342136323452,0.0,0.0,0.0,0.0616319704010631,0.0441593710153991,0.5086783170700073,0.0,0.0,night_lowlight,night_lowlight,0.0
2019-06-07 15:00:00+00:00,2019-06-07 16:00:00+00:00,0.0,0.0,0.0,0.0,0.2094364911317825,0.2924913167953491,0.0,0.6264511346817017,0.0,0.1364906132221222,0.0,0.0,0.0,0.0616319704010631,0.0441593710153991,0.5936279296875,0.0,0.0,night_lowlight,night_lowlight,0.0
2019-06-07 15:15:00+00:00,2019-06-07 16:15:00+00:00,0.0,0.0,0.0,0.0,0.2773935794830322,0.5088545680046082,0.0,0.6515659689903259,0.0,0.2296655178070068,0.0,0.0,0.0,0.0616319704010631,0.0441593710153991,0.5877904295921326,0.0,0.0,night_lowlight,night_lowlight,0.0
2019-06-07 15:30:00+00:00,2019-06-07 16:30:00+00:00,0.0,0.0,0.0,0.0,0.3473935425281524,0.7108974456787109,0.0,0.690696120262146,0.0,0.3123092651367187,0.0,0.0,0.0,0.0616319704010631,0.0441593710153991,0.5855778455734253,0.0,0.0,night_lowlight,night_lowlight,0.0
2019-06-07 15:45:00+00:00,2019-06-07 16:45:00+00:00,0.0,0.0,0.0,0.0,0.255353718996048,0.1763021051883697,0.0,0.755020797252655,0.0,0.0773802772164344,0.1700449734926223,0.0,0.0,0.0890302841496912,0.0483191696713298,0.5453001260757446,0.0,0.0,night_lowlight,night_lowlight,0.0
2019-06-07 16:00:00+00:00,2019-06-07 17:00:00+00:00,0.0,0.0,0.0,0.0,0.7114245891571045,0.9218369126319884,0.0,1.09923255443573,0.0,0.2436635196208953,0.4767062067985534,0.0,0.0,0.0467083285588561,0.0417439916074034,0.5870463252067566,0.0,0.0,night_lowlight,night_lowlight,0.0
2019-06-07 16:15:00+00:00,2019-06-07 17:15:00+00:00,0.0,0.0,0.0,0.0595110245048999,0.6641178131103516,1.3797664642333984,0.0,0.9079592227935792,0.0,0.4831507205963135,0.3049666583538055,0.0,0.0,0.0616319704010631,0.0441593710153991,0.7057304978370667,0.0,0.0,night_lowlight,night_lowlight,0.0
2019-06-07 16:30:00+00:00,2019-06-07 17:30:00+00:00,0.0,0.0,0.0,0.0,0.5765753984451294,1.25066339969635,0.0,0.8466935753822327,0.0,0.3897757828235626,0.3786521255970001,0.0,0.0,0.0616319704010631,0.0441593710153991,0.8253499865531921,0.0,0.0,night_lowlight,night_lowlight,0.0
2019-06-07 16:45:00+00:00,2019-06-07 17:45:00+00:00,0.0,0.0,0.0,0.0,0.4546536207199096,0.9239650368690492,0.0,0.9006614089012146,0.0,0.323121577501297,0.5274056792259216,0.0,0.0,0.0616319704010631,0.0441593710153991,0.8632469177246094,0.0,0.0,night_lowlight,night_lowlight,0.0
2019-06-07 17:00:00+00:00,2019-06-07 18:00:00+00:00,0.0,0.0,0.0,0.0,0.4954162240028381,1.01344096660614,0.0,0.9756876826286316,0.0,0.3684725165367126,0.6928666830062866,0.0,0.0,0.0708227559136639,0.0441593710153991,1.0239602327346802,0.0,0.0,night_lowlight,night_lowlight,0.0
2019-06-07 17:15:00+00:00,2019-06-07 18:15:00+00:00,0.0,0.0,0.0,0.0727515593171119,0.5952776670455933,1.2737194299697876,0.0,1.0166354179382324,0.0,0.5231042504310608,0.7622668147087097,0.0,0.0,0.0708227559136639,0.0441593710153991,1.1532810926437378,0.0,0.0,night_lowlight,night_lowlight,0.0
2019-06-07 17:30:00+00:00,2019-06-07 18:30:00+00:00,0.0,0.0,0.0,0.1613022834062576,0.6312400698661804,1.3619531393051147,0.0,1.0914090871810913,0.0,0.5714489817619324,0.8562811613082886,0.0,0.0,0.0708227559136639,0.0441593710153991,1.2537850141525269,0.0,0.0,night_lowlight,night_lowlight,0.0
2019-06-07 17:45:00+00:00,2019-06-07 18:45:00+00:00,0.0,0.0,0.0,0.2272514551877975,0.6659014225006104,1.409502029418945,0.0,1.2060223817825315,0.0,0.6292541027069092,0.970006823539734,0.0,0.0,0.0708227559136639,0.0441593710153991,1.3664158582687378,0.0,0.0,night_lowlight,night_lowlight,0.0
2019-06-07 18:00:00+00:00,2019-06-07 19:00:00+00:00,0.0,0.0,0.0,0.2792652547359466,0.7406702637672424,1.4234557151794434,0.07431311160326,1.4507756233215332,0.0180459339171648,0.6777768135070801,1.127985596656799,0.0,0.0,0.0575331339672731,0.037244505793195,1.5103154182434082,0.0,0.0,night_lowlight,night_lowlight,0.0
2019-06-07 18:15:00+00:00,2019-06-07 19:15:00+00:00,0.0,0.0,0.0,0.3736284375190735,0.910012662410736,1.743376612663269,0.1662502884864807,1.6282528638839722,0.2082609236240387,0.8138946294784546,1.2718021869659424,0.0738012194633483,0.0,0.0575331339672731,0.037244505793195,1.6754343509674072,0.0,0.0,night_lowlight,night_lowlight,0.0
2019-06-07 18:30:00+00:00,2019-06-07 19:30:00+00:00,0.0,0.0,0.0,0.4304487705230713,1.0130387544631958,1.722761154174805,0.266348123550415,1.8469527959823608,0.4198790192604065,0.8483549356460571,1.417253851890564,0.2113333046436309,0.0,0.0575331339672731,0.037244505793195,1.7727258205413818,0.0,0.0,night_lowlight,night_lowlight,0.0
2019-06-07 18:45:00+00:00,2019-06-07 19:45:00+00:00,0.0,0.0,0.0,0.5522794723510742,1.344966173171997,2.1109883785247803,0.4215095937252044,2.013505697250366,0.6517167687416077,1.06853449344635,1.5576132535934448,0.4550231099128723,0.0,0.0575331339672731,0.037244505793195,1.910278081893921,0.0,0.0,night_lowlight,night_lowlight,0.0
2019-06-07 19:00:00+00:00,2019-06-07 20:00:00+00:00,0.0,0.0,0.0,0.6923680305480957,1.6944880485534668,2.4868106842041016,0.5911828875541687,2.2433955669403076,1.0363396406173706,1.3028470277786257,1.7106542587280271,0.8041127324104309,0.0,0.0589197050317097,0.037244505793195,2.009636878967285,0.3913743793964386,0.0,night_lowlight,night_lowlight,0.0
2019-06-07 19:15:00+00:00,2019-06-07 20:15:00+00:00,0.0,0.0,0.0,0.7143110036849976,2.0214426517486572,2.5125982761383057,0.7046209573745728,2.643991470336914,1.3558701276779177,1.398505687713623,2.008791923522949,1.091182827949524,0.0,0.0508715940020321,0.0348505474211631,1.8828608989715576,0.6816108226776123,0.0280656237155199,night_lowlight,night_lowlight,0.0
2019-06-07 19:30:00+00:00,2019-06-07 20:30:00+00:00,0.0,0.0,0.0,0.6890154480934143,1.9263970851898191,2.7458999156951904,0.7262740135192871,2.655616044998169,1.4029948711395264,1.3074278831481934,2.0230884552001953,1.0785582065582275,0.0,0.0589197050317097,0.037244505793195,2.064619541168213,0.5966359376907349,0.2867736220359802,night_lowlight,night_lowlight,0.0
2019-06-07 19:45:00+00:00,2019-06-07 20:45:00+00:00,0.0,0.0,0.0,0.7800682783126831,2.266720771789551,3.1198103427886963,0.8411931991577148,2.8600852489471436,1.5129815340042114,1.6439979076385498,2.1203739643096924,1.3375728130340576,0.0,0.0589197050317097,0.037244505793195,2.2039260864257812,0.9763492345809937,0.3619392514228821,night_lowlight,night_lowlight,0.0
2019-06-07 20:00:00+00:00,2019-06-07 21:00:00+00:00,0.017409,0.0,0.0,0.8420182466506958,2.4306373596191406,3.1572296619415283,0.8729677200317383,3.0924410820007324,1.7502955198287964,1.7886347770690918,2.415379047393799,1.624334454536438,0.0,0.0764292382419071,0.0360212287035581,2.244697332382202,1.3551130294799805,0.6070791482925415,night_lowlight,night_lowlight,0.017409
2019-06-07 20:15:00+00:00,2019-06-07 21:15:00+00:00,0.244111,8.0,0.0,0.9096049666404724,2.5679380893707275,3.541137218475342,0.946322739124298,3.2034177780151367,1.8619004487991333,1.9411652088165283,2.4477739334106445,1.8953282833099363,0.0,0.0804495127630198,0.037244505793195,2.410945177078247,1.617680549621582,0.8493878245353699,night_lowlight,night_lowlight,0.244111
2019-06-07 20:30:00+00:00,2019-06-07 21:30:00+00:00,0.5844729999999999,22.0,0.0,0.961904525756836,2.6561994552612305,3.670501947402954,1.0091091394424438,3.375494956970215,2.0694539546966553,2.0967633724212646,2.5849075317382812,2.213585615158081,0.0,0.0892134350157335,0.037244505793195,2.5151355266571045,1.8660175800323489,1.0441484451293943,day_low,day_stable,0.5844729999999999
2019-06-07 20:45:00+00:00,2019-06-07 21:45:00+00:00,0.945574,36.0,0.0,0.9957566857337952,2.702908992767334,3.7472891807556152,1.090179681777954,3.568289279937744,2.318239688873291,2.2523045539855957,2.736595630645752,2.5062508583068848,0.0,0.2323190671087706,0.3749390690881016,2.572530746459961,2.143421173095703,1.2549179792404177,day_low,day_stable,0.945574
2019-06-07 21:00:00+00:00,2019-06-07 22:00:00+00:00,1.377414,54.0,0.017409,1.0421709152069092,2.7459711166229246,4.045305881103515,1.1565153928604126,3.7275239559020994,2.4863976569976804,2.440322312911987,2.7824563117828367,2.6765545936431883,0.1528013082785177,0.4637319317440116,0.6554094254373355,2.831721696456909,2.290762576660156,1.5736843677368164,day_low,day_stable,1.360005
2019-06-07 21:15:00+00:00,2019-06-07 22:15:00+00:00,1.929047,72.0,0.244111,1.349485813079834,3.003174005447388,4.414896427093506,1.489332495628357,4.112047849594116,3.1274172648773195,2.862287698684693,3.099685369430542,3.154303966461182,1.051312632275054,1.2046019036640048,1.3946425813027357,3.307531295715332,2.579229293762207,2.0855596646652224,day_low,day_stable,1.684936
2019-06-07 21:30:00+00:00,2019-06-07 22:30:00+00:00,2.6915,112.0,0.5844729999999999,1.891027913520813,3.615650282333374,5.084046230743408,1.978210316131592,4.672694073150635,3.882087812850952,3.45456896824646,3.6168902973632817,4.035837994049072,1.6358843550167774,1.5608283552465243,1.9151612516599936,3.816460714767456,3.250573025177002,2.6221541027526856,day_low,day_stable,2.107027
2019-06-07 21:45:00+00:00,2019-06-07 22:45:00+00:00,3.245266,140.0,0.945574,2.5055589224090578,4.0866257692565915,5.739417746185302,2.5309249902954103,5.322951986907959,4.816501572250366,4.078161671279907,4.094372704147339,4.7312509561767575,1.9647124231142783,2.064968780909468,2.43944846717399,4.365891411422729,3.827862694381714,3.325834705947876,day_low,day_stable,2.299692
2019-06-07 22:00:00+00:00,2019-06-07 23:00:00+00:00,4.511938,175.0,1.377414,3.224731576408386,4.719234240020752,6.482347738708496,3.36068762537384,6.258084070648193,6.134990465606689,4.913171064819336,4.786145698989868,5.988435041870117,3.647910950883529,3.701504009861722,4.079457583878148,5.026306402648926,4.673375380004883,4.179967176879883,day_low,day_stable,3.134524
2019-06-07 22:15:00+00:00,2019-06-07 23:15:00+00:00,6.120516,228.0,1.929047,4.06048215586853,5.62863720614624,7.518014800140381,4.274085890838623,7.267377268859863,7.260056864807129,5.886939656326294,5.6791943426818845,7.158367049285888,5.258436483099821,4.856316327768521,5.5728542120868365,5.791383158752441,5.568156373092651,5.217318188735962,day_low,day_stable,4.1914690000000006
2019-06-07 22:30:00+00:00,2019-06-07 23:30:00+00:00,7.888782000000001,294.0,2.6915,5.0668566741943355,6.526179365158081,8.695742897033691,5.356302551269531,8.284749797821044,8.43556099319458,7.047301582336425,6.693451217651367,8.352443031311035,7.296731617235043,6.816571273489141,8.045974148422737,6.714933208465576,6.4454460659027095,6.411736539840698,day_medium,day_stable,5.197282000000001
2019-06-07 22:45:00+00:00,2019-06-07 23:45:00+00:00,9.728251,354.0,3.245266,5.812529126373291,7.282555142608643,9.56451992150879,6.149385491577148,9.034709492889403,9.218360940185548,7.892900029388428,7.492634812561035,9.220972577301026,8.174552490358115,7.718210822032871,9.168440188128914,7.441534081665039,6.926493207183838,7.389950791564941,day_medium,day_stable,6.482985
2019-06-07 23:00:00+00:00,2019-06-08 00:00:00+00:00,11.82563,407.0,4.511938,7.145876312530517,8.76480140713501,11.04431047467041,8.05115976361084,10.729378605163577,10.944867515838624,9.757709884918214,9.189901256835938,10.996990585601807,8.504223121293148,8.1834783929713,9.749717882955174,9.174602890289307,7.964665079391479,9.296074772155762,day_medium,day_stable,7.3136920000000005
2019-06-07 23:15:00+00:00,2019-06-08 00:15:00+00:00,13.664879999999998,460.0,6.120516,8.906507907119751,10.709118542877198,12.68912762185669,10.0384425499115,12.62295740625,12.575425324645996,11.89987152597046,11.112985787597657,12.874076543060305,12.027130546852396,11.020882410901432,12.787873416324969,11.154050049987791,9.125663218704224,11.372415719238282,day_medium,day_stable,7.544363999999998
2019-06-07 23:30:00+00:00,2019-06-08 00:30:00+00:00,15.27138,518.0,7.888782000000001,10.849888061935426,12.683816408569337,13.759853338653564,11.96049020236206,14.39054152911377,13.99787042086792,13.968944048339845,12.914709543640138,14.274190878326417,13.395959260986016,11.637180130391998,13.635971347317303,13.327890848571778,10.376375412399293,13.498357748443604,day_medium,day_stable,7.382598
2019-06-07 23:45:00+00:00,2019-06-08 00:45:00+00:00,16.87175,558.0,9.728251,13.024678965164185,15.057937641693115,15.433871765686035,13.592444439483645,16.076165218902588,15.177303333831787,15.95571615274048,14.768618126464844,15.918204804016112,15.588698769663104,14.30322526142339,16.08258856341413,15.439766426635742,11.93592192704773,15.392958660675047,day_medium,day_stable,7.1434989999999985
2019-06-08 00:00:00+00:00,2019-06-08 01:00:00+00:00,18.3785,610.0,11.82563,15.286608269577028,17.642614176635742,17.180739691619873,16.472492030029297,18.78264503753662,17.964934161071778,18.389612963562012,17.025389006500244,18.3645122555542,17.92505708114381,16.710914120504288,18.32454860176664,17.844993403320313,14.400371363525393,17.313875010375977,day_medium,day_stable,6.552869999999999
2019-06-08 00:15:00+00:00,2019-06-08 01:15:00+00:00,19.869499,657.0,13.664879999999998,17.179719649200436,19.90846224868774,18.938219748382565,18.06025954330444,20.50505992019653,19.23431893432617,20.10018178070068,18.560327731018063,20.130160055999752,19.113155194986973,17.553519643496717,19.614319121531807,19.823992930297848,16.324914179687497,18.86903115356445,day_high,day_stable,6.204619000000003
2019-06-08 00:30:00+00:00,2019-06-08 01:30:00+00:00,21.45413,694.0,15.27138,18.632253699188233,21.828783087615967,20.95388894546509,19.105529837493897,22.08804374206543,20.516145281677247,21.61085801589966,19.802293829803467,21.911740832214356,20.694529568739824,18.721053292429733,20.71943620357184,21.41147189605713,18.25689678657532,20.23316960800171,day_high,day_stable,6.182749999999999
2019-06-08 00:45:00+00:00,2019-06-08 01:45:00+00:00,22.68656,732.0,16.87175,19.95127642440796,23.155336978912352,22.50797999191284,20.087180498123168,23.278375747680663,21.35915816116333,22.54959786224365,20.95780909347534,23.1272636680603,21.047035758268105,20.28080458083396,21.714007194869765,22.950931671142577,19.955633762359614,21.650655868530272,day_high,day_stable,5.814810000000001
2019-06-08 01:00:00+00:00,2019-06-08 02:00:00+00:00,23.424629,744.0,18.3785,21.428387657165526,24.306504264831545,23.762465492248538,22.47994233703613,25.485272422790526,24.03191520309448,24.46456195449829,23.19453670120239,25.13218022918701,23.5238533169338,21.346259835006652,23.5105873670921,24.27838994598389,22.19183017349243,22.72600175476074,day_high,day_stable,5.0461290000000005
2019-06-08 01:15:00+00:00,2019-06-08 02:15:00+00:00,24.607189,787.0,19.869499,22.417044909881593,25.63766172735596,24.80102852194214,23.429713042663575,26.36492374746704,24.50792864172363,25.56835964529419,24.195511134552003,25.905229838775636,24.235134928854816,22.806253623314383,24.89580866530296,25.486295970367433,23.536042483734132,23.66831448881531,day_high,day_stable,4.737690000000001
2019-06-08 01:30:00+00:00,2019-06-08 02:30:00+00:00,25.663309,824.0,21.45413,23.807232207183837,26.896649187927245,25.352831906204223,24.76412445915222,26.767560309295657,24.58652526748657,26.455162829284667,25.3439586819458,26.593802756195068,24.85989367629503,23.4929888968209,25.29725012984834,26.76089031112671,24.97004634750366,24.68137437713623,day_high,day_stable,4.2091790000000024
2019-06-08 01:45:00+00:00,2019-06-08 02:45:00+00:00,26.456498999999997,856.0,22.68656,24.381797398147583,27.72216447692871,26.320655191955566,25.201554859695435,27.37121518951416,25.268185938415527,27.271760786590576,25.79253348213196,27.26544889312744,26.121549923571575,24.88805610344677,26.325708812867887,27.568482245025635,25.482401932296753,25.311370218811035,day_high,day_stable,3.7699389999999973
2019-06-08 02:00:00+00:00,2019-06-08 03:00:00+00:00,27.269381,884.0,23.424629,24.642794516853332,27.51687696295166,25.527843025497436,26.863130596450805,28.545284059814453,26.78408887701416,28.218507078460693,27.065879371932983,28.339854505828857,25.822289882630535,26.33454421429859,26.513204968844327,27.7430203230896,26.22035506086731,25.345494774154663,day_high,day_stable,3.8447519999999997
2019-06-08 02:15:00+00:00,2019-06-08 03:15:00+00:00,27.874439,906.0,24.607189,25.49290072952652,28.40659338270569,26.461130559791567,27.39691501890564,29.592708886016847,27.620190441955568,29.26712304388428,27.686292708267217,29.549692452301027,25.900981351113582,26.315241753136952,26.65287995270432,28.11270409857178,26.540861785758977,26.079359352935793,day_high,day_stable,3.267249999999997
2019-06-08 02:30:00+00:00,2019-06-08 03:30:00+00:00,28.3325,917.0,25.663309,26.07561992810631,28.809424303039552,26.65815492676163,27.32220747278595,29.67510261343384,27.70984473036194,29.649749896987917,27.99038209722901,30.27936115072632,26.068760781343943,26.92470488640529,27.17177997932354,28.296146533950807,26.99639370249176,26.937759540542604,day_high,day_stable,2.669190999999998
2019-06-08 02:45:00+00:00,2019-06-08 03:45:00+00:00,28.523251,916.0,26.456498999999997,26.179794539617536,28.335051079200746,26.5765191138854,26.89987798492813,29.23779835264587,27.45167913000488,29.58131207983398,27.833982963966367,30.30761470358276,27.320283583367736,27.328739791434785,27.48443343936352,28.50377192060852,27.214441259311673,27.58409120600128,day_high,day_stable,2.066752000000001
2019-06-08 03:00:00+00:00,2019-06-08 04:00:00+00:00,28.72538,922.0,27.269381,26.33894760747528,28.43064053197479,26.72025008340454,27.923663689094543,30.18477912088013,29.042623950439452,30.506402923065185,28.526719881492618,31.316142512756347,27.520358566985617,27.520467572965423,27.19404692129182,28.81675834794617,28.02629543681717,28.14171470542526,day_high,day_stable,1.455999000000002
2019-06-08 03:15:00+00:00,2019-06-08 04:15:00+00:00,28.799749,919.0,27.874439,26.21282577406311,28.252041636814116,26.64091789614105,27.762497856129645,29.5973314036026,28.33787643801117,30.36467242132568,28.29982983957672,30.67039179693603,27.44549606708486,27.64460043746464,27.41042801258921,29.189108370651244,28.01676139127159,28.451425014842982,day_high,day_stable,0.9253099999999996
2019-06-08 03:30:00+00:00,2019-06-08 04:30:00+00:00,28.762131,914.0,28.3325,26.299165267944336,28.438024100363258,26.45004870414734,27.265051980018615,29.519780654907223,27.965297807455062,30.388257761001583,28.07628988146782,30.74139263153076,26.85665512785618,27.1749265826321,27.541965391341744,29.163649399280548,27.920300800800323,28.684068430662155,day_high,day_stable,0.42963100000000054
2019-06-08 03:45:00+00:00,2019-06-08 04:45:00+00:00,28.601561,907.0,28.523251,25.723919573379515,27.782429459644316,25.968110027862547,26.057611408782957,28.8027443617115,26.965571227622984,29.568815174652094,27.385675254417414,29.922336760116576,26.00166939722793,26.617274664567333,26.96562555381366,29.01629838640785,27.698531570983885,28.62903528953886,day_high,day_stable,0.07831000000000188
2019-06-08 04:00:00+00:00,2019-06-08 05:00:00+00:00,28.18725,880.0,28.72538,25.140086468582155,27.21681958091736,25.81598335159302,26.253121432189943,28.70393986841023,27.527050074462892,29.729973014717103,27.220875080947877,29.672487374668123,26.973066419794343,28.049680028862465,27.492011525789117,29.08665769947052,27.887383338336942,28.297369953517915,day_high,day_stable,-0.5381300000000024
2019-06-08 04:15:00+00:00,2019-06-08 05:15:00+00:00,27.87138,861.0,28.799749,24.860397441314696,26.892733080314635,24.834009749816893,26.008015735076903,28.18222503178024,26.238841397689814,29.484957201408385,26.87692902796173,28.665432332085608,26.4861342649923,28.03752465622261,27.45409093289953,28.825725490229367,27.4394293855896,27.559690816329955,day_high,day_stable,-0.928369
2019-06-08 04:30:00+00:00,2019-06-08 05:30:00+00:00,27.402809,836.0,28.762131,24.33369758172607,26.496037269073486,24.52243640466309,24.933951402145382,27.98448046489334,25.885477090316773,28.738042794230346,26.1028509382782,28.206527138191223,25.78105792207367,27.534377541226036,27.049673450071538,28.089024210411072,26.952445054489136,26.927699947792053,day_high,day_stable,-1.3593219999999988
2019-06-08 04:45:00+00:00,2019-06-08 05:45:00+00:00,19.209311,831.0,28.601561,23.587853362213135,25.424202372680664,23.80144303048706,23.848382880340576,26.909792472969055,24.727853943954468,27.939240386138916,25.22446458543396,26.927635600219727,24.384725250224676,26.11024542987951,25.975736728694113,26.894868065963745,26.32208531106567,26.25671618188477,day_high,day_ramp_down,-9.39225
2019-06-08 05:00:00+00:00,2019-06-08 06:00:00+00:00,25.941999,776.0,28.18725,22.66497216796875,24.52813587760925,22.821595531463625,21.8291595993042,25.320376020431517,22.89850507354736,26.3229762134552,23.90281234359741,25.541891914367675,23.37240437636723,24.983839810129886,24.518759085526717,25.281097036361693,25.331405263900756,25.6605485496521,day_high,day_stable,-2.2452509999999997
2019-06-08 05:15:00+00:00,2019-06-08 06:15:00+00:00,8.756344,491.0,27.87138,21.8096386479187,23.696238665466307,21.829638628845213,20.837663321380617,24.411711840515135,22.04232945907593,25.15401998031616,22.958679823760985,24.543166308288573,20.639637623392133,22.53218242844987,22.323887123937546,24.068299441223143,24.897297530059813,24.69791212547302,day_medium,day_ramp_down,-19.115035999999996
2019-06-08 05:30:00+00:00,2019-06-08 06:30:00+00:00,24.763809,722.0,27.402809,20.87478861807251,22.606009340270997,20.92399392126465,19.80320773123169,23.43368015287781,20.91361365316773,24.027083492263795,21.90445313452149,23.30207238195801,18.376399919152,20.538137944484973,20.65550847301553,23.03117928503418,24.164370155319215,23.22333703039551,day_high,day_stable,-2.639000000000003
2019-06-08 05:45:00+00:00,2019-06-08 06:45:00+00:00,23.431629,687.0,19.209311,12.876495352874755,15.840236893783567,14.711397162567138,12.624428263793943,16.31286667932129,15.000030985961914,16.369564524780273,14.324193946014404,16.015592566619873,14.33295228488615,14.833711312322912,15.443750818325764,14.85636328805542,16.701578608642578,15.06131123651123,day_high,day_stable,4.222318000000001
2019-06-08 06:00:00+00:00,2019-06-08 07:00:00+00:00,5.475094,177.0,25.941999,18.909316581176757,21.38148884146118,18.83094887106323,17.43254904119873,21.378082793640136,17.735866111206054,21.539698642181396,19.68010763494873,20.492728751586913,17.413039410912422,19.493021970855285,19.318473866122723,21.17883877127075,22.31328873007202,21.47895912496948,day_low,day_ramp_down,-20.466904999999997
2019-06-08 06:15:00+00:00,2019-06-08 07:15:00+00:00,20.80969,626.0,8.756344,3.876608053344727,8.448270896572113,7.396764436859131,5.424587169784546,8.36897994031334,8.619230667251587,7.14121309866333,5.326515594619751,7.368941703933716,11.772647400714568,14.03195704311702,13.625980733517247,4.74895874609375,8.406132856506348,5.684800783294678,day_medium,day_ramp_up,12.053346
2019-06-08 06:30:00+00:00,2019-06-08 07:30:00+00:00,20.021310999999997,582.0,24.763809,16.808999334320067,19.0226185664978,16.587094102844237,16.221305643066405,19.569851194366453,16.07446936224365,20.019525800689696,18.202294622406004,18.918900762542723,14.47909227515319,16.577425723264337,15.635809812192516,20.139431272491453,19.734988008483885,20.23009613607788,day_medium,day_stable,-4.742498000000001
2019-06-08 06:45:00+00:00,2019-06-08 07:45:00+00:00,5.05061,160.0,23.431629,15.635944662384034,17.445039568237306,14.875899133972167,14.99087601690674,18.21097355871582,15.107784090332032,18.556740103057862,16.87918931036377,16.95768052130127,12.261962696229835,14.848344617784544,13.708723283907617,18.753203687957765,16.6466587164917,18.448990640930177,day_low,day_ramp_down,-18.381019000000002
2019-06-08 07:00:00+00:00,2019-06-08 08:00:00+00:00,13.49141,556.0,5.475094,1.4151069318237308,7.491792122024536,5.4439160079988245,3.423626581329346,5.99939535011673,5.617217028635979,4.381681719917298,3.0503763352813724,3.8442045842590336,8.790161137589344,11.05818431304022,9.228506325626418,1.7848335896911625,4.691038051742554,2.8860904370727543,day_medium,day_stable,8.016316
2019-06-08 07:15:00+00:00,2019-06-08 08:15:00+00:00,15.41313,436.0,20.80969,12.93203878540039,15.17561149734497,12.958782674255373,11.721973897399902,15.396588803710936,11.913662434997558,15.467292310180664,14.02602005142212,14.604341985168457,7.787852896488532,9.764364927375912,8.899107218496738,16.505948068084717,14.16839361328125,15.9731159223938,day_medium,day_stable,-5.396559999999999
2019-06-08 07:30:00+00:00,2019-06-08 08:30:00+00:00,6.991579,361.0,20.021310999999997,12.63051576913452,14.100944235931394,11.29860611260986,10.945728495727536,14.728029921661374,11.570207789550778,14.48335142434692,13.288757517944331,13.601184561859128,9.279695998064446,9.919253741311538,8.617433828518674,15.643012240539548,13.229271128784177,15.01941795648193,day_medium,day_ramp_down,-13.029731999999997
2019-06-08 07:45:00+00:00,2019-06-08 08:45:00+00:00,3.004367,105.0,5.05061,0.487554007873535,4.654379749403,2.934882813796997,1.9718968213653565,4.556353235349655,4.189269834861755,3.154015952453613,2.060152942047119,2.707700902328491,5.576402863939815,6.481679532703331,5.53368722744718,1.5242873967742918,3.254228049621582,2.023708993301391,day_low,day_stable,-2.046243
2019-06-08 08:00:00+00:00,2019-06-08 09:00:00+00:00,11.36494,287.0,13.49141,6.157667381439209,7.825512630615235,5.879982692871094,4.624479038391113,8.33156941619873,5.470107776794434,8.092819435272217,7.14249060836792,7.65141509262085,4.098848981045194,4.857514672278609,5.651354995194501,9.591356022033692,7.468711120758057,9.16299842086792,day_medium,day_stable,-2.1264699999999994
2019-06-08 08:15:00+00:00,2019-06-08 09:15:00+00:00,8.100532000000001,193.0,15.41313,8.942373469238282,10.835718348388673,7.671222403411866,7.536733343963624,10.648796275024417,7.39258785522461,10.107892706756592,9.734577849273682,9.286472990875245,5.619450272921034,5.194773466313952,5.746630558824906,11.610660508041382,9.21654958999634,11.362352087860108,day_low,day_stable,-7.3125979999999995
2019-06-08 08:30:00+00:00,2019-06-08 09:30:00+00:00,7.624531,193.0,6.991579,1.3708195128479002,4.681526128295898,2.199061814788818,1.3489336409606931,4.3456386961975095,2.382312242034912,3.057994786743164,2.7539548316040037,2.548435632232666,3.2516383567113487,4.463349208443722,4.664092236653329,3.5869903006591795,2.576310578826904,3.6487740912475584,day_low,day_stable,0.6329520000000004
2019-06-08 08:45:00+00:00,2019-06-08 09:45:00+00:00,4.527906,99.0,3.004367,0.0,2.962992629544258,0.6668113531036375,0.0632053674621579,2.6839722455902097,0.7353257001800535,0.7148596109313963,0.3720685304565427,0.3059753240509031,0.7194227936246866,0.4119231826564544,1.3213678862477107,0.1076277555389402,0.6918402971191404,0.4501642049713132,day_low,day_stable,1.523539
2019-06-08 09:00:00+00:00,2019-06-08 10:00:00+00:00,3.402219,89.0,11.36494,5.259754491271973,7.060637307586671,4.715246510925294,4.413326573791505,7.675962520065308,4.3723905805969245,6.585207772674561,6.343953919830323,6.357235742034913,2.4054565423565797,2.4655456736675903,2.488926093575478,8.268239570083619,6.698750329437257,7.829961610260011,day_low,day_stable,-7.962721
2019-06-08 09:15:00+00:00,2019-06-08 10:15:00+00:00,2.240875,76.0,8.100532000000001,3.132138674194337,5.202076857025148,2.971688215667726,2.498095934326173,5.458221857482911,2.636526052886964,3.917038385803224,3.7730884002990734,3.701332991058351,1.3208274576972956,1.412199538225707,1.6446021728716826,5.431011383468629,4.76795977824402,5.234423344070436,day_low,day_stable,-5.859657000000001
2019-06-08 09:30:00+00:00,2019-06-08 10:30:00+00:00,1.577488,57.0,7.624531,2.2598540476379396,4.151506154876709,1.9580070665893556,1.939066140991211,5.095724790435791,2.4917351893005373,3.48634740625,3.261298864227295,3.8012375525054938,1.2588558048378058,1.0337901787290875,1.0622866931227533,5.054511039596558,4.626864164215088,4.734599082809448,day_low,day_stable,-6.047043
2019-06-08 09:45:00+00:00,2019-06-08 10:45:00+00:00,1.243074,41.0,4.527906,0.6968348616180418,3.3390327089843748,2.2117384069976804,1.0276020163116453,3.507350861412048,0.8687036627349851,1.4720879190979002,2.0289776915130613,1.1449218386230466,0.0,0.5536071992322327,0.8857597919411966,2.4259794348297117,2.407162725311279,2.4241881960449216,day_low,day_stable,-3.2848319999999998
2019-06-08 10:00:00+00:00,2019-06-08 11:00:00+00:00,0.902645,27.0,3.402219,0.0676957990112305,2.924260380405426,1.911465349334717,0.0,2.666845979827881,0.0,0.4695388699951173,1.4699073459091188,0.104702892440796,0.0,0.0,0.1891113106670218,1.9802661563339232,1.3927516366424562,1.700719418663025,day_low,day_stable,-2.499574
2019-06-08 10:15:00+00:00,2019-06-08 11:15:00+00:00,0.507049,13.0,2.240875,0.0,1.4050674381256103,0.7283672037124633,0.0,1.6177174987792968,0.0,0.0,0.585261339187622,0.0,0.0,0.0,0.1329034792479582,1.23652290725708,0.0222196521759032,0.6875188293457031,night_lowlight,night_lowlight,-1.733826
2019-06-08 10:30:00+00:00,2019-06-08 11:30:00+00:00,0.1814049999999999,4.0,1.577488,0.0,0.8552638240699768,0.5421314783935547,0.0,1.240025932395935,0.0,0.0,0.3109268494491577,0.0,0.0,0.0,0.0,0.8662907429580688,0.0,0.0793763943557739,night_lowlight,night_lowlight,-1.3960830000000002
2019-06-08 10:45:00+00:00,2019-06-08 11:45:00+00:00,0.0,0.0,1.243074,0.0,0.0,0.0,0.0,0.818701326965332,0.0,0.0,0.1284843088378906,0.0,0.0,0.0,0.0,0.5376163126220703,0.0,0.0,night_lowlight,night_lowlight,-1.243074
2019-06-08 11:00:00+00:00,2019-06-08 12:00:00+00:00,0.0,0.0,0.902645,0.0,0.0,0.0,0.0,0.4500941119384766,0.0,0.0,0.0,0.0,0.0,0.0,0.0192969290495566,0.445516356010437,0.0,0.0,night_lowlight,night_lowlight,-0.902645
2019-06-08 11:15:00+00:00,2019-06-08 12:15:00+00:00,0.0,0.0,0.507049,0.0,0.0,0.0,0.0,0.3841131908049583,0.0,0.0,0.0,0.0,0.0,0.0,0.0,0.3565392402162551,0.0,0.0,night_lowlight,night_lowlight,-0.507049
2019-06-08 11:30:00+00:00,2019-06-08 12:30:00+00:00,0.0,0.0,0.1814049999999999,0.0,0.0,0.0,0.0,0.2133015017795561,0.0,0.0,0.0,0.0,0.0,0.0,0.0391833969363363,0.0021429579544066,0.0,0.0,night_lowlight,night_lowlight,-0.1814049999999999
2019-06-08 11:45:00+00:00,2019-06-08 12:45:00+00:00,0.0,0.0,0.0,0.0,0.0,0.0,0.0,0.1042368933558464,0.0,0.0,0.0,0.0,0.0,0.0,0.0,0.0,0.0,0.0,night_lowlight,night_lowlight,0.0
2019-06-08 12:00:00+00:00,2019-06-08 13:00:00+00:00,0.0,0.0,0.0,0.0,0.0,0.0,0.0,0.0635929480195045,0.0,0.0,0.0,0.0,0.0,0.0,0.0,0.1467743813991546,0.0,0.0,night_lowlight,night_lowlight,0.0
2019-06-08 12:15:00+00:00,2019-06-08 13:15:00+00:00,0.0,0.0,0.0,0.0,0.0,0.0,0.0,0.1520089507102966,0.0,0.0,0.0,0.0,0.0,0.0,0.0,0.1645935624837875,0.0,0.0,night_lowlight,night_lowlight,0.0
2019-06-08 12:30:00+00:00,2019-06-08 13:30:00+00:00,0.0,0.0,0.0,0.0,0.0,0.0,0.0,0.1972199827432632,0.0,0.0,0.0,0.0,0.0,0.0,0.0,0.1930269598960876,0.0,0.0,night_lowlight,night_lowlight,0.0
2019-06-08 12:45:00+00:00,2019-06-08 13:45:00+00:00,0.0,0.0,0.0,0.0,0.0,0.0,0.0,0.1879898905754089,0.0,0.0,0.0,0.0,0.0,0.0,0.0,0.2977185249328613,0.0,0.0,night_lowlight,night_lowlight,0.0
2019-06-08 13:00:00+00:00,2019-06-08 14:00:00+00:00,0.0,0.0,0.0,0.0,0.0,0.0,0.0,0.2038261592388153,0.0,0.0,0.0,0.0,0.0,0.0,0.0,0.475638747215271,0.0,0.0,night_lowlight,night_lowlight,0.0
2019-06-08 13:15:00+00:00,2019-06-08 14:15:00+00:00,0.0,0.0,0.0,0.0,0.0,0.0251597445458173,0.0,0.2541970908641815,0.0,0.0,0.0,0.0,0.0,0.0,0.0,0.7156118154525757,0.0,0.0,night_lowlight,night_lowlight,0.0
2019-06-08 13:30:00+00:00,2019-06-08 14:30:00+00:00,0.0,0.0,0.0,0.0,0.0,0.0,0.0,0.2040271610021591,0.0,0.0,0.0,0.0,0.0,0.0,0.0,0.8168896436691284,0.0,0.0,night_lowlight,night_lowlight,0.0
2019-06-08 13:45:00+00:00,2019-06-08 14:45:00+00:00,0.0,0.0,0.0,0.0,0.0799357518553733,0.6118745803833008,0.0,0.4175756573677063,0.0,0.0,0.0323607958853244,0.0,0.0,0.2455422090156617,0.0946735211113639,0.983639359474182,0.0,0.0,night_lowlight,night_lowlight,0.0
2019-06-08 14:00:00+00:00,2019-06-08 15:00:00+00:00,0.0,0.0,0.0,0.0,0.4597745537757873,1.0744737386703491,0.0,0.6801943778991699,0.0,0.0,0.1918370276689529,0.0,0.0,0.0,0.0,1.1704045534133911,0.0,0.0,night_lowlight,night_lowlight,0.0
2019-06-08 14:15:00+00:00,2019-06-08 15:15:00+00:00,0.0,0.0,0.0,0.0,0.447043776512146,1.0999881029129028,0.0,0.8004630208015442,0.0,0.0,0.2638448178768158,0.0,0.0,0.0,0.0,1.2501754760742188,0.0,0.0,night_lowlight,night_lowlight,0.0
2019-06-08 14:30:00+00:00,2019-06-08 15:30:00+00:00,0.0,0.0,0.0,0.0,0.5232876539230347,1.19218647480011,0.0,0.891923725605011,0.0,0.0,0.2779838442802429,0.0,0.0,0.0,0.0,1.308035135269165,0.0,0.0,night_lowlight,night_lowlight,0.0
2019-06-08 14:45:00+00:00,2019-06-08 15:45:00+00:00,0.0,0.0,0.0,0.0,0.2980167865753174,1.0572941303253174,0.0,0.8311083316802979,0.0,0.0,0.3161173462867737,0.0,0.0,0.1253342957187644,0.0868027962631732,1.388864517211914,0.0,0.0,night_lowlight,night_lowlight,0.0
2019-06-08 15:00:00+00:00,2019-06-08 16:00:00+00:00,0.0,0.0,0.0,0.0,0.2973458468914032,1.0745381116867063,0.0,0.888615071773529,0.0,0.0,0.3823351263999939,0.0,0.0,0.0536504751104412,0.0500410218368867,1.4756972789764404,0.0,0.0,night_lowlight,night_lowlight,0.0
2019-06-08 15:15:00+00:00,2019-06-08 16:15:00+00:00,0.0,0.0,0.0,0.0,0.4973484873771667,1.2556967735290527,0.0,0.9318021535873412,0.0,0.0,0.4165142774581909,0.0,0.0,0.0587310112954577,0.0524349802089186,1.5362275838851929,0.0,0.0,night_lowlight,night_lowlight,0.0
2019-06-08 15:30:00+00:00,2019-06-08 16:30:00+00:00,0.0,0.0,0.0,0.0,0.6376174688339233,1.355398654937744,0.0,0.9434859752655028,0.0,0.0,0.3908645808696747,0.0,0.0,0.0616985861401188,0.0524349802089186,1.5897938013076782,0.0,0.0,night_lowlight,night_lowlight,0.0
2019-06-08 15:45:00+00:00,2019-06-08 16:45:00+00:00,0.0,0.0,0.0,0.0,0.239481046795845,1.2045964002609253,0.0,0.8934228420257568,0.0,0.0,0.4695028364658355,0.0,0.0,0.1048932887985912,0.0391669616944709,1.5772963762283323,0.0,0.0,night_lowlight,night_lowlight,0.0
2019-06-08 16:00:00+00:00,2019-06-08 17:00:00+00:00,0.0,0.0,0.0,0.0,0.4285823404788971,1.3934977054595947,0.0,0.9340744614601136,0.0077228611335158,0.0113178174942731,0.5255251526832581,0.0,0.0,0.1129413998282687,0.029657008392221,1.6481536626815796,0.0,0.0,night_lowlight,night_lowlight,0.0
2019-06-08 16:15:00+00:00,2019-06-08 17:15:00+00:00,0.0,0.0,0.0,0.0,0.5153196454048157,1.318010687828064,0.0,1.1485809087753296,0.2402219325304031,0.0,0.5812464952468872,0.0,0.0,0.1048932887985912,0.0272630500201891,1.6778446435928345,0.0,0.0,night_lowlight,night_lowlight,0.0
2019-06-08 16:30:00+00:00,2019-06-08 17:30:00+00:00,0.0,0.0,0.0,0.0,0.6968607306480408,1.3820958137512207,0.0,1.3311644792556765,0.3572899103164673,0.0,0.5892661809921265,0.0,0.0,0.1048932887985912,0.0272630500201891,1.713308334350586,0.0,0.0,night_lowlight,night_lowlight,0.0
2019-06-08 16:45:00+00:00,2019-06-08 17:45:00+00:00,0.0,0.0,0.0,0.0,0.3991521000862121,0.959078311920166,0.0,1.4571348428726196,0.5934736728668213,0.0,0.69710373878479,0.0,0.0,0.0536504751104412,0.0150375681886541,1.679677128791809,0.0,0.0,night_lowlight,night_lowlight,0.0
2019-06-08 17:00:00+00:00,2019-06-08 18:00:00+00:00,0.0,0.0,0.0,0.0,0.5293853282928467,0.9818941354751588,0.0,1.6665353775024414,0.711143970489502,0.0,0.7769771814346313,0.0,0.0,0.0419686477711762,0.0719358011386682,1.7421427965164185,0.0,0.0,night_lowlight,night_lowlight,0.0
2019-06-08 17:15:00+00:00,2019-06-08 18:15:00+00:00,0.0,0.0,0.0,0.0,0.6581740975379944,0.9912773966789246,0.0,1.8109852075576784,0.8278517723083496,0.0,0.8332638144493103,0.0,0.0,0.045996484279741,0.0422628274287613,1.7619030475616455,0.0,0.0,night_lowlight,night_lowlight,0.0
2019-06-08 17:30:00+00:00,2019-06-08 18:30:00+00:00,0.0,0.0,0.0,0.0,0.7983660697937012,1.1677788496017456,0.0,1.8559787273406985,0.9403367042541504,0.0,0.9434384703636168,0.0,0.0,0.0419686477711762,0.0369323474904356,1.813569188117981,0.0573078766465187,0.0,night_lowlight,night_lowlight,0.0
2019-06-08 17:45:00+00:00,2019-06-08 18:45:00+00:00,0.0,0.0,0.0,0.0,1.0041117668151855,1.5955559015274048,0.0,1.8653297424316408,1.0012997388839722,0.0,1.0687103271484375,0.0,0.0,0.0362454615473269,0.0369323474904356,1.902892827987671,0.2968120574951172,0.0,night_lowlight,night_lowlight,0.0
2019-06-08 18:00:00+00:00,2019-06-08 19:00:00+00:00,0.0,0.0,0.0,0.0,1.1132616996765137,1.5977537631988523,0.0,2.0137240886688232,1.2013468742370603,0.0,1.2325196266174316,0.0,0.0,0.044001253627524,0.0,2.049161434173584,0.4667323529720306,0.1538012325763702,night_lowlight,night_lowlight,0.0
2019-06-08 18:15:00+00:00,2019-06-08 19:15:00+00:00,0.0,0.0,0.0,0.0,1.1476627588272097,1.6812422275543213,0.0,2.097938060760498,1.3876372575759888,0.0,1.3728541135787964,0.0,0.0,0.044001253627524,0.0,2.127556324005127,0.5995094180107117,0.3102290630340576,night_lowlight,night_lowlight,0.0
2019-06-08 18:30:00+00:00,2019-06-08 19:30:00+00:00,0.0,0.0,0.0,0.0,1.440693736076355,1.880000114440918,0.0,2.247814893722534,1.4762904644012451,0.0,1.5019699335098269,0.0,0.0,0.0382780674036747,0.0,2.2594611644744873,0.8451616168022156,0.4825660288333893,night_lowlight,night_lowlight,0.0
2019-06-08 18:45:00+00:00,2019-06-08 19:45:00+00:00,0.0,0.0,0.0,0.0,1.196115493774414,1.893635630607605,0.0,2.2586779594421387,1.6956132650375366,0.0,1.653251051902771,0.0,0.0,0.0496636315888261,0.0,2.3109476566314697,0.8430368900299072,0.5980188846588135,night_lowlight,night_lowlight,0.0
2019-06-08 19:00:00+00:00,2019-06-08 20:00:00+00:00,0.0,0.0,0.0,0.0,1.3650686740875244,1.9543840885162351,0.0,2.291236639022827,1.7766292095184326,0.0,1.7968459129333496,0.0,0.0,0.0747186503436829,0.0,2.482217311859131,0.7350143790245056,0.6923059821128845,night_lowlight,night_lowlight,0.0
2019-06-08 19:15:00+00:00,2019-06-08 20:15:00+00:00,0.0,0.0,0.0,0.1081893146038055,1.502877712249756,2.5945193767547607,0.0,2.1647887229919434,1.6601073741912842,0.0,1.8342926502227783,0.0253354460000991,0.0,0.0787389248647956,0.0,2.649662733078003,0.8922527432441711,0.9265558123588562,night_lowlight,night_lowlight,0.0
2019-06-08 19:30:00+00:00,2019-06-08 20:30:00+00:00,0.0,0.0,0.0,0.2940497696399688,1.491301655769348,2.5969882011413574,0.0947518572211265,2.189044713973999,1.8361769914627075,0.1024820581078529,2.0235111713409424,0.3603266775608063,0.0,0.0787389248647956,0.0,2.838909149169922,0.944454550743103,1.095961332321167,night_lowlight,night_lowlight,0.0
2019-06-08 19:45:00+00:00,2019-06-08 20:45:00+00:00,0.0,0.0,0.0,0.4408292770385742,1.5776035785675049,2.626879930496216,0.2151215821504593,2.323474884033203,2.0368947982788086,0.2418129295110702,2.248621702194214,0.6537572145462036,0.0,0.0787389248647956,0.0,3.00898814201355,1.0369218587875366,1.254179835319519,night_lowlight,night_lowlight,0.0
2019-06-08 20:00:00+00:00,2019-06-08 21:00:00+00:00,0.000107,0.0,0.0,0.6039716601371765,1.8161789178848269,2.954319477081299,0.3180787563323974,2.5004894733428955,1.91692852973938,0.6305332779884338,2.3958098888397217,0.9572098255157472,0.0,0.0848162265483544,0.0509130997162518,3.2533137798309326,0.8975405693054199,1.4978541135787964,night_lowlight,night_lowlight,0.000107
2019-06-08 20:15:00+00:00,2019-06-08 21:15:00+00:00,0.1809339999999999,7.0,0.0,0.7136725783348083,1.9500610828399656,2.9172935485839844,0.5363809466362,2.8780455589294434,2.0545525550842285,0.9787287712097168,2.623829126358032,1.3213859796524048,0.0,0.0848162265483544,0.0550728983721825,3.4389593601226807,0.9440850615501404,1.7170134782791138,night_lowlight,night_lowlight,0.1809339999999999
2019-06-08 20:30:00+00:00,2019-06-08 21:30:00+00:00,0.520967,21.0,0.0,0.8111135363578796,2.284956455230713,3.2281360626220703,0.6963488459587097,3.177841901779175,2.183821439743042,1.2190312147140503,2.822490692138672,1.7221225500106812,0.0,0.093580148801068,0.0509130997162518,3.5906171798706055,1.0559614896774292,1.9262524843215945,day_low,day_stable,0.520967
2019-06-08 20:45:00+00:00,2019-06-08 21:45:00+00:00,0.817523,39.0,0.0,0.9005849957466125,2.4513020515441895,3.4598820209503174,0.8311870098114014,3.282527446746826,2.4566216468811035,1.3994991779327393,2.908775329589844,2.0819692611694336,0.0,0.2295261975385992,0.3359082120057121,3.742295980453491,1.1741349697113037,2.100191354751587,day_low,day_stable,0.817523
2019-06-08 21:00:00+00:00,2019-06-08 22:00:00+00:00,1.056891,50.0,0.000107,1.0075364805526734,2.5694653488464354,3.628897616989136,0.9718538619346618,3.458451221115112,2.66915578616333,1.6172152258224488,2.961763332015991,2.320959756500244,0.0871441945978328,0.3944993052159037,0.5939827516013999,3.875895688659668,1.2088237501449586,2.3387932277984618,day_low,day_stable,1.056784
2019-06-08 21:15:00+00:00,2019-06-08 22:15:00+00:00,1.321523,61.0,0.1809339999999999,1.3758504867401122,3.003822612747192,4.195824193939209,1.294981050476074,3.806141662582397,3.2900484084930417,2.070492672904968,3.228969621643066,2.88962368963623,1.1030196434655977,1.4332632898816844,1.363747002616624,4.2710261821594235,1.5219686508026122,2.7093074798431394,day_low,day_stable,1.140589
2019-06-08 21:30:00+00:00,2019-06-08 22:30:00+00:00,1.828422,100.0,0.520967,1.9993171625061037,3.7323307924194338,5.0202341012878415,1.7833684616012573,4.308949702255249,4.053506129257202,2.695283644668579,3.6781830720825193,3.664225333206177,1.5833272972225807,1.9452345116924452,1.810044968388036,4.8552818231506345,2.0700194768829343,3.2027292184753415,day_low,day_stable,1.307455
2019-06-08 21:45:00+00:00,2019-06-08 22:45:00+00:00,2.804922,138.0,0.817523,2.5958508226852417,4.113697526214599,5.37013244366455,2.2881469700317383,4.8892683956604,4.764124867675781,3.3784601662139893,4.113095519302368,4.250767228363037,2.0464953890056927,2.527568132754989,2.2622889844550302,5.341945645568847,2.6203803989868164,3.788490531204224,day_low,day_stable,1.987399
2019-06-08 22:00:00+00:00,2019-06-08 23:00:00+00:00,4.305766,175.0,1.056891,3.0983467456970217,4.736019408432007,5.97596648904419,2.8873353359375,5.52192596170044,5.577585732666016,4.00092438432312,4.664517914978028,5.040445124832154,3.604062633199463,4.64648309606548,3.784807348898335,5.73294309350586,3.099730288711548,4.297869717803955,day_low,day_stable,3.248875
2019-06-08 22:15:00+00:00,2019-06-08 23:15:00+00:00,6.054344,234.0,1.321523,3.556047726867676,5.181525040863037,6.4130886089782715,3.4397566807250977,6.046306420562744,6.172262002227783,4.5942855370025635,5.171433736083984,5.6465247166137695,4.224203677821402,5.150201425860165,4.55912922641654,6.191418935058594,3.691664744613647,4.853352833984375,day_low,day_stable,4.732821
2019-06-08 22:30:00+00:00,2019-06-08 23:30:00+00:00,7.919406,298.0,1.828422,4.212069441864013,5.95272391040039,7.193870951721191,4.1118335028381345,6.7109545965881345,6.929071356842041,5.419740845748901,5.749151160308838,6.520225932189941,4.822500253993768,6.375361703437005,6.454053001770294,6.750811030456543,4.802109410354614,5.566354443618774,day_medium,day_stable,6.090984000000001
2019-06-08 22:45:00+00:00,2019-06-08 23:45:00+00:00,10.05813,366.0,2.804922,5.479914322921752,7.556199923583984,9.166679278442382,5.278610602447509,7.905405894348144,8.205972567626953,6.546171322891235,7.046220675537109,8.158969775268554,7.715474316106386,9.027726130299094,9.484524959024954,7.834667578765869,6.056379452774047,6.886810675689697,day_medium,day_stable,7.253208000000001
2019-06-08 23:00:00+00:00,2019-06-09 00:00:00+00:00,12.08638,423.0,4.305766,7.045952929702759,9.158213032928469,10.495928658691406,7.322651280609131,9.865587128845217,10.235820664611817,8.763953103271485,9.13627661630249,10.14437045022583,8.586006087184565,10.045000440840768,10.29377757118976,9.638201131072998,7.544019116607666,8.83378113671875,day_medium,day_stable,7.780614
2019-06-08 23:15:00+00:00,2019-06-09 00:15:00+00:00,13.92475,477.0,6.054344,9.013693393844605,11.308193029541016,12.513093771118164,9.283748449462893,12.03959208883667,12.026966871398926,10.836455644744872,11.350451292175292,12.302597345489502,11.609153161506775,12.881178225209377,12.785735582590643,11.60899192251587,9.108751119750975,10.79642039694214,day_medium,day_stable,7.870405999999999
2019-06-08 23:30:00+00:00,2019-06-09 00:30:00+00:00,15.64938,537.0,7.919406,10.974038186889649,13.371823850494383,13.726600232940674,11.227921071868897,14.04561049066162,13.760008397918702,12.979872766357422,13.295867505889891,14.147333684783936,13.369151578951582,14.10259313101665,13.94264842810653,13.73431068978882,10.680906120162964,12.828171316009522,day_medium,day_stable,7.729974
2019-06-08 23:45:00+00:00,2019-06-09 00:45:00+00:00,17.500441,585.0,10.05813,13.405420754318238,16.078880522613524,16.06853744781494,12.976469014053343,16.236555312042235,15.551079485778809,15.205908987884522,15.440317366485596,16.372847292785643,15.947886776894835,16.90426027630187,16.890748794695593,15.918451521759032,12.51606914794922,14.901090357666016,day_medium,day_stable,7.442310999999998
2019-06-09 00:00:00+00:00,2019-06-09 01:00:00+00:00,19.509001,633.0,12.08638,15.50054907310486,18.29807376373291,17.644074435119627,15.699591393356323,18.712131495361326,17.743553633575438,17.49808263290405,17.949532027130125,18.585053439025877,17.465835128758926,19.100403522843447,17.895174062587174,17.994993204956053,14.353280062561035,16.574906821136473,day_medium,day_stable,7.422621000000001
2019-06-09 00:15:00+00:00,2019-06-09 01:15:00+00:00,21.16713,677.0,13.92475,17.311018138885498,20.508284717559818,19.73379245376587,17.03649774169922,20.58785739517212,19.39485326385498,19.333307891845703,19.47618976211548,20.571763187408447,18.811252507831544,20.193099000823203,18.53537103086323,19.71458449935913,16.1623090801239,18.11945882415771,day_high,day_stable,7.242380000000001
2019-06-09 00:30:00+00:00,2019-06-09 01:30:00+00:00,22.45994,717.0,15.64938,18.879044087295533,22.45272234237671,21.657722742919923,18.221463473205567,22.25199869430542,20.691686900024415,20.71848037994385,20.93667248046875,22.26054933822632,21.06303519899775,22.14697306971432,21.20407013309919,21.2842414692688,17.90997675216675,19.70439365661621,day_high,day_stable,6.810559999999999
2019-06-09 00:45:00+00:00,2019-06-09 01:45:00+00:00,23.855129,749.0,17.500441,20.682749197021483,24.52337639047241,23.033668443695067,19.842308446899413,23.538841173187254,21.287031099334715,21.917564794555663,22.794880315795897,23.584543153778075,22.887065272454088,23.72423514956613,22.950271528331413,23.02196590615845,19.45961575223541,21.477811023727416,day_high,day_stable,6.354688000000003
2019-06-09 01:00:00+00:00,2019-06-09 02:00:00+00:00,25.271749,789.0,19.509001,22.43269441850281,26.54494164712525,24.892059071136476,22.255403978897096,26.53086636788941,24.43799327142334,24.632603390289308,25.55343650109863,26.221808178497316,24.079206663751545,24.630008637433825,23.888492039455382,24.778960926605222,21.97555659539795,22.988651020599367,day_high,day_stable,5.762747999999998
2019-06-09 01:15:00+00:00,2019-06-09 02:15:00+00:00,26.229,818.0,21.16713,23.763746983413697,28.05331516921997,25.99018145263672,23.774653918151856,27.66685438812256,25.130164868240357,25.7397561138916,27.218645579223633,27.324736601715088,25.73174358850575,26.48794205712455,25.705169170835884,26.14767313659668,23.45699668586731,24.439502722625733,day_high,day_stable,5.061869999999999
2019-06-09 01:30:00+00:00,2019-06-09 02:30:00+00:00,27.06638,854.0,22.45994,24.47447423500061,28.815896077575683,26.95777182144165,24.403599901618957,28.63301281494141,25.86491303009033,26.73104767364502,28.100552602233886,28.33243422073364,26.304584671692293,26.14495876949332,25.987248606973782,27.028038545074462,24.47969917816162,25.33766822380066,day_high,day_stable,4.606439999999999
2019-06-09 01:45:00+00:00,2019-06-09 02:45:00+00:00,27.814939000000003,878.0,23.855129,25.271614071182253,29.69680046682739,27.698894258789064,25.110339161209108,28.943831201843263,25.9886534178772,27.505536791137697,28.97776770239258,29.05024170523071,26.57174621702856,26.970667599548054,26.512960951476124,27.97733473425293,25.7117043698349,26.605987545303343,day_high,day_stable,3.959810000000001
2019-06-09 02:00:00+00:00,2019-06-09 03:00:00+00:00,28.434,906.0,25.271749,25.772539655612945,30.455392341064453,28.00011823599243,26.613058785842895,30.68898485128784,27.204299191879272,29.11125014250183,30.499629001068115,30.024980525421142,26.331963563411808,27.885496661637426,27.28534721778053,28.897771577285766,27.31636021559143,27.78252861921692,day_high,day_stable,3.1622510000000013
2019-06-09 02:15:00+00:00,2019-06-09 03:15:00+00:00,28.89513,920.0,26.229,25.84314059996605,30.383412746429443,27.64640334033966,26.782596794605254,30.443934349060054,26.71458959364891,29.25558438682556,30.474887756347655,29.737792400360107,26.47882105687716,27.606362218071997,27.39335463649597,29.47327008628845,27.615422753334045,28.26181283378601,day_high,day_stable,2.6661300000000026
2019-06-09 02:30:00+00:00,2019-06-09 03:30:00+00:00,29.192631,937.0,27.06638,26.21640030134201,30.277960753326415,28.189292406921385,26.58213130224228,30.89717957962036,27.01459199774742,29.844573235397338,30.36771295059204,30.306098437194823,27.38330705823296,27.58748848159849,27.558886484419855,29.70982549179077,27.681995010261534,28.453468537216185,day_high,day_stable,2.126251
2019-06-09 02:45:00+00:00,2019-06-09 03:45:00+00:00,29.596001,953.0,27.814939000000003,26.39710936724091,30.355999686111453,28.15840164600754,26.30885992227936,30.338439919342044,26.57935617147827,29.85555741964722,30.54420612036133,30.1746756809845,28.103152336141935,28.63906048065664,28.178269058100284,29.790497161735537,27.86274710326338,28.6355892199173,day_high,day_stable,1.7810619999999986
2019-06-09 03:00:00+00:00,2019-06-09 04:00:00+00:00,29.610001,955.0,28.434,26.094552978515622,29.97168527507782,27.88341371679306,26.77302895450592,31.04811499977112,27.301184162139897,30.770881875991822,30.553604587554933,30.28580735588074,27.717720410958897,27.694207826613944,27.524655690956862,29.880234583854676,27.99637205862999,28.72381277346611,day_high,day_stable,1.1760009999999994
2019-06-09 03:15:00+00:00,2019-06-09 04:15:00+00:00,29.42713,954.0,28.89513,25.732472739105223,29.59496768463135,27.260706148033144,26.295097670440676,30.276800355796816,26.456592163925173,30.529361805801393,29.82339533317566,29.460555992012026,27.939371452704293,28.21793162506335,27.699380670475954,29.91108675945282,27.70610197532654,28.64489733326912,day_high,day_stable,0.5319999999999965
2019-06-09 03:30:00+00:00,2019-06-09 04:30:00+00:00,29.275749,944.0,29.192631,25.326651805358885,29.149828569310664,26.67611026139831,25.544270986038207,29.40567941339588,25.42758368821716,29.87868737550354,29.140791655796527,28.628588193374632,28.291665536940123,28.565326688533023,27.830802575091152,29.778165930229186,27.494678610282897,28.438359254318236,day_high,day_stable,0.08311800000000247
2019-06-09 03:45:00+00:00,2019-06-09 04:45:00+00:00,29.225,931.0,29.596001,25.184979290557862,29.096501917434693,26.431398481918336,25.051017613006593,29.096931070877076,24.655377239776612,29.653878760380508,28.25637003858185,28.043297023368837,28.323280260073147,28.06786066080632,27.552530203023764,29.813091010643006,27.23936233003235,28.30916246850586,day_high,day_stable,-0.3710009999999997
2019-06-09 04:00:00+00:00,2019-06-09 05:00:00+00:00,28.974751,911.0,29.610001,24.90970745904541,28.668044956756592,25.942120703292847,25.214005859924317,29.108799489570615,24.999576004577637,29.677337335778237,28.063804300857544,27.8533670030365,27.892834805924885,27.94955091895341,27.212300366470323,29.150457265211102,27.4319323621521,27.754312666488648,day_high,day_stable,-0.6352499999999992
2019-06-09 04:15:00+00:00,2019-06-09 05:15:00+00:00,28.645309,892.0,29.42713,24.29446865737915,27.793883816604612,25.06156660736084,24.349467532043455,28.36071767032623,23.76728417098999,29.01600782692909,27.640247003440855,27.137271420364375,27.587203627055725,27.902294695950488,27.122668931723258,27.17841769874573,27.351491944198607,26.324693457489012,day_high,day_stable,-0.7818209999999972
2019-06-09 04:30:00+00:00,2019-06-09 05:30:00+00:00,28.315439,867.0,29.275749,23.402018340515134,27.07448199598694,24.10500744192505,23.537894519256593,27.4161812385788,22.594544680999757,28.426967175888063,26.726268323349,26.12338140814209,26.862503810823927,27.587511094771138,26.65895091769654,25.84289315550232,26.820707114624025,25.161686213897703,day_high,day_stable,-0.9603099999999998
2019-06-09 04:45:00+00:00,2019-06-09 05:45:00+00:00,27.480690000000003,837.0,29.225,23.16264638900757,26.424467182159425,23.934171772003175,22.90170822143555,26.82612524032593,22.250415897369383,27.868179178237916,26.004858827590944,25.582782602310186,26.56401226181559,27.51421728615887,26.47827284053044,25.222684955596925,26.554912185668947,24.90172348022461,day_high,day_stable,-1.7443099999999987
2019-06-09 05:00:00+00:00,2019-06-09 06:00:00+00:00,26.95088,806.0,28.974751,22.70215797860718,25.820589069915773,23.514837269378663,23.1555428548584,26.404386286331174,22.60606480081177,27.473251227928163,25.737302307678224,25.12394547898865,25.415446188561692,26.945789468937576,25.870742794764293,24.64704323251343,26.123557095123292,24.366598133636476,day_high,day_stable,-2.0238709999999998
2019-06-09 05:15:00+00:00,2019-06-09 06:15:00+00:00,25.949869,769.0,28.645309,21.92635777471924,25.00198009489441,21.954097299560548,22.51315548895264,25.85354259489441,21.12677052496338,26.808619647010804,25.416662721618653,24.476914911254884,24.02456045451689,25.245226389593725,24.83683290608233,23.950299768432615,25.78421452520752,23.893965272888185,day_high,day_stable,-2.6954400000000014
2019-06-09 05:30:00+00:00,2019-06-09 06:30:00+00:00,25.023251,739.0,28.315439,21.239969982971193,24.26389433370972,21.97404648291016,22.250989689697267,25.10513903128052,21.47278429495239,26.247201218475343,24.517536654342653,23.914078488220216,22.27286084277077,24.174518969115216,23.474522586040635,23.561083569396978,24.873678936828615,23.441687359680177,day_high,day_stable,-3.292188000000003
2019-06-09 05:45:00+00:00,2019-06-09 06:45:00+00:00,24.125059,707.0,27.480690000000003,20.07119512313843,23.648954627456668,20.09060144180298,21.15146970504761,23.683979031982425,20.069734570922854,25.48316931480408,23.32851934188843,22.77837800735474,19.869514851609555,21.827025444036448,22.199617890121143,22.695371148529055,23.697608230056765,22.324511048736575,day_high,day_stable,-3.3556310000000025
2019-06-09 06:00:00+00:00,2019-06-09 07:00:00+00:00,23.05975,667.0,26.95088,19.54348892868042,22.50595516860962,19.07779116333008,20.476018378143312,23.25481958091736,19.303473898773195,24.141481825714113,22.767773100738527,22.300591418151857,19.474205525884695,21.12615062404573,21.81353335091512,21.789470145111085,23.04492492378235,21.78311485946655,day_high,day_stable,-3.8911300000000004
2019-06-09 06:15:00+00:00,2019-06-09 07:15:00+00:00,21.626499,627.0,25.949869,18.224541508239746,21.2011421552124,18.66265329031372,19.76372464804077,22.03471048979187,18.806883656066898,23.0580016007843,21.47908385900879,20.98123010305786,18.009343662337137,19.23866604444578,19.44571586351659,20.67577632574463,21.570469700378418,20.764604412597656,day_medium,day_stable,-4.323370000000001
2019-06-09 06:30:00+00:00,2019-06-09 07:30:00+00:00,20.346809,585.0,25.023251,17.112331810546873,20.28218597467041,17.330587330413817,18.789095345092772,21.12164181764221,17.83901208932495,22.08099216516113,20.539232197357176,19.970772686553953,15.931944837567103,17.33022075821829,17.319275489527413,19.558400097442625,20.462779942108153,19.6790651708374,day_medium,day_stable,-4.676441999999998
2019-06-09 06:45:00+00:00,2019-06-09 07:45:00+00:00,18.963869,539.0,24.125059,16.043503633483887,19.170768133148194,15.901305070861817,17.785195222839356,20.14599453543091,16.897491327270508,21.002987733825684,19.56886946295166,18.99703632925415,13.577777427943897,16.134563539129374,15.262371103306654,18.492622247680664,19.482163301452637,18.728052488311768,day_medium,day_stable,-5.161190000000001
2019-06-09 07:00:00+00:00,2019-06-09 08:00:00+00:00,17.439619,490.0,23.05975,14.946626106262208,18.18284980392456,15.141105571746827,16.399160305023194,18.048376003265385,15.60465900039673,19.693235078811647,17.70984069442749,17.446199337005616,12.407234391952183,14.216586908757936,13.364917342672312,17.567747512817384,17.64644662475586,17.714512744903566,day_medium,day_stable,-5.620131000000001
2019-06-09 07:15:00+00:00,2019-06-09 08:15:00+00:00,15.81606,435.0,21.626499,13.733494582580564,17.144844832824706,13.586882415222169,15.20487290899658,16.927036586212157,14.380800071166991,18.36410862486267,16.255961242126464,16.06502324621582,9.886999466842004,11.980831034009388,10.718803306079597,16.044385734008788,16.194818797515868,16.792928996490478,day_medium,day_stable,-5.810438999999999
2019-06-09 07:30:00+00:00,2019-06-09 08:30:00+00:00,14.05709,378.0,20.346809,12.804720491394043,16.4490776958313,12.491264909729004,14.21284493826294,16.608443349823,13.394653409942627,17.177224725708008,15.72860822103882,15.161647409423828,10.09458026093886,11.38359534718319,9.993276456752096,14.59583005331421,15.263394922241211,15.66317281149292,day_medium,day_stable,-6.289719
2019-06-09 07:45:00+00:00,2019-06-09 08:45:00+00:00,12.23053,318.0,18.963869,11.139847660583497,14.400022411865232,11.152028942626952,13.179495716613769,15.27738752416992,12.120788002532958,15.886448050064086,14.17808094076538,13.35927000097656,8.54174888983421,10.245082329843088,8.765829818110964,13.439758205932616,13.742085838836667,14.21013250402832,day_medium,day_stable,-6.733338999999999
2019-06-09 08:00:00+00:00,2019-06-09 09:00:00+00:00,10.35803,255.0,17.439619,9.765045578521727,12.896410400909424,9.69409840826416,11.48006718878174,13.139534885925292,9.98769324545288,13.978807861846924,12.094469959777832,11.582969124359131,7.462722983005718,7.269816434913974,7.445917507497384,12.154179508728028,11.70043843511963,12.314076359313963,day_medium,day_stable,-7.081589000000001
2019-06-09 08:15:00+00:00,2019-06-09 09:15:00+00:00,8.446157000000001,207.0,15.81606,8.43901389175415,11.90450256401062,8.430358343658447,10.207535677490236,12.209112101135254,8.509379320678711,12.598274164733889,11.089430742797852,10.159946375427246,6.1161897808577015,5.952013049613722,6.07302754488997,10.755326204833985,10.418763094482422,10.633820467529295,day_low,day_stable,-7.369902999999999
2019-06-09 08:30:00+00:00,2019-06-09 09:30:00+00:00,6.551782,165.0,14.05709,6.893281654205323,9.823115066375731,6.878963664855958,8.759024337615967,10.888304904785157,7.72764892944336,10.750978664245606,9.207295612182618,8.668657497253418,4.231042846895598,3.884228951279359,4.627028318650561,9.304211810913086,8.914531425323487,8.717654422607422,day_low,day_stable,-7.505308
2019-06-09 08:45:00+00:00,2019-06-09 09:45:00+00:00,4.7565,102.0,12.23053,5.300258851318359,7.954719758300781,5.020894265441894,7.486905789642334,9.18186662223816,6.3084475758361815,9.177777743606567,7.419425225524902,7.087227559356689,3.08326990390761,2.610849047084425,3.568705898930221,7.821540570526123,7.546300626068115,6.961230492858887,day_low,day_stable,-7.47403
2019-06-09 09:00:00+00:00,2019-06-09 10:00:00+00:00,3.198836,77.0,10.35803,4.115352311401367,7.292891183166503,4.198229947357177,5.424704709320068,7.1174062874603266,4.224692979125976,7.057535805969238,5.829448857574462,5.429050603179931,1.706895757394866,1.928499326522837,1.8447068811937977,6.073784032135009,5.98708216217041,5.003267445831298,day_low,day_stable,-7.159193999999999
2019-06-09 09:15:00+00:00,2019-06-09 10:15:00+00:00,2.076922,73.0,8.446157000000001,2.4106230949707044,5.178778669769288,2.5745825981445325,4.023757479125978,5.618789932662965,3.0263581489868177,5.246052763397218,4.00844242327881,3.789271376068117,1.2573297327492283,1.4729250681679409,1.3350191887722085,4.56988360636902,4.509012482101442,3.634815714294435,day_low,day_stable,-6.3692350000000015
2019-06-09 09:30:00+00:00,2019-06-09 10:30:00+00:00,1.412469,59.0,6.551782,1.1532858490295412,4.1729138969726565,1.7469547867126467,2.759768354827881,4.259406435424805,2.096783029968262,3.6509457706756594,2.665079462463379,2.3971599220581057,0.5573435153720585,0.8683044181924147,0.6980397869006132,2.925002443725586,3.239081966812134,2.4480999588317873,day_low,day_stable,-5.1393130000000005
2019-06-09 09:45:00+00:00,2019-06-09 10:45:00+00:00,1.084535,45.0,4.7565,0.0,2.7776235284805297,0.4444882812499999,1.542860502243042,2.952808135986328,1.0311484279632568,2.3087003173828125,1.0565733852386474,0.9855296554565428,0.1870889290665077,0.461198530643299,0.4844914258722229,1.606220001220703,1.70972847366333,1.4183931293487548,day_low,day_stable,-3.671965
2019-06-09 10:00:00+00:00,2019-06-09 11:00:00+00:00,0.813012,29.0,3.198836,0.0,1.938026697669983,0.0542544436798095,0.0,1.5775555682525635,0.0,0.5563491893157959,0.0,0.0,0.0,0.0,0.0,0.6674810958251953,0.5576960158691406,0.5240005565032959,day_low,day_stable,-2.385824
2019-06-09 10:15:00+00:00,2019-06-09 11:15:00+00:00,0.528076,16.0,2.076922,0.0,1.1979486947746278,0.0,0.0,0.9324945812911988,0.0,0.0,0.0,0.0,0.0,0.0,0.0,0.0382288103790284,0.0,0.0,night_lowlight,night_lowlight,-1.5488460000000002
2019-06-09 10:30:00+00:00,2019-06-09 11:30:00+00:00,0.171514,4.0,1.412469,0.0,0.7643453184547424,0.0,0.0,0.8724071685256958,0.0,0.0,0.0,0.0,0.0,0.0,0.0,0.0,0.0,0.0,night_lowlight,night_lowlight,-1.240955
2019-06-09 10:45:00+00:00,2019-06-09 11:45:00+00:00,0.0,0.0,1.084535,0.0,0.5882820757961273,0.1889545294380188,0.0,1.0934843552222848,0.0,0.0,0.0,0.0,0.0,0.0,0.0,0.0,0.0,0.0,night_lowlight,night_lowlight,-1.084535
2019-06-09 11:00:00+00:00,2019-06-09 12:00:00+00:00,0.0,0.0,0.813012,0.0,0.4093140324707031,0.2643210252876281,0.0,1.1377212068195344,0.0,0.0,0.0,0.0,0.0,0.0,0.0,0.0,0.0,0.0,night_lowlight,night_lowlight,-0.813012
2019-06-09 11:15:00+00:00,2019-06-09 12:15:00+00:00,0.0,0.0,0.528076,0.0,0.0330393681774139,0.0162632534751892,0.0,1.0127323935279846,0.0,0.0,0.0,0.0,0.0,0.0,0.0,0.0,0.0,0.0,night_lowlight,night_lowlight,-0.528076
2019-06-09 11:30:00+00:00,2019-06-09 12:30:00+00:00,0.0,0.0,0.171514,0.0,0.0,0.0,0.0,0.8076203122749328,0.0,0.0,0.0,0.0,0.0,0.0,0.0,0.0,0.0,0.0,night_lowlight,night_lowlight,-0.171514
2019-06-09 11:45:00+00:00,2019-06-09 12:45:00+00:00,0.0,0.0,0.0,0.0,0.0,0.0,0.0,0.6784712672233582,0.0,0.0,0.0,0.0,0.0,0.3069138525569751,0.0,0.0,0.0,0.0,night_lowlight,night_lowlight,0.0
2019-06-09 12:00:00+00:00,2019-06-09 13:00:00+00:00,0.0,0.0,0.0,0.0,0.0,0.0,0.0,0.7485352158546448,0.0,0.0,0.0,0.0,0.0,0.3218152765358347,0.0,0.0,0.0,0.0,night_lowlight,night_lowlight,0.0
2019-06-09 12:15:00+00:00,2019-06-09 13:15:00+00:00,0.0,0.0,0.0,0.0,0.0,0.0,0.0,0.8268191814422607,0.0,0.0,0.0,0.0,0.0,0.3160920903119855,0.0,0.0,0.0,0.0,night_lowlight,night_lowlight,0.0
2019-06-09 12:30:00+00:00,2019-06-09 13:30:00+00:00,0.0,0.0,0.0,0.0,0.0,0.0,0.0,0.8860309720039368,0.0,0.0,0.0,0.0,0.0,0.2648492766238356,0.1325427604983255,0.0,0.0,0.0,night_lowlight,night_lowlight,0.0
2019-06-09 12:45:00+00:00,2019-06-09 13:45:00+00:00,0.0,0.0,0.0,0.0,0.0,0.191151276230812,0.0,0.8735774159431458,0.0,0.0,0.0,0.0,0.0,0.2890665341027316,0.1325427604983255,0.0,0.0,0.0,night_lowlight,night_lowlight,0.0
2019-06-09 13:00:00+00:00,2019-06-09 14:00:00+00:00,0.0,0.0,0.0,0.0,0.0,0.0,0.0,0.9921602010726928,0.0,0.0,0.2251328080892563,0.0,0.0,0.2925135825931955,0.134587103440446,0.0206510331481695,0.0,0.0,night_lowlight,night_lowlight,0.0
2019-06-09 13:15:00+00:00,2019-06-09 14:15:00+00:00,0.0,0.0,0.0,0.0,0.0,0.0350614562630653,0.0,0.960382044315338,0.0,0.0,0.294929563999176,0.0,0.0,0.305284467624393,0.0995836497922134,0.1314774751663208,0.0,0.0,night_lowlight,night_lowlight,0.0
2019-06-09 13:30:00+00:00,2019-06-09 14:30:00+00:00,0.0,0.0,0.0,0.0,0.0,0.0474834218621254,0.0,0.9800793528556824,0.0,0.0,0.3934874236583709,0.0,0.0,0.305284467624393,0.0995836497922134,0.1875973790884018,0.0,0.0,night_lowlight,night_lowlight,0.0
2019-06-09 13:45:00+00:00,2019-06-09 14:45:00+00:00,0.0,0.0,0.0,0.0,0.0,0.0,0.0,0.7609103918075562,0.0,0.0,0.3464389443397522,0.0,0.0209340480486411,0.3074372244354025,0.1019990292002091,0.1789566278457641,0.0,0.0,night_lowlight,night_lowlight,0.0
2019-06-09 14:00:00+00:00,2019-06-09 15:00:00+00:00,0.0,0.0,0.0,0.0,0.0942108035087585,0.5754488706588745,0.0,0.7098546624183655,0.0,0.0,0.2450063377618789,0.0,0.0,0.3259312956904492,0.145807008563593,0.3651018738746643,0.0,0.0,night_lowlight,night_lowlight,0.0
2019-06-09 14:15:00+00:00,2019-06-09 15:15:00+00:00,0.0,0.0,0.0,0.0,0.0,0.4179849922657013,0.0,0.9090593457221984,0.0,0.0,0.4784704446792602,0.0,0.0,0.3110076538482422,0.1433916291555973,0.3896087110042572,0.0,0.0,night_lowlight,night_lowlight,0.0
2019-06-09 14:30:00+00:00,2019-06-09 15:30:00+00:00,0.0,0.0,0.0,0.0,0.1333797574043274,0.6541656255722046,0.0,0.7432827353477478,0.0,0.0,0.3400592803955078,0.0,0.0,0.3259312956904492,0.145807008563593,0.3959285020828247,0.0,0.0,night_lowlight,night_lowlight,0.0
2019-06-09 14:45:00+00:00,2019-06-09 15:45:00+00:00,0.0,0.0,0.0,0.0,0.2451346814632415,0.7436017394065857,0.0,0.7357202172279358,0.0,0.0,0.3449139297008514,0.0,0.0,0.3259312956904492,0.145807008563593,0.5072567462921143,0.0,0.0,night_lowlight,night_lowlight,0.0
2019-06-09 15:00:00+00:00,2019-06-09 16:00:00+00:00,0.0,0.0,0.0,0.0,0.3164648711681366,0.9050450325012208,0.0,0.7831794619560242,0.0,0.0289649497717618,0.4105286002159118,0.0,0.0,0.0414008243385581,0.0,0.4855493903160095,0.0,0.0,night_lowlight,night_lowlight,0.0
2019-06-09 15:15:00+00:00,2019-06-09 16:15:00+00:00,0.0,0.0,0.0,0.0,0.2789527475833893,0.9011678099632264,0.0,0.6873278021812439,0.0,0.0,0.3518716394901275,0.0,0.0,0.0414008243385581,0.0,0.4561199247837066,0.0,0.0,night_lowlight,night_lowlight,0.0
2019-06-09 15:30:00+00:00,2019-06-09 16:30:00+00:00,0.0,0.0,0.0,0.0,0.3899823427200317,0.9620822072029114,0.0,0.9213765859603882,0.0,0.0,0.6260760426521301,0.0,0.0,0.0333527133088805,0.0,0.4868556559085846,0.0,0.0,night_lowlight,night_lowlight,0.0
2019-06-09 15:45:00+00:00,2019-06-09 16:45:00+00:00,0.0,0.0,0.0,0.0,0.5349667072296143,1.401169776916504,0.0,0.8800618648529053,0.0,0.0348682552576065,0.58642578125,0.0,0.0,0.0414008243385581,0.0,0.4937774837017059,0.0,0.0,night_lowlight,night_lowlight,0.0
2019-06-09 16:00:00+00:00,2019-06-09 17:00:00+00:00,0.0,0.0,0.0,0.0,0.4997172951698303,1.2589606046676636,0.0,1.0669400691986084,0.0,0.0,0.7185094952583313,0.0,0.0,0.0333527133088805,0.0,0.427312970161438,0.0,0.0,night_lowlight,night_lowlight,0.0
2019-06-09 16:15:00+00:00,2019-06-09 17:15:00+00:00,0.0,0.0,0.0,0.0,0.5658615827560425,1.285047173500061,0.0,1.1793593168258667,0.0,0.0,0.7879425883293152,0.0,0.0,0.0276295270850312,0.0,0.3911741077899933,0.0,0.0,night_lowlight,night_lowlight,0.0
2019-06-09 16:30:00+00:00,2019-06-09 17:30:00+00:00,0.0,0.0,0.0,0.0,0.6795713305473328,1.3057600259780884,0.0,1.3399862051010132,0.0464444234967231,0.0,0.8546466827392578,0.0,0.0,0.0276295270850312,0.0,0.3878762423992157,0.0,0.0,night_lowlight,night_lowlight,0.0
2019-06-09 16:45:00+00:00,2019-06-09 17:45:00+00:00,0.0,0.0,0.0,0.0,0.8654118776321411,1.469411015510559,0.0,1.5231029987335205,0.1776158958673477,0.0,0.9287728667259216,0.0,0.0,0.0276295270850312,0.0,0.4343869388103485,0.0,0.0,night_lowlight,night_lowlight,0.0
2019-06-09 17:00:00+00:00,2019-06-09 18:00:00+00:00,0.0,0.0,0.0,0.0,0.992887318134308,1.5140811204910278,0.0,1.686551809310913,0.2238802015781402,0.0,0.9340507388114928,0.0,0.0,0.0276295270850312,0.0,0.4360143840312958,0.0,0.0,night_lowlight,night_lowlight,0.0
2019-06-09 17:15:00+00:00,2019-06-09 18:15:00+00:00,0.0,0.0,0.0,0.0,1.0961167812347412,1.5776768922805786,0.0,1.8259371519088743,0.318535566329956,0.0625742673873901,0.9421656727790833,0.0,0.0,0.0276295270850312,0.0,0.4703467190265655,0.0,0.0,night_lowlight,night_lowlight,0.0
2019-06-09 17:30:00+00:00,2019-06-09 18:30:00+00:00,0.0,0.0,0.0,0.0,1.132725477218628,1.6647818088531494,0.0,1.8809894323349,0.4123492836952209,0.1360851675271988,0.9547090530395508,0.0,0.0,0.0276295270850312,0.0,0.5101058483123779,0.0,0.0,night_lowlight,night_lowlight,0.0
2019-06-09 17:45:00+00:00,2019-06-09 18:45:00+00:00,0.0,0.0,0.0,0.0,1.1286218166351318,2.120155334472656,0.0,1.7036936283111572,0.4712050855159759,0.3093494772911072,0.8488935232162476,0.0,0.0,0.0414008243385581,0.0,0.6308137774467468,0.0,0.0,night_lowlight,night_lowlight,0.0
2019-06-09 18:00:00+00:00,2019-06-09 19:00:00+00:00,0.0,0.0,0.0,0.0,1.1996190547943115,2.021795749664306,0.0,1.9709737300872805,0.6259319186210632,0.3373558521270752,1.0012480020523071,0.1422327160835266,0.0,0.0143781088075188,0.0,0.681079089641571,0.0,0.0,night_lowlight,night_lowlight,0.0
2019-06-09 18:15:00+00:00,2019-06-09 19:15:00+00:00,0.0,0.0,0.0,0.0,1.2687095403671265,2.006842613220215,0.0,2.117128849029541,0.7257205247879028,0.3547129333019256,1.0899028778076172,0.2213470488786697,0.0,0.0086549225836695,0.0,0.7078841924667358,0.0,0.0,night_lowlight,night_lowlight,0.0
2019-06-09 18:30:00+00:00,2019-06-09 19:30:00+00:00,0.0,0.0,0.0,0.0,1.2576059103012085,2.587064266204834,0.0834056213498115,1.890687108039856,0.6343938112258911,0.4977124631404876,0.9828956127166748,0.559862494468689,0.0,0.0224262198371964,0.0,0.8716104030609131,0.0,0.0,night_lowlight,night_lowlight,0.0
2019-06-09 18:45:00+00:00,2019-06-09 19:45:00+00:00,0.0,0.0,0.0,0.0687266066670417,1.3403911590576172,2.6505658626556396,0.1590528041124344,1.97886860370636,0.8685108423233032,0.6370328068733215,1.1203930377960205,0.924599289894104,0.0,0.0224262198371964,0.0,1.0470997095108032,0.0,0.0,night_lowlight,night_lowlight,0.0
2019-06-09 19:00:00+00:00,2019-06-09 20:00:00+00:00,0.0,0.0,0.0,0.171809434890747,1.5309032201766968,2.6894965171813965,0.2044985145330429,2.3346967697143555,1.1634844541549685,0.7072488069534302,1.403863787651062,1.181085228919983,0.0,0.0241619277962797,0.0,1.0826728343963623,0.0,0.0,night_lowlight,night_lowlight,0.0
2019-06-09 19:15:00+00:00,2019-06-09 20:15:00+00:00,0.0,0.0,0.0,0.23544342815876,1.6764037609100342,2.7822084426879883,0.2403965592384338,2.569681167602539,1.3446840047836304,0.7661964297294617,1.6014635562896729,1.3493783473968506,0.0,0.0241619277962797,0.0,1.1302449703216553,0.0,0.0280293393880128,night_lowlight,night_lowlight,0.0
2019-06-09 19:30:00+00:00,2019-06-09 20:30:00+00:00,0.0,0.0,0.0,0.2983898222446441,1.7639204263687134,2.9674086570739746,0.3020257651805877,2.6901745796203613,1.483734130859375,0.8282707333564758,1.6954281330108645,1.5161820650100708,0.0,0.0241619277962797,0.0,1.208468675613403,0.1021589785814285,0.2165905982255935,night_lowlight,night_lowlight,0.0
2019-06-09 19:45:00+00:00,2019-06-09 20:45:00+00:00,0.0,0.0,0.0,0.2920731008052826,1.7582414150238037,2.829896926879883,0.2759592533111572,2.871674060821533,1.5763516426086426,0.7821469306945801,1.881813406944275,1.4782058000564575,0.0,0.0184387415724304,0.0,1.2063429355621338,0.2022723406553268,0.3578653931617737,night_lowlight,night_lowlight,0.0
2019-06-09 20:00:00+00:00,2019-06-09 21:00:00+00:00,0.0,1.0,0.0,0.404931366443634,2.0434112548828125,3.6393659114837646,0.3812770247459411,2.8102498054504395,1.5258909463882446,0.9633013010025024,1.811839580535889,1.92818820476532,0.0625183746767169,0.0687987328159957,0.0,1.4167357683181765,0.2975294589996338,0.6148484349250793,night_lowlight,night_lowlight,0.0
2019-06-09 20:15:00+00:00,2019-06-09 21:15:00+00:00,0.245574,10.0,0.0,0.4313713014125824,1.8654149770736697,3.178377151489258,0.4217802882194519,2.9667017459869385,1.714468479156494,0.9172951579093932,2.0053696632385254,1.901760220527649,0.0968922862835166,0.0664129997476203,0.0,1.4562145471572876,0.2582065463066101,0.7989034056663513,night_lowlight,night_lowlight,0.245574
2019-06-09 20:30:00+00:00,2019-06-09 21:30:00+00:00,0.492338,20.0,0.0,0.519673228263855,2.138044595718384,3.377680540084839,0.5429065227508545,3.1724283695220947,1.8401905298233032,1.1616063117980957,2.223731279373169,2.187437057495117,0.1742203728350829,0.0775626550687094,0.0,1.724469780921936,0.4149529635906219,1.02817964553833,night_lowlight,night_lowlight,0.492338
2019-06-09 20:45:00+00:00,2019-06-09 21:45:00+00:00,0.9275,42.0,0.0,0.6463243365287781,2.384504795074463,3.5117545127868652,0.6943230628967285,3.353872776031494,2.0710878372192383,1.3490489721298218,2.458623170852661,2.4693524837493896,0.3209057381226879,0.2135087038062406,0.1719525914280595,1.9855611324310305,0.5680765509605408,1.2435035705566406,day_low,day_stable,0.9275
2019-06-09 21:00:00+00:00,2019-06-09 22:00:00+00:00,1.422777,64.0,0.0,0.7889828085899353,2.553520441055298,3.7131266593933105,0.8579765558242798,3.4613499641418457,2.3170394897460938,1.4892168045043943,2.573073387145996,2.7182345390319824,0.5646886048368738,0.4449215684414817,0.3889572041757976,2.17708420753479,0.6836118102073669,1.480607032775879,day_low,day_stable,1.422777
2019-06-09 21:15:00+00:00,2019-06-09 22:15:00+00:00,1.884258,80.0,0.245574,1.295222880958557,3.0552845026245117,4.333578112243653,1.264686229347229,3.82396173727417,2.813990833877563,1.92199480783844,2.9360117937316894,3.263811590789795,1.5356709421488632,1.218421567904883,1.1723299762096997,2.628286125778198,1.0587925339927673,1.9600559498062131,day_low,day_stable,1.638684
2019-06-09 21:30:00+00:00,2019-06-09 22:30:00+00:00,2.4266490000000003,112.0,0.492338,1.8391488177185056,3.498856602371216,4.8248489481811525,1.6679623705749511,4.1924167258148195,3.2844384295349123,2.362544117630005,3.289116678894043,3.7504468542938234,2.016707815645743,1.4964548240878,1.4595502527948654,3.051116762817383,1.3772842270736694,2.431471167266846,day_low,day_stable,1.9343110000000003
2019-06-09 21:45:00+00:00,2019-06-09 22:45:00+00:00,3.4460230000000003,161.0,0.9275,2.662950387001038,4.363694181442261,5.661449184417725,2.25866614818573,4.833617677688599,3.9188687705993654,3.0628394985198977,3.9407236480712897,4.470830192565918,2.3756118384441174,2.1124040889309628,2.059109414425425,3.6678993606567385,1.9111549758911133,3.0796914005279543,day_low,day_stable,2.518523
2019-06-09 22:00:00+00:00,2019-06-09 23:00:00+00:00,4.795656,188.0,1.422777,3.5260596900482177,5.188775363494873,6.587918582489014,3.212048593093872,5.494387450744629,4.892648520996094,3.962241473724365,4.628122630645752,5.438659968902588,4.020110052038886,3.218606024291442,3.3569176576226853,4.46133786730957,2.586965265800476,3.9397876887817382,day_low,day_stable,3.372879
2019-06-09 22:15:00+00:00,2019-06-09 23:15:00+00:00,6.684235,251.0,1.884258,4.333597151382446,6.168736187561035,7.500809399230957,3.923511711700439,6.166055409057617,5.636586157424927,4.772886005981445,5.291471926315308,6.354134289367676,5.205879425305625,3.84961754163852,4.602710043996184,5.185590712173462,3.2159285226898193,4.746798483474731,day_medium,day_stable,4.799977
2019-06-09 22:30:00+00:00,2019-06-09 23:30:00+00:00,8.479626,316.0,2.4266490000000003,5.097325708221436,6.50363292868042,8.145774747680665,4.556862260650635,6.780860807250977,6.400201942276001,5.532253648590088,5.89511504347229,7.01048746282959,6.956868369487138,5.411724839141539,5.880544783046216,5.956644441436768,3.812158014129639,5.528720046829224,day_medium,day_stable,6.052976999999999
2019-06-09 22:45:00+00:00,2019-06-09 23:45:00+00:00,10.80647,388.0,3.4460230000000003,6.419914019821167,8.204860223052979,9.59395648312378,5.62556196522522,7.968539250610352,7.318715584991455,6.952344430206299,7.160859597442627,8.344757092712403,8.208926401964916,6.46501895117323,7.525494798687286,7.212894452331543,5.053599370239258,6.863919747589112,day_medium,day_stable,7.360446999999999
2019-06-09 23:00:00+00:00,2019-06-10 00:00:00+00:00,12.82597,449.0,4.795656,8.00000480256653,9.997736249786378,10.92342165551758,7.383887325149536,9.593846116882323,9.110801015716554,8.910706315856935,8.86612537942505,10.08846834741211,9.264770253015485,7.257932189297832,7.978248710139725,8.784681831222535,6.498942290168762,8.39061120591736,day_medium,day_stable,8.030314
2019-06-09 23:15:00+00:00,2019-06-10 00:15:00+00:00,14.48956,498.0,6.684235,10.14281382499695,12.358486079559327,12.362030410156253,9.269221686706544,11.490428828582765,10.52385606704712,11.199312590942384,10.896234893188478,12.168231391296388,12.457532894480586,10.50102762625425,10.874753938143726,10.819492720947268,8.422166966781617,10.400071048126222,day_medium,day_stable,7.805325000000001
2019-06-09 23:30:00+00:00,2019-06-10 00:30:00+00:00,15.61525,528.0,8.479626,12.179086983276369,14.469001114440918,13.875917255950927,10.571249544692993,12.977190792633056,11.657571613861084,12.953207314086914,12.622685730529785,13.874456226898191,14.051380417629424,11.088006584971062,11.535973641514344,12.694099247528076,10.164708912445068,12.18416243798828,day_medium,day_stable,7.135624
2019-06-09 23:45:00+00:00,2019-06-10 00:45:00+00:00,13.73006,524.0,10.80647,14.621358715744018,16.942931734771726,15.567961775512694,12.513690792770385,15.080479227752685,13.2452329032135,15.127027117462156,14.66110547706604,15.628171526641845,16.64158884435384,14.497820553488362,14.648959886664857,15.021633230895995,12.682294689865111,14.336642824859618,day_medium,day_stable,2.923590000000001
2019-06-10 00:00:00+00:00,2019-06-10 01:00:00+00:00,14.33491,427.0,12.82597,16.696427887649534,19.264980620117186,17.42112905380249,15.244540041656494,17.28154641983032,15.480640715332031,17.492450064392088,17.15908033248901,17.372478789062498,18.30369669995075,16.900676304378226,17.21839299956308,16.91583711502075,15.177082842559814,15.990243977279665,day_medium,day_stable,1.5089400000000008
2019-06-10 00:15:00+00:00,2019-06-10 01:15:00+00:00,19.386499,638.0,14.48956,18.16658031135559,21.32581602722168,19.046244017181397,16.412456146774293,18.543310038146977,16.348020307121278,18.855512014923097,18.421581379470823,18.814102045593263,20.05681020190463,17.849378293765884,18.90275081431251,18.485041491088868,16.31211506515503,17.34768544822693,day_medium,day_stable,4.896939
2019-06-10 00:30:00+00:00,2019-06-10 01:30:00+00:00,19.661249,650.0,15.61525,19.33309806251526,22.286826023101806,20.132276901245117,17.30493653678894,19.252824195861816,17.325682410240173,19.57159365081787,19.243058570861816,19.56548202896118,20.66373438876819,18.69279500638947,20.160766213176036,19.59598387145996,16.842432269096374,18.469711669921875,day_medium,day_stable,4.045999000000002
2019-06-10 00:45:00+00:00,2019-06-10 01:45:00+00:00,22.57675,732.0,13.73006,17.511730570373537,21.156245131073,19.26845111328125,15.463164825019836,17.577112812576296,15.821475405273436,17.63001837211609,17.479862827835085,17.933340448913576,20.936197264970296,18.7365460779503,19.85243397480679,17.75796117263794,14.795369643745422,16.686610121307375,day_high,day_ramp_up,8.84669
2019-06-10 01:00:00+00:00,2019-06-10 02:00:00+00:00,23.87394,777.0,14.33491,17.89777597251892,21.72335156265259,19.691521728668217,17.260309780273438,19.4756308442688,18.467506492767335,19.173333252105714,18.962556446228028,19.45145567718506,19.460737618692423,17.095432082254977,18.25715100329498,18.257556045684815,15.65485128227234,17.13445791069031,day_high,day_ramp_up,9.53903
2019-06-10 01:15:00+00:00,2019-06-10 02:15:00+00:00,24.359131,799.0,19.386499,21.82394845526123,24.707102847503663,22.058062863754273,20.287881863521577,22.357304168151856,20.35249806682968,23.128216338562012,22.45316560308838,23.35964376966858,24.786799469209463,22.223820159320557,23.77921390074898,23.149281335281373,18.26511354486847,21.50814468901062,day_high,day_stable,4.972632000000001
2019-06-10 01:30:00+00:00,2019-06-10 02:30:00+00:00,26.00588,849.0,19.661249,22.143781978057863,24.596867400573732,22.299396592544557,20.03653912560845,22.136165458129884,20.370006877349855,22.928241568969728,22.219067412780763,23.124056178497316,24.15687537021605,21.07275408066824,22.560188595158447,23.315625029968263,18.060611802505495,21.671544867919923,day_high,day_stable,6.344631
2019-06-10 01:45:00+00:00,2019-06-10 02:45:00+00:00,25.88294,820.0,22.57675,24.76619501876831,27.025248249053956,24.86664219665527,21.961483438491825,24.26559789943695,21.88832523393631,25.020291765213013,24.14130457210541,25.222057302474976,25.934205293714832,23.52797807758957,24.876015551432975,26.030614097595215,20.11900087165833,24.105494220733643,day_high,day_stable,3.306190000000001
2019-06-10 02:00:00+00:00,2019-06-10 03:00:00+00:00,25.446751000000003,823.0,23.87394,25.345642814102177,28.42938948577881,25.202721247138975,24.147066006126405,26.79048968261719,24.64221198266983,26.57567096656799,25.81128920024872,27.127650746765138,26.0396604554751,23.97200658682976,25.41161806861939,26.817308911743165,22.048927077713017,24.600003132286073,day_high,day_stable,1.5728110000000015
2019-06-10 02:15:00+00:00,2019-06-10 03:15:00+00:00,21.64138,753.0,24.359131,25.665497324424745,28.325691363769533,26.005367300468446,24.08611883874512,26.80753841157532,25.18641360755539,26.6800538515625,25.733060262161256,27.845979115921025,26.080529021137615,23.9003264552486,25.67613938368694,26.392170569854738,22.67325534577942,24.915482184844972,day_high,day_stable,-2.717751
2019-06-10 02:30:00+00:00,2019-06-10 03:30:00+00:00,28.268628999999997,940.0,26.00588,26.19585876346111,28.799875141983033,25.75114393413544,23.984747292404176,26.59136766374588,24.61205470741272,27.01618218601227,26.458507271413804,28.092864395980836,28.239335051071254,24.9465017615788,26.47648542509009,27.397489072685243,23.5678974407959,26.197825746541024,day_high,day_stable,2.262748999999996
2019-06-10 02:45:00+00:00,2019-06-10 03:45:00+00:00,18.306310999999997,625.0,25.88294,25.6370678898716,27.82342869609833,25.62029934495926,23.297873919906618,26.352683609428407,24.38947123855591,26.477187579574583,25.39706582397461,27.869980996551515,25.83149578367131,23.76045935556405,25.84217283493945,26.29459739297867,23.453013127746583,25.57703838318825,day_medium,day_stable,-7.576629000000004
2019-06-10 03:00:00+00:00,2019-06-10 04:00:00+00:00,9.974782,309.0,25.446751000000003,24.530778588367465,26.74603295476532,24.91433066279984,23.581619621826174,26.45451414735413,25.55406821669436,26.2761480823288,25.198185132456786,27.569398762298587,25.178143516155483,23.464126346075545,25.70482944813218,24.793115557743075,23.253963591171267,24.806263925148013,day_medium,day_ramp_down,-15.471969000000003
2019-06-10 03:15:00+00:00,2019-06-10 04:15:00+00:00,14.26447,489.0,21.64138,20.643337893371584,23.132520246391294,21.6438817648004,20.07243709552765,22.89330856788635,22.74156849372864,22.451244521026613,21.5944577707696,23.981482672576902,22.98013880174457,20.863924339940347,24.15793561510481,20.116516995315553,19.96584324825287,20.977610099201204,day_medium,day_stable,-7.376910000000002
2019-06-10 03:30:00+00:00,2019-06-10 04:30:00+00:00,13.07906,465.0,28.268628999999997,25.430587932876584,26.76432900171661,25.143531725219724,23.630543634704587,26.482101843170163,24.39406053762817,26.861522362045285,25.409259245208737,28.000194862894055,22.749415365731412,20.918592774327895,23.763647165325327,25.42208878736877,24.61905185919189,26.52890352945709,day_medium,day_ramp_down,-15.189568999999997
2019-06-10 03:45:00+00:00,2019-06-10 04:45:00+00:00,28.848749,946.0,18.306310999999997,16.679318774353025,18.969736147533418,18.20451873154497,16.36626266301727,18.8391564375267,19.365338194976804,18.13666412592983,17.50156723321533,19.749972928176877,19.418745596105417,18.025768484298776,21.22945100926319,15.07492314637756,16.714888322959897,15.732592452178952,day_high,day_ramp_up,10.542438000000004
2019-06-10 04:00:00+00:00,2019-06-10 05:00:00+00:00,24.857,738.0,9.974782,10.165319691116332,16.015458116943357,14.458992968017576,12.77326227229309,14.762302885467529,16.749246607238767,12.341444740707397,12.828479776794431,14.9905552963562,10.717302100689396,8.970672855190456,10.578751694100175,7.035476217681884,12.144640455657958,7.891288767272949,day_high,day_ramp_up,14.882218
2019-06-10 04:15:00+00:00,2019-06-10 05:15:00+00:00,26.606119,836.0,14.26447,12.09675826522827,15.819080967636108,14.631546456546785,14.814716953964233,16.051399845809936,16.68203534576416,15.081688661308288,15.211080808372497,17.24141730758667,14.845258460034742,14.473243556651171,16.832424232773718,11.092750210494994,14.186193783016204,10.909301418991088,day_high,day_ramp_up,12.341649
2019-06-10 04:30:00+00:00,2019-06-10 05:30:00+00:00,24.98081,808.0,13.07906,11.217448991355896,15.396966141281128,13.38961310368538,13.766879004058838,15.230418366012572,15.51785532814026,13.94642923456192,13.969836753425598,15.847209852752686,15.003857202422346,13.131272668531782,14.70879858942989,9.775004547653198,13.574267965373991,9.445898932037354,day_high,day_ramp_up,11.901750000000002
2019-06-10 04:45:00+00:00,2019-06-10 05:45:00+00:00,27.68194,863.0,28.848749,22.983285743164064,24.136741477416994,21.536155539916994,21.659692603515627,24.277511435913087,21.23472293035889,25.222885924743657,23.59412701742554,26.13906510488892,20.991815065943268,20.133613382422528,21.38256302588927,24.273889857696535,24.057867366241457,22.934151488708498,day_high,day_stable,-1.1668090000000007
2019-06-10 05:00:00+00:00,2019-06-10 06:00:00+00:00,25.04644,747.0,24.857,20.037802822113036,20.954671270370483,19.08075440597534,19.873061782836913,22.10958612632751,20.222283966064452,21.65313709449768,20.6603390045166,22.268659479141235,19.536965991737553,19.771550964115196,20.20689706423538,19.947463638305663,21.074761754989623,18.82701028060913,day_high,day_stable,0.18944000000000116
2019-06-10 05:15:00+00:00,2019-06-10 06:15:00+00:00,25.61869,774.0,26.606119,21.17611058859253,22.839685761016845,20.40212377218628,20.871772610229492,23.295273386520385,20.12822421697998,22.78559693006897,21.618656002563476,23.25622018484497,19.644122742081997,20.981119130903057,20.836937141505757,21.211369358581543,21.969903790039066,20.17430003790283,day_high,day_stable,-0.9874289999999988
2019-06-10 05:30:00+00:00,2019-06-10 06:30:00+00:00,24.592751,736.0,24.98081,18.729604555664064,21.079856468734743,17.8329885736084,18.951758696136476,20.916282011566164,17.85226757675171,21.366936518249513,19.216444326934816,20.696138693389894,16.495309388885087,19.0223495617191,18.471205238525144,19.719564749298097,18.88393814712525,17.99605639129639,day_high,day_stable,-0.38805900000000193
2019-06-10 05:45:00+00:00,2019-06-10 06:45:00+00:00,17.407249,479.0,27.68194,21.315072457733155,23.32780400985718,20.70507280105591,20.5906371282959,22.915384690704347,19.683380525054933,23.118829171600343,20.93631927246094,22.96508971923828,19.02292455884348,19.777571133260988,20.450421537383825,22.229769627990724,20.836431901397702,20.776957910003663,day_medium,day_ramp_down,-10.274691
2019-06-10 06:00:00+00:00,2019-06-10 07:00:00+00:00,16.6565,421.0,25.04644,19.31529175704956,22.161124581756592,18.87700116104126,18.6967781729126,21.275687093200684,18.047648305358887,20.751110906066895,19.12381970352173,20.54505192703247,16.46267284855764,18.35419813718122,18.48665215065582,19.43338953918457,18.876025552215577,18.19547163909912,day_medium,day_ramp_down,-8.38994
2019-06-10 06:15:00+00:00,2019-06-10 07:15:00+00:00,21.697809,644.0,25.61869,18.789719567718507,21.535830007019044,18.005709634246827,18.274331078948975,20.996860013427735,17.311451421203614,20.958015904846192,19.225301728668217,20.52962635559082,16.042970469210143,18.099642460466175,18.08266511542549,19.958155618133546,18.82278393310547,18.45535753768921,day_medium,day_stable,-3.9208810000000014
2019-06-10 06:30:00+00:00,2019-06-10 07:30:00+00:00,20.05456,582.0,24.592751,17.954171154571533,20.284456226898193,17.34175584085083,17.795264217926025,20.03168627984619,16.661714050842285,20.08626267678833,18.28814313180542,19.244501564575195,14.969288693820012,16.36645339450669,16.429022563683642,18.981567833496097,17.807051632476806,17.77378651864624,day_medium,day_stable,-4.538191000000001
2019-06-10 06:45:00+00:00,2019-06-10 07:45:00+00:00,18.418751,538.0,17.407249,11.959572818206787,16.268824841903687,13.586180713104248,13.403933551239014,15.834711935447691,13.85488584272766,14.56059029333496,13.215087439941406,14.088740374969484,10.537978797358376,12.24150098732403,12.663986345852166,12.014651801513672,12.829340484069824,11.099318053649904,day_medium,day_stable,1.0115020000000001
2019-06-10 07:00:00+00:00,2019-06-10 08:00:00+00:00,16.902379999999997,483.0,16.6565,10.684774536132814,14.027940887451171,11.559808868408204,11.31720318222046,13.706856149673465,11.061871189117433,13.12840046310425,11.985600608825685,12.829725164413452,8.779943865114308,9.240104301950904,9.606458475599974,11.311075347900392,11.485901493072513,10.196546691894532,day_medium,day_stable,0.2458799999999961
2019-06-10 07:15:00+00:00,2019-06-10 08:15:00+00:00,15.24644,429.0,21.697809,14.59809853552246,17.039739866241455,13.969789762481687,14.180959005340576,16.906187314971923,12.781099100097656,16.637321252807617,15.111450929626464,16.316408891662597,9.023948058277073,9.369153503387796,8.894018159668073,16.200383443817138,14.822679300292968,14.766788740142822,day_medium,day_stable,-6.451369
2019-06-10 07:30:00+00:00,2019-06-10 08:30:00+00:00,13.45969,367.0,20.05456,13.39137535720825,16.169640833435057,12.298750216064452,12.897231394348143,15.84744864135742,11.73154574066162,15.166689688262938,13.3109281602478,14.570139223632813,9.15117242320113,9.415619907045384,9.017650466777198,14.72792320877075,13.26594048171997,13.249193483886716,day_medium,day_stable,-6.5948699999999985
2019-06-10 07:45:00+00:00,2019-06-10 08:45:00+00:00,11.68541,314.0,18.418751,11.768407105041504,14.435900448394776,11.246032951904295,11.6774442182312,14.36448550088501,10.927668331695555,13.91958927972412,11.882886646820069,13.21760010583496,8.480717488127068,8.555859570463532,8.714554104079397,13.29572796685791,12.026040791107178,12.19808506829834,day_medium,day_stable,-6.733341000000001
2019-06-10 08:00:00+00:00,2019-06-10 09:00:00+00:00,9.947438,254.0,16.902379999999997,10.145049105529782,13.099282990341184,9.738121043090818,9.910063753967282,12.62916756713867,8.727637301330564,12.295614729766845,10.359102259521482,11.37560607040405,7.670650199843603,6.804592914408159,7.184726543383346,12.046428690795896,10.758287440185544,10.927489291076656,day_medium,day_stable,-6.954941999999997
2019-06-10 08:15:00+00:00,2019-06-10 09:15:00+00:00,8.124594,207.0,15.24644,8.604875153961181,11.731472081604004,8.125350064697265,8.513056344451904,11.592357224884031,7.691637582244873,10.649136132659912,9.171412057342527,9.839403218688965,5.489691352861348,5.357571716114894,5.75268690645464,10.425772256317138,9.784404820861816,9.42825562423706,day_low,day_stable,-7.121846
2019-06-10 08:30:00+00:00,2019-06-10 09:30:00+00:00,0.0,165.0,13.45969,6.8681592001342775,9.726528073730467,6.378249074401856,7.349608327331543,10.162949706497193,6.609733487548828,9.17341127532959,7.864326859893799,8.194578553619385,4.1486165594696915,3.76480830280556,3.8864345981087975,8.80635633605957,8.69625702041626,8.18593683380127,day_low,day_ramp_down,-13.45969
2019-06-10 08:45:00+00:00,2019-06-10 09:45:00+00:00,0.0,100.0,11.68541,5.233167148742675,8.13556788078308,4.998124099884032,6.343584037933349,8.79630539527893,5.198318458709716,7.840278841171264,6.799629188690185,6.596629596862792,3.034869070750525,2.3497598968122095,3.1279600292146315,7.251355625305175,7.310316539916991,7.1329064141845695,day_low,day_ramp_down,-11.68541
2019-06-10 09:00:00+00:00,2019-06-10 10:00:00+00:00,0.0,82.0,9.947438,3.54891276196289,6.171328066146851,3.44203257397461,4.266546963012695,6.462906120574951,2.618503330505371,5.738468406951904,4.748893020904541,4.550731418884277,1.7925456306953498,1.7757666852519658,2.0172524400881833,6.069008825576782,5.467847107208252,6.263609884536743,day_low,day_ramp_down,-9.947438
2019-06-10 09:15:00+00:00,2019-06-10 10:15:00+00:00,0.0,73.0,8.124594,2.4595725804748536,5.823981073516846,3.1091907292785645,3.0896780759277345,5.63872244657898,2.439284113067627,4.136906889099121,3.7972886830749513,3.5280168324890138,1.2548632740693562,1.0879787935874383,1.1654402115790763,4.337733533996582,4.694296386856079,4.934160736221314,day_low,day_stable,-8.124594
2019-06-10 09:30:00+00:00,2019-06-10 10:30:00+00:00,0.0,61.0,0.0,0.0,0.0,0.0,0.0,0.0,0.0,0.0,0.0,0.0,0.0,0.0,0.1376390818569405,0.0,0.0,0.0,day_low,day_stable,0.0
2019-06-10 09:45:00+00:00,2019-06-10 10:45:00+00:00,0.0,46.0,0.0,0.0,0.0,0.0,0.0,0.0,0.0,0.0,0.0,0.0,0.0,0.0,0.3647902023094347,0.0,0.0,0.0,day_low,day_stable,0.0
2019-06-10 10:00:00+00:00,2019-06-10 11:00:00+00:00,0.0,30.0,0.0,0.0,0.0,0.0,0.0,0.0,0.0,0.0,0.0,0.0,0.0,0.0,0.0,0.0,0.0,0.0,day_low,day_stable,0.0
2019-06-10 10:15:00+00:00,2019-06-10 11:15:00+00:00,0.0,18.0,0.0,0.0,0.0,0.0,0.0,0.0,0.0,0.0,0.0,0.0,0.0,0.0,0.0,0.0,0.0,0.0,night_lowlight,night_lowlight,0.0
2019-06-10 10:30:00+00:00,2019-06-10 11:30:00+00:00,0.0,7.0,0.0,0.0,0.0,0.0,0.0,0.0,0.0,0.0,0.0,0.0,0.0,0.0,0.0,0.0,0.0,0.0,night_lowlight,night_lowlight,0.0
2019-06-10 10:45:00+00:00,2019-06-10 11:45:00+00:00,0.0,0.0,0.0,0.0,0.0,0.0,0.0,0.1868002414703369,0.0,0.0,0.0,0.0,0.0,0.0,0.0,0.0,0.0,0.0,night_lowlight,night_lowlight,0.0
2019-06-10 11:00:00+00:00,2019-06-10 12:00:00+00:00,0.0,0.0,0.0,0.0,0.0,0.0,0.0,0.3899706602096557,0.0,0.0,0.0,0.0,0.0,0.0,0.0,0.0,0.0,0.0,night_lowlight,night_lowlight,0.0
2019-06-10 11:15:00+00:00,2019-06-10 12:15:00+00:00,0.0,0.0,0.0,0.0,0.0,0.0,0.0,0.5012608766555786,0.0,0.0,0.0,0.0,0.0,0.0,0.0,0.0,0.0,0.0,night_lowlight,night_lowlight,0.0
2019-06-10 11:30:00+00:00,2019-06-10 12:30:00+00:00,0.0,0.0,0.0,0.0,0.0,0.0,0.0,0.6527156829833984,0.0,0.0,0.0,0.0,0.0,0.0,0.0,0.0,0.0,0.0,night_lowlight,night_lowlight,0.0
2019-06-10 11:45:00+00:00,2019-06-10 12:45:00+00:00,0.0,0.0,0.0,0.0,0.0,0.0,0.0,0.6779270172119141,0.0,0.0,0.0,0.0,0.0,0.0,0.0,0.0,0.0,0.0,night_lowlight,night_lowlight,0.0
2019-06-10 12:00:00+00:00,2019-06-10 13:00:00+00:00,0.0,0.0,0.0,0.0,0.0,0.2212811559438705,0.0,0.7548004984855652,0.0,0.0,0.0,0.0,0.0,0.0,0.0,0.0,0.0,0.0,night_lowlight,night_lowlight,0.0
2019-06-10 12:15:00+00:00,2019-06-10 13:15:00+00:00,0.0,0.0,0.0,0.0,0.0,0.0250190701335668,0.0,0.8102500438690186,0.0,0.0,0.0,0.0,0.0,0.0,0.0,0.0,0.0,0.0,night_lowlight,night_lowlight,0.0
2019-06-10 12:30:00+00:00,2019-06-10 13:30:00+00:00,0.0,0.0,0.0,0.0,0.0,0.0143003491684794,0.0,0.8173151016235352,0.0,0.0,0.0,0.0,0.0,0.0,0.0,0.0,0.0,0.0,night_lowlight,night_lowlight,0.0
2019-06-10 12:45:00+00:00,2019-06-10 13:45:00+00:00,0.0,0.0,0.0,0.0,0.0,0.083971731364727,0.0,0.8378596305847168,0.0,0.0,0.0,0.0,0.0,0.0,0.0,0.0,0.0,0.0,night_lowlight,night_lowlight,0.0
2019-06-10 13:00:00+00:00,2019-06-10 14:00:00+00:00,0.0,0.0,0.0,0.0,0.0,0.0,0.0,0.9326251745224,0.0,0.0,0.0,0.0,0.0,0.2156898776360399,0.0,0.0,0.0,0.0,night_lowlight,night_lowlight,0.0
2019-06-10 13:15:00+00:00,2019-06-10 14:15:00+00:00,0.0,0.0,0.0,0.0,0.0,0.0,0.0,0.7767330408096313,0.0,0.0,0.0,0.0,0.0,0.2580118332268751,0.0,0.0,0.0,0.0,night_lowlight,night_lowlight,0.0
2019-06-10 13:30:00+00:00,2019-06-10 14:30:00+00:00,0.0,0.0,0.0,0.0,0.0,0.0,0.0,0.7400273680686951,0.0,0.0,0.1145546734333038,0.0,0.0209340480486411,0.2580118332268751,0.0,0.0257558543235063,0.0,0.0,night_lowlight,night_lowlight,0.0
2019-06-10 13:45:00+00:00,2019-06-10 14:45:00+00:00,0.0,0.0,0.0,0.0,0.0016821757890284,0.2359290271997451,0.0,0.8375317454338074,0.0,0.0,0.1693939268589019,0.0,0.0,0.2156898776360399,0.0,0.1850097924470901,0.0,0.0,night_lowlight,night_lowlight,0.0
2019-06-10 14:00:00+00:00,2019-06-10 15:00:00+00:00,0.0,0.0,0.0,0.0,0.2583867311477661,0.6532281041145325,0.0,0.9682425856590272,0.0,0.0,0.420060396194458,0.0,0.0,0.0,0.0,0.352361649274826,0.0,0.0,night_lowlight,night_lowlight,0.0
2019-06-10 14:15:00+00:00,2019-06-10 15:15:00+00:00,0.0,0.0,0.0,0.0,0.3035234212875366,0.7412226796150208,0.0,1.0328834056854248,0.0,0.0,0.5052220225334167,0.0,0.0,0.0,0.0,0.4334275126457214,0.0,0.0,night_lowlight,night_lowlight,0.0
2019-06-10 14:30:00+00:00,2019-06-10 15:30:00+00:00,0.0,0.0,0.0,0.0,0.408720850944519,0.9113377928733826,0.0,1.091333508491516,0.0,0.0,0.5781335234642029,0.0,0.0,0.0,0.0,0.5181088447570801,0.0,0.0,night_lowlight,night_lowlight,0.0
2019-06-10 14:45:00+00:00,2019-06-10 15:45:00+00:00,0.0,0.0,0.0,0.0,0.3475779592990875,0.940634787082672,0.0,1.0817068815231323,0.0,0.0,0.6167402267456055,0.0,0.0,0.0,0.0,0.5855258703231812,0.0,0.0,night_lowlight,night_lowlight,0.0
2019-06-10 15:00:00+00:00,2019-06-10 16:00:00+00:00,0.0,0.0,0.0,0.0,0.441679298877716,1.138946294784546,0.0,1.086403489112854,0.0,0.0,0.6997160315513611,0.0,0.0,0.037467156159285,0.0138613938253508,0.675825834274292,0.0,0.0,night_lowlight,night_lowlight,0.0
2019-06-10 15:15:00+00:00,2019-06-10 16:15:00+00:00,0.0,0.0,0.0,0.0,0.3219667971134186,1.0918043851852417,0.0,1.0569714307785034,0.076142244040966,0.0,0.7607323527336121,0.0,0.0,0.037467156159285,0.0138613938253508,0.7123135924339294,0.0,0.0,night_lowlight,night_lowlight,0.0
2019-06-10 15:30:00+00:00,2019-06-10 16:30:00+00:00,0.0,0.0,0.0,0.0,0.2540539801120758,1.200528860092163,0.0,0.9894952774047852,0.1490855067968368,0.0,0.7542128562927246,0.0,0.0,0.037467156159285,0.0,0.7687570452690125,0.0,0.0,night_lowlight,night_lowlight,0.0
2019-06-10 15:45:00+00:00,2019-06-10 16:45:00+00:00,0.0,0.0,0.0,0.0,0.0937295332551002,0.5524137020111084,0.0,0.9853795170783995,0.1311457902193069,0.0,0.905144453048706,0.0,0.0282643180582454,0.0431295341205871,0.0,0.7783147692680359,0.0,0.0,night_lowlight,night_lowlight,0.0
2019-06-10 16:00:00+00:00,2019-06-10 17:00:00+00:00,0.0,0.0,0.0,0.0,0.6766708493232727,1.378609538078308,0.0,1.2708388566970823,0.2890684008598327,0.0,0.9984776377677916,0.0,0.0,0.0414949926678498,0.0,0.8847295641899109,0.0,0.0,night_lowlight,night_lowlight,0.0
2019-06-10 16:15:00+00:00,2019-06-10 17:15:00+00:00,0.0,0.0,0.0,0.0,0.8677520751953125,1.5789618492126465,0.0,1.439775466918945,0.462595522403717,0.0,1.0745737552642822,0.0,0.0,0.037467156159285,0.0,0.9047555923461914,0.0,0.0,night_lowlight,night_lowlight,0.0
2019-06-10 16:30:00+00:00,2019-06-10 17:30:00+00:00,0.0,0.0,0.0,0.0,0.9517765641212464,1.635745644569397,0.0,1.588554620742798,0.6133958697319031,0.0,1.162911891937256,0.0,0.0,0.037467156159285,0.0,0.9338385462760924,0.0,0.0,night_lowlight,night_lowlight,0.0
2019-06-10 16:45:00+00:00,2019-06-10 17:45:00+00:00,0.0,0.0,0.0,0.0,0.6671598553657532,1.571203589439392,0.0,1.5772271156311035,0.778971254825592,0.0,1.2447550296783447,0.0,0.0,0.037467156159285,0.0,0.9383238554000854,0.0,0.0,night_lowlight,night_lowlight,0.0
2019-06-10 17:00:00+00:00,2019-06-10 18:00:00+00:00,0.0,0.0,0.0,0.0,0.8196463584899902,1.817488431930542,0.0,1.597048282623291,0.8286751508712769,0.0,1.2367901802062988,0.0,0.0,0.037467156159285,0.0,0.9962207078933716,0.0,0.0,night_lowlight,night_lowlight,0.0
2019-06-10 17:15:00+00:00,2019-06-10 18:15:00+00:00,0.0,0.0,0.0,0.0,0.9590519666671752,1.893532633781433,0.0,1.757628083229065,0.95232892036438,0.0,1.306763768196106,0.0,0.0,0.037467156159285,0.0,1.0527347326278689,0.0,0.0,night_lowlight,night_lowlight,0.0
2019-06-10 17:30:00+00:00,2019-06-10 18:30:00+00:00,0.0,0.0,0.0,0.0,1.0931886434555054,1.880243182182312,0.0,1.986903190612793,1.044033169746399,0.0,1.3964297771453855,0.08586947619915,0.0,0.037467156159285,0.0,1.0897237062454224,0.0,0.0,night_lowlight,night_lowlight,0.0
2019-06-10 17:45:00+00:00,2019-06-10 18:45:00+00:00,0.0,0.0,0.0,0.0,1.3428572416305542,2.190993309020996,0.0,2.0407609939575195,1.0950219631195068,0.0,1.3544059991836548,0.3075593113899231,0.0,0.0455152671889626,0.0,1.1874371767044067,0.0,0.0,night_lowlight,night_lowlight,0.0
2019-06-10 18:00:00+00:00,2019-06-10 19:00:00+00:00,0.0,0.0,0.0,0.0,1.243805766105652,2.264503240585327,0.00666907383129,2.0622496604919434,1.350475192070007,0.1573709845542907,1.4500025510787964,0.5684689283370972,0.0,0.0414949926678498,0.0,1.2432851791381836,0.0,0.0674593970179557,night_lowlight,night_lowlight,0.0
2019-06-10 18:15:00+00:00,2019-06-10 19:15:00+00:00,0.0,0.0,0.0,0.0,1.2576557397842407,2.213603973388672,0.0557132288813591,2.1980502605438232,1.5559682846069336,0.2100189626216888,1.565418362617493,0.7543065547943115,0.0,0.037467156159285,0.0,1.3054311275482178,0.0567365549504756,0.2215878963470459,night_lowlight,night_lowlight,0.0
2019-06-10 18:30:00+00:00,2019-06-10 19:30:00+00:00,0.0,0.0,0.0,0.0,1.317004680633545,2.3832623958587646,0.1129771620035171,2.270897150039673,1.7160452604293823,0.3634265065193176,1.5881404876708984,0.9699295163154602,0.0,0.0414949926678498,0.0,1.401275873184204,0.1477594524621963,0.4010391235351562,night_lowlight,night_lowlight,0.0
2019-06-10 18:45:00+00:00,2019-06-10 19:45:00+00:00,0.0,0.0,0.0,0.0188184026628732,1.629159927368164,2.5278897285461426,0.1588287502527237,2.5396313667297363,1.7895426750183103,0.4265382289886474,1.736290693283081,1.1770139932632446,0.0,0.0425476923443015,0.0,1.5188393592834473,0.3661016821861267,0.5123885869979858,night_lowlight,night_lowlight,0.0
2019-06-10 19:00:00+00:00,2019-06-10 20:00:00+00:00,0.0,0.0,0.0,0.0982042625546455,1.8756383657455444,2.6113200187683105,0.2089392095804214,2.715573787689209,1.9421484470367432,0.4792177081108093,1.9376190900802612,1.4894949197769165,0.0,0.0414949926678498,0.0,1.5803322792053225,0.5619460940361023,0.6597310304641724,night_lowlight,night_lowlight,0.0
2019-06-10 19:15:00+00:00,2019-06-10 20:15:00+00:00,0.0,0.0,0.0,0.1489889323711395,1.8835608959198,2.706577777862549,0.2651533186435699,2.7715542316436768,2.16306471824646,0.5841460227966309,2.055980682373047,1.688431739807129,0.0,0.037467156159285,0.0,1.6404011249542236,0.6795682907104492,0.8337684273719788,night_lowlight,night_lowlight,0.0
2019-06-10 19:30:00+00:00,2019-06-10 20:30:00+00:00,0.0,0.0,0.0,0.2211719751358032,1.8781887292861936,2.948639154434204,0.3272072076797485,2.799421548843384,2.3419926166534424,0.7861891388893127,2.11450457572937,1.90582537651062,0.0,0.0414949926678498,0.0,1.741973042488098,0.7610434889793396,1.0298937559127808,night_lowlight,night_lowlight,0.0
2019-06-10 19:45:00+00:00,2019-06-10 20:45:00+00:00,0.0,0.0,0.0,0.2745760977268219,1.9966248273849487,3.062466859817505,0.3979309201240539,2.962483167648315,2.480052709579468,0.9421977996826172,2.229414463043213,2.0828235149383545,0.0,0.0414949926678498,0.0,1.8483463525772097,0.93095463514328,1.1897028684616089,night_lowlight,night_lowlight,0.0
2019-06-10 20:00:00+00:00,2019-06-10 21:00:00+00:00,0.000767,0.0,0.0,0.3499070405960083,2.1775500774383545,3.1369097232818604,0.4533687531948089,3.134765863418579,2.5953848361968994,1.0411189794540403,2.4389729499816895,2.2690441608428955,0.0561716121362105,0.0648650646367226,0.0,1.9056369066238403,1.1378120183944702,1.3328937292099,night_lowlight,night_lowlight,0.000767
2019-06-10 20:15:00+00:00,2019-06-10 21:15:00+00:00,0.216501,8.0,0.0,0.3917605280876159,2.035443067550659,3.31288743019104,0.5612422823905945,3.098505973815918,2.877366542816162,1.2551296949386597,2.439000368118286,2.5013175010681152,0.0561716121362105,0.0648650646367226,0.0,1.9615015983581543,1.2395626306533811,1.569717288017273,night_lowlight,night_lowlight,0.216501
2019-06-10 20:30:00+00:00,2019-06-10 21:30:00+00:00,0.568709,21.0,0.0,0.4996494054794311,2.1983582973480225,3.737649440765381,0.6961536407470703,3.2177042961120605,2.9414775371551514,1.5760444402694702,2.448150396347046,2.7433290481567383,0.1398464612282833,0.0816770979191139,0.0,2.1405386924743652,1.2784804105758667,1.756704330444336,day_low,day_stable,0.568709
2019-06-10 20:45:00+00:00,2019-06-10 21:45:00+00:00,0.950633,37.0,0.0,0.6244009137153625,2.312896728515625,4.056100368499756,0.8251897692680359,3.3422019481658936,3.045328378677368,1.8176206350326536,2.558758497238159,2.9811482429504395,0.2865318265158883,0.2176231466566451,0.1751547263451873,2.3168599605560303,1.3672548532485962,1.942154884338379,day_low,day_stable,0.950633
2019-06-10 21:00:00+00:00,2019-06-10 22:00:00+00:00,1.359996,55.0,0.000767,0.7580399587554931,2.452744014541626,4.238105066101074,0.9261275008125304,3.5053389146728517,3.202638156692505,1.9909240081710815,2.749506004135132,3.249874360839844,0.4129505683588462,0.3825962543339496,0.3735126166068578,2.452063329498291,1.498090989868164,2.16203261164856,day_low,day_stable,1.359229
2019-06-10 21:15:00+00:00,2019-06-10 22:15:00+00:00,1.729055,70.0,0.216501,1.1440026188621522,2.856909515930176,4.7234694982299805,1.2598104501495362,3.9028570676574703,3.629334213806152,2.3825814748535157,3.1418812299499512,3.76964688546753,1.4288260172266103,1.3516333542961922,1.147436666278013,2.797111513687134,1.92141199357605,2.606222393585205,day_low,day_stable,1.512554
2019-06-10 21:30:00+00:00,2019-06-10 22:30:00+00:00,2.287906,100.0,0.568709,1.7088388046112062,3.4107879241790773,5.41324196661377,1.7789972862091066,4.453186138519287,4.3273745616760255,2.961594684967041,3.636689766296387,4.485433920272827,1.9823339040389456,1.629666610479109,1.434656942863179,3.295623882659912,2.5095876296844484,3.2061589797821046,day_low,day_stable,1.7191969999999999
2019-06-10 21:45:00+00:00,2019-06-10 22:45:00+00:00,3.131516,133.0,0.950633,2.351925562484741,4.0348467336730955,6.184296558959961,2.28984517918396,5.032473991973877,5.043978642089844,3.5338670717315672,4.130994747741699,5.235914658172607,2.268766913521864,2.1325112999455147,1.8649755008665745,3.8081457124786375,3.1885547147827147,3.837636421783447,day_low,day_stable,2.180883
2019-06-10 22:00:00+00:00,2019-06-10 23:00:00+00:00,4.304563,168.0,1.359996,2.9864759833297727,4.643431106277466,6.697126069732666,2.9812065751037595,5.746459165283203,6.057640710540771,4.1830121666870115,4.612479367919922,6.181461492248535,3.913265127116631,3.9414696436553474,3.2501983593244463,4.312925019927978,3.946278730102539,4.6549572140655515,day_low,day_stable,2.944567
2019-06-10 22:15:00+00:00,2019-06-10 23:15:00+00:00,5.685641,216.0,1.729055,3.5327453142929075,5.2890940434265135,7.220172000579834,3.5070508248138426,6.4259677655029295,6.716757369689941,4.698816371612549,5.143054557495117,6.837019515686035,4.755073642534388,4.831022635611914,4.148275726246016,4.748805356674194,4.766861272506714,5.346066785507202,day_low,day_stable,3.9565860000000006
2019-06-10 22:30:00+00:00,2019-06-10 23:30:00+00:00,7.223125,271.0,2.287906,4.270794221740722,6.052520105224609,8.328456231933593,4.532661983352661,7.236098119598388,7.491828271728515,5.647494146209716,5.928573915344238,7.602963277679443,6.34494791561362,6.04076405485376,5.9417432383887165,5.602194854598999,5.459004470687866,6.196397611480712,day_medium,day_stable,4.935219
2019-06-10 22:45:00+00:00,2019-06-10 23:45:00+00:00,8.865938,328.0,3.131516,5.47702791329956,7.342224618164062,9.745493432250976,5.5169599258575435,8.23620702859497,8.375982304779052,6.7315056526336665,6.944694539276123,8.788905163970947,8.35567419125786,7.755316464559644,8.144799002948448,6.688937922683715,6.3352513515624995,7.288058301177978,day_medium,day_stable,5.734422
2019-06-10 23:00:00+00:00,2019-06-11 00:00:00+00:00,9.849656,380.0,4.304563,6.83017916897583,8.686845733917236,10.72106690625,7.119656278884888,9.732205345428468,9.997128441131592,8.332080795562744,8.563940002716064,10.365067913330078,9.068284881763969,9.239374768312372,8.926756532324768,8.293146087921142,7.725160553253174,8.697547867095947,day_medium,day_stable,5.545093
2019-06-10 23:15:00+00:00,2019-06-11 00:15:00+00:00,12.39766,433.0,5.685641,8.552316853729248,10.419224450317383,12.432927796569825,8.49460358354187,11.302691647735596,11.448440263000489,9.986238190856934,9.973809907165528,12.190477082458496,11.530283362497782,11.368664637680483,10.660237931614516,9.895109841552737,9.01821632119751,10.22181100579834,day_medium,day_stable,6.712019
2019-06-10 23:30:00+00:00,2019-06-11 00:30:00+00:00,13.96784,484.0,7.223125,10.088866729736328,11.891647834777832,13.327571411132812,9.812641162872314,12.958199520111084,13.144024868011474,11.48561861038208,11.243942756652832,13.72011806488037,10.953979969084688,12.229246135480723,11.342104237551618,11.395458240509033,10.902381677627565,11.743318099975586,day_medium,day_stable,6.744715000000001
2019-06-10 23:45:00+00:00,2019-06-11 00:45:00+00:00,15.33569,508.0,8.865938,11.717241339004516,13.985348037994385,14.961745075500488,11.319148592269896,14.680271438873293,14.614426903045654,13.09525995663452,13.150981716430664,15.459251694000244,13.656534715404783,14.900382148201397,14.003670465466076,12.872123054779053,12.731140903747558,13.4038117449646,day_medium,day_stable,6.469752
2019-06-11 00:00:00+00:00,2019-06-11 01:00:00+00:00,16.84594,554.0,9.849656,12.692145957809448,14.75854624734497,15.354677572113037,12.89213646875,15.974227323394777,16.22704972253418,14.370172872406004,14.40857304559326,16.614335431915283,16.21653829369146,16.835849025360872,15.799837340771736,13.722850456100463,13.79029525743103,14.009628667694091,day_medium,day_stable,6.996283999999999
2019-06-11 00:15:00+00:00,2019-06-11 01:15:00+00:00,18.127371,591.0,12.39766,15.073898775253296,16.896358234558107,17.14716122833252,15.261072618637083,18.29588721481323,18.048591358337404,16.76625226226807,16.729061348114016,18.585317833099367,17.99589148715053,18.088853677113747,17.43748192663067,16.26340673652649,16.115034801635744,16.225144607696535,day_medium,day_stable,5.729711
2019-06-11 00:30:00+00:00,2019-06-11 01:30:00+00:00,19.3515,633.0,13.96784,16.511556907501223,18.76711396774292,18.524773879852297,16.344022794570925,19.637973113861086,18.80088023742676,18.216350360717776,18.336755081024172,19.803975387420657,20.04173342871666,19.80468542256185,19.351762971018736,17.692878528442385,17.619960828628543,17.42181210121155,day_medium,day_stable,5.383660000000001
2019-06-11 00:45:00+00:00,2019-06-11 01:45:00+00:00,20.681061,664.0,15.33569,17.686837174835205,20.2014069342041,19.812391736450195,17.27030525440216,20.637443997802738,19.486838796081543,19.267124154510498,19.318364598693847,20.60029361480713,21.04289273669373,20.37016988806257,20.43908323514804,19.09290764564514,18.86309263938904,18.561252810897827,day_high,day_stable,5.345371
2019-06-11 01:00:00+00:00,2019-06-11 02:00:00+00:00,21.65056,705.0,16.84594,18.964097386779784,22.012797719421386,20.9089921774292,19.04070008415222,22.518763905944823,21.305923825683593,21.064561253967284,21.106683141174315,22.417829400482177,22.27659813326785,22.12555317199659,22.695601631487477,20.336578494491576,20.322469359817504,19.513000375213625,day_high,day_stable,4.80462
2019-06-11 01:15:00+00:00,2019-06-11 02:15:00+00:00,22.729879,737.0,18.127371,19.936309145637512,22.92181460733032,21.93281190270996,20.292387412734985,23.256071256347656,21.456116365142822,21.969350026794434,22.1167988049469,22.764465497680664,24.621634807104257,23.947284781609884,24.192604851380363,21.892529653259277,21.529330896087647,20.791901515670776,day_high,day_stable,4.602508
2019-06-11 01:30:00+00:00,2019-06-11 02:30:00+00:00,23.431629,763.0,19.3515,20.634935821533205,24.4686236038208,22.361861909866334,20.59005245113373,24.01985117340088,21.407890285491945,22.913235391616823,22.77905937576294,23.794643367767335,24.71821885480284,24.355360573955338,24.258521867479967,22.83855315589905,22.086038555145265,21.493114437103273,day_high,day_stable,4.0801289999999995
2019-06-11 01:45:00+00:00,2019-06-11 02:45:00+00:00,24.16531,790.0,20.681061,21.80843898690796,25.26979038156128,23.740831107269287,21.25746455825424,24.945203513275143,22.589519709716797,23.67687556184387,23.346866339813232,24.7516495887146,25.694994641036512,25.209166750151535,25.473814681530516,23.964292258392337,23.30557557977295,22.66299483216858,day_high,day_stable,3.484249000000002
2019-06-11 02:00:00+00:00,2019-06-11 03:00:00+00:00,25.060869,824.0,21.65056,22.438430705127715,25.95551309829712,23.971223690567015,22.825848438796996,26.49629698043823,24.647068121490477,24.979648449478148,24.759620764312743,26.24532327896118,25.50987240270354,25.071322557395764,25.318644331117543,24.356175043640135,24.72500620132446,23.030794360694884,day_high,day_stable,3.4103090000000016
2019-06-11 02:15:00+00:00,2019-06-11 03:15:00+00:00,25.511499,841.0,22.729879,22.960592680386544,26.172100879959107,24.339492418579106,23.735596635154725,26.489027836135865,24.32046280126953,25.591982939056397,25.282593347839356,26.12681613188171,25.272768761166272,25.241791227970943,25.66826771799642,25.36931572180176,25.560751774124142,23.862907268814087,day_high,day_stable,2.78162
2019-06-11 02:30:00+00:00,2019-06-11 03:30:00+00:00,25.91794,852.0,23.431629,23.009230432800297,26.157192526153565,23.621056435398103,23.77463522344017,26.24220639257813,23.558292312315945,25.816995916656495,25.56335621862793,25.807185230545045,24.910845043937417,25.17533639491891,25.74792536916854,25.982807216934205,25.465359745315553,24.17008071928406,day_high,day_stable,2.4863110000000006
2019-06-11 02:45:00+00:00,2019-06-11 03:45:00+00:00,26.11306,861.0,24.16531,23.565602575359343,26.79720625740051,24.394418393192293,23.3921560392952,27.28358325820923,24.242109839735033,26.21223482948303,25.57661578517914,26.94511303764343,25.02665387123386,24.95758088622653,25.528038979241227,25.9324717269516,25.89143464427948,24.368596543488504,day_high,day_stable,1.9477499999999992
2019-06-11 03:00:00+00:00,2019-06-11 04:00:00+00:00,26.651190000000003,879.0,25.060869,23.616170547050476,26.12169494394684,23.677041790527344,24.963981329542637,27.525314114135742,25.029788271603227,27.250872871917725,26.53089239363098,26.82724191908264,24.87994331804272,25.059155842440532,25.29824602089004,26.61826863054657,26.27933289770508,25.09952884082222,day_high,day_stable,1.590321000000003
2019-06-11 03:15:00+00:00,2019-06-11 04:15:00+00:00,26.325251,859.0,25.511499,23.693180394577027,26.4884773616066,24.517697704242707,24.42758376638794,28.222328734802247,25.48547363582456,27.23475260774994,26.16234494488144,27.27161200086975,24.989446491831107,25.633245486524668,25.830300093250447,26.466836524414063,26.170729887889863,25.176426035570145,day_high,day_stable,0.8137520000000009
2019-06-11 03:30:00+00:00,2019-06-11 04:30:00+00:00,26.70063,875.0,25.91794,23.413788178863527,26.187620678844453,23.43161211341858,23.470419505538946,27.289510467948915,24.300626018943788,26.87879017919541,25.89732778065145,26.66694543689728,25.647803559705206,25.188258048320986,25.713417890539827,26.28064904541016,25.992852108480932,25.269744971694948,day_high,day_stable,0.7826899999999988
2019-06-11 03:45:00+00:00,2019-06-11 04:45:00+00:00,26.141939,833.0,26.11306,23.019047024307252,25.44826644903183,22.861087086257935,22.613111975250245,26.412738415060044,23.4430902028656,26.378846409378053,25.259430351314546,26.016881147978307,25.113433447113746,24.95756801187975,24.859851553884443,26.136669541356564,25.52114016061783,25.294884564933778,day_high,day_stable,0.028878999999999877
2019-06-11 04:00:00+00:00,2019-06-11 05:00:00+00:00,26.14588,840.0,26.651190000000003,23.179343419494632,25.38163681549073,23.155003028335575,23.478078084411624,27.105790512981415,25.013605552139285,26.926921533765796,25.542257147254947,26.64969057670847,25.40156307549309,25.34349812114666,25.83328796117772,26.287581013860702,25.441199498596195,25.534375505867008,day_high,day_stable,-0.505310000000005
2019-06-11 04:15:00+00:00,2019-06-11 05:15:00+00:00,25.56531,811.0,26.325251,22.42533554322815,24.76521934754944,22.955653565002443,22.817066805435186,26.2318417523036,24.277565615249635,26.300926890222193,24.490865843368532,25.8225894141922,23.487584397286987,24.77784172188741,24.802737441060664,25.79005642421341,24.44572438485718,25.059351937843324,day_high,day_stable,-0.7599410000000013
2019-06-11 04:30:00+00:00,2019-06-11 05:30:00+00:00,25.38113,789.0,26.70063,22.57234220779419,24.56799273765564,22.42558937347412,22.63088779724121,25.91997819221497,23.561718275909424,26.29563414133072,24.59097867286682,25.70379822528839,22.33103425384156,24.07018951706395,23.949451446888688,25.69455950534821,24.61547832763672,25.212492874031067,day_high,day_stable,-1.3195000000000014
2019-06-11 04:45:00+00:00,2019-06-11 05:45:00+00:00,24.538059,746.0,26.141939,21.430743531097413,23.464423731674195,21.636389569152833,21.502981499542237,24.902369097579957,22.4334269322052,25.123279646743775,23.49536950956726,24.555125192512513,20.196504793581926,22.7481648310685,22.71668122950488,24.67025788198853,23.74956210028076,24.34681184660339,day_high,day_stable,-1.6038800000000002
2019-06-11 05:00:00+00:00,2019-06-11 06:00:00+00:00,23.83806,726.0,26.14588,20.932072893981932,22.880538956527708,21.080539004211424,21.51126028717041,24.581263558273314,22.367845074539183,24.592581288223265,23.03003169715881,24.102941767578123,21.2303936604844,22.97376438518596,23.10576835604482,24.098526017074583,23.27096964538574,23.868537918930052,day_high,day_stable,-2.3078199999999995
2019-06-11 05:15:00+00:00,2019-06-11 06:15:00+00:00,23.24831,706.0,25.56531,19.808075426635742,21.8222680078125,20.23563241821289,20.762736795959473,23.370847939071655,21.167726038513184,23.674566386756897,21.88543963294983,22.880456684646607,18.616388785679288,21.20718781229062,21.390925633852376,22.76498532157898,22.16120648246765,23.080249308166504,day_high,day_stable,-2.317
2019-06-11 05:30:00+00:00,2019-06-11 06:30:00+00:00,21.999689,665.0,25.38113,19.327094336395263,21.34404446685791,19.35055663192749,20.171854754333495,23.13087203109741,20.375554819946288,23.04340579116821,21.25796629989624,22.25063874328613,16.61733940061304,19.915764537141808,19.91905704015736,20.429754038696288,21.961684485321044,22.58702542388916,day_high,day_stable,-3.381440999999999
2019-06-11 05:45:00+00:00,2019-06-11 06:45:00+00:00,20.71081,629.0,24.538059,18.003280881866456,20.061561349853516,18.204200986846924,18.933286432250977,21.87232184790039,19.17077899359131,21.716494564041135,19.83078074835205,20.985421422943116,13.698050630922136,17.255869268607302,17.11842709509476,18.65952992819214,20.889622692092896,21.466144803985596,day_medium,day_stable,-3.827249000000002
2019-06-11 06:00:00+00:00,2019-06-11 07:00:00+00:00,19.795561,583.0,23.83806,16.880268671569823,18.86227045303345,17.14222965484619,17.76088247543335,20.18072209602356,17.77932510620117,20.532014229354857,18.40628919845581,19.664038755950926,12.971435006493389,15.600585650310512,16.034495601533134,17.89780006652832,19.32117901092529,20.390348770675654,day_medium,day_stable,-4.042498999999999
2019-06-11 06:15:00+00:00,2019-06-11 07:15:00+00:00,17.199869,546.0,23.24831,15.98071613937378,18.132002741394043,16.039558321533203,16.857739836273193,19.44567385345459,16.551948458251953,19.521388203201298,17.46959391265869,18.629531294403076,11.563655335850218,13.8721289204487,13.9655349245138,17.152340323028564,18.48491945892334,19.468369871673584,day_medium,day_stable,-6.048441
2019-06-11 06:30:00+00:00,2019-06-11 07:30:00+00:00,13.90134,413.0,21.999689,14.558227913726808,17.239476101745606,14.757656948913574,15.66272200857544,18.136430876602173,15.309510605682371,18.043132202972412,15.906635659088137,17.13280095373535,10.871437052597202,12.879126025432338,12.642899015005549,15.85551585470581,17.04164399420166,17.878414051879883,day_medium,day_stable,-8.098349
2019-06-11 06:45:00+00:00,2019-06-11 07:45:00+00:00,15.99019,445.0,20.71081,13.299124056396485,15.810174280700682,13.257738405761716,14.432627970275878,16.8972375932312,14.064385706481932,16.679731184539794,14.680807406005858,15.768906408843993,10.426155509295452,11.731546315087003,11.884196391344249,14.469134623107909,16.07566719680786,16.19879894882202,day_medium,day_stable,-4.7206199999999985
2019-06-11 07:00:00+00:00,2019-06-11 08:00:00+00:00,14.60813,423.0,19.795561,12.274904891143798,15.032296343933105,12.23479382623291,12.756591960083009,15.540287181030273,12.130825682769776,15.200915499816894,13.71828000177002,14.125993415008544,9.387779948857055,9.782302229364817,9.687770618194245,13.641429587493896,14.397095366607664,14.38271395791626,day_medium,day_stable,-5.187431
2019-06-11 07:15:00+00:00,2019-06-11 08:15:00+00:00,12.62953,378.0,17.199869,9.570842587036132,12.338760220092771,9.665903412384033,10.359908901733398,13.221895062011718,10.14028533605957,12.542863213104248,11.121713005584716,11.601110302490234,6.386311733961256,7.629691730475136,7.624536418224718,11.120806538146972,11.43609651235962,11.23400052694702,day_medium,day_stable,-4.570338999999999
2019-06-11 07:30:00+00:00,2019-06-11 08:30:00+00:00,9.466407,278.0,13.90134,6.864248744812011,9.367564193572996,7.545721999969482,8.582260600891113,10.354194633331298,8.311131469573974,10.070064536895751,8.510401241149902,8.952218047943115,5.415929240075395,6.212838611945419,7.165956308480105,8.285766116943359,8.295998088684081,8.55335997756958,day_medium,day_stable,-4.434932999999999
2019-06-11 07:45:00+00:00,2019-06-11 08:45:00+00:00,8.168125,234.0,15.99019,8.567003220977783,11.14444443649292,8.484597176971436,9.994662255706787,12.31856700843811,9.30896851486206,11.60571095413208,9.903500527801514,10.56409832901001,6.314725702474535,6.426518218875193,6.935915200909033,10.253967256011965,9.523210973205568,10.680530042114258,day_low,day_stable,-7.822065
2019-06-11 08:00:00+00:00,2019-06-11 09:00:00+00:00,7.1979690000000005,207.0,14.60813,7.370976946716308,9.868050597076415,7.374096892242431,7.311320326690673,9.845467112426755,6.453269503479003,9.502397559051513,7.81888677871704,8.35728838241577,5.363669409088481,4.321808482841559,5.068083752610197,9.27446367538452,7.390630267028808,9.826716921691894,day_low,day_stable,-7.410160999999999
2019-06-11 08:15:00+00:00,2019-06-11 09:15:00+00:00,5.546297,161.0,12.62953,5.906153725891114,9.052701758651734,6.102177190093995,6.078959988861085,8.669331120758057,5.543923424987794,7.794111298828126,6.5892906658935555,6.53610138824463,5.414148258477133,4.7610471407457755,5.577755086991464,7.537568616180421,6.285357522277833,8.487014340667725,day_low,day_stable,-7.083233000000001
2019-06-11 08:30:00+00:00,2019-06-11 09:30:00+00:00,6.831780999999999,195.0,9.466407,3.3508183349914553,6.789202629501343,4.2722665657348635,4.205283819610596,6.487327038223267,3.987983881408691,5.146716772491455,4.114508329803467,4.307778059417725,2.278740392613978,1.4262073094598602,2.2005957348098453,4.812807737762451,4.536625563079834,5.7490426887817385,day_low,day_stable,-2.634626000000001
2019-06-11 08:45:00+00:00,2019-06-11 09:45:00+00:00,3.480695,102.0,8.168125,2.209007110595703,5.331339445114136,3.1486190223693846,3.6599052810668944,5.529943313598633,3.207793560028076,4.157692756652832,3.201685276031494,3.484893169403076,1.6999420036888613,1.1611013716788443,2.1557293538979128,3.916132774353027,3.928179588317871,4.704699363708496,day_low,day_stable,-4.68743
2019-06-11 09:00:00+00:00,2019-06-11 10:00:00+00:00,1.931617,60.0,7.1979690000000005,1.634397546905518,4.9101553365173345,2.6768303319396978,2.6096415921630864,4.64129404272461,2.111501257080078,3.1374030515136724,2.709207098144532,2.5391388341369634,1.087059318810084,1.3724887009645172,1.4250284982224948,3.2742095395507818,3.815988819259644,4.057400743621827,day_low,day_stable,-5.266352
2019-06-11 09:15:00+00:00,2019-06-11 10:15:00+00:00,1.729738,53.0,5.546297,0.3433193426818848,3.7351026993484497,1.4802178602905274,1.7371124487609864,3.3710781794281006,1.276483939239502,1.851357625076294,1.6619102221221924,1.368071959564209,0.5409893575409537,0.6657972431449769,0.5242185612438707,2.043885872909546,2.7766069632263184,2.7063912611694336,day_low,day_stable,-3.816559
2019-06-11 09:30:00+00:00,2019-06-11 10:30:00+00:00,1.543637,46.0,6.831780999999999,1.1851607264099115,3.9316605032501215,1.6088696421203608,2.596216291290282,4.383254140716552,2.0175929964599604,2.8082009256896967,2.489755243164062,2.4736386240539545,0.6091595393246831,0.6868879066194954,0.5643473097290924,3.437305063110351,3.7838831842956537,3.697721809249878,day_low,day_stable,-5.288143999999999
2019-06-11 09:45:00+00:00,2019-06-11 10:45:00+00:00,1.223223,38.0,3.480695,0.0,2.2714224961471556,0.3589446452331541,0.5966355708312987,1.9725960400772091,0.1174597647857664,0.3348009494018553,0.0,0.1721753981781004,0.0,0.0020294502909351,0.0187192853730724,0.6488680747222899,1.122128000564575,0.7228760626983641,day_low,day_stable,-2.257472
2019-06-11 10:00:00+00:00,2019-06-11 11:00:00+00:00,0.75544,25.0,1.931617,0.0,1.5416406773490905,0.3865500472946166,0.0,0.5667303584976195,0.0,0.0,0.0,0.0,0.0,0.0,0.0,0.0,0.1944741987152098,0.0,day_low,day_stable,-1.176177
2019-06-11 10:15:00+00:00,2019-06-11 11:15:00+00:00,0.360295,11.0,1.729738,0.0,1.1970925360565186,0.2976793080215454,0.0,0.573175910079956,0.0,0.0,0.0,0.0,0.0,0.0,0.0,0.0,0.0397913485412597,0.0,night_lowlight,night_lowlight,-1.369443
2019-06-11 10:30:00+00:00,2019-06-11 11:30:00+00:00,0.15065,4.0,1.543637,0.0,0.9407873376960754,0.5228842124099731,0.0,0.7124344333763122,0.0,0.0,0.0,0.0,0.0,0.0,0.0,0.0,0.0,0.0,night_lowlight,night_lowlight,-1.392987
2019-06-11 10:45:00+00:00,2019-06-11 11:45:00+00:00,0.0,0.0,1.223223,0.0,0.6480914048652648,0.663437991569519,0.0,0.697962670753479,0.0,0.0,0.0,0.0,0.0,0.0,0.0,0.0,0.0,0.0,night_lowlight,night_lowlight,-1.223223
2019-06-11 11:00:00+00:00,2019-06-11 12:00:00+00:00,0.0,0.0,0.75544,0.0,0.2628129753494262,0.581021431388855,0.0,0.2955305907154083,0.0,0.0,0.0,0.0,0.0,0.0,0.0,0.0,0.0,0.0,night_lowlight,night_lowlight,-0.75544
2019-06-11 11:15:00+00:00,2019-06-11 12:15:00+00:00,0.0,0.0,0.360295,0.0,0.0,0.4508465551567077,0.0,0.1274941437673568,0.0,0.0,0.0,0.0,0.0,0.0,0.0,0.0,0.0,0.0,night_lowlight,night_lowlight,-0.360295
2019-06-11 11:30:00+00:00,2019-06-11 12:30:00+00:00,0.0,0.0,0.15065,0.0,0.0,0.186807663911581,0.0,0.0787899846076965,0.0,0.0,0.0,0.0,0.0,0.0,0.0,0.0,0.0,0.0,night_lowlight,night_lowlight,-0.15065
2019-06-11 11:45:00+00:00,2019-06-11 12:45:00+00:00,0.0,0.0,0.0,0.0,0.0,0.2353087365627288,0.0,0.1202299147844314,0.0,0.0,0.0,0.0,0.0,0.0,0.0,0.0,0.0,0.0,night_lowlight,night_lowlight,0.0
2019-06-11 12:00:00+00:00,2019-06-11 13:00:00+00:00,0.0,0.0,0.0,0.0,0.0,0.281757652759552,0.0,0.2540443539619446,0.0,0.0,0.0,0.0,0.0,0.0,0.0,0.0,0.0,0.0,night_lowlight,night_lowlight,0.0
2019-06-11 12:15:00+00:00,2019-06-11 13:15:00+00:00,0.0,0.0,0.0,0.0,0.0,0.210978701710701,0.0,0.2723356187343597,0.0,0.0,0.0,0.0,0.0,0.0,0.0,0.0,0.0,0.0,night_lowlight,night_lowlight,0.0
2019-06-11 12:30:00+00:00,2019-06-11 13:30:00+00:00,0.0,0.0,0.0,0.0,0.0,0.1845620572566986,0.0,0.3525720536708832,0.0,0.0,0.0,0.0,0.0,0.0,0.0,0.0,0.0,0.0,night_lowlight,night_lowlight,0.0
2019-06-11 12:45:00+00:00,2019-06-11 13:45:00+00:00,0.0,0.0,0.0,0.0,0.0,0.0905465260148048,0.0,0.3318928182125091,0.0,0.0,0.0,0.0,0.0,0.0,0.0,0.0,0.0,0.0,night_lowlight,night_lowlight,0.0
2019-06-11 13:00:00+00:00,2019-06-11 14:00:00+00:00,0.0,0.0,0.0,0.0,0.0,0.1026434004306793,0.0,0.3826642632484436,0.0,0.0,0.0,0.0,0.0,0.0,0.0,0.0,0.0,0.0,night_lowlight,night_lowlight,0.0
2019-06-11 13:15:00+00:00,2019-06-11 14:15:00+00:00,0.0,0.0,0.0,0.0,0.0,0.1689402610063552,0.0,0.4520377814769745,0.0,0.0,0.0,0.0,0.0,0.0,0.0,0.0,0.0,0.0,night_lowlight,night_lowlight,0.0
2019-06-11 13:30:00+00:00,2019-06-11 14:30:00+00:00,0.0,0.0,0.0,0.0,0.0,0.2228550016880035,0.0,0.4733591973781585,0.0,0.0,0.0,0.0,0.0,0.0,0.0,0.0,0.0,0.0,night_lowlight,night_lowlight,0.0
2019-06-11 13:45:00+00:00,2019-06-11 14:45:00+00:00,0.0,0.0,0.0,0.0,0.0,0.2357098907232284,0.0,0.5291463732719421,0.0,0.0,0.0,0.0,0.0,0.0,0.0,0.0,0.0,0.0,night_lowlight,night_lowlight,0.0
2019-06-11 14:00:00+00:00,2019-06-11 15:00:00+00:00,0.0,0.0,0.0,0.0,0.0,0.0304272435605525,0.0,0.5741267800331116,0.0,0.0,0.0,0.0,0.0,0.0,0.0,0.0,0.0,0.0,night_lowlight,night_lowlight,0.0
2019-06-11 14:15:00+00:00,2019-06-11 15:15:00+00:00,0.0,0.0,0.0,0.0,0.0,0.0848250612616539,0.0,0.6233065128326416,0.0,0.0,0.0,0.0,0.0,0.0,0.0,0.0,0.0,0.0,night_lowlight,night_lowlight,0.0
2019-06-11 14:30:00+00:00,2019-06-11 15:30:00+00:00,0.0,0.0,0.0,0.0,0.0,0.0,0.0,0.610862135887146,0.0,0.0,0.0,0.0,0.0,0.0,0.0,0.0,0.0,0.0,night_lowlight,night_lowlight,0.0
2019-06-11 14:45:00+00:00,2019-06-11 15:45:00+00:00,0.0,0.0,0.0,0.0,0.0,0.2931405305862427,0.0,0.6479120850563049,0.0,0.0,0.0,0.0,0.0,0.0,0.0,0.0,0.0,0.0,night_lowlight,night_lowlight,0.0
2019-06-11 15:00:00+00:00,2019-06-11 16:00:00+00:00,0.0,0.0,0.0,0.0,0.0,0.7618760466575623,0.0,0.5197715759277344,0.0,0.0,0.0,0.0,0.0,0.0,0.0,0.0,0.0,0.0,night_lowlight,night_lowlight,0.0
2019-06-11 15:15:00+00:00,2019-06-11 16:15:00+00:00,0.0,0.0,0.0,0.0,0.2930418252944946,1.270514726638794,0.0,0.3620395064353943,0.0,0.0,0.0,0.0,0.0,0.0,0.0,0.0990972891449928,0.0,0.0,night_lowlight,night_lowlight,0.0
2019-06-11 15:30:00+00:00,2019-06-11 16:30:00+00:00,0.0,0.0,0.0,0.0,0.2728950381278991,1.3663930892944336,0.0,0.4089182019233703,0.0,0.0,0.0,0.0,0.0,0.0706015323709748,0.0,0.1310398429632187,0.0,0.0,night_lowlight,night_lowlight,0.0
2019-06-11 15:45:00+00:00,2019-06-11 16:45:00+00:00,0.0,0.0,0.0,0.0,0.4332263171672821,1.4323900938034058,0.0,0.7031576037406921,0.0,0.0,0.0428027808666229,0.0,0.0,0.0625534213412972,0.0,0.1669214814901352,0.0,0.0,night_lowlight,night_lowlight,0.0
2019-06-11 16:00:00+00:00,2019-06-11 17:00:00+00:00,0.0,0.0,0.0,0.0,0.5767948627471924,1.5092672109603882,0.0,0.85978102684021,0.0,0.0,0.1719856709241867,0.0,0.0,0.0905849331101238,0.0,0.2303800731897354,0.0,0.0,night_lowlight,night_lowlight,0.0
2019-06-11 16:15:00+00:00,2019-06-11 17:15:00+00:00,0.0,0.0,0.0,0.0,0.6654772758483887,1.5041331052780151,0.0,1.0688999891281128,0.0,0.0,0.2783410549163818,0.0,0.0,0.0,0.0,0.2655346691608429,0.0,0.0,night_lowlight,night_lowlight,0.0
2019-06-11 16:30:00+00:00,2019-06-11 17:30:00+00:00,0.0,0.0,0.0,0.0,0.8126864433288574,1.618420124053955,0.0,1.1834447383880615,0.0,0.0,0.3249951303005218,0.0,0.0,0.0,0.0,0.3454179465770721,0.0,0.0,night_lowlight,night_lowlight,0.0
2019-06-11 16:45:00+00:00,2019-06-11 17:45:00+00:00,0.0,0.0,0.0,0.0,0.8177581429481506,1.6161830425262451,0.0,1.34005606174469,0.0,0.0,0.4169957339763641,0.0,0.0,0.0,0.0,0.3824282884597778,0.0,0.0,night_lowlight,night_lowlight,0.0
2019-06-11 17:00:00+00:00,2019-06-11 18:00:00+00:00,0.0,0.0,0.0,0.0,0.8281763792037964,1.6766666173934937,0.0,1.437484622001648,0.0056040002964437,0.0,0.463832676410675,0.0,0.0,0.0,0.0,0.431818813085556,0.0,0.0,night_lowlight,night_lowlight,0.0
2019-06-11 17:15:00+00:00,2019-06-11 18:15:00+00:00,0.0,0.0,0.0,0.0,0.8151711225509644,1.98855459690094,0.0,1.0777558088302612,0.0,0.0868445113301277,0.2340802401304245,0.0,0.0,0.0589197050317097,0.0153095018675419,0.5167639851570129,0.0,0.0,night_lowlight,night_lowlight,0.0
2019-06-11 17:30:00+00:00,2019-06-11 18:30:00+00:00,0.0,0.0,0.0,0.0,0.8390612006187439,2.146456480026245,0.0,1.0588946342468262,0.0,0.2192402333021164,0.3031885623931885,0.0,0.0,0.0589197050317097,0.0153095018675419,0.5863599181175232,0.0,0.0,night_lowlight,night_lowlight,0.0
2019-06-11 17:45:00+00:00,2019-06-11 18:45:00+00:00,0.0,0.0,0.0,0.0,0.9546111226081848,2.208782911300659,0.0,1.21028733253479,0.0,0.2989584803581238,0.4957740008831024,0.0,0.0,0.0589197050317097,0.0153095018675419,0.6763044595718384,0.0,0.0,night_lowlight,night_lowlight,0.0
2019-06-11 18:00:00+00:00,2019-06-11 19:00:00+00:00,0.0,0.0,0.0,0.0,1.0611644983291626,2.404346466064453,0.0,1.38165283203125,0.1245575994253158,0.4757844507694244,0.5445896983146667,0.090770423412323,0.0,0.0706015323709748,0.0,0.6803798675537109,0.0,0.0,night_lowlight,night_lowlight,0.0
2019-06-11 18:15:00+00:00,2019-06-11 19:15:00+00:00,0.0,0.0,0.0,0.0931039974093437,1.3137569427490234,2.5149996280670166,0.0348038747906684,1.821250915527344,0.5079876184463501,0.5443968176841736,0.7874860763549805,0.2564544081687927,0.0,0.0706015323709748,0.0,0.7440329194068909,0.0,0.0,night_lowlight,night_lowlight,0.0
2019-06-11 18:30:00+00:00,2019-06-11 19:30:00+00:00,0.0,0.0,0.0,0.1450774073600769,1.3083274364471436,2.6764047145843506,0.1182059869170188,1.7841004133224487,0.625841498374939,0.7042511105537415,0.8080031871795654,0.3499280214309692,0.0,0.0706015323709748,0.0,0.8578124642372131,0.0426833443343639,0.0,night_lowlight,night_lowlight,0.0
2019-06-11 18:45:00+00:00,2019-06-11 19:45:00+00:00,0.0,0.0,0.0,0.1665443331003189,1.3406435251235962,2.5896549224853516,0.16167613863945,2.1946661472320557,0.8556450605392456,0.6421300768852234,0.99066561460495,0.4828012883663177,0.0,0.0568302351174479,0.0,0.7702094912528992,0.0,0.0,night_lowlight,night_lowlight,0.0
2019-06-11 19:00:00+00:00,2019-06-11 20:00:00+00:00,0.0,0.0,0.0,0.2322030216455459,1.5578515529632568,3.0687808990478516,0.2477646768093109,2.3339476585388184,0.9567537903785706,0.8107019066810608,1.0104249715805054,0.6880685091018677,0.0,0.066581257849862,0.0,0.8406265377998352,0.2178706675767898,0.0,night_lowlight,night_lowlight,0.0
2019-06-11 19:15:00+00:00,2019-06-11 20:15:00+00:00,0.0,0.0,0.0,0.2732680141925812,1.98181676864624,3.180732488632202,0.261707991361618,2.644774913787842,1.1235311031341553,0.8124923706054688,1.290445327758789,0.9282526969909668,0.0,0.0625534213412972,0.0,0.952056646347046,0.5399734377861023,0.0,night_lowlight,night_lowlight,0.0
2019-06-11 19:30:00+00:00,2019-06-11 20:30:00+00:00,0.0,0.0,0.0,0.3126560747623443,2.1978776454925537,3.2878525257110596,0.3360798358917236,2.8242087364196777,1.3108376264572144,0.8594843745231628,1.47369122505188,1.1282120943069458,0.0,0.0625534213412972,0.0,1.0532151460647583,0.7145117521286011,0.0,night_lowlight,night_lowlight,0.0
2019-06-11 19:45:00+00:00,2019-06-11 20:45:00+00:00,0.0,0.0,0.0,0.3630869686603546,2.39962387084961,3.390207529067993,0.4454242289066314,2.9927191734313965,1.5054569244384766,0.9324007034301758,1.6184477806091309,1.360438585281372,0.0,0.0625534213412972,0.0,1.1689233779907229,0.8984058499336243,0.1173681318759918,night_lowlight,night_lowlight,0.0
2019-06-11 20:00:00+00:00,2019-06-11 21:00:00+00:00,0.0,0.0,0.0,0.4096660614013672,2.4724061489105225,3.4667534828186035,0.5110763907432556,3.0976765155792236,1.6461955308914185,0.99490225315094,1.660913586616516,1.5334062576293943,0.0,0.0724014017333422,0.0,1.2401609420776367,0.971750557422638,0.2235450595617294,night_lowlight,night_lowlight,0.0
2019-06-11 20:15:00+00:00,2019-06-11 21:15:00+00:00,0.022926,3.0,0.0,0.4278173446655273,2.422175407409668,3.47672700881958,0.5706808567047119,3.2082440853118896,1.8364442586898804,1.011898159980774,1.6991543769836426,1.6491841077804563,0.0,0.0724014017333422,0.0,1.2648255825042725,1.0048446655273438,0.3842651546001434,night_lowlight,night_lowlight,0.022926
2019-06-11 20:30:00+00:00,2019-06-11 21:30:00+00:00,0.428559,15.0,0.0,0.4720452725887298,2.563786268234253,3.569577932357788,0.6514813303947449,3.3966076374053955,2.0019302368164062,1.07165789604187,1.8167083263397217,1.8615785837173464,0.0,0.0811653239860559,0.0,1.344323754310608,1.2023742198944092,0.5481365323066711,night_lowlight,night_lowlight,0.428559
2019-06-11 20:45:00+00:00,2019-06-11 21:45:00+00:00,0.801459,27.0,0.0,0.4872369468212127,2.605395555496216,3.551548480987549,0.7246055006980896,3.5610837936401367,2.176929235458374,1.0692427158355713,1.9239177703857424,1.974732518196106,0.2801850639753819,0.1563834402886275,0.0666457200295954,1.3879241943359375,1.290924310684204,0.7219217419624329,day_low,day_stable,0.801459
2019-06-11 21:00:00+00:00,2019-06-11 22:00:00+00:00,1.360652,44.0,0.0,0.4958494305610657,2.5976626873016357,3.567417621612549,0.803390622138977,3.651881456375122,2.319674253463745,1.079819917678833,1.9810298681259155,2.028332471847534,0.4066038058183397,0.3213565479659319,0.2489594389715787,1.4273842573165894,1.3355180025100708,0.9088001251220704,day_low,day_stable,1.360652
2019-06-11 21:15:00+00:00,2019-06-11 22:15:00+00:00,2.0039689999999997,65.0,0.022926,0.5856836112747192,2.7592410119781494,3.7652925523529057,0.9103305014381408,3.798471597076416,2.468635705352783,1.1832245858917236,2.1057869466552734,2.23421111428833,0.8965850712029868,0.7515795298183336,0.8165384263664331,1.5359574826965332,1.54916849458313,1.116728571296692,day_low,day_stable,1.9810429999999997
2019-06-11 21:30:00+00:00,2019-06-11 22:30:00+00:00,2.645563,84.0,0.428559,1.0842250532951354,3.1706134624328612,4.261551076873779,1.39736604164505,4.274352008804321,2.9780594653930663,1.5932640380706786,2.5806762523498534,2.6827411002960204,1.2773198730453863,1.2183622041953683,1.095048180214891,2.013876015647888,1.9701319284286496,1.751503402694702,day_low,day_stable,2.217004
2019-06-11 21:45:00+00:00,2019-06-11 22:45:00+00:00,3.133867,98.0,0.801459,1.5883839582290649,3.638049051651001,5.033403084167481,1.8798878644790649,4.654704258331299,3.419644758590698,2.0865575527038573,3.0516041969146728,3.235456392654419,2.303140825128664,1.9706858498183684,1.9902535515520785,2.616958782562256,2.28978805292511,2.4600483630981445,day_low,day_stable,2.332408
2019-06-11 22:00:00+00:00,2019-06-11 23:00:00+00:00,3.949094,120.0,1.360652,2.3657557073135376,4.486766845275879,6.016263515045166,2.6685779395599365,5.368908912231445,4.189478427459717,2.9237948956985473,3.808796197463989,4.0524208846588134,3.6575577406427633,3.024774511223365,2.9037579569698893,3.4027653041381836,2.953676730682373,3.2919650378723144,day_low,day_stable,2.588442
2019-06-11 22:15:00+00:00,2019-06-11 23:15:00+00:00,4.547047,141.0,2.0039689999999997,3.320700214523315,5.580140159744262,6.934629724639892,3.489306138175964,6.295729444641113,4.902146146911621,3.81038670362854,4.717935369628906,4.942181633132934,4.477745201391768,3.406114464111762,3.5157358377554986,4.107452200073242,3.978087590354919,4.108783291000366,day_low,day_stable,2.5430780000000004
2019-06-11 22:30:00+00:00,2019-06-11 23:30:00+00:00,4.920563,153.0,2.645563,4.308027380264282,6.407938354766846,7.874393814361572,4.253458493507385,7.010524624145508,5.612737768447876,4.633757823265076,5.458777063644409,5.759689920700073,6.416313382696099,4.655965107474114,4.9382742848867505,4.865080230987549,4.79786693409729,4.909044140136719,day_low,day_stable,2.2749999999999995
2019-06-11 22:45:00+00:00,2019-06-11 23:45:00+00:00,6.285344,194.0,3.133867,5.0676265701217655,7.0505847677154545,8.551206324951172,4.852157448188782,7.630409930603028,6.2220465883178715,5.34252235736084,5.969272826568604,6.543184493438721,6.448010330900127,5.185149131744995,5.498347057903595,5.353647445098877,5.6334774240417484,5.510169480697632,day_low,day_stable,3.1514770000000003
2019-06-11 23:00:00+00:00,2019-06-12 00:00:00+00:00,9.300157,308.0,3.949094,6.063695135253907,7.785662593978882,9.31074875845337,5.896716060775757,8.42335862173462,7.210936250823975,6.324489059585572,6.8389136220397955,7.58946699156189,7.918478560044154,5.491513790426977,6.3669878403845495,6.150509061950684,6.686986627716065,6.343268575805665,day_medium,day_stable,5.351063
2019-06-11 23:15:00+00:00,2019-06-12 00:15:00+00:00,5.989266000000001,191.0,4.547047,6.757047514984131,8.44121466166687,10.004124980041505,6.483706336090088,8.97897944934082,7.743994813034058,7.006704907485962,7.461700539657593,8.392783026763915,8.535814746976943,6.522104607363559,7.289324155816303,6.6958728838653565,7.487486462661743,6.996788363525391,day_low,day_stable,1.4422190000000006
2019-06-11 23:30:00+00:00,2019-06-12 00:30:00+00:00,7.439688,239.0,4.920563,7.12762595967102,8.753973501480102,10.4550130541687,6.698881762779235,9.11399628475952,8.051913517272949,7.458982246673584,7.671693580902099,8.966912048614502,8.511741263586522,6.803872995437904,7.276357391193491,7.048654812133789,7.887504118240356,7.446241396224975,day_low,day_stable,2.5191250000000007
2019-06-11 23:45:00+00:00,2019-06-12 00:45:00+00:00,8.879938000000001,270.0,6.285344,8.408455486434937,9.643231744903565,11.223744745391846,7.534637208122254,10.277379150527954,9.043467397827149,8.628837700027466,8.889445419448853,10.335410947937012,10.191101486532398,8.471230363632406,9.193503258743336,8.348224754470825,9.26334225668335,8.650679702896118,day_medium,day_stable,2.5945940000000007
2019-06-12 00:00:00+00:00,2019-06-12 01:00:00+00:00,11.47672,374.0,9.300157,11.269960094863892,12.126550365859986,13.06673996585083,10.442261268074036,13.116667200500489,11.984756876403807,11.632037807876587,11.821398188049317,13.23361318247986,11.873033836763696,10.180968684816603,11.474930577006855,11.122183610374451,12.327472139770508,11.033091474945069,day_medium,day_stable,2.176563
2019-06-12 00:15:00+00:00,2019-06-12 01:15:00+00:00,15.21144,514.0,5.989266000000001,8.310009083953858,10.558116994110108,11.896204076019288,8.090868792739869,10.202334008422852,9.741991124359132,8.651624045578004,9.190948567596436,10.595891080108643,10.673536489870918,9.418358022380756,9.574435751303312,7.879712901321412,9.594184241500855,7.986998758522034,day_medium,day_ramp_up,9.222173999999999
2019-06-12 00:30:00+00:00,2019-06-12 01:30:00+00:00,17.716129000000002,580.0,7.439688,9.673151525772097,11.491026195800782,12.555851730621338,9.049830707824707,11.306859049118042,10.618915828979492,9.773225340164185,10.35658219746399,11.878784450805664,14.08628396435248,13.070028791552197,11.576797789612352,9.218778285301209,10.92740705899048,9.235356601989746,day_medium,day_ramp_up,10.276441000000002
2019-06-12 00:45:00+00:00,2019-06-12 01:45:00+00:00,17.83119,571.0,8.879938000000001,10.918040865219115,12.365986221588136,13.339227073944093,9.861505919254304,12.27626883343506,11.520278089797976,10.888353460586549,11.1136125262146,13.128053062713624,14.418196809908403,13.415812606790665,11.778774858258627,10.544498675621034,12.146663540161134,10.357263439453126,day_medium,day_ramp_up,8.951251999999998
2019-06-12 01:00:00+00:00,2019-06-12 02:00:00+00:00,13.04603,361.0,11.47672,12.94740214416504,14.250553751678469,14.599643135757448,12.224243963451386,14.516182804794312,13.841449166030884,13.072543764801026,13.106460476608277,15.375397349090576,15.835557930670014,13.807175956483702,11.89033691992946,12.8390406615448,14.51032676765442,12.36908831665039,day_medium,day_stable,1.5693099999999998
2019-06-12 01:15:00+00:00,2019-06-12 02:15:00+00:00,18.686939,671.0,15.21144,16.123133453788757,17.678554686965942,16.529824051322937,14.835844907226562,17.392055186691284,15.51740700310707,15.99352428621292,16.026045057239532,17.86223927444458,17.38496011824975,16.550805303086435,15.184630823871828,15.963006410064695,17.641518744888305,15.187080010088682,day_high,day_stable,3.4754989999999992
2019-06-12 01:30:00+00:00,2019-06-12 02:30:00+00:00,19.226379,655.0,17.716129000000002,18.007947439960482,20.353239233306887,18.60273253422165,16.413417632392886,19.01338833074951,16.25229650240326,17.826863887421133,17.217771882823946,19.296431357673647,19.5068191692341,18.784054008429155,16.90571407349684,18.054020161441805,19.261370475105288,16.971477622798922,day_high,day_stable,1.5102499999999992
2019-06-12 01:45:00+00:00,2019-06-12 02:45:00+00:00,21.20738,766.0,17.83119,17.980154583873748,20.87369693321228,19.121625671806335,16.03820539516449,18.60539181035995,15.686534295501708,17.595370794358253,16.602839956703185,18.910158167304992,21.371950253395156,19.642185067214456,16.88836319007002,18.034753272953033,19.07329238456726,16.644736061515808,day_high,day_stable,3.376190000000001
2019-06-12 02:00:00+00:00,2019-06-12 03:00:00+00:00,23.040939,769.0,13.04603,14.272160843162537,17.828825429229738,17.42614693954468,14.25737889125824,15.807948306350708,15.73124809577942,14.166938498764038,13.819349602012634,16.653869822769167,18.13769529290127,12.865209828263236,11.636083818395871,13.215823471693993,16.31040020301819,12.035189345626833,day_high,day_ramp_up,9.994909000000002
2019-06-12 02:15:00+00:00,2019-06-12 03:15:00+00:00,22.589001,759.0,18.686939,17.793153344501494,20.712052105773925,19.030815361846923,17.00904214273834,19.11476889144325,17.022786496986388,17.895051895488738,17.07005095373535,19.774185417999263,19.219583899878575,16.6045721980424,15.849844537396743,18.14547562490845,19.75423371683502,16.98822176348114,day_high,day_stable,3.902062000000001
2019-06-12 02:30:00+00:00,2019-06-12 03:30:00+00:00,23.758869,793.0,19.226379,18.02183350210571,21.170058213523863,19.05185336654568,16.831140362075807,19.2449165623405,16.58251722937012,17.948890291503908,16.799964748672487,19.37383819406414,19.046266268654467,15.75585094001569,15.718291458485265,18.266652606777193,19.795560919097905,17.042774044326784,day_high,day_stable,4.532489999999999
2019-06-12 02:45:00+00:00,2019-06-12 03:45:00+00:00,24.086129999999997,816.0,21.20738,19.368577543144227,22.451189819221497,19.953660312538148,17.421407404785157,20.16747123325348,17.029877367858887,18.879682961349488,17.593572083358765,19.838131967430115,20.513276787367747,16.788777994870255,16.77049991821667,19.607377234344483,20.90461528623581,18.46210640991211,day_high,day_stable,2.8787499999999966
2019-06-12 03:00:00+00:00,2019-06-12 04:00:00+00:00,24.99,829.0,23.040939,20.957299378265382,24.183388378967287,21.49403848921204,19.819127705444338,22.28913077389145,19.52623524938965,20.793706324447633,19.585211899627687,21.23750963484192,22.533053719871702,19.08329032922066,18.603004699475076,20.676192190994264,22.787728872646333,19.921982434143068,day_high,day_stable,1.9490609999999968
2019-06-12 03:15:00+00:00,2019-06-12 04:15:00+00:00,24.421249,805.0,22.589001,20.148976624084472,23.55752307183838,21.075335800720215,19.27669960267639,21.539701879096985,18.87302190072632,20.023169815612793,18.81962877519226,20.391585648132324,20.563724488043455,19.00025586776326,18.79237133775578,19.660568058563232,21.46115630872345,19.20414000756836,day_high,day_stable,1.8322479999999999
2019-06-12 03:30:00+00:00,2019-06-12 04:30:00+00:00,23.89888,779.0,23.758869,20.93073112539673,24.15854559115791,21.479499407333375,19.65740282110596,22.16251380018616,19.132760830444337,20.53922993711853,19.466416664642335,20.568935223144532,21.319055964816616,18.630283820526067,18.500158781644863,20.186483212036133,21.66962773374939,19.975198097747803,day_high,day_stable,0.14001099999999767
2019-06-12 03:45:00+00:00,2019-06-12 04:45:00+00:00,24.13163,799.0,24.086129999999997,20.531782246475217,23.721000231151574,21.493239737396237,19.268944598083493,21.734889365081784,18.673256731872556,20.209227896575925,18.811100817565915,20.012817240600583,20.98778955192495,17.731273098715384,17.298349602248962,20.100930548553464,20.5555587776947,19.96470913970947,day_high,day_stable,0.04550000000000409
2019-06-12 04:00:00+00:00,2019-06-12 05:00:00+00:00,24.553379,772.0,24.99,21.06220649719238,23.98787700176239,21.438367118835448,19.526277770996092,22.177873125076292,18.498367538452147,20.46178554534912,19.16812919616699,20.057576885223387,19.943981623238173,17.228353917693394,17.84811727027625,20.418431034088133,20.436613788604735,20.269610157012934,day_high,day_stable,-0.4366209999999988
2019-06-12 04:15:00+00:00,2019-06-12 05:15:00+00:00,22.00144,723.0,24.421249,20.205127326416015,23.02863618509674,20.58174785749817,18.71700772421265,21.574584571289066,17.84432086126709,19.679658976959228,18.601019946502685,19.12548598425293,18.043641590905832,16.04574772195955,17.216140710059864,19.4718500055542,19.4925962366333,19.271555510925293,day_high,day_stable,-2.4198090000000008
2019-06-12 04:30:00+00:00,2019-06-12 05:30:00+00:00,18.434059,607.0,23.89888,19.3172092388916,22.17172789085388,19.840069289093016,17.944999689941405,21.002319807891844,17.18352651107788,18.94229983795166,18.212076659088133,18.297695155029295,17.438961281295963,15.910642865469816,16.805180777875915,18.619006152038573,18.61352395523071,18.264571661834715,day_medium,day_stable,-5.464820999999997
2019-06-12 04:45:00+00:00,2019-06-12 05:45:00+00:00,18.559629,501.0,24.13163,18.423992213134767,20.626879032974244,19.079457816009523,17.294552382354738,20.31168633354187,16.302558478240968,18.55249172103882,17.279761370544435,17.787660654907228,17.07591627999561,15.559343099918229,16.6349284268023,18.715541418914796,17.02417140853882,17.970634039764406,day_medium,day_stable,-5.572001
2019-06-12 05:00:00+00:00,2019-06-12 06:00:00+00:00,15.44069,485.0,24.553379,18.388659418395996,20.87495225744629,18.739797533325195,16.483439386657714,19.994493902496338,14.9895944006958,17.705652178100586,16.813310087493896,17.349880636505127,16.079764752447833,15.772562846454534,15.5343601306262,18.8101190932312,15.792409838012697,18.253867567352295,day_medium,day_ramp_down,-9.112689
2019-06-12 05:15:00+00:00,2019-06-12 06:15:00+00:00,17.225691,546.0,22.00144,15.779706429901122,18.60044379180908,16.54932017272949,13.953469228210448,17.51441903060913,13.24357409423828,15.171214055480956,14.243905496063231,15.16234154647827,14.667885457329264,13.996158468208654,13.78416273690852,16.357974004211425,13.42640109008789,16.319440316619872,day_medium,day_stable,-4.775748999999998
2019-06-12 05:30:00+00:00,2019-06-12 06:30:00+00:00,10.80494,342.0,18.434059,12.62277493475342,16.03847155569458,14.12215409277344,11.381023263916015,14.51475820539856,10.990095949157716,12.261699533447269,11.278429841979982,12.32554135321045,11.97833919015587,11.414037216725893,11.56908267343688,13.019257879241945,10.820803022369386,13.368826723083496,day_medium,day_stable,-7.629119000000001
2019-06-12 05:45:00+00:00,2019-06-12 06:45:00+00:00,17.80538,569.0,18.559629,13.043874777130128,16.47623137312317,14.029262102416991,12.221792257598878,15.040714538864137,11.297858274749755,12.846362627319335,12.005352056793214,12.578212297729491,12.364950253166189,10.13738612996521,9.720430047990824,13.291827715209962,11.749429262451171,13.771159208587648,day_medium,day_stable,-0.7542490000000015
2019-06-12 06:00:00+00:00,2019-06-12 07:00:00+00:00,14.61819,453.0,15.44069,9.938488919677734,13.467854340019226,11.436222512664797,9.452927071990969,12.24519677871704,9.165940244140623,10.08603616470337,9.197454888763428,9.85848613494873,9.803162028885794,9.297522490944989,9.2935893495529,10.314704377593994,9.600301225128174,11.08711333984375,day_medium,day_stable,-0.8224999999999998
2019-06-12 06:15:00+00:00,2019-06-12 07:15:00+00:00,11.69634,338.0,17.225691,10.630586782470704,13.34384504891968,11.117459455505372,10.104126611724856,13.41507522203064,9.700229803100587,11.244264284149171,10.477578798309327,10.93689409829712,9.15270000991901,8.71315329443586,9.112233964812315,12.01017920114136,10.36027399636841,12.577528158203126,day_medium,day_stable,-5.529351000000002
2019-06-12 06:30:00+00:00,2019-06-12 07:30:00+00:00,8.759406,268.0,10.80494,6.078827157440186,10.73834802192688,8.868810787620545,6.926767363967896,8.648889556350708,6.84060312789917,6.5381724981689455,5.402663484039307,6.505247846069336,6.614871902353592,5.5149025174950665,5.6725380444747655,6.1705601362609865,6.365380540313721,6.938263192596436,day_medium,day_stable,-2.045534
2019-06-12 06:45:00+00:00,2019-06-12 07:45:00+00:00,7.541407,228.0,17.80538,10.171055449371336,12.239006651763916,10.06240428817749,10.035944594268798,13.484700335388183,9.61697496307373,11.48201049697876,10.307192934875488,11.301554812316894,8.577874217742846,7.456087285373782,7.93545661391149,12.83714975250244,10.177027357940672,13.03385032546997,day_low,day_ramp_down,-10.263973
2019-06-12 07:00:00+00:00,2019-06-12 08:00:00+00:00,4.615844,143.0,14.61819,8.295304009857178,10.963543364944458,8.947472760620117,6.598813245239258,10.38227052444458,6.766060540618897,8.27688951248169,7.619788834991455,8.207808682861328,7.082759982320208,6.5744307784214415,6.952266256595023,9.860694119873047,8.016065308990479,10.302229115905762,day_low,day_ramp_down,-10.002346
2019-06-12 07:15:00+00:00,2019-06-12 08:15:00+00:00,3.21218,97.0,11.69634,5.980533038940429,9.469691430892944,7.509155189361572,5.208821689453124,8.451650773849487,5.408710872497558,6.137696658935546,5.5765251272583,6.16504470046997,4.992327919647885,5.436328902386044,5.55436053545818,7.39447585281372,6.301319515075683,7.97794285949707,day_low,day_ramp_down,-8.48416
2019-06-12 07:30:00+00:00,2019-06-12 08:30:00+00:00,3.158531,92.0,8.759406,3.6859573420104983,7.166420012336731,5.8139416273651126,3.994042306762696,6.292163520675659,3.986679464202881,4.26762714944458,3.35162487588501,4.332507043701172,3.877208434406502,3.9722097009211086,4.468417744037919,5.237854629379273,4.412756830078125,5.730327277999878,day_low,day_stable,-5.600875
2019-06-12 07:45:00+00:00,2019-06-12 08:45:00+00:00,2.911727,85.0,7.541407,2.6059965004272465,5.9251880754776005,4.727357040817261,3.614218126708985,5.398870359832764,3.609332453186035,3.561514984542847,2.5325178016967778,3.78342474597168,3.984077886338879,3.2756310344923114,3.876263542540075,4.396999012405396,4.14331735270691,4.765004288131714,day_low,day_stable,-4.6296800000000005
2019-06-12 08:00:00+00:00,2019-06-12 09:00:00+00:00,1.590859,46.0,4.615844,0.802738178390503,5.048476893323898,3.811438549179077,1.3221247083129883,3.2920945769729615,1.0972316152038577,1.3971466905059815,0.8671598321380616,1.666099060195923,2.4351353543897387,2.4433888314871486,2.891134613090633,2.3132414704742432,2.6524734384002686,2.4904901868286133,day_low,day_stable,-3.024985
2019-06-12 08:15:00+00:00,2019-06-12 09:15:00+00:00,1.250785,36.0,3.21218,0.0,3.891178768329621,2.9896332288312912,0.7403026634979248,2.6029510909843445,0.7970307881164551,0.790577274017334,0.5216282421875,0.9972013050842286,2.018295600100694,2.51822403119804,2.4580695320140036,1.4391643816757205,2.061967712097168,1.376249056510925,day_low,day_stable,-1.961395
2019-06-12 08:30:00+00:00,2019-06-12 09:30:00+00:00,0.916426,27.0,3.158531,0.0,3.2258826765236854,2.1635715859947204,0.7536373632965088,2.6103130477485657,0.8560719984588623,0.9336147802886964,0.6806266802368164,1.223277618270874,0.8613134937912625,1.0691564835677076,1.0140163602268348,1.615744044166565,2.0439875620422363,1.3183343905029297,day_low,day_stable,-2.242105
2019-06-12 08:45:00+00:00,2019-06-12 09:45:00+00:00,0.4479999999999999,14.0,2.911727,0.0,3.1523032672424316,2.8552789501566886,0.8917644507904052,2.8651408441085815,1.3706039674301147,1.1898084170837402,1.1150012500305175,1.3123486526031494,0.4165503577213683,0.5071467486328733,0.5930250324610296,1.6804970986862182,2.0633841044921875,1.1199158914108276,night_lowlight,night_lowlight,-2.463727
2019-06-12 09:00:00+00:00,2019-06-12 10:00:00+00:00,0.299147,9.0,1.590859,0.0,1.77521637490654,1.847880188735962,0.0,1.6375963877763748,0.1513959806289673,0.1805637519683838,0.2945773046340942,0.2310939472045898,0.0070550187669832,0.0,0.1769648456756154,0.7342737357940674,0.8461378257598877,0.0,night_lowlight,night_lowlight,-1.291712
2019-06-12 09:15:00+00:00,2019-06-12 10:15:00+00:00,0.257298,9.0,1.250785,0.0,1.3756329261994362,1.7883777686691285,0.0,1.4433019825553894,0.0670974322891235,0.0748877593612671,0.1603527137374878,0.0554704734420776,0.0,0.0,0.0,0.5449347564315796,0.5163554021453858,0.0,night_lowlight,night_lowlight,-0.993487
2019-06-12 09:30:00+00:00,2019-06-12 10:30:00+00:00,0.161926,7.0,0.916426,0.0,0.914063968044728,1.6269558042297363,0.0,1.1907055050144195,0.0,0.0,0.0,0.0,0.0,0.0,0.0,0.2615271180877685,0.094921705127716,0.0,night_lowlight,night_lowlight,-0.7545
2019-06-12 09:45:00+00:00,2019-06-12 10:45:00+00:00,0.029749,4.0,0.4479999999999999,0.0,0.3691328402161597,1.2531339387893676,0.0,0.9549515705108642,0.0,0.0,0.0,0.0,0.0,0.0,0.0,0.0,0.0,0.0,night_lowlight,night_lowlight,-0.4182509999999999
2019-06-12 10:00:00+00:00,2019-06-12 11:00:00+00:00,0.042898,5.0,0.299147,0.0,0.0,0.5164103558511735,0.0,0.3967805704326629,0.0,0.0,0.0,0.0,0.0,0.0,0.0,0.0,0.0,0.0,night_lowlight,night_lowlight,-0.256249
2019-06-12 10:15:00+00:00,2019-06-12 11:15:00+00:00,0.042025,3.0,0.257298,0.0,0.2090735918204784,1.106916673324585,0.0,0.457878969452858,0.0,0.0,0.0,0.0,0.0,0.0,0.0,0.0,0.0,0.0,night_lowlight,night_lowlight,-0.21527300000000002
2019-06-12 10:30:00+00:00,2019-06-12 11:30:00+00:00,0.0,1.0,0.161926,0.0,0.4792523669013977,1.42997380960083,0.0,0.4311649190196991,0.0,0.0,0.0,0.0,0.0,0.0,0.0,0.0,0.0,0.0,night_lowlight,night_lowlight,-0.161926
2019-06-12 10:45:00+00:00,2019-06-12 11:45:00+00:00,0.0,0.0,0.029749,0.0,0.6311922311058045,1.412831389831543,0.0,0.3716754853000641,0.0,0.0,0.0,0.0,0.0,0.0,0.0,0.0,0.0,0.0,night_lowlight,night_lowlight,-0.029749
2019-06-12 11:00:00+00:00,2019-06-12 12:00:00+00:00,0.0,0.0,0.042898,0.0,0.3278262026290893,1.1683506376724244,0.0,0.2211650021057128,0.0,0.0,0.0,0.0,0.0,0.0,0.0,0.0,0.0,0.0,night_lowlight,night_lowlight,-0.042898
2019-06-12 11:15:00+00:00,2019-06-12 12:15:00+00:00,0.0,0.0,0.042025,0.0,0.5684554280281067,1.0833467544555664,0.0,0.2096473427057266,0.0,0.0,0.0,0.0,0.0,0.0,0.0,0.0,0.0,0.0,night_lowlight,night_lowlight,-0.042025
2019-06-12 11:30:00+00:00,2019-06-12 12:30:00+00:00,0.0,0.0,0.0,0.0,0.3302144706249237,0.7853965759277344,0.0,0.0463872738182544,0.0,0.0,0.0,0.0,0.0,0.1702641880785798,0.0,0.0,0.0,0.0,night_lowlight,night_lowlight,0.0
2019-06-12 11:45:00+00:00,2019-06-12 12:45:00+00:00,0.0,0.0,0.0,0.0,0.5356506109237671,0.8080913424491882,0.0,0.145838126540184,0.0,0.0,0.0,0.0,0.0,0.127390692148312,0.0,0.0,0.0,0.0,night_lowlight,night_lowlight,0.0
2019-06-12 12:00:00+00:00,2019-06-12 13:00:00+00:00,0.0,0.0,0.0,0.0,0.5633354187011719,0.7993364334106445,0.0,0.2888015210628509,0.0,0.0,0.0,0.0,0.0,0.3084580781498805,0.0807526961849242,0.0,0.0,0.0,night_lowlight,night_lowlight,0.0
2019-06-12 12:15:00+00:00,2019-06-12 13:15:00+00:00,0.0,0.0,0.0,0.0,0.2542990446090698,0.5667689442634583,0.0,0.3227667808532715,0.0,0.0,0.0,0.0,0.0,0.3084580781498805,0.0,0.0,0.0,0.0,night_lowlight,night_lowlight,0.0
2019-06-12 12:30:00+00:00,2019-06-12 13:30:00+00:00,0.0,0.0,0.0,0.0,0.5335729718208313,0.6592520475387573,0.0,0.4134320020675659,0.0,0.0,0.0,0.0,0.0,0.3855032814027189,0.0,0.0,0.0,0.0,night_lowlight,night_lowlight,0.0
2019-06-12 12:45:00+00:00,2019-06-12 13:45:00+00:00,0.0,0.0,0.0,0.0,0.5701566338539124,0.673591673374176,0.0,0.476954698562622,0.0,0.0,0.0,0.0,0.0,0.3855032814027189,0.0,0.0,0.0,0.0,night_lowlight,night_lowlight,0.0
2019-06-12 13:00:00+00:00,2019-06-12 14:00:00+00:00,0.0,0.0,0.0,0.0,0.4276166260242462,0.5649740099906921,0.0,0.4755104780197143,0.0,0.0,0.0,0.0,0.0,0.3182418971386414,0.0117978776608927,0.0,0.0,0.0,night_lowlight,night_lowlight,0.0
2019-06-12 13:15:00+00:00,2019-06-12 14:15:00+00:00,0.0,0.0,0.0,0.0,0.2791772782802582,0.4419155418872833,0.0,0.3672612011432647,0.0,0.0,0.0,0.0,0.0,0.3182418971386414,0.0117978776608927,0.0,0.0,0.0,night_lowlight,night_lowlight,0.0
2019-06-12 13:30:00+00:00,2019-06-12 14:30:00+00:00,0.0,0.0,0.0,0.0,0.3231562077999115,0.450041115283966,0.0,0.4386389255523681,0.0,0.0,0.0,0.0,0.0,0.3182418971386414,0.0117978776608927,0.0,0.0,0.0,night_lowlight,night_lowlight,0.0
2019-06-12 13:45:00+00:00,2019-06-12 14:45:00+00:00,0.0,0.0,0.0,0.0,0.5434399843215942,0.6037512421607971,0.0,0.483251005411148,0.0,0.0,0.0,0.0,0.0,0.3182418971386414,0.0117978776608927,0.0,0.0,0.0,night_lowlight,night_lowlight,0.0
2019-06-12 14:00:00+00:00,2019-06-12 15:00:00+00:00,0.0,0.0,0.0,0.0,0.1831594705581665,0.2143929749727249,0.0,0.3464566767215729,0.0,0.0,0.0,0.0,0.0,0.0986330441398014,0.0,0.0,0.0,0.0,night_lowlight,night_lowlight,0.0
2019-06-12 14:15:00+00:00,2019-06-12 15:15:00+00:00,0.0,0.0,0.0,0.0,0.0276615023612976,0.0229292791336774,0.0,0.5845339298248291,0.0,0.0,0.0,0.0,0.0,0.0905849331101238,0.0,0.0,0.0,0.0,night_lowlight,night_lowlight,0.0
2019-06-12 14:30:00+00:00,2019-06-12 15:30:00+00:00,0.0,0.0,0.0,0.0,0.0,0.0,0.0,0.6942557096481323,0.0,0.0,0.0,0.0,0.0145872855081347,0.0905849331101238,0.0,0.0,0.0,0.0,night_lowlight,night_lowlight,0.0
2019-06-12 14:45:00+00:00,2019-06-12 15:45:00+00:00,0.0,0.0,0.0,0.0,0.0,0.0,0.0,0.7519771456718445,0.0,0.0,0.0,0.0,0.0282643180582454,0.096247311071426,0.0,0.0,0.0,0.0,night_lowlight,night_lowlight,0.0
2019-06-12 15:00:00+00:00,2019-06-12 16:00:00+00:00,0.0,0.0,0.0,0.0,0.0,0.0,0.0,0.9102481007575988,0.0,0.0,0.0,0.0,0.0219175555177391,0.0829309422794236,0.0,0.0,0.0,0.0,night_lowlight,night_lowlight,0.0
2019-06-12 15:15:00+00:00,2019-06-12 16:15:00+00:00,0.0,0.0,0.0,0.0,0.101050779223442,0.0,0.0,0.970892608165741,0.0,0.0,0.0,0.0,0.0282643180582454,0.0869512168005364,0.0,0.0,0.0,0.0,night_lowlight,night_lowlight,0.0
2019-06-12 15:30:00+00:00,2019-06-12 16:30:00+00:00,0.0,0.0,0.0,0.0,0.2094562500715255,0.0,0.0,0.9320724010467528,0.0,0.0,0.0068592047318816,0.0,0.0282643180582454,0.1143495305491645,0.0,0.0,0.0,0.0,night_lowlight,night_lowlight,0.0
2019-06-12 15:45:00+00:00,2019-06-12 16:45:00+00:00,0.0,0.0,0.0,0.0,0.3658437430858612,0.0,0.0,1.011905312538147,0.0,0.0,0.1726897656917572,0.0,0.0282643180582454,0.1143495305491645,0.0,0.0,0.0,0.0,night_lowlight,night_lowlight,0.0
2019-06-12 16:00:00+00:00,2019-06-12 17:00:00+00:00,0.0,0.0,0.0,0.0,0.5865426063537598,0.603010356426239,0.0,0.9270211458206176,0.0,0.0,0.2076868861913681,0.0,0.0,0.0667239194798739,0.0,0.0,0.0,0.0,night_lowlight,night_lowlight,0.0
2019-06-12 16:15:00+00:00,2019-06-12 17:15:00+00:00,0.0,0.0,0.0,0.0,0.8617791533470154,1.143795132637024,0.0,0.944544553756714,0.0,0.0,0.3320732414722442,0.0,0.0,0.0667239194798739,0.0,0.0,0.0,0.0,night_lowlight,night_lowlight,0.0
2019-06-12 16:30:00+00:00,2019-06-12 17:30:00+00:00,0.0,0.0,0.0,0.0,0.7694652676582336,1.117580533027649,0.0,0.9833415150642396,0.0,0.0,0.4494491517543793,0.0,0.0,0.0667239194798739,0.0,0.043872132897377,0.0,0.0,night_lowlight,night_lowlight,0.0
2019-06-12 16:45:00+00:00,2019-06-12 17:45:00+00:00,0.0,0.0,0.0,0.0,0.9225403070449828,1.6022651195526123,0.0,1.188994288444519,0.0,0.0,0.6659812927246094,0.0,0.0,0.0667239194798739,0.0,0.1591880023479461,0.0,0.0,night_lowlight,night_lowlight,0.0
2019-06-12 17:00:00+00:00,2019-06-12 18:00:00+00:00,0.0,0.0,0.0,0.0,0.8363928198814392,1.6914044618606567,0.0,1.2000741958618164,0.0,0.0,0.6697043180465698,0.0160077828913927,0.0,0.0667239194798739,0.0,0.2491968721151352,0.0,0.0,night_lowlight,night_lowlight,0.0
2019-06-12 17:15:00+00:00,2019-06-12 18:15:00+00:00,0.0,0.0,0.0,0.0478517077863216,0.9848151803016664,1.9760899543762207,0.0,1.2787511348724363,0.0,0.0,0.7630153298377991,0.2460775673389434,0.0,0.0667239194798739,0.0,0.2935728132724762,0.0,0.0,night_lowlight,night_lowlight,0.0
2019-06-12 17:30:00+00:00,2019-06-12 18:30:00+00:00,0.0,0.0,0.0,0.1093174666166305,1.0689657926559448,2.1814916133880615,0.0311678294092416,1.4101582765579224,0.2489501684904098,0.114954225718975,0.8458160758018494,0.3981990218162536,0.0,0.0667239194798739,0.0,0.3575296401977539,0.0,0.0,night_lowlight,night_lowlight,0.0
2019-06-12 17:45:00+00:00,2019-06-12 18:45:00+00:00,0.0,0.0,0.0,0.0903297215700149,0.9339033365249634,2.1007728576660156,0.0977707132697105,1.3932480812072754,0.2952101230621338,0.1588345170021057,0.8306688666343689,0.4482874274253845,0.0,0.0667239194798739,0.0,0.4494527876377105,0.0,0.0,night_lowlight,night_lowlight,0.0
2019-06-12 18:00:00+00:00,2019-06-12 19:00:00+00:00,0.0,0.0,0.0,0.0933307409286499,0.9062461256980896,1.8833130598068235,0.1164353787899017,1.6027685403823853,0.3665715754032135,0.1117118522524833,0.9871033430099488,0.4693737328052521,0.0282643180582454,0.0589197050317097,0.0,0.560312807559967,0.0,0.0,night_lowlight,night_lowlight,0.0
2019-06-12 18:15:00+00:00,2019-06-12 19:15:00+00:00,0.0,0.0,0.0,0.2188685238361358,1.0107320547103882,1.9722169637680056,0.1893466711044311,1.7303926944732666,0.4381552636623382,0.2562558054924011,1.0773084163665771,0.5797305703163147,0.0282643180582454,0.0589197050317097,0.0,0.7240321636199951,0.0,0.0,night_lowlight,night_lowlight,0.0
2019-06-12 18:30:00+00:00,2019-06-12 19:30:00+00:00,0.0,0.0,0.0,0.3119736313819885,1.1785634756088257,2.045560359954834,0.2494172751903534,2.0050582885742188,0.5969818234443665,0.3045848608016968,1.2470440864562988,0.6774086356163025,0.0,0.0589197050317097,0.0,0.8442011475563049,0.0,0.0,night_lowlight,night_lowlight,0.0
2019-06-12 18:45:00+00:00,2019-06-12 19:45:00+00:00,0.0,0.0,0.0,0.4032773375511169,1.35077965259552,2.0921664237976074,0.338781863451004,2.269623041152954,0.7760369181632996,0.371399462223053,1.369067668914795,0.7737306356430054,0.0,0.0589197050317097,0.0,0.9405097365379332,0.0,0.1187649667263031,night_lowlight,night_lowlight,0.0
2019-06-12 19:00:00+00:00,2019-06-12 20:00:00+00:00,0.0,0.0,0.0,0.485451191663742,1.5404218435287476,2.310582399368286,0.4505923986434936,2.469717025756836,0.9444223046302797,0.4354585409164428,1.5190526247024536,0.8702051043510437,0.0,0.0667239194798739,0.0,1.0585906505584717,0.0,0.2185763865709304,night_lowlight,night_lowlight,0.0
2019-06-12 19:15:00+00:00,2019-06-12 20:15:00+00:00,0.0,0.0,0.0,0.5761255025863647,1.8405829668045044,2.5616142749786377,0.5598537921905518,2.627486228942871,1.1497523784637451,0.4964459836483001,1.6839900016784668,1.0597888231277466,0.0,0.0667239194798739,0.0,1.178560495376587,0.0,0.3445830047130584,night_lowlight,night_lowlight,0.0
2019-06-12 19:30:00+00:00,2019-06-12 20:30:00+00:00,0.0,0.0,0.0,0.6467159390449524,1.9013376235961912,2.735898494720459,0.6597201228141785,2.689944267272949,1.3698077201843262,0.5740086436271667,1.7040231227874756,1.178314447402954,0.0,0.0667239194798739,0.0,1.2752565145492554,0.0,0.4971890151500702,night_lowlight,night_lowlight,0.0
2019-06-12 19:45:00+00:00,2019-06-12 20:45:00+00:00,0.0,0.0,0.0,0.7398427128791809,2.0146336555480957,2.9818482398986816,0.7588585019111633,2.7767651081085205,1.5457794666290283,0.6880573630332947,1.717456936836243,1.3524788618087769,0.0,0.0667239194798739,0.0,1.399320125579834,0.0092076379805803,0.6794646382331848,night_lowlight,night_lowlight,0.0
2019-06-12 20:00:00+00:00,2019-06-12 21:00:00+00:00,0.0,0.0,0.0,0.8411769270896912,2.3557488918304443,3.221555233001709,0.7961272597312927,2.96889591217041,1.6322581768035889,0.7549498081207275,1.8584768772125244,1.5807833671569824,0.0,0.0882537272111839,0.0,1.5133845806121826,0.2048190385103225,0.8687410950660706,night_lowlight,night_lowlight,0.0
2019-06-12 20:15:00+00:00,2019-06-12 21:15:00+00:00,0.064569,7.0,0.0,0.928659200668335,2.5436291694641113,3.445528507232666,0.8793331980705261,3.0756466388702393,1.815864324569702,0.82872074842453,1.9321811199188232,1.785753607749939,0.0,0.0882537272111839,0.0,1.6289193630218506,0.3086002171039581,1.0550042390823364,night_lowlight,night_lowlight,0.064569
2019-06-12 20:30:00+00:00,2019-06-12 21:30:00+00:00,0.352939,13.0,0.0,1.0376213788986206,2.7446606159210205,3.774872064590454,0.989208161830902,3.166952848434448,2.020702838897705,0.9464519619941713,1.998511791229248,2.05790376663208,0.0,0.0970176494638976,0.0,1.7407290935516355,0.4491253793239593,1.2727597951889038,night_lowlight,night_lowlight,0.352939
2019-06-12 20:45:00+00:00,2019-06-12 21:45:00+00:00,0.613471,21.0,0.0,1.179131269454956,2.976801872253418,4.067735195159912,1.113874435424805,3.3007497787475586,2.2421367168426514,1.104047179222107,2.0913851261138916,2.3519468307495117,0.0,0.1779589519903184,0.103583712955445,1.818578004837036,0.6304807066917419,1.4951584339141846,day_low,day_stable,0.613471
2019-06-12 21:00:00+00:00,2019-06-12 22:00:00+00:00,1.034277,33.0,0.0,1.2928643226623535,3.1870174407958984,4.158310890197754,1.1653352975845337,3.515909194946289,2.427522659301758,1.1165478229522705,2.250896692276001,2.5595550537109375,0.0871441945978328,0.3429320596676229,0.3048746219696547,1.8942784070968628,0.8191402554512024,1.6759016513824463,day_low,day_stable,1.034277
2019-06-12 21:15:00+00:00,2019-06-12 22:15:00+00:00,1.681395,51.0,0.064569,1.4933048522415162,3.4961402451934815,4.371059421295166,1.324433330291748,3.797248605484009,2.6312973535003663,1.2547372615280152,2.481802228683472,2.7855382001342774,1.0703216380283913,1.0154549103379025,0.9071445031702632,2.038069967025757,1.054319921726227,1.895744446510315,day_low,day_stable,1.6168259999999999
2019-06-12 21:30:00+00:00,2019-06-12 22:30:00+00:00,2.4110080000000003,74.0,0.352939,1.9087041519775392,3.8173702858581544,4.79875313269043,1.7109671734466554,4.155711283554077,3.103798260559082,1.6869259976043702,2.7568780087127687,3.1471615933074952,1.1596018381248423,1.284217831574176,1.189814055674652,2.4208131931915284,1.384051551689148,2.378707518447876,day_low,day_stable,2.058069
2019-06-12 21:45:00+00:00,2019-06-12 22:45:00+00:00,3.514383,111.0,0.613471,2.3875460312805177,4.480508296295166,5.465262858673095,2.052873222633362,4.614130942626953,3.4922699616394044,2.149244754119873,3.2025694535217286,3.6814911053619386,1.9266153214056247,1.977715824449751,1.8624025804614728,2.8309874222717286,1.8684842274627689,2.8329374478302003,day_low,day_stable,2.900912
2019-06-12 22:00:00+00:00,2019-06-12 23:00:00+00:00,4.879875,156.0,1.034277,3.0451925178070067,5.225594558288574,6.157630958129882,2.719925798942566,5.2706122775573725,4.254995145370483,2.838676490356445,3.914010085632324,4.450454034378051,2.902129319494643,1.973474226081755,1.7551887020027854,3.4573393245239257,2.3899250407714843,3.353173770477295,day_low,day_stable,3.8455980000000003
2019-06-12 22:15:00+00:00,2019-06-12 23:15:00+00:00,4.837328,156.0,1.681395,3.929540580291748,5.881479686279297,7.132900184173584,3.5281334576797487,5.998075431365967,5.164582675476074,3.651855772514343,4.650769179840088,5.277335589904785,4.936998634125603,3.4815511398781354,3.590624914909567,4.234349196929932,3.03657192565918,4.192465251464844,day_low,day_stable,3.155933
2019-06-12 22:30:00+00:00,2019-06-12 23:30:00+00:00,6.093281,176.0,2.4110080000000003,4.930792927368165,6.986752628906251,8.198472141845704,4.346170544250489,6.95442020855713,6.055543779953004,4.45076858959961,5.59586775265503,6.148805975540162,6.257690052631045,4.53582827561823,4.662026038409483,5.049814343078614,3.9651731248931887,5.0843402143554695,day_low,day_stable,3.682273
2019-06-12 22:45:00+00:00,2019-06-12 23:45:00+00:00,4.141375,121.0,3.514383,6.298042934997559,8.230669182403565,9.57322613583374,5.5098475633697515,8.137619179351807,7.259514254196168,5.657491367919922,6.733740013702393,7.4251918016510015,7.172578104470768,5.373892746237321,6.09221040930154,6.290759962661744,5.062463444335938,6.379461449249268,day_low,day_stable,0.626992
2019-06-12 23:00:00+00:00,2019-06-13 00:00:00+00:00,6.066922,173.0,4.879875,7.795929248809815,9.490802104949951,10.421685989379885,7.163459833145142,9.603898818969729,8.783610876083374,7.317971523284912,8.037929828643799,8.999708946228028,8.790965279742794,6.230881216439371,7.17885839549609,7.786062534332276,6.356939967155457,7.786104019165039,day_low,day_stable,1.1870469999999997
2019-06-12 23:15:00+00:00,2019-06-13 00:15:00+00:00,7.100188,211.0,4.837328,7.894421143463135,10.240599198272704,10.885732216766357,7.5089991521148685,9.75221018307495,9.009244007995605,7.47794513218689,8.16624645703125,9.167808098724365,10.13636778391239,7.220637329560648,8.076982177996502,7.856689972808838,6.49932853691864,7.899958414962769,day_low,day_stable,2.26286
2019-06-12 23:30:00+00:00,2019-06-13 00:30:00+00:00,7.051297,215.0,6.093281,9.19837590966797,11.455955713134768,11.606893747192384,8.609796493392945,10.852407663208009,10.009119479995729,8.670612066131593,9.163157909255984,10.446881025177005,11.45801784042625,8.53280240499553,9.249926663577387,9.200763194900514,7.665481059890747,9.18707629953003,day_low,day_stable,0.9580159999999998
2019-06-12 23:45:00+00:00,2019-06-13 00:45:00+00:00,4.397094,138.0,4.141375,7.519468242645264,11.264944011688232,11.64392798614502,7.400081092834473,9.463004524230955,9.016710216522217,7.000392848968506,7.783933813095093,8.92711489868164,9.7769138506283,7.203006693313196,7.710079472527476,7.379101211547852,6.421030933380127,7.5082122631073,day_low,day_stable,0.25571900000000003
2019-06-13 00:00:00+00:00,2019-06-13 01:00:00+00:00,5.850906,162.0,6.066922,9.389521172592165,12.435851862976074,12.484865477630615,9.81911115939331,11.614703944274902,11.428171923706056,9.354703238555908,9.966037324020386,11.326978972503662,11.540768693835966,10.002588358587952,10.38749611290155,9.280894568511965,8.519859364578247,9.160131505081177,day_low,day_stable,-0.21601599999999976
2019-06-13 00:15:00+00:00,2019-06-13 01:15:00+00:00,7.8505,225.0,7.100188,10.263181907928466,12.65624974468994,12.612966282165528,10.462475759780885,12.350440723693849,12.047670109069823,10.214696152008056,10.640825731552123,12.284262878692626,12.50962588053008,11.06142439149142,11.068346726805355,10.260233146942138,9.345669252670287,10.002496702468871,day_low,day_stable,0.7503120000000001
2019-06-13 00:30:00+00:00,2019-06-13 01:30:00+00:00,13.20025,355.0,7.051297,10.33495908076477,13.341523936340332,13.073190501281738,10.292142203399658,12.36780147845459,12.02781420046997,10.08561497027588,10.772187283584596,12.301115801879885,13.635185090149118,12.550317896918592,11.201731420045157,10.224316886016846,9.616524031707764,9.996670773574827,day_medium,day_stable,6.148953000000001
2019-06-13 00:45:00+00:00,2019-06-13 01:45:00+00:00,13.60494,445.0,4.397094,7.908103693145752,12.827318418640136,12.624557722229005,8.264281023162841,10.70948766531372,10.6470563298645,7.664320457595825,9.171119917053222,10.305186498779296,11.523595855778153,10.224604277620488,9.126948350703058,7.639182317871094,7.900766122955322,7.752200353759766,day_medium,day_ramp_up,9.207846
2019-06-13 01:00:00+00:00,2019-06-13 02:00:00+00:00,7.681625,238.0,5.850906,9.24173842416382,13.218933687072754,13.68228732095337,9.613487825256348,11.829061612945557,12.016848668914797,9.582070693832398,10.304025277954102,12.00924740777588,10.76230387869167,9.745398491080104,8.351723596423378,8.868975505691528,9.126088008743286,9.043188438278198,day_low,day_stable,1.8307190000000002
2019-06-13 01:15:00+00:00,2019-06-13 02:15:00+00:00,4.8717809999999995,142.0,7.8505,10.723354471206664,12.97777975845337,13.081084621429444,10.26918281364441,12.703756225585938,12.736851108551026,10.690489185333252,11.375305307388306,13.13085831451416,11.468398102035485,11.070109374831326,10.729814915906024,10.678379905700684,10.277208459854126,10.646407020568848,day_low,day_stable,-2.978719000000001
2019-06-13 01:30:00+00:00,2019-06-13 02:30:00+00:00,4.870578,133.0,13.20025,14.975506752967837,15.870164960861208,14.575649589538576,13.53074538731575,16.146912425994874,14.455193251609805,14.764358848571778,14.956721633911132,16.356495946884156,13.031285557696084,12.833395358567362,14.453999954858856,15.813665241241456,14.658569067955018,15.258856624603272,day_low,day_ramp_down,-8.329672
2019-06-13 01:45:00+00:00,2019-06-13 02:45:00+00:00,7.388063000000001,201.0,13.60494,14.767049971046449,16.036393943252563,15.23675471824646,13.1154500274086,16.299434009017943,14.39413643163681,14.393129888000487,14.293540361347198,15.987386765899656,13.431375736284147,13.543193836390897,14.773840148973973,15.73744708580017,14.677300038757323,14.942273917617795,day_low,day_stable,-6.216876999999998
2019-06-13 02:00:00+00:00,2019-06-13 03:00:00+00:00,10.906,330.0,7.681625,10.83431636428833,16.4177728805542,15.520204654693604,10.898949733734131,13.624028316497805,13.78726922607422,10.799373498916626,11.199735036849976,13.333198181152344,14.474419002330626,14.037288843092808,12.94865863091838,10.140053144454956,11.665277830123902,10.04262959098816,day_medium,day_stable,3.224375
2019-06-13 02:15:00+00:00,2019-06-13 03:15:00+00:00,9.524813,287.0,4.8717809999999995,8.284656413894652,13.90801680932617,14.130878099304198,9.188363202911376,11.472077974182127,12.212191709381102,8.5749744261322,9.773928769927975,11.540642865997311,10.562827108817666,11.382827970156267,9.268169008602085,7.5825589979705805,8.664214500289916,8.041168340545653,day_medium,day_stable,4.6530320000000005
2019-06-13 02:30:00+00:00,2019-06-13 03:30:00+00:00,8.338094,247.0,4.870578,7.764996478012085,12.704160401275637,14.119825550964356,8.86027879421997,11.41348571484375,12.328697869232178,8.732397982528687,9.980508992126463,11.861183354309082,10.12911269337087,10.718617655450576,8.990992448150879,7.595336386611939,8.007871100357056,8.136307188919067,day_medium,day_stable,3.467516
2019-06-13 02:45:00+00:00,2019-06-13 03:45:00+00:00,5.899141,174.0,7.388063000000001,9.366977976119996,12.726715133941653,13.418956325805665,9.93883900479126,12.67059473828125,12.803291843688966,10.363746450698851,11.066091583526612,13.287504719055176,10.139016942363709,12.06594992510808,11.668030506806552,9.940900371826173,9.22927872971344,10.200152443206788,day_low,day_stable,-1.4889220000000005
2019-06-13 03:00:00+00:00,2019-06-13 04:00:00+00:00,10.18391,279.0,10.906,11.76048467731476,14.511396986007693,13.666630130767825,12.820810061454774,16.1067737159729,16.654618125915526,13.673056465148926,13.491694789886475,16.820029121398925,12.10431980882425,14.526716886632125,14.417761406398972,13.088467460632325,11.810365062713624,12.629964095115662,day_medium,day_stable,-0.7220900000000015
2019-06-13 03:15:00+00:00,2019-06-13 04:15:00+00:00,16.109189999999998,521.0,9.524813,10.254801098144531,12.518344703948976,12.665270153320312,11.449592534339905,14.57890063885498,15.63505822781372,12.141879383361816,11.904922786987305,15.635937038696287,11.238737449407534,14.46823480085076,13.893074572130594,11.328999582565308,10.474457148349762,10.934607926643372,day_medium,day_stable,6.584376999999998
2019-06-13 03:30:00+00:00,2019-06-13 04:30:00+00:00,28.241940000000003,903.0,8.338094,9.160072449821472,12.14415073789978,12.671665434020996,10.585720781463625,13.356222871917725,14.386191133636476,11.113087181228638,10.847524646896362,14.47480750479126,12.27251088541748,14.952976437714618,14.556482502579188,10.07395768560791,9.293227020877838,9.757894281524658,day_high,day_ramp_up,19.903846
2019-06-13 03:45:00+00:00,2019-06-13 04:45:00+00:00,17.57481,545.0,5.899141,7.244614885536194,10.726431534973145,11.446563885894776,8.772847579208374,11.377015755859375,12.35650412866211,8.694998429504395,9.364084408966065,12.25626294442749,7.90300658150353,11.93706774674313,10.522034951971053,7.534288452354431,7.549110100952149,7.389389918533325,day_medium,day_ramp_up,11.675669
2019-06-13 04:00:00+00:00,2019-06-13 05:00:00+00:00,19.22681,653.0,10.18391,9.61618732181549,11.60202180114746,11.76859198776245,11.723172056350707,14.1538430329895,15.191675769958495,12.080307471427917,12.091734754714963,15.283859359893798,9.178761549797152,12.58075270537486,12.00164606294887,11.191078054580688,11.087194549713134,10.747281181488036,day_high,day_ramp_up,9.042900000000001
2019-06-13 04:15:00+00:00,2019-06-13 05:15:00+00:00,15.21888,470.0,16.109189999999998,13.182623637619017,13.276718390884398,11.4054751524353,13.782588733139036,16.902940464916227,15.35690589040756,15.863007513585089,14.795273078384398,17.56422032207489,12.41763662654128,15.027170839901403,15.263835976704112,16.414753062429426,14.303361309471128,15.056256545486448,day_medium,day_stable,-0.8903099999999977
2019-06-13 04:30:00+00:00,2019-06-13 05:30:00+00:00,13.10859,467.0,28.241940000000003,22.58219812149048,21.710323312225345,18.851396062316898,21.37111184829712,25.37591717475891,21.491746404113773,25.18886301750183,23.904553391876224,25.03806803459168,18.371544610753237,21.00683676666359,21.469366219219783,27.32267747158051,22.753376939239505,25.375436761322025,day_medium,day_ramp_down,-15.133350000000004
2019-06-13 04:45:00+00:00,2019-06-13 05:45:00+00:00,9.959688,322.0,17.57481,13.285831900177,14.496234865722656,13.316481085357664,13.35195157104492,16.948088260231017,15.475977154312131,16.0806054788208,14.67286417060852,16.76277467781067,15.358783659735485,16.705673987463246,17.42297678375885,16.372928710517883,14.887681932983398,14.281137438354492,day_medium,day_stable,-7.6151219999999995
2019-06-13 05:00:00+00:00,2019-06-13 06:00:00+00:00,7.622781,227.0,19.22681,14.114871046600342,15.586283705291748,13.800878069458008,14.457002184448244,17.510189554748536,15.785472176132204,17.131500980911255,16.054049513397217,17.660320184288025,14.616895859581987,15.441789170535596,18.19918170279834,17.09908439880371,16.273596069869996,15.381078503189087,day_low,day_ramp_down,-11.604029
2019-06-13 05:15:00+00:00,2019-06-13 06:15:00+00:00,18.694811,254.0,15.21888,11.026660265808106,14.252435269241332,12.830120148544312,12.504090847854616,14.650984647159577,13.540808024291993,14.112140717391968,13.145190539245606,14.77691632736206,11.784055709593227,12.020791560519816,15.212001552195025,12.917533221130372,13.405894937400818,11.546899618988038,day_medium,day_stable,3.475931000000001
2019-06-13 05:30:00+00:00,2019-06-13 06:30:00+00:00,24.247560999999997,737.0,13.10859,9.148822896804807,12.679675274219512,11.021817558135986,10.76801335128784,12.619638674583436,11.76499354156494,12.021441214408874,11.450361245002746,13.102737477671504,11.60977204466314,11.39951812675111,14.43400897613973,10.437899463500976,12.104060523834228,9.709654682006835,day_high,day_ramp_up,11.138970999999998
2019-06-13 05:45:00+00:00,2019-06-13 06:45:00+00:00,17.70956,592.0,9.959688,7.063470892227173,11.73455815724182,10.544668547428133,9.593091539657593,10.407666675365448,10.583026878154756,9.608413867271423,9.429543904579162,11.131367615974426,8.059071793427751,6.615536835151261,9.617223803524729,7.266378454483032,10.099337838209152,7.433492473876953,day_medium,day_stable,7.749872
2019-06-13 06:00:00+00:00,2019-06-13 07:00:00+00:00,10.1885,332.0,7.622781,5.160911283355713,9.91488738999939,9.387858352523804,7.574844139528036,8.505486688476562,8.333336791854858,7.637074598942458,7.666481654059648,8.845733604293823,7.173913143850278,6.793054049284688,8.410247775666983,5.29332109437561,7.98287381873703,5.739316902023315,day_medium,day_stable,2.5657189999999996
2019-06-13 06:15:00+00:00,2019-06-13 07:15:00+00:00,11.79369,340.0,18.694811,14.199137343536378,16.995957030426027,14.330700053344728,15.825812949310304,17.028662456642152,14.9648522273407,16.938098086486818,16.42754138864136,16.767497433792116,7.396100404354128,5.30079459673428,6.423740784852996,15.81244434274292,16.02205790437317,15.992414607177736,day_medium,day_stable,-6.901121000000002
2019-06-13 06:30:00+00:00,2019-06-13 07:30:00+00:00,2.775664,92.0,24.247560999999997,17.114857695709226,18.711507819305417,15.114377520690915,16.43115904153442,19.360123179565427,15.523059390197751,19.71625664056396,18.30230047525024,18.74967005075073,12.682154865591636,11.802099740048366,12.428072079454564,20.50384166062927,17.593944094787595,19.85789825738525,day_low,day_ramp_down,-21.471897
2019-06-13 06:45:00+00:00,2019-06-13 07:45:00+00:00,1.2242620000000002,39.0,17.70956,10.556830011901855,12.1406484475708,9.695427500305176,9.771262728271484,13.57024868637085,10.824044786987304,13.094629847106932,11.892508112487793,12.136331640777588,9.95654139505422,9.43295815330052,10.49544198912263,13.60171898513794,11.417100035247802,12.80393894821167,day_low,day_ramp_down,-16.485298
2019-06-13 07:00:00+00:00,2019-06-13 08:00:00+00:00,0.61142,22.0,10.1885,5.197321487426757,8.874334050178527,7.447840286254882,3.6247659454345698,6.666361881256103,4.516517711639404,6.575004173278808,5.6245933303833,5.763294769287109,7.390732267616987,6.257059810760438,7.760920653999558,6.6476088294982905,5.093092990875244,6.240664316177368,day_low,day_ramp_down,-9.577079999999999
2019-06-13 07:15:00+00:00,2019-06-13 08:15:00+00:00,0.281477,10.0,11.79369,6.117562566223144,9.909257922592165,7.652563844146728,4.755092893066406,8.366213593902588,5.58665875,7.903341803970337,7.172051225128174,6.897193704071045,5.649394004219403,4.02719034089685,5.643977985818491,8.231825862350464,6.655330930175781,7.636873040618896,night_lowlight,night_lowlight,-11.512213
2019-06-13 07:30:00+00:00,2019-06-13 08:30:00+00:00,0.184201,9.0,2.775664,0.468840507949829,6.055207876647949,5.124588160003662,1.257440118278503,3.2358157021656035,1.8851605934753417,1.8820936960830688,1.1842297596588134,1.2058384699478149,4.102736324588691,1.9593651329300927,3.7305744345882417,0.4107848686828612,1.6640671772613524,0.4939488453521727,night_lowlight,night_lowlight,-2.591463
2019-06-13 07:45:00+00:00,2019-06-13 08:45:00+00:00,0.22428,9.0,1.2242620000000002,0.0,3.7951920041198735,3.2080857762451176,0.7894265660400392,2.4244960555191044,1.1622603469843866,1.3478124373908045,0.1194951542968751,0.6494736084098818,1.749023863513902,0.4672275828699848,2.07881674130591,0.0,0.5484715708847048,0.0,night_lowlight,night_lowlight,-0.9999820000000001
2019-06-13 08:00:00+00:00,2019-06-13 09:00:00+00:00,0.180394,7.0,0.61142,0.0,2.5340407733154295,2.4930673484039305,0.0,1.4426835421752928,0.0,0.6843033898901939,0.0,0.0,1.0092592363327462,0.5047841915655703,1.6607014436190055,0.0,0.0,0.0,night_lowlight,night_lowlight,-0.43102599999999996
2019-06-13 08:15:00+00:00,2019-06-13 09:15:00+00:00,0.200744,8.0,0.281477,0.0,1.4457043664474487,1.7340215699691772,0.0,1.3308865087051391,0.0,0.1264044748563766,0.0,0.0,1.251978561555097,0.6587336901564138,1.8421933292039856,0.0,0.0,0.0,night_lowlight,night_lowlight,-0.08073299999999997
2019-06-13 08:30:00+00:00,2019-06-13 09:30:00+00:00,0.786297,23.0,0.184201,0.0,1.8623974302062989,2.621609685684204,0.0,2.097858784461975,0.0,0.754331467414856,0.1294344307134151,0.0121386327991485,0.3394557163744057,0.0,0.7916612020217317,0.0,0.0,0.0,day_low,day_stable,0.602096
2019-06-13 08:45:00+00:00,2019-06-13 09:45:00+00:00,2.339914,66.0,0.22428,0.0,1.4400256874847412,2.2781683209228514,0.0,1.896061063079834,0.0,0.8436916473197937,0.0,0.0,0.3103651055709012,0.0,0.6095909546901931,0.0,0.0,0.0,day_low,day_stable,2.115634
2019-06-13 09:00:00+00:00,2019-06-13 10:00:00+00:00,2.513219,75.0,0.180394,0.0,0.880702084487915,1.6852082671585082,0.0,1.7063333453598022,0.0,0.4080989571275711,0.0,0.0,0.2030440527010328,0.2012979020450493,0.949891823399906,0.0,0.0,0.0,day_low,day_stable,2.3328249999999997
2019-06-13 09:15:00+00:00,2019-06-13 10:15:00+00:00,2.759969,87.0,0.200744,0.0,1.1448476581993103,2.0253386168899534,0.0,1.8840647607269287,0.0,0.5189776390018463,0.0,0.0,0.0250702637585046,0.0,0.5883188951280209,0.0,0.0,0.0,day_low,day_stable,2.559225
2019-06-13 09:30:00+00:00,2019-06-13 10:30:00+00:00,2.144352,70.0,0.786297,0.0,1.3270827298851011,2.13534644896698,0.4034430449695587,2.291053093025208,0.0,0.8847996955604553,0.1896034246177673,0.3155378168315887,0.0005931370470344,0.0,0.4570365100002588,0.2135022645683288,0.0,0.0,day_low,day_stable,1.358055
2019-06-13 09:45:00+00:00,2019-06-13 10:45:00+00:00,1.512137,50.0,2.339914,0.3937443852081297,1.9940773903980251,2.6950851738109587,1.6848454236640928,3.088921523059845,0.6921151041641234,2.1398162006988524,0.9447220921173094,1.237245118583679,0.0,0.0,0.4932346722176104,1.6525379776611326,0.1134690403594969,0.5345033764495848,day_low,day_stable,-0.8277769999999998
2019-06-13 10:00:00+00:00,2019-06-13 11:00:00+00:00,0.989297,32.0,2.513219,0.0,1.5365362178268431,1.3347268115463256,1.074612618583679,2.8691476296367644,0.4500087510528563,1.5874583732070922,0.8136324893417357,1.0906944285812377,0.0,0.0,0.2195160813330214,1.5733754049720765,0.0,0.3675788651885985,day_low,day_stable,-1.5239219999999998
2019-06-13 10:15:00+00:00,2019-06-13 11:15:00+00:00,0.5718260000000001,18.0,2.759969,0.0,1.7735865751686095,1.4849021474304198,1.0029236117782592,2.963812519091606,0.6396799127044677,1.7218451539459227,1.0718975106658934,1.2537394801559447,0.0,0.0,0.2747151458141766,1.8302887121620175,0.0082116166534422,0.6580290833892821,night_lowlight,night_lowlight,-2.1881429999999997
2019-06-13 10:30:00+00:00,2019-06-13 11:30:00+00:00,0.214778,7.0,2.144352,0.0,0.9596119334716796,0.0471899917144775,0.2477223088760376,2.2954428752679825,0.0,0.820019405128479,0.6463910748977661,0.5142757108230591,0.0,0.0,0.0554514448973826,1.028307478668213,0.0,0.0,night_lowlight,night_lowlight,-1.9295740000000001
2019-06-13 10:45:00+00:00,2019-06-13 11:45:00+00:00,0.0,0.0,1.512137,0.0,0.7514945310707093,0.588242535030365,0.0,1.8298339289779664,0.0,0.6678144973869324,0.1561179799194336,0.0605517071838379,0.0,0.0,0.0535682630731549,0.5506936949844361,0.0,0.0,night_lowlight,night_lowlight,-1.512137
2019-06-13 11:00:00+00:00,2019-06-13 12:00:00+00:00,0.0,0.0,0.989297,0.0,0.2526007567138671,0.0426839266510009,0.0,1.3885208938808442,0.0,0.0,0.0,0.0,0.0,0.0,0.112968113143368,0.2312873874397277,0.0,0.0,night_lowlight,night_lowlight,-0.989297
2019-06-13 11:15:00+00:00,2019-06-13 12:15:00+00:00,0.0,0.0,0.5718260000000001,0.0,0.0,0.0,0.0,1.0249262640724184,0.0,0.0,0.0,0.0,0.0,0.0,0.2470012881646565,0.0,0.0,0.0,night_lowlight,night_lowlight,-0.5718260000000001
2019-06-13 11:30:00+00:00,2019-06-13 12:30:00+00:00,0.0,0.0,0.214778,0.0,0.0935944556026458,0.0,0.0,0.7057208358078003,0.0,0.0,0.0,0.0,0.0,0.0,0.2518258609985815,0.0,0.0,0.0,night_lowlight,night_lowlight,-0.214778
2019-06-13 11:45:00+00:00,2019-06-13 12:45:00+00:00,0.0,0.0,0.0,0.0,0.0,0.0,0.0,0.5768912434577942,0.0,0.0,0.0,0.0,0.0,0.0,0.1192197839359151,0.0,0.0,0.0,night_lowlight,night_lowlight,0.0
2019-06-13 12:00:00+00:00,2019-06-13 13:00:00+00:00,0.0,0.0,0.0,0.0,0.0436751767992973,0.0,0.0,0.6556559801101685,0.0,0.0,0.1234514191746711,0.0,0.0,0.0,0.0280637482872865,0.0,0.0,0.0,night_lowlight,night_lowlight,0.0
2019-06-13 12:15:00+00:00,2019-06-13 13:15:00+00:00,0.0,0.0,0.0,0.0,0.0230675879865884,0.0,0.0,0.6233967542648315,0.0,0.0,0.1576350778341293,0.0,0.0,0.0825045832529289,0.0280637482872865,0.0008731845300644,0.0,0.0,night_lowlight,night_lowlight,0.0
2019-06-13 12:30:00+00:00,2019-06-13 13:30:00+00:00,0.0,0.0,0.0,0.0,0.0,0.0,0.0,0.5408869385719299,0.0,0.0,0.0,0.0,0.0,0.0825045832529289,0.0280637482872865,0.1060948520898819,0.0,0.0,night_lowlight,night_lowlight,0.0
2019-06-13 12:45:00+00:00,2019-06-13 13:45:00+00:00,0.0,0.0,0.0,0.0,0.0,0.0,0.0,0.5488070249557495,0.0,0.0,0.0,0.0,0.0,0.0825045832529289,0.0280637482872865,0.2061356604099273,0.0,0.0,night_lowlight,night_lowlight,0.0
2019-06-13 13:00:00+00:00,2019-06-13 14:00:00+00:00,0.0,0.0,0.0,0.0,0.0,0.0,0.0,0.4936240017414093,0.0,0.0,0.0,0.0,0.0,0.0825045832529289,0.0,0.3154056668281555,0.0,0.0,night_lowlight,night_lowlight,0.0
2019-06-13 13:15:00+00:00,2019-06-13 14:15:00+00:00,0.0,0.0,0.0,0.0,0.0,0.0,0.0,0.5228761434555054,0.0,0.0,0.0,0.0,0.0,0.0825045832529289,0.0130346080407615,0.4281887412071228,0.0,0.0,night_lowlight,night_lowlight,0.0
2019-06-13 13:30:00+00:00,2019-06-13 14:30:00+00:00,0.0,0.0,0.0,0.0,0.0,0.0,0.0,0.5697460174560547,0.0,0.0,0.0144586870446801,0.0,0.0,0.0825045832529289,0.0130346080407615,0.5204321146011353,0.0,0.0,night_lowlight,night_lowlight,0.0
2019-06-13 13:45:00+00:00,2019-06-13 14:45:00+00:00,0.0,0.0,0.0,0.0,0.2218135893344879,0.0,0.0,0.6504523754119873,0.0,0.0,0.2310713082551956,0.0,0.0,0.0825045832529289,0.0130346080407615,0.6043776273727417,0.0,0.0,night_lowlight,night_lowlight,0.0
2019-06-13 14:00:00+00:00,2019-06-13 15:00:00+00:00,0.0,0.0,0.0,0.0,0.2765968143939972,0.0,0.0,0.7117058634757996,0.0,0.0,0.3206211030483246,0.0,0.0,0.0825045832529289,0.0454353599652643,0.6659383177757263,0.0,0.0,night_lowlight,night_lowlight,0.0
2019-06-13 14:15:00+00:00,2019-06-13 15:15:00+00:00,0.0,0.0,0.0,0.0,0.1091253608465194,0.0,0.0,0.6566240191459656,0.0,0.0,0.2109798491001129,0.0,0.0,0.0825045832529289,0.0454353599652643,0.7331124544143677,0.0,0.0,night_lowlight,night_lowlight,0.0
2019-06-13 14:30:00+00:00,2019-06-13 15:30:00+00:00,0.0,0.0,0.0,0.0,0.3027620613574981,0.0,0.0,0.793993353843689,0.0,0.0,0.365793764591217,0.0,0.0,0.0825045832529289,0.0495951586211951,0.8399491310119629,0.0,0.0,night_lowlight,night_lowlight,0.0
2019-06-13 14:45:00+00:00,2019-06-13 15:45:00+00:00,0.0,0.0,0.0,0.0,0.3940633237361908,0.0,0.0,0.8778674006462097,0.0,0.0,0.480189561843872,0.0,0.0,0.0825045832529289,0.0454353599652643,0.9208271503448486,0.0,0.0,night_lowlight,night_lowlight,0.0
