origin_utc,target_utc,actual_MW,target_irradiance_Wm2,persistence_seed0,GRU_local_seed17,GRU_local_seed42,GRU_local_seed2026,GRU_local_surface_seed17,GRU_local_surface_seed42,GRU_local_surface_seed2026,GRU_local_surface_pressure_seed17,GRU_local_surface_pressure_seed42,GRU_local_surface_pressure_seed2026,HGB_local_seed42,HGB_local_surface_seed42,HGB_local_surface_pressure_seed42,LSTM_seed17,LSTM_seed42,LSTM_seed2026,irradiance_scene,ramp_scene,delta_power_MW
2019-04-25 00:00:00+00:00,2019-04-25 00:15:00+00:00,1.09725,54.0,0.835516,1.7073460461769103,1.5599503757629396,2.001600170341492,1.3324047865543367,1.1899397017631532,1.697170043197632,0.9037117975029946,1.1529291810665132,1.4007526280555729,2.4569668300900647,2.2508327369708683,2.475483756663231,1.115422749725342,1.1695190908584596,1.6096441390190126,day_low,day_stable,0.261734
2019-04-25 00:15:00+00:00,2019-04-25 00:30:00+00:00,1.392316,71.0,1.09725,2.07741357421875,1.90812988615036,2.3391119394302367,1.6876171383857728,1.544842943906784,2.0084410462379454,1.2476010177135468,1.544109210729599,1.7095040831565858,2.476947444986723,2.325172663557191,2.5533141595498248,1.4153016064167023,1.485294446706772,1.909297302722931,day_low,day_stable,0.29506600000000005
2019-04-25 00:30:00+00:00,2019-04-25 00:45:00+00:00,1.280207,63.0,1.392316,2.4853629036102296,2.271579460636139,2.7377047701034547,2.0269006056938172,1.856101856962204,2.3239986462745668,1.5873374952230457,1.8789619965705873,2.037278251186371,2.8655616059459894,2.721246859020274,2.872097681508682,1.730072246328354,1.82344512774086,2.1965395374450685,day_low,day_stable,-0.11210900000000001
2019-04-25 00:45:00+00:00,2019-04-25 01:00:00+00:00,1.161535,63.0,1.280207,2.42285676978302,2.2118214585609435,2.672208986503601,1.9472152807540897,1.7857958891220094,2.2298610427207946,1.511936120016098,1.8131258704490665,1.9399237253494264,2.7025634514916086,2.5380666481176206,2.7557080558281695,1.6392168023414613,1.7476827421016694,2.104477963668823,day_low,day_stable,-0.11867200000000011
2019-04-25 01:00:00+00:00,2019-04-25 01:15:00+00:00,0.913692,41.0,1.161535,2.340124105606079,2.140744184646606,2.586170291099548,1.864716803226471,1.7356205932235718,2.1536743394470212,1.4763876549339294,1.7606569282150268,1.8283757320976255,2.672449947761813,2.452345132579103,3.099857466723531,1.5516386977767944,1.6600602618789673,2.0051159612274168,day_low,day_stable,-0.24784300000000004
2019-04-25 01:15:00+00:00,2019-04-25 01:30:00+00:00,1.219422,70.0,0.913692,2.0609195257110597,1.9199122215194704,2.3307753826065065,1.6253500605506896,1.5447692895812988,1.9324282432479856,1.2850938762111663,1.5497477675361633,1.5783800507469177,2.440956299404552,2.52595975554811,3.271862909431977,1.3179272139949798,1.4340077067298889,1.7954564715309145,day_low,day_stable,0.30573000000000006
2019-04-25 01:30:00+00:00,2019-04-25 01:45:00+00:00,1.308563,63.0,1.219422,2.3688383274765012,2.1458394699783323,2.7132595949859617,1.8692029886932373,1.656090425798416,2.1816938095779417,1.4982257061691284,1.8047198229522703,1.840439336845398,2.6546690530769044,2.7794622900950023,3.010460488036741,1.6125793629379273,1.7448997669906616,1.9781116419525149,day_low,day_stable,0.08914099999999991
2019-04-25 01:45:00+00:00,2019-04-25 02:00:00+00:00,1.335988,68.0,1.308563,2.450566297805786,2.2170527637367248,2.786154753005982,1.9555680811767575,1.7619962752227782,2.2341665685539245,1.600411599910736,1.9490144908790588,1.9307156861190795,3.194776328763697,2.9098748742478584,3.758892857784822,1.719165331161499,1.8391048372154235,2.0508628547554015,day_low,day_stable,0.027425000000000033
2019-04-25 02:00:00+00:00,2019-04-25 02:15:00+00:00,2.38268,132.0,1.335988,2.543242409790039,2.327869728172302,2.8169024735336303,2.09007735546875,1.9753774553184509,2.3740111142044067,1.7882200926189422,2.174410656059265,1.978958621585846,3.3590799899525243,3.0751739235176374,3.934504875376724,1.801077350938797,1.9011258035545349,2.1560044437294006,day_low,day_stable,1.0466920000000002
2019-04-25 02:15:00+00:00,2019-04-25 02:30:00+00:00,3.207477,185.0,2.38268,3.731224955253601,3.320259929828644,3.9264155041503903,3.184015334777832,2.908844174079895,3.405576766662598,2.832977772884369,3.240320087604523,3.031617165737152,4.229530265829691,4.122781991557306,4.799428395947747,2.854861349992752,2.989455760650635,3.1240702282714845,day_low,day_stable,0.8247969999999998
2019-04-25 02:30:00+00:00,2019-04-25 02:45:00+00:00,3.845297,223.0,3.207477,4.575783517601013,4.1341024901885985,4.795434262992859,4.079956140758514,3.681366321088791,4.129650261642456,3.6016572382469176,4.08524617219162,3.882973876239777,6.3895427955609705,6.198162355955083,6.658346111634396,3.699358340742111,3.8641163375396728,3.8765363361854552,day_low,day_stable,0.63782
2019-04-25 02:45:00+00:00,2019-04-25 03:00:00+00:00,4.544094,265.0,3.845297,5.232001802513123,4.786372026988984,5.163156768867493,4.809633097240448,4.3230389269084935,4.581449291297913,4.191028139183045,4.730266174861908,4.56655754763794,6.6690239137678535,5.66475347858679,6.269534553349263,4.356256446430207,4.559042713233948,4.499160847255707,day_low,day_stable,0.6987970000000003
2019-04-25 03:00:00+00:00,2019-04-25 03:15:00+00:00,3.4482660000000003,211.0,4.544094,5.837145719665528,5.494382832187653,5.560892734664917,5.668710265296936,5.188105020660401,5.244382653373719,5.004860464471817,5.537428949016571,5.286649856704712,7.517911714778372,7.541445624081292,8.246606993729433,5.096304569381714,5.29640272631073,5.291156861919403,day_low,day_stable,-1.095828
2019-04-25 03:15:00+00:00,2019-04-25 03:30:00+00:00,3.245211,179.0,3.4482660000000003,4.8803401891860965,4.6650163833770755,4.738401979652405,4.610932440010071,4.29893955632782,4.237709135261536,3.9253157977733615,4.485024422851563,4.134757191387177,6.822306103073954,6.816041735847459,6.830555359682958,3.980966896263123,4.191325575557709,4.261869043556214,day_low,day_stable,-0.20305500000000043
2019-04-25 03:30:00+00:00,2019-04-25 03:45:00+00:00,4.139844,248.0,3.245211,4.920395965133666,4.639460558448791,4.7673083491668695,4.468014950309753,4.37911140397644,4.198749000583648,3.898984844242096,4.45147525743103,3.934466893230438,6.253659456235384,6.483057210827392,7.124570649062456,3.807267303024292,3.9543151207313536,4.213003570590972,day_low,day_stable,0.8946330000000002
2019-04-25 03:45:00+00:00,2019-04-25 04:00:00+00:00,5.12061,298.0,4.139844,5.538803279060364,5.423221766609192,5.298803865570068,5.265921651977539,5.077010512012482,4.9459638592185975,4.664957344192505,5.2405014630737305,4.779721259731293,6.724875617727929,7.165447701230234,7.29940898911927,4.64456105198288,4.852292656558991,4.995711862701416,day_medium,day_stable,0.980766
2019-04-25 04:00:00+00:00,2019-04-25 04:15:00+00:00,5.090641000000001,315.0,5.12061,6.19949674736023,6.033051372871399,5.919852556095123,6.139601589546204,5.678159238204956,5.659729005203247,5.472110451564789,6.265624882087708,5.890887082920075,7.643444681377344,7.240871235840999,8.427933955256638,5.762101293907166,5.8121926201438905,6.058166028366089,day_medium,day_stable,-0.02996899999999947
2019-04-25 04:15:00+00:00,2019-04-25 04:30:00+00:00,4.103422,247.0,5.090641000000001,5.7920273325119025,5.832496144500733,5.541791625944138,5.93294087859726,5.465853937593461,5.514131762710572,5.095154752646745,6.129250266281129,5.907704808441163,8.42956478736218,7.558397127466908,8.507311970676469,5.7310033223304755,5.75850115033722,5.969614186016083,day_low,day_stable,-0.9872190000000005
2019-04-25 04:30:00+00:00,2019-04-25 04:45:00+00:00,5.617172,351.0,4.103422,5.236297680923462,5.239009334632874,4.959801210948944,5.0610849996299745,4.956341518947601,4.788150145599365,4.47383575041008,5.231730057785034,4.815758122989655,6.670386742741153,6.159579631380461,7.395751272564453,4.6297606964797975,4.764423920700073,4.919791295120239,day_medium,day_stable,1.51375
2019-04-25 04:45:00+00:00,2019-04-25 05:00:00+00:00,5.868625,385.0,5.617172,5.999884185382843,6.325430867263794,5.845224660822868,6.346349534580231,5.8359310301036835,5.9757835539073945,5.392552641222,6.5616081329078675,6.3662441344947815,9.358450866722276,8.007809283516162,9.326072860538744,6.251236733982086,6.245981988498688,6.324738201686859,day_medium,day_stable,0.2514529999999997
2019-04-25 05:00:00+00:00,2019-04-25 05:15:00+00:00,6.35775,417.0,5.868625,5.586269989490509,6.262779459238052,5.659886985898018,6.363000318288803,5.9452068059444425,5.989768400669098,5.350757494449615,6.683041289329529,6.664438083648681,8.900207898502789,8.101401110292853,9.205747003998274,6.509215786933899,6.460391357421875,6.5124069004058835,day_medium,day_stable,0.4891250000000005
2019-04-25 05:15:00+00:00,2019-04-25 05:30:00+00:00,7.533313000000001,492.0,6.35775,5.854696513652802,6.552449659943581,5.896261872291565,6.7712519779205325,6.324647029429674,6.316264396101237,5.610763610839844,7.080545963287354,7.155519546508789,10.299624748765403,9.734901397231576,10.719511840989853,7.021884383201599,6.923936845302582,6.924739481449127,day_medium,day_stable,1.1755630000000004
2019-04-25 05:30:00+00:00,2019-04-25 05:45:00+00:00,9.78775,749.0,7.533313000000001,6.407422506607056,7.340071508086205,6.503018820083619,7.651280948317528,7.143318050897599,7.146487766302109,6.187862837112427,8.03032552579689,8.323516094482422,11.293256136166328,10.3069835381735,11.47283849621629,8.199504458702087,8.065393769538879,7.991401785409928,day_high,day_stable,2.2544370000000002
2019-04-25 05:45:00+00:00,2019-04-25 06:00:00+00:00,8.899405999999999,594.0,9.78775,7.210910314559937,9.362133020401002,7.776476377487184,9.06791358613968,8.744492644309998,8.632444614410401,7.064804071426392,9.652260983228684,10.43480228805542,12.151121400333878,11.540010278788396,12.61901491011461,10.383658403396607,10.300559991836549,9.702613832294942,day_medium,day_stable,-0.8883440000000018
2019-04-25 06:00:00+00:00,2019-04-25 06:15:00+00:00,7.4445,516.0,8.899405999999999,8.060693009716033,8.839931908023118,7.543658657890319,8.955290212255477,8.896329451777547,8.498042806011199,7.57451288304901,9.319815470796584,9.371158613782882,12.28110024109513,11.783082495545113,13.308907944870096,9.34112791619873,9.368192865472793,8.767125188332557,day_medium,day_stable,-1.4549059999999994
2019-04-25 06:15:00+00:00,2019-04-25 06:30:00+00:00,5.604922,372.0,7.4445,7.568092458665371,7.487336334556341,6.8487852520942685,7.886316121339798,7.802313388109207,7.380421423137188,7.275737316131592,8.109392554283142,7.8510890610218045,11.884872192134385,11.47007640171936,12.214926736228795,7.825582087755203,7.815927208185196,7.490410913497209,day_medium,day_stable,-1.8395779999999995
2019-04-25 06:30:00+00:00,2019-04-25 06:45:00+00:00,5.985437999999999,389.0,5.604922,6.091798964569092,5.847148243019104,5.900980624982834,6.208622399398804,6.302535596916199,6.084798548051834,6.32823515279007,6.364095393249512,5.989360365697861,10.297489521408083,9.276124632837147,9.215318902495053,5.912797692844391,5.8802908991069796,5.916634980270386,day_medium,day_stable,0.3805159999999992
2019-04-25 06:45:00+00:00,2019-04-25 07:00:00+00:00,7.249156,457.0,5.985437999999999,6.794320892131805,6.418169628417968,5.934256068951368,6.959566782749175,6.97570271376419,7.017394195831298,7.44791175011444,7.015208970344543,6.1883860189085,9.400110847115528,8.949484974131101,8.924287473239511,6.22841447178173,6.196225937045097,6.359956513679504,day_medium,day_stable,1.2637180000000008
2019-04-25 07:00:00+00:00,2019-04-25 07:15:00+00:00,6.429281,421.0,7.249156,7.463041769248009,7.254297223780811,6.594248356204987,7.8786746281204225,7.785670163017273,7.902330161911011,8.532030703407287,8.055477501731872,7.30470485044694,10.89123871503346,10.680649124848982,10.432059734247046,7.325062880199909,7.346535326820374,7.44774666605568,day_medium,day_stable,-0.8198750000000006
2019-04-25 07:15:00+00:00,2019-04-25 07:30:00+00:00,5.3452660000000005,341.0,6.429281,6.426875837564975,6.487717598628759,5.980266217094421,7.0229012406883236,6.814552728038787,6.977081064086914,7.370714370113372,7.021928492885589,6.389766965013504,9.625962074637924,9.724988609096366,9.03786470487235,6.567733604413032,6.404559001278638,6.493520658415317,day_medium,day_stable,-1.084014999999999
2019-04-25 07:30:00+00:00,2019-04-25 07:45:00+00:00,4.306203,276.0,5.3452660000000005,5.951790288654328,5.601730838981629,5.075444117752076,6.275483146873475,6.4705265915069585,6.532497421470643,7.081785813537598,6.278894678321839,5.18592192288971,8.472718392263673,7.979774650102559,7.797665946514654,5.327487292331815,5.249027439025403,5.569726765719414,day_low,day_stable,-1.0390630000000005
2019-04-25 07:45:00+00:00,2019-04-25 08:00:00+00:00,4.326656,263.0,4.306203,4.966322116306305,4.499587766578674,4.545004643252373,5.089593164375305,5.36778485005188,5.5815372390060425,6.080351344993591,5.124149135997772,4.139117128899574,7.434013414117094,6.985278300880852,7.174154684643873,4.224994733682156,4.155047915628433,4.714041016748428,day_low,day_stable,0.020452999999999832
2019-04-25 08:00:00+00:00,2019-04-25 08:15:00+00:00,3.609484,233.0,4.326656,4.929391459804535,4.508514479976654,4.290201892387628,5.050474957805633,5.32523883996582,5.656150833946228,6.03800751386261,5.163111821990967,4.154201866370201,6.561058253151035,6.9081599307772645,6.463398890289245,4.189477713089943,4.140597493630409,4.784972475152969,day_low,day_stable,-0.7171719999999997
2019-04-25 08:15:00+00:00,2019-04-25 08:30:00+00:00,3.155961,189.0,3.609484,4.616320295127869,4.0272155533161165,3.889838201793671,4.599351925643921,4.724393887313843,5.15743915537262,5.454077286514282,4.544981879981995,3.325259340795517,4.874538009331047,4.928462024900956,4.979298925109533,3.440606413277626,3.3320650885429384,3.991858256849289,day_low,day_stable,-0.4535230000000001
2019-04-25 08:30:00+00:00,2019-04-25 08:45:00+00:00,3.0762810000000003,183.0,3.155961,3.5490411451206207,3.272529572819233,3.392181076680183,3.765441321407318,3.7681243648872376,4.317179404769897,4.372381173645019,3.813995026622772,2.843810134206772,4.84951315627499,4.8631583842568515,5.22299515350492,2.9887214979276657,2.8255712917194367,3.433269404445648,day_low,day_stable,-0.07967999999999975
2019-04-25 08:45:00+00:00,2019-04-25 09:00:00+00:00,2.70993,167.0,3.0762810000000003,3.580289531570435,3.2628445216236117,3.0975344777820113,3.7740741261062625,3.9907983430442817,4.26060967527008,4.34781055532074,3.856125462871552,2.724162865501404,3.41603301382705,3.6808767157618862,3.308161748960659,2.835682381015778,2.7272528596935275,3.2344261743841174,day_low,day_stable,-0.3663510000000003
2019-04-25 09:00:00+00:00,2019-04-25 09:15:00+00:00,1.869328,113.0,2.70993,3.281627771549225,2.8261315721201896,2.708480023883581,3.023377654247284,3.1537981602478027,3.3780078861045837,3.58220463722229,3.2870551916885375,2.454518643312454,2.7456241632428044,3.0654381994786655,2.5519784234907767,2.510759768180847,2.369073477678299,2.8690627786445617,day_low,day_stable,-0.8406019999999998
2019-04-25 09:15:00+00:00,2019-04-25 09:30:00+00:00,1.415422,75.0,1.869328,2.2893535274772647,2.0045853037147525,2.158623762777329,1.8970402016996144,1.991030328324318,2.306250073364258,2.2351493019371036,2.2014904994277957,1.6005939323215486,1.8478911104961897,2.0693164747696215,1.9595720910863483,1.6412168968229297,1.5094465393333436,1.8304737362771035,day_low,day_stable,-0.45390600000000014
2019-04-25 09:30:00+00:00,2019-04-25 09:45:00+00:00,1.488895,55.0,1.415422,1.6786520853729248,1.5774294659585952,1.7680999413223266,1.3623599298388958,1.4924673736186027,1.8084554448814392,1.532435469338417,1.6428027525634763,1.1188848689289093,0.9061107311030993,0.9619392532257096,0.9844478875903444,1.2063366398305893,1.036411441871643,1.2362551763744354,day_low,day_stable,0.07347300000000012
2019-04-25 09:45:00+00:00,2019-04-25 10:00:00+00:00,1.271758,44.0,1.488895,1.5799203152251244,1.6254883269262317,1.683177427430153,1.3810361707997325,1.5423478084099294,1.7662428031158448,1.2578758160066603,1.5598054388952256,1.1741143474769593,1.0008899832522573,0.9644767796298962,1.069480329615482,1.2916878769588471,1.0822769115161897,1.247612268705368,day_low,day_stable,-0.21713700000000014
2019-04-25 10:00:00+00:00,2019-04-25 10:15:00+00:00,1.061348,32.0,1.271758,1.291860763548493,1.38619505111742,1.2622060800032615,1.094703311665535,1.2586975093992352,1.3943315619664192,0.7773989835815429,1.242844636185646,1.0018301704959869,1.2572487193129207,0.9285248031296222,1.2659269190943825,1.0770485946969983,0.8581789532737731,1.0513213375644683,day_low,day_stable,-0.21040999999999999
2019-04-25 10:15:00+00:00,2019-04-25 10:30:00+00:00,1.009969,30.0,1.061348,1.195839041302681,1.213867300580025,1.008827598224163,0.947270871530056,1.095266883651495,1.2117073325614929,0.5548019794921875,1.0247178537945747,0.7925692288379669,0.6110183041310124,0.601681943207362,0.5216393189109905,0.8936452357273101,0.6224965242843628,0.7976651875476837,day_low,day_stable,-0.051379000000000064
2019-04-25 10:30:00+00:00,2019-04-25 10:45:00+00:00,0.358989,10.0,1.009969,1.045277890044689,1.1269013325157164,0.8682051042499541,0.8929535413565635,0.9879921118202208,1.1203792954268454,0.4172350207748412,0.8696592191638945,0.771857027191162,0.7768701627960954,0.7411869323632982,0.8127067282885742,0.8515232542934417,0.556282315629959,0.7968430558624267,night_lowlight,night_lowlight,-0.6509799999999999
2019-04-25 10:45:00+00:00,2019-04-25 11:00:00+00:00,0.138571,5.0,0.358989,0.3259249363615513,0.498029470123291,0.1981553581132888,0.2560409006252289,0.3173466805889606,0.4508967694416046,0.0,0.2100633677616119,0.1540309485569,0.2212042613485098,0.1660950291899452,0.2521252880842382,0.2173586782588958,0.0,0.1621099707260132,night_lowlight,night_lowlight,-0.220418
2019-04-25 11:00:00+00:00,2019-04-25 11:15:00+00:00,0.0,0.0,0.138571,0.024557752808094,0.2718345581493377,0.0,0.0192118569216728,0.034668719669342,0.1900387539467811,0.0,0.0389772563180923,0.0424173979959487,0.0913454056581915,0.1133300485751968,0.1382695282662834,0.0,0.0,0.0,night_lowlight,night_lowlight,-0.138571
2019-04-25 11:15:00+00:00,2019-04-25 11:30:00+00:00,0.0,0.0,0.0,0.0,0.1254871487617492,0.0,0.0,0.0,0.0187993980944156,0.0,0.0,0.0,0.0169007147572503,0.0228730347937233,0.0201861085201345,0.0,0.0,0.0,night_lowlight,night_lowlight,0.0
2019-04-25 11:30:00+00:00,2019-04-25 11:45:00+00:00,0.0,0.0,0.0,0.0,0.1304683089256286,0.0,0.0,0.0,0.0047793700359761,0.0,0.0,0.0,0.0169007147572503,0.0228730347937233,0.0201861085201345,0.0,0.0,0.0,night_lowlight,night_lowlight,0.0
2019-04-25 11:45:00+00:00,2019-04-25 12:00:00+00:00,0.0,0.0,0.0,0.0,0.1499863713979721,0.0,0.0,0.0,0.0,0.0,0.0,0.0207286179065704,0.0169007147572503,0.0228730347937233,0.0201861085201345,0.0,0.0,0.0,night_lowlight,night_lowlight,0.0
2019-04-25 12:00:00+00:00,2019-04-25 12:15:00+00:00,0.0,0.0,0.0,0.0,0.1512700170278549,0.0,0.0,0.0,0.0,0.0,0.0,0.0301572233438491,0.0169007147572503,0.0228730347937233,0.0201861085201345,0.0,0.0,0.0,night_lowlight,night_lowlight,0.0
2019-04-25 12:15:00+00:00,2019-04-25 12:30:00+00:00,0.0,0.0,0.0,0.0,0.1450334638357162,0.0,0.0,0.0,0.0,0.0,0.0,0.0332332178950309,0.0180356454352004,0.0294782224975201,0.0688108562962214,0.0,0.0,0.0,night_lowlight,night_lowlight,0.0
2019-04-25 12:30:00+00:00,2019-04-25 12:45:00+00:00,0.0,0.0,0.0,0.0,0.1649094671010971,0.0,0.0,0.0,0.0,0.0,0.0,0.0433158986270427,0.0169007147572503,0.0228730347937233,0.0201861085201345,0.0,0.0,0.0,night_lowlight,night_lowlight,0.0
2019-04-25 12:45:00+00:00,2019-04-25 13:00:00+00:00,0.0,0.0,0.0,0.0,0.1578868180513382,0.0,0.0,0.0,0.0,0.0,0.0,0.0394853614270687,0.0169007147572503,0.0228730347937233,0.0201861085201345,0.0,0.0,0.0,night_lowlight,night_lowlight,0.0
2019-04-25 13:00:00+00:00,2019-04-25 13:15:00+00:00,0.0,0.0,0.0,0.0,0.2319105863571167,0.0,0.0,0.0,0.0,0.0,0.0375393591821193,0.1327821612358093,0.0169007147572503,0.0850431127163335,0.0950608580906175,0.0,0.0,0.0,night_lowlight,night_lowlight,0.0
2019-04-25 13:15:00+00:00,2019-04-25 13:30:00+00:00,0.0,0.0,0.0,0.0,0.2477974891662597,0.0,0.0,0.0,0.0,0.0,0.0018387585878372,0.0972005054354667,0.0169007147572503,0.0,0.0104238881713887,0.0,0.0,0.0,night_lowlight,night_lowlight,0.0
2019-04-25 13:30:00+00:00,2019-04-25 13:45:00+00:00,0.0,0.0,0.0,0.012573730200529,0.2597637176513672,0.0,0.0,0.0,0.0,0.0,0.0,0.1248902380466461,0.0169007147572503,0.0387540558441828,0.0104238881713887,0.0,0.0,0.0,night_lowlight,night_lowlight,0.0
2019-04-25 13:45:00+00:00,2019-04-25 14:00:00+00:00,0.0,0.0,0.0,0.0013939840719103,0.2198617309331894,0.0,0.0,0.0,0.0,0.0,0.0187544059008359,0.1263973861932754,0.0169007147572503,0.0387540558441828,0.0104238881713887,0.0,0.0,0.0,night_lowlight,night_lowlight,0.0
2019-04-25 14:00:00+00:00,2019-04-25 14:15:00+00:00,0.0,0.0,0.0,0.0,0.2084304094314575,0.0,0.0,0.0,0.0,0.0,0.0178870633244514,0.1513715386390686,0.0169007147572503,0.0597671324323616,0.0,0.0,0.0,0.0,night_lowlight,night_lowlight,0.0
2019-04-25 14:15:00+00:00,2019-04-25 14:30:00+00:00,0.0,0.0,0.0,0.0,0.1748277693986892,0.0,0.0,0.0,0.0,0.0,0.0454784333705902,0.1347207576036453,0.0169007147572503,0.0597671324323616,0.0,0.0,0.0,0.0,night_lowlight,night_lowlight,0.0
2019-04-25 14:30:00+00:00,2019-04-25 14:45:00+00:00,0.0,0.0,0.0,0.0,0.2297725677490234,0.0,0.0,0.0,0.0,0.0,0.0,0.1337207853794098,0.0169007147572503,0.0597671324323616,0.0,0.0,0.0,0.0,night_lowlight,night_lowlight,0.0
2019-04-25 14:45:00+00:00,2019-04-25 15:00:00+00:00,0.0,0.0,0.0,0.0,0.1556923538446426,0.0,0.0,0.0,0.0,0.0,0.0344880335032939,0.0983678922057151,0.0169007147572503,0.0597671324323616,0.0,0.0,0.0,0.0,night_lowlight,night_lowlight,0.0
2019-04-25 15:00:00+00:00,2019-04-25 15:15:00+00:00,0.0,0.0,0.0,0.0,0.1318264305591583,0.0,0.0,0.0,0.0,0.0,0.0140540953725576,0.059426587074995,0.0180356454352004,0.0663723201361585,0.1081053563166526,0.0,0.0,0.0,night_lowlight,night_lowlight,0.0
2019-04-25 15:15:00+00:00,2019-04-25 15:30:00+00:00,0.0,0.0,0.0,0.0,0.1292946189641952,0.0,0.0,0.0,0.0,0.0,0.0118673620745539,0.0792733505368232,0.0169007147572503,0.0597671324323616,0.0,0.0,0.0,0.0,night_lowlight,night_lowlight,0.0
2019-04-25 15:30:00+00:00,2019-04-25 15:45:00+00:00,0.0,0.0,0.0,0.0,0.1918975859880447,0.0,0.0,0.0,0.0,0.0,0.0,0.0914576351642608,0.0169007147572503,0.1547822146056549,0.0,0.0103929564356803,0.0,0.0,night_lowlight,night_lowlight,0.0
2019-04-25 15:45:00+00:00,2019-04-25 16:00:00+00:00,0.0,0.0,0.0,0.0,0.1585430800914764,0.0,0.0,0.0,0.0,0.0,0.0,0.1222871840000152,0.0077779742680181,0.0638617501174247,0.0,0.0,0.0,0.0,night_lowlight,night_lowlight,0.0
2019-04-25 16:00:00+00:00,2019-04-25 16:15:00+00:00,0.0,0.0,0.0,0.0,0.1428305208683014,0.0082303099334239,0.0,0.0,0.0,0.0,0.0,0.1119284629821777,0.0143203652363849,0.1790736466842244,0.0,0.0,0.0,0.0,night_lowlight,night_lowlight,0.0
2019-04-25 16:15:00+00:00,2019-04-25 16:30:00+00:00,0.0,0.0,0.0,0.0,0.1143807992339134,0.0280230604112148,0.0,0.0,0.0,0.0,0.0,0.0875342115759849,0.0077779742680181,0.1820722332959154,0.0,0.0,0.0,0.0,night_lowlight,night_lowlight,0.0
2019-04-25 16:30:00+00:00,2019-04-25 16:45:00+00:00,0.0,0.0,0.0,0.0,0.1541050672531128,0.0246578902006149,0.0,0.0,0.0,0.0,0.0,0.1344916969537735,0.0169007147572503,0.1779776156108524,0.0,0.0083606848493218,0.0,0.0,night_lowlight,night_lowlight,0.0
2019-04-25 16:45:00+00:00,2019-04-25 17:00:00+00:00,0.0,0.0,0.0,0.0,0.1217879503965377,0.0154522582888603,0.0,0.0,0.0,0.0,0.0,0.1383732259273529,0.0198289007371385,0.1779776156108524,0.0,0.029587522149086,0.0,0.0,night_lowlight,night_lowlight,0.0
2019-04-25 17:00:00+00:00,2019-04-25 17:15:00+00:00,0.0,0.0,0.0,0.0,0.0886569619178772,0.0256450027227401,0.0,0.0,0.0,0.0,0.0,0.1092976182699203,0.0198289007371385,0.1827016135148286,0.0,0.0467740818858146,0.0,0.0,night_lowlight,night_lowlight,0.0
2019-04-25 17:15:00+00:00,2019-04-25 17:30:00+00:00,0.0,0.0,0.0,0.0,0.0377850495278835,0.0596221163868904,0.0,0.0,0.0,0.0,0.0,0.0387783013284206,0.0180356454352004,0.1845828033146493,0.0843189958927373,0.0,0.0,0.0,night_lowlight,night_lowlight,0.0
2019-04-25 17:30:00+00:00,2019-04-25 17:45:00+00:00,0.0,0.0,0.0,0.0,0.0622579269111156,0.0795158669352531,0.0,0.0,0.0,0.0,0.0,0.1137599647045135,0.0169007147572503,0.1779776156108524,0.0,0.022567979991436,0.0,0.0,night_lowlight,night_lowlight,0.0
2019-04-25 17:45:00+00:00,2019-04-25 18:00:00+00:00,0.0,0.0,0.0,0.0,0.0562910996377468,0.1208601146936416,0.0,0.0,0.0,0.0,0.0,0.1153564378619194,0.0077779742680181,0.1820722332959154,0.0,0.0,0.0,0.0,night_lowlight,night_lowlight,0.0
2019-04-25 18:00:00+00:00,2019-04-25 18:15:00+00:00,0.0,0.0,0.0,0.0,0.0259888544678688,0.1276864111423492,0.0,0.0,0.0,0.0,0.0,0.077696181833744,0.0180356454352004,0.1845828033146493,0.0843189958927373,0.0,0.0,0.0,night_lowlight,night_lowlight,0.0
2019-04-25 18:15:00+00:00,2019-04-25 18:30:00+00:00,0.0,0.0,0.0,0.0,0.0093293385580182,0.1198850870132446,0.0,0.0,0.0,0.0,0.0,0.0811571180820465,0.0169007147572503,0.1779776156108524,0.031585923990488,0.0,0.0,0.0,night_lowlight,night_lowlight,0.0
2019-04-25 18:30:00+00:00,2019-04-25 18:45:00+00:00,0.0,0.0,0.0,0.0,0.0447352565824985,0.1547402590513229,0.0,0.0,0.0,0.0,0.0,0.1386579573154449,0.0143203652363849,0.1790736466842244,0.0,0.0,0.0,0.0,night_lowlight,night_lowlight,0.0
2019-04-25 18:45:00+00:00,2019-04-25 19:00:00+00:00,0.0,0.0,0.0,0.0,0.0659025683999061,0.1958344578742981,0.0,0.0,0.0,0.0,0.0,0.1665235459804535,0.0077779742680181,0.1820722332959154,0.0,0.0,0.0,0.0,night_lowlight,night_lowlight,0.0
2019-04-25 19:00:00+00:00,2019-04-25 19:15:00+00:00,0.0,0.0,0.0,0.0,0.0727524310350418,0.1995458304882049,0.0,0.0,0.0,0.0,0.0,0.2158640325069427,0.0077779742680181,0.1820722332959154,0.0,0.0274560619145631,0.0,0.0,night_lowlight,night_lowlight,0.0
2019-04-25 19:15:00+00:00,2019-04-25 19:30:00+00:00,0.0,0.0,0.0,0.0,0.1012798398733139,0.1975381970405578,0.0,0.0,0.0750443637371063,0.0,0.0,0.2651979029178619,0.0169007147572503,0.1779776156108524,0.0,0.0632285475730896,0.0,0.0882482528686523,night_lowlight,night_lowlight,0.0
2019-04-25 19:30:00+00:00,2019-04-25 19:45:00+00:00,0.0,0.0,0.0,0.0,0.0744556486606597,0.2173904031515121,0.0,0.0,0.0998198315501213,0.0,0.0,0.2683071494102478,0.0143203652363849,0.1790736466842244,0.0,0.0610097423195838,0.0010124820983037,0.1172752529382705,night_lowlight,night_lowlight,0.0
2019-04-25 19:45:00+00:00,2019-04-25 20:00:00+00:00,0.0,0.0,0.0,0.0,0.0795214921236038,0.2746812403202057,0.0,0.0,0.1242471262812614,0.0,0.0,0.2874879240989685,0.0143203652363849,0.1790736466842244,0.0,0.060415044426918,0.0179370883852243,0.1250618994235992,night_lowlight,night_lowlight,0.0
2019-04-25 20:00:00+00:00,2019-04-25 20:15:00+00:00,0.0,0.0,0.0,0.0,0.0923089906573295,0.2613755762577057,0.0,0.0,0.1909180283546447,0.0,0.0,0.3156110942363739,0.0143203652363849,0.0608631635057337,0.0,0.0988298878073692,0.1089557483792305,0.179062083363533,night_lowlight,night_lowlight,0.0
2019-04-25 20:15:00+00:00,2019-04-25 20:30:00+00:00,0.0,0.0,0.0,0.020095270127058,0.1080407127737999,0.3112454712390899,0.0,0.0,0.2431815266609192,0.0,0.0,0.3343554139137268,0.0143203652363849,0.0608631635057337,0.0,0.1086276844143867,0.1458572745323181,0.2177717387676239,night_lowlight,night_lowlight,0.0
2019-04-25 20:30:00+00:00,2019-04-25 20:45:00+00:00,0.0,0.0,0.0,0.0369233377277851,0.078371413052082,0.3318043649196625,0.0,0.0,0.2185643762350082,0.0,0.0043762978166341,0.3262787759304046,0.0169007147572503,0.0597671324323616,0.031585923990488,0.1247743964195251,0.1806284785270691,0.240993395447731,night_lowlight,night_lowlight,0.0
2019-04-25 20:45:00+00:00,2019-04-25 21:00:00+00:00,0.0,0.0,0.0,0.0624346062541008,0.0891268104314804,0.3658628463745117,0.0,0.0,0.2427838593721389,0.0,0.0197275523096323,0.3613273203372955,0.0169007147572503,0.0597671324323616,0.0,0.1503625363111496,0.2163180708885193,0.2767952084541321,night_lowlight,night_lowlight,0.0
2019-04-25 21:00:00+00:00,2019-04-25 21:15:00+00:00,0.0,0.0,0.0,0.1155901923775672,0.1387244611978531,0.4094069898128509,0.0131598589941859,0.0,0.3231230676174164,0.0,0.05933154001832,0.3950519263744354,0.0143203652363849,0.0608631635057337,0.0,0.1774880737066269,0.2681743204593658,0.343265950679779,night_lowlight,night_lowlight,0.0
2019-04-25 21:15:00+00:00,2019-04-25 21:30:00+00:00,0.0,0.0,0.0,0.1699588149785995,0.1709082126617431,0.4349415004253387,0.0370268449187278,0.0,0.393988162279129,0.0,0.1443064361810684,0.4204360246658325,0.0077779742680181,0.0638617501174247,0.0,0.2254572510719299,0.3226125538349151,0.4384222328662872,night_lowlight,night_lowlight,0.0
2019-04-25 21:30:00+00:00,2019-04-25 21:45:00+00:00,0.0,1.0,0.0,0.2085717767477035,0.1920296549797058,0.4878084063529968,0.0504153780639171,0.0,0.4475945830345154,0.0,0.1616080403327942,0.4500173330307007,0.0077779742680181,0.0638617501174247,0.0,0.2592009603977203,0.3479883372783661,0.4978762567043304,night_lowlight,night_lowlight,0.0
2019-04-25 21:45:00+00:00,2019-04-25 22:00:00+00:00,0.0,2.0,0.0,0.2651673853397369,0.2502448856830597,0.5191697478294373,0.0804643854498863,0.0,0.5117835998535156,0.0,0.2338944226503372,0.5098727941513062,0.0169007147572503,0.0597671324323616,0.0,0.3047628998756408,0.3924580514431,0.5813660025596619,night_lowlight,night_lowlight,0.0
2019-04-25 22:00:00+00:00,2019-04-25 22:15:00+00:00,0.0778679999999999,3.0,0.0,0.284218281507492,0.2467471361160278,0.6023062467575073,0.0516914762556552,0.0,0.4908501207828522,0.0,0.2529530823230743,0.4326238930225372,0.0281374502916195,0.2698910232086756,0.1120549314046223,0.3566011488437652,0.3843936026096344,0.5710103511810303,night_lowlight,night_lowlight,0.0778679999999999
2019-04-25 22:15:00+00:00,2019-04-25 22:30:00+00:00,0.04784,5.0,0.0778679999999999,0.3974301967315672,0.3480629477195738,0.7342226061515807,0.1396370272629259,0.0818047359131573,0.5673187229328155,0.0,0.3504021916084288,0.5124245736293792,0.5000635661160642,0.5048917391319137,0.4147472327628235,0.5095291289978027,0.4824118170433043,0.6623237285308837,night_lowlight,night_lowlight,-0.030027999999999895
2019-04-25 22:30:00+00:00,2019-04-25 22:45:00+00:00,0.233673,9.0,0.04784,0.4278978415393829,0.402518064584732,0.7270310529136658,0.1694170542621612,0.1452330284380912,0.5811812885665893,0.0,0.3920542605781555,0.5155763038063049,0.6452231920588722,0.7448430262825556,0.5718406086202696,0.5463303335571289,0.4884178050422668,0.693040788974762,night_lowlight,night_lowlight,0.185833
2019-04-25 22:45:00+00:00,2019-04-25 23:00:00+00:00,0.267121,10.0,0.233673,0.6762783464412689,0.6417992350082398,0.9846302505950928,0.3793185886363983,0.3610402729730606,0.778722250125885,0.0,0.605156862400055,0.7291648026924133,1.09350591402617,1.1295848856406272,1.1509282372707583,0.794887804649353,0.6915281650047302,0.913901054523468,night_lowlight,night_lowlight,0.033448000000000006
2019-04-25 23:00:00+00:00,2019-04-25 23:15:00+00:00,0.430568,14.0,0.267121,0.7744856903038024,0.7516616413078308,1.070415837474823,0.4844089874706268,0.4796252527914047,0.8724548050842285,0.0,0.6725710460624694,0.7725288102111816,1.301724024539416,1.4110995839331242,1.36365178840338,0.8722787925682067,0.743572963186264,0.9825574585876464,night_lowlight,night_lowlight,0.163447
2019-04-25 23:15:00+00:00,2019-04-25 23:30:00+00:00,0.741699,20.0,0.430568,1.0224997603111268,1.039439042728424,1.2891059719734193,0.7409115337543488,0.7595324122123719,1.1549992763214112,0.0756998264007568,0.950074573677063,0.983723541419983,1.672444353762078,1.6834510263514977,1.5224869070283624,1.064208468120575,0.9419639908485412,1.225528618019104,night_lowlight,night_lowlight,0.311131
2019-04-25 23:30:00+00:00,2019-04-25 23:45:00+00:00,0.625092,21.0,0.741699,1.4080743390312196,1.4106073576202394,1.7028145390739442,1.099561174510956,1.0979683595886232,1.514243860839844,0.4180731970062256,1.2931931215515138,1.3143041926612855,2.035722618916098,1.9574587574211544,1.889837580411767,1.4105407196273805,1.2679694491615296,1.5788376528015138,day_low,day_stable,-0.11660700000000002
2019-04-25 23:45:00+00:00,2019-04-26 00:00:00+00:00,0.8460700000000001,26.0,0.625092,1.33972743176651,1.3350591363830566,1.6598291101379394,1.018051475517273,1.008231610290527,1.4131170215530395,0.3256887497825622,1.1956964435501098,1.217623502246857,2.195036361395906,2.0204809166418007,2.1648580590326887,1.3328154983444214,1.160836607448578,1.4839639964027405,day_low,day_stable,0.22097800000000012
2019-04-26 00:00:00+00:00,2019-04-26 00:15:00+00:00,1.544293,42.0,0.8460700000000001,1.6387899006080628,1.6634309972000123,1.9528670991134645,1.3237312222194673,1.3603494251441957,1.698926755256653,0.5805812264156343,1.5319758737754825,1.4669521535110477,2.352513531861728,2.183848102189852,2.319077602578731,1.5572897875976563,1.4008616889190677,1.7505109394264222,day_low,day_stable,0.6982229999999998
2019-04-26 00:15:00+00:00,2019-04-26 00:30:00+00:00,8.490561999999999,220.0,1.544293,2.442686332958221,2.390703512924194,2.8021074073486325,2.0435105400257108,2.0176631944351193,2.417072607772827,1.324774845140457,2.207256211536407,2.17038489748764,3.148444303592855,3.0862638136410836,3.193737309132144,2.283215595977783,2.1050034301452634,2.4402939217262265,day_low,day_ramp_up,6.946268999999999
2019-04-26 00:30:00+00:00,2019-04-26 00:45:00+00:00,6.868641,189.0,8.490561999999999,9.877250113212584,9.515958585464476,10.215888180458068,9.29335967513275,8.89779693695259,9.454857744895934,8.50403511027348,9.40449718447876,9.259764589988707,10.418733360226287,9.874983330476612,9.790698218575589,9.311433472358702,9.159126081192015,9.500331797325131,day_low,day_stable,-1.6219209999999986
2019-04-26 00:45:00+00:00,2019-04-26 01:00:00+00:00,5.531531,135.0,6.868641,8.275575380531311,7.954866867271424,8.604525070396424,7.736137728897095,7.206520538536072,7.6588181068573,6.893705405053854,7.799885671344757,7.665893774238587,9.286505104155784,8.455738253896095,8.306968193843435,7.723523657527924,7.577466528621674,7.946249942985535,day_low,day_stable,-1.33711
2019-04-26 01:00:00+00:00,2019-04-26 01:15:00+00:00,6.247719,152.0,5.531531,7.027398371559143,6.77713646875,7.393782996994019,6.480503284793854,6.102039301258087,6.37977238879776,5.69459983096695,6.6326282261428835,6.3524580238876345,7.868951152182068,7.65233405582636,7.71592710685091,6.36856850371933,6.241305911403656,6.732052469116211,day_low,day_stable,0.7161879999999998
2019-04-26 01:15:00+00:00,2019-04-26 01:30:00+00:00,9.177656,241.0,6.247719,7.842366407531738,7.652058671134949,8.117052028793335,7.256883452552795,6.929948280471802,7.154634843486786,6.451769615429878,7.437600324768066,7.013682733196259,9.332692542861368,8.164616561381877,8.624423270256841,7.096722493785858,6.9549138647499085,7.48996491255188,day_low,day_stable,2.9299370000000007
2019-04-26 01:30:00+00:00,2019-04-26 01:45:00+00:00,9.933001,261.0,9.177656,10.72380668435669,10.684278433662415,10.702203815322877,10.328086560112,9.91288310800171,9.996617143493651,9.521972482543946,10.499696796279908,9.98346508060074,11.773452983485765,11.249477581044257,11.215012205481791,10.043991690021516,9.920186703544616,10.499102776390076,day_low,day_stable,0.7553450000000002
2019-04-26 01:45:00+00:00,2019-04-26 02:00:00+00:00,11.75234,277.0,9.933001,11.515006620002747,11.489207107139588,11.276856500221252,11.212548691345216,10.706343549800874,10.659398156715394,10.410085040641786,11.266402560783389,10.745641726566316,11.387973053717488,11.282635786129122,10.611302892296562,10.819906491352082,10.69310684831238,11.33225579888916,day_low,day_stable,1.8193389999999994
2019-04-26 02:00:00+00:00,2019-04-26 02:15:00+00:00,7.859907000000001,224.0,11.75234,12.886684339370728,13.066266815986634,12.804406326141358,12.98124293598175,12.35562334569931,12.311937730636595,12.18652762087822,13.04097000869751,12.577072840061188,13.11836802784169,12.450139843180716,12.960092644516225,12.62516693386078,12.523165684070587,13.15766147884369,day_low,day_ramp_down,-3.8924329999999996
2019-04-26 02:15:00+00:00,2019-04-26 02:30:00+00:00,4.732766000000001,139.0,7.859907000000001,9.369854896003725,9.524684755737304,9.505520551139831,9.202373115951538,8.844990758831024,8.758904604846954,8.409512250358581,9.25853797667694,8.618670670921325,10.846471657348646,9.935554040746227,10.4924919933968,8.728680639202118,8.654781787330627,9.25700196498108,day_low,day_stable,-3.127141
2019-04-26 02:30:00+00:00,2019-04-26 02:45:00+00:00,4.0034529999999995,118.0,4.732766000000001,6.54877444860077,6.696026173797608,7.0360468303833015,6.074167338577271,6.146500316825867,6.046787468162537,5.396796492305756,6.2102305566940315,5.45962592717743,7.923456821338403,7.654788006504073,8.564950807760814,5.5569049393806464,5.517303076950074,6.1480381166610725,day_low,day_stable,-0.7293130000000012
2019-04-26 02:45:00+00:00,2019-04-26 03:00:00+00:00,4.6585,115.0,4.0034529999999995,5.851816518714904,5.955460889747619,6.428627951553344,5.3314394788055415,5.5641559199600215,5.5387772158889765,4.763352139404296,5.598098738601684,4.6862150863914485,6.86341720650935,6.713103845668537,7.491054977737615,4.797889991214752,4.782699091842651,5.413585646560668,day_low,day_stable,0.6550470000000006
2019-04-26 03:00:00+00:00,2019-04-26 03:15:00+00:00,6.772063,164.0,4.6585,6.374031826019287,6.524075075149536,7.009394212722778,5.970955534934998,6.144161268234253,6.190613552093506,5.480848773479462,6.349790855407715,5.193272098064423,7.208458669526847,7.46330881354934,8.081874335375502,5.428509815692902,5.404804392814636,5.982123299598694,day_low,day_stable,2.113563
2019-04-26 03:15:00+00:00,2019-04-26 03:30:00+00:00,13.00403,339.0,6.772063,8.304211718833923,8.419167144096374,8.763609392440795,8.076541526115417,8.169098837173461,8.219416839874267,7.7022976110343935,8.52263580063629,7.305647535121918,8.940855960598894,9.67839083372954,10.18406485526533,7.548034651077271,7.506343169010163,8.037258727348327,day_medium,day_ramp_up,6.231967
2019-04-26 03:30:00+00:00,2019-04-26 03:45:00+00:00,14.53069,412.0,13.00403,13.2772390651989,13.85323346736908,13.673420439987185,13.963698219089508,13.427802424459458,13.634326647548676,13.701685379772186,14.397686969070437,13.656149219303131,15.643117366858704,16.30423954868633,16.012218894643222,13.81242866399765,13.748619149951937,14.107016216545103,day_medium,day_stable,1.5266599999999997
2019-04-26 03:45:00+00:00,2019-04-26 04:00:00+00:00,10.88303,298.0,14.53069,13.709734425487518,14.887923047485351,14.1114523565197,14.951452062072754,14.164433822574615,14.291042700948717,14.697488517107963,15.53050689453125,15.190812215747831,14.646551695318454,14.648954986865528,15.692890900022933,15.353693470897674,15.275713250579834,15.410622165145874,day_medium,day_ramp_down,-3.64766
2019-04-26 04:00:00+00:00,2019-04-26 04:15:00+00:00,12.81437,327.0,10.88303,10.926558724461794,11.504952552585602,11.216049584417345,11.948854031829834,12.30917197731018,11.97154945400238,11.930219593315124,12.62511903312683,11.469356479911804,11.696233920824543,11.198205116429056,12.77113818621788,11.61021834877014,11.571160676746368,11.794059160022735,day_medium,day_stable,1.9313400000000005
2019-04-26 04:15:00+00:00,2019-04-26 04:30:00+00:00,14.53244,430.0,12.81437,12.484764390821455,13.239096486206057,12.895087742443083,13.82018455230713,14.3159831401062,13.872991883392334,13.993976914520264,14.6067922946167,13.314549588794709,14.76432272228719,14.016649672546032,14.785699163451794,13.491440021629334,13.45057114326477,13.616067194576264,day_medium,day_stable,1.718069999999999
2019-04-26 04:30:00+00:00,2019-04-26 04:45:00+00:00,26.36331,789.0,14.53244,13.23887126964569,14.424222164573669,13.758007877292632,15.126933567943572,15.213224225463868,14.898101650896072,15.37896143716812,15.866818719329832,14.998196982564926,15.58163143070384,15.119368699334656,15.609555498822528,15.18135892671585,15.125310652675628,15.11809491437912,day_high,day_ramp_up,11.830869999999999
2019-04-26 04:45:00+00:00,2019-04-26 05:00:00+00:00,31.9305,1008.0,26.36331,21.59505715042114,25.116350194511412,23.420060535964964,25.064017674026488,24.60462655693054,24.677050372657774,24.651215931472777,25.82592191368103,26.70576640039444,22.47275025016296,23.423476395560417,25.442699417681297,26.96313061386108,26.829324385223387,26.231233274636267,day_high,day_ramp_up,5.56719
2019-04-26 05:00:00+00:00,2019-04-26 05:15:00+00:00,19.035629,453.0,31.9305,27.493240325927733,30.195762246131896,28.557960718154902,29.463746994018553,29.252936809539793,28.83573862838745,28.421584575653075,30.188250272750853,31.975566896826027,23.690705036952323,25.91150094959881,24.641707160688615,32.17455254423618,32.21386808085441,30.85929819869995,day_medium,day_ramp_down,-12.894870999999998
2019-04-26 05:15:00+00:00,2019-04-26 05:30:00+00:00,20.88669,335.0,19.035629,18.967918019227028,18.67769011431122,18.84694659285927,18.269311572841644,18.546460266641617,17.277639712623596,17.584019984535217,18.68831082754517,19.020703628144503,20.081393618891084,20.16355575545306,19.806200856565493,19.39505040221596,19.2734698908844,17.993720616630554,day_medium,day_stable,1.8510610000000014
2019-04-26 05:30:00+00:00,2019-04-26 05:45:00+00:00,14.86625,416.0,20.88669,20.29238269657135,20.37213538021088,20.416907289924623,20.365216651859285,20.059887805881505,19.188797214927675,19.914874592723848,20.600595811309816,20.921029960664512,21.213809292561052,21.09076322606999,20.828210310144648,21.21861726969719,21.063875460925104,20.128672102394106,day_medium,day_ramp_down,-6.020440000000001
2019-04-26 05:45:00+00:00,2019-04-26 06:00:00+00:00,11.59244,362.0,14.86625,15.22850312948227,15.150340340137484,14.98704031020403,14.850602979809048,15.024775437116624,14.060719869136811,14.862510652318598,15.21323686003685,14.791846363842488,17.260025302559217,16.853334644950497,17.49217400286719,15.171878895759583,15.02433154642582,14.167957923412324,day_medium,day_stable,-3.273810000000001
2019-04-26 06:00:00+00:00,2019-04-26 06:15:00+00:00,6.711360000000001,187.0,11.59244,12.250131240310669,12.07111414355278,12.176261594715118,12.286467543067932,12.898062339248655,11.969318410577774,12.588635435523988,12.705757728042602,11.509179121079445,14.781244491527776,14.334945024508952,14.308705691981444,11.787335058870315,11.752025863351822,11.27110849899292,day_low,day_ramp_down,-4.881079999999999
2019-04-26 06:15:00+00:00,2019-04-26 06:30:00+00:00,6.987641,169.0,6.711360000000001,8.55894460521698,8.004814885482789,9.055263303146363,8.262210868225099,9.383597634658814,8.577397964820863,8.549628041610719,8.715041659698487,6.53893367193699,9.721228892956413,9.793026903083016,9.45488459416859,6.913543276414872,6.799423880801202,7.044787399396897,day_low,day_stable,0.2762809999999991
2019-04-26 06:30:00+00:00,2019-04-26 06:45:00+00:00,20.19281,343.0,6.987641,8.47045555039978,8.090910934654236,8.846178673950195,8.59193947240448,9.591877602783203,9.182199143615724,9.00908818170166,9.123699330535889,6.7588813535842895,9.40150953823417,9.1987215102937,8.726223959359091,7.207332798090935,6.995781434511006,7.624825858322144,day_medium,day_ramp_up,13.205169000000001
2019-04-26 06:45:00+00:00,2019-04-26 07:00:00+00:00,23.827129,711.0,20.19281,18.350767792282102,19.73028239708901,18.961490810928343,20.536397517738344,20.39681719344616,20.4670295725441,21.417734683570863,21.10379600625992,19.867936999616624,19.64370569166676,20.10581739280247,18.79803810455895,20.198594015636893,20.06705682080746,20.3517864803648,day_high,day_ramp_up,3.634318999999998
2019-04-26 07:00:00+00:00,2019-04-26 07:15:00+00:00,14.44406,297.0,23.827129,21.145049684814452,22.327958100608825,21.412041061691284,22.11466037588501,21.825930231384277,21.979708188346866,23.06183349447632,22.708312624267577,23.209040158561702,20.60681199693859,21.045890807645726,21.069922149976552,23.58816113429451,23.52015500622177,23.045490735343932,day_medium,day_ramp_down,-9.383068999999999
2019-04-26 07:15:00+00:00,2019-04-26 07:30:00+00:00,18.905689,653.0,14.44406,14.49788375791669,13.620086940345765,14.388597851959467,13.808344217357636,14.202248962936402,13.42910638671875,14.545789914546011,14.024727704343796,13.826002808628084,13.065309555815638,11.731578135071077,11.883408570614607,14.317546176133156,14.114792259750368,13.819542261180878,day_medium,day_ramp_up,4.4616289999999985
2019-04-26 07:30:00+00:00,2019-04-26 07:45:00+00:00,11.41897,280.0,18.905689,15.735239027847287,17.06238424669647,16.270221470703124,16.93980455290222,16.570264338363646,16.755430220474242,17.513098477233886,17.502268670906066,18.252400456775664,17.294242006695367,17.33868548787295,17.34256392656963,18.70044761787796,18.509035794843673,17.935203968395232,day_low,day_ramp_down,-7.486718999999999
2019-04-26 07:45:00+00:00,2019-04-26 08:00:00+00:00,14.0,493.0,11.41897,11.82738692686081,10.75158227607727,11.436733366922736,10.91131139919281,11.61753008887291,10.801366519184112,11.613505121321678,11.219335954637527,10.848236214370727,10.243049263821566,9.603947929463867,9.410830191628405,11.293982911856174,11.052686970682144,10.92122481390953,day_medium,day_stable,2.58103
2019-04-26 08:00:00+00:00,2019-04-26 08:15:00+00:00,13.92781,365.0,14.0,13.13750261068344,13.44720697402954,12.718756675720217,13.275567710399628,13.490579426288605,13.374403595924376,14.24598278105259,13.672697991132736,13.248147070407867,12.478594594813964,12.671075056102726,12.832156702167064,13.757639423012732,13.537288784980774,13.225409626960754,day_medium,day_stable,-0.07219000000000086
2019-04-26 08:15:00+00:00,2019-04-26 08:30:00+00:00,9.508844,251.0,13.92781,13.41562943321228,13.22087000471115,13.450880693016051,13.152724491176604,13.32400368314743,13.085170732555389,14.015016229567529,13.444875554857251,13.103952811775208,11.743996269584809,11.867013111230987,11.342440012577011,13.608969943342208,13.407879756507873,13.099030362186433,day_low,day_ramp_down,-4.418965999999999
2019-04-26 08:30:00+00:00,2019-04-26 08:45:00+00:00,10.04456,295.0,9.508844,9.42269868840599,8.903130930561066,9.411595810848713,9.175418329137802,9.562655453282831,9.351507660645485,10.117828112739565,9.451117508757353,8.798772555488586,5.8829489801393535,5.805329740765882,6.220663176396105,9.24475325335884,8.998084229129791,9.138198983568191,day_medium,day_stable,0.5357160000000007
2019-04-26 08:45:00+00:00,2019-04-26 09:00:00+00:00,7.587344,203.0,10.04456,9.670090272722245,9.571141555604935,9.597446754274369,9.823242172298432,10.311819687185288,10.223494380412102,10.594467922744752,10.1289744821167,9.252078637180327,6.960712725385837,6.267121489605755,6.839806109645683,9.758821442422867,9.48987011581421,9.71708790927887,day_low,day_stable,-2.4572160000000007
2019-04-26 09:00:00+00:00,2019-04-26 09:15:00+00:00,6.600672,173.0,7.587344,7.505780542153358,7.212460556882858,7.587220590445638,7.093807766098022,7.30188182916069,7.238295385498047,7.917155006784439,7.48222124751234,6.962062964099884,5.946487077617273,6.003166670388458,5.446952845686051,7.34925946022892,7.044723877567291,7.518910566228866,day_low,day_stable,-0.9866719999999995
2019-04-26 09:15:00+00:00,2019-04-26 09:30:00+00:00,3.375586,92.0,6.600672,6.396362879225731,6.404622339555741,6.733894758769989,6.010698848316193,6.418833547183991,6.344999038526535,6.633075122633696,6.4344122492761615,5.996654623100281,4.9516107906267175,4.793087684458487,4.599183396255019,6.3630206369848255,6.062779241153717,6.42247068221283,day_low,day_stable,-3.225086
2019-04-26 09:30:00+00:00,2019-04-26 09:45:00+00:00,4.856469000000001,127.0,3.375586,3.498625186000824,3.406707024861932,3.9401948719367983,3.0809924571857454,3.53710661522007,3.5728836177930834,3.503718089972496,3.4544077186927797,2.8067677884445192,2.4329978071461587,2.364543155953329,2.2666336945740184,3.1766184686765673,2.8688743977890017,3.2224738567218782,day_low,day_stable,1.4808830000000004
2019-04-26 09:45:00+00:00,2019-04-26 10:00:00+00:00,3.3511949999999997,93.0,4.856469000000001,4.361648673433304,4.685122812408448,4.756483825165272,4.571994805950165,4.868357171546162,5.078142861145974,5.033902162927628,4.931016313153744,4.3750456518116,3.835536768481757,3.602472910429125,3.549804006417131,4.651210407036782,4.393547499794007,4.696077550071717,day_low,day_stable,-1.505274000000001
2019-04-26 10:00:00+00:00,2019-04-26 10:15:00+00:00,1.992703,57.0,3.3511949999999997,3.0186058803272244,3.2661567627263066,3.5747407748174664,2.843497119731903,3.114318229146003,3.3414359370988604,3.232907108850479,3.2139628304910657,2.83314444858551,2.3893734033530305,2.2464595577509203,2.296948607561926,3.092217765636444,2.8610853775215146,2.983371250219345,day_low,day_stable,-1.3584919999999998
2019-04-26 10:15:00+00:00,2019-04-26 10:30:00+00:00,1.11516,33.0,1.992703,1.6817343625335692,2.041424883445978,2.3205023798255917,1.5452260765342711,1.801256084731102,2.040924744596958,1.8137030991821288,1.844026902606964,1.498732188632965,1.3050116367872415,1.2650180464567682,1.3604110567107006,1.7484717908411025,1.494124183347702,1.5621374341754912,day_low,day_stable,-0.877543
2019-04-26 10:30:00+00:00,2019-04-26 10:45:00+00:00,0.560451,16.0,1.11516,0.8758946028089523,1.2392133962845802,1.3992402669525146,0.7785243805980682,0.9948557060694694,1.2044821721053125,0.8802867945766448,1.0077373873925208,0.613695394668579,0.9368500650177226,0.9110967004514292,0.9244904553888984,0.8947877105808257,0.5882918950653075,0.6831032153701782,night_lowlight,night_lowlight,-0.5547089999999999
2019-04-26 10:45:00+00:00,2019-04-26 11:00:00+00:00,0.246148,6.0,0.560451,0.4892281508097649,0.7487195720920563,0.738401531244278,0.3933775713691712,0.555257309696287,0.7191984793195725,0.3783673485765457,0.5846783844778538,0.0655724396953583,0.144314256735675,0.2641573994047607,0.1198619258754725,0.3849738528976441,0.0027577569732666,0.1759533574829102,night_lowlight,night_lowlight,-0.314303
2019-04-26 11:00:00+00:00,2019-04-26 11:15:00+00:00,0.0,0.0,0.246148,0.2343999580423832,0.4404008337240219,0.4056351729612351,0.07093429052639,0.1959974006693363,0.3456652932744026,0.0,0.2449512660912722,0.0,0.0860548927904285,0.0433575066653517,0.0685849417159019,0.1002722778301239,0.0,0.0,night_lowlight,night_lowlight,-0.246148
2019-04-26 11:15:00+00:00,2019-04-26 11:30:00+00:00,0.0,0.0,0.0,0.0095567246899008,0.2192413955926895,0.1296509802341461,0.0,0.0,0.0693243369460105,0.0,0.0767276138067245,0.0,0.0325983916044449,0.0210355188217812,0.0,0.0,0.0,0.0,night_lowlight,night_lowlight,0.0
2019-04-26 11:30:00+00:00,2019-04-26 11:45:00+00:00,0.005832,0.0,0.0,0.0435484535992145,0.209552064538002,0.0989143252372741,0.0,0.0,0.0523149371147155,0.0,0.0903139263391494,0.0,0.0182333815509341,0.0174575844452468,0.0,0.0,0.0,0.0,night_lowlight,night_lowlight,0.005832
2019-04-26 11:45:00+00:00,2019-04-26 12:00:00+00:00,0.0,0.0,0.005832,0.0,0.1620756670064926,0.0622825793154239,0.0,0.0,0.0130337991915345,0.0,0.0439309238619804,0.0,0.0180356454352004,0.0260003092033834,0.0450244958723061,0.0,0.0,0.0,night_lowlight,night_lowlight,-0.005832
2019-04-26 12:00:00+00:00,2019-04-26 12:15:00+00:00,0.0,0.0,0.0,0.0,0.1557007580995559,0.0,0.0,0.0,0.0,0.0,0.0308154467493295,0.0,0.0180356454352004,0.0315291021110791,0.1182173713095048,0.0,0.0,0.0,night_lowlight,night_lowlight,0.0
2019-04-26 12:15:00+00:00,2019-04-26 12:30:00+00:00,0.0,0.0,0.0,0.0,0.1538462787866592,0.0,0.0,0.0,0.0,0.0,0.0670024454593658,0.0,0.0180356454352004,0.0315291021110791,0.1182173713095048,0.0,0.0,0.0,night_lowlight,night_lowlight,0.0
2019-04-26 12:30:00+00:00,2019-04-26 12:45:00+00:00,0.0,0.0,0.0,0.0,0.1671245545148849,0.0,0.0,0.0,0.0,0.0,0.0725780874490737,0.0133266262710094,0.0169007147572503,0.0249239144072822,0.069592623533418,0.0,0.0,0.0,night_lowlight,night_lowlight,0.0
2019-04-26 12:45:00+00:00,2019-04-26 13:00:00+00:00,0.0,0.0,0.0,0.0,0.165848508477211,0.0,0.0,0.0,0.0,0.0,0.0718283578753471,0.0404994934797287,0.0180356454352004,0.0281579572007572,0.1148699930636695,0.0,0.0,0.0,night_lowlight,night_lowlight,0.0
2019-04-26 13:00:00+00:00,2019-04-26 13:15:00+00:00,0.0,0.0,0.0,0.0,0.1585191786289215,0.0,0.0,0.0,0.0,0.0,0.0989245250821113,0.1278934925794601,0.0169007147572503,0.0850431127163335,0.069592623533418,0.0,0.0,0.0,night_lowlight,night_lowlight,0.0
2019-04-26 13:15:00+00:00,2019-04-26 13:30:00+00:00,0.0,0.0,0.0,0.0,0.1504925042390823,0.0,0.0,0.0,0.0,0.0,0.1200847178697586,0.1697171777486801,0.0169007147572503,0.0850431127163335,0.0,0.0,0.0,0.0,night_lowlight,night_lowlight,0.0
2019-04-26 13:30:00+00:00,2019-04-26 13:45:00+00:00,0.0,0.0,0.0,0.0,0.1541415154933929,0.0,0.0,0.0,0.0,0.0,0.1262839585542678,0.1944968998432159,0.0169007147572503,0.0387540558441828,0.0,0.0,0.0,0.0,night_lowlight,night_lowlight,0.0
2019-04-26 13:45:00+00:00,2019-04-26 14:00:00+00:00,0.0,0.0,0.0,0.0,0.1457986533641815,0.0,0.0,0.0,0.0,0.0,0.0930832922458648,0.1954521238803863,0.0180356454352004,0.0419880986376578,0.0302330231444408,0.0,0.0,0.0,night_lowlight,night_lowlight,0.0
2019-04-26 14:00:00+00:00,2019-04-26 14:15:00+00:00,0.0,0.0,0.0,0.0,0.1353678107261657,0.0,0.0,0.0,0.0,0.0,0.1413155645132064,0.2372345179319381,0.0169007147572503,0.0387540558441828,0.0,0.0,0.0,0.0,night_lowlight,night_lowlight,0.0
2019-04-26 14:15:00+00:00,2019-04-26 14:30:00+00:00,0.0,0.0,0.0,0.0,0.1475080400705337,0.0,0.0,0.0,0.0,0.0,0.132077932357788,0.2654255628585815,0.0169007147572503,0.0387540558441828,0.0,0.0,0.0,0.0,night_lowlight,night_lowlight,0.0
2019-04-26 14:30:00+00:00,2019-04-26 14:45:00+00:00,0.0,0.0,0.0,0.0,0.1456783562898636,0.0,0.0,0.0,0.0,0.0,0.118253543972969,0.2670699059963226,0.0169007147572503,0.0387540558441828,0.0,0.0,0.0,0.0,night_lowlight,night_lowlight,0.0
2019-04-26 14:45:00+00:00,2019-04-26 15:00:00+00:00,0.0,0.0,0.0,0.0,0.148294910788536,0.0,0.0,0.0,0.0,0.0,0.1311267167329788,0.2788528203964233,0.0169007147572503,0.0387540558441828,0.0,0.0,0.0,0.0,night_lowlight,night_lowlight,0.0
2019-04-26 15:00:00+00:00,2019-04-26 15:15:00+00:00,0.0,0.0,0.0,0.0,0.1411565095186233,0.0,0.0,0.0,0.0,0.0,0.1825973391532898,0.3018865287303924,0.0169007147572503,0.0562892191382249,0.0299040498572038,0.0,0.0,0.0,night_lowlight,night_lowlight,0.0
2019-04-26 15:15:00+00:00,2019-04-26 15:30:00+00:00,0.0,0.0,0.0,0.0,0.1236955523490905,0.0,0.0,0.0,0.0,0.0,0.1865820884704589,0.3163836896419525,0.0169007147572503,0.0562892191382249,0.0299040498572038,0.0,0.0,0.0,night_lowlight,night_lowlight,0.0
2019-04-26 15:30:00+00:00,2019-04-26 15:45:00+00:00,0.0,0.0,0.0,0.0,0.1180048137903213,0.0,0.0,0.0,0.0,0.0,0.1976748406887054,0.3460208475589752,0.0169007147572503,0.0562892191382249,0.0299040498572038,0.0,0.0,0.0,night_lowlight,night_lowlight,0.0
2019-04-26 15:45:00+00:00,2019-04-26 16:00:00+00:00,0.0,0.0,0.0,0.0,0.1410946995019912,0.017868036404252,0.0,0.0,0.0,0.0,0.199808195233345,0.3676551878452301,0.0169007147572503,0.0562892191382249,0.0299040498572038,0.0,0.0,0.0,night_lowlight,night_lowlight,0.0
2019-04-26 16:00:00+00:00,2019-04-26 16:15:00+00:00,0.0,0.0,0.0,0.0,0.1311706900596618,0.0308211836963892,0.0,0.0,0.0,0.0,0.2586449980735779,0.3328051269054413,0.0169007147572503,0.0562892191382249,0.0299040498572038,0.0,0.0,0.0,night_lowlight,night_lowlight,0.0
2019-04-26 16:15:00+00:00,2019-04-26 16:30:00+00:00,0.0,0.0,0.0,0.0,0.1298185288906097,0.0663285702466964,0.0,0.0,0.0,0.0,0.2363424152135849,0.3148496448993683,0.0180356454352004,0.0628944068420218,0.0826371217594531,0.0,0.0,0.0,night_lowlight,night_lowlight,0.0
2019-04-26 16:30:00+00:00,2019-04-26 16:45:00+00:00,0.0,0.0,0.0,0.0,0.1434745043516159,0.0703133568167686,0.0,0.0,0.0,0.0,0.2518827319145202,0.3439256250858307,0.0169007147572503,0.0562892191382249,0.0299040498572038,0.0,0.0,0.0,night_lowlight,night_lowlight,0.0
2019-04-26 16:45:00+00:00,2019-04-26 17:00:00+00:00,0.0,0.0,0.0,0.0,0.1526994556188583,0.0389033704996109,0.0,0.0,0.0,0.0,0.2384890764951706,0.3300073742866516,0.0169007147572503,0.0562892191382249,0.0299040498572038,0.0,0.0,0.0,night_lowlight,night_lowlight,0.0
2019-04-26 17:00:00+00:00,2019-04-26 17:15:00+00:00,0.0,0.0,0.0,0.0,0.1632004976272583,0.0555465966463089,0.0,0.0,0.0,0.0,0.2616246044635772,0.3430838882923126,0.0180356454352004,0.0628944068420218,0.0843189958927373,0.0,0.0,0.0,night_lowlight,night_lowlight,0.0
2019-04-26 17:15:00+00:00,2019-04-26 17:30:00+00:00,0.0,0.0,0.0,0.0,0.2023017704486847,0.0456966236233711,0.0,0.0,0.0,0.0,0.2767679989337921,0.3354967534542084,0.0169007147572503,0.0,0.0,0.0,0.0,0.0,night_lowlight,night_lowlight,0.0
2019-04-26 17:30:00+00:00,2019-04-26 17:45:00+00:00,0.0,0.0,0.0,0.0,0.2726485729217529,0.0491408556699752,0.0,0.0,0.0,0.0,0.2921970188617706,0.4118653535842895,0.0169007147572503,0.0562892191382249,0.0,0.0145984590053558,0.0,0.0,night_lowlight,night_lowlight,0.0
2019-04-26 17:45:00+00:00,2019-04-26 18:00:00+00:00,0.0,0.0,0.0,0.0,0.2496592253446579,0.0711620599031448,0.0,0.0,0.0,0.0,0.3135838806629181,0.4199135601520538,0.0169007147572503,0.0562892191382249,0.0,0.0,0.0,0.0,night_lowlight,night_lowlight,0.0
2019-04-26 18:00:00+00:00,2019-04-26 18:15:00+00:00,0.0,0.0,0.0,0.0,0.2437637001276016,0.1084846854209899,0.0,0.0,0.0,0.0,0.3677789866924286,0.4102905690670013,0.0077779742680181,0.0603838368232879,0.0,0.0,0.0,0.0,night_lowlight,night_lowlight,0.0
2019-04-26 18:15:00+00:00,2019-04-26 18:30:00+00:00,0.0,0.0,0.0,0.0,0.2357125431299209,0.1553117632865905,0.0,0.0,0.0,0.0,0.3783445060253143,0.4009271562099457,0.0077779742680181,0.0603838368232879,0.0,0.0,0.0,0.0,night_lowlight,night_lowlight,0.0
2019-04-26 18:30:00+00:00,2019-04-26 18:45:00+00:00,0.0,0.0,0.0,0.0,0.2366862446069717,0.2050774544477462,0.0,0.0,0.0,0.0,0.3836113810539245,0.4095717668533325,0.0077779742680181,0.0603838368232879,0.0,0.0,0.0,0.0,night_lowlight,night_lowlight,0.0
2019-04-26 18:45:00+00:00,2019-04-26 19:00:00+00:00,0.0,0.0,0.0,0.0,0.2058826386928558,0.2038595378398895,0.0,0.0,0.0,0.0,0.4183315336704254,0.4173683524131775,0.0077779742680181,0.0603838368232879,0.0,0.0,0.0,0.0,night_lowlight,night_lowlight,0.0
2019-04-26 19:00:00+00:00,2019-04-26 19:15:00+00:00,0.0,0.0,0.0,0.0,0.1888608932495117,0.2370630353689193,0.0,0.0,0.0,0.0,0.3806318938732147,0.4250856041908264,0.0143203652363849,0.0573852502115969,0.0,0.0,0.0,0.0,night_lowlight,night_lowlight,0.0
2019-04-26 19:15:00+00:00,2019-04-26 19:30:00+00:00,0.0,0.0,0.0,0.0,0.1831991523504257,0.2612446546554565,0.0,0.0,0.0297780726104974,0.0,0.3841361403465271,0.445509135723114,0.0077779742680181,0.0603838368232879,0.0,0.0092185288667678,0.0,0.0,night_lowlight,night_lowlight,0.0
2019-04-26 19:30:00+00:00,2019-04-26 19:45:00+00:00,0.0,0.0,0.0,0.0,0.1635826230049133,0.2705816328525543,0.0,0.0,0.0446691066026687,0.0,0.3931379020214081,0.4580339193344116,0.0143203652363849,0.0573852502115969,0.0,0.0129162538796663,0.0,0.0,night_lowlight,night_lowlight,0.0
2019-04-26 19:45:00+00:00,2019-04-26 20:00:00+00:00,0.0,0.0,0.0,0.0,0.2191896885633468,0.303758293390274,0.0136062512174248,0.0,0.0945193171501159,0.0,0.3815921545028686,0.5059977769851685,0.0169007147572503,0.0562892191382249,0.0,0.0979683995246887,0.0,0.0,night_lowlight,night_lowlight,0.0
2019-04-26 20:00:00+00:00,2019-04-26 20:15:00+00:00,0.0,0.0,0.0,0.0219484940171241,0.2131050080060959,0.3145579993724823,0.0127236153930425,0.0,0.1495887786149978,0.0,0.4305286109447479,0.5141839385032654,0.0169007147572503,0.1744997023167157,0.0,0.077220469713211,0.0,0.0386958792805671,night_lowlight,night_lowlight,0.0
2019-04-26 20:15:00+00:00,2019-04-26 20:30:00+00:00,0.0,0.0,0.0,0.0571802482008934,0.2506941556930542,0.3418474793434143,0.0315774008631706,0.0,0.19004787504673,0.0,0.4444828629493713,0.5377395749092102,0.0169007147572503,0.1744997023167157,0.0,0.1226597279310226,0.0,0.086839884519577,night_lowlight,night_lowlight,0.0
2019-04-26 20:30:00+00:00,2019-04-26 20:45:00+00:00,0.0,0.0,0.0,0.0798198953270912,0.2386943250894546,0.4119203090667724,0.0024984607007354,0.0,0.2203906029462814,0.0,0.4484267234802246,0.5427787899971008,0.0077779742680181,0.1696432976746639,0.0,0.0982035472989082,0.0,0.090234063565731,night_lowlight,night_lowlight,0.0
2019-04-26 20:45:00+00:00,2019-04-26 21:00:00+00:00,0.0,0.0,0.0,0.0946423858404159,0.211879551410675,0.4453020989894867,0.0,0.0,0.1979084312915802,0.0,0.4706374108791351,0.5342233777046204,0.0169007147572503,0.1744997023167157,0.0,0.0725971460342407,0.0,0.1247050240635871,night_lowlight,night_lowlight,0.0
2019-04-26 21:00:00+00:00,2019-04-26 21:15:00+00:00,0.006742,0.0,0.0,0.1541281193494796,0.2391993403434753,0.4530133903026581,0.0284658297896385,0.0,0.2776347398757934,0.0,0.5529604554176331,0.5975547432899475,0.0143203652363849,0.1755957333900877,0.0,0.1078124716877937,0.0,0.2531158328056335,night_lowlight,night_lowlight,0.006742
2019-04-26 21:15:00+00:00,2019-04-26 21:30:00+00:00,0.0,0.0,0.006742,0.1997643256349563,0.274641215221405,0.5021018380088806,0.0772414276165962,0.0046635017519891,0.3498523825569153,0.023269796164155,0.5726670020980835,0.6465187663002014,0.0169007147572503,0.1744997023167157,0.0,0.1842361086769104,0.0019284290051162,0.3165403598709106,night_lowlight,night_lowlight,-0.006742
2019-04-26 21:30:00+00:00,2019-04-26 21:45:00+00:00,0.0,0.0,0.0,0.2377905249595642,0.3104404807090759,0.521068274974823,0.1179699152708053,0.033937495201826,0.3959150612354278,0.0440799780189991,0.591282844543457,0.6719784140586853,0.0169007147572503,0.1744997023167157,0.0,0.2472528964281082,0.0255686920136213,0.3763611614704132,night_lowlight,night_lowlight,0.0
2019-04-26 21:45:00+00:00,2019-04-26 22:00:00+00:00,0.0,1.0,0.0,0.275732934474945,0.3155301213264465,0.5949522852897644,0.114110454916954,0.024383008480072,0.4361285865306854,0.0434684641659259,0.5786405801773071,0.6931045651435852,0.0169007147572503,0.1744997023167157,0.0,0.2689040601253509,0.0359640419483184,0.3687911629676819,night_lowlight,night_lowlight,0.0
2019-04-26 22:00:00+00:00,2019-04-26 22:15:00+00:00,0.0,1.0,0.0,0.3392618596553802,0.4108228981494903,0.6107688546180725,0.2048105746507644,0.1377774477005005,0.5039620995521545,0.0663910806179046,0.6074184775352478,0.7161526083946228,0.0281374502916195,0.3881015063871663,0.0,0.313258945941925,0.0658422708511352,0.4645690619945526,night_lowlight,night_lowlight,0.0
2019-04-26 22:15:00+00:00,2019-04-26 22:30:00+00:00,0.020143,2.0,0.0,0.3579144775867462,0.4885755181312561,0.6575397849082947,0.2347395122051239,0.1771253198385238,0.5019439458847046,0.0600313693284988,0.5796543955802917,0.7503219842910767,0.111879274251993,0.4552793127636729,0.0,0.3828414976596832,0.1003431528806686,0.4844572246074676,night_lowlight,night_lowlight,0.020143
2019-04-26 22:30:00+00:00,2019-04-26 22:45:00+00:00,0.016607,3.0,0.020143,0.4369663871459961,0.5305407918624878,0.7346427715950012,0.2375624008111953,0.1932676262788772,0.5919564045600891,0.0831301115088462,0.6074746526412964,0.7991171754531861,0.3118729200688918,0.6709354275489534,0.2176264372796349,0.3907975531749725,0.1320667169623375,0.4930354036026001,night_lowlight,night_lowlight,-0.003536000000000001
2019-04-26 22:45:00+00:00,2019-04-26 23:00:00+00:00,0.0,2.0,0.016607,0.4963157907791137,0.6178919807739258,0.7671200171775818,0.3046088055438995,0.3108482793636322,0.6512330309219361,0.1195297674007415,0.6680401698417664,0.837067855960846,0.7081255520346095,1.0556772869070243,0.6615650343855399,0.4105663136310577,0.1524264798231125,0.574131859905243,night_lowlight,night_lowlight,-0.016607
2019-04-26 23:00:00+00:00,2019-04-26 23:15:00+00:00,0.0,3.0,0.0,0.5251903533935547,0.6315394639968872,0.8393761515617371,0.2962480783462524,0.314991682767868,0.683610737323761,0.0619037449359893,0.6147277355194092,0.8539663553237915,0.9163436625478556,1.3124523606101388,0.9168713222881212,0.4131696224212646,0.1441856622695922,0.5521648526191711,night_lowlight,night_lowlight,0.0
2019-04-26 23:15:00+00:00,2019-04-26 23:30:00+00:00,0.0526639999999999,4.0,0.0,0.5792897939682007,0.7091003656387329,0.8791133165359497,0.3625941276550293,0.3982084393501282,0.768444836139679,0.1074636802077293,0.6780956387519836,0.8885427713394165,1.1092618816679043,1.5132509429319565,1.02339876383844,0.4101193845272064,0.1536499708890915,0.6367468237876892,night_lowlight,night_lowlight,0.0526639999999999
2019-04-26 23:30:00+00:00,2019-04-26 23:45:00+00:00,0.115596,6.0,0.0526639999999999,0.6628241719856262,0.7855384530677795,1.0216797771110533,0.4140311660423277,0.4535094680442809,0.8538489522590637,0.1786579670562743,0.7094243349685668,0.9657882036819456,1.6340135520294596,1.8073305967407711,1.332382018406657,0.4762675645008086,0.2190077783718108,0.6805533947601318,night_lowlight,night_lowlight,0.0629320000000001
2019-04-26 23:45:00+00:00,2019-04-27 00:00:00+00:00,0.2641469999999999,9.0,0.115596,0.7739172018013001,0.914898339553833,1.121097627922058,0.52625713114357,0.5901784038982392,0.9715092814407348,0.2831453717193604,0.8325955307922364,1.0630055106124878,1.8268425787836136,1.8959562463247717,1.3551794587112709,0.5504224336585999,0.295472059293747,0.8073101675949097,night_lowlight,night_lowlight,0.1485509999999999
2019-04-27 00:00:00+00:00,2019-04-27 00:15:00+00:00,0.3448179999999999,11.0,0.2641469999999999,0.9766287371368408,1.129744903728485,1.3349397942276,0.7151934966297149,0.8065009280891418,1.1946770116539,0.4750206038208007,1.0216124221534728,1.2282834812850951,1.8268425787836136,1.8959562463247717,1.3551794587112709,0.7091179951877593,0.4670745149106978,1.0103238388748168,night_lowlight,night_lowlight,0.08067099999999999
2019-04-27 00:15:00+00:00,2019-04-27 00:30:00+00:00,0.468152,15.0,0.3448179999999999,1.101639572780609,1.2124466935806273,1.4825928250961302,0.7885386983566283,0.877192858856201,1.308173600833893,0.5653327892236708,1.103908721607208,1.3209204713516234,2.0014840888376955,1.94872122693952,1.4069413359399574,0.7845154146366118,0.5514992515258788,1.0724308530502318,night_lowlight,night_lowlight,0.12333400000000011
2019-04-27 00:30:00+00:00,2019-04-27 00:45:00+00:00,0.603641,19.0,0.468152,1.314614845802307,1.3477456703681945,1.7074690595169066,0.9109950199623108,0.8886037304897308,1.32826603799057,0.6851443931360245,1.1860374346275329,1.410786642124176,2.0144479668794264,1.9491153522003115,1.599928891165018,0.8736394777793884,0.6526815280218125,1.184993161251068,night_lowlight,night_lowlight,0.13548899999999997
2019-04-27 00:45:00+00:00,2019-04-27 01:00:00+00:00,0.724596,21.0,0.603641,1.4822111394081117,1.494456556049347,1.9030857946548465,1.0480954911384583,1.0039450492534638,1.460635569301605,0.841435890999794,1.3591417934570311,1.5658383633766175,2.1488101449865886,2.0233781311867283,1.6754439776321195,1.0227559771213532,0.7874446328554153,1.3385997082862855,day_low,day_stable,0.12095500000000003
2019-04-27 01:00:00+00:00,2019-04-27 01:15:00+00:00,0.502988,18.0,0.724596,1.6388197901687622,1.6616238120040894,2.028862333580017,1.2366155150375366,1.1819027128658297,1.6477131607971192,1.1123191776714323,1.5841393235168455,1.7051766875228882,2.4372027512684684,2.3243347467164273,2.317058314526,1.1455578866443634,0.8739635410747528,1.491294181629181,night_lowlight,night_lowlight,-0.22160800000000003
2019-04-27 01:15:00+00:00,2019-04-27 01:30:00+00:00,0.591555,18.0,0.502988,1.436582286441803,1.4393112851028442,1.8335089875106811,1.019754607761383,0.9787561488990784,1.4796036673431396,0.9183143568878174,1.4050712777023315,1.4993217779045105,2.238896009985,2.2588780844606986,2.3654182265162347,0.932715166891098,0.6395141226892471,1.270106275165558,night_lowlight,night_lowlight,0.08856700000000006
2019-04-27 01:30:00+00:00,2019-04-27 01:45:00+00:00,0.59202,19.0,0.591555,1.5458135611343384,1.528573096446991,1.938493729286194,1.1177917725372315,1.0976749069023133,1.6079853779602051,1.0155472761917117,1.5409737235832217,1.588775277786255,2.2337842589634245,2.333140863447116,2.254317098240248,1.029202044658661,0.7155724919366837,1.3652293688583377,night_lowlight,night_lowlight,0.0004649999999999377
2019-04-27 01:45:00+00:00,2019-04-27 02:00:00+00:00,0.750518,23.0,0.59202,1.5478032479476929,1.5067345748138428,1.9903517613601684,1.0857703337860107,1.078349287290573,1.5484994898033142,1.0083863387298584,1.5142622242164612,1.5868519792747495,2.081175974170174,2.3938122277572003,1.8847681636093847,1.0155911097717285,0.7092476064753532,1.353336418647766,day_low,day_stable,0.15849800000000003
2019-04-27 02:00:00+00:00,2019-04-27 02:15:00+00:00,1.4980000000000002,41.0,0.750518,1.7130428908996582,1.8185291646652224,2.071102416389466,1.378894305103302,1.405179238193512,1.7644852756195069,1.2700859068565369,1.8323667405776976,1.884191548698425,2.2553062514454747,2.5671509868513938,1.9516474779876891,1.2900052426986697,0.9397738783292772,1.6523455141716004,day_low,day_stable,0.7474820000000002
2019-04-27 02:15:00+00:00,2019-04-27 02:30:00+00:00,1.37416,39.0,1.4980000000000002,2.575875137329102,2.663352106094361,2.8834740858078005,2.2199966650009157,2.2418608407974245,2.638251994132996,2.1106614809036257,2.6784251670837405,2.658536289215088,3.056108284492744,3.261927621235325,2.9991220311579623,2.057821665287018,1.7054260562658312,2.38456359910965,day_low,day_stable,-0.12384000000000017
2019-04-27 02:30:00+00:00,2019-04-27 02:45:00+00:00,1.641309,49.0,1.37416,2.4982459031677244,2.4967618667221068,2.837002345237732,2.070029147777557,2.093687006149292,2.5654214107131956,1.9076430284118653,2.51808876625061,2.4856558524703978,2.8013681009229408,3.261927621235325,2.5019592930649255,1.873098798904419,1.5730951212978364,2.1510848485565184,day_low,day_stable,0.26714899999999986
2019-04-27 02:45:00+00:00,2019-04-27 03:00:00+00:00,1.731871,50.0,1.641309,2.835765696510314,2.796849108680725,3.1388796338882443,2.39807192181015,2.4333489308204648,2.873110033020019,2.270314968570709,2.8438640603866574,2.716524101242065,3.3262651451467953,3.6785118014163287,3.487064923269227,2.104841984256744,1.8200507382001876,2.435173071369171,day_low,day_stable,0.09056200000000003
2019-04-27 03:00:00+00:00,2019-04-27 03:15:00+00:00,2.198984,53.0,1.731871,2.989387026496887,2.944784751602173,3.2473705918273925,2.5505003244361877,2.683481803604126,2.948116889663696,2.528524389930725,2.989718785949707,2.7710301787338256,3.269553012368696,3.5603013182378382,3.5635831976165124,2.185004165836334,1.9261907399377824,2.590101292797089,day_low,day_stable,0.4671129999999999
2019-04-27 03:15:00+00:00,2019-04-27 03:30:00+00:00,3.393305,84.0,2.198984,3.4349611728515623,3.3316507070388792,3.7372209756698607,2.966533216747284,3.0471445648994444,3.341484638961792,2.8503820627059935,3.390641543182373,3.20144924810791,3.4754101253938665,3.5920677643074805,3.1298529923692886,2.6254872708644865,2.415061193617821,2.905239733966827,day_low,day_stable,1.194321
2019-04-27 03:30:00+00:00,2019-04-27 03:45:00+00:00,3.337086,83.0,3.393305,4.719316419296264,4.589475449256897,4.953195508651733,4.294039424591064,4.3785290085601805,4.5616000258255,4.28339516752243,4.702289756469726,4.376663681201935,5.196459586031141,5.45153472683203,5.345985171213525,3.812064733438491,3.604753296904564,4.199548598461151,day_low,day_stable,-0.056218999999999575
2019-04-27 03:45:00+00:00,2019-04-27 04:00:00+00:00,3.609266,88.0,3.337086,4.674013890777588,4.586764254127503,4.900288381134033,4.307434358154297,4.346088447128296,4.503811873947144,4.306709506069184,4.638404168640137,4.365379609619141,5.467623262346043,5.84102494938604,5.549604714150979,3.7370569486961367,3.549649365697861,4.167835452114105,day_low,day_stable,0.27217999999999964
2019-04-27 04:00:00+00:00,2019-04-27 04:15:00+00:00,3.975235,108.0,3.609266,4.925545411315918,4.812628464904785,5.15121038457489,4.564836340156555,4.5651626755867,4.770224051681518,4.516043501106262,4.850738125053406,4.568627791610718,5.288206817542615,5.466061123367968,5.4249550591102675,3.971536683050155,3.82051828703022,4.293498413768768,day_low,day_stable,0.3659690000000002
2019-04-27 04:15:00+00:00,2019-04-27 04:30:00+00:00,3.829875,112.0,3.975235,5.220413461074829,5.035909428939819,5.3929840472793575,4.860514238224029,4.742228582248687,5.079626098022461,4.757554784164428,5.142391934738159,4.7584421185112,6.161717574691131,6.09214346409698,6.136392532730712,4.259882077322006,4.153511941180229,4.458111420021057,day_low,day_stable,-0.14536000000000016
2019-04-27 04:30:00+00:00,2019-04-27 04:45:00+00:00,6.132329,129.0,3.829875,5.039215095520019,4.815629787921905,5.1223578529357905,4.728898294448852,4.562084384441375,4.908739932060241,4.641515679836273,5.028983004570007,4.5964120702743525,5.540324149738372,5.436756187567475,5.269727668468159,4.09042409825325,3.994269468069077,4.29234612751007,day_low,day_stable,2.3024540000000004
2019-04-27 04:45:00+00:00,2019-04-27 05:00:00+00:00,5.949781,146.0,6.132329,6.965503467086792,7.005380702976227,7.241411460403443,6.879817200664521,6.571961445573807,7.01537115669632,6.617002976898194,7.120632482532502,6.930518818859101,7.156508493137884,6.866713417296571,7.274344875908054,6.332925928596497,6.2652061561384205,6.511440081361771,day_low,day_stable,-0.1825480000000006
2019-04-27 05:00:00+00:00,2019-04-27 05:15:00+00:00,8.064,196.0,5.949781,6.738212942462921,6.778691589218139,6.816150307041168,6.745720564704895,6.382702350002289,6.783367812019348,6.395860224348068,6.9767615192947385,6.720878779273987,7.816685613883496,7.55350404524019,7.589692934609363,6.229084789138794,6.119492798429489,6.202457844596863,day_low,day_stable,2.1142190000000003
2019-04-27 05:15:00+00:00,2019-04-27 05:30:00+00:00,5.7309220000000005,152.0,8.064,8.653475691318512,8.700537611484528,8.41290004992485,8.811667789459229,8.38374333524704,8.694454242229462,8.478799213409424,8.995913495063782,8.742260385990143,9.536836058767642,8.968248363325557,8.935977748905435,8.324549247264862,8.203694839715958,8.213499043822289,day_low,day_stable,-2.3330779999999995
2019-04-27 05:30:00+00:00,2019-04-27 05:45:00+00:00,7.988313000000001,199.0,5.7309220000000005,6.268525616714478,6.3182925148696905,6.179497675487519,6.290750758239747,5.900118948409081,6.185547725746155,5.859916151949883,6.488813833782197,6.307225660869599,7.635677216611389,6.99957461213747,6.834728934945107,5.909921349474907,5.838727028557778,5.706340537855149,day_low,day_stable,2.257391
2019-04-27 05:45:00+00:00,2019-04-27 06:00:00+00:00,7.7,188.0,7.988313000000001,8.268789450920107,8.361721257961275,8.133146207130434,8.41978998044777,7.97624157117951,8.241894434488298,8.13306740979004,8.70740310410309,8.575971584117891,9.956728047688635,9.267731401081544,8.860310238120238,8.17239339212227,8.064794491327287,7.9852767575559325,day_low,day_stable,-0.2883130000000005
2019-04-27 06:00:00+00:00,2019-04-27 06:15:00+00:00,9.01425,220.0,7.7,7.707812180090696,7.967670720815659,7.681516098603606,8.047965538501739,7.680739116668701,7.928275775909424,7.81514563113451,8.40422476530075,8.227921080589294,9.483951194193676,8.75087292917623,8.155897132769935,7.847856324911118,7.746549201011658,7.569210109114647,day_low,day_stable,1.3142500000000004
2019-04-27 06:15:00+00:00,2019-04-27 06:30:00+00:00,4.706625,122.0,9.01425,8.356050808906556,9.049253658384083,8.624489237546921,9.184697409152983,8.729967405080796,8.976398860096932,8.96540751028061,9.617856581687928,9.53784539270401,10.223459657147028,9.26073912937805,8.68807607489525,9.141785432577134,9.013535788508133,8.846479003310204,day_low,day_ramp_down,-4.307625000000001
2019-04-27 06:30:00+00:00,2019-04-27 06:45:00+00:00,2.789773,72.0,4.706625,4.85579380428791,5.083936736345291,4.848070636749267,5.121156260728836,4.806270867943764,5.127168789863586,4.904691934943199,5.463471606731415,5.076404199361801,6.58920834533482,6.2937916154765565,6.084757609087967,4.758954532802105,4.652078755557537,4.507746354103088,day_low,day_stable,-1.916852
2019-04-27 06:45:00+00:00,2019-04-27 07:00:00+00:00,3.284531,84.0,2.789773,3.249885452507019,3.3005853421669005,3.389334333656311,3.1992540783863066,3.0116166449766157,3.3838797934036253,2.9564071871023176,3.5174259669761656,3.0920951492767332,4.156908973842193,4.229469502250737,3.83052264548553,2.776734563117802,2.682926205513954,2.563050834057808,day_low,day_stable,0.49475800000000003
2019-04-27 07:00:00+00:00,2019-04-27 07:15:00+00:00,2.572883,67.0,3.284531,3.432710143667221,3.627007487159729,3.86164361510849,3.451189118367195,3.4050144207892417,3.794119539600372,3.294478283193469,3.8876420882759097,3.642516734939575,4.912454626336892,4.860351915743589,4.184682991217489,3.259788758051157,3.150310921412468,3.1367259499845503,day_low,day_stable,-0.7116479999999998
2019-04-27 07:15:00+00:00,2019-04-27 07:30:00+00:00,2.274453,57.0,2.572883,2.7722173830108643,2.876183768136978,3.0553578039245606,2.7532528390722275,2.676473950369835,3.1391110917167664,2.6206597772972584,3.1615292926864624,2.8544038435058594,3.74143959651364,3.9057398548433047,3.50867328618085,2.536776961161375,2.4037423034744263,2.4071295311288834,day_low,day_stable,-0.2984300000000002
2019-04-27 07:30:00+00:00,2019-04-27 07:45:00+00:00,2.166008,57.0,2.274453,2.3807799302248953,2.541344002655029,2.711299315860748,2.4137302942781447,2.348756664267063,2.768379495313644,2.267631409989923,2.799739972522735,2.5602872230319975,3.113128577864069,3.050576913070526,2.893943608450233,2.22033728735733,2.0704209663181303,2.161258549263954,day_low,day_stable,-0.10844499999999968
2019-04-27 07:45:00+00:00,2019-04-27 08:00:00+00:00,2.2204770000000003,60.0,2.166008,2.263651330693245,2.4143261059360506,2.4990944608287813,2.3403136029081346,2.2059860049920084,2.6599698706703188,2.1524636863904,2.6566644354896547,2.412111733778,3.182664074090862,3.1261207807104334,2.812143925418484,2.1024071469144823,1.935880158765793,2.0369133844213487,day_low,day_stable,0.0544690000000001
2019-04-27 08:00:00+00:00,2019-04-27 08:15:00+00:00,1.532426,40.0,2.2204770000000003,2.392663523675919,2.4362074883003237,2.473241701843262,2.4741963000316622,2.29869061720562,2.7617812306900027,2.2922995538730624,2.7371466310043338,2.3444316164870265,3.3946156147209554,3.1120786716674163,3.192269000407244,2.1625166238565448,1.9852823467273717,2.0721512885112765,day_low,day_stable,-0.6880510000000002
2019-04-27 08:15:00+00:00,2019-04-27 08:30:00+00:00,1.23643,34.0,1.532426,1.70336924529171,1.725969091416359,1.7660279575595856,1.779931247592926,1.57282428106761,2.0456792119750977,1.5391309660719932,1.9539821747550965,1.6022196415672303,2.5152533540998476,2.4933091456339884,2.07914189415068,1.4518980387458802,1.2828817222127915,1.353363842130661,day_low,day_stable,-0.29599600000000015
2019-04-27 08:30:00+00:00,2019-04-27 08:45:00+00:00,0.966328,27.0,1.23643,1.3870527999925613,1.402555625371933,1.4291248130130767,1.44450509124279,1.2246372005420922,1.7015530573654174,1.1688208910155296,1.5680349873828887,1.2155631328451633,2.045165790888316,1.9822723582001829,1.50960993856002,1.1335581722187995,0.950060437850952,0.9980658846426008,day_low,day_stable,-0.27010199999999995
2019-04-27 08:45:00+00:00,2019-04-27 09:00:00+00:00,0.6941350000000001,19.0,0.966328,1.0712297533659934,1.1292304296998976,1.1054284025936123,1.1531980385093688,0.945342966636896,1.378897224834442,0.8014664699344635,1.2671846200733183,0.9364265960662363,1.411376150726787,1.5254429665612697,1.2960086038768537,0.8531564001946449,0.6711865414886474,0.720633675625801,night_lowlight,night_lowlight,-0.2721929999999999
2019-04-27 09:00:00+00:00,2019-04-27 09:15:00+00:00,0.560178,16.0,0.6941350000000001,0.7770345928168297,0.8388249473667145,0.7938128011322022,0.8153547691202164,0.6493456857299805,1.0413226084804537,0.4196520047283173,0.9137525009012224,0.5774994092082978,0.936858349311922,1.0112538628685157,0.767354580245681,0.5780651988482476,0.3991917865371704,0.370113422164917,night_lowlight,night_lowlight,-0.1339570000000001
2019-04-27 09:15:00+00:00,2019-04-27 09:30:00+00:00,0.562625,16.0,0.560178,0.619319281992197,0.6927123996286392,0.6149305621950626,0.6446692603497505,0.5055427807240486,0.8729884209899902,0.2091582598953246,0.722771200802803,0.4071837696104049,0.9033537036661756,0.8133426338148425,0.7592895406964234,0.4354290771155357,0.2541831615238189,0.2075929525165557,night_lowlight,night_lowlight,0.002447000000000088
2019-04-27 09:30:00+00:00,2019-04-27 09:45:00+00:00,0.4144489999999999,13.0,0.562625,0.5866026410162449,0.6716312558650971,0.5735686186030508,0.6001011559069157,0.4841228218078613,0.8359508605003357,0.1702485771179199,0.6545817197561264,0.3617563189268112,0.3797395809479498,0.2465033054749844,0.3213498981791388,0.4289754272699356,0.228183248758316,0.1793618888854981,night_lowlight,night_lowlight,-0.14817600000000014
2019-04-27 09:45:00+00:00,2019-04-27 10:00:00+00:00,0.238608,9.0,0.4144489999999999,0.3939117279043196,0.4935230177035331,0.3827013123919963,0.399746119244933,0.3185988452425002,0.6418720122566222,0.0,0.3981702227284907,0.1654268887033461,0.3020840635767833,0.1747417602572848,0.3197674846406544,0.2726482834806441,0.0371005173912047,0.0004728969326018,night_lowlight,night_lowlight,-0.17584099999999991
2019-04-27 10:00:00+00:00,2019-04-27 10:15:00+00:00,0.170256,8.0,0.238608,0.2171506203161478,0.3265969279603958,0.1886068704919815,0.2187642372595071,0.1568764570550918,0.3936206820802688,0.0,0.1700976836876869,0.0,0.1832960587369755,0.1850945645632788,0.2209765971646282,0.0996483984785079,0.0,0.0,night_lowlight,night_lowlight,-0.068352
2019-04-27 10:15:00+00:00,2019-04-27 10:30:00+00:00,0.0917019999999999,5.0,0.170256,0.1513641457883119,0.2842777408537864,0.1053840704140663,0.1523039433983564,0.1143808103976249,0.2988307587680816,0.0,0.0727039314684867,0.0,0.178506882887237,0.1809999468782158,0.2015652135954676,0.031347062426567,0.0,0.0,night_lowlight,night_lowlight,-0.0785540000000001
2019-04-27 10:30:00+00:00,2019-04-27 10:45:00+00:00,0.018268,4.0,0.0917019999999999,0.0465550094325541,0.1971678368229865,0.0,0.0404767624516486,0.0120023868460654,0.1891423917789458,0.0,0.0,0.0,0.1599920771600031,0.1820959779515878,0.2059117248226995,0.0,0.0,0.0,night_lowlight,night_lowlight,-0.07343399999999989
2019-04-27 10:45:00+00:00,2019-04-27 11:00:00+00:00,0.0,1.0,0.018268,0.0,0.0963190678887367,0.0,0.0,0.0,0.0618057247631549,0.0,0.0,0.0,0.0169007147572503,0.0850431127163335,0.0712744976667021,0.0,0.0,0.0,night_lowlight,night_lowlight,-0.018268
2019-04-27 11:00:00+00:00,2019-04-27 11:15:00+00:00,0.0,0.0,0.0,0.0,0.0610665865242481,0.0,0.0,0.0,0.0026200972497463,0.0,0.0,0.0,0.0180356454352004,0.0916483004201304,0.1198992454427889,0.0,0.0,0.0,night_lowlight,night_lowlight,0.0
2019-04-27 11:15:00+00:00,2019-04-27 11:30:00+00:00,0.0,0.0,0.0,0.0,0.0797155126929283,0.0,0.0,0.0,0.0,0.0,0.0,0.0,0.0169007147572503,0.0850431127163335,0.0712744976667021,0.0,0.0,0.0,night_lowlight,night_lowlight,0.0
2019-04-27 11:30:00+00:00,2019-04-27 11:45:00+00:00,0.0,0.0,0.0,0.0,0.0695291012525558,0.0,0.0,0.0,0.0,0.0,0.0,0.0,0.0180356454352004,0.0916483004201304,0.1198992454427889,0.0,0.0,0.0,night_lowlight,night_lowlight,0.0
2019-04-27 11:45:00+00:00,2019-04-27 12:00:00+00:00,0.0,0.0,0.0,0.0,0.0777129456400871,0.0,0.0,0.0,0.0,0.0,0.0,0.0,0.0180356454352004,0.0916483004201304,0.1198992454427889,0.0,0.0,0.0,night_lowlight,night_lowlight,0.0
2019-04-27 12:00:00+00:00,2019-04-27 12:15:00+00:00,0.0,0.0,0.0,0.0,0.1004352867603302,0.0,0.0,0.0,0.0,0.0,0.0,0.0,0.0180356454352004,0.0916483004201304,0.1198992454427889,0.0,0.0,0.0,night_lowlight,night_lowlight,0.0
2019-04-27 12:15:00+00:00,2019-04-27 12:30:00+00:00,0.0,0.0,0.0,0.0,0.1176858469843864,0.0,0.0,0.0,0.0,0.0,0.0,0.0,0.0180356454352004,0.0916483004201304,0.0352622755235603,0.0,0.0,0.0,night_lowlight,night_lowlight,0.0
2019-04-27 12:30:00+00:00,2019-04-27 12:45:00+00:00,0.0,0.0,0.0,0.0,0.1272406727075576,0.0,0.0,0.0,0.0,0.0,0.0,0.0,0.0169007147572503,0.0850431127163335,0.0,0.0,0.0,0.0,night_lowlight,night_lowlight,0.0
2019-04-27 12:45:00+00:00,2019-04-27 13:00:00+00:00,0.0,0.0,0.0,0.0,0.1386838108301162,0.0,0.0,0.0,0.0,0.0,0.0,0.0,0.0180356454352004,0.0453592435479796,0.0352622755235603,0.0,0.0,0.0,night_lowlight,night_lowlight,0.0
2019-04-27 13:00:00+00:00,2019-04-27 13:15:00+00:00,0.0,0.0,0.0,0.0,0.1815136075019836,0.0,0.0,0.0,0.0,0.0,0.0,0.0,0.0169007147572503,0.0387540558441828,0.0,0.0,0.0,0.0,night_lowlight,night_lowlight,0.0
2019-04-27 13:15:00+00:00,2019-04-27 13:30:00+00:00,0.0,0.0,0.0,0.0,0.181160107254982,0.0,0.0,0.0,0.0,0.0,0.0,0.0,0.0180356454352004,0.0453592435479796,0.0352622755235603,0.0,0.0,0.0,night_lowlight,night_lowlight,0.0
2019-04-27 13:30:00+00:00,2019-04-27 13:45:00+00:00,0.0,0.0,0.0,0.0,0.1705535501241684,0.0,0.0,0.0,0.0,0.0,0.0,0.0,0.0180356454352004,0.0453592435479796,0.0352622755235603,0.0,0.0,0.0,night_lowlight,night_lowlight,0.0
2019-04-27 13:45:00+00:00,2019-04-27 14:00:00+00:00,0.0,0.0,0.0,0.0,0.1678957641124725,0.0,0.0,0.0,0.0,0.0,0.0,0.0,0.0180356454352004,0.0453592435479796,0.0352622755235603,0.0,0.0,0.0,night_lowlight,night_lowlight,0.0
2019-04-27 14:00:00+00:00,2019-04-27 14:15:00+00:00,0.0,0.0,0.0,0.0,0.193150594830513,0.0,0.0,0.0,0.0,0.0,0.0,0.0,0.0169007147572503,0.0597671324323616,0.031585923990488,0.0,0.0,0.0,night_lowlight,night_lowlight,0.0
2019-04-27 14:15:00+00:00,2019-04-27 14:30:00+00:00,0.0,0.0,0.0,0.0,0.1968408077955246,0.0,0.0,0.0,0.0,0.0,0.0,0.0,0.0180356454352004,0.0663723201361585,0.0843189958927373,0.0,0.0,0.0,night_lowlight,night_lowlight,0.0
2019-04-27 14:30:00+00:00,2019-04-27 14:45:00+00:00,0.0,0.0,0.0,0.0,0.2169706970453262,0.0,0.0,0.0,0.0,0.0,0.0,0.0,0.0169007147572503,0.0597671324323616,0.031585923990488,0.0,0.0,0.0,night_lowlight,night_lowlight,0.0
2019-04-27 14:45:00+00:00,2019-04-27 15:00:00+00:00,0.0,0.0,0.0,0.0,0.2167251259088516,0.0,0.0,0.0,0.0,0.0,0.0,0.0,0.0169007147572503,0.0597671324323616,0.031585923990488,0.0,0.0,0.0,night_lowlight,night_lowlight,0.0
2019-04-27 15:00:00+00:00,2019-04-27 15:15:00+00:00,0.0,0.0,0.0,0.0,0.2027113884687423,0.0,0.0,0.0,0.0,0.0,0.0,0.0,0.0180356454352004,0.0663723201361585,0.0843189958927373,0.0,0.0,0.0,night_lowlight,night_lowlight,0.0
2019-04-27 15:15:00+00:00,2019-04-27 15:30:00+00:00,0.0,0.0,0.0,0.0,0.2194177657365799,0.0,0.0,0.0,0.0,0.0,0.0,0.0,0.0169007147572503,0.0597671324323616,0.031585923990488,0.0,0.0,0.0,night_lowlight,night_lowlight,0.0
2019-04-27 15:30:00+00:00,2019-04-27 15:45:00+00:00,0.0,0.0,0.0,0.0,0.2077513486146927,0.0,0.0,0.0,0.0,0.0,0.0,0.0,0.0180356454352004,0.0663723201361585,0.0843189958927373,0.0,0.0,0.0,night_lowlight,night_lowlight,0.0
2019-04-27 15:45:00+00:00,2019-04-27 16:00:00+00:00,0.0,0.0,0.0,0.0,0.233924001455307,0.0,0.0,0.0,0.0,0.0,0.0,0.0,0.0180356454352004,0.0663723201361585,0.0843189958927373,0.0,0.0,0.0,night_lowlight,night_lowlight,0.0
2019-04-27 16:00:00+00:00,2019-04-27 16:15:00+00:00,0.0,0.0,0.0,0.0,0.2271264344453811,0.0,0.0,0.0,0.0,0.0,0.0,0.0,0.0180356454352004,0.0663723201361585,0.0843189958927373,0.0,0.0,0.0,night_lowlight,night_lowlight,0.0
2019-04-27 16:15:00+00:00,2019-04-27 16:30:00+00:00,0.0,0.0,0.0,0.0,0.217366561293602,0.0,0.0,0.0,0.0,0.0,0.0,0.0,0.0180356454352004,0.0663723201361585,0.0843189958927373,0.0,0.0,0.0,night_lowlight,night_lowlight,0.0
2019-04-27 16:30:00+00:00,2019-04-27 16:45:00+00:00,0.0,0.0,0.0,0.0,0.3062565922737121,0.0,0.0,0.0,0.0,0.0,0.0,0.0,0.0169007147572503,0.0597671324323616,0.0,0.0,0.0,0.0,night_lowlight,night_lowlight,0.0
2019-04-27 16:45:00+00:00,2019-04-27 17:00:00+00:00,0.0,0.0,0.0,0.0,0.3227375447750091,0.0,0.0,0.0,0.0,0.0,0.0,0.0,0.0169007147572503,0.0597671324323616,0.0,0.0,0.0,0.0,night_lowlight,night_lowlight,0.0
2019-04-27 17:00:00+00:00,2019-04-27 17:15:00+00:00,0.0,0.0,0.0,0.0,0.3434493541717529,0.0263177715241909,0.0,0.0,0.0,0.0,0.0,0.0,0.0169007147572503,0.0597671324323616,0.0,0.0,0.0,0.0,night_lowlight,night_lowlight,0.0
2019-04-27 17:15:00+00:00,2019-04-27 17:30:00+00:00,0.0,0.0,0.0,0.0,0.341420978307724,0.0684963762760162,0.0,0.0,0.0,0.0,0.0,0.0,0.0169007147572503,0.0597671324323616,0.0,0.0,0.0,0.0,night_lowlight,night_lowlight,0.0
2019-04-27 17:30:00+00:00,2019-04-27 17:45:00+00:00,0.0,0.0,0.0,0.0,0.3469685614109039,0.0722554475069046,0.0,0.0,0.0,0.0,0.0,0.0,0.0169007147572503,0.0597671324323616,0.0,0.0,0.0,0.0,night_lowlight,night_lowlight,0.0
2019-04-27 17:45:00+00:00,2019-04-27 18:00:00+00:00,0.0,0.0,0.0,0.0,0.3416105210781097,0.0642944425344467,0.0,0.0,0.0,0.0,0.0,0.0299088060855865,0.0169007147572503,0.0597671324323616,0.0,0.0,0.0,0.0,night_lowlight,night_lowlight,0.0
2019-04-27 18:00:00+00:00,2019-04-27 18:15:00+00:00,0.0,0.0,0.0,0.0,0.3349343240261078,0.0830965191125869,0.0,0.0,0.0,0.0,0.0,0.0580694936215877,0.0169007147572503,0.0597671324323616,0.0,0.0,0.0,0.0,night_lowlight,night_lowlight,0.0
2019-04-27 18:15:00+00:00,2019-04-27 18:30:00+00:00,0.0,0.0,0.0,0.0,0.3320982754230499,0.085445761680603,0.0,0.0,0.0,0.0,0.0,0.1079925671219825,0.0169007147572503,0.1547822146056549,0.0,0.0,0.0,0.0,night_lowlight,night_lowlight,0.0
2019-04-27 18:30:00+00:00,2019-04-27 18:45:00+00:00,0.0,0.0,0.0,0.0,0.3337350189685821,0.075818620622158,0.0,0.0,0.0,0.0,0.0,0.1492138355970382,0.0169007147572503,0.0597671324323616,0.0,0.0190326124429702,0.0,0.0,night_lowlight,night_lowlight,0.0
2019-04-27 18:45:00+00:00,2019-04-27 19:00:00+00:00,0.0,0.0,0.0,0.0,0.3424586057662964,0.1052868738770484,0.0,0.0,0.0,0.0,0.0,0.1882413476705551,0.0169007147572503,0.0597671324323616,0.0,0.0322070233523845,0.0,0.0,night_lowlight,night_lowlight,0.0
2019-04-27 19:00:00+00:00,2019-04-27 19:15:00+00:00,0.0,0.0,0.0,0.0,0.338160902261734,0.1365188956260681,0.0,0.0,0.0,0.0,0.0,0.24224953353405,0.0169007147572503,0.0387540558441828,0.0,0.0188754126429557,0.0,0.0,night_lowlight,night_lowlight,0.0
2019-04-27 19:15:00+00:00,2019-04-27 19:30:00+00:00,0.0,0.0,0.0,0.0,0.282448410987854,0.1351216286420822,0.0,0.0,0.0,0.0,0.0,0.2481217682361602,0.0180356454352004,0.0453592435479796,0.0352622755235603,0.0,0.0,0.0,night_lowlight,night_lowlight,0.0
2019-04-27 19:30:00+00:00,2019-04-27 19:45:00+00:00,0.0,0.0,0.0,0.0,0.2675302028656006,0.1694418340921402,0.0,0.0,0.0,0.0,0.0,0.3197749555110931,0.0169007147572503,0.0387540558441828,0.0,0.0017758593894541,0.0004531643353402,0.0444581508636474,night_lowlight,night_lowlight,0.0
2019-04-27 19:45:00+00:00,2019-04-27 20:00:00+00:00,0.0,0.0,0.0,0.0,0.2671502232551574,0.2015444487333297,0.0,0.0,0.0,0.0,0.0,0.3826047778129577,0.0169007147572503,0.0,0.0,0.0246104635298252,0.0121339475736022,0.1091210320591926,night_lowlight,night_lowlight,0.0
2019-04-27 20:00:00+00:00,2019-04-27 20:15:00+00:00,0.0,0.0,0.0,0.0,0.2668386697769165,0.2270951122045517,0.0,0.0,0.0,0.0,0.0,0.4298000335693359,0.0169007147572503,0.133769138017476,0.0,0.0468723438680172,0.0,0.1689153611660003,night_lowlight,night_lowlight,0.0
2019-04-27 20:15:00+00:00,2019-04-27 20:30:00+00:00,0.0,0.0,0.0,0.0,0.2584663331508636,0.2123017311096191,0.0,0.0,0.0,0.0,0.0,0.461578220129013,0.0169007147572503,0.0387540558441828,0.0,0.0593124814331531,0.0142974648624658,0.2243112623691558,night_lowlight,night_lowlight,0.0
2019-04-27 20:30:00+00:00,2019-04-27 20:45:00+00:00,0.0,0.0,0.0,0.0,0.2659489214420318,0.2518502473831177,0.0,0.0,0.0,0.0,0.0,0.4954693615436554,0.0180356454352004,0.0453592435479796,0.0352622755235603,0.0863358601927757,0.0231539774686098,0.2623922526836395,night_lowlight,night_lowlight,0.0
2019-04-27 20:45:00+00:00,2019-04-27 21:00:00+00:00,0.0,0.0,0.0,0.0644499734044075,0.2810556888580322,0.2737552523612976,0.0406700633466243,0.0,0.0345082506537437,0.0,0.054565068334341,0.5440351963043213,0.0169007147572503,0.0387540558441828,0.0,0.1136966794729232,0.039557471871376,0.3190384209156036,night_lowlight,night_lowlight,0.0
2019-04-27 21:00:00+00:00,2019-04-27 21:15:00+00:00,0.0,0.0,0.0,0.1257047057151794,0.3307215571403503,0.3017522692680359,0.1015192121267318,0.0,0.1137204319238662,0.0,0.1504338085651397,0.6001989245414734,0.0169007147572503,0.0,0.0,0.143321543931961,0.0476508289575576,0.3727215826511383,night_lowlight,night_lowlight,0.0
2019-04-27 21:15:00+00:00,2019-04-27 21:30:00+00:00,0.0,1.0,0.0,0.1911317855119705,0.3490909039974212,0.3923750519752502,0.1137305945158004,0.0,0.1955218911170959,0.0,0.1248577013611793,0.620459258556366,0.0169007147572503,0.0387540558441828,0.0,0.1682941615581512,0.0518794432282447,0.4130887687206268,night_lowlight,night_lowlight,0.0
2019-04-27 21:30:00+00:00,2019-04-27 21:45:00+00:00,0.250079,10.0,0.0,0.285798043012619,0.3176611363887787,0.4674600958824157,0.0851105228066444,0.0,0.2186161279678344,0.0,0.1001412793993949,0.6190939545631409,0.0180356454352004,0.0419880986376578,0.031914897277725,0.1875253468751907,0.0420726649463176,0.4218151867389679,night_lowlight,night_lowlight,0.250079
2019-04-27 21:45:00+00:00,2019-04-27 22:00:00+00:00,0.66094,22.0,0.250079,0.664563292268753,0.5646082103290557,0.8382224082984924,0.3502447098531723,0.2905982375183105,0.523542875055313,0.0704989373722076,0.4096193552055359,0.9045824646987914,0.4022810767488106,0.2308721377562758,0.3242356257540837,0.4703730285205841,0.2915895000138283,0.7056494295635223,day_low,day_stable,0.410861
2019-04-27 22:00:00+00:00,2019-04-27 22:15:00+00:00,1.37457,47.0,0.66094,1.2153421725654605,1.0079200055027009,1.3752321686172486,0.866262116613388,0.7920196290636062,1.0506523634815217,0.5841394077563286,0.8892683174037933,1.3720327104949952,0.7296442224258015,0.727932613097346,0.6553718976943878,0.940567412557602,0.7227601456964016,1.208681711139679,day_low,day_stable,0.7136300000000001
2019-04-27 22:15:00+00:00,2019-04-27 22:30:00+00:00,2.418555,83.0,1.37457,2.066912042922974,1.9361808179092408,2.1453859089088443,1.8294694302749632,1.7163109956455231,1.9802625654411317,1.4781339867186547,1.8209830103588105,2.226823019809723,1.4190202679767636,1.3056408473960124,1.1873880009679034,1.7998259542655946,1.5079507408809665,2.0914295194816592,day_low,day_stable,1.043985
2019-04-27 22:30:00+00:00,2019-04-27 22:45:00+00:00,3.284969,116.0,2.418555,3.2831536318588257,3.213665285282135,3.4414589192199707,3.0681790496635437,2.8130424107837677,3.2473215843963623,2.589247875981331,2.8741075481700897,3.339566984348297,2.655478996045591,2.3602817844641155,2.415530586280809,2.9191518809127808,2.6443849440145493,3.275841751270294,day_low,day_stable,0.8664139999999998
2019-04-27 22:45:00+00:00,2019-04-27 23:00:00+00:00,4.40486,158.0,3.284969,4.2885132113876345,4.277542499679566,4.561167744773865,4.110311416763306,3.754141269105911,4.318745879310608,3.576488463062286,3.839410154003143,4.298107771057129,4.353987713857552,4.3684323717482,4.070067190889608,3.8857460299911497,3.606562761444091,4.248362330574036,day_low,day_stable,1.1198910000000004
2019-04-27 23:00:00+00:00,2019-04-27 23:15:00+00:00,5.871359,213.0,4.40486,5.555510143623352,5.538627724037171,5.8793952268219,5.3943409126853945,4.946519235954285,5.629197220191956,4.888958106622696,5.053810338363648,5.477145652160645,6.0655246396805405,6.106172984755611,5.744005304518149,5.108776847705841,4.781022320375443,5.445459584579468,day_low,day_stable,1.4664989999999998
2019-04-27 23:15:00+00:00,2019-04-27 23:30:00+00:00,8.020688,293.0,5.871359,7.167618164810181,7.174510607513428,7.411799797805786,6.9140166137542725,6.546523461135864,7.069783696922302,6.498134622367859,6.65579868296051,6.9983462188568115,6.8453587698911385,6.622305017221003,6.201717701098461,6.647852787765503,6.3073288593616486,7.004602680000305,day_medium,day_stable,2.149329
2019-04-27 23:30:00+00:00,2019-04-27 23:45:00+00:00,7.810688000000001,325.0,8.020688,9.324501099861145,9.474839511192322,9.56015616921234,9.0305517342453,8.705184700763702,9.117225947654724,8.647490027225494,8.845613482273102,9.202897134101867,8.993833298922763,8.277516346093684,7.85962502627038,8.86535078553009,8.508888813531875,9.19810396698761,day_medium,day_stable,-0.20999999999999908
2019-04-27 23:45:00+00:00,2019-04-28 00:00:00+00:00,11.98991,396.0,7.810688000000001,9.41221104172516,9.43759069947052,9.60237000492859,8.855230908668519,8.453849416053773,8.883684139526368,8.48674557713318,8.706300001419068,9.02208195236969,9.655011105698255,8.65987799211453,8.277988722552543,8.684827547348023,8.3343633821373,9.010578732765198,day_medium,day_ramp_up,4.179221999999999
2019-04-28 00:00:00+00:00,2019-04-28 00:15:00+00:00,14.21634,468.0,11.98991,13.354811304244995,13.52807258907318,13.590345614585877,12.874332600269318,12.463075065050123,12.963815205726624,12.781591945323944,12.92943476978302,13.230661266479492,14.059108454880738,13.085214256703704,13.15724907055016,12.93309825006485,12.50662463251114,13.228550069961548,day_medium,day_stable,2.2264300000000006
2019-04-28 00:15:00+00:00,2019-04-28 00:30:00+00:00,15.70406,501.0,14.21634,15.001844460334778,15.437800342407227,15.503145510520936,14.647473508682252,14.301647776927949,14.83816903289795,14.809905762043,14.910513216819764,15.525645667877198,15.043776710534814,14.315083982746156,14.647565740059644,15.195543641414645,14.707098925676346,15.383943373527527,day_medium,day_stable,1.4877199999999995
2019-04-28 00:30:00+00:00,2019-04-28 00:45:00+00:00,17.604561,559.0,15.70406,16.93552033287048,17.058618587074278,17.133856695709227,15.997483146009444,15.793460224387646,16.104436498699187,16.054801952657698,16.150038611707686,16.963121455726622,16.74487425913508,16.001514798091012,16.1620282459259,16.690065961894987,16.216555577335356,16.90123800617218,day_medium,day_stable,1.9005010000000002
2019-04-28 00:45:00+00:00,2019-04-28 01:00:00+00:00,17.589689,532.0,17.604561,18.22245684159851,18.649806885849,18.53003707421875,17.601132719180793,17.234872518907547,17.547933286856175,17.555178231428624,17.943466900716782,18.90054717553711,18.15446195473438,17.537224536833474,17.428807671038097,18.570959000717163,18.113117723594662,18.6332338143692,day_medium,day_stable,-0.01487200000000044
2019-04-28 01:00:00+00:00,2019-04-28 01:15:00+00:00,14.34694,417.0,17.589689,18.589278025974274,18.62606869493866,18.678044541229248,17.850334478963852,17.775957150806427,17.895129485477447,17.65659113084221,18.198008520950317,18.879616005767826,19.451058774787224,18.848593189325285,17.84654028886384,18.61493907724762,18.06764767919922,18.76472471510315,day_medium,day_stable,-3.242749
2019-04-28 01:15:00+00:00,2019-04-28 01:30:00+00:00,13.60953,365.0,14.34694,15.87122412437439,15.660324056091309,15.97100885623932,15.061048288288116,15.24749215358734,15.275425572338104,15.01503207201004,15.437515218200684,15.668272216262816,16.591575336347404,15.910060657268302,15.854634844086494,15.404497582855225,14.844081659259796,15.709599811973572,day_medium,day_stable,-0.7374100000000006
2019-04-28 01:30:00+00:00,2019-04-28 01:45:00+00:00,13.72306,425.0,13.60953,15.855799226074218,15.611234454421997,15.741714028625488,14.739077119140624,15.251037029533386,15.100755719451904,15.012064008026124,15.150345472602844,14.829618481903076,15.5753513112204,16.03665150261246,14.685702559571553,14.61205056121826,14.131837991981506,14.995031623153686,day_medium,day_stable,0.1135300000000008
2019-04-28 01:45:00+00:00,2019-04-28 02:00:00+00:00,15.45119,435.0,13.72306,15.796216595230105,15.751138079223631,15.84814249282837,14.75782655483246,14.893179285583496,15.14189385181427,15.25273607975006,15.168212163505554,14.864351737556458,16.26519213428747,15.424468131881472,14.69945840810762,14.761298644599917,14.240173268375395,15.216524946746826,day_medium,day_stable,1.7281300000000002
2019-04-28 02:00:00+00:00,2019-04-28 02:15:00+00:00,12.66628,353.0,15.45119,16.91606045288086,17.160647516670227,17.072178607406617,16.742820148887635,16.93153143447876,17.203433399620057,17.457324271621705,17.031248336257935,16.478174095573426,16.931253061485034,15.999420181276289,15.365829113800512,16.50510025543213,15.916116689863204,16.94457471889496,day_medium,day_stable,-2.78491
2019-04-28 02:15:00+00:00,2019-04-28 02:30:00+00:00,14.865379999999998,411.0,12.66628,15.02889010169983,14.631287305145264,15.055738179473876,14.363847462921145,14.764397589950562,15.01803371170044,15.193164317398072,14.609194366722107,13.604801683216095,15.84550505086612,15.232075711580498,14.719776646751004,13.743027059822085,13.10186493256569,14.303876845626831,day_medium,day_stable,2.199099999999998
2019-04-28 02:30:00+00:00,2019-04-28 02:45:00+00:00,17.674129,500.0,14.865379999999998,16.443521331672667,16.57639427078247,16.54814524543762,16.31980736148834,16.3763366450119,16.885925005798338,17.382573555831907,16.564453791503905,15.702774654750822,17.588079976622407,16.44435845697206,15.596817942467329,15.899152587776182,15.229263227109907,16.49745924365997,day_medium,day_stable,2.8087490000000024
2019-04-28 02:45:00+00:00,2019-04-28 03:00:00+00:00,20.341999,574.0,17.674129,18.119655629686356,18.78832077055359,18.3100691345253,18.475203087619786,18.079200020126343,18.72614966898346,19.399610629371644,18.683931103042603,18.411236872962952,18.482452218408714,17.98305269976715,16.94229369508328,18.713556161216736,17.9863064494648,19.217439284614564,day_medium,day_stable,2.6678700000000006
2019-04-28 03:00:00+00:00,2019-04-28 03:15:00+00:00,19.257,572.0,20.341999,19.63926244347,20.662510609315873,20.111330961870195,21.04850054352188,20.939306085990907,21.38451988069916,21.451230114387513,21.28671700327301,20.96894163458252,20.09625635769078,20.81889596795335,19.77763785396213,21.441734975265504,20.59714693395996,21.863649910377504,day_medium,day_stable,-1.0849989999999998
2019-04-28 03:15:00+00:00,2019-04-28 03:30:00+00:00,22.2495,651.0,19.257,19.505404771089555,19.918878407001497,19.27598327097297,20.182296902656557,20.689589888572694,20.8965058631897,20.71400085163117,20.65281334590912,19.74125114154816,18.997969431236548,20.118360164378498,17.782109468771576,20.087413281917573,19.40270108056069,20.66870132160187,day_medium,day_stable,2.9924999999999997
2019-04-28 03:30:00+00:00,2019-04-28 03:45:00+00:00,24.659691,685.0,22.2495,21.272275232791905,22.373675600707532,21.677779399871827,22.427543499588968,22.70847701382637,22.85054149580002,22.78067024898529,23.116259061813356,22.57207688045502,21.154741148581365,22.306373895392035,20.53993365809788,22.80895897102356,22.235451511189343,23.400247418403627,day_high,day_stable,2.4101909999999975
2019-04-28 03:45:00+00:00,2019-04-28 04:00:00+00:00,27.223881,817.0,24.659691,23.784717285648345,24.78346558810806,23.797095859066008,24.570726187542437,24.799237394348143,24.817347639814376,24.789516711250304,25.315937840953826,24.74605264665222,21.795104897172784,21.912533340353264,21.750512506807524,25.137210094944,24.49950020910835,25.631069743648528,day_high,day_stable,2.56419
2019-04-28 04:00:00+00:00,2019-04-28 04:15:00+00:00,24.20381,726.0,27.223881,25.05457162232971,26.707268768268584,25.537650817352297,26.026908629852297,25.85754882665253,25.93057774873352,25.767060869651793,26.97290452690697,27.093493634181975,24.247240871908183,24.95484537522612,24.328378151890327,27.441750132757186,26.908908986764907,27.794664734321593,day_high,day_stable,-3.020070999999998
2019-04-28 04:15:00+00:00,2019-04-28 04:30:00+00:00,18.75606,549.0,24.20381,23.173143052635194,23.809556418237687,23.049701237258912,23.15563251930237,23.15604343372345,23.03487529712677,22.9847417111969,24.11655519264698,23.945838772830964,22.652325474895417,21.498795245900386,22.18301740278341,24.35456500309467,23.815597378787995,24.587903552827836,day_medium,day_ramp_down,-5.447749999999999
2019-04-28 04:30:00+00:00,2019-04-28 04:45:00+00:00,15.68919,436.0,18.75606,19.181570942935945,18.902476872739793,18.826186168429853,18.304784293708803,18.723490226504804,18.351272548971178,18.909295509991647,19.281652148303987,18.448322023687364,19.226437681537146,18.341553360046476,17.381386967945,18.890258144078256,18.34944715672493,19.17159393006325,day_medium,day_stable,-3.0668700000000015
2019-04-28 04:45:00+00:00,2019-04-28 05:00:00+00:00,13.36759,353.0,15.68919,16.982476323547363,16.451707750263214,16.35913684934616,15.85001724928856,16.193542509975433,15.96010121673584,17.151558965148926,16.631845861377716,15.33201962679863,16.00021941934851,15.027008181202351,14.240055982833145,16.025349765720367,15.296777307691574,16.29884657234192,day_medium,day_stable,-2.3216
2019-04-28 05:00:00+00:00,2019-04-28 05:15:00+00:00,16.867379999999997,474.0,13.36759,14.974025894966124,14.380100180473327,14.448966791000366,13.693160553541183,14.000703741874696,13.661110212173462,15.373017360534668,14.418592502441406,12.985304673280716,15.969928573724928,15.584477053397531,15.05932994747674,13.756072719659803,12.993856360282898,14.04128908094406,day_medium,day_ramp_up,3.4997899999999973
2019-04-28 05:15:00+00:00,2019-04-28 05:30:00+00:00,18.63225,504.0,16.867379999999997,16.748013056163785,17.07265800917625,16.250380910282132,16.40385708892822,16.032328523044583,16.15327069843292,18.014178133850095,17.231435573940274,16.44703689897537,15.711757244133096,15.978179522752916,15.921717754276914,17.231091059093472,16.45269033992767,17.377038396244046,day_medium,day_stable,1.764870000000002
2019-04-28 05:30:00+00:00,2019-04-28 05:45:00+00:00,13.69222,388.0,18.63225,17.819201100826263,18.185916919469832,17.519312072753905,17.69051485157013,17.53725807762146,17.41298489665985,19.061813969373706,18.70956545716524,18.20049204325676,15.466824997031743,16.006209309892434,15.646098425006308,18.751391191244124,18.140070963859557,18.931912321805953,day_medium,day_ramp_down,-4.940029999999998
2019-04-28 05:45:00+00:00,2019-04-28 06:00:00+00:00,12.91128,340.0,13.69222,15.035812166900635,14.044577178926469,14.32808723804474,13.50300550219536,13.802323458166123,13.454549980731011,15.352196363182069,14.285119918556214,13.181741622657777,15.285857610038828,15.237179526697718,13.76399009796792,13.867523518772126,13.156381813259124,14.12663116809845,day_medium,day_stable,-0.7809400000000011
2019-04-28 06:00:00+00:00,2019-04-28 06:15:00+00:00,20.006439,516.0,12.91128,13.54301735141754,13.043513411073684,13.190261000185012,12.521458261995315,12.626318269758224,12.541002326993942,14.498488271026613,13.238300287513733,12.33718045928955,15.026152622614998,15.98817436285904,13.621013187683973,13.031930075376032,12.358727717189788,13.29667844751358,day_medium,day_ramp_up,7.095159000000001
2019-04-28 06:15:00+00:00,2019-04-28 06:30:00+00:00,10.20316,270.0,20.006439,17.39679339491272,18.64198449217224,17.500903635849,18.306547075141907,17.65224102102661,18.0827808674469,19.251415103305817,19.139804213871003,19.38721838556671,18.12130747423327,17.312221887934747,16.014448379121053,19.8855129774704,19.358799606193543,19.9659682173326,day_low,day_ramp_down,-9.803279
2019-04-28 06:30:00+00:00,2019-04-28 06:45:00+00:00,10.63606,279.0,10.20316,11.580748510513306,10.23710976258278,10.94085462108612,9.8369008721447,10.23575526565671,9.986795288476944,11.523848247680665,10.505704981241228,9.687074375305176,11.743047005164977,10.380565807246043,10.729929164738044,10.215885827284158,9.666500520858763,10.57708619252205,day_low,day_stable,0.43290000000000006
2019-04-28 06:45:00+00:00,2019-04-28 07:00:00+00:00,14.93056,413.0,10.63606,10.844571888980866,10.608021431205271,10.446547851500512,10.458884627161028,10.55797306501627,10.642705910441876,12.222070694503785,11.110055238542556,10.11794477754593,11.843288408822312,11.714103377124596,10.694696896022815,10.662989611340166,10.118646562633517,11.00705239230156,day_medium,day_ramp_up,4.294499999999999
2019-04-28 07:00:00+00:00,2019-04-28 07:15:00+00:00,9.091907,233.0,14.93056,13.403460032997131,14.147820658740995,13.157778627929687,13.982409067211153,13.521005160865784,13.707414991912842,15.489572413024902,14.867291494963167,14.350677795467377,13.0691995335226,14.088089748958655,13.235994743241864,14.80174436396122,14.319158442077637,15.044352940974235,day_low,day_ramp_down,-5.838652999999999
2019-04-28 07:15:00+00:00,2019-04-28 07:30:00+00:00,11.37456,310.0,9.091907,9.493828212673188,8.94993621652794,9.22282291000557,8.761194234544755,8.94707666879368,8.774730687791825,10.481776928359986,9.449823593551637,8.59717035835457,9.546391345002954,8.338327638552522,9.32676753754206,8.997628426010133,8.535993968898774,9.400823240930558,day_medium,day_stable,2.282653
2019-04-28 07:30:00+00:00,2019-04-28 07:45:00+00:00,7.753375,196.0,11.37456,10.3388515725708,10.720467151699069,10.163003088531497,10.762947560844422,10.694863320884703,10.798431755599976,12.438621284065247,11.448215270040036,10.891721905765534,9.483104381657308,10.417478977976463,9.141913203583409,11.206168548760417,10.7842736259079,11.562853740153312,day_low,day_ramp_down,-3.6211850000000005
2019-04-28 07:45:00+00:00,2019-04-28 08:00:00+00:00,8.521844,229.0,7.753375,7.799311618000269,7.7349063648432494,7.685642844676972,7.571913710474968,7.959510794520378,7.896710074186325,9.13852543258667,8.243730014801026,7.313162213802338,8.119040325885727,7.510065060880494,5.992017163464519,7.627153074979782,7.1990382137298585,7.946350863814354,day_low,day_stable,0.7684689999999996
2019-04-28 08:00:00+00:00,2019-04-28 08:15:00+00:00,8.794844,227.0,8.521844,8.138006568330765,8.306266308206558,7.807136744636535,8.12741661109352,8.146067321676254,8.133451253551483,9.644440740722656,8.856097042936325,8.105485290664673,7.8037334481189005,7.789483292642368,7.285139517224325,8.393198028582573,7.974970490116119,8.553423431146383,day_low,day_stable,0.2729999999999997
2019-04-28 08:15:00+00:00,2019-04-28 08:30:00+00:00,6.618061999999999,177.0,8.794844,7.767582742828369,8.170430628913879,7.68028876032257,8.06148126568222,7.991877882141113,7.945071606296539,9.465794293540954,8.742091620671987,8.426458595651626,7.614639861374307,7.719166433515656,6.573681802553829,8.621817274350166,8.253338305610656,8.717059610742568,day_low,day_stable,-2.176782
2019-04-28 08:30:00+00:00,2019-04-28 08:45:00+00:00,7.009297,180.0,6.618061999999999,6.007851402484893,6.198332081758498,5.908431570255279,6.057516615116119,6.202894519292831,6.070175151550292,7.348832647525787,6.789465124928474,6.326083491765975,5.500324422696341,5.434542659449939,4.391645186844782,6.439331541978835,6.116340975486755,6.5479741350049965,day_low,day_stable,0.3912350000000009
2019-04-28 08:45:00+00:00,2019-04-28 09:00:00+00:00,4.3218440000000005,119.0,7.009297,6.1829318271369935,6.548515485355377,6.1344152556152345,6.501356051990509,6.614294426271439,6.471449600288391,7.72430651051712,7.231948213407517,6.743420438596726,5.1686094900111925,5.413931138249743,4.734915397739383,6.835396410653114,6.515527473518372,6.936842063197613,day_low,day_stable,-2.6874529999999996
2019-04-28 09:00:00+00:00,2019-04-28 09:15:00+00:00,3.665375,97.0,4.3218440000000005,3.8311452452125554,4.114536333459855,4.01692171730423,3.7673053924026494,4.0270911637725835,3.874354172128678,4.82259787954712,4.619141418117524,4.147050264853478,3.2621753536881717,3.5121651293467564,3.4269630349858557,4.170536134022713,3.876426089185715,4.273107148337603,day_low,day_stable,-0.6564690000000004
2019-04-28 09:15:00+00:00,2019-04-28 09:30:00+00:00,2.55232,69.0,3.665375,3.028873568534851,3.431697508454323,3.31110174036026,3.049047833442688,3.3489199635982514,3.28010324215889,3.9088353422880178,3.785307733476162,3.611366076529026,2.7350051482930864,2.73041764079627,2.536182770194557,3.485254785180092,3.25704655623436,3.5755697247982026,day_low,day_stable,-1.1130550000000001
2019-04-28 09:30:00+00:00,2019-04-28 09:45:00+00:00,2.233602,59.0,2.55232,2.206026133365631,2.491409175313711,2.3907359952402114,2.066989954776764,2.4164929205846786,2.4076754862737655,2.7942586357069015,2.916830655403137,2.55918252489686,1.5427179841813643,1.5046443159296452,1.360384376815703,2.3787206078243255,2.17233833319664,2.480742048687935,day_low,day_stable,-0.31871800000000006
2019-04-28 09:45:00+00:00,2019-04-28 10:00:00+00:00,1.588453,42.0,2.233602,2.169206743659496,2.2946127257962226,2.12592213374567,1.9808606333751675,2.2656551353354453,2.328565490962982,2.5633981354255675,2.808644128562927,2.290247583361387,1.0111213245028536,1.0897227895839603,0.970476111424846,2.081367892744064,1.8601762778778077,2.17551126104784,day_low,day_stable,-0.645149
2019-04-28 10:00:00+00:00,2019-04-28 10:15:00+00:00,1.154754,32.0,1.588453,1.5413867808489798,1.6748453132419585,1.5143850870041846,1.3453112594394685,1.4953992865591048,1.6034629722668527,1.7315258286504744,1.989412014892578,1.746937503626823,1.0110748149059965,1.0924345533283788,0.8867287875356566,1.4586678646116256,1.2174237422256469,1.4868172905950543,day_low,day_stable,-0.43369899999999983
2019-04-28 10:15:00+00:00,2019-04-28 10:30:00+00:00,0.803346,24.0,1.154754,1.1615118265443445,1.268856989435196,1.1506409069814685,0.9482595941343308,1.0673771148838995,1.1725012308278084,1.1996374151029587,1.482692050031662,1.3764672598161698,0.6137044712082182,0.7928023545938004,0.6010660803200614,1.0297643786587716,0.7713435462036133,1.0179225376167298,day_low,day_stable,-0.35140800000000005
2019-04-28 10:30:00+00:00,2019-04-28 10:45:00+00:00,0.314481,9.0,0.803346,0.8130831125593782,0.9349778809986116,0.8398971402487755,0.6341543266019821,0.7354329222283363,0.8598226861498356,0.7982345114863515,1.1102969267807006,1.0462477275571822,0.3813164631450897,0.4078753661807915,0.3780434485860158,0.684349625690937,0.4007374563655853,0.6253837564430237,night_lowlight,night_lowlight,-0.488865
2019-04-28 10:45:00+00:00,2019-04-28 11:00:00+00:00,0.023868,1.0,0.314481,0.2830842347381115,0.4339470514593124,0.3579561994907856,0.1420139768657684,0.2317570248184204,0.3772849464354515,0.2517525353965759,0.51834703474617,0.5675809481678009,0.2178456035368675,0.086745210727561,0.0743453097762218,0.1855108091173172,0.0,0.0881673195896148,night_lowlight,night_lowlight,-0.290613
2019-04-28 11:00:00+00:00,2019-04-28 11:15:00+00:00,0.0,0.0,0.023868,0.0,0.1482446993284225,0.0455597116194963,0.0,0.0,0.0265360771261453,0.0,0.1844277883462906,0.2923277074985504,0.0143203652363849,0.010597192711891,0.0457550753216373,0.0,0.0,0.0,night_lowlight,night_lowlight,-0.023868
2019-04-28 11:15:00+00:00,2019-04-28 11:30:00+00:00,0.0,0.0,0.0,0.0,0.1343961656093597,0.0064595080912113,0.0,0.0,0.0,0.0,0.2033154517412185,0.2825775146484375,0.0077779742680181,0.013595779323582,0.040409725890884,0.0,0.0,0.0,night_lowlight,night_lowlight,0.0
2019-04-28 11:30:00+00:00,2019-04-28 11:45:00+00:00,0.0,0.0,0.0,0.0,0.1489403843879699,0.018143193796277,0.0,0.0,0.0,0.0,0.2363809943199157,0.2958903014659881,0.0169007147572503,0.110610055357303,0.0414085640944053,0.0,0.0,0.0,night_lowlight,night_lowlight,0.0
2019-04-28 11:45:00+00:00,2019-04-28 12:00:00+00:00,0.0,0.0,0.0,0.0,0.1476499885320663,0.0029867906123399,0.0,0.0,0.0,0.0,0.2162875980138778,0.292302519083023,0.0169007147572503,0.110610055357303,0.0414085640944053,0.0,0.0,0.0,night_lowlight,night_lowlight,0.0
2019-04-28 12:00:00+00:00,2019-04-28 12:15:00+00:00,0.0,0.0,0.0,0.0,0.1540218740701675,0.0,0.0,0.0,0.0,0.0,0.1873378306627273,0.3121252954006195,0.0169007147572503,0.1140879686514397,0.0414085640944053,0.0,0.0,0.0,night_lowlight,night_lowlight,0.0
2019-04-28 12:15:00+00:00,2019-04-28 12:30:00+00:00,0.0,0.0,0.0,0.0,0.1569573581218719,0.0,0.0,0.0,0.0,0.0,0.1610146462917328,0.3186242282390594,0.0169007147572503,0.1140879686514397,0.0414085640944053,0.0,0.0,0.0,night_lowlight,night_lowlight,0.0
2019-04-28 12:30:00+00:00,2019-04-28 12:45:00+00:00,0.0,0.0,0.0,0.0,0.1601746976375579,0.0,0.0,0.0,0.0,0.0,0.1626112759113311,0.3086216747760772,0.0169007147572503,0.2242666724830031,0.0414085640944053,0.0,0.0,0.0,night_lowlight,night_lowlight,0.0
2019-04-28 12:45:00+00:00,2019-04-28 13:00:00+00:00,0.0,0.0,0.0,0.0,0.1588099300861358,0.0,0.0,0.0,0.0,0.0,0.1539317369461059,0.2960668802261352,0.0169007147572503,0.2242666724830031,0.0414085640944053,0.0,0.0,0.0,night_lowlight,night_lowlight,0.0
2019-04-28 13:00:00+00:00,2019-04-28 13:15:00+00:00,0.0,0.0,0.0,0.0,0.1543412506580352,0.0,0.0,0.0,0.0,0.0,0.1687081456184387,0.3055846095085144,0.0169007147572503,0.2242666724830031,0.0414085640944053,0.0,0.0,0.0,night_lowlight,night_lowlight,0.0
2019-04-28 13:15:00+00:00,2019-04-28 13:30:00+00:00,0.0,0.0,0.0,0.0,0.1466677188873291,0.0,0.0,0.0,0.0,0.0,0.1579635739326477,0.3021854162216186,0.0143203652363849,0.1790736466842244,0.0,0.0,0.0,0.0,night_lowlight,night_lowlight,0.0
2019-04-28 13:30:00+00:00,2019-04-28 13:45:00+00:00,0.0,0.0,0.0,0.0,0.1492614448070526,0.0,0.0,0.0,0.0,0.0,0.1660071462392807,0.2958006858825683,0.0143203652363849,0.1790736466842244,0.0,0.0,0.0,0.0,night_lowlight,night_lowlight,0.0
2019-04-28 13:45:00+00:00,2019-04-28 14:00:00+00:00,0.0,0.0,0.0,0.0,0.1559211015701294,0.0,0.0,0.0,0.0,0.0,0.138181135058403,0.2922215461730957,0.0169007147572503,0.1779776156108524,0.0,0.0,0.0,0.0,night_lowlight,night_lowlight,0.0
2019-04-28 14:00:00+00:00,2019-04-28 14:15:00+00:00,0.0,0.0,0.0,0.0,0.1674815416336059,0.0,0.0,0.0,0.0,0.0,0.1605837345123291,0.2794322967529297,0.0169007147572503,0.1779776156108524,0.0,0.0,0.0,0.0,night_lowlight,night_lowlight,0.0
2019-04-28 14:15:00+00:00,2019-04-28 14:30:00+00:00,0.0,0.0,0.0,0.0,0.1812071502208709,0.0,0.0,0.0,0.0,0.0,0.1753088235855102,0.2709142863750458,0.0169007147572503,0.1779776156108524,0.0,0.0,0.0,0.0,night_lowlight,night_lowlight,0.0
2019-04-28 14:30:00+00:00,2019-04-28 14:45:00+00:00,0.0,0.0,0.0,0.0,0.1911524385213852,0.0,0.0,0.0,0.0,0.0,0.1546250581741333,0.2633126080036163,0.0169007147572503,0.1779776156108524,0.0,0.0,0.0,0.0,night_lowlight,night_lowlight,0.0
2019-04-28 14:45:00+00:00,2019-04-28 15:00:00+00:00,0.0,0.0,0.0,0.0,0.2385105788707733,0.0,0.0,0.0,0.0,0.0,0.1348028033971786,0.2326370030641555,0.0169007147572503,0.2022727879762141,0.0,0.0,0.0,0.0,night_lowlight,night_lowlight,0.0
2019-04-28 15:00:00+00:00,2019-04-28 15:15:00+00:00,0.0,0.0,0.0,0.0,0.2455464005470276,0.0,0.0,0.0,0.0,0.0,0.1322431415319442,0.2222835123538971,0.0169007147572503,0.1779776156108524,0.0,0.0,0.0,0.0,night_lowlight,night_lowlight,0.0
2019-04-28 15:15:00+00:00,2019-04-28 15:30:00+00:00,0.0,0.0,0.0,0.0,0.2634260058403015,0.0,0.0,0.0,0.0,0.0,0.1433619856834411,0.2127090841531753,0.0169007147572503,0.1779776156108524,0.0,0.0,0.0,0.0,night_lowlight,night_lowlight,0.0
2019-04-28 15:30:00+00:00,2019-04-28 15:45:00+00:00,0.0,0.0,0.0,0.0,0.264921486377716,0.0,0.0,0.0,0.0,0.0,0.1482980549335479,0.2093426436185836,0.0169007147572503,0.1779776156108524,0.0,0.0,0.0,0.0,night_lowlight,night_lowlight,0.0
2019-04-28 15:45:00+00:00,2019-04-28 16:00:00+00:00,0.0,0.0,0.0,0.0,0.3024355173110962,0.0,0.0,0.0,0.0,0.0,0.1832864135503769,0.2192743569612503,0.0189113022750408,0.1779776156108524,0.0,0.0,0.0,0.0,night_lowlight,night_lowlight,0.0
2019-04-28 16:00:00+00:00,2019-04-28 16:15:00+00:00,0.0,0.0,0.0,0.0,0.2750832438468933,0.0,0.0,0.0,0.0,0.0,0.1589154005050659,0.2434066236019134,0.0189113022750408,0.1779776156108524,0.0,0.0,0.0,0.0,night_lowlight,night_lowlight,0.0
2019-04-28 16:15:00+00:00,2019-04-28 16:30:00+00:00,0.0,0.0,0.0,0.0,0.2665594816207886,0.0208287667483091,0.0,0.0,0.0,0.0,0.136059433221817,0.242410808801651,0.0189113022750408,0.1779776156108524,0.0,0.0,0.0,0.0,night_lowlight,night_lowlight,0.0
2019-04-28 16:30:00+00:00,2019-04-28 16:45:00+00:00,0.0,0.0,0.0,0.0,0.3137072026729584,0.0155290812253952,0.0,0.0,0.0,0.0,0.0816817879676818,0.2225982993841171,0.0169007147572503,0.1779776156108524,0.0,0.0,0.0,0.0,night_lowlight,night_lowlight,0.0
2019-04-28 16:45:00+00:00,2019-04-28 17:00:00+00:00,0.0,0.0,0.0,0.0,0.31963050365448,0.0291032027453184,0.0,0.0,0.0,0.0,0.0509774088859558,0.2338365614414215,0.0169007147572503,0.1779776156108524,0.0,0.0,0.0,0.0,night_lowlight,night_lowlight,0.0
2019-04-28 17:00:00+00:00,2019-04-28 17:15:00+00:00,0.0,0.0,0.0,0.0,0.2866946458816528,0.0651623979210853,0.0,0.0,0.0,0.0,0.0442443266510963,0.293797492980957,0.0189113022750408,0.1779776156108524,0.0,0.0,0.0,0.0,night_lowlight,night_lowlight,0.0
2019-04-28 17:15:00+00:00,2019-04-28 17:30:00+00:00,0.0,0.0,0.0,0.0,0.2874855995178222,0.092195875942707,0.0,0.0,0.0,0.0,0.0595211237668991,0.3226652443408966,0.0189113022750408,0.1779776156108524,0.0,0.0,0.0,0.0,night_lowlight,night_lowlight,0.0
2019-04-28 17:30:00+00:00,2019-04-28 17:45:00+00:00,0.0,0.0,0.0,0.0,0.2871151566505432,0.1145956292748451,0.0,0.0,0.0191894173622131,0.0,0.0702901408076286,0.3410354852676391,0.0189113022750408,0.1779776156108524,0.0,0.0,0.0,0.0,night_lowlight,night_lowlight,0.0
2019-04-28 17:45:00+00:00,2019-04-28 18:00:00+00:00,0.0,0.0,0.0,0.0,0.2839663028717041,0.1334677189588546,0.0,0.0,0.0456780418753623,0.0,0.0834051668643951,0.3630286157131195,0.0189113022750408,0.1779776156108524,0.0,0.0,0.0,0.0,night_lowlight,night_lowlight,0.0
2019-04-28 18:00:00+00:00,2019-04-28 18:15:00+00:00,0.0,0.0,0.0,0.0,0.2507989704608917,0.1534596085548401,0.0,0.0,0.0635127425193786,0.0,0.0659340396523475,0.3938122689723968,0.0097885617858086,0.1820722332959154,0.0,0.0,0.0,0.0,night_lowlight,night_lowlight,0.0
2019-04-28 18:15:00+00:00,2019-04-28 18:30:00+00:00,0.0,0.0,0.0,0.0,0.3022151589393616,0.1379158794879913,0.0,0.0,0.0,0.0,0.0,0.4094761908054352,0.0189113022750408,0.1779776156108524,0.0,0.0,0.0,0.0,night_lowlight,night_lowlight,0.0
2019-04-28 18:30:00+00:00,2019-04-28 18:45:00+00:00,0.0,0.0,0.0,0.0,0.228352814912796,0.168449118733406,0.0,0.0,0.0031876973807811,0.0,0.0,0.4075295627117157,0.0189113022750408,0.1779776156108524,0.0299040498572038,0.0,0.0,0.0,night_lowlight,night_lowlight,0.0
2019-04-28 18:45:00+00:00,2019-04-28 19:00:00+00:00,0.0,0.0,0.0,0.0,0.2789785861968994,0.1202307045459747,0.0,0.0,0.0,0.0,0.0,0.4460770487785339,0.0189113022750408,0.0584494036558489,0.0,0.0,0.0,0.0,night_lowlight,night_lowlight,0.0
2019-04-28 19:00:00+00:00,2019-04-28 19:15:00+00:00,0.0,0.0,0.0,0.0,0.3272271752357483,0.162644937634468,0.0,0.0,0.0,0.0,0.0,0.5134888291358948,0.0189113022750408,0.1779776156108524,0.0,0.0,0.0,0.0,night_lowlight,night_lowlight,0.0
2019-04-28 19:15:00+00:00,2019-04-28 19:30:00+00:00,0.0,0.0,0.0,0.0,0.3456897735595703,0.1916216164827346,0.0,0.0,0.0502354353666305,0.0,0.0,0.5477097034454346,0.0189113022750408,0.2022727879762141,0.0,0.0,0.0,0.0236475747078657,night_lowlight,night_lowlight,0.0
2019-04-28 19:30:00+00:00,2019-04-28 19:45:00+00:00,0.0,0.0,0.0,0.0,0.3521466255187988,0.2310247123241424,0.0,0.0,0.1246419176459312,0.0,0.0,0.5783877372741699,0.0189113022750408,0.1779776156108524,0.0,0.0,0.0,0.0687633752822876,night_lowlight,night_lowlight,0.0
2019-04-28 19:45:00+00:00,2019-04-28 20:00:00+00:00,0.0,0.0,0.0,0.0,0.3378045856952667,0.2012542784214019,0.0,0.0,0.0294127892702817,0.0,0.0,0.5878446102142334,0.0189113022750408,0.0584494036558489,0.0,0.0,0.0,0.1242222711443901,night_lowlight,night_lowlight,0.0
2019-04-28 20:00:00+00:00,2019-04-28 20:15:00+00:00,0.0,0.0,0.0,0.0,0.3348677456378937,0.2012452632188797,0.0,0.0,0.0,0.0,0.0,0.5970354080200195,0.0189113022750408,0.0584494036558489,0.0,0.0,0.0,0.1620207875967025,night_lowlight,night_lowlight,0.0
2019-04-28 20:15:00+00:00,2019-04-28 20:30:00+00:00,0.0,0.0,0.0,0.0,0.3298505544662475,0.2246087342500686,0.0,0.0,0.0011252969270572,0.0,0.0,0.6302576661109924,0.0189113022750408,0.0584494036558489,0.0,0.0022390100639313,0.0,0.2208367735147476,night_lowlight,night_lowlight,0.0
2019-04-28 20:30:00+00:00,2019-04-28 20:45:00+00:00,0.0,0.0,0.0,0.0,0.3250384330749511,0.2545874416828155,0.0,0.0,0.0274723712354898,0.0,0.0,0.6691129803657532,0.0189113022750408,0.0584494036558489,0.0,0.0267859753221273,0.0,0.2858108878135681,night_lowlight,night_lowlight,0.0
2019-04-28 20:45:00+00:00,2019-04-28 21:00:00+00:00,0.0,0.0,0.0,0.0,0.338882565498352,0.2953828573226928,0.0,0.0,0.0728936493396759,0.0,0.0,0.712910532951355,0.0189113022750408,0.0584494036558489,0.0,0.0596918612718582,0.0,0.3460762202739715,night_lowlight,night_lowlight,0.0
2019-04-28 21:00:00+00:00,2019-04-28 21:15:00+00:00,0.0,0.0,0.0,0.0226077809929847,0.3473411202430725,0.3510828614234924,0.0,0.0,0.1435732394456863,0.0,0.0,0.7491032481193542,0.0189113022750408,0.2729926977841456,0.0299040498572038,0.0982996001839637,0.0,0.4404274821281433,night_lowlight,night_lowlight,0.0
2019-04-28 21:15:00+00:00,2019-04-28 21:30:00+00:00,0.0,0.0,0.0,0.1126502081751823,0.3953208029270172,0.4183053970336914,0.0537979453802108,0.0,0.2160723060369491,0.0,0.0,0.7996401786804199,0.0189113022750408,0.0584494036558489,0.0,0.1442616581916809,0.0,0.5026789307594299,night_lowlight,night_lowlight,0.0
2019-04-28 21:30:00+00:00,2019-04-28 21:45:00+00:00,0.107468,6.0,0.0,0.222026988863945,0.4366174340248108,0.4818682074546814,0.1091705784201622,0.0,0.3243611454963684,0.0,0.0519166365265846,0.8391426205635071,0.0189113022750408,0.1779776156108524,0.0,0.176103800535202,0.0,0.5463941693305969,night_lowlight,night_lowlight,0.107468
2019-04-28 21:45:00+00:00,2019-04-28 22:00:00+00:00,0.426433,15.0,0.107468,0.4345753997020721,0.6059904902629852,0.6465451627426148,0.2765169500761032,0.0626587330751419,0.4976089804821014,0.0,0.1891968383841514,0.9732183724098206,0.3364307748718705,0.250567485567942,0.2797977657899057,0.3220100908927917,0.117865532954812,0.7364125161819458,night_lowlight,night_lowlight,0.318965
2019-04-28 22:00:00+00:00,2019-04-28 22:15:00+00:00,0.83944,28.0,0.426433,0.8664100498275757,0.957638177307129,1.0678393572883609,0.6317545205669404,0.45217598158288,0.9709312647895814,0.2984765053110123,0.537033583255291,1.3578083247261048,0.5333480686601236,0.538138593922008,0.5092811516033098,0.6960161656455994,0.4401153691427708,1.2046777338104249,day_low,day_stable,0.41300699999999996
2019-04-28 22:15:00+00:00,2019-04-28 22:30:00+00:00,1.852266,63.0,0.83944,1.4016415595436096,1.41848976606369,1.5931635617637634,1.1100659489059448,0.9347190677547454,1.493165802898407,0.8372818853133916,1.036051762046814,1.8405640243911745,0.9292035979332562,0.9876020987882576,0.8938808477415692,1.172390264215469,0.8758081390881538,1.7533775686645507,day_low,day_stable,1.012826
2019-04-28 22:30:00+00:00,2019-04-28 22:45:00+00:00,2.853813,98.0,1.852266,2.5879595739517214,2.566323266712189,2.7985372407112123,2.2980525059375765,2.1053328377876284,2.644454882827759,2.040439681497574,2.1625801486644747,2.954028056350708,2.0002205200700343,2.1442331341617953,1.9772645440444612,2.2984930438671114,1.9702712161216736,2.958648727622986,day_low,day_stable,1.0015470000000002
2019-04-28 22:45:00+00:00,2019-04-28 23:00:00+00:00,3.743141000000001,134.0,2.853813,3.851983554637909,3.67713368681717,4.1546093895797735,3.386965520656586,3.177966155088425,3.92359752205658,3.1679950430755617,3.252683348930359,4.021926708496094,3.9323190051933583,3.9737433764685153,3.755264800674049,3.37942791727829,3.033432133472443,4.037870950973511,day_low,day_stable,0.8893280000000008
2019-04-28 23:00:00+00:00,2019-04-28 23:15:00+00:00,5.320875,181.0,3.743141000000001,5.061950866905214,4.654973213401796,5.318535153594972,4.481851641860963,4.299095933166505,5.100782935348512,4.32444018575287,4.428628270355226,5.034826104370119,4.959355512665629,5.17364311166271,4.644966929479884,4.430805270401002,4.023579989400865,5.070808236328126,day_low,day_stable,1.577733999999999
2019-04-28 23:15:00+00:00,2019-04-28 23:30:00+00:00,7.049438,226.0,5.320875,6.894045781135559,6.3476833810806275,7.012893747329712,6.267774771690369,5.993688713550568,6.749507616996765,6.150454710960388,6.197910439014435,6.696256946563721,6.852253212047636,6.998479794443321,6.607009575500259,6.193918358325958,5.747017483949661,6.839597653388977,day_low,day_stable,1.7285630000000003
2019-04-28 23:30:00+00:00,2019-04-28 23:45:00+00:00,4.447734,139.0,7.049438,8.509227872169495,8.192726016319275,8.508522749221802,8.151073932922364,7.721154451644898,8.110296249664307,8.029183209217072,8.15900957611847,8.524357319152832,8.484678323155093,8.082924196500526,7.647310094563482,8.12218952206421,7.637723207748413,8.911977768218994,day_low,day_stable,-2.6017040000000007
2019-04-28 23:45:00+00:00,2019-04-29 00:00:00+00:00,9.681657,314.0,4.447734,6.219053508552551,5.972967626365661,6.617277027877807,5.5825577991333,5.377134742053985,5.749084474357605,5.418383421215057,5.612509133132934,5.91604602507019,7.371066792084534,7.014935321558354,6.829699957110404,5.540729166778564,5.062791826042175,6.446938754829406,day_medium,day_ramp_up,5.233923
2019-04-29 00:00:00+00:00,2019-04-29 00:15:00+00:00,11.51303,368.0,9.681657,11.466358585769653,11.32822649043274,11.368311090881347,11.202884240562438,11.092406793052673,11.620179815704343,11.235462232048034,11.263193889076232,11.26007656615448,11.233959334903648,11.03199789345024,11.032355166211186,10.942146463806152,10.390832407886505,11.7406968311615,day_medium,day_stable,1.831373000000001
2019-04-29 00:15:00+00:00,2019-04-29 00:30:00+00:00,13.02656,414.0,11.51303,13.22391445186615,13.10030478981018,13.142284341125489,13.057389087944031,12.752768821983338,13.167849488525391,13.246134825019835,13.102349586753846,13.088431663780211,13.7150595452539,12.636273214394643,12.762751767044811,12.844606466560364,12.25595951822281,13.605422444610596,day_medium,day_stable,1.5135299999999994
2019-04-29 00:30:00+00:00,2019-04-29 00:45:00+00:00,14.03347,445.0,13.02656,14.645754507598877,14.492367914733888,14.578099301872252,14.325349262771606,13.75198941570282,14.15700261932373,14.681945136604307,14.42645423751831,14.581659248886108,15.368270553932083,14.716057447778622,14.669800030218608,14.350732139167786,13.793220153865814,15.071658304748537,day_medium,day_stable,1.0069099999999995
2019-04-29 00:45:00+00:00,2019-04-29 01:00:00+00:00,16.160379000000002,510.0,14.03347,15.467330778808591,15.140560473175048,15.368155206413268,14.90133812543869,14.112979876668453,14.676733101577758,15.494741047592164,15.248490895004272,15.633643711776733,15.415825850085747,14.670191036159222,14.838112981089994,15.242843474121091,14.798994089336396,16.20102533218384,day_medium,day_stable,2.126909000000003
2019-04-29 01:00:00+00:00,2019-04-29 01:15:00+00:00,17.558629999999997,559.0,16.160379000000002,17.857312150291445,17.60890049486542,17.379442162803652,17.417277880004885,17.362349696449282,17.603418774894717,18.003430314353945,17.790234155944827,17.63275761156464,19.153726755086534,17.71082404403769,17.808203680340693,17.42826814203644,16.886168010524752,18.32243830709839,day_medium,day_stable,1.3982509999999948
2019-04-29 01:15:00+00:00,2019-04-29 01:30:00+00:00,18.85231,595.0,17.558629999999997,19.00129355037689,19.006525765304563,18.58647490585327,18.56028784358978,18.27352918231964,18.638539324645993,19.33022750461578,19.08830309951782,18.89117754543304,20.39836419334737,20.10076113657209,20.00363019852968,18.837176214103696,18.208854685668943,19.67780209625244,day_medium,day_stable,1.293680000000002
2019-04-29 01:30:00+00:00,2019-04-29 01:45:00+00:00,20.225189,638.0,18.85231,19.713797627029415,20.143040953216552,19.548112390575408,19.35919260793686,18.88381453045964,19.30945807510376,20.13577335887909,20.04852455669403,20.015800533828735,22.226305045020904,21.07895074033987,20.09945707228265,20.24310833030701,19.47030246072769,20.92329913192749,day_medium,day_stable,1.372879000000001
2019-04-29 01:45:00+00:00,2019-04-29 02:00:00+00:00,21.68906,665.0,20.225189,20.65455633365059,21.33356049620056,20.4720810648098,20.228742436603397,19.67536446415329,20.23845083322817,21.00221773945236,21.156954019893647,21.270452648033142,22.44195096213552,21.411065047491473,20.15584672934436,21.57032659613037,20.799589424957276,22.133409767974857,day_medium,day_stable,1.463871000000001
2019-04-29 02:00:00+00:00,2019-04-29 02:15:00+00:00,22.892191,711.0,21.68906,22.10044029098511,22.576379624423986,21.754179199454786,22.104372707424165,21.94645821791649,22.474071649131776,22.915199664649965,22.937809971389772,22.624325123844148,22.076444353816104,22.18618205869324,21.59000617468463,22.934321669158937,22.147843596754075,23.383529809532167,day_high,day_stable,1.203130999999999
2019-04-29 02:15:00+00:00,2019-04-29 02:30:00+00:00,23.60269,736.0,22.892191,23.351892508283616,23.889654941574097,22.819770760551453,23.352155275360108,22.923607922807697,23.61142969848251,24.21549458028412,24.139650053993225,23.66008240701294,24.526498078250757,23.608744415570687,23.759010215868944,24.174495644584656,23.273137308374405,24.44209928037262,day_high,day_stable,0.7104989999999987
2019-04-29 02:30:00+00:00,2019-04-29 02:45:00+00:00,24.900311,799.0,23.60269,23.760656211438175,24.519777733745578,23.36766104763985,23.923471618356704,23.140731800260543,24.01019953555107,24.87687792247772,24.70673300689697,24.191669721069335,25.17788304556126,24.36690628880621,23.99518351651502,24.901704687538142,23.90271835392952,24.9753546900177,day_high,day_stable,1.2976209999999995
2019-04-29 02:45:00+00:00,2019-04-29 03:00:00+00:00,26.215,840.0,24.900311,24.417253232847212,25.389558292280196,24.266119486938475,24.614397681604384,23.72755468572235,24.794888510654925,25.566596455226897,25.64014596427536,25.31690514768219,25.302623198451784,24.17169154155126,24.167967356706136,26.055413014541625,25.08321980322456,26.032294399391173,day_high,day_stable,1.3146890000000013
2019-04-29 03:00:00+00:00,2019-04-29 03:15:00+00:00,26.624059999999997,830.0,26.215,25.431841459274292,26.362383093833923,25.293973531723022,26.100792769491672,25.29875507593155,26.617724415063854,27.206459906101227,27.037351217269897,26.415708344578743,25.165548246939935,24.65787364018871,24.96752373108088,27.27532085418701,26.2445738466084,27.12582352399826,day_high,day_stable,0.40905999999999665
2019-04-29 03:15:00+00:00,2019-04-29 03:30:00+00:00,26.488001,848.0,26.624059999999997,25.11332591873169,26.16491338115692,25.197959865150448,25.866011704025265,25.270897234497067,26.455315629658696,26.812056536493294,27.113292927560803,26.69326693069696,24.482337242243396,23.82077634815893,24.53650029996422,27.46035375696182,26.536837230143544,27.335674370346062,day_high,day_stable,-0.13605899999999593
2019-04-29 03:30:00+00:00,2019-04-29 03:45:00+00:00,24.219561,785.0,26.488001,24.975386869026185,25.91784615428543,24.93973053605652,25.48062349469757,25.132018577171326,26.064738254858018,26.32280890257454,26.92497990639305,26.428199607742787,24.191474409816557,23.664798773600367,24.369083564351687,27.177948187900544,26.316718052936555,27.09751827628708,day_high,day_stable,-2.268440000000002
2019-04-29 03:45:00+00:00,2019-04-29 04:00:00+00:00,23.170879,709.0,24.219561,23.480454702507014,23.874795724283217,23.202556748519896,23.31673933995819,23.32643743289566,23.977948491106982,24.34426443708992,24.889446277748107,23.99974532855606,23.708097117989272,22.40235852093151,23.078557863413273,24.92988743318176,24.020804647933005,24.803677756916045,day_high,day_stable,-1.0486819999999994
2019-04-29 04:00:00+00:00,2019-04-29 04:15:00+00:00,23.323999,720.0,23.170879,23.13850504638934,23.208646864763736,22.54773467140579,23.178720479964554,23.26358853387022,24.016478114894863,24.434435361198425,24.52260040598297,22.787626558116912,22.621931798817165,22.38221406824582,22.9881853122264,24.022783153823852,22.90622233705902,23.815183513931274,day_high,day_stable,0.15312000000000126
2019-04-29 04:15:00+00:00,2019-04-29 04:30:00+00:00,27.836809,899.0,23.323999,22.367688370155335,23.020765257286072,22.37377370636368,23.052011174367905,23.01770560185814,23.907331240581513,24.15998644869232,24.572068524765015,22.843872440265656,22.25400864644314,22.21015728309294,22.17185511268437,24.08970810215378,22.95309211056137,23.928310108589173,day_high,day_ramp_up,4.512809999999998
2019-04-29 04:30:00+00:00,2019-04-29 04:45:00+00:00,23.95838,781.0,27.836809,24.649033864959716,26.4795171823349,24.97671969793701,26.233028611167907,25.935954412445067,26.898358127101897,26.714842876419063,28.005140578373908,27.22445513866806,23.888749607113063,24.896849747908625,24.46607822841175,28.403756758197783,27.390631100162505,28.169470271095275,day_high,day_ramp_down,-3.8784290000000006
2019-04-29 04:45:00+00:00,2019-04-29 05:00:00+00:00,26.578119,836.0,23.95838,22.474517957572935,22.933783785705565,22.494896070365904,22.93803896129608,22.991282240753172,23.649483905439375,23.911497933124306,24.554679827098845,23.300483123664858,22.664828340836003,22.38033049789133,22.677435560425987,24.462443487052916,23.436391429309843,24.296999023561476,day_high,day_stable,2.6197390000000027
2019-04-29 05:00:00+00:00,2019-04-29 05:15:00+00:00,26.56938,838.0,26.578119,23.962395151657105,25.268524130386353,24.187405308288575,25.276963194412232,25.485683401626588,25.976771732372285,25.74323769430542,26.90745913009071,25.74503739694977,24.39344295240588,24.463727463503563,23.73281513366698,27.01089044432068,25.94032295565033,26.741626521152497,day_high,day_stable,-0.00873900000000205
2019-04-29 05:15:00+00:00,2019-04-29 05:30:00+00:00,25.80069,809.0,26.56938,24.231538966064452,25.22854359424591,24.501055434112548,25.35091896331787,25.275359466438292,25.98550857580185,25.929528787498473,26.939271375303267,25.66589106595993,22.617565672237426,22.962458323888132,23.07601350908513,26.910355910425185,25.76268322742462,26.64681699848652,day_high,day_stable,-0.7686899999999994
2019-04-29 05:30:00+00:00,2019-04-29 05:45:00+00:00,24.328939,756.0,25.80069,23.578069989624023,24.40245920890808,23.804112021865844,24.54214066738129,24.69552332633972,25.253910784664154,25.0080332803154,25.979665611925125,24.719499294700626,24.391887567833617,23.898034566072305,23.372409837152112,26.12194213742256,24.868246381225585,25.779087242724895,day_high,day_stable,-1.4717510000000011
2019-04-29 05:45:00+00:00,2019-04-29 06:00:00+00:00,23.988119,731.0,24.328939,22.400967398513792,22.86062339865112,22.34763948046112,23.012016812194823,23.1563235911026,23.730850497116087,23.486715355743407,24.437743173767565,23.1452072056427,21.46863495674583,21.676777594332197,21.43186345785355,24.60592103921318,23.3409281166687,24.229522170354365,day_high,day_stable,-0.34081999999999724
2019-04-29 06:00:00+00:00,2019-04-29 06:15:00+00:00,22.693119,675.0,23.988119,22.303351396125795,22.730862611335755,22.17965447286987,22.883923524421693,22.7621428904953,23.337068491977693,23.12935447077179,24.08002262691879,22.69346570352936,20.898727972561925,22.014864125603495,20.6845282433497,24.2087117670002,22.873407119316106,23.78913452605629,day_medium,day_stable,-1.2950000000000017
2019-04-29 06:15:00+00:00,2019-04-29 06:30:00+00:00,21.689939000000003,660.0,22.693119,21.03938872675323,21.39960117201233,21.064516137641903,21.71291698078537,21.59507579664612,22.160437713665008,21.871867667240146,22.655043489587545,21.32693965296173,21.64002762368027,21.85136544181772,21.08474678326297,22.86278000037098,21.476174543899536,22.426671902936935,day_medium,day_stable,-1.0031799999999969
2019-04-29 06:30:00+00:00,2019-04-29 06:45:00+00:00,20.383129,617.0,21.689939000000003,20.08483944116974,20.31815037905121,19.84725926100159,20.795850374092105,20.37937650858307,21.149459995616915,20.779628791202548,21.422222115386965,20.206492044319155,20.12202308605096,20.046895833876356,19.79410662852259,21.885279469479563,20.421014644493106,21.339448608745577,day_medium,day_stable,-1.3068100000000022
2019-04-29 06:45:00+00:00,2019-04-29 07:00:00+00:00,19.15769,578.0,20.383129,18.415873646072388,18.722799300483704,18.410696505836487,19.141961216262818,18.902544378570557,19.77565056019211,19.23988187246704,19.97976863317871,18.936402797035218,19.479960795720825,19.164982122180753,18.433112418681286,20.439932170591593,19.09294700556183,19.927490531734467,day_medium,day_stable,-1.2254390000000015
2019-04-29 07:00:00+00:00,2019-04-29 07:15:00+00:00,17.779131,530.0,19.15769,18.083528470458983,17.983539056243895,17.778585266532897,18.045605968894957,17.50800270980835,18.313817870082858,18.088382195892333,18.690923255147933,17.708770107688903,18.036797075850636,16.059122666837535,15.949912076189255,19.17305215469241,17.817526649894713,18.606323790016173,day_medium,day_stable,-1.3785589999999992
2019-04-29 07:15:00+00:00,2019-04-29 07:30:00+00:00,16.09606,467.0,17.779131,16.20465451951599,16.346774404006958,16.161432330566406,16.54613620515442,16.156034414726257,16.930988554912567,16.503118102508544,17.103102450328826,16.30231112714386,16.224413522288927,15.46482166945382,14.74402833697492,17.726442267256736,16.41147596116638,17.12258542056656,day_medium,day_stable,-1.6830709999999982
2019-04-29 07:30:00+00:00,2019-04-29 07:45:00+00:00,14.62125,421.0,16.09606,14.300544701156618,14.531319103775026,14.308628163871768,14.920614681777955,14.241554341850282,15.280710540351867,14.919425092277528,15.335455737648012,14.709125242767335,14.385408011276418,13.707757850410523,13.61760259856817,15.964687518415452,14.757029138145448,15.393018804130556,day_medium,day_stable,-1.4748100000000015
2019-04-29 07:45:00+00:00,2019-04-29 08:00:00+00:00,13.24006,386.0,14.62125,13.70506736278534,13.697875287532806,13.357146229743956,14.2021623814106,13.641331400871277,14.608119752407074,13.801315870285034,14.342090036869047,13.170381870269775,14.1017295929108,12.730621696401885,12.706553653982876,14.56565819695592,13.303199973106384,13.941853728294372,day_medium,day_stable,-1.3811900000000001
2019-04-29 08:00:00+00:00,2019-04-29 08:15:00+00:00,11.61584,334.0,13.24006,11.63398840862274,12.01341238456726,11.67356625038147,12.097974090156557,11.389140157279968,12.105354814109802,11.707954792556762,12.454627482471466,11.814718513069153,11.839723193708688,10.54576583179183,10.7979975625772,13.112766413269044,11.953953175125122,12.34847804742813,day_medium,day_stable,-1.6242199999999993
2019-04-29 08:15:00+00:00,2019-04-29 08:30:00+00:00,10.02531,288.0,11.61584,10.654969197597504,10.732321363773346,10.289003771629334,10.841825050201416,9.900730055656432,10.868708175506592,10.330712121810912,10.966552656974793,10.274469655838011,9.115131060348215,8.349812169355937,8.265365993648189,11.529885698940754,10.384483617630003,10.693112891998291,day_low,day_stable,-1.590530000000001
2019-04-29 08:30:00+00:00,2019-04-29 08:45:00+00:00,7.924438,233.0,10.02531,8.970697363433837,9.22671379667282,8.800002773818969,9.429117938098909,8.555392941055297,9.482239445266725,8.971766551551818,9.37059875350952,8.766461690483093,7.051543713349765,6.8108242094346885,7.071079818034433,9.92169078957796,8.843823631820678,9.08139457326889,day_low,day_stable,-2.100871999999999
2019-04-29 08:45:00+00:00,2019-04-29 09:00:00+00:00,4.749937999999999,145.0,7.924438,6.696146607673645,7.182492494857788,6.886722564971924,7.419067204273224,6.785782337463379,7.660884738243103,6.998686015880585,7.385640621459961,6.7649008038406375,5.968589462281673,5.924626044020184,6.230785780373239,7.854405410862446,6.826315284049988,6.969379067695618,day_low,day_stable,-3.174500000000001
2019-04-29 09:00:00+00:00,2019-04-29 09:15:00+00:00,4.1610629999999995,118.0,4.749937999999999,3.686670292175292,4.421542692935943,4.3423800654773705,4.026043344295501,3.5593320019607537,4.110180307186126,3.735769260681152,4.3434390313987725,3.775277007377624,4.294209126283638,3.7259664126215952,3.950373737058548,4.751435852848842,3.7857664115791314,3.835010875022887,day_low,day_stable,-0.5888749999999998
2019-04-29 09:15:00+00:00,2019-04-29 09:30:00+00:00,3.7765,105.0,4.1610629999999995,2.938288732803344,3.976324915326118,3.711504056489944,3.50062929037857,3.2807847702865596,3.704596712625503,3.360377713478088,3.958087175524711,3.394188388622283,2.949115766548653,2.7976839890365692,3.0293214143610423,4.236197545564651,3.3315623844032283,3.263931735790252,day_low,day_stable,-0.38456299999999954
2019-04-29 09:30:00+00:00,2019-04-29 09:45:00+00:00,3.466914,98.0,3.7765,2.478301300048828,3.620131863594055,3.240388704776764,3.072640432357788,3.1841342582702636,3.366352213859558,3.085773183345794,3.616279406785965,3.2251998319625854,2.40865410652024,2.4411631974747134,2.382362835570117,3.842013864159584,3.052605999946594,2.93470974111557,day_low,day_stable,-0.3095859999999999
2019-04-29 09:45:00+00:00,2019-04-29 10:00:00+00:00,2.579336,74.0,3.466914,2.457281889404297,3.4368674960091115,2.9490144271507264,2.8660204429283143,2.9943562764778138,3.169614227499008,2.995681228126526,3.36609316059494,3.063930751766205,2.0300388786501826,2.30620662096694,2.0305720013624615,3.4885289725019932,2.820828320468902,2.7671046275749207,day_low,day_stable,-0.887578
2019-04-29 10:00:00+00:00,2019-04-29 10:15:00+00:00,2.043234,60.0,2.579336,1.7027053957328795,2.6326732834324837,2.2093254750118256,1.7435798769340516,1.8880152826652528,1.6118668442115784,1.8867538695678712,2.2303080087051392,2.43801177791214,1.6886889039347044,1.6934707355441143,1.7020024043496187,2.5807212177653462,2.0507332806930543,2.051706743751526,day_low,day_stable,-0.5361020000000001
2019-04-29 10:15:00+00:00,2019-04-29 10:30:00+00:00,1.131184,34.0,2.043234,1.247879812511444,2.133947769197464,1.8019567672338488,1.185780772956848,1.5273617599334717,1.229479620250702,1.30126143434906,1.7658344898548126,2.0646894499834776,1.2735627554820823,1.271745919288757,1.2879008140240968,2.011477006616831,1.5730960462417602,1.62263674477005,day_low,day_stable,-0.91205
2019-04-29 10:30:00+00:00,2019-04-29 10:45:00+00:00,0.577062,17.0,1.131184,0.4258293690528869,1.2697940351810455,1.0562972532954216,0.3259893836822509,0.7769052567329406,0.586840886100769,0.4292956771697997,1.0788228432085514,1.2553683104362487,0.9501480466323108,0.9459683791242044,0.9808807122453236,1.0881934048976898,0.6893435301628112,0.7766761066761017,night_lowlight,night_lowlight,-0.554122
2019-04-29 10:45:00+00:00,2019-04-29 11:00:00+00:00,0.079794,3.0,0.577062,0.0884814154739379,0.8260415386791229,0.6172964688773155,0.0,0.3409946602220535,0.2898491513366699,0.0,0.6453060027594566,0.7904006582136154,0.4457077880548676,0.445139254937269,0.3983673717115099,0.537952781134367,0.1264255833263396,0.2686994862194061,night_lowlight,night_lowlight,-0.49726799999999993
2019-04-29 11:00:00+00:00,2019-04-29 11:15:00+00:00,0.0,0.0,0.079794,0.0,0.450619469493866,0.1995929955544471,0.0,0.0,0.0,0.0,0.1307005315127372,0.3878007038536072,0.0051881190662535,0.0244346628485534,0.0461860964533196,0.0738556679377853,0.0,0.0,night_lowlight,night_lowlight,-0.079794
2019-04-29 11:15:00+00:00,2019-04-29 11:30:00+00:00,0.0,0.0,0.0,0.0,0.3534654378890991,0.1281406283378601,0.0,0.0,0.0,0.0,0.0681166797876358,0.3547928929328918,0.0372604218477191,0.0140751060060277,0.0760682047994415,0.0,0.0,0.0,night_lowlight,night_lowlight,0.0
2019-04-29 11:30:00+00:00,2019-04-29 11:45:00+00:00,0.018071,0.0,0.0,0.0,0.3185550272464752,0.0720830261707305,0.0,0.0,0.0,0.0,0.0538131967186927,0.3941361904144287,0.0398407713685844,0.0129790749326557,0.0717216935722095,0.0,0.0,0.0,night_lowlight,night_lowlight,0.018071
2019-04-29 11:45:00+00:00,2019-04-29 12:00:00+00:00,0.0,0.0,0.018071,0.0,0.3057553214035034,0.024921647740066,0.0,0.0,0.0,0.0,0.0863705319366455,0.4182443660697937,0.0307180308793522,0.1181825863365027,0.0707228553686882,0.0,0.0,0.0,night_lowlight,night_lowlight,-0.018071
2019-04-29 12:00:00+00:00,2019-04-29 12:15:00+00:00,0.005063,0.0,0.0,0.0,0.2860875725746155,0.0450333692133426,0.0,0.0,0.0,0.0,0.164116770029068,0.4281875193119049,0.0398407713685844,0.110610055357303,0.0717216935722095,0.0066704396158456,0.0,0.0,night_lowlight,night_lowlight,0.005063
2019-04-29 12:15:00+00:00,2019-04-29 12:30:00+00:00,0.005036,0.0,0.005063,0.0,0.2608554091815948,0.0311612532054185,0.0,0.0,0.0,0.0,0.1765029605989456,0.4403827216987609,0.0398407713685844,0.110610055357303,0.0717216935722095,0.0098622118634283,0.0,0.0,night_lowlight,night_lowlight,-2.7000000000000114e-05
2019-04-29 12:30:00+00:00,2019-04-29 12:45:00+00:00,0.01504,0.0,0.005036,0.0,0.2321945911512375,0.0,0.0,0.0,0.0,0.0,0.1656971758470535,0.4356098508701324,0.0372604218477191,0.111706086430675,0.0760682047994415,0.0,0.0,0.0,night_lowlight,night_lowlight,0.010003999999999999
2019-04-29 12:45:00+00:00,2019-04-29 13:00:00+00:00,0.0,0.0,0.01504,0.0,0.2372222142601013,0.0161006002761051,0.0,0.0,0.0,0.0,0.178459172167778,0.4560989337348938,0.0398407713685844,0.2207887591888664,0.0717216935722095,0.0212379005113244,0.0,0.0,night_lowlight,night_lowlight,-0.01504
2019-04-29 13:00:00+00:00,2019-04-29 13:15:00+00:00,0.0,0.0,0.0,0.0,0.2205523699522018,0.0,0.0,0.0,0.0,0.0,0.2005849629640579,0.4607751369476318,0.0398407713685844,0.2207887591888664,0.0717216935722095,0.008445112966001,0.0,0.0,night_lowlight,night_lowlight,0.0
2019-04-29 13:15:00+00:00,2019-04-29 13:30:00+00:00,0.0,0.0,0.0,0.0,0.2422287911176681,0.0,0.0,0.0,0.0,0.0,0.1685163378715515,0.4852924942970276,0.0398407713685844,0.1744997023167157,0.0,0.0047266613692045,0.0,0.0,night_lowlight,night_lowlight,0.0
2019-04-29 13:30:00+00:00,2019-04-29 13:45:00+00:00,0.0,0.0,0.0,0.0,0.2708428800106048,0.0,0.0,0.0,0.0,0.0,0.1489284485578537,0.48857182264328,0.0398407713685844,0.1744997023167157,0.0,0.0038822989445179,0.0,0.0,night_lowlight,night_lowlight,0.0
2019-04-29 13:45:00+00:00,2019-04-29 14:00:00+00:00,0.0,0.0,0.0,0.0,0.2827616333961487,0.0,0.0,0.0,0.0,0.0,0.1451469808816909,0.4985913932323456,0.0398407713685844,0.1744997023167157,0.0,0.0,0.0,0.0,night_lowlight,night_lowlight,0.0
2019-04-29 14:00:00+00:00,2019-04-29 14:15:00+00:00,0.0,0.0,0.0,0.0,0.2743306159973144,0.0,0.0,0.0,0.0,0.0,0.1463631242513656,0.4731019139289856,0.0,0.0549714903617122,0.0117935578556949,0.0,0.0,0.0,night_lowlight,night_lowlight,0.0
2019-04-29 14:15:00+00:00,2019-04-29 14:30:00+00:00,0.0,0.0,0.0,0.0,0.2500221133232116,0.0,0.0,0.0,0.0,0.0,0.1718248724937439,0.4914462566375732,0.0398407713685844,0.2695147844900089,0.0849260135377221,0.0,0.0,0.0,night_lowlight,night_lowlight,0.0
2019-04-29 14:30:00+00:00,2019-04-29 14:45:00+00:00,0.0,0.0,0.0,0.0,0.3218620717525482,0.0,0.0,0.0,0.0,0.0,0.1942268460988998,0.5331423282623291,0.0398407713685844,0.1744997023167157,0.0117935578556949,0.0,0.0,0.0,night_lowlight,night_lowlight,0.0
2019-04-29 14:45:00+00:00,2019-04-29 15:00:00+00:00,0.0,0.0,0.0,0.0,0.3026446402072906,0.0,0.0,0.0,0.0,0.0,0.1166738048195838,0.5218794345855713,0.0,0.0549714903617122,0.0117935578556949,0.0,0.0,0.0,night_lowlight,night_lowlight,0.0
2019-04-29 15:00:00+00:00,2019-04-29 15:15:00+00:00,0.0,0.0,0.0,0.0,0.3448539674282074,0.0,0.0,0.0,0.0,0.0,0.1857505142688751,0.5556840896606445,0.0398407713685844,0.1744997023167157,0.0117935578556949,0.0,0.0,0.0,night_lowlight,night_lowlight,0.0
2019-04-29 15:15:00+00:00,2019-04-29 15:30:00+00:00,0.0,0.0,0.0,0.0,0.344258964061737,0.0,0.0,0.0,0.0,0.0,0.2177626937627792,0.5650399327278137,0.0398407713685844,0.1744997023167157,0.0117935578556949,0.0,0.0,0.0,night_lowlight,night_lowlight,0.0
2019-04-29 15:30:00+00:00,2019-04-29 15:45:00+00:00,0.0,0.0,0.0,0.0,0.3511337041854858,0.075438492000103,0.0,0.0,0.0,0.0,0.2101746052503585,0.5701969265937805,0.0398407713685844,0.1744997023167157,0.0117935578556949,0.0,0.0,0.0,night_lowlight,night_lowlight,0.0
2019-04-29 15:45:00+00:00,2019-04-29 16:00:00+00:00,0.0,0.0,0.0,0.0,0.3483656942844391,0.123449832201004,0.0,0.0,0.0,0.0,0.2136174738407135,0.5757194757461548,0.0398407713685844,0.1744997023167157,0.0117935578556949,0.0,0.0,0.0,night_lowlight,night_lowlight,0.0
2019-04-29 16:00:00+00:00,2019-04-29 16:15:00+00:00,0.0,0.0,0.0,0.0,0.2973805665969848,0.0884491875767707,0.0,0.0,0.0,0.0,0.2214507013559341,0.5470530390739441,0.0398407713685844,0.0,0.0,0.0,0.0,0.0,night_lowlight,night_lowlight,0.0
2019-04-29 16:15:00+00:00,2019-04-29 16:30:00+00:00,0.0,0.0,0.0,0.0,0.2656747698783874,0.12922203540802,0.0,0.0,0.0,0.0,0.2263931185007095,0.5561262369155884,0.0398407713685844,0.0,0.0,0.0,0.0,0.0,night_lowlight,night_lowlight,0.0
2019-04-29 16:30:00+00:00,2019-04-29 16:45:00+00:00,0.0,0.0,0.0,0.0,0.2284606844186782,0.1256214827299118,0.0,0.0,0.0,0.0,0.2040483355522155,0.5611029863357544,0.0398407713685844,0.0,0.0,0.0,0.0,0.0,night_lowlight,night_lowlight,0.0
2019-04-29 16:45:00+00:00,2019-04-29 17:00:00+00:00,0.0,0.0,0.0,0.0,0.2103262096643448,0.1262868046760559,0.0,0.0,0.0,0.0,0.2005147486925125,0.5763624310493469,0.0398407713685844,0.0,0.0,0.0,0.0,0.0,night_lowlight,night_lowlight,0.0
2019-04-29 17:00:00+00:00,2019-04-29 17:15:00+00:00,0.0,0.0,0.0,0.0,0.2119743376970291,0.1647869050502777,0.0,0.0,0.0,0.0,0.2624684870243072,0.5823174118995667,0.0398407713685844,0.0228730347937233,0.0250310034407392,0.0,0.0,0.0,night_lowlight,night_lowlight,0.0
2019-04-29 17:15:00+00:00,2019-04-29 17:30:00+00:00,0.0,0.0,0.0,0.0,0.1990756392478943,0.1870871633291244,0.0,0.0,0.0,0.0,0.2755452394485473,0.5815757513046265,0.0398407713685844,0.0228730347937233,0.0250310034407392,0.0,0.0,0.0,night_lowlight,night_lowlight,0.0
2019-04-29 17:30:00+00:00,2019-04-29 17:45:00+00:00,0.0,0.0,0.0,0.0,0.2634625434875488,0.1176312789320945,0.0,0.0,0.0,0.0,0.1955139487981796,0.6083354949951172,0.0398407713685844,0.0228730347937233,0.0250310034407392,0.0209827031940221,0.0,0.0,night_lowlight,night_lowlight,0.0
2019-04-29 17:45:00+00:00,2019-04-29 18:00:00+00:00,0.0,0.0,0.0,0.0,0.2095025032758712,0.0760467126965522,0.0,0.0,0.0,0.0,0.1710733771324157,0.617737352848053,0.0189113022750408,0.0228730347937233,0.0250310034407392,0.0026987316086888,0.0,0.0,night_lowlight,night_lowlight,0.0
2019-04-29 18:00:00+00:00,2019-04-29 18:15:00+00:00,0.0,0.0,0.0,0.0,0.2943484783172607,0.1015801206231117,0.0,0.0,0.0,0.0,0.1894721984863281,0.6382403373718262,0.0189113022750408,0.0228730347937233,0.0250310034407392,0.0482721254229545,0.0,0.0,night_lowlight,night_lowlight,0.0
2019-04-29 18:15:00+00:00,2019-04-29 18:30:00+00:00,0.0,0.0,0.0,0.0,0.3144848048686981,0.1031790301203727,0.0,0.0,0.0,0.0,0.1688317358493805,0.6570971012115479,0.0189113022750408,0.0228730347937233,0.0250310034407392,0.0553210265934467,0.0,0.0,night_lowlight,night_lowlight,0.0
2019-04-29 18:30:00+00:00,2019-04-29 18:45:00+00:00,0.0,0.0,0.0,0.0,0.3368941247463226,0.1550739109516143,0.0,0.0,0.1093209758400917,0.0,0.1898687481880188,0.6809231042861938,0.0398407713685844,0.0500548399051085,0.0250310034407392,0.0630880817770958,0.0,0.0,night_lowlight,night_lowlight,0.0
2019-04-29 18:45:00+00:00,2019-04-29 19:00:00+00:00,0.0,0.0,0.0,0.0,0.2640464305877685,0.1722414791584015,0.0,0.0,0.175601989030838,0.0,0.2161606252193451,0.6430945992469788,0.0200462329529909,0.0294782224975201,0.0736557512168261,0.0236056800931692,0.0,0.0496710427105426,night_lowlight,night_lowlight,0.0
2019-04-29 19:00:00+00:00,2019-04-29 19:15:00+00:00,0.0,0.0,0.0,0.0,0.3050044178962707,0.2633292376995086,0.0,0.0,0.2683103382587433,0.0,0.2896727621555328,0.6648277044296265,0.0189113022750408,0.0228730347937233,0.0280167414472601,0.0574927106499671,0.0,0.1309458762407302,night_lowlight,night_lowlight,0.0
2019-04-29 19:15:00+00:00,2019-04-29 19:30:00+00:00,0.0,0.0,0.0,0.0,0.3545768558979034,0.2619910538196563,0.0,0.0,0.2160091996192932,0.0,0.239898681640625,0.7166460752487183,0.0398407713685844,0.0228730347937233,0.0280167414472601,0.0734564140439033,0.0,0.1792954951524734,night_lowlight,night_lowlight,0.0
2019-04-29 19:30:00+00:00,2019-04-29 19:45:00+00:00,0.0,0.0,0.0,0.0,0.3191264867782593,0.2438658326864242,0.0,0.0,0.184928685426712,0.0,0.1858703047037124,0.7223830819129944,0.0,0.0228730347937233,0.0280167414472601,0.0618964433670043,0.0,0.2200579494237899,night_lowlight,night_lowlight,0.0
2019-04-29 19:45:00+00:00,2019-04-29 20:00:00+00:00,0.0,0.0,0.0,0.0,0.3605715632438659,0.2853723764419555,0.0748521015048027,0.0035351295955479,0.2941418588161468,0.0,0.1792042255401611,0.7964715957641602,0.0189113022750408,0.0228730347937233,0.0280167414472601,0.1045708805322647,0.0,0.3012090623378753,night_lowlight,night_lowlight,0.0
2019-04-29 20:00:00+00:00,2019-04-29 20:15:00+00:00,0.0,0.0,0.0,0.0353814549744129,0.3611533939838409,0.315221756696701,0.1252275258302688,0.0050598378293216,0.2894049286842346,0.0,0.1590392887592315,0.8039463758468628,0.0189113022750408,0.0228730347937233,0.0280167414472601,0.1197060793638229,0.0,0.3181788325309753,night_lowlight,night_lowlight,0.0
2019-04-29 20:15:00+00:00,2019-04-29 20:30:00+00:00,0.0,0.0,0.0,0.0701555088162422,0.3698365092277527,0.358222484588623,0.1550409346818924,0.0124312005937099,0.3465692698955536,0.0,0.1382349133491516,0.825437605381012,0.0398407713685844,0.0228730347937233,0.0280167414472601,0.1351328343153,0.0,0.3386274874210357,night_lowlight,night_lowlight,0.0
2019-04-29 20:30:00+00:00,2019-04-29 20:45:00+00:00,0.0,0.0,0.0,0.0983234792947769,0.3739373683929443,0.4155742824077606,0.1796781569719314,0.0350310616195201,0.3944133222103119,0.0,0.1451031416654586,0.8479635119438171,0.0398407713685844,0.0228730347937233,0.0280167414472601,0.1437276005744934,0.0,0.3918977081775665,night_lowlight,night_lowlight,0.0
2019-04-29 20:45:00+00:00,2019-04-29 21:00:00+00:00,0.0,0.0,0.0,0.1256772130727768,0.3823689520359039,0.4852256178855896,0.2051853686571121,0.0381677821278572,0.4435871541500091,0.0,0.2251289933919906,0.8540464043617249,0.0,0.0228730347937233,0.0280167414472601,0.1350222527980804,0.0,0.4790050685405731,night_lowlight,night_lowlight,0.0
2019-04-29 21:00:00+00:00,2019-04-29 21:15:00+00:00,0.0,0.0,0.0,0.1409637778997421,0.424947053194046,0.5464650392532349,0.2362919002771377,0.0448982901871204,0.465699166059494,0.0,0.3193305134773254,0.8592086434364319,0.0189113022750408,0.0,0.0310645557505497,0.1662554591894149,0.0,0.5170133709907532,night_lowlight,night_lowlight,0.0
2019-04-29 21:15:00+00:00,2019-04-29 21:30:00+00:00,0.0,0.0,0.0,0.2266834378242492,0.5101121664047241,0.6454477310180664,0.3383010327816009,0.130532681941986,0.5720081329345703,0.0,0.462738037109375,0.8935176730155945,0.0189113022750408,0.0,0.0310645557505497,0.2228934317827224,0.0089471042156219,0.5836083292961121,night_lowlight,night_lowlight,0.0
2019-04-29 21:30:00+00:00,2019-04-29 21:45:00+00:00,0.165016,8.0,0.0,0.3452205955982208,0.5055422186851501,0.7211490273475647,0.3624384105205536,0.1982485353946685,0.6809858083724976,0.0,0.3915081918239593,0.9346293210983276,0.0398407713685844,0.0,0.0310645557505497,0.2866304814815521,0.0159461740404367,0.6050869822502136,night_lowlight,night_lowlight,0.165016
2019-04-29 21:45:00+00:00,2019-04-29 22:00:00+00:00,0.925203,32.0,0.165016,0.641721938577652,0.6883258864555359,0.987248723236084,0.5258718177947999,0.4555556223068237,0.9981489822540284,0.1170139022443294,0.5781522736225129,1.1255972430381775,0.4042916642666011,0.1492486623336599,0.4986135634925641,0.4545547709140777,0.1781153518978357,0.7879119560394288,day_low,day_stable,0.760187
2019-04-29 22:00:00+00:00,2019-04-29 22:15:00+00:00,2.0472810000000004,70.0,0.925203,1.553826068332672,1.518728230884552,1.83519474118042,1.3417230889110563,1.3729406341819763,1.9495370730667112,0.933776773317039,1.4245819196014404,1.941763673713684,1.0135970772540543,1.0424189363717642,1.1556993909686466,1.2451137944965365,0.991501857331276,1.656985078742981,day_low,day_stable,1.1220780000000004
2019-04-29 22:15:00+00:00,2019-04-29 22:30:00+00:00,2.0047349999999997,68.0,2.0472810000000004,2.8898994654235843,2.7554084986267093,3.141191098075867,2.548303517681122,2.572204622608185,3.240840527397156,2.1186241239128116,2.646692725997925,3.1240753859100345,1.9613367174878995,1.8475662323630315,2.025840023205568,2.3900511294422153,2.1580084889945987,2.8544347613868717,day_low,day_stable,-0.04254600000000064
2019-04-29 22:30:00+00:00,2019-04-29 22:45:00+00:00,2.701453,88.0,2.0047349999999997,2.9673754643058774,2.821038968429565,3.2145502637481687,2.5900502871131894,2.55660701499939,3.155076510772705,2.0705056186175343,2.6150144408798215,3.148041493759155,2.158526433432288,2.0875175195136753,2.244949974925572,2.3696684907531735,2.1849067728376386,2.949929959640502,day_low,day_stable,0.6967180000000002
2019-04-29 22:45:00+00:00,2019-04-29 23:00:00+00:00,3.397078,124.0,2.701453,3.844891935279846,3.809815317085266,4.086523562362671,3.564633935382843,3.3224913176803588,4.003392249038696,2.957012891462326,3.555263429573059,3.917893796852112,3.2039029475408287,3.089765749395277,3.1122649821214368,3.135113864830017,3.0216249522476195,3.8325035867004393,day_low,day_stable,0.6956250000000002
2019-04-29 23:00:00+00:00,2019-04-29 23:15:00+00:00,4.461297,160.0,3.397078,4.694308124473572,4.707383833816529,4.9901566132812505,4.540851198127747,4.165951631954194,5.0306852683334355,4.0320713147430425,4.371138535430909,4.702059112480164,4.9907881408832795,5.0533585909438745,5.09042968825241,3.89001800864029,3.8324393257408143,4.735177956512452,day_low,day_stable,1.064219
2019-04-29 23:15:00+00:00,2019-04-29 23:30:00+00:00,5.168844,218.0,4.461297,5.977157915184021,6.002016747543335,6.323461855003357,5.854542220184326,5.42044200951767,6.396116579124451,5.3901458030433655,5.622922266075134,5.865870678970337,6.414134493124152,6.31762703107848,6.332312849689128,5.008817339488983,4.992106879302979,6.03382262046051,day_low,day_stable,0.7075469999999999
2019-04-29 23:30:00+00:00,2019-04-29 23:45:00+00:00,7.258781,291.0,5.168844,6.783976451057434,6.819088116783142,7.128612533706665,6.5877376948776245,6.070426300662994,7.133532658714294,6.079877391952515,6.365592733520508,6.624461427825928,6.868595753835279,6.555277198159037,7.067962257965887,5.751379266876221,5.758119062084198,6.8977527772369385,day_low,day_stable,2.089937
2019-04-29 23:45:00+00:00,2019-04-30 00:00:00+00:00,9.307813,369.0,7.258781,8.974488302093505,8.964035554748534,9.19368819795227,8.632575436454772,8.12167458139038,9.157876892906188,8.090236707550048,8.500782056671142,8.794469519477843,9.869119030562269,8.783965391234124,9.295260236659017,7.844976111274719,7.880379362922668,9.108325644355771,day_medium,day_stable,2.0490319999999995
2019-04-30 00:00:00+00:00,2019-04-30 00:15:00+00:00,11.14553,441.0,9.307813,11.246997546470642,11.11627120903778,11.231329869544982,11.328050922668456,10.970306705749511,12.07161219052124,10.86442465714264,11.085233043945312,11.001299094474792,11.913958933273229,11.373079180845687,11.550990886691068,10.009472500598909,10.002799343383789,11.539492677963256,day_medium,day_stable,1.8377170000000014
2019-04-30 00:15:00+00:00,2019-04-30 00:30:00+00:00,12.6,497.0,11.14553,13.102771773605348,12.991953506736756,13.05685164001465,13.278546586303712,12.91923595932007,13.907393708496096,12.879635706214906,13.143819585113526,12.861074104576112,13.44272450042659,12.908017149753038,13.191445744940689,11.931434228687287,11.83250774410248,13.578114285736085,day_medium,day_stable,1.4544699999999988
2019-04-30 00:30:00+00:00,2019-04-30 00:45:00+00:00,13.78628,530.0,12.6,14.637564992904665,14.513439750671386,14.595625495910644,14.758158302307129,14.28377125263214,15.30281457901001,14.377863144874572,14.686983442306518,14.287755823135376,14.495002351966358,13.895860164996728,14.25905688713175,13.46340981721878,13.254447793960573,15.163010931015014,day_medium,day_stable,1.18628
2019-04-30 00:45:00+00:00,2019-04-30 01:00:00+00:00,17.834249,595.0,13.78628,16.070901000289915,15.818429076461792,15.998010480194091,15.958042466430664,15.45356699207306,16.506514632492063,15.61318441608429,15.887057387619018,15.44367333629608,15.607598776616662,15.61061473220256,15.687028155913987,14.655093693523408,14.364789390354156,16.42851551750183,day_medium,day_ramp_up,4.047969
2019-04-30 01:00:00+00:00,2019-04-30 01:15:00+00:00,19.1415,636.0,17.834249,19.98828862135315,19.79566429083252,19.77885244314575,20.36487029020691,19.969041804718017,21.221706370758056,20.332039813446045,20.061327676223755,19.325851063179016,20.277897777151697,20.674793374312785,21.03287124442255,18.740025262283325,18.2852426273098,20.504976014541626,day_medium,day_stable,1.3072510000000008
2019-04-30 01:15:00+00:00,2019-04-30 01:30:00+00:00,20.986441,668.0,19.1415,21.143335823059083,21.007805828094483,20.87492192173004,21.3702175655365,21.398440841674805,22.355808738708497,21.428916696548463,21.199652437210084,20.295698050498963,20.95921980021668,21.24172482423976,21.524472209646905,19.94797999048233,19.338937211871148,21.555600885391236,day_medium,day_stable,1.8449409999999986
2019-04-30 01:30:00+00:00,2019-04-30 01:45:00+00:00,22.56625,709.0,20.986441,22.451882465377807,22.473425491348262,22.19176541139221,22.70694981385803,22.24573026467895,23.52156267930603,22.6296055154953,22.373624427810668,21.9279852943573,22.806354766835447,22.953454434883863,22.525751438943896,21.64738933612442,20.98823896887096,23.159983022705077,day_high,day_stable,1.579809000000001
2019-04-30 01:45:00+00:00,2019-04-30 02:00:00+00:00,24.00913,755.0,22.56625,23.356212112903595,23.752963814735413,23.140531811714173,23.853249583244324,23.188747975826264,24.595840845108032,23.441860888004303,23.49547830581665,23.312133762836456,23.680110735168423,23.649930889060137,23.5163600195411,23.091088387966156,22.391437012553215,24.479928646087647,day_high,day_stable,1.4428799999999988
2019-04-30 02:00:00+00:00,2019-04-30 02:15:00+00:00,25.97963,805.0,24.00913,24.849021791343688,25.181067465667724,24.517850278739928,25.747627734069823,25.47615802181244,26.66476416481018,25.65723562133789,25.028373597984313,24.493100403671264,24.954486794472302,24.617251370866384,25.08374107435154,24.400409637813567,23.683102338438033,25.606327532653808,day_high,day_stable,1.9705000000000013
2019-04-30 02:15:00+00:00,2019-04-30 02:30:00+00:00,27.39275,849.0,25.97963,25.48059419453621,26.60522676170349,25.38598335445404,26.843345648651123,26.600404924755097,27.814653045539856,26.43672854364395,26.33222711742401,26.207277706866265,26.12614328444235,26.135518227423447,26.316521935462603,26.21416928530216,25.4599549835968,26.986836797599793,day_high,day_stable,1.4131199999999993
2019-04-30 02:30:00+00:00,2019-04-30 02:45:00+00:00,29.230249,932.0,27.39275,27.460314859986305,28.182801341056823,27.27599737548828,28.02832070493698,27.90863100194931,29.319322918891903,27.606416051626205,27.61497578525543,27.38873306044936,27.28613749036308,27.16908603432195,27.51252353577735,27.372855340480804,26.641512369155883,28.041085099220275,day_high,day_stable,1.837499000000001
2019-04-30 02:45:00+00:00,2019-04-30 03:00:00+00:00,30.058001,954.0,29.230249,28.739688557790757,29.644238305496216,28.801387232946396,29.19558701406622,28.695930195259095,30.34010751287842,28.508918953346253,28.714784336494446,29.013196048544884,28.174410233517893,28.05562485455374,28.362168688080473,28.921947640584943,28.28067977468872,29.510941756175995,day_high,day_stable,0.8277520000000003
2019-04-30 03:00:00+00:00,2019-04-30 03:15:00+00:00,31.26988,1011.0,30.058001,29.460697013450623,30.353862423015595,29.5957848909626,30.457990366531373,29.90251498253441,31.58190889985657,29.576908755613328,29.71631034047699,29.666591424060822,29.498754161487792,29.584081125894024,29.317963693402252,29.604711580587388,29.056316691947934,30.2252889755497,day_high,day_stable,1.2118789999999997
2019-04-30 03:15:00+00:00,2019-04-30 03:30:00+00:00,32.24725,1042.0,31.26988,30.216438952331544,31.351413879041672,30.479825738315583,30.885040435438157,30.87803581679344,32.490008536224366,30.11436802471161,30.7256780298996,30.71022093618393,29.705825114281364,29.890795343040264,29.74695750861809,30.539035979156495,30.1728078755188,31.273516385081336,day_high,day_stable,0.9773700000000005
2019-04-30 03:30:00+00:00,2019-04-30 03:45:00+00:00,32.65237,1059.0,32.24725,31.498542049884797,32.28729936665297,31.71934370136261,31.896758476257325,31.19762364959717,33.16879175043106,30.992629090309144,31.467901865005494,31.52155033683777,30.435914537215627,30.64320902620317,30.347693269291117,31.344689229488377,31.135885993003846,32.1865839343369,day_high,day_stable,0.4051199999999966
2019-04-30 03:45:00+00:00,2019-04-30 04:00:00+00:00,33.820499,1091.0,32.65237,31.13961544048309,32.35207732927322,31.574375176544187,31.325222277755735,31.35042300235748,32.93122341644287,30.28095200073242,31.493445181961057,31.75639554273605,30.76490180250474,30.86388367260659,30.812415429403327,31.489385628814695,31.461956286544797,32.45973269056797,day_high,day_stable,1.1681290000000004
2019-04-30 04:00:00+00:00,2019-04-30 04:15:00+00:00,34.477631,1119.0,33.820499,32.65737300817871,33.480196383642195,32.997176405834196,32.74641543333435,32.71237855856323,34.3772160381546,31.737272319244383,32.76252323095703,32.7876141638031,31.25687324232397,31.469280717214968,31.403701066224404,32.510640439437864,32.61044948999786,33.658763927268026,day_high,day_stable,0.6571320000000043
2019-04-30 04:15:00+00:00,2019-04-30 04:30:00+00:00,33.98238,1098.0,34.477631,32.75097360940552,33.795570043045046,33.184496906715395,32.57466473908997,33.277761009651186,34.37971982838488,31.642435935455325,33.06880989404297,33.30295136304474,31.302057517278108,31.783914891091246,31.457746790982306,32.969353345352175,33.20364728303528,34.300207314210894,day_high,day_stable,-0.4952510000000032
2019-04-30 04:30:00+00:00,2019-04-30 04:45:00+00:00,33.437248,1067.0,33.98238,32.63009020412445,33.290092852954864,32.89358076179504,32.021814909820556,32.65117165172577,33.73971636319637,31.093395558242797,32.65343412483215,32.691999760513305,31.095394699647063,31.862810401143047,31.300556382486,32.359896508102416,32.684574571495055,33.793327224497794,day_high,day_stable,-0.5451320000000024
2019-04-30 04:45:00+00:00,2019-04-30 05:00:00+00:00,33.306,1049.0,33.437248,31.9713238562088,32.66302157292175,32.450346835945126,31.682429322097775,31.561447151992795,33.03192878613281,30.58033443341064,32.00654388317871,32.079890498016354,31.42050003916728,31.40825484391862,31.17869555454653,31.78906727680969,32.13719392666626,33.25635970482635,day_high,day_stable,-0.13124799999999937
2019-04-30 05:00:00+00:00,2019-04-30 05:15:00+00:00,32.876381,1019.0,33.306,31.97637510871887,32.67392385578155,32.703952318191526,32.04743779277801,31.692681556701658,33.366333158820865,31.06073070144653,32.27612627124786,31.894098406791684,31.510517948073048,31.25300526430116,31.017382371778044,31.63079655742645,32.041628128051755,33.11539820408821,day_high,day_stable,-0.4296189999999953
2019-04-30 05:15:00+00:00,2019-04-30 05:30:00+00:00,32.047748999999996,974.0,32.876381,30.696552833038332,31.869430740791323,31.38783713193512,31.071794231849672,31.41277440400696,32.599463154989245,30.40419538827515,31.697278698402407,31.39291139455414,30.928160733446383,30.914906047108737,30.693423747434633,31.158023675399782,31.55246241899109,32.62085737796402,day_high,day_stable,-0.828632000000006
2019-04-30 05:30:00+00:00,2019-04-30 05:45:00+00:00,31.50263,942.0,32.047748999999996,30.51584251444244,31.157237725662227,31.070992546485897,30.849870162414547,30.40033491175079,32.1429801605215,30.53814156572723,31.006181316780086,30.52284558336639,30.906448720218588,30.256425635627448,30.712106293491743,30.31286366503143,30.749430733131405,31.794351207422253,day_high,day_stable,-0.5451189999999961
2019-04-30 05:45:00+00:00,2019-04-30 06:00:00+00:00,30.49725,899.0,31.50263,29.33594823348999,30.40121388900757,30.004306321029663,30.116873626594543,29.886617307548523,31.352365364317897,29.95202887523651,30.32092261779785,29.91985071170807,29.54928260393247,29.01137053408584,29.07684001144701,29.748066429977417,30.168195133094788,31.21006128657341,day_high,day_stable,-1.0053799999999988
2019-04-30 06:00:00+00:00,2019-04-30 06:15:00+00:00,29.589879999999997,858.0,30.49725,27.947661081314088,29.146029392242433,28.54913274383545,28.562236228942872,28.873527446746827,30.08895824289322,28.46689502334595,29.09104434585571,28.85236100292206,28.368762723178907,28.094885419944323,28.358365278173924,28.67394415473938,29.12485865688324,30.084629425764085,day_high,day_stable,-0.9073700000000038
2019-04-30 06:15:00+00:00,2019-04-30 06:30:00+00:00,28.282631,810.0,29.589879999999997,27.304136048202512,28.171860824470517,27.61576331699371,27.45561719978332,28.21451617324829,29.091283301954267,27.578360329513547,28.25912953460693,27.8798596962738,27.99574345829685,28.123976554953313,27.93209830982731,27.69925428474426,28.18802357757568,29.055411051158902,day_high,day_stable,-1.3072489999999988
2019-04-30 06:30:00+00:00,2019-04-30 06:45:00+00:00,27.223000000000003,769.0,28.282631,26.20210917802429,26.856484611946104,26.595331390815733,26.558964212852477,26.496644934135436,27.895760287958144,26.553418715911864,26.79663177342987,26.557306130844115,26.92642446534899,26.8828140783374,26.831253904603127,26.37204154344177,26.889263709503172,27.7361524304924,day_high,day_stable,-1.059630999999996
2019-04-30 06:45:00+00:00,2019-04-30 07:00:00+00:00,26.14325,733.0,27.223000000000003,25.357414315223696,26.230026970386508,26.195120285034186,26.584633837223056,25.455682108879092,27.39873690414429,26.601386259078986,26.17623133468628,25.483187149047858,25.846333046523124,25.990172701483036,25.66599148415318,25.415721962928775,25.88638920593262,26.76903895545006,day_high,day_stable,-1.0797500000000042
2019-04-30 07:00:00+00:00,2019-04-30 07:15:00+00:00,24.54681,690.0,26.14325,23.246944677352904,24.68341029834747,24.036968242645266,24.442723643302916,24.59589446735382,25.62638707113266,24.535468470573424,24.95600188922882,24.360096108436583,24.982978174995775,24.54523972823169,24.24706660188696,24.365017783164976,24.761990320205687,25.515576135635374,day_high,day_stable,-1.5964399999999976
2019-04-30 07:15:00+00:00,2019-04-30 07:30:00+00:00,22.92238,644.0,24.54681,21.800702660140992,23.011082141456605,22.32135710006714,22.957572190818787,22.714037029800416,24.040421454963685,23.244294970092778,23.24076899772644,22.74532076602936,22.98591887894064,22.43024252837245,22.12420481759768,22.818202941474915,23.16135439163208,23.858639566955567,day_medium,day_stable,-1.6244300000000003
2019-04-30 07:30:00+00:00,2019-04-30 07:45:00+00:00,21.238001,598.0,22.92238,20.26527312362671,21.692051082496643,20.96638646686554,21.878693014030457,21.12962928379059,22.738307609801293,21.9328301247406,21.857483058815003,21.107264548187256,20.31423808507805,20.33933675953424,20.15518455537074,21.34106793964386,21.55753329360962,22.288037448768616,day_medium,day_stable,-1.6843789999999998
2019-04-30 07:45:00+00:00,2019-04-30 08:00:00+00:00,19.31431,539.0,21.238001,17.6983338704834,19.649684797836304,18.488406311584473,19.76329935700989,19.762188922477723,20.954780112815858,20.02465439946747,20.311988185955048,19.418602954460145,19.80951937863345,19.035858903525195,18.768672980589592,19.749326478553773,19.864904772354127,20.478922914577485,day_medium,day_stable,-1.9236910000000016
2019-04-30 08:00:00+00:00,2019-04-30 08:15:00+00:00,17.428248999999997,482.0,19.31431,16.068119213638305,17.70570974117279,16.485605404434203,17.321469948348998,17.064469978866576,18.256686613616942,17.474005625305175,17.849101946411132,17.46594719654083,16.91786309566964,15.595894883713996,16.34321325964676,17.833746836242675,17.969857857284545,18.380602464733123,day_medium,day_stable,-1.8860610000000015
2019-04-30 08:15:00+00:00,2019-04-30 08:30:00+00:00,15.43194,417.0,17.428248999999997,14.2818912252655,15.79121100752258,14.430825351165767,15.434794543670652,15.483449815200805,16.404411791252134,15.736074803756711,16.116498230384824,15.60784840433502,15.591753414357672,14.384162316611835,14.572561236424496,15.971722839759824,16.130114792274473,16.345042107986448,day_medium,day_stable,-1.9963089999999966
2019-04-30 08:30:00+00:00,2019-04-30 08:45:00+00:00,13.27506,352.0,15.43194,12.583911578598023,13.9680545734787,12.711109321060182,14.031978409233094,13.41713253730774,14.669005970897675,14.226856152954102,14.19690422290802,13.665780346336366,13.56345287424678,12.5941475403361,12.97572987715088,14.058302681388856,14.196063797416688,14.356803815307618,day_medium,day_stable,-2.156880000000001
2019-04-30 08:45:00+00:00,2019-04-30 09:00:00+00:00,10.99591,282.0,13.27506,10.05917602973938,11.735338391838074,10.250968279418943,11.955780448493956,11.726096214828493,12.598430337486269,12.173591913757324,12.331794681129455,11.561510028419494,11.864571068674396,11.40282626490754,11.22013208208424,11.971022071418762,12.116285147247314,12.161479296264648,day_low,day_stable,-2.2791499999999996
2019-04-30 09:00:00+00:00,2019-04-30 09:15:00+00:00,8.832251,219.0,10.99591,8.838796209487915,9.972988914642334,8.920838188323975,10.000902842674256,8.599053930435181,10.12902505317688,10.071902703437804,9.807737182769776,9.373133372459412,9.28675450427637,9.170300389166872,9.10921741425724,9.811531733665468,9.892300676498412,9.958210777435305,day_low,day_stable,-2.163659000000001
2019-04-30 09:15:00+00:00,2019-04-30 09:30:00+00:00,6.5144839999999995,171.0,8.832251,6.692414211822509,7.9542846556434625,6.468293594909667,7.617379951072692,7.695971297813415,8.129261779380798,8.071661579204559,8.32642857987976,7.206391977859496,6.418746136281033,5.928348568084512,6.644807878888536,7.801464485717773,7.7548422094116205,7.716853308273315,day_low,day_stable,-2.317767
2019-04-30 09:30:00+00:00,2019-04-30 09:45:00+00:00,4.525062999999999,106.0,6.5144839999999995,5.090632986816406,5.813220095428466,5.090752315315246,5.938316595348358,4.276190590652465,5.9807578442420954,6.276418325098991,5.866036188396453,5.05324907282257,4.831698399628601,5.001194335918532,4.68666452903969,5.559040021690368,5.527371120246887,5.6286521075096125,day_low,day_stable,-1.989421
2019-04-30 09:45:00+00:00,2019-04-30 10:00:00+00:00,2.797703,74.0,4.525062999999999,3.03998454598236,3.661806009090423,2.757657966888427,4.0312632241611475,3.4038915255432123,4.437205544984817,4.632051586485385,4.235904536521911,3.2202002623443597,2.9140044608855717,2.99687463491348,2.904160613503551,3.6322125413780206,3.608095488822936,3.807649872577666,day_low,day_stable,-1.7273599999999996
2019-04-30 10:00:00+00:00,2019-04-30 10:15:00+00:00,1.683555,65.0,2.797703,2.0332483968048094,2.186154099395752,1.5870517215042113,2.3308686038761137,0.8590932807235716,2.3603313288002012,2.8733424416093825,2.333238842180252,1.7030758580474852,1.3118902397209826,1.2500936087442789,1.3882913422114262,2.0826605877189635,1.9959271272926329,2.4389991483001707,day_low,day_stable,-1.114148
2019-04-30 10:15:00+00:00,2019-04-30 10:30:00+00:00,1.045187,42.0,1.683555,1.121947162322998,1.107064418964386,0.5866717030334472,1.2940618027973174,0.0847017695236205,1.258981310300827,1.8000056822824475,1.3002993990707397,0.769413404636383,1.3731301654122725,1.2846163610042145,1.0742486048078908,1.1270722080993651,0.9635750581550596,1.5013399650382997,day_low,day_stable,-0.6383679999999998
2019-04-30 10:30:00+00:00,2019-04-30 10:45:00+00:00,0.5703090000000001,21.0,1.045187,0.4685805475349427,0.4644301569099427,0.0177669560546875,0.6720948254699708,0.0,0.7106019591922761,1.156108271145344,0.8075336551303864,0.3074598943824769,0.3948548628870417,0.4173953850296045,0.3965124048553209,0.6263981496925355,0.4143111741180421,0.9301367660994532,day_low,day_stable,-0.474878
2019-04-30 10:45:00+00:00,2019-04-30 11:00:00+00:00,0.199216,5.0,0.5703090000000001,0.0996245014514923,0.1334292459335327,0.0,0.2925603258457184,0.0,0.4603719356503487,0.687001490875721,0.5494712385382653,0.0,0.1870081018483355,0.4184436784452102,0.2680612752658262,0.2813352513160706,0.0025170612182617,0.4971978756632805,night_lowlight,night_lowlight,-0.37109300000000006
2019-04-30 11:00:00+00:00,2019-04-30 11:15:00+00:00,0.0,0.0,0.199216,0.0,0.0,0.0,0.0,0.0,0.0,0.2221021607611179,0.2199744705203771,0.0,0.007488844358693,0.0643134597902665,0.0953681226762821,0.0,0.0,0.070541135231018,night_lowlight,night_lowlight,-0.199216
2019-04-30 11:15:00+00:00,2019-04-30 11:30:00+00:00,0.0,0.0,0.0,0.0,0.0,0.0,0.0,0.0,0.0,0.0,0.0018261345103383,0.0,0.0152623091167386,0.0245134321159179,0.0150278457765272,0.0,0.0,0.0,night_lowlight,night_lowlight,0.0
2019-04-30 11:30:00+00:00,2019-04-30 11:45:00+00:00,0.0,0.0,0.0,0.0,0.0,0.0,0.0,0.0,0.0,0.0,0.0640387833118438,0.0,0.0338408437038465,0.0245134321159179,0.0150278457765272,0.0,0.0,0.0,night_lowlight,night_lowlight,0.0
2019-04-30 11:45:00+00:00,2019-04-30 12:00:00+00:00,0.0,0.0,0.0,0.0,0.0755768865346908,0.0,0.0,0.0,0.0,0.0,0.1199780851602554,0.0,0.0338408437038465,0.0245134321159179,0.0150278457765272,0.0,0.0,0.0,night_lowlight,night_lowlight,0.0
2019-04-30 12:00:00+00:00,2019-04-30 12:15:00+00:00,0.0,0.0,0.0,0.0,0.1361837685108184,0.0,0.0,0.0,0.0,0.0,0.1009103134274482,0.0,0.0301986963718385,0.0264509691702577,0.0250310034407392,0.0,0.0,0.0,night_lowlight,night_lowlight,0.0
2019-04-30 12:15:00+00:00,2019-04-30 12:30:00+00:00,0.0,0.0,0.0,0.0,0.176867589354515,0.0,0.0,0.0,0.0,0.0,0.1138310506939888,0.0362550877034664,0.0301986963718385,0.0264509691702577,0.0250310034407392,0.0,0.0,0.0,night_lowlight,night_lowlight,0.0
2019-04-30 12:30:00+00:00,2019-04-30 12:45:00+00:00,0.0,0.0,0.0,0.0,0.2077564299106598,0.0,0.0,0.0,0.009474772028625,0.0,0.2099707573652267,0.024015499278903,0.0398407713685844,0.0228730347937233,0.0250310034407392,0.0,0.0,0.0,night_lowlight,night_lowlight,0.0
2019-04-30 12:45:00+00:00,2019-04-30 13:00:00+00:00,0.0,0.0,0.0,0.0,0.2406737953424453,0.0,0.0,0.0,0.0,0.0,0.1940048635005951,0.0479401312768459,0.0301986963718385,0.0228730347937233,0.0250310034407392,0.0,0.0,0.0,night_lowlight,night_lowlight,0.0
2019-04-30 13:00:00+00:00,2019-04-30 13:15:00+00:00,0.0,0.0,0.0,0.0,0.2485780566930771,0.0355295427143573,0.0617924220860004,0.0,0.0,0.0,0.1933900564908981,0.048661071807146,0.0427689573484726,0.0228730347937233,0.0250310034407392,0.0224619060754776,0.0,0.0,night_lowlight,night_lowlight,0.0
2019-04-30 13:15:00+00:00,2019-04-30 13:30:00+00:00,0.0,0.0,0.0,0.0,0.2451773285865783,0.0171129424124956,0.0747969001531601,0.0,0.0,0.0,0.1596025228500366,0.0674429014325141,0.0398407713685844,0.0228730347937233,0.0250310034407392,0.0397965908050537,0.0,0.0,night_lowlight,night_lowlight,0.0
2019-04-30 13:30:00+00:00,2019-04-30 13:45:00+00:00,0.0,0.0,0.0,0.0,0.2611073553562164,0.0,0.0,0.0,0.0446095950901508,0.0,0.2204681783914566,0.0162678752094507,0.0378301838507939,0.0228730347937233,0.0250310034407392,0.0125597231090068,0.0,0.0,night_lowlight,night_lowlight,0.0
2019-04-30 13:45:00+00:00,2019-04-30 14:00:00+00:00,0.0,0.0,0.0,0.0,0.2784266769886017,0.0215739607810974,0.0201843436807394,0.0,0.0,0.0,0.1605912894010543,0.067546471953392,0.0378301838507939,0.0228730347937233,0.0250310034407392,0.0387185700237751,0.0,0.0,night_lowlight,night_lowlight,0.0
2019-04-30 14:00:00+00:00,2019-04-30 14:15:00+00:00,0.0,0.0,0.0,0.0,0.2948518395423889,0.0058059864677488,0.0,0.0,0.0,0.0,0.0699393898248672,0.0874833241105079,0.0378301838507939,0.0228730347937233,0.0250310034407392,0.0300331600010395,0.0,0.0,night_lowlight,night_lowlight,0.0
2019-04-30 14:15:00+00:00,2019-04-30 14:30:00+00:00,0.0,0.0,0.0,0.0,0.3016440570354461,0.0,0.0,0.0,0.0,0.0,0.0176136195659637,0.0988758951425552,0.0378301838507939,0.0228730347937233,0.0250310034407392,0.0308343265205621,0.0,0.0,night_lowlight,night_lowlight,0.0
2019-04-30 14:30:00+00:00,2019-04-30 14:45:00+00:00,0.0,0.0,0.0,0.0,0.314517080783844,0.0,0.0,0.0,0.0,0.0,0.0117339445278048,0.1013839617371559,0.0378301838507939,0.0228730347937233,0.0250310034407392,0.0277505088597536,0.0,0.0,night_lowlight,night_lowlight,0.0
2019-04-30 14:45:00+00:00,2019-04-30 15:00:00+00:00,0.0,0.0,0.0,0.0,0.3111352026462555,0.0,0.0,0.0,0.0,0.0,0.0,0.1041703820228576,0.0378301838507939,0.0228730347937233,0.0250310034407392,0.0429208315908908,0.0,0.0,night_lowlight,night_lowlight,0.0
2019-04-30 15:00:00+00:00,2019-04-30 15:15:00+00:00,0.0,0.0,0.0,0.0,0.294599175453186,0.0,0.0,0.0,0.0,0.0,0.0,0.0970852151513099,0.0378301838507939,0.0228730347937233,0.0250310034407392,0.0355286858975887,0.0,0.0,night_lowlight,night_lowlight,0.0
2019-04-30 15:15:00+00:00,2019-04-30 15:30:00+00:00,0.0,0.0,0.0,0.0,0.2833310067653656,0.0,0.0,0.0,0.0,0.0,0.0,0.0943089947104454,0.0,0.0228730347937233,0.0250310034407392,0.0445308238267898,0.0,0.0,night_lowlight,night_lowlight,0.0
2019-04-30 15:30:00+00:00,2019-04-30 15:45:00+00:00,0.0,0.0,0.0,0.0,0.2813342809677124,0.0,0.0,0.0,0.0,0.0,0.0,0.0948911905288696,0.0,0.0228730347937233,0.0250310034407392,0.0527961179614067,0.0,0.0,night_lowlight,night_lowlight,0.0
2019-04-30 15:45:00+00:00,2019-04-30 16:00:00+00:00,0.0,0.0,0.0,0.0,0.335415780544281,0.0,0.0,0.0,0.0,0.0,0.0,0.0979963317513465,0.0169007147572503,0.0228730347937233,0.0250310034407392,0.0653874203562736,0.0,0.0,night_lowlight,night_lowlight,0.0
2019-04-30 16:00:00+00:00,2019-04-30 16:15:00+00:00,0.0,0.0,0.0,0.0,0.3448227643966675,0.0,0.0,0.0,0.0,0.0,0.0,0.1101919487118721,0.0169007147572503,0.0228730347937233,0.0250310034407392,0.0696954131126403,0.0,0.0,night_lowlight,night_lowlight,0.0
2019-04-30 16:15:00+00:00,2019-04-30 16:30:00+00:00,0.0,0.0,0.0,0.0,0.345806747674942,0.0,0.0,0.0,0.0,0.0,0.0,0.1305513530969619,0.0169007147572503,0.0228730347937233,0.0250310034407392,0.0710688009858131,0.0,0.0,night_lowlight,night_lowlight,0.0
2019-04-30 16:30:00+00:00,2019-04-30 16:45:00+00:00,0.0,0.0,0.0,0.0,0.3595556914806366,0.0,0.0,0.0,0.0,0.0,0.0,0.1457888931035995,0.0169007147572503,0.0228730347937233,0.0250310034407392,0.0762279480695724,0.0,0.0,night_lowlight,night_lowlight,0.0
2019-04-30 16:45:00+00:00,2019-04-30 17:00:00+00:00,0.0,0.0,0.0,0.0,0.3662312924861908,0.0,0.0,0.0,0.0,0.0,0.0,0.1497336477041244,0.0169007147572503,0.0228730347937233,0.0250310034407392,0.0743409991264343,0.0,0.0101948836818337,night_lowlight,night_lowlight,0.0
2019-04-30 17:00:00+00:00,2019-04-30 17:15:00+00:00,0.0,0.0,0.0,0.0,0.3669013381004333,0.0,0.0,0.0,0.0,0.0,0.0,0.1551348716020584,0.0169007147572503,0.0228730347937233,0.0250310034407392,0.0669345706701278,0.0,0.0530776940286159,night_lowlight,night_lowlight,0.0
2019-04-30 17:15:00+00:00,2019-04-30 17:30:00+00:00,0.0,0.0,0.0,0.0,0.3778418004512787,0.0,0.0,0.0,0.0,0.0,0.0,0.1683402061462402,0.0169007147572503,0.0228730347937233,0.0250310034407392,0.0809710696339607,0.0,0.0788707211613655,night_lowlight,night_lowlight,0.0
2019-04-30 17:30:00+00:00,2019-04-30 17:45:00+00:00,0.0,0.0,0.0,0.0,0.3775975108146667,0.0109638338908553,0.0,0.0,0.0,0.0,0.0,0.182242602109909,0.0169007147572503,0.0228730347937233,0.0250310034407392,0.091416135430336,0.0,0.1130577325820922,night_lowlight,night_lowlight,0.0
2019-04-30 17:45:00+00:00,2019-04-30 18:00:00+00:00,0.0,0.0,0.0,0.0,0.3822492659091949,0.0489736348390579,0.0,0.0,0.0,0.0,0.0,0.1959907710552215,0.0169007147572503,0.0228730347937233,0.0250310034407392,0.1060917899012565,0.0,0.1386563181877136,night_lowlight,night_lowlight,0.0
2019-04-30 18:00:00+00:00,2019-04-30 18:15:00+00:00,0.0,0.0,0.0,0.0,0.3691100180149078,0.0767232701182365,0.0,0.0,0.0,0.0,0.0,0.2040059864521026,0.0169007147572503,0.0228730347937233,0.0250310034407392,0.1002992168068885,0.0,0.1852665394544601,night_lowlight,night_lowlight,0.0
2019-04-30 18:15:00+00:00,2019-04-30 18:30:00+00:00,0.0,0.0,0.0,0.0,0.3654015660285949,0.119398146867752,0.0,0.0,0.0,0.0,0.0,0.2255462855100631,0.0169007147572503,0.0228730347937233,0.0250310034407392,0.1179269552230835,0.0,0.2269140034914016,night_lowlight,night_lowlight,0.0
2019-04-30 18:30:00+00:00,2019-04-30 18:45:00+00:00,0.0,0.0,0.0,0.0,0.3539129495620727,0.1555263251066208,0.0,0.0,0.0,0.0,0.0,0.2387662678956985,0.0169007147572503,0.0228730347937233,0.0250310034407392,0.1216046139597892,0.0,0.2674447894096374,night_lowlight,night_lowlight,0.0
2019-04-30 18:45:00+00:00,2019-04-30 19:00:00+00:00,0.0,0.0,0.0,0.0,0.3169493377208709,0.1770878136157989,0.0,0.0,0.0179989244788885,0.0,0.0118016973137855,0.2740634083747864,0.0169007147572503,0.0228730347937233,0.0250310034407392,0.1287854313850402,0.0,0.3587354719638824,night_lowlight,night_lowlight,0.0
2019-04-30 19:00:00+00:00,2019-04-30 19:15:00+00:00,0.0,0.0,0.0,0.0,0.3678641617298126,0.2497606873512268,0.0,0.0,0.0694898217916488,0.0,0.0519235506653785,0.2955650389194488,0.0169007147572503,0.0228730347937233,0.0280167414472601,0.1534876078367233,0.0,0.3473066687583923,night_lowlight,night_lowlight,0.0
2019-04-30 19:15:00+00:00,2019-04-30 19:30:00+00:00,0.0,0.0,0.0,0.0081902248784899,0.3144334554672241,0.2544823586940765,0.0,0.0,0.090845301747322,0.053974337875843,0.0980638191103935,0.3251188993453979,0.0169007147572503,0.0228730347937233,0.0280167414472601,0.148037701845169,0.0,0.4580497741699219,night_lowlight,night_lowlight,0.0
2019-04-30 19:30:00+00:00,2019-04-30 19:45:00+00:00,0.0,0.0,0.0,0.0050945715047419,0.3357641100883484,0.3117041885852813,0.0,0.0,0.1310315281152725,0.02017661370337,0.1012499034404754,0.3457747399806976,0.0169007147572503,0.0228730347937233,0.0280167414472601,0.173743650317192,0.0,0.4756214618682861,night_lowlight,night_lowlight,0.0
2019-04-30 19:45:00+00:00,2019-04-30 20:00:00+00:00,0.0,0.0,0.0,0.0305777601897716,0.3361042141914367,0.3352339565753937,0.0,0.0,0.1905442029237747,0.0918200388550758,0.1560334861278534,0.3722155392169952,0.0169007147572503,0.0228730347937233,0.0280167414472601,0.2025505155324936,0.0,0.5449026823043823,night_lowlight,night_lowlight,0.0
2019-04-30 20:00:00+00:00,2019-04-30 20:15:00+00:00,0.0,0.0,0.0,0.0475434884428978,0.335794985294342,0.3867130875587463,0.0,0.0,0.2153784036636352,0.1134390383958816,0.1436296552419662,0.3963533937931061,0.0169007147572503,0.0228730347937233,0.0280167414472601,0.2173506766557693,0.0020150258205831,0.6027360558509827,night_lowlight,night_lowlight,0.0
2019-04-30 20:15:00+00:00,2019-04-30 20:30:00+00:00,0.0,0.0,0.0,0.1059840247035026,0.3498587310314178,0.4361340403556824,0.0,0.0,0.2637885808944702,0.2370764464139938,0.2721918523311615,0.4351136982440948,0.0169007147572503,0.0228730347937233,0.0280167414472601,0.2503892481327057,0.0242779925465583,0.692656934261322,night_lowlight,night_lowlight,0.0
2019-04-30 20:30:00+00:00,2019-04-30 20:45:00+00:00,0.0,0.0,0.0,0.1437425017356872,0.3710255622863769,0.4944512546062469,0.0,0.0,0.3259030878543854,0.2674118876457214,0.3097693920135498,0.4662151038646698,0.0169007147572503,0.0228730347937233,0.0280167414472601,0.2916128039360046,0.0394689105451107,0.7372360229492188,night_lowlight,night_lowlight,0.0
2019-04-30 20:45:00+00:00,2019-04-30 21:00:00+00:00,0.0,0.0,0.0,0.2218176573514938,0.4182409346103668,0.5489345192909241,0.0762125700712204,0.0,0.4229393899440765,0.3137308359146118,0.3487279713153839,0.5024107694625854,0.0169007147572503,0.0228730347937233,0.0280167414472601,0.3345749378204345,0.0476386584341526,0.754349946975708,night_lowlight,night_lowlight,0.0
2019-04-30 21:00:00+00:00,2019-04-30 21:15:00+00:00,0.0,0.0,0.0,0.284922182559967,0.4822846055030823,0.5747466087341309,0.1035486683249473,0.0111186960712075,0.4566312730312347,0.3578605055809021,0.3981152474880218,0.5312930345535278,0.0169007147572503,0.0228730347937233,0.0280167414472601,0.3387272655963897,0.0667051076889038,0.8575483560562134,night_lowlight,night_lowlight,0.0
2019-04-30 21:15:00+00:00,2019-04-30 21:30:00+00:00,0.002239,3.0,0.0,0.3116132915019989,0.5181822776794434,0.6422445178031921,0.114126905798912,0.0234685018658638,0.5242801308631897,0.3302769958972931,0.406876266002655,0.5636629462242126,0.0169007147572503,0.0228730347937233,0.0280167414472601,0.3736957907676697,0.0782003477215766,0.8855275511741638,night_lowlight,night_lowlight,0.002239
2019-04-30 21:30:00+00:00,2019-04-30 21:45:00+00:00,0.384549,20.0,0.002239,0.3975349179878235,0.606448303855896,0.6883446685447693,0.2361930123939514,0.147894021071434,0.6266174427642822,0.4278224519863128,0.5025297514572143,0.598372291721344,0.0169007147572503,0.0228730347937233,0.0280167414472601,0.391198914445877,0.0971771366372108,0.946825992263794,night_lowlight,night_lowlight,0.38231
2019-04-30 21:45:00+00:00,2019-04-30 22:00:00+00:00,0.6461600000000001,41.0,0.384549,0.9272861859550476,1.0731882831802368,1.15720764610672,0.7404217204799652,0.6022575876464844,1.1507778546562195,0.896489062046051,0.9334080598106383,1.027562894557953,0.5378271260602532,0.3895980266534665,0.5330162855705283,0.8019446215381623,0.4946568987121582,1.3944647094955445,day_low,day_stable,0.2616110000000001
2019-04-30 22:00:00+00:00,2019-04-30 22:15:00+00:00,0.7502850000000001,62.0,0.6461600000000001,1.3449923330879212,1.416609459552765,1.5074121886825562,1.207039051685333,0.9500374132728576,1.5971985990142823,1.4348401958084107,1.3244985276794434,1.3527371222114564,0.9073133196562516,0.827508202292099,0.8639908201081268,1.1552902394866944,0.799691089425087,1.84805905166626,day_low,day_stable,0.10412500000000002
2019-04-30 22:15:00+00:00,2019-04-30 22:30:00+00:00,0.742643,106.0,0.7502850000000001,1.5750275556182862,1.6125730578041078,1.779433578643799,1.4337606135940553,1.1054059270954133,1.8580337468719483,1.687697202358246,1.4875122610664369,1.5327455107307435,0.9910551436166254,0.9581350062718808,0.9161946206665568,1.3697271648979188,0.945702881011963,2.0756632987594603,day_low,day_stable,-0.007642000000000038
2019-04-30 22:30:00+00:00,2019-04-30 22:45:00+00:00,0.839357,148.0,0.742643,1.764194847457886,1.749815465324402,1.9656887067489623,1.5806872857742311,1.192214043252945,1.9991961730651857,1.908658625,1.5883460057907106,1.5922635210685732,1.2577604144349928,1.2113189360433398,1.1908425293136966,1.4646981371574403,1.0221881283454897,2.248775960319519,day_low,day_stable,0.09671399999999997
2019-04-30 22:45:00+00:00,2019-04-30 23:00:00+00:00,0.823061,178.0,0.839357,2.0924746805496217,2.0305319839782716,2.2785796934432985,1.8445464187927247,1.399600308544159,2.264820199615478,2.261811833984375,1.8311566525764469,1.7588745766944889,2.533632457272253,2.3819456639608245,2.4400854752166556,1.6533313804931642,1.2200618201560975,2.53822289050293,day_low,day_stable,-0.016295999999999977
2019-04-30 23:00:00+00:00,2019-04-30 23:15:00+00:00,0.941938,269.0,0.823061,2.2266414271698,2.1463261948928833,2.5015776263580323,2.112684737335205,1.6976893054351807,2.613089214454651,2.620754729400635,2.0612174378738404,1.8309091435775755,2.7708639785419624,2.855354762980406,2.6335394885345846,1.7996111618385315,1.3122708605632782,2.715867887626648,day_low,day_stable,0.11887700000000001
2019-04-30 23:15:00+00:00,2019-04-30 23:30:00+00:00,1.025828,346.0,0.941938,2.582440333641052,2.4918094447021484,2.9072620442276,2.43694372681427,2.1426888277893066,3.0275300314788818,2.9758487513427734,2.4182521870498657,2.026160912788391,3.1981283670897884,3.1227535664960544,2.9493827331795264,2.0501601269607543,1.5393150022392272,3.039014654434204,day_medium,day_stable,0.08388999999999991
2019-04-30 23:30:00+00:00,2019-04-30 23:45:00+00:00,1.065805,357.0,1.025828,2.8592067918090818,2.7826974353103635,3.2521859368591306,2.5683175286560056,2.4199373683242795,3.2740288934020993,3.1405216416625974,2.625080343177795,2.172825809410095,4.142964525381275,3.9185029233020727,4.259952217996217,2.2257596215515134,1.7140189370422363,3.262074347427368,day_medium,day_stable,0.03997699999999993
2019-04-30 23:45:00+00:00,2019-05-01 00:00:00+00:00,1.187895,481.0,1.065805,3.2115579067993165,3.104777854614258,3.5993936478424073,2.7574292837905885,2.785666626625061,3.48379783027649,3.3991964279937745,2.914221805267334,2.250920694999695,4.393346515811449,4.28005137654972,4.964396748441623,2.3291217505264283,1.8335761844444272,3.466693204574585,day_medium,day_stable,0.12209000000000003
2019-05-01 00:00:00+00:00,2019-05-01 00:15:00+00:00,0.940188,532.0,1.187895,3.53529924156189,3.449247062225342,3.922465503234863,3.2385482192230226,3.6211535334777833,4.163539826889038,4.038671433944702,3.497452914733887,2.453283607978821,4.935463958403768,6.210204342695041,6.390440454690224,2.5523002743911745,2.047460794467926,3.807324111480713,day_medium,day_stable,-0.2477069999999999
2019-05-01 00:15:00+00:00,2019-05-01 00:30:00+00:00,1.310285,568.0,0.940188,3.6534877512817383,3.47896916607666,3.977728197372437,3.197953054702759,3.748462984359741,4.214037964141846,4.121399948394775,3.574735233581543,2.265594312942505,5.122876252625128,6.214823303946833,6.454686950228612,2.344079444206238,1.8717724774246216,3.751820633209229,day_medium,day_stable,0.3700969999999999
2019-05-01 00:30:00+00:00,2019-05-01 00:45:00+00:00,1.390211,658.0,1.310285,4.149774936828614,3.8890515843963622,4.513275293502808,3.4203583280181884,4.145290998611451,4.626784471664429,4.476978687438965,3.932529119644165,2.680825142059326,4.9440938754528165,5.977104648924381,6.304746272518759,2.6905112544631957,2.2649725953674316,4.165782837066651,day_medium,day_stable,0.07992600000000016
2019-05-01 00:45:00+00:00,2019-05-01 01:00:00+00:00,0.976937,671.0,1.390211,4.317302121673584,4.000674142395019,4.679016484771728,3.322174324546814,4.234841479812622,4.729967965637207,4.5070573230133055,4.040618075881958,2.767376079116821,5.012527243428574,5.903154519079906,6.3300004127893015,2.74885882333374,2.360630466495514,4.2829479117736815,day_medium,day_stable,-0.41327400000000003
2019-05-01 01:00:00+00:00,2019-05-01 01:15:00+00:00,1.091535,564.0,0.976937,4.165691796981812,3.844425861083984,4.580636684143067,3.4970824162597656,4.845971767150879,5.007609073364258,4.768046561920166,4.248215619766236,2.309068028175354,7.218184823570005,7.713602391542287,7.676902907271194,2.453758541786194,2.036769692146301,3.985317889892578,day_medium,day_stable,0.11459799999999987
2019-05-01 01:15:00+00:00,2019-05-01 01:30:00+00:00,18.88731,774.0,1.091535,4.487894205245972,4.153478769454956,5.024846700820923,3.770213035736084,5.209182171020508,5.329989341888428,5.034410623703003,4.657314924392701,2.3612306396102904,7.276048506350223,7.987192483204031,8.123791033667253,2.5975481549835204,2.1611922065353393,4.156072048339844,day_high,day_ramp_up,17.795775
2019-05-01 01:30:00+00:00,2019-05-01 01:45:00+00:00,21.099751,821.0,18.88731,20.87918707901001,21.342771025238036,21.06938287788391,20.785290213165283,20.804271550712585,22.029442997512817,21.677478285369872,21.536226244506835,20.071147056159973,21.14740115835011,21.098502336746115,21.88499825800871,20.20938548618317,19.846070261535644,21.894614906845092,day_high,day_stable,2.212441000000002
2019-05-01 01:45:00+00:00,2019-05-01 02:00:00+00:00,22.26613,871.0,21.099751,22.889215950561525,23.185541395736696,23.013998035980222,22.315621022773744,22.269762878013612,23.411242012573243,23.447488789154058,23.23312259156799,22.10387242276764,23.68678325377812,23.674328778292356,23.80446105794978,22.21406329114533,21.94840437610245,23.862360720230104,day_high,day_stable,1.1663789999999992
2019-05-01 02:00:00+00:00,2019-05-01 02:15:00+00:00,21.72888,907.0,22.26613,24.11288168991089,24.23943355644226,24.125079899673462,23.89587238395691,23.85694530570984,24.91511061752319,24.947448283081055,24.34974029624939,23.056613176708225,24.188396953576397,24.847829850545125,25.06236846845902,22.99344339931488,23.060872047786713,24.515688687210083,day_high,day_stable,-0.5372500000000002
2019-05-01 02:15:00+00:00,2019-05-01 02:30:00+00:00,23.30081,939.0,21.72888,23.600189280395508,23.60168058860779,23.618538093452457,23.169196319465637,23.093665432815552,24.314265084152225,24.339450907592777,23.70892996776581,22.30824531305313,23.784046010450712,24.973389047067226,25.543166846028345,22.10114539850235,22.457306098823548,23.71621878135681,day_high,day_stable,1.5719299999999983
2019-05-01 02:30:00+00:00,2019-05-01 02:45:00+00:00,23.948311,971.0,23.30081,24.838565608558653,24.905321380195616,24.67438747554779,24.344538590011595,24.065257093009947,25.46470727592468,25.36767735153198,24.91579832702637,23.67591746717453,25.14232893650092,26.054021259451655,25.97687836553956,23.367552934286593,23.963040253219603,25.07351984649658,day_high,day_stable,0.6475010000000019
2019-05-01 02:45:00+00:00,2019-05-01 03:00:00+00:00,24.51181,1007.0,23.948311,25.556602387557984,25.687559037338257,25.201879410873413,24.998687296043396,24.68446245683289,26.036035447250367,25.96041980279541,25.498780160079956,24.11466762317276,26.153335527700037,27.324040121876397,27.317262890012262,23.730081542263985,24.548885493408203,25.60331657422638,day_high,day_stable,0.5634990000000002
2019-05-01 03:00:00+00:00,2019-05-01 03:15:00+00:00,25.086691,1038.0,24.51181,25.832211549339295,26.07305341487885,25.439849014339448,25.779275233802796,25.39640372520447,26.85772603279114,26.765989239273072,26.08957260375977,24.45877055725217,26.450581353806697,27.585554886349904,27.2567219190596,24.01091056591034,24.998361970243455,25.981851990280152,day_high,day_stable,0.5748809999999978
2019-05-01 03:15:00+00:00,2019-05-01 03:30:00+00:00,25.362748999999997,1058.0,25.086691,26.244295813575743,26.34799764348602,25.614741184249876,25.919791259304045,25.840935327545164,27.156818487182615,26.79508087827301,26.475494601264952,24.7950053889904,27.37965239468548,28.0398953397255,27.83563166167482,24.42550221873855,25.439787812963484,26.416462399497984,day_high,day_stable,0.276057999999999
2019-05-01 03:30:00+00:00,2019-05-01 03:45:00+00:00,25.478251,1063.0,25.362748999999997,26.304171581672662,26.25433035652542,25.540768389510152,25.839607258247373,25.742438693450925,26.892452378677365,26.64784647982025,26.44154753248596,24.8812862531414,27.91608095942349,29.0036232815894,28.7560783781472,24.542984445499417,25.628970314668653,26.52547111074829,day_high,day_stable,0.11550200000000288
2019-05-01 03:45:00+00:00,2019-05-01 04:00:00+00:00,25.413059,1070.0,25.478251,25.92716707761383,25.93962945516205,25.320342619968415,25.272379090143204,25.512573924911976,26.624108334136963,26.068626661849976,26.051812549186707,24.877544422698975,28.249809777913985,29.02204146944395,28.534719231142745,24.414526482177735,25.63557579095459,26.310062606884003,day_high,day_stable,-0.0651919999999997
2019-05-01 04:00:00+00:00,2019-05-01 04:15:00+00:00,25.81731,1073.0,25.413059,26.361199680789948,26.208884123786927,25.56514075778389,26.18225920580292,26.463873867019657,27.391833547576905,26.919103745445252,26.623993281349183,24.5562594570961,27.133314767547233,28.448799400490618,28.219955198196057,24.395989183410645,25.457165595218186,26.250393871292115,day_high,day_stable,0.4042509999999986
2019-05-01 04:15:00+00:00,2019-05-01 04:30:00+00:00,26.14106,1081.0,25.81731,26.222376579580303,26.369706833896636,25.642354199824332,25.97556192630291,26.624799931583404,27.42722597175598,26.62851765209198,26.717683578071593,24.79772534423828,27.259725323853655,28.887907343564553,28.4503570028413,24.635345364151,25.68238837474346,26.424625361499785,day_high,day_stable,0.3237500000000004
2019-05-01 04:30:00+00:00,2019-05-01 04:45:00+00:00,25.46644,1066.0,26.14106,26.50401810341835,26.903807406959533,26.06455110543728,26.65001434617996,26.48242325120926,27.44818234973907,27.36362302833557,26.980795507965087,24.90903616481781,27.96271955163181,28.56050262003386,28.548928324716005,24.940531974372863,25.88103676372528,26.733396177825927,day_high,day_stable,-0.6746200000000009
2019-05-01 04:45:00+00:00,2019-05-01 05:00:00+00:00,25.851,1041.0,25.46644,25.361606635513304,25.50319156086683,24.740300216140746,25.10513422674179,25.53143546021223,26.398472167911528,25.75965038722992,25.986661292972563,24.04259554332733,28.22614510355574,29.016688732098213,28.781227240243023,24.202605165901183,25.043464966478343,25.930662282171248,day_high,day_stable,0.38456000000000046
2019-05-01 05:00:00+00:00,2019-05-01 05:15:00+00:00,25.52725,1016.0,25.851,25.803701728791,25.86562840102613,25.06695972776413,25.93940973675251,25.710628051519393,26.67652033662796,26.826627303123473,26.374145496845244,24.275256324768065,28.52136179225362,28.789664865767552,28.42247288666646,24.520891119003295,25.282274354457854,26.217202026605605,day_high,day_stable,-0.3237500000000004
2019-05-01 05:15:00+00:00,2019-05-01 05:30:00+00:00,25.99494,870.0,25.52725,25.211378940105437,25.597537846028803,24.82611758327484,25.620414168298243,25.268381007671355,26.37209148025513,26.2259565076828,25.98451606249809,23.82775194263458,27.692747586673963,27.863775454876382,27.48828855218198,24.13083130931854,24.787819989681243,25.80038485741615,day_high,day_stable,0.46769000000000105
2019-05-01 05:30:00+00:00,2019-05-01 05:45:00+00:00,29.92588,956.0,25.99494,25.19308497232437,25.34858007949829,24.65422077697754,25.37554873746872,25.755098985853195,26.56700100225449,25.996279007751085,25.97290547971666,24.24905319732666,26.6913131077335,27.42184579663306,26.732687751411294,24.459732013168335,24.989015655937195,26.041663391860723,day_high,day_ramp_up,3.9309399999999997
2019-05-01 05:45:00+00:00,2019-05-01 06:00:00+00:00,28.22488,896.0,29.92588,29.06998215616226,29.318119093780517,28.418657943611144,29.336901530628204,29.284222826366424,30.098322510724067,29.844921879475116,29.680801853542327,28.092264816169735,28.04108993593931,27.388760664098484,27.834169843461204,28.365637347106933,28.66831128299713,29.93771817256242,day_high,day_stable,-1.7010000000000005
2019-05-01 06:00:00+00:00,2019-05-01 06:15:00+00:00,24.578751,622.0,28.22488,26.731040855293273,27.30848034227371,26.444631477241515,27.46089317405701,27.304974218254088,27.954741438274382,27.79545186961174,27.962665220146175,26.309364696388243,27.59804242005932,27.787709146170403,28.27517104271143,26.624486347084044,26.892095466499327,28.103861597721576,day_medium,day_ramp_down,-3.6461289999999984
2019-05-01 06:15:00+00:00,2019-05-01 06:30:00+00:00,28.235809000000003,826.0,24.578751,23.734815987182618,23.60592112166977,23.135538848472596,24.427435936761857,24.50777971221304,24.898510219884873,25.028416397405625,24.91580197436905,22.623300107551575,22.98978572593943,23.69961741730697,23.232956363348016,23.013768585754395,23.25270632131195,24.44495845062828,day_high,day_ramp_up,3.657058000000003
2019-05-01 06:30:00+00:00,2019-05-01 06:45:00+00:00,26.286751,776.0,28.235809000000003,26.34364000128174,26.900789053901676,25.90050402449036,27.00095501707459,27.343136699661255,27.934911222919467,27.241798193916324,27.624465139373783,26.324319513305667,25.929801369382893,25.963744717154743,26.01600739556421,26.497264416679386,26.767578990921024,27.82884487675095,day_high,day_stable,-1.9490580000000044
2019-05-01 06:45:00+00:00,2019-05-01 07:00:00+00:00,24.946251,731.0,26.286751,24.95630368383026,25.38484498651123,24.90670570523834,25.92123418839073,25.493115035606383,26.136824650479316,26.349286934150214,25.982811746908187,24.29750904233551,24.413235765561144,24.923078433979377,24.778334750162387,24.543969599319457,24.770389286590575,26.001041261268615,day_high,day_stable,-1.3404999999999987
2019-05-01 07:00:00+00:00,2019-05-01 07:15:00+00:00,21.269939,657.0,24.946251,23.332246507240296,23.88373788697815,23.28004464013672,23.741184557510376,24.08530428512192,24.589732880426407,23.691370333267212,24.258619273735047,22.93363818032837,24.307753425751255,24.69932348047616,23.825674068601447,23.13707848889923,23.352876270843502,24.431978310180664,day_medium,day_ramp_down,-3.6763119999999994
2019-05-01 07:15:00+00:00,2019-05-01 07:30:00+00:00,22.441999,653.0,21.269939,19.957266146530152,20.47076361833954,19.818144494880677,20.439554089893345,20.645348722328187,21.16825268625164,20.606798285831452,20.877973640550618,19.21645074545288,19.406921371538175,19.912876681962626,19.32611864229451,19.460426742424012,19.66255205332184,20.760713750709535,day_medium,day_stable,1.1720599999999983
2019-05-01 07:30:00+00:00,2019-05-01 07:45:00+00:00,20.394939,587.0,22.441999,20.21490005819702,21.093099158691405,20.091097873138427,21.026132267402648,21.11049835054779,21.79555032818222,20.84023503630066,21.474382263111114,20.37133340208435,20.280248606113197,21.23142446004822,20.658324106475305,20.55598334638977,20.79381052820587,21.76599745123291,day_medium,day_stable,-2.0470599999999983
2019-05-01 07:45:00+00:00,2019-05-01 08:00:00+00:00,18.631809,529.0,20.394939,17.92264371572876,18.87672107874298,18.001590544570924,19.09594362436676,19.135830933441163,19.47982417999649,19.159002000679017,19.590633863796235,18.272568280090333,18.02480289017856,18.393674992878235,17.909256191844523,18.508954936851502,18.80277877508545,19.80785357414627,day_medium,day_stable,-1.7631300000000003
2019-05-01 08:00:00+00:00,2019-05-01 08:15:00+00:00,16.983310999999997,479.0,18.631809,16.61386704824829,17.449883941635132,16.47974157713318,17.022485140785218,17.429155234321595,17.646896604522706,16.73142958067322,17.796271864398957,16.51246166609192,15.572926824100902,15.938357432181594,15.837935086115827,16.73802626512909,17.038502816184998,17.870197895988465,day_medium,day_stable,-1.6484980000000036
2019-05-01 08:15:00+00:00,2019-05-01 08:30:00+00:00,14.63919,409.0,16.983310999999997,15.029772462974544,15.85329455388641,14.82038384927368,15.51138633740997,15.602486791740414,16.000176432262418,15.222922268043517,16.162592175136563,14.883797707687377,15.752709368004265,14.93343784273705,15.08156627740155,15.084260764251706,15.400474610458373,16.168631436954495,day_medium,day_stable,-2.3441209999999977
2019-05-01 08:30:00+00:00,2019-05-01 08:45:00+00:00,12.93119,348.0,14.63919,12.623337310256955,13.385770004692075,12.361285727920531,13.172569435539245,13.272312086524964,13.947655003967284,12.866537254753112,13.903235417308808,12.606493991317748,11.369053316069854,12.300873122552934,11.59955732038202,12.741859239044189,13.073935907783508,13.77515659898758,day_medium,day_stable,-1.7079999999999984
2019-05-01 08:45:00+00:00,2019-05-01 09:00:00+00:00,10.68966,276.0,12.93119,10.630935893478394,11.715491042556764,10.613147721710206,11.69091366333008,11.469972119750976,12.17261062664032,11.382274971427918,12.346268103542329,10.925095782699586,10.09089330831108,10.177658773290611,10.59125129975363,11.063906774940492,11.407654033126832,12.19175718826294,day_low,day_stable,-2.241530000000001
2019-05-01 09:00:00+00:00,2019-05-01 09:15:00+00:00,8.457313000000001,212.0,10.68966,8.485777067337036,9.54081683078766,8.425390171203613,8.906083273086548,8.88742701927185,9.398378061447143,8.477230238113403,9.884123789463043,8.786562966499329,9.336227219121051,9.064334057081616,9.265578372259924,8.867724227104187,9.223759340438844,9.872564303073885,day_low,day_stable,-2.232346999999999
2019-05-01 09:15:00+00:00,2019-05-01 09:30:00+00:00,6.309844,166.0,8.457313000000001,6.51461726311493,7.528792380130769,6.477098881042481,6.888144074714662,6.6309780466918955,7.460710464752198,6.51718073967743,7.752020655906678,6.702308117187501,6.434183713307081,6.346879061532106,6.527985732605609,6.671568213737489,7.063430010116578,7.667001067436219,day_low,day_stable,-2.147469000000001
2019-05-01 09:30:00+00:00,2019-05-01 09:45:00+00:00,4.371938,105.0,6.309844,4.306746704238892,5.282472712654114,4.23890255178833,4.837867362159729,4.7671710082473755,5.475077492851257,4.58698878969574,5.74093793119812,4.686532241958618,4.546481488982661,4.3546728697528465,4.321269401786311,4.60506842817688,5.034030062812805,5.559207720417023,day_low,day_stable,-1.937906
2019-05-01 09:45:00+00:00,2019-05-01 10:00:00+00:00,2.800766,74.0,4.371938,2.5107028582458497,3.4411419132118226,2.503737101829529,3.0855097868804933,3.116745839393616,3.856424997127533,3.017269144332886,4.074172923839569,2.9028794863586427,2.6898788974550407,2.407444202140171,2.469298360671888,2.7776874401931764,3.2389569380645753,3.652932474887848,day_low,day_stable,-1.5711720000000002
2019-05-01 10:00:00+00:00,2019-05-01 10:15:00+00:00,1.721234,62.0,2.800766,1.161369809356689,2.0227653472099303,1.2983290044937132,1.4378403513107298,1.5236234752807616,1.7950600473556515,1.4733671037826537,2.543541797843933,1.6932625858459471,1.518385338336644,1.490538341837299,1.3632344571332606,1.5075621692810055,1.8294192640457152,2.1668735830459593,day_low,day_stable,-1.079532
2019-05-01 10:15:00+00:00,2019-05-01 10:30:00+00:00,0.923672,32.0,1.721234,0.3695866229858398,1.0445564749565124,0.5498805406417846,0.5547888639297485,0.629754221710205,0.9037354948844908,0.7187431218948364,1.595377734574318,0.9105680945243836,1.0266131151125455,1.1802187186844333,0.9003688795801841,0.7317343714561462,0.8897141578521728,1.178480720790863,day_low,day_stable,-0.7975619999999999
2019-05-01 10:30:00+00:00,2019-05-01 10:45:00+00:00,0.564006,17.0,0.923672,0.0,0.2930154000015259,0.0,0.0,0.1569763217658997,0.3099383507461548,0.1528895889015198,0.9718359765203,0.350287059375763,0.3833142488767354,0.5892370083143452,0.3442539348475363,0.2308926377983093,0.2342224512786865,0.4568255041332245,night_lowlight,night_lowlight,-0.35966600000000004
2019-05-01 10:45:00+00:00,2019-05-01 11:00:00+00:00,0.213073,5.0,0.564006,0.0,0.0202479652938842,0.0,0.0,0.0651563398418426,0.1029366247234344,0.0,0.7385189078626633,0.1919875733432769,0.1070146262905948,0.2826755244716578,0.1119977537420814,0.1451353721199035,0.0,0.1577502779541015,night_lowlight,night_lowlight,-0.350933
2019-05-01 11:00:00+00:00,2019-05-01 11:15:00+00:00,0.0,0.0,0.213073,0.0,0.0,0.0,0.0,0.0,0.0,0.0,0.2975562882285118,0.0380867865543365,0.0432152673756239,0.0497998581719847,0.0950719284453789,0.0,0.0,0.0,night_lowlight,night_lowlight,-0.213073
2019-05-01 11:15:00+00:00,2019-05-01 11:30:00+00:00,0.0,0.0,0.0,0.0,0.0,0.0,0.0,0.0,0.0,0.0,0.1547615230083465,0.0,0.0152623091167386,0.0245134321159179,0.0150278457765272,0.0,0.0,0.0,night_lowlight,night_lowlight,0.0
2019-05-01 11:30:00+00:00,2019-05-01 11:45:00+00:00,0.0,0.0,0.0,0.0,0.0,0.0,0.0,0.0,0.0,0.0,0.2256430834531784,0.042203813791275,0.0338408437038465,0.0245134321159179,0.0150278457765272,0.0,0.0,0.0,night_lowlight,night_lowlight,0.0
2019-05-01 11:45:00+00:00,2019-05-01 12:00:00+00:00,0.0,0.0,0.0,0.0,0.0390673168003559,0.0,0.0,0.0,0.0,0.0,0.2278000712394714,0.099148042500019,0.0338408437038465,0.0245134321159179,0.0150278457765272,0.0,0.0,0.0,night_lowlight,night_lowlight,0.0
2019-05-01 12:00:00+00:00,2019-05-01 12:15:00+00:00,0.0,0.0,0.0,0.0,0.0613032504916191,0.0,0.0,0.0,0.0,0.0,0.2578493058681488,0.2181105613708496,0.0409757020465346,0.0330561568740545,0.0450242941198781,0.0,0.0,0.0,night_lowlight,night_lowlight,0.0
2019-05-01 12:15:00+00:00,2019-05-01 12:30:00+00:00,0.0,0.0,0.0,0.0,0.1368884891271591,0.0,0.0,0.0,0.0,0.0,0.3491217494010925,0.2750633955001831,0.0409757020465346,0.0330561568740545,0.0450242941198781,0.0,0.0,0.0,night_lowlight,night_lowlight,0.0
2019-05-01 12:30:00+00:00,2019-05-01 12:45:00+00:00,0.0,0.0,0.0,0.0,0.2137068957090377,0.0,0.0,0.0,0.0,0.0,0.3957678079605102,0.2935919165611267,0.0301986963718385,0.0228730347937233,0.0250310034407392,0.0,0.0,0.0,night_lowlight,night_lowlight,0.0
2019-05-01 12:45:00+00:00,2019-05-01 13:00:00+00:00,0.0,0.0,0.0,0.0,0.2528586387634277,0.0,0.0,0.0,0.0,0.0,0.4207996129989624,0.3010022640228271,0.0398407713685844,0.0228730347937233,0.0250310034407392,0.0,0.0,0.0,night_lowlight,night_lowlight,0.0
2019-05-01 13:00:00+00:00,2019-05-01 13:15:00+00:00,0.0,0.0,0.0,0.0,0.2570630013942718,0.0,0.0,0.0,0.0,0.0,0.5193068981170654,0.2834287583827972,0.0398407713685844,0.0228730347937233,0.0250310034407392,0.0,0.0,0.0,night_lowlight,night_lowlight,0.0
2019-05-01 13:15:00+00:00,2019-05-01 13:30:00+00:00,0.0,0.0,0.0,0.0,0.2556311786174774,0.0,0.0,0.0,0.0,0.0,0.5685780048370361,0.2860929369926452,0.0409757020465346,0.0294782224975201,0.0450242941198781,0.0,0.0,0.0,night_lowlight,night_lowlight,0.0
2019-05-01 13:30:00+00:00,2019-05-01 13:45:00+00:00,0.0,0.0,0.0,0.0,0.3233647346496582,0.0,0.0,0.0,0.0,0.0,0.449484258890152,0.3496100902557373,0.0378301838507939,0.0228730347937233,0.0250310034407392,0.0,0.0,0.0,night_lowlight,night_lowlight,0.0
2019-05-01 13:45:00+00:00,2019-05-01 14:00:00+00:00,0.0,0.0,0.0,0.0,0.3126422464847564,0.0,0.0,0.0,0.0,0.0,0.4405539333820343,0.3719070255756378,0.0,0.0228730347937233,0.0250310034407392,0.0,0.0,0.0,night_lowlight,night_lowlight,0.0
2019-05-01 14:00:00+00:00,2019-05-01 14:15:00+00:00,0.0,0.0,0.0,0.0,0.361553817987442,0.0,0.0,0.0,0.0,0.0,0.4148269891738891,0.3384622633457184,0.0378301838507939,0.0228730347937233,0.0250310034407392,0.0329062975943088,0.0,0.0,night_lowlight,night_lowlight,0.0
2019-05-01 14:15:00+00:00,2019-05-01 14:30:00+00:00,0.0,0.0,0.0,0.0,0.3408857583999634,0.0,0.0,0.0,0.0,0.0,0.4252900183200836,0.3289449512958526,0.0,0.0228730347937233,0.0250310034407392,0.0298619195818901,0.0,0.0,night_lowlight,night_lowlight,0.0
2019-05-01 14:30:00+00:00,2019-05-01 14:45:00+00:00,0.0,0.0,0.0,0.0,0.3458912074565887,0.0,0.0,0.0,0.0,0.0,0.4245775043964386,0.3271701633930206,0.0,0.0228730347937233,0.0250310034407392,0.037537146359682,0.0,0.0,night_lowlight,night_lowlight,0.0
2019-05-01 14:45:00+00:00,2019-05-01 15:00:00+00:00,0.0,0.0,0.0,0.0,0.3839723765850067,0.0,0.0,0.0,0.0,0.0,0.3956929743289947,0.3148693442344665,0.0378301838507939,0.0228730347937233,0.0250310034407392,0.0448005832731723,0.0,0.0,night_lowlight,night_lowlight,0.0
2019-05-01 15:00:00+00:00,2019-05-01 15:15:00+00:00,0.0,0.0,0.0,0.0,0.389440655708313,0.0,0.0,0.0,0.0,0.0,0.3838161826133728,0.3101524412631988,0.0,0.0228730347937233,0.0250310034407392,0.033431053161621,0.0,0.0,night_lowlight,night_lowlight,0.0
2019-05-01 15:15:00+00:00,2019-05-01 15:30:00+00:00,0.0,0.0,0.0,0.0,0.4339260160923004,0.0,0.0,0.0,0.0,0.0,0.4340713620185852,0.2672474086284637,0.0378301838507939,0.0228730347937233,0.0250310034407392,0.0278260670602321,0.0,0.0,night_lowlight,night_lowlight,0.0
2019-05-01 15:30:00+00:00,2019-05-01 15:45:00+00:00,0.0,0.0,0.0,0.0,0.4354732632637024,0.0,0.0,0.0,0.0,0.0,0.3959873616695404,0.2636249363422394,0.0378301838507939,0.0228730347937233,0.0250310034407392,0.0161062572151422,0.0,0.0,night_lowlight,night_lowlight,0.0
2019-05-01 15:45:00+00:00,2019-05-01 16:00:00+00:00,0.0,0.0,0.0,0.0,0.438935786485672,0.0,0.0,0.0,0.0,0.0,0.4146656692028045,0.296218991279602,0.0,0.0228730347937233,0.0250310034407392,0.0142818475142121,0.0,0.0,night_lowlight,night_lowlight,0.0
2019-05-01 16:00:00+00:00,2019-05-01 16:15:00+00:00,0.0,0.0,0.0,0.0,0.4045586884021759,0.0,0.0,0.0,0.0,0.0,0.4296746850013733,0.3114420771598816,0.0169007147572503,0.0228730347937233,0.0250310034407392,0.0,0.0,0.0,night_lowlight,night_lowlight,0.0
2019-05-01 16:15:00+00:00,2019-05-01 16:30:00+00:00,0.0,0.0,0.0,0.0,0.3788815438747406,0.0,0.0,0.0,0.0,0.0,0.4537732899188995,0.3313139081001282,0.0378301838507939,0.0228730347937233,0.0250310034407392,0.0038305721245706,0.0,0.0,night_lowlight,night_lowlight,0.0
2019-05-01 16:30:00+00:00,2019-05-01 16:45:00+00:00,0.0,0.0,0.0,0.0,0.3713677525520324,0.0,0.0,0.0,0.0,0.0,0.4234651327133178,0.3461034297943115,0.0378301838507939,0.0228730347937233,0.0250310034407392,0.0,0.0,0.0,night_lowlight,night_lowlight,0.0
2019-05-01 16:45:00+00:00,2019-05-01 17:00:00+00:00,0.0,0.0,0.0,0.0,0.358384221792221,0.0182383246719837,0.0,0.0,0.0,0.0,0.3975594341754913,0.3594484031200409,0.0378301838507939,0.0228730347937233,0.0250310034407392,0.0,0.0,0.0118269734084606,night_lowlight,night_lowlight,0.0
2019-05-01 17:00:00+00:00,2019-05-01 17:15:00+00:00,0.0,0.0,0.0,0.0,0.3449043929576874,0.0439108051359653,0.0,0.0,0.0,0.0,0.3616106808185577,0.3713942468166351,0.0169007147572503,0.0228730347937233,0.0250310034407392,0.0,0.0,0.0379596464335918,night_lowlight,night_lowlight,0.0
2019-05-01 17:15:00+00:00,2019-05-01 17:30:00+00:00,0.0,0.0,0.0,0.0,0.309340626001358,0.0835092812776565,0.0,0.0,0.0,0.0,0.3394941091537475,0.383947879076004,0.0169007147572503,0.0228730347937233,0.0250310034407392,0.0036007389426231,0.0,0.0848544836044311,night_lowlight,night_lowlight,0.0
2019-05-01 17:30:00+00:00,2019-05-01 17:45:00+00:00,0.0,0.0,0.0,0.0,0.3133010864257812,0.1143983453512191,0.0,0.0,0.0,0.0,0.2897292971611023,0.4015240967273712,0.0169007147572503,0.0228730347937233,0.0250310034407392,0.0025427765212953,0.0,0.0869021341204643,night_lowlight,night_lowlight,0.0
2019-05-01 17:45:00+00:00,2019-05-01 18:00:00+00:00,0.0,0.0,0.0,0.0,0.3067480027675628,0.1345561444759369,0.0,0.0,0.0,0.0,0.272750586271286,0.4158079326152801,0.0169007147572503,0.0228730347937233,0.0250310034407392,0.0155530711635947,0.0,0.1141352728009224,night_lowlight,night_lowlight,0.0
2019-05-01 18:00:00+00:00,2019-05-01 18:15:00+00:00,0.0,0.0,0.0,0.0,0.3093509674072265,0.1730141639709472,0.0,0.0,0.0,0.0,0.2714293897151947,0.431756317615509,0.0378301838507939,0.0228730347937233,0.0250310034407392,0.0077938456088304,0.0,0.1438557505607605,night_lowlight,night_lowlight,0.0
2019-05-01 18:15:00+00:00,2019-05-01 18:30:00+00:00,0.0,0.0,0.0,0.0,0.3427369892597198,0.2077836841344833,0.0,0.0,0.0,0.0,0.2518433034420013,0.4562550187110901,0.0189113022750408,0.0228730347937233,0.0250310034407392,0.0280489660799503,0.0,0.1459375470876693,night_lowlight,night_lowlight,0.0
2019-05-01 18:30:00+00:00,2019-05-01 18:45:00+00:00,0.0,0.0,0.0,0.0,0.3372547328472137,0.2346383780241012,0.0,0.0,0.0284282770007848,0.0,0.2496938109397888,0.484453022480011,0.0189113022750408,0.0228730347937233,0.0250310034407392,0.039824154227972,0.0,0.1931670606136322,night_lowlight,night_lowlight,0.0
2019-05-01 18:45:00+00:00,2019-05-01 19:00:00+00:00,0.0,0.0,0.0,0.0,0.3393510282039642,0.2599798738956451,0.0,0.0,0.0644645169377327,0.0,0.2571316957473755,0.5174281597137451,0.0189113022750408,0.0228730347937233,0.0250310034407392,0.0580099187791347,0.0,0.2391293197870254,night_lowlight,night_lowlight,0.0
2019-05-01 19:00:00+00:00,2019-05-01 19:15:00+00:00,0.0,0.0,0.0,0.0,0.3433979153633117,0.2878548800945282,0.0,0.0,0.1379666775465011,0.0,0.2648892700672149,0.555382490158081,0.0189113022750408,0.0228730347937233,0.0280167414472601,0.0659784972667694,0.0,0.2879370450973511,night_lowlight,night_lowlight,0.0
2019-05-01 19:15:00+00:00,2019-05-01 19:30:00+00:00,0.0,0.0,0.0,0.0,0.328781396150589,0.2989244759082794,0.0,0.0,0.1838044077157974,0.0,0.2996719479560852,0.5816822648048401,0.0189113022750408,0.0228730347937233,0.0280167414472601,0.0820706859230995,0.0,0.3599346280097961,night_lowlight,night_lowlight,0.0
2019-05-01 19:30:00+00:00,2019-05-01 19:45:00+00:00,0.0,0.0,0.0,0.0354168377816677,0.3414673209190368,0.3343549966812134,0.0254078693687915,0.0,0.2429840415716171,0.0016859006136655,0.3265635967254638,0.6205744743347168,0.0189113022750408,0.0228730347937233,0.0280167414472601,0.118626020848751,0.0,0.4059502482414245,night_lowlight,night_lowlight,0.0
2019-05-01 19:45:00+00:00,2019-05-01 20:00:00+00:00,0.0,0.0,0.0,0.0617666207253932,0.3855654895305633,0.3688243925571441,0.0834426209330558,0.0,0.3525131642818451,0.0224671885371208,0.2968927025794983,0.6484988331794739,0.0189113022750408,0.0228730347937233,0.0280167414472601,0.1555101424455642,0.0,0.4026128351688385,night_lowlight,night_lowlight,0.0
2019-05-01 20:00:00+00:00,2019-05-01 20:15:00+00:00,0.0,0.0,0.0,0.1329945176839828,0.4096569418907165,0.4113124012947082,0.1422613114118576,0.0,0.4124934673309326,0.041339486837387,0.3191183507442474,0.6727480292320251,0.0189113022750408,0.0228730347937233,0.0280167414472601,0.1942385286092758,0.0,0.4243633449077606,night_lowlight,night_lowlight,0.0
2019-05-01 20:15:00+00:00,2019-05-01 20:30:00+00:00,0.0,0.0,0.0,0.2057563513517379,0.4377039074897766,0.4623161256313324,0.169627696275711,0.0,0.5349240899085999,0.0894278660416603,0.2912749350070953,0.6907625198364258,0.0189113022750408,0.0228730347937233,0.0280167414472601,0.2001889050006866,0.0,0.4300708174705505,night_lowlight,night_lowlight,0.0
2019-05-01 20:30:00+00:00,2019-05-01 20:45:00+00:00,0.0,0.0,0.0,0.2470568567514419,0.3786495923995971,0.5080921053886414,0.2107035815715789,0.0,0.5194020867347717,0.1428393423557281,0.3623268008232116,0.7236640453338623,0.0189113022750408,0.0228730347937233,0.0280167414472601,0.2380764782428741,0.0,0.5541486740112305,night_lowlight,night_lowlight,0.0
2019-05-01 20:45:00+00:00,2019-05-01 21:00:00+00:00,0.015515,0.0,0.0,0.2829205691814422,0.4211189150810241,0.5764512419700623,0.2627769112586975,0.0,0.5204588770866394,0.2792556881904602,0.5130627155303955,0.7574139833450317,0.0189113022750408,0.0228730347937233,0.0280167414472601,0.2868862450122833,0.0334158316254615,0.6793816089630127,night_lowlight,night_lowlight,0.015515
2019-05-01 21:00:00+00:00,2019-05-01 21:15:00+00:00,0.0,0.0,0.015515,0.3062900010490417,0.4881149236106872,0.6613020006561279,0.2985166016960144,0.0,0.5959437791252136,0.3261742893600464,0.5820285383605956,0.8226976696395873,0.0189113022750408,0.0228730347937233,0.0280167414472601,0.3435023430728912,0.0766199309372901,0.7677721086883544,night_lowlight,night_lowlight,-0.015515
2019-05-01 21:15:00+00:00,2019-05-01 21:30:00+00:00,0.024105,3.0,0.0,0.3038677871227264,0.4866937100887298,0.7179994583129883,0.2959931790828705,0.0,0.6882876753807068,0.342628538608551,0.5551833510398865,0.8496043086051941,0.0189113022750408,0.0228730347937233,0.0280167414472601,0.3662218749523163,0.0902920290827751,0.8171077966690063,night_lowlight,night_lowlight,0.024105
2019-05-01 21:30:00+00:00,2019-05-01 21:45:00+00:00,0.351859,17.0,0.024105,0.3665209884452819,0.5448990340042115,0.8028029675292969,0.3577572281169891,0.0550473506259918,0.7959934348869324,0.4395061607170105,0.6136142487335206,0.9090806121635436,0.0189113022750408,0.0228730347937233,0.0280167414472601,0.4322691733646392,0.1409911389160156,0.916373717288971,night_lowlight,night_lowlight,0.327754
2019-05-01 21:45:00+00:00,2019-05-01 22:00:00+00:00,0.75507,36.0,0.351859,0.8189074364032745,0.9595775869216918,1.199996855529785,0.7900367644157409,0.4976831045475006,1.232921388420105,0.9041060474243164,1.0436135199394223,1.2823866870727538,0.4344902439818853,0.2822696989388465,0.5528247712339505,0.8164967563476562,0.508928981098175,1.3482507732238769,day_low,day_stable,0.40321100000000004
2019-05-01 22:00:00+00:00,2019-05-01 22:15:00+00:00,1.141656,56.0,0.75507,1.340239732570648,1.427007048435211,1.706147342033386,1.3453386715126037,1.0773490956497191,1.92506614238739,1.494429676837921,1.5337316683006286,1.76363876373291,0.909323907174042,0.914903355161979,0.9251623010536932,1.3062498858642575,0.9996732762527466,1.874195723838806,day_low,day_stable,0.386586
2019-05-01 22:15:00+00:00,2019-05-01 22:30:00+00:00,1.811578,98.0,1.141656,1.865824598651886,1.9077804869232176,2.192254740577698,1.8690720981178284,1.5929969435749054,2.490631419998169,2.04135139642334,2.020742792469025,2.209134179931641,1.1514948430996634,1.0771280414068682,1.1196248868029666,1.7719427531776428,1.46543689427948,2.389646727424622,day_low,day_stable,0.6699219999999999
2019-05-01 22:30:00+00:00,2019-05-01 22:45:00+00:00,2.815914,137.0,1.811578,2.733792329242706,2.7521592621116637,3.0094718579559325,2.714223766735077,2.436249757221222,3.291443550994873,2.9304566029815673,2.859354222229004,2.925517881324768,2.001953604526199,1.9302113761007849,2.1941485201483055,2.518082166126251,2.229045415332794,3.241591060569763,day_low,day_stable,1.004336
2019-05-01 22:45:00+00:00,2019-05-01 23:00:00+00:00,4.333437,187.0,2.815914,3.9623900303497313,3.9674051651611326,4.1997772106781,3.870695317710876,3.581194723571777,4.436640466178893,4.098454321350097,4.017394031013488,3.982166255439758,3.52819280409599,3.3161946730188765,3.5881578513574337,3.5935555348052977,3.3326035389556883,4.409029091323852,day_low,day_stable,1.5175230000000002
2019-05-01 23:00:00+00:00,2019-05-01 23:15:00+00:00,6.152563,255.0,4.333437,5.696600471221924,5.679917846405029,5.9218569142456055,5.67670408316803,5.410900984489441,6.361341510498047,6.002853666030884,5.776354346954346,5.570993576728821,5.559080030375061,6.280580442086563,5.801868136446557,5.226537082874298,4.963511143409729,6.150326524459839,day_low,day_stable,1.8191259999999998
2019-05-01 23:15:00+00:00,2019-05-01 23:30:00+00:00,8.177094,319.0,6.152563,7.701617503440857,7.664436364448547,7.918146515167236,7.612671876228332,7.392490053451538,8.394582891738892,7.903448367393493,7.6905213835601804,7.460454249656677,7.349686566256207,7.576288363568741,7.351860711589205,7.140475356853485,6.859751069820404,8.117765569961549,day_medium,day_stable,2.0245310000000005
2019-05-01 23:30:00+00:00,2019-05-01 23:45:00+00:00,10.20709,384.0,8.177094,9.882453935760498,9.918742435592652,10.039585607666016,9.74086810888672,9.482162373680117,10.498449104446411,10.057110922950743,9.865480917114258,9.537279861587525,9.230603181444604,9.166016519467014,9.529475272580948,9.247604745048523,8.9577096873703,10.329251068252564,day_medium,day_stable,2.0299960000000006
2019-05-01 23:45:00+00:00,2019-05-02 00:00:00+00:00,12.44359,443.0,10.20709,12.427408078994752,12.300136665191651,12.327893594589234,12.041519502487184,11.624202588882447,12.682577232208253,12.471548894729615,12.128269056167603,11.623223999824525,12.058667758199066,11.950765205702307,12.15271985131952,11.31447742351532,11.062081555213927,12.633122066345216,day_medium,day_stable,2.2364999999999995
2019-05-02 00:00:00+00:00,2019-05-02 00:15:00+00:00,14.30691,497.0,12.44359,14.103046133842469,14.153553202476502,14.416818693008423,14.150168731536866,14.131244972076416,15.036930158462525,14.719159677352906,14.50924809249878,13.859440162506104,14.200353251056017,13.63464702818305,13.635543636908462,13.63884671005249,13.291395917263031,14.89884884628296,day_medium,day_stable,1.8633199999999999
2019-05-02 00:15:00+00:00,2019-05-02 00:30:00+00:00,16.41544,552.0,14.30691,15.703813395652771,15.95351942554474,16.307367763671877,15.843655071411131,15.946596226844788,16.80187102333069,16.502903423461916,16.477693996582033,15.684267363700869,15.0728032059614,14.955594537671216,15.156900898442974,15.55696614757538,15.15535696521759,16.818134031448366,day_medium,day_stable,2.10853
2019-05-02 00:30:00+00:00,2019-05-02 00:45:00+00:00,18.271310999999997,597.0,16.41544,17.95501438468933,18.118290580215454,18.39703658908844,17.765252388420105,17.629973925056458,18.688589967193604,18.600930369796753,18.4559148916626,17.805785811843872,17.103518743899823,16.826488864935765,16.92950456158656,17.675725019874573,17.258505917491913,18.995692170562744,day_medium,day_stable,1.855870999999997
2019-05-02 00:45:00+00:00,2019-05-02 01:00:00+00:00,20.095249,649.0,18.271310999999997,19.66035111249542,19.874443128715512,20.22772605718231,19.176639989028928,19.051906898628232,20.16513021291351,20.083589270721433,20.13465566934204,19.64620561898803,19.150843522991583,19.149519796965603,19.02700712418311,19.501732304702756,19.087982073436734,20.807065442214963,day_medium,day_stable,1.8239380000000018
2019-05-02 01:00:00+00:00,2019-05-02 01:15:00+00:00,21.649691,693.0,20.095249,21.480249467300418,21.637858691619872,21.873559298919677,21.35137576143646,21.553517880844115,22.549614968704223,22.50334316770935,22.298164906906127,21.428730073379516,21.996550851728777,21.611655247827727,21.011284842430015,21.333700361656188,20.8726412085762,22.6010342268219,day_high,day_stable,1.5544420000000017
2019-05-02 01:15:00+00:00,2019-05-02 01:30:00+00:00,19.50069,731.0,21.649691,23.05610550881958,23.18553985597229,23.303957238212583,22.73410512448883,22.947220935836793,24.003139629379273,23.948141946807866,23.867298736587525,22.85594524385071,22.525606307725848,22.89323368583493,22.38261936963152,22.85150493623352,22.369029297843937,24.089594259277344,day_high,day_stable,-2.149001000000002
2019-05-02 01:30:00+00:00,2019-05-02 01:45:00+00:00,24.336809,776.0,19.50069,21.38122238391876,21.279507057609557,21.499098317565917,20.690727131309508,20.76774133914947,22.04741908782959,22.22444440597534,21.753100888671874,20.61144723171234,22.484525037963085,22.66773303205707,21.97031801300868,20.65557302707672,20.17752833837509,21.989601151885985,day_high,day_ramp_up,4.836119
2019-05-02 01:45:00+00:00,2019-05-02 02:00:00+00:00,25.560060999999997,821.0,24.336809,25.105414411052703,25.57296176813507,25.093279203399657,24.663735976442336,24.479202499612807,25.98493572138214,26.119793018325804,25.882859667762755,25.34142609499359,24.29424113854261,24.07416371893755,23.017772038922736,25.37806602381134,24.89630492590332,26.629500469192504,day_high,day_stable,1.2232519999999987
2019-05-02 02:00:00+00:00,2019-05-02 02:15:00+00:00,26.48494,863.0,25.560060999999997,26.378641627441404,26.701895974288934,26.219796620021818,26.523830197463987,26.72720660985565,27.959400914321897,28.23543002427673,27.3907722455368,26.395447991500852,26.508321304985756,26.68991369207574,26.4149092173334,26.454965673099515,26.044024698148725,27.564368985305784,day_high,day_stable,0.9248790000000042
2019-05-02 02:15:00+00:00,2019-05-02 02:30:00+00:00,27.28688,895.0,26.48494,27.36112798017502,27.778913207473757,27.07112712425232,27.613041825714113,27.665907688560488,28.908372588577272,29.166993804397585,28.613641210021974,27.089380152645113,27.49070457631989,27.485190409633205,27.795446775884592,27.16197491449356,26.90670374793053,28.350897856178285,day_high,day_stable,0.8019399999999983
2019-05-02 02:30:00+00:00,2019-05-02 02:45:00+00:00,27.94488,925.0,27.28688,27.939314468269348,28.418347938423157,27.630129052762985,28.192299170856476,27.69535060084343,29.24698720729828,29.80797408378601,29.05278645313263,27.683291925554276,28.43153646025972,27.85931861144715,27.964154918440343,27.692190720205307,27.63187680995941,28.95673499858856,day_high,day_stable,0.6580000000000013
2019-05-02 02:45:00+00:00,2019-05-02 03:00:00+00:00,28.411690000000004,949.0,27.94488,28.149296677355768,28.46799533689499,27.573492458705903,28.02893676484108,27.780973589663507,29.157005420570375,29.4451321276474,29.440343371276857,28.15770120049,28.39669029388784,27.836928964038243,27.722461562660236,28.178406140451433,28.207687279825212,29.351169339065553,day_high,day_stable,0.4668100000000024
2019-05-02 03:00:00+00:00,2019-05-02 03:15:00+00:00,28.77,962.0,28.411690000000004,28.76508525341988,28.98622721761704,28.113182041349415,29.08634597391129,28.955230060520176,30.19413256973267,30.52919984191895,30.013138059082035,28.430600028040413,29.069441450579507,28.588788833589216,28.782509831768888,28.444322458955053,28.60309458106995,29.625394466819767,day_high,day_stable,0.3583099999999959
2019-05-02 03:15:00+00:00,2019-05-02 03:30:00+00:00,29.026381,979.0,28.77,28.793628812283277,29.044498760700225,28.203187127113345,29.103152145147323,28.974808115959167,30.153511066436767,30.380132336616516,30.15998579978943,28.617461625933647,29.18754992957913,28.314954402148032,28.48325064085407,28.61793570637703,28.886349317133423,29.745241899490356,day_high,day_stable,0.2563810000000011
2019-05-02 03:30:00+00:00,2019-05-02 03:45:00+00:00,29.25388,994.0,29.026381,29.349939866977692,29.445142074543,28.60296077938652,29.3721243283329,29.32596661062813,30.44627498002625,30.60518442006683,30.4504110655365,28.67377255769348,29.21851405282717,28.4737237380504,29.31464674975795,28.67066599341011,29.06611011834717,29.842160983997346,day_high,day_stable,0.22749899999999812
2019-05-02 03:45:00+00:00,2019-05-02 04:00:00+00:00,27.469749,1001.0,29.25388,29.459742656235697,29.584377324466704,28.810135370378493,29.312575401996373,29.09657319474697,30.339517807846068,30.61914548862457,30.436305022125243,28.71368668067932,29.77499373881856,29.224159023959533,29.613661699686777,28.688923811798094,29.191563146446946,29.91140363204956,day_high,day_stable,-1.7841309999999986
2019-05-02 04:00:00+00:00,2019-05-02 04:15:00+00:00,28.046379,1041.0,27.469749,27.705522265361783,27.66830171279812,27.079656507896424,27.843314703630448,27.484962673003015,28.8740880750885,29.15013685457611,28.740293052124024,26.66044005386734,28.80808079652141,28.44436896808222,28.637127276944952,26.759989705013275,27.262614991592407,27.992646601127625,day_high,day_stable,0.5766300000000015
2019-05-02 04:15:00+00:00,2019-05-02 04:30:00+00:00,27.977690000000003,1000.0,28.046379,27.777953803590776,27.95379324262524,27.3128659427681,27.854214191488268,27.673782378486635,29.071336895278932,29.076415211013796,28.893468469432833,27.02813556795502,27.823160645708786,27.521620374240587,27.64714291119896,27.167264014534,27.676756352237703,28.450695008090975,day_high,day_stable,-0.06868899999999911
2019-05-02 04:30:00+00:00,2019-05-02 04:45:00+00:00,28.375811,1007.0,27.977690000000003,27.6313622779274,27.631022591056823,27.079565305175784,27.44589938587189,27.44375355905533,28.69098474449158,28.72050716346741,28.58361329502106,26.792831677856448,27.942584255201023,27.87154343843251,28.18566437575018,26.955607551994326,27.4753604120636,28.28063805765152,day_high,day_stable,0.3981209999999962
2019-05-02 04:45:00+00:00,2019-05-02 05:00:00+00:00,28.128189000000003,981.0,28.375811,27.904088844190596,27.882297147642134,27.285970707069396,27.650885541568755,27.690534908901213,28.75847675336456,28.85482551587677,28.92000659240341,27.01679112447357,28.70861029778333,28.284116977976225,28.414702981934667,27.27853097451782,27.779893298278807,28.626943667064666,day_high,day_stable,-0.24762199999999623
2019-05-02 05:00:00+00:00,2019-05-02 05:15:00+00:00,27.994749,979.0,28.128189000000003,27.31783691297913,27.448630722869876,26.92670730005646,27.437366279472354,27.032216700424197,27.91065715502644,28.376542838920596,28.380323740352633,26.606903346885684,27.81006824769995,28.052501408125806,27.508368614669426,26.919363173355105,27.48030522714997,28.169800313819888,day_high,day_stable,-0.13344000000000378
2019-05-02 05:15:00+00:00,2019-05-02 05:30:00+00:00,27.22781,934.0,27.994749,26.560644318984984,26.850428631233218,26.24851398699188,26.71747129194641,26.931229164527892,27.625388731884,27.53583889238739,27.962357857899903,26.41332285635376,27.245994131536012,27.89230318939283,26.917674894139655,26.61803691618347,27.28034709923172,27.736713906454085,day_high,day_stable,-0.7669389999999972
2019-05-02 05:30:00+00:00,2019-05-02 05:45:00+00:00,27.0655,914.0,27.22781,26.832790170726778,26.901377205667497,26.42408344608307,27.07373689573765,27.10624018770218,27.779812251148225,27.673890535650255,27.762882147846224,25.538687323150636,26.992734819295027,27.884028822136727,28.183565372208495,25.87591621738434,26.491364215431215,27.114978973684313,day_high,day_stable,-0.1623100000000015
2019-05-02 05:45:00+00:00,2019-05-02 06:00:00+00:00,26.286751,861.0,27.0655,26.4012110619545,26.392758229255676,25.855290630340576,26.50981883096695,26.50257436323166,27.146014036118984,26.97113672035933,27.43492517757416,25.27541885662079,25.50509951228983,26.055953470570735,26.162518191341924,25.65368829059601,26.292761424064636,26.938060143470764,day_high,day_stable,-0.7787490000000012
2019-05-02 06:00:00+00:00,2019-05-02 06:15:00+00:00,24.68244,811.0,26.286751,25.42017897756195,25.729069141460418,25.280706373764037,25.58200952203369,25.228458611083983,26.35330386997557,26.07059871943092,26.149043811274527,24.46618565709686,24.039573259077965,24.363067736437618,24.65943631207432,24.77369472177124,25.50727990062332,26.09635613651371,day_high,day_stable,-1.6043109999999992
2019-05-02 06:15:00+00:00,2019-05-02 06:30:00+00:00,23.72431,775.0,24.68244,23.45418711227417,23.698161082687378,23.102418976249695,23.637424188079834,23.767366426410675,24.6471579543972,24.086070197048187,24.55206652206421,22.806565242233276,23.02595971546632,22.710586317119283,23.317071131030755,23.13013024848938,23.87450154346466,24.425257163467407,day_high,day_stable,-0.9581300000000006
2019-05-02 06:30:00+00:00,2019-05-02 06:45:00+00:00,23.06325,724.0,23.72431,22.556074817237853,23.15155907398224,22.525835712013244,23.05998190170288,22.402235944328307,23.87318237548828,23.47862562960148,23.53913855975628,21.82520087486267,22.37080287354185,22.271086891583515,22.396997278661985,22.112672288475036,22.905716378746032,23.467832375822063,day_high,day_stable,-0.6610599999999991
2019-05-02 06:45:00+00:00,2019-05-02 07:00:00+00:00,21.977381,679.0,23.06325,21.063253814697266,21.845236951828003,21.013741666793823,21.85246627998352,21.726231748580933,22.94117269140482,22.185979241847992,22.727920169353485,21.11209147644043,22.251199563744823,21.907915820894683,21.90879712320177,21.399892265319824,22.173715705394745,22.680300111293793,day_medium,day_stable,-1.0858689999999989
2019-05-02 07:00:00+00:00,2019-05-02 07:15:00+00:00,20.179689,637.0,21.977381,19.975864180999757,20.59823108621216,19.72917033143616,20.430714258628846,20.307486900764463,21.362633118110654,20.91170478768921,21.275261351543428,19.98432053037262,20.179609056644196,20.96064922259236,20.472790955311424,20.249706277328492,21.00128472753143,21.444571980911256,day_medium,day_stable,-1.7976920000000014
2019-05-02 07:15:00+00:00,2019-05-02 07:30:00+00:00,18.528129999999997,576.0,20.179689,18.301023314346313,19.18527830635452,18.494290182937625,18.95926136766815,18.286266038764953,19.939285228599548,19.399213085521698,19.43591810261154,18.212598154891968,18.399380457262936,18.490515894023876,18.283661071404236,18.399679611076355,19.089488575805664,19.60457170998001,day_medium,day_stable,-1.6515590000000024
2019-05-02 07:30:00+00:00,2019-05-02 07:45:00+00:00,14.64619,463.0,18.528129999999997,16.306191628341672,17.222549503211972,16.228980725173948,17.19034988201141,16.901312177543637,18.223520462875364,17.553625827198026,17.869084601764676,16.538195555572507,17.169500457701698,16.98107875497077,16.555697876540837,16.742512171630857,17.294811313514707,17.90105945384979,day_medium,day_ramp_down,-3.8819399999999966
2019-05-02 07:45:00+00:00,2019-05-02 08:00:00+00:00,16.03306,493.0,14.64619,12.67581362766266,13.43641204875946,12.450884175720216,13.58062262577057,13.268672299804688,14.727504235925675,14.010665786685944,14.353234243812562,12.675174546661378,13.84858473298268,13.810414269343957,13.208645628171029,12.8751996282959,13.339039040031434,14.006763291778563,day_medium,day_stable,1.3868699999999983
2019-05-02 08:00:00+00:00,2019-05-02 08:15:00+00:00,13.31619,425.0,16.03306,13.017557785568236,14.27223782306671,12.944992706832885,13.917652294692992,13.359586641845702,14.641826913414,14.240935609397887,14.810664579925536,14.07738678222656,13.722511270802638,13.725061136336366,13.286878081020737,14.175183341560365,14.594756052551269,15.12472407585144,day_medium,day_stable,-2.7168699999999983
2019-05-02 08:15:00+00:00,2019-05-02 08:30:00+00:00,12.48931,375.0,13.31619,10.9427027658844,11.785570140304566,10.638874288024905,11.459944482269288,10.880554433288577,12.352952654781342,11.81754123729706,12.185898418846133,11.42677020591736,11.721625616615128,10.95181209376803,10.80342996367463,11.450743074836732,11.838951344909669,12.373877163352969,day_medium,day_stable,-0.826880000000001
2019-05-02 08:30:00+00:00,2019-05-02 08:45:00+00:00,10.94778,324.0,12.48931,10.03016659980774,10.92641434436798,9.67625806098938,10.792735431251526,10.184815857467653,11.58955905204773,11.044284913597108,11.507226083335876,10.642689082679748,9.488597052901463,9.750432772763029,9.411829667657845,10.64028153186798,10.98417482143402,11.545332644042968,day_medium,day_stable,-1.5415299999999998
2019-05-02 08:45:00+00:00,2019-05-02 09:00:00+00:00,9.09125,262.0,10.94778,8.482892619400024,9.362168418197632,8.132521497039795,9.490147219924928,8.874414788513183,10.13197599533081,9.690970169334411,10.242404865055084,9.14864932182312,8.652444348688318,8.884146466015789,8.566354929896512,9.13837681892395,9.441711412696838,10.020681904582975,day_low,day_stable,-1.8565299999999993
2019-05-02 09:00:00+00:00,2019-05-02 09:15:00+00:00,7.550594,203.0,9.09125,6.905914602279664,7.780608830451966,6.666685876846314,7.486829814910889,6.686405239105225,7.648003039360047,7.588735756874085,8.346333441734314,7.394643006324769,6.762642159633532,6.339075304788032,6.288829914112446,7.333779153823853,7.625529227256775,8.157454428672791,day_low,day_stable,-1.5406560000000002
2019-05-02 09:15:00+00:00,2019-05-02 09:30:00+00:00,5.625813,156.0,7.550594,5.735632805007935,6.362702397483826,5.436813739913941,6.0563811341705325,5.320866970199585,6.540228275436402,6.206046966690064,6.864323465007782,6.002231864112854,5.4068863332803385,5.078406477118567,4.725955111534675,5.819870022911072,6.138467458862305,6.610349027294159,day_low,day_stable,-1.9247810000000003
2019-05-02 09:30:00+00:00,2019-05-02 09:45:00+00:00,4.153297,108.0,5.625813,3.9985147641067504,4.526191704071045,3.650063864982605,4.3970544264678955,3.775408022201538,4.826671950614929,4.48983453968811,5.1574781463508605,4.214132897651672,3.522280974143807,3.3320392091261253,3.211891989040217,3.9958286211853022,4.289282076156616,4.785238616264343,day_low,day_stable,-1.4725159999999997
2019-05-02 09:45:00+00:00,2019-05-02 10:00:00+00:00,2.44125,68.0,4.153297,2.254564218589783,2.933147721359253,2.1463912058563235,2.921327166625977,2.663171224662781,3.446372799942017,3.015448861190796,3.782679848739624,2.9166803885192873,2.630572480267352,3.163158964807878,2.7875324616947195,2.6752346087188723,2.9719542790145876,3.3436181474418643,day_low,day_stable,-1.712047
2019-05-02 10:00:00+00:00,2019-05-02 10:15:00+00:00,1.6036290000000002,52.0,2.44125,1.1002414560317997,1.6552524304389955,1.1021730041503908,1.2377298212051393,0.865232620239258,1.4298987722396852,1.4274355506896974,2.2177571988105775,1.5037255620956422,1.5166732041980668,1.536401034985009,1.4444070366384252,1.1985274887084962,1.4719148015975954,1.7984520530700685,day_low,day_stable,-0.837621
2019-05-02 10:15:00+00:00,2019-05-02 10:30:00+00:00,1.325707,44.0,1.6036290000000002,0.1722010443725588,0.7649452159919741,0.4109532902755739,0.4397860835113527,0.3741293023147585,0.6889795730628969,0.6403932045021059,1.3982180724658968,0.9109528730430604,1.006806982859224,1.071556904066116,0.9736338776877506,0.6338601182022097,0.8809768627204897,1.0232063601531984,day_low,day_stable,-0.2779220000000002
2019-05-02 10:30:00+00:00,2019-05-02 10:45:00+00:00,0.92791,28.0,1.325707,0.3727231437988281,0.7088019664115905,0.4838057572669982,0.4986263925857543,0.3256234342880248,0.7428173835105896,0.6828177983589172,1.4018055389351844,0.7709857041664123,0.7388817928859253,0.8853841692830818,0.7873396713940438,0.5787349159545898,0.7884325797386169,0.7994445378608703,day_low,day_stable,-0.39779699999999996
2019-05-02 10:45:00+00:00,2019-05-02 11:00:00+00:00,0.408851,12.0,0.92791,0.0,0.2983806430435181,0.1462725102043152,0.2520333229637146,0.207348316822052,0.457021236333847,0.3202128707504272,1.0915167777872086,0.5145319699382782,0.3742162472012335,0.4343947996288231,0.4208663112009377,0.3676899372673035,0.562166899356842,0.4466679393386841,night_lowlight,night_lowlight,-0.5190589999999999
2019-05-02 11:00:00+00:00,2019-05-02 11:15:00+00:00,0.0,0.0,0.408851,0.0,0.0,0.0,0.0,0.0,0.0,0.0,0.5004152827749253,0.2009538435230255,0.1125076423990868,0.0961806943313284,0.0939179598749986,0.0,0.1388562940845489,0.0,night_lowlight,night_lowlight,-0.408851
2019-05-02 11:15:00+00:00,2019-05-02 11:30:00+00:00,0.0,0.0,0.0,0.0,0.0,0.0,0.0,0.0,0.0,0.0,0.0871535614132881,0.0,0.0232967660106312,0.0353472832728866,0.0,0.0,0.0,0.0,night_lowlight,night_lowlight,0.0
2019-05-02 11:30:00+00:00,2019-05-02 11:45:00+00:00,0.0,0.0,0.0,0.0,0.0,0.0,0.0,0.0,0.0,0.0,0.118724301457405,0.0277521200478076,0.034019628732134,0.0372848203272263,0.0,0.0,0.0,0.0,night_lowlight,night_lowlight,0.0
2019-05-02 11:45:00+00:00,2019-05-02 12:00:00+00:00,0.0,0.0,0.0,0.0,0.0,0.0,0.0,0.0,0.0,0.0,0.1537439376115799,0.0862083360552787,0.0597190359227041,0.0330561568740545,0.0736557512168261,0.0,0.0,0.0,night_lowlight,night_lowlight,0.0
2019-05-02 12:00:00+00:00,2019-05-02 12:15:00+00:00,0.0,0.0,0.0,0.0,0.0275052525103092,0.0,0.0,0.0,0.0,0.0,0.1412258744239807,0.1800615787506103,0.0301986963718385,0.0228730347937233,0.0250310034407392,0.0,0.0,0.0,night_lowlight,night_lowlight,0.0
2019-05-02 12:15:00+00:00,2019-05-02 12:30:00+00:00,0.0,0.0,0.0,0.0,0.1322723180055618,0.0,0.0,0.0,0.0,0.0,0.160246193408966,0.2369672656059265,0.0301986963718385,0.0228730347937233,0.0250310034407392,0.0,0.0,0.0,night_lowlight,night_lowlight,0.0
2019-05-02 12:30:00+00:00,2019-05-02 12:45:00+00:00,0.0,0.0,0.0,0.0,0.2037720531225204,0.0,0.0,0.0,0.0,0.0,0.2136634439229965,0.2674723863601684,0.0301986963718385,0.0228730347937233,0.0250310034407392,0.0,0.0,0.0,night_lowlight,night_lowlight,0.0
2019-05-02 12:45:00+00:00,2019-05-02 13:00:00+00:00,0.0,0.0,0.0,0.0,0.1956768482923507,0.0,0.0,0.0,0.0,0.0,0.1779928207397461,0.3022858500480652,0.0409757020465346,0.0294782224975201,0.0736557512168261,0.0,0.0,0.0,night_lowlight,night_lowlight,0.0
2019-05-02 13:00:00+00:00,2019-05-02 13:15:00+00:00,0.0,0.0,0.0,0.0,0.2948040962219238,0.0,0.0,0.0,0.0,0.0,0.2671165466308594,0.3165139853954315,0.0301986963718385,0.0228730347937233,0.0250310034407392,0.0,0.0,0.0,night_lowlight,night_lowlight,0.0
2019-05-02 13:15:00+00:00,2019-05-02 13:30:00+00:00,0.0,0.0,0.0,0.0,0.3595700860023498,0.0,0.0,0.0,0.0,0.0,0.3144233822822571,0.3328119814395904,0.0210759558826063,0.0672872969957085,0.0195860368100941,0.0,0.0,0.0,night_lowlight,night_lowlight,0.0
2019-05-02 13:30:00+00:00,2019-05-02 13:45:00+00:00,0.0,0.0,0.0,0.0,0.3704723715782165,0.0,0.0,0.0,0.0,0.0,0.3937076330184936,0.3339532017707824,0.0301986963718385,0.0228730347937233,0.0250310034407392,0.0,0.0,0.0,night_lowlight,night_lowlight,0.0
2019-05-02 13:45:00+00:00,2019-05-02 14:00:00+00:00,0.0,0.0,0.0,0.0,0.4027604162693023,0.0,0.0,0.0,0.0,0.0,0.3707043826580047,0.3600886464118957,0.0301986963718385,0.0228730347937233,0.0250310034407392,0.0,0.0,0.0,night_lowlight,night_lowlight,0.0
2019-05-02 14:00:00+00:00,2019-05-02 14:15:00+00:00,0.0,0.0,0.0,0.0,0.4129787683486938,0.0335548184812068,0.0,0.0,0.0,0.0,0.4690907299518585,0.3989798128604889,0.0398407713685844,0.0228730347937233,0.0250310034407392,0.0,0.0,0.0,night_lowlight,night_lowlight,0.0
2019-05-02 14:15:00+00:00,2019-05-02 14:30:00+00:00,0.0,0.0,0.0,0.0,0.4027089774608612,0.008654661476612,0.0,0.0,0.0,0.0,0.4676766097545624,0.3952923119068146,0.0372604218477191,0.0239690658670953,0.0293775146679712,0.0,0.0,0.0,night_lowlight,night_lowlight,0.0
2019-05-02 14:30:00+00:00,2019-05-02 14:45:00+00:00,0.0,0.0,0.0,0.0,0.4084503054618835,0.0154056055471301,0.0,0.0094203203916549,0.0,0.0,0.4332557320594787,0.4067777693271637,0.0398407713685844,0.0228730347937233,0.0250310034407392,0.0,0.0,0.0,night_lowlight,night_lowlight,0.0
2019-05-02 14:45:00+00:00,2019-05-02 15:00:00+00:00,0.0,0.0,0.0,0.0,0.4034751951694488,0.0469704531133174,0.0,0.0463487468659877,0.0,0.0,0.4402355551719665,0.3998399674892425,0.0398407713685844,0.0228730347937233,0.0250310034407392,0.0,0.0,0.0,night_lowlight,night_lowlight,0.0
2019-05-02 15:00:00+00:00,2019-05-02 15:15:00+00:00,0.0,0.0,0.0,0.0,0.4033344089984894,0.0684120804071426,0.0,0.0188416820019483,0.0,0.0,0.4161649048328399,0.4295154511928558,0.0398407713685844,0.0228730347937233,0.0250310034407392,0.0,0.0,0.0,night_lowlight,night_lowlight,0.0
2019-05-02 15:15:00+00:00,2019-05-02 15:30:00+00:00,0.0,0.0,0.0,0.0,0.3782638609409332,0.0981330424547195,0.0,0.0319975614547729,0.0,0.0,0.4370527565479278,0.4222620129585266,0.0398407713685844,0.0228730347937233,0.0250310034407392,0.0,0.0,0.0,night_lowlight,night_lowlight,0.0
2019-05-02 15:30:00+00:00,2019-05-02 15:45:00+00:00,0.0,0.0,0.0,0.0,0.3662296235561371,0.1141873151063919,0.0,0.0315392389893531,0.0,0.0,0.4235302209854126,0.4203290939331054,0.0398407713685844,0.0228730347937233,0.0250310034407392,0.0,0.0,0.0,night_lowlight,night_lowlight,0.0
2019-05-02 15:45:00+00:00,2019-05-02 16:00:00+00:00,0.0,0.0,0.0,0.0,0.3938662409782409,0.1301512718200683,0.0,0.0639786720275878,0.0,0.0,0.4480060338973999,0.4433408975601196,0.0398407713685844,0.0228730347937233,0.0250310034407392,0.0,0.0,0.0,night_lowlight,night_lowlight,0.0
2019-05-02 16:00:00+00:00,2019-05-02 16:15:00+00:00,0.0,0.0,0.0,0.0,0.3693374991416931,0.1602586954832077,0.0,0.0466675050556659,0.0,0.0,0.4351266920566559,0.4526815116405487,0.0372604218477191,0.0239690658670953,0.0293775146679712,0.0,0.0,0.0,night_lowlight,night_lowlight,0.0
2019-05-02 16:15:00+00:00,2019-05-02 16:30:00+00:00,0.0,0.0,0.0,0.0,0.3638069629669189,0.1842745244503021,0.0,0.0378597043454647,0.0,0.0,0.4042077660560608,0.4697824120521545,0.0378301838507939,0.0228730347937233,0.0250310034407392,0.0,0.0,0.0,night_lowlight,night_lowlight,0.0
2019-05-02 16:30:00+00:00,2019-05-02 16:45:00+00:00,0.0,0.0,0.0,0.0,0.3854224979877472,0.1752661168575287,0.0,0.01118154078722,0.0,0.0,0.3324137032032013,0.505508303642273,0.0398407713685844,0.0228730347937233,0.0250310034407392,0.0,0.0,0.0,night_lowlight,night_lowlight,0.0
2019-05-02 16:45:00+00:00,2019-05-02 17:00:00+00:00,0.0,0.0,0.0,0.0,0.3729031085968017,0.1997864544391632,0.0,0.0227388758212327,0.0,0.0,0.3488569855690002,0.5158807039260864,0.0398407713685844,0.0228730347937233,0.0250310034407392,0.0,0.0,0.0,night_lowlight,night_lowlight,0.0
2019-05-02 17:00:00+00:00,2019-05-02 17:15:00+00:00,0.0,0.0,0.0,0.0,0.3812642693519592,0.2065083533525467,0.0,0.0087646562606096,0.0,0.0,0.3070751428604126,0.5705549716949463,0.0398407713685844,0.0228730347937233,0.0250310034407392,0.0,0.0,0.0,night_lowlight,night_lowlight,0.0
2019-05-02 17:15:00+00:00,2019-05-02 17:30:00+00:00,0.0,0.0,0.0,0.0,0.3814586400985718,0.2211271971464157,0.0,0.0,0.0,0.0,0.2873677015304565,0.584689736366272,0.0398407713685844,0.0228730347937233,0.0250310034407392,0.0,0.0,0.0,night_lowlight,night_lowlight,0.0
2019-05-02 17:30:00+00:00,2019-05-02 17:45:00+00:00,0.0,0.0,0.0,0.0,0.3944175541400909,0.2249393910169601,0.0,0.0,0.0,0.0,0.2521327435970306,0.6157694458961487,0.0398407713685844,0.0228730347937233,0.0250310034407392,0.0,0.0,0.0,night_lowlight,night_lowlight,0.0
2019-05-02 17:45:00+00:00,2019-05-02 18:00:00+00:00,0.0,0.0,0.0,0.0,0.3908333778381347,0.244992509484291,0.0,0.0,0.0,0.0,0.2591903209686279,0.6209148168563843,0.0398407713685844,0.0228730347937233,0.0250310034407392,0.0,0.0,0.0,night_lowlight,night_lowlight,0.0
2019-05-02 18:00:00+00:00,2019-05-02 18:15:00+00:00,0.0,0.0,0.0,0.0,0.381681740283966,0.1660715192556381,0.0,0.0,0.0,0.0,0.1823396533727646,0.6983006596565247,0.0189113022750408,0.0228730347937233,0.0250310034407392,0.0,0.0,0.0577725432813167,night_lowlight,night_lowlight,0.0
2019-05-02 18:15:00+00:00,2019-05-02 18:30:00+00:00,0.0,0.0,0.0,0.0,0.3801222145557403,0.1158994659781456,0.0,0.0,0.0,0.0,0.1449785083532333,0.7476651072502136,0.0169007147572503,0.0228730347937233,0.0250310034407392,0.0,0.0,0.0925688445568084,night_lowlight,night_lowlight,0.0
2019-05-02 18:30:00+00:00,2019-05-02 18:45:00+00:00,0.0,0.0,0.0,0.0,0.3915550112724304,0.1223509162664413,0.0,0.0,0.0,0.0,0.1192760318517685,0.7855916023254395,0.0169007147572503,0.0228730347937233,0.0250310034407392,0.0,0.0,0.1325848549604416,night_lowlight,night_lowlight,0.0
2019-05-02 18:45:00+00:00,2019-05-02 19:00:00+00:00,0.0,0.0,0.0,0.0,0.3758685290813446,0.1686137318611145,0.0,0.0,0.0333770327270031,0.0,0.1463779211044311,0.8312855362892151,0.0189113022750408,0.0228730347937233,0.0250310034407392,0.0,0.0,0.2039330452680587,night_lowlight,night_lowlight,0.0
2019-05-02 19:00:00+00:00,2019-05-02 19:15:00+00:00,0.0,0.0,0.0,0.0,0.3677119016647339,0.2147948741912841,0.0,0.0,0.1026982888579368,0.0,0.1495309025049209,0.8770012855529785,0.0189113022750408,0.0228730347937233,0.0280167414472601,0.0,0.0,0.2867308557033539,night_lowlight,night_lowlight,0.0
2019-05-02 19:15:00+00:00,2019-05-02 19:30:00+00:00,0.0,0.0,0.0,0.0,0.3743125200271606,0.2810436189174652,0.0,0.0,0.1622453927993774,0.0,0.1638310700654983,0.9268487095832824,0.0398407713685844,0.0228730347937233,0.0280167414472601,0.0102671720087528,0.0,0.3446298539638519,night_lowlight,night_lowlight,0.0
2019-05-02 19:30:00+00:00,2019-05-02 19:45:00+00:00,0.0,0.0,0.0,0.0,0.4158760905265808,0.3338718712329864,0.0,0.0,0.2490597367286682,0.0,0.1719221323728561,0.973843514919281,0.0189113022750408,0.0228730347937233,0.0280167414472601,0.0394305922091007,0.0,0.3623033165931701,night_lowlight,night_lowlight,0.0
2019-05-02 19:45:00+00:00,2019-05-02 20:00:00+00:00,0.0,0.0,0.0,0.0178635567426681,0.4448706805706024,0.3664721250534057,0.015243069268763,0.0,0.3708451688289642,0.0,0.1730333268642425,0.9930126667022704,0.0169007147572503,0.0228730347937233,0.0280167414472601,0.0626895949244499,0.0,0.372047871351242,night_lowlight,night_lowlight,0.0
2019-05-02 20:00:00+00:00,2019-05-02 20:15:00+00:00,0.0,0.0,0.0,0.067051738500595,0.3961392343044281,0.3996889591217041,0.0278696920722723,0.0,0.3919800817966461,0.0,0.1677464842796325,1.0197831392288208,0.0169007147572503,0.0228730347937233,0.0280167414472601,0.0599890314042568,0.0,0.4505106210708618,night_lowlight,night_lowlight,0.0
2019-05-02 20:15:00+00:00,2019-05-02 20:30:00+00:00,0.0,0.0,0.0,0.1084617748856544,0.3975929617881775,0.4700908660888672,0.061817105859518,0.0,0.4296724498271942,0.0,0.1966757327318191,1.056773662567139,0.0189113022750408,0.0228730347937233,0.0280167414472601,0.0994822829961776,0.0,0.5106021165847778,night_lowlight,night_lowlight,0.0
2019-05-02 20:30:00+00:00,2019-05-02 20:45:00+00:00,0.004201,0.0,0.0,0.1579724848270416,0.4186412692070007,0.543756365776062,0.1068129017949104,0.0,0.4715871810913086,0.0,0.2675119340419769,1.0941132307052612,0.0169007147572503,0.0228730347937233,0.0280167414472601,0.1339751780033111,0.0,0.5780824422836304,night_lowlight,night_lowlight,0.004201
2019-05-02 20:45:00+00:00,2019-05-02 21:00:00+00:00,0.0,0.0,0.004201,0.2217685481557846,0.4483203640232086,0.6290922215232849,0.1370479216823578,0.0,0.5474156787643433,0.0305060775974988,0.3068450739631653,1.1315440585861205,0.0169007147572503,0.0228730347937233,0.0280167414472601,0.1733356615552902,0.0109725016193687,0.6549497297058106,night_lowlight,night_lowlight,-0.004201
2019-05-02 21:00:00+00:00,2019-05-02 21:15:00+00:00,0.0,0.0,0.0,0.2753036916255951,0.4721255004405975,0.708381712436676,0.1656170934438705,0.0,0.6195443868637085,0.0514991842210292,0.3261734545230865,1.1632113456726074,0.0398407713685844,0.0228730347937233,0.0280167414472601,0.1994306296110153,0.0251007974147796,0.7209864854812622,night_lowlight,night_lowlight,0.0
2019-05-02 21:15:00+00:00,2019-05-02 21:30:00+00:00,0.0,2.0,0.0,0.3426589369773865,0.5361853837966919,0.7825071811676025,0.2249336540699005,0.0,0.6661439538002014,0.0944654047489166,0.4085093736648559,1.1962783336639404,0.0169007147572503,0.0228730347937233,0.0280167414472601,0.2323730289936065,0.056081261485815,0.79263836145401,night_lowlight,night_lowlight,0.0
2019-05-02 21:30:00+00:00,2019-05-02 21:45:00+00:00,0.386121,17.0,0.0,0.3900488317012787,0.5559117197990417,0.8632904887199402,0.2471678107976913,0.0,0.7572706937789917,0.1346074342727661,0.4294868111610412,1.2307950258255005,0.0169007147572503,0.0228730347937233,0.0280167414472601,0.2698578238487243,0.0825893282890319,0.8555231094360352,night_lowlight,night_lowlight,0.386121
2019-05-02 21:45:00+00:00,2019-05-02 22:00:00+00:00,0.8345040000000001,37.0,0.386121,0.8612268220863342,0.9932829391441343,1.3376677882156371,0.7027892422161102,0.4398750167570114,1.2765386354408264,0.5805349152765273,0.8551962029418945,1.6671732317886352,0.4534091255576384,0.2822696989388465,0.5531209654648536,0.7112486910305023,0.5106513899049758,1.3144971382102966,day_low,day_stable,0.44838300000000014
2019-05-02 22:00:00+00:00,2019-05-02 22:15:00+00:00,1.449766,57.0,0.8345040000000001,1.465636245063782,1.5408616579093934,1.8837171710052492,1.3204950905361177,1.035397849134445,1.934549680999756,1.2172480440654756,1.4444596088447572,2.179316750816345,0.9646550694350768,1.0520549510445036,1.2408825367829757,1.2389492011585237,1.0365580833473207,1.8972318089523317,day_low,day_stable,0.615262
2019-05-02 22:15:00+00:00,2019-05-02 22:30:00+00:00,2.089008,94.0,1.449766,2.247584839550018,2.2858470279846195,2.6097592909011844,2.0843989450607303,1.773377319065094,2.7023033697280887,1.972734888282776,2.1525141794357303,2.859062751022339,1.2978281736275037,1.1081272316630113,1.268636372718601,1.9360360700759889,1.7303137976799012,2.6455633241806034,day_low,day_stable,0.6392420000000001
2019-05-02 22:30:00+00:00,2019-05-02 22:45:00+00:00,3.022469,130.0,2.089008,3.0448404813842775,3.0800835157470705,3.4298357034759523,2.831602063282013,2.505542841060638,3.492266204460144,2.7355443502502443,2.853322651489258,3.5534388090209963,2.0886549565197665,1.8216545245654008,2.2292158679317127,2.660704162223816,2.450493689878464,3.4302602077560427,day_low,day_stable,0.9334609999999999
2019-05-02 22:45:00+00:00,2019-05-02 23:00:00+00:00,4.333984,175.0,3.022469,4.182980016845703,4.197874859947205,4.530823425430298,3.8959618369522095,3.548939959186554,4.550194219726563,3.797591225284577,3.91839070715332,4.542031125205994,4.340662800442202,4.0064298692348626,4.369701754225962,3.6652991334381104,3.4731822172584534,4.524305657524109,day_low,day_stable,1.311515
2019-05-02 23:00:00+00:00,2019-05-02 23:15:00+00:00,5.978875,237.0,4.333984,5.760151368888855,5.753546816619873,6.045693141731262,5.487234217437744,5.080157620223999,6.212763649734497,5.395024282249451,5.516747576507568,5.884772402557373,5.770721635629909,6.290348715349562,6.160006476387191,5.06134007624054,4.8277199392642975,5.9608218496170045,day_low,day_stable,1.6448910000000003
2019-05-02 23:15:00+00:00,2019-05-02 23:30:00+00:00,7.868657000000001,298.0,5.978875,7.550896961212159,7.5465772933959965,7.829346615791321,7.116874296188355,6.778590280532837,7.90832110118866,7.043457824707032,7.213734228134156,7.56736286354065,7.243785388231284,6.906543322840402,7.053461778865172,6.784334856987,6.524133224010468,7.697197634696961,day_medium,day_stable,1.8897820000000003
2019-05-02 23:30:00+00:00,2019-05-02 23:45:00+00:00,9.863219,357.0,7.868657000000001,9.524884827072144,9.616904146606446,9.7450556825943,8.923640258247376,8.700158066684724,9.7120864462204,8.94658828490448,9.141586668426514,9.49414265864563,8.933347762885722,8.529787321944111,9.081191295636868,8.740886218482972,8.479741043979645,9.68376029246521,day_medium,day_stable,1.9945620000000002
2019-05-02 23:45:00+00:00,2019-05-03 00:00:00+00:00,11.77575,414.0,9.863219,11.385747529167176,11.578505493301392,11.734874225753783,10.691266394752503,10.550870157379151,11.387756324905396,10.788697637218476,11.055629588264466,11.517652965682984,11.546751862227508,11.354429414917265,11.085102637721976,10.792480922836305,10.515999652046204,11.749156571525576,day_medium,day_stable,1.9125309999999995
2019-05-03 00:00:00+00:00,2019-05-03 00:15:00+00:00,13.804,470.0,11.77575,13.646904189109804,13.736311394691468,13.817650634765624,13.233623582839966,13.22170766067505,14.058825094223025,13.2685615606308,13.42059190940857,13.437375146865843,13.844572447841404,12.95525507458337,13.3580663066573,12.800655681610108,12.483520109176636,13.80064733695984,day_medium,day_stable,2.02825
2019-05-03 00:15:00+00:00,2019-05-03 00:30:00+00:00,14.19775,467.0,13.804,15.411871532440186,15.610384444236756,15.762767414093018,15.01333210849762,14.965831974983216,15.819642881393433,15.262359956741332,15.458974818229676,15.437304595947266,15.080267595501404,14.50092905446662,14.99399951697536,14.865906218528748,14.511293748855593,15.899711469650269,day_medium,day_stable,0.39374999999999893
2019-05-03 00:30:00+00:00,2019-05-03 00:45:00+00:00,17.23794,566.0,14.19775,15.98080959701538,16.05547395133972,16.365584043502807,15.17766931438446,15.372893361091611,16.172029165267944,15.611066130638122,15.929807690620422,15.788422850608825,15.319825513248375,14.84989484396364,15.260341240756969,15.298124937057494,14.911773947715758,16.351636079788207,day_medium,day_stable,3.040189999999999
2019-05-03 00:45:00+00:00,2019-05-03 01:00:00+00:00,18.11731,594.0,17.23794,18.488711284103392,18.838552759590147,18.975197003784174,17.563301132621763,17.589509473743437,18.567122386398314,18.275365756454462,18.530227468910216,18.76592271179199,18.093308625173453,18.041546588337667,18.13089168294796,18.349322126808165,17.936596678199766,19.38519184440613,day_medium,day_stable,0.8793700000000015
2019-05-03 01:00:00+00:00,2019-05-03 01:15:00+00:00,18.341310999999997,610.0,18.11731,19.33700199180603,19.538966370162964,19.744359565315246,18.76189554983139,19.086926055488583,19.973648143348697,19.461138320503235,19.429099393424988,19.554620457229618,21.03094985027903,20.525168547144975,20.05813775110797,19.210582805213928,18.74810524040222,20.2161230569458,day_medium,day_stable,0.22400099999999767
2019-05-03 01:15:00+00:00,2019-05-03 01:30:00+00:00,21.24456,691.0,18.341310999999997,20.0340725404129,19.947537325035093,20.24287953199005,19.077324948917383,19.55402698339081,20.375658534179685,19.78445961297607,19.76783957303619,19.632423422943113,20.758805513186555,20.791661339560772,19.953753250836964,19.406227133880613,18.94408663333511,20.51535990060425,day_high,day_stable,2.9032490000000024
2019-05-03 01:30:00+00:00,2019-05-03 01:45:00+00:00,23.199751000000003,751.0,21.24456,22.85074543624878,23.05413329273224,22.984845754203796,21.582747396526337,22.28814184337616,23.17339062362671,22.423486706314087,22.31173610359192,22.32462179332733,22.259016679770266,22.205273113597737,21.019258672267252,22.15676873594284,21.76189285188675,23.291235205230713,day_high,day_stable,1.9551910000000028
2019-05-03 01:45:00+00:00,2019-05-03 02:00:00+00:00,23.940439,766.0,23.199751000000003,24.875427822662356,24.988189916206363,24.83851967294312,23.20136999160594,23.53312934477425,24.439137796951297,24.077702443195346,23.912517289711,24.058164338661197,24.183206796676757,23.749873034020275,22.79074914001865,23.956525306297305,23.6441862388382,25.189554433418277,day_high,day_stable,0.7406879999999987
2019-05-03 02:00:00+00:00,2019-05-03 02:15:00+00:00,25.533381,838.0,23.940439,25.23636425959015,25.485584750045778,25.20504690634155,24.68591774927521,24.85822649227524,25.681341185440065,25.07470895277405,24.90580089317703,24.50874443279648,25.742462777556295,25.33813587254716,25.10888716079503,24.50572939144516,24.34656153546715,25.72042645441437,day_high,day_stable,1.5929419999999972
2019-05-03 02:15:00+00:00,2019-05-03 02:30:00+00:00,26.287189,867.0,25.533381,26.398091330963133,26.95925749822235,26.29137314839935,26.20835770650482,25.8972885756073,27.093207850891112,26.583322182136538,26.37003792806244,25.87139771862602,26.404564068292853,26.174928941807103,25.803034005440946,25.839549556213377,25.84616012855148,27.20877160115814,day_high,day_stable,0.7538080000000029
2019-05-03 02:30:00+00:00,2019-05-03 02:45:00+00:00,27.235689,908.0,26.287189,26.89282124554062,27.29685460840607,26.66192775284195,26.465753324975015,26.12970354472542,27.23061376129532,26.84829663549805,26.78053989325905,26.40874894027853,27.023257701744985,26.327133701540166,26.636085115017885,26.344160658021213,26.507819303025247,27.77309309755707,day_high,day_stable,0.9484999999999992
2019-05-03 02:45:00+00:00,2019-05-03 03:00:00+00:00,28.02669,937.0,27.235689,27.55848722230339,27.834932223667145,27.07405167888546,26.751955196966172,26.503883794654847,27.49670215021515,27.118746340979577,27.2830969400301,27.162059210945607,28.234438233742782,26.952332565220026,27.834014835195337,27.05534942518616,27.370882407535554,28.459826783050534,day_high,day_stable,0.7910009999999978
2019-05-03 03:00:00+00:00,2019-05-03 03:15:00+00:00,27.309191,895.0,28.02669,28.065653846862315,28.52783619731903,27.60511195034027,28.165572681727408,27.657836818399428,28.827961140575407,28.283285760583876,28.340980076494215,27.758760952653883,28.279185764182184,26.080389546481353,26.867814761719945,27.658502185049056,28.07086335242033,29.146341794433592,day_high,day_stable,-0.7174990000000001
2019-05-03 03:15:00+00:00,2019-05-03 03:30:00+00:00,28.917879,967.0,27.309191,27.216080423727988,27.623328458801268,26.900947910085677,27.209934938982485,26.962041061655043,28.061903190151213,27.350235197976588,27.670401018396376,26.901105445161814,28.50900286608223,26.310497804337892,27.236647286653007,26.756821167007445,27.257157959327458,28.3018171305809,day_high,day_stable,1.6086880000000008
2019-05-03 03:30:00+00:00,2019-05-03 03:45:00+00:00,28.41213,954.0,28.917879,28.42561270265961,28.916431775476127,27.997873440078735,28.391864970020293,27.950155153564452,29.07208587198639,28.41149277954483,28.890576984427213,28.318353190711974,27.985617680316928,25.879741823237808,26.803633936677603,28.186394050411224,28.77147552340412,29.726272239974975,day_high,day_stable,-0.505748999999998
2019-05-03 03:45:00+00:00,2019-05-03 04:00:00+00:00,29.79463,1018.0,28.41213,27.92092576802254,28.279406445031167,27.5472538489151,27.601547004585267,27.31000638187409,28.37767002910853,27.662943066959382,28.273859949712755,27.65318417728424,27.86023355594301,26.228244897730857,27.550173957813048,27.52701610506058,28.17995132685185,29.004653694038392,day_high,day_stable,1.3825000000000003
2019-05-03 04:00:00+00:00,2019-05-03 04:15:00+00:00,25.969999,841.0,29.79463,28.516558954124452,29.13256896436691,28.059122750167848,28.770798155670168,28.430911967163087,29.673375995461942,28.738068172340395,29.476422557239538,28.878217765693662,28.107012268637252,27.243685203369942,27.644692879974382,28.753811666374208,29.44191891849518,30.079901346569063,day_high,day_ramp_down,-3.824631
2019-05-03 04:15:00+00:00,2019-05-03 04:30:00+00:00,23.77331,750.0,25.969999,25.709478929208757,25.50988863365555,24.8159143175354,25.60529021875763,25.396267339157102,26.35466028706932,25.55243961470032,26.20073975579643,24.974105521606447,24.101632242868455,25.3818266276424,25.379188657849127,24.889354750083925,25.60329900638962,26.160723700689317,day_high,day_stable,-2.196689000000003
2019-05-03 04:30:00+00:00,2019-05-03 04:45:00+00:00,17.455379,529.0,23.77331,23.01382505327225,23.0709453764534,22.358038837013243,22.97693305641174,23.191814536151885,24.118524277505873,22.99729054599762,23.987777763900755,22.797189706859587,22.526967487114774,23.079959287221367,23.52237133062151,22.562739783821105,23.352258527574534,23.860651360747813,day_medium,day_ramp_down,-6.317930999999998
2019-05-03 04:45:00+00:00,2019-05-03 05:00:00+00:00,22.666439,716.0,17.455379,18.474866738609315,17.7956426051178,17.937650045446397,17.839779814771653,18.284267654708863,18.99447607069397,18.295703759483334,18.875453343681336,16.56249355345154,17.843860720274556,18.3426321606254,17.990806204079618,16.32446979551697,17.026330640605927,17.84304757981682,day_high,day_ramp_up,5.21106
2019-05-03 05:00:00+00:00,2019-05-03 05:15:00+00:00,31.19463,1012.0,22.666439,20.629134360183716,21.773093167175293,20.665629092086792,21.87025308929825,21.59323650919342,23.07985830627823,21.65961951338196,22.921326610673905,21.696690920223237,21.05797919947771,22.30209075928559,22.349355396734676,21.355174365867615,22.06579840504074,22.79681031726742,day_high,day_ramp_up,8.528191
2019-05-03 05:15:00+00:00,2019-05-03 05:30:00+00:00,17.240129,538.0,31.19463,27.964619013671875,29.591282579307556,28.06269631088257,29.316951724891663,28.622294518356323,29.983748766784668,28.851064059143063,29.902097436790463,29.96265396774292,24.17678043223952,25.33359335390533,24.505305760909284,29.713957640533447,30.33630231321335,30.978887173538208,day_medium,day_ramp_down,-13.954501
2019-05-03 05:30:00+00:00,2019-05-03 05:45:00+00:00,15.23375,441.0,17.240129,18.068459039978027,17.03945953255081,17.785272365859985,17.341047538868427,17.85318321590805,18.54320395594025,17.63761002426529,18.05656523113632,16.035275584510803,17.79734953151171,18.14775654567529,17.91865010448454,15.85538471346283,16.34797973041916,17.357426545075416,day_medium,day_stable,-2.006378999999999
2019-05-03 05:45:00+00:00,2019-05-03 06:00:00+00:00,13.88691,401.0,15.23375,15.81159640789032,15.493131860494614,15.533914759159089,15.7940344953537,15.676949157714844,16.897027983665467,15.860882892608643,16.517294540405274,14.072658910751343,16.982512401112142,17.49102893109214,17.809414649707534,13.906059756278992,14.265693440437316,15.60597957611084,day_medium,day_stable,-1.3468400000000003
2019-05-03 06:00:00+00:00,2019-05-03 06:15:00+00:00,19.635,570.0,13.88691,13.824765508178473,13.531723179969788,13.496426352415083,14.121028416905403,14.049601682577132,15.170846858177184,14.120788836035729,14.871311166439057,12.67621413722992,16.050835463738963,16.302255414945723,15.916989062356889,12.535064258728028,12.79014519706726,14.159011074457167,day_medium,day_ramp_up,5.748090000000001
2019-05-03 06:15:00+00:00,2019-05-03 06:30:00+00:00,20.09656,584.0,19.635,17.780483493804933,18.766235480308534,17.60373998641968,19.08220232486725,18.148925433158876,19.92341519355774,18.542167673110963,19.814431155323984,18.408970603942873,19.40191541675245,18.66567875616604,18.469248127765347,18.124183187484743,18.427323231697084,19.717824371755125,day_medium,day_stable,0.46155999999999864
2019-05-03 06:30:00+00:00,2019-05-03 06:45:00+00:00,13.51591,391.0,20.09656,17.868025301513672,18.477055071411133,17.711114405212403,18.952613709983822,18.48769223552704,19.86287473004818,18.473682521400452,19.636036305246353,18.78304374080658,19.203998628886787,18.593793314294512,18.376490196537365,18.496565102157593,18.75310349327087,19.899766756711006,day_medium,day_ramp_down,-6.58065
2019-05-03 06:45:00+00:00,2019-05-03 07:00:00+00:00,19.35763,566.0,13.51591,13.72130116859436,13.195867926273346,13.234050363693235,13.682114497218132,13.27501083949566,14.529889077339172,13.59297343382597,14.246940642986296,12.229752034339905,15.594851935999923,16.51562835091218,14.809359767909523,11.992272586021423,12.188184231910704,13.57140418926239,day_medium,day_ramp_up,5.8417200000000005
2019-05-03 07:00:00+00:00,2019-05-03 07:15:00+00:00,13.82959,444.0,19.35763,16.439376578216553,17.514614686851502,16.528391585235596,16.398304924850464,15.787923798446656,16.58422683227539,16.162605748062134,17.463252172355652,18.02580700862885,16.745966271547502,16.105264796755854,15.983964248042463,17.56090079296112,17.895624980812073,18.67728947151184,day_medium,day_ramp_down,-5.528040000000001
2019-05-03 07:15:00+00:00,2019-05-03 07:30:00+00:00,9.828876,281.0,13.82959,13.385967559900283,12.967505909290312,12.805496610488891,11.88144329914093,11.12596861251831,11.997055686798095,11.8683764112854,12.333516515579223,12.541504420127868,13.577352669095449,12.328766502131252,13.116592802034756,12.13887897857666,12.3684825075531,13.075378812637329,day_low,day_ramp_down,-4.000714
2019-05-03 07:30:00+00:00,2019-05-03 07:45:00+00:00,8.886938,258.0,9.828876,9.877926856381654,9.654866110635757,9.593670036746024,8.7373335176239,7.799214344573974,9.0569056087265,8.774577360702514,9.319426339221954,8.69197652871704,9.706736092608562,7.72848522332255,7.906889767227328,8.192855578018188,8.449034433914184,9.124353151870729,day_low,day_stable,-0.9419379999999986
2019-05-03 07:45:00+00:00,2019-05-03 08:00:00+00:00,7.127969,187.0,8.886938,8.767280327058316,8.584794932878495,8.34246733216095,8.09318377999115,6.9641424658660895,8.2756036165123,8.218046212471009,8.538339668787003,7.8609413149719245,11.014549264635932,8.932611012179468,8.653687549485028,7.2970104458694465,7.562449002540589,8.16521486071396,day_low,day_stable,-1.7589690000000004
2019-05-03 08:00:00+00:00,2019-05-03 08:15:00+00:00,6.86175,189.0,7.127969,6.885051641124726,6.864670190471649,6.565752241271973,6.307351920265198,5.34647235597992,6.5014056297721865,6.436941001075745,6.80370581473732,6.214232775825501,8.372859172169564,6.795006741455596,7.0540419071915155,5.604389521736145,5.874887082237244,6.325179848331452,day_low,day_stable,-0.2662190000000004
2019-05-03 08:15:00+00:00,2019-05-03 08:30:00+00:00,8.359531,229.0,6.86175,5.886026852607727,6.154558175086975,5.653776400566101,5.895685546875,4.918081157684326,6.109880083084106,5.970696919441223,6.42246788072586,6.065266006469726,5.670652100777698,4.980979245854507,5.116460824443877,5.408007495880127,5.701009266853332,5.957976453781128,day_low,day_stable,1.4977810000000007
2019-05-03 08:30:00+00:00,2019-05-03 08:45:00+00:00,6.398656,180.0,8.359531,6.498344138008118,7.033653214317322,6.230368688446045,7.040422633033753,6.1464150694427495,7.113359525543213,6.878705814224244,7.461632683616639,7.659430101257325,7.518939371679161,7.613161591703752,7.451878302557446,6.990054204803467,7.293659284454346,7.318250968795777,day_low,day_stable,-1.9608750000000006
2019-05-03 08:45:00+00:00,2019-05-03 09:00:00+00:00,9.938907,278.0,6.398656,5.209572066169739,5.667229820590973,4.902016390663147,5.571765233379364,4.570727576118469,5.7512962711868285,5.396534551483154,6.040314782958984,5.767987419467926,5.174985462218,5.128407589791454,5.031481322223122,5.152754892211914,5.424711693626404,5.459050167900085,day_low,day_ramp_up,3.5402510000000005
2019-05-03 09:00:00+00:00,2019-05-03 09:15:00+00:00,4.662875,139.0,9.938907,7.982052895004273,8.40050539630127,7.19513544696045,8.461161705429078,7.691850992614747,8.22863301890564,8.244919392044068,9.0378997649498,9.392563673431397,6.713939513318451,6.745273775745408,6.382246954587506,8.70842489855957,9.028236183101654,8.959344359809876,day_low,day_ramp_down,-5.276032000000001
2019-05-03 09:15:00+00:00,2019-05-03 09:30:00+00:00,4.725985,131.0,4.662875,3.761012140274047,3.963153782844543,3.437003437042236,3.703466418743133,2.996298614501953,3.8951965603828422,3.554066244125366,4.284371021747589,4.212928685903549,4.040718603482346,3.520330691347001,3.34309321721585,3.6525043878555294,3.878434124946594,3.866468850135803,day_low,day_stable,0.06311
2019-05-03 09:30:00+00:00,2019-05-03 09:45:00+00:00,3.845188,113.0,4.725985,3.4685925935363766,3.836807021961212,3.3530592416381833,3.758093604907989,3.357669899330139,4.071064660415649,3.585845301017761,4.402054945096969,4.37115980134964,3.3233403774977996,3.1334018372528076,3.025501765287518,3.8975604270553585,4.058216223583221,4.050390193328857,day_low,day_stable,-0.8807969999999998
2019-05-03 09:45:00+00:00,2019-05-03 10:00:00+00:00,3.5188129999999997,99.0,3.845188,2.721999385154724,3.0207087180976866,2.616637089050293,3.0498497865562437,2.7956405661468504,3.4624016962413786,2.9202390096549986,3.739778258598327,3.572538145578384,2.275526483913522,2.360982796409788,2.242137549555232,3.157660939491272,3.266340293682098,3.307927288806915,day_low,day_stable,-0.3263750000000001
2019-05-03 10:00:00+00:00,2019-05-03 10:15:00+00:00,2.305297,69.0,3.5188129999999997,2.367513642585754,2.6860517123107908,2.339722261703491,2.6686944821243284,2.607659445083618,3.044251219308853,2.4868537047271726,3.4272139677171705,3.3845568457012174,2.068793765588136,2.132445696898863,2.0037018736743444,2.9693204024200437,3.0102634289627073,3.1062357881431577,day_low,day_stable,-1.2135159999999998
2019-05-03 10:15:00+00:00,2019-05-03 10:30:00+00:00,1.650441,49.0,2.305297,1.4635218210906982,1.689078790733337,1.4694415755958556,1.652907890865326,1.6008627839775085,2.0581623293848037,1.5106524654121398,2.467989382931709,2.252681715080261,1.0574865726859115,1.1960737509276276,1.219967417077778,1.8480085261554715,1.854217303583145,2.024863434621811,day_low,day_stable,-0.6548559999999999
2019-05-03 10:30:00+00:00,2019-05-03 10:45:00+00:00,0.764654,24.0,1.650441,0.8856048078689576,1.0956777424964903,0.9923382492218018,1.1320635171089173,1.0474303455505372,1.530565405026436,0.9915094466362,1.9599056334648133,1.6564514746371508,0.9654928446752448,1.120459827836015,1.2876887293762551,1.256048032775879,1.2247223348770142,1.4228894205245972,day_low,day_stable,-0.8857870000000001
2019-05-03 10:45:00+00:00,2019-05-03 11:00:00+00:00,0.264161,9.0,0.764654,0.2604527070083617,0.3884781493701934,0.3770250870742797,0.4887256218948363,0.3075572742977142,0.7796308842384219,0.4049413098850249,1.2376423074760436,0.7899329314836263,0.4065415762626579,0.5260267716116885,0.5853388881851223,0.4195255233802795,0.3540167107143401,0.5612101300516128,night_lowlight,night_lowlight,-0.500493
2019-05-03 11:00:00+00:00,2019-05-03 11:15:00+00:00,0.0,0.0,0.264161,0.0,0.0,0.0378932747707366,0.0,0.0,0.2179092671439647,0.0,0.7008492741451263,0.3595237750277519,0.1445675813267726,0.0333635257218865,0.2041062997969796,0.0,0.0,0.0459313783512115,night_lowlight,night_lowlight,-0.264161
2019-05-03 11:15:00+00:00,2019-05-03 11:30:00+00:00,0.0,0.0,0.0,0.0,0.0,0.0,0.0,0.0,0.0,0.0,0.4688247442245483,0.1157228797674179,0.0480223241674939,0.0118981324768634,0.0926789629102003,0.0,0.0,0.0,night_lowlight,night_lowlight,0.0
2019-05-03 11:30:00+00:00,2019-05-03 11:45:00+00:00,0.0,0.0,0.0,0.0,0.0,0.0,0.0,0.0,0.0,0.0,0.2637865245342254,0.139338806271553,0.0301986963718385,0.0129790749326557,0.1448541492542366,0.0,0.0,0.0,night_lowlight,night_lowlight,0.0
2019-05-03 11:45:00+00:00,2019-05-03 12:00:00+00:00,0.0,0.0,0.0,0.0,0.0,0.0,0.0,0.0,0.0,0.0,0.2202051877975464,0.1620720624923706,0.0301986963718385,0.0129790749326557,0.1448541492542366,0.0,0.0,0.0,night_lowlight,night_lowlight,0.0
2019-05-03 12:00:00+00:00,2019-05-03 12:15:00+00:00,0.0,0.0,0.0,0.0,0.0,0.0,0.0,0.0,0.0,0.0,0.1586464047431945,0.2177740931510925,0.0210759558826063,0.0539154238405042,0.0707228553686882,0.0,0.0,0.0,night_lowlight,night_lowlight,0.0
2019-05-03 12:15:00+00:00,2019-05-03 12:30:00+00:00,0.0,0.0,0.0,0.0,0.0384913086891174,0.0,0.0,0.0,0.0,0.0,0.1523050665855407,0.2333139032125473,0.0301986963718385,0.110610055357303,0.0717216935722095,0.0,0.0,0.0,night_lowlight,night_lowlight,0.0
2019-05-03 12:30:00+00:00,2019-05-03 12:45:00+00:00,0.0,0.0,0.0,0.0,0.1362924873828888,0.0,0.0,0.0,0.0,0.0,0.2007893770933151,0.2394015491008758,0.0301986963718385,0.110610055357303,0.0717216935722095,0.0,0.0,0.0,night_lowlight,night_lowlight,0.0
2019-05-03 12:45:00+00:00,2019-05-03 13:00:00+00:00,0.0,0.0,0.0,0.0,0.2198242843151092,0.0,0.0,0.0,0.0,0.0,0.2220565676689148,0.2426662147045135,0.0210759558826063,0.1550243175592882,0.0707228553686882,0.0,0.0,0.0,night_lowlight,night_lowlight,0.0
2019-05-03 13:00:00+00:00,2019-05-03 13:15:00+00:00,0.0,0.0,0.0,0.0,0.2579405903816223,0.0,0.0,0.0,0.0,0.0,0.2525901198387146,0.2408041059970855,0.0210759558826063,0.1066728936954387,0.0662767269415644,0.0,0.0,0.0,night_lowlight,night_lowlight,0.0
2019-05-03 13:15:00+00:00,2019-05-03 13:30:00+00:00,0.0,0.0,0.0,0.0,0.2823208272457123,0.0,0.0,0.0,0.0,0.0,0.2518647015094757,0.2724021673202514,0.0398407713685844,0.1025782760103757,0.0,0.0,0.0,0.0,night_lowlight,night_lowlight,0.0
2019-05-03 13:30:00+00:00,2019-05-03 13:45:00+00:00,0.0,0.0,0.0,0.0,0.2978577017784118,0.0,0.0,0.0,0.0,0.0,0.288469523191452,0.2782925069332123,0.0398407713685844,0.0562892191382249,0.0,0.0,0.0,0.0,night_lowlight,night_lowlight,0.0
2019-05-03 13:45:00+00:00,2019-05-03 14:00:00+00:00,0.0,0.0,0.0,0.0,0.3094875812530517,0.0,0.0,0.0,0.0,0.0,0.2236315160989761,0.2913127541542053,0.0398407713685844,0.0562892191382249,0.0,0.0,0.0,0.0,night_lowlight,night_lowlight,0.0
2019-05-03 14:00:00+00:00,2019-05-03 14:15:00+00:00,0.0,0.0,0.0,0.0,0.3294914066791534,0.0,0.0,0.0,0.0,0.0,0.2946754992008209,0.3005630671977997,0.0398407713685844,0.0562892191382249,0.0,0.0,0.0,0.0,night_lowlight,night_lowlight,0.0
2019-05-03 14:15:00+00:00,2019-05-03 14:30:00+00:00,0.0,0.0,0.0,0.0,0.345541387796402,0.0,0.0,0.0,0.0,0.0,0.3389838933944702,0.3069838881492615,0.0398407713685844,0.0562892191382249,0.0,0.0,0.0,0.0,night_lowlight,night_lowlight,0.0
2019-05-03 14:30:00+00:00,2019-05-03 14:45:00+00:00,0.0,0.0,0.0,0.0,0.3565168976783752,0.0,0.0,0.0,0.0,0.0,0.38935187458992,0.3010908663272857,0.0398407713685844,0.0562892191382249,0.0,0.0,0.0,0.0,night_lowlight,night_lowlight,0.0
2019-05-03 14:45:00+00:00,2019-05-03 15:00:00+00:00,0.0,0.0,0.0,0.0,0.3688753545284271,0.0292620752006769,0.0,0.0,0.0,0.0,0.3850648999214172,0.3038754761219024,0.0398407713685844,0.0562892191382249,0.0,0.0,0.0,0.0,night_lowlight,night_lowlight,0.0
2019-05-03 15:00:00+00:00,2019-05-03 15:15:00+00:00,0.0,0.0,0.0,0.0,0.368628442287445,0.0764957889914512,0.0,0.0,0.0,0.0,0.4043802320957184,0.2817633152008056,0.0398407713685844,0.035276142550046,0.0152687830919934,0.0,0.0,0.0,night_lowlight,night_lowlight,0.0
2019-05-03 15:15:00+00:00,2019-05-03 15:30:00+00:00,0.0,0.0,0.0,0.0,0.3568141460418701,0.0817715525627136,0.0,0.0,0.0,0.0,0.3953536450862884,0.2799978852272033,0.0398407713685844,0.035276142550046,0.0152687830919934,0.0,0.0,0.0,night_lowlight,night_lowlight,0.0
2019-05-03 15:30:00+00:00,2019-05-03 15:45:00+00:00,0.0,0.0,0.0,0.0,0.3394795060157776,0.0994160249829292,0.0,0.0,0.0,0.0,0.3916211128234863,0.2801726460456848,0.0398407713685844,0.035276142550046,0.0152687830919934,0.0,0.0,0.0,night_lowlight,night_lowlight,0.0
2019-05-03 15:45:00+00:00,2019-05-03 16:00:00+00:00,0.0,0.0,0.0,0.0,0.372269332408905,0.0905595794320106,0.0,0.0,0.0,0.0,0.406584084033966,0.2730781435966491,0.0398407713685844,0.035276142550046,0.0152687830919934,0.0,0.0,0.0,night_lowlight,night_lowlight,0.0
2019-05-03 16:00:00+00:00,2019-05-03 16:15:00+00:00,0.0,0.0,0.0,0.0,0.3738991618156433,0.1426721066236496,0.0,0.0,0.0,0.0,0.4087855815887451,0.2798414528369903,0.0398407713685844,0.035276142550046,0.0152687830919934,0.0,0.0,0.0,night_lowlight,night_lowlight,0.0
2019-05-03 16:15:00+00:00,2019-05-03 16:30:00+00:00,0.0,0.0,0.0,0.0,0.3687884211540222,0.1856720298528671,0.0,0.0,0.0,0.0,0.398127794265747,0.2833271622657776,0.0427689573484726,0.035276142550046,0.0152687830919934,0.0,0.0,0.0,night_lowlight,night_lowlight,0.0
2019-05-03 16:30:00+00:00,2019-05-03 16:45:00+00:00,0.0,0.0,0.0,0.0,0.3700969517230987,0.1901136338710785,0.0,0.0,0.0,0.0,0.3690623044967651,0.2858365476131439,0.0398407713685844,0.035276142550046,0.0152687830919934,0.0,0.0,0.0,night_lowlight,night_lowlight,0.0
2019-05-03 16:45:00+00:00,2019-05-03 17:00:00+00:00,0.0,0.0,0.0,0.0,0.3512345254421234,0.2028923332691192,0.0,0.0,0.0,0.0,0.3716910481452942,0.2918577194213867,0.0398407713685844,0.035276142550046,0.0152687830919934,0.0,0.0,0.0,night_lowlight,night_lowlight,0.0
2019-05-03 17:00:00+00:00,2019-05-03 17:15:00+00:00,0.0,0.0,0.0,0.0,0.3826223611831665,0.1537133306264877,0.0,0.0,0.0,0.0,0.3328544497489929,0.2926765978336334,0.0398407713685844,0.1779776156108524,0.0,0.0,0.0,0.0,night_lowlight,night_lowlight,0.0
2019-05-03 17:15:00+00:00,2019-05-03 17:30:00+00:00,0.0,0.0,0.0,0.0,0.4235167801380157,0.1213469058275222,0.0,0.0,0.0,0.0,0.3275587558746338,0.313069999217987,0.0398407713685844,0.1779776156108524,0.0,0.0,0.0,0.0,night_lowlight,night_lowlight,0.0
2019-05-03 17:30:00+00:00,2019-05-03 17:45:00+00:00,0.0,0.0,0.0,0.0,0.4276449978351593,0.1713961213827133,0.0,0.0,0.0,0.0,0.373159795999527,0.3307274281978607,0.0398407713685844,0.1779776156108524,0.0,0.0,0.0,0.0,night_lowlight,night_lowlight,0.0
2019-05-03 17:45:00+00:00,2019-05-03 18:00:00+00:00,0.0,0.0,0.0,0.0,0.4116701185703277,0.2309470474720001,0.0,0.0,0.0086324559524655,0.0,0.4057026505470276,0.3532198071479797,0.0398407713685844,0.1779776156108524,0.0,0.0,0.0,0.0,night_lowlight,night_lowlight,0.0
2019-05-03 18:00:00+00:00,2019-05-03 18:15:00+00:00,0.0,0.0,0.0,0.0,0.393170565366745,0.2636190950870514,0.0,0.0,0.060852363705635,0.0,0.4187438488006592,0.3454080820083618,0.0398407713685844,0.1779776156108524,0.0,0.0,0.0,0.0,night_lowlight,night_lowlight,0.0
2019-05-03 18:15:00+00:00,2019-05-03 18:30:00+00:00,0.0,0.0,0.0,0.0,0.4329486191272735,0.252422571182251,0.0,0.0,0.0,0.0,0.3815812468528747,0.3685620725154876,0.0398407713685844,0.1779776156108524,0.0,0.0,0.0,0.0,night_lowlight,night_lowlight,0.0
2019-05-03 18:30:00+00:00,2019-05-03 18:45:00+00:00,0.0,0.0,0.0,0.0,0.4608307778835296,0.2615891396999359,0.0,0.0,0.0,0.0,0.3799355924129486,0.4012607336044311,0.0398407713685844,0.1779776156108524,0.0,0.0,0.0,0.0,night_lowlight,night_lowlight,0.0
2019-05-03 18:45:00+00:00,2019-05-03 19:00:00+00:00,0.0,0.0,0.0,0.0,0.4758570790290832,0.2722128331661224,0.0,0.0,0.0,0.0,0.3759255409240722,0.4423388242721557,0.0398407713685844,0.2022727879762141,0.0,0.0,0.0,0.0,night_lowlight,night_lowlight,0.0
2019-05-03 19:00:00+00:00,2019-05-03 19:15:00+00:00,0.0,0.0,0.0,0.0,0.4756411015987396,0.2388853877782821,0.0,0.0,0.0,0.0,0.3449406325817108,0.4935689568519592,0.0189113022750408,0.1779776156108524,0.0,0.0,0.0,0.0,night_lowlight,night_lowlight,0.0
2019-05-03 19:15:00+00:00,2019-05-03 19:30:00+00:00,0.0,0.0,0.0,0.0,0.4944530129432678,0.263861745595932,0.0,0.0,0.0865780562162399,0.0,0.3508631885051727,0.5360410213470459,0.0189113022750408,0.1779776156108524,0.0,0.0172470994293689,0.0,0.0,night_lowlight,night_lowlight,0.0
2019-05-03 19:30:00+00:00,2019-05-03 19:45:00+00:00,0.0,0.0,0.0,0.0,0.4916055202484131,0.2977861762046814,0.0,0.0,0.0892136022448539,0.0,0.3384139239788055,0.5714802742004395,0.0398407713685844,0.2729926977841456,0.0,0.0229441169649362,0.0,0.0533604435622692,night_lowlight,night_lowlight,0.0
2019-05-03 19:45:00+00:00,2019-05-03 20:00:00+00:00,0.0,0.0,0.0,0.0,0.4618964195251465,0.3276269733905792,0.0,0.0,0.1052019521594047,0.0,0.3705829977989197,0.5970802307128906,0.0189113022750408,0.0584494036558489,0.0,0.0116060031577944,0.0,0.1203832477331161,night_lowlight,night_lowlight,0.0
2019-05-03 20:00:00+00:00,2019-05-03 20:15:00+00:00,0.0,0.0,0.0,0.0,0.479357361793518,0.3810779154300689,0.0,0.0,0.1935356110334396,0.0,0.3652282357215881,0.6562542915344238,0.0189113022750408,0.0584494036558489,0.0,0.0289632584899663,0.0,0.1825834512710571,night_lowlight,night_lowlight,0.0
2019-05-03 20:15:00+00:00,2019-05-03 20:30:00+00:00,0.0,0.0,0.0,0.0029259654693305,0.5063298940658569,0.4516785740852356,0.0044050719588994,0.0,0.3427987396717071,0.0,0.3744030296802521,0.7210741639137268,0.0189113022750408,0.1779776156108524,0.0,0.065117061138153,0.0,0.2282245308160781,night_lowlight,night_lowlight,0.0
2019-05-03 20:30:00+00:00,2019-05-03 20:45:00+00:00,0.0,0.0,0.0,0.0211375094950199,0.482134610414505,0.5038560628890991,0.0,0.0,0.3862892091274261,0.0,0.3817225694656372,0.7433955669403076,0.0189113022750408,0.0584494036558489,0.0,0.0658735409379005,0.0,0.2834464013576507,night_lowlight,night_lowlight,0.0
2019-05-03 20:45:00+00:00,2019-05-03 21:00:00+00:00,0.0,0.0,0.0,0.0732851922512054,0.4654554426670074,0.5859159231185913,0.0,0.0,0.4791015684604645,0.0,0.425755113363266,0.7664817571640015,0.0189113022750408,0.1779776156108524,0.0299040498572038,0.0745939761400222,0.0,0.3576469123363495,night_lowlight,night_lowlight,0.0
2019-05-03 21:00:00+00:00,2019-05-03 21:15:00+00:00,0.0,0.0,0.0,0.1093008294701576,0.4989792108535766,0.6633499264717102,0.0,0.0,0.5350332856178284,0.0,0.4327640533447265,0.8212819695472717,0.0189113022750408,0.0584494036558489,0.0,0.1158764734864234,0.0,0.4417213797569275,night_lowlight,night_lowlight,0.0
2019-05-03 21:15:00+00:00,2019-05-03 21:30:00+00:00,0.002912,0.0,0.0,0.2016169428825378,0.5445634722709656,0.7411044836044312,0.0775810331106185,0.0681619122624397,0.6339864730834961,0.0321333035826683,0.4294482767581939,0.8931264877319336,0.0189113022750408,0.2729926977841456,0.0,0.1780504435300827,0.0,0.4810716509819031,night_lowlight,night_lowlight,0.002912
2019-05-03 21:30:00+00:00,2019-05-03 21:45:00+00:00,0.251091,10.0,0.002912,0.2661149950618744,0.5942875893707276,0.7935939581985474,0.0756093190903663,0.0948948116893768,0.7138770373458863,0.0440280960793495,0.4701368661518097,0.9254506381149292,0.0189113022750408,0.0584494036558489,0.0,0.2046078892345428,0.0,0.5643023403282166,night_lowlight,night_lowlight,0.248179
2019-05-03 21:45:00+00:00,2019-05-03 22:00:00+00:00,0.711771,23.0,0.251091,0.5864381457958221,0.894017275730133,1.1179933513793945,0.3745012174639702,0.3873495723400116,1.0481128062400815,0.3360855396184921,0.7670003737602233,1.2151423062477111,0.3364307748718705,0.2650810871862238,0.4243206019171909,0.4975086565408707,0.2627700374740958,0.9042554463539124,day_low,day_stable,0.46068000000000003
2019-05-03 22:00:00+00:00,2019-05-03 22:15:00+00:00,1.983516,65.0,0.711771,1.1632495110950472,1.4119590407333376,1.6671044116935732,0.9706495588741304,0.9174355900011064,1.6874491458854677,0.9253314768991472,1.3037938362083437,1.7374545222244264,0.644033720799723,0.7445862208461407,0.8090277839602049,1.023470688434601,0.7440816609284878,1.5026509052238466,day_low,day_stable,1.2717450000000001
2019-05-03 22:15:00+00:00,2019-05-03 22:30:00+00:00,2.414398,90.0,1.983516,2.6377044541511534,2.806619308677673,3.0729339344177244,2.406345747200012,2.277757338968277,3.14978637525177,2.3547709805641173,2.626615248409271,3.104387305465698,1.8725463589996256,1.973796951673714,2.047131903369039,2.3982741458091734,2.0604277474555968,2.942298613277435,day_low,day_stable,0.43088199999999977
2019-05-03 22:30:00+00:00,2019-05-03 22:45:00+00:00,3.199656,117.0,2.414398,3.297386154888153,3.407904848812103,3.726065680740356,2.954420075176239,2.773011461256027,3.688437626121521,2.959045753238678,3.1407052729110716,3.5984451029281614,2.090665544037557,2.118733156651062,2.266241855089043,2.9061179611663817,2.547472223995209,3.5370984528045653,day_low,day_stable,0.7852580000000002
2019-05-03 22:45:00+00:00,2019-05-03 23:00:00+00:00,4.3552029999999995,164.0,3.199656,4.254571547370911,4.295251359802246,4.733752121788025,3.76475780234909,3.576642473798752,4.587014784675598,3.8005596898612977,3.915172269207001,4.43240689263916,4.714361377165301,4.915829690576126,4.792188312462518,3.743235876422882,3.381426697236061,4.438674797874451,day_low,day_stable,1.1555469999999994
2019-05-03 23:00:00+00:00,2019-05-03 23:15:00+00:00,5.768,215.0,4.3552029999999995,5.546281662872314,5.531676975181579,6.0005248460083,5.087439802577972,4.903913227012634,5.908543554237365,5.134717193534851,5.191325870445251,5.646383610656738,5.772732223147699,6.248937252547093,6.005968169073315,5.008810726097106,4.633706596782684,5.801363554885864,day_low,day_stable,1.4127970000000003
2019-05-03 23:15:00+00:00,2019-05-03 23:30:00+00:00,7.16975,260.0,5.768,7.1907476119995115,7.179276578903198,7.524995677947998,6.667979710578918,6.467063301086426,7.447171800613403,6.761909060955047,6.811529629707336,7.122393720626831,7.115275654431879,7.066598792302603,6.8787010824665415,6.509189837455749,6.142473810195923,7.42262863445282,day_low,day_stable,1.4017499999999998
2019-05-03 23:30:00+00:00,2019-05-03 23:45:00+00:00,8.358657000000001,296.0,7.16975,8.63117578125,8.725887561798096,8.902197862625123,8.105925763607026,7.922385478973388,8.739166046142579,8.151470387935639,8.216880823135376,8.567344451904297,8.836319586569141,8.644818925696736,8.080233803849893,7.967300439834594,7.613074983119964,8.976438904762269,day_medium,day_stable,1.1889070000000013
2019-05-03 23:45:00+00:00,2019-05-04 00:00:00+00:00,11.28466,387.0,8.358657000000001,9.986147162849427,10.09940647834015,10.193256494934085,9.358434376651765,9.17858630173874,9.8883680080719,9.377686140472411,9.524531004364016,9.811107633049012,10.62450452162389,10.237528858722518,9.937915697330828,9.191415009433747,8.8578684007473,10.338665363723756,day_medium,day_stable,2.9260029999999997
2019-05-04 00:00:00+00:00,2019-05-04 00:15:00+00:00,12.76056,434.0,11.28466,12.692477721366885,12.87873639503479,12.92059065738678,12.541932720336916,12.495196122322085,13.310435194168091,12.626838106307984,12.578501600418091,12.81230368057251,13.17498579171524,12.880141696607849,12.75326132765245,12.229989606533051,11.825602311286929,13.377639669570923,day_medium,day_stable,1.4758999999999993
2019-05-04 00:15:00+00:00,2019-05-04 00:30:00+00:00,10.07519,309.0,12.76056,14.211988413391111,14.369195067939758,14.429010117111206,14.109877193031313,14.09292002922058,14.863684141693115,14.176577413139343,14.153691971359253,14.319577658233642,14.784386081791174,14.685447594550782,14.474804998887354,13.772486412582396,13.330847644863129,14.9352323651886,day_medium,day_stable,-2.6853700000000007
2019-05-04 00:30:00+00:00,2019-05-04 00:45:00+00:00,16.12669,531.0,10.07519,12.56300681060791,12.228958062591552,12.859786681594848,11.683674625816344,11.873871139945985,12.789323501052856,11.90542703098297,11.828666500511169,11.654611162605285,11.883575576291612,11.885939731390176,11.186603609130428,11.111581139030456,10.63961505121231,12.413283757629394,day_medium,day_ramp_up,6.051500000000001
2019-05-04 00:45:00+00:00,2019-05-04 01:00:00+00:00,17.294809,567.0,16.12669,17.086049169006348,17.6285370287323,17.588331430854797,17.051653057041168,17.029558449687958,17.959163039627075,17.21944758266449,17.275121301116943,17.61841854423523,16.936097359469887,16.52665747711333,16.45131614024381,17.139002173843384,16.629841893615723,18.28450331062317,day_medium,day_stable,1.1681190000000008
2019-05-04 01:00:00+00:00,2019-05-04 01:15:00+00:00,18.61125,607.0,17.294809,18.54938401411438,18.78447820375824,18.949067966445924,18.44112087915802,18.87545241545105,19.62084902952576,18.492252008422852,18.68190755079651,18.630867139801023,19.313236065490074,19.278340746733814,18.48407991257081,18.398126737579343,17.772490815624238,19.293101207717896,day_medium,day_stable,1.3164409999999975
2019-05-04 01:15:00+00:00,2019-05-04 01:30:00+00:00,19.918501000000003,645.0,18.61125,19.861344056129457,20.071539478302,20.12104948043823,19.53091164112091,19.93004377365112,20.832907037734984,19.670338945388792,19.691103892326353,19.835332112312315,20.10290240003148,20.316219951098688,19.593246039297213,19.651987390518187,19.00009851336479,20.425874071121218,day_medium,day_stable,1.3072510000000044
2019-05-04 01:30:00+00:00,2019-05-04 01:45:00+00:00,21.314131,691.0,19.918501000000003,21.78700528581238,21.632091621948245,21.722969631744387,20.831512610507968,21.234800557685855,21.979695419860843,20.72793934781647,21.12268541295624,20.88576612908936,21.62227291979811,21.87213835480535,20.29714230736739,21.02047286470032,20.29563818414307,21.681684116912844,day_high,day_stable,1.395629999999997
2019-05-04 01:45:00+00:00,2019-05-04 02:00:00+00:00,22.4105,730.0,21.314131,22.69126293893433,23.03986857171631,22.684541680770874,21.764947839933395,21.996616282421112,23.00992069478607,21.90967134471512,22.034122266727447,22.143240489917755,22.78616021711375,21.959022008710388,19.73525942425981,22.294318475681305,21.561646469789505,22.954319336372375,day_high,day_stable,1.0963689999999993
2019-05-04 02:00:00+00:00,2019-05-04 02:15:00+00:00,23.548,772.0,22.4105,23.3950455288887,23.504585693359378,23.25130123901367,23.03775406885147,23.369371901035308,24.380473921775817,23.137241075515742,23.272929857254027,23.037295172691344,22.21734845572047,22.72251025054687,21.917228023586524,23.441637347221373,22.626106465935703,23.966346214294433,day_high,day_stable,1.1374999999999993
2019-05-04 02:15:00+00:00,2019-05-04 02:30:00+00:00,24.528879,808.0,23.548,24.350289962768553,24.70914592552185,24.008486471652983,24.145142219543455,24.537848136901857,25.60697569656372,24.058227680206297,24.5575534324646,23.96107935118675,24.521012502682854,24.47864911543251,23.50883411344344,24.615458391189573,23.7722094874382,24.996704123497008,day_high,day_stable,0.9808790000000016
2019-05-04 02:30:00+00:00,2019-05-04 02:45:00+00:00,23.81138,769.0,24.528879,25.668085528663635,26.09765191202545,25.136061323932648,25.346848858646393,25.322096539787292,26.71042568807983,25.321913374713898,25.519284440330505,24.735946757844925,25.478706366790693,23.532793422184653,23.69599684274333,25.45500625496292,24.663073180369377,25.97125334864044,day_high,day_stable,-0.7174990000000001
2019-05-04 02:45:00+00:00,2019-05-04 03:00:00+00:00,25.87331,854.0,23.81138,24.761102290039062,24.84904167163849,24.223862380867004,24.03472866225719,24.324536294822693,25.314448208694458,24.29911181438446,24.437541456108093,23.842550662492513,25.08400913486373,23.89964202856718,24.304660454228785,24.578513116722107,23.85421095523715,25.150356621627807,day_high,day_stable,2.0619300000000003
2019-05-04 03:00:00+00:00,2019-05-04 03:15:00+00:00,24.528879,886.0,25.87331,26.08128137916088,26.379389494953156,25.218817085323337,26.169646352825165,25.80704852968216,27.28312101989746,26.2510597112751,26.2160751822567,25.676986083683968,26.234553658021184,24.96485338593215,25.520290523047255,26.55061075120926,25.88110948709533,27.073562890586853,day_high,day_stable,-1.3444310000000002
2019-05-04 03:15:00+00:00,2019-05-04 03:30:00+00:00,26.988939,908.0,24.528879,24.486671416214943,25.059125019363403,24.07785133843803,24.49021177565241,24.743514610580444,26.15012390737915,24.717996208123207,24.864096893123627,24.238304032138824,25.40837673433935,24.690244974976192,24.799527500705107,24.957791609815597,24.43899791514063,25.687871290496822,day_high,day_stable,2.4600599999999986
2019-05-04 03:30:00+00:00,2019-05-04 03:45:00+00:00,27.249689,902.0,26.988939,27.091713292230605,27.31040189944649,26.369201970924376,26.65173573576355,26.711018813480376,27.938763154376986,26.900117357899187,27.04845655866408,26.49366907559776,27.341689045459653,26.080779991721386,26.15105665950801,27.22319854580307,26.76210078381443,28.07892556272888,day_high,day_stable,0.2607500000000016
2019-05-04 03:45:00+00:00,2019-05-04 04:00:00+00:00,27.39625,912.0,27.249689,26.89031501327896,27.25727608966896,26.348907785762787,26.516329305519104,26.5720949343338,27.75131447826767,26.740423815597534,27.107162865151405,26.553932981838223,27.76192557768555,26.7105110485269,27.150523811142644,27.328133875776768,26.898401813854218,28.17507393871689,day_high,day_stable,0.1465609999999984
2019-05-04 04:00:00+00:00,2019-05-04 04:15:00+00:00,27.28688,908.0,27.39625,27.18134736061096,27.60941036581993,26.65838777065277,27.369441099241374,26.73425989389419,28.304775109291075,27.45477263048291,27.36205772101879,26.454943468570708,27.680922827854783,26.181401014161192,26.58688503287365,27.29737084150314,26.94461240410805,28.165408899784087,day_high,day_stable,-0.10936999999999841
2019-05-04 04:15:00+00:00,2019-05-04 04:30:00+00:00,27.405439,901.0,27.28688,26.54723302877426,26.988102449541092,26.067468150024418,26.743940515880585,26.52594570672989,27.81829897916794,26.79891715801239,27.15091153836727,26.151479466323853,27.6645553850569,26.90134580751031,26.78116845346736,26.944380982284542,26.715430958633423,27.79654376066208,day_high,day_stable,0.11855900000000119
2019-05-04 04:30:00+00:00,2019-05-04 04:45:00+00:00,27.33806,893.0,27.405439,26.39733765589142,26.749952297080995,25.926639060844423,26.19481227861786,26.235012750495912,27.44324934052372,26.432163994182588,26.841741065849305,26.196729998458864,27.617750579852533,26.684905921602173,26.59025344816652,26.770876626838685,26.677179794181825,27.67564211355591,day_high,day_stable,-0.06737900000000252
2019-05-04 04:45:00+00:00,2019-05-04 05:00:00+00:00,27.160879,865.0,27.33806,26.779686727581023,26.87632794028282,26.125011422691344,26.441350319442748,26.27320561653137,27.483299278674124,26.44017020708084,26.90175599699974,25.96992204433441,27.217723866567233,26.36033055537104,26.773912603406306,26.58502284532547,26.486311593112944,27.579915904459952,day_high,day_stable,-0.17718099999999737
2019-05-04 05:00:00+00:00,2019-05-04 05:15:00+00:00,26.645059999999997,855.0,27.160879,26.121670230201723,26.39070354299927,25.55020926790619,26.33014754848862,25.848024829200742,26.899942918590547,26.05291090803528,26.511873348526,25.61701856451416,26.723124996607545,25.61177977022005,25.741482318952578,26.296593113712312,26.188706620506288,27.18796262415433,day_high,day_stable,-0.515819000000004
2019-05-04 05:15:00+00:00,2019-05-04 05:30:00+00:00,26.631941,837.0,26.645059999999997,25.741898891506192,25.867858168659208,25.126798328933713,25.61654013114929,25.54213589149475,26.572547365901467,25.4373111100769,26.0624508829689,25.054325160560605,26.4343169489818,25.559261810471533,25.836847065698624,25.593730864105225,25.59321337657928,26.608355236229897,day_high,day_stable,-0.013118999999996106
2019-05-04 05:30:00+00:00,2019-05-04 05:45:00+00:00,26.030379999999997,819.0,26.631941,25.796444395557405,25.944560030475618,25.32094565965271,25.701097229496003,25.224385896698,26.371621886268617,25.41316954232788,25.98941735364533,24.9751068744812,26.165211488481344,25.538617537338773,25.428801987134644,25.43128637410736,25.42749981023407,26.584629064426185,day_high,day_stable,-0.6015610000000038
2019-05-04 05:45:00+00:00,2019-05-04 06:00:00+00:00,25.08713,767.0,26.030379999999997,24.67005394828796,24.887510050659177,24.32871614826202,24.600692619209287,24.473176826362607,25.530876476888658,24.457199443702695,25.10804968011856,24.354314912681577,24.84847725284536,24.24197525248455,24.05345506808721,24.65714906585693,24.706079591636655,25.871739227895738,day_high,day_stable,-0.943249999999999
2019-05-04 06:00:00+00:00,2019-05-04 06:15:00+00:00,24.153060999999997,739.0,25.08713,24.013685037498472,24.13489269197464,23.66585998714447,23.694883872871397,23.44871084869385,24.483723153476713,23.56739907444,24.14241551340103,23.36467986286163,23.796179926596007,22.65836331567087,23.289906311847528,23.66205113113403,23.66678004444122,24.930777122383116,day_high,day_stable,-0.9340690000000009
2019-05-04 06:15:00+00:00,2019-05-04 06:30:00+00:00,23.307369,696.0,24.153060999999997,22.800527778755185,23.36097398151016,22.78510269273376,23.028299895416257,22.31138798345184,23.604555276523588,22.67092796910858,23.296123233924863,22.36665388692474,21.81520540331135,20.7441497615305,21.409561765524337,22.717771378646848,22.66566440213775,24.012862352024076,day_high,day_stable,-0.8456919999999961
2019-05-04 06:30:00+00:00,2019-05-04 06:45:00+00:00,21.80106,655.0,23.307369,21.754816180747987,22.201560265106203,21.56332386164093,22.093047625106813,21.442196613830568,22.67266202597046,21.686581737083436,22.442350513023374,21.465345746559144,21.38678223063403,19.936135447056927,20.296902329518648,21.85948253302002,21.799052006286622,23.089966959041597,day_medium,day_stable,-1.5063090000000017
2019-05-04 06:45:00+00:00,2019-05-04 07:00:00+00:00,20.11319,592.0,21.80106,20.2555277734375,20.671632090148925,20.071820536193847,20.540433683929443,19.90653089576721,21.368133464393615,20.16747263961792,20.986457326946255,19.956252494392395,20.791258736448302,19.020929070245487,19.64056113139488,20.27560798221588,20.27278689437866,21.548964241085052,day_medium,day_stable,-1.6878700000000002
2019-05-04 07:00:00+00:00,2019-05-04 07:15:00+00:00,19.10475,584.0,20.11319,18.572328751029968,19.09525293582916,18.475124185028076,18.27926689857483,17.342720334472656,18.646821563186645,18.239000980796813,18.81971008056641,18.274344508590698,18.642648780980576,17.461972513789142,17.36619577177321,18.5287458347702,18.556610886993408,19.662885402383804,day_medium,day_stable,-1.0084400000000002
2019-05-04 07:15:00+00:00,2019-05-04 07:30:00+00:00,17.573059,533.0,19.10475,16.941740118026733,17.31426473712921,16.63555916404724,16.68859895324707,16.219434343338012,17.215586267471313,16.779085718154906,17.37435515975952,17.279845081329345,16.8401664008663,16.225821183887913,16.041077831943603,17.516653381347655,17.547279320716857,18.386932455062865,day_medium,day_stable,-1.5316909999999986
2019-05-04 07:30:00+00:00,2019-05-04 07:45:00+00:00,15.80688,473.0,17.573059,15.996360219940186,16.564807690605164,15.73593024156952,15.75995937727356,14.806002296432496,16.291726030334473,15.5600875987854,16.25011447809601,15.78050950907135,16.515840475252528,14.75160030079249,15.28654007523831,15.976545371040343,16.053157366737366,16.875781692489625,day_medium,day_stable,-1.766179000000001
2019-05-04 07:45:00+00:00,2019-05-04 08:00:00+00:00,15.02025,446.0,15.80688,14.006283524398803,14.610831501846311,13.904792669181823,14.041598322753906,13.350162747268676,14.694122317199708,13.81709420955658,14.610285284881591,14.061661007766723,13.824004727765512,12.924564041486756,13.336754646122852,14.223849895362854,14.309537294273376,15.087995591526033,day_medium,day_stable,-0.7866299999999988
2019-05-04 08:00:00+00:00,2019-05-04 08:15:00+00:00,9.641407,291.0,15.02025,12.73770491027832,13.459365643501284,12.689368642807008,12.979835428237916,12.419585861206055,13.752819217681886,12.946683086395264,13.737186707496644,13.357593096733094,13.612264829702816,12.280567793153436,12.82421258997068,13.47040037059784,13.542579688072204,14.205352462768555,day_low,day_ramp_down,-5.378843000000002
2019-05-04 08:15:00+00:00,2019-05-04 08:30:00+00:00,5.695375,167.0,9.641407,8.45621536868286,9.08596788542938,8.432766543800353,8.57860432761383,7.923364030296325,9.464501561696052,8.327630626136779,9.168718414480209,8.083063827926635,8.88511114446092,7.706998303663444,7.95772122800745,8.24656497138214,8.259019838745116,9.011371241981506,day_low,day_ramp_down,-3.946031999999999
2019-05-04 08:30:00+00:00,2019-05-04 08:45:00+00:00,4.58336,134.0,5.695375,4.662251268386841,5.457562644839287,4.963510249614716,5.09609875535965,4.904717479705811,6.290162776470185,4.924907837867737,5.862481211185456,4.295678053855896,5.987419741133842,5.112655578334067,4.942448062748273,4.4754222974777225,4.416369234085083,5.23194453573227,day_low,day_stable,-1.1120150000000004
2019-05-04 08:45:00+00:00,2019-05-04 09:00:00+00:00,3.1100779999999997,92.0,4.58336,3.667471511707306,4.52125167329669,3.9357575014686583,4.395923255429268,3.9602684215164183,5.534363849506378,4.304671748027801,5.138115091667175,3.3190904096221923,4.5370719779353195,3.982828870846731,4.484727223836458,3.465744419441223,3.3670881227111815,4.198691053733826,day_low,day_stable,-1.4732820000000002
2019-05-04 09:00:00+00:00,2019-05-04 09:15:00+00:00,3.792469,110.0,3.1100779999999997,1.7380472649841303,2.7787553300170895,2.1899199713973996,2.2969806422500607,2.243741713932037,3.0397535120158192,2.23685064213562,3.2052439530401227,2.0343629349975583,2.287791759643179,2.0991369710988588,2.3108165888347267,2.214337371757507,1.9836708535461425,2.52400370734024,day_low,day_stable,0.6823910000000004
2019-05-04 09:15:00+00:00,2019-05-04 09:30:00+00:00,3.267305,96.0,3.792469,2.0183647624435426,3.138335620540619,2.5182803622665406,2.722095226425171,2.7234608880462647,3.364010726589203,2.6525964490356446,3.670735140818596,2.8880892745437623,2.588550596675565,2.4726385255261887,2.354209462767846,3.095872913974762,2.7893495313110352,3.0890201679649354,day_low,day_stable,-0.5251640000000002
2019-05-04 09:30:00+00:00,2019-05-04 09:45:00+00:00,1.511699,46.0,3.267305,1.7271368338394164,2.6723391248512267,2.130628211669922,2.3163516952323913,2.2081557347106933,2.8871332837867736,2.2198723389434813,3.074783457689285,2.5323423578071593,1.928185510494382,2.15701978150994,1.9270282631502011,2.7471011711883544,2.391268415622711,2.619313521556854,day_low,day_stable,-1.755606
2019-05-04 09:45:00+00:00,2019-05-04 10:00:00+00:00,1.0393629999999998,34.0,1.511699,0.2893315941085814,1.1412871271362304,0.8495858103027343,0.7825789242973327,0.8241282492866515,1.5014479296272396,0.6659837752571105,1.4750119388093947,0.9315773040046692,0.7779922879986473,0.9174212032042574,0.6989045104123589,1.1109633535137176,0.7603815585365294,0.96497789919281,day_low,day_stable,-0.4723360000000001
2019-05-04 10:00:00+00:00,2019-05-04 10:15:00+00:00,0.54291,19.0,1.0393629999999998,0.0,0.8106896909122465,0.586283448541641,0.2358129950408933,0.475341829860687,0.6157142551784514,0.4184546204452513,0.9843924859707354,0.6985040040855406,0.6456075303881794,0.8236813855806416,0.5986181256812321,0.7830251785163878,0.4204903574829099,0.529195282066345,night_lowlight,night_lowlight,-0.4964529999999998
2019-05-04 10:15:00+00:00,2019-05-04 10:30:00+00:00,0.320558,12.0,0.54291,0.0,0.5522571482396126,0.386120443854332,0.0,0.1849347852802276,0.4524719991421699,0.1089233063793182,0.8341922663784027,0.3435746484136581,0.0964705485973795,0.1777675090690512,0.0892372408294457,0.3716745131349563,0.0027781330680847,0.0708598696327209,night_lowlight,night_lowlight,-0.222352
2019-05-04 10:30:00+00:00,2019-05-04 10:45:00+00:00,0.335412,12.0,0.320558,0.0,0.4454752538518906,0.2530584741549492,0.0,0.1131667826490402,0.4420091916041374,0.0,0.7392332736568451,0.203778411837101,0.0838995147240561,0.1035047300826341,0.0380366854768961,0.1958723474459648,0.0,0.0,night_lowlight,night_lowlight,0.014853999999999978
2019-05-04 10:45:00+00:00,2019-05-04 11:00:00+00:00,0.057239,4.0,0.335412,0.0,0.5065816237325669,0.2939967482085228,0.0,0.2186194329257011,0.602419201910019,0.0702298923130035,0.824979369222641,0.250994850575447,0.0733672594425881,0.039799068221195,0.0240159784085365,0.2393467246289253,0.0,0.0,night_lowlight,night_lowlight,-0.278173
2019-05-04 11:00:00+00:00,2019-05-04 11:15:00+00:00,0.0,0.0,0.057239,0.0,0.2908968518152237,0.0937058481051921,0.0,0.0,0.1816662962212562,0.0,0.5826343337669373,0.0506969101391136,0.073526239721371,0.0432502376890932,0.0728982622420042,0.0097557196989059,0.0,0.0,night_lowlight,night_lowlight,-0.057239
2019-05-04 11:15:00+00:00,2019-05-04 11:30:00+00:00,0.0,0.0,0.0,0.0,0.2301056981086731,0.0,0.0,0.0,0.0136018404737114,0.0,0.3822245299816131,0.0163387097418308,0.0232967660106312,0.025453323411819,0.0091434056761119,0.0,0.0,0.0,night_lowlight,night_lowlight,0.0
2019-05-04 11:30:00+00:00,2019-05-04 11:45:00+00:00,0.0,0.0,0.0,0.0,0.2577039897441864,0.0,0.0,0.0,0.0007874469738453,0.0,0.3387579619884491,0.0303672570735216,0.0196546186786232,0.1284997541849428,0.0191465633403239,0.0,0.0,0.0,night_lowlight,night_lowlight,0.0
2019-05-04 11:45:00+00:00,2019-05-04 12:00:00+00:00,0.0,0.0,0.0,0.0,0.2767354547977447,0.0,0.0,0.0,0.0,0.0,0.2989630401134491,0.0516893900930881,0.0489420302480081,0.1140879686514397,0.0076935678632852,0.0,0.0,0.0,night_lowlight,night_lowlight,0.0
2019-05-04 12:00:00+00:00,2019-05-04 12:15:00+00:00,0.0,0.0,0.0,0.0,0.3060166239738464,0.0031757233664393,0.0,0.0,0.0144170271232724,0.0,0.3435902893543243,0.1225212514400482,0.0301986963718385,0.1140879686514397,0.0,0.0052544395439326,0.0,0.0,night_lowlight,night_lowlight,0.0
2019-05-04 12:15:00+00:00,2019-05-04 12:30:00+00:00,0.0,0.0,0.0,0.0,0.3087293207645416,0.0,0.0,0.0,0.0,0.0,0.264770358800888,0.1845081001520156,0.0301986963718385,0.1707292536663543,0.0,0.0176819115877151,0.0,0.0,night_lowlight,night_lowlight,0.0
2019-05-04 12:30:00+00:00,2019-05-04 12:45:00+00:00,0.0,0.0,0.0,0.0,0.3245722353458404,0.0,0.0,0.0,0.0,0.0,0.3150278627872467,0.1797037124633789,0.0301986963718385,0.2242666724830031,0.0,0.0221730805933475,0.0,0.0,night_lowlight,night_lowlight,0.0
2019-05-04 12:45:00+00:00,2019-05-04 13:00:00+00:00,0.0,0.0,0.0,0.0,0.3461172580718994,0.0,0.0,0.0,0.0,0.0,0.3185821175575256,0.1833835840225219,0.0301986963718385,0.2242666724830031,0.0,0.0195581093430519,0.0,0.0,night_lowlight,night_lowlight,0.0
2019-05-04 13:00:00+00:00,2019-05-04 13:15:00+00:00,0.0,0.0,0.0,0.0,0.3625527024269104,0.0,0.0,0.0,0.0,0.0,0.3661539256572723,0.1734198331832885,0.0301986963718385,0.2242666724830031,0.0,0.0063129551708698,0.0,0.0,night_lowlight,night_lowlight,0.0
2019-05-04 13:15:00+00:00,2019-05-04 13:30:00+00:00,0.0,0.0,0.0,0.0,0.3706719279289245,0.0,0.0,0.0,0.0,0.0,0.3610540628433227,0.1963208317756652,0.0301986963718385,0.1779776156108524,0.0,0.0,0.0,0.0,night_lowlight,night_lowlight,0.0
2019-05-04 13:30:00+00:00,2019-05-04 13:45:00+00:00,0.0,0.0,0.0,0.0,0.3885590434074402,0.0,0.0,0.0,0.0,0.0,0.3519364893436432,0.2302303314208984,0.0301986963718385,0.1779776156108524,0.0,0.0,0.0,0.0,night_lowlight,night_lowlight,0.0
2019-05-04 13:45:00+00:00,2019-05-04 14:00:00+00:00,0.0,0.0,0.0,0.0,0.4168256223201751,0.0,0.0,0.0,0.0,0.0,0.3249301314353943,0.257084310054779,0.0301986963718385,0.1779776156108524,0.0,0.0061013321392238,0.0,0.0,night_lowlight,night_lowlight,0.0
2019-05-04 14:00:00+00:00,2019-05-04 14:15:00+00:00,0.0,0.0,0.0,0.0,0.4313808977603912,0.0,0.0,0.0,0.0,0.0,0.4368228316307068,0.1994645744562149,0.0301986963718385,0.1779776156108524,0.0,0.0,0.0,0.0,night_lowlight,night_lowlight,0.0
2019-05-04 14:15:00+00:00,2019-05-04 14:30:00+00:00,0.0,0.0,0.0,0.0,0.452894389629364,0.0,0.0,0.0,0.0,0.0,0.4067277610301971,0.2177959382534027,0.0301986963718385,0.1779776156108524,0.0,0.0,0.0,0.0,night_lowlight,night_lowlight,0.0
2019-05-04 14:30:00+00:00,2019-05-04 14:45:00+00:00,0.0,0.0,0.0,0.0,0.4614246785640716,0.0106458943337202,0.0,0.0,0.0,0.0,0.4331301748752594,0.2143061012029647,0.0398407713685844,0.1779776156108524,0.0,0.0,0.0,0.0,night_lowlight,night_lowlight,0.0
2019-05-04 14:45:00+00:00,2019-05-04 15:00:00+00:00,0.0,0.0,0.0,0.0,0.4704443514347076,0.0,0.0,0.0,0.0,0.0,0.3755958974361419,0.2304123193025589,0.0398407713685844,0.1779776156108524,0.0,0.0,0.0,0.0,night_lowlight,night_lowlight,0.0
2019-05-04 15:00:00+00:00,2019-05-04 15:15:00+00:00,0.0,0.0,0.0,0.0,0.4386026561260223,0.0,0.0,0.0,0.0,0.0,0.3213487565517425,0.1954711228609085,0.0,0.0584494036558489,0.0,0.0,0.0,0.0,night_lowlight,night_lowlight,0.0
2019-05-04 15:15:00+00:00,2019-05-04 15:30:00+00:00,0.0,0.0,0.0,0.0,0.408964991569519,0.0,0.0,0.0,0.0,0.0,0.3082877993583679,0.216475024819374,0.0398407713685844,0.2729926977841456,0.085944234165528,0.0,0.0,0.0,night_lowlight,night_lowlight,0.0
2019-05-04 15:30:00+00:00,2019-05-04 15:45:00+00:00,0.0,0.0,0.0,0.0,0.4608913064002991,0.0,0.0,0.0,0.0,0.0,0.2263810634613037,0.2670672535896301,0.0,0.0584494036558489,0.0128117784835008,0.0,0.0,0.0,night_lowlight,night_lowlight,0.0
2019-05-04 15:45:00+00:00,2019-05-04 16:00:00+00:00,0.0,0.0,0.0,0.0,0.552833616733551,0.016022402793169,0.0,0.0,0.0,0.0,0.252881109714508,0.3201982975006103,0.0398407713685844,0.1779776156108524,0.0128117784835008,0.0,0.0,0.0,night_lowlight,night_lowlight,0.0
2019-05-04 16:00:00+00:00,2019-05-04 16:15:00+00:00,0.0,0.0,0.0,0.0,0.5567967295646667,0.0183052476495504,0.0,0.0,0.0,0.0,0.1622573435306549,0.3446373045444488,0.0398407713685844,0.1779776156108524,0.0128117784835008,0.0,0.0,0.0,night_lowlight,night_lowlight,0.0
2019-05-04 16:15:00+00:00,2019-05-04 16:30:00+00:00,0.0,0.0,0.0,0.0,0.5698245763778687,0.046970896422863,0.0,0.0,0.0,0.0,0.1200654730200767,0.3677343428134918,0.0398407713685844,0.1779776156108524,0.0128117784835008,0.0,0.0,0.0,night_lowlight,night_lowlight,0.0
2019-05-04 16:30:00+00:00,2019-05-04 16:45:00+00:00,0.0,0.0,0.0,0.0,0.5361090898513794,0.0316788218915462,0.0,0.0,0.0,0.0,0.0948433950543403,0.3721916377544403,0.0,0.0584494036558489,0.0128117784835008,0.0,0.0,0.0,night_lowlight,night_lowlight,0.0
2019-05-04 16:45:00+00:00,2019-05-04 17:00:00+00:00,0.0,0.0,0.0,0.0,0.5064525008201599,0.0514768250286579,0.0,0.0,0.0,0.0,0.1168276742100715,0.3899925053119659,0.0,0.0584494036558489,0.0128117784835008,0.0,0.0,0.0,night_lowlight,night_lowlight,0.0
2019-05-04 17:00:00+00:00,2019-05-04 17:15:00+00:00,0.0,0.0,0.0,0.0,0.4827624857425689,0.09778343886137,0.0,0.0,0.0,0.0,0.1267291009426117,0.4097525179386139,0.0398407713685844,0.1779776156108524,0.085944234165528,0.0,0.0,0.0,night_lowlight,night_lowlight,0.0
2019-05-04 17:15:00+00:00,2019-05-04 17:30:00+00:00,0.0,0.0,0.0,0.0,0.5443801879882812,0.1642602682113647,0.0,0.0,0.0,0.0,0.0468827076256275,0.4611516296863556,0.0398407713685844,0.2729926977841456,0.0128117784835008,0.0,0.0,0.0,night_lowlight,night_lowlight,0.0
2019-05-04 17:30:00+00:00,2019-05-04 17:45:00+00:00,0.0,0.0,0.0,0.0,0.553148627281189,0.2095223814249038,0.0,0.0,0.0,0.0,0.0245443973690271,0.4962601065635681,0.0398407713685844,0.2729926977841456,0.0,0.0,0.0,0.0,night_lowlight,night_lowlight,0.0
2019-05-04 17:45:00+00:00,2019-05-04 18:00:00+00:00,0.0,0.0,0.0,0.0,0.4931734204292297,0.213620439171791,0.0,0.0,0.0,0.0,0.0488725565373897,0.500825047492981,0.0398407713685844,0.2729926977841456,0.0299040498572038,0.0,0.0,0.0,night_lowlight,night_lowlight,0.0
2019-05-04 18:00:00+00:00,2019-05-04 18:15:00+00:00,0.0,0.0,0.0,0.0,0.5435460209846497,0.2884738743305206,0.0,0.0,0.0,0.0,0.017914330586791,0.5507919788360596,0.0398407713685844,0.1779776156108524,0.0,0.0,0.0,0.0,night_lowlight,night_lowlight,0.0
2019-05-04 18:15:00+00:00,2019-05-04 18:30:00+00:00,0.0,0.0,0.0,0.0,0.4927310645580292,0.2958111763000488,0.0,0.0,0.0,0.0,0.0290607530623674,0.5608839988708496,0.0,0.0584494036558489,0.0,0.0,0.0,0.0,night_lowlight,night_lowlight,0.0
2019-05-04 18:30:00+00:00,2019-05-04 18:45:00+00:00,0.0,0.0,0.0,0.0,0.5410454273223877,0.3698764443397522,0.0,0.0,0.0762481987476348,0.0,0.0250425860285758,0.6127999424934387,0.0398407713685844,0.1779776156108524,0.0,0.0,0.0,0.0,night_lowlight,night_lowlight,0.0
2019-05-04 18:45:00+00:00,2019-05-04 19:00:00+00:00,0.0,0.0,0.0,0.0,0.5365228056907654,0.3698339760303497,0.0,0.0,0.074027381837368,0.0,0.0115402694791555,0.6269475817680359,0.0,0.0584494036558489,0.0,0.0,0.0,0.0,night_lowlight,night_lowlight,0.0
2019-05-04 19:00:00+00:00,2019-05-04 19:15:00+00:00,0.0,0.0,0.0,0.0,0.488349050283432,0.3923839032649994,0.0,0.0,0.1115123927593231,0.0,0.0225777775049209,0.6401908993721008,0.0398407713685844,0.0584494036558489,0.0,0.0,0.0,0.0394075587391853,night_lowlight,night_lowlight,0.0
2019-05-04 19:15:00+00:00,2019-05-04 19:30:00+00:00,0.0,0.0,0.0,0.0006786005105823,0.4825713336467743,0.4436378180980682,0.0,0.0,0.1715862154960632,0.0,0.0429069884121418,0.6859968304634094,0.0,0.0584494036558489,0.0,0.0,0.0,0.1010812669992446,night_lowlight,night_lowlight,0.0
2019-05-04 19:30:00+00:00,2019-05-04 19:45:00+00:00,0.0,0.0,0.0,0.0354019328951835,0.4709511399269104,0.5197381377220154,0.0,0.0,0.252880185842514,0.0,0.0649203658103942,0.7244555950164795,0.0398407713685844,0.2729926977841456,0.0,0.0,0.0,0.1601968556642532,night_lowlight,night_lowlight,0.0
2019-05-04 19:45:00+00:00,2019-05-04 20:00:00+00:00,0.0,0.0,0.0,0.1106429621577262,0.4738182425498962,0.6079424023628235,0.0086306994780898,0.0,0.3739932775497436,0.0,0.147691398859024,0.7727731466293335,0.0398407713685844,0.2729926977841456,0.0299040498572038,0.0114875603467226,0.0,0.2280261665582656,night_lowlight,night_lowlight,0.0
2019-05-04 20:00:00+00:00,2019-05-04 20:15:00+00:00,0.0,0.0,0.0,0.1350566446781158,0.4799770414829254,0.6643481850624084,0.0,0.0,0.3939107954502105,0.0,0.1326986253261566,0.7991147637367249,0.0398407713685844,0.2729926977841456,0.0299040498572038,0.0421422980725765,0.0,0.267374187707901,night_lowlight,night_lowlight,0.0
2019-05-04 20:15:00+00:00,2019-05-04 20:30:00+00:00,0.0,0.0,0.0,0.1781897842884063,0.487813651561737,0.7222180366516113,0.0074466625228524,0.0,0.4558237791061401,0.0,0.1828595548868179,0.8382188677787781,0.0398407713685844,0.2729926977841456,0.0299040498572038,0.0653521195054054,0.0,0.3136474192142486,night_lowlight,night_lowlight,0.0
2019-05-04 20:30:00+00:00,2019-05-04 20:45:00+00:00,0.0,0.0,0.0,0.2237349152565002,0.5090120434761047,0.7851912975311279,0.0162445474416017,0.0338667556643486,0.5215440392494202,0.0,0.2249166667461395,0.8754060864448547,0.0398407713685844,0.2729926977841456,0.0299040498572038,0.0887014791369438,0.0,0.3614007830619812,night_lowlight,night_lowlight,0.0
2019-05-04 20:45:00+00:00,2019-05-04 21:00:00+00:00,0.0,0.0,0.0,0.2229994237422943,0.5112773180007935,0.833679735660553,0.0377982966601848,0.031933058053255,0.543745756149292,0.0,0.1830587983131408,0.9152611494064332,0.0,0.0584494036558489,0.0,0.1371723562479019,0.0,0.3918070197105407,night_lowlight,night_lowlight,0.0
2019-05-04 21:00:00+00:00,2019-05-04 21:15:00+00:00,0.0,0.0,0.0,0.2593666017055511,0.5464133024215698,0.8828979134559631,0.0741044729948043,0.0828917548060417,0.6374914646148682,0.0,0.1885905563831329,0.9736489057540894,0.0,0.0584494036558489,0.0,0.1840698719024658,0.0,0.4546474516391754,night_lowlight,night_lowlight,0.0
2019-05-04 21:15:00+00:00,2019-05-04 21:30:00+00:00,0.0,2.0,0.0,0.3268592655658722,0.5901681184768677,0.9462075233459472,0.0744921267032623,0.1358577311038971,0.7415093183517456,0.0,0.2516924440860748,1.0070703029632568,0.0378301838507939,0.1779776156108524,0.0299040498572038,0.1863781511783599,0.0,0.5274801254272461,night_lowlight,night_lowlight,0.0
2019-05-04 21:30:00+00:00,2019-05-04 21:45:00+00:00,0.428511,16.0,0.0,0.3617255389690399,0.6281032562255859,1.0409451723098757,0.0847877711057663,0.1633540838956833,0.7905767560005188,0.0,0.2966588139533996,1.04684579372406,0.0378301838507939,0.2729926977841456,0.0299040498572038,0.2182254195213318,0.0,0.6109692454338074,night_lowlight,night_lowlight,0.428511
2019-05-04 21:45:00+00:00,2019-05-04 22:00:00+00:00,1.179828,43.0,0.428511,1.0012122753486632,1.152528798900604,1.5893653395996092,0.6318600091562271,0.7422334316596985,1.4456968072280882,0.4502319290713071,0.7493035856113434,1.5792486432418822,0.5212700149523689,0.4373742797559757,0.48187581819277,0.7245205107555389,0.2642437729463577,1.1176435712203978,day_low,day_stable,0.7513170000000001
2019-05-04 22:00:00+00:00,2019-05-04 22:15:00+00:00,2.082008,66.0,1.179828,2.014178228309631,2.058785748413086,2.508519005706787,1.5187117277889253,1.6444119035511018,2.412608456542969,1.4394675313739778,1.7128993391304017,2.4373951672821046,1.1565433776275642,1.1926268572765413,1.1776982254232329,1.5201080261974336,1.0638471885828973,2.0427842854766847,day_low,day_stable,0.90218
2019-05-04 22:15:00+00:00,2019-05-04 22:30:00+00:00,3.056977,102.0,2.082008,3.1172718959884644,3.0606378871040345,3.5638884264068604,2.4851287859516145,2.582501586063385,3.3869270044403077,2.4019838529663087,2.672609444244385,3.4063633638458253,1.9593261299701092,1.942190267322757,1.9629165473320207,2.4424565392570496,2.004917982502461,3.067633684261322,day_low,day_stable,0.9749689999999998
2019-05-04 22:30:00+00:00,2019-05-04 22:45:00+00:00,3.376625,110.0,3.056977,4.355484452011108,4.284042563201904,4.753588762046814,3.6133674643058775,3.641896989109039,4.524678196670532,3.5919117591400145,3.847329702140808,4.440575208427429,3.8194531597773898,3.7866619991544264,3.843976659233156,3.419872995378494,3.0287327951807974,4.185589399101257,day_low,day_stable,0.3196480000000004
2019-05-04 22:45:00+00:00,2019-05-04 23:00:00+00:00,4.542125,153.0,3.376625,4.858472524642945,4.8653518543243415,5.268763123512269,4.045403538703919,4.007336495876313,4.93885451412201,4.062125085353852,4.331521450042725,4.792113839149476,4.839338355410101,4.975107553158945,4.648074466019181,3.732105223894119,3.4198897913694384,4.639360605239869,day_low,day_stable,1.1655000000000002
2019-05-04 23:00:00+00:00,2019-05-04 23:15:00+00:00,5.348438,177.0,4.542125,6.111635340690613,6.155110134124756,6.598656190872193,5.223586930274964,5.207037283420563,6.195431245803833,5.302577032089234,5.603321684837342,5.968042148590088,6.169044600328982,6.201726109203255,5.956718703574666,4.925985379457474,4.60401426845789,6.031348122596741,day_low,day_stable,0.8063129999999994
2019-05-04 23:15:00+00:00,2019-05-04 23:30:00+00:00,6.388375,210.0,5.348438,7.026449059761047,7.078343366897583,7.600736355102539,6.048218106544494,6.038747703350067,7.039405798233032,6.176040624893188,6.474978184020996,6.768009042060852,6.7124548916616495,6.563107374097339,6.448698008157401,5.717846756494522,5.465564613855362,7.029428099906921,day_low,day_stable,1.0399370000000001
2019-05-04 23:30:00+00:00,2019-05-04 23:45:00+00:00,6.750844,222.0,6.388375,8.067516521453857,8.141896800041199,8.677452997207642,6.931801811695099,7.031618193626404,7.933143929481506,7.102657035827637,7.468679265022278,7.781170920372009,8.807198277129235,8.476436458111056,7.849476439741024,6.732121304512024,6.529057026743889,8.1973828830719,day_low,day_stable,0.36246899999999993
