session_id,device_id,segment_id,split,origin_utc,target_utc,origin_temperature_c,origin_ambient_c,origin_current_a,origin_power_kw,history_delta_c,power_band,historical_phase
BEV1_2024-08-10_fast_1,BEV1,BEV1_2024-08-10_fast_1__segment_1,train,2024-08-10 06:40:51+00:00,2024-08-10 06:41:51+00:00,30.0,19.5,-199.957,83.54758849414733,1.5,mid,warming
BEV1_2024-08-10_fast_1,BEV1,BEV1_2024-08-10_fast_1__segment_1,train,2024-08-10 06:41:01+00:00,2024-08-10 06:42:01+00:00,30.25,19.5,-196.4245,82.04493402482814,1.5,mid,warming
BEV1_2024-08-10_fast_1,BEV1,BEV1_2024-08-10_fast_1__segment_1,train,2024-08-10 06:41:11+00:00,2024-08-10 06:42:11+00:00,30.5,19.5,-194.834,81.68976115026177,1.5,mid,warming
BEV1_2024-08-10_fast_1,BEV1,BEV1_2024-08-10_fast_1__segment_1,train,2024-08-10 06:41:21+00:00,2024-08-10 06:42:21+00:00,30.75,19.5,-193.9295,80.9520944107778,1.75,mid,warming
BEV1_2024-08-10_fast_1,BEV1,BEV1_2024-08-10_fast_1__segment_1,train,2024-08-10 06:41:31+00:00,2024-08-10 06:42:31+00:00,31.0,19.5,-194.4725,80.72956754611045,1.75,mid,warming
BEV1_2024-08-10_fast_1,BEV1,BEV1_2024-08-10_fast_1__segment_1,train,2024-08-10 06:41:41+00:00,2024-08-10 06:42:41+00:00,31.25,19.0,-194.622,81.68976115026177,1.75,mid,warming
BEV1_2024-08-10_fast_1,BEV1,BEV1_2024-08-10_fast_1__segment_1,train,2024-08-10 06:41:51+00:00,2024-08-10 06:42:51+00:00,31.5,19.0,-194.647,80.72956754611045,1.5,mid,warming
BEV1_2024-08-10_fast_1,BEV1,BEV1_2024-08-10_fast_1__segment_1,train,2024-08-10 06:42:01+00:00,2024-08-10 06:43:01+00:00,31.75,19.5,-195.2515,81.465206534887,1.5,mid,warming
BEV1_2024-08-10_fast_1,BEV1,BEV1_2024-08-10_fast_1__segment_1,train,2024-08-10 06:42:11+00:00,2024-08-10 06:43:11+00:00,32.25,19.5,-196.364,82.04826855565358,1.75,mid,warming
BEV1_2024-08-10_fast_1,BEV1,BEV1_2024-08-10_fast_1__segment_1,train,2024-08-10 06:42:21+00:00,2024-08-10 06:43:21+00:00,32.5,19.5,-197.719,82.20084552366357,1.75,mid,warming
BEV1_2024-08-10_fast_1,BEV1,BEV1_2024-08-10_fast_1__segment_1,train,2024-08-10 06:42:31+00:00,2024-08-10 06:43:31+00:00,32.75,19.5,-198.367,81.81940308503869,1.75,mid,warming
BEV1_2024-08-10_fast_1,BEV1,BEV1_2024-08-10_fast_1__segment_1,train,2024-08-10 06:42:41+00:00,2024-08-10 06:43:41+00:00,33.0,19.5,-199.5747525,81.90961545655554,1.75,mid,warming
BEV1_2024-08-10_fast_1,BEV1,BEV1_2024-08-10_fast_1__segment_1,train,2024-08-10 06:42:51+00:00,2024-08-10 06:43:51+00:00,33.25,19.5,-200.086,81.59993930849177,1.75,mid,warming
BEV1_2024-08-10_fast_1,BEV1,BEV1_2024-08-10_fast_1__segment_1,train,2024-08-10 06:43:01+00:00,2024-08-10 06:44:01+00:00,33.5,19.5,-200.514,81.68976115026177,1.75,mid,warming
BEV1_2024-08-10_fast_1,BEV1,BEV1_2024-08-10_fast_1__segment_1,train,2024-08-10 06:43:11+00:00,2024-08-10 06:44:11+00:00,33.75,19.5,-201.408,81.68976115026177,1.5,mid,warming
BEV1_2024-08-10_fast_1,BEV1,BEV1_2024-08-10_fast_1__segment_1,train,2024-08-10 06:43:21+00:00,2024-08-10 06:44:21+00:00,34.25,19.5,-201.279,80.72956754611045,1.75,mid,warming
BEV1_2024-08-10_fast_1,BEV1,BEV1_2024-08-10_fast_1__segment_1,train,2024-08-10 06:43:31+00:00,2024-08-10 06:44:31+00:00,34.5,19.5,-201.928,80.81857828763707,1.75,mid,warming
BEV1_2024-08-10_fast_1,BEV1,BEV1_2024-08-10_fast_1__segment_1,train,2024-08-10 06:43:41+00:00,2024-08-10 06:44:41+00:00,34.75,19.5,-201.807,80.56960054586018,1.75,mid,warming
BEV1_2024-08-10_fast_1,BEV1,BEV1_2024-08-10_fast_1__segment_1,train,2024-08-10 06:43:51+00:00,2024-08-10 06:44:51+00:00,35.0,19.5,-201.525,80.41660300735361,1.75,mid,warming
BEV1_2024-08-10_fast_1,BEV1,BEV1_2024-08-10_fast_1__segment_1,train,2024-08-10 06:44:01+00:00,2024-08-10 06:45:01+00:00,35.25,19.5,-201.640099,80.56960054586018,1.75,mid,warming
BEV1_2024-08-10_fast_1,BEV1,BEV1_2024-08-10_fast_1__segment_1,train,2024-08-10 06:44:11+00:00,2024-08-10 06:45:11+00:00,35.5,19.5,-201.3355,80.56960054586018,1.75,mid,warming
BEV1_2024-08-10_fast_1,BEV1,BEV1_2024-08-10_fast_1__segment_1,train,2024-08-10 06:44:21+00:00,2024-08-10 06:45:21+00:00,36.0,19.5,-201.566,80.56960054586018,1.75,mid,warming
BEV1_2024-08-10_fast_1,BEV1,BEV1_2024-08-10_fast_1__segment_1,train,2024-08-10 06:44:31+00:00,2024-08-10 06:45:31+00:00,36.25,19.5,-201.1688119,80.18710668094258,1.75,mid,warming
BEV1_2024-08-10_fast_1,BEV1,BEV1_2024-08-10_fast_1__segment_1,train,2024-08-10 06:44:41+00:00,2024-08-10 06:45:41+00:00,36.5,19.5,-201.049,80.56960054586018,1.75,mid,warming
BEV1_2024-08-10_fast_1,BEV1,BEV1_2024-08-10_fast_1__segment_1,train,2024-08-10 06:44:51+00:00,2024-08-10 06:45:51+00:00,36.75,19.5,-200.3375,79.06694607654099,1.75,mid,warming
BEV1_2024-08-10_fast_1,BEV1,BEV1_2024-08-10_fast_1__segment_1,train,2024-08-10 06:45:01+00:00,2024-08-10 06:46:01+00:00,37.0,19.5,-199.6505,79.06694607654099,1.75,mid,warming
BEV1_2024-08-10_fast_1,BEV1,BEV1_2024-08-10_fast_1__segment_1,train,2024-08-10 06:45:11+00:00,2024-08-10 06:46:11+00:00,37.25,19.5,-199.091,79.06694607654099,1.75,mid,warming
BEV1_2024-08-10_fast_1,BEV1,BEV1_2024-08-10_fast_1__segment_1,train,2024-08-10 06:45:21+00:00,2024-08-10 06:46:21+00:00,37.5,19.5,-198.3335,78.71177320197462,1.5,mid,warming
BEV1_2024-08-10_fast_1,BEV1,BEV1_2024-08-10_fast_1__segment_1,train,2024-08-10 06:45:31+00:00,2024-08-10 06:46:31+00:00,37.75,19.5,-197.143,78.32927933705703,1.5,mid,warming
BEV1_2024-08-10_fast_1,BEV1,BEV1_2024-08-10_fast_1__segment_1,train,2024-08-10 06:45:41+00:00,2024-08-10 06:46:41+00:00,38.0,19.5,-197.5135,79.06694607654099,1.5,mid,warming
BEV1_2024-08-10_fast_1,BEV1,BEV1_2024-08-10_fast_1__segment_1,train,2024-08-10 06:45:51+00:00,2024-08-10 06:46:51+00:00,38.25,19.5,-197.0185,79.06694607654099,1.5,mid,warming
BEV1_2024-08-10_fast_1,BEV1,BEV1_2024-08-10_fast_1__segment_1,train,2024-08-10 06:46:01+00:00,2024-08-10 06:47:01+00:00,38.5,19.5,-196.3255,78.71177320197462,1.5,mid,warming
BEV1_2024-08-10_fast_1,BEV1,BEV1_2024-08-10_fast_1__segment_1,train,2024-08-10 06:46:11+00:00,2024-08-10 06:47:11+00:00,38.75,19.5,-196.0545,78.71177320197462,1.5,mid,warming
BEV1_2024-08-10_fast_1,BEV1,BEV1_2024-08-10_fast_1__segment_1,train,2024-08-10 06:46:21+00:00,2024-08-10 06:47:21+00:00,39.0,19.5,-195.578,77.59161259757306,1.5,mid,warming
BEV1_2024-08-10_fast_1,BEV1,BEV1_2024-08-10_fast_1__segment_1,train,2024-08-10 06:46:31+00:00,2024-08-10 06:47:31+00:00,39.0,19.5,-195.4866337,77.59161259757306,1.25,mid,warming
BEV1_2024-08-10_fast_1,BEV1,BEV1_2024-08-10_fast_1__segment_1,train,2024-08-10 06:46:41+00:00,2024-08-10 06:47:41+00:00,39.25,19.5,-195.7965,77.76919903485624,1.25,mid,warming
BEV1_2024-08-10_fast_1,BEV1,BEV1_2024-08-10_fast_1__segment_1,train,2024-08-10 06:46:51+00:00,2024-08-10 06:47:51+00:00,39.5,19.5,-195.6135,77.59161259757306,1.25,mid,warming
BEV1_2024-08-10_fast_1,BEV1,BEV1_2024-08-10_fast_1__segment_1,train,2024-08-10 06:47:01+00:00,2024-08-10 06:48:01+00:00,39.75,19.5,-195.4321782,77.59161259757306,1.25,mid,warming
BEV1_2024-08-10_fast_1,BEV1,BEV1_2024-08-10_fast_1__segment_1,train,2024-08-10 06:47:11+00:00,2024-08-10 06:48:11+00:00,40.0,19.5,-195.6059406,77.59161259757306,1.25,mid,warming
BEV1_2024-08-10_fast_1,BEV1,BEV1_2024-08-10_fast_1__segment_1,train,2024-08-10 06:47:21+00:00,2024-08-10 06:48:21+00:00,40.0,19.5,-195.3470297,77.59161259757306,1.0,mid,warming
BEV1_2024-08-10_fast_1,BEV1,BEV1_2024-08-10_fast_1__segment_1,train,2024-08-10 06:47:31+00:00,2024-08-10 06:48:31+00:00,40.25,19.5,-195.2975248,77.59161259757306,1.25,mid,warming
BEV1_2024-08-10_fast_1,BEV1,BEV1_2024-08-10_fast_1__segment_1,train,2024-08-10 06:47:41+00:00,2024-08-10 06:48:41+00:00,40.5,19.5,-195.515,77.59161259757306,1.25,mid,warming
BEV1_2024-08-10_fast_1,BEV1,BEV1_2024-08-10_fast_1__segment_1,train,2024-08-10 06:47:51+00:00,2024-08-10 06:48:51+00:00,40.75,19.5,-195.6625,77.94678547213942,1.25,mid,warming
BEV1_2024-08-10_fast_1,BEV1,BEV1_2024-08-10_fast_1__segment_1,train,2024-08-10 06:48:01+00:00,2024-08-10 06:49:01+00:00,41.0,19.5,-195.3245,77.59161259757306,1.25,mid,warming
BEV1_2024-08-10_fast_1,BEV1,BEV1_2024-08-10_fast_1__segment_1,train,2024-08-10 06:48:11+00:00,2024-08-10 06:49:11+00:00,41.0,19.5,-195.6485,77.76919903485624,1.0,mid,warming
BEV1_2024-08-10_fast_1,BEV1,BEV1_2024-08-10_fast_1__segment_1,train,2024-08-10 06:48:21+00:00,2024-08-10 06:49:21+00:00,41.25,19.5,-195.631,77.59161259757306,1.25,mid,warming
BEV1_2024-08-10_fast_1,BEV1,BEV1_2024-08-10_fast_1__segment_1,train,2024-08-10 06:48:31+00:00,2024-08-10 06:49:31+00:00,41.5,19.5,-195.308,77.59161259757306,1.25,mid,warming
BEV1_2024-08-10_fast_1,BEV1,BEV1_2024-08-10_fast_1__segment_1,train,2024-08-10 06:48:41+00:00,2024-08-10 06:49:41+00:00,41.5,19.5,-195.3065,77.59161259757306,1.0,mid,warming
BEV1_2024-08-10_fast_1,BEV1,BEV1_2024-08-10_fast_1__segment_1,train,2024-08-10 06:48:51+00:00,2024-08-10 06:49:51+00:00,41.75,19.5,-195.626,77.76919903485624,1.0,mid,warming
BEV1_2024-08-10_fast_1,BEV1,BEV1_2024-08-10_fast_1__segment_1,train,2024-08-10 06:49:01+00:00,2024-08-10 06:50:01+00:00,42.0,19.5,-195.407,77.76919903485624,1.0,mid,warming
BEV1_2024-08-10_fast_1,BEV1,BEV1_2024-08-10_fast_1__segment_1,train,2024-08-10 06:49:11+00:00,2024-08-10 06:50:11+00:00,42.25,19.5,-195.632,77.94678547213942,1.25,mid,warming
BEV1_2024-08-10_fast_1,BEV1,BEV1_2024-08-10_fast_1__segment_1,train,2024-08-10 06:49:21+00:00,2024-08-10 06:50:21+00:00,42.25,19.5,-195.678,77.59161259757306,1.0,mid,warming
BEV1_2024-08-10_fast_1,BEV1,BEV1_2024-08-10_fast_1__segment_1,train,2024-08-10 06:49:31+00:00,2024-08-10 06:50:31+00:00,42.5,19.5,-195.1595,77.59161259757306,1.0,mid,warming
BEV1_2024-08-10_fast_1,BEV1,BEV1_2024-08-10_fast_1__segment_1,train,2024-08-10 06:49:41+00:00,2024-08-10 06:50:41+00:00,42.75,19.5,-195.6825,77.94678547213942,1.25,mid,warming
BEV1_2024-08-10_fast_1,BEV1,BEV1_2024-08-10_fast_1__segment_1,train,2024-08-10 06:49:51+00:00,2024-08-10 06:50:51+00:00,42.75,19.5,-195.3875,77.59161259757306,1.0,mid,warming
BEV1_2024-08-10_fast_1,BEV1,BEV1_2024-08-10_fast_1__segment_1,train,2024-08-10 06:50:01+00:00,2024-08-10 06:51:01+00:00,43.0,19.5,-195.4005,77.76919903485624,1.0,mid,warming
BEV1_2024-08-10_fast_1,BEV1,BEV1_2024-08-10_fast_1__segment_1,train,2024-08-10 06:50:11+00:00,2024-08-10 06:51:11+00:00,43.0,19.5,-195.2595,77.59161259757306,0.75,mid,warming
BEV1_2024-08-10_fast_1,BEV1,BEV1_2024-08-10_fast_1__segment_1,train,2024-08-10 06:50:21+00:00,2024-08-10 06:51:21+00:00,43.25,19.5,-195.5257576,77.94678547213942,1.0,mid,warming
BEV1_2024-08-10_fast_1,BEV1,BEV1_2024-08-10_fast_1__segment_1,train,2024-08-10 06:50:31+00:00,2024-08-10 06:51:31+00:00,43.5,19.5,-195.151,77.59161259757306,1.0,mid,warming
BEV1_2024-08-10_fast_1,BEV1,BEV1_2024-08-10_fast_1__segment_1,train,2024-08-10 06:50:41+00:00,2024-08-10 06:51:41+00:00,43.5,19.5,-195.8485,77.94678547213942,0.75,mid,warming
BEV1_2024-08-10_fast_1,BEV1,BEV1_2024-08-10_fast_1__segment_1,train,2024-08-10 06:50:51+00:00,2024-08-10 06:51:51+00:00,43.75,19.5,-195.4875,77.76919903485624,1.0,mid,warming
BEV1_2024-08-10_fast_1,BEV1,BEV1_2024-08-10_fast_1__segment_1,train,2024-08-10 06:51:01+00:00,2024-08-10 06:52:01+00:00,43.75,19.5,-195.62,77.76919903485624,0.75,mid,warming
BEV1_2024-08-10_fast_1,BEV1,BEV1_2024-08-10_fast_1__segment_1,train,2024-08-10 06:51:11+00:00,2024-08-10 06:52:11+00:00,44.0,19.5,-195.6,77.59161259757306,1.0,mid,warming
BEV1_2024-08-10_fast_1,BEV1,BEV1_2024-08-10_fast_1__segment_1,train,2024-08-10 06:51:21+00:00,2024-08-10 06:52:21+00:00,44.25,19.5,-195.477,77.59161259757306,1.0,mid,warming
BEV1_2024-08-10_fast_1,BEV1,BEV1_2024-08-10_fast_1__segment_1,train,2024-08-10 06:51:31+00:00,2024-08-10 06:52:31+00:00,44.25,19.5,-195.6335,77.59161259757306,0.75,mid,warming
BEV1_2024-08-10_fast_1,BEV1,BEV1_2024-08-10_fast_1__segment_1,train,2024-08-10 06:51:41+00:00,2024-08-10 06:52:41+00:00,44.5,19.5,-195.6085,77.59161259757306,1.0,mid,warming
BEV1_2024-08-10_fast_1,BEV1,BEV1_2024-08-10_fast_1__segment_1,train,2024-08-10 06:51:51+00:00,2024-08-10 06:52:51+00:00,44.5,19.5,-195.364,77.59161259757306,0.75,mid,warming
BEV1_2024-08-10_fast_1,BEV1,BEV1_2024-08-10_fast_1__segment_1,train,2024-08-10 06:52:01+00:00,2024-08-10 06:53:01+00:00,44.75,20.0,-195.4475,77.59161259757306,1.0,mid,warming
BEV1_2024-08-10_fast_1,BEV1,BEV1_2024-08-10_fast_1__segment_1,train,2024-08-10 06:52:11+00:00,2024-08-10 06:53:11+00:00,44.75,20.0,-195.231,77.59161259757306,0.75,mid,warming
BEV1_2024-08-10_fast_1,BEV1,BEV1_2024-08-10_fast_1__segment_1,train,2024-08-10 06:52:21+00:00,2024-08-10 06:53:21+00:00,45.0,19.5,-195.319,77.59161259757306,0.75,mid,warming
BEV1_2024-08-10_fast_1,BEV1,BEV1_2024-08-10_fast_1__segment_1,train,2024-08-10 06:52:31+00:00,2024-08-10 06:53:31+00:00,45.25,19.5,-194.982,77.20911873265545,1.0,mid,warming
BEV1_2024-08-10_fast_1,BEV1,BEV1_2024-08-10_fast_1__segment_1,train,2024-08-10 06:52:41+00:00,2024-08-10 06:53:41+00:00,45.25,19.5,-194.364,77.20911873265545,0.75,mid,warming
BEV1_2024-08-10_fast_1,BEV1,BEV1_2024-08-10_fast_1__segment_1,train,2024-08-10 06:52:51+00:00,2024-08-10 06:53:51+00:00,45.5,19.5,-194.173,77.20911873265545,1.0,mid,warming
BEV1_2024-08-10_fast_1,BEV1,BEV1_2024-08-10_fast_1__segment_1,train,2024-08-10 06:53:01+00:00,2024-08-10 06:54:01+00:00,45.5,20.0,-193.464,77.01787180019663,0.75,mid,warming
BEV1_2024-08-10_fast_1,BEV1,BEV1_2024-08-10_fast_1__segment_1,train,2024-08-10 06:53:11+00:00,2024-08-10 06:54:11+00:00,45.75,20.0,-192.468,76.45779149799584,1.0,mid,warming
BEV1_2024-08-10_fast_1,BEV1,BEV1_2024-08-10_fast_1__segment_1,train,2024-08-10 06:53:21+00:00,2024-08-10 06:54:21+00:00,45.75,20.0,-193.0085,76.45779149799584,0.75,mid,warming
BEV1_2024-08-10_fast_1,BEV1,BEV1_2024-08-10_fast_1__segment_1,train,2024-08-10 06:53:31+00:00,2024-08-10 06:54:31+00:00,46.0,20.0,-191.7285,75.32125868417897,0.75,mid,warming
BEV1_2024-08-10_fast_1,BEV1,BEV1_2024-08-10_fast_1__segment_1,train,2024-08-10 06:53:41+00:00,2024-08-10 06:54:41+00:00,46.25,20.0,-192.134,75.9843787630668,1.0,mid,warming
BEV1_2024-08-10_fast_1,BEV1,BEV1_2024-08-10_fast_1__segment_1,train,2024-08-10 06:53:51+00:00,2024-08-10 06:54:51+00:00,46.25,20.0,-191.6165,75.16004445631108,0.75,mid,warming
BEV1_2024-08-10_fast_1,BEV1,BEV1_2024-08-10_fast_1__segment_1,train,2024-08-10 06:54:01+00:00,2024-08-10 06:55:01+00:00,46.5,20.0,-190.3365,75.14416040910314,1.0,mid,warming
BEV1_2024-08-10_fast_1,BEV1,BEV1_2024-08-10_fast_1__segment_1,train,2024-08-10 06:54:11+00:00,2024-08-10 06:55:11+00:00,46.5,20.0,-190.575,75.49835695925482,0.75,mid,warming
BEV1_2024-08-10_fast_1,BEV1,BEV1_2024-08-10_fast_1__segment_1,train,2024-08-10 06:54:21+00:00,2024-08-10 06:55:21+00:00,46.75,20.0,-189.126,71.79291612689875,1.0,mid,warming
BEV1_2024-08-10_fast_1,BEV1,BEV1_2024-08-10_fast_1__segment_1,train,2024-08-10 06:54:31+00:00,2024-08-10 06:55:31+00:00,46.75,20.0,-188.911,71.9836373462112,0.75,mid,warming
BEV1_2024-08-10_fast_1,BEV1,BEV1_2024-08-10_fast_1__segment_1,train,2024-08-10 06:54:41+00:00,2024-08-10 06:55:41+00:00,47.0,20.0,-188.278,71.79291612689875,0.75,mid,warming
BEV1_2024-08-10_fast_1,BEV1,BEV1_2024-08-10_fast_1__segment_1,train,2024-08-10 06:54:51+00:00,2024-08-10 06:55:51+00:00,47.0,20.0,-187.425,71.41147368827386,0.75,mid,warming
BEV1_2024-08-10_fast_1,BEV1,BEV1_2024-08-10_fast_1__segment_1,train,2024-08-10 06:55:01+00:00,2024-08-10 06:56:01+00:00,47.25,20.0,-186.2305,71.05727713812219,0.75,mid,warming
BEV1_2024-08-10_fast_1,BEV1,BEV1_2024-08-10_fast_1__segment_1,train,2024-08-10 06:55:11+00:00,2024-08-10 06:56:11+00:00,47.25,20.0,-185.754,70.6758346994973,0.75,mid,warming
BEV1_2024-08-10_fast_1,BEV1,BEV1_2024-08-10_fast_1__segment_1,train,2024-08-10 06:55:21+00:00,2024-08-10 06:56:21+00:00,47.5,20.0,-185.041,70.29439226087241,0.75,mid,warming
BEV1_2024-08-10_fast_1,BEV1,BEV1_2024-08-10_fast_1__segment_1,train,2024-08-10 06:55:31+00:00,2024-08-10 06:56:31+00:00,47.5,20.0,-184.254,70.29439226087241,0.75,mid,warming
BEV1_2024-08-10_fast_1,BEV1,BEV1_2024-08-10_fast_1__segment_1,train,2024-08-10 06:55:41+00:00,2024-08-10 06:56:41+00:00,47.5,20.0,-183.471,69.94019571072072,0.5,mid,warming
BEV1_2024-08-10_fast_1,BEV1,BEV1_2024-08-10_fast_1__segment_1,train,2024-08-10 06:55:51+00:00,2024-08-10 06:56:51+00:00,47.75,20.0,-182.68,69.55875327209583,0.75,mid,warming
BEV1_2024-08-10_fast_1,BEV1,BEV1_2024-08-10_fast_1__segment_1,train,2024-08-10 06:56:01+00:00,2024-08-10 06:57:01+00:00,47.75,20.0,-181.456,69.17731083347094,0.5,mid,warming
BEV1_2024-08-10_fast_1,BEV1,BEV1_2024-08-10_fast_1__segment_1,train,2024-08-10 06:56:11+00:00,2024-08-10 06:57:11+00:00,48.0,20.0,-180.2565,68.80949133908265,0.75,low,warming
BEV1_2024-08-10_fast_1,BEV1,BEV1_2024-08-10_fast_1__segment_1,train,2024-08-10 06:56:21+00:00,2024-08-10 06:57:21+00:00,48.0,20.0,-179.4645,68.44167184469437,0.5,low,warming
BEV1_2024-08-10_fast_1,BEV1,BEV1_2024-08-10_fast_1__segment_1,train,2024-08-10 06:56:31+00:00,2024-08-10 06:57:31+00:00,48.0,20.0,-178.1915,67.88313113099365,0.5,low,warming
BEV1_2024-08-10_fast_1,BEV1,BEV1_2024-08-10_fast_1__segment_1,train,2024-08-10 06:56:41+00:00,2024-08-10 06:57:41+00:00,48.25,20.0,-177.6885,67.7060328559178,0.75,low,warming
BEV1_2024-08-10_fast_1,BEV1,BEV1_2024-08-10_fast_1__segment_1,train,2024-08-10 06:56:51+00:00,2024-08-10 06:57:51+00:00,48.25,20.0,-176.727,67.51531163660535,0.5,low,warming
BEV1_2024-08-10_fast_1,BEV1,BEV1_2024-08-10_fast_1__segment_1,train,2024-08-10 06:57:01+00:00,2024-08-10 06:58:01+00:00,48.5,20.0,-175.397,66.94314797866801,0.75,low,warming
BEV1_2024-08-10_fast_1,BEV1,BEV1_2024-08-10_fast_1__segment_1,train,2024-08-10 06:57:11+00:00,2024-08-10 06:58:11+00:00,48.5,20.0,-174.6165,66.58895142851632,0.5,low,warming
BEV1_2024-08-10_fast_1,BEV1,BEV1_2024-08-10_fast_1__segment_1,train,2024-08-10 06:57:21+00:00,2024-08-10 06:58:21+00:00,48.5,20.0,-173.6105,66.58895142851632,0.5,low,warming
BEV1_2024-08-10_fast_1,BEV1,BEV1_2024-08-10_fast_1__segment_1,train,2024-08-10 06:57:31+00:00,2024-08-10 06:58:31+00:00,48.75,20.0,-172.177,65.47187000111487,0.75,low,warming
BEV1_2024-08-10_fast_1,BEV1,BEV1_2024-08-10_fast_1__segment_1,train,2024-08-10 06:57:41+00:00,2024-08-10 06:58:41+00:00,48.75,20.0,-171.3245,65.47187000111487,0.5,low,warming
BEV1_2024-08-10_fast_1,BEV1,BEV1_2024-08-10_fast_1__segment_1,train,2024-08-10 06:57:51+00:00,2024-08-10 06:58:51+00:00,48.75,20.0,-169.7475,64.70898512386509,0.5,low,warming
BEV1_2024-08-10_fast_1,BEV1,BEV1_2024-08-10_fast_1__segment_1,train,2024-08-10 06:58:01+00:00,2024-08-10 06:59:01+00:00,48.75,20.0,-168.89,64.70898512386509,0.25,low,stable
BEV1_2024-08-10_fast_1,BEV1,BEV1_2024-08-10_fast_1__segment_1,train,2024-08-10 06:58:11+00:00,2024-08-10 06:59:11+00:00,49.0,20.0,-167.28,63.97334613508852,0.5,low,warming
BEV1_2024-08-10_fast_1,BEV1,BEV1_2024-08-10_fast_1__segment_1,train,2024-08-10 06:58:21+00:00,2024-08-10 06:59:21+00:00,49.0,20.0,-165.8815,63.59190369646363,0.5,low,warming
BEV1_2024-08-10_fast_1,BEV1,BEV1_2024-08-10_fast_1__segment_1,train,2024-08-10 06:58:31+00:00,2024-08-10 06:59:31+00:00,49.0,20.0,-164.8325,62.85626470768706,0.25,low,stable
BEV1_2024-08-10_fast_1,BEV1,BEV1_2024-08-10_fast_1__segment_1,train,2024-08-10 06:58:41+00:00,2024-08-10 06:59:41+00:00,49.25,20.0,-163.471,62.50206815753538,0.5,low,warming
BEV1_2024-08-10_fast_1,BEV1,BEV1_2024-08-10_fast_1__segment_1,train,2024-08-10 06:58:51+00:00,2024-08-10 06:59:51+00:00,49.25,20.0,-162.479,62.12062571891049,0.5,low,warming
BEV1_2024-08-10_fast_1,BEV1,BEV1_2024-08-10_fast_1__segment_1,train,2024-08-10 06:59:01+00:00,2024-08-10 07:00:01+00:00,49.25,20.0,-160.789,61.38498673013391,0.5,low,warming
BEV1_2024-08-10_fast_1,BEV1,BEV1_2024-08-10_fast_1__segment_1,train,2024-08-10 06:59:11+00:00,2024-08-10 07:00:11+00:00,49.25,20.0,-159.624,61.00354429150902,0.25,low,stable
BEV1_2024-08-10_fast_1,BEV1,BEV1_2024-08-10_fast_1__segment_1,train,2024-08-10 06:59:21+00:00,2024-08-10 07:00:21+00:00,49.5,20.0,-158.441,60.622101852884136,0.5,low,warming
BEV1_2024-08-10_fast_1,BEV1,BEV1_2024-08-10_fast_1__segment_1,train,2024-08-10 06:59:31+00:00,2024-08-10 07:00:31+00:00,49.5,20.0,-156.809,60.267905302732466,0.5,low,warming
BEV1_2024-08-10_fast_1,BEV1,BEV1_2024-08-10_fast_1__segment_1,train,2024-08-10 06:59:41+00:00,2024-08-10 07:00:41+00:00,49.5,20.0,-155.958,59.505020425482684,0.25,low,stable
BEV1_2024-08-10_fast_1,BEV1,BEV1_2024-08-10_fast_1__segment_1,train,2024-08-10 06:59:51+00:00,2024-08-10 07:00:51+00:00,49.5,20.0,-154.0155,57.652300009304646,0.25,low,stable
BEV1_2024-08-10_fast_1,BEV1,BEV1_2024-08-10_fast_1__segment_1,train,2024-08-10 07:00:01+00:00,2024-08-10 07:01:01+00:00,49.75,20.0,-152.2645,57.27085757067976,0.5,low,warming
BEV1_2024-08-10_fast_1,BEV1,BEV1_2024-08-10_fast_1__segment_1,train,2024-08-10 07:00:11+00:00,2024-08-10 07:01:11+00:00,49.75,20.0,-150.809,56.37938218494579,0.5,low,warming
BEV1_2024-08-10_fast_1,BEV1,BEV1_2024-08-10_fast_1__segment_1,train,2024-08-10 07:00:21+00:00,2024-08-10 07:01:21+00:00,49.75,20.5,-149.202,55.99899117261362,0.25,low,stable
BEV1_2024-08-10_fast_1,BEV1,BEV1_2024-08-10_fast_1__segment_1,train,2024-08-10 07:00:31+00:00,2024-08-10 07:01:31+00:00,49.75,20.5,-147.531,54.88498892221229,0.25,low,stable
BEV1_2024-08-10_fast_1,BEV1,BEV1_2024-08-10_fast_1__segment_1,train,2024-08-10 07:00:41+00:00,2024-08-10 07:01:41+00:00,49.75,20.5,-145.961,54.531768696475275,0.25,low,stable
BEV1_2024-08-10_fast_1,BEV1,BEV1_2024-08-10_fast_1__segment_1,train,2024-08-10 07:00:51+00:00,2024-08-10 07:01:51+00:00,49.75,20.5,-144.3395,53.770986671810945,0.25,low,stable
BEV1_2024-08-10_fast_1,BEV1,BEV1_2024-08-10_fast_1__segment_1,train,2024-08-10 07:01:01+00:00,2024-08-10 07:02:01+00:00,49.75,21.0,-142.7415,53.41776644607394,0.0,low,stable
BEV1_2024-08-10_fast_1,BEV1,BEV1_2024-08-10_fast_1__segment_1,train,2024-08-10 07:01:11+00:00,2024-08-10 07:02:11+00:00,49.75,21.0,-139.5275,51.92337318334044,0.0,low,stable
BEV1_2024-08-10_fast_2,BEV1,BEV1_2024-08-10_fast_2__segment_1,train,2024-08-10 22:19:30+00:00,2024-08-10 22:20:30+00:00,40.25,21.5,-371.966,149.92699581172778,0.75,high,warming
BEV1_2024-08-10_fast_2,BEV1,BEV1_2024-08-10_fast_2__segment_1,train,2024-08-10 22:19:40+00:00,2024-08-10 22:20:40+00:00,40.5,21.5,-371.633,149.8776899355714,1.0,high,warming
BEV1_2024-08-10_fast_2,BEV1,BEV1_2024-08-10_fast_2__segment_1,train,2024-08-10 22:19:50+00:00,2024-08-10 22:20:50+00:00,41.0,21.5,-370.9995,149.73687443514115,1.5,high,warming
BEV1_2024-08-10_fast_2,BEV1,BEV1_2024-08-10_fast_2__segment_1,train,2024-08-10 22:20:00+00:00,2024-08-10 22:21:00+00:00,41.25,22.0,-372.4475,149.90614614414028,1.75,high,warming
BEV1_2024-08-10_fast_2,BEV1,BEV1_2024-08-10_fast_2__segment_1,train,2024-08-10 22:20:10+00:00,2024-08-10 22:21:10+00:00,41.75,22.0,-371.672,149.70367651537148,2.25,high,warming
BEV1_2024-08-10_fast_2,BEV1,BEV1_2024-08-10_fast_2__segment_1,train,2024-08-10 22:20:20+00:00,2024-08-10 22:21:20+00:00,42.0,22.0,-372.1005,149.92243974166956,2.25,high,warming
BEV1_2024-08-10_fast_2,BEV1,BEV1_2024-08-10_fast_2__segment_1,train,2024-08-10 22:20:30+00:00,2024-08-10 22:21:30+00:00,42.5,22.0,-371.517,149.7802579004421,2.25,high,warming
BEV1_2024-08-10_fast_2,BEV1,BEV1_2024-08-10_fast_2__segment_1,train,2024-08-10 22:20:40+00:00,2024-08-10 22:21:40+00:00,42.75,22.0,-370.8455,149.8750446401532,2.25,high,warming
BEV1_2024-08-10_fast_2,BEV1,BEV1_2024-08-10_fast_2__segment_1,train,2024-08-10 22:20:50+00:00,2024-08-10 22:21:50+00:00,43.25,22.5,-368.796,149.89651566151522,2.25,high,warming
BEV1_2024-08-10_fast_2,BEV1,BEV1_2024-08-10_fast_2__segment_1,train,2024-08-10 22:21:00+00:00,2024-08-10 22:22:00+00:00,43.5,22.5,-362.376,147.24398037607057,2.25,high,warming
BEV1_2024-08-10_fast_2,BEV1,BEV1_2024-08-10_fast_2__segment_1,train,2024-08-10 22:21:10+00:00,2024-08-10 22:22:10+00:00,44.0,22.5,-356.4595,144.7335116808422,2.25,high,warming
BEV1_2024-08-10_fast_2,BEV1,BEV1_2024-08-10_fast_2__segment_1,train,2024-08-10 22:21:20+00:00,2024-08-10 22:22:20+00:00,44.25,22.5,-351.0315,141.5995236205793,2.25,high,warming
BEV1_2024-08-10_fast_2,BEV1,BEV1_2024-08-10_fast_2__segment_1,train,2024-08-10 22:21:30+00:00,2024-08-10 22:22:30+00:00,44.5,23.0,-346.681,140.2678509465573,2.0,high,warming
BEV1_2024-08-10_fast_2,BEV1,BEV1_2024-08-10_fast_2__segment_1,train,2024-08-10 22:21:40+00:00,2024-08-10 22:22:40+00:00,44.75,23.0,-342.6245,139.01468796634407,2.0,high,warming
BEV1_2024-08-10_fast_2,BEV1,BEV1_2024-08-10_fast_2__segment_1,train,2024-08-10 22:21:50+00:00,2024-08-10 22:22:50+00:00,45.0,23.0,-340.8815,138.07310768026048,1.75,high,warming
BEV1_2024-08-10_fast_2,BEV1,BEV1_2024-08-10_fast_2__segment_1,train,2024-08-10 22:22:00+00:00,2024-08-10 22:23:00+00:00,45.25,23.0,-337.825,136.1480433251892,1.75,high,warming
BEV1_2024-08-10_fast_2,BEV1,BEV1_2024-08-10_fast_2__segment_1,train,2024-08-10 22:22:10+00:00,2024-08-10 22:23:10+00:00,45.5,22.0,-336.3995,135.63498800263136,1.5,high,warming
BEV1_2024-08-10_fast_2,BEV1,BEV1_2024-08-10_fast_2__segment_1,train,2024-08-10 22:22:20+00:00,2024-08-10 22:23:20+00:00,45.75,21.5,-334.6365,134.77413631139723,1.5,high,warming
BEV1_2024-08-10_fast_2,BEV1,BEV1_2024-08-10_fast_2__segment_1,train,2024-08-10 22:22:30+00:00,2024-08-10 22:23:30+00:00,46.0,21.0,-332.9875,134.14064541188856,1.5,high,warming
BEV1_2024-08-10_fast_2,BEV1,BEV1_2024-08-10_fast_2__segment_1,train,2024-08-10 22:22:40+00:00,2024-08-10 22:23:40+00:00,46.0,21.0,-331.8415,133.74388675815447,1.25,high,warming
BEV1_2024-08-10_fast_2,BEV1,BEV1_2024-08-10_fast_2__segment_1,train,2024-08-10 22:22:50+00:00,2024-08-10 22:23:50+00:00,46.25,20.5,-330.6055,133.2691522302215,1.25,high,warming
BEV1_2024-08-10_fast_2,BEV1,BEV1_2024-08-10_fast_2__segment_1,train,2024-08-10 22:23:00+00:00,2024-08-10 22:24:00+00:00,46.5,20.5,-329.4725,132.8009679871092,1.25,high,warming
BEV1_2024-08-10_fast_2,BEV1,BEV1_2024-08-10_fast_2__segment_1,train,2024-08-10 22:23:10+00:00,2024-08-10 22:24:10+00:00,46.75,20.0,-328.295,132.29047107201058,1.25,high,warming
BEV1_2024-08-10_fast_2,BEV1,BEV1_2024-08-10_fast_2__segment_1,train,2024-08-10 22:23:20+00:00,2024-08-10 22:24:20+00:00,46.75,20.0,-327.336,131.86455232038026,1.0,high,warming
BEV1_2024-08-10_fast_2,BEV1,BEV1_2024-08-10_fast_2__segment_1,train,2024-08-10 22:23:30+00:00,2024-08-10 22:24:30+00:00,47.0,20.0,-326.252,131.4066698952136,1.0,high,warming
BEV1_2024-08-10_fast_2,BEV1,BEV1_2024-08-10_fast_2__segment_1,train,2024-08-10 22:23:40+00:00,2024-08-10 22:24:40+00:00,47.0,20.0,-325.1615,131.75443472742424,1.0,high,warming
BEV1_2024-08-10_fast_2,BEV1,BEV1_2024-08-10_fast_2__segment_1,train,2024-08-10 22:23:50+00:00,2024-08-10 22:24:50+00:00,47.25,20.0,-324.298,131.73027696070872,1.0,high,warming
BEV1_2024-08-10_fast_2,BEV1,BEV1_2024-08-10_fast_2__segment_1,train,2024-08-10 22:24:00+00:00,2024-08-10 22:25:00+00:00,47.25,20.0,-322.4635,133.31545193905998,0.75,high,warming
BEV1_2024-08-10_fast_2,BEV1,BEV1_2024-08-10_fast_2__segment_1,train,2024-08-10 22:24:10+00:00,2024-08-10 22:25:10+00:00,47.5,20.0,-323.212,134.57740704967406,0.75,high,warming
BEV1_2024-08-10_fast_2,BEV1,BEV1_2024-08-10_fast_2__segment_1,train,2024-08-10 22:24:20+00:00,2024-08-10 22:25:20+00:00,47.75,20.0,-322.554,134.12774507670505,1.0,high,warming
BEV1_2024-08-10_fast_2,BEV1,BEV1_2024-08-10_fast_2__segment_1,train,2024-08-10 22:24:30+00:00,2024-08-10 22:25:30+00:00,47.75,20.0,-322.0165,133.7960550509411,0.75,high,warming
BEV1_2024-08-10_fast_2,BEV1,BEV1_2024-08-10_fast_2__segment_1,train,2024-08-10 22:24:40+00:00,2024-08-10 22:25:40+00:00,48.0,20.0,-320.6595,132.54407254897933,1.0,high,warming
BEV1_2024-08-10_fast_2,BEV1,BEV1_2024-08-10_fast_2__segment_1,train,2024-08-10 22:24:50+00:00,2024-08-10 22:25:50+00:00,48.0,20.0,-320.7715,132.31384718085627,0.75,high,warming
BEV1_2024-08-10_fast_2,BEV1,BEV1_2024-08-10_fast_2__segment_1,train,2024-08-10 22:25:00+00:00,2024-08-10 22:26:00+00:00,48.25,19.5,-320.5866337,131.83910353330992,1.0,high,warming
BEV1_2024-08-10_fast_2,BEV1,BEV1_2024-08-10_fast_2__segment_1,train,2024-08-10 22:25:10+00:00,2024-08-10 22:26:10+00:00,48.25,19.5,-319.4395,131.0518162196441,0.75,high,warming
BEV1_2024-08-10_fast_2,BEV1,BEV1_2024-08-10_fast_2__segment_1,train,2024-08-10 22:25:20+00:00,2024-08-10 22:26:20+00:00,48.5,19.5,-319.0515,130.63746841361797,0.75,high,warming
BEV1_2024-08-10_fast_2,BEV1,BEV1_2024-08-10_fast_2__segment_1,train,2024-08-10 22:25:30+00:00,2024-08-10 22:26:30+00:00,48.75,19.5,-319.0275,130.24213053428736,1.0,high,warming
BEV1_2024-08-10_fast_2,BEV1,BEV1_2024-08-10_fast_2__segment_1,train,2024-08-10 22:25:40+00:00,2024-08-10 22:26:40+00:00,48.75,19.0,-318.138,129.91237623188684,0.75,high,warming
BEV1_2024-08-10_fast_2,BEV1,BEV1_2024-08-10_fast_2__segment_1,train,2024-08-10 22:25:50+00:00,2024-08-10 22:26:50+00:00,49.0,19.0,-317.2415,129.4562457801563,1.0,high,warming
BEV1_2024-08-10_fast_2,BEV1,BEV1_2024-08-10_fast_2__segment_1,train,2024-08-10 22:26:00+00:00,2024-08-10 22:27:00+00:00,49.0,19.0,-316.9145,128.68433615636476,0.75,high,warming
BEV1_2024-08-10_fast_2,BEV1,BEV1_2024-08-10_fast_2__segment_1,train,2024-08-10 22:26:10+00:00,2024-08-10 22:27:10+00:00,49.25,19.0,-315.312,128.20739276810644,1.0,high,warming
BEV1_2024-08-10_fast_2,BEV1,BEV1_2024-08-10_fast_2__segment_1,train,2024-08-10 22:26:20+00:00,2024-08-10 22:27:20+00:00,49.5,19.0,-314.7135,127.88217720396284,1.0,high,warming
BEV1_2024-08-10_fast_2,BEV1,BEV1_2024-08-10_fast_2__segment_1,train,2024-08-10 22:26:30+00:00,2024-08-10 22:27:30+00:00,49.5,19.0,-314.7745,127.88084574062087,0.75,high,warming
BEV1_2024-08-10_fast_2,BEV1,BEV1_2024-08-10_fast_2__segment_1,train,2024-08-10 22:26:40+00:00,2024-08-10 22:27:40+00:00,49.75,19.0,-313.776,126.14644275531228,1.0,high,warming
BEV1_2024-08-10_fast_2,BEV1,BEV1_2024-08-10_fast_2__segment_1,train,2024-08-10 22:26:50+00:00,2024-08-10 22:27:50+00:00,50.0,19.0,-312.6235,127.05017039278856,1.0,high,warming
BEV1_2024-08-10_fast_2,BEV1,BEV1_2024-08-10_fast_2__segment_1,train,2024-08-10 22:27:00+00:00,2024-08-10 22:28:00+00:00,50.0,19.0,-311.812,128.98732836860788,1.0,high,warming
BEV1_2024-08-10_fast_2,BEV1,BEV1_2024-08-10_fast_2__segment_1,train,2024-08-10 22:27:10+00:00,2024-08-10 22:28:10+00:00,50.25,19.5,-311.53,130.64448433139947,1.0,high,warming
BEV1_2024-08-10_fast_2,BEV1,BEV1_2024-08-10_fast_2__segment_1,train,2024-08-10 22:27:20+00:00,2024-08-10 22:28:20+00:00,50.5,19.5,-310.653,132.0386734427839,1.0,high,warming
BEV1_2024-08-10_fast_2,BEV1,BEV1_2024-08-10_fast_2__segment_1,train,2024-08-10 22:27:30+00:00,2024-08-10 22:28:30+00:00,50.75,19.5,-310.01,132.17953969520235,1.25,high,warming
BEV1_2024-08-10_fast_2,BEV1,BEV1_2024-08-10_fast_2__segment_1,train,2024-08-10 22:27:40+00:00,2024-08-10 22:28:40+00:00,50.75,19.5,-307.7479798,131.2490463102753,1.0,high,warming
BEV1_2024-08-10_fast_2,BEV1,BEV1_2024-08-10_fast_2__segment_1,train,2024-08-10 22:27:50+00:00,2024-08-10 22:28:50+00:00,51.0,19.5,-305.428,130.2574228307587,1.0,high,warming
BEV1_2024-08-10_fast_2,BEV1,BEV1_2024-08-10_fast_2__segment_1,train,2024-08-10 22:28:00+00:00,2024-08-10 22:29:00+00:00,51.25,19.5,-303.881,129.41643832438263,1.25,high,warming
BEV1_2024-08-10_fast_2,BEV1,BEV1_2024-08-10_fast_2__segment_1,train,2024-08-10 22:28:10+00:00,2024-08-10 22:29:10+00:00,51.25,19.5,-300.549,128.0817723310541,1.0,high,warming
BEV1_2024-08-10_fast_2,BEV1,BEV1_2024-08-10_fast_2__segment_1,train,2024-08-10 22:28:20+00:00,2024-08-10 22:29:20+00:00,51.5,19.5,-299.253,127.46950298366596,1.0,high,warming
BEV1_2024-08-10_fast_2,BEV1,BEV1_2024-08-10_fast_2__segment_1,train,2024-08-10 22:28:30+00:00,2024-08-10 22:29:30+00:00,51.5,19.5,-296.6655,126.33733747321065,0.75,high,warming
BEV1_2024-08-10_fast_2,BEV1,BEV1_2024-08-10_fast_2__segment_1,train,2024-08-10 22:28:40+00:00,2024-08-10 22:29:40+00:00,51.5,19.5,-294.569,125.47267547455627,0.75,high,warming
BEV1_2024-08-10_fast_2,BEV1,BEV1_2024-08-10_fast_2__segment_1,train,2024-08-10 22:28:50+00:00,2024-08-10 22:29:50+00:00,51.75,19.5,-292.2965,124.48986278645184,0.75,high,warming
BEV1_2024-08-10_fast_2,BEV1,BEV1_2024-08-10_fast_2__segment_1,train,2024-08-10 22:29:00+00:00,2024-08-10 22:30:00+00:00,51.75,20.0,-289.8565,123.47840517790199,0.5,high,warming
BEV1_2024-08-10_fast_2,BEV1,BEV1_2024-08-10_fast_2__segment_1,train,2024-08-10 22:29:10+00:00,2024-08-10 22:30:10+00:00,51.75,20.5,-286.637,122.18317843281216,0.5,high,warming
BEV1_2024-08-10_fast_2,BEV1,BEV1_2024-08-10_fast_2__segment_1,train,2024-08-10 22:29:20+00:00,2024-08-10 22:30:20+00:00,51.75,21.0,-285.744,121.71588104447105,0.25,high,stable
BEV1_2024-08-10_fast_2,BEV1,BEV1_2024-08-10_fast_2__segment_1,train,2024-08-10 22:29:30+00:00,2024-08-10 22:30:30+00:00,51.75,21.0,-283.4735,120.84076982792392,0.25,high,stable
BEV1_2024-08-10_fast_2,BEV1,BEV1_2024-08-10_fast_2__segment_1,train,2024-08-10 22:29:40+00:00,2024-08-10 22:30:40+00:00,52.0,21.5,-281.498,120.0217001628196,0.5,high,warming
BEV1_2024-08-10_fast_2,BEV1,BEV1_2024-08-10_fast_2__segment_1,train,2024-08-10 22:29:50+00:00,2024-08-10 22:30:50+00:00,52.0,21.5,-279.5,118.93296832735308,0.25,high,stable
BEV1_2024-08-10_fast_2,BEV1,BEV1_2024-08-10_fast_2__segment_1,train,2024-08-10 22:30:00+00:00,2024-08-10 22:31:00+00:00,52.0,22.0,-275.8475,116.59430335476151,0.25,high,stable
BEV1_2024-08-10_fast_2,BEV1,BEV1_2024-08-10_fast_2__segment_1,train,2024-08-10 22:30:10+00:00,2024-08-10 22:31:10+00:00,52.0,22.5,-274.2205,115.00024729438336,0.25,high,stable
BEV1_2024-08-10_fast_2,BEV1,BEV1_2024-08-10_fast_2__segment_1,train,2024-08-10 22:30:20+00:00,2024-08-10 22:31:20+00:00,52.0,22.0,-271.8745,113.13917469413522,0.25,high,stable
BEV1_2024-08-10_fast_2,BEV1,BEV1_2024-08-10_fast_2__segment_1,train,2024-08-10 22:30:30+00:00,2024-08-10 22:31:30+00:00,52.0,22.5,-269.5535,111.58107123426008,0.25,high,stable
BEV1_2024-08-10_fast_2,BEV1,BEV1_2024-08-10_fast_2__segment_1,train,2024-08-10 22:30:40+00:00,2024-08-10 22:31:40+00:00,52.0,23.0,-267.362,110.4340477550814,0.0,high,stable
BEV1_2024-08-10_fast_2,BEV1,BEV1_2024-08-10_fast_2__segment_1,train,2024-08-10 22:30:50+00:00,2024-08-10 22:31:50+00:00,52.0,23.0,-265.5125,109.12755788552936,0.0,high,stable
BEV1_2024-08-10_fast_2,BEV1,BEV1_2024-08-10_fast_2__segment_1,train,2024-08-10 22:31:00+00:00,2024-08-10 22:32:00+00:00,51.75,23.5,-262.046,107.56916196093077,-0.25,high,stable
BEV1_2024-08-10_fast_2,BEV1,BEV1_2024-08-10_fast_2__segment_1,train,2024-08-10 22:31:10+00:00,2024-08-10 22:32:10+00:00,51.75,23.5,-260.931,106.72373860808588,-0.25,high,stable
BEV1_2024-08-10_fast_2,BEV1,BEV1_2024-08-10_fast_2__segment_1,train,2024-08-10 22:31:20+00:00,2024-08-10 22:32:20+00:00,51.75,23.5,-257.856,105.3913774289917,-0.25,high,stable
BEV1_2024-08-10_fast_2,BEV1,BEV1_2024-08-10_fast_2__segment_1,train,2024-08-10 22:31:30+00:00,2024-08-10 22:32:30+00:00,51.75,23.0,-256.63,104.56305598214432,-0.25,high,stable
BEV1_2024-08-10_fast_2,BEV1,BEV1_2024-08-10_fast_2__segment_1,train,2024-08-10 22:31:40+00:00,2024-08-10 22:32:40+00:00,51.75,22.5,-254.1275862,103.77472366562924,-0.25,high,stable
BEV1_2024-08-10_fast_2,BEV1,BEV1_2024-08-10_fast_2__segment_1,train,2024-08-10 22:31:50+00:00,2024-08-10 22:32:50+00:00,51.75,22.0,-252.4935,102.89266472187344,-0.25,high,stable
BEV1_2024-08-10_fast_2,BEV1,BEV1_2024-08-10_fast_2__segment_1,train,2024-08-10 22:32:00+00:00,2024-08-10 22:33:00+00:00,51.75,21.5,-249.613,101.25994737487345,0.0,high,stable
BEV1_2024-08-10_fast_2,BEV1,BEV1_2024-08-10_fast_2__segment_1,train,2024-08-10 22:32:10+00:00,2024-08-10 22:33:10+00:00,51.5,21.0,-248.1245,100.429961339679,-0.25,high,stable
BEV1_2024-08-10_fast_2,BEV1,BEV1_2024-08-10_fast_2__segment_1,train,2024-08-10 22:32:20+00:00,2024-08-10 22:33:20+00:00,51.5,21.0,-246.4435,98.64697907375482,-0.25,high,stable
BEV1_2024-08-10_fast_2,BEV1,BEV1_2024-08-10_fast_2__segment_1,train,2024-08-10 22:32:30+00:00,2024-08-10 22:33:30+00:00,51.5,20.5,-244.726,98.00543593837652,-0.25,high,stable
BEV1_2024-08-10_fast_2,BEV1,BEV1_2024-08-10_fast_2__segment_1,train,2024-08-10 22:32:40+00:00,2024-08-10 22:33:40+00:00,51.5,20.5,-242.571,97.12748842391098,-0.25,high,stable
BEV1_2024-08-10_fast_2,BEV1,BEV1_2024-08-10_fast_2__segment_1,train,2024-08-10 22:32:50+00:00,2024-08-10 22:33:50+00:00,51.5,20.5,-240.8855,96.42278154588598,-0.25,high,stable
BEV1_2024-08-10_fast_2,BEV1,BEV1_2024-08-10_fast_2__segment_1,train,2024-08-10 22:33:00+00:00,2024-08-10 22:34:00+00:00,51.5,20.0,-239.7235,95.96931937990604,-0.25,high,stable
BEV1_2024-08-10_fast_2,BEV1,BEV1_2024-08-10_fast_2__segment_1,train,2024-08-10 22:33:10+00:00,2024-08-10 22:34:10+00:00,51.5,21.0,-237.87,95.22242711823748,0.0,high,stable
BEV1_2024-08-10_fast_2,BEV1,BEV1_2024-08-10_fast_2__segment_1,train,2024-08-10 22:33:20+00:00,2024-08-10 22:34:20+00:00,51.25,21.0,-235.4785,94.21014468046351,-0.25,mid,stable
BEV1_2024-08-10_fast_2,BEV1,BEV1_2024-08-10_fast_2__segment_1,train,2024-08-10 22:33:30+00:00,2024-08-10 22:34:30+00:00,51.25,21.5,-234.6705,93.8834779265798,-0.25,mid,stable
BEV1_2024-08-10_fast_2,BEV1,BEV1_2024-08-10_fast_2__segment_1,train,2024-08-10 22:33:40+00:00,2024-08-10 22:34:40+00:00,51.25,21.5,-232.119,92.96323378315417,-0.25,mid,stable
BEV1_2024-08-10_fast_2,BEV1,BEV1_2024-08-10_fast_2__segment_1,train,2024-08-10 22:33:50+00:00,2024-08-10 22:34:50+00:00,51.25,22.0,-230.546,92.3464090692636,-0.25,mid,stable
BEV1_2024-08-10_fast_2,BEV1,BEV1_2024-08-10_fast_2__segment_1,train,2024-08-10 22:34:00+00:00,2024-08-10 22:35:00+00:00,51.25,22.5,-228.701,91.45446001552594,-0.25,mid,stable
BEV1_2024-08-10_fast_2,BEV1,BEV1_2024-08-10_fast_2__segment_1,train,2024-08-10 22:34:10+00:00,2024-08-10 22:35:10+00:00,51.25,22.5,-226.586,90.60192935722856,-0.25,mid,stable
BEV1_2024-08-10_fast_2,BEV1,BEV1_2024-08-10_fast_2__segment_1,train,2024-08-10 22:34:20+00:00,2024-08-10 22:35:20+00:00,51.25,23.0,-225.5515,90.07544180599648,0.0,mid,stable
BEV1_2024-08-10_fast_2,BEV1,BEV1_2024-08-10_fast_2__segment_1,train,2024-08-10 22:34:30+00:00,2024-08-10 22:35:30+00:00,51.25,23.0,-224.0325,89.53188424079411,0.0,mid,stable
BEV1_2024-08-10_fast_2,BEV1,BEV1_2024-08-10_fast_2__segment_1,train,2024-08-10 22:34:40+00:00,2024-08-10 22:35:40+00:00,51.25,22.5,-222.3755,88.77086370643444,0.0,mid,stable
BEV1_2024-08-10_fast_2,BEV1,BEV1_2024-08-10_fast_2__segment_1,train,2024-08-10 22:34:50+00:00,2024-08-10 22:35:50+00:00,51.25,22.0,-220.385,88.10897819618619,0.0,mid,stable
BEV1_2024-08-10_fast_2,BEV1,BEV1_2024-08-10_fast_2__segment_1,train,2024-08-10 22:35:00+00:00,2024-08-10 22:36:00+00:00,51.25,21.5,-218.6315,87.33793051732395,0.0,mid,stable
BEV1_2024-08-10_fast_2,BEV1,BEV1_2024-08-10_fast_2__segment_1,train,2024-08-10 22:35:10+00:00,2024-08-10 22:36:10+00:00,51.25,21.0,-217.014,86.59440490427151,0.0,mid,stable
BEV1_2024-08-10_fast_2,BEV1,BEV1_2024-08-10_fast_2__segment_1,train,2024-08-10 22:35:20+00:00,2024-08-10 22:36:20+00:00,51.25,21.0,-215.099,86.34902631428791,0.0,mid,stable
BEV1_2024-08-10_fast_2,BEV1,BEV1_2024-08-10_fast_2__segment_1,train,2024-08-10 22:35:30+00:00,2024-08-10 22:36:30+00:00,51.25,21.0,-213.1605,85.82458667225549,0.0,mid,stable
BEV1_2024-08-10_fast_2,BEV1,BEV1_2024-08-10_fast_2__segment_1,train,2024-08-10 22:35:40+00:00,2024-08-10 22:36:40+00:00,51.0,20.5,-211.865,85.03474807537813,-0.25,mid,stable
BEV1_2024-08-10_fast_2,BEV1,BEV1_2024-08-10_fast_2__segment_1,train,2024-08-10 22:35:50+00:00,2024-08-10 22:36:50+00:00,51.0,20.5,-210.399,84.01448861494939,-0.25,mid,stable
BEV1_2024-08-10_fast_2,BEV1,BEV1_2024-08-10_fast_2__segment_1,train,2024-08-10 22:36:00+00:00,2024-08-10 22:37:00+00:00,51.0,20.5,-208.3525,83.23227947563205,-0.25,mid,stable
BEV1_2024-08-10_fast_2,BEV1,BEV1_2024-08-10_fast_2__segment_1,train,2024-08-10 22:36:10+00:00,2024-08-10 22:37:10+00:00,51.0,20.5,-207.2275,82.77152669438786,-0.25,mid,stable
BEV1_2024-08-10_fast_2,BEV1,BEV1_2024-08-10_fast_2__segment_1,train,2024-08-10 22:36:20+00:00,2024-08-10 22:37:20+00:00,51.0,20.0,-205.5875,82.1205901353111,-0.25,mid,stable
BEV1_2024-08-10_fast_2,BEV1,BEV1_2024-08-10_fast_2__segment_1,train,2024-08-10 22:36:30+00:00,2024-08-10 22:37:30+00:00,51.0,20.0,-204.531,81.5556419741163,-0.25,mid,stable
BEV1_2024-08-10_fast_2,BEV1,BEV1_2024-08-10_fast_2__segment_1,train,2024-08-10 22:36:40+00:00,2024-08-10 22:37:40+00:00,51.0,20.0,-202.595,80.79703305442855,0.0,mid,stable
BEV1_2024-08-10_fast_2,BEV1,BEV1_2024-08-10_fast_2__segment_1,train,2024-08-10 22:36:50+00:00,2024-08-10 22:37:50+00:00,51.0,20.0,-201.5395,80.41840194303049,0.0,mid,stable
BEV1_2024-08-10_fast_2,BEV1,BEV1_2024-08-10_fast_2__segment_1,train,2024-08-10 22:37:00+00:00,2024-08-10 22:38:00+00:00,51.0,20.5,-199.5015,79.7007851326424,0.0,mid,stable
BEV1_2024-08-10_fast_2,BEV1,BEV1_2024-08-10_fast_2__segment_1,train,2024-08-10 22:37:10+00:00,2024-08-10 22:38:10+00:00,51.0,21.0,-197.774,79.02392083507956,0.0,mid,stable
BEV1_2024-08-10_fast_2,BEV1,BEV1_2024-08-10_fast_2__segment_1,train,2024-08-10 22:37:20+00:00,2024-08-10 22:38:20+00:00,51.0,21.0,-196.579,78.38004949744288,0.0,mid,stable
BEV1_2024-08-10_fast_2,BEV1,BEV1_2024-08-10_fast_2__segment_1,train,2024-08-10 22:37:30+00:00,2024-08-10 22:38:30+00:00,51.0,21.0,-195.1745,78.23917619241438,0.0,mid,stable
BEV1_2024-08-10_fast_2,BEV1,BEV1_2024-08-10_fast_2__segment_1,train,2024-08-10 22:37:40+00:00,2024-08-10 22:38:40+00:00,51.0,21.0,-193.7045,78.31243183587972,0.0,mid,stable
BEV1_2024-08-10_fast_2,BEV1,BEV1_2024-08-10_fast_2__segment_1,train,2024-08-10 22:37:50+00:00,2024-08-10 22:38:50+00:00,51.0,21.5,-192.283,77.85383104269404,0.0,mid,stable
BEV1_2024-08-10_fast_2,BEV1,BEV1_2024-08-10_fast_2__segment_1,train,2024-08-10 22:38:00+00:00,2024-08-10 22:39:00+00:00,50.75,21.5,-190.7105,77.13337986834311,-0.25,mid,stable
BEV1_2024-08-10_fast_2,BEV1,BEV1_2024-08-10_fast_2__segment_1,train,2024-08-10 22:38:10+00:00,2024-08-10 22:39:10+00:00,50.75,21.5,-190.3455,76.88518546081791,-0.25,mid,stable
BEV1_2024-08-10_fast_2,BEV1,BEV1_2024-08-10_fast_2__segment_1,train,2024-08-10 22:38:20+00:00,2024-08-10 22:39:20+00:00,50.75,21.5,-188.3805,76.04812539752268,-0.25,mid,stable
BEV1_2024-08-10_fast_2,BEV1,BEV1_2024-08-10_fast_2__segment_1,train,2024-08-10 22:38:30+00:00,2024-08-10 22:39:30+00:00,50.75,21.5,-186.742,74.54894529465113,-0.25,mid,stable
BEV1_2024-08-10_fast_2,BEV1,BEV1_2024-08-10_fast_2__segment_1,train,2024-08-10 22:38:40+00:00,2024-08-10 22:39:40+00:00,50.75,21.0,-186.149,74.22170508850448,-0.25,mid,stable
BEV1_2024-08-10_fast_2,BEV1,BEV1_2024-08-10_fast_2__segment_1,train,2024-08-10 22:38:50+00:00,2024-08-10 22:39:50+00:00,50.75,20.5,-184.466,73.60727150329296,-0.25,mid,stable
BEV1_2024-08-10_fast_2,BEV1,BEV1_2024-08-10_fast_2__segment_1,train,2024-08-10 22:39:00+00:00,2024-08-10 22:40:00+00:00,50.75,20.5,-184.1775,73.51797381491939,0.0,mid,stable
BEV1_2024-08-10_fast_2,BEV1,BEV1_2024-08-10_fast_2__segment_1,train,2024-08-10 22:39:10+00:00,2024-08-10 22:40:10+00:00,50.75,20.5,-182.856,72.92848039082864,0.0,mid,stable
BEV1_2024-08-10_fast_2,BEV1,BEV1_2024-08-10_fast_2__segment_1,train,2024-08-10 22:39:20+00:00,2024-08-10 22:40:20+00:00,50.75,20.5,-181.5975,72.39978381872645,0.0,mid,stable
BEV1_2024-08-10_fast_2,BEV1,BEV1_2024-08-10_fast_2__segment_1,train,2024-08-10 22:39:30+00:00,2024-08-10 22:40:30+00:00,50.75,20.0,-180.657,72.08175796491513,0.0,mid,stable
BEV1_2024-08-10_fast_2,BEV1,BEV1_2024-08-10_fast_2__segment_1,train,2024-08-10 22:39:40+00:00,2024-08-10 22:40:40+00:00,50.75,20.0,-179.4675,71.55048018340858,0.0,mid,stable
BEV1_2024-08-10_fast_2,BEV1,BEV1_2024-08-10_fast_2__segment_1,train,2024-08-10 22:39:50+00:00,2024-08-10 22:40:50+00:00,50.75,20.5,-178.1735,71.05097223941168,0.0,mid,stable
BEV1_2024-08-10_fast_2,BEV1,BEV1_2024-08-10_fast_2__segment_1,train,2024-08-10 22:40:00+00:00,2024-08-10 22:41:00+00:00,50.75,20.5,-176.7085,70.432017318221,0.0,mid,stable
BEV1_2024-08-10_fast_2,BEV1,BEV1_2024-08-10_fast_2__segment_1,train,2024-08-10 22:40:10+00:00,2024-08-10 22:41:10+00:00,50.75,20.0,-175.6055,70.06344324200154,0.0,mid,stable
BEV1_2024-08-10_fast_2,BEV1,BEV1_2024-08-10_fast_2__segment_1,train,2024-08-10 22:40:20+00:00,2024-08-10 22:41:20+00:00,50.5,20.0,-174.9745,69.72663086424538,-0.25,mid,stable
BEV1_2024-08-10_fast_2,BEV1,BEV1_2024-08-10_fast_2__segment_1,train,2024-08-10 22:40:30+00:00,2024-08-10 22:41:30+00:00,50.5,20.5,-173.5995,69.20980635059401,-0.25,mid,stable
BEV1_2024-08-10_fast_2,BEV1,BEV1_2024-08-10_fast_2__segment_1,train,2024-08-10 22:40:40+00:00,2024-08-10 22:41:40+00:00,50.5,21.0,-172.226,68.6586688430929,-0.25,low,stable
BEV1_2024-08-10_fast_2,BEV1,BEV1_2024-08-10_fast_2__segment_1,train,2024-08-10 22:40:50+00:00,2024-08-10 22:41:50+00:00,50.5,21.0,-171.064,68.19028783053166,-0.25,low,stable
BEV1_2024-08-10_fast_2,BEV1,BEV1_2024-08-10_fast_2__segment_1,train,2024-08-10 22:41:00+00:00,2024-08-10 22:42:00+00:00,50.5,21.0,-170.294,67.88240619441738,-0.25,low,stable
BEV1_2024-08-10_fast_2,BEV1,BEV1_2024-08-10_fast_2__segment_1,train,2024-08-10 22:41:10+00:00,2024-08-10 22:42:10+00:00,50.5,21.5,-169.289,67.44567310550553,-0.25,low,stable
BEV1_2024-08-10_fast_2,BEV1,BEV1_2024-08-10_fast_2__segment_1,train,2024-08-10 22:41:20+00:00,2024-08-10 22:42:20+00:00,50.5,21.5,-168.334,67.03927173855664,0.0,low,stable
BEV1_2024-08-10_fast_2,BEV1,BEV1_2024-08-10_fast_2__segment_1,train,2024-08-10 22:41:30+00:00,2024-08-10 22:42:30+00:00,50.5,21.5,-166.6855,66.45014636015824,0.0,low,stable
BEV1_2024-08-10_fast_2,BEV1,BEV1_2024-08-10_fast_2__segment_1,train,2024-08-10 22:41:40+00:00,2024-08-10 22:42:40+00:00,50.5,21.5,-165.47,65.90690815196989,0.0,low,stable
BEV1_2024-08-10_fast_2,BEV1,BEV1_2024-08-10_fast_2__segment_1,train,2024-08-10 22:41:50+00:00,2024-08-10 22:42:50+00:00,50.5,21.0,-164.525,65.4927949435142,0.0,low,stable
BEV1_2024-08-10_fast_2,BEV1,BEV1_2024-08-10_fast_2__segment_1,train,2024-08-10 22:42:00+00:00,2024-08-10 22:43:00+00:00,50.5,21.0,-163.4235,65.08114523858379,0.0,low,stable
BEV1_2024-08-10_fast_2,BEV1,BEV1_2024-08-10_fast_2__segment_1,train,2024-08-10 22:42:10+00:00,2024-08-10 22:43:10+00:00,50.5,21.0,-162.192,64.55762076052615,0.0,low,stable
BEV1_2024-08-10_fast_2,BEV1,BEV1_2024-08-10_fast_2__segment_1,train,2024-08-10 22:42:20+00:00,2024-08-10 22:43:20+00:00,50.25,20.5,-161.4325,64.2937398663711,-0.25,low,stable
BEV1_2024-08-10_fast_2,BEV1,BEV1_2024-08-10_fast_2__segment_1,train,2024-08-10 22:42:30+00:00,2024-08-10 22:43:30+00:00,50.25,20.5,-159.8785,63.6736124870128,-0.25,low,stable
BEV1_2024-08-10_fast_2,BEV1,BEV1_2024-08-10_fast_2__segment_1,train,2024-08-10 22:42:40+00:00,2024-08-10 22:43:40+00:00,50.25,20.5,-159.318,63.37240150290917,-0.25,low,stable
BEV1_2024-08-10_fast_2,BEV1,BEV1_2024-08-10_fast_2__segment_1,train,2024-08-10 22:42:50+00:00,2024-08-10 22:43:50+00:00,50.25,20.0,-158.2645,63.04901882754996,-0.25,low,stable
BEV1_2024-08-10_fast_2,BEV1,BEV1_2024-08-10_fast_2__segment_1,train,2024-08-10 22:43:00+00:00,2024-08-10 22:44:00+00:00,50.25,20.0,-156.8495,62.49816392942521,-0.25,low,stable
BEV1_2024-08-10_fast_2,BEV1,BEV1_2024-08-10_fast_2__segment_1,train,2024-08-10 22:43:10+00:00,2024-08-10 22:44:10+00:00,50.25,20.0,-155.653,61.950180933788054,-0.25,low,stable
BEV1_2024-08-10_fast_2,BEV1,BEV1_2024-08-10_fast_2__segment_1,train,2024-08-10 22:43:20+00:00,2024-08-10 22:44:20+00:00,50.25,20.0,-153.8215,61.25568914400781,0.0,low,stable
BEV1_2024-08-10_fast_2,BEV1,BEV1_2024-08-10_fast_2__segment_1,train,2024-08-10 22:43:30+00:00,2024-08-10 22:44:30+00:00,50.25,20.0,-153.3675,61.07254909548088,0.0,low,stable
BEV1_2024-08-10_fast_2,BEV1,BEV1_2024-08-10_fast_2__segment_1,train,2024-08-10 22:43:40+00:00,2024-08-10 22:44:40+00:00,50.25,20.0,-152.228,60.627537981072855,0.0,low,stable
BEV1_2024-08-10_fast_2,BEV1,BEV1_2024-08-10_fast_2__segment_1,train,2024-08-10 22:43:50+00:00,2024-08-10 22:44:50+00:00,50.25,20.0,-150.0665,59.733354978405146,0.0,low,stable
BEV1_2024-08-10_fast_2,BEV1,BEV1_2024-08-10_fast_2__segment_1,train,2024-08-10 22:44:00+00:00,2024-08-10 22:45:00+00:00,50.0,20.0,-150.0375,59.68043265702126,-0.25,low,stable
BEV1_2024-08-10_fast_2,BEV1,BEV1_2024-08-10_fast_2__segment_1,train,2024-08-10 22:44:10+00:00,2024-08-10 22:45:10+00:00,50.0,20.0,-149.2025,59.358800076161536,-0.25,low,stable
BEV1_2024-08-10_fast_2,BEV1,BEV1_2024-08-10_fast_2__segment_1,train,2024-08-10 22:44:20+00:00,2024-08-10 22:45:20+00:00,50.0,20.5,-146.494,58.33221405141409,-0.25,low,stable
BEV1_2024-08-10_fast_2,BEV1,BEV1_2024-08-10_fast_2__segment_1,train,2024-08-10 22:44:30+00:00,2024-08-10 22:45:30+00:00,50.0,20.5,-146.817,58.42085956324352,-0.25,low,stable
BEV1_2024-08-10_fast_2,BEV1,BEV1_2024-08-10_fast_2__segment_1,train,2024-08-10 22:44:40+00:00,2024-08-10 22:45:40+00:00,50.0,20.5,-146.177,58.218425476246615,-0.25,low,stable
BEV1_2024-08-10_fast_2,BEV1,BEV1_2024-08-10_fast_2__segment_1,train,2024-08-10 22:44:50+00:00,2024-08-10 22:45:50+00:00,50.0,21.0,-143.8205,57.27165783619822,-0.25,low,stable
BEV1_2024-08-10_fast_2,BEV1,BEV1_2024-08-10_fast_2__segment_1,train,2024-08-10 22:45:00+00:00,2024-08-10 22:46:00+00:00,50.0,21.0,-143.3875,57.06211833488892,0.0,low,stable
BEV1_2024-09-01_fast_1,BEV1,BEV1_2024-09-01_fast_1__segment_1,train,2024-09-01 17:42:46+00:00,2024-09-01 17:43:46+00:00,44.5,28.5,-273.46850000000006,107.368677530276,0.25,high,stable
BEV1_2024-09-01_fast_1,BEV1,BEV1_2024-09-01_fast_1__segment_4,train,2024-09-01 17:44:57+00:00,2024-09-01 17:45:57+00:00,46.75,29.0,-273.7130000000001,107.33128897223932,1.0,high,warming
BEV1_2024-09-01_fast_1,BEV1,BEV1_2024-09-01_fast_1__segment_4,train,2024-09-01 17:45:07+00:00,2024-09-01 17:46:07+00:00,47.0,29.0,-270.867,106.92912807122792,1.0,high,warming
BEV1_2024-09-01_fast_1,BEV1,BEV1_2024-09-01_fast_1__segment_4,train,2024-09-01 17:45:17+00:00,2024-09-01 17:46:17+00:00,47.25,29.0,-273.8355000000001,107.58820074897493,1.0,high,warming
BEV1_2024-09-01_fast_1,BEV1,BEV1_2024-09-01_fast_1__segment_4,train,2024-09-01 17:45:27+00:00,2024-09-01 17:46:27+00:00,47.25,29.0,-271.802,107.19851920517416,1.0,high,warming
BEV1_2024-09-01_fast_1,BEV1,BEV1_2024-09-01_fast_1__segment_4,train,2024-09-01 17:45:37+00:00,2024-09-01 17:46:37+00:00,47.5,29.0,-271.95000000000005,107.07663813754253,1.0,high,warming
BEV1_2024-09-01_fast_1,BEV1,BEV1_2024-09-01_fast_1__segment_4,train,2024-09-01 17:45:47+00:00,2024-09-01 17:46:47+00:00,47.5,29.0,-273.20200000000006,107.702239302991,0.75,high,warming
BEV1_2024-09-01_fast_1,BEV1,BEV1_2024-09-01_fast_1__segment_4,train,2024-09-01 17:45:57+00:00,2024-09-01 17:46:57+00:00,47.75,28.5,-271.53850000000006,107.11215821449748,1.0,high,warming
BEV1_2024-09-01_fast_1,BEV1,BEV1_2024-09-01_fast_1__segment_4,train,2024-09-01 17:46:07+00:00,2024-09-01 17:47:07+00:00,47.75,28.5,-271.61550000000005,107.24859509897952,0.75,high,warming
BEV1_2024-09-01_fast_1,BEV1,BEV1_2024-09-01_fast_1__segment_4,train,2024-09-01 17:46:17+00:00,2024-09-01 17:47:17+00:00,48.0,28.5,-271.25250000000005,107.18385400780281,0.75,high,warming
BEV1_2024-09-01_fast_1,BEV1,BEV1_2024-09-01_fast_1__segment_4,train,2024-09-01 17:46:27+00:00,2024-09-01 17:47:27+00:00,48.0,28.5,-271.43050000000005,107.2122477748378,0.75,high,warming
BEV1_2024-09-01_fast_1,BEV1,BEV1_2024-09-01_fast_1__segment_4,train,2024-09-01 17:46:37+00:00,2024-09-01 17:47:37+00:00,48.25,28.5,-272.84850000000006,107.38655526412525,0.75,high,warming
BEV1_2024-09-01_fast_1,BEV1,BEV1_2024-09-01_fast_1__segment_4,train,2024-09-01 17:46:47+00:00,2024-09-01 17:47:47+00:00,48.25,28.5,-272.44595959595966,107.3603014714611,0.75,high,warming
BEV1_2024-09-01_fast_1,BEV1,BEV1_2024-09-01_fast_1__segment_4,train,2024-09-01 17:46:57+00:00,2024-09-01 17:47:57+00:00,48.5,28.5,-269.34450000000004,107.11090519330637,0.75,high,warming
BEV1_2024-09-01_fast_1,BEV1,BEV1_2024-09-01_fast_1__segment_4,train,2024-09-01 17:47:07+00:00,2024-09-01 17:48:07+00:00,48.5,28.5,-270.51950000000005,107.60820622631776,0.75,high,warming
BEV1_2024-09-01_fast_1,BEV1,BEV1_2024-09-01_fast_1__segment_4,train,2024-09-01 17:47:17+00:00,2024-09-01 17:48:17+00:00,48.75,28.0,-268.11,107.16493777591269,0.75,high,warming
BEV1_2024-09-01_fast_1,BEV1,BEV1_2024-09-01_fast_1__segment_4,train,2024-09-01 17:47:27+00:00,2024-09-01 17:48:27+00:00,48.75,28.0,-270.19750000000005,107.60666035568299,0.75,high,warming
BEV1_2024-09-01_fast_1,BEV1,BEV1_2024-09-01_fast_1__segment_4,train,2024-09-01 17:47:37+00:00,2024-09-01 17:48:37+00:00,49.0,28.0,-269.53900000000004,107.54542652797473,0.75,high,warming
BEV1_2024-09-01_fast_1,BEV1,BEV1_2024-09-01_fast_1__segment_4,train,2024-09-01 17:47:47+00:00,2024-09-01 17:48:47+00:00,49.0,28.0,-269.6625,107.35613181519169,0.75,high,warming
BEV1_2024-09-01_fast_1,BEV1,BEV1_2024-09-01_fast_1__segment_4,train,2024-09-01 17:47:57+00:00,2024-09-01 17:48:57+00:00,49.25,28.0,-270.30150000000003,107.47120462935695,0.75,high,warming
BEV1_2024-09-01_fast_1,BEV1,BEV1_2024-09-01_fast_1__segment_4,train,2024-09-01 17:48:07+00:00,2024-09-01 17:49:07+00:00,49.25,28.0,-269.37350000000004,107.32774877699636,0.75,high,warming
BEV1_2024-09-01_fast_1,BEV1,BEV1_2024-09-01_fast_1__segment_4,train,2024-09-01 17:48:17+00:00,2024-09-01 17:49:17+00:00,49.5,28.0,-270.05850000000004,107.48869746608112,0.75,high,warming
BEV1_2024-09-01_fast_1,BEV1,BEV1_2024-09-01_fast_1__segment_4,train,2024-09-01 17:48:27+00:00,2024-09-01 17:49:27+00:00,49.5,28.0,-269.50900000000007,107.47758270999466,0.75,high,warming
BEV1_2024-09-01_fast_1,BEV1,BEV1_2024-09-01_fast_1__segment_4,train,2024-09-01 17:48:37+00:00,2024-09-01 17:49:37+00:00,49.75,27.5,-272.2560000000001,107.48752877357028,0.75,high,warming
BEV1_2024-09-01_fast_1,BEV1,BEV1_2024-09-01_fast_1__segment_4,train,2024-09-01 17:48:47+00:00,2024-09-01 17:49:47+00:00,49.75,27.5,-271.03400000000005,107.33492014804314,0.75,high,warming
BEV1_2024-09-01_fast_1,BEV1,BEV1_2024-09-01_fast_1__segment_4,train,2024-09-01 17:48:57+00:00,2024-09-01 17:49:57+00:00,50.0,28.0,-271.68100000000004,107.4064900920585,0.75,high,warming
BEV1_2024-09-01_fast_1,BEV1,BEV1_2024-09-01_fast_1__segment_4,train,2024-09-01 17:49:07+00:00,2024-09-01 17:50:07+00:00,50.0,28.0,-271.9878787878788,107.47407781263442,0.75,high,warming
BEV1_2024-09-01_fast_1,BEV1,BEV1_2024-09-01_fast_1__segment_4,train,2024-09-01 17:49:17+00:00,2024-09-01 17:50:17+00:00,50.25,27.5,-271.728,107.55956531482516,0.75,high,warming
BEV1_2024-09-01_fast_1,BEV1,BEV1_2024-09-01_fast_1__segment_4,train,2024-09-01 17:49:27+00:00,2024-09-01 17:50:27+00:00,50.25,27.5,-268.46250000000003,107.32164868059579,0.75,high,warming
BEV1_2024-09-01_fast_1,BEV1,BEV1_2024-09-01_fast_1__segment_4,train,2024-09-01 17:49:37+00:00,2024-09-01 17:50:37+00:00,50.5,27.5,-268.81000000000006,107.36858724708975,0.75,high,warming
BEV1_2024-09-01_fast_1,BEV1,BEV1_2024-09-01_fast_1__segment_4,train,2024-09-01 17:49:47+00:00,2024-09-01 17:50:47+00:00,50.75,27.5,-267.13950000000006,107.17634296169045,1.0,high,warming
BEV1_2024-09-01_fast_1,BEV1,BEV1_2024-09-01_fast_1__segment_4,train,2024-09-01 17:49:57+00:00,2024-09-01 17:50:57+00:00,50.75,27.5,-266.10850000000005,107.83987534988874,0.75,high,warming
BEV1_2024-09-01_fast_1,BEV1,BEV1_2024-09-01_fast_1__segment_4,train,2024-09-01 17:50:07+00:00,2024-09-01 17:51:07+00:00,50.75,27.5,-265.52400000000006,107.45744167376196,0.75,high,warming
BEV1_2024-09-01_fast_1,BEV1,BEV1_2024-09-01_fast_1__segment_4,train,2024-09-01 17:50:17+00:00,2024-09-01 17:51:17+00:00,51.0,27.5,-267.12100000000004,107.75906524630727,0.75,high,warming
BEV1_2024-09-01_fast_1,BEV1,BEV1_2024-09-01_fast_1__segment_4,train,2024-09-01 17:50:27+00:00,2024-09-01 17:51:27+00:00,51.0,27.5,-264.18000000000006,107.43680416047111,0.75,high,warming
BEV1_2024-09-01_fast_1,BEV1,BEV1_2024-09-01_fast_1__segment_4,train,2024-09-01 17:50:37+00:00,2024-09-01 17:51:37+00:00,51.25,27.5,-263.92100000000005,107.9797465896099,0.75,high,warming
BEV1_2024-09-01_fast_1,BEV1,BEV1_2024-09-01_fast_1__segment_4,train,2024-09-01 17:50:47+00:00,2024-09-01 17:51:47+00:00,51.25,27.5,-259.423,106.99898284928118,0.5,high,warming
BEV1_2024-09-01_fast_1,BEV1,BEV1_2024-09-01_fast_1__segment_4,train,2024-09-01 17:50:57+00:00,2024-09-01 17:51:57+00:00,51.5,27.5,-258.32450000000006,107.1543183703562,0.75,high,warming
BEV1_2024-09-01_fast_1,BEV1,BEV1_2024-09-01_fast_1__segment_4,train,2024-09-01 17:51:07+00:00,2024-09-01 17:52:07+00:00,51.5,27.5,-260.03400000000005,107.3656445409309,0.75,high,warming
BEV1_2024-09-01_fast_1,BEV1,BEV1_2024-09-01_fast_1__segment_4,train,2024-09-01 17:51:17+00:00,2024-09-01 17:52:17+00:00,51.5,27.5,-258.28650000000005,107.45449483699981,0.5,high,warming
BEV1_2024-09-01_fast_1,BEV1,BEV1_2024-09-01_fast_1__segment_4,train,2024-09-01 17:51:27+00:00,2024-09-01 17:52:27+00:00,51.75,27.5,-258.64750000000004,107.17277894842327,0.75,high,warming
BEV1_2024-09-01_fast_1,BEV1,BEV1_2024-09-01_fast_1__segment_4,train,2024-09-01 17:51:37+00:00,2024-09-01 17:52:37+00:00,51.75,27.5,-257.84250000000003,107.13063231090258,0.5,high,warming
BEV1_2024-09-01_fast_1,BEV1,BEV1_2024-09-01_fast_1__segment_4,train,2024-09-01 17:51:47+00:00,2024-09-01 17:52:47+00:00,51.75,27.5,-257.0690000000001,107.39003344667464,0.5,high,warming
BEV1_2024-09-01_fast_1,BEV1,BEV1_2024-09-01_fast_1__segment_4,train,2024-09-01 17:51:57+00:00,2024-09-01 17:52:57+00:00,52.0,27.5,-258.47400000000005,108.07695803140652,0.5,high,warming
BEV1_2024-09-01_fast_1,BEV1,BEV1_2024-09-01_fast_1__segment_4,train,2024-09-01 17:52:07+00:00,2024-09-01 17:53:07+00:00,52.0,27.5,-265.6940000000001,110.6387580863417,0.5,high,warming
BEV1_2024-09-01_fast_1,BEV1,BEV1_2024-09-01_fast_1__segment_4,train,2024-09-01 17:52:17+00:00,2024-09-01 17:53:17+00:00,52.0,27.5,-256.744,107.36387755467291,0.5,high,warming
BEV1_2024-09-01_fast_1,BEV1,BEV1_2024-09-01_fast_1__segment_4,train,2024-09-01 17:52:27+00:00,2024-09-01 17:53:27+00:00,52.0,27.5,-257.49700000000007,107.4261929088328,0.25,high,stable
BEV1_2024-09-01_fast_1,BEV1,BEV1_2024-09-01_fast_1__segment_4,train,2024-09-01 17:52:37+00:00,2024-09-01 17:53:37+00:00,52.25,27.5,-259.07250000000005,107.43123101103352,0.5,high,warming
BEV1_2024-09-01_fast_1,BEV1,BEV1_2024-09-01_fast_1__segment_4,train,2024-09-01 17:52:47+00:00,2024-09-01 17:53:47+00:00,52.25,27.5,-256.62600000000003,107.09842637253767,0.5,high,warming
BEV1_2024-09-01_fast_1,BEV1,BEV1_2024-09-01_fast_1__segment_4,train,2024-09-01 17:52:57+00:00,2024-09-01 17:53:57+00:00,52.25,27.5,-256.58700000000005,107.34411315435864,0.25,high,stable
BEV1_2024-09-01_fast_1,BEV1,BEV1_2024-09-01_fast_1__segment_4,train,2024-09-01 17:53:07+00:00,2024-09-01 17:54:07+00:00,52.25,27.5,-257.67,107.89562143548702,0.25,high,stable
BEV1_2024-09-01_fast_1,BEV1,BEV1_2024-09-01_fast_1__segment_4,train,2024-09-01 17:53:17+00:00,2024-09-01 17:54:17+00:00,52.5,27.5,-257.15000000000003,107.2848190951086,0.5,high,warming
BEV1_2024-09-01_fast_1,BEV1,BEV1_2024-09-01_fast_1__segment_4,train,2024-09-01 17:53:27+00:00,2024-09-01 17:54:27+00:00,52.5,27.5,-255.71400000000008,107.51460697027863,0.5,high,warming
BEV1_2024-09-01_fast_1,BEV1,BEV1_2024-09-01_fast_1__segment_4,train,2024-09-01 17:53:37+00:00,2024-09-01 17:54:37+00:00,52.5,27.5,-255.9915000000001,107.57912195115824,0.25,high,stable
BEV1_2024-09-01_fast_1,BEV1,BEV1_2024-09-01_fast_1__segment_4,train,2024-09-01 17:53:47+00:00,2024-09-01 17:54:47+00:00,52.5,27.5,-256.85150000000004,107.43731329756012,0.25,high,stable
BEV1_2024-09-01_fast_1,BEV1,BEV1_2024-09-01_fast_1__segment_4,train,2024-09-01 17:53:57+00:00,2024-09-01 17:54:57+00:00,52.75,27.5,-257.06350000000003,107.15793731528271,0.5,high,warming
BEV1_2024-09-01_fast_1,BEV1,BEV1_2024-09-01_fast_1__segment_4,train,2024-09-01 17:54:07+00:00,2024-09-01 17:55:07+00:00,52.75,27.5,-256.21450000000004,106.99598483595355,0.5,high,warming
BEV1_2024-09-01_fast_1,BEV1,BEV1_2024-09-01_fast_1__segment_4,train,2024-09-01 17:54:17+00:00,2024-09-01 17:55:17+00:00,52.75,27.5,-257.6625,107.37673515712795,0.25,high,stable
BEV1_2024-09-01_fast_1,BEV1,BEV1_2024-09-01_fast_1__segment_4,train,2024-09-01 17:54:27+00:00,2024-09-01 17:55:27+00:00,52.75,27.5,-256.57050000000004,107.56108881006561,0.25,high,stable
BEV1_2024-09-01_fast_1,BEV1,BEV1_2024-09-01_fast_1__segment_4,train,2024-09-01 17:54:37+00:00,2024-09-01 17:55:37+00:00,52.75,27.5,-255.7665000000001,107.50007561518278,0.25,high,stable
BEV1_2024-09-01_fast_1,BEV1,BEV1_2024-09-01_fast_1__segment_4,train,2024-09-01 17:54:47+00:00,2024-09-01 17:55:47+00:00,53.0,27.5,-256.2345,107.3032995751734,0.5,high,warming
BEV1_2024-09-01_fast_1,BEV1,BEV1_2024-09-01_fast_1__segment_4,train,2024-09-01 17:54:57+00:00,2024-09-01 17:55:57+00:00,53.0,27.5,-255.38300000000007,107.30749455150459,0.25,high,stable
BEV1_2024-09-01_fast_1,BEV1,BEV1_2024-09-01_fast_1__segment_4,train,2024-09-01 17:55:07+00:00,2024-09-01 17:56:07+00:00,53.0,27.5,-255.68250000000003,107.22885333651702,0.25,high,stable
BEV1_2024-09-01_fast_1,BEV1,BEV1_2024-09-01_fast_1__segment_4,train,2024-09-01 17:55:17+00:00,2024-09-01 17:56:17+00:00,53.0,27.5,-255.11500000000004,107.12026181442764,0.25,high,stable
BEV1_2024-09-01_fast_1,BEV1,BEV1_2024-09-01_fast_1__segment_4,train,2024-09-01 17:55:27+00:00,2024-09-01 17:56:27+00:00,53.0,27.5,-254.62400000000005,106.9433495774326,0.25,high,stable
BEV1_2024-09-01_fast_1,BEV1,BEV1_2024-09-01_fast_1__segment_4,train,2024-09-01 17:55:37+00:00,2024-09-01 17:56:37+00:00,53.0,27.5,-250.91850000000005,105.55724421062432,0.25,high,stable
BEV1_2024-09-01_fast_1,BEV1,BEV1_2024-09-01_fast_1__segment_4,train,2024-09-01 17:55:47+00:00,2024-09-01 17:56:47+00:00,53.0,27.5,-249.17850000000007,104.3641944440752,0.0,high,stable
BEV1_2024-09-01_fast_1,BEV1,BEV1_2024-09-01_fast_1__segment_4,train,2024-09-01 17:55:57+00:00,2024-09-01 17:56:57+00:00,53.25,27.5,-247.46000000000004,103.72696434289657,0.25,high,stable
BEV1_2024-09-01_fast_1,BEV1,BEV1_2024-09-01_fast_1__segment_4,train,2024-09-01 17:56:07+00:00,2024-09-01 17:57:07+00:00,53.25,27.5,-243.83250000000007,102.82166752939115,0.25,high,stable
BEV1_2024-09-01_fast_1,BEV1,BEV1_2024-09-01_fast_1__segment_4,train,2024-09-01 17:56:17+00:00,2024-09-01 17:57:17+00:00,53.25,27.5,-241.79450000000008,102.04191401931216,0.25,high,stable
BEV1_2024-09-01_fast_1,BEV1,BEV1_2024-09-01_fast_1__segment_4,train,2024-09-01 17:56:27+00:00,2024-09-01 17:57:27+00:00,53.25,27.5,-240.07800000000003,101.42942290591736,0.25,high,stable
BEV1_2024-09-01_fast_1,BEV1,BEV1_2024-09-01_fast_1__segment_4,train,2024-09-01 17:56:37+00:00,2024-09-01 17:57:37+00:00,53.25,27.5,-237.35750000000004,100.11673316542186,0.25,high,stable
BEV1_2024-09-01_fast_1,BEV1,BEV1_2024-09-01_fast_1__segment_4,train,2024-09-01 17:56:47+00:00,2024-09-01 17:57:47+00:00,53.25,27.5,-234.86000000000004,99.018238594531,0.25,high,stable
BEV1_2024-09-01_fast_1,BEV1,BEV1_2024-09-01_fast_1__segment_4,train,2024-09-01 17:56:57+00:00,2024-09-01 17:57:57+00:00,53.25,27.5,-231.60750000000007,97.8511767599977,0.0,high,stable
BEV1_2024-09-01_fast_1,BEV1,BEV1_2024-09-01_fast_1__segment_4,train,2024-09-01 17:57:07+00:00,2024-09-01 17:58:07+00:00,53.25,27.5,-228.82750000000004,96.83949363011928,0.0,high,stable
BEV1_2024-09-01_fast_1,BEV1,BEV1_2024-09-01_fast_1__segment_4,train,2024-09-01 17:57:17+00:00,2024-09-01 17:58:17+00:00,53.25,27.5,-228.29650000000004,95.93538492832462,0.0,high,stable
BEV1_2024-09-01_fast_1,BEV1,BEV1_2024-09-01_fast_1__segment_4,train,2024-09-01 17:57:27+00:00,2024-09-01 17:58:27+00:00,53.25,27.5,-224.8965000000001,95.25738250034952,0.0,high,stable
BEV1_2024-09-01_fast_1,BEV1,BEV1_2024-09-01_fast_1__segment_4,train,2024-09-01 17:57:37+00:00,2024-09-01 17:58:37+00:00,53.25,27.5,-223.2740000000001,94.45521188433504,0.0,mid,stable
BEV1_2024-09-01_fast_1,BEV1,BEV1_2024-09-01_fast_1__segment_4,train,2024-09-01 17:57:47+00:00,2024-09-01 17:58:47+00:00,53.25,27.5,-219.77950000000004,93.60734992944427,0.0,mid,stable
BEV1_2024-09-01_fast_1,BEV1,BEV1_2024-09-01_fast_1__segment_4,train,2024-09-01 17:57:57+00:00,2024-09-01 17:58:57+00:00,53.25,27.5,-218.89200000000005,92.8776822373474,0.0,mid,stable
BEV1_2024-09-01_fast_1,BEV1,BEV1_2024-09-01_fast_1__segment_4,train,2024-09-01 17:58:07+00:00,2024-09-01 17:59:07+00:00,53.0,27.5,-217.73350000000005,92.20751331076248,-0.25,mid,stable
BEV1_2024-09-01_fast_1,BEV1,BEV1_2024-09-01_fast_1__segment_4,train,2024-09-01 17:58:17+00:00,2024-09-01 17:59:17+00:00,53.0,27.5,-215.84700000000004,91.32151049159373,-0.25,mid,stable
BEV1_2024-09-01_fast_1,BEV1,BEV1_2024-09-01_fast_1__segment_4,train,2024-09-01 17:58:27+00:00,2024-09-01 17:59:27+00:00,53.0,27.5,-213.11200000000005,90.28557170816092,-0.25,mid,stable
BEV1_2024-09-01_fast_1,BEV1,BEV1_2024-09-01_fast_1__segment_4,train,2024-09-01 17:58:37+00:00,2024-09-01 17:59:37+00:00,53.0,27.5,-210.34800000000004,89.36415266720573,-0.25,mid,stable
BEV1_2024-09-01_fast_1,BEV1,BEV1_2024-09-01_fast_1__segment_4,train,2024-09-01 17:58:47+00:00,2024-09-01 17:59:47+00:00,53.0,27.5,-208.3355,88.19353524154447,-0.25,mid,stable
BEV1_2024-09-01_fast_1,BEV1,BEV1_2024-09-01_fast_1__segment_4,train,2024-09-01 17:58:57+00:00,2024-09-01 17:59:57+00:00,53.0,27.5,-207.28800000000004,87.47197511904847,-0.25,mid,stable
BEV1_2024-09-01_fast_1,BEV1,BEV1_2024-09-01_fast_1__segment_4,train,2024-09-01 17:59:07+00:00,2024-09-01 18:00:07+00:00,53.0,27.5,-205.62272727272733,86.56315849509552,0.0,mid,stable
BEV1_2024-09-01_fast_1,BEV1,BEV1_2024-09-01_fast_1__segment_4,train,2024-09-01 17:59:17+00:00,2024-09-01 18:00:17+00:00,52.75,27.5,-202.75750000000005,85.7477535870634,-0.25,mid,stable
BEV1_2024-09-01_fast_1,BEV1,BEV1_2024-09-01_fast_1__segment_4,train,2024-09-01 17:59:27+00:00,2024-09-01 18:00:27+00:00,52.75,27.5,-201.17350000000005,84.91366976907581,-0.25,mid,stable
BEV1_2024-09-01_fast_1,BEV1,BEV1_2024-09-01_fast_1__segment_4,train,2024-09-01 17:59:37+00:00,2024-09-01 18:00:37+00:00,52.75,27.5,-200.07400000000004,83.80419015377075,-0.25,mid,stable
BEV1_2024-09-01_fast_1,BEV1,BEV1_2024-09-01_fast_1__segment_4,train,2024-09-01 17:59:47+00:00,2024-09-01 18:00:47+00:00,52.75,27.5,-198.2155,83.00529296039956,-0.25,mid,stable
BEV1_2024-09-01_fast_1,BEV1,BEV1_2024-09-01_fast_1__segment_4,train,2024-09-01 17:59:57+00:00,2024-09-01 18:00:57+00:00,52.75,27.5,-195.58850000000007,81.79661985744774,-0.25,mid,stable
BEV1_2024-09-01_fast_1,BEV1,BEV1_2024-09-01_fast_1__segment_4,train,2024-09-01 18:00:07+00:00,2024-09-01 18:01:07+00:00,52.5,27.5,-194.39500000000004,80.90857448177277,-0.5,mid,cooling
BEV1_2024-09-01_fast_1,BEV1,BEV1_2024-09-01_fast_1__segment_4,train,2024-09-01 18:00:17+00:00,2024-09-01 18:01:17+00:00,52.5,27.5,-193.40200000000004,80.28783439266958,-0.25,mid,stable
BEV1_2024-09-01_fast_1,BEV1,BEV1_2024-09-01_fast_1__segment_4,train,2024-09-01 18:00:27+00:00,2024-09-01 18:01:27+00:00,52.5,27.5,-190.30700000000004,79.29347007773505,-0.25,mid,stable
BEV1_2024-09-01_fast_1,BEV1,BEV1_2024-09-01_fast_1__segment_4,train,2024-09-01 18:00:37+00:00,2024-09-01 18:01:37+00:00,52.5,27.5,-190.563,78.75799733503153,-0.25,mid,stable
BEV1_2024-09-01_fast_1,BEV1,BEV1_2024-09-01_fast_1__segment_4,train,2024-09-01 18:00:47+00:00,2024-09-01 18:01:47+00:00,52.5,27.5,-188.58350000000007,77.83392322811041,-0.25,mid,stable
BEV1_2024-09-01_fast_1,BEV1,BEV1_2024-09-01_fast_1__segment_4,train,2024-09-01 18:00:57+00:00,2024-09-01 18:01:57+00:00,52.25,27.5,-187.12150000000003,77.17873465856366,-0.5,mid,cooling
BEV1_2024-09-01_fast_1,BEV1,BEV1_2024-09-01_fast_1__segment_4,train,2024-09-01 18:01:07+00:00,2024-09-01 18:02:07+00:00,52.25,27.5,-185.82300000000004,76.26376633249112,-0.25,mid,stable
BEV1_2024-09-01_fast_1,BEV1,BEV1_2024-09-01_fast_1__segment_4,train,2024-09-01 18:01:17+00:00,2024-09-01 18:02:17+00:00,52.25,27.5,-183.7105,75.43787140870948,-0.25,mid,stable
BEV1_2024-09-01_fast_1,BEV1,BEV1_2024-09-01_fast_1__segment_4,train,2024-09-01 18:01:27+00:00,2024-09-01 18:02:27+00:00,52.25,27.5,-182.22600000000008,74.62022953759539,-0.25,mid,stable
BEV1_2024-09-01_fast_1,BEV1,BEV1_2024-09-01_fast_1__segment_4,train,2024-09-01 18:01:37+00:00,2024-09-01 18:02:37+00:00,52.0,27.5,-181.16900000000004,73.81129057939829,-0.5,mid,cooling
BEV1_2024-09-01_fast_1,BEV1,BEV1_2024-09-01_fast_1__segment_4,train,2024-09-01 18:01:47+00:00,2024-09-01 18:02:47+00:00,52.0,27.5,-179.93900000000005,73.20456879227545,-0.5,mid,cooling
BEV1_2024-09-01_fast_1,BEV1,BEV1_2024-09-01_fast_1__segment_4,train,2024-09-01 18:01:57+00:00,2024-09-01 18:02:57+00:00,52.0,27.5,-178.36250000000004,72.6580413213437,-0.25,mid,stable
BEV1_2024-09-01_fast_1,BEV1,BEV1_2024-09-01_fast_1__segment_4,train,2024-09-01 18:02:07+00:00,2024-09-01 18:03:07+00:00,52.0,27.5,-176.74900000000005,71.70391943581184,-0.25,mid,stable
BEV1_2024-09-01_fast_1,BEV1,BEV1_2024-09-01_fast_1__segment_4,train,2024-09-01 18:02:17+00:00,2024-09-01 18:03:17+00:00,52.0,27.5,-176.98750000000004,71.90441012199807,-0.25,mid,stable
BEV1_2024-09-01_fast_1,BEV1,BEV1_2024-09-01_fast_1__segment_4,train,2024-09-01 18:02:27+00:00,2024-09-01 18:03:27+00:00,51.75,27.5,-174.1785,70.58374268450649,-0.5,mid,cooling
BEV1_2024-09-01_fast_1,BEV1,BEV1_2024-09-01_fast_1__segment_4,train,2024-09-01 18:02:37+00:00,2024-09-01 18:03:37+00:00,51.75,27.5,-172.99050000000005,70.40684713085719,-0.25,mid,stable
BEV1_2024-09-01_fast_1,BEV1,BEV1_2024-09-01_fast_1__segment_4,train,2024-09-01 18:02:47+00:00,2024-09-01 18:03:47+00:00,51.75,28.0,-171.54300000000003,69.66601404255034,-0.25,mid,stable
BEV1_2024-09-01_fast_1,BEV1,BEV1_2024-09-01_fast_1__segment_4,train,2024-09-01 18:02:57+00:00,2024-09-01 18:03:57+00:00,51.75,28.0,-171.40950000000004,69.33928868650602,-0.25,mid,stable
BEV1_2024-09-01_fast_1,BEV1,BEV1_2024-09-01_fast_1__segment_4,train,2024-09-01 18:03:07+00:00,2024-09-01 18:04:07+00:00,51.75,28.0,-169.17500000000004,68.74986806538577,-0.25,low,stable
BEV1_2024-09-01_fast_1,BEV1,BEV1_2024-09-01_fast_1__segment_4,train,2024-09-01 18:03:17+00:00,2024-09-01 18:04:17+00:00,51.5,28.0,-167.82000000000005,68.32931112027816,-0.5,low,cooling
BEV1_2024-09-01_fast_1,BEV1,BEV1_2024-09-01_fast_1__segment_4,train,2024-09-01 18:03:27+00:00,2024-09-01 18:04:27+00:00,51.5,28.0,-166.69500000000005,67.91018706535958,-0.25,low,stable
BEV1_2024-09-01_fast_1,BEV1,BEV1_2024-09-01_fast_1__segment_4,train,2024-09-01 18:03:37+00:00,2024-09-01 18:04:37+00:00,51.5,27.5,-165.74850000000006,67.18261106785484,-0.25,low,stable
BEV1_2024-09-01_fast_1,BEV1,BEV1_2024-09-01_fast_1__segment_4,train,2024-09-01 18:03:47+00:00,2024-09-01 18:04:47+00:00,51.5,28.0,-164.62600000000006,66.87231467678792,-0.25,low,stable
BEV1_2024-09-01_fast_1,BEV1,BEV1_2024-09-01_fast_1__segment_4,train,2024-09-01 18:03:57+00:00,2024-09-01 18:04:57+00:00,51.5,28.0,-163.25700000000003,66.10702187239522,-0.25,low,stable
BEV1_2024-09-01_fast_1,BEV1,BEV1_2024-09-01_fast_1__segment_4,train,2024-09-01 18:04:07+00:00,2024-09-01 18:05:07+00:00,51.5,28.0,-162.90350000000004,65.83069754764402,-0.25,low,stable
BEV1_2024-09-01_fast_1,BEV1,BEV1_2024-09-01_fast_1__segment_4,train,2024-09-01 18:04:17+00:00,2024-09-01 18:05:17+00:00,51.25,28.0,-161.47700000000003,65.32765197198047,-0.25,low,stable
BEV1_2024-09-01_fast_1,BEV1,BEV1_2024-09-01_fast_1__segment_4,train,2024-09-01 18:04:27+00:00,2024-09-01 18:05:27+00:00,51.25,28.0,-160.68800000000005,64.86004879647231,-0.25,low,stable
BEV1_2024-09-01_fast_1,BEV1,BEV1_2024-09-01_fast_1__segment_4,train,2024-09-01 18:04:37+00:00,2024-09-01 18:05:37+00:00,51.25,28.0,-159.67350000000005,64.493865020988,-0.25,low,stable
BEV1_2024-09-01_fast_1,BEV1,BEV1_2024-09-01_fast_1__segment_4,train,2024-09-01 18:04:47+00:00,2024-09-01 18:05:47+00:00,51.25,28.0,-157.83800000000005,63.86874445391483,-0.25,low,stable
BEV1_2024-09-01_fast_1,BEV1,BEV1_2024-09-01_fast_1__segment_4,train,2024-09-01 18:04:57+00:00,2024-09-01 18:05:57+00:00,51.25,28.0,-156.56100000000004,63.46816525209938,-0.25,low,stable
BEV1_2024-09-01_fast_1,BEV1,BEV1_2024-09-01_fast_1__segment_4,train,2024-09-01 18:05:07+00:00,2024-09-01 18:06:07+00:00,51.25,28.0,-155.46450000000004,63.01895565305425,-0.25,low,stable
BEV1_2024-09-01_fast_1,BEV1,BEV1_2024-09-01_fast_1__segment_4,train,2024-09-01 18:05:17+00:00,2024-09-01 18:06:17+00:00,51.25,28.0,-154.45800000000006,62.64549112600221,0.0,low,stable
BEV1_2024-09-01_fast_1,BEV1,BEV1_2024-09-01_fast_1__segment_4,train,2024-09-01 18:05:27+00:00,2024-09-01 18:06:27+00:00,51.0,28.0,-153.78400000000005,62.15789448945169,-0.25,low,stable
BEV1_2024-09-01_fast_1,BEV1,BEV1_2024-09-01_fast_1__segment_4,train,2024-09-01 18:05:37+00:00,2024-09-01 18:06:37+00:00,51.0,28.0,-152.92850000000004,61.89053845546805,-0.25,low,stable
BEV1_2024-09-01_fast_1,BEV1,BEV1_2024-09-01_fast_1__segment_4,train,2024-09-01 18:05:47+00:00,2024-09-01 18:06:47+00:00,51.0,28.0,-151.77900000000005,61.421445205055136,-0.25,low,stable
BEV1_2024-09-01_fast_1,BEV1,BEV1_2024-09-01_fast_1__segment_4,train,2024-09-01 18:05:57+00:00,2024-09-01 18:06:57+00:00,51.0,28.0,-150.46000000000006,61.08716379541582,-0.25,low,stable
BEV1_2024-09-01_fast_1,BEV1,BEV1_2024-09-01_fast_1__segment_4,train,2024-09-01 18:06:07+00:00,2024-09-01 18:07:07+00:00,51.0,28.0,-149.73400000000004,60.693782518525445,-0.25,low,stable
BEV1_2024-09-01_fast_1,BEV1,BEV1_2024-09-01_fast_1__segment_4,train,2024-09-01 18:06:17+00:00,2024-09-01 18:07:17+00:00,51.0,28.0,-148.67950000000005,59.78305766313963,-0.25,low,stable
BEV1_2024-09-01_fast_1,BEV1,BEV1_2024-09-01_fast_1__segment_4,train,2024-09-01 18:06:27+00:00,2024-09-01 18:07:27+00:00,51.0,28.0,-147.62300000000005,59.30408406329445,0.0,low,stable
BEV1_2024-09-01_fast_1,BEV1,BEV1_2024-09-01_fast_1__segment_4,train,2024-09-01 18:06:37+00:00,2024-09-01 18:07:37+00:00,51.0,28.0,-146.70750000000004,58.917141216765216,0.0,low,stable
BEV1_2024-09-01_fast_1,BEV1,BEV1_2024-09-01_fast_1__segment_4,train,2024-09-01 18:06:47+00:00,2024-09-01 18:07:47+00:00,51.0,28.0,-146.13600000000005,58.817017002272586,0.0,low,stable
BEV1_2024-09-01_fast_1,BEV1,BEV1_2024-09-01_fast_1__segment_4,train,2024-09-01 18:06:57+00:00,2024-09-01 18:07:57+00:00,50.75,28.0,-144.81400000000005,58.102669556856284,-0.25,low,stable
BEV1_2024-09-01_fast_1,BEV1,BEV1_2024-09-01_fast_1__segment_4,train,2024-09-01 18:07:07+00:00,2024-09-01 18:08:07+00:00,50.75,28.0,-143.43200000000004,57.678237837638996,-0.25,low,stable
BEV1_2024-09-01_fast_1,BEV1,BEV1_2024-09-01_fast_1__segment_4,train,2024-09-01 18:07:17+00:00,2024-09-01 18:08:17+00:00,50.75,28.0,-142.86050000000006,57.49196522442875,-0.25,low,stable
BEV1_2024-09-01_fast_1,BEV1,BEV1_2024-09-01_fast_1__segment_4,train,2024-09-01 18:07:27+00:00,2024-09-01 18:08:27+00:00,50.75,28.0,-141.94800000000004,57.10448159073338,-0.25,low,stable
BEV1_2024-09-01_fast_1,BEV1,BEV1_2024-09-01_fast_1__segment_4,train,2024-09-01 18:07:37+00:00,2024-09-01 18:08:37+00:00,50.75,28.5,-140.60150000000004,56.57009750339639,-0.25,low,stable
BEV1_2024-09-01_fast_1,BEV1,BEV1_2024-09-01_fast_1__segment_4,train,2024-09-01 18:07:47+00:00,2024-09-01 18:08:47+00:00,50.75,28.5,-140.03600000000006,56.296979867905414,-0.25,low,stable
BEV1_2024-09-01_fast_1,BEV1,BEV1_2024-09-01_fast_1__segment_4,train,2024-09-01 18:07:57+00:00,2024-09-01 18:08:57+00:00,50.75,28.5,-139.33900000000006,55.99388231371496,0.0,low,stable
BEV1_2024-09-01_fast_1,BEV1,BEV1_2024-09-01_fast_1__segment_4,train,2024-09-01 18:08:07+00:00,2024-09-01 18:09:07+00:00,50.75,28.5,-138.41050000000004,55.61973114092072,0.0,low,stable
BEV1_2024-09-01_fast_1,BEV1,BEV1_2024-09-01_fast_1__segment_4,train,2024-09-01 18:08:17+00:00,2024-09-01 18:09:17+00:00,50.75,28.5,-137.14600000000007,55.17500297822736,0.0,low,stable
BEV1_2024-09-01_fast_1,BEV1,BEV1_2024-09-01_fast_1__segment_4,train,2024-09-01 18:08:27+00:00,2024-09-01 18:09:27+00:00,50.75,28.5,-136.08550000000002,54.7102935853689,0.0,low,stable
BEV1_2024-09-01_fast_1,BEV1,BEV1_2024-09-01_fast_1__segment_4,train,2024-09-01 18:08:37+00:00,2024-09-01 18:09:37+00:00,50.75,28.5,-134.95300000000006,54.34006900698023,0.0,low,stable
BEV1_2024-09-01_fast_1,BEV1,BEV1_2024-09-01_fast_1__segment_4,train,2024-09-01 18:08:47+00:00,2024-09-01 18:09:47+00:00,50.75,28.5,-134.36000000000004,54.06222853624376,0.0,low,stable
BEV1_2024-09-01_fast_1,BEV1,BEV1_2024-09-01_fast_1__segment_4,train,2024-09-01 18:08:57+00:00,2024-09-01 18:09:57+00:00,50.75,28.5,-133.60800000000006,53.9242996456658,0.0,low,stable
BEV1_2024-09-01_fast_1,BEV1,BEV1_2024-09-01_fast_1__segment_4,train,2024-09-01 18:09:07+00:00,2024-09-01 18:10:07+00:00,50.5,28.5,-131.66100000000006,52.85260893505166,-0.25,low,stable
BEV1_2024-09-01_fast_1,BEV1,BEV1_2024-09-01_fast_1__segment_4,train,2024-09-01 18:09:17+00:00,2024-09-01 18:10:17+00:00,50.5,28.5,-131.80350000000004,52.93860943671368,-0.25,low,stable
BEV1_2024-09-01_fast_1,BEV1,BEV1_2024-09-01_fast_1__segment_4,train,2024-09-01 18:09:27+00:00,2024-09-01 18:10:27+00:00,50.5,28.5,-130.40100000000004,52.483017894648526,-0.25,low,stable
BEV1_2024-09-01_fast_1,BEV1,BEV1_2024-09-01_fast_1__segment_4,train,2024-09-01 18:09:37+00:00,2024-09-01 18:10:37+00:00,50.5,28.5,-129.55500000000004,51.95838117277548,-0.25,low,stable
BEV1_2024-09-03_fast_1,BEV1,BEV1_2024-09-03_fast_1__segment_1,train,2024-09-03 09:26:36+00:00,2024-09-03 09:27:36+00:00,43.25,25.0,-453.1055,171.27422099248486,1.5,high,warming
BEV1_2024-09-03_fast_1,BEV1,BEV1_2024-09-03_fast_1__segment_1,train,2024-09-03 09:26:46+00:00,2024-09-03 09:27:46+00:00,43.75,25.0,-452.233,171.62847656625502,2.0,high,warming
BEV1_2024-09-03_fast_1,BEV1,BEV1_2024-09-03_fast_1__segment_1,train,2024-09-03 09:26:56+00:00,2024-09-03 09:27:56+00:00,44.25,25.0,-451.5175,171.3593114203175,2.5,high,warming
BEV1_2024-09-03_fast_1,BEV1,BEV1_2024-09-03_fast_1__segment_1,train,2024-09-03 09:27:06+00:00,2024-09-03 09:28:06+00:00,45.0,25.0,-451.0695,171.46983992713024,3.0,high,warming
BEV1_2024-09-03_fast_1,BEV1,BEV1_2024-09-03_fast_1__segment_1,train,2024-09-03 09:27:16+00:00,2024-09-03 09:28:16+00:00,45.5,24.5,-450.2855,171.5772495677564,3.25,high,warming
BEV1_2024-09-03_fast_1,BEV1,BEV1_2024-09-03_fast_1__segment_1,train,2024-09-03 09:27:26+00:00,2024-09-03 09:28:26+00:00,46.25,24.5,-449.5985,171.6720957144879,3.5,high,warming
BEV1_2024-09-03_fast_1,BEV1,BEV1_2024-09-03_fast_1__segment_1,train,2024-09-03 09:27:36+00:00,2024-09-03 09:28:36+00:00,46.75,24.5,-448.7695,171.74940560283352,3.5,high,warming
BEV1_2024-09-03_fast_1,BEV1,BEV1_2024-09-03_fast_1__segment_1,train,2024-09-03 09:27:46+00:00,2024-09-03 09:28:46+00:00,47.25,24.5,-440.5455,168.12136368557407,3.5,high,warming
BEV1_2024-09-03_fast_1,BEV1,BEV1_2024-09-03_fast_1__segment_1,train,2024-09-03 09:27:56+00:00,2024-09-03 09:28:56+00:00,48.0,24.5,-431.73,164.617569786461,3.75,high,warming
BEV1_2024-09-03_fast_1,BEV1,BEV1_2024-09-03_fast_1__segment_1,train,2024-09-03 09:28:06+00:00,2024-09-03 09:29:06+00:00,48.5,24.0,-422.085,160.58365104209207,3.5,high,warming
BEV1_2024-09-03_fast_1,BEV1,BEV1_2024-09-03_fast_1__segment_1,train,2024-09-03 09:28:16+00:00,2024-09-03 09:29:16+00:00,49.0,24.0,-414.395,157.57408811850405,3.5,high,warming
BEV1_2024-09-03_fast_1,BEV1,BEV1_2024-09-03_fast_1__segment_1,train,2024-09-03 09:28:26+00:00,2024-09-03 09:29:26+00:00,49.5,24.0,-407.186,154.62526865168914,3.25,high,warming
BEV1_2024-09-03_fast_1,BEV1,BEV1_2024-09-03_fast_1__segment_1,train,2024-09-03 09:28:36+00:00,2024-09-03 09:29:36+00:00,49.75,24.0,-401.754,152.55170741554556,3.0,high,warming
BEV1_2024-09-03_fast_1,BEV1,BEV1_2024-09-03_fast_1__segment_1,train,2024-09-03 09:28:46+00:00,2024-09-03 09:29:46+00:00,50.25,24.0,-396.089,149.26327674235728,3.0,high,warming
BEV1_2024-09-03_fast_1,BEV1,BEV1_2024-09-03_fast_1__segment_1,train,2024-09-03 09:28:56+00:00,2024-09-03 09:29:56+00:00,50.5,24.0,-391.394,148.9993762609901,2.5,high,warming
BEV1_2024-09-03_fast_1,BEV1,BEV1_2024-09-03_fast_1__segment_1,train,2024-09-03 09:29:06+00:00,2024-09-03 09:30:06+00:00,51.0,24.0,-387.4235,149.76483176783876,2.5,high,warming
BEV1_2024-09-03_fast_1,BEV1,BEV1_2024-09-03_fast_1__segment_1,train,2024-09-03 09:29:16+00:00,2024-09-03 09:30:16+00:00,51.25,24.0,-384.5735,149.80063497135345,2.25,high,warming
BEV1_2024-09-03_fast_1,BEV1,BEV1_2024-09-03_fast_1__segment_1,train,2024-09-03 09:29:26+00:00,2024-09-03 09:30:26+00:00,51.5,24.0,-380.864,149.27184908529486,2.0,high,warming
BEV1_2024-09-03_fast_1,BEV1,BEV1_2024-09-03_fast_1__segment_1,train,2024-09-03 09:29:36+00:00,2024-09-03 09:30:36+00:00,51.75,24.0,-377.004,148.1426708911072,2.0,high,warming
BEV1_2024-09-03_fast_1,BEV1,BEV1_2024-09-03_fast_1__segment_1,train,2024-09-03 09:29:46+00:00,2024-09-03 09:30:46+00:00,52.0,24.5,-373.6435,147.2448365295907,1.75,high,warming
BEV1_2024-09-03_fast_1,BEV1,BEV1_2024-09-03_fast_1__segment_1,train,2024-09-03 09:29:56+00:00,2024-09-03 09:30:56+00:00,52.25,24.5,-370.2715,145.8843145027319,1.75,high,warming
BEV1_2024-09-03_fast_1,BEV1,BEV1_2024-09-03_fast_1__segment_1,train,2024-09-03 09:30:06+00:00,2024-09-03 09:31:06+00:00,52.5,24.5,-367.0955,144.54031702729193,1.5,high,warming
BEV1_2024-09-03_fast_1,BEV1,BEV1_2024-09-03_fast_1__segment_1,train,2024-09-03 09:30:16+00:00,2024-09-03 09:31:16+00:00,52.5,24.5,-363.2405,142.88235296208669,1.25,high,warming
BEV1_2024-09-03_fast_1,BEV1,BEV1_2024-09-03_fast_1__segment_1,train,2024-09-03 09:30:26+00:00,2024-09-03 09:31:26+00:00,52.75,25.0,-360.058,142.19933785926094,1.25,high,warming
BEV1_2024-09-03_fast_1,BEV1,BEV1_2024-09-03_fast_1__segment_1,train,2024-09-03 09:30:36+00:00,2024-09-03 09:31:36+00:00,53.0,25.0,-357.597,141.36760172598127,1.25,high,warming
BEV1_2024-09-03_fast_1,BEV1,BEV1_2024-09-03_fast_1__segment_1,train,2024-09-03 09:30:46+00:00,2024-09-03 09:31:46+00:00,53.0,25.0,-354.7095,139.88039142144146,1.0,high,warming
BEV1_2024-09-03_fast_1,BEV1,BEV1_2024-09-03_fast_1__segment_1,train,2024-09-03 09:30:56+00:00,2024-09-03 09:31:56+00:00,53.0,25.0,-351.741,138.59698401800722,0.75,high,warming
BEV1_2024-09-03_fast_1,BEV1,BEV1_2024-09-03_fast_1__segment_1,train,2024-09-03 09:31:06+00:00,2024-09-03 09:32:06+00:00,53.25,25.0,-349.0895,137.62203503306614,0.75,high,warming
BEV1_2024-09-03_fast_1,BEV1,BEV1_2024-09-03_fast_1__segment_1,train,2024-09-03 09:31:16+00:00,2024-09-03 09:32:16+00:00,53.25,24.5,-346.138,136.76275796822085,0.75,high,warming
BEV1_2024-09-03_fast_1,BEV1,BEV1_2024-09-03_fast_1__segment_1,train,2024-09-03 09:31:26+00:00,2024-09-03 09:32:26+00:00,53.25,24.5,-343.206,135.36367864469082,0.5,high,warming
BEV1_2024-09-03_fast_1,BEV1,BEV1_2024-09-03_fast_1__segment_1,train,2024-09-03 09:31:36+00:00,2024-09-03 09:32:36+00:00,53.25,25.0,-340.2205,134.00315661783202,0.25,high,stable
BEV1_2024-09-03_fast_1,BEV1,BEV1_2024-09-03_fast_1__segment_1,train,2024-09-03 09:31:46+00:00,2024-09-03 09:32:46+00:00,53.5,25.0,-337.9055,133.84892740858544,0.5,high,warming
BEV1_2024-09-03_fast_1,BEV1,BEV1_2024-09-03_fast_1__segment_1,train,2024-09-03 09:31:56+00:00,2024-09-03 09:32:56+00:00,53.5,25.0,-335.144,132.13037327137445,0.5,high,warming
BEV1_2024-09-03_fast_1,BEV1,BEV1_2024-09-03_fast_1__segment_1,train,2024-09-03 09:32:06+00:00,2024-09-03 09:33:06+00:00,53.5,25.0,-332.8665,131.23253890985794,0.25,high,stable
BEV1_2024-09-03_fast_1,BEV1,BEV1_2024-09-03_fast_1__segment_1,train,2024-09-03 09:32:16+00:00,2024-09-03 09:33:16+00:00,53.5,25.0,-329.693,130.10336071567028,0.25,high,stable
BEV1_2024-09-03_fast_1,BEV1,BEV1_2024-09-03_fast_1__segment_1,train,2024-09-03 09:32:26+00:00,2024-09-03 09:33:26+00:00,53.5,25.0,-327.3345,129.12841173072923,0.25,high,stable
BEV1_2024-09-03_fast_1,BEV1,BEV1_2024-09-03_fast_1__segment_1,train,2024-09-03 09:32:36+00:00,2024-09-03 09:33:36+00:00,53.5,25.0,-324.98,128.23057736921274,0.25,high,stable
BEV1_2024-09-03_fast_1,BEV1,BEV1_2024-09-03_fast_1__segment_1,train,2024-09-03 09:32:46+00:00,2024-09-03 09:33:46+00:00,53.5,25.5,-322.144,127.11185979375372,0.0,high,stable
BEV1_2024-09-03_fast_1,BEV1,BEV1_2024-09-03_fast_1__segment_1,train,2024-09-03 09:32:56+00:00,2024-09-03 09:33:56+00:00,53.5,25.5,-319.423,125.62870499062866,0.0,high,stable
BEV1_2024-09-03_fast_1,BEV1,BEV1_2024-09-03_fast_1__segment_1,train,2024-09-03 09:33:06+00:00,2024-09-03 09:34:06+00:00,53.5,25.5,-316.964,124.85966175937862,0.0,high,stable
BEV1_2024-09-03_fast_1,BEV1,BEV1_2024-09-03_fast_1__segment_1,train,2024-09-03 09:33:16+00:00,2024-09-03 09:34:16+00:00,53.5,25.5,-314.2265,123.96427571906612,0.0,high,stable
BEV1_2024-09-03_fast_1,BEV1,BEV1_2024-09-03_fast_1__segment_1,train,2024-09-03 09:33:26+00:00,2024-09-03 09:34:26+00:00,53.5,25.5,-311.422,122.87662885594106,0.0,high,stable
BEV1_2024-09-03_fast_1,BEV1,BEV1_2024-09-03_fast_1__segment_1,train,2024-09-03 09:33:36+00:00,2024-09-03 09:34:36+00:00,53.5,25.5,-308.984,121.86588632344103,0.0,high,stable
BEV1_2024-09-03_fast_1,BEV1,BEV1_2024-09-03_fast_1__segment_1,train,2024-09-03 09:33:46+00:00,2024-09-03 09:34:46+00:00,53.25,25.5,-305.7715,120.62443083656603,-0.25,high,stable
BEV1_2024-09-03_fast_1,BEV1,BEV1_2024-09-03_fast_1__segment_1,train,2024-09-03 09:33:56+00:00,2024-09-03 09:34:56+00:00,53.25,25.5,-304.044,119.998209904691,-0.25,high,stable
BEV1_2024-09-03_fast_1,BEV1,BEV1_2024-09-03_fast_1__segment_1,train,2024-09-03 09:34:06+00:00,2024-09-03 09:35:06+00:00,53.25,25.5,-301.114,119.1028238643785,-0.25,high,stable
BEV1_2024-09-03_fast_1,BEV1,BEV1_2024-09-03_fast_1__segment_1,train,2024-09-03 09:34:16+00:00,2024-09-03 09:35:16+00:00,53.25,25.5,-298.1735,117.74601187031594,-0.25,high,stable
BEV1_2024-09-03_fast_1,BEV1,BEV1_2024-09-03_fast_1__segment_1,train,2024-09-03 09:34:26+00:00,2024-09-03 09:35:26+00:00,53.25,25.5,-296.5795,117.0044344687534,-0.25,high,stable
BEV1_2024-09-03_fast_1,BEV1,BEV1_2024-09-03_fast_1__segment_1,train,2024-09-03 09:34:36+00:00,2024-09-03 09:35:36+00:00,53.25,25.5,-293.359,115.64762248219084,-0.25,high,stable
BEV1_2024-09-03_fast_1,BEV1,BEV1_2024-09-03_fast_1__segment_1,train,2024-09-03 09:34:46+00:00,2024-09-03 09:35:46+00:00,53.25,25.5,-291.8235,115.34000519719088,0.0,high,stable
BEV1_2024-09-03_fast_1,BEV1,BEV1_2024-09-03_fast_1__segment_1,train,2024-09-03 09:34:56+00:00,2024-09-03 09:35:56+00:00,53.0,25.5,-289.1595,114.36771481875336,-0.25,high,stable
BEV1_2024-09-03_fast_1,BEV1,BEV1_2024-09-03_fast_1__segment_1,train,2024-09-03 09:35:06+00:00,2024-09-03 09:36:06+00:00,53.0,25.0,-286.4845,113.51078093250328,-0.25,high,stable
BEV1_2024-09-03_fast_1,BEV1,BEV1_2024-09-03_fast_1__segment_1,train,2024-09-03 09:35:16+00:00,2024-09-03 09:36:16+00:00,53.0,25.0,-284.569,112.74997744265954,-0.25,high,stable
BEV1_2024-09-03_fast_1,BEV1,BEV1_2024-09-03_fast_1__segment_1,train,2024-09-03 09:35:26+00:00,2024-09-03 09:36:26+00:00,53.0,25.5,-281.249,110.95436022547516,-0.25,high,stable
BEV1_2024-09-03_fast_1,BEV1,BEV1_2024-09-03_fast_1__segment_1,train,2024-09-03 09:35:36+00:00,2024-09-03 09:36:36+00:00,53.0,25.5,-279.8135,110.57089002118386,-0.25,high,stable
BEV1_2024-09-03_fast_1,BEV1,BEV1_2024-09-03_fast_1__segment_1,train,2024-09-03 09:35:46+00:00,2024-09-03 09:36:46+00:00,53.0,25.5,-277.4875,109.56291123779616,-0.25,high,stable
BEV1_2024-09-03_fast_1,BEV1,BEV1_2024-09-03_fast_1__segment_1,train,2024-09-03 09:35:56+00:00,2024-09-03 09:36:56+00:00,52.75,25.0,-275.293,108.97674965519447,-0.25,high,stable
BEV1_2024-09-03_fast_1,BEV1,BEV1_2024-09-03_fast_1__segment_1,train,2024-09-03 09:36:06+00:00,2024-09-03 09:37:06+00:00,52.75,25.0,-273.5355,108.08381193608591,-0.25,high,stable
BEV1_2024-09-03_fast_1,BEV1,BEV1_2024-09-03_fast_1__segment_1,train,2024-09-03 09:36:16+00:00,2024-09-03 09:37:16+00:00,52.75,25.0,-271.1385,107.31687155742134,-0.25,high,stable
BEV1_2024-09-03_fast_1,BEV1,BEV1_2024-09-03_fast_1__segment_1,train,2024-09-03 09:36:26+00:00,2024-09-03 09:37:26+00:00,52.75,25.5,-268.7465,106.19385171723393,-0.25,high,stable
BEV1_2024-09-03_fast_1,BEV1,BEV1_2024-09-03_fast_1__segment_1,train,2024-09-03 09:36:36+00:00,2024-09-03 09:37:36+00:00,52.5,25.5,-267.151,106.05141994758378,-0.5,high,cooling
BEV1_2024-09-03_fast_1,BEV1,BEV1_2024-09-03_fast_1__segment_1,train,2024-09-03 09:36:46+00:00,2024-09-03 09:37:46+00:00,52.5,25.0,-265.1005,104.71475241552368,-0.5,high,cooling
BEV1_2024-09-03_fast_1,BEV1,BEV1_2024-09-03_fast_1__segment_1,train,2024-09-03 09:36:56+00:00,2024-09-03 09:37:56+00:00,52.5,25.0,-263.215,103.20826238600401,-0.25,high,stable
BEV1_2024-09-03_fast_1,BEV1,BEV1_2024-09-03_fast_1__segment_1,train,2024-09-03 09:37:06+00:00,2024-09-03 09:38:06+00:00,52.5,25.5,-261.402,102.08524254581657,-0.25,high,stable
BEV1_2024-09-03_fast_1,BEV1,BEV1_2024-09-03_fast_1__segment_1,train,2024-09-03 09:37:16+00:00,2024-09-03 09:38:16+00:00,52.25,25.5,-259.2,100.96222270562916,-0.5,high,cooling
BEV1_2024-09-03_fast_1,BEV1,BEV1_2024-09-03_fast_1__segment_1,train,2024-09-03 09:37:26+00:00,2024-09-03 09:38:26+00:00,52.25,25.5,-257.001,99.83920286544176,-0.5,high,cooling
BEV1_2024-09-03_fast_1,BEV1,BEV1_2024-09-03_fast_1__segment_1,train,2024-09-03 09:37:36+00:00,2024-09-03 09:38:36+00:00,52.25,25.5,-254.5125,98.20671549547808,-0.25,high,stable
BEV1_2024-09-03_fast_1,BEV1,BEV1_2024-09-03_fast_1__segment_1,train,2024-09-03 09:37:46+00:00,2024-09-03 09:38:46+00:00,52.25,25.5,-253.1195,97.2370837235441,-0.25,high,stable
BEV1_2024-09-03_fast_1,BEV1,BEV1_2024-09-03_fast_1__segment_1,train,2024-09-03 09:37:56+00:00,2024-09-03 09:38:56+00:00,52.25,25.5,-251.1545,96.47014334487952,-0.25,high,stable
BEV1_2024-09-03_fast_1,BEV1,BEV1_2024-09-03_fast_1__segment_1,train,2024-09-03 09:38:06+00:00,2024-09-03 09:39:06+00:00,52.0,25.5,-249.0165,95.20469173504195,-0.5,high,cooling
BEV1_2024-09-03_fast_1,BEV1,BEV1_2024-09-03_fast_1__segment_1,train,2024-09-03 09:38:16+00:00,2024-09-03 09:39:16+00:00,52.0,25.5,-247.3065,94.22410366450468,-0.25,mid,stable
BEV1_2024-09-03_fast_1,BEV1,BEV1_2024-09-03_fast_1__segment_1,train,2024-09-03 09:38:26+00:00,2024-09-03 09:39:26+00:00,52.0,25.5,-245.3935,93.33116594539617,-0.25,mid,stable
BEV1_2024-09-03_fast_1,BEV1,BEV1_2024-09-03_fast_1__segment_1,train,2024-09-03 09:38:36+00:00,2024-09-03 09:39:36+00:00,52.0,25.5,-243.375,92.74500436279445,-0.25,mid,stable
BEV1_2024-09-03_fast_1,BEV1,BEV1_2024-09-03_fast_1__segment_1,train,2024-09-03 09:38:46+00:00,2024-09-03 09:39:46+00:00,51.75,25.5,-241.054,91.88439264012572,-0.5,mid,cooling
BEV1_2024-09-03_fast_1,BEV1,BEV1_2024-09-03_fast_1__segment_1,train,2024-09-03 09:38:56+00:00,2024-09-03 09:39:56+00:00,51.75,25.5,-240.077,91.0062188600408,-0.5,mid,cooling
BEV1_2024-09-03_fast_1,BEV1,BEV1_2024-09-03_fast_1__segment_1,train,2024-09-03 09:39:06+00:00,2024-09-03 09:40:06+00:00,51.75,25.5,-237.015,89.53088538107286,-0.25,mid,stable
BEV1_2024-09-03_fast_1,BEV1,BEV1_2024-09-03_fast_1__segment_1,train,2024-09-03 09:39:16+00:00,2024-09-03 09:40:16+00:00,51.75,25.5,-235.483,88.76589765123762,-0.25,mid,stable
BEV1_2024-09-03_fast_1,BEV1,BEV1_2024-09-03_fast_1__segment_1,train,2024-09-03 09:39:26+00:00,2024-09-03 09:40:26+00:00,51.5,25.5,-233.921,88.41072477667129,-0.5,mid,cooling
BEV1_2024-09-03_fast_1,BEV1,BEV1_2024-09-03_fast_1__segment_1,train,2024-09-03 09:39:36+00:00,2024-09-03 09:40:36+00:00,51.5,26.0,-231.641,87.64573704683605,-0.5,mid,cooling
BEV1_2024-09-03_fast_1,BEV1,BEV1_2024-09-03_fast_1__segment_1,train,2024-09-03 09:39:46+00:00,2024-09-03 09:40:46+00:00,51.5,26.5,-230.021,86.90807030735208,-0.25,mid,stable
BEV1_2024-09-03_fast_1,BEV1,BEV1_2024-09-03_fast_1__segment_1,train,2024-09-03 09:39:56+00:00,2024-09-03 09:40:56+00:00,51.5,27.0,-228.3455,86.1704035678681,-0.25,mid,stable
BEV1_2024-09-03_fast_1,BEV1,BEV1_2024-09-03_fast_1__segment_1,train,2024-09-03 09:40:06+00:00,2024-09-03 09:41:06+00:00,51.5,27.5,-226.672,85.78790970295049,-0.25,mid,stable
BEV1_2024-09-03_fast_1,BEV1,BEV1_2024-09-03_fast_1__segment_1,train,2024-09-03 09:40:16+00:00,2024-09-03 09:41:16+00:00,51.25,27.5,-225.048,85.26334670312724,-0.5,mid,cooling
BEV1_2024-09-03_fast_1,BEV1,BEV1_2024-09-03_fast_1__segment_1,train,2024-09-03 09:40:26+00:00,2024-09-03 09:41:26+00:00,51.25,27.5,-223.6655,84.66774909854891,-0.25,mid,stable
BEV1_2024-09-03_fast_1,BEV1,BEV1_2024-09-03_fast_1__segment_1,train,2024-09-03 09:40:36+00:00,2024-09-03 09:41:36+00:00,51.25,27.0,-222.244,84.66774909854891,-0.25,mid,stable
BEV1_2024-09-03_fast_1,BEV1,BEV1_2024-09-03_fast_1__segment_1,train,2024-09-03 09:40:46+00:00,2024-09-03 09:41:46+00:00,51.25,27.0,-221.0745,83.54758849414733,-0.25,mid,stable
BEV1_2024-09-03_fast_1,BEV1,BEV1_2024-09-03_fast_1__segment_1,train,2024-09-03 09:40:56+00:00,2024-09-03 09:41:56+00:00,51.25,26.5,-218.4085,81.68976115026177,-0.25,mid,stable
BEV1_2024-09-03_fast_1,BEV1,BEV1_2024-09-03_fast_1__segment_1,train,2024-09-03 09:41:06+00:00,2024-09-03 09:42:06+00:00,51.0,26.5,-217.4615,81.30726728534417,-0.5,mid,cooling
BEV1_2024-09-03_fast_1,BEV1,BEV1_2024-09-03_fast_1__segment_1,train,2024-09-03 09:41:16+00:00,2024-09-03 09:42:16+00:00,51.0,26.5,-215.741,80.56960054586018,-0.25,mid,stable
BEV1_2024-09-03_fast_1,BEV1,BEV1_2024-09-03_fast_1__segment_1,train,2024-09-03 09:41:26+00:00,2024-09-03 09:42:26+00:00,51.0,26.5,-214.984,80.18710668094258,-0.25,mid,stable
BEV1_2024-09-03_fast_1,BEV1,BEV1_2024-09-03_fast_1__segment_1,train,2024-09-03 09:41:36+00:00,2024-09-03 09:42:36+00:00,51.0,26.5,-213.7645,79.83193380637623,-0.25,mid,stable
BEV1_2024-09-03_fast_1,BEV1,BEV1_2024-09-03_fast_1__segment_1,train,2024-09-03 09:41:46+00:00,2024-09-03 09:42:46+00:00,51.0,26.5,-212.988,79.4494399414586,-0.25,mid,stable
BEV1_2024-09-03_fast_1,BEV1,BEV1_2024-09-03_fast_1__segment_1,train,2024-09-03 09:41:56+00:00,2024-09-03 09:42:56+00:00,51.0,26.5,-211.811,79.06694607654099,-0.25,mid,stable
BEV1_2024-09-03_fast_1,BEV1,BEV1_2024-09-03_fast_1__segment_1,train,2024-09-03 09:42:06+00:00,2024-09-03 09:43:06+00:00,51.0,26.5,-210.3475,78.71177320197462,0.0,mid,stable
BEV1_2024-09-03_fast_1,BEV1,BEV1_2024-09-03_fast_1__segment_1,train,2024-09-03 09:42:16+00:00,2024-09-03 09:43:16+00:00,51.0,26.5,-209.3645,78.32927933705703,0.0,mid,stable
BEV1_2024-09-03_fast_1,BEV1,BEV1_2024-09-03_fast_1__segment_1,train,2024-09-03 09:42:26+00:00,2024-09-03 09:43:26+00:00,51.0,26.5,-207.81,77.59161259757306,0.0,mid,stable
BEV1_2024-09-03_fast_1,BEV1,BEV1_2024-09-03_fast_1__segment_1,train,2024-09-03 09:42:36+00:00,2024-09-03 09:43:36+00:00,51.0,26.5,-206.3905,77.05612119414884,0.0,mid,stable
BEV1_2024-09-03_fast_1,BEV1,BEV1_2024-09-03_fast_1__segment_1,train,2024-09-03 09:42:46+00:00,2024-09-03 09:43:46+00:00,51.0,26.5,-204.9635,76.47145199317147,0.0,mid,stable
BEV1_2024-09-03_fast_1,BEV1,BEV1_2024-09-03_fast_1__segment_1,train,2024-09-03 09:42:56+00:00,2024-09-03 09:43:56+00:00,50.75,26.5,-203.8984848,76.08895812825385,-0.25,mid,stable
BEV1_2024-09-03_fast_1,BEV1,BEV1_2024-09-03_fast_1__segment_1,train,2024-09-03 09:43:06+00:00,2024-09-03 09:44:06+00:00,50.75,26.5,-202.4585,75.49835695925482,-0.25,mid,stable
BEV1_2024-09-03_fast_1,BEV1,BEV1_2024-09-03_fast_1__segment_1,train,2024-09-03 09:43:16+00:00,2024-09-03 09:44:16+00:00,50.75,26.5,-200.9145,74.76271797047825,-0.25,mid,stable
BEV1_2024-09-03_fast_1,BEV1,BEV1_2024-09-03_fast_1__segment_1,train,2024-09-03 09:43:26+00:00,2024-09-03 09:44:26+00:00,50.75,26.5,-200.0695,74.38127553185336,-0.25,mid,stable
BEV1_2024-09-03_fast_1,BEV1,BEV1_2024-09-03_fast_1__segment_1,train,2024-09-03 09:43:36+00:00,2024-09-03 09:44:36+00:00,50.75,26.5,-198.691,73.7982135110868,-0.25,mid,stable
BEV1_2024-09-03_fast_1,BEV1,BEV1_2024-09-03_fast_1__segment_1,train,2024-09-03 09:43:46+00:00,2024-09-03 09:44:46+00:00,50.75,26.5,-197.153,73.64563654307679,-0.25,mid,stable
BEV1_2024-09-03_fast_1,BEV1,BEV1_2024-09-03_fast_1__segment_1,train,2024-09-03 09:43:56+00:00,2024-09-03 09:44:56+00:00,50.75,26.5,-196.093,72.9099975543002,0.0,mid,stable
BEV1_2024-09-03_fast_1,BEV1,BEV1_2024-09-03_fast_1__segment_1,train,2024-09-03 09:44:06+00:00,2024-09-03 09:45:06+00:00,50.75,26.5,-194.628,72.52855511567532,0.0,mid,stable
BEV1_2024-09-03_fast_1,BEV1,BEV1_2024-09-03_fast_1__segment_1,train,2024-09-03 09:44:16+00:00,2024-09-03 09:45:16+00:00,50.75,26.0,-193.2915,71.79291612689875,0.0,mid,stable
BEV1_2024-09-03_fast_1,BEV1,BEV1_2024-09-03_fast_1__segment_1,train,2024-09-03 09:44:26+00:00,2024-09-03 09:45:26+00:00,50.75,26.0,-192.144,71.41147368827386,0.0,mid,stable
BEV1_2024-09-03_fast_1,BEV1,BEV1_2024-09-03_fast_1__segment_1,train,2024-09-03 09:44:36+00:00,2024-09-03 09:45:36+00:00,50.75,26.0,-190.4235,70.6758346994973,0.0,mid,stable
BEV1_2024-09-03_fast_1,BEV1,BEV1_2024-09-03_fast_1__segment_1,train,2024-09-03 09:44:46+00:00,2024-09-03 09:45:46+00:00,50.75,26.0,-189.7335,70.6758346994973,0.0,mid,stable
BEV1_2024-09-03_fast_1,BEV1,BEV1_2024-09-03_fast_1__segment_1,train,2024-09-03 09:44:56+00:00,2024-09-03 09:45:56+00:00,50.75,26.0,-188.132,69.94019571072072,0.0,mid,stable
BEV1_2024-09-03_fast_1,BEV1,BEV1_2024-09-03_fast_1__segment_1,train,2024-09-03 09:45:06+00:00,2024-09-03 09:46:06+00:00,50.75,26.0,-187.3455,69.7876187427107,0.0,mid,stable
BEV1_2024-09-03_fast_1,BEV1,BEV1_2024-09-03_fast_1__segment_1,train,2024-09-03 09:45:16+00:00,2024-09-03 09:46:16+00:00,50.75,26.5,-185.5395,69.26449766170532,0.0,mid,stable
BEV1_2024-09-03_fast_1,BEV1,BEV1_2024-09-03_fast_1__segment_1,train,2024-09-03 09:45:26+00:00,2024-09-03 09:46:26+00:00,50.75,26.5,-184.902,68.82311428331926,0.0,low,stable
BEV1_2024-09-03_fast_1,BEV1,BEV1_2024-09-03_fast_1__segment_1,train,2024-09-03 09:45:36+00:00,2024-09-03 09:46:36+00:00,50.75,26.5,-183.5005,68.28909487668436,0.0,low,stable
BEV1_2024-09-03_fast_1,BEV1,BEV1_2024-09-03_fast_1__segment_1,train,2024-09-03 09:45:46+00:00,2024-09-03 09:46:46+00:00,50.75,26.5,-182.4715,68.06022940606948,0.0,low,stable
BEV1_2024-09-03_fast_1,BEV1,BEV1_2024-09-03_fast_1__segment_1,train,2024-09-03 09:45:56+00:00,2024-09-03 09:46:56+00:00,50.75,26.5,-181.332,67.76597379567896,0.0,low,stable
BEV1_2024-09-03_fast_1,BEV1,BEV1_2024-09-03_fast_1__segment_1,train,2024-09-03 09:46:06+00:00,2024-09-03 09:47:06+00:00,50.75,26.5,-180.061,66.94314797866801,0.0,low,stable
BEV1_2024-09-03_fast_1,BEV1,BEV1_2024-09-03_fast_1__segment_1,train,2024-09-03 09:46:16+00:00,2024-09-03 09:47:16+00:00,50.75,26.5,-179.2285,66.58895142851632,0.0,low,stable
BEV1_2024-09-03_fast_1,BEV1,BEV1_2024-09-03_fast_1__segment_1,train,2024-09-03 09:46:26+00:00,2024-09-03 09:47:26+00:00,50.75,26.5,-178.25,66.36008595790146,0.0,low,stable
BEV1_2024-09-03_fast_1,BEV1,BEV1_2024-09-03_fast_1__segment_1,train,2024-09-03 09:46:36+00:00,2024-09-03 09:47:36+00:00,50.75,26.0,-176.803,65.82606655126656,0.0,low,stable
BEV1_2024-09-03_fast_1,BEV1,BEV1_2024-09-03_fast_1__segment_1,train,2024-09-03 09:46:46+00:00,2024-09-03 09:47:46+00:00,50.75,26.0,-175.978,65.47187000111487,0.0,low,stable
BEV1_2024-09-03_fast_1,BEV1,BEV1_2024-09-03_fast_1__segment_1,train,2024-09-03 09:46:56+00:00,2024-09-03 09:47:56+00:00,50.75,26.0,-174.6815,65.09042756248999,0.0,low,stable
BEV1_2024-09-03_fast_1,BEV1,BEV1_2024-09-03_fast_1__segment_1,train,2024-09-03 09:47:06+00:00,2024-09-03 09:48:06+00:00,50.75,26.0,-173.405,64.79617195209947,0.0,low,stable
BEV1_2024-09-03_fast_1,BEV1,BEV1_2024-09-03_fast_1__segment_1,train,2024-09-03 09:47:16+00:00,2024-09-03 09:48:16+00:00,50.75,26.0,-172.7675,64.3547885737134,0.0,low,stable
BEV1_2024-09-03_fast_1,BEV1,BEV1_2024-09-03_fast_1__segment_1,train,2024-09-03 09:47:26+00:00,2024-09-03 09:48:26+00:00,50.75,26.0,-171.924,63.97334613508852,0.0,low,stable
BEV1_2024-09-03_fast_1,BEV1,BEV1_2024-09-03_fast_1__segment_1,train,2024-09-03 09:47:36+00:00,2024-09-03 09:48:36+00:00,50.75,26.0,-171.1045,63.59190369646363,0.0,low,stable
BEV1_2024-09-03_fast_1,BEV1,BEV1_2024-09-03_fast_1__segment_1,train,2024-09-03 09:47:46+00:00,2024-09-03 09:48:46+00:00,50.5,26.0,-169.999,63.237707146311955,-0.25,low,stable
BEV1_2024-09-03_fast_1,BEV1,BEV1_2024-09-03_fast_1__segment_1,train,2024-09-03 09:47:56+00:00,2024-09-03 09:48:56+00:00,50.5,26.0,-169.047,63.085130178301945,-0.25,low,stable
BEV1_2024-09-03_fast_1,BEV1,BEV1_2024-09-03_fast_1__segment_1,train,2024-09-03 09:48:06+00:00,2024-09-03 09:49:06+00:00,50.5,26.0,-167.877,62.50206815753538,-0.25,low,stable
BEV1_2024-09-03_fast_1,BEV1,BEV1_2024-09-03_fast_1__segment_1,train,2024-09-03 09:48:16+00:00,2024-09-03 09:49:16+00:00,50.5,26.0,-167.07,62.12062571891049,-0.25,low,stable
BEV1_2024-09-03_fast_1,BEV1,BEV1_2024-09-03_fast_1__segment_1,train,2024-09-03 09:48:26+00:00,2024-09-03 09:49:26+00:00,50.5,26.0,-165.78,61.89176024829562,-0.25,low,stable
BEV1_2024-09-03_fast_1,BEV1,BEV1_2024-09-03_fast_1__segment_1,train,2024-09-03 09:48:36+00:00,2024-09-03 09:49:36+00:00,50.5,26.0,-164.8975,61.38498673013391,-0.25,low,stable
BEV1_2024-09-03_fast_1,BEV1,BEV1_2024-09-03_fast_1__segment_1,train,2024-09-03 09:48:46+00:00,2024-09-03 09:49:46+00:00,50.5,26.0,-163.863,61.23240975468395,0.0,low,stable
BEV1_2024-09-03_fast_1,BEV1,BEV1_2024-09-03_fast_1__segment_1,train,2024-09-03 09:48:56+00:00,2024-09-03 09:49:56+00:00,50.5,26.0,-163.0455,60.622101852884136,0.0,low,stable
BEV1_2024-09-03_fast_1,BEV1,BEV1_2024-09-03_fast_1__segment_1,train,2024-09-03 09:49:06+00:00,2024-09-03 09:50:06+00:00,50.5,26.0,-162.215,60.10177994848197,0.0,low,stable
BEV1_2024-09-03_fast_1,BEV1,BEV1_2024-09-03_fast_1__segment_1,train,2024-09-03 09:49:16+00:00,2024-09-03 09:50:16+00:00,50.5,26.0,-161.4025,60.52184084242577,0.0,low,stable
BEV1_2024-09-03_fast_1,BEV1,BEV1_2024-09-03_fast_1__segment_1,train,2024-09-03 09:49:26+00:00,2024-09-03 09:50:26+00:00,50.5,26.0,-160.5795,59.72138893614981,0.0,low,stable
BEV1_2024-09-03_fast_1,BEV1,BEV1_2024-09-03_fast_1__segment_1,train,2024-09-03 09:49:36+00:00,2024-09-03 09:50:36+00:00,50.5,26.0,-159.771,59.340997923817646,0.0,low,stable
BEV1_2024-09-03_fast_1,BEV1,BEV1_2024-09-03_fast_1__segment_1,train,2024-09-03 09:49:46+00:00,2024-09-03 09:50:46+00:00,50.5,26.0,-158.872,58.98777769808063,0.0,low,stable
BEV1_2024-09-03_fast_1,BEV1,BEV1_2024-09-03_fast_1__segment_1,train,2024-09-03 09:49:56+00:00,2024-09-03 09:50:56+00:00,50.5,26.0,-157.471,58.835621300567205,0.0,low,stable
BEV1_2024-09-03_fast_1,BEV1,BEV1_2024-09-03_fast_1__segment_1,train,2024-09-03 09:50:06+00:00,2024-09-03 09:51:06+00:00,50.5,25.5,-156.66,58.226995673416305,0.0,low,stable
BEV1_2024-09-03_fast_1,BEV1,BEV1_2024-09-03_fast_1__segment_1,train,2024-09-03 09:50:16+00:00,2024-09-03 09:51:16+00:00,50.5,25.5,-155.8805,57.87377544767929,0.0,low,stable
BEV1_2024-09-03_fast_1,BEV1,BEV1_2024-09-03_fast_1__segment_1,train,2024-09-03 09:50:26+00:00,2024-09-03 09:51:26+00:00,50.25,25.5,-155.1125,57.49338443534713,-0.25,low,stable
BEV1_2024-09-03_fast_1,BEV1,BEV1_2024-09-03_fast_1__segment_1,train,2024-09-03 09:50:36+00:00,2024-09-03 09:51:36+00:00,50.25,25.5,-153.7985,57.19993992528059,-0.25,low,stable
BEV1_2024-09-03_fast_1,BEV1,BEV1_2024-09-03_fast_1__segment_1,train,2024-09-03 09:50:46+00:00,2024-09-03 09:51:46+00:00,50.25,25.5,-153.1495,57.0532177073445,-0.25,low,stable
BEV1_2024-09-03_fast_1,BEV1,BEV1_2024-09-03_fast_1__segment_1,train,2024-09-03 09:50:56+00:00,2024-09-03 09:51:56+00:00,50.25,26.0,-151.925,56.37938218494579,-0.25,low,stable
BEV1_2024-09-03_fast_1,BEV1,BEV1_2024-09-03_fast_1__segment_1,train,2024-09-03 09:51:06+00:00,2024-09-03 09:52:06+00:00,50.25,25.5,-151.0365,55.99899117261362,-0.25,low,stable
BEV1_2024-09-03_fast_1,BEV1,BEV1_2024-09-03_fast_1__segment_1,train,2024-09-03 09:51:16+00:00,2024-09-03 09:52:16+00:00,50.25,26.0,-150.27,55.64577094687662,-0.25,low,stable
BEV1_2024-09-03_fast_1,BEV1,BEV1_2024-09-03_fast_1__segment_1,train,2024-09-03 09:51:26+00:00,2024-09-03 09:52:26+00:00,50.25,26.0,-149.3975,55.64577094687662,0.0,low,stable
BEV1_2024-09-03_fast_1,BEV1,BEV1_2024-09-03_fast_1__segment_1,train,2024-09-03 09:51:36+00:00,2024-09-03 09:52:36+00:00,50.25,26.0,-148.6065,55.265379934544455,0.0,low,stable
BEV1_2024-09-03_fast_1,BEV1,BEV1_2024-09-03_fast_1__segment_1,train,2024-09-03 09:51:46+00:00,2024-09-03 09:52:46+00:00,50.25,26.0,-147.8345,54.88498892221229,0.0,low,stable
BEV1_2024-09-03_fast_1,BEV1,BEV1_2024-09-03_fast_1__segment_1,train,2024-09-03 09:51:56+00:00,2024-09-03 09:52:56+00:00,50.25,26.0,-146.157,54.531768696475275,0.0,low,stable
BEV1_2024-09-03_fast_1,BEV1,BEV1_2024-09-03_fast_1__segment_1,train,2024-09-03 09:52:06+00:00,2024-09-03 09:53:06+00:00,50.25,25.5,-145.941,54.88498892221229,0.0,low,stable
BEV1_2024-09-03_fast_1,BEV1,BEV1_2024-09-03_fast_1__segment_1,train,2024-09-03 09:52:16+00:00,2024-09-03 09:53:16+00:00,50.25,26.0,-144.603,55.265379934544455,0.0,low,stable
BEV1_2024-09-03_fast_1,BEV1,BEV1_2024-09-03_fast_1__segment_1,train,2024-09-03 09:52:26+00:00,2024-09-03 09:53:26+00:00,50.25,25.5,-144.1195,55.99899117261362,0.0,low,stable
BEV1_2024-09-03_fast_1,BEV1,BEV1_2024-09-03_fast_1__segment_1,train,2024-09-03 09:52:36+00:00,2024-09-03 09:53:36+00:00,50.0,25.5,-143.2845,56.37938218494579,-0.25,low,stable
BEV1_2024-09-03_fast_1,BEV1,BEV1_2024-09-03_fast_1__segment_1,train,2024-09-03 09:52:46+00:00,2024-09-03 09:53:46+00:00,50.0,25.5,-141.993,56.75977319727796,-0.25,low,stable
BEV1_2024-09-03_fast_1,BEV1,BEV1_2024-09-03_fast_1__segment_1,train,2024-09-03 09:52:56+00:00,2024-09-03 09:53:56+00:00,50.0,25.5,-141.39,57.0532177073445,-0.25,low,stable
BEV1_2024-09-03_fast_1,BEV1,BEV1_2024-09-03_fast_1__segment_1,train,2024-09-03 09:53:06+00:00,2024-09-03 09:54:06+00:00,50.0,25.5,-140.552,57.49338443534713,-0.25,low,stable
BEV1_2024-09-03_fast_1,BEV1,BEV1_2024-09-03_fast_1__segment_1,train,2024-09-03 09:53:16+00:00,2024-09-03 09:54:16+00:00,50.0,25.5,-139.6125,57.49338443534713,-0.25,low,stable
BEV1_2024-09-03_fast_1,BEV1,BEV1_2024-09-03_fast_1__segment_1,train,2024-09-03 09:53:26+00:00,2024-09-03 09:54:26+00:00,50.0,25.5,-138.924,56.75977319727796,-0.25,low,stable
BEV1_2024-09-03_fast_1,BEV1,BEV1_2024-09-03_fast_1__segment_1,train,2024-09-03 09:53:36+00:00,2024-09-03 09:54:36+00:00,50.0,26.0,-138.1305,56.37938218494579,0.0,low,stable
BEV1_2024-09-03_fast_1,BEV1,BEV1_2024-09-03_fast_1__segment_1,train,2024-09-03 09:53:46+00:00,2024-09-03 09:54:46+00:00,50.0,25.5,-137.6,56.37938218494579,0.0,low,stable
BEV1_2024-09-03_fast_1,BEV1,BEV1_2024-09-03_fast_1__segment_1,train,2024-09-03 09:53:56+00:00,2024-09-03 09:54:56+00:00,50.0,25.5,-136.9615,55.99899117261362,0.0,low,stable
BEV1_2024-09-03_fast_1,BEV1,BEV1_2024-09-03_fast_1__segment_1,train,2024-09-03 09:54:06+00:00,2024-09-03 09:55:06+00:00,50.0,25.5,-136.0445,55.78705903717142,0.0,low,stable
BEV1_2024-09-03_fast_1,BEV1,BEV1_2024-09-03_fast_1__segment_1,train,2024-09-03 09:54:16+00:00,2024-09-03 09:55:16+00:00,50.0,25.5,-135.762,55.64577094687662,0.0,low,stable
BEV1_2024-09-03_fast_1,BEV1,BEV1_2024-09-03_fast_1__segment_1,train,2024-09-03 09:54:26+00:00,2024-09-03 09:55:26+00:00,50.0,25.5,-134.439,54.88498892221229,0.0,low,stable
BEV1_2024-09-03_fast_1,BEV1,BEV1_2024-09-03_fast_1__segment_1,train,2024-09-03 09:54:36+00:00,2024-09-03 09:55:36+00:00,50.0,25.5,-133.66,54.531768696475275,0.0,low,stable
BEV1_2024-09-03_fast_1,BEV1,BEV1_2024-09-03_fast_1__segment_1,train,2024-09-03 09:54:46+00:00,2024-09-03 09:55:46+00:00,50.0,25.5,-132.8975,54.531768696475275,0.0,low,stable
BEV1_2024-09-03_fast_1,BEV1,BEV1_2024-09-03_fast_1__segment_1,train,2024-09-03 09:54:56+00:00,2024-09-03 09:55:56+00:00,50.0,25.5,-132.523,54.303534089075974,0.0,low,stable
BEV1_2024-09-03_fast_1,BEV1,BEV1_2024-09-03_fast_1__segment_1,train,2024-09-03 09:55:06+00:00,2024-09-03 09:56:06+00:00,50.0,25.5,-132.0095,54.15137768414311,0.0,low,stable
BEV1_2024-09-03_fast_1,BEV1,BEV1_2024-09-03_fast_1__segment_1,train,2024-09-03 09:55:16+00:00,2024-09-03 09:56:16+00:00,49.75,25.5,-131.1505,53.770986671810945,-0.25,low,stable
BEV1_2024-09-03_fast_1,BEV1,BEV1_2024-09-03_fast_1__segment_1,train,2024-09-03 09:55:26+00:00,2024-09-03 09:56:26+00:00,49.75,25.5,-130.252,53.41776644607394,-0.25,low,stable
BEV1_2024-09-03_fast_1,BEV1,BEV1_2024-09-03_fast_1__segment_1,train,2024-09-03 09:55:36+00:00,2024-09-03 09:56:36+00:00,49.75,25.5,-129.4665,53.303649157213165,-0.25,low,stable
BEV1_2024-09-03_fast_1,BEV1,BEV1_2024-09-03_fast_1__segment_1,train,2024-09-03 09:55:46+00:00,2024-09-03 09:56:46+00:00,49.75,25.5,-129.3625,53.03737543374178,-0.25,low,stable
BEV1_2024-09-03_fast_1,BEV1,BEV1_2024-09-03_fast_1__segment_1,train,2024-09-03 09:55:56+00:00,2024-09-03 09:56:56+00:00,49.75,25.5,-128.049,52.684155208004775,-0.25,low,stable
BEV1_2024-09-03_fast_1,BEV1,BEV1_2024-09-03_fast_1__segment_1,train,2024-09-03 09:56:06+00:00,2024-09-03 09:57:06+00:00,49.75,25.5,-127.596,51.92337318334044,-0.25,low,stable
BEV1_2024-09-03_fast_1,BEV1,BEV1_2024-09-03_fast_1__segment_1,train,2024-09-03 09:56:16+00:00,2024-09-03 09:57:16+00:00,49.75,25.5,-126.579,51.92337318334044,0.0,low,stable
BEV1_2024-09-03_fast_1,BEV1,BEV1_2024-09-03_fast_1__segment_1,train,2024-09-03 09:56:26+00:00,2024-09-03 09:57:26+00:00,49.75,25.5,-126.046,51.570152957603426,0.0,low,stable
BEV1_2024-09-03_fast_1,BEV1,BEV1_2024-09-03_fast_1__segment_1,train,2024-09-03 09:56:36+00:00,2024-09-03 09:57:36+00:00,49.75,25.5,-125.21,51.18976194527126,0.0,low,stable
BEV1_2024-09-03_fast_1,BEV1,BEV1_2024-09-03_fast_1__segment_1,train,2024-09-03 09:56:46+00:00,2024-09-03 09:57:46+00:00,49.75,25.5,-124.8455,51.18976194527126,0.0,low,stable
BEV1_2024-09-03_fast_1,BEV1,BEV1_2024-09-03_fast_1__segment_1,train,2024-09-03 09:56:56+00:00,2024-09-03 09:57:56+00:00,49.75,25.5,-124.055,50.809370932939096,0.0,low,stable
BEV1_2024-09-03_fast_1,BEV1,BEV1_2024-09-03_fast_1__segment_1,train,2024-09-03 09:57:06+00:00,2024-09-03 09:58:06+00:00,49.75,25.5,-123.0415,50.45615070720209,0.0,low,stable
BEV1_2024-09-03_fast_1,BEV1,BEV1_2024-09-03_fast_1__segment_1,train,2024-09-03 09:57:16+00:00,2024-09-03 09:58:16+00:00,49.75,25.5,-122.413,50.45615070720209,0.0,low,stable
BEV1_2024-09-03_fast_1,BEV1,BEV1_2024-09-03_fast_1__segment_1,train,2024-09-03 09:57:26+00:00,2024-09-03 09:58:26+00:00,50.0,25.5,-121.7085,50.07575969486993,0.25,low,stable
BEV1_2024-09-03_fast_1,BEV1,BEV1_2024-09-03_fast_1__segment_1,train,2024-09-03 09:57:36+00:00,2024-09-03 09:58:36+00:00,50.0,25.5,-120.946,49.69536868253775,0.25,low,stable
BEV1_2024-09-03_fast_1,BEV1,BEV1_2024-09-03_fast_1__segment_1,train,2024-09-03 09:57:46+00:00,2024-09-03 09:58:46+00:00,50.0,25.5,-120.5005,49.69536868253775,0.25,low,stable
BEV1_2024-09-03_fast_1,BEV1,BEV1_2024-09-03_fast_1__segment_1,train,2024-09-03 09:57:56+00:00,2024-09-03 09:58:56+00:00,50.0,25.5,-119.3445,49.34214845680075,0.25,low,stable
BEV1_2024-09-03_fast_1,BEV1,BEV1_2024-09-03_fast_1__segment_1,train,2024-09-03 09:58:06+00:00,2024-09-03 09:59:06+00:00,50.0,25.5,-119.0,49.34214845680075,0.25,low,stable
BEV1_2024-09-03_fast_1,BEV1,BEV1_2024-09-03_fast_1__segment_1,train,2024-09-03 09:58:16+00:00,2024-09-03 09:59:16+00:00,50.0,25.5,-118.529,48.96175744446859,0.25,low,stable
BEV1_2024-09-03_fast_1,BEV1,BEV1_2024-09-03_fast_1__segment_1,train,2024-09-03 09:58:26+00:00,2024-09-03 09:59:26+00:00,50.0,25.5,-117.8095,48.58136643213643,0.0,low,stable
BEV1_2024-09-03_fast_1,BEV1,BEV1_2024-09-03_fast_1__segment_1,train,2024-09-03 09:58:36+00:00,2024-09-03 09:59:36+00:00,50.0,25.5,-117.0935,47.8757020927014,0.0,low,stable
BEV1_2024-09-03_fast_1,BEV1,BEV1_2024-09-03_fast_1__segment_1,train,2024-09-03 09:58:46+00:00,2024-09-03 09:59:46+00:00,50.0,26.0,-116.478,47.761789831934884,0.0,low,stable
BEV1_2024-09-03_fast_1,BEV1,BEV1_2024-09-03_fast_1__segment_1,train,2024-09-03 09:58:56+00:00,2024-09-03 09:59:56+00:00,50.0,26.0,-114.9485,47.345532842275546,0.0,low,stable
BEV1_2024-09-03_fast_1,BEV1,BEV1_2024-09-03_fast_1__segment_1,train,2024-09-03 09:59:06+00:00,2024-09-03 10:00:06+00:00,50.0,26.0,-114.9155,47.345532842275546,0.0,low,stable
BEV1_2024-09-03_fast_1,BEV1,BEV1_2024-09-03_fast_1__segment_1,train,2024-09-03 09:59:16+00:00,2024-09-03 10:00:16+00:00,50.0,26.0,-114.092,46.99321920349502,0.0,low,stable
BEV1_2024-09-03_fast_1,BEV1,BEV1_2024-09-03_fast_1__segment_1,train,2024-09-03 09:59:26+00:00,2024-09-03 10:00:26+00:00,50.0,26.0,-113.1585,46.87939481192056,0.0,low,stable
BEV1_2024-09-03_fast_1,BEV1,BEV1_2024-09-03_fast_1__segment_1,train,2024-09-03 09:59:36+00:00,2024-09-03 10:00:36+00:00,50.0,25.5,-112.4435,46.61380451557752,0.0,low,stable
BEV1_2024-09-03_fast_1,BEV1,BEV1_2024-09-03_fast_1__segment_1,train,2024-09-03 09:59:46+00:00,2024-09-03 10:00:46+00:00,50.0,25.5,-111.6125,46.234389827660046,0.0,low,stable
BEV1_2024-09-03_fast_1,BEV1,BEV1_2024-09-03_fast_1__segment_1,train,2024-09-03 09:59:56+00:00,2024-09-03 10:00:56+00:00,50.0,26.0,-110.6035,45.8820761888795,0.0,low,stable
BEV1_2024-09-03_fast_1,BEV1,BEV1_2024-09-03_fast_1__segment_1,train,2024-09-03 10:00:06+00:00,2024-09-03 10:01:06+00:00,50.0,26.0,-109.908,45.50266150096202,0.0,low,stable
BEV1_2024-09-03_fast_1,BEV1,BEV1_2024-09-03_fast_1__segment_1,train,2024-09-03 10:00:16+00:00,2024-09-03 10:01:16+00:00,50.0,26.0,-109.2375,45.23707121941977,0.0,low,stable
BEV1_2024-09-03_fast_1,BEV1,BEV1_2024-09-03_fast_1__segment_1,train,2024-09-03 10:00:26+00:00,2024-09-03 10:01:26+00:00,50.0,26.5,-108.5215,44.770933174263995,0.0,low,stable
BEV1_2024-09-03_fast_1,BEV1,BEV1_2024-09-03_fast_1__segment_1,train,2024-09-03 10:00:36+00:00,2024-09-03 10:01:36+00:00,50.0,26.5,-107.9272727,44.770933174263995,0.0,low,stable
BEV1_2024-09-03_fast_1,BEV1,BEV1_2024-09-03_fast_1__segment_1,train,2024-09-03 10:00:46+00:00,2024-09-03 10:01:46+00:00,50.0,26.5,-107.5005051,44.3915184863465,0.0,low,stable
BEV1_2024-09-03_fast_1,BEV1,BEV1_2024-09-03_fast_1__segment_1,train,2024-09-03 10:00:56+00:00,2024-09-03 10:01:56+00:00,50.0,26.5,-105.693,44.039204847565976,0.0,low,stable
BEV1_2024-09-03_fast_1,BEV1,BEV1_2024-09-03_fast_1__segment_1,train,2024-09-03 10:01:06+00:00,2024-09-03 10:02:06+00:00,50.0,26.0,-106.205,44.039204847565976,0.0,low,stable
BEV1_2024-09-03_fast_1,BEV1,BEV1_2024-09-03_fast_1__segment_1,train,2024-09-03 10:01:16+00:00,2024-09-03 10:02:16+00:00,50.0,26.0,-104.625,43.28037547173099,0.0,low,stable
BEV1_2024-09-03_fast_1,BEV1,BEV1_2024-09-03_fast_1__segment_1,train,2024-09-03 10:01:26+00:00,2024-09-03 10:02:26+00:00,50.0,26.0,-104.0145,43.545965768074026,0.0,low,stable
BEV1_2024-09-03_fast_1,BEV1,BEV1_2024-09-03_fast_1__segment_1,train,2024-09-03 10:01:36+00:00,2024-09-03 10:02:36+00:00,50.0,26.0,-102.1985,40.37243289933479,0.0,low,stable
BEV1_2024-09-03_fast_1,BEV1,BEV1_2024-09-03_fast_1__segment_1,train,2024-09-03 10:01:46+00:00,2024-09-03 10:02:46+00:00,50.0,26.0,-102.2465,39.59463278910394,0.0,low,stable
BEV1_2024-09-03_fast_1,BEV1,BEV1_2024-09-03_fast_1__segment_1,train,2024-09-03 10:01:56+00:00,2024-09-03 10:02:56+00:00,50.0,26.5,-101.579,39.10139370961198,0.0,low,stable
BEV1_2024-09-03_fast_1,BEV1,BEV1_2024-09-03_fast_1__segment_1,train,2024-09-03 10:02:06+00:00,2024-09-03 10:03:06+00:00,50.0,26.5,-101.014,38.835803413268955,0.0,low,stable
BEV1_2024-09-03_fast_1,BEV1,BEV1_2024-09-03_fast_1__segment_1,train,2024-09-03 10:02:16+00:00,2024-09-03 10:03:16+00:00,50.0,26.5,-99.8695,39.21521810118644,0.0,low,stable
BEV1_2024-09-03_fast_1,BEV1,BEV1_2024-09-03_fast_1__segment_1,train,2024-09-03 10:02:26+00:00,2024-09-03 10:03:26+00:00,50.0,27.0,-99.3915,39.59463278910394,0.0,low,stable
BEV1_2024-09-03_fast_1,BEV1,BEV1_2024-09-03_fast_1__segment_1,train,2024-09-03 10:02:36+00:00,2024-09-03 10:03:36+00:00,50.0,27.0,-98.2315,39.94694642788446,0.0,low,stable
BEV1_2024-09-03_fast_1,BEV1,BEV1_2024-09-03_fast_1__segment_1,train,2024-09-03 10:02:46+00:00,2024-09-03 10:03:46+00:00,50.0,27.5,-97.76717172,40.70577580371945,0.0,low,stable
BEV1_2024-09-03_fast_1,BEV1,BEV1_2024-09-03_fast_1__segment_1,train,2024-09-03 10:02:56+00:00,2024-09-03 10:03:56+00:00,50.0,28.0,-96.2875,36.99293207195543,0.0,low,stable
BEV1_2024-09-03_fast_1,BEV1,BEV1_2024-09-03_fast_1__segment_1,train,2024-09-03 10:03:06+00:00,2024-09-03 10:04:06+00:00,50.0,27.5,-96.285,36.99293207195543,0.0,low,stable
BEV1_2024-09-03_fast_1,BEV1,BEV1_2024-09-03_fast_1__segment_1,train,2024-09-03 10:03:16+00:00,2024-09-03 10:04:16+00:00,50.0,27.5,-96.411,36.39399888602853,0.0,low,stable
BEV1_2024-09-03_fast_1,BEV1,BEV1_2024-09-03_fast_1__segment_1,train,2024-09-03 10:03:26+00:00,2024-09-03 10:04:26+00:00,50.0,27.5,-94.781,36.14737933888216,0.0,low,stable
BEV1_2024-09-03_fast_1,BEV1,BEV1_2024-09-03_fast_1__segment_1,train,2024-09-03 10:03:36+00:00,2024-09-03 10:04:36+00:00,50.0,27.5,-93.9185,35.99561346371516,0.0,low,stable
BEV1_2024-09-03_fast_1,BEV1,BEV1_2024-09-03_fast_1__segment_1,train,2024-09-03 10:03:46+00:00,2024-09-03 10:04:46+00:00,50.0,27.5,-93.1,35.881789057339915,0.0,low,stable
BEV1_2024-09-03_fast_1,BEV1,BEV1_2024-09-03_fast_1__segment_1,train,2024-09-03 10:03:56+00:00,2024-09-03 10:04:56+00:00,50.0,27.5,-92.191,35.50237436942243,0.0,low,stable
BEV1_2024-09-03_fast_1,BEV1,BEV1_2024-09-03_fast_1__segment_1,train,2024-09-03 10:04:06+00:00,2024-09-03 10:05:06+00:00,50.0,27.5,-91.5245,35.1500607306419,0.0,low,stable
BEV1_2024-09-03_fast_1,BEV1,BEV1_2024-09-03_fast_1__segment_1,train,2024-09-03 10:04:16+00:00,2024-09-03 10:05:16+00:00,50.0,27.5,-89.9305,34.93054223263249,0.0,low,stable
BEV1_2024-09-03_fast_1,BEV1,BEV1_2024-09-03_fast_1__segment_1,train,2024-09-03 10:04:26+00:00,2024-09-03 10:05:26+00:00,50.0,27.5,-89.674,34.52402649557803,0.0,low,stable
BEV1_2024-09-03_fast_1,BEV1,BEV1_2024-09-03_fast_1__segment_1,train,2024-09-03 10:04:36+00:00,2024-09-03 10:05:36+00:00,50.0,27.5,-88.7995,34.41833240394387,0.0,low,stable
BEV1_2024-09-03_fast_1,BEV1,BEV1_2024-09-03_fast_1__segment_1,train,2024-09-03 10:04:46+00:00,2024-09-03 10:05:46+00:00,50.0,27.5,-87.671,34.03891771602638,0.0,low,stable
BEV1_2024-09-03_fast_1,BEV1,BEV1_2024-09-03_fast_1__segment_1,train,2024-09-03 10:04:56+00:00,2024-09-03 10:05:56+00:00,50.0,27.0,-86.465,33.307189389328364,0.0,low,stable
BEV1_2024-09-03_fast_1,BEV1,BEV1_2024-09-03_fast_1__segment_1,train,2024-09-03 10:05:06+00:00,2024-09-03 10:06:06+00:00,50.0,27.0,-85.6185,33.307189389328364,0.0,low,stable
BEV1_2024-09-03_fast_1,BEV1,BEV1_2024-09-03_fast_1__segment_1,train,2024-09-03 10:05:16+00:00,2024-09-03 10:06:16+00:00,50.0,27.5,-84.7745,32.92777470141087,0.0,low,stable
BEV1_2024-09-03_fast_1,BEV1,BEV1_2024-09-03_fast_1__segment_1,train,2024-09-03 10:05:26+00:00,2024-09-03 10:06:26+00:00,50.0,27.5,-83.3205,32.54836001349338,0.0,low,stable
BEV1_2024-09-03_fast_1,BEV1,BEV1_2024-09-03_fast_1__segment_1,train,2024-09-03 10:05:36+00:00,2024-09-03 10:06:36+00:00,50.0,27.5,-82.36,32.19604637471285,0.0,low,stable
BEV1_2024-09-03_fast_1,BEV1,BEV1_2024-09-03_fast_1__segment_1,train,2024-09-03 10:05:46+00:00,2024-09-03 10:06:46+00:00,50.0,27.5,-81.401,31.43721699887786,0.0,low,stable
BEV1_2024-09-03_fast_1,BEV1,BEV1_2024-09-03_fast_1__segment_1,train,2024-09-03 10:05:56+00:00,2024-09-03 10:06:56+00:00,50.0,27.5,-79.9395,31.33152290724371,0.0,low,stable
BEV1_2024-09-03_fast_1,BEV1,BEV1_2024-09-03_fast_1__segment_1,train,2024-09-03 10:06:06+00:00,2024-09-03 10:07:06+00:00,50.0,27.5,-78.4735,30.326073984262358,0.0,low,stable
BEV1_2024-09-03_fast_1,BEV1,BEV1_2024-09-03_fast_1__segment_1,train,2024-09-03 10:06:16+00:00,2024-09-03 10:07:16+00:00,50.0,27.0,-77.486,29.973760345481832,0.0,low,stable
BEV1_2024-09-03_fast_1,BEV1,BEV1_2024-09-03_fast_1__segment_1,train,2024-09-03 10:06:26+00:00,2024-09-03 10:07:26+00:00,50.0,27.0,-76.692,29.973760345481832,0.0,low,stable
BEV1_2024-09-03_fast_2,BEV1,BEV1_2024-09-03_fast_2__segment_1,train,2024-09-03 12:32:25+00:00,2024-09-03 12:33:25+00:00,35.0,22.5,-289.823,117.68741309352404,0.5,high,warming
BEV1_2024-09-03_fast_2,BEV1,BEV1_2024-09-03_fast_2__segment_1,train,2024-09-03 12:32:35+00:00,2024-09-03 12:33:35+00:00,35.5,22.0,-278.879,113.51529668604256,1.0,high,warming
BEV1_2024-09-03_fast_2,BEV1,BEV1_2024-09-03_fast_2__segment_1,train,2024-09-03 12:32:45+00:00,2024-09-03 12:33:45+00:00,35.75,22.0,-271.9285,110.6420608523616,1.25,high,warming
BEV1_2024-09-03_fast_2,BEV1,BEV1_2024-09-03_fast_2__segment_1,train,2024-09-03 12:32:55+00:00,2024-09-03 12:33:55+00:00,36.0,22.0,-267.814,109.08498274176193,1.5,high,warming
BEV1_2024-09-03_fast_2,BEV1,BEV1_2024-09-03_fast_2__segment_1,train,2024-09-03 12:33:05+00:00,2024-09-03 12:34:05+00:00,36.25,22.0,-265.2755,108.2628242286344,1.75,high,warming
BEV1_2024-09-03_fast_2,BEV1,BEV1_2024-09-03_fast_2__segment_1,train,2024-09-03 12:33:15+00:00,2024-09-03 12:34:15+00:00,36.5,22.0,-264.0035,107.85174498713799,1.75,high,warming
BEV1_2024-09-03_fast_2,BEV1,BEV1_2024-09-03_fast_2__segment_1,train,2024-09-03 12:33:25+00:00,2024-09-03 12:34:25+00:00,36.5,22.0,-263.1095,107.56757611782545,1.5,high,warming
BEV1_2024-09-03_fast_2,BEV1,BEV1_2024-09-03_fast_2__segment_1,train,2024-09-03 12:33:35+00:00,2024-09-03 12:34:35+00:00,36.75,22.0,-262.919,107.49584416079654,1.25,high,warming
BEV1_2024-09-03_fast_2,BEV1,BEV1_2024-09-03_fast_2__segment_1,train,2024-09-03 12:33:45+00:00,2024-09-03 12:34:45+00:00,37.0,22.0,-262.7655,107.45997818604896,1.25,high,warming
BEV1_2024-09-03_fast_2,BEV1,BEV1_2024-09-03_fast_2__segment_1,train,2024-09-03 12:33:55+00:00,2024-09-03 12:34:55+00:00,37.25,22.0,-262.822,107.57861180989684,1.25,high,warming
BEV1_2024-09-03_fast_2,BEV1,BEV1_2024-09-03_fast_2__segment_1,train,2024-09-03 12:34:05+00:00,2024-09-03 12:35:05+00:00,37.5,22.0,-262.7611111,107.622754540514,1.25,high,warming
BEV1_2024-09-03_fast_2,BEV1,BEV1_2024-09-03_fast_2__segment_1,train,2024-09-03 12:34:15+00:00,2024-09-03 12:35:15+00:00,37.75,22.0,-262.6845,107.62827236771551,1.25,high,warming
BEV1_2024-09-03_fast_2,BEV1,BEV1_2024-09-03_fast_2__segment_1,train,2024-09-03 12:34:25+00:00,2024-09-03 12:35:25+00:00,38.0,22.0,-263.1165,107.868298529012,1.5,high,warming
BEV1_2024-09-03_fast_2,BEV1,BEV1_2024-09-03_fast_2__segment_1,train,2024-09-03 12:34:35+00:00,2024-09-03 12:35:35+00:00,38.0,22.0,-263.8185,108.17177985379928,1.25,high,warming
BEV1_2024-09-03_fast_2,BEV1,BEV1_2024-09-03_fast_2__segment_1,train,2024-09-03 12:34:45+00:00,2024-09-03 12:35:45+00:00,38.25,22.0,-265.449,108.54699312054808,1.25,high,warming
BEV1_2024-09-03_fast_2,BEV1,BEV1_2024-09-03_fast_2__segment_1,train,2024-09-03 12:34:55+00:00,2024-09-03 12:35:55+00:00,38.5,22.0,-266.498,108.29593130484864,1.25,high,warming
BEV1_2024-09-03_fast_2,BEV1,BEV1_2024-09-03_fast_2__segment_1,train,2024-09-03 12:35:05+00:00,2024-09-03 12:36:05+00:00,38.75,22.0,-267.7355,108.32352050112551,1.25,high,warming
BEV1_2024-09-03_fast_2,BEV1,BEV1_2024-09-03_fast_2__segment_1,train,2024-09-03 12:35:15+00:00,2024-09-03 12:36:15+00:00,39.0,22.0,-269.2265,108.46974332125032,1.25,high,warming
BEV1_2024-09-03_fast_2,BEV1,BEV1_2024-09-03_fast_2__segment_1,train,2024-09-03 12:35:25+00:00,2024-09-03 12:36:25+00:00,39.25,22.0,-270.388,108.55526986135028,1.25,high,warming
BEV1_2024-09-03_fast_2,BEV1,BEV1_2024-09-03_fast_2__segment_1,train,2024-09-03 12:35:35+00:00,2024-09-03 12:36:35+00:00,39.5,22.0,-271.6895,108.61402465453797,1.5,high,warming
BEV1_2024-09-03_fast_2,BEV1,BEV1_2024-09-03_fast_2__segment_1,train,2024-09-03 12:35:45+00:00,2024-09-03 12:36:45+00:00,39.75,22.0,-272.675,108.7859144897738,1.5,high,warming
BEV1_2024-09-03_fast_2,BEV1,BEV1_2024-09-03_fast_2__segment_1,train,2024-09-03 12:35:55+00:00,2024-09-03 12:36:55+00:00,40.0,22.0,-274.724,109.33909047505831,1.5,high,warming
BEV1_2024-09-03_fast_2,BEV1,BEV1_2024-09-03_fast_2__segment_1,train,2024-09-03 12:36:05+00:00,2024-09-03 12:37:05+00:00,40.25,22.0,-276.164,109.72004367105383,1.5,high,warming
BEV1_2024-09-03_fast_2,BEV1,BEV1_2024-09-03_fast_2__segment_1,train,2024-09-03 12:36:15+00:00,2024-09-03 12:37:15+00:00,40.5,22.0,-277.0485,109.84327061215548,1.5,high,warming
BEV1_2024-09-03_fast_2,BEV1,BEV1_2024-09-03_fast_2__segment_1,train,2024-09-03 12:36:25+00:00,2024-09-03 12:37:25+00:00,40.75,22.0,-277.8825,110.07955692035264,1.5,high,warming
BEV1_2024-09-03_fast_2,BEV1,BEV1_2024-09-03_fast_2__segment_1,train,2024-09-03 12:36:35+00:00,2024-09-03 12:37:35+00:00,41.0,22.0,-279.508,110.7300254565544,1.5,high,warming
BEV1_2024-09-03_fast_2,BEV1,BEV1_2024-09-03_fast_2__segment_1,train,2024-09-03 12:36:45+00:00,2024-09-03 12:37:45+00:00,41.25,22.0,-281.124,111.30620394121651,1.5,high,warming
BEV1_2024-09-03_fast_2,BEV1,BEV1_2024-09-03_fast_2__segment_1,train,2024-09-03 12:36:55+00:00,2024-09-03 12:37:55+00:00,41.5,22.0,-281.5745,111.5550379057818,1.5,high,warming
BEV1_2024-09-03_fast_2,BEV1,BEV1_2024-09-03_fast_2__segment_1,train,2024-09-03 12:37:05+00:00,2024-09-03 12:38:05+00:00,41.75,22.0,-282.918,111.4112671544256,1.5,high,warming
BEV1_2024-09-03_fast_2,BEV1,BEV1_2024-09-03_fast_2__segment_1,train,2024-09-03 12:37:15+00:00,2024-09-03 12:38:15+00:00,42.0,22.0,-283.6005,111.70986794512311,1.5,high,warming
BEV1_2024-09-03_fast_2,BEV1,BEV1_2024-09-03_fast_2__segment_1,train,2024-09-03 12:37:25+00:00,2024-09-03 12:38:25+00:00,42.5,22.0,-284.3075,112.62778883278749,1.75,high,warming
BEV1_2024-09-03_fast_2,BEV1,BEV1_2024-09-03_fast_2__segment_1,train,2024-09-03 12:37:35+00:00,2024-09-03 12:38:35+00:00,42.75,22.0,-284.745,113.4765892082939,1.75,high,warming
BEV1_2024-09-03_fast_2,BEV1,BEV1_2024-09-03_fast_2__segment_1,train,2024-09-03 12:37:45+00:00,2024-09-03 12:38:45+00:00,43.0,22.0,-285.8795,113.83048640116792,1.75,high,warming
BEV1_2024-09-03_fast_2,BEV1,BEV1_2024-09-03_fast_2__segment_1,train,2024-09-03 12:37:55+00:00,2024-09-03 12:38:55+00:00,43.25,22.0,-286.2155,113.639713675875,1.75,high,warming
BEV1_2024-09-03_fast_2,BEV1,BEV1_2024-09-03_fast_2__segment_1,train,2024-09-03 12:38:05+00:00,2024-09-03 12:39:05+00:00,43.5,22.0,-287.206,113.8332512156144,1.75,high,warming
BEV1_2024-09-03_fast_2,BEV1,BEV1_2024-09-03_fast_2__segment_1,train,2024-09-03 12:38:15+00:00,2024-09-03 12:39:15+00:00,43.75,22.0,-288.047,114.59081245014407,1.75,high,warming
BEV1_2024-09-03_fast_2,BEV1,BEV1_2024-09-03_fast_2__segment_1,train,2024-09-03 12:38:25+00:00,2024-09-03 12:39:25+00:00,44.0,22.0,-288.3965,114.53828082466502,1.5,high,warming
BEV1_2024-09-03_fast_2,BEV1,BEV1_2024-09-03_fast_2__segment_1,train,2024-09-03 12:38:35+00:00,2024-09-03 12:39:35+00:00,44.25,22.0,-288.961,114.64057926117668,1.5,high,warming
BEV1_2024-09-03_fast_2,BEV1,BEV1_2024-09-03_fast_2__segment_1,train,2024-09-03 12:38:45+00:00,2024-09-03 12:39:45+00:00,44.5,22.0,-289.4925,114.80923339539974,1.5,high,warming
BEV1_2024-09-03_fast_2,BEV1,BEV1_2024-09-03_fast_2__segment_1,train,2024-09-03 12:38:55+00:00,2024-09-03 12:39:55+00:00,44.75,22.0,-290.2105,115.00830056403208,1.5,high,warming
BEV1_2024-09-03_fast_2,BEV1,BEV1_2024-09-03_fast_2__segment_1,train,2024-09-03 12:39:05+00:00,2024-09-03 12:40:05+00:00,45.0,22.0,-290.4475,115.02488952620898,1.5,high,warming
BEV1_2024-09-03_fast_2,BEV1,BEV1_2024-09-03_fast_2__segment_1,train,2024-09-03 12:39:15+00:00,2024-09-03 12:40:15+00:00,45.25,22.0,-290.693,115.00277093513913,1.5,high,warming
BEV1_2024-09-03_fast_2,BEV1,BEV1_2024-09-03_fast_2__segment_1,train,2024-09-03 12:39:25+00:00,2024-09-03 12:40:25+00:00,45.5,22.0,-291.2215,115.31796065026452,1.5,high,warming
BEV1_2024-09-03_fast_2,BEV1,BEV1_2024-09-03_fast_2__segment_1,train,2024-09-03 12:39:35+00:00,2024-09-03 12:40:35+00:00,45.75,22.0,-291.696,115.39537564351087,1.5,high,warming
BEV1_2024-09-03_fast_2,BEV1,BEV1_2024-09-03_fast_2__segment_1,train,2024-09-03 12:39:45+00:00,2024-09-03 12:40:45+00:00,46.0,22.0,-291.8565,115.39458834902383,1.5,high,warming
BEV1_2024-09-03_fast_2,BEV1,BEV1_2024-09-03_fast_2__segment_1,train,2024-09-03 12:39:55+00:00,2024-09-03 12:40:55+00:00,46.25,22.0,-295.694,115.0482915169705,1.5,high,warming
BEV1_2024-09-03_fast_2,BEV1,BEV1_2024-09-03_fast_2__segment_1,train,2024-09-03 12:40:05+00:00,2024-09-03 12:41:05+00:00,46.75,22.0,-292.4535,112.50000835925204,1.75,high,warming
BEV1_2024-09-03_fast_2,BEV1,BEV1_2024-09-03_fast_2__segment_1,train,2024-09-03 12:40:15+00:00,2024-09-03 12:41:15+00:00,47.0,22.0,-292.964,112.50916478458556,1.75,high,warming
BEV1_2024-11-17_fast_1,BEV1,BEV1_2024-11-17_fast_1__segment_1,validation,2024-11-17 23:05:32+00:00,2024-11-17 23:06:32+00:00,26.75,6.0,-221.5960000000001,89.80546964895377,1.0,mid,warming
BEV1_2024-11-17_fast_1,BEV1,BEV1_2024-11-17_fast_1__segment_1,validation,2024-11-17 23:05:42+00:00,2024-11-17 23:06:42+00:00,27.25,6.0,-210.98100000000005,86.1558284391062,1.5,mid,warming
BEV1_2024-11-17_fast_1,BEV1,BEV1_2024-11-17_fast_1__segment_1,validation,2024-11-17 23:05:52+00:00,2024-11-17 23:06:52+00:00,27.5,6.0,-202.37750000000003,83.64398068174279,1.5,mid,warming
BEV1_2024-11-17_fast_1,BEV1,BEV1_2024-11-17_fast_1__segment_1,validation,2024-11-17 23:06:02+00:00,2024-11-17 23:07:02+00:00,27.5,6.0,-196.81650000000005,81.49897877656292,1.5,mid,warming
BEV1_2024-11-17_fast_1,BEV1,BEV1_2024-11-17_fast_1__segment_1,validation,2024-11-17 23:06:12+00:00,2024-11-17 23:07:12+00:00,27.75,6.0,-191.77350000000007,79.63514006378132,1.5,mid,warming
BEV1_2024-11-17_fast_1,BEV1,BEV1_2024-11-17_fast_1__segment_1,validation,2024-11-17 23:06:22+00:00,2024-11-17 23:07:22+00:00,28.0,6.0,-188.8340000000001,78.54687629987228,1.5,mid,warming
BEV1_2024-11-17_fast_1,BEV1,BEV1_2024-11-17_fast_1__segment_1,validation,2024-11-17 23:06:32+00:00,2024-11-17 23:07:32+00:00,28.25,6.0,-187.96100000000007,78.15214082883223,1.5,mid,warming
BEV1_2024-11-17_fast_1,BEV1,BEV1_2024-11-17_fast_1__segment_1,validation,2024-11-17 23:06:42+00:00,2024-11-17 23:07:42+00:00,28.5,6.0,-186.26450000000008,77.54359031097881,1.25,mid,warming
BEV1_2024-11-17_fast_1,BEV1,BEV1_2024-11-17_fast_1__segment_1,validation,2024-11-17 23:06:52+00:00,2024-11-17 23:07:52+00:00,28.75,6.0,-185.28650000000005,77.24753870769878,1.25,mid,warming
BEV1_2024-11-17_fast_1,BEV1,BEV1_2024-11-17_fast_1__segment_1,validation,2024-11-17 23:07:02+00:00,2024-11-17 23:08:02+00:00,28.75,6.0,-184.54150000000004,76.79523764713205,1.25,mid,warming
BEV1_2024-11-17_fast_1,BEV1,BEV1_2024-11-17_fast_1__segment_3,validation,2024-11-17 23:17:56+00:00,2024-11-17 23:18:56+00:00,43.25,6.0,-239.95050000000003,98.81627827187972,1.0,high,warming
BEV1_2024-11-17_fast_1,BEV1,BEV1_2024-11-17_fast_1__segment_3,validation,2024-11-17 23:18:06+00:00,2024-11-17 23:19:06+00:00,43.5,6.0,-239.86900000000009,98.93215295952581,1.25,high,warming
BEV1_2024-11-17_fast_1,BEV1,BEV1_2024-11-17_fast_1__segment_3,validation,2024-11-17 23:18:16+00:00,2024-11-17 23:19:16+00:00,43.75,6.0,-240.0215000000001,99.00112598788652,1.25,high,warming
BEV1_2024-11-17_fast_1,BEV1,BEV1_2024-11-17_fast_1__segment_3,validation,2024-11-17 23:18:26+00:00,2024-11-17 23:19:26+00:00,43.75,6.0,-239.95350000000005,98.94594756519794,1.0,high,warming
BEV1_2024-11-17_fast_1,BEV1,BEV1_2024-11-17_fast_1__segment_3,validation,2024-11-17 23:18:36+00:00,2024-11-17 23:19:36+00:00,44.0,6.0,-239.95700000000005,99.43151768485762,1.0,high,warming
BEV1_2024-11-17_fast_1,BEV1,BEV1_2024-11-17_fast_1__segment_3,validation,2024-11-17 23:18:46+00:00,2024-11-17 23:19:46+00:00,44.25,6.0,-240.3615000000001,99.43151768485762,1.0,high,warming
BEV1_2024-11-17_fast_1,BEV1,BEV1_2024-11-17_fast_1__segment_3,validation,2024-11-17 23:18:56+00:00,2024-11-17 23:19:56+00:00,44.25,6.0,-240.02750000000003,99.12803636007031,1.0,high,warming
BEV1_2024-11-17_fast_1,BEV1,BEV1_2024-11-17_fast_1__segment_3,validation,2024-11-17 23:19:06+00:00,2024-11-17 23:20:06+00:00,44.5,6.0,-239.57450000000009,98.68660897856152,1.0,high,warming
BEV1_2024-11-17_fast_1,BEV1,BEV1_2024-11-17_fast_1__segment_3,validation,2024-11-17 23:19:16+00:00,2024-11-17 23:20:16+00:00,44.75,6.0,-240.42450000000005,99.00842975281549,1.0,high,warming
BEV1_2024-11-17_fast_1,BEV1,BEV1_2024-11-17_fast_1__segment_3,validation,2024-11-17 23:19:26+00:00,2024-11-17 23:20:26+00:00,44.75,6.0,-239.83500000000004,98.82602402801773,1.0,high,warming
BEV1_2024-11-17_fast_1,BEV1,BEV1_2024-11-17_fast_1__segment_3,validation,2024-11-17 23:19:36+00:00,2024-11-17 23:20:36+00:00,45.0,6.0,-239.7905000000001,98.7996235721146,1.0,high,warming
BEV1_2024-11-17_fast_1,BEV1,BEV1_2024-11-17_fast_1__segment_3,validation,2024-11-17 23:19:46+00:00,2024-11-17 23:20:46+00:00,45.25,6.0,-239.87050000000008,98.85579741655256,1.0,high,warming
BEV1_2024-11-17_fast_1,BEV1,BEV1_2024-11-17_fast_1__segment_3,validation,2024-11-17 23:19:56+00:00,2024-11-17 23:20:56+00:00,45.5,6.0,-240.00250000000003,98.80548672208991,1.25,high,warming
BEV1_2024-11-17_fast_1,BEV1,BEV1_2024-11-17_fast_1__segment_3,validation,2024-11-17 23:20:06+00:00,2024-11-17 23:21:06+00:00,45.5,6.0,-239.9535,98.31560355521789,1.0,high,warming
BEV1_2024-11-17_fast_1,BEV1,BEV1_2024-11-17_fast_1__segment_3,validation,2024-11-17 23:20:16+00:00,2024-11-17 23:21:16+00:00,45.75,6.0,-239.26200000000009,97.44829166230508,1.0,high,warming
BEV1_2024-11-17_fast_1,BEV1,BEV1_2024-11-17_fast_1__segment_3,validation,2024-11-17 23:20:26+00:00,2024-11-17 23:21:26+00:00,46.0,6.0,-238.67250000000007,97.03318341209432,1.25,high,warming
BEV1_2024-11-17_fast_1,BEV1,BEV1_2024-11-17_fast_1__segment_3,validation,2024-11-17 23:20:36+00:00,2024-11-17 23:21:36+00:00,46.0,6.0,-238.29500000000004,96.64949065298204,1.0,high,warming
BEV1_2024-11-17_fast_1,BEV1,BEV1_2024-11-17_fast_1__segment_3,validation,2024-11-17 23:20:46+00:00,2024-11-17 23:21:46+00:00,46.25,6.0,-237.52050000000003,95.9643203944772,1.0,high,warming
BEV1_2024-11-17_fast_1,BEV1,BEV1_2024-11-17_fast_1__segment_3,validation,2024-11-17 23:20:56+00:00,2024-11-17 23:21:56+00:00,46.5,6.0,-236.63650000000004,95.34568406991085,1.0,high,warming
BEV1_2024-11-17_fast_1,BEV1,BEV1_2024-11-17_fast_1__segment_3,validation,2024-11-17 23:21:06+00:00,2024-11-17 23:22:06+00:00,46.75,6.0,-235.26500000000004,94.62547706868054,1.25,mid,warming
BEV1_2024-11-17_fast_1,BEV1,BEV1_2024-11-17_fast_1__segment_3,validation,2024-11-17 23:21:16+00:00,2024-11-17 23:22:16+00:00,46.75,6.0,-234.47000000000003,94.18129076603732,1.0,mid,warming
BEV1_2024-11-17_fast_1,BEV1,BEV1_2024-11-17_fast_1__segment_3,validation,2024-11-17 23:21:26+00:00,2024-11-17 23:22:26+00:00,47.0,6.0,-233.16300000000004,93.72055093658747,1.0,mid,warming
BEV1_2024-12-07_fast_1,BEV1,BEV1_2024-12-07_fast_1__segment_1,test,2024-12-07 16:54:42+00:00,2024-12-07 16:55:42+00:00,39.75,6.5,-424.3925000000001,170.57023744530707,1.25,high,warming
BEV1_2024-12-07_fast_1,BEV1,BEV1_2024-12-07_fast_1__segment_1,test,2024-12-07 16:54:52+00:00,2024-12-07 16:55:52+00:00,40.25,6.5,-403.18700000000007,162.27491153997255,1.5,high,warming
BEV1_2024-12-07_fast_1,BEV1,BEV1_2024-12-07_fast_1__segment_1,test,2024-12-07 16:55:02+00:00,2024-12-07 16:56:02+00:00,40.75,6.5,-387.057,156.08847641108272,2.0,high,warming
BEV1_2024-12-07_fast_1,BEV1,BEV1_2024-12-07_fast_1__segment_1,test,2024-12-07 16:55:12+00:00,2024-12-07 16:56:12+00:00,41.25,6.0,-374.5700000000001,150.3864027980579,2.25,high,warming
BEV1_2024-12-07_fast_1,BEV1,BEV1_2024-12-07_fast_1__segment_1,test,2024-12-07 16:55:22+00:00,2024-12-07 16:56:22+00:00,41.75,6.5,-364.71100000000007,146.97903917392134,2.75,high,warming
BEV1_2024-12-07_fast_1,BEV1,BEV1_2024-12-07_fast_1__segment_1,test,2024-12-07 16:55:32+00:00,2024-12-07 16:56:32+00:00,42.25,6.5,-357.833,144.10138304317547,3.0,high,warming
BEV1_2024-12-07_fast_1,BEV1,BEV1_2024-12-07_fast_1__segment_1,test,2024-12-07 16:55:42+00:00,2024-12-07 16:56:42+00:00,42.75,6.5,-351.288,141.87814590230312,3.0,high,warming
BEV1_2024-12-07_fast_1,BEV1,BEV1_2024-12-07_fast_1__segment_1,test,2024-12-07 16:55:52+00:00,2024-12-07 16:56:52+00:00,43.25,6.5,-346.8405,140.09176512077613,3.0,high,warming
BEV1_2024-12-07_fast_1,BEV1,BEV1_2024-12-07_fast_1__segment_1,test,2024-12-07 16:56:02+00:00,2024-12-07 16:57:02+00:00,43.5,6.5,-343.30750000000006,138.87301935394,2.75,high,warming
BEV1_2024-12-07_fast_1,BEV1,BEV1_2024-12-07_fast_1__segment_1,test,2024-12-07 16:56:12+00:00,2024-12-07 16:57:12+00:00,44.0,6.5,-341.16650000000004,137.87112012122475,2.75,high,warming
BEV1_2024-12-07_fast_1,BEV1,BEV1_2024-12-07_fast_1__segment_1,test,2024-12-07 16:56:22+00:00,2024-12-07 16:57:22+00:00,44.25,6.5,-339.47200000000004,136.26936974305605,2.5,high,warming
BEV1_2024-12-07_fast_1,BEV1,BEV1_2024-12-07_fast_1__segment_1,test,2024-12-07 16:56:32+00:00,2024-12-07 16:57:32+00:00,44.75,6.5,-337.71,135.19377834818428,2.5,high,warming
BEV1_2024-12-07_fast_1,BEV1,BEV1_2024-12-07_fast_1__segment_1,test,2024-12-07 16:56:42+00:00,2024-12-07 16:57:42+00:00,45.0,6.0,-336.288,134.3257170458169,2.25,high,warming
BEV1_2024-12-07_fast_1,BEV1,BEV1_2024-12-07_fast_1__segment_1,test,2024-12-07 16:56:52+00:00,2024-12-07 16:57:52+00:00,45.25,6.0,-336.61550000000005,133.97088373902773,2.0,high,warming
BEV1_2024-12-07_fast_1,BEV1,BEV1_2024-12-07_fast_1__segment_1,test,2024-12-07 16:57:02+00:00,2024-12-07 16:58:02+00:00,45.5,6.5,-336.2200000000001,133.56788437919207,2.0,high,warming
BEV1_2024-12-07_fast_1,BEV1,BEV1_2024-12-07_fast_1__segment_1,test,2024-12-07 16:57:12+00:00,2024-12-07 16:58:12+00:00,46.0,6.5,-336.6360000000001,133.05927139402016,2.0,high,warming
BEV1_2024-12-07_fast_1,BEV1,BEV1_2024-12-07_fast_1__segment_1,test,2024-12-07 16:57:22+00:00,2024-12-07 16:58:22+00:00,46.25,6.5,-335.395,132.21016687855698,2.0,high,warming
BEV1_2024-12-07_fast_1,BEV1,BEV1_2024-12-07_fast_1__segment_1,test,2024-12-07 16:57:32+00:00,2024-12-07 16:58:32+00:00,46.5,6.5,-335.27200000000005,132.42836894793257,1.75,high,warming
BEV1_2024-12-07_fast_1,BEV1,BEV1_2024-12-07_fast_1__segment_1,test,2024-12-07 16:57:42+00:00,2024-12-07 16:58:42+00:00,46.75,6.0,-335.4070707070707,132.3366518522458,1.75,high,warming
BEV1_2024-12-07_fast_1,BEV1,BEV1_2024-12-07_fast_1__segment_1,test,2024-12-07 16:57:52+00:00,2024-12-07 16:58:52+00:00,47.0,6.0,-335.3138613861387,131.74188038324695,1.75,high,warming
BEV1_2024-12-07_fast_1,BEV1,BEV1_2024-12-07_fast_1__segment_1,test,2024-12-07 16:58:02+00:00,2024-12-07 16:59:02+00:00,47.25,6.0,-335.05350000000004,127.2340956104707,1.75,high,warming
BEV1_2024-12-07_fast_1,BEV1,BEV1_2024-12-07_fast_1__segment_1,test,2024-12-07 16:58:12+00:00,2024-12-07 16:59:12+00:00,47.5,6.0,-334.79600000000005,128.3705822902768,1.5,high,warming
BEV1_2024-12-07_fast_1,BEV1,BEV1_2024-12-07_fast_1__segment_1,test,2024-12-07 16:58:22+00:00,2024-12-07 16:59:22+00:00,48.0,6.0,-334.9050000000001,128.39559604364592,1.75,high,warming
BEV1_2024-12-07_fast_1,BEV1,BEV1_2024-12-07_fast_1__segment_1,test,2024-12-07 16:58:32+00:00,2024-12-07 16:59:32+00:00,48.25,6.0,-334.96700000000004,128.3816995139964,1.75,high,warming
BEV1_2024-12-07_fast_1,BEV1,BEV1_2024-12-07_fast_1__segment_1,test,2024-12-07 16:58:42+00:00,2024-12-07 16:59:42+00:00,48.5,6.0,-334.87700000000007,128.4225545065029,1.75,high,warming
BEV1_2024-12-07_fast_1,BEV1,BEV1_2024-12-07_fast_1__segment_1,test,2024-12-07 16:58:52+00:00,2024-12-07 16:59:52+00:00,48.75,6.0,-334.92350000000005,128.3142364088939,1.75,high,warming
BEV1_2024-12-07_fast_1,BEV1,BEV1_2024-12-07_fast_1__segment_1,test,2024-12-07 16:59:02+00:00,2024-12-07 17:00:02+00:00,49.0,6.0,-334.2560000000001,128.22894100657837,1.75,high,warming
BEV1_2024-12-07_fast_1,BEV1,BEV1_2024-12-07_fast_1__segment_1,test,2024-12-07 16:59:12+00:00,2024-12-07 17:00:12+00:00,49.25,6.0,-334.11750000000006,128.14638709103272,1.75,high,warming
BEV1_2024-12-07_fast_1,BEV1,BEV1_2024-12-07_fast_1__segment_1,test,2024-12-07 16:59:22+00:00,2024-12-07 17:00:22+00:00,49.5,6.0,-333.37350000000004,127.9683055177964,1.5,high,warming
BEV1_2024-12-07_fast_1,BEV1,BEV1_2024-12-07_fast_1__segment_1,test,2024-12-07 16:59:32+00:00,2024-12-07 17:00:32+00:00,49.75,6.0,-334.04400000000004,128.1436045664509,1.5,high,warming
BEV1_2024-12-07_fast_1,BEV1,BEV1_2024-12-07_fast_1__segment_1,test,2024-12-07 16:59:42+00:00,2024-12-07 17:00:42+00:00,50.0,6.0,-332.91600000000005,126.57704322688751,1.5,high,warming
BEV1_2024-12-07_fast_1,BEV1,BEV1_2024-12-07_fast_1__segment_1,test,2024-12-07 16:59:52+00:00,2024-12-07 17:00:52+00:00,50.0,6.5,-332.36550000000005,126.43791699779663,1.25,high,warming
BEV1_2024-12-07_fast_1,BEV1,BEV1_2024-12-07_fast_1__segment_1,test,2024-12-07 17:00:02+00:00,2024-12-07 17:01:02+00:00,50.25,6.5,-330.1105,125.38175016724095,1.25,high,warming
BEV1_2024-12-07_fast_1,BEV1,BEV1_2024-12-07_fast_1__segment_1,test,2024-12-07 17:00:12+00:00,2024-12-07 17:01:12+00:00,50.5,6.5,-327.96700000000004,124.57960900189155,1.25,high,warming
BEV1_2024-12-07_fast_1,BEV1,BEV1_2024-12-07_fast_1__segment_1,test,2024-12-07 17:00:22+00:00,2024-12-07 17:01:22+00:00,50.75,6.5,-327.68050000000005,124.60740206119056,1.25,high,warming
BEV1_2024-12-07_fast_1,BEV1,BEV1_2024-12-07_fast_1__segment_1,test,2024-12-07 17:00:32+00:00,2024-12-07 17:01:32+00:00,51.0,6.5,-327.55346534653467,124.73222942914241,1.25,high,warming
BEV1_2024-12-07_fast_1,BEV1,BEV1_2024-12-07_fast_1__segment_1,test,2024-12-07 17:00:42+00:00,2024-12-07 17:01:42+00:00,51.25,6.5,-326.8765000000001,124.69049156041511,1.25,high,warming
BEV1_2024-12-07_fast_1,BEV1,BEV1_2024-12-07_fast_1__segment_1,test,2024-12-07 17:00:52+00:00,2024-12-07 17:01:52+00:00,51.5,6.5,-326.31250000000006,124.60145077379696,1.5,high,warming
BEV1_2024-12-07_fast_1,BEV1,BEV1_2024-12-07_fast_1__segment_1,test,2024-12-07 17:01:02+00:00,2024-12-07 17:02:02+00:00,51.5,6.5,-324.81450000000007,124.1367691686334,1.25,high,warming
BEV1_2024-12-07_fast_1,BEV1,BEV1_2024-12-07_fast_1__segment_1,test,2024-12-07 17:01:12+00:00,2024-12-07 17:02:12+00:00,51.75,6.5,-323.5885,123.48009336732444,1.25,high,warming
BEV1_2024-12-07_fast_1,BEV1,BEV1_2024-12-07_fast_1__segment_1,test,2024-12-07 17:01:22+00:00,2024-12-07 17:02:22+00:00,52.0,6.5,-321.34650000000005,122.76498454979729,1.25,high,warming
BEV1_2024-12-07_fast_1,BEV1,BEV1_2024-12-07_fast_1__segment_1,test,2024-12-07 17:01:32+00:00,2024-12-07 17:02:32+00:00,52.0,6.5,-319.0425,121.90796697859744,1.0,high,warming
BEV1_2024-12-07_fast_1,BEV1,BEV1_2024-12-07_fast_1__segment_1,test,2024-12-07 17:01:42+00:00,2024-12-07 17:02:42+00:00,52.0,6.5,-316.56050000000005,120.84978044396416,0.75,high,warming
BEV1_2024-12-07_fast_1,BEV1,BEV1_2024-12-07_fast_1__segment_1,test,2024-12-07 17:01:52+00:00,2024-12-07 17:02:52+00:00,52.25,6.5,-315.06850000000003,120.20498146822707,0.75,high,warming
BEV1_2024-12-07_fast_1,BEV1,BEV1_2024-12-07_fast_1__segment_1,test,2024-12-07 17:02:02+00:00,2024-12-07 17:03:02+00:00,52.25,6.5,-311.92050000000006,118.93615669622204,0.75,high,warming
BEV1_2024-12-07_fast_1,BEV1,BEV1_2024-12-07_fast_1__segment_1,test,2024-12-07 17:02:12+00:00,2024-12-07 17:03:12+00:00,52.25,6.5,-311.024,118.64151614994216,0.5,high,warming
BEV1_2024-12-07_fast_1,BEV1,BEV1_2024-12-07_fast_1__segment_1,test,2024-12-07 17:02:22+00:00,2024-12-07 17:03:22+00:00,52.25,6.5,-308.86650000000003,117.69377422259502,0.25,high,stable
BEV1_2024-12-07_fast_1,BEV1,BEV1_2024-12-07_fast_1__segment_1,test,2024-12-07 17:02:32+00:00,2024-12-07 17:03:32+00:00,52.25,6.5,-306.43600000000004,116.81255989917088,0.25,high,stable
BEV1_2024-12-07_fast_1,BEV1,BEV1_2024-12-07_fast_1__segment_1,test,2024-12-07 17:02:42+00:00,2024-12-07 17:03:42+00:00,52.25,6.5,-304.20450000000005,116.04898837617893,0.25,high,stable
BEV1_2024-12-07_fast_1,BEV1,BEV1_2024-12-07_fast_1__segment_1,test,2024-12-07 17:02:52+00:00,2024-12-07 17:03:52+00:00,52.25,6.5,-302.3880000000001,115.22988437878753,0.0,high,stable
BEV1_2024-12-07_fast_1,BEV1,BEV1_2024-12-07_fast_1__segment_1,test,2024-12-07 17:03:02+00:00,2024-12-07 17:04:02+00:00,52.25,6.5,-300.01400000000007,114.3413647883969,0.0,high,stable
BEV1_2024-12-07_fast_1,BEV1,BEV1_2024-12-07_fast_1__segment_1,test,2024-12-07 17:03:12+00:00,2024-12-07 17:04:12+00:00,52.25,6.5,-298.44700000000006,113.73050757000331,0.0,high,stable
BEV1_2024-12-07_fast_1,BEV1,BEV1_2024-12-07_fast_1__segment_1,test,2024-12-07 17:03:22+00:00,2024-12-07 17:04:22+00:00,52.25,6.5,-296.1705,112.90862694889196,0.0,high,stable
BEV1_2024-12-08_fast_1,BEV1,BEV1_2024-12-08_fast_1__segment_1,test,2024-12-08 15:06:46+00:00,2024-12-08 15:07:46+00:00,33.0,13.0,-186.2655000000001,73.62111041547303,0.75,mid,warming
BEV1_2024-12-08_fast_1,BEV1,BEV1_2024-12-08_fast_1__segment_1,test,2024-12-08 15:06:56+00:00,2024-12-08 15:07:56+00:00,33.0,14.0,-186.56500000000003,73.57391382038377,0.5,mid,warming
BEV1_2024-12-08_fast_1,BEV1,BEV1_2024-12-08_fast_1__segment_1,test,2024-12-08 15:07:06+00:00,2024-12-08 15:08:06+00:00,33.0,14.5,-186.73150000000004,73.65684791236495,0.5,mid,warming
BEV1_2024-12-08_fast_1,BEV1,BEV1_2024-12-08_fast_1__segment_1,test,2024-12-08 15:07:16+00:00,2024-12-08 15:08:16+00:00,33.0,15.0,-190.03500000000005,73.71786309208314,0.25,mid,stable
BEV1_2024-12-08_fast_1,BEV1,BEV1_2024-12-08_fast_1__segment_1,test,2024-12-08 15:07:26+00:00,2024-12-08 15:08:26+00:00,33.25,15.5,-190.16350000000008,73.78236605666224,0.5,mid,warming
BEV1_2024-12-08_fast_1,BEV1,BEV1_2024-12-08_fast_1__segment_1,test,2024-12-08 15:07:36+00:00,2024-12-08 15:08:36+00:00,33.25,15.5,-188.99750000000003,73.79603529584224,0.25,mid,stable
BEV1_2024-12-08_fast_1,BEV1,BEV1_2024-12-08_fast_1__segment_1,test,2024-12-08 15:07:46+00:00,2024-12-08 15:08:46+00:00,33.25,15.0,-187.51100000000005,73.69656237556491,0.25,mid,stable
BEV1_2024-12-08_fast_1,BEV1,BEV1_2024-12-08_fast_1__segment_1,test,2024-12-08 15:07:56+00:00,2024-12-08 15:08:56+00:00,33.25,15.5,-186.48800000000003,73.62856803196357,0.25,mid,stable
BEV1_2024-12-08_fast_1,BEV1,BEV1_2024-12-08_fast_1__segment_1,test,2024-12-08 15:08:06+00:00,2024-12-08 15:09:06+00:00,33.5,15.5,-187.04650000000004,73.76179785167602,0.5,mid,warming
BEV1_2024-12-08_fast_1,BEV1,BEV1_2024-12-08_fast_1__segment_1,test,2024-12-08 15:08:16+00:00,2024-12-08 15:09:16+00:00,33.5,15.5,-186.7235000000001,73.76956816020025,0.5,mid,warming
BEV1_2024-12-08_fast_1,BEV1,BEV1_2024-12-08_fast_1__segment_1,test,2024-12-08 15:08:26+00:00,2024-12-08 15:09:26+00:00,33.5,15.5,-186.6790000000001,73.776586108839,0.25,mid,stable
BEV1_2024-12-08_fast_1,BEV1,BEV1_2024-12-08_fast_1__segment_1,test,2024-12-08 15:08:36+00:00,2024-12-08 15:09:36+00:00,33.5,15.5,-186.26850000000005,73.69421710484593,0.25,mid,stable
BEV1_2024-12-08_fast_1,BEV1,BEV1_2024-12-08_fast_1__segment_1,test,2024-12-08 15:08:46+00:00,2024-12-08 15:09:46+00:00,33.5,16.0,-189.06600000000003,73.71722499434068,0.25,mid,stable
BEV1_2024-12-08_fast_1,BEV1,BEV1_2024-12-08_fast_1__segment_1,test,2024-12-08 15:08:56+00:00,2024-12-08 15:09:56+00:00,33.5,16.5,-187.84500000000003,73.60867182785331,0.25,mid,stable
BEV1_2024-12-08_fast_1,BEV1,BEV1_2024-12-08_fast_1__segment_1,test,2024-12-08 15:09:06+00:00,2024-12-08 15:10:06+00:00,33.5,17.0,-186.9055,73.68229167763012,0.0,mid,stable
BEV1_2024-12-08_fast_1,BEV1,BEV1_2024-12-08_fast_1__segment_1,test,2024-12-08 15:09:16+00:00,2024-12-08 15:10:16+00:00,33.75,17.5,-185.80550000000005,73.64463876098269,0.25,mid,stable
BEV1_2024-12-08_fast_1,BEV1,BEV1_2024-12-08_fast_1__segment_1,test,2024-12-08 15:09:26+00:00,2024-12-08 15:10:26+00:00,33.75,17.5,-185.55350000000007,73.59241205667831,0.25,mid,stable
BEV1_2024-12-08_fast_1,BEV1,BEV1_2024-12-08_fast_1__segment_1,test,2024-12-08 15:09:36+00:00,2024-12-08 15:10:36+00:00,33.75,18.0,-185.84250000000003,73.67871736467683,0.25,mid,stable
BEV1_2024-12-08_fast_1,BEV1,BEV1_2024-12-08_fast_1__segment_1,test,2024-12-08 15:09:46+00:00,2024-12-08 15:10:46+00:00,33.75,18.5,-188.15500000000003,73.57090395168825,0.25,mid,stable
BEV1_2024-12-08_fast_1,BEV1,BEV1_2024-12-08_fast_1__segment_1,test,2024-12-08 15:09:56+00:00,2024-12-08 15:10:56+00:00,33.75,18.5,-187.41000000000005,73.56580946943481,0.25,mid,stable
BEV1_2024-12-08_fast_1,BEV1,BEV1_2024-12-08_fast_1__segment_1,test,2024-12-08 15:10:06+00:00,2024-12-08 15:11:06+00:00,33.75,18.5,-185.87250000000003,73.59979526866537,0.25,mid,stable
BEV1_2024-12-08_fast_1,BEV1,BEV1_2024-12-08_fast_1__segment_1,test,2024-12-08 15:10:16+00:00,2024-12-08 15:11:16+00:00,34.0,18.5,-185.00950000000003,73.54443391925952,0.25,mid,stable
BEV1_2024-12-08_fast_1,BEV1,BEV1_2024-12-08_fast_1__segment_1,test,2024-12-08 15:10:26+00:00,2024-12-08 15:11:26+00:00,34.0,19.0,-185.06400000000005,73.54482756038891,0.25,mid,stable
BEV1_2024-12-08_fast_1,BEV1,BEV1_2024-12-08_fast_1__segment_1,test,2024-12-08 15:10:36+00:00,2024-12-08 15:11:36+00:00,34.0,19.0,-185.2835000000001,73.6431384936802,0.25,mid,stable
BEV1_2024-12-08_fast_1,BEV1,BEV1_2024-12-08_fast_1__segment_1,test,2024-12-08 15:10:46+00:00,2024-12-08 15:11:46+00:00,34.0,19.0,-184.68150000000009,73.59241109108272,0.25,mid,stable
BEV1_2024-12-08_fast_1,BEV1,BEV1_2024-12-08_fast_1__segment_1,test,2024-12-08 15:10:56+00:00,2024-12-08 15:11:56+00:00,34.0,19.5,-184.40650000000005,73.63549435631109,0.25,mid,stable
BEV1_2024-12-08_fast_1,BEV1,BEV1_2024-12-08_fast_1__segment_1,test,2024-12-08 15:11:06+00:00,2024-12-08 15:12:06+00:00,34.0,15.5,-184.66900000000004,73.6616376955703,0.25,mid,stable
BEV1_2024-12-08_fast_1,BEV1,BEV1_2024-12-08_fast_1__segment_1,test,2024-12-08 15:11:16+00:00,2024-12-08 15:12:16+00:00,34.0,12.5,-184.23000000000005,73.60726055627632,0.0,mid,stable
BEV1_2024-12-08_fast_1,BEV1,BEV1_2024-12-08_fast_1__segment_1,test,2024-12-08 15:11:26+00:00,2024-12-08 15:12:26+00:00,34.0,11.5,-186.98550000000003,73.70366883713133,0.0,mid,stable
BEV1_2024-12-08_fast_1,BEV1,BEV1_2024-12-08_fast_1__segment_1,test,2024-12-08 15:11:36+00:00,2024-12-08 15:12:36+00:00,34.0,10.5,-187.04750000000004,73.7540229297507,0.0,mid,stable
BEV1_2024-12-08_fast_1,BEV1,BEV1_2024-12-08_fast_1__segment_1,test,2024-12-08 15:11:46+00:00,2024-12-08 15:12:46+00:00,34.25,10.0,-185.85400000000004,73.66397685085063,0.25,mid,stable
BEV1_2024-12-08_fast_1,BEV1,BEV1_2024-12-08_fast_1__segment_1,test,2024-12-08 15:11:56+00:00,2024-12-08 15:12:56+00:00,34.25,9.5,-184.84200000000004,73.70373535593764,0.25,mid,stable
BEV1_2024-12-08_fast_1,BEV1,BEV1_2024-12-08_fast_1__segment_1,test,2024-12-08 15:12:06+00:00,2024-12-08 15:13:06+00:00,34.25,9.0,-184.0515000000001,73.60979942890805,0.25,mid,stable
BEV1_2024-12-08_fast_1,BEV1,BEV1_2024-12-08_fast_1__segment_1,test,2024-12-08 15:12:16+00:00,2024-12-08 15:13:16+00:00,34.25,9.0,-185.68200000000004,73.55259658145236,0.25,mid,stable
BEV1_2024-12-08_fast_1,BEV1,BEV1_2024-12-08_fast_1__segment_1,test,2024-12-08 15:12:26+00:00,2024-12-08 15:13:26+00:00,34.25,9.0,-185.15950000000004,73.64150261384364,0.25,mid,stable
BEV1_2024-12-08_fast_1,BEV1,BEV1_2024-12-08_fast_1__segment_1,test,2024-12-08 15:12:36+00:00,2024-12-08 15:13:36+00:00,34.25,9.0,-185.06150000000005,73.810746788157,0.25,mid,stable
BEV1_2024-12-08_fast_1,BEV1,BEV1_2024-12-08_fast_1__segment_1,test,2024-12-08 15:12:46+00:00,2024-12-08 15:13:46+00:00,34.25,9.5,-186.32750000000004,73.76309695323371,0.0,mid,stable
BEV1_2024-12-08_fast_1,BEV1,BEV1_2024-12-08_fast_1__segment_1,test,2024-12-08 15:12:56+00:00,2024-12-08 15:13:56+00:00,34.25,9.5,-186.00450000000004,73.8679578431751,0.0,mid,stable
BEV1_2024-12-08_fast_1,BEV1,BEV1_2024-12-08_fast_1__segment_1,test,2024-12-08 15:13:06+00:00,2024-12-08 15:14:06+00:00,34.5,9.5,-184.4890000000001,73.69061124910388,0.25,mid,stable
BEV1_2024-12-08_fast_1,BEV1,BEV1_2024-12-08_fast_1__segment_1,test,2024-12-08 15:13:16+00:00,2024-12-08 15:14:16+00:00,34.5,9.5,-186.63700000000009,73.81161920375898,0.25,mid,stable
BEV1_2024-12-08_fast_1,BEV1,BEV1_2024-12-08_fast_1__segment_1,test,2024-12-08 15:13:26+00:00,2024-12-08 15:14:26+00:00,34.5,9.0,-186.6140000000001,73.80240634908998,0.25,mid,stable
BEV1_2024-12-08_fast_1,BEV1,BEV1_2024-12-08_fast_1__segment_1,test,2024-12-08 15:13:36+00:00,2024-12-08 15:14:36+00:00,34.5,8.5,-185.49000000000004,73.76808082114962,0.25,mid,stable
BEV1_2024-12-08_fast_1,BEV1,BEV1_2024-12-08_fast_1__segment_1,test,2024-12-08 15:13:46+00:00,2024-12-08 15:14:46+00:00,34.5,8.0,-184.491,73.7629505045715,0.25,mid,stable
BEV1_2024-12-08_fast_1,BEV1,BEV1_2024-12-08_fast_1__segment_1,test,2024-12-08 15:13:56+00:00,2024-12-08 15:14:56+00:00,34.5,8.0,-184.17800000000005,73.73003522896838,0.25,mid,stable
BEV1_2024-12-08_fast_1,BEV1,BEV1_2024-12-08_fast_1__segment_1,test,2024-12-08 15:14:06+00:00,2024-12-08 15:15:06+00:00,34.75,8.0,-184.16050000000007,73.75978571143042,0.25,mid,stable
BEV1_2024-12-08_fast_1,BEV1,BEV1_2024-12-08_fast_1__segment_1,test,2024-12-08 15:14:16+00:00,2024-12-08 15:15:16+00:00,34.75,8.0,-186.29200000000003,73.65121849016299,0.25,mid,stable
BEV1_2024-12-08_fast_1,BEV1,BEV1_2024-12-08_fast_1__segment_1,test,2024-12-08 15:14:26+00:00,2024-12-08 15:15:26+00:00,34.75,8.0,-186.29650000000004,73.7272823696284,0.25,mid,stable
BEV1_2024-12-08_fast_1,BEV1,BEV1_2024-12-08_fast_1__segment_1,test,2024-12-08 15:14:36+00:00,2024-12-08 15:15:36+00:00,34.75,7.5,-185.3175,73.75237079572197,0.25,mid,stable
BEV1_2024-12-08_fast_1,BEV1,BEV1_2024-12-08_fast_1__segment_1,test,2024-12-08 15:14:46+00:00,2024-12-08 15:15:46+00:00,34.75,7.5,-184.03850000000008,73.61849236400415,0.25,mid,stable
BEV1_2024-12-08_fast_1,BEV1,BEV1_2024-12-08_fast_1__segment_1,test,2024-12-08 15:14:56+00:00,2024-12-08 15:15:56+00:00,35.0,7.5,-183.68950000000004,73.67412204169145,0.5,mid,warming
BEV1_2024-12-08_fast_1,BEV1,BEV1_2024-12-08_fast_1__segment_1,test,2024-12-08 15:15:06+00:00,2024-12-08 15:16:06+00:00,35.0,7.5,-184.85150000000004,73.6760240503973,0.25,mid,stable
BEV1_2024-12-08_fast_1,BEV1,BEV1_2024-12-08_fast_1__segment_1,test,2024-12-08 15:15:16+00:00,2024-12-08 15:16:16+00:00,35.0,7.5,-186.03250000000003,73.70087955338053,0.25,mid,stable
BEV1_2024-12-08_fast_1,BEV1,BEV1_2024-12-08_fast_1__segment_1,test,2024-12-08 15:15:26+00:00,2024-12-08 15:16:26+00:00,35.0,7.5,-184.99350000000007,73.62422757256577,0.25,mid,stable
BEV1_2024-12-08_fast_1,BEV1,BEV1_2024-12-08_fast_1__segment_1,test,2024-12-08 15:15:36+00:00,2024-12-08 15:16:36+00:00,35.0,7.5,-184.12800000000004,73.53143812934886,0.25,mid,stable
BEV1_2024-12-08_fast_1,BEV1,BEV1_2024-12-08_fast_1__segment_1,test,2024-12-08 15:15:46+00:00,2024-12-08 15:16:46+00:00,35.0,7.5,-183.748,73.72642470618105,0.25,mid,stable
BEV1_2024-12-08_fast_1,BEV1,BEV1_2024-12-08_fast_1__segment_1,test,2024-12-08 15:15:56+00:00,2024-12-08 15:16:56+00:00,35.25,7.5,-183.44550000000004,73.5498816485608,0.25,mid,stable
BEV1_2024-12-08_fast_1,BEV1,BEV1_2024-12-08_fast_1__segment_1,test,2024-12-08 15:16:06+00:00,2024-12-08 15:17:06+00:00,35.25,7.5,-183.1555,73.44294977068793,0.25,mid,stable
BEV1_2024-12-08_fast_1,BEV1,BEV1_2024-12-08_fast_1__segment_1,test,2024-12-08 15:16:16+00:00,2024-12-08 15:17:16+00:00,35.25,7.5,-182.97000000000003,73.44740556511275,0.25,mid,stable
BEV1_2024-12-08_fast_1,BEV1,BEV1_2024-12-08_fast_1__segment_1,test,2024-12-08 15:16:26+00:00,2024-12-08 15:17:26+00:00,35.25,7.5,-182.84250000000003,73.47492997426514,0.25,mid,stable
BEV1_2024-12-08_fast_1,BEV1,BEV1_2024-12-08_fast_1__segment_1,test,2024-12-08 15:16:36+00:00,2024-12-08 15:17:36+00:00,35.25,7.5,-183.0515000000001,73.46713246813222,0.25,mid,stable
BEV1_2024-12-08_fast_1,BEV1,BEV1_2024-12-08_fast_1__segment_1,test,2024-12-08 15:16:46+00:00,2024-12-08 15:17:46+00:00,35.5,7.5,-185.0840000000001,73.46864898962687,0.5,mid,warming
BEV1_2024-12-08_fast_1,BEV1,BEV1_2024-12-08_fast_1__segment_1,test,2024-12-08 15:16:56+00:00,2024-12-08 15:17:56+00:00,35.5,7.5,-184.66950000000008,73.49200808768991,0.25,mid,stable
BEV1_2024-12-08_fast_1,BEV1,BEV1_2024-12-08_fast_1__segment_1,test,2024-12-08 15:17:06+00:00,2024-12-08 15:18:06+00:00,35.5,7.5,-183.4660000000001,73.50440746140046,0.25,mid,stable
BEV1_2024-12-08_fast_1,BEV1,BEV1_2024-12-08_fast_1__segment_1,test,2024-12-08 15:17:16+00:00,2024-12-08 15:18:16+00:00,35.5,7.5,-183.42100000000005,73.52776806150105,0.25,mid,stable
BEV1_2024-12-08_fast_1,BEV1,BEV1_2024-12-08_fast_1__segment_1,test,2024-12-08 15:17:26+00:00,2024-12-08 15:18:26+00:00,35.5,7.5,-183.07100000000003,73.55948996826194,0.25,mid,stable
BEV1_2024-12-08_fast_1,BEV1,BEV1_2024-12-08_fast_1__segment_1,test,2024-12-08 15:17:36+00:00,2024-12-08 15:18:36+00:00,35.75,7.5,-182.93200000000004,73.45104248084579,0.5,mid,warming
BEV1_2024-12-08_fast_1,BEV1,BEV1_2024-12-08_fast_1__segment_1,test,2024-12-08 15:17:46+00:00,2024-12-08 15:18:46+00:00,35.75,7.5,-183.1205,73.62972427902038,0.25,mid,stable
BEV1_2024-12-08_fast_1,BEV1,BEV1_2024-12-08_fast_1__segment_1,test,2024-12-08 15:17:56+00:00,2024-12-08 15:18:56+00:00,35.75,7.5,-183.13600000000005,73.57635184192212,0.25,mid,stable
BEV1_2024-12-08_fast_1,BEV1,BEV1_2024-12-08_fast_1__segment_1,test,2024-12-08 15:18:06+00:00,2024-12-08 15:19:06+00:00,35.75,7.5,-184.78700000000003,73.57560720680124,0.25,mid,stable
BEV1_2024-12-08_fast_1,BEV1,BEV1_2024-12-08_fast_1__segment_1,test,2024-12-08 15:18:16+00:00,2024-12-08 15:19:16+00:00,35.75,7.5,-184.40150000000008,73.65682522086895,0.25,mid,stable
BEV1_2024-12-08_fast_1,BEV1,BEV1_2024-12-08_fast_1__segment_1,test,2024-12-08 15:18:26+00:00,2024-12-08 15:19:26+00:00,36.0,7.5,-185.23300000000003,73.50307510043962,0.5,mid,warming
BEV1_2024-12-08_fast_1,BEV1,BEV1_2024-12-08_fast_1__segment_1,test,2024-12-08 15:18:36+00:00,2024-12-08 15:19:36+00:00,36.0,7.0,-186.25900000000004,73.82176841791468,0.25,mid,stable
BEV1_2024-12-08_fast_1,BEV1,BEV1_2024-12-08_fast_1__segment_1,test,2024-12-08 15:18:46+00:00,2024-12-08 15:19:46+00:00,36.0,7.0,-185.95800000000003,73.77672708579293,0.25,mid,stable
BEV1_2024-12-08_fast_1,BEV1,BEV1_2024-12-08_fast_1__segment_1,test,2024-12-08 15:18:56+00:00,2024-12-08 15:19:56+00:00,36.0,7.5,-199.97250000000005,79.26044976679104,0.25,mid,stable
BEV1_2024-12-08_fast_1,BEV1,BEV1_2024-12-08_fast_1__segment_1,test,2024-12-08 15:19:06+00:00,2024-12-08 15:20:06+00:00,36.25,7.5,-253.6505,101.36491168013168,0.5,high,warming
BEV1_2024-12-08_fast_1,BEV1,BEV1_2024-12-08_fast_1__segment_1,test,2024-12-08 15:19:16+00:00,2024-12-08 15:20:16+00:00,36.25,7.5,-252.08000000000004,101.44127596710932,0.5,high,warming
BEV1_2024-12-08_fast_1,BEV1,BEV1_2024-12-08_fast_1__segment_1,test,2024-12-08 15:19:26+00:00,2024-12-08 15:20:26+00:00,36.25,7.5,-246.56550000000007,99.10232469567734,0.25,high,stable
BEV1_2024-12-08_fast_1,BEV1,BEV1_2024-12-08_fast_1__segment_1,test,2024-12-08 15:19:36+00:00,2024-12-08 15:20:36+00:00,36.5,7.5,-243.8305000000001,97.23548453633936,0.5,high,warming
BEV1_2024-12-08_fast_1,BEV1,BEV1_2024-12-08_fast_1__segment_1,test,2024-12-08 15:19:46+00:00,2024-12-08 15:20:46+00:00,36.5,7.5,-241.91350000000008,96.41669194352092,0.5,high,warming
BEV1_2024-12-08_fast_1,BEV1,BEV1_2024-12-08_fast_1__segment_1,test,2024-12-08 15:19:56+00:00,2024-12-08 15:20:56+00:00,36.75,7.5,-240.7185000000001,96.02592485571712,0.75,high,warming
BEV1_2024-12-08_fast_1,BEV1,BEV1_2024-12-08_fast_1__segment_1,test,2024-12-08 15:20:06+00:00,2024-12-08 15:21:06+00:00,36.75,7.5,-239.10050000000007,95.75709870247064,0.5,high,warming
BEV1_2024-12-08_fast_1,BEV1,BEV1_2024-12-08_fast_1__segment_1,test,2024-12-08 15:20:16+00:00,2024-12-08 15:21:16+00:00,37.0,7.5,-239.70850000000007,95.58716788241505,0.75,high,warming
BEV1_2024-12-08_fast_1,BEV1,BEV1_2024-12-08_fast_1__segment_1,test,2024-12-08 15:20:26+00:00,2024-12-08 15:21:26+00:00,37.0,7.5,-239.13400000000004,95.32210363588436,0.75,high,warming
BEV1_2024-12-08_fast_1,BEV1,BEV1_2024-12-08_fast_1__segment_1,test,2024-12-08 15:20:36+00:00,2024-12-08 15:21:36+00:00,37.25,7.5,-238.32550000000003,95.13555539878168,0.75,high,warming
BEV1_2024-12-08_fast_1,BEV1,BEV1_2024-12-08_fast_1__segment_1,test,2024-12-08 15:20:46+00:00,2024-12-08 15:21:46+00:00,37.5,7.5,-237.03900000000004,95.13461120724196,1.0,high,warming
BEV1_2024-12-08_fast_1,BEV1,BEV1_2024-12-08_fast_1__segment_1,test,2024-12-08 15:20:56+00:00,2024-12-08 15:21:56+00:00,37.5,7.5,-237.37850000000003,95.05977964230696,0.75,high,warming
BEV1_2024-12-08_fast_1,BEV1,BEV1_2024-12-08_fast_1__segment_1,test,2024-12-08 15:21:06+00:00,2024-12-08 15:22:06+00:00,37.75,7.5,-237.50550000000004,94.89722806456776,1.0,high,warming
BEV1_2024-12-08_fast_1,BEV1,BEV1_2024-12-08_fast_1__segment_1,test,2024-12-08 15:21:16+00:00,2024-12-08 15:22:16+00:00,37.75,7.5,-237.81150000000005,94.76422564261324,0.75,high,warming
BEV1_2024-12-08_fast_1,BEV1,BEV1_2024-12-08_fast_1__segment_1,test,2024-12-08 15:21:26+00:00,2024-12-08 15:22:26+00:00,38.0,7.0,-237.4165,94.53795376915262,1.0,mid,warming
BEV1_2024-12-08_fast_1,BEV1,BEV1_2024-12-08_fast_1__segment_1,test,2024-12-08 15:21:36+00:00,2024-12-08 15:22:36+00:00,38.0,7.0,-236.96000000000004,94.54621561946873,0.75,mid,warming
BEV1_2024-12-08_fast_1,BEV1,BEV1_2024-12-08_fast_1__segment_1,test,2024-12-08 15:21:46+00:00,2024-12-08 15:22:46+00:00,38.25,7.0,-235.03850000000008,94.28391716052985,0.75,mid,warming
BEV1_2024-12-08_fast_1,BEV1,BEV1_2024-12-08_fast_1__segment_1,test,2024-12-08 15:21:56+00:00,2024-12-08 15:22:56+00:00,38.25,7.0,-234.03450000000004,94.08076679497664,0.75,mid,warming
BEV1_2024-12-08_fast_1,BEV1,BEV1_2024-12-08_fast_1__segment_1,test,2024-12-08 15:22:06+00:00,2024-12-08 15:23:06+00:00,38.25,7.0,-234.33200000000005,93.95045253745856,0.5,mid,warming
BEV1_2024-12-08_fast_1,BEV1,BEV1_2024-12-08_fast_1__segment_1,test,2024-12-08 15:22:16+00:00,2024-12-08 15:23:16+00:00,38.5,7.0,-235.49700000000004,93.88576627065281,0.75,mid,warming
BEV1_2024-12-08_fast_1,BEV1,BEV1_2024-12-08_fast_1__segment_1,test,2024-12-08 15:22:26+00:00,2024-12-08 15:23:26+00:00,38.5,7.5,-233.52900000000005,93.62518308496448,0.5,mid,warming
BEV1_2024-12-08_fast_1,BEV1,BEV1_2024-12-08_fast_1__segment_1,test,2024-12-08 15:22:36+00:00,2024-12-08 15:23:36+00:00,38.75,7.5,-233.4975000000001,93.41938468083534,0.75,mid,warming
BEV1_2024-12-08_fast_1,BEV1,BEV1_2024-12-08_fast_1__segment_1,test,2024-12-08 15:22:46+00:00,2024-12-08 15:23:46+00:00,38.75,7.0,-233.7690000000001,93.17180404422672,0.5,mid,warming
BEV1_2024-12-08_fast_1,BEV1,BEV1_2024-12-08_fast_1__segment_1,test,2024-12-08 15:22:56+00:00,2024-12-08 15:23:56+00:00,39.0,7.0,-232.104,93.15878491908964,0.75,mid,warming
BEV1_2024-12-08_fast_1,BEV1,BEV1_2024-12-08_fast_1__segment_1,test,2024-12-08 15:23:06+00:00,2024-12-08 15:24:06+00:00,39.0,7.0,-231.34700000000004,93.01468780397892,0.75,mid,warming
BEV1_2024-12-08_fast_1,BEV1,BEV1_2024-12-08_fast_1__segment_1,test,2024-12-08 15:23:16+00:00,2024-12-08 15:24:16+00:00,39.25,7.0,-232.4565,92.63504732762948,0.75,mid,warming
BEV1_2024-12-08_fast_1,BEV1,BEV1_2024-12-08_fast_1__segment_1,test,2024-12-08 15:23:26+00:00,2024-12-08 15:24:26+00:00,39.25,7.0,-232.23450000000005,92.6286897927198,0.75,mid,warming
BEV1_2024-12-08_fast_1,BEV1,BEV1_2024-12-08_fast_1__segment_1,test,2024-12-08 15:23:36+00:00,2024-12-08 15:24:36+00:00,39.25,7.0,-231.36300000000008,92.35516639251055,0.5,mid,warming
BEV1_2024-12-08_fast_1,BEV1,BEV1_2024-12-08_fast_1__segment_1,test,2024-12-08 15:23:46+00:00,2024-12-08 15:24:46+00:00,39.5,7.0,-230.69000000000008,92.09290033466768,0.75,mid,warming
BEV1_2024-12-08_fast_1,BEV1,BEV1_2024-12-08_fast_1__segment_1,test,2024-12-08 15:23:56+00:00,2024-12-08 15:24:56+00:00,39.5,7.0,-226.60100000000003,93.22844330573183,0.5,mid,warming
BEV1_2024-12-08_fast_1,BEV1,BEV1_2024-12-08_fast_1__segment_1,test,2024-12-08 15:24:06+00:00,2024-12-08 15:25:06+00:00,39.75,7.0,-227.4110000000001,95.38120580983596,0.75,high,warming
BEV1_2024-12-08_fast_1,BEV1,BEV1_2024-12-08_fast_1__segment_1,test,2024-12-08 15:24:16+00:00,2024-12-08 15:25:16+00:00,39.75,7.5,-227.22100000000003,97.1316491625428,0.5,high,warming
BEV1_2024-12-08_fast_1,BEV1,BEV1_2024-12-08_fast_1__segment_1,test,2024-12-08 15:24:26+00:00,2024-12-08 15:25:26+00:00,39.75,7.5,-228.40250000000003,98.96464508969032,0.5,high,warming
BEV1_2024-12-08_fast_1,BEV1,BEV1_2024-12-08_fast_1__segment_1,test,2024-12-08 15:24:36+00:00,2024-12-08 15:25:36+00:00,40.0,7.5,-231.0610000000001,100.24614024589728,0.75,high,warming
BEV1_2024-12-08_fast_1,BEV1,BEV1_2024-12-08_fast_1__segment_1,test,2024-12-08 15:24:46+00:00,2024-12-08 15:25:46+00:00,40.0,7.5,-228.82000000000008,100.00215141025063,0.5,high,warming
BEV1_2024-12-08_fast_1,BEV1,BEV1_2024-12-08_fast_1__segment_1,test,2024-12-08 15:24:56+00:00,2024-12-08 15:25:56+00:00,40.25,7.5,-228.58350000000007,99.70138233614497,0.75,high,warming
BEV1_2024-12-08_fast_1,BEV1,BEV1_2024-12-08_fast_1__segment_1,test,2024-12-08 15:25:06+00:00,2024-12-08 15:26:06+00:00,40.25,7.5,-229.57100000000003,99.84831594190133,0.5,high,warming
BEV1_2024-12-08_fast_1,BEV1,BEV1_2024-12-08_fast_1__segment_1,test,2024-12-08 15:25:16+00:00,2024-12-08 15:26:16+00:00,40.25,7.5,-227.48950000000005,99.56614810095155,0.5,high,warming
BEV1_2024-12-08_fast_1,BEV1,BEV1_2024-12-08_fast_1__segment_1,test,2024-12-08 15:25:26+00:00,2024-12-08 15:26:26+00:00,40.5,7.5,-228.60800000000003,99.52987636148569,0.75,high,warming
BEV1_2024-12-08_fast_1,BEV1,BEV1_2024-12-08_fast_1__segment_1,test,2024-12-08 15:25:36+00:00,2024-12-08 15:26:36+00:00,40.5,7.5,-229.12300000000008,99.62520676945803,0.5,high,warming
BEV1_2024-12-08_fast_1,BEV1,BEV1_2024-12-08_fast_1__segment_1,test,2024-12-08 15:25:46+00:00,2024-12-08 15:26:46+00:00,40.75,7.5,-227.19250000000008,99.65123997717757,0.75,high,warming
BEV1_2024-12-08_fast_1,BEV1,BEV1_2024-12-08_fast_1__segment_1,test,2024-12-08 15:25:56+00:00,2024-12-08 15:26:56+00:00,40.75,7.5,-227.55900000000003,99.60941879900986,0.5,high,warming
BEV1_2024-12-08_fast_1,BEV1,BEV1_2024-12-08_fast_1__segment_1,test,2024-12-08 15:26:06+00:00,2024-12-08 15:27:06+00:00,41.0,7.5,-228.37550000000007,99.55614045383597,0.75,high,warming
BEV1_2024-12-08_fast_1,BEV1,BEV1_2024-12-08_fast_1__segment_1,test,2024-12-08 15:26:16+00:00,2024-12-08 15:27:16+00:00,41.0,7.5,-228.9565000000001,99.69692343035668,0.75,high,warming
BEV1_2024-12-08_fast_1,BEV1,BEV1_2024-12-08_fast_1__segment_1,test,2024-12-08 15:26:26+00:00,2024-12-08 15:27:26+00:00,41.25,7.5,-228.21000000000004,99.41153028560973,0.75,high,warming
BEV1_2024-12-08_fast_1,BEV1,BEV1_2024-12-08_fast_1__segment_1,test,2024-12-08 15:26:36+00:00,2024-12-08 15:27:36+00:00,41.5,7.5,-228.80750000000003,99.70584059820294,1.0,high,warming
BEV1_2024-12-08_fast_1,BEV1,BEV1_2024-12-08_fast_1__segment_1,test,2024-12-08 15:26:46+00:00,2024-12-08 15:27:46+00:00,41.5,7.5,-228.36050000000003,99.53278623739497,0.75,high,warming
BEV1_2024-12-08_fast_1,BEV1,BEV1_2024-12-08_fast_1__segment_1,test,2024-12-08 15:26:56+00:00,2024-12-08 15:27:56+00:00,41.75,7.5,-228.71200000000005,99.7995967098788,1.0,high,warming
BEV1_2024-12-08_fast_1,BEV1,BEV1_2024-12-08_fast_1__segment_1,test,2024-12-08 15:27:06+00:00,2024-12-08 15:28:06+00:00,41.75,7.5,-226.86350000000004,99.8619249922905,0.75,high,warming
BEV1_2024-12-08_fast_1,BEV1,BEV1_2024-12-08_fast_1__segment_1,test,2024-12-08 15:27:16+00:00,2024-12-08 15:28:16+00:00,42.0,7.5,-228.12800000000004,99.84285442604099,1.0,high,warming
BEV1_2024-12-08_fast_1,BEV1,BEV1_2024-12-08_fast_1__segment_1,test,2024-12-08 15:27:26+00:00,2024-12-08 15:28:26+00:00,42.25,7.5,-224.73150000000004,98.2363506890778,1.0,high,warming
BEV1_2024-12-08_fast_1,BEV1,BEV1_2024-12-08_fast_1__segment_1,test,2024-12-08 15:27:36+00:00,2024-12-08 15:28:36+00:00,42.25,7.5,-228.6705000000001,100.63123553258215,0.75,high,warming
BEV1_2024-12-08_fast_1,BEV1,BEV1_2024-12-08_fast_1__segment_1,test,2024-12-08 15:27:46+00:00,2024-12-08 15:28:46+00:00,42.5,7.5,-230.45500000000004,100.86032340460454,1.0,high,warming
BEV1_2024-12-08_fast_1,BEV1,BEV1_2024-12-08_fast_1__segment_1,test,2024-12-08 15:27:56+00:00,2024-12-08 15:28:56+00:00,42.75,7.5,-229.80600000000007,100.55112629045556,1.0,high,warming
BEV1_2024-12-08_fast_1,BEV1,BEV1_2024-12-08_fast_1__segment_1,test,2024-12-08 15:28:06+00:00,2024-12-08 15:29:06+00:00,43.0,7.5,-161.98300000000006,73.21983882798614,1.25,mid,warming
BEV1_2024-12-08_fast_1,BEV1,BEV1_2024-12-08_fast_1__segment_1,test,2024-12-08 15:28:16+00:00,2024-12-08 15:29:16+00:00,43.0,7.5,-162.54700000000005,73.5769231526373,1.0,mid,warming
BEV1_2024-12-08_fast_1,BEV1,BEV1_2024-12-08_fast_1__segment_1,test,2024-12-08 15:28:26+00:00,2024-12-08 15:29:26+00:00,43.25,7.5,-162.73250000000004,73.46951834750952,1.0,mid,warming
BEV1_2024-12-08_fast_1,BEV1,BEV1_2024-12-08_fast_1__segment_1,test,2024-12-08 15:28:36+00:00,2024-12-08 15:29:36+00:00,43.5,7.5,-162.60200000000003,73.46859759848462,1.25,mid,warming
BEV1_2024-12-08_fast_1,BEV1,BEV1_2024-12-08_fast_1__segment_1,test,2024-12-08 15:28:46+00:00,2024-12-08 15:29:46+00:00,43.5,7.5,-162.48850000000004,73.43580779666202,1.0,mid,warming
BEV1_2024-12-08_fast_1,BEV1,BEV1_2024-12-08_fast_1__segment_1,test,2024-12-08 15:28:56+00:00,2024-12-08 15:29:56+00:00,43.75,7.5,-162.59600000000003,73.57588390357766,1.0,mid,warming
BEV1_2024-12-08_fast_1,BEV1,BEV1_2024-12-08_fast_1__segment_1,test,2024-12-08 15:29:06+00:00,2024-12-08 15:30:06+00:00,43.75,7.5,-163.79750000000004,73.62955090097047,0.75,mid,warming
BEV1_2024-12-08_fast_1,BEV1,BEV1_2024-12-08_fast_1__segment_1,test,2024-12-08 15:29:16+00:00,2024-12-08 15:30:16+00:00,44.0,7.5,-165.56550000000007,73.60310205800019,1.0,mid,warming
BEV1_2024-12-08_fast_1,BEV1,BEV1_2024-12-08_fast_1__segment_1,test,2024-12-08 15:29:26+00:00,2024-12-08 15:30:26+00:00,44.0,7.5,-166.89900000000006,73.58184339853368,0.75,mid,warming
BEV1_2024-12-08_fast_1,BEV1,BEV1_2024-12-08_fast_1__segment_1,test,2024-12-08 15:29:36+00:00,2024-12-08 15:30:36+00:00,44.25,7.5,-168.11550000000005,73.65034425065828,0.75,mid,warming
BEV1_2024-12-08_fast_1,BEV1,BEV1_2024-12-08_fast_1__segment_1,test,2024-12-08 15:29:46+00:00,2024-12-08 15:30:46+00:00,44.25,7.5,-169.35600000000005,73.73870332680052,0.75,mid,warming
BEV1_2024-12-08_fast_1,BEV1,BEV1_2024-12-08_fast_1__segment_1,test,2024-12-08 15:29:56+00:00,2024-12-08 15:30:56+00:00,44.5,7.5,-170.44400000000005,73.74446900526696,0.75,mid,warming
BEV1_2024-12-08_fast_1,BEV1,BEV1_2024-12-08_fast_1__segment_1,test,2024-12-08 15:30:06+00:00,2024-12-08 15:31:06+00:00,44.5,7.5,-171.30600000000007,73.75716562148199,0.75,mid,warming
BEV1_2024-12-08_fast_1,BEV1,BEV1_2024-12-08_fast_1__segment_1,test,2024-12-08 15:30:16+00:00,2024-12-08 15:31:16+00:00,44.75,7.5,-171.63050000000007,73.74790309228507,0.75,mid,warming
BEV1_2024-12-08_fast_1,BEV1,BEV1_2024-12-08_fast_1__segment_1,test,2024-12-08 15:30:26+00:00,2024-12-08 15:31:26+00:00,44.75,7.5,-171.55350000000007,73.66243372183345,0.75,mid,warming
BEV1_2024-12-08_fast_1,BEV1,BEV1_2024-12-08_fast_1__segment_1,test,2024-12-08 15:30:36+00:00,2024-12-08 15:31:36+00:00,45.0,7.5,-171.83800000000002,73.53625280346236,0.75,mid,warming
BEV1_2024-12-08_fast_1,BEV1,BEV1_2024-12-08_fast_1__segment_1,test,2024-12-08 15:30:46+00:00,2024-12-08 15:31:46+00:00,45.0,7.5,-171.14000000000004,73.45899281930058,0.75,mid,warming
BEV1_2024-12-08_fast_1,BEV1,BEV1_2024-12-08_fast_1__segment_1,test,2024-12-08 15:30:56+00:00,2024-12-08 15:31:56+00:00,45.25,7.5,-171.55100000000004,73.5763902511683,0.75,mid,warming
BEV1_2024-12-08_fast_1,BEV1,BEV1_2024-12-08_fast_1__segment_1,test,2024-12-08 15:31:06+00:00,2024-12-08 15:32:06+00:00,45.5,7.5,-173.22300000000004,73.4901962548819,1.0,mid,warming
BEV1_2024-12-08_fast_1,BEV1,BEV1_2024-12-08_fast_1__segment_1,test,2024-12-08 15:31:16+00:00,2024-12-08 15:32:16+00:00,45.5,7.5,-172.73100000000005,73.51516473254739,0.75,mid,warming
BEV1_2024-12-08_fast_1,BEV1,BEV1_2024-12-08_fast_1__segment_1,test,2024-12-08 15:31:26+00:00,2024-12-08 15:32:26+00:00,45.75,7.5,-173.34900000000005,73.62136254320649,1.0,mid,warming
BEV1_2024-12-08_fast_1,BEV1,BEV1_2024-12-08_fast_1__segment_1,test,2024-12-08 15:31:36+00:00,2024-12-08 15:32:36+00:00,45.75,7.5,-173.28400000000005,73.57073100279194,0.75,mid,warming
BEV1_2024-12-08_fast_1,BEV1,BEV1_2024-12-08_fast_1__segment_1,test,2024-12-08 15:31:46+00:00,2024-12-08 15:32:46+00:00,46.0,7.5,-172.89050000000003,73.5143509500545,1.0,mid,warming
BEV1_2024-12-08_fast_1,BEV1,BEV1_2024-12-08_fast_1__segment_1,test,2024-12-08 15:31:56+00:00,2024-12-08 15:32:56+00:00,46.25,7.5,-173.19450000000003,73.6017094546043,1.0,mid,warming
BEV1_2024-12-08_fast_1,BEV1,BEV1_2024-12-08_fast_1__segment_1,test,2024-12-08 15:32:06+00:00,2024-12-08 15:33:06+00:00,46.25,7.5,-173.19650000000004,73.6512987955283,0.75,mid,warming
BEV1_2024-12-08_fast_1,BEV1,BEV1_2024-12-08_fast_1__segment_1,test,2024-12-08 15:32:16+00:00,2024-12-08 15:33:16+00:00,46.5,7.5,-173.31050000000002,73.60077448986678,1.0,mid,warming
BEV1_2024-12-08_fast_1,BEV1,BEV1_2024-12-08_fast_1__segment_1,test,2024-12-08 15:32:26+00:00,2024-12-08 15:33:26+00:00,46.5,7.5,-173.48650000000006,73.64343562889628,0.75,mid,warming
BEV1_2024-12-08_fast_1,BEV1,BEV1_2024-12-08_fast_1__segment_1,test,2024-12-08 15:32:36+00:00,2024-12-08 15:33:36+00:00,46.75,7.5,-175.12300000000002,73.65374979896272,1.0,mid,warming
BEV1_2024-12-08_fast_1,BEV1,BEV1_2024-12-08_fast_1__segment_1,test,2024-12-08 15:32:46+00:00,2024-12-08 15:33:46+00:00,46.75,7.5,-173.50450000000004,73.66017948531953,0.75,mid,warming
BEV1_2024-12-08_fast_1,BEV1,BEV1_2024-12-08_fast_1__segment_1,test,2024-12-08 15:32:56+00:00,2024-12-08 15:33:56+00:00,47.0,7.5,-173.69600000000003,73.66711428545042,0.75,mid,warming
BEV1_2024-12-08_fast_1,BEV1,BEV1_2024-12-08_fast_1__segment_1,test,2024-12-08 15:33:06+00:00,2024-12-08 15:34:06+00:00,47.25,7.5,-175.05550000000002,73.70505017524552,1.0,mid,warming
BEV1_2024-12-08_fast_1,BEV1,BEV1_2024-12-08_fast_1__segment_1,test,2024-12-08 15:33:16+00:00,2024-12-08 15:34:16+00:00,47.25,7.5,-181.7835000000001,73.75650300834077,0.75,mid,warming
BEV1_2024-12-08_fast_1,BEV1,BEV1_2024-12-08_fast_1__segment_1,test,2024-12-08 15:33:26+00:00,2024-12-08 15:34:26+00:00,47.5,7.5,-181.72600000000008,73.94141418543454,1.0,mid,warming
BEV1_2024-12-08_fast_1,BEV1,BEV1_2024-12-08_fast_1__segment_1,test,2024-12-08 15:33:36+00:00,2024-12-08 15:34:36+00:00,47.5,7.5,-181.64300000000003,73.87823279933234,0.75,mid,warming
BEV1_2024-12-08_fast_1,BEV1,BEV1_2024-12-08_fast_1__segment_1,test,2024-12-08 15:33:46+00:00,2024-12-08 15:34:46+00:00,47.75,7.5,-196.01100000000005,78.6746911668888,1.0,mid,warming
BEV1_2024-12-08_fast_1,BEV1,BEV1_2024-12-08_fast_1__segment_1,test,2024-12-08 15:33:56+00:00,2024-12-08 15:34:56+00:00,47.75,7.5,-221.9240000000001,89.5087644447579,0.75,mid,warming
BEV1_2024-12-08_fast_1,BEV1,BEV1_2024-12-08_fast_1__segment_1,test,2024-12-08 15:34:06+00:00,2024-12-08 15:35:06+00:00,48.0,7.5,-215.55808080808083,87.24387896732577,0.75,mid,warming
BEV1_2024-12-08_fast_1,BEV1,BEV1_2024-12-08_fast_1__segment_1,test,2024-12-08 15:34:16+00:00,2024-12-08 15:35:16+00:00,48.0,7.5,-213.29150000000004,86.32778749266696,0.75,mid,warming
BEV1_2024-12-08_fast_1,BEV1,BEV1_2024-12-08_fast_1__segment_1,test,2024-12-08 15:34:26+00:00,2024-12-08 15:35:26+00:00,48.25,7.5,-210.29600000000005,85.19720848752105,0.75,mid,warming
BEV1_2024-12-08_fast_1,BEV1,BEV1_2024-12-08_fast_1__segment_1,test,2024-12-08 15:34:36+00:00,2024-12-08 15:35:36+00:00,48.25,7.5,-207.82450000000009,84.11462247923691,0.75,mid,warming
BEV1_2024-12-08_fast_1,BEV1,BEV1_2024-12-08_fast_1__segment_1,test,2024-12-08 15:34:46+00:00,2024-12-08 15:35:46+00:00,48.5,7.5,-205.21200000000005,83.63627313693094,0.75,mid,warming
BEV1_2024-12-08_fast_1,BEV1,BEV1_2024-12-08_fast_1__segment_1,test,2024-12-08 15:34:56+00:00,2024-12-08 15:35:56+00:00,48.75,7.5,-203.26800000000003,82.97321748472565,1.0,mid,warming
BEV1_2024-12-08_fast_1,BEV1,BEV1_2024-12-08_fast_1__segment_1,test,2024-12-08 15:35:06+00:00,2024-12-08 15:36:06+00:00,48.75,7.5,-202.68650000000005,82.39039740673478,0.75,mid,warming
BEV1_2024-12-08_fast_1,BEV1,BEV1_2024-12-08_fast_1__segment_1,test,2024-12-08 15:35:16+00:00,2024-12-08 15:36:16+00:00,49.0,7.5,-201.83500000000004,82.24707072960445,1.0,mid,warming
BEV1_2024-12-08_fast_1,BEV1,BEV1_2024-12-08_fast_1__segment_1,test,2024-12-08 15:35:26+00:00,2024-12-08 15:36:26+00:00,49.0,7.5,-200.57100000000003,81.91566346883819,0.75,mid,warming
BEV1_2024-12-08_fast_1,BEV1,BEV1_2024-12-08_fast_1__segment_1,test,2024-12-08 15:35:36+00:00,2024-12-08 15:36:36+00:00,49.25,7.5,-200.67850000000007,81.79873992982094,1.0,mid,warming
BEV1_2024-12-08_fast_1,BEV1,BEV1_2024-12-08_fast_1__segment_1,test,2024-12-08 15:35:46+00:00,2024-12-08 15:36:46+00:00,49.25,7.5,-199.53450000000004,81.39952157403577,0.75,mid,warming
BEV1_2024-12-08_fast_1,BEV1,BEV1_2024-12-08_fast_1__segment_1,test,2024-12-08 15:35:56+00:00,2024-12-08 15:36:56+00:00,49.5,7.5,-198.1030000000001,80.97394519490855,0.75,mid,warming
BEV1_2024-12-08_fast_1,BEV1,BEV1_2024-12-08_fast_1__segment_1,test,2024-12-08 15:36:06+00:00,2024-12-08 15:37:06+00:00,49.5,7.5,-198.66500000000005,80.71381267413273,0.75,mid,warming
BEV1_2024-12-08_fast_1,BEV1,BEV1_2024-12-08_fast_1__segment_1,test,2024-12-08 15:36:16+00:00,2024-12-08 15:37:16+00:00,49.75,7.5,-199.30750000000003,80.09707621250429,0.75,mid,warming
BEV1_2024-12-08_fast_1,BEV1,BEV1_2024-12-08_fast_1__segment_1,test,2024-12-08 15:36:26+00:00,2024-12-08 15:37:26+00:00,49.75,7.5,-197.05099009901,78.67637071310303,0.75,mid,warming
BEV1_2024-12-08_fast_1,BEV1,BEV1_2024-12-08_fast_1__segment_1,test,2024-12-08 15:36:36+00:00,2024-12-08 15:37:36+00:00,49.75,7.5,-195.69207920792084,77.99257980787705,0.5,mid,warming
BEV1_2024-12-08_fast_1,BEV1,BEV1_2024-12-08_fast_1__segment_1,test,2024-12-08 15:36:46+00:00,2024-12-08 15:37:46+00:00,50.0,7.5,-195.2805,77.89865611172475,0.75,mid,warming
BEV1_2024-12-08_fast_1,BEV1,BEV1_2024-12-08_fast_1__segment_1,test,2024-12-08 15:36:56+00:00,2024-12-08 15:37:56+00:00,50.0,8.0,-193.64450000000005,77.47750398423359,0.5,mid,warming
BEV1_2024-12-08_fast_1,BEV1,BEV1_2024-12-08_fast_1__segment_1,test,2024-12-08 15:37:06+00:00,2024-12-08 15:38:06+00:00,50.25,8.0,-192.73500000000004,77.22785128680951,0.75,mid,warming
BEV1_2024-12-08_fast_1,BEV1,BEV1_2024-12-08_fast_1__segment_1,test,2024-12-08 15:37:16+00:00,2024-12-08 15:38:16+00:00,50.25,8.0,-191.2935,76.51445350464115,0.5,mid,warming
BEV1_2024-12-08_fast_1,BEV1,BEV1_2024-12-08_fast_1__segment_1,test,2024-12-08 15:37:26+00:00,2024-12-08 15:38:26+00:00,50.25,8.0,-190.19050000000004,76.24818467763072,0.5,mid,warming
BEV1_2024-12-08_fast_1,BEV1,BEV1_2024-12-08_fast_1__segment_1,test,2024-12-08 15:37:36+00:00,2024-12-08 15:38:36+00:00,50.25,8.0,-187.60050000000004,75.27919573160816,0.5,mid,warming
BEV1_2024-12-08_fast_1,BEV1,BEV1_2024-12-08_fast_1__segment_1,test,2024-12-08 15:37:46+00:00,2024-12-08 15:38:46+00:00,50.5,8.0,-188.0790000000001,74.95558828367534,0.5,mid,warming
BEV1_2024-12-08_fast_1,BEV1,BEV1_2024-12-08_fast_1__segment_1,test,2024-12-08 15:37:56+00:00,2024-12-08 15:38:56+00:00,50.5,8.0,-186.60900000000004,74.24822118231457,0.5,mid,warming
BEV1_2024-12-08_fast_1,BEV1,BEV1_2024-12-08_fast_1__segment_1,test,2024-12-08 15:38:06+00:00,2024-12-08 15:39:06+00:00,50.5,8.0,-184.89700000000005,73.64726764857967,0.25,mid,stable
BEV1_2024-12-08_fast_1,BEV1,BEV1_2024-12-08_fast_1__segment_1,test,2024-12-08 15:38:16+00:00,2024-12-08 15:39:16+00:00,50.5,8.0,-184.14750000000004,73.37250174144226,0.25,mid,stable
BEV1_2024-12-08_fast_1,BEV1,BEV1_2024-12-08_fast_1__segment_1,test,2024-12-08 15:38:26+00:00,2024-12-08 15:39:26+00:00,50.5,8.0,-180.72000000000003,72.60060136653016,0.25,mid,stable
BEV1_2024-12-08_fast_1,BEV1,BEV1_2024-12-08_fast_1__segment_1,test,2024-12-08 15:38:36+00:00,2024-12-08 15:39:36+00:00,50.25,8.0,-180.18500000000003,72.25557582857256,0.0,mid,stable
BEV1_2024-12-08_fast_1,BEV1,BEV1_2024-12-08_fast_1__segment_1,test,2024-12-08 15:38:46+00:00,2024-12-08 15:39:46+00:00,50.25,8.0,-178.96200000000005,71.7516795095633,-0.25,mid,stable
BEV1_2024-12-08_fast_1,BEV1,BEV1_2024-12-08_fast_1__segment_1,test,2024-12-08 15:38:56+00:00,2024-12-08 15:39:56+00:00,50.25,8.5,-178.93500000000003,71.40523894493481,-0.25,mid,stable
BEV1_2024-12-08_fast_1,BEV1,BEV1_2024-12-08_fast_1__segment_1,test,2024-12-08 15:39:06+00:00,2024-12-08 15:40:06+00:00,50.25,8.5,-176.78250000000003,70.93459757659424,-0.25,mid,stable
BEV1_2024-12-08_fast_1,BEV1,BEV1_2024-12-08_fast_1__segment_1,test,2024-12-08 15:39:16+00:00,2024-12-08 15:40:16+00:00,50.25,8.5,-175.65000000000003,70.26947603265636,-0.25,mid,stable
BEV1_2024-12-08_fast_1,BEV1,BEV1_2024-12-08_fast_1__segment_1,test,2024-12-08 15:39:26+00:00,2024-12-08 15:40:26+00:00,50.25,8.5,-175.22200000000004,69.89154149546688,-0.25,mid,stable
BEV1_2024-12-08_fast_1,BEV1,BEV1_2024-12-08_fast_1__segment_1,test,2024-12-08 15:39:36+00:00,2024-12-08 15:40:36+00:00,50.25,8.5,-172.70100000000005,69.24852071762525,0.0,mid,stable
BEV1_2024-12-08_fast_1,BEV1,BEV1_2024-12-08_fast_1__segment_1,test,2024-12-08 15:39:46+00:00,2024-12-08 15:40:46+00:00,50.25,8.5,-171.74250000000004,68.73291606947193,0.0,low,stable
BEV1_2024-12-08_fast_1,BEV1,BEV1_2024-12-08_fast_1__segment_1,test,2024-12-08 15:39:56+00:00,2024-12-08 15:40:56+00:00,50.0,8.5,-170.88250000000005,68.0502255140478,-0.25,low,stable
BEV1_2024-12-08_fast_1,BEV1,BEV1_2024-12-08_fast_1__segment_1,test,2024-12-08 15:40:06+00:00,2024-12-08 15:41:06+00:00,50.0,8.5,-169.50950000000003,67.64361268099385,-0.25,low,stable
BEV1_2024-12-08_fast_1,BEV1,BEV1_2024-12-08_fast_1__segment_1,test,2024-12-08 15:40:16+00:00,2024-12-08 15:41:16+00:00,50.0,8.5,-168.35250000000005,67.21602979426193,-0.25,low,stable
BEV1_2024-12-08_fast_1,BEV1,BEV1_2024-12-08_fast_1__segment_1,test,2024-12-08 15:40:26+00:00,2024-12-08 15:41:26+00:00,50.0,8.5,-166.26900000000006,66.65912447759995,-0.25,low,stable
BEV1_2024-12-08_fast_1,BEV1,BEV1_2024-12-08_fast_1__segment_1,test,2024-12-08 15:40:36+00:00,2024-12-08 15:41:36+00:00,50.0,8.5,-164.92100000000005,66.03410733654171,-0.25,low,stable
BEV1_2024-12-08_fast_1,BEV1,BEV1_2024-12-08_fast_1__segment_1,test,2024-12-08 15:40:46+00:00,2024-12-08 15:41:46+00:00,49.75,8.5,-163.94400000000005,65.24946308487559,-0.5,low,cooling
BEV1_2024-12-08_fast_1,BEV1,BEV1_2024-12-08_fast_1__segment_1,test,2024-12-08 15:40:56+00:00,2024-12-08 15:41:56+00:00,49.75,8.5,-162.34000000000006,64.7699647374796,-0.25,low,stable
BEV1_2024-12-08_fast_1,BEV1,BEV1_2024-12-08_fast_1__segment_1,test,2024-12-08 15:41:06+00:00,2024-12-08 15:42:06+00:00,49.75,9.0,-160.29650000000004,64.28248799571298,-0.25,low,stable
BEV1_2024-12-08_fast_1,BEV1,BEV1_2024-12-08_fast_1__segment_1,test,2024-12-08 15:41:16+00:00,2024-12-08 15:42:16+00:00,49.75,9.0,-159.91900000000004,63.74546826160997,-0.25,low,stable
BEV1_2024-12-08_fast_1,BEV1,BEV1_2024-12-08_fast_1__segment_1,test,2024-12-08 15:41:26+00:00,2024-12-08 15:42:26+00:00,49.75,9.0,-157.77450000000005,63.11235889319166,-0.25,low,stable
BEV1_2024-12-08_fast_1,BEV1,BEV1_2024-12-08_fast_1__segment_1,test,2024-12-08 15:41:36+00:00,2024-12-08 15:42:36+00:00,49.5,9.0,-156.34550000000004,62.682701799876305,-0.5,low,cooling
BEV1_2024-12-08_fast_1,BEV1,BEV1_2024-12-08_fast_1__segment_1,test,2024-12-08 15:41:46+00:00,2024-12-08 15:42:46+00:00,49.5,9.0,-156.06400000000005,62.1631366005397,-0.25,low,stable
BEV1_2024-12-08_fast_1,BEV1,BEV1_2024-12-08_fast_1__segment_1,test,2024-12-08 15:41:56+00:00,2024-12-08 15:42:56+00:00,49.5,9.0,-154.31440677966106,61.53663351518001,-0.25,low,stable
BEV1_2024-12-08_fast_1,BEV1,BEV1_2024-12-08_fast_1__segment_1,test,2024-12-08 15:42:06+00:00,2024-12-08 15:43:06+00:00,49.5,9.0,-152.97600000000003,61.11233794493879,-0.25,low,stable
BEV1_2024-12-08_fast_1,BEV1,BEV1_2024-12-08_fast_1__segment_1,test,2024-12-08 15:42:16+00:00,2024-12-08 15:43:16+00:00,49.25,9.0,-151.49800000000005,60.52629744477282,-0.5,low,cooling
BEV1_2024-12-08_fast_1,BEV1,BEV1_2024-12-08_fast_1__segment_1,test,2024-12-08 15:42:26+00:00,2024-12-08 15:43:26+00:00,49.25,9.5,-149.79750000000004,59.796020891021755,-0.5,low,cooling
BEV1_2024-12-08_fast_1,BEV1,BEV1_2024-12-08_fast_1__segment_1,test,2024-12-08 15:42:36+00:00,2024-12-08 15:43:36+00:00,49.25,9.5,-148.42650000000006,59.21895812300232,-0.25,low,stable
BEV1_2024-12-08_fast_1,BEV1,BEV1_2024-12-08_fast_1__segment_1,test,2024-12-08 15:42:46+00:00,2024-12-08 15:43:46+00:00,49.25,9.5,-146.25850000000003,58.835692103489926,-0.25,low,stable
BEV1_2024-12-08_fast_1,BEV1,BEV1_2024-12-08_fast_1__segment_1,test,2024-12-08 15:42:56+00:00,2024-12-08 15:43:56+00:00,49.25,9.0,-146.92850000000004,58.50016781141305,-0.25,low,stable
BEV1_2024-12-08_fast_1,BEV1,BEV1_2024-12-08_fast_1__segment_1,test,2024-12-08 15:43:06+00:00,2024-12-08 15:44:06+00:00,49.0,9.5,-144.96100000000004,57.848217420271105,-0.5,low,cooling
BEV1_2024-12-08_fast_1,BEV1,BEV1_2024-12-08_fast_1__segment_1,test,2024-12-08 15:43:16+00:00,2024-12-08 15:44:16+00:00,49.0,9.0,-144.11550000000005,57.48049641663146,-0.25,low,stable
BEV1_2024-12-08_fast_1,BEV1,BEV1_2024-12-08_fast_1__segment_1,test,2024-12-08 15:43:26+00:00,2024-12-08 15:44:26+00:00,49.0,9.0,-140.81200000000004,56.61474814481969,-0.25,low,stable
BEV1_2024-12-08_fast_1,BEV1,BEV1_2024-12-08_fast_1__segment_1,test,2024-12-08 15:43:36+00:00,2024-12-08 15:44:36+00:00,49.0,9.0,-140.26950000000005,56.28442433593272,-0.25,low,stable
BEV2_2024-05-18_fast_1,BEV2,BEV2_2024-05-18_fast_1__segment_1,train,2024-05-18 17:04:18+00:00,2024-05-18 17:05:18+00:00,34.75,20.0,-216.20050000000003,90.88834388751702,2.0,mid,warming
BEV2_2024-05-18_fast_1,BEV2,BEV2_2024-05-18_fast_1__segment_1,train,2024-05-18 17:04:28+00:00,2024-05-18 17:05:28+00:00,35.5,20.0,-214.776,90.95516353045724,2.5,mid,warming
BEV2_2024-05-18_fast_1,BEV2,BEV2_2024-05-18_fast_1__segment_1,train,2024-05-18 17:04:38+00:00,2024-05-18 17:05:38+00:00,36.0,19.5,-214.8485000000001,91.1062682945206,2.75,mid,warming
BEV2_2024-05-18_fast_1,BEV2,BEV2_2024-05-18_fast_1__segment_1,train,2024-05-18 17:04:48+00:00,2024-05-18 17:05:48+00:00,36.75,19.5,-216.2065000000001,91.04753985970069,3.25,mid,warming
BEV2_2024-05-18_fast_1,BEV2,BEV2_2024-05-18_fast_1__segment_1,train,2024-05-18 17:04:58+00:00,2024-05-18 17:05:58+00:00,37.25,19.5,-213.85550000000003,90.96685608820691,3.5,mid,warming
BEV2_2024-05-18_fast_1,BEV2,BEV2_2024-05-18_fast_1__segment_1,train,2024-05-18 17:05:08+00:00,2024-05-18 17:06:08+00:00,37.75,19.5,-213.63,91.02723654976715,3.5,mid,warming
BEV2_2024-05-18_fast_1,BEV2,BEV2_2024-05-18_fast_1__segment_1,train,2024-05-18 17:05:18+00:00,2024-05-18 17:06:18+00:00,38.5,19.5,-214.70750000000004,91.12110381222251,3.75,mid,warming
BEV2_2024-05-18_fast_1,BEV2,BEV2_2024-05-18_fast_1__segment_1,train,2024-05-18 17:05:28+00:00,2024-05-18 17:06:28+00:00,39.0,19.5,-212.24550000000008,90.94378446940419,3.5,mid,warming
BEV2_2024-05-18_fast_1,BEV2,BEV2_2024-05-18_fast_1__segment_1,train,2024-05-18 17:05:38+00:00,2024-05-18 17:06:38+00:00,39.5,19.0,-212.76200000000009,90.86489536457492,3.5,mid,warming
BEV2_2024-05-18_fast_1,BEV2,BEV2_2024-05-18_fast_1__segment_1,train,2024-05-18 17:05:48+00:00,2024-05-18 17:06:48+00:00,40.0,19.0,-212.83050000000003,90.98311591302613,3.25,mid,warming
BEV2_2024-05-18_fast_1,BEV2,BEV2_2024-05-18_fast_1__segment_1,train,2024-05-18 17:05:58+00:00,2024-05-18 17:06:58+00:00,40.5,19.0,-212.13500000000005,91.07614782802077,3.25,mid,warming
BEV2_2024-05-18_fast_1,BEV2,BEV2_2024-05-18_fast_1__segment_1,train,2024-05-18 17:06:08+00:00,2024-05-18 17:07:08+00:00,41.0,19.0,-213.0315,91.03202847874049,3.25,mid,warming
BEV2_2024-05-18_fast_1,BEV2,BEV2_2024-05-18_fast_1__segment_1,train,2024-05-18 17:06:18+00:00,2024-05-18 17:07:18+00:00,41.5,19.0,-211.11500000000004,90.87930634208908,3.0,mid,warming
BEV2_2024-05-18_fast_1,BEV2,BEV2_2024-05-18_fast_1__segment_1,train,2024-05-18 17:06:28+00:00,2024-05-18 17:07:28+00:00,42.0,19.0,-212.67550000000008,90.94125171221111,3.0,mid,warming
BEV2_2024-05-18_fast_1,BEV2,BEV2_2024-05-18_fast_1__segment_1,train,2024-05-18 17:06:38+00:00,2024-05-18 17:07:38+00:00,42.5,18.5,-211.80700000000004,91.04919521238132,3.0,mid,warming
BEV2_2024-05-18_fast_1,BEV2,BEV2_2024-05-18_fast_1__segment_1,train,2024-05-18 17:06:48+00:00,2024-05-18 17:07:48+00:00,43.0,18.5,-211.63700000000009,91.10669937930058,3.0,mid,warming
BEV2_2024-05-18_fast_1,BEV2,BEV2_2024-05-18_fast_1__segment_1,train,2024-05-18 17:06:58+00:00,2024-05-18 17:07:58+00:00,43.5,18.5,-209.9465,90.80170721930371,3.0,mid,warming
BEV2_2024-05-18_fast_1,BEV2,BEV2_2024-05-18_fast_1__segment_1,train,2024-05-18 17:07:08+00:00,2024-05-18 17:08:08+00:00,44.0,18.5,-210.36450000000005,90.93288702596632,3.0,mid,warming
BEV2_2024-05-18_fast_1,BEV2,BEV2_2024-05-18_fast_1__segment_1,train,2024-05-18 17:07:18+00:00,2024-05-18 17:08:18+00:00,44.5,18.5,-209.82450000000009,90.97176635628234,3.0,mid,warming
BEV2_2024-05-18_fast_1,BEV2,BEV2_2024-05-18_fast_1__segment_1,train,2024-05-18 17:07:28+00:00,2024-05-18 17:08:28+00:00,45.0,18.5,-208.64350000000005,91.07778687286503,3.0,mid,warming
BEV2_2024-05-18_fast_1,BEV2,BEV2_2024-05-18_fast_1__segment_1,train,2024-05-18 17:07:38+00:00,2024-05-18 17:08:38+00:00,45.5,18.5,-209.37300000000008,91.09725091931132,3.0,mid,warming
BEV2_2024-05-18_fast_1,BEV2,BEV2_2024-05-18_fast_1__segment_1,train,2024-05-18 17:07:48+00:00,2024-05-18 17:08:48+00:00,46.0,18.5,-209.43350000000007,90.84112390355716,3.0,mid,warming
BEV2_2024-05-18_fast_1,BEV2,BEV2_2024-05-18_fast_1__segment_1,train,2024-05-18 17:07:58+00:00,2024-05-18 17:08:58+00:00,46.25,18.5,-209.23450000000005,90.85604788054263,2.75,mid,warming
BEV2_2024-05-18_fast_1,BEV2,BEV2_2024-05-18_fast_1__segment_1,train,2024-05-18 17:08:08+00:00,2024-05-18 17:09:08+00:00,46.75,18.5,-208.35950000000005,90.93833641823775,2.75,mid,warming
BEV2_2024-05-18_fast_1,BEV2,BEV2_2024-05-18_fast_1__segment_1,train,2024-05-18 17:08:18+00:00,2024-05-18 17:09:18+00:00,47.25,18.5,-207.82950000000005,91.04810403573744,2.75,mid,warming
BEV2_2024-05-18_fast_1,BEV2,BEV2_2024-05-18_fast_1__segment_1,train,2024-05-18 17:08:28+00:00,2024-05-18 17:09:28+00:00,47.75,18.5,-208.30650000000009,91.04427335715901,2.75,mid,warming
BEV2_2024-05-18_fast_1,BEV2,BEV2_2024-05-18_fast_1__segment_1,train,2024-05-18 17:08:38+00:00,2024-05-18 17:09:38+00:00,48.25,18.5,-209.23800000000003,91.09888020091144,2.75,mid,warming
BEV2_2024-05-18_fast_1,BEV2,BEV2_2024-05-18_fast_1__segment_1,train,2024-05-18 17:08:48+00:00,2024-05-18 17:09:48+00:00,48.75,18.5,-209.3530000000001,90.8434627906165,2.75,mid,warming
BEV2_2024-05-18_fast_1,BEV2,BEV2_2024-05-18_fast_1__segment_1,train,2024-05-18 17:08:58+00:00,2024-05-18 17:09:58+00:00,49.0,18.5,-207.69800000000004,90.80729544276113,2.75,mid,warming
BEV2_2024-05-18_fast_1,BEV2,BEV2_2024-05-18_fast_1__segment_1,train,2024-05-18 17:09:08+00:00,2024-05-18 17:10:08+00:00,49.5,18.5,-207.37450000000004,90.9064742318975,2.75,mid,warming
BEV2_2024-05-18_fast_1,BEV2,BEV2_2024-05-18_fast_1__segment_1,train,2024-05-18 17:09:18+00:00,2024-05-18 17:10:18+00:00,50.0,18.5,-208.94400000000005,90.93514051146146,2.75,mid,warming
BEV2_2024-05-18_fast_1,BEV2,BEV2_2024-05-18_fast_1__segment_1,train,2024-05-18 17:09:28+00:00,2024-05-18 17:10:28+00:00,50.25,18.5,-208.02300000000005,90.95575039799,2.5,mid,warming
BEV2_2024-05-18_fast_1,BEV2,BEV2_2024-05-18_fast_1__segment_1,train,2024-05-18 17:09:38+00:00,2024-05-18 17:10:38+00:00,50.75,18.5,-207.6225000000001,91.05674590155648,2.5,mid,warming
BEV2_2024-05-18_fast_1,BEV2,BEV2_2024-05-18_fast_1__segment_1,train,2024-05-18 17:09:48+00:00,2024-05-18 17:10:48+00:00,51.25,18.5,-209.15950000000004,91.14693805360936,2.5,mid,warming
BEV2_2024-05-18_fast_1,BEV2,BEV2_2024-05-18_fast_1__segment_1,train,2024-05-18 17:09:58+00:00,2024-05-18 17:10:58+00:00,51.5,18.5,-208.19750000000005,90.74214252507169,2.5,mid,warming
BEV2_2024-05-18_fast_1,BEV2,BEV2_2024-05-18_fast_1__segment_1,train,2024-05-18 17:10:08+00:00,2024-05-18 17:11:08+00:00,52.0,18.5,-207.54700000000005,90.82181885851556,2.5,mid,warming
BEV2_2024-05-18_fast_1,BEV2,BEV2_2024-05-18_fast_1__segment_1,train,2024-05-18 17:10:18+00:00,2024-05-18 17:11:18+00:00,52.5,18.5,-207.12400000000005,90.9015668606088,2.5,mid,warming
BEV2_2024-05-18_fast_1,BEV2,BEV2_2024-05-18_fast_1__segment_1,train,2024-05-18 17:10:28+00:00,2024-05-18 17:11:28+00:00,52.75,18.5,-207.1685,90.964138634038,2.5,mid,warming
BEV2_2024-05-18_fast_1,BEV2,BEV2_2024-05-18_fast_1__segment_1,train,2024-05-18 17:10:38+00:00,2024-05-18 17:11:38+00:00,53.25,18.5,-207.9615000000001,91.0090477868544,2.5,mid,warming
BEV2_2024-05-18_fast_1,BEV2,BEV2_2024-05-18_fast_1__segment_1,train,2024-05-18 17:10:48+00:00,2024-05-18 17:11:48+00:00,53.5,18.5,-206.82750000000004,91.0481667994498,2.25,mid,warming
BEV2_2024-05-18_fast_1,BEV2,BEV2_2024-05-18_fast_1__segment_1,train,2024-05-18 17:10:58+00:00,2024-05-18 17:11:58+00:00,54.0,18.5,-208.05750000000003,91.0769637562816,2.5,mid,warming
BEV2_2024-05-18_fast_1,BEV2,BEV2_2024-05-18_fast_1__segment_1,train,2024-05-18 17:11:08+00:00,2024-05-18 17:12:08+00:00,54.25,18.5,-206.71100000000007,90.77444974368356,2.25,mid,warming
BEV2_2024-05-18_fast_1,BEV2,BEV2_2024-05-18_fast_1__segment_1,train,2024-05-18 17:11:18+00:00,2024-05-18 17:12:18+00:00,54.75,18.5,-205.36200000000005,90.67768623094534,2.25,mid,warming
BEV2_2024-05-18_fast_1,BEV2,BEV2_2024-05-18_fast_1__segment_1,train,2024-05-18 17:11:28+00:00,2024-05-18 17:12:28+00:00,55.0,18.5,-203.43050000000005,90.52552639278379,2.25,mid,warming
BEV2_2024-05-18_fast_1,BEV2,BEV2_2024-05-18_fast_1__segment_1,train,2024-05-18 17:11:38+00:00,2024-05-18 17:12:38+00:00,55.5,18.5,-203.50600000000003,90.4135150530331,2.25,mid,warming
BEV2_2024-05-18_fast_1,BEV2,BEV2_2024-05-18_fast_1__segment_1,train,2024-05-18 17:11:48+00:00,2024-05-18 17:12:48+00:00,55.75,18.5,-202.62250000000003,90.45474442840175,2.25,mid,warming
BEV2_2024-05-18_fast_1,BEV2,BEV2_2024-05-18_fast_1__segment_1,train,2024-05-18 17:11:58+00:00,2024-05-18 17:12:58+00:00,56.25,18.5,-202.1805,89.72568742186185,2.25,mid,warming
BEV2_2024-05-18_fast_1,BEV2,BEV2_2024-05-18_fast_1__segment_1,train,2024-05-18 17:12:08+00:00,2024-05-18 17:13:08+00:00,56.5,18.0,-202.51400000000004,88.96767107750095,2.25,mid,warming
BEV2_2024-05-18_fast_1,BEV2,BEV2_2024-05-18_fast_1__segment_1,train,2024-05-18 17:12:18+00:00,2024-05-18 17:13:18+00:00,57.0,18.0,-193.10350000000005,78.90712498851097,2.25,mid,warming
BEV2_2024-05-18_fast_1,BEV2,BEV2_2024-05-18_fast_1__segment_1,train,2024-05-18 17:12:28+00:00,2024-05-18 17:13:28+00:00,57.25,18.0,-192.78400000000005,79.0121831281706,2.25,mid,warming
BEV2_2024-05-18_fast_1,BEV2,BEV2_2024-05-18_fast_1__segment_1,train,2024-05-18 17:12:38+00:00,2024-05-18 17:13:38+00:00,57.5,18.0,-193.69750000000005,79.41653501918582,2.0,mid,warming
BEV2_2024-05-18_fast_1,BEV2,BEV2_2024-05-18_fast_1__segment_1,train,2024-05-18 17:12:48+00:00,2024-05-18 17:13:48+00:00,57.75,18.5,-193.85100000000003,79.27547990564557,2.0,mid,warming
BEV2_2024-05-18_fast_1,BEV2,BEV2_2024-05-18_fast_1__segment_1,train,2024-05-18 17:12:58+00:00,2024-05-18 17:13:58+00:00,58.0,18.5,-192.27750000000003,78.9014878415444,1.75,mid,warming
BEV2_2024-05-18_fast_1,BEV2,BEV2_2024-05-18_fast_1__segment_1,train,2024-05-18 17:13:08+00:00,2024-05-18 17:14:08+00:00,58.25,18.0,-193.05100000000004,78.8292011037472,1.75,mid,warming
BEV2_2024-05-18_fast_1,BEV2,BEV2_2024-05-18_fast_1__segment_1,train,2024-05-18 17:13:18+00:00,2024-05-18 17:14:18+00:00,58.5,18.0,-193.0285000000001,78.48029666107665,1.5,mid,warming
BEV2_2024-05-18_fast_1,BEV2,BEV2_2024-05-18_fast_1__segment_1,train,2024-05-18 17:13:28+00:00,2024-05-18 17:14:28+00:00,58.5,18.0,-193.11800000000005,78.09654982861214,1.25,mid,warming
BEV2_2024-05-18_fast_1,BEV2,BEV2_2024-05-18_fast_1__segment_1,train,2024-05-18 17:13:38+00:00,2024-05-18 17:14:38+00:00,58.75,18.0,-191.53800000000004,77.75413445642623,1.25,mid,warming
BEV2_2024-05-18_fast_1,BEV2,BEV2_2024-05-18_fast_1__segment_1,train,2024-05-18 17:13:48+00:00,2024-05-18 17:14:48+00:00,58.75,18.0,-192.90300000000008,77.72841200954932,1.0,mid,warming
BEV2_2024-05-18_fast_1,BEV2,BEV2_2024-05-18_fast_1__segment_1,train,2024-05-18 17:13:58+00:00,2024-05-18 17:14:58+00:00,58.75,18.0,-194.12700000000004,77.9534593468883,0.75,mid,warming
BEV2_2024-05-18_fast_1,BEV2,BEV2_2024-05-18_fast_1__segment_1,train,2024-05-18 17:14:08+00:00,2024-05-18 17:15:08+00:00,59.0,18.0,-191.67350000000005,77.81666309991975,0.75,mid,warming
BEV2_2024-05-18_fast_1,BEV2,BEV2_2024-05-18_fast_1__segment_1,train,2024-05-18 17:14:18+00:00,2024-05-18 17:15:18+00:00,59.0,18.0,-192.68900000000005,77.37808830231616,0.5,mid,warming
BEV2_2024-05-18_fast_1,BEV2,BEV2_2024-05-18_fast_1__segment_1,train,2024-05-18 17:14:28+00:00,2024-05-18 17:15:28+00:00,59.0,18.0,-192.97850000000005,77.2047456575849,0.5,mid,warming
BEV2_2024-05-18_fast_1,BEV2,BEV2_2024-05-18_fast_1__segment_1,train,2024-05-18 17:14:38+00:00,2024-05-18 17:15:38+00:00,59.0,18.5,-190.5375,76.87817232919943,0.25,mid,stable
BEV2_2024-05-18_fast_1,BEV2,BEV2_2024-05-18_fast_1__segment_1,train,2024-05-18 17:14:48+00:00,2024-05-18 17:15:48+00:00,59.0,18.5,-190.79450000000008,76.44027103450935,0.25,mid,stable
BEV2_2024-05-18_fast_1,BEV2,BEV2_2024-05-18_fast_1__segment_1,train,2024-05-18 17:14:58+00:00,2024-05-18 17:15:58+00:00,59.0,18.5,-189.13550000000004,76.02533396293636,0.25,mid,stable
BEV2_2024-05-18_fast_1,BEV2,BEV2_2024-05-18_fast_1__segment_1,train,2024-05-18 17:15:08+00:00,2024-05-18 17:16:08+00:00,59.0,18.5,-189.3665000000001,75.9333440864997,0.0,mid,stable
BEV2_2024-05-18_fast_1,BEV2,BEV2_2024-05-18_fast_1__segment_1,train,2024-05-18 17:15:18+00:00,2024-05-18 17:16:18+00:00,59.0,18.5,-187.743,75.75758804291723,0.0,mid,stable
BEV2_2024-05-18_fast_1,BEV2,BEV2_2024-05-18_fast_1__segment_1,train,2024-05-18 17:15:28+00:00,2024-05-18 17:16:28+00:00,59.0,18.5,-189.37100000000007,75.73054911376224,0.0,mid,stable
BEV2_2024-05-18_fast_1,BEV2,BEV2_2024-05-18_fast_1__segment_1,train,2024-05-18 17:15:38+00:00,2024-05-18 17:16:38+00:00,59.0,18.5,-186.81850000000009,75.53995031051105,0.0,mid,stable
BEV2_2024-05-18_fast_1,BEV2,BEV2_2024-05-18_fast_1__segment_1,train,2024-05-18 17:15:48+00:00,2024-05-18 17:16:48+00:00,59.0,18.5,-186.25600000000009,75.45920677938003,0.0,mid,stable
BEV2_2024-05-18_fast_1,BEV2,BEV2_2024-05-18_fast_1__segment_1,train,2024-05-18 17:15:58+00:00,2024-05-18 17:16:58+00:00,59.0,18.5,-187.19950000000009,75.15400776735329,0.0,mid,stable
BEV2_2024-05-18_fast_1,BEV2,BEV2_2024-05-18_fast_1__segment_1,train,2024-05-18 17:16:08+00:00,2024-05-18 17:17:08+00:00,59.0,18.5,-186.30600000000007,75.08433934924598,0.0,mid,stable
BEV2_2024-05-18_fast_1,BEV2,BEV2_2024-05-18_fast_1__segment_1,train,2024-05-18 17:16:18+00:00,2024-05-18 17:17:18+00:00,59.0,18.5,-186.26000000000005,75.02931086209249,0.0,mid,stable
BEV2_2024-05-18_fast_1,BEV2,BEV2_2024-05-18_fast_1__segment_1,train,2024-05-18 17:16:28+00:00,2024-05-18 17:17:28+00:00,59.0,18.5,-186.69950000000009,74.97256549236253,0.0,mid,stable
BEV2_2024-05-18_fast_1,BEV2,BEV2_2024-05-18_fast_1__segment_1,train,2024-05-18 17:16:38+00:00,2024-05-18 17:17:38+00:00,59.0,18.5,-186.4085000000001,74.89085835049192,0.0,mid,stable
BEV2_2024-05-18_fast_1,BEV2,BEV2_2024-05-18_fast_1__segment_1,train,2024-05-18 17:16:48+00:00,2024-05-18 17:17:48+00:00,59.0,18.5,-184.88550000000004,74.85410488612256,0.0,mid,stable
BEV2_2024-05-18_fast_1,BEV2,BEV2_2024-05-18_fast_1__segment_1,train,2024-05-18 17:16:58+00:00,2024-05-18 17:17:58+00:00,59.25,18.5,-184.83450000000005,74.75654513254437,0.25,mid,stable
BEV2_2024-05-18_fast_1,BEV2,BEV2_2024-05-18_fast_1__segment_1,train,2024-05-18 17:17:08+00:00,2024-05-18 17:18:08+00:00,59.25,18.5,-184.50300000000004,74.53663202781,0.25,mid,stable
BEV2_2024-05-18_fast_1,BEV2,BEV2_2024-05-18_fast_1__segment_1,train,2024-05-18 17:17:18+00:00,2024-05-18 17:18:18+00:00,59.25,18.5,-185.12200000000004,74.66024725145007,0.25,mid,stable
BEV2_2024-05-18_fast_1,BEV2,BEV2_2024-05-18_fast_1__segment_1,train,2024-05-18 17:17:28+00:00,2024-05-18 17:18:28+00:00,59.25,18.5,-183.5540000000001,74.38993976730318,0.25,mid,stable
BEV2_2024-05-18_fast_1,BEV2,BEV2_2024-05-18_fast_1__segment_1,train,2024-05-18 17:17:38+00:00,2024-05-18 17:18:38+00:00,59.25,18.5,-184.27050000000003,74.33364549163934,0.25,mid,stable
BEV2_2024-05-18_fast_1,BEV2,BEV2_2024-05-18_fast_1__segment_1,train,2024-05-18 17:17:48+00:00,2024-05-18 17:18:48+00:00,59.25,18.5,-183.11900000000009,74.2493108032767,0.25,mid,stable
BEV2_2024-05-18_fast_1,BEV2,BEV2_2024-05-18_fast_1__segment_1,train,2024-05-18 17:17:58+00:00,2024-05-18 17:18:58+00:00,59.25,18.5,-182.07350000000005,73.99498768098915,0.0,mid,stable
BEV2_2024-05-18_fast_1,BEV2,BEV2_2024-05-18_fast_1__segment_1,train,2024-05-18 17:18:08+00:00,2024-05-18 17:19:08+00:00,59.25,18.5,-181.51550000000003,74.06985754788194,0.0,mid,stable
BEV2_2024-05-18_fast_1,BEV2,BEV2_2024-05-18_fast_1__segment_1,train,2024-05-18 17:18:18+00:00,2024-05-18 17:19:18+00:00,59.5,18.5,-181.04600000000005,73.72432008333703,0.25,mid,stable
BEV2_2024-05-18_fast_1,BEV2,BEV2_2024-05-18_fast_1__segment_1,train,2024-05-18 17:18:28+00:00,2024-05-18 17:19:28+00:00,59.5,18.0,-181.7810000000001,73.6408407517212,0.25,mid,stable
BEV2_2024-05-18_fast_1,BEV2,BEV2_2024-05-18_fast_1__segment_1,train,2024-05-18 17:18:38+00:00,2024-05-18 17:19:38+00:00,59.5,18.0,-179.85600000000002,73.31730121734383,0.25,mid,stable
BEV2_2024-05-18_fast_1,BEV2,BEV2_2024-05-18_fast_1__segment_1,train,2024-05-18 17:18:48+00:00,2024-05-18 17:19:48+00:00,59.5,18.0,-180.3665000000001,73.2817489538697,0.25,mid,stable
BEV2_2024-05-18_fast_1,BEV2,BEV2_2024-05-18_fast_1__segment_1,train,2024-05-18 17:18:58+00:00,2024-05-18 17:19:58+00:00,59.5,18.0,-181.0360000000001,73.37538790661579,0.25,mid,stable
BEV2_2024-05-18_fast_1,BEV2,BEV2_2024-05-18_fast_1__segment_1,train,2024-05-18 17:19:08+00:00,2024-05-18 17:20:08+00:00,59.75,18.0,-180.04150000000004,73.19346626706628,0.5,mid,warming
BEV2_2024-05-18_fast_1,BEV2,BEV2_2024-05-18_fast_1__segment_1,train,2024-05-18 17:19:18+00:00,2024-05-18 17:20:18+00:00,59.75,18.0,-179.63150000000005,71.78629750567444,0.25,mid,stable
BEV2_2024-05-18_fast_1,BEV2,BEV2_2024-05-18_fast_1__segment_1,train,2024-05-18 17:19:28+00:00,2024-05-18 17:20:28+00:00,59.75,18.0,-179.00750000000005,72.57517964903063,0.25,mid,stable
BEV2_2024-05-18_fast_1,BEV2,BEV2_2024-05-18_fast_1__segment_1,train,2024-05-18 17:19:38+00:00,2024-05-18 17:20:38+00:00,59.25,18.0,-178.18600000000006,72.86998531215379,-0.25,mid,stable
BEV2_2024-05-18_fast_1,BEV2,BEV2_2024-05-18_fast_1__segment_1,train,2024-05-18 17:19:48+00:00,2024-05-18 17:20:48+00:00,58.75,18.5,-177.33250000000004,72.37169497283168,-0.75,mid,cooling
BEV2_2024-05-18_fast_1,BEV2,BEV2_2024-05-18_fast_1__segment_1,train,2024-05-18 17:19:58+00:00,2024-05-18 17:20:58+00:00,58.25,18.5,-176.46300000000008,72.0933511585797,-1.25,mid,cooling
BEV2_2024-05-18_fast_1,BEV2,BEV2_2024-05-18_fast_1__segment_1,train,2024-05-18 17:20:08+00:00,2024-05-18 17:21:08+00:00,58.0,18.5,-176.45900000000006,71.68099721610226,-1.75,mid,cooling
BEV2_2024-05-18_fast_1,BEV2,BEV2_2024-05-18_fast_1__segment_1,train,2024-05-18 17:20:18+00:00,2024-05-18 17:21:18+00:00,57.75,18.5,-174.73900000000006,71.33763995907721,-2.0,mid,cooling
BEV2_2024-05-18_fast_1,BEV2,BEV2_2024-05-18_fast_1__segment_1,train,2024-05-18 17:20:28+00:00,2024-05-18 17:21:28+00:00,57.75,18.5,-174.39050000000003,70.85490665192832,-2.0,mid,cooling
BEV2_2024-05-18_fast_1,BEV2,BEV2_2024-05-18_fast_1__segment_1,train,2024-05-18 17:20:38+00:00,2024-05-18 17:21:38+00:00,58.0,19.0,-172.57800000000003,70.51755641861922,-1.25,mid,cooling
BEV2_2024-05-18_fast_1,BEV2,BEV2_2024-05-18_fast_1__segment_1,train,2024-05-18 17:20:48+00:00,2024-05-18 17:21:48+00:00,58.0,19.5,-171.38700000000006,70.13427130177215,-0.75,mid,cooling
BEV2_2024-05-18_fast_1,BEV2,BEV2_2024-05-18_fast_1__segment_1,train,2024-05-18 17:20:58+00:00,2024-05-18 17:21:58+00:00,58.0,19.5,-171.05150000000006,69.91085641104101,-0.25,mid,stable
BEV2_2024-05-18_fast_1,BEV2,BEV2_2024-05-18_fast_1__segment_1,train,2024-05-18 17:21:08+00:00,2024-05-18 17:22:08+00:00,58.0,19.5,-170.63700000000006,69.42182264640978,0.0,mid,stable
BEV2_2024-05-18_fast_1,BEV2,BEV2_2024-05-18_fast_1__segment_1,train,2024-05-18 17:21:18+00:00,2024-05-18 17:22:18+00:00,58.0,19.5,-169.73550000000003,69.4576917861651,0.25,mid,stable
BEV2_2024-05-18_fast_1,BEV2,BEV2_2024-05-18_fast_1__segment_1,train,2024-05-18 17:21:28+00:00,2024-05-18 17:22:28+00:00,58.25,19.0,-167.69450000000003,69.08405447114933,0.5,mid,warming
BEV2_2024-05-18_fast_1,BEV2,BEV2_2024-05-18_fast_1__segment_1,train,2024-05-18 17:21:38+00:00,2024-05-18 17:22:38+00:00,58.25,19.0,-167.10000000000002,68.59306972065892,0.25,low,stable
BEV2_2024-05-18_fast_1,BEV2,BEV2_2024-05-18_fast_1__segment_1,train,2024-05-18 17:21:48+00:00,2024-05-18 17:22:48+00:00,58.25,19.5,-166.60750000000004,68.0908170062508,0.25,low,stable
BEV2_2024-05-18_fast_1,BEV2,BEV2_2024-05-18_fast_1__segment_1,train,2024-05-18 17:21:58+00:00,2024-05-18 17:22:58+00:00,58.25,19.5,-165.71950000000004,67.7160289158865,0.25,low,stable
BEV2_2024-05-18_fast_1,BEV2,BEV2_2024-05-18_fast_1__segment_1,train,2024-05-18 17:22:08+00:00,2024-05-18 17:23:08+00:00,58.5,19.5,-162.72950000000003,67.34898522389848,0.5,low,warming
BEV2_2024-05-18_fast_1,BEV2,BEV2_2024-05-18_fast_1__segment_1,train,2024-05-18 17:22:18+00:00,2024-05-18 17:23:18+00:00,58.5,20.0,-162.31850000000006,66.8237831458163,0.5,low,warming
BEV2_2024-05-18_fast_1,BEV2,BEV2_2024-05-18_fast_1__segment_1,train,2024-05-18 17:22:28+00:00,2024-05-18 17:23:28+00:00,58.5,19.5,-161.89250000000004,65.27261291691987,0.25,low,stable
BEV2_2024-05-18_fast_1,BEV2,BEV2_2024-05-18_fast_1__segment_1,train,2024-05-18 17:22:38+00:00,2024-05-18 17:23:38+00:00,58.75,19.5,-161.01150000000004,65.6749662933159,0.5,low,warming
BEV2_2024-05-18_fast_1,BEV2,BEV2_2024-05-18_fast_1__segment_1,train,2024-05-18 17:22:48+00:00,2024-05-18 17:23:48+00:00,58.75,19.5,-158.44050000000004,65.28867677948153,0.5,low,warming
BEV2_2024-05-18_fast_1,BEV2,BEV2_2024-05-18_fast_1__segment_1,train,2024-05-18 17:22:58+00:00,2024-05-18 17:23:58+00:00,58.75,19.5,-156.33650000000006,64.33214069043554,0.5,low,warming
BEV2_2024-05-18_fast_1,BEV2,BEV2_2024-05-18_fast_1__segment_1,train,2024-05-18 17:23:08+00:00,2024-05-18 17:24:08+00:00,58.75,19.5,-153.14000000000004,63.27045821702316,0.25,low,stable
BEV2_2024-05-18_fast_1,BEV2,BEV2_2024-05-18_fast_1__segment_1,train,2024-05-18 17:23:18+00:00,2024-05-18 17:24:18+00:00,59.0,19.5,-150.89550000000006,62.39172032438355,0.5,low,warming
BEV2_2024-05-18_fast_1,BEV2,BEV2_2024-05-18_fast_1__segment_1,train,2024-05-18 17:23:28+00:00,2024-05-18 17:24:28+00:00,59.0,19.5,-148.35700000000006,61.37984783048403,0.5,low,warming
BEV2_2024-05-18_fast_1,BEV2,BEV2_2024-05-18_fast_1__segment_1,train,2024-05-18 17:23:38+00:00,2024-05-18 17:24:38+00:00,59.0,19.5,-146.71350000000004,60.29460600521521,0.25,low,stable
BEV2_2024-05-18_fast_1,BEV2,BEV2_2024-05-18_fast_1__segment_1,train,2024-05-18 17:23:48+00:00,2024-05-18 17:24:48+00:00,59.0,19.5,-143.49950000000004,58.65415369809527,0.25,low,stable
BEV2_2024-05-18_fast_1,BEV2,BEV2_2024-05-18_fast_1__segment_1,train,2024-05-18 17:23:58+00:00,2024-05-18 17:24:58+00:00,59.25,19.5,-141.40800000000004,58.497263299923596,0.5,low,warming
BEV2_2024-05-18_fast_1,BEV2,BEV2_2024-05-18_fast_1__segment_1,train,2024-05-18 17:24:08+00:00,2024-05-18 17:25:08+00:00,59.25,19.0,-141.03350000000003,58.02950734573782,0.5,low,warming
BEV2_2024-05-18_fast_1,BEV2,BEV2_2024-05-18_fast_1__segment_1,train,2024-05-18 17:24:18+00:00,2024-05-18 17:25:18+00:00,59.25,19.0,-138.17450000000005,57.237735550335195,0.25,low,stable
BEV2_2024-05-18_fast_1,BEV2,BEV2_2024-05-18_fast_1__segment_1,train,2024-05-18 17:24:28+00:00,2024-05-18 17:25:28+00:00,59.25,19.5,-135.53050000000005,56.41561122362957,0.25,low,stable
BEV2_2024-05-18_fast_1,BEV2,BEV2_2024-05-18_fast_1__segment_1,train,2024-05-18 17:24:38+00:00,2024-05-18 17:25:38+00:00,59.5,19.5,-135.00500000000005,55.69883063829698,0.5,low,warming
BEV2_2024-05-18_fast_1,BEV2,BEV2_2024-05-18_fast_1__segment_1,train,2024-05-18 17:24:48+00:00,2024-05-18 17:25:48+00:00,59.5,19.5,-132.99850000000004,54.99295967363539,0.5,low,warming
BEV2_2024-05-18_fast_1,BEV2,BEV2_2024-05-18_fast_1__segment_1,train,2024-05-18 17:24:58+00:00,2024-05-18 17:25:58+00:00,59.5,19.5,-130.92350000000005,54.313669623961054,0.25,low,stable
BEV2_2024-05-18_fast_1,BEV2,BEV2_2024-05-18_fast_1__segment_1,train,2024-05-18 17:25:08+00:00,2024-05-18 17:26:08+00:00,59.75,19.0,-130.74900000000002,53.239586274800565,0.5,low,warming
BEV2_2024-05-18_fast_1,BEV2,BEV2_2024-05-18_fast_1__segment_1,train,2024-05-18 17:25:18+00:00,2024-05-18 17:26:18+00:00,59.75,19.0,-128.00450000000004,53.048573016470904,0.5,low,warming
BEV2_2024-05-18_fast_1,BEV2,BEV2_2024-05-18_fast_1__segment_1,train,2024-05-18 17:25:28+00:00,2024-05-18 17:26:28+00:00,59.75,19.0,-128.13550000000004,52.84374455309682,0.5,low,warming
BEV2_2024-05-18_fast_1,BEV2,BEV2_2024-05-18_fast_1__segment_1,train,2024-05-18 17:25:38+00:00,2024-05-18 17:26:38+00:00,59.75,19.0,-125.77050000000004,52.163568944991844,0.25,low,stable
BEV2_2024-05-18_fast_1,BEV2,BEV2_2024-05-18_fast_1__segment_1,train,2024-05-18 17:25:48+00:00,2024-05-18 17:26:48+00:00,59.75,19.0,-123.41400000000004,51.62899721024813,0.25,low,stable
BEV2_2024-05-18_fast_1,BEV2,BEV2_2024-05-18_fast_1__segment_1,train,2024-05-18 17:25:58+00:00,2024-05-18 17:26:58+00:00,60.0,19.0,-124.21700000000004,51.238051594551365,0.5,low,warming
BEV2_2024-05-18_fast_1,BEV2,BEV2_2024-05-18_fast_1__segment_1,train,2024-05-18 17:26:08+00:00,2024-05-18 17:27:08+00:00,59.75,19.0,-120.92250000000006,50.56208684146037,0.0,low,stable
BEV2_2024-05-18_fast_1,BEV2,BEV2_2024-05-18_fast_1__segment_1,train,2024-05-18 17:26:18+00:00,2024-05-18 17:27:18+00:00,59.75,19.0,-121.46450000000004,48.88643358672299,0.0,low,stable
BEV2_2024-05-18_fast_1,BEV2,BEV2_2024-05-18_fast_1__segment_1,train,2024-05-18 17:26:28+00:00,2024-05-18 17:27:28+00:00,59.75,19.0,-120.41850000000004,49.21693474333056,0.0,low,stable
BEV2_2024-05-18_fast_1,BEV2,BEV2_2024-05-18_fast_1__segment_1,train,2024-05-18 17:26:38+00:00,2024-05-18 17:27:38+00:00,59.75,19.0,-119.06850000000004,49.22490112140069,0.0,low,stable
BEV2_2024-05-18_fast_1,BEV2,BEV2_2024-05-18_fast_1__segment_1,train,2024-05-18 17:26:48+00:00,2024-05-18 17:27:48+00:00,59.75,19.5,-117.70450000000004,48.8811248495403,0.0,low,stable
BEV2_2024-05-18_fast_1,BEV2,BEV2_2024-05-18_fast_1__segment_1,train,2024-05-18 17:26:58+00:00,2024-05-18 17:27:58+00:00,59.75,20.0,-118.15250000000006,48.2282893291213,-0.25,low,stable
BEV2_2024-05-18_fast_1,BEV2,BEV2_2024-05-18_fast_1__segment_1,train,2024-05-18 17:27:08+00:00,2024-05-18 17:28:08+00:00,59.75,20.0,-116.08750000000003,47.68371874491058,0.0,low,stable
BEV2_2024-05-18_fast_1,BEV2,BEV2_2024-05-18_fast_1__segment_1,train,2024-05-18 17:27:18+00:00,2024-05-18 17:28:18+00:00,59.75,19.5,-115.58950000000004,47.644813397158224,0.0,low,stable
BEV2_2024-05-18_fast_1,BEV2,BEV2_2024-05-18_fast_1__segment_1,train,2024-05-18 17:27:28+00:00,2024-05-18 17:28:28+00:00,59.75,19.0,-114.18850000000003,47.50772768609399,0.0,low,stable
BEV2_2024-05-19_fast_1,BEV2,BEV2_2024-05-19_fast_1__segment_1,train,2024-05-19 17:29:20+00:00,2024-05-19 17:30:20+00:00,54.75,19.5,-559.2525,215.36461313436297,2.0,high,warming
BEV2_2024-05-19_fast_1,BEV2,BEV2_2024-05-19_fast_1__segment_1,train,2024-05-19 17:29:30+00:00,2024-05-19 17:30:30+00:00,55.0,19.5,-549.5785,212.24355073624764,2.5,high,warming
BEV2_2024-05-19_fast_1,BEV2,BEV2_2024-05-19_fast_1__segment_1,train,2024-05-19 17:29:40+00:00,2024-05-19 17:30:40+00:00,55.0,19.5,-517.274,204.0931677236183,2.5,high,warming
BEV2_2024-05-19_fast_1,BEV2,BEV2_2024-05-19_fast_1__segment_1,train,2024-05-19 17:29:50+00:00,2024-05-19 17:30:50+00:00,55.25,19.5,-530.498,205.7975200882102,2.0,high,warming
BEV2_2024-05-19_fast_1,BEV2,BEV2_2024-05-19_fast_1__segment_1,train,2024-05-19 17:30:00+00:00,2024-05-19 17:31:00+00:00,55.5,19.5,-492.7865,188.4415558719829,1.75,high,warming
BEV2_2024-05-19_fast_1,BEV2,BEV2_2024-05-19_fast_1__segment_1,train,2024-05-19 17:30:10+00:00,2024-05-19 17:31:10+00:00,56.0,19.5,-513.654,202.88397214345375,1.5,high,warming
BEV2_2024-05-19_fast_1,BEV2,BEV2_2024-05-19_fast_1__segment_1,train,2024-05-19 17:30:20+00:00,2024-05-19 17:31:20+00:00,56.25,19.5,-509.3655,196.97353649097127,1.5,high,warming
BEV2_2024-05-19_fast_1,BEV2,BEV2_2024-05-19_fast_1__segment_1,train,2024-05-19 17:30:30+00:00,2024-05-19 17:31:30+00:00,56.5,19.5,-500.518,193.0391679681699,1.5,high,warming
BEV2_2024-05-19_fast_1,BEV2,BEV2_2024-05-19_fast_1__segment_1,train,2024-05-19 17:30:40+00:00,2024-05-19 17:31:40+00:00,56.75,19.5,-500.875,193.9261163199833,1.75,high,warming
BEV2_2024-05-19_fast_1,BEV2,BEV2_2024-05-19_fast_1__segment_1,train,2024-05-19 17:30:50+00:00,2024-05-19 17:31:50+00:00,57.25,19.5,-493.3475,191.30338118387775,2.0,high,warming
BEV2_2024-05-19_fast_1,BEV2,BEV2_2024-05-19_fast_1__segment_1,train,2024-05-19 17:31:00+00:00,2024-05-19 17:32:00+00:00,57.5,19.5,-487.6075,188.20326847012396,2.0,high,warming
BEV2_2024-05-19_fast_1,BEV2,BEV2_2024-05-19_fast_1__segment_1,train,2024-05-19 17:31:10+00:00,2024-05-19 17:32:10+00:00,58.0,19.5,-482.9525,188.535727839039,2.0,high,warming
BEV2_2024-05-19_fast_1,BEV2,BEV2_2024-05-19_fast_1__segment_1,train,2024-05-19 17:31:20+00:00,2024-05-19 17:32:20+00:00,58.25,19.5,-478.948,185.9129926951741,2.0,high,warming
BEV2_2024-05-19_fast_1,BEV2,BEV2_2024-05-19_fast_1__segment_1,train,2024-05-19 17:31:30+00:00,2024-05-19 17:32:30+00:00,58.5,20.0,-471.578,183.8386734434461,2.0,high,warming
BEV2_2024-05-19_fast_1,BEV2,BEV2_2024-05-19_fast_1__segment_1,train,2024-05-19 17:31:40+00:00,2024-05-19 17:32:40+00:00,59.0,20.0,-465.883,182.22468260120164,2.25,high,warming
BEV2_2024-05-19_fast_1,BEV2,BEV2_2024-05-19_fast_1__segment_1,train,2024-05-19 17:31:50+00:00,2024-05-19 17:32:50+00:00,59.25,20.5,-461.63,179.61331359013792,2.0,high,warming
BEV2_2024-05-19_fast_1,BEV2,BEV2_2024-05-19_fast_1__segment_1,train,2024-05-19 17:32:00+00:00,2024-05-19 17:33:00+00:00,59.5,21.0,-457.493,178.9199247721854,2.0,high,warming
BEV2_2024-05-19_fast_1,BEV2,BEV2_2024-05-19_fast_1__segment_1,train,2024-05-19 17:32:10+00:00,2024-05-19 17:33:10+00:00,59.75,21.0,-449.0655,174.9162591945451,1.75,high,warming
BEV2_2024-05-19_fast_1,BEV2,BEV2_2024-05-19_fast_1__segment_1,train,2024-05-19 17:32:20+00:00,2024-05-19 17:33:20+00:00,60.0,20.5,-446.9161616,174.14620370502664,1.75,high,warming
BEV2_2024-05-19_fast_1,BEV2,BEV2_2024-05-19_fast_1__segment_1,train,2024-05-19 17:32:30+00:00,2024-05-19 17:33:30+00:00,60.5,20.5,-442.353,173.07938582659654,2.0,high,warming
BEV2_2024-05-19_fast_1,BEV2,BEV2_2024-05-19_fast_1__segment_1,train,2024-05-19 17:32:40+00:00,2024-05-19 17:33:40+00:00,60.75,21.0,-439.1875,171.78307108501463,1.75,high,warming
BEV2_2024-05-19_fast_1,BEV2,BEV2_2024-05-19_fast_1__segment_1,train,2024-05-19 17:32:50+00:00,2024-05-19 17:33:50+00:00,61.0,21.0,-435.5485,169.6035528931241,1.75,high,warming
BEV2_2024-05-19_fast_1,BEV2,BEV2_2024-05-19_fast_1__segment_1,train,2024-05-19 17:33:00+00:00,2024-05-19 17:34:00+00:00,61.0,20.5,-430.976,167.3841480860206,1.5,high,warming
BEV2_2024-05-19_fast_1,BEV2,BEV2_2024-05-19_fast_1__segment_1,train,2024-05-19 17:33:10+00:00,2024-05-19 17:34:10+00:00,61.25,20.0,-424.144,165.62343929551903,1.5,high,warming
BEV2_2024-05-19_fast_1,BEV2,BEV2_2024-05-19_fast_1__segment_1,train,2024-05-19 17:33:20+00:00,2024-05-19 17:34:20+00:00,61.5,20.0,-422.3205,165.26445979750025,1.5,high,warming
BEV2_2024-05-19_fast_1,BEV2,BEV2_2024-05-19_fast_1__segment_1,train,2024-05-19 17:33:30+00:00,2024-05-19 17:34:30+00:00,61.5,21.0,-417.9465,162.99377223275036,1.0,high,warming
BEV2_2024-05-19_fast_1,BEV2,BEV2_2024-05-19_fast_1__segment_1,train,2024-05-19 17:33:40+00:00,2024-05-19 17:34:40+00:00,61.75,21.0,-412.4375,160.9908947153621,1.0,high,warming
BEV2_2024-05-19_fast_1,BEV2,BEV2_2024-05-19_fast_1__segment_1,train,2024-05-19 17:33:50+00:00,2024-05-19 17:34:50+00:00,62.0,20.5,-409.1335,159.44956225018402,1.0,high,warming
BEV2_2024-05-19_fast_1,BEV2,BEV2_2024-05-19_fast_1__segment_1,train,2024-05-19 17:34:00+00:00,2024-05-19 17:35:00+00:00,62.0,20.5,-405.4845,157.9623616171595,1.0,high,warming
BEV2_2024-05-19_fast_1,BEV2,BEV2_2024-05-19_fast_1__segment_1,train,2024-05-19 17:34:10+00:00,2024-05-19 17:35:10+00:00,62.25,21.0,-400.33,155.98512549804377,1.0,high,warming
BEV2_2024-05-19_fast_1,BEV2,BEV2_2024-05-19_fast_1__segment_1,train,2024-05-19 17:34:20+00:00,2024-05-19 17:35:20+00:00,62.5,21.0,-394.7615,153.94236140434128,1.0,high,warming
BEV2_2024-05-19_fast_1,BEV2,BEV2_2024-05-19_fast_1__segment_1,train,2024-05-19 17:34:30+00:00,2024-05-19 17:35:30+00:00,62.5,21.5,-392.381,153.60902330459518,1.0,high,warming
BEV2_2024-05-19_fast_1,BEV2,BEV2_2024-05-19_fast_1__segment_1,train,2024-05-19 17:34:40+00:00,2024-05-19 17:35:40+00:00,62.5,21.5,-388.8015,151.81127693448883,0.75,high,warming
BEV2_2024-05-19_fast_1,BEV2,BEV2_2024-05-19_fast_1__segment_1,train,2024-05-19 17:34:50+00:00,2024-05-19 17:35:50+00:00,62.75,21.5,-383.143,149.74572047812202,0.75,high,warming
BEV2_2024-05-19_fast_1,BEV2,BEV2_2024-05-19_fast_1__segment_1,train,2024-05-19 17:35:00+00:00,2024-05-19 17:36:00+00:00,62.75,21.5,-381.686,149.37534483767007,0.75,high,warming
BEV2_2024-05-19_fast_1,BEV2,BEV2_2024-05-19_fast_1__segment_1,train,2024-05-19 17:35:10+00:00,2024-05-19 17:36:10+00:00,63.0,21.5,-376.662,147.40950489988649,0.75,high,warming
BEV2_2024-05-19_fast_1,BEV2,BEV2_2024-05-19_fast_1__segment_1,train,2024-05-19 17:35:20+00:00,2024-05-19 17:36:20+00:00,63.0,21.5,-373.6225,146.2413971107687,0.5,high,warming
BEV2_2024-05-19_fast_1,BEV2,BEV2_2024-05-19_fast_1__segment_1,train,2024-05-19 17:35:30+00:00,2024-05-19 17:36:30+00:00,63.0,21.5,-369.8725,146.13842438932994,0.5,high,warming
BEV2_2024-05-19_fast_1,BEV2,BEV2_2024-05-19_fast_1__segment_1,train,2024-05-19 17:35:40+00:00,2024-05-19 17:36:40+00:00,63.0,22.0,-365.917,143.91316915370598,0.5,high,warming
BEV2_2024-05-19_fast_1,BEV2,BEV2_2024-05-19_fast_1__segment_1,train,2024-05-19 17:35:50+00:00,2024-05-19 17:36:50+00:00,63.25,22.0,-362.537,142.3820564448253,0.5,high,warming
BEV2_2024-05-19_fast_1,BEV2,BEV2_2024-05-19_fast_1__segment_1,train,2024-05-19 17:36:00+00:00,2024-05-19 17:37:00+00:00,63.25,22.0,-359.7175,141.17087772084457,0.5,high,warming
BEV2_2024-05-19_fast_1,BEV2,BEV2_2024-05-19_fast_1__segment_1,train,2024-05-19 17:36:10+00:00,2024-05-19 17:37:10+00:00,63.25,21.5,-354.904,139.22842128923443,0.25,high,stable
BEV2_2024-05-19_fast_1,BEV2,BEV2_2024-05-19_fast_1__segment_1,train,2024-05-19 17:36:20+00:00,2024-05-19 17:37:20+00:00,63.25,22.0,-352.348,138.45715182374212,0.25,high,stable
BEV2_2024-05-19_fast_1,BEV2,BEV2_2024-05-19_fast_1__segment_1,train,2024-05-19 17:36:30+00:00,2024-05-19 17:37:30+00:00,63.25,21.5,-349.2065,137.24597309976141,0.25,high,stable
BEV2_2024-05-19_fast_1,BEV2,BEV2_2024-05-19_fast_1__segment_1,train,2024-05-19 17:36:40+00:00,2024-05-19 17:37:40+00:00,63.25,21.0,-344.375,135.35493464811796,0.25,high,stable
BEV2_2024-05-19_fast_1,BEV2,BEV2_2024-05-19_fast_1__segment_1,train,2024-05-19 17:36:50+00:00,2024-05-19 17:37:50+00:00,63.25,21.0,-340.097,133.81239571713346,0.0,high,stable
BEV2_2024-05-19_fast_1,BEV2,BEV2_2024-05-19_fast_1__segment_1,train,2024-05-19 17:37:00+00:00,2024-05-19 17:38:00+00:00,63.25,21.0,-337.533,131.8299475276604,0.0,high,stable
BEV2_2024-05-19_fast_1,BEV2,BEV2_2024-05-19_fast_1__segment_1,train,2024-05-19 17:37:10+00:00,2024-05-19 17:38:10+00:00,63.25,21.0,-333.815,130.69589577362976,0.0,high,stable
BEV2_2024-05-19_fast_1,BEV2,BEV2_2024-05-19_fast_1__segment_1,train,2024-05-19 17:37:20+00:00,2024-05-19 17:38:20+00:00,63.25,21.0,-330.205,129.82179036380458,0.0,high,stable
BEV2_2024-05-19_fast_1,BEV2,BEV2_2024-05-19_fast_1__segment_1,train,2024-05-19 17:37:30+00:00,2024-05-19 17:38:30+00:00,63.25,20.5,-326.897,127.62768548469603,0.0,high,stable
BEV2_2024-05-19_fast_1,BEV2,BEV2_2024-05-19_fast_1__segment_1,train,2024-05-19 17:37:40+00:00,2024-05-19 17:38:40+00:00,63.25,20.5,-323.3515,127.82785964141974,0.0,high,stable
BEV2_2024-05-19_fast_1,BEV2,BEV2_2024-05-19_fast_1__segment_1,train,2024-05-19 17:37:50+00:00,2024-05-19 17:38:50+00:00,63.25,20.5,-320.8555,126.28155488769289,0.0,high,stable
BEV2_2024-05-19_fast_1,BEV2,BEV2_2024-05-19_fast_1__segment_1,train,2024-05-19 17:38:00+00:00,2024-05-19 17:39:00+00:00,63.25,20.5,-316.5075,124.66938898992787,0.0,high,stable
BEV2_2024-05-19_fast_1,BEV2,BEV2_2024-05-19_fast_1__segment_1,train,2024-05-19 17:38:10+00:00,2024-05-19 17:39:10+00:00,63.25,20.5,-313.831,122.79950566448574,0.0,high,stable
BEV2_2024-05-19_fast_1,BEV2,BEV2_2024-05-19_fast_1__segment_1,train,2024-05-19 17:38:20+00:00,2024-05-19 17:39:20+00:00,63.0,20.5,-309.4525,122.35852245694144,-0.25,high,stable
BEV2_2024-05-19_fast_1,BEV2,BEV2_2024-05-19_fast_1__segment_1,train,2024-05-19 17:38:30+00:00,2024-05-19 17:39:30+00:00,63.0,21.0,-307.717,121.14725038421672,-0.25,high,stable
BEV2_2024-05-19_fast_1,BEV2,BEV2_2024-05-19_fast_1__segment_1,train,2024-05-19 17:38:40+00:00,2024-05-19 17:39:40+00:00,63.0,21.0,-304.556,120.01043005313399,-0.25,high,stable
BEV2_2024-05-19_fast_1,BEV2,BEV2_2024-05-19_fast_1__segment_1,train,2024-05-19 17:38:50+00:00,2024-05-19 17:39:50+00:00,63.0,21.0,-300.315,118.06323147436684,-0.25,high,stable
BEV2_2024-05-19_fast_1,BEV2,BEV2_2024-05-19_fast_1__segment_1,train,2024-05-19 17:39:00+00:00,2024-05-19 17:40:00+00:00,62.75,21.0,-297.7815,116.59904269091129,-0.5,high,cooling
BEV2_2024-05-19_fast_1,BEV2,BEV2_2024-05-19_fast_1__segment_1,train,2024-05-19 17:39:10+00:00,2024-05-19 17:40:10+00:00,62.75,21.0,-294.723,116.75648238403393,-0.5,high,cooling
BEV2_2024-05-19_fast_1,BEV2,BEV2_2024-05-19_fast_1__segment_1,train,2024-05-19 17:39:20+00:00,2024-05-19 17:40:20+00:00,62.75,21.0,-291.9595,115.61668050843353,-0.25,high,stable
BEV2_2024-05-19_fast_1,BEV2,BEV2_2024-05-19_fast_1__segment_1,train,2024-05-19 17:39:30+00:00,2024-05-19 17:40:30+00:00,62.75,21.0,-290.105,114.80417687755923,-0.25,high,stable
BEV2_2024-05-19_fast_1,BEV2,BEV2_2024-05-19_fast_1__segment_1,train,2024-05-19 17:39:40+00:00,2024-05-19 17:40:40+00:00,62.75,21.5,-285.7695,113.25094559274791,-0.25,high,stable
BEV2_2024-05-19_fast_1,BEV2,BEV2_2024-05-19_fast_1__segment_1,train,2024-05-19 17:39:50+00:00,2024-05-19 17:40:50+00:00,62.5,21.5,-283.4755,112.44992611975155,-0.5,high,cooling
BEV2_2024-05-19_fast_1,BEV2,BEV2_2024-05-19_fast_1__segment_1,train,2024-05-19 17:40:00+00:00,2024-05-19 17:41:00+00:00,62.5,21.5,-280.527,111.27280074084771,-0.25,high,stable
BEV2_2024-05-19_fast_1,BEV2,BEV2_2024-05-19_fast_1__segment_1,train,2024-05-19 17:40:10+00:00,2024-05-19 17:41:10+00:00,62.5,22.0,-276.823,109.75976398900956,-0.25,high,stable
BEV2_2024-05-19_fast_1,BEV2,BEV2_2024-05-19_fast_1__segment_1,train,2024-05-19 17:40:20+00:00,2024-05-19 17:41:20+00:00,62.5,22.0,-275.309,109.64388179117567,-0.25,high,stable
BEV2_2024-05-19_fast_1,BEV2,BEV2_2024-05-19_fast_1__segment_1,train,2024-05-19 17:40:30+00:00,2024-05-19 17:41:30+00:00,62.25,22.0,-272.986,107.36119345147486,-0.5,high,cooling
BEV2_2024-05-19_fast_1,BEV2,BEV2_2024-05-19_fast_1__segment_1,train,2024-05-19 17:40:40+00:00,2024-05-19 17:41:40+00:00,62.25,22.0,-270.638,107.28347267936773,-0.5,high,cooling
BEV2_2024-05-19_fast_1,BEV2,BEV2_2024-05-19_fast_1__segment_1,train,2024-05-19 17:40:50+00:00,2024-05-19 17:41:50+00:00,62.25,22.0,-268.4645,106.4659651254666,-0.25,high,stable
BEV2_2024-05-19_fast_1,BEV2,BEV2_2024-05-19_fast_1__segment_1,train,2024-05-19 17:41:00+00:00,2024-05-19 17:42:00+00:00,62.0,21.5,-265.79,105.32606024518557,-0.5,high,cooling
BEV2_2024-05-19_fast_1,BEV2,BEV2_2024-05-19_fast_1__segment_1,train,2024-05-19 17:41:10+00:00,2024-05-19 17:42:10+00:00,62.0,22.0,-263.6025,104.50855269914474,-0.5,high,cooling
BEV2_2024-05-19_fast_1,BEV2,BEV2_2024-05-19_fast_1__segment_1,train,2024-05-19 17:41:20+00:00,2024-05-19 17:42:20+00:00,62.0,22.0,-261.0145,103.7054378758699,-0.5,high,cooling
BEV2_2024-05-19_fast_1,BEV2,BEV2_2024-05-19_fast_1__segment_1,train,2024-05-19 17:41:30+00:00,2024-05-19 17:42:30+00:00,61.75,21.5,-257.7207071,101.8257462530966,-0.5,high,cooling
BEV2_2024-05-19_fast_1,BEV2,BEV2_2024-05-19_fast_1__segment_1,train,2024-05-19 17:41:40+00:00,2024-05-19 17:42:40+00:00,61.75,22.0,-255.7355,101.99164092155333,-0.5,high,cooling
BEV2_2024-05-19_fast_1,BEV2,BEV2_2024-05-19_fast_1__segment_1,train,2024-05-19 17:41:50+00:00,2024-05-19 17:42:50+00:00,61.75,22.5,-251.831,101.21255013190392,-0.5,high,cooling
BEV2_2024-05-19_fast_1,BEV2,BEV2_2024-05-19_fast_1__segment_1,train,2024-05-19 17:42:00+00:00,2024-05-19 17:43:00+00:00,61.75,23.5,-251.693,100.0698836482976,-0.25,high,stable
BEV2_2024-05-19_fast_1,BEV2,BEV2_2024-05-19_fast_1__segment_1,train,2024-05-19 17:42:10+00:00,2024-05-19 17:43:10+00:00,61.75,23.5,-248.8905,97.24650231360975,-0.25,high,stable
BEV2_2024-05-19_fast_1,BEV2,BEV2_2024-05-19_fast_1__segment_1,train,2024-05-19 17:42:20+00:00,2024-05-19 17:43:20+00:00,61.75,23.5,-246.9135,98.52324416265083,-0.25,high,stable
BEV2_2024-05-19_fast_1,BEV2,BEV2_2024-05-19_fast_1__segment_1,train,2024-05-19 17:42:30+00:00,2024-05-19 17:43:30+00:00,61.5,24.0,-245.221,98.07887385252695,-0.25,high,stable
BEV2_2024-05-19_fast_1,BEV2,BEV2_2024-05-19_fast_1__segment_1,train,2024-05-19 17:42:40+00:00,2024-05-19 17:43:40+00:00,61.5,24.0,-243.448,96.15711657927125,-0.25,high,stable
BEV2_2024-05-19_fast_1,BEV2,BEV2_2024-05-19_fast_1__segment_1,train,2024-05-19 17:42:50+00:00,2024-05-19 17:43:50+00:00,61.5,24.0,-240.409,96.1167192711878,-0.25,high,stable
BEV2_2024-05-19_fast_1,BEV2,BEV2_2024-05-19_fast_1__segment_1,train,2024-05-19 17:43:00+00:00,2024-05-19 17:44:00+00:00,61.5,24.0,-238.8415,95.70120417549539,-0.25,high,stable
BEV2_2024-05-19_fast_1,BEV2,BEV2_2024-05-19_fast_1__segment_1,train,2024-05-19 17:43:10+00:00,2024-05-19 17:44:10+00:00,61.5,24.5,-236.3845,93.83138630397508,-0.25,mid,stable
BEV2_2024-05-19_fast_1,BEV2,BEV2_2024-05-19_fast_1__segment_1,train,2024-05-19 17:43:20+00:00,2024-05-19 17:44:20+00:00,61.5,24.5,-235.5575,94.3591196671983,-0.25,mid,stable
BEV2_2024-05-19_fast_1,BEV2,BEV2_2024-05-19_fast_1__segment_1,train,2024-05-19 17:43:30+00:00,2024-05-19 17:44:30+00:00,61.5,24.0,-233.4,93.53749867610831,0.0,mid,stable
BEV2_2024-05-19_fast_1,BEV2,BEV2_2024-05-19_fast_1__segment_1,train,2024-05-19 17:43:40+00:00,2024-05-19 17:44:40+00:00,61.5,24.0,-231.2925,92.80845472090849,0.0,mid,stable
BEV2_2024-05-19_fast_1,BEV2,BEV2_2024-05-19_fast_1__segment_1,train,2024-05-19 17:43:50+00:00,2024-05-19 17:44:50+00:00,61.5,24.0,-230.312,91.62231175221856,0.0,mid,stable
BEV2_2024-05-19_fast_1,BEV2,BEV2_2024-05-19_fast_1__segment_1,train,2024-05-19 17:44:00+00:00,2024-05-19 17:45:00+00:00,61.5,24.0,-228.884,91.58470232521638,0.0,mid,stable
BEV2_2024-05-19_fast_1,BEV2,BEV2_2024-05-19_fast_1__segment_1,train,2024-05-19 17:44:10+00:00,2024-05-19 17:45:10+00:00,61.5,24.5,-225.7695,90.060074671505,0.0,mid,stable
BEV2_2024-05-19_fast_1,BEV2,BEV2_2024-05-19_fast_1__segment_1,train,2024-05-19 17:44:20+00:00,2024-05-19 17:45:20+00:00,61.5,24.5,-225.184,90.43616878352864,0.0,mid,stable
BEV2_2024-05-19_fast_1,BEV2,BEV2_2024-05-19_fast_1__segment_1,train,2024-05-19 17:44:30+00:00,2024-05-19 17:45:30+00:00,61.25,24.5,-223.305,89.65505024317186,-0.25,mid,stable
BEV2_2024-05-19_fast_1,BEV2,BEV2_2024-05-19_fast_1__segment_1,train,2024-05-19 17:44:40+00:00,2024-05-19 17:45:40+00:00,61.25,24.5,-221.563,88.10438529688203,-0.25,mid,stable
BEV2_2024-05-19_fast_1,BEV2,BEV2_2024-05-19_fast_1__segment_1,train,2024-05-19 17:44:50+00:00,2024-05-19 17:45:50+00:00,61.25,24.0,-220.5605,88.46890727448194,-0.25,mid,stable
BEV2_2024-05-19_fast_1,BEV2,BEV2_2024-05-19_fast_1__segment_1,train,2024-05-19 17:45:00+00:00,2024-05-19 17:46:00+00:00,61.25,23.5,-218.208,87.24226185505881,-0.25,mid,stable
BEV2_2024-05-19_fast_1,BEV2,BEV2_2024-05-19_fast_1__segment_1,train,2024-05-19 17:45:10+00:00,2024-05-19 17:46:10+00:00,61.25,23.5,-217.686,87.44609135173056,-0.25,mid,stable
BEV2_2024-05-19_fast_1,BEV2,BEV2_2024-05-19_fast_1__segment_1,train,2024-05-19 17:45:20+00:00,2024-05-19 17:46:20+00:00,61.25,24.0,-215.554,86.72620038081001,-0.25,mid,stable
BEV2_2024-05-19_fast_1,BEV2,BEV2_2024-05-19_fast_1__segment_1,train,2024-05-19 17:45:30+00:00,2024-05-19 17:46:30+00:00,61.25,24.0,-214.5135,85.94305408974584,0.0,mid,stable
BEV2_2024-05-19_fast_1,BEV2,BEV2_2024-05-19_fast_1__segment_1,train,2024-05-19 17:45:40+00:00,2024-05-19 17:46:40+00:00,61.25,24.0,-213.703,85.49637064173699,0.0,mid,stable
BEV2_2024-05-19_fast_1,BEV2,BEV2_2024-05-19_fast_1__segment_1,train,2024-05-19 17:45:50+00:00,2024-05-19 17:46:50+00:00,61.25,23.5,-211.834,84.75383194405582,0.0,mid,stable
BEV2_2024-05-19_fast_1,BEV2,BEV2_2024-05-19_fast_1__segment_1,train,2024-05-19 17:46:00+00:00,2024-05-19 17:47:00+00:00,61.25,23.5,-209.789,84.67261675728982,0.0,mid,stable
BEV2_2024-05-19_fast_1,BEV2,BEV2_2024-05-19_fast_1__segment_1,train,2024-05-19 17:46:10+00:00,2024-05-19 17:47:10+00:00,61.25,23.5,-208.76,83.94168023480408,0.0,mid,stable
BEV2_2024-05-19_fast_1,BEV2,BEV2_2024-05-19_fast_1__segment_1,train,2024-05-19 17:46:20+00:00,2024-05-19 17:47:20+00:00,61.25,23.0,-207.848,83.52400220498278,0.0,mid,stable
BEV2_2024-05-19_fast_1,BEV2,BEV2_2024-05-19_fast_1__segment_1,train,2024-05-19 17:46:30+00:00,2024-05-19 17:47:30+00:00,61.25,23.0,-205.5215,82.41309471216039,0.0,mid,stable
BEV2_2024-05-19_fast_1,BEV2,BEV2_2024-05-19_fast_1__segment_1,train,2024-05-19 17:46:40+00:00,2024-05-19 17:47:40+00:00,61.25,23.0,-204.6715,82.7147510296294,0.0,mid,stable
BEV2_2024-05-19_fast_1,BEV2,BEV2_2024-05-19_fast_1__segment_1,train,2024-05-19 17:46:50+00:00,2024-05-19 17:47:50+00:00,61.25,23.0,-204.5005,81.92870420466687,0.0,mid,stable
BEV2_2024-05-19_fast_1,BEV2,BEV2_2024-05-19_fast_1__segment_1,train,2024-05-19 17:47:00+00:00,2024-05-19 17:48:00+00:00,61.25,23.5,-202.844,81.603843536807,0.0,mid,stable
BEV2_2024-05-19_fast_1,BEV2,BEV2_2024-05-19_fast_1__segment_1,train,2024-05-19 17:47:10+00:00,2024-05-19 17:48:10+00:00,61.25,24.0,-202.744,81.18616550698569,0.0,mid,stable
BEV2_2024-05-19_fast_1,BEV2,BEV2_2024-05-19_fast_1__segment_1,train,2024-05-19 17:47:20+00:00,2024-05-19 17:48:20+00:00,61.25,24.5,-202.149,81.68083477149226,0.0,mid,stable
BEV2_2024-05-19_fast_1,BEV2,BEV2_2024-05-19_fast_1__segment_1,train,2024-05-19 17:47:30+00:00,2024-05-19 17:48:30+00:00,61.25,23.5,-201.2015,81.05281137778617,0.0,mid,stable
BEV2_2024-05-19_fast_1,BEV2,BEV2_2024-05-19_fast_1__segment_1,train,2024-05-19 17:47:40+00:00,2024-05-19 17:48:40+00:00,61.25,23.5,-200.4245,80.60796152022452,0.0,mid,stable
BEV2_2024-05-19_fast_1,BEV2,BEV2_2024-05-19_fast_1__segment_1,train,2024-05-19 17:47:50+00:00,2024-05-19 17:48:50+00:00,61.25,24.0,-199.8135,80.22707698920462,0.0,mid,stable
BEV2_2024-05-19_fast_1,BEV2,BEV2_2024-05-19_fast_1__segment_1,train,2024-05-19 17:48:00+00:00,2024-05-19 17:49:00+00:00,61.25,24.5,-198.4875,80.56725629438102,0.0,mid,stable
BEV2_2024-05-19_fast_1,BEV2,BEV2_2024-05-19_fast_1__segment_1,train,2024-05-19 17:48:10+00:00,2024-05-19 17:49:10+00:00,61.25,24.5,-197.1705,79.45658536459216,0.0,mid,stable
BEV2_2024-05-19_fast_1,BEV2,BEV2_2024-05-19_fast_1__segment_1,train,2024-05-19 17:48:20+00:00,2024-05-19 17:49:20+00:00,61.25,24.5,-197.4145,80.25621189253258,0.0,mid,stable
BEV2_2024-05-19_fast_1,BEV2,BEV2_2024-05-19_fast_1__segment_1,train,2024-05-19 17:48:30+00:00,2024-05-19 17:49:30+00:00,61.25,24.5,-196.6805,79.43639346972283,0.0,mid,stable
BEV2_2024-05-19_fast_1,BEV2,BEV2_2024-05-19_fast_1__segment_1,train,2024-05-19 17:48:40+00:00,2024-05-19 17:49:40+00:00,61.25,24.5,-195.2895,79.54230768928558,0.0,mid,stable
BEV2_2024-05-19_fast_1,BEV2,BEV2_2024-05-19_fast_1__segment_1,train,2024-05-19 17:48:50+00:00,2024-05-19 17:49:50+00:00,61.25,25.0,-194.6255,78.34714713080959,0.0,mid,stable
BEV2_2024-05-19_fast_1,BEV2,BEV2_2024-05-19_fast_1__segment_1,train,2024-05-19 17:49:00+00:00,2024-05-19 17:50:00+00:00,61.25,25.5,-193.351,78.75233571835044,0.0,mid,stable
BEV2_2024-05-19_fast_1,BEV2,BEV2_2024-05-19_fast_1__segment_1,train,2024-05-19 17:49:10+00:00,2024-05-19 17:50:10+00:00,61.25,25.0,-193.584,78.38504248151047,0.0,mid,stable
BEV2_2024-05-19_fast_1,BEV2,BEV2_2024-05-19_fast_1__segment_1,train,2024-05-19 17:49:20+00:00,2024-05-19 17:50:20+00:00,61.25,25.5,-192.5295,78.34714713080959,0.0,mid,stable
BEV2_2024-05-19_fast_1,BEV2,BEV2_2024-05-19_fast_1__segment_1,train,2024-05-19 17:49:30+00:00,2024-05-19 17:50:30+00:00,61.25,25.5,-192.256,77.25692753125915,0.0,mid,stable
BEV2_2024-05-19_fast_1,BEV2,BEV2_2024-05-19_fast_1__segment_1,train,2024-05-19 17:49:40+00:00,2024-05-19 17:50:40+00:00,61.25,25.5,-191.223,77.21903218055827,0.0,mid,stable
BEV2_2024-05-19_fast_1,BEV2,BEV2_2024-05-19_fast_1__segment_1,train,2024-05-19 17:49:50+00:00,2024-05-19 17:50:50+00:00,61.25,25.5,-190.7628713,77.37706154437433,0.0,mid,stable
BEV2_2024-05-19_fast_1,BEV2,BEV2_2024-05-19_fast_1__segment_1,train,2024-05-19 17:50:00+00:00,2024-05-19 17:51:00+00:00,61.25,25.5,-190.313,77.04973753503448,0.0,mid,stable
BEV2_2024-05-19_fast_1,BEV2,BEV2_2024-05-19_fast_1__segment_1,train,2024-05-19 17:50:10+00:00,2024-05-19 17:51:10+00:00,61.25,25.5,-189.0365,76.56167400908207,0.0,mid,stable
BEV2_2024-05-19_fast_1,BEV2,BEV2_2024-05-19_fast_1__segment_1,train,2024-05-19 17:50:20+00:00,2024-05-19 17:51:20+00:00,61.25,25.0,-188.161,76.25773030322465,0.0,mid,stable
BEV2_2024-05-19_fast_1,BEV2,BEV2_2024-05-19_fast_1__segment_1,train,2024-05-19 17:50:30+00:00,2024-05-19 17:51:30+00:00,61.25,25.0,-186.9505,75.85149779955836,0.0,mid,stable
BEV2_2024-05-19_fast_1,BEV2,BEV2_2024-05-19_fast_1__segment_1,train,2024-05-19 17:50:40+00:00,2024-05-19 17:51:40+00:00,61.25,25.5,-186.182,75.05949056774853,0.0,mid,stable
BEV2_2024-05-19_fast_1,BEV2,BEV2_2024-05-19_fast_1__segment_1,train,2024-05-19 17:50:50+00:00,2024-05-19 17:51:50+00:00,61.25,25.5,-186.5035,75.46034480295438,0.0,mid,stable
BEV2_2024-05-19_fast_1,BEV2,BEV2_2024-05-19_fast_1__segment_1,train,2024-05-19 17:51:00+00:00,2024-05-19 17:52:00+00:00,61.25,25.5,-184.463,74.67107180788804,0.0,mid,stable
BEV2_2024-05-19_fast_1,BEV2,BEV2_2024-05-19_fast_1__segment_1,train,2024-05-19 17:51:10+00:00,2024-05-19 17:52:10+00:00,61.25,25.0,-185.0725,75.15950049613768,0.0,mid,stable
BEV2_2024-05-19_fast_1,BEV2,BEV2_2024-05-19_fast_1__segment_1,train,2024-05-19 17:51:20+00:00,2024-05-19 17:52:20+00:00,61.25,25.0,-184.956,75.20051363974126,0.0,mid,stable
BEV2_2024-05-19_fast_1,BEV2,BEV2_2024-05-19_fast_1__segment_1,train,2024-05-19 17:51:30+00:00,2024-05-19 17:52:30+00:00,61.5,25.5,-183.4185,74.7903822837006,0.25,mid,stable
BEV2_2024-05-19_fast_1,BEV2,BEV2_2024-05-19_fast_1__segment_1,train,2024-05-19 17:51:40+00:00,2024-05-19 17:52:40+00:00,61.5,25.5,-183.071,74.38025092765994,0.25,mid,stable
BEV2_2024-05-19_fast_1,BEV2,BEV2_2024-05-19_fast_1__segment_1,train,2024-05-19 17:51:50+00:00,2024-05-19 17:52:50+00:00,61.5,25.5,-181.454,74.34216728574285,0.25,mid,stable
BEV2_2024-05-19_fast_1,BEV2,BEV2_2024-05-19_fast_1__segment_1,train,2024-05-19 17:52:00+00:00,2024-05-19 17:53:00+00:00,61.5,25.0,-180.9385,74.14800372618471,0.25,mid,stable
BEV2_2024-05-19_fast_1,BEV2,BEV2_2024-05-19_fast_1__segment_1,train,2024-05-19 17:52:10+00:00,2024-05-19 17:53:10+00:00,61.5,25.0,-180.6735,73.73682094385133,0.25,mid,stable
BEV2_2024-05-19_fast_1,BEV2,BEV2_2024-05-19_fast_1__segment_1,train,2024-05-19 17:52:20+00:00,2024-05-19 17:53:20+00:00,61.5,25.5,-179.373,73.3667564477713,0.25,mid,stable
BEV2_2024-05-19_fast_1,BEV2,BEV2_2024-05-19_fast_1__segment_1,train,2024-05-19 17:52:30+00:00,2024-05-19 17:53:30+00:00,61.5,25.0,-179.112,72.94382557792265,0.0,mid,stable
BEV2_2024-05-19_fast_1,BEV2,BEV2_2024-05-19_fast_1__segment_1,train,2024-05-19 17:52:40+00:00,2024-05-19 17:53:40+00:00,61.5,24.5,-177.2755,72.90270729166929,0.0,mid,stable
BEV2_2024-05-19_fast_1,BEV2,BEV2_2024-05-19_fast_1__segment_1,train,2024-05-19 17:52:50+00:00,2024-05-19 17:53:50+00:00,61.5,24.5,-177.4025,72.16257829950924,0.0,mid,stable
BEV2_2024-05-19_fast_1,BEV2,BEV2_2024-05-19_fast_1__segment_1,train,2024-05-19 17:53:00+00:00,2024-05-19 17:54:00+00:00,61.5,25.0,-176.5205,72.34710361388241,0.0,mid,stable
BEV2_2024-05-19_fast_1,BEV2,BEV2_2024-05-19_fast_1__segment_1,train,2024-05-19 17:53:10+00:00,2024-05-19 17:54:10+00:00,61.5,25.0,-175.607,71.96431470587245,0.0,mid,stable
BEV2_2024-05-19_fast_1,BEV2,BEV2_2024-05-19_fast_1__segment_1,train,2024-05-19 17:53:20+00:00,2024-05-19 17:54:20+00:00,61.5,24.5,-174.495,71.13984628862023,0.0,mid,stable
BEV2_2024-05-19_fast_1,BEV2,BEV2_2024-05-19_fast_1__segment_1,train,2024-05-19 17:53:30+00:00,2024-05-19 17:54:30+00:00,61.75,24.5,-173.2645,71.10156738173818,0.25,mid,stable
BEV2_2024-05-19_fast_1,BEV2,BEV2_2024-05-19_fast_1__segment_1,train,2024-05-19 17:53:40+00:00,2024-05-19 17:54:40+00:00,61.75,24.5,-172.4555,70.75705738061028,0.25,mid,stable
BEV2_2024-05-19_fast_1,BEV2,BEV2_2024-05-19_fast_1__segment_1,train,2024-05-19 17:53:50+00:00,2024-05-19 17:54:50+00:00,61.75,24.0,-171.543,70.30359974308104,0.25,mid,stable
BEV2_2024-05-19_fast_1,BEV2,BEV2_2024-05-19_fast_1__segment_1,train,2024-05-19 17:54:00+00:00,2024-05-19 17:55:00+00:00,61.75,24.5,-170.82,69.9491516166364,0.25,mid,stable
BEV2_2024-05-19_fast_1,BEV2,BEV2_2024-05-19_fast_1__segment_1,train,2024-05-19 17:54:10+00:00,2024-05-19 17:55:10+00:00,61.75,25.0,-169.78,69.34263045185833,0.25,mid,stable
BEV2_2024-05-19_fast_1,BEV2,BEV2_2024-05-19_fast_1__segment_1,train,2024-05-19 17:54:20+00:00,2024-05-19 17:55:20+00:00,61.75,24.5,-168.459,68.92941992687713,0.25,mid,stable
BEV2_2024-05-19_fast_1,BEV2,BEV2_2024-05-19_fast_1__segment_1,train,2024-05-19 17:54:30+00:00,2024-05-19 17:55:30+00:00,61.75,25.0,-167.961,69.25998833719062,0.0,mid,stable
BEV2_2024-05-19_fast_1,BEV2,BEV2_2024-05-19_fast_1__segment_1,train,2024-05-19 17:54:40+00:00,2024-05-19 17:55:40+00:00,61.75,25.0,-165.39,67.66617628923572,0.0,low,stable
BEV2_2024-05-19_fast_1,BEV2,BEV2_2024-05-19_fast_1__segment_1,train,2024-05-19 17:54:50+00:00,2024-05-19 17:55:50+00:00,61.75,24.5,-165.9,68.09119283750626,0.0,low,stable
BEV2_2024-05-19_fast_1,BEV2,BEV2_2024-05-19_fast_1__segment_1,train,2024-05-19 17:55:00+00:00,2024-05-19 17:56:00+00:00,61.75,24.5,-164.586,67.70749734253981,0.0,low,stable
BEV2_2024-05-19_fast_1,BEV2,BEV2_2024-05-19_fast_1__segment_1,train,2024-05-19 17:55:10+00:00,2024-05-19 17:56:10+00:00,61.75,24.5,-163.461,67.29428680949903,0.0,low,stable
BEV2_2024-05-19_fast_1,BEV2,BEV2_2024-05-19_fast_1__segment_1,train,2024-05-19 17:55:20+00:00,2024-05-19 17:56:20+00:00,61.75,25.0,-160.4855,65.38358762329759,0.0,low,stable
BEV2_2024-05-19_fast_1,BEV2,BEV2_2024-05-19_fast_1__segment_1,train,2024-05-19 17:55:30+00:00,2024-05-19 17:56:30+00:00,61.75,24.5,-161.6895,66.58373292087572,0.0,low,stable
BEV2_2024-05-19_fast_1,BEV2,BEV2_2024-05-19_fast_1__segment_1,train,2024-05-19 17:55:40+00:00,2024-05-19 17:56:40+00:00,61.75,24.5,-159.6855,65.7995942121373,0.0,low,stable
BEV2_2024-05-19_fast_1,BEV2,BEV2_2024-05-19_fast_1__segment_1,train,2024-05-19 17:55:50+00:00,2024-05-19 17:56:50+00:00,61.75,24.0,-157.8125,65.45338957469428,0.0,low,stable
BEV2_2024-05-19_fast_1,BEV2,BEV2_2024-05-19_fast_1__segment_1,train,2024-05-19 17:56:00+00:00,2024-05-19 17:57:00+00:00,61.75,24.5,-156.3255,64.58639845792901,0.0,low,stable
BEV2_2024-05-19_fast_1,BEV2,BEV2_2024-05-19_fast_1__segment_1,train,2024-05-19 17:56:10+00:00,2024-05-19 17:57:10+00:00,61.75,25.0,-153.902,63.41166991797914,0.0,low,stable
BEV2_2024-05-19_fast_1,BEV2,BEV2_2024-05-19_fast_1__segment_1,train,2024-05-19 17:56:20+00:00,2024-05-19 17:57:20+00:00,61.75,25.0,-150.9415,62.61273613926451,0.0,low,stable
BEV2_2024-05-19_fast_1,BEV2,BEV2_2024-05-19_fast_1__segment_1,train,2024-05-19 17:56:30+00:00,2024-05-19 17:57:30+00:00,61.75,25.0,-149.0635,61.77237615653646,0.0,low,stable
BEV2_2024-05-19_fast_1,BEV2,BEV2_2024-05-19_fast_1__segment_1,train,2024-05-19 17:56:40+00:00,2024-05-19 17:57:40+00:00,61.75,25.5,-147.0585,60.63907382060003,0.0,low,stable
BEV2_2024-05-19_fast_1,BEV2,BEV2_2024-05-19_fast_1__segment_1,train,2024-05-19 17:56:50+00:00,2024-05-19 17:57:50+00:00,61.5,25.5,-144.798,60.18634466316825,-0.25,low,stable
BEV2_2024-05-19_fast_1,BEV2,BEV2_2024-05-19_fast_1__segment_1,train,2024-05-19 17:57:00+00:00,2024-05-19 17:58:00+00:00,61.5,25.5,-142.859,58.97314892512012,-0.25,low,stable
BEV2_2024-05-19_fast_1,BEV2,BEV2_2024-05-19_fast_1__segment_1,train,2024-05-19 17:57:10+00:00,2024-05-19 17:58:10+00:00,61.5,25.5,-141.0385,58.17421514640551,-0.25,low,stable
BEV2_2024-05-19_fast_1,BEV2,BEV2_2024-05-19_fast_1__segment_1,train,2024-05-19 17:57:20+00:00,2024-05-19 17:58:20+00:00,61.5,24.5,-139.0805,57.75995318707199,-0.25,low,stable
BEV2_2024-05-19_fast_1,BEV2,BEV2_2024-05-19_fast_1__segment_1,train,2024-05-19 17:57:30+00:00,2024-05-19 17:58:30+00:00,61.5,24.5,-136.767,56.546757449023865,-0.25,low,stable
BEV2_2024-05-19_fast_1,BEV2,BEV2_2024-05-19_fast_1__segment_1,train,2024-05-19 17:57:40+00:00,2024-05-19 17:58:40+00:00,61.5,25.0,-136.0655,56.546757449023865,-0.25,low,stable
BEV2_2024-05-19_fast_1,BEV2,BEV2_2024-05-19_fast_1__segment_1,train,2024-05-19 17:57:50+00:00,2024-05-19 17:58:50+00:00,61.5,24.5,-133.963,54.12036597292758,0.0,low,stable
BEV2_2024-05-19_fast_1,BEV2,BEV2_2024-05-19_fast_1__segment_1,train,2024-05-19 17:58:00+00:00,2024-05-19 17:59:00+00:00,61.5,25.0,-132.943,54.53462793226112,0.0,low,stable
BEV2_2024-05-19_fast_1,BEV2,BEV2_2024-05-19_fast_1__segment_1,train,2024-05-19 17:58:10+00:00,2024-05-19 17:59:10+00:00,61.5,25.0,-130.543,54.12036597292758,0.0,low,stable
BEV2_2024-05-19_fast_1,BEV2,BEV2_2024-05-19_fast_1__segment_1,train,2024-05-19 17:58:20+00:00,2024-05-19 17:59:20+00:00,61.5,25.0,-129.497,53.321432194212974,0.0,low,stable
BEV2_2024-05-19_fast_1,BEV2,BEV2_2024-05-19_fast_1__segment_1,train,2024-05-19 17:58:30+00:00,2024-05-19 17:59:30+00:00,61.25,25.0,-128.115,52.90717023487947,-0.25,low,stable
BEV2_2024-05-19_fast_1,BEV2,BEV2_2024-05-19_fast_1__segment_1,train,2024-05-19 17:58:40+00:00,2024-05-19 17:59:40+00:00,61.25,25.5,-126.564,52.108236456164846,-0.25,low,stable
BEV2_2024-05-19_fast_1,BEV2,BEV2_2024-05-19_fast_1__segment_1,train,2024-05-19 17:58:50+00:00,2024-05-19 17:59:50+00:00,61.25,25.5,-124.4975,51.69397449683134,-0.25,low,stable
BEV2_2024-05-19_fast_1,BEV2,BEV2_2024-05-19_fast_1__segment_1,train,2024-05-19 17:59:00+00:00,2024-05-19 18:00:00+00:00,61.25,25.5,-123.9765,51.69397449683134,-0.25,low,stable
BEV2_2024-05-19_fast_1,BEV2,BEV2_2024-05-19_fast_1__segment_1,train,2024-05-19 17:59:10+00:00,2024-05-19 18:00:10+00:00,61.25,25.5,-122.333,50.48077875878322,-0.25,low,stable
BEV2_2024-05-19_fast_1,BEV2,BEV2_2024-05-19_fast_1__segment_1,train,2024-05-19 17:59:20+00:00,2024-05-19 18:00:20+00:00,61.25,25.5,-121.8195,50.48077875878322,-0.25,low,stable
BEV2_2024-05-19_fast_1,BEV2,BEV2_2024-05-19_fast_1__segment_1,train,2024-05-19 17:59:30+00:00,2024-05-19 18:00:30+00:00,61.25,25.0,-119.574,49.68184498006858,0.0,low,stable
BEV2_2024-05-19_fast_1,BEV2,BEV2_2024-05-19_fast_1__segment_1,train,2024-05-19 17:59:40+00:00,2024-05-19 18:00:40+00:00,61.0,25.0,-118.7885,49.68184498006858,-0.25,low,stable
BEV2_2024-05-19_fast_1,BEV2,BEV2_2024-05-19_fast_1__segment_1,train,2024-05-19 17:59:50+00:00,2024-05-19 18:00:50+00:00,61.0,25.0,-117.0545,48.083977422639336,-0.25,low,stable
BEV2_2024-05-21_fast_1,BEV2,BEV2_2024-05-21_fast_1__segment_1,train,2024-05-21 17:38:18+00:00,2024-05-21 17:39:18+00:00,53.5,17.5,-291.80600000000004,124.31809138790764,0.25,high,stable
BEV2_2024-05-21_fast_1,BEV2,BEV2_2024-05-21_fast_1__segment_1,train,2024-05-21 17:38:28+00:00,2024-05-21 17:39:28+00:00,53.75,17.5,-286.69200000000006,122.5963374890586,0.5,high,warming
BEV2_2024-05-21_fast_1,BEV2,BEV2_2024-05-21_fast_1__segment_1,train,2024-05-21 17:38:38+00:00,2024-05-21 17:39:38+00:00,54.25,17.5,-280.53600000000006,121.37906307530183,1.25,high,warming
BEV2_2024-05-21_fast_1,BEV2,BEV2_2024-05-21_fast_1__segment_1,train,2024-05-21 17:38:48+00:00,2024-05-21 17:39:48+00:00,54.5,17.5,-276.20750000000004,120.2605214528143,1.5,high,warming
BEV2_2024-05-21_fast_1,BEV2,BEV2_2024-05-21_fast_1__segment_1,train,2024-05-21 17:38:58+00:00,2024-05-21 17:39:58+00:00,55.0,17.5,-273.24500000000006,117.83341243191741,1.75,high,warming
BEV2_2024-05-21_fast_1,BEV2,BEV2_2024-05-21_fast_1__segment_1,train,2024-05-21 17:39:08+00:00,2024-05-21 17:40:08+00:00,55.5,17.5,-269.83500000000004,116.31373751668697,2.25,high,warming
BEV2_2024-05-21_fast_1,BEV2,BEV2_2024-05-21_fast_1__segment_1,train,2024-05-21 17:39:18+00:00,2024-05-21 17:40:18+00:00,56.0,17.5,-267.1815,114.88696491206731,2.5,high,warming
BEV2_2024-05-21_fast_1,BEV2,BEV2_2024-05-21_fast_1__segment_1,train,2024-05-21 17:39:28+00:00,2024-05-21 17:40:28+00:00,56.5,17.5,-264.44750000000005,113.4775215293661,2.75,high,warming
BEV2_2024-05-21_fast_1,BEV2,BEV2_2024-05-21_fast_1__segment_1,train,2024-05-21 17:39:38+00:00,2024-05-21 17:40:38+00:00,57.0,17.5,-245.18250000000003,103.50545982936632,2.75,high,warming
BEV2_2024-05-21_fast_1,BEV2,BEV2_2024-05-21_fast_1__segment_1,train,2024-05-21 17:39:48+00:00,2024-05-21 17:40:48+00:00,57.5,17.5,-258.04850000000005,105.64171467245369,3.0,high,warming
BEV2_2024-05-21_fast_1,BEV2,BEV2_2024-05-21_fast_1__segment_1,train,2024-05-21 17:39:58+00:00,2024-05-21 17:40:58+00:00,58.0,17.5,-256.843,103.80675461661832,3.0,high,warming
BEV2_2024-05-21_fast_1,BEV2,BEV2_2024-05-21_fast_1__segment_1,train,2024-05-21 17:40:08+00:00,2024-05-21 17:41:08+00:00,58.25,17.5,-255.39550000000003,103.02838480499824,2.75,high,warming
BEV2_2024-05-21_fast_1,BEV2,BEV2_2024-05-21_fast_1__segment_1,train,2024-05-21 17:40:18+00:00,2024-05-21 17:41:18+00:00,58.5,17.5,-254.13350000000003,102.14584654275242,2.5,high,warming
BEV2_2024-05-21_fast_1,BEV2,BEV2_2024-05-21_fast_1__segment_1,train,2024-05-21 17:40:28+00:00,2024-05-21 17:41:28+00:00,58.75,17.5,-250.43150000000009,101.03896969031965,2.25,high,warming
BEV2_2024-05-21_fast_1,BEV2,BEV2_2024-05-21_fast_1__segment_1,train,2024-05-21 17:40:38+00:00,2024-05-21 17:41:38+00:00,58.75,17.5,-249.59400000000005,100.7358173654024,1.75,high,warming
BEV2_2024-05-21_fast_1,BEV2,BEV2_2024-05-21_fast_1__segment_1,train,2024-05-21 17:40:48+00:00,2024-05-21 17:41:48+00:00,59.0,17.5,-247.47100000000003,99.72352827065647,1.5,high,warming
BEV2_2024-05-21_fast_1,BEV2,BEV2_2024-05-21_fast_1__segment_1,train,2024-05-21 17:40:58+00:00,2024-05-21 17:41:58+00:00,59.25,17.5,-245.08350000000007,99.00999498324248,1.25,high,warming
BEV2_2024-05-21_fast_1,BEV2,BEV2_2024-05-21_fast_1__segment_1,train,2024-05-21 17:41:08+00:00,2024-05-21 17:42:08+00:00,59.5,17.5,-244.21650000000005,98.30516332128472,1.25,high,warming
BEV2_2024-05-21_fast_1,BEV2,BEV2_2024-05-21_fast_1__segment_1,train,2024-05-21 17:41:18+00:00,2024-05-21 17:42:18+00:00,59.5,17.0,-240.73400000000004,96.75917453188764,1.0,high,warming
BEV2_2024-05-21_fast_1,BEV2,BEV2_2024-05-21_fast_1__segment_1,train,2024-05-21 17:41:28+00:00,2024-05-21 17:42:28+00:00,59.75,17.5,-240.32750000000004,96.32427404002357,1.0,high,warming
BEV2_2024-05-21_fast_1,BEV2,BEV2_2024-05-21_fast_1__segment_1,train,2024-05-21 17:41:38+00:00,2024-05-21 17:42:38+00:00,59.75,17.5,-237.88700000000009,95.53477091142427,1.0,high,warming
BEV2_2024-05-21_fast_1,BEV2,BEV2_2024-05-21_fast_1__segment_1,train,2024-05-21 17:41:48+00:00,2024-05-21 17:42:48+00:00,59.0,17.5,-236.73500000000004,94.80234735591232,0.0,high,stable
BEV2_2024-05-21_fast_1,BEV2,BEV2_2024-05-21_fast_1__segment_1,train,2024-05-21 17:41:58+00:00,2024-05-21 17:42:58+00:00,58.25,18.0,-235.11700000000005,94.24721680391713,-1.0,mid,cooling
BEV2_2024-05-21_fast_1,BEV2,BEV2_2024-05-21_fast_1__segment_1,train,2024-05-21 17:42:08+00:00,2024-05-21 17:43:08+00:00,57.75,18.0,-233.26400000000004,93.28809071931808,-1.75,mid,cooling
BEV2_2024-05-21_fast_1,BEV2,BEV2_2024-05-21_fast_1__segment_1,train,2024-05-21 17:42:18+00:00,2024-05-21 17:43:18+00:00,57.5,18.5,-230.07600000000005,91.09953938082396,-2.0,mid,cooling
BEV2_2024-05-21_fast_1,BEV2,BEV2_2024-05-21_fast_1__segment_1,train,2024-05-21 17:42:28+00:00,2024-05-21 17:43:28+00:00,57.5,18.0,-228.36000000000004,90.4048995801598,-2.25,mid,cooling
BEV2_2024-05-21_fast_1,BEV2,BEV2_2024-05-21_fast_1__segment_1,train,2024-05-21 17:42:38+00:00,2024-05-21 17:43:38+00:00,57.5,18.5,-226.25200000000004,90.49976129876896,-2.25,mid,cooling
BEV2_2024-05-21_fast_1,BEV2,BEV2_2024-05-21_fast_1__segment_1,train,2024-05-21 17:42:48+00:00,2024-05-21 17:43:48+00:00,57.5,18.5,-224.01450000000008,90.30179328466652,-1.5,mid,cooling
BEV2_2024-05-21_fast_1,BEV2,BEV2_2024-05-21_fast_1__segment_1,train,2024-05-21 17:42:58+00:00,2024-05-21 17:43:58+00:00,57.5,18.5,-221.70550000000003,89.28284855419926,-0.75,mid,cooling
BEV2_2024-05-21_fast_1,BEV2,BEV2_2024-05-21_fast_1__segment_1,train,2024-05-21 17:43:08+00:00,2024-05-21 17:44:08+00:00,57.75,19.0,-220.68900000000005,89.09652723205667,0.0,mid,stable
BEV2_2024-05-21_fast_1,BEV2,BEV2_2024-05-21_fast_1__segment_1,train,2024-05-21 17:43:18+00:00,2024-05-21 17:44:18+00:00,57.75,19.5,-218.7455,88.36579829677873,0.25,mid,stable
BEV2_2024-05-21_fast_1,BEV2,BEV2_2024-05-21_fast_1__segment_1,train,2024-05-21 17:43:28+00:00,2024-05-21 17:44:28+00:00,57.75,19.5,-216.83750000000003,87.72531875191359,0.25,mid,stable
BEV2_2024-05-21_fast_1,BEV2,BEV2_2024-05-21_fast_1__segment_1,train,2024-05-21 17:43:38+00:00,2024-05-21 17:44:38+00:00,58.0,19.5,-215.60400000000004,87.12850826692562,0.5,mid,warming
BEV2_2024-05-21_fast_1,BEV2,BEV2_2024-05-21_fast_1__segment_1,train,2024-05-21 17:43:48+00:00,2024-05-21 17:44:48+00:00,58.0,19.5,-213.74650000000003,86.39777933164768,0.5,mid,warming
BEV2_2024-05-21_fast_1,BEV2,BEV2_2024-05-21_fast_1__segment_1,train,2024-05-21 17:43:58+00:00,2024-05-21 17:44:58+00:00,58.0,19.5,-212.91450000000003,85.94587352153631,0.5,mid,warming
BEV2_2024-05-21_fast_1,BEV2,BEV2_2024-05-21_fast_1__segment_1,train,2024-05-21 17:44:08+00:00,2024-05-21 17:45:08+00:00,58.25,20.0,-211.87100000000007,85.37147890866726,0.5,mid,warming
BEV2_2024-05-21_fast_1,BEV2,BEV2_2024-05-21_fast_1__segment_1,train,2024-05-21 17:44:18+00:00,2024-05-21 17:45:18+00:00,58.25,20.0,-209.58100000000005,84.59505691789865,0.5,mid,warming
BEV2_2024-05-21_fast_1,BEV2,BEV2_2024-05-21_fast_1__segment_1,train,2024-05-21 17:44:28+00:00,2024-05-21 17:45:28+00:00,58.5,20.0,-207.71700000000004,83.78116606372801,0.75,mid,warming
BEV2_2024-05-21_fast_1,BEV2,BEV2_2024-05-21_fast_1__segment_1,train,2024-05-21 17:44:38+00:00,2024-05-21 17:45:38+00:00,58.5,20.0,-206.1740000000001,83.16856004445981,0.5,mid,warming
BEV2_2024-05-21_fast_1,BEV2,BEV2_2024-05-21_fast_1__segment_1,train,2024-05-21 17:44:48+00:00,2024-05-21 17:45:48+00:00,58.5,20.0,-204.59400000000005,82.84767117722409,0.5,mid,warming
BEV2_2024-05-21_fast_1,BEV2,BEV2_2024-05-21_fast_1__segment_1,train,2024-05-21 17:44:58+00:00,2024-05-21 17:45:58+00:00,58.75,20.0,-203.32100000000003,82.27882273076075,0.75,mid,warming
BEV2_2024-05-21_fast_1,BEV2,BEV2_2024-05-21_fast_1__segment_1,train,2024-05-21 17:45:08+00:00,2024-05-21 17:46:08+00:00,58.75,20.5,-202.7785000000001,82.08920658193964,0.5,mid,warming
BEV2_2024-05-21_fast_1,BEV2,BEV2_2024-05-21_fast_1__segment_1,train,2024-05-21 17:45:18+00:00,2024-05-21 17:46:18+00:00,58.75,20.5,-201.84040404040408,81.45037493321155,0.5,mid,warming
BEV2_2024-05-21_fast_1,BEV2,BEV2_2024-05-21_fast_1__segment_1,train,2024-05-21 17:45:28+00:00,2024-05-21 17:46:28+00:00,59.0,20.5,-201.5035000000001,81.48097792927788,0.5,mid,warming
BEV2_2024-05-21_fast_1,BEV2,BEV2_2024-05-21_fast_1__segment_1,train,2024-05-21 17:45:38+00:00,2024-05-21 17:46:38+00:00,59.0,20.5,-200.44400000000005,81.17399900274131,0.5,mid,warming
BEV2_2024-05-21_fast_1,BEV2,BEV2_2024-05-21_fast_1__segment_1,train,2024-05-21 17:45:48+00:00,2024-05-21 17:46:48+00:00,59.0,20.5,-198.94350000000009,80.7939298556008,0.5,mid,warming
BEV2_2024-05-21_fast_1,BEV2,BEV2_2024-05-21_fast_1__segment_1,train,2024-05-21 17:45:58+00:00,2024-05-21 17:46:58+00:00,59.25,20.5,-198.93200000000004,80.45479123199848,0.5,mid,warming
BEV2_2024-05-21_fast_1,BEV2,BEV2_2024-05-21_fast_1__segment_1,train,2024-05-21 17:46:08+00:00,2024-05-21 17:47:08+00:00,59.25,21.0,-198.37550000000007,80.03101214810148,0.5,mid,warming
BEV2_2024-05-21_fast_1,BEV2,BEV2_2024-05-21_fast_1__segment_1,train,2024-05-21 17:46:18+00:00,2024-05-21 17:47:18+00:00,59.5,21.0,-196.26550000000003,79.8086629530199,0.75,mid,warming
BEV2_2024-05-21_fast_1,BEV2,BEV2_2024-05-21_fast_1__segment_1,train,2024-05-21 17:46:28+00:00,2024-05-21 17:47:28+00:00,59.5,21.0,-196.13250000000005,79.27558982260851,0.5,mid,warming
BEV2_2024-05-21_fast_1,BEV2,BEV2_2024-05-21_fast_1__segment_1,train,2024-05-21 17:46:38+00:00,2024-05-21 17:47:38+00:00,59.5,21.0,-193.96650000000005,78.76594847814928,0.5,mid,warming
BEV2_2024-05-21_fast_1,BEV2,BEV2_2024-05-21_fast_1__segment_1,train,2024-05-21 17:46:48+00:00,2024-05-21 17:47:48+00:00,59.75,21.0,-194.43350000000007,78.53748856511581,0.75,mid,warming
BEV2_2024-05-21_fast_1,BEV2,BEV2_2024-05-21_fast_1__segment_1,train,2024-05-21 17:46:58+00:00,2024-05-21 17:47:58+00:00,59.75,20.0,-192.51600000000005,78.27680994639816,0.5,mid,warming
BEV2_2024-05-21_fast_1,BEV2,BEV2_2024-05-21_fast_1__segment_1,train,2024-05-21 17:47:08+00:00,2024-05-21 17:48:08+00:00,59.75,19.5,-192.29850000000005,77.98646737331082,0.5,mid,warming
BEV2_2024-05-21_fast_1,BEV2,BEV2_2024-05-21_fast_1__segment_1,train,2024-05-21 17:47:18+00:00,2024-05-21 17:48:18+00:00,60.0,19.5,-191.43950000000004,77.6508990929911,0.5,mid,warming
BEV2_2024-05-21_fast_1,BEV2,BEV2_2024-05-21_fast_1__segment_1,train,2024-05-21 17:47:28+00:00,2024-05-21 17:48:28+00:00,60.0,19.5,-189.85250000000005,77.14903562088807,0.5,mid,warming
BEV2_2024-05-21_fast_1,BEV2,BEV2_2024-05-21_fast_1__segment_1,train,2024-05-21 17:47:38+00:00,2024-05-21 17:48:38+00:00,60.0,20.0,-189.55650000000009,76.92305031473644,0.5,mid,warming
BEV2_2024-05-21_fast_1,BEV2,BEV2_2024-05-21_fast_1__segment_1,train,2024-05-21 17:47:48+00:00,2024-05-21 17:48:48+00:00,60.0,20.0,-187.74350000000007,76.61701552609536,0.25,mid,stable
BEV2_2024-05-21_fast_1,BEV2,BEV2_2024-05-21_fast_1__segment_1,train,2024-05-21 17:47:58+00:00,2024-05-21 17:48:58+00:00,60.0,20.0,-188.14100000000005,76.44468353806589,0.25,mid,stable
BEV2_2024-05-21_fast_1,BEV2,BEV2_2024-05-21_fast_1__segment_1,train,2024-05-21 17:48:08+00:00,2024-05-21 17:49:08+00:00,60.0,20.0,-187.148,76.04760649775658,0.25,mid,stable
BEV2_2024-05-21_fast_1,BEV2,BEV2_2024-05-21_fast_1__segment_1,train,2024-05-21 17:48:18+00:00,2024-05-21 17:49:18+00:00,60.0,20.0,-184.3315000000001,75.8270081420292,0.0,mid,stable
BEV2_2024-05-21_fast_1,BEV2,BEV2_2024-05-21_fast_1__segment_1,train,2024-05-21 17:48:28+00:00,2024-05-21 17:49:28+00:00,60.0,20.0,-185.17750000000004,75.50346388696235,0.0,mid,stable
BEV2_2024-05-21_fast_1,BEV2,BEV2_2024-05-21_fast_1__segment_1,train,2024-05-21 17:48:38+00:00,2024-05-21 17:49:38+00:00,60.25,20.0,-182.78650000000005,74.95194251664952,0.25,mid,stable
BEV2_2024-05-21_fast_1,BEV2,BEV2_2024-05-21_fast_1__segment_1,train,2024-05-21 17:48:48+00:00,2024-05-21 17:49:48+00:00,60.25,20.0,-183.89050000000003,74.78073920255876,0.25,mid,stable
BEV2_2024-05-21_fast_1,BEV2,BEV2_2024-05-21_fast_1__segment_1,train,2024-05-21 17:48:58+00:00,2024-05-21 17:49:58+00:00,60.25,20.0,-182.08300000000008,74.2621242565563,0.25,mid,stable
BEV2_2024-05-21_fast_1,BEV2,BEV2_2024-05-21_fast_1__segment_1,train,2024-05-21 17:49:08+00:00,2024-05-21 17:50:08+00:00,60.25,20.0,-179.46250000000003,74.02049683853244,0.25,mid,stable
BEV2_2024-05-21_fast_1,BEV2,BEV2_2024-05-21_fast_1__segment_1,train,2024-05-21 17:49:18+00:00,2024-05-21 17:50:18+00:00,60.25,20.0,-179.10400000000004,73.93785795057617,0.25,mid,stable
BEV2_2024-05-21_fast_1,BEV2,BEV2_2024-05-21_fast_1__segment_1,train,2024-05-21 17:49:28+00:00,2024-05-21 17:50:28+00:00,60.25,20.0,-178.86050000000003,73.51915961601776,0.25,mid,stable
BEV2_2024-05-21_fast_1,BEV2,BEV2_2024-05-21_fast_1__segment_1,train,2024-05-21 17:49:38+00:00,2024-05-21 17:50:38+00:00,60.25,20.0,-177.84950000000003,73.19437617996307,0.0,mid,stable
BEV2_2024-05-21_fast_1,BEV2,BEV2_2024-05-21_fast_1__segment_1,train,2024-05-21 17:49:48+00:00,2024-05-21 17:50:48+00:00,60.25,20.0,-176.07650000000004,72.76329998301775,0.0,mid,stable
BEV2_2024-05-21_fast_1,BEV2,BEV2_2024-05-21_fast_1__segment_1,train,2024-05-21 17:49:58+00:00,2024-05-21 17:50:58+00:00,60.25,20.0,-176.70200000000006,72.29943430611502,0.0,mid,stable
BEV2_2024-05-21_fast_1,BEV2,BEV2_2024-05-21_fast_1__segment_1,train,2024-05-21 17:50:08+00:00,2024-05-21 17:51:08+00:00,60.5,20.0,-175.92550000000003,72.08158092403042,0.25,mid,stable
BEV2_2024-05-21_fast_1,BEV2,BEV2_2024-05-21_fast_1__segment_1,train,2024-05-21 17:50:18+00:00,2024-05-21 17:51:18+00:00,60.5,20.0,-173.39300000000003,71.66435995070168,0.25,mid,stable
BEV2_2024-05-21_fast_1,BEV2,BEV2_2024-05-21_fast_1__segment_1,train,2024-05-21 17:50:28+00:00,2024-05-21 17:51:28+00:00,60.5,20.0,-172.34250000000003,71.32111432725391,0.25,mid,stable
BEV2_2024-05-21_fast_1,BEV2,BEV2_2024-05-21_fast_1__segment_1,train,2024-05-21 17:50:38+00:00,2024-05-21 17:51:38+00:00,60.5,20.5,-172.02800000000002,70.7796147661251,0.25,mid,stable
BEV2_2024-05-21_fast_1,BEV2,BEV2_2024-05-21_fast_1__segment_1,train,2024-05-21 17:50:48+00:00,2024-05-21 17:51:48+00:00,60.5,20.5,-171.51150000000004,70.57674099005992,0.25,mid,stable
BEV2_2024-05-21_fast_1,BEV2,BEV2_2024-05-21_fast_1__segment_1,train,2024-05-21 17:50:58+00:00,2024-05-21 17:51:58+00:00,60.5,20.5,-169.32050000000007,69.70142967425062,0.25,mid,stable
BEV2_2024-05-21_fast_1,BEV2,BEV2_2024-05-21_fast_1__segment_1,train,2024-05-21 17:51:08+00:00,2024-05-21 17:52:08+00:00,60.5,20.5,-168.13200000000003,69.50874507726911,0.0,mid,stable
BEV2_2024-05-21_fast_1,BEV2,BEV2_2024-05-21_fast_1__segment_1,train,2024-05-21 17:51:18+00:00,2024-05-21 17:52:18+00:00,60.5,20.5,-167.89050000000003,69.2775235608913,0.0,mid,stable
BEV2_2024-05-21_fast_1,BEV2,BEV2_2024-05-21_fast_1__segment_1,train,2024-05-21 17:51:28+00:00,2024-05-21 17:52:28+00:00,60.5,20.5,-166.46550000000002,68.66245849155887,0.0,low,stable
BEV2_2024-05-21_fast_1,BEV2,BEV2_2024-05-21_fast_1__segment_1,train,2024-05-21 17:51:38+00:00,2024-05-21 17:52:38+00:00,60.5,20.5,-165.37200000000004,68.42287491750199,0.0,low,stable
BEV2_2024-05-21_fast_1,BEV2,BEV2_2024-05-21_fast_1__segment_1,train,2024-05-21 17:51:48+00:00,2024-05-21 17:52:48+00:00,60.5,20.5,-164.51700000000005,68.12590063400589,0.0,low,stable
BEV2_2024-05-21_fast_1,BEV2,BEV2_2024-05-21_fast_1__segment_1,train,2024-05-21 17:51:58+00:00,2024-05-21 17:52:58+00:00,60.5,20.5,-162.99950000000004,67.43692029629491,0.0,low,stable
BEV2_2024-05-21_fast_1,BEV2,BEV2_2024-05-21_fast_1__segment_1,train,2024-05-21 17:52:08+00:00,2024-05-21 17:53:08+00:00,60.5,20.5,-161.45800000000006,66.89642710033202,0.0,low,stable
BEV2_2024-05-21_fast_1,BEV2,BEV2_2024-05-21_fast_1__segment_1,train,2024-05-21 17:52:18+00:00,2024-05-21 17:53:18+00:00,60.5,20.5,-160.88100000000003,66.65290818786521,0.0,low,stable
BEV2_2024-05-21_fast_1,BEV2,BEV2_2024-05-21_fast_1__segment_1,train,2024-05-21 17:52:28+00:00,2024-05-21 17:53:28+00:00,60.25,20.5,-159.48450000000005,65.83148407888402,-0.25,low,stable
BEV2_2024-05-21_fast_1,BEV2,BEV2_2024-05-21_fast_1__segment_1,train,2024-05-21 17:52:38+00:00,2024-05-21 17:53:38+00:00,60.25,21.0,-157.00300000000004,64.87767434894388,-0.25,low,stable
BEV2_2024-05-21_fast_1,BEV2,BEV2_2024-05-21_fast_1__segment_1,train,2024-05-21 17:52:48+00:00,2024-05-21 17:53:48+00:00,60.25,21.0,-154.81950000000003,63.888507942277734,-0.25,low,stable
BEV2_2024-05-21_fast_1,BEV2,BEV2_2024-05-21_fast_1__segment_1,train,2024-05-21 17:52:58+00:00,2024-05-21 17:53:58+00:00,60.25,21.0,-152.00450000000004,63.00002686842168,-0.25,low,stable
BEV2_2024-05-21_fast_1,BEV2,BEV2_2024-05-21_fast_1__segment_1,train,2024-05-21 17:53:08+00:00,2024-05-21 17:54:08+00:00,60.25,20.5,-149.63200000000003,61.87210797179637,-0.25,low,stable
BEV2_2024-05-21_fast_1,BEV2,BEV2_2024-05-21_fast_1__segment_1,train,2024-05-21 17:53:18+00:00,2024-05-21 17:54:18+00:00,60.25,20.5,-146.52650000000006,61.10450170769446,-0.25,low,stable
BEV2_2024-05-21_fast_1,BEV2,BEV2_2024-05-21_fast_1__segment_1,train,2024-05-21 17:53:28+00:00,2024-05-21 17:54:28+00:00,60.25,20.5,-144.16100000000003,60.204667643865925,0.0,low,stable
BEV2_2024-05-21_fast_1,BEV2,BEV2_2024-05-21_fast_1__segment_1,train,2024-05-21 17:53:38+00:00,2024-05-21 17:54:38+00:00,60.25,20.0,-142.64850000000004,59.26121827164723,0.0,low,stable
BEV2_2024-05-21_fast_1,BEV2,BEV2_2024-05-21_fast_1__segment_1,train,2024-05-21 17:53:48+00:00,2024-05-21 17:54:48+00:00,60.25,20.0,-141.40600000000003,58.48017590605247,0.0,low,stable
BEV2_2024-05-21_fast_1,BEV2,BEV2_2024-05-21_fast_1__segment_1,train,2024-05-21 17:53:58+00:00,2024-05-21 17:54:58+00:00,60.25,20.5,-138.80750000000006,57.60707151257394,0.0,low,stable
BEV2_2024-05-21_fast_1,BEV2,BEV2_2024-05-21_fast_1__segment_1,train,2024-05-21 17:54:08+00:00,2024-05-21 17:55:08+00:00,60.25,20.5,-136.9434343434344,56.84384760398895,0.0,low,stable
BEV2_2024-05-21_fast_1,BEV2,BEV2_2024-05-21_fast_1__segment_1,train,2024-05-21 17:54:18+00:00,2024-05-21 17:55:18+00:00,60.0,21.0,-134.40850000000003,56.098442152413746,-0.25,low,stable
BEV2_2024-05-21_fast_1,BEV2,BEV2_2024-05-21_fast_1__segment_1,train,2024-05-21 17:54:28+00:00,2024-05-21 17:55:28+00:00,60.0,20.5,-133.47450000000003,55.50746332825649,-0.25,low,stable
BEV2_2024-05-21_fast_1,BEV2,BEV2_2024-05-21_fast_1__segment_1,train,2024-05-21 17:54:38+00:00,2024-05-21 17:55:38+00:00,60.0,20.5,-131.20350000000005,54.821452733380504,-0.25,low,stable
BEV2_2024-05-21_fast_1,BEV2,BEV2_2024-05-21_fast_1__segment_1,train,2024-05-21 17:54:48+00:00,2024-05-21 17:55:48+00:00,60.0,20.0,-129.92850000000004,54.132472395669545,-0.25,low,stable
BEV2_2024-05-21_fast_1,BEV2,BEV2_2024-05-21_fast_1__segment_1,train,2024-05-21 17:54:58+00:00,2024-05-21 17:55:58+00:00,60.0,20.0,-128.66150000000005,53.556342285687094,-0.25,low,stable
BEV2_2024-05-21_fast_1,BEV2,BEV2_2024-05-21_fast_1__segment_1,train,2024-05-21 17:55:08+00:00,2024-05-21 17:56:08+00:00,60.0,20.0,-126.45550000000004,52.86142246230622,-0.25,low,stable
BEV2_2024-05-21_fast_1,BEV2,BEV2_2024-05-21_fast_1__segment_1,train,2024-05-21 17:55:18+00:00,2024-05-21 17:56:18+00:00,60.0,20.0,-125.50600000000006,52.32389900917827,0.0,low,stable
BEV2_2024-05-21_fast_1,BEV2,BEV2_2024-05-21_fast_1__segment_1,train,2024-05-21 17:55:28+00:00,2024-05-21 17:56:28+00:00,59.75,20.0,-123.79000000000003,51.83983092707963,-0.25,low,stable
BEV2_2024-05-21_fast_1,BEV2,BEV2_2024-05-21_fast_1__segment_1,train,2024-05-21 17:55:38+00:00,2024-05-21 17:56:38+00:00,59.75,20.0,-123.27450000000005,51.25776133142726,-0.25,low,stable
BEV2_2024-05-21_fast_1,BEV2,BEV2_2024-05-21_fast_1__segment_1,train,2024-05-21 17:55:48+00:00,2024-05-21 17:56:48+00:00,59.75,20.0,-121.09150000000004,50.74102607814405,-0.25,low,stable
BEV2_2024-05-21_fast_1,BEV2,BEV2_2024-05-21_fast_1__segment_1,train,2024-05-21 17:55:58+00:00,2024-05-21 17:56:58+00:00,59.75,20.0,-120.29150000000006,50.277746195890124,-0.25,low,stable
BEV2_2024-05-21_fast_1,BEV2,BEV2_2024-05-21_fast_1__segment_1,train,2024-05-21 17:56:08+00:00,2024-05-21 17:57:08+00:00,59.75,20.0,-119.51150000000004,49.76695042827683,-0.25,low,stable
BEV2_2024-05-21_fast_1,BEV2,BEV2_2024-05-21_fast_1__segment_1,train,2024-05-21 17:56:18+00:00,2024-05-21 17:57:18+00:00,59.75,20.0,-118.31800000000004,49.297731060353,-0.25,low,stable
BEV2_2024-05-21_fast_1,BEV2,BEV2_2024-05-21_fast_1__segment_1,train,2024-05-21 17:56:28+00:00,2024-05-21 17:57:28+00:00,59.5,20.5,-116.56100000000004,49.024514719536576,-0.25,low,stable
BEV2_2024-05-21_fast_1,BEV2,BEV2_2024-05-21_fast_1__segment_1,train,2024-05-21 17:56:38+00:00,2024-05-21 17:57:38+00:00,59.5,20.0,-116.57350000000004,48.64735737949653,-0.25,low,stable
BEV2_2024-05-21_fast_1,BEV2,BEV2_2024-05-21_fast_1__segment_1,train,2024-05-21 17:56:48+00:00,2024-05-21 17:57:48+00:00,59.5,20.0,-114.66650000000006,48.18407749724261,-0.25,low,stable
BEV2_2024-05-21_fast_1,BEV2,BEV2_2024-05-21_fast_1__segment_1,train,2024-05-21 17:56:58+00:00,2024-05-21 17:57:58+00:00,59.5,20.0,-114.57400000000004,47.71485812931878,-0.25,low,stable
BEV2_2024-05-21_fast_1,BEV2,BEV2_2024-05-21_fast_1__segment_1,train,2024-05-21 17:57:08+00:00,2024-05-21 17:58:08+00:00,59.5,20.5,-112.89700000000003,47.33770078927872,-0.25,low,stable
BEV2_2024-05-21_fast_1,BEV2,BEV2_2024-05-21_fast_1__segment_1,train,2024-05-21 17:57:18+00:00,2024-05-21 17:58:18+00:00,59.25,20.5,-112.93850000000003,47.04072650578262,-0.5,low,cooling
BEV2_2024-05-21_fast_1,BEV2,BEV2_2024-05-21_fast_1__segment_1,train,2024-05-21 17:57:28+00:00,2024-05-21 17:58:28+00:00,59.25,20.5,-110.93600000000004,46.7140547939369,-0.25,low,stable
BEV2_2024-05-21_fast_1,BEV2,BEV2_2024-05-21_fast_1__segment_1,train,2024-05-21 17:57:38+00:00,2024-05-21 17:58:38+00:00,59.25,20.5,-111.34750000000004,46.38738308209119,-0.25,low,stable
BEV2_2024-05-21_fast_1,BEV2,BEV2_2024-05-21_fast_1__segment_1,train,2024-05-21 17:57:48+00:00,2024-05-21 17:58:48+00:00,59.25,20.5,-110.32600000000004,46.084469312925165,-0.25,low,stable
BEV2_2024-05-21_fast_1,BEV2,BEV2_2024-05-21_fast_1__segment_1,train,2024-05-21 17:57:58+00:00,2024-05-21 17:58:58+00:00,59.25,20.5,-108.70850000000004,45.73997914406968,-0.25,low,stable
BEV2_2024-05-21_fast_1,BEV2,BEV2_2024-05-21_fast_1__segment_1,train,2024-05-21 17:58:08+00:00,2024-05-21 17:59:08+00:00,59.0,20.5,-108.33300000000004,45.40736794655405,-0.5,low,cooling
BEV2_2024-05-21_fast_1,BEV2,BEV2_2024-05-21_fast_1__segment_1,train,2024-05-21 17:58:18+00:00,2024-05-21 17:59:18+00:00,59.0,20.5,-107.60850000000003,45.08663572037827,-0.25,low,stable
BEV2_2024-05-21_fast_1,BEV2,BEV2_2024-05-21_fast_1__segment_1,train,2024-05-21 17:58:28+00:00,2024-05-21 17:59:28+00:00,59.0,20.5,-106.59000000000005,44.76212382150342,-0.25,low,stable
BEV2_2024-05-21_fast_1,BEV2,BEV2_2024-05-21_fast_1__segment_1,train,2024-05-21 17:58:38+00:00,2024-05-21 17:59:38+00:00,59.0,20.5,-106.21650000000004,44.555051752920235,-0.25,low,stable
BEV2_2024-05-21_fast_1,BEV2,BEV2_2024-05-21_fast_1__segment_1,train,2024-05-21 17:58:48+00:00,2024-05-21 17:59:48+00:00,59.0,21.0,-105.49200000000005,44.25456777334645,-0.25,low,stable
BEV2_2024-05-21_fast_1,BEV2,BEV2_2024-05-21_fast_1__segment_1,train,2024-05-21 17:58:58+00:00,2024-05-21 17:59:58+00:00,59.0,21.0,-104.76150000000004,43.96704267159796,-0.25,low,stable
BEV2_2024-05-21_fast_1,BEV2,BEV2_2024-05-21_fast_1__segment_1,train,2024-05-21 17:59:08+00:00,2024-05-21 18:00:08+00:00,58.75,20.5,-104.76100000000004,43.771039644490536,-0.25,low,stable
BEV2_2024-05-21_fast_1,BEV2,BEV2_2024-05-21_fast_1__segment_1,train,2024-05-21 17:59:18+00:00,2024-05-21 18:00:18+00:00,58.75,20.5,-103.84500000000004,43.44733767547977,-0.25,low,stable
BEV2_2024-05-21_fast_1,BEV2,BEV2_2024-05-21_fast_1__segment_1,train,2024-05-21 17:59:28+00:00,2024-05-21 18:00:28+00:00,58.75,20.5,-102.99250000000004,43.18897004883817,-0.25,low,stable
BEV2_2024-05-21_fast_1,BEV2,BEV2_2024-05-21_fast_1__segment_1,train,2024-05-21 17:59:38+00:00,2024-05-21 18:00:38+00:00,58.75,20.5,-102.17350000000006,42.981088050390895,-0.25,low,stable
BEV2_2024-05-21_fast_1,BEV2,BEV2_2024-05-21_fast_1__segment_1,train,2024-05-21 17:59:48+00:00,2024-05-21 18:00:48+00:00,58.75,20.5,-101.71600000000004,42.805873223128195,-0.25,low,stable
BEV2_2024-05-21_fast_1,BEV2,BEV2_2024-05-21_fast_1__segment_1,train,2024-05-21 17:59:58+00:00,2024-05-21 18:00:58+00:00,58.5,20.5,-101.18900000000004,42.592051739011005,-0.5,low,cooling
BEV2_2024-05-21_fast_1,BEV2,BEV2_2024-05-21_fast_1__segment_1,train,2024-05-21 18:00:08+00:00,2024-05-21 18:01:08+00:00,58.5,21.0,-100.58600000000004,42.31586565535963,-0.25,low,stable
BEV2_2024-05-21_fast_1,BEV2,BEV2_2024-05-21_fast_1__segment_1,train,2024-05-21 18:00:18+00:00,2024-05-21 18:01:18+00:00,58.5,21.0,-100.01050000000004,42.11392314258227,-0.25,low,stable
BEV2_2024-05-21_fast_1,BEV2,BEV2_2024-05-21_fast_1__segment_1,train,2024-05-21 18:00:28+00:00,2024-05-21 18:01:28+00:00,58.5,21.0,-99.47850000000004,41.87337397295043,-0.25,low,stable
BEV2_2024-05-21_fast_1,BEV2,BEV2_2024-05-21_fast_1__segment_1,train,2024-05-21 18:00:38+00:00,2024-05-21 18:01:38+00:00,58.5,21.0,-98.82550000000003,41.58233917512426,-0.25,low,stable
BEV2_2024-05-21_fast_1,BEV2,BEV2_2024-05-21_fast_1__segment_1,train,2024-05-21 18:00:48+00:00,2024-05-21 18:01:48+00:00,58.25,21.0,-99.13700000000004,41.51700483275512,-0.5,low,cooling
BEV2_2024-05-21_fast_1,BEV2,BEV2_2024-05-21_fast_1__segment_1,train,2024-05-21 18:00:58+00:00,2024-05-21 18:01:58+00:00,58.25,21.0,-98.24550000000004,41.270516177453345,-0.25,low,stable
BEV2_2024-05-21_fast_1,BEV2,BEV2_2024-05-21_fast_1__segment_1,train,2024-05-21 18:01:08+00:00,2024-05-21 18:02:08+00:00,58.25,21.0,-97.40500000000004,40.95275369411252,-0.25,low,stable
BEV2_2024-05-21_fast_1,BEV2,BEV2_2024-05-21_fast_1__segment_1,train,2024-05-21 18:01:18+00:00,2024-05-21 18:02:18+00:00,58.25,21.0,-97.06400000000004,40.96166292261741,-0.25,low,stable
BEV2_2024-05-21_fast_1,BEV2,BEV2_2024-05-21_fast_1__segment_1,train,2024-05-21 18:01:28+00:00,2024-05-21 18:02:28+00:00,58.25,20.5,-96.75600000000004,40.68250709613106,-0.25,low,stable
BEV2_2024-05-21_fast_1,BEV2,BEV2_2024-05-21_fast_1__segment_1,train,2024-05-21 18:01:38+00:00,2024-05-21 18:02:38+00:00,58.0,20.5,-97.04100000000004,40.611233268092,-0.5,low,cooling
BEV2_2024-05-21_fast_1,BEV2,BEV2_2024-05-21_fast_1__segment_1,train,2024-05-21 18:01:48+00:00,2024-05-21 18:02:48+00:00,58.0,21.0,-96.14850000000004,40.373653841295116,-0.25,low,stable
BEV2_2024-05-21_fast_1,BEV2,BEV2_2024-05-21_fast_1__segment_1,train,2024-05-21 18:01:58+00:00,2024-05-21 18:02:58+00:00,58.0,20.5,-96.16350000000004,40.210317985372264,-0.25,low,stable
BEV2_2024-05-21_fast_1,BEV2,BEV2_2024-05-21_fast_1__segment_1,train,2024-05-21 18:02:08+00:00,2024-05-21 18:03:08+00:00,58.0,20.5,-94.89450000000004,39.96679907290546,-0.25,low,stable
BEV2_2024-05-21_fast_1,BEV2,BEV2_2024-05-21_fast_1__segment_1,train,2024-05-21 18:02:18+00:00,2024-05-21 18:03:18+00:00,58.0,20.5,-94.48181818181824,39.871767302186704,-0.25,low,stable
BEV2_2024-05-21_fast_1,BEV2,BEV2_2024-05-21_fast_1__segment_1,train,2024-05-21 18:02:28+00:00,2024-05-21 18:03:28+00:00,58.0,20.5,-94.81900000000005,39.70843144626385,-0.25,low,stable
BEV2_2024-05-21_fast_1,BEV2,BEV2_2024-05-21_fast_1__segment_1,train,2024-05-21 18:02:38+00:00,2024-05-21 18:03:38+00:00,57.75,21.0,-94.35700000000004,39.51242841915642,-0.25,low,stable
BEV2_2024-05-21_fast_1,BEV2,BEV2_2024-05-21_fast_1__segment_1,train,2024-05-21 18:02:48+00:00,2024-05-21 18:03:48+00:00,57.75,21.0,-93.98550000000004,39.31939513488395,-0.25,low,stable
BEV2_2024-05-21_fast_1,BEV2,BEV2_2024-05-21_fast_1__segment_1,train,2024-05-21 18:02:58+00:00,2024-05-21 18:03:58+00:00,57.75,21.0,-92.29200000000004,39.10557365076676,-0.25,low,stable
BEV2_2024-05-21_fast_1,BEV2,BEV2_2024-05-21_fast_1__segment_1,train,2024-05-21 18:03:08+00:00,2024-05-21 18:04:08+00:00,57.75,21.0,-93.06450000000004,38.90660088082437,-0.25,low,stable
BEV2_2024-05-21_fast_1,BEV2,BEV2_2024-05-21_fast_1__segment_1,train,2024-05-21 18:03:18+00:00,2024-05-21 18:04:18+00:00,57.75,21.0,-91.30700000000004,38.79672039593082,-0.25,low,stable
BEV2_2024-05-21_fast_1,BEV2,BEV2_2024-05-21_fast_1__segment_1,train,2024-05-21 18:03:28+00:00,2024-05-21 18:04:28+00:00,57.5,21.0,-91.92000000000004,38.758113739076315,-0.5,low,cooling
BEV2_2024-05-21_fast_1,BEV2,BEV2_2024-05-21_fast_1__segment_1,train,2024-05-21 18:03:38+00:00,2024-05-21 18:04:38+00:00,57.5,21.0,-91.58600000000006,38.4997461124347,-0.25,low,stable
BEV2_2024-05-21_fast_1,BEV2,BEV2_2024-05-21_fast_1__segment_1,train,2024-05-21 18:03:48+00:00,2024-05-21 18:04:48+00:00,57.5,21.0,-90.25800000000004,38.41065382738587,-0.25,low,stable
BEV2_2024-05-21_fast_1,BEV2,BEV2_2024-05-21_fast_1__segment_1,train,2024-05-21 18:03:58+00:00,2024-05-21 18:04:58+00:00,57.5,21.0,-89.95600000000005,37.991920087656375,-0.25,low,stable
BEV2_2024-05-21_fast_1,BEV2,BEV2_2024-05-21_fast_1__segment_1,train,2024-05-21 18:04:08+00:00,2024-05-21 18:05:08+00:00,57.5,21.0,-90.80150000000005,38.110709801054824,-0.25,low,stable
BEV2_2024-05-21_fast_1,BEV2,BEV2_2024-05-21_fast_1__segment_1,train,2024-05-21 18:04:18+00:00,2024-05-21 18:05:18+00:00,57.5,20.5,-89.39250000000006,37.88203960276282,-0.25,low,stable
BEV2_2024-05-21_fast_1,BEV2,BEV2_2024-05-21_fast_1__segment_1,train,2024-05-21 18:04:28+00:00,2024-05-21 18:05:28+00:00,57.25,21.0,-89.21900000000005,37.751370918024534,-0.25,low,stable
BEV2_2024-05-21_fast_1,BEV2,BEV2_2024-05-21_fast_1__segment_1,train,2024-05-21 18:04:38+00:00,2024-05-21 18:05:38+00:00,57.25,21.0,-89.45100000000004,37.57912583359679,-0.25,low,stable
BEV2_2024-05-21_fast_1,BEV2,BEV2_2024-05-21_fast_1__segment_1,train,2024-05-21 18:04:48+00:00,2024-05-21 18:05:48+00:00,57.25,21.0,-89.28750000000004,37.347485892469834,-0.25,low,stable
BEV2_2024-05-21_fast_1,BEV2,BEV2_2024-05-21_fast_1__segment_1,train,2024-05-21 18:04:58+00:00,2024-05-21 18:05:58+00:00,57.25,20.5,-88.00250000000005,37.22275669340147,-0.25,low,stable
BEV2_2024-05-21_fast_1,BEV2,BEV2_2024-05-21_fast_1__segment_1,train,2024-05-21 18:05:08+00:00,2024-05-21 18:06:08+00:00,57.25,20.5,-88.21900000000005,37.03269315196397,-0.25,low,stable
BEV2_2024-05-21_fast_1,BEV2,BEV2_2024-05-21_fast_1__segment_1,train,2024-05-21 18:05:18+00:00,2024-05-21 18:06:18+00:00,57.0,20.5,-88.08000000000006,36.958449581089944,-0.5,low,cooling
BEV2_2024-05-21_fast_1,BEV2,BEV2_2024-05-21_fast_1__segment_1,train,2024-05-21 18:05:28+00:00,2024-05-21 18:06:28+00:00,57.0,20.5,-87.22200000000004,36.79511372516708,-0.25,low,stable
BEV2_2024-05-21_fast_1,BEV2,BEV2_2024-05-21_fast_1__segment_1,train,2024-05-21 18:05:38+00:00,2024-05-21 18:06:38+00:00,57.0,20.5,-86.33300000000004,36.658505554758875,-0.25,low,stable
BEV2_2024-05-21_fast_1,BEV2,BEV2_2024-05-21_fast_1__segment_1,train,2024-05-21 18:05:48+00:00,2024-05-21 18:06:48+00:00,57.0,20.5,-86.72300000000004,36.3288641000782,-0.25,low,stable
BEV2_2024-05-21_fast_1,BEV2,BEV2_2024-05-21_fast_1__segment_1,train,2024-05-21 18:05:58+00:00,2024-05-21 18:06:58+00:00,57.0,20.5,-85.72650000000004,36.36153127126277,-0.25,low,stable
BEV2_2024-05-21_fast_1,BEV2,BEV2_2024-05-21_fast_1__segment_1,train,2024-05-21 18:06:08+00:00,2024-05-21 18:07:08+00:00,57.0,21.0,-85.07400000000005,36.15661901565046,-0.25,low,stable
BEV2_2024-05-21_fast_1,BEV2,BEV2_2024-05-21_fast_1__segment_1,train,2024-05-21 18:06:18+00:00,2024-05-21 18:07:18+00:00,56.75,21.0,-85.52250000000005,35.95764624570807,-0.25,low,stable
BEV2_2024-05-21_fast_1,BEV2,BEV2_2024-05-21_fast_1__segment_1,train,2024-05-21 18:06:28+00:00,2024-05-21 18:07:28+00:00,56.75,21.0,-84.74950000000004,35.8032196182901,-0.25,low,stable
BEV2_2024-05-21_fast_1,BEV2,BEV2_2024-05-21_fast_1__segment_1,train,2024-05-21 18:06:38+00:00,2024-05-21 18:07:38+00:00,56.75,21.0,-84.19350000000004,35.70521810473638,-0.25,low,stable
BEV2_2024-05-21_fast_1,BEV2,BEV2_2024-05-21_fast_1__segment_1,train,2024-05-21 18:06:48+00:00,2024-05-21 18:07:48+00:00,56.75,21.0,-84.12350000000006,35.43200176391997,-0.25,low,stable
BEV2_2024-05-21_fast_1,BEV2,BEV2_2024-05-21_fast_1__segment_1,train,2024-05-21 18:06:58+00:00,2024-05-21 18:07:58+00:00,56.75,21.5,-83.78050000000005,35.40230433557036,-0.25,low,stable
BEV2_2024-05-21_fast_1,BEV2,BEV2_2024-05-21_fast_1__segment_1,train,2024-05-21 18:07:08+00:00,2024-05-21 18:08:08+00:00,56.5,21.0,-82.97800000000005,35.235998736812554,-0.5,low,cooling
BEV2_2024-05-21_fast_1,BEV2,BEV2_2024-05-21_fast_1__segment_1,train,2024-05-21 18:07:18+00:00,2024-05-21 18:08:18+00:00,56.5,21.0,-83.06300000000005,35.05187468104496,-0.25,low,stable
BEV2_2024-07-05_fast_1,BEV2,BEV2_2024-07-05_fast_1__segment_1,train,2024-07-05 16:22:59+00:00,2024-07-05 16:23:59+00:00,53.75,22.5,-385.52350000000007,150.51601361919964,0.5,high,warming
BEV2_2024-07-05_fast_1,BEV2,BEV2_2024-07-05_fast_1__segment_1,train,2024-07-05 16:23:09+00:00,2024-07-05 16:24:09+00:00,54.25,22.5,-369.626,146.10344059342847,1.5,high,warming
BEV2_2024-07-05_fast_1,BEV2,BEV2_2024-07-05_fast_1__segment_1,train,2024-07-05 16:23:19+00:00,2024-07-05 16:24:19+00:00,54.5,22.5,-368.8860000000001,144.32147124257406,2.0,high,warming
BEV2_2024-07-05_fast_1,BEV2,BEV2_2024-07-05_fast_1__segment_1,train,2024-07-05 16:23:29+00:00,2024-07-05 16:24:29+00:00,55.0,22.5,-364.5200000000001,143.29567775727048,2.25,high,warming
BEV2_2024-07-05_fast_1,BEV2,BEV2_2024-07-05_fast_1__segment_1,train,2024-07-05 16:23:39+00:00,2024-07-05 16:24:39+00:00,55.25,22.5,-359.09700000000004,141.59745638817859,2.25,high,warming
BEV2_2024-07-05_fast_1,BEV2,BEV2_2024-07-05_fast_1__segment_1,train,2024-07-05 16:23:49+00:00,2024-07-05 16:24:49+00:00,55.75,22.5,-354.07,139.261240809943,2.5,high,warming
BEV2_2024-07-05_fast_1,BEV2,BEV2_2024-07-05_fast_1__segment_1,train,2024-07-05 16:23:59+00:00,2024-07-05 16:24:59+00:00,56.0,22.5,-350.84450000000004,137.81392676879221,2.25,high,warming
BEV2_2024-07-05_fast_1,BEV2,BEV2_2024-07-05_fast_1__segment_1,train,2024-07-05 16:24:09+00:00,2024-07-05 16:25:09+00:00,56.5,22.5,-347.24300000000005,136.4064993350747,2.25,high,warming
BEV2_2024-07-05_fast_1,BEV2,BEV2_2024-07-05_fast_1__segment_1,train,2024-07-05 16:24:19+00:00,2024-07-05 16:25:19+00:00,56.75,22.5,-343.69200000000006,135.3149428902551,2.25,high,warming
BEV2_2024-07-05_fast_1,BEV2,BEV2_2024-07-05_fast_1__segment_1,train,2024-07-05 16:24:29+00:00,2024-07-05 16:25:29+00:00,57.25,22.5,-339.88200000000006,134.05234620970847,2.25,high,warming
BEV2_2024-07-05_fast_1,BEV2,BEV2_2024-07-05_fast_1__segment_1,train,2024-07-05 16:24:39+00:00,2024-07-05 16:25:39+00:00,57.5,22.5,-336.28200000000004,131.94135311712043,2.25,high,warming
BEV2_2024-07-05_fast_1,BEV2,BEV2_2024-07-05_fast_1__segment_1,train,2024-07-05 16:24:49+00:00,2024-07-05 16:25:49+00:00,57.75,22.5,-331.36750000000006,129.97890081047896,2.0,high,warming
BEV2_2024-07-05_fast_1,BEV2,BEV2_2024-07-05_fast_1__segment_1,train,2024-07-05 16:24:59+00:00,2024-07-05 16:25:59+00:00,58.0,22.5,-328.905,129.18219916686843,2.0,high,warming
BEV2_2024-07-05_fast_1,BEV2,BEV2_2024-07-05_fast_1__segment_1,train,2024-07-05 16:25:09+00:00,2024-07-05 16:26:09+00:00,58.5,22.5,-325.19250000000005,127.82785964141974,2.0,high,warming
BEV2_2024-07-05_fast_1,BEV2,BEV2_2024-07-05_fast_1__segment_1,train,2024-07-05 16:25:19+00:00,2024-07-05 16:26:19+00:00,58.75,22.5,-321.2375,126.00092921016468,2.0,high,warming
BEV2_2024-07-05_fast_1,BEV2,BEV2_2024-07-05_fast_1__segment_1,train,2024-07-05 16:25:29+00:00,2024-07-05 16:26:29+00:00,58.75,22.5,-317.69100000000003,124.82688300826098,1.5,high,warming
BEV2_2024-07-05_fast_1,BEV2,BEV2_2024-07-05_fast_1__segment_1,train,2024-07-05 16:25:39+00:00,2024-07-05 16:26:39+00:00,58.75,22.5,-314.01200000000006,123.81319433637336,1.25,high,warming
BEV2_2024-07-05_fast_1,BEV2,BEV2_2024-07-05_fast_1__segment_1,train,2024-07-05 16:25:49+00:00,2024-07-05 16:26:49+00:00,58.75,22.5,-310.98100000000005,121.58537008007801,1.0,high,warming
BEV2_2024-07-05_fast_1,BEV2,BEV2_2024-07-05_fast_1__segment_1,train,2024-07-05 16:25:59+00:00,2024-07-05 16:26:59+00:00,59.0,23.0,-307.33200000000005,121.17458651787065,1.0,high,warming
BEV2_2024-07-05_fast_1,BEV2,BEV2_2024-07-05_fast_1__segment_1,train,2024-07-05 16:26:09+00:00,2024-07-05 16:27:09+00:00,59.0,23.0,-304.451,119.9519471478111,0.5,high,warming
BEV2_2024-07-05_fast_1,BEV2,BEV2_2024-07-05_fast_1__segment_1,train,2024-07-05 16:26:19+00:00,2024-07-05 16:27:19+00:00,59.25,23.0,-301.02200000000005,118.77482176890723,0.5,high,warming
BEV2_2024-07-05_fast_1,BEV2,BEV2_2024-07-05_fast_1__segment_1,train,2024-07-05 16:26:29+00:00,2024-07-05 16:27:29+00:00,59.25,23.0,-297.168,117.19575113867039,0.5,high,warming
BEV2_2024-07-05_fast_1,BEV2,BEV2_2024-07-05_fast_1__segment_1,train,2024-07-05 16:26:39+00:00,2024-07-05 16:27:39+00:00,59.5,23.0,-294.46850000000006,116.2511797980378,0.75,high,warming
BEV2_2024-07-05_fast_1,BEV2,BEV2_2024-07-05_fast_1__segment_1,train,2024-07-05 16:26:49+00:00,2024-07-05 16:27:49+00:00,59.75,23.0,-289.58150000000006,114.46826550462491,1.0,high,warming
BEV2_2024-07-05_fast_1,BEV2,BEV2_2024-07-05_fast_1__segment_1,train,2024-07-05 16:26:59+00:00,2024-07-05 16:27:59+00:00,60.0,23.0,-286.434,113.17055655032114,1.0,high,warming
BEV2_2024-07-05_fast_1,BEV2,BEV2_2024-07-05_fast_1__segment_1,train,2024-07-05 16:27:09+00:00,2024-07-05 16:28:09+00:00,60.0,23.0,-284.52450000000005,112.48724962305505,1.0,high,warming
BEV2_2024-07-05_fast_1,BEV2,BEV2_2024-07-05_fast_1__segment_1,train,2024-07-05 16:27:19+00:00,2024-07-05 16:28:19+00:00,60.25,23.0,-280.44200000000006,109.75976398900956,1.0,high,warming
BEV2_2024-07-05_fast_1,BEV2,BEV2_2024-07-05_fast_1__segment_1,train,2024-07-05 16:27:29+00:00,2024-07-05 16:28:29+00:00,60.25,23.5,-278.96750000000003,110.04687846880144,1.0,high,warming
BEV2_2024-07-05_fast_1,BEV2,BEV2_2024-07-05_fast_1__segment_1,train,2024-07-05 16:27:39+00:00,2024-07-05 16:28:39+00:00,60.5,23.5,-276.27950000000004,109.64388179117567,1.0,high,warming
BEV2_2024-07-05_fast_1,BEV2,BEV2_2024-07-05_fast_1__segment_1,train,2024-07-05 16:27:49+00:00,2024-07-05 16:28:49+00:00,60.75,23.0,-273.27250000000004,108.342778231984,1.0,high,warming
BEV2_2024-07-05_fast_1,BEV2,BEV2_2024-07-05_fast_1__segment_1,train,2024-07-05 16:27:59+00:00,2024-07-05 16:28:59+00:00,60.75,23.0,-270.71700000000004,107.28347267936773,0.75,high,warming
BEV2_2024-07-05_fast_1,BEV2,BEV2_2024-07-05_fast_1__segment_1,train,2024-07-05 16:28:09+00:00,2024-07-05 16:29:09+00:00,61.0,23.5,-268.3645,106.50626480108953,1.0,high,warming
BEV2_2024-07-05_fast_1,BEV2,BEV2_2024-07-05_fast_1__segment_1,train,2024-07-05 16:28:19+00:00,2024-07-05 16:29:19+00:00,61.0,23.5,-265.95150000000007,105.32606024518557,0.75,high,warming
BEV2_2024-07-05_fast_1,BEV2,BEV2_2024-07-05_fast_1__segment_1,train,2024-07-05 16:28:29+00:00,2024-07-05 16:29:29+00:00,61.25,23.5,-261.8300000000001,104.4839448177823,1.0,high,warming
BEV2_2024-07-05_fast_1,BEV2,BEV2_2024-07-05_fast_1__segment_1,train,2024-07-05 16:28:39+00:00,2024-07-05 16:29:39+00:00,61.25,23.5,-260.28000000000003,103.61907502336695,0.75,high,warming
BEV2_2024-07-05_fast_1,BEV2,BEV2_2024-07-05_fast_1__segment_1,train,2024-07-05 16:28:49+00:00,2024-07-05 16:29:49+00:00,61.25,23.5,-257.87350000000004,102.43601123167718,0.5,high,warming
BEV2_2024-07-05_fast_1,BEV2,BEV2_2024-07-05_fast_1__segment_1,train,2024-07-05 16:28:59+00:00,2024-07-05 16:29:59+00:00,61.5,23.5,-255.31900000000005,101.62806522759637,0.75,high,warming
BEV2_2024-07-05_fast_1,BEV2,BEV2_2024-07-05_fast_1__segment_1,train,2024-07-05 16:29:09+00:00,2024-07-05 16:30:09+00:00,61.5,23.5,-252.3405,100.72778253733485,0.5,high,warming
BEV2_2024-07-05_fast_1,BEV2,BEV2_2024-07-05_fast_1__segment_1,train,2024-07-05 16:29:19+00:00,2024-07-05 16:30:19+00:00,61.5,23.5,-249.20700000000005,99.82749984707334,0.5,high,warming
BEV2_2024-07-05_fast_1,BEV2,BEV2_2024-07-05_fast_1__segment_1,train,2024-07-05 16:29:29+00:00,2024-07-05 16:30:29+00:00,61.75,23.0,-248.12400000000005,98.8868198566078,0.5,high,warming
BEV2_2024-07-05_fast_1,BEV2,BEV2_2024-07-05_fast_1__segment_1,train,2024-07-05 16:29:39+00:00,2024-07-05 16:30:39+00:00,61.75,23.0,-245.67350000000005,97.70375606491798,0.5,high,warming
BEV2_2024-07-05_fast_1,BEV2,BEV2_2024-07-05_fast_1__segment_1,train,2024-07-05 16:29:49+00:00,2024-07-05 16:30:49+00:00,61.75,23.0,-243.4350000000001,96.89581006083716,0.5,high,warming
BEV2_2024-07-05_fast_1,BEV2,BEV2_2024-07-05_fast_1__segment_1,train,2024-07-05 16:29:59+00:00,2024-07-05 16:30:59+00:00,61.75,23.0,-241.28800000000007,96.1167192711878,0.25,high,stable
BEV2_2024-07-05_fast_1,BEV2,BEV2_2024-07-05_fast_1__segment_1,train,2024-07-05 16:30:09+00:00,2024-07-05 16:31:09+00:00,61.75,23.0,-238.29000000000008,94.933655479498,0.25,high,stable
BEV2_2024-07-05_fast_1,BEV2,BEV2_2024-07-05_fast_1__segment_1,train,2024-07-05 16:30:19+00:00,2024-07-05 16:31:19+00:00,62.0,23.0,-237.4705,94.63237034820172,0.5,mid,warming
BEV2_2024-07-05_fast_1,BEV2,BEV2_2024-07-05_fast_1__segment_1,train,2024-07-05 16:30:29+00:00,2024-07-05 16:31:29+00:00,62.0,23.0,-235.0540000000001,93.99459768959838,0.25,mid,stable
BEV2_2024-07-05_fast_1,BEV2,BEV2_2024-07-05_fast_1__segment_1,train,2024-07-05 16:30:39+00:00,2024-07-05 16:31:39+00:00,62.0,23.0,-233.49250000000004,93.21347914924159,0.25,mid,stable
BEV2_2024-07-05_fast_1,BEV2,BEV2_2024-07-05_fast_1__segment_1,train,2024-07-05 16:30:49+00:00,2024-07-05 16:31:49+00:00,62.0,22.5,-232.00650000000005,92.80845472090849,0.25,mid,stable
BEV2_2024-07-05_fast_1,BEV2,BEV2_2024-07-05_fast_1__segment_1,train,2024-07-05 16:30:59+00:00,2024-07-05 16:31:59+00:00,62.0,23.0,-229.61250000000004,91.7438190807185,0.25,mid,stable
BEV2_2024-07-05_fast_1,BEV2,BEV2_2024-07-05_fast_1__segment_1,train,2024-07-05 16:31:09+00:00,2024-07-05 16:32:09+00:00,62.0,23.0,-227.94050000000004,91.24621764019493,0.25,mid,stable
BEV2_2024-07-05_fast_1,BEV2,BEV2_2024-07-05_fast_1__segment_1,train,2024-07-05 16:31:19+00:00,2024-07-05 16:32:19+00:00,62.0,22.5,-225.5305,90.32334054992154,0.0,mid,stable
BEV2_2024-07-05_fast_1,BEV2,BEV2_2024-07-05_fast_1__segment_1,train,2024-07-05 16:31:29+00:00,2024-07-05 16:32:29+00:00,62.0,23.0,-224.7595000000001,90.060074671505,0.0,mid,stable
BEV2_2024-07-05_fast_1,BEV2,BEV2_2024-07-05_fast_1__segment_1,train,2024-07-05 16:31:39+00:00,2024-07-05 16:32:39+00:00,62.0,23.5,-222.86700000000005,89.25002581483871,0.0,mid,stable
BEV2_2024-07-05_fast_1,BEV2,BEV2_2024-07-05_fast_1__segment_1,train,2024-07-05 16:31:49+00:00,2024-07-05 16:32:49+00:00,62.25,23.5,-220.70100000000005,88.46890727448194,0.25,mid,stable
BEV2_2024-07-05_fast_1,BEV2,BEV2_2024-07-05_fast_1__segment_1,train,2024-07-05 16:31:59+00:00,2024-07-05 16:32:59+00:00,62.25,23.5,-219.23850000000004,88.06388284614881,0.25,mid,stable
BEV2_2024-07-05_fast_1,BEV2,BEV2_2024-07-05_fast_1__segment_1,train,2024-07-05 16:32:09+00:00,2024-07-05 16:33:09+00:00,62.25,23.5,-217.4735000000001,86.8777398774589,0.25,mid,stable
BEV2_2024-07-05_fast_1,BEV2,BEV2_2024-07-05_fast_1__segment_1,train,2024-07-05 16:32:19+00:00,2024-07-05 16:33:19+00:00,62.25,24.0,-216.0935000000001,86.99014968631683,0.25,mid,stable
BEV2_2024-07-05_fast_1,BEV2,BEV2_2024-07-05_fast_1__segment_1,train,2024-07-05 16:32:29+00:00,2024-07-05 16:33:29+00:00,62.25,24.0,-214.18700000000004,85.94305408974584,0.25,mid,stable
BEV2_2024-07-05_fast_1,BEV2,BEV2_2024-07-05_fast_1__segment_1,train,2024-07-05 16:32:39+00:00,2024-07-05 16:33:39+00:00,62.25,24.5,-212.54750000000004,85.53697823511999,0.25,mid,stable
BEV2_2024-07-05_fast_1,BEV2,BEV2_2024-07-05_fast_1__segment_1,train,2024-07-05 16:32:49+00:00,2024-07-05 16:33:49+00:00,62.25,24.5,-211.19550000000004,85.0177812495626,0.0,mid,stable
BEV2_2024-07-05_fast_1,BEV2,BEV2_2024-07-05_fast_1__segment_1,train,2024-07-05 16:32:59+00:00,2024-07-05 16:33:59+00:00,62.25,24.5,-209.5540000000001,84.22593333304218,0.0,mid,stable
BEV2_2024-07-05_fast_1,BEV2,BEV2_2024-07-05_fast_1__segment_1,train,2024-07-05 16:33:09+00:00,2024-07-05 16:34:09+00:00,62.25,25.0,-208.0985000000001,83.94168023480408,0.0,mid,stable
BEV2_2024-07-05_fast_1,BEV2,BEV2_2024-07-05_fast_1__segment_1,train,2024-07-05 16:33:19+00:00,2024-07-05 16:34:19+00:00,62.25,24.5,-206.20750000000007,82.63933695818254,0.0,mid,stable
BEV2_2024-07-05_fast_1,BEV2,BEV2_2024-07-05_fast_1__segment_1,train,2024-07-05 16:33:29+00:00,2024-07-05 16:34:29+00:00,62.25,24.0,-205.29800000000003,82.37538765267574,0.0,mid,stable
BEV2_2024-07-05_fast_1,BEV2,BEV2_2024-07-05_fast_1__segment_1,train,2024-07-05 16:33:39+00:00,2024-07-05 16:34:39+00:00,62.25,24.0,-204.18750000000003,82.37538765267574,0.0,mid,stable
BEV2_2024-07-05_fast_1,BEV2,BEV2_2024-07-05_fast_1__segment_1,train,2024-07-05 16:33:49+00:00,2024-07-05 16:34:49+00:00,62.25,24.5,-203.2860000000001,81.84748904166212,0.0,mid,stable
BEV2_2024-07-05_fast_1,BEV2,BEV2_2024-07-05_fast_1__segment_1,train,2024-07-05 16:33:59+00:00,2024-07-05 16:34:59+00:00,62.25,24.5,-202.15900000000005,81.31338040602631,0.0,mid,stable
BEV2_2024-07-05_fast_1,BEV2,BEV2_2024-07-05_fast_1__segment_1,train,2024-07-05 16:34:09+00:00,2024-07-05 16:35:09+00:00,62.25,24.5,-201.54550000000003,81.38136065246208,0.0,mid,stable
BEV2_2024-07-05_fast_1,BEV2,BEV2_2024-07-05_fast_1__segment_1,train,2024-07-05 16:34:19+00:00,2024-07-05 16:35:19+00:00,62.25,25.0,-200.73000000000005,80.97430847342156,0.0,mid,stable
BEV2_2024-07-05_fast_1,BEV2,BEV2_2024-07-05_fast_1__segment_1,train,2024-07-05 16:34:29+00:00,2024-07-05 16:35:29+00:00,62.25,24.5,-199.53400000000005,80.30267237800466,0.0,mid,stable
BEV2_2024-07-05_fast_1,BEV2,BEV2_2024-07-05_fast_1__segment_1,train,2024-07-05 16:34:39+00:00,2024-07-05 16:35:39+00:00,62.25,24.5,-199.21450000000004,80.18927927098622,0.0,mid,stable
BEV2_2024-07-05_fast_1,BEV2,BEV2_2024-07-05_fast_1__segment_1,train,2024-07-05 16:34:49+00:00,2024-07-05 16:35:49+00:00,62.25,24.5,-197.65450000000004,80.10786883517811,0.0,mid,stable
BEV2_2024-07-05_fast_1,BEV2,BEV2_2024-07-05_fast_1__segment_1,train,2024-07-05 16:34:59+00:00,2024-07-05 16:35:59+00:00,62.25,24.5,-197.6625,79.7822270919457,0.0,mid,stable
BEV2_2024-07-05_fast_1,BEV2,BEV2_2024-07-05_fast_1__segment_1,train,2024-07-05 16:35:09+00:00,2024-07-05 16:36:09+00:00,62.25,24.5,-196.3915000000001,79.11364270769923,0.0,mid,stable
BEV2_2024-07-05_fast_1,BEV2,BEV2_2024-07-05_fast_1__segment_1,train,2024-07-05 16:35:19+00:00,2024-07-05 16:36:19+00:00,62.25,24.5,-195.18400000000003,79.11962897111033,0.0,mid,stable
BEV2_2024-07-05_fast_1,BEV2,BEV2_2024-07-05_fast_1__segment_1,train,2024-07-05 16:35:29+00:00,2024-07-05 16:36:29+00:00,62.25,24.5,-194.39750000000004,78.79314608684373,0.0,mid,stable
BEV2_2024-07-05_fast_1,BEV2,BEV2_2024-07-05_fast_1__segment_1,train,2024-07-05 16:35:39+00:00,2024-07-05 16:36:39+00:00,62.25,24.5,-193.5335000000001,78.38504248151047,0.0,mid,stable
BEV2_2024-07-05_fast_1,BEV2,BEV2_2024-07-05_fast_1__segment_1,train,2024-07-05 16:35:49+00:00,2024-07-05 16:36:49+00:00,62.25,24.0,-192.60650000000004,78.006089133701,0.0,mid,stable
BEV2_2024-07-05_fast_1,BEV2,BEV2_2024-07-05_fast_1__segment_1,train,2024-07-05 16:35:59+00:00,2024-07-05 16:36:59+00:00,62.25,24.0,-191.72400000000005,77.59798552836773,0.0,mid,stable
BEV2_2024-07-05_fast_1,BEV2,BEV2_2024-07-05_fast_1__segment_1,train,2024-07-05 16:36:09+00:00,2024-07-05 16:37:09+00:00,62.0,24.0,-190.93900000000005,77.21903218055827,-0.25,mid,stable
BEV2_2024-07-05_fast_1,BEV2,BEV2_2024-07-05_fast_1__segment_1,train,2024-07-05 16:36:19+00:00,2024-07-05 16:37:19+00:00,62.0,24.5,-189.81450000000004,77.4179770555174,-0.25,mid,stable
BEV2_2024-07-05_fast_1,BEV2,BEV2_2024-07-05_fast_1__segment_1,train,2024-07-05 16:36:29+00:00,2024-07-05 16:37:29+00:00,62.0,24.0,-189.188,76.59966699226543,-0.25,mid,stable
BEV2_2024-07-05_fast_1,BEV2,BEV2_2024-07-05_fast_1__segment_1,train,2024-07-05 16:36:39+00:00,2024-07-05 16:37:39+00:00,62.0,24.0,-188.54650000000004,76.59966699226543,-0.25,mid,stable
BEV2_2024-07-05_fast_1,BEV2,BEV2_2024-07-05_fast_1__segment_1,train,2024-07-05 16:36:49+00:00,2024-07-05 16:37:49+00:00,62.0,23.5,-187.38850000000005,76.21973732004129,-0.25,mid,stable
BEV2_2024-07-05_fast_1,BEV2,BEV2_2024-07-05_fast_1__segment_1,train,2024-07-05 16:36:59+00:00,2024-07-05 16:37:59+00:00,62.0,24.0,-186.12950000000004,75.4014272567893,-0.25,mid,stable
BEV2_2024-07-05_fast_1,BEV2,BEV2_2024-07-05_fast_1__segment_1,train,2024-07-05 16:37:09+00:00,2024-07-05 16:38:09+00:00,62.0,24.0,-185.76800000000003,75.4014272567893,0.0,mid,stable
BEV2_2024-07-05_fast_1,BEV2,BEV2_2024-07-05_fast_1__segment_1,train,2024-07-05 16:37:19+00:00,2024-07-05 16:38:19+00:00,62.0,23.5,-184.93750000000003,75.05730079560038,0.0,mid,stable
BEV2_2024-07-05_fast_1,BEV2,BEV2_2024-07-05_fast_1__segment_1,train,2024-07-05 16:37:29+00:00,2024-07-05 16:38:29+00:00,62.0,23.5,-184.17500000000004,75.20051363974126,0.0,mid,stable
BEV2_2024-07-05_fast_1,BEV2,BEV2_2024-07-05_fast_1__segment_1,train,2024-07-05 16:37:39+00:00,2024-07-05 16:38:39+00:00,62.0,23.5,-183.1663366336634,74.70835601249247,0.0,mid,stable
BEV2_2024-07-05_fast_1,BEV2,BEV2_2024-07-05_fast_1__segment_1,train,2024-07-05 16:37:49+00:00,2024-07-05 16:38:49+00:00,62.0,23.5,-182.47000000000003,74.30408367582382,0.0,mid,stable
BEV2_2024-07-05_fast_1,BEV2,BEV2_2024-07-05_fast_1__segment_1,train,2024-07-05 16:37:59+00:00,2024-07-05 16:38:59+00:00,62.0,23.5,-181.35900000000004,73.99941466847933,0.0,mid,stable
BEV2_2024-07-05_fast_1,BEV2,BEV2_2024-07-05_fast_1__segment_1,train,2024-07-05 16:38:09+00:00,2024-07-05 16:39:09+00:00,62.0,24.5,-180.54600000000005,73.91738839727121,0.0,mid,stable
BEV2_2024-07-05_fast_1,BEV2,BEV2_2024-07-05_fast_1__segment_1,train,2024-07-05 16:38:19+00:00,2024-07-05 16:39:19+00:00,61.75,24.5,-179.78100000000006,73.3667564477713,-0.25,mid,stable
BEV2_2024-07-05_fast_1,BEV2,BEV2_2024-07-05_fast_1__segment_1,train,2024-07-05 16:38:29+00:00,2024-07-05 16:39:29+00:00,61.75,24.5,-178.99300000000002,72.984943864176,-0.25,mid,stable
BEV2_2024-07-05_fast_1,BEV2,BEV2_2024-07-05_fast_1__segment_1,train,2024-07-05 16:38:39+00:00,2024-07-05 16:39:39+00:00,61.75,24.0,-177.91000000000005,72.6559976383093,-0.25,mid,stable
BEV2_2024-07-05_fast_1,BEV2,BEV2_2024-07-05_fast_1__segment_1,train,2024-07-05 16:38:49+00:00,2024-07-05 16:39:49+00:00,61.75,24.0,-177.09200000000004,72.57376108184263,-0.25,mid,stable
BEV2_2024-07-05_fast_1,BEV2,BEV2_2024-07-05_fast_1__segment_1,train,2024-07-05 16:38:59+00:00,2024-07-05 16:39:59+00:00,61.75,24.0,-176.05500000000004,71.78076571591394,-0.25,mid,stable
BEV2_2024-07-05_fast_1,BEV2,BEV2_2024-07-05_fast_1__segment_1,train,2024-07-05 16:39:09+00:00,2024-07-05 16:40:09+00:00,61.75,23.5,-174.19400000000005,70.95840015124718,-0.25,mid,stable
BEV2_2024-07-05_fast_1,BEV2,BEV2_2024-07-05_fast_1__segment_1,train,2024-07-05 16:39:19+00:00,2024-07-05 16:40:19+00:00,61.75,24.0,-173.68050000000002,71.13984628862023,0.0,mid,stable
BEV2_2024-07-05_fast_1,BEV2,BEV2_2024-07-05_fast_1__segment_1,train,2024-07-05 16:39:29+00:00,2024-07-05 16:40:29+00:00,61.75,24.0,-173.28550000000004,71.13984628862023,0.0,mid,stable
BEV2_2024-07-05_fast_1,BEV2,BEV2_2024-07-05_fast_1__segment_1,train,2024-07-05 16:39:39+00:00,2024-07-05 16:40:39+00:00,61.75,24.5,-171.91800000000006,70.75705738061028,0.0,mid,stable
BEV2_2024-07-05_fast_1,BEV2,BEV2_2024-07-05_fast_1__segment_1,train,2024-07-05 16:39:49+00:00,2024-07-05 16:40:49+00:00,61.75,24.5,-170.88450000000003,69.93258896335806,0.0,mid,stable
BEV2_2024-07-05_fast_1,BEV2,BEV2_2024-07-05_fast_1__segment_1,train,2024-07-05 16:39:59+00:00,2024-07-05 16:40:59+00:00,61.5,25.0,-169.78200000000004,69.54980005534809,-0.25,mid,stable
BEV2_2024-07-05_fast_1,BEV2,BEV2_2024-07-05_fast_1__segment_1,train,2024-07-05 16:40:09+00:00,2024-07-05 16:41:09+00:00,61.5,25.0,-169.0910000000001,69.58274403059747,-0.25,mid,stable
BEV2_2024-07-05_fast_1,BEV2,BEV2_2024-07-05_fast_1__segment_1,train,2024-07-05 16:40:19+00:00,2024-07-05 16:41:19+00:00,61.5,25.0,-167.73400000000004,69.30130939855425,-0.25,mid,stable
BEV2_2024-07-05_fast_1,BEV2,BEV2_2024-07-05_fast_1__segment_1,train,2024-07-05 16:40:29+00:00,2024-07-05 16:41:29+00:00,61.5,25.0,-166.24750000000003,68.2505740431077,-0.25,low,stable
BEV2_2024-07-05_fast_1,BEV2,BEV2_2024-07-05_fast_1__segment_1,train,2024-07-05 16:40:39+00:00,2024-07-05 16:41:39+00:00,61.5,25.0,-165.77100000000007,68.09119283750626,-0.25,low,stable
BEV2_2024-07-05_fast_1,BEV2,BEV2_2024-07-05_fast_1__segment_1,train,2024-07-05 16:40:49+00:00,2024-07-05 16:41:49+00:00,61.5,25.0,-164.73900000000006,68.01445373851297,-0.25,low,stable
BEV2_2024-07-05_fast_1,BEV2,BEV2_2024-07-05_fast_1__segment_1,train,2024-07-05 16:40:59+00:00,2024-07-05 16:41:59+00:00,61.5,25.0,-163.42950000000005,67.29428680949903,0.0,low,stable
BEV2_2024-07-05_fast_1,BEV2,BEV2_2024-07-05_fast_1__segment_1,train,2024-07-05 16:41:09+00:00,2024-07-05 16:42:09+00:00,61.5,25.0,-161.78000000000006,66.4973807814918,0.0,low,stable
BEV2_2024-07-05_fast_1,BEV2,BEV2_2024-07-05_fast_1__segment_1,train,2024-07-05 16:41:19+00:00,2024-07-05 16:42:19+00:00,61.5,24.5,-161.36700000000005,66.6665853127424,0.0,low,stable
BEV2_2024-07-05_fast_1,BEV2,BEV2_2024-07-05_fast_1__segment_1,train,2024-07-05 16:41:29+00:00,2024-07-05 16:42:29+00:00,61.25,25.0,-159.73650000000006,66.1694709615422,-0.25,low,stable
BEV2_2024-07-05_fast_1,BEV2,BEV2_2024-07-05_fast_1__segment_1,train,2024-07-05 16:41:39+00:00,2024-07-05 16:42:39+00:00,61.25,25.5,-156.88650000000004,64.70771804789398,-0.25,low,stable
BEV2_2024-07-05_fast_1,BEV2,BEV2_2024-07-05_fast_1__segment_1,train,2024-07-05 16:41:49+00:00,2024-07-05 16:42:49+00:00,61.25,25.5,-155.33750000000006,64.24019383664616,-0.25,low,stable
BEV2_2024-07-05_fast_1,BEV2,BEV2_2024-07-05_fast_1__segment_1,train,2024-07-05 16:41:59+00:00,2024-07-05 16:42:59+00:00,61.25,25.0,-152.48000000000005,63.02699809859802,-0.25,low,stable
BEV2_2024-07-05_fast_1,BEV2,BEV2_2024-07-05_fast_1__segment_1,train,2024-07-05 16:42:09+00:00,2024-07-05 16:43:09+00:00,61.25,25.0,-149.88400000000004,62.198474179931004,-0.25,low,stable
BEV2_2024-07-05_fast_1,BEV2,BEV2_2024-07-05_fast_1__segment_1,train,2024-07-05 16:42:19+00:00,2024-07-05 16:43:19+00:00,61.25,25.0,-147.91750000000005,61.31668800934969,-0.25,low,stable
BEV2_2024-07-05_fast_1,BEV2,BEV2_2024-07-05_fast_1__segment_1,train,2024-07-05 16:42:29+00:00,2024-07-05 16:43:29+00:00,61.25,24.5,-145.80850000000004,60.18634466316825,0.0,low,stable
BEV2_2024-07-05_fast_1,BEV2,BEV2_2024-07-05_fast_1__segment_1,train,2024-07-05 16:42:39+00:00,2024-07-05 16:43:39+00:00,61.25,24.5,-142.60150000000004,58.641739357653314,0.0,low,stable
BEV2_2024-07-05_fast_1,BEV2,BEV2_2024-07-05_fast_1__segment_1,train,2024-07-05 16:42:49+00:00,2024-07-05 16:43:49+00:00,61.25,25.0,-141.48600000000005,58.55888696578661,0.0,low,stable
BEV2_2024-07-05_fast_1,BEV2,BEV2_2024-07-05_fast_1__segment_1,train,2024-07-05 16:42:59+00:00,2024-07-05 16:43:59+00:00,61.25,24.5,-139.35500000000005,57.75995318707199,0.0,low,stable
BEV2_2024-07-05_fast_1,BEV2,BEV2_2024-07-05_fast_1__segment_1,train,2024-07-05 16:43:09+00:00,2024-07-05 16:44:09+00:00,61.0,25.0,-137.75050000000005,57.37528136769088,-0.25,low,stable
BEV2_2024-07-05_fast_1,BEV2,BEV2_2024-07-05_fast_1__segment_1,train,2024-07-05 16:43:19+00:00,2024-07-05 16:44:19+00:00,61.0,24.5,-135.71000000000004,56.546757449023865,-0.25,low,stable
BEV2_2024-07-05_fast_1,BEV2,BEV2_2024-07-05_fast_1__segment_1,train,2024-07-05 16:43:29+00:00,2024-07-05 16:44:29+00:00,61.0,24.5,-134.07450000000006,55.49926649470913,-0.25,low,stable
BEV2_2024-07-05_fast_1,BEV2,BEV2_2024-07-05_fast_1__segment_1,train,2024-07-05 16:43:39+00:00,2024-07-05 16:44:39+00:00,61.0,24.5,-132.42800000000005,55.33356171097573,-0.25,low,stable
BEV2_2024-07-05_fast_1,BEV2,BEV2_2024-07-05_fast_1__segment_1,train,2024-07-05 16:43:49+00:00,2024-07-05 16:44:49+00:00,61.0,24.5,-130.81000000000006,54.53462793226112,-0.25,low,stable
BEV2_2024-07-05_fast_1,BEV2,BEV2_2024-07-05_fast_1__segment_1,train,2024-07-05 16:43:59+00:00,2024-07-05 16:44:59+00:00,61.0,25.0,-128.64600000000004,53.321432194212974,-0.25,low,stable
BEV2_2024-07-05_fast_1,BEV2,BEV2_2024-07-05_fast_1__segment_1,train,2024-07-05 16:44:09+00:00,2024-07-05 16:45:09+00:00,61.0,24.5,-128.03400000000002,53.321432194212974,0.0,low,stable
BEV2_2024-08-19_fast_1,BEV2,BEV2_2024-08-19_fast_1__segment_1,train,2024-08-19 17:56:05+00:00,2024-08-19 17:57:05+00:00,35.0,21.0,-310.029,123.72389605100275,2.0,high,warming
BEV2_2024-08-19_fast_1,BEV2,BEV2_2024-08-19_fast_1__segment_1,train,2024-08-19 17:56:15+00:00,2024-08-19 17:57:15+00:00,35.75,20.5,-310.2045,123.79378639424785,2.5,high,warming
BEV2_2024-08-19_fast_1,BEV2,BEV2_2024-08-19_fast_1__segment_1,train,2024-08-19 17:56:25+00:00,2024-08-19 17:57:25+00:00,36.25,20.5,-309.175,123.91042647916883,2.75,high,warming
BEV2_2024-08-19_fast_1,BEV2,BEV2_2024-08-19_fast_1__segment_1,train,2024-08-19 17:56:35+00:00,2024-08-19 17:57:35+00:00,36.75,20.5,-307.775,123.72202001830934,3.25,high,warming
BEV2_2024-08-19_fast_1,BEV2,BEV2_2024-08-19_fast_1__segment_1,train,2024-08-19 17:56:45+00:00,2024-08-19 17:57:45+00:00,37.25,20.5,-304.9385,123.82847798920763,3.25,high,warming
BEV2_2024-08-19_fast_1,BEV2,BEV2_2024-08-19_fast_1__segment_1,train,2024-08-19 17:56:55+00:00,2024-08-19 17:57:55+00:00,37.75,20.5,-304.5855,123.91734434848469,3.25,high,warming
BEV2_2024-08-19_fast_1,BEV2,BEV2_2024-08-19_fast_1__segment_1,train,2024-08-19 17:57:05+00:00,2024-08-19 17:58:05+00:00,38.5,20.5,-303.512,123.64633590870615,3.5,high,warming
BEV2_2024-08-19_fast_1,BEV2,BEV2_2024-08-19_fast_1__segment_1,train,2024-08-19 17:57:15+00:00,2024-08-19 17:58:15+00:00,39.0,20.0,-303.403,123.83402312421204,3.25,high,warming
BEV2_2024-08-19_fast_1,BEV2,BEV2_2024-08-19_fast_1__segment_1,train,2024-08-19 17:57:25+00:00,2024-08-19 17:58:25+00:00,39.75,20.0,-301.8555,123.85168453065492,3.5,high,warming
BEV2_2024-08-19_fast_1,BEV2,BEV2_2024-08-19_fast_1__segment_1,train,2024-08-19 17:57:35+00:00,2024-08-19 17:58:35+00:00,40.5,20.0,-302.013,123.67368947346489,3.75,high,warming
BEV2_2024-08-19_fast_1,BEV2,BEV2_2024-08-19_fast_1__segment_1,train,2024-08-19 17:57:45+00:00,2024-08-19 17:58:45+00:00,41.0,20.0,-299.968,123.70846217734577,3.75,high,warming
BEV2_2024-08-19_fast_1,BEV2,BEV2_2024-08-19_fast_1__segment_1,train,2024-08-19 17:57:55+00:00,2024-08-19 17:58:55+00:00,41.75,20.0,-301.282,123.86681615670527,4.0,high,warming
BEV2_2024-08-19_fast_1,BEV2,BEV2_2024-08-19_fast_1__segment_1,train,2024-08-19 17:58:05+00:00,2024-08-19 17:59:05+00:00,42.25,20.0,-300.3925,123.5806959894586,3.75,high,warming
BEV2_2024-08-19_fast_1,BEV2,BEV2_2024-08-19_fast_1__segment_1,train,2024-08-19 17:58:15+00:00,2024-08-19 17:59:15+00:00,43.0,20.0,-298.818,123.59930175849232,4.0,high,warming
BEV2_2024-08-19_fast_1,BEV2,BEV2_2024-08-19_fast_1__segment_1,train,2024-08-19 17:58:25+00:00,2024-08-19 17:59:25+00:00,43.5,20.0,-299.246,123.76261709039578,3.75,high,warming
BEV2_2024-08-19_fast_1,BEV2,BEV2_2024-08-19_fast_1__segment_1,train,2024-08-19 17:58:35+00:00,2024-08-19 17:59:35+00:00,44.25,20.0,-299.944,123.80730908720717,3.75,high,warming
BEV2_2024-08-19_fast_1,BEV2,BEV2_2024-08-19_fast_1__segment_1,train,2024-08-19 17:58:45+00:00,2024-08-19 17:59:45+00:00,44.75,20.0,-299.0725,123.54315421378031,3.75,high,warming
BEV2_2024-08-19_fast_1,BEV2,BEV2_2024-08-19_fast_1__segment_1,train,2024-08-19 17:58:55+00:00,2024-08-19 17:59:55+00:00,45.25,20.0,-299.6205,123.56724722688033,3.5,high,warming
BEV2_2024-08-19_fast_1,BEV2,BEV2_2024-08-19_fast_1__segment_1,train,2024-08-19 17:59:05+00:00,2024-08-19 18:00:05+00:00,45.75,20.0,-298.88,123.74449873520273,3.5,high,warming
BEV2_2024-08-19_fast_1,BEV2,BEV2_2024-08-19_fast_1__segment_1,train,2024-08-19 17:59:15+00:00,2024-08-19 18:00:15+00:00,46.25,20.0,-300.052,123.70337607875017,3.25,high,warming
BEV2_2024-08-19_fast_1,BEV2,BEV2_2024-08-19_fast_1__segment_1,train,2024-08-19 17:59:25+00:00,2024-08-19 18:00:25+00:00,47.0,20.0,-296.597,123.51204866706179,3.5,high,warming
BEV2_2024-08-19_fast_1,BEV2,BEV2_2024-08-19_fast_1__segment_1,train,2024-08-19 17:59:35+00:00,2024-08-19 18:00:35+00:00,47.5,20.0,-296.4365,123.67009458714237,3.25,high,warming
BEV2_2024-08-19_fast_1,BEV2,BEV2_2024-08-19_fast_1__segment_1,train,2024-08-19 17:59:45+00:00,2024-08-19 18:00:45+00:00,48.0,20.0,-298.3705,123.63832712998052,3.25,high,warming
BEV2_2024-08-19_fast_1,BEV2,BEV2_2024-08-19_fast_1__segment_1,train,2024-08-19 17:59:55+00:00,2024-08-19 18:00:55+00:00,48.5,20.0,-299.2265,123.81258253722132,3.25,high,warming
BEV2_2024-08-19_fast_1,BEV2,BEV2_2024-08-19_fast_1__segment_1,train,2024-08-19 18:00:05+00:00,2024-08-19 18:01:05+00:00,49.0,20.0,-297.2375,123.52722754878847,3.25,high,warming
BEV2_2024-08-19_fast_1,BEV2,BEV2_2024-08-19_fast_1__segment_1,train,2024-08-19 18:00:15+00:00,2024-08-19 18:01:15+00:00,49.5,20.0,-296.703,123.47654095010077,3.25,high,warming
BEV2_2024-08-19_fast_1,BEV2,BEV2_2024-08-19_fast_1__segment_1,train,2024-08-19 18:00:25+00:00,2024-08-19 18:01:25+00:00,50.0,20.0,-298.082,123.59572889624948,3.0,high,warming
BEV2_2024-08-19_fast_1,BEV2,BEV2_2024-08-19_fast_1__segment_1,train,2024-08-19 18:00:35+00:00,2024-08-19 18:01:35+00:00,50.5,20.0,-294.244,123.6985292129135,3.0,high,warming
BEV2_2024-08-19_fast_1,BEV2,BEV2_2024-08-19_fast_1__segment_1,train,2024-08-19 18:00:45+00:00,2024-08-19 18:01:45+00:00,51.0,19.5,-294.2215,123.45747254125843,3.0,high,warming
BEV2_2024-08-19_fast_1,BEV2,BEV2_2024-08-19_fast_1__segment_1,train,2024-08-19 18:00:55+00:00,2024-08-19 18:01:55+00:00,51.75,19.5,-295.23,123.53653901795764,3.25,high,warming
BEV2_2024-08-19_fast_1,BEV2,BEV2_2024-08-19_fast_1__segment_1,train,2024-08-19 18:01:05+00:00,2024-08-19 18:02:05+00:00,52.25,19.5,-295.585,123.6123320057292,3.25,high,warming
BEV2_2024-08-19_fast_1,BEV2,BEV2_2024-08-19_fast_1__segment_1,train,2024-08-19 18:01:15+00:00,2024-08-19 18:02:15+00:00,52.75,20.0,-295.095,123.68902491451742,3.25,high,warming
BEV2_2024-08-19_fast_1,BEV2,BEV2_2024-08-19_fast_1__segment_1,train,2024-08-19 18:01:25+00:00,2024-08-19 18:02:25+00:00,53.25,20.0,-293.788,123.40896254831661,3.25,high,warming
BEV2_2024-08-19_fast_1,BEV2,BEV2_2024-08-19_fast_1__segment_1,train,2024-08-19 18:01:35+00:00,2024-08-19 18:02:35+00:00,53.75,20.0,-294.0555,123.50833468017758,3.25,high,warming
BEV2_2024-08-19_fast_1,BEV2,BEV2_2024-08-19_fast_1__segment_1,train,2024-08-19 18:01:45+00:00,2024-08-19 18:02:45+00:00,54.25,20.0,-292.8465,123.53366393429353,3.25,high,warming
BEV2_2024-08-19_fast_1,BEV2,BEV2_2024-08-19_fast_1__segment_1,train,2024-08-19 18:01:55+00:00,2024-08-19 18:02:55+00:00,54.75,20.0,-291.7805,123.6698373030262,3.0,high,warming
BEV2_2024-08-19_fast_1,BEV2,BEV2_2024-08-19_fast_1__segment_1,train,2024-08-19 18:02:05+00:00,2024-08-19 18:03:05+00:00,55.0,20.0,-292.9325,123.36647923073603,2.75,high,warming
BEV2_2024-08-19_fast_1,BEV2,BEV2_2024-08-19_fast_1__segment_1,train,2024-08-19 18:02:15+00:00,2024-08-19 18:03:15+00:00,55.5,20.0,-293.884,123.46927082030044,2.75,high,warming
BEV2_2024-08-19_fast_1,BEV2,BEV2_2024-08-19_fast_1__segment_1,train,2024-08-19 18:02:25+00:00,2024-08-19 18:03:25+00:00,56.0,20.0,-286.249,113.96469347068636,2.75,high,warming
BEV2_2024-08-19_fast_1,BEV2,BEV2_2024-08-19_fast_1__segment_1,train,2024-08-19 18:02:35+00:00,2024-08-19 18:03:35+00:00,56.5,20.0,-291.1375,116.59371217423492,2.75,high,warming
BEV2_2024-08-19_fast_1,BEV2,BEV2_2024-08-19_fast_1__segment_1,train,2024-08-19 18:02:45+00:00,2024-08-19 18:03:45+00:00,57.0,20.0,-289.604,116.53429580444883,2.75,high,warming
BEV2_2024-08-19_fast_1,BEV2,BEV2_2024-08-19_fast_1__segment_1,train,2024-08-19 18:02:55+00:00,2024-08-19 18:03:55+00:00,57.5,20.0,-292.238,116.06237463623498,2.75,high,warming
BEV2_2024-08-19_fast_1,BEV2,BEV2_2024-08-19_fast_1__segment_1,train,2024-08-19 18:03:05+00:00,2024-08-19 18:04:05+00:00,57.75,19.5,-291.137,116.19808922310985,2.75,high,warming
BEV2_2024-08-19_fast_1,BEV2,BEV2_2024-08-19_fast_1__segment_1,train,2024-08-19 18:03:15+00:00,2024-08-19 18:04:15+00:00,58.25,19.5,-289.8155,115.50651570335032,2.75,high,warming
BEV2_2024-08-19_fast_1,BEV2,BEV2_2024-08-19_fast_1__segment_1,train,2024-08-19 18:03:25+00:00,2024-08-19 18:04:25+00:00,58.5,19.5,-287.771,114.48810612158182,2.5,high,warming
BEV2_2024-08-19_fast_1,BEV2,BEV2_2024-08-19_fast_1__segment_1,train,2024-08-19 18:03:35+00:00,2024-08-19 18:04:35+00:00,58.75,19.5,-286.3215,113.71111143127435,2.25,high,warming
BEV2_2024-08-19_fast_1,BEV2,BEV2_2024-08-19_fast_1__segment_1,train,2024-08-19 18:03:45+00:00,2024-08-19 18:04:45+00:00,59.0,20.0,-285.737,113.14708915822266,2.0,high,warming
BEV2_2024-08-19_fast_1,BEV2,BEV2_2024-08-19_fast_1__segment_1,train,2024-08-19 18:03:55+00:00,2024-08-19 18:04:55+00:00,59.25,20.0,-283.2555,112.31669669698736,1.75,high,warming
BEV2_2024-08-19_fast_1,BEV2,BEV2_2024-08-19_fast_1__segment_1,train,2024-08-19 18:04:05+00:00,2024-08-19 18:05:05+00:00,59.5,20.0,-280.776,111.22023873373723,1.75,high,warming
BEV2_2024-08-19_fast_1,BEV2,BEV2_2024-08-19_fast_1__segment_1,train,2024-08-19 18:04:15+00:00,2024-08-19 18:05:15+00:00,59.5,19.5,-279.326,110.81850253379756,1.25,high,warming
BEV2_2024-08-19_fast_1,BEV2,BEV2_2024-08-19_fast_1__segment_1,train,2024-08-19 18:04:25+00:00,2024-08-19 18:05:25+00:00,59.75,19.5,-277.6245,110.22263940528964,1.25,high,warming
BEV2_2024-08-19_fast_1,BEV2,BEV2_2024-08-19_fast_1__segment_1,train,2024-08-19 18:04:35+00:00,2024-08-19 18:05:35+00:00,59.75,19.5,-278.4235,109.62560117375767,1.0,high,warming
BEV2_2024-08-19_fast_1,BEV2,BEV2_2024-08-19_fast_1__segment_1,train,2024-08-19 18:04:45+00:00,2024-08-19 18:05:45+00:00,59.25,19.5,-275.643,109.04874745717053,0.25,high,stable
BEV2_2024-08-19_fast_1,BEV2,BEV2_2024-08-19_fast_1__segment_1,train,2024-08-19 18:04:55+00:00,2024-08-19 18:05:55+00:00,58.5,20.0,-272.1925,106.584464884183,-0.75,high,cooling
BEV2_2024-08-19_fast_1,BEV2,BEV2_2024-08-19_fast_1__segment_1,train,2024-08-19 18:05:05+00:00,2024-08-19 18:06:05+00:00,57.75,20.0,-270.67,106.77334262060145,-1.75,high,cooling
BEV2_2024-08-19_fast_1,BEV2,BEV2_2024-08-19_fast_1__segment_1,train,2024-08-19 18:05:15+00:00,2024-08-19 18:06:15+00:00,57.5,20.0,-269.6695,106.45087224099112,-2.0,high,cooling
BEV2_2024-08-19_fast_1,BEV2,BEV2_2024-08-19_fast_1__segment_1,train,2024-08-19 18:05:25+00:00,2024-08-19 18:06:25+00:00,57.25,20.0,-267.73,105.50797732742772,-2.5,high,cooling
BEV2_2024-08-19_fast_1,BEV2,BEV2_2024-08-19_fast_1__segment_1,train,2024-08-19 18:05:35+00:00,2024-08-19 18:06:35+00:00,57.0,20.0,-264.6945,104.764158722442,-2.75,high,cooling
BEV2_2024-08-19_fast_1,BEV2,BEV2_2024-08-19_fast_1__segment_1,train,2024-08-19 18:05:45+00:00,2024-08-19 18:06:45+00:00,57.0,20.0,-263.0415,103.8361899656902,-2.25,high,cooling
BEV2_2024-08-19_fast_1,BEV2,BEV2_2024-08-19_fast_1__segment_1,train,2024-08-19 18:05:55+00:00,2024-08-19 18:06:55+00:00,57.0,20.5,-254.158,100.17496601946674,-1.5,high,cooling
BEV2_2024-08-19_fast_1,BEV2,BEV2_2024-08-19_fast_1__segment_1,train,2024-08-19 18:06:05+00:00,2024-08-19 18:07:05+00:00,57.0,20.5,-253.236,100.2778450350421,-0.75,high,cooling
BEV2_2024-08-19_fast_1,BEV2,BEV2_2024-08-19_fast_1__segment_1,train,2024-08-19 18:06:15+00:00,2024-08-19 18:07:15+00:00,57.0,21.0,-251.6365,100.32019424363406,-0.5,high,cooling
BEV2_2024-08-19_fast_1,BEV2,BEV2_2024-08-19_fast_1__segment_1,train,2024-08-19 18:06:25+00:00,2024-08-19 18:07:25+00:00,57.0,21.5,-252.1135,99.97378756882836,-0.25,high,stable
BEV2_2024-08-19_fast_1,BEV2,BEV2_2024-08-19_fast_1__segment_1,train,2024-08-19 18:06:35+00:00,2024-08-19 18:07:35+00:00,57.25,22.0,-250.83,100.01202066828205,0.25,high,stable
BEV2_2024-08-19_fast_1,BEV2,BEV2_2024-08-19_fast_1__segment_1,train,2024-08-19 18:06:45+00:00,2024-08-19 18:07:45+00:00,57.25,22.5,-251.7655,100.09610416860396,0.25,high,stable
BEV2_2024-08-19_fast_1,BEV2,BEV2_2024-08-19_fast_1__segment_1,train,2024-08-19 18:06:55+00:00,2024-08-19 18:07:55+00:00,57.25,22.5,-251.467,98.99837189976468,0.25,high,stable
BEV2_2024-08-19_fast_1,BEV2,BEV2_2024-08-19_fast_1__segment_1,train,2024-08-19 18:07:05+00:00,2024-08-19 18:08:05+00:00,57.5,23.0,-247.59,98.2329277421967,0.5,high,warming
BEV2_2024-08-19_fast_1,BEV2,BEV2_2024-08-19_fast_1__segment_1,train,2024-08-19 18:07:15+00:00,2024-08-19 18:08:15+00:00,57.5,23.5,-245.952,97.82990351925427,0.5,high,warming
BEV2_2024-08-19_fast_1,BEV2,BEV2_2024-08-19_fast_1__segment_1,train,2024-08-19 18:07:25+00:00,2024-08-19 18:08:25+00:00,57.75,23.5,-244.0168317,97.34845516965636,0.75,high,warming
BEV2_2024-08-19_fast_1,BEV2,BEV2_2024-08-19_fast_1__segment_1,train,2024-08-19 18:07:35+00:00,2024-08-19 18:08:35+00:00,57.75,23.0,-241.7715,96.66727439135384,0.5,high,warming
BEV2_2024-08-19_fast_1,BEV2,BEV2_2024-08-19_fast_1__segment_1,train,2024-08-19 18:07:45+00:00,2024-08-19 18:08:45+00:00,58.0,22.0,-239.4105,95.94127720409348,0.75,high,warming
BEV2_2024-08-19_fast_1,BEV2,BEV2_2024-08-19_fast_1__segment_1,train,2024-08-19 18:07:55+00:00,2024-08-19 18:08:55+00:00,58.0,22.0,-239.708,95.22909378924828,0.75,high,warming
BEV2_2024-08-19_fast_1,BEV2,BEV2_2024-08-19_fast_1__segment_1,train,2024-08-19 18:08:05+00:00,2024-08-19 18:09:05+00:00,58.0,21.5,-236.934,94.61940776404995,0.5,mid,warming
BEV2_2024-08-19_fast_1,BEV2,BEV2_2024-08-19_fast_1__segment_1,train,2024-08-19 18:08:15+00:00,2024-08-19 18:09:15+00:00,58.0,21.5,-236.6,93.92984671212298,0.5,mid,warming
BEV2_2024-08-19_fast_1,BEV2,BEV2_2024-08-19_fast_1__segment_1,train,2024-08-19 18:08:25+00:00,2024-08-19 18:09:25+00:00,58.25,21.0,-232.369,93.38254548988748,0.5,mid,warming
BEV2_2024-08-19_fast_1,BEV2,BEV2_2024-08-19_fast_1__segment_1,train,2024-08-19 18:08:35+00:00,2024-08-19 18:09:35+00:00,58.25,21.0,-231.895,92.58013137811706,0.5,mid,warming
BEV2_2024-08-19_fast_1,BEV2,BEV2_2024-08-19_fast_1__segment_1,train,2024-08-19 18:08:45+00:00,2024-08-19 18:09:45+00:00,58.25,21.0,-230.3315,91.91498183656688,0.25,mid,stable
BEV2_2024-08-19_fast_1,BEV2,BEV2_2024-08-19_fast_1__segment_1,train,2024-08-19 18:08:55+00:00,2024-08-19 18:09:55+00:00,58.25,21.0,-228.051,91.06978212341212,0.25,mid,stable
BEV2_2024-08-19_fast_1,BEV2,BEV2_2024-08-19_fast_1__segment_1,train,2024-08-19 18:09:05+00:00,2024-08-19 18:10:05+00:00,58.5,21.0,-227.1625,90.66832090827236,0.5,mid,warming
BEV2_2024-08-19_fast_1,BEV2,BEV2_2024-08-19_fast_1__segment_1,train,2024-08-19 18:09:15+00:00,2024-08-19 18:10:15+00:00,58.5,21.0,-223.666,89.97760122559228,0.5,mid,warming
BEV2_2024-08-19_fast_1,BEV2,BEV2_2024-08-19_fast_1__segment_1,train,2024-08-19 18:09:25+00:00,2024-08-19 18:10:25+00:00,58.5,21.0,-221.3585,89.14129988069344,0.25,mid,stable
BEV2_2024-08-19_fast_1,BEV2,BEV2_2024-08-19_fast_1__segment_1,train,2024-08-19 18:09:35+00:00,2024-08-19 18:10:35+00:00,58.75,21.0,-221.866,88.81241763654765,0.5,mid,warming
BEV2_2024-08-19_fast_1,BEV2,BEV2_2024-08-19_fast_1__segment_1,train,2024-08-19 18:09:45+00:00,2024-08-19 18:10:45+00:00,58.75,21.0,-220.43,88.07270092628252,0.5,mid,warming
BEV2_2024-08-19_fast_1,BEV2,BEV2_2024-08-19_fast_1__segment_1,train,2024-08-19 18:09:55+00:00,2024-08-19 18:10:55+00:00,58.75,21.0,-218.548,87.65450101475217,0.5,mid,warming
BEV2_2024-08-19_fast_1,BEV2,BEV2_2024-08-19_fast_1__segment_1,train,2024-08-19 18:10:05+00:00,2024-08-19 18:11:05+00:00,59.0,21.0,-216.6635,87.01575919984852,0.5,mid,warming
BEV2_2024-08-19_fast_1,BEV2,BEV2_2024-08-19_fast_1__segment_1,train,2024-08-19 18:10:15+00:00,2024-08-19 18:11:15+00:00,59.0,21.0,-214.644,86.4703171041097,0.5,mid,warming
BEV2_2024-08-19_fast_1,BEV2,BEV2_2024-08-19_fast_1__segment_1,train,2024-08-19 18:10:25+00:00,2024-08-19 18:11:25+00:00,59.25,20.5,-213.7185,85.74459769885922,0.75,mid,warming
BEV2_2024-08-19_fast_1,BEV2,BEV2_2024-08-19_fast_1__segment_1,train,2024-08-19 18:10:35+00:00,2024-08-19 18:11:35+00:00,59.25,20.5,-212.411,85.38065755847197,0.5,mid,warming
BEV2_2024-08-19_fast_1,BEV2,BEV2_2024-08-19_fast_1__segment_1,train,2024-08-19 18:10:45+00:00,2024-08-19 18:11:45+00:00,59.5,20.5,-209.791,84.78399311859297,0.75,mid,warming
BEV2_2024-08-19_fast_1,BEV2,BEV2_2024-08-19_fast_1__segment_1,train,2024-08-19 18:10:55+00:00,2024-08-19 18:11:55+00:00,59.5,20.5,-210.78,84.24167789681422,0.75,mid,warming
BEV2_2024-08-19_fast_1,BEV2,BEV2_2024-08-19_fast_1__segment_1,train,2024-08-19 18:11:05+00:00,2024-08-19 18:12:05+00:00,59.75,20.5,-208.2555,83.55010814633272,0.75,mid,warming
BEV2_2024-08-19_fast_1,BEV2,BEV2_2024-08-19_fast_1__segment_1,train,2024-08-19 18:11:15+00:00,2024-08-19 18:12:15+00:00,59.75,20.5,-205.2905,83.04686068555503,0.75,mid,warming
BEV2_2024-08-19_fast_1,BEV2,BEV2_2024-08-19_fast_1__segment_1,train,2024-08-19 18:11:25+00:00,2024-08-19 18:12:25+00:00,59.75,20.5,-205.5255,82.71048633959613,0.5,mid,warming
BEV2_2024-08-19_fast_1,BEV2,BEV2_2024-08-19_fast_1__segment_1,train,2024-08-19 18:11:35+00:00,2024-08-19 18:12:35+00:00,60.0,20.5,-203.7485,82.0820321773013,0.75,mid,warming
BEV2_2024-08-19_fast_1,BEV2,BEV2_2024-08-19_fast_1__segment_1,train,2024-08-19 18:11:45+00:00,2024-08-19 18:12:45+00:00,60.0,20.5,-203.014,81.93259840625414,0.5,mid,warming
BEV2_2024-08-19_fast_1,BEV2,BEV2_2024-08-19_fast_1__segment_1,train,2024-08-19 18:11:55+00:00,2024-08-19 18:12:55+00:00,60.0,20.5,-203.9025,81.60721442335867,0.5,mid,warming
BEV2_2024-08-19_fast_1,BEV2,BEV2_2024-08-19_fast_1__segment_1,train,2024-08-19 18:12:05+00:00,2024-08-19 18:13:05+00:00,60.25,20.5,-201.758,81.3105504017404,0.5,mid,warming
BEV2_2024-08-19_fast_1,BEV2,BEV2_2024-08-19_fast_1__segment_1,train,2024-08-19 18:12:15+00:00,2024-08-19 18:13:15+00:00,60.25,20.5,-200.7025,81.26694691912198,0.5,mid,warming
BEV2_2024-08-19_fast_1,BEV2,BEV2_2024-08-19_fast_1__segment_1,train,2024-08-19 18:12:25+00:00,2024-08-19 18:13:25+00:00,60.25,20.5,-201.1775,80.89047759551089,0.5,mid,warming
BEV2_2024-08-19_fast_1,BEV2,BEV2_2024-08-19_fast_1__segment_1,train,2024-08-19 18:12:35+00:00,2024-08-19 18:13:35+00:00,60.5,20.5,-199.094,80.56271886122586,0.5,mid,warming
BEV2_2024-08-19_fast_1,BEV2,BEV2_2024-08-19_fast_1__segment_1,train,2024-08-19 18:12:45+00:00,2024-08-19 18:13:45+00:00,60.5,20.5,-198.4685,80.22631541632356,0.5,mid,warming
BEV2_2024-08-19_fast_1,BEV2,BEV2_2024-08-19_fast_1__segment_1,train,2024-08-19 18:12:55+00:00,2024-08-19 18:13:55+00:00,60.5,20.5,-199.8455,80.15561449047738,0.5,mid,warming
BEV2_2024-08-19_fast_1,BEV2,BEV2_2024-08-19_fast_1__segment_1,train,2024-08-19 18:13:05+00:00,2024-08-19 18:14:05+00:00,60.75,20.5,-197.749,79.86383227207658,0.5,mid,warming
BEV2_2024-08-19_fast_1,BEV2,BEV2_2024-08-19_fast_1__segment_1,train,2024-08-19 18:13:15+00:00,2024-08-19 18:14:15+00:00,60.75,20.5,-198.1005,79.50049548167956,0.5,mid,warming
BEV2_2024-08-19_fast_1,BEV2,BEV2_2024-08-19_fast_1__segment_1,train,2024-08-19 18:13:25+00:00,2024-08-19 18:14:25+00:00,60.75,20.5,-195.6365,79.09332401777135,0.5,mid,warming
BEV2_2024-08-19_fast_1,BEV2,BEV2_2024-08-19_fast_1__segment_1,train,2024-08-19 18:13:35+00:00,2024-08-19 18:14:35+00:00,61.0,20.5,-195.503,78.91291318959841,0.5,mid,warming
BEV2_2024-08-19_fast_1,BEV2,BEV2_2024-08-19_fast_1__segment_1,train,2024-08-19 18:13:45+00:00,2024-08-19 18:14:45+00:00,61.0,20.5,-192.7825,78.39467395171663,0.5,mid,warming
BEV2_2024-08-19_fast_1,BEV2,BEV2_2024-08-19_fast_1__segment_1,train,2024-08-19 18:13:55+00:00,2024-08-19 18:14:55+00:00,61.0,20.5,-194.4395,78.15853048080183,0.5,mid,warming
BEV2_2024-08-19_fast_1,BEV2,BEV2_2024-08-19_fast_1__segment_1,train,2024-08-19 18:14:05+00:00,2024-08-19 18:15:05+00:00,61.0,20.5,-191.299,78.01099275785208,0.25,mid,stable
BEV2_2024-08-19_fast_1,BEV2,BEV2_2024-08-19_fast_1__segment_1,train,2024-08-19 18:14:15+00:00,2024-08-19 18:15:15+00:00,61.0,20.5,-191.5535,77.81814607004986,0.25,mid,stable
BEV2_2024-08-19_fast_1,BEV2,BEV2_2024-08-19_fast_1__segment_1,train,2024-08-19 18:14:25+00:00,2024-08-19 18:15:25+00:00,61.25,20.5,-190.9393939,77.3732577652561,0.5,mid,warming
BEV2_2024-08-19_fast_1,BEV2,BEV2_2024-08-19_fast_1__segment_1,train,2024-08-19 18:14:35+00:00,2024-08-19 18:15:35+00:00,61.25,20.5,-189.528,77.08950075283047,0.25,mid,stable
BEV2_2024-08-19_fast_1,BEV2,BEV2_2024-08-19_fast_1__segment_1,train,2024-08-19 18:14:45+00:00,2024-08-19 18:15:45+00:00,61.25,20.5,-190.123,76.8890344213564,0.25,mid,stable
BEV2_2024-08-19_fast_1,BEV2,BEV2_2024-08-19_fast_1__segment_1,train,2024-08-19 18:14:55+00:00,2024-08-19 18:15:55+00:00,61.25,20.5,-188.5155,76.58297186071492,0.25,mid,stable
BEV2_2024-08-19_fast_1,BEV2,BEV2_2024-08-19_fast_1__segment_1,train,2024-08-19 18:15:05+00:00,2024-08-19 18:16:05+00:00,61.25,20.5,-187.023,76.16602598895233,0.25,mid,stable
BEV2_2024-08-19_fast_1,BEV2,BEV2_2024-08-19_fast_1__segment_1,train,2024-08-19 18:15:15+00:00,2024-08-19 18:16:15+00:00,61.25,20.5,-185.2815,75.8435224313678,0.25,mid,stable
BEV2_2024-08-19_fast_1,BEV2,BEV2_2024-08-19_fast_1__segment_1,train,2024-08-19 18:15:25+00:00,2024-08-19 18:16:25+00:00,61.5,20.5,-185.0575,75.71902107440222,0.25,mid,stable
BEV2_2024-08-19_fast_1,BEV2,BEV2_2024-08-19_fast_1__segment_1,train,2024-08-19 18:15:35+00:00,2024-08-19 18:16:35+00:00,61.5,20.5,-185.479,75.48680650918651,0.25,mid,stable
BEV2_2024-08-19_fast_1,BEV2,BEV2_2024-08-19_fast_1__segment_1,train,2024-08-19 18:15:45+00:00,2024-08-19 18:16:45+00:00,61.5,20.5,-185.4235,75.21900402801218,0.25,mid,stable
BEV2_2024-08-19_fast_1,BEV2,BEV2_2024-08-19_fast_1__segment_1,train,2024-08-19 18:15:55+00:00,2024-08-19 18:16:55+00:00,61.5,20.5,-183.7925,74.91842416073843,0.25,mid,stable
BEV2_2024-08-19_fast_1,BEV2,BEV2_2024-08-19_fast_1__segment_1,train,2024-08-19 18:16:05+00:00,2024-08-19 18:17:05+00:00,61.5,20.5,-183.787,74.79800297056272,0.25,mid,stable
BEV2_2024-08-19_fast_1,BEV2,BEV2_2024-08-19_fast_1__segment_1,train,2024-08-19 18:16:15+00:00,2024-08-19 18:17:15+00:00,61.5,20.5,-182.263,74.39421130134866,0.25,mid,stable
BEV2_2024-08-19_fast_1,BEV2,BEV2_2024-08-19_fast_1__segment_1,train,2024-08-19 18:16:25+00:00,2024-08-19 18:17:25+00:00,61.5,20.5,-180.9235,74.07194507422356,0.0,mid,stable
BEV2_2024-08-19_fast_1,BEV2,BEV2_2024-08-19_fast_1__segment_1,train,2024-08-19 18:16:35+00:00,2024-08-19 18:17:35+00:00,61.5,20.5,-181.344,73.79522853211263,0.0,mid,stable
BEV2_2024-08-19_fast_1,BEV2,BEV2_2024-08-19_fast_1__segment_1,train,2024-08-19 18:16:45+00:00,2024-08-19 18:17:45+00:00,61.75,20.5,-181.3345,73.57013276203631,0.25,mid,stable
BEV2_2024-08-19_fast_1,BEV2,BEV2_2024-08-19_fast_1__segment_1,train,2024-08-19 18:16:55+00:00,2024-08-19 18:17:55+00:00,61.75,20.5,-179.6045,73.3499693657963,0.25,mid,stable
BEV2_2024-08-19_fast_1,BEV2,BEV2_2024-08-19_fast_1__segment_1,train,2024-08-19 18:17:05+00:00,2024-08-19 18:18:05+00:00,61.75,20.5,-179.505,73.10129452878319,0.25,mid,stable
BEV2_2024-08-19_fast_1,BEV2,BEV2_2024-08-19_fast_1__segment_1,train,2024-08-19 18:17:15+00:00,2024-08-19 18:18:15+00:00,61.75,20.5,-178.1535,72.64022990412882,0.25,mid,stable
BEV2_2024-08-19_fast_1,BEV2,BEV2_2024-08-19_fast_1__segment_1,train,2024-08-19 18:17:25+00:00,2024-08-19 18:18:25+00:00,61.75,21.0,-175.478,72.25158112567703,0.25,mid,stable
BEV2_2024-08-19_fast_1,BEV2,BEV2_2024-08-19_fast_1__segment_1,train,2024-08-19 18:17:35+00:00,2024-08-19 18:18:35+00:00,61.75,21.0,-174.765,71.9358822525003,0.25,mid,stable
BEV2_2024-08-19_fast_1,BEV2,BEV2_2024-08-19_fast_1__segment_1,train,2024-08-19 18:17:45+00:00,2024-08-19 18:18:45+00:00,61.75,21.0,-174.4665,71.69701987277246,0.0,mid,stable
BEV2_2024-08-19_fast_1,BEV2,BEV2_2024-08-19_fast_1__segment_1,train,2024-08-19 18:17:55+00:00,2024-08-19 18:18:55+00:00,61.75,21.0,-174.888,71.1672477452694,0.0,mid,stable
BEV2_2024-08-19_fast_1,BEV2,BEV2_2024-08-19_fast_1__segment_1,train,2024-08-19 18:18:05+00:00,2024-08-19 18:19:05+00:00,61.75,21.0,-173.203,70.93172604022433,0.0,mid,stable
BEV2_2024-08-19_fast_1,BEV2,BEV2_2024-08-19_fast_1__segment_1,train,2024-08-19 18:18:15+00:00,2024-08-19 18:19:15+00:00,61.75,21.0,-170.879,70.4831583682483,0.0,mid,stable
BEV2_2024-08-19_fast_1,BEV2,BEV2_2024-08-19_fast_1__segment_1,train,2024-08-19 18:18:25+00:00,2024-08-19 18:19:25+00:00,61.75,21.0,-170.342,70.15218738773193,0.0,mid,stable
BEV2_2024-08-19_fast_1,BEV2,BEV2_2024-08-19_fast_1__segment_1,train,2024-08-19 18:18:35+00:00,2024-08-19 18:19:35+00:00,61.75,21.0,-171.2675,69.7795374980295,0.0,mid,stable
BEV2_2024-08-19_fast_1,BEV2,BEV2_2024-08-19_fast_1__segment_1,train,2024-08-19 18:18:45+00:00,2024-08-19 18:19:45+00:00,61.75,21.0,-169.857,69.55325565714878,0.0,mid,stable
BEV2_2024-08-19_fast_1,BEV2,BEV2_2024-08-19_fast_1__segment_1,train,2024-08-19 18:18:55+00:00,2024-08-19 18:19:55+00:00,61.75,21.0,-168.3545,68.97660809862515,0.0,mid,stable
BEV2_2024-08-19_fast_1,BEV2,BEV2_2024-08-19_fast_1__segment_1,train,2024-08-19 18:19:05+00:00,2024-08-19 18:20:05+00:00,61.75,21.0,-168.288,68.8034027225406,0.0,low,stable
BEV2_2024-08-19_fast_1,BEV2,BEV2_2024-08-19_fast_1__segment_1,train,2024-08-19 18:19:15+00:00,2024-08-19 18:20:15+00:00,61.75,20.5,-166.549,68.29797111462014,0.0,low,stable
BEV2_2024-08-19_fast_1,BEV2,BEV2_2024-08-19_fast_1__segment_1,train,2024-08-19 18:19:25+00:00,2024-08-19 18:20:25+00:00,61.75,20.5,-165.5485,67.86924491582609,0.0,low,stable
BEV2_2024-08-19_fast_1,BEV2,BEV2_2024-08-19_fast_1__segment_1,train,2024-08-19 18:19:35+00:00,2024-08-19 18:20:35+00:00,61.75,20.5,-162.668,67.54714775321773,0.0,low,stable
BEV2_2024-08-19_fast_1,BEV2,BEV2_2024-08-19_fast_1__segment_1,train,2024-08-19 18:19:45+00:00,2024-08-19 18:20:45+00:00,61.75,20.5,-162.677,67.22681260004738,0.0,low,stable
BEV2_2024-08-19_fast_1,BEV2,BEV2_2024-08-19_fast_1__segment_1,train,2024-08-19 18:19:55+00:00,2024-08-19 18:20:55+00:00,61.75,20.5,-162.0765,66.90833170696187,0.0,low,stable
BEV2_2024-08-19_fast_1,BEV2,BEV2_2024-08-19_fast_1__segment_1,train,2024-08-19 18:20:05+00:00,2024-08-19 18:21:05+00:00,61.75,20.5,-160.528,66.55203616517635,0.0,low,stable
BEV2_2024-08-19_fast_1,BEV2,BEV2_2024-08-19_fast_1__segment_1,train,2024-08-19 18:20:15+00:00,2024-08-19 18:21:15+00:00,61.75,20.5,-158.973,65.88510521701876,0.0,low,stable
BEV2_2024-08-19_fast_1,BEV2,BEV2_2024-08-19_fast_1__segment_1,train,2024-08-19 18:20:25+00:00,2024-08-19 18:21:25+00:00,61.75,21.0,-157.291,64.81651692416318,0.0,low,stable
BEV2_2024-08-19_fast_1,BEV2,BEV2_2024-08-19_fast_1__segment_1,train,2024-08-19 18:20:35+00:00,2024-08-19 18:21:35+00:00,61.75,21.0,-155.5285,63.99908675927896,0.0,low,stable
BEV2_2024-08-19_fast_1,BEV2,BEV2_2024-08-19_fast_1__segment_1,train,2024-08-19 18:20:45+00:00,2024-08-19 18:21:45+00:00,61.75,21.0,-153.429,63.06112499326643,0.0,low,stable
BEV2_2024-08-19_fast_1,BEV2,BEV2_2024-08-19_fast_1__segment_1,train,2024-08-19 18:20:55+00:00,2024-08-19 18:21:55+00:00,61.75,21.0,-149.537,62.04819202736308,0.0,low,stable
BEV2_2024-08-19_fast_1,BEV2,BEV2_2024-08-19_fast_1__segment_1,train,2024-08-19 18:21:05+00:00,2024-08-19 18:22:05+00:00,61.75,21.0,-146.7315,61.155752457030566,0.0,low,stable
BEV2_2024-08-19_fast_1,BEV2,BEV2_2024-08-19_fast_1__segment_1,train,2024-08-19 18:21:15+00:00,2024-08-19 18:22:15+00:00,61.75,21.0,-144.4015,60.356780325784975,0.0,low,stable
BEV2_2024-08-19_fast_1,BEV2,BEV2_2024-08-19_fast_1__segment_1,train,2024-08-19 18:21:25+00:00,2024-08-19 18:22:25+00:00,61.75,21.0,-142.7775,59.62501170937452,0.0,low,stable
BEV2_2024-08-19_fast_1,BEV2,BEV2_2024-08-19_fast_1__segment_1,train,2024-08-19 18:21:35+00:00,2024-08-19 18:22:35+00:00,61.75,21.0,-142.247,58.7420153794038,0.0,low,stable
BEV2_2024-08-19_fast_1,BEV2,BEV2_2024-08-19_fast_1__segment_1,train,2024-08-19 18:21:45+00:00,2024-08-19 18:22:45+00:00,61.75,21.0,-140.179,57.935547278818845,0.0,low,stable
BEV2_2024-08-19_fast_1,BEV2,BEV2_2024-08-19_fast_1__segment_1,train,2024-08-19 18:21:55+00:00,2024-08-19 18:22:55+00:00,61.75,21.0,-138.1105,57.11271126019337,0.0,low,stable
BEV2_2024-08-19_fast_1,BEV2,BEV2_2024-08-19_fast_1__segment_1,train,2024-08-19 18:22:05+00:00,2024-08-19 18:23:05+00:00,61.75,21.0,-135.8705,56.45087745376611,0.0,low,stable
BEV2_2024-08-19_fast_1,BEV2,BEV2_2024-08-19_fast_1__segment_1,train,2024-08-19 18:22:15+00:00,2024-08-19 18:23:15+00:00,61.75,21.0,-135.625,55.90030408065871,0.0,low,stable
BEV2_2024-08-19_fast_1,BEV2,BEV2_2024-08-19_fast_1__segment_1,train,2024-08-19 18:22:25+00:00,2024-08-19 18:23:25+00:00,61.75,21.0,-132.802,55.1312134441512,0.0,low,stable
BEV2_2024-08-19_fast_1,BEV2,BEV2_2024-08-19_fast_1__segment_1,train,2024-08-19 18:22:35+00:00,2024-08-19 18:23:35+00:00,61.5,21.0,-131.8635,54.5736877780113,-0.25,low,stable
BEV2_2024-08-19_fast_1,BEV2,BEV2_2024-08-19_fast_1__segment_1,train,2024-08-19 18:22:45+00:00,2024-08-19 18:23:45+00:00,61.5,21.0,-130.1535,53.96408647221416,-0.25,low,stable
BEV2_2024-08-19_fast_1,BEV2,BEV2_2024-08-19_fast_1__segment_1,train,2024-08-19 18:22:55+00:00,2024-08-19 18:23:55+00:00,61.5,21.0,-128.1325,53.278640659630646,-0.25,low,stable
BEV2_2024-08-19_fast_1,BEV2,BEV2_2024-08-19_fast_1__segment_1,train,2024-08-19 18:23:05+00:00,2024-08-19 18:24:05+00:00,61.5,21.0,-126.5315,52.75169927550173,-0.25,low,stable
BEV2_2024-08-19_fast_1,BEV2,BEV2_2024-08-19_fast_1__segment_1,train,2024-08-19 18:23:15+00:00,2024-08-19 18:24:15+00:00,61.5,21.0,-126.492,52.076155927286564,-0.25,low,stable
BEV2_2024-08-19_fast_1,BEV2,BEV2_2024-08-19_fast_1__segment_1,train,2024-08-19 18:23:25+00:00,2024-08-19 18:24:25+00:00,61.5,20.5,-123.731,51.57619711372906,-0.25,low,stable
BEV2_2024-08-19_fast_1,BEV2,BEV2_2024-08-19_fast_1__segment_1,train,2024-08-19 18:23:35+00:00,2024-08-19 18:24:35+00:00,61.5,20.5,-121.728,51.21157990169163,0.0,low,stable
BEV2_2024-08-19_fast_1,BEV2,BEV2_2024-08-19_fast_1__segment_1,train,2024-08-19 18:23:45+00:00,2024-08-19 18:24:45+00:00,61.5,20.5,-122.665,50.6011357522046,0.0,low,stable
BEV2_2024-08-19_fast_1,BEV2,BEV2_2024-08-19_fast_1__segment_1,train,2024-08-19 18:23:55+00:00,2024-08-19 18:24:55+00:00,61.25,20.5,-121.2475,50.09231299593438,-0.25,low,stable
BEV2_2024-08-19_fast_1,BEV2,BEV2_2024-08-19_fast_1__segment_1,train,2024-08-19 18:24:05+00:00,2024-08-19 18:25:05+00:00,61.25,20.5,-120.3805,49.67874197383793,-0.25,low,stable
BEV2_2024-08-19_fast_1,BEV2,BEV2_2024-08-19_fast_1__segment_1,train,2024-08-19 18:24:15+00:00,2024-08-19 18:25:15+00:00,61.25,20.5,-119.053,49.22498009128634,-0.25,low,stable
BEV2_2024-08-19_fast_1,BEV2,BEV2_2024-08-19_fast_1__segment_1,train,2024-08-19 18:24:25+00:00,2024-08-19 18:25:25+00:00,61.25,20.5,-117.489,48.83387546533608,-0.25,low,stable
BEV2_2024-08-19_fast_1,BEV2,BEV2_2024-08-19_fast_1__segment_1,train,2024-08-19 18:24:35+00:00,2024-08-19 18:25:35+00:00,61.25,20.5,-116.23,48.32729371290211,-0.25,low,stable
BEV2_2024-08-19_fast_1,BEV2,BEV2_2024-08-19_fast_1__segment_1,train,2024-08-19 18:24:45+00:00,2024-08-19 18:25:45+00:00,61.25,20.5,-116.1015,47.96484612149481,-0.25,low,stable
BEV2_2024-08-19_fast_1,BEV2,BEV2_2024-08-19_fast_1__segment_1,train,2024-08-19 18:24:55+00:00,2024-08-19 18:25:55+00:00,61.0,20.5,-114.663,47.604474678779795,-0.25,low,stable
BEV2_2024-08-19_fast_1,BEV2,BEV2_2024-08-19_fast_1__segment_1,train,2024-08-19 18:25:05+00:00,2024-08-19 18:26:05+00:00,61.0,20.5,-113.1015,47.19217339173248,-0.25,low,stable
BEV2_2024-08-19_fast_1,BEV2,BEV2_2024-08-19_fast_1__segment_1,train,2024-08-19 18:25:15+00:00,2024-08-19 18:26:15+00:00,61.0,20.5,-112.7355,46.725887633583326,-0.25,low,stable
BEV2_2024-08-19_fast_1,BEV2,BEV2_2024-08-19_fast_1__segment_1,train,2024-08-19 18:25:25+00:00,2024-08-19 18:26:25+00:00,61.0,20.5,-110.32,46.528841777068436,-0.25,low,stable
BEV2_2024-08-19_fast_1,BEV2,BEV2_2024-08-19_fast_1__segment_1,train,2024-08-19 18:25:35+00:00,2024-08-19 18:26:35+00:00,61.0,20.5,-109.248,46.11912206818982,-0.25,low,stable
BEV2_2024-08-19_fast_1,BEV2,BEV2_2024-08-19_fast_1__segment_1,train,2024-08-19 18:25:45+00:00,2024-08-19 18:26:45+00:00,60.75,20.5,-110.2975,45.80270188386041,-0.5,low,cooling
BEV2_2024-08-19_fast_1,BEV2,BEV2_2024-08-19_fast_1__segment_1,train,2024-08-19 18:25:55+00:00,2024-08-19 18:26:55+00:00,60.75,20.5,-110.0945,45.645700537899394,-0.25,low,stable
BEV2_2024-08-19_fast_1,BEV2,BEV2_2024-08-19_fast_1__segment_1,train,2024-08-19 18:26:05+00:00,2024-08-19 18:27:05+00:00,60.75,20.5,-108.8985,45.21906383112318,-0.25,low,stable
BEV2_2024-08-19_fast_1,BEV2,BEV2_2024-08-19_fast_1__segment_1,train,2024-08-19 18:26:15+00:00,2024-08-19 18:27:15+00:00,60.75,21.0,-107.0755,45.00771224574851,-0.25,low,stable
BEV2_2024-08-19_fast_1,BEV2,BEV2_2024-08-19_fast_1__segment_1,train,2024-08-19 18:26:25+00:00,2024-08-19 18:27:25+00:00,60.75,20.5,-106.118,44.64707687138098,-0.25,low,stable
BEV2_2024-08-19_fast_1,BEV2,BEV2_2024-08-19_fast_1__segment_1,train,2024-08-19 18:26:35+00:00,2024-08-19 18:27:35+00:00,60.75,20.5,-106.1595,44.546133820133896,-0.25,low,stable
BEV2_2024-08-19_fast_1,BEV2,BEV2_2024-08-19_fast_1__segment_1,train,2024-08-19 18:26:45+00:00,2024-08-19 18:27:45+00:00,60.5,20.5,-106.2155,44.17398074085206,-0.25,low,stable
BEV2_2024-08-19_fast_1,BEV2,BEV2_2024-08-19_fast_1__segment_1,train,2024-08-19 18:26:55+00:00,2024-08-19 18:27:55+00:00,60.5,20.5,-104.5645,43.87168313700173,-0.25,low,stable
BEV2_2024-08-19_fast_1,BEV2,BEV2_2024-08-19_fast_1__segment_1,train,2024-08-19 18:27:05+00:00,2024-08-19 18:28:05+00:00,60.5,20.5,-104.513,43.682890428786244,-0.25,low,stable
BEV2_2024-08-19_fast_1,BEV2,BEV2_2024-08-19_fast_1__segment_1,train,2024-08-19 18:27:15+00:00,2024-08-19 18:28:15+00:00,60.5,20.5,-104.047,43.46707725681517,-0.25,low,stable
BEV2_2024-08-19_fast_1,BEV2,BEV2_2024-08-19_fast_1__segment_1,train,2024-08-19 18:27:25+00:00,2024-08-19 18:28:25+00:00,60.5,20.5,-102.439,43.25758033135361,-0.25,low,stable
BEV2_2024-08-19_fast_1,BEV2,BEV2_2024-08-19_fast_1__segment_1,train,2024-08-19 18:27:35+00:00,2024-08-19 18:28:35+00:00,60.25,20.5,-102.2245,42.96874533301879,-0.5,low,cooling
BEV2_2024-08-19_fast_1,BEV2,BEV2_2024-08-19_fast_1__segment_1,train,2024-08-19 18:27:45+00:00,2024-08-19 18:28:45+00:00,60.25,20.5,-102.5505,42.84548150620437,-0.25,low,stable
BEV2_2024-08-19_fast_1,BEV2,BEV2_2024-08-19_fast_1__segment_1,train,2024-08-19 18:27:55+00:00,2024-08-19 18:28:55+00:00,60.25,20.5,-101.0355,42.58930622470162,-0.25,low,stable
BEV2_2024-08-19_fast_1,BEV2,BEV2_2024-08-19_fast_1__segment_1,train,2024-08-19 18:28:05+00:00,2024-08-19 18:29:05+00:00,60.25,20.5,-99.6425,42.278303546082036,-0.25,low,stable
BEV2_2024-08-19_fast_1,BEV2,BEV2_2024-08-19_fast_1__segment_1,train,2024-08-19 18:28:15+00:00,2024-08-19 18:29:15+00:00,60.25,20.5,-100.694,42.06424657827773,-0.25,low,stable
BEV2_2024-08-19_fast_1,BEV2,BEV2_2024-08-19_fast_1__segment_1,train,2024-08-19 18:28:25+00:00,2024-08-19 18:29:25+00:00,60.0,20.5,-100.9945,42.00813335178139,-0.5,low,cooling
BEV2_2024-08-19_fast_1,BEV2,BEV2_2024-08-19_fast_1__segment_1,train,2024-08-19 18:28:35+00:00,2024-08-19 18:29:35+00:00,60.0,21.0,-99.8175,41.771108401545895,-0.25,low,stable
BEV2_2024-08-19_fast_1,BEV2,BEV2_2024-08-19_fast_1__segment_1,train,2024-08-19 18:28:45+00:00,2024-08-19 18:29:45+00:00,60.0,21.0,-98.972,41.61980599798245,-0.25,low,stable
BEV2_2024-08-19_fast_1,BEV2,BEV2_2024-08-19_fast_1__segment_1,train,2024-08-19 18:28:55+00:00,2024-08-19 18:29:55+00:00,60.0,20.5,-98.808,41.3864309868543,-0.25,low,stable
BEV2_2024-08-19_fast_1,BEV2,BEV2_2024-08-19_fast_1__segment_1,train,2024-08-19 18:29:05+00:00,2024-08-19 18:30:05+00:00,59.75,20.5,-99.16,41.25353607595121,-0.5,low,cooling
BEV2_2024-08-19_fast_1,BEV2,BEV2_2024-08-19_fast_1__segment_1,train,2024-08-19 18:29:15+00:00,2024-08-19 18:30:15+00:00,59.75,20.5,-96.4295,40.93826371685216,-0.5,low,cooling
BEV2_2024-08-22_fast_1,BEV2,BEV2_2024-08-22_fast_1__segment_1,train,2024-08-22 18:20:01+00:00,2024-08-22 18:21:01+00:00,41.5,22.5,-298.355,115.92172582983123,1.5,high,warming
BEV2_2024-08-22_fast_1,BEV2,BEV2_2024-08-22_fast_1__segment_1,train,2024-08-22 18:20:11+00:00,2024-08-22 18:21:11+00:00,42.0,22.5,-297.82050000000004,115.74720859172727,2.0,high,warming
BEV2_2024-08-22_fast_1,BEV2,BEV2_2024-08-22_fast_1__segment_1,train,2024-08-22 18:20:21+00:00,2024-08-22 18:21:21+00:00,42.25,22.5,-296.57500000000005,116.0384832327654,2.0,high,warming
BEV2_2024-08-22_fast_1,BEV2,BEV2_2024-08-22_fast_1__segment_1,train,2024-08-22 18:20:31+00:00,2024-08-22 18:21:31+00:00,42.5,22.5,-292.90250000000003,115.81027067313175,2.0,high,warming
BEV2_2024-08-22_fast_1,BEV2,BEV2_2024-08-22_fast_1__segment_1,train,2024-08-22 18:20:41+00:00,2024-08-22 18:21:41+00:00,43.0,22.5,-291.1960000000001,115.856836036936,2.25,high,warming
BEV2_2024-08-22_fast_1,BEV2,BEV2_2024-08-22_fast_1__segment_1,train,2024-08-22 18:20:51+00:00,2024-08-22 18:21:51+00:00,43.5,22.5,-291.7515000000001,115.61698756782636,2.25,high,warming
BEV2_2024-08-22_fast_1,BEV2,BEV2_2024-08-22_fast_1__segment_1,train,2024-08-22 18:21:01+00:00,2024-08-22 18:22:01+00:00,44.0,22.5,-290.8815000000001,115.7013431237823,2.5,high,warming
BEV2_2024-08-22_fast_1,BEV2,BEV2_2024-08-22_fast_1__segment_1,train,2024-08-22 18:21:11+00:00,2024-08-22 18:22:11+00:00,44.5,22.5,-290.53200000000004,115.81330151670896,2.5,high,warming
BEV2_2024-08-22_fast_1,BEV2,BEV2_2024-08-22_fast_1__segment_1,train,2024-08-22 18:21:21+00:00,2024-08-22 18:22:21+00:00,45.0,22.5,-289.33600000000007,115.56108419743778,2.75,high,warming
BEV2_2024-08-22_fast_1,BEV2,BEV2_2024-08-22_fast_1__segment_1,train,2024-08-22 18:21:31+00:00,2024-08-22 18:22:31+00:00,45.5,22.5,-288.07250000000005,115.59449192678416,3.0,high,warming
BEV2_2024-08-22_fast_1,BEV2,BEV2_2024-08-22_fast_1__segment_1,train,2024-08-22 18:21:41+00:00,2024-08-22 18:22:41+00:00,46.0,22.5,-288.29,115.65137328455756,3.0,high,warming
BEV2_2024-08-22_fast_1,BEV2,BEV2_2024-08-22_fast_1__segment_1,train,2024-08-22 18:21:51+00:00,2024-08-22 18:22:51+00:00,46.5,22.5,-288.02400000000006,115.69847997196996,3.0,high,warming
BEV2_2024-08-22_fast_1,BEV2,BEV2_2024-08-22_fast_1__segment_1,train,2024-08-22 18:22:01+00:00,2024-08-22 18:23:01+00:00,47.0,22.5,-285.64250000000004,115.42310080435404,3.0,high,warming
BEV2_2024-08-22_fast_1,BEV2,BEV2_2024-08-22_fast_1__segment_1,train,2024-08-22 18:22:11+00:00,2024-08-22 18:23:11+00:00,47.5,22.5,-286.53450000000004,115.563427912475,3.0,high,warming
BEV2_2024-08-22_fast_1,BEV2,BEV2_2024-08-22_fast_1__segment_1,train,2024-08-22 18:22:21+00:00,2024-08-22 18:23:21+00:00,48.0,22.5,-288.1580000000001,115.60858795920828,3.0,high,warming
BEV2_2024-08-22_fast_1,BEV2,BEV2_2024-08-22_fast_1__segment_1,train,2024-08-22 18:22:31+00:00,2024-08-22 18:23:31+00:00,48.5,22.5,-288.06550000000004,115.56581550846664,3.0,high,warming
BEV2_2024-08-22_fast_1,BEV2,BEV2_2024-08-22_fast_1__segment_1,train,2024-08-22 18:22:41+00:00,2024-08-22 18:23:41+00:00,49.0,22.5,-303.23900000000003,115.44426633749177,3.0,high,warming
BEV2_2024-08-22_fast_1,BEV2,BEV2_2024-08-22_fast_1__segment_1,train,2024-08-22 18:22:51+00:00,2024-08-22 18:23:51+00:00,49.25,22.5,-303.27250000000004,115.5611606404208,2.75,high,warming
BEV2_2024-08-22_fast_1,BEV2,BEV2_2024-08-22_fast_1__segment_1,train,2024-08-22 18:23:01+00:00,2024-08-22 18:24:01+00:00,49.75,22.5,-301.83750000000003,115.6621573778038,2.75,high,warming
BEV2_2024-08-22_fast_1,BEV2,BEV2_2024-08-22_fast_1__segment_1,train,2024-08-22 18:23:11+00:00,2024-08-22 18:24:11+00:00,50.25,22.5,-300.88500000000005,115.52308216434582,2.75,high,warming
BEV2_2024-08-22_fast_1,BEV2,BEV2_2024-08-22_fast_1__segment_1,train,2024-08-22 18:23:21+00:00,2024-08-22 18:24:21+00:00,50.5,22.5,-301.50350000000003,115.41460646008119,2.5,high,warming
BEV2_2024-08-22_fast_1,BEV2,BEV2_2024-08-22_fast_1__segment_1,train,2024-08-22 18:23:31+00:00,2024-08-22 18:24:31+00:00,51.0,22.5,-301.4655,115.53251297539377,2.5,high,warming
BEV2_2024-08-22_fast_1,BEV2,BEV2_2024-08-22_fast_1__segment_1,train,2024-08-22 18:23:41+00:00,2024-08-22 18:24:41+00:00,51.5,22.5,-303.11600000000004,115.64955748207888,2.5,high,warming
BEV2_2024-08-22_fast_1,BEV2,BEV2_2024-08-22_fast_1__segment_1,train,2024-08-22 18:23:51+00:00,2024-08-22 18:24:51+00:00,51.75,22.0,-303.48850000000004,115.30039259682403,2.5,high,warming
BEV2_2024-08-22_fast_1,BEV2,BEV2_2024-08-22_fast_1__segment_1,train,2024-08-22 18:24:01+00:00,2024-08-22 18:25:01+00:00,52.0,22.5,-304.31050000000005,115.41493540630707,2.25,high,warming
BEV2_2024-08-22_fast_1,BEV2,BEV2_2024-08-22_fast_1__segment_1,train,2024-08-22 18:24:11+00:00,2024-08-22 18:25:11+00:00,52.25,22.5,-305.0185000000001,115.54759278877617,2.0,high,warming
BEV2_2024-08-22_fast_1,BEV2,BEV2_2024-08-22_fast_1__segment_1,train,2024-08-22 18:24:21+00:00,2024-08-22 18:25:21+00:00,52.5,22.0,-304.27900000000005,115.58663643127251,2.0,high,warming
BEV2_2024-08-22_fast_1,BEV2,BEV2_2024-08-22_fast_1__segment_1,train,2024-08-22 18:24:31+00:00,2024-08-22 18:25:31+00:00,52.75,22.0,-303.82550000000003,115.2895768535006,1.75,high,warming
BEV2_2024-08-22_fast_1,BEV2,BEV2_2024-08-22_fast_1__segment_1,train,2024-08-22 18:24:41+00:00,2024-08-22 18:25:41+00:00,53.0,22.5,-303.8935000000001,115.39537426386131,1.5,high,warming
BEV2_2024-08-22_fast_1,BEV2,BEV2_2024-08-22_fast_1__segment_1,train,2024-08-22 18:24:51+00:00,2024-08-22 18:25:51+00:00,53.25,22.5,-304.1310000000001,115.53425383692701,1.5,high,warming
BEV2_2024-08-22_fast_1,BEV2,BEV2_2024-08-22_fast_1__segment_1,train,2024-08-22 18:25:01+00:00,2024-08-22 18:26:01+00:00,53.5,22.0,-303.5495,115.53222388680743,1.5,high,warming
BEV2_2024-08-22_fast_1,BEV2,BEV2_2024-08-22_fast_1__segment_1,train,2024-08-22 18:25:11+00:00,2024-08-22 18:26:11+00:00,53.75,22.0,-302.30400000000003,115.28063608220698,1.5,high,warming
BEV2_2024-08-22_fast_1,BEV2,BEV2_2024-08-22_fast_1__segment_1,train,2024-08-22 18:25:21+00:00,2024-08-22 18:26:21+00:00,54.0,22.0,-302.9510000000001,115.27820659009618,1.5,high,warming
BEV2_2024-08-22_fast_1,BEV2,BEV2_2024-08-22_fast_1__segment_1,train,2024-08-22 18:25:31+00:00,2024-08-22 18:26:31+00:00,54.25,22.5,-304.72100000000006,115.41983204875605,1.5,high,warming
BEV2_2024-08-22_fast_1,BEV2,BEV2_2024-08-22_fast_1__segment_1,train,2024-08-22 18:25:41+00:00,2024-08-22 18:26:41+00:00,54.25,22.5,-304.4875,115.51786789459686,1.25,high,warming
BEV2_2024-08-22_fast_1,BEV2,BEV2_2024-08-22_fast_1__segment_1,train,2024-08-22 18:25:51+00:00,2024-08-22 18:26:51+00:00,53.75,22.5,-302.50700000000006,115.47293701588005,0.5,high,warming
BEV2_2024-08-22_fast_1,BEV2,BEV2_2024-08-22_fast_1__segment_1,train,2024-08-22 18:26:01+00:00,2024-08-22 18:27:01+00:00,53.25,22.5,-305.21350000000007,115.31092075359877,-0.25,high,stable
BEV2_2024-08-22_fast_1,BEV2,BEV2_2024-08-22_fast_1__segment_1,train,2024-08-22 18:26:11+00:00,2024-08-22 18:27:11+00:00,53.25,22.5,-303.15700000000004,115.40067763662414,-0.5,high,cooling
BEV2_2024-08-22_fast_1,BEV2,BEV2_2024-08-22_fast_1__segment_1,train,2024-08-22 18:26:21+00:00,2024-08-22 18:27:21+00:00,53.25,22.5,-303.04050000000007,115.41578513041304,-0.75,high,cooling
BEV2_2024-08-22_fast_1,BEV2,BEV2_2024-08-22_fast_1__segment_1,train,2024-08-22 18:26:31+00:00,2024-08-22 18:27:31+00:00,53.25,22.5,-301.5800000000001,115.43618108387753,-1.0,high,cooling
BEV2_2024-08-22_fast_1,BEV2,BEV2_2024-08-22_fast_1__segment_1,train,2024-08-22 18:26:41+00:00,2024-08-22 18:27:41+00:00,53.25,22.5,-302.29900000000004,115.2543405007121,-1.0,high,cooling
BEV2_2024-08-22_fast_1,BEV2,BEV2_2024-08-22_fast_1__segment_1,train,2024-08-22 18:26:51+00:00,2024-08-22 18:27:51+00:00,53.5,23.0,-301.26900000000006,115.25635371384169,-0.25,high,stable
BEV2_2024-08-22_fast_1,BEV2,BEV2_2024-08-22_fast_1__segment_1,train,2024-08-22 18:27:01+00:00,2024-08-22 18:28:01+00:00,53.5,23.5,-304.99600000000004,115.36837846464199,0.25,high,stable
BEV2_2024-08-22_fast_1,BEV2,BEV2_2024-08-22_fast_1__segment_1,train,2024-08-22 18:27:11+00:00,2024-08-22 18:28:11+00:00,53.75,23.5,-302.58900000000006,115.49408554380682,0.5,high,warming
BEV2_2024-08-22_fast_1,BEV2,BEV2_2024-08-22_fast_1__segment_1,train,2024-08-22 18:27:21+00:00,2024-08-22 18:28:21+00:00,54.0,23.5,-300.409,115.45583320688412,0.75,high,warming
BEV2_2024-08-22_fast_1,BEV2,BEV2_2024-08-22_fast_1__segment_1,train,2024-08-22 18:27:31+00:00,2024-08-22 18:28:31+00:00,54.0,23.5,-301.09200000000004,115.19924495831036,0.75,high,warming
BEV2_2024-08-22_fast_1,BEV2,BEV2_2024-08-22_fast_1__segment_1,train,2024-08-22 18:27:41+00:00,2024-08-22 18:28:41+00:00,54.25,23.5,-302.92100000000005,115.35472328024203,1.0,high,warming
BEV2_2024-08-22_fast_1,BEV2,BEV2_2024-08-22_fast_1__segment_1,train,2024-08-22 18:27:51+00:00,2024-08-22 18:28:51+00:00,54.5,24.0,-303.00350000000003,115.39072577947508,1.0,high,warming
BEV2_2024-08-22_fast_1,BEV2,BEV2_2024-08-22_fast_1__segment_1,train,2024-08-22 18:28:01+00:00,2024-08-22 18:29:01+00:00,54.5,24.5,-301.31050000000005,115.44503881395175,1.0,high,warming
BEV2_2024-08-22_fast_1,BEV2,BEV2_2024-08-22_fast_1__segment_1,train,2024-08-22 18:28:11+00:00,2024-08-22 18:29:11+00:00,54.75,24.5,-300.5235,115.26322102957072,1.0,high,warming
BEV2_2024-08-22_fast_1,BEV2,BEV2_2024-08-22_fast_1__segment_1,train,2024-08-22 18:28:21+00:00,2024-08-22 18:29:21+00:00,55.0,24.5,-299.78383838383843,115.16583857006896,1.0,high,warming
BEV2_2024-08-22_fast_1,BEV2,BEV2_2024-08-22_fast_1__segment_1,train,2024-08-22 18:28:31+00:00,2024-08-22 18:29:31+00:00,55.25,25.0,-299.9861386138614,115.26502787346824,1.25,high,warming
BEV2_2024-08-22_fast_1,BEV2,BEV2_2024-08-22_fast_1__segment_1,train,2024-08-22 18:28:41+00:00,2024-08-22 18:29:41+00:00,55.5,25.0,-276.43050000000005,106.05026508031716,1.25,high,warming
BEV2_2024-08-22_fast_1,BEV2,BEV2_2024-08-22_fast_1__segment_1,train,2024-08-22 18:28:51+00:00,2024-08-22 18:29:51+00:00,55.75,25.5,-278.72,106.10876794128193,1.25,high,warming
BEV2_2024-08-22_fast_1,BEV2,BEV2_2024-08-22_fast_1__segment_1,train,2024-08-22 18:29:01+00:00,2024-08-22 18:30:01+00:00,55.75,25.5,-278.32500000000005,106.12472312069721,1.25,high,warming
BEV2_2024-08-22_fast_1,BEV2,BEV2_2024-08-22_fast_1__segment_1,train,2024-08-22 18:29:11+00:00,2024-08-22 18:30:11+00:00,56.0,25.5,-276.0355,105.85956381664658,1.25,high,warming
BEV2_2024-08-22_fast_1,BEV2,BEV2_2024-08-22_fast_1__segment_1,train,2024-08-22 18:29:21+00:00,2024-08-22 18:30:21+00:00,56.25,26.0,-275.043,105.84229660742173,1.25,high,warming
BEV2_2024-08-22_fast_1,BEV2,BEV2_2024-08-22_fast_1__segment_1,train,2024-08-22 18:29:31+00:00,2024-08-22 18:30:31+00:00,56.5,26.0,-276.01650000000006,105.924917953725,1.25,high,warming
BEV2_2024-08-22_fast_1,BEV2,BEV2_2024-08-22_fast_1__segment_1,train,2024-08-22 18:29:41+00:00,2024-08-22 18:30:41+00:00,56.75,26.0,-275.71450000000004,106.01622257916868,1.25,high,warming
BEV2_2024-08-22_fast_1,BEV2,BEV2_2024-08-22_fast_1__segment_1,train,2024-08-22 18:29:51+00:00,2024-08-22 18:30:51+00:00,56.75,25.5,-273.77850000000007,106.06738927410852,1.0,high,warming
BEV2_2024-08-22_fast_1,BEV2,BEV2_2024-08-22_fast_1__segment_1,train,2024-08-22 18:30:01+00:00,2024-08-22 18:31:01+00:00,57.0,25.0,-276.365,105.80262945840492,1.25,high,warming
BEV2_2024-08-22_fast_1,BEV2,BEV2_2024-08-22_fast_1__segment_1,train,2024-08-22 18:30:11+00:00,2024-08-22 18:31:11+00:00,57.25,24.5,-275.2955,105.86577152330956,1.25,high,warming
BEV2_2024-08-22_fast_1,BEV2,BEV2_2024-08-22_fast_1__segment_1,train,2024-08-22 18:30:21+00:00,2024-08-22 18:31:21+00:00,57.5,24.0,-275.07750000000004,105.90948253295005,1.25,high,warming
BEV2_2024-08-22_fast_1,BEV2,BEV2_2024-08-22_fast_1__segment_1,train,2024-08-22 18:30:31+00:00,2024-08-22 18:31:31+00:00,57.5,24.0,-273.82750000000004,106.01533616243084,1.0,high,warming
BEV2_2024-08-22_fast_1,BEV2,BEV2_2024-08-22_fast_1__segment_1,train,2024-08-22 18:30:41+00:00,2024-08-22 18:31:41+00:00,57.75,23.5,-272.9605000000001,106.12373241963732,1.0,high,warming
BEV2_2024-08-22_fast_1,BEV2,BEV2_2024-08-22_fast_1__segment_1,train,2024-08-22 18:30:51+00:00,2024-08-22 18:31:51+00:00,58.0,23.5,-273.2375,105.78462271025806,1.25,high,warming
BEV2_2024-08-22_fast_1,BEV2,BEV2_2024-08-22_fast_1__segment_1,train,2024-08-22 18:31:01+00:00,2024-08-22 18:32:01+00:00,58.0,23.5,-272.58150000000006,105.84504812565675,1.0,high,warming
BEV2_2024-08-22_fast_1,BEV2,BEV2_2024-08-22_fast_1__segment_1,train,2024-08-22 18:31:11+00:00,2024-08-22 18:32:11+00:00,58.25,23.5,-276.9205,106.06964839224452,1.0,high,warming
BEV2_2024-08-22_fast_1,BEV2,BEV2_2024-08-22_fast_1__segment_1,train,2024-08-22 18:31:21+00:00,2024-08-22 18:32:21+00:00,58.5,23.5,-274.4100000000001,106.04057683076009,1.0,high,warming
BEV2_2024-08-22_fast_1,BEV2,BEV2_2024-08-22_fast_1__segment_1,train,2024-08-22 18:31:31+00:00,2024-08-22 18:32:31+00:00,58.75,23.5,-271.797,105.91351625482017,1.25,high,warming
BEV2_2024-08-22_fast_1,BEV2,BEV2_2024-08-22_fast_1__segment_1,train,2024-08-22 18:31:41+00:00,2024-08-22 18:32:41+00:00,58.75,23.5,-272.0135000000001,105.81243717359227,1.0,high,warming
BEV2_2024-08-22_fast_1,BEV2,BEV2_2024-08-22_fast_1__segment_1,train,2024-08-22 18:31:51+00:00,2024-08-22 18:32:51+00:00,59.0,23.5,-272.05300000000005,105.96912930280591,1.0,high,warming
BEV2_2024-08-22_fast_1,BEV2,BEV2_2024-08-22_fast_1__segment_1,train,2024-08-22 18:32:01+00:00,2024-08-22 18:33:01+00:00,59.25,23.5,-272.11750000000006,105.99796456159552,1.25,high,warming
BEV2_2024-08-22_fast_1,BEV2,BEV2_2024-08-22_fast_1__segment_1,train,2024-08-22 18:32:11+00:00,2024-08-22 18:33:11+00:00,59.25,23.5,-272.5205000000001,106.0081371109776,1.0,high,warming
BEV2_2024-08-22_fast_1,BEV2,BEV2_2024-08-22_fast_1__segment_1,train,2024-08-22 18:32:21+00:00,2024-08-22 18:33:21+00:00,59.5,23.5,-271.088,105.80709131462417,1.0,high,warming
BEV2_2024-08-22_fast_1,BEV2,BEV2_2024-08-22_fast_1__segment_1,train,2024-08-22 18:32:31+00:00,2024-08-22 18:33:31+00:00,59.75,23.5,-271.218,105.85117713628034,1.0,high,warming
BEV2_2024-08-22_fast_1,BEV2,BEV2_2024-08-22_fast_1__segment_1,train,2024-08-22 18:32:41+00:00,2024-08-22 18:33:41+00:00,60.0,23.0,-273.58500000000004,106.02136673594998,1.25,high,warming
BEV2_2024-08-22_fast_1,BEV2,BEV2_2024-08-22_fast_1__segment_1,train,2024-08-22 18:32:51+00:00,2024-08-22 18:33:51+00:00,60.0,23.5,-272.48300000000006,105.97965461643808,1.0,high,warming
BEV2_2024-08-22_fast_1,BEV2,BEV2_2024-08-22_fast_1__segment_1,train,2024-08-22 18:33:01+00:00,2024-08-22 18:34:01+00:00,60.25,23.5,-268.31750000000005,105.72930111120336,1.0,high,warming
BEV2_2024-08-22_fast_1,BEV2,BEV2_2024-08-22_fast_1__segment_1,train,2024-08-22 18:33:11+00:00,2024-08-22 18:34:11+00:00,60.5,23.5,-268.99,105.84389885234576,1.25,high,warming
BEV2_2024-08-22_fast_1,BEV2,BEV2_2024-08-22_fast_1__segment_1,train,2024-08-22 18:33:21+00:00,2024-08-22 18:34:21+00:00,60.5,23.5,-268.9225,105.93407753970479,1.0,high,warming
BEV2_2024-08-22_fast_1,BEV2,BEV2_2024-08-22_fast_1__segment_1,train,2024-08-22 18:33:31+00:00,2024-08-22 18:34:31+00:00,60.75,23.5,-269.74350000000004,106.09859228053624,1.0,high,warming
BEV2_2024-08-22_fast_1,BEV2,BEV2_2024-08-22_fast_1__segment_1,train,2024-08-22 18:33:41+00:00,2024-08-22 18:34:41+00:00,60.75,23.5,-268.73600000000005,105.71592085332128,0.75,high,warming
BEV2_2024-08-22_fast_1,BEV2,BEV2_2024-08-22_fast_1__segment_1,train,2024-08-22 18:33:51+00:00,2024-08-22 18:34:51+00:00,61.0,23.5,-268.918,105.8248235654068,1.0,high,warming
BEV2_2024-08-22_fast_1,BEV2,BEV2_2024-08-22_fast_1__segment_1,train,2024-08-22 18:34:01+00:00,2024-08-22 18:35:01+00:00,61.25,23.5,-271.90450000000004,105.9883452984778,1.0,high,warming
BEV2_2024-08-22_fast_1,BEV2,BEV2_2024-08-22_fast_1__segment_1,train,2024-08-22 18:34:11+00:00,2024-08-22 18:35:11+00:00,61.25,23.5,-269.86350000000004,106.04830084434087,0.75,high,warming
BEV2_2024-08-22_fast_1,BEV2,BEV2_2024-08-22_fast_1__segment_1,train,2024-08-22 18:34:21+00:00,2024-08-22 18:35:21+00:00,61.5,23.5,-266.50950000000006,105.71941223234349,1.0,high,warming
BEV2_2024-08-22_fast_1,BEV2,BEV2_2024-08-22_fast_1__segment_1,train,2024-08-22 18:34:31+00:00,2024-08-22 18:35:31+00:00,61.5,23.5,-267.30400000000003,105.8071094463633,0.75,high,warming
BEV2_2024-08-22_fast_1,BEV2,BEV2_2024-08-22_fast_1__segment_1,train,2024-08-22 18:34:41+00:00,2024-08-22 18:35:41+00:00,61.5,23.5,-267.80500000000006,105.868113682665,0.75,high,warming
BEV2_2024-08-22_fast_1,BEV2,BEV2_2024-08-22_fast_1__segment_1,train,2024-08-22 18:34:51+00:00,2024-08-22 18:35:51+00:00,61.75,23.5,-270.24350000000004,106.01347846383304,0.75,high,warming
BEV2_2024-08-22_fast_1,BEV2,BEV2_2024-08-22_fast_1__segment_1,train,2024-08-22 18:35:01+00:00,2024-08-22 18:36:01+00:00,61.75,23.5,-267.6455,105.86031665932983,0.5,high,warming
BEV2_2024-08-22_fast_1,BEV2,BEV2_2024-08-22_fast_1__segment_1,train,2024-08-22 18:35:11+00:00,2024-08-22 18:36:11+00:00,62.0,23.5,-264.97300000000007,105.78683199293356,0.75,high,warming
BEV2_2024-08-22_fast_1,BEV2,BEV2_2024-08-22_fast_1__segment_1,train,2024-08-22 18:35:21+00:00,2024-08-22 18:36:21+00:00,62.0,23.5,-267.62300000000005,105.86531361643024,0.5,high,warming
BEV2_2024-08-22_fast_1,BEV2,BEV2_2024-08-22_fast_1__segment_1,train,2024-08-22 18:35:31+00:00,2024-08-22 18:36:31+00:00,62.0,23.5,-267.57000000000005,105.18372029944442,0.5,high,warming
BEV2_2024-08-22_fast_1,BEV2,BEV2_2024-08-22_fast_1__segment_1,train,2024-08-22 18:35:41+00:00,2024-08-22 18:36:41+00:00,62.25,23.5,-264.6145,105.21809029842544,0.75,high,warming
BEV2_2024-08-22_fast_1,BEV2,BEV2_2024-08-22_fast_1__segment_1,train,2024-08-22 18:35:51+00:00,2024-08-22 18:36:51+00:00,62.25,24.0,-262.0445,104.452555290476,0.5,high,warming
BEV2_2024-08-22_fast_1,BEV2,BEV2_2024-08-22_fast_1__segment_1,train,2024-08-22 18:36:01+00:00,2024-08-22 18:37:01+00:00,62.25,23.5,-259.2255,103.53690895537729,0.5,high,warming
BEV2_2024-08-22_fast_1,BEV2,BEV2_2024-08-22_fast_1__segment_1,train,2024-08-22 18:36:11+00:00,2024-08-22 18:37:11+00:00,62.25,23.5,-256.71400000000006,102.50162463116747,0.25,high,stable
BEV2_2024-08-22_fast_1,BEV2,BEV2_2024-08-22_fast_1__segment_1,train,2024-08-22 18:36:21+00:00,2024-08-22 18:37:21+00:00,62.25,23.0,-255.2740000000001,101.59640018368596,0.25,high,stable
BEV2_2024-08-22_fast_1,BEV2,BEV2_2024-08-22_fast_1__segment_1,train,2024-08-22 18:36:31+00:00,2024-08-22 18:37:31+00:00,62.25,23.5,-251.28150000000005,100.7589809303615,0.25,high,stable
BEV2_2024-08-22_fast_1,BEV2,BEV2_2024-08-22_fast_1__segment_1,train,2024-08-22 18:36:41+00:00,2024-08-22 18:37:41+00:00,62.25,23.5,-249.68750000000003,99.728342408328,0.0,high,stable
BEV2_2024-08-22_fast_1,BEV2,BEV2_2024-08-22_fast_1__segment_1,train,2024-08-22 18:36:51+00:00,2024-08-22 18:37:51+00:00,62.25,23.5,-247.55600000000007,99.0897014110818,0.0,high,stable
BEV2_2024-08-22_fast_1,BEV2,BEV2_2024-08-22_fast_1__segment_1,train,2024-08-22 18:37:01+00:00,2024-08-22 18:38:01+00:00,62.25,23.5,-246.31000000000003,97.96103407059748,0.0,high,stable
BEV2_2024-08-22_fast_1,BEV2,BEV2_2024-08-22_fast_1__segment_1,train,2024-08-22 18:37:11+00:00,2024-08-22 18:38:11+00:00,62.25,23.5,-243.80200000000005,97.1973324067797,0.0,high,stable
BEV2_2024-08-22_fast_1,BEV2,BEV2_2024-08-22_fast_1__segment_1,train,2024-08-22 18:37:21+00:00,2024-08-22 18:38:21+00:00,62.25,23.5,-240.86000000000004,96.29193366929692,0.0,high,stable
BEV2_2024-08-22_fast_1,BEV2,BEV2_2024-08-22_fast_1__segment_1,train,2024-08-22 18:37:31+00:00,2024-08-22 18:38:31+00:00,62.25,23.5,-239.60500000000005,95.76146115598983,0.0,high,stable
BEV2_2024-08-22_fast_1,BEV2,BEV2_2024-08-22_fast_1__segment_1,train,2024-08-22 18:37:41+00:00,2024-08-22 18:38:41+00:00,62.25,23.5,-235.81150000000005,94.77499847057777,0.0,high,stable
BEV2_2024-08-22_fast_1,BEV2,BEV2_2024-08-22_fast_1__segment_1,train,2024-08-22 18:37:51+00:00,2024-08-22 18:38:51+00:00,62.25,23.5,-234.25600000000009,94.16235473943796,0.0,mid,stable
BEV2_2024-08-22_fast_1,BEV2,BEV2_2024-08-22_fast_1__segment_1,train,2024-08-22 18:38:01+00:00,2024-08-22 18:39:01+00:00,62.25,23.0,-231.65650000000005,93.412034352742,0.0,mid,stable
BEV2_2024-08-22_fast_1,BEV2,BEV2_2024-08-22_fast_1__segment_1,train,2024-08-22 18:38:11+00:00,2024-08-22 18:39:11+00:00,62.25,23.0,-230.51700000000005,92.66370824277361,0.0,mid,stable
BEV2_2024-08-22_fast_1,BEV2,BEV2_2024-08-22_fast_1__segment_1,train,2024-08-22 18:38:21+00:00,2024-08-22 18:39:21+00:00,62.25,23.5,-230.0865000000001,92.0045526310955,0.0,mid,stable
BEV2_2024-08-22_fast_1,BEV2,BEV2_2024-08-22_fast_1__segment_1,train,2024-08-22 18:38:31+00:00,2024-08-22 18:39:31+00:00,62.0,23.5,-226.71900000000005,91.07829091375517,-0.25,mid,stable
BEV2_2024-08-22_fast_1,BEV2,BEV2_2024-08-22_fast_1__segment_1,train,2024-08-22 18:38:41+00:00,2024-08-22 18:39:41+00:00,62.0,23.5,-225.31200000000004,90.5100020299275,-0.25,mid,stable
BEV2_2024-08-22_fast_1,BEV2,BEV2_2024-08-22_fast_1__segment_1,train,2024-08-22 18:38:51+00:00,2024-08-22 18:39:51+00:00,62.0,23.5,-224.1740000000001,89.859622394565,-0.25,mid,stable
BEV2_2024-08-22_fast_1,BEV2,BEV2_2024-08-22_fast_1__segment_1,train,2024-08-22 18:39:01+00:00,2024-08-22 18:40:01+00:00,62.0,23.5,-223.53800000000007,89.22809418890066,-0.25,mid,stable
BEV2_2024-08-22_fast_1,BEV2,BEV2_2024-08-22_fast_1__segment_1,train,2024-08-22 18:39:11+00:00,2024-08-22 18:40:11+00:00,62.0,23.5,-221.12650000000005,88.41239472057396,-0.25,mid,stable
BEV2_2024-08-22_fast_1,BEV2,BEV2_2024-08-22_fast_1__segment_1,train,2024-08-22 18:39:21+00:00,2024-08-22 18:40:21+00:00,62.0,23.5,-219.23300000000003,88.03643783041035,-0.25,mid,stable
BEV2_2024-08-22_fast_1,BEV2,BEV2_2024-08-22_fast_1__segment_1,train,2024-08-22 18:39:31+00:00,2024-08-22 18:40:31+00:00,61.75,23.5,-217.4685000000001,87.36329819539488,-0.25,mid,stable
BEV2_2024-08-22_fast_1,BEV2,BEV2_2024-08-22_fast_1__segment_1,train,2024-08-22 18:39:41+00:00,2024-08-22 18:40:41+00:00,61.75,23.5,-215.77700000000004,86.85563589271068,-0.25,mid,stable
BEV2_2024-08-22_fast_1,BEV2,BEV2_2024-08-22_fast_1__segment_1,train,2024-08-22 18:39:51+00:00,2024-08-22 18:40:51+00:00,61.75,23.5,-215.1555,86.15439141831388,-0.25,mid,stable
BEV2_2024-08-22_fast_1,BEV2,BEV2_2024-08-22_fast_1__segment_1,train,2024-08-22 18:40:01+00:00,2024-08-22 18:41:01+00:00,61.75,23.5,-213.87800000000007,85.71238108529882,-0.25,mid,stable
BEV2_2024-08-22_fast_1,BEV2,BEV2_2024-08-22_fast_1__segment_1,train,2024-08-22 18:40:11+00:00,2024-08-22 18:41:11+00:00,61.75,23.5,-211.49700000000007,85.05072651227277,-0.25,mid,stable
BEV2_2024-08-22_fast_1,BEV2,BEV2_2024-08-22_fast_1__segment_1,train,2024-08-22 18:40:21+00:00,2024-08-22 18:41:21+00:00,61.75,23.5,-210.18550000000008,84.52424180140189,-0.25,mid,stable
BEV2_2024-08-22_fast_1,BEV2,BEV2_2024-08-22_fast_1__segment_1,train,2024-08-22 18:40:31+00:00,2024-08-22 18:41:31+00:00,61.5,23.5,-209.32750000000004,83.84853244834045,-0.25,mid,stable
BEV2_2024-08-22_fast_1,BEV2,BEV2_2024-08-22_fast_1__segment_1,train,2024-08-22 18:40:41+00:00,2024-08-22 18:41:41+00:00,61.5,24.0,-205.73750000000007,83.31500602445082,-0.25,mid,stable
BEV2_2024-08-22_fast_1,BEV2,BEV2_2024-08-22_fast_1__segment_1,train,2024-08-22 18:40:51+00:00,2024-08-22 18:41:51+00:00,61.5,23.5,-206.1765000000001,82.61250273528947,-0.25,mid,stable
BEV2_2024-08-22_fast_1,BEV2,BEV2_2024-08-22_fast_1__segment_1,train,2024-08-22 18:41:01+00:00,2024-08-22 18:42:01+00:00,61.5,23.5,-204.03200000000004,82.37621538266028,-0.25,mid,stable
BEV2_2024-08-22_fast_1,BEV2,BEV2_2024-08-22_fast_1__segment_1,train,2024-08-22 18:41:11+00:00,2024-08-22 18:42:11+00:00,61.5,23.5,-202.63900000000004,82.0281694081,-0.25,mid,stable
BEV2_2024-08-22_fast_1,BEV2,BEV2_2024-08-22_fast_1__segment_1,train,2024-08-22 18:41:21+00:00,2024-08-22 18:42:21+00:00,61.25,23.5,-203.35400000000004,81.90601443319028,-0.5,mid,cooling
BEV2_2024-08-22_fast_1,BEV2,BEV2_2024-08-22_fast_1__segment_1,train,2024-08-22 18:41:31+00:00,2024-08-22 18:42:31+00:00,61.25,23.5,-203.1765000000001,81.54012098010882,-0.25,mid,stable
BEV2_2024-08-22_fast_1,BEV2,BEV2_2024-08-22_fast_1__segment_1,train,2024-08-22 18:41:41+00:00,2024-08-22 18:42:41+00:00,61.25,23.5,-200.09450000000004,81.20858942573439,-0.25,mid,stable
BEV2_2024-08-22_fast_1,BEV2,BEV2_2024-08-22_fast_1__segment_1,train,2024-08-22 18:41:51+00:00,2024-08-22 18:42:51+00:00,61.25,23.5,-201.39250000000004,81.09200518627334,-0.25,mid,stable
BEV2_2024-08-22_fast_1,BEV2,BEV2_2024-08-22_fast_1__segment_1,train,2024-08-22 18:42:01+00:00,2024-08-22 18:43:01+00:00,61.25,23.5,-199.73350000000005,80.8821799267315,-0.25,mid,stable
BEV2_2024-08-22_fast_1,BEV2,BEV2_2024-08-22_fast_1__segment_1,train,2024-08-22 18:42:11+00:00,2024-08-22 18:43:11+00:00,61.25,23.5,-199.23100000000005,80.50198632505018,-0.25,mid,stable
BEV2_2024-08-22_fast_1,BEV2,BEV2_2024-08-22_fast_1__segment_1,train,2024-08-22 18:42:21+00:00,2024-08-22 18:43:21+00:00,61.25,23.5,-198.92950000000005,80.19752674465707,0.0,mid,stable
BEV2_2024-08-22_fast_1,BEV2,BEV2_2024-08-22_fast_1__segment_1,train,2024-08-22 18:42:31+00:00,2024-08-22 18:43:31+00:00,61.0,23.5,-198.20850000000007,79.91732222773213,-0.25,mid,stable
BEV2_2024-08-22_fast_1,BEV2,BEV2_2024-08-22_fast_1__segment_1,train,2024-08-22 18:42:41+00:00,2024-08-22 18:43:41+00:00,61.0,23.5,-195.89450000000005,79.70698927949465,-0.25,mid,stable
BEV2_2024-08-22_fast_1,BEV2,BEV2_2024-08-22_fast_1__segment_1,train,2024-08-22 18:42:51+00:00,2024-08-22 18:43:51+00:00,61.0,23.5,-196.28550000000004,79.42059368560831,-0.25,mid,stable
BEV2_2024-08-22_fast_1,BEV2,BEV2_2024-08-22_fast_1__segment_1,train,2024-08-22 18:43:01+00:00,2024-08-22 18:44:01+00:00,61.0,23.5,-196.01050000000004,79.01054554147318,-0.25,mid,stable
BEV2_2024-08-22_fast_1,BEV2,BEV2_2024-08-22_fast_1__segment_1,train,2024-08-22 18:43:11+00:00,2024-08-22 18:44:11+00:00,61.0,23.5,-194.94650000000004,78.81973515574916,-0.25,mid,stable
BEV2_2024-08-22_fast_1,BEV2,BEV2_2024-08-22_fast_1__segment_1,train,2024-08-22 18:43:21+00:00,2024-08-22 18:44:21+00:00,61.0,23.5,-193.89250000000004,78.55751759226183,-0.25,mid,stable
BEV2_2024-08-22_fast_1,BEV2,BEV2_2024-08-22_fast_1__segment_1,train,2024-08-22 18:43:31+00:00,2024-08-22 18:44:31+00:00,61.0,23.5,-193.18950000000004,78.28064690134781,0.0,mid,stable
BEV2_2024-08-22_fast_1,BEV2,BEV2_2024-08-22_fast_1__segment_1,train,2024-08-22 18:43:41+00:00,2024-08-22 18:44:41+00:00,61.0,23.5,-193.28800000000007,77.97864068473386,0.0,mid,stable
BEV2_2024-08-22_fast_1,BEV2,BEV2_2024-08-22_fast_1__segment_1,train,2024-08-22 18:43:51+00:00,2024-08-22 18:44:51+00:00,61.25,23.5,-192.37100000000007,77.77718075516718,0.25,mid,stable
BEV2_2024-08-22_fast_1,BEV2,BEV2_2024-08-22_fast_1__segment_1,train,2024-08-22 18:44:01+00:00,2024-08-22 18:45:01+00:00,61.25,23.5,-190.77450000000005,77.34062641265997,0.25,mid,stable
BEV2_2024-08-22_fast_1,BEV2,BEV2_2024-08-22_fast_1__segment_1,train,2024-08-22 18:44:11+00:00,2024-08-22 18:45:11+00:00,61.25,23.5,-189.35950000000005,77.05866869603612,0.25,mid,stable
BEV2_2024-08-22_fast_1,BEV2,BEV2_2024-08-22_fast_1__segment_1,train,2024-08-22 18:44:21+00:00,2024-08-22 18:45:21+00:00,61.25,23.5,-190.03650000000005,76.95852672531373,0.25,mid,stable
BEV2_2024-08-22_fast_1,BEV2,BEV2_2024-08-22_fast_1__segment_1,train,2024-08-22 18:44:31+00:00,2024-08-22 18:45:31+00:00,61.25,23.0,-189.148,76.54309274752902,0.25,mid,stable
BEV2_2024-08-22_fast_1,BEV2,BEV2_2024-08-22_fast_1__segment_1,train,2024-08-22 18:44:41+00:00,2024-08-22 18:45:41+00:00,61.25,23.5,-187.2065000000001,76.1669400560405,0.25,mid,stable
BEV2_2024-08-22_fast_1,BEV2,BEV2_2024-08-22_fast_1__segment_1,train,2024-08-22 18:44:51+00:00,2024-08-22 18:45:51+00:00,61.25,23.5,-186.50400000000005,75.92032673162119,0.0,mid,stable
BEV2_2024-08-22_fast_1,BEV2,BEV2_2024-08-22_fast_1__segment_1,train,2024-08-22 18:45:01+00:00,2024-08-22 18:46:01+00:00,61.25,23.5,-186.82700000000008,75.61243520997789,0.0,mid,stable
BEV2_2024-08-22_fast_1,BEV2,BEV2_2024-08-22_fast_1__segment_1,train,2024-08-22 18:45:11+00:00,2024-08-22 18:46:11+00:00,61.25,23.5,-185.39000000000004,75.43541997612148,0.0,mid,stable
BEV2_2024-08-22_fast_1,BEV2,BEV2_2024-08-22_fast_1__segment_1,train,2024-08-22 18:45:21+00:00,2024-08-22 18:46:21+00:00,61.25,23.5,-184.9805000000001,75.14384712698326,0.0,mid,stable
BEV2_2024-08-22_fast_1,BEV2,BEV2_2024-08-22_fast_1__segment_1,train,2024-08-22 18:45:31+00:00,2024-08-22 18:46:31+00:00,61.25,23.5,-183.61000000000004,74.77917794180246,0.0,mid,stable
BEV2_2024-08-22_fast_1,BEV2,BEV2_2024-08-22_fast_1__segment_1,train,2024-08-22 18:45:41+00:00,2024-08-22 18:46:41+00:00,61.25,23.5,-184.01200000000009,74.75098694983818,0.0,mid,stable
BEV2_2024-08-22_fast_1,BEV2,BEV2_2024-08-22_fast_1__segment_1,train,2024-08-22 18:45:51+00:00,2024-08-22 18:46:51+00:00,61.25,23.0,-182.44900000000004,74.39400851883505,0.0,mid,stable
BEV2_2024-08-22_fast_1,BEV2,BEV2_2024-08-22_fast_1__segment_1,train,2024-08-22 18:46:01+00:00,2024-08-22 18:47:01+00:00,61.25,23.0,-182.06950000000003,74.04829499403033,0.0,mid,stable
BEV2_2024-08-22_fast_1,BEV2,BEV2_2024-08-22_fast_1__segment_1,train,2024-08-22 18:46:11+00:00,2024-08-22 18:47:11+00:00,61.25,24.0,-180.61700000000005,73.78011718456818,0.0,mid,stable
BEV2_2024-08-22_fast_1,BEV2,BEV2_2024-08-22_fast_1__segment_1,train,2024-08-22 18:46:21+00:00,2024-08-22 18:47:21+00:00,61.25,24.0,-181.49400000000009,73.70023501833423,0.0,mid,stable
BEV2_2024-08-22_fast_1,BEV2,BEV2_2024-08-22_fast_1__segment_1,train,2024-08-22 18:46:31+00:00,2024-08-22 18:47:31+00:00,61.25,23.5,-179.82000000000005,73.32223176292634,0.0,mid,stable
BEV2_2024-08-22_fast_1,BEV2,BEV2_2024-08-22_fast_1__segment_1,train,2024-08-22 18:46:41+00:00,2024-08-22 18:47:41+00:00,61.25,23.5,-178.98900000000006,72.97164117580509,0.0,mid,stable
BEV2_2024-08-22_fast_1,BEV2,BEV2_2024-08-22_fast_1__segment_1,train,2024-08-22 18:46:51+00:00,2024-08-22 18:47:51+00:00,61.25,23.5,-177.56000000000003,72.66476014993098,0.0,mid,stable
BEV2_2024-08-22_fast_1,BEV2,BEV2_2024-08-22_fast_1__segment_1,train,2024-08-22 18:47:01+00:00,2024-08-22 18:48:01+00:00,61.5,23.5,-177.33950000000004,72.38534693857974,0.25,mid,stable
BEV2_2024-08-22_fast_1,BEV2,BEV2_2024-08-22_fast_1__segment_1,train,2024-08-22 18:47:11+00:00,2024-08-22 18:48:11+00:00,61.5,23.5,-176.38950000000006,71.96131706805421,0.25,mid,stable
BEV2_2024-08-22_fast_1,BEV2,BEV2_2024-08-22_fast_1__segment_1,train,2024-08-22 18:47:21+00:00,2024-08-22 18:48:21+00:00,61.5,23.5,-175.61850000000007,71.7505610816665,0.25,mid,stable
BEV2_2024-08-22_fast_1,BEV2,BEV2_2024-08-22_fast_1__segment_1,train,2024-08-22 18:47:31+00:00,2024-08-22 18:48:31+00:00,61.5,23.5,-174.24450000000004,71.18454413693831,0.25,mid,stable
BEV2_2024-08-22_fast_1,BEV2,BEV2_2024-08-22_fast_1__segment_1,train,2024-08-22 18:47:41+00:00,2024-08-22 18:48:41+00:00,61.5,23.5,-171.87600000000006,70.85984599515942,0.25,mid,stable
BEV2_2024-08-22_fast_1,BEV2,BEV2_2024-08-22_fast_1__segment_1,train,2024-08-22 18:47:51+00:00,2024-08-22 18:48:51+00:00,61.5,23.5,-172.61550000000005,70.58890384649878,0.25,mid,stable
BEV2_2024-08-22_fast_1,BEV2,BEV2_2024-08-22_fast_1__segment_1,train,2024-08-22 18:48:01+00:00,2024-08-22 18:49:01+00:00,61.5,23.5,-171.81900000000005,70.29820657797025,0.0,mid,stable
BEV2_2024-08-22_fast_1,BEV2,BEV2_2024-08-22_fast_1__segment_1,train,2024-08-22 18:48:11+00:00,2024-08-22 18:49:11+00:00,61.5,23.5,-171.37400000000005,70.00708369636996,0.0,mid,stable
BEV2_2024-08-22_fast_1,BEV2,BEV2_2024-08-22_fast_1__segment_1,train,2024-08-22 18:48:21+00:00,2024-08-22 18:49:21+00:00,61.5,23.5,-169.78800000000004,69.52883783372309,0.0,mid,stable
BEV2_2024-08-22_fast_1,BEV2,BEV2_2024-08-22_fast_1__segment_1,train,2024-08-22 18:48:31+00:00,2024-08-22 18:49:31+00:00,61.5,23.5,-167.46900000000005,69.32643569745206,0.0,mid,stable
BEV2_2024-08-22_fast_1,BEV2,BEV2_2024-08-22_fast_1__segment_1,train,2024-08-22 18:48:41+00:00,2024-08-22 18:49:41+00:00,61.5,23.5,-168.14150000000006,68.95160662292,0.0,mid,stable
BEV2_2024-08-22_fast_1,BEV2,BEV2_2024-08-22_fast_1__segment_1,train,2024-08-22 18:48:51+00:00,2024-08-22 18:49:51+00:00,61.5,23.5,-166.40850000000006,68.58029017051282,0.0,low,stable
BEV2_2024-08-22_fast_1,BEV2,BEV2_2024-08-22_fast_1__segment_1,train,2024-08-22 18:49:01+00:00,2024-08-22 18:50:01+00:00,61.5,23.5,-166.32400000000004,68.20652142721048,0.0,low,stable
BEV2_2024-08-22_fast_1,BEV2,BEV2_2024-08-22_fast_1__segment_1,train,2024-08-22 18:49:11+00:00,2024-08-22 18:50:11+00:00,61.5,23.5,-165.57850000000005,67.78569803136837,0.0,low,stable
BEV2_2024-08-22_fast_1,BEV2,BEV2_2024-08-22_fast_1__segment_1,train,2024-08-22 18:49:21+00:00,2024-08-22 18:50:21+00:00,61.5,23.5,-163.9660000000001,67.46247553420478,0.0,low,stable
BEV2_2024-08-22_fast_1,BEV2,BEV2_2024-08-22_fast_1__segment_1,train,2024-08-22 18:49:31+00:00,2024-08-22 18:50:31+00:00,61.5,23.5,-161.20050000000003,66.94290556053451,0.0,low,stable
BEV2_2024-08-22_fast_1,BEV2,BEV2_2024-08-22_fast_1__segment_1,train,2024-08-22 18:49:41+00:00,2024-08-22 18:50:41+00:00,61.5,23.5,-161.82250000000005,66.68968461195158,0.0,low,stable
BEV2_2024-08-22_fast_1,BEV2,BEV2_2024-08-22_fast_1__segment_1,train,2024-08-22 18:49:51+00:00,2024-08-22 18:50:51+00:00,61.5,23.5,-159.59900000000005,66.04348450339106,0.0,low,stable
BEV2_2024-08-22_fast_1,BEV2,BEV2_2024-08-22_fast_1__segment_1,train,2024-08-22 18:50:01+00:00,2024-08-22 18:51:01+00:00,61.5,23.5,-157.18700000000004,65.26333863964345,0.0,low,stable
BEV2_2024-08-22_fast_1,BEV2,BEV2_2024-08-22_fast_1__segment_1,train,2024-08-22 18:50:11+00:00,2024-08-22 18:51:11+00:00,61.5,23.5,-155.70350000000005,64.31942224103166,0.0,low,stable
BEV2_2024-08-22_fast_1,BEV2,BEV2_2024-08-22_fast_1__segment_1,train,2024-08-22 18:50:21+00:00,2024-08-22 18:51:21+00:00,61.5,23.5,-153.50900000000004,63.38028714984185,0.0,low,stable
BEV2_2024-08-22_fast_1,BEV2,BEV2_2024-08-22_fast_1__segment_1,train,2024-08-22 18:50:31+00:00,2024-08-22 18:51:31+00:00,61.5,23.5,-151.16050000000004,62.47826252516314,0.0,low,stable
BEV2_2024-08-22_fast_1,BEV2,BEV2_2024-08-22_fast_1__segment_1,train,2024-08-22 18:50:41+00:00,2024-08-22 18:51:41+00:00,61.5,23.0,-149.24800000000005,61.66667091498907,0.0,low,stable
BEV2_2024-08-22_fast_1,BEV2,BEV2_2024-08-22_fast_1__segment_1,train,2024-08-22 18:50:51+00:00,2024-08-22 18:51:51+00:00,61.5,23.5,-145.76450000000006,60.67517291687462,0.0,low,stable
BEV2_2024-08-22_fast_1,BEV2,BEV2_2024-08-22_fast_1__segment_1,train,2024-08-22 18:51:01+00:00,2024-08-22 18:52:01+00:00,61.5,23.5,-144.51700000000005,59.921301016009835,0.0,low,stable
BEV2_2024-08-22_fast_1,BEV2,BEV2_2024-08-22_fast_1__segment_1,train,2024-08-22 18:51:11+00:00,2024-08-22 18:52:11+00:00,61.5,23.0,-143.01550000000006,58.9727490076195,0.0,low,stable
BEV2_2024-08-22_fast_1,BEV2,BEV2_2024-08-22_fast_1__segment_1,train,2024-08-22 18:51:21+00:00,2024-08-22 18:52:21+00:00,61.5,23.5,-140.56850000000003,58.29901113250113,0.0,low,stable
BEV2_2024-08-22_fast_1,BEV2,BEV2_2024-08-22_fast_1__segment_1,train,2024-08-22 18:51:31+00:00,2024-08-22 18:52:31+00:00,61.5,23.0,-138.78750000000005,57.55626359003436,0.0,low,stable
BEV2_2024-08-22_fast_1,BEV2,BEV2_2024-08-22_fast_1__segment_1,train,2024-08-22 18:51:41+00:00,2024-08-22 18:52:41+00:00,61.25,23.0,-137.72700000000003,56.93469319602511,-0.25,low,stable
BEV2_2024-08-22_fast_1,BEV2,BEV2_2024-08-22_fast_1__segment_1,train,2024-08-22 18:51:51+00:00,2024-08-22 18:52:51+00:00,61.25,23.0,-135.70550000000006,56.117209253431696,-0.25,low,stable
BEV2_2024-08-22_fast_1,BEV2,BEV2_2024-08-22_fast_1__segment_1,train,2024-08-22 18:52:01+00:00,2024-08-22 18:53:01+00:00,61.25,23.5,-133.14150000000006,55.516280288739765,-0.25,low,stable
BEV2_2024-08-22_fast_1,BEV2,BEV2_2024-08-22_fast_1__segment_1,train,2024-08-22 18:52:11+00:00,2024-08-22 18:53:11+00:00,61.25,23.5,-132.49900000000005,54.77853603338881,-0.25,low,stable
BEV2_2024-08-22_fast_1,BEV2,BEV2_2024-08-22_fast_1__segment_1,train,2024-08-22 18:52:21+00:00,2024-08-22 18:53:21+00:00,61.25,23.5,-130.85250000000005,54.19946498750607,-0.25,low,stable
BEV2_2024-08-22_fast_1,BEV2,BEV2_2024-08-22_fast_1__segment_1,train,2024-08-22 18:52:31+00:00,2024-08-22 18:53:31+00:00,61.25,23.5,-128.22150000000005,53.46384595437138,-0.25,low,stable
BEV2_2024-08-22_fast_1,BEV2,BEV2_2024-08-22_fast_1__segment_1,train,2024-08-22 18:52:41+00:00,2024-08-22 18:53:41+00:00,61.25,23.5,-126.91550000000004,52.838495200042004,0.0,low,stable
BEV2_2024-08-22_fast_1,BEV2,BEV2_2024-08-22_fast_1__segment_1,train,2024-08-22 18:52:51+00:00,2024-08-22 18:53:51+00:00,61.25,23.5,-126.16000000000004,52.32834332374459,0.0,low,stable
BEV2_2024-08-22_fast_1,BEV2,BEV2_2024-08-22_fast_1__segment_1,train,2024-08-22 18:53:01+00:00,2024-08-22 18:54:01+00:00,61.0,23.5,-123.96850000000003,51.94615759110377,-0.25,low,stable
BEV2_2024-08-22_fast_1,BEV2,BEV2_2024-08-22_fast_1__segment_1,train,2024-08-22 18:53:11+00:00,2024-08-22 18:54:11+00:00,61.0,23.5,-123.60500000000006,51.355256014592534,-0.25,low,stable
BEV2_2024-08-22_fast_1,BEV2,BEV2_2024-08-22_fast_1__segment_1,train,2024-08-22 18:53:21+00:00,2024-08-22 18:54:21+00:00,61.0,23.5,-122.67500000000004,50.92667169796096,-0.25,low,stable
BEV2_2024-08-22_fast_1,BEV2,BEV2_2024-08-22_fast_1__segment_1,train,2024-08-22 18:53:31+00:00,2024-08-22 18:54:31+00:00,61.0,23.5,-121.24500000000003,50.31295524378157,-0.25,low,stable
BEV2_2024-08-22_fast_1,BEV2,BEV2_2024-08-22_fast_1__segment_1,train,2024-08-22 18:53:41+00:00,2024-08-22 18:54:41+00:00,61.0,23.5,-119.91600000000004,49.94051462354836,-0.25,low,stable
BEV2_2024-08-22_fast_1,BEV2,BEV2_2024-08-22_fast_1__segment_1,train,2024-08-22 18:53:51+00:00,2024-08-22 18:54:51+00:00,61.0,23.5,-117.67350000000006,49.547352697786096,-0.25,low,stable
BEV2_2024-08-22_fast_1,BEV2,BEV2_2024-08-22_fast_1__segment_1,train,2024-08-22 18:54:01+00:00,2024-08-22 18:55:01+00:00,61.0,23.5,-117.78100000000003,49.11334253868628,0.0,low,stable
BEV2_2024-08-22_fast_1,BEV2,BEV2_2024-08-22_fast_1__segment_1,train,2024-08-22 18:54:11+00:00,2024-08-22 18:55:11+00:00,60.75,23.5,-116.45750000000004,48.5124503739146,-0.25,low,stable
BEV2_2024-08-22_fast_1,BEV2,BEV2_2024-08-22_fast_1__segment_1,train,2024-08-22 18:54:21+00:00,2024-08-22 18:55:21+00:00,60.75,23.5,-115.78550000000004,48.08091997153965,-0.25,low,stable
BEV2_2024-08-22_fast_1,BEV2,BEV2_2024-08-22_fast_1__segment_1,train,2024-08-22 18:54:31+00:00,2024-08-22 18:55:31+00:00,60.75,23.5,-114.35750000000004,47.808810149607936,-0.25,low,stable
BEV2_2024-08-22_fast_1,BEV2,BEV2_2024-08-22_fast_1__segment_1,train,2024-08-22 18:54:41+00:00,2024-08-22 18:55:41+00:00,60.75,23.5,-114.32000000000004,47.50158596179533,-0.25,low,stable
BEV2_2024-08-22_fast_1,BEV2,BEV2_2024-08-22_fast_1__segment_1,train,2024-08-22 18:54:51+00:00,2024-08-22 18:55:51+00:00,60.75,23.5,-113.59400000000004,47.1234638844875,-0.25,low,stable
BEV2_2024-08-22_fast_1,BEV2,BEV2_2024-08-22_fast_1__segment_1,train,2024-08-22 18:55:01+00:00,2024-08-22 18:56:01+00:00,60.75,23.5,-110.73300000000005,46.73647957099278,-0.25,low,stable
BEV2_2024-08-22_fast_1,BEV2,BEV2_2024-08-22_fast_1__segment_1,train,2024-08-22 18:55:11+00:00,2024-08-22 18:56:11+00:00,60.5,23.5,-111.12200000000004,46.45626518353531,-0.25,low,stable
BEV2_2024-08-22_fast_1,BEV2,BEV2_2024-08-22_fast_1__segment_1,train,2024-08-22 18:55:21+00:00,2024-08-22 18:56:21+00:00,60.5,23.5,-110.76150000000004,45.90554981730656,-0.25,low,stable
BEV2_2024-08-22_fast_1,BEV2,BEV2_2024-08-22_fast_1__segment_1,train,2024-08-22 18:55:31+00:00,2024-08-22 18:56:31+00:00,60.5,23.5,-108.72727272727278,45.567963442235204,-0.25,low,stable
BEV2_2024-08-22_fast_1,BEV2,BEV2_2024-08-22_fast_1__segment_1,train,2024-08-22 18:55:41+00:00,2024-08-22 18:56:41+00:00,60.5,23.5,-109.05650000000004,45.30505998402446,-0.25,low,stable
BEV2_2024-08-22_fast_1,BEV2,BEV2_2024-08-22_fast_1__segment_1,train,2024-08-22 18:55:51+00:00,2024-08-22 18:56:51+00:00,60.5,23.5,-108.32600000000004,45.21611007067873,-0.25,low,stable
BEV2_2024-08-22_fast_1,BEV2,BEV2_2024-08-22_fast_1__segment_1,train,2024-08-22 18:56:01+00:00,2024-08-22 18:57:01+00:00,60.5,23.5,-106.27300000000004,44.874289237145994,-0.25,low,stable
BEV2_2024-08-22_fast_1,BEV2,BEV2_2024-08-22_fast_1__segment_1,train,2024-08-22 18:56:11+00:00,2024-08-22 18:57:11+00:00,60.25,23.5,-107.02550000000004,44.543180238124,-0.25,low,stable
BEV2_2024-08-22_fast_1,BEV2,BEV2_2024-08-22_fast_1__segment_1,train,2024-08-22 18:56:21+00:00,2024-08-22 18:57:21+00:00,60.25,23.5,-106.35750000000004,44.43793230528967,-0.25,low,stable
BEV2_2024-08-22_fast_1,BEV2,BEV2_2024-08-22_fast_1__segment_1,train,2024-08-22 18:56:31+00:00,2024-08-22 18:57:31+00:00,60.25,23.5,-105.16100000000004,43.97122176924634,-0.25,low,stable
BEV2_2024-08-22_fast_1,BEV2,BEV2_2024-08-22_fast_1__segment_1,train,2024-08-22 18:56:41+00:00,2024-08-22 18:57:41+00:00,60.25,23.5,-105.11650000000004,43.693338168574215,-0.25,low,stable
BEV2_2024-08-22_fast_1,BEV2,BEV2_2024-08-22_fast_1__segment_1,train,2024-08-22 18:56:51+00:00,2024-08-22 18:57:51+00:00,60.25,23.5,-104.73800000000004,43.580520234653235,-0.25,low,stable
BEV2_2024-08-22_fast_1,BEV2,BEV2_2024-08-22_fast_1__segment_1,train,2024-08-22 18:57:01+00:00,2024-08-22 18:58:01+00:00,60.25,23.5,-103.84350000000003,43.42809700347651,-0.25,low,stable
BEV2_2024-08-22_fast_1,BEV2,BEV2_2024-08-22_fast_1__segment_1,train,2024-08-22 18:57:11+00:00,2024-08-22 18:58:11+00:00,60.0,23.5,-103.09500000000006,43.162465147680344,-0.25,low,stable
BEV2_2024-08-22_fast_1,BEV2,BEV2_2024-08-22_fast_1__segment_1,train,2024-08-22 18:57:21+00:00,2024-08-22 18:58:21+00:00,60.0,23.5,-102.85100000000004,42.90192294615974,-0.25,low,stable
BEV2_2024-08-22_fast_1,BEV2,BEV2_2024-08-22_fast_1__segment_1,train,2024-08-22 18:57:31+00:00,2024-08-22 18:58:31+00:00,60.0,23.5,-101.80200000000004,42.8117519835653,-0.25,low,stable
BEV2_2024-08-22_fast_1,BEV2,BEV2_2024-08-22_fast_1__segment_1,train,2024-08-22 18:57:41+00:00,2024-08-22 18:58:41+00:00,60.0,23.5,-101.81650000000003,42.509562035571086,-0.25,low,stable
BEV2_2024-08-22_fast_1,BEV2,BEV2_2024-08-22_fast_1__segment_1,train,2024-08-22 18:57:51+00:00,2024-08-22 18:58:51+00:00,60.0,23.5,-100.78600000000004,42.17658385809278,-0.25,low,stable
BEV2_2024-08-22_fast_1,BEV2,BEV2_2024-08-22_fast_1__segment_1,train,2024-08-22 18:58:01+00:00,2024-08-22 18:59:01+00:00,60.0,23.5,-100.87200000000004,42.041484484414646,-0.25,low,stable
BEV2_2024-08-22_fast_1,BEV2,BEV2_2024-08-22_fast_1__segment_1,train,2024-08-22 18:58:11+00:00,2024-08-22 18:59:11+00:00,59.75,23.5,-99.60100000000004,41.86570151144447,-0.25,low,stable
BEV2_2024-08-22_fast_1,BEV2,BEV2_2024-08-22_fast_1__segment_1,train,2024-08-22 18:58:21+00:00,2024-08-22 18:59:21+00:00,59.75,23.5,-98.96250000000003,41.788910806732126,-0.25,low,stable
BEV2_2024-08-22_fast_1,BEV2,BEV2_2024-08-22_fast_1__segment_1,train,2024-08-22 18:58:31+00:00,2024-08-22 18:59:31+00:00,59.75,23.5,-99.63350000000004,41.6050388250538,-0.25,low,stable
BEV2_2024-08-22_fast_1,BEV2,BEV2_2024-08-22_fast_1__segment_1,train,2024-08-22 18:58:41+00:00,2024-08-22 18:59:41+00:00,59.75,23.5,-98.36600000000004,41.305991622435066,-0.25,low,stable
BEV2_2024-08-22_fast_1,BEV2,BEV2_2024-08-22_fast_1__segment_1,train,2024-08-22 18:58:51+00:00,2024-08-22 18:59:51+00:00,59.75,23.5,-97.62800000000004,41.15910683289946,-0.25,low,stable
BEV2_2024-08-22_fast_1,BEV2,BEV2_2024-08-22_fast_1__segment_1,train,2024-08-22 18:59:01+00:00,2024-08-22 19:00:01+00:00,59.75,23.5,-98.20650000000003,40.90951421697781,-0.25,low,stable
BEV2_2024-08-22_fast_1,BEV2,BEV2_2024-08-22_fast_1__segment_1,train,2024-08-22 18:59:11+00:00,2024-08-22 19:00:11+00:00,59.5,23.5,-96.54700000000004,40.83714572542194,-0.25,low,stable
BEV2_2024-08-22_fast_1,BEV2,BEV2_2024-08-22_fast_1__segment_1,train,2024-08-22 18:59:21+00:00,2024-08-22 19:00:21+00:00,59.5,23.5,-96.62100000000004,40.641480817698344,-0.25,low,stable
BEV2_2024-08-22_fast_1,BEV2,BEV2_2024-08-22_fast_1__segment_1,train,2024-08-22 18:59:31+00:00,2024-08-22 19:00:31+00:00,59.5,23.5,-96.45100000000004,40.37198979825429,-0.25,low,stable
BEV2_2024-08-22_fast_1,BEV2,BEV2_2024-08-22_fast_1__segment_1,train,2024-08-22 18:59:41+00:00,2024-08-22 19:00:41+00:00,59.5,23.5,-96.20050000000003,40.344654860411396,-0.25,low,stable
BEV2_2024-08-22_fast_1,BEV2,BEV2_2024-08-22_fast_1__segment_1,train,2024-08-22 18:59:51+00:00,2024-08-22 19:00:51+00:00,59.5,23.5,-96.07250000000003,40.151219512870355,-0.25,low,stable
BEV2_2024-08-22_fast_1,BEV2,BEV2_2024-08-22_fast_1__segment_1,train,2024-08-22 19:00:01+00:00,2024-08-22 19:01:01+00:00,59.5,23.5,-94.96950000000004,39.983603010831146,-0.25,low,stable
BEV2_2024-08-22_fast_1,BEV2,BEV2_2024-08-22_fast_1__segment_1,train,2024-08-22 19:00:11+00:00,2024-08-22 19:01:11+00:00,59.5,23.0,-94.55950000000004,39.92453431085947,0.0,low,stable
BEV2_2024-08-22_fast_1,BEV2,BEV2_2024-08-22_fast_1__segment_1,train,2024-08-22 19:00:21+00:00,2024-08-22 19:01:21+00:00,59.25,23.5,-95.07900000000004,39.73925583193783,-0.25,low,stable
BEV2_2024-08-22_fast_1,BEV2,BEV2_2024-08-22_fast_1__segment_1,train,2024-08-22 19:00:31+00:00,2024-08-22 19:01:31+00:00,59.25,23.5,-93.75450000000004,39.50738237761433,-0.25,low,stable
BEV2_2024-08-22_fast_1,BEV2,BEV2_2024-08-22_fast_1__segment_1,train,2024-08-22 19:00:41+00:00,2024-08-22 19:01:41+00:00,59.25,23.5,-93.09600000000005,39.36266669124943,-0.25,low,stable
BEV2_2024-08-22_fast_1,BEV2,BEV2_2024-08-22_fast_1__segment_1,train,2024-08-22 19:00:51+00:00,2024-08-22 19:01:51+00:00,59.25,23.0,-93.37350000000006,39.223857767593316,-0.25,low,stable
BEV2_2024-08-22_fast_1,BEV2,BEV2_2024-08-22_fast_1__segment_1,train,2024-08-22 19:01:01+00:00,2024-08-22 19:02:01+00:00,59.25,23.0,-93.15700000000004,38.949316629648074,-0.25,low,stable
BEV2_2024-08-22_fast_1,BEV2,BEV2_2024-08-22_fast_1__segment_1,train,2024-08-22 19:01:11+00:00,2024-08-22 19:02:11+00:00,59.25,23.0,-92.95950000000003,38.91529236752711,-0.25,low,stable
BEV2_2024-08-22_fast_1,BEV2,BEV2_2024-08-22_fast_1__segment_1,train,2024-08-22 19:01:21+00:00,2024-08-22 19:02:21+00:00,59.0,23.0,-92.19000000000004,38.774239507043205,-0.25,low,stable
BEV2_2024-08-22_fast_1,BEV2,BEV2_2024-08-22_fast_1__segment_1,train,2024-08-22 19:01:31+00:00,2024-08-22 19:02:31+00:00,59.0,23.0,-91.52950000000004,38.58227320588105,-0.25,low,stable
BEV2_2024-08-22_fast_1,BEV2,BEV2_2024-08-22_fast_1__segment_1,train,2024-08-22 19:01:41+00:00,2024-08-22 19:02:41+00:00,59.0,23.0,-91.85800000000005,38.41618905037509,-0.25,low,stable
BEV2_2024-08-22_fast_1,BEV2,BEV2_2024-08-22_fast_1__segment_1,train,2024-08-22 19:01:51+00:00,2024-08-22 19:02:51+00:00,59.0,23.0,-90.44650000000006,38.30396463586754,-0.25,low,stable
BEV2_2024-08-22_fast_1,BEV2,BEV2_2024-08-22_fast_1__segment_1,train,2024-08-22 19:02:01+00:00,2024-08-22 19:03:01+00:00,59.0,23.0,-90.70900000000005,38.13128943225536,-0.25,low,stable
BEV2_2024-08-22_fast_1,BEV2,BEV2_2024-08-22_fast_1__segment_1,train,2024-08-22 19:02:11+00:00,2024-08-22 19:03:11+00:00,59.0,23.0,-90.11350000000004,37.9216145910464,-0.25,low,stable
BEV2_2024-08-22_fast_1,BEV2,BEV2_2024-08-22_fast_1__segment_1,train,2024-08-22 19:02:21+00:00,2024-08-22 19:03:21+00:00,59.0,23.0,-89.59500000000006,37.9273233530181,0.0,low,stable
BEV2_2024-08-22_fast_1,BEV2,BEV2_2024-08-22_fast_1__segment_1,train,2024-08-22 19:02:31+00:00,2024-08-22 19:03:31+00:00,58.75,23.0,-89.44550000000005,37.627445309051325,-0.25,low,stable
BEV2_2024-08-22_fast_1,BEV2,BEV2_2024-08-22_fast_1__segment_1,train,2024-08-22 19:02:41+00:00,2024-08-22 19:03:41+00:00,58.75,23.5,-89.58100000000005,37.50226490862847,-0.25,low,stable
BEV2_2024-08-22_fast_1,BEV2,BEV2_2024-08-22_fast_1__segment_1,train,2024-08-22 19:02:51+00:00,2024-08-22 19:03:51+00:00,58.75,23.5,-88.86200000000004,37.280100195945906,-0.25,low,stable
BEV2_2024-08-22_fast_1,BEV2,BEV2_2024-08-22_fast_1__segment_1,train,2024-08-22 19:03:01+00:00,2024-08-22 19:04:01+00:00,58.75,23.5,-88.52900000000004,37.266011566421184,-0.25,low,stable
BEV2_2024-08-22_fast_1,BEV2,BEV2_2024-08-22_fast_1__segment_1,train,2024-08-22 19:03:11+00:00,2024-08-22 19:04:11+00:00,58.75,23.5,-87.52600000000004,37.095143582215925,-0.25,low,stable
BEV2_2024-08-22_fast_1,BEV2,BEV2_2024-08-22_fast_1__segment_1,train,2024-08-22 19:03:21+00:00,2024-08-22 19:04:21+00:00,58.75,23.5,-87.23450000000004,36.91753788666544,-0.25,low,stable
BEV2_2024-08-22_fast_1,BEV2,BEV2_2024-08-22_fast_1__segment_1,train,2024-08-22 19:03:31+00:00,2024-08-22 19:04:31+00:00,58.75,23.5,-86.62100000000005,36.71805646243185,0.0,low,stable
BEV2_2024-08-22_fast_1,BEV2,BEV2_2024-08-22_fast_1__segment_1,train,2024-08-22 19:03:41+00:00,2024-08-22 19:04:41+00:00,58.5,23.5,-87.45200000000004,36.7019567119013,-0.25,low,stable
BEV2_2024-08-22_fast_1,BEV2,BEV2_2024-08-22_fast_1__segment_1,train,2024-08-22 19:03:51+00:00,2024-08-22 19:04:51+00:00,58.5,23.0,-85.89050000000005,36.46208785799621,-0.25,low,stable
BEV2_2024-08-22_fast_1,BEV2,BEV2_2024-08-22_fast_1__segment_1,train,2024-08-22 19:04:01+00:00,2024-08-22 19:05:01+00:00,58.5,23.0,-85.40500000000006,36.256028528485054,-0.25,low,stable
BEV2_2024-08-22_fast_1,BEV2,BEV2_2024-08-22_fast_1__segment_1,train,2024-08-22 19:04:11+00:00,2024-08-22 19:05:11+00:00,58.5,23.5,-85.87050000000005,36.12838607392286,-0.25,low,stable
BEV2_2024-08-22_fast_1,BEV2,BEV2_2024-08-22_fast_1__segment_1,train,2024-08-22 19:04:21+00:00,2024-08-22 19:05:21+00:00,58.5,23.0,-85.22450000000005,35.97022473739778,-0.25,low,stable
BEV2_2024-08-22_fast_1,BEV2,BEV2_2024-08-22_fast_1__segment_1,train,2024-08-22 19:04:31+00:00,2024-08-22 19:05:31+00:00,58.5,23.0,-85.46700000000004,35.85900137728045,-0.25,low,stable
BEV2_2024-08-22_fast_1,BEV2,BEV2_2024-08-22_fast_1__segment_1,train,2024-08-22 19:04:41+00:00,2024-08-22 19:05:41+00:00,58.25,23.0,-84.64750000000004,35.663089813531656,-0.25,low,stable
BEV2_2024-08-22_fast_1,BEV2,BEV2_2024-08-22_fast_1__segment_1,train,2024-08-22 19:04:51+00:00,2024-08-22 19:05:51+00:00,58.25,23.0,-83.85450000000004,35.613897439677366,-0.25,low,stable
BEV2_2024-08-22_fast_1,BEV2,BEV2_2024-08-22_fast_1__segment_1,train,2024-08-22 19:05:01+00:00,2024-08-22 19:06:01+00:00,58.25,23.0,-84.21550000000005,35.46624446521767,-0.25,low,stable
BEV2_2024-08-22_fast_1,BEV2,BEV2_2024-08-22_fast_1__segment_1,train,2024-08-22 19:05:11+00:00,2024-08-22 19:06:11+00:00,58.25,23.0,-84.11500000000005,35.23885888454975,-0.25,low,stable
BEV2_2024-08-22_fast_1,BEV2,BEV2_2024-08-22_fast_1__segment_1,train,2024-08-22 19:05:21+00:00,2024-08-22 19:06:21+00:00,58.25,23.0,-83.12650000000005,35.059359119634806,-0.25,low,stable
BEV2_2024-08-22_fast_1,BEV2,BEV2_2024-08-22_fast_1__segment_1,train,2024-08-22 19:05:31+00:00,2024-08-22 19:06:31+00:00,58.25,23.0,-82.25400000000005,34.844414808796536,-0.25,low,stable
BEV2_2024-08-22_fast_1,BEV2,BEV2_2024-08-22_fast_1__segment_1,train,2024-08-22 19:05:41+00:00,2024-08-22 19:06:41+00:00,58.25,23.0,-82.28800000000005,34.83133667504101,0.0,low,stable
BEV2_2024-08-22_fast_1,BEV2,BEV2_2024-08-22_fast_1__segment_1,train,2024-08-22 19:05:51+00:00,2024-08-22 19:06:51+00:00,58.0,23.0,-81.86850000000004,34.65541213503071,-0.25,low,stable
BEV2_2024-08-22_fast_1,BEV2,BEV2_2024-08-22_fast_1__segment_1,train,2024-08-22 19:06:01+00:00,2024-08-22 19:07:01+00:00,58.0,23.0,-81.53300000000004,34.495314511156856,-0.25,low,stable
BEV2_2024-08-31_fast_1,BEV2,BEV2_2024-08-31_fast_1__segment_1,train,2024-08-31 18:09:29+00:00,2024-08-31 18:10:29+00:00,44.25,22.0,-324.69700000000006,132.67772735328307,2.0,high,warming
BEV2_2024-08-31_fast_1,BEV2,BEV2_2024-08-31_fast_1__segment_1,train,2024-08-31 18:09:39+00:00,2024-08-31 18:10:39+00:00,44.5,22.0,-323.52500000000003,132.69396137524276,2.0,high,warming
BEV2_2024-08-31_fast_1,BEV2,BEV2_2024-08-31_fast_1__segment_1,train,2024-08-31 18:09:49+00:00,2024-08-31 18:10:49+00:00,44.75,22.0,-316.40200000000004,130.57575152861585,1.75,high,warming
BEV2_2024-08-31_fast_1,BEV2,BEV2_2024-08-31_fast_1__segment_1,train,2024-08-31 18:09:59+00:00,2024-08-31 18:10:59+00:00,45.25,22.0,-310.93600000000004,128.89671225206231,2.0,high,warming
BEV2_2024-08-31_fast_1,BEV2,BEV2_2024-08-31_fast_1__segment_1,train,2024-08-31 18:10:09+00:00,2024-08-31 18:11:09+00:00,45.5,22.0,-307.44250000000005,127.88565590100045,2.0,high,warming
BEV2_2024-08-31_fast_1,BEV2,BEV2_2024-08-31_fast_1__segment_1,train,2024-08-31 18:10:19+00:00,2024-08-31 18:11:19+00:00,46.0,21.5,-303.75250000000005,126.79593516065721,2.25,high,warming
BEV2_2024-08-31_fast_1,BEV2,BEV2_2024-08-31_fast_1__segment_1,train,2024-08-31 18:10:29+00:00,2024-08-31 18:11:29+00:00,46.25,22.0,-300.9871287128713,126.3318731459876,2.0,high,warming
BEV2_2024-08-31_fast_1,BEV2,BEV2_2024-08-31_fast_1__segment_1,train,2024-08-31 18:10:39+00:00,2024-08-31 18:11:39+00:00,46.75,21.5,-296.115,124.4720502379138,2.25,high,warming
BEV2_2024-08-31_fast_1,BEV2,BEV2_2024-08-31_fast_1__segment_1,train,2024-08-31 18:10:49+00:00,2024-08-31 18:11:49+00:00,47.25,21.5,-295.97400000000005,124.61620024620436,2.5,high,warming
BEV2_2024-08-31_fast_1,BEV2,BEV2_2024-08-31_fast_1__segment_1,train,2024-08-31 18:10:59+00:00,2024-08-31 18:11:59+00:00,47.75,22.0,-293.75250000000005,124.10610238961493,2.5,high,warming
BEV2_2024-08-31_fast_1,BEV2,BEV2_2024-08-31_fast_1__segment_1,train,2024-08-31 18:11:09+00:00,2024-08-31 18:12:09+00:00,48.25,21.5,-290.475,122.97822667656952,2.75,high,warming
BEV2_2024-08-31_fast_1,BEV2,BEV2_2024-08-31_fast_1__segment_1,train,2024-08-31 18:11:19+00:00,2024-08-31 18:12:19+00:00,48.75,21.5,-289.103,122.38567972519853,2.75,high,warming
BEV2_2024-08-31_fast_1,BEV2,BEV2_2024-08-31_fast_1__segment_1,train,2024-08-31 18:11:29+00:00,2024-08-31 18:12:29+00:00,49.25,21.5,-286.1935000000001,121.24813046110644,3.0,high,warming
BEV2_2024-08-31_fast_1,BEV2,BEV2_2024-08-31_fast_1__segment_1,train,2024-08-31 18:11:39+00:00,2024-08-31 18:12:39+00:00,49.5,21.5,-285.45750000000004,121.1013706625536,2.75,high,warming
BEV2_2024-08-31_fast_1,BEV2,BEV2_2024-08-31_fast_1__segment_1,train,2024-08-31 18:11:49+00:00,2024-08-31 18:12:49+00:00,50.0,21.5,-283.49,120.31444781990736,2.75,high,warming
BEV2_2024-08-31_fast_1,BEV2,BEV2_2024-08-31_fast_1__segment_1,train,2024-08-31 18:11:59+00:00,2024-08-31 18:12:59+00:00,50.5,21.5,-282.19700000000006,120.04576012233744,2.75,high,warming
BEV2_2024-08-31_fast_1,BEV2,BEV2_2024-08-31_fast_1__segment_1,train,2024-08-31 18:12:09+00:00,2024-08-31 18:13:09+00:00,51.0,21.5,-280.47950000000003,119.34967729273076,2.75,high,warming
BEV2_2024-08-31_fast_1,BEV2,BEV2_2024-08-31_fast_1__segment_1,train,2024-08-31 18:12:19+00:00,2024-08-31 18:13:19+00:00,51.5,21.5,-278.51150000000007,118.77190888892284,2.75,high,warming
BEV2_2024-08-31_fast_1,BEV2,BEV2_2024-08-31_fast_1__segment_1,train,2024-08-31 18:12:29+00:00,2024-08-31 18:13:29+00:00,52.0,21.5,-277.40950000000004,118.56923574216044,2.75,high,warming
BEV2_2024-08-31_fast_1,BEV2,BEV2_2024-08-31_fast_1__segment_1,train,2024-08-31 18:12:39+00:00,2024-08-31 18:13:39+00:00,52.5,21.5,-275.13250000000005,117.95279362624974,3.0,high,warming
BEV2_2024-08-31_fast_1,BEV2,BEV2_2024-08-31_fast_1__segment_1,train,2024-08-31 18:12:49+00:00,2024-08-31 18:13:49+00:00,52.75,21.5,-274.04850000000005,117.4728770686814,2.75,high,warming
BEV2_2024-08-31_fast_1,BEV2,BEV2_2024-08-31_fast_1__segment_1,train,2024-08-31 18:12:59+00:00,2024-08-31 18:13:59+00:00,53.25,21.5,-273.30300000000005,117.36453080786804,2.75,high,warming
BEV2_2024-08-31_fast_1,BEV2,BEV2_2024-08-31_fast_1__segment_1,train,2024-08-31 18:13:09+00:00,2024-08-31 18:14:09+00:00,53.75,21.5,-271.97950000000003,116.77437434927546,2.75,high,warming
BEV2_2024-08-31_fast_1,BEV2,BEV2_2024-08-31_fast_1__segment_1,train,2024-08-31 18:13:19+00:00,2024-08-31 18:14:19+00:00,54.25,21.5,-269.4875,115.94791326462172,2.75,high,warming
BEV2_2024-08-31_fast_1,BEV2,BEV2_2024-08-31_fast_1__segment_1,train,2024-08-31 18:13:29+00:00,2024-08-31 18:14:29+00:00,54.75,21.5,-268.6025,115.67790087721141,2.75,high,warming
BEV2_2024-08-31_fast_1,BEV2,BEV2_2024-08-31_fast_1__segment_1,train,2024-08-31 18:13:39+00:00,2024-08-31 18:14:39+00:00,55.0,21.5,-267.3025,115.20468984446912,2.5,high,warming
BEV2_2024-08-31_fast_1,BEV2,BEV2_2024-08-31_fast_1__segment_1,train,2024-08-31 18:13:49+00:00,2024-08-31 18:14:49+00:00,55.5,21.5,-265.9485000000001,114.79133769074399,2.75,high,warming
BEV2_2024-08-31_fast_1,BEV2,BEV2_2024-08-31_fast_1__segment_1,train,2024-08-31 18:13:59+00:00,2024-08-31 18:14:59+00:00,56.0,21.5,-264.9530000000001,114.55381727256561,2.75,high,warming
BEV2_2024-08-31_fast_1,BEV2,BEV2_2024-08-31_fast_1__segment_1,train,2024-08-31 18:14:09+00:00,2024-08-31 18:15:09+00:00,56.5,21.5,-263.08150000000006,113.66929953939112,2.75,high,warming
BEV2_2024-08-31_fast_1,BEV2,BEV2_2024-08-31_fast_1__segment_1,train,2024-08-31 18:14:19+00:00,2024-08-31 18:15:19+00:00,56.75,21.5,-262.348,113.10012386331628,2.5,high,warming
BEV2_2024-08-31_fast_1,BEV2,BEV2_2024-08-31_fast_1__segment_1,train,2024-08-31 18:14:29+00:00,2024-08-31 18:15:29+00:00,57.25,21.5,-252.10800000000003,102.42521952095473,2.5,high,warming
BEV2_2024-08-31_fast_1,BEV2,BEV2_2024-08-31_fast_1__segment_1,train,2024-08-31 18:14:39+00:00,2024-08-31 18:15:39+00:00,57.75,21.5,-252.20800000000003,102.81689850649067,2.75,high,warming
BEV2_2024-08-31_fast_1,BEV2,BEV2_2024-08-31_fast_1__segment_1,train,2024-08-31 18:14:49+00:00,2024-08-31 18:15:49+00:00,58.0,21.5,-252.37250000000003,102.7163128982458,2.5,high,warming
BEV2_2024-08-31_fast_1,BEV2,BEV2_2024-08-31_fast_1__segment_1,train,2024-08-31 18:14:59+00:00,2024-08-31 18:15:59+00:00,58.25,21.5,-252.34650000000005,102.5241862009298,2.25,high,warming
BEV2_2024-08-31_fast_1,BEV2,BEV2_2024-08-31_fast_1__segment_1,train,2024-08-31 18:15:09+00:00,2024-08-31 18:16:09+00:00,58.5,21.5,-252.25550000000004,102.34079277914728,2.0,high,warming
BEV2_2024-08-31_fast_1,BEV2,BEV2_2024-08-31_fast_1__segment_1,train,2024-08-31 18:15:19+00:00,2024-08-31 18:16:19+00:00,58.75,21.5,-252.40150000000003,102.08063450915613,2.0,high,warming
BEV2_2024-08-31_fast_1,BEV2,BEV2_2024-08-31_fast_1__segment_1,train,2024-08-31 18:15:29+00:00,2024-08-31 18:16:29+00:00,59.0,21.5,-252.28650000000005,101.81255191814654,1.75,high,warming
BEV2_2024-08-31_fast_1,BEV2,BEV2_2024-08-31_fast_1__segment_1,train,2024-08-31 18:15:39+00:00,2024-08-31 18:16:39+00:00,59.25,21.5,-251.4215,101.26042007685352,1.5,high,warming
BEV2_2024-08-31_fast_1,BEV2,BEV2_2024-08-31_fast_1__segment_1,train,2024-08-31 18:15:49+00:00,2024-08-31 18:16:49+00:00,59.25,21.5,-250.10450000000003,100.63249112869482,1.25,high,warming
BEV2_2024-08-31_fast_1,BEV2,BEV2_2024-08-31_fast_1__segment_1,train,2024-08-31 18:15:59+00:00,2024-08-31 18:16:59+00:00,59.5,21.5,-248.16400000000004,99.91985048074564,1.25,high,warming
BEV2_2024-08-31_fast_1,BEV2,BEV2_2024-08-31_fast_1__segment_1,train,2024-08-31 18:16:09+00:00,2024-08-31 18:17:09+00:00,59.75,21.5,-246.97450000000003,98.76076478752664,1.25,high,warming
BEV2_2024-08-31_fast_1,BEV2,BEV2_2024-08-31_fast_1__segment_1,train,2024-08-31 18:16:19+00:00,2024-08-31 18:17:19+00:00,59.75,21.5,-245.3940000000001,98.40446302444477,1.0,high,warming
BEV2_2024-08-31_fast_1,BEV2,BEV2_2024-08-31_fast_1__segment_1,train,2024-08-31 18:16:29+00:00,2024-08-31 18:17:29+00:00,59.75,21.5,-242.78500000000005,96.96057255604914,0.75,high,warming
BEV2_2024-08-31_fast_1,BEV2,BEV2_2024-08-31_fast_1__segment_1,train,2024-08-31 18:16:39+00:00,2024-08-31 18:17:39+00:00,59.5,21.5,-242.73400000000004,97.3937676988395,0.25,high,stable
BEV2_2024-08-31_fast_1,BEV2,BEV2_2024-08-31_fast_1__segment_1,train,2024-08-31 18:16:49+00:00,2024-08-31 18:17:49+00:00,58.75,21.5,-240.4060000000001,96.43835915720405,-0.5,high,cooling
BEV2_2024-08-31_fast_1,BEV2,BEV2_2024-08-31_fast_1__segment_1,train,2024-08-31 18:16:59+00:00,2024-08-31 18:17:59+00:00,58.0,21.5,-239.58900000000008,96.1893481516837,-1.5,high,cooling
BEV2_2024-08-31_fast_1,BEV2,BEV2_2024-08-31_fast_1__segment_1,train,2024-08-31 18:17:09+00:00,2024-08-31 18:18:09+00:00,57.75,22.0,-237.50800000000004,95.4405542106592,-2.0,high,cooling
BEV2_2024-08-31_fast_1,BEV2,BEV2_2024-08-31_fast_1__segment_1,train,2024-08-31 18:17:19+00:00,2024-08-31 18:18:19+00:00,57.5,22.0,-235.7510000000001,94.80420934604601,-2.25,high,cooling
BEV2_2024-08-31_fast_1,BEV2,BEV2_2024-08-31_fast_1__segment_1,train,2024-08-31 18:17:29+00:00,2024-08-31 18:18:29+00:00,57.5,23.0,-233.63550000000004,93.78901970948132,-2.25,mid,cooling
BEV2_2024-08-31_fast_1,BEV2,BEV2_2024-08-31_fast_1__segment_1,train,2024-08-31 18:17:39+00:00,2024-08-31 18:18:39+00:00,57.5,23.5,-232.58900000000008,93.49002572190764,-2.0,mid,cooling
BEV2_2024-08-31_fast_1,BEV2,BEV2_2024-08-31_fast_1__segment_1,train,2024-08-31 18:17:49+00:00,2024-08-31 18:18:49+00:00,57.5,23.0,-229.88500000000005,92.57021386114273,-1.25,mid,cooling
BEV2_2024-08-31_fast_1,BEV2,BEV2_2024-08-31_fast_1__segment_1,train,2024-08-31 18:17:59+00:00,2024-08-31 18:18:59+00:00,57.5,23.5,-229.4055,92.2644596316604,-0.5,mid,cooling
BEV2_2024-08-31_fast_1,BEV2,BEV2_2024-08-31_fast_1__segment_1,train,2024-08-31 18:18:09+00:00,2024-08-31 18:19:09+00:00,57.5,24.0,-227.72600000000003,91.65693827775728,-0.25,mid,stable
BEV2_2024-08-31_fast_1,BEV2,BEV2_2024-08-31_fast_1__segment_1,train,2024-08-31 18:18:19+00:00,2024-08-31 18:19:19+00:00,57.5,24.0,-226.07550000000003,91.11697803690755,0.0,mid,stable
BEV2_2024-08-31_fast_1,BEV2,BEV2_2024-08-31_fast_1__segment_1,train,2024-08-31 18:18:29+00:00,2024-08-31 18:19:29+00:00,57.5,24.0,-225.25600000000003,90.79726934204123,0.0,mid,stable
BEV2_2024-08-31_fast_1,BEV2,BEV2_2024-08-31_fast_1__segment_1,train,2024-08-31 18:18:39+00:00,2024-08-31 18:19:39+00:00,57.5,24.5,-223.66300000000007,90.15785195230855,0.0,mid,stable
BEV2_2024-08-31_fast_1,BEV2,BEV2_2024-08-31_fast_1__segment_1,train,2024-08-31 18:18:49+00:00,2024-08-31 18:19:49+00:00,57.5,24.5,-222.13700000000009,89.43156234268643,0.0,mid,stable
BEV2_2024-08-31_fast_1,BEV2,BEV2_2024-08-31_fast_1__segment_1,train,2024-08-31 18:18:59+00:00,2024-08-31 18:19:59+00:00,57.5,24.5,-220.43350000000007,88.89542156877762,0.0,mid,stable
BEV2_2024-08-31_fast_1,BEV2,BEV2_2024-08-31_fast_1__segment_1,train,2024-08-31 18:19:09+00:00,2024-08-31 18:20:09+00:00,57.75,24.0,-219.58800000000008,88.70031332690297,0.25,mid,stable
BEV2_2024-08-31_fast_1,BEV2,BEV2_2024-08-31_fast_1__segment_1,train,2024-08-31 18:19:19+00:00,2024-08-31 18:20:19+00:00,57.75,23.5,-217.99950000000004,88.15597534393741,0.25,mid,stable
BEV2_2024-08-31_fast_1,BEV2,BEV2_2024-08-31_fast_1__segment_1,train,2024-08-31 18:19:29+00:00,2024-08-31 18:20:29+00:00,57.5,23.5,-217.22750000000008,87.74569764652294,0.0,mid,stable
BEV2_2024-08-31_fast_1,BEV2,BEV2_2024-08-31_fast_1__segment_1,train,2024-08-31 18:19:39+00:00,2024-08-31 18:20:39+00:00,57.5,23.5,-216.36000000000004,87.42545787409038,0.0,mid,stable
BEV2_2024-08-31_fast_1,BEV2,BEV2_2024-08-31_fast_1__segment_1,train,2024-08-31 18:19:49+00:00,2024-08-31 18:20:49+00:00,57.5,23.0,-214.70800000000003,86.72966418671417,0.0,mid,stable
BEV2_2024-08-31_fast_1,BEV2,BEV2_2024-08-31_fast_1__segment_1,train,2024-08-31 18:19:59+00:00,2024-08-31 18:20:59+00:00,57.75,23.0,-213.28700000000003,86.22124753930915,0.25,mid,stable
BEV2_2024-08-31_fast_1,BEV2,BEV2_2024-08-31_fast_1__segment_1,train,2024-08-31 18:20:09+00:00,2024-08-31 18:21:09+00:00,57.75,23.0,-212.5165000000001,85.91506844777383,0.0,mid,stable
BEV2_2024-08-31_fast_1,BEV2,BEV2_2024-08-31_fast_1__segment_1,train,2024-08-31 18:20:19+00:00,2024-08-31 18:21:19+00:00,57.75,23.0,-211.1715,85.36830639076156,0.0,mid,stable
BEV2_2024-08-31_fast_1,BEV2,BEV2_2024-08-31_fast_1__segment_1,train,2024-08-31 18:20:29+00:00,2024-08-31 18:21:29+00:00,57.75,23.0,-209.8015000000001,84.87430694359774,0.25,mid,stable
BEV2_2024-08-31_fast_1,BEV2,BEV2_2024-08-31_fast_1__segment_1,train,2024-08-31 18:20:39+00:00,2024-08-31 18:21:39+00:00,57.75,23.0,-208.55750000000003,84.42294379819947,0.25,mid,stable
BEV2_2024-08-31_fast_1,BEV2,BEV2_2024-08-31_fast_1__segment_1,train,2024-08-31 18:20:49+00:00,2024-08-31 18:21:49+00:00,57.75,23.0,-206.68350000000007,83.64114183075242,0.25,mid,stable
BEV2_2024-08-31_fast_1,BEV2,BEV2_2024-08-31_fast_1__segment_1,train,2024-08-31 18:20:59+00:00,2024-08-31 18:21:59+00:00,57.75,23.5,-205.3555000000001,83.16856004445981,0.0,mid,stable
BEV2_2024-08-31_fast_1,BEV2,BEV2_2024-08-31_fast_1__segment_1,train,2024-08-31 18:21:09+00:00,2024-08-31 18:22:09+00:00,57.75,23.5,-204.5375,82.84767117722409,0.0,mid,stable
BEV2_2024-08-31_fast_1,BEV2,BEV2_2024-08-31_fast_1__segment_1,train,2024-08-31 18:21:19+00:00,2024-08-31 18:22:19+00:00,57.75,23.0,-203.7335,82.58748608513365,0.0,mid,stable
BEV2_2024-08-31_fast_1,BEV2,BEV2_2024-08-31_fast_1__segment_1,train,2024-08-31 18:21:29+00:00,2024-08-31 18:22:29+00:00,57.75,23.0,-202.91500000000008,82.29357166672615,0.0,mid,stable
BEV2_2024-08-31_fast_1,BEV2,BEV2_2024-08-31_fast_1__segment_1,train,2024-08-31 18:21:39+00:00,2024-08-31 18:22:39+00:00,57.75,23.0,-201.83100000000005,81.96757758839725,0.0,mid,stable
BEV2_2024-08-31_fast_1,BEV2,BEV2_2024-08-31_fast_1__segment_1,train,2024-08-31 18:21:49+00:00,2024-08-31 18:22:49+00:00,58.0,23.0,-200.898,81.75841220614248,0.25,mid,stable
BEV2_2024-08-31_fast_1,BEV2,BEV2_2024-08-31_fast_1__segment_1,train,2024-08-31 18:21:59+00:00,2024-08-31 18:22:59+00:00,58.0,23.0,-200.5105000000001,81.42250575279472,0.25,mid,stable
BEV2_2024-08-31_fast_1,BEV2,BEV2_2024-08-31_fast_1__segment_1,train,2024-08-31 18:22:09+00:00,2024-08-31 18:23:09+00:00,58.0,23.0,-199.71950000000004,81.10090878213737,0.25,mid,stable
BEV2_2024-08-31_fast_1,BEV2,BEV2_2024-08-31_fast_1__segment_1,train,2024-08-31 18:22:19+00:00,2024-08-31 18:23:19+00:00,58.0,23.0,-198.93200000000004,80.82377748770651,0.25,mid,stable
BEV2_2024-08-31_fast_1,BEV2,BEV2_2024-08-31_fast_1__segment_1,train,2024-08-31 18:22:29+00:00,2024-08-31 18:23:29+00:00,58.25,23.0,-197.78250000000003,80.38218166341409,0.5,mid,warming
BEV2_2024-08-31_fast_1,BEV2,BEV2_2024-08-31_fast_1__segment_1,train,2024-08-31 18:22:39+00:00,2024-08-31 18:23:39+00:00,58.25,23.0,-196.7665000000001,80.31365173613383,0.5,mid,warming
BEV2_2024-08-31_fast_1,BEV2,BEV2_2024-08-31_fast_1__segment_1,train,2024-08-31 18:22:49+00:00,2024-08-31 18:23:49+00:00,58.5,23.0,-196.42600000000004,79.9609695617089,0.5,mid,warming
BEV2_2024-08-31_fast_1,BEV2,BEV2_2024-08-31_fast_1__segment_1,train,2024-08-31 18:22:59+00:00,2024-08-31 18:23:59+00:00,58.5,23.0,-194.85,79.22872625070421,0.5,mid,warming
BEV2_2024-08-31_fast_1,BEV2,BEV2_2024-08-31_fast_1__segment_1,train,2024-08-31 18:23:09+00:00,2024-08-31 18:24:09+00:00,58.5,23.0,-194.20600000000005,79.02369812362292,0.5,mid,warming
BEV2_2024-08-31_fast_1,BEV2,BEV2_2024-08-31_fast_1__segment_1,train,2024-08-31 18:23:19+00:00,2024-08-31 18:24:19+00:00,58.75,23.0,-193.5360000000001,78.86490754064816,0.75,mid,warming
BEV2_2024-08-31_fast_1,BEV2,BEV2_2024-08-31_fast_1__segment_1,train,2024-08-31 18:23:29+00:00,2024-08-31 18:24:29+00:00,58.75,23.0,-192.83200000000005,78.48041650221634,0.5,mid,warming
BEV2_2024-08-31_fast_1,BEV2,BEV2_2024-08-31_fast_1__segment_1,train,2024-08-31 18:23:39+00:00,2024-08-31 18:24:39+00:00,58.75,23.0,-192.00250000000003,78.20083903232893,0.5,mid,warming
BEV2_2024-08-31_fast_1,BEV2,BEV2_2024-08-31_fast_1__segment_1,train,2024-08-31 18:23:49+00:00,2024-08-31 18:24:49+00:00,58.75,23.0,-191.21350000000007,77.92090751073073,0.25,mid,stable
BEV2_2024-08-31_fast_1,BEV2,BEV2_2024-08-31_fast_1__segment_1,train,2024-08-31 18:23:59+00:00,2024-08-31 18:24:59+00:00,59.0,23.0,-189.62200000000004,77.28110495565203,0.5,mid,warming
BEV2_2024-08-31_fast_1,BEV2,BEV2_2024-08-31_fast_1__segment_1,train,2024-08-31 18:24:09+00:00,2024-08-31 18:25:09+00:00,59.0,23.0,-189.28150000000005,77.20602238951177,0.5,mid,warming
BEV2_2024-08-31_fast_1,BEV2,BEV2_2024-08-31_fast_1__segment_1,train,2024-08-31 18:24:19+00:00,2024-08-31 18:25:19+00:00,59.0,23.0,-188.11100000000005,76.75699469794414,0.25,mid,stable
BEV2_2024-08-31_fast_1,BEV2,BEV2_2024-08-31_fast_1__segment_1,train,2024-08-31 18:24:29+00:00,2024-08-31 18:25:29+00:00,59.0,23.0,-186.93950000000004,76.09858136104222,0.25,mid,stable
BEV2_2024-08-31_fast_1,BEV2,BEV2_2024-08-31_fast_1__segment_1,train,2024-08-31 18:24:39+00:00,2024-08-31 18:25:39+00:00,59.25,23.0,-186.41350000000008,76.12113928299904,0.5,mid,warming
BEV2_2024-08-31_fast_1,BEV2,BEV2_2024-08-31_fast_1__segment_1,train,2024-08-31 18:24:49+00:00,2024-08-31 18:25:49+00:00,59.25,23.5,-185.87750000000003,75.94171928700743,0.5,mid,warming
BEV2_2024-08-31_fast_1,BEV2,BEV2_2024-08-31_fast_1__segment_1,train,2024-08-31 18:24:59+00:00,2024-08-31 18:25:59+00:00,59.25,23.5,-185.093,75.68897840035785,0.25,mid,stable
BEV2_2024-08-31_fast_1,BEV2,BEV2_2024-08-31_fast_1__segment_1,train,2024-08-31 18:25:09+00:00,2024-08-31 18:26:09+00:00,59.25,23.0,-184.36700000000005,75.49775077981054,0.25,mid,stable
BEV2_2024-08-31_fast_1,BEV2,BEV2_2024-08-31_fast_1__segment_1,train,2024-08-31 18:25:19+00:00,2024-08-31 18:26:19+00:00,59.5,23.0,-183.47100000000003,75.07616059379353,0.5,mid,warming
BEV2_2024-08-31_fast_1,BEV2,BEV2_2024-08-31_fast_1__segment_1,train,2024-08-31 18:25:29+00:00,2024-08-31 18:26:29+00:00,59.5,23.0,-182.31950000000003,74.74243241677449,0.5,mid,warming
BEV2_2024-08-31_fast_1,BEV2,BEV2_2024-08-31_fast_1__segment_1,train,2024-08-31 18:25:39+00:00,2024-08-31 18:26:39+00:00,59.5,23.0,-181.54500000000007,74.4914956918125,0.25,mid,stable
BEV2_2024-08-31_fast_1,BEV2,BEV2_2024-08-31_fast_1__segment_1,train,2024-08-31 18:25:49+00:00,2024-08-31 18:26:49+00:00,59.5,23.0,-181.0660000000001,74.10345490947039,0.25,mid,stable
BEV2_2024-08-31_fast_1,BEV2,BEV2_2024-08-31_fast_1__segment_1,train,2024-08-31 18:25:59+00:00,2024-08-31 18:26:59+00:00,59.5,23.0,-180.27500000000003,73.8814188892203,0.25,mid,stable
BEV2_2024-08-31_fast_1,BEV2,BEV2_2024-08-31_fast_1__segment_1,train,2024-08-31 18:26:09+00:00,2024-08-31 18:27:09+00:00,59.75,23.0,-179.43900000000005,73.64316783705684,0.5,mid,warming
BEV2_2024-08-31_fast_1,BEV2,BEV2_2024-08-31_fast_1__segment_1,train,2024-08-31 18:26:19+00:00,2024-08-31 18:27:19+00:00,59.75,23.0,-178.13500000000005,73.06741538223261,0.25,mid,stable
BEV2_2024-08-31_fast_1,BEV2,BEV2_2024-08-31_fast_1__segment_1,train,2024-08-31 18:26:29+00:00,2024-08-31 18:27:29+00:00,59.75,23.0,-177.46850000000006,72.8960715203415,0.25,mid,stable
BEV2_2024-08-31_fast_1,BEV2,BEV2_2024-08-31_fast_1__segment_1,train,2024-08-31 18:26:39+00:00,2024-08-31 18:27:39+00:00,59.75,23.5,-176.65050000000002,72.62389158544217,0.25,mid,stable
BEV2_2024-08-31_fast_1,BEV2,BEV2_2024-08-31_fast_1__segment_1,train,2024-08-31 18:26:49+00:00,2024-08-31 18:27:49+00:00,59.75,23.5,-175.77700000000004,72.37354591226047,0.25,mid,stable
BEV2_2024-08-31_fast_1,BEV2,BEV2_2024-08-31_fast_1__segment_1,train,2024-08-31 18:26:59+00:00,2024-08-31 18:27:59+00:00,59.75,23.5,-174.14150000000006,71.78567952450649,0.25,mid,stable
BEV2_2024-08-31_fast_1,BEV2,BEV2_2024-08-31_fast_1__segment_1,train,2024-08-31 18:27:09+00:00,2024-08-31 18:28:09+00:00,59.75,23.5,-173.60100000000006,71.44539291505396,0.0,mid,stable
BEV2_2024-08-31_fast_1,BEV2,BEV2_2024-08-31_fast_1__segment_1,train,2024-08-31 18:27:19+00:00,2024-08-31 18:28:19+00:00,60.0,23.5,-172.55350000000007,71.14377840837822,0.25,mid,stable
BEV2_2024-09-07_fast_1,BEV2,BEV2_2024-09-07_fast_1__segment_1,train,2024-09-07 18:28:48+00:00,2024-09-07 18:29:48+00:00,51.5,25.0,-236.03750000000008,96.63509346202689,1.0,high,warming
BEV2_2024-09-07_fast_1,BEV2,BEV2_2024-09-07_fast_1__segment_1,train,2024-09-07 18:28:58+00:00,2024-09-07 18:29:58+00:00,51.75,25.0,-232.28000000000003,96.71172570177657,1.25,high,warming
BEV2_2024-09-07_fast_1,BEV2,BEV2_2024-09-07_fast_1__segment_1,train,2024-09-07 18:29:08+00:00,2024-09-07 18:30:08+00:00,52.25,24.5,-232.55100000000004,96.40600526813931,1.5,high,warming
BEV2_2024-09-07_fast_1,BEV2,BEV2_2024-09-07_fast_1__segment_1,train,2024-09-07 18:29:18+00:00,2024-09-07 18:30:18+00:00,52.5,24.5,-230.55700000000004,96.46544250375547,1.75,high,warming
BEV2_2024-09-07_fast_1,BEV2,BEV2_2024-09-07_fast_1__segment_1,train,2024-09-07 18:29:28+00:00,2024-09-07 18:30:28+00:00,53.0,24.5,-230.89600000000007,96.63688979166149,2.0,high,warming
BEV2_2024-09-07_fast_1,BEV2,BEV2_2024-09-07_fast_1__segment_1,train,2024-09-07 18:29:38+00:00,2024-09-07 18:30:38+00:00,53.5,24.5,-230.07400000000004,96.75184716351136,2.25,high,warming
BEV2_2024-09-07_fast_1,BEV2,BEV2_2024-09-07_fast_1__segment_1,train,2024-09-07 18:29:48+00:00,2024-09-07 18:30:48+00:00,54.0,24.5,-227.93700000000004,96.39169567816056,2.5,high,warming
BEV2_2024-09-07_fast_1,BEV2,BEV2_2024-09-07_fast_1__segment_1,train,2024-09-07 18:29:58+00:00,2024-09-07 18:30:58+00:00,54.5,24.5,-226.79050000000004,96.47677746927722,2.75,high,warming
BEV2_2024-09-07_fast_1,BEV2,BEV2_2024-09-07_fast_1__segment_1,train,2024-09-07 18:30:08+00:00,2024-09-07 18:31:08+00:00,54.75,24.5,-227.276,96.62117858606148,2.5,high,warming
BEV2_2024-09-07_fast_1,BEV2,BEV2_2024-09-07_fast_1__segment_1,train,2024-09-07 18:30:18+00:00,2024-09-07 18:31:18+00:00,55.25,24.5,-229.16650000000004,96.69052401244896,2.75,high,warming
BEV2_2024-09-07_fast_1,BEV2,BEV2_2024-09-07_fast_1__segment_1,train,2024-09-07 18:30:28+00:00,2024-09-07 18:31:28+00:00,55.75,24.5,-229.36250000000004,96.47022252371664,2.75,high,warming
BEV2_2024-09-07_fast_1,BEV2,BEV2_2024-09-07_fast_1__segment_1,train,2024-09-07 18:30:38+00:00,2024-09-07 18:31:38+00:00,56.25,24.0,-229.50200000000004,96.55203121405525,2.75,high,warming
BEV2_2024-09-07_fast_1,BEV2,BEV2_2024-09-07_fast_1__segment_1,train,2024-09-07 18:30:48+00:00,2024-09-07 18:31:48+00:00,56.75,24.0,-230.06000000000003,96.60216386342272,2.75,high,warming
BEV2_2024-09-07_fast_1,BEV2,BEV2_2024-09-07_fast_1__segment_1,train,2024-09-07 18:30:58+00:00,2024-09-07 18:31:58+00:00,57.25,24.0,-245.148,96.69117267809852,2.75,high,warming
BEV2_2024-09-07_fast_1,BEV2,BEV2_2024-09-07_fast_1__segment_1,train,2024-09-07 18:31:08+00:00,2024-09-07 18:32:08+00:00,57.5,24.0,-244.8290000000001,96.26782382067435,2.75,high,warming
BEV2_2024-09-07_fast_1,BEV2,BEV2_2024-09-07_fast_1__segment_1,train,2024-09-07 18:31:18+00:00,2024-09-07 18:32:18+00:00,57.75,24.0,-243.8105,96.34276540986066,2.5,high,warming
BEV2_2024-09-07_fast_1,BEV2,BEV2_2024-09-07_fast_1__segment_1,train,2024-09-07 18:31:28+00:00,2024-09-07 18:32:28+00:00,58.0,24.0,-245.18900000000005,96.41211105082495,2.25,high,warming
BEV2_2024-09-07_fast_1,BEV2,BEV2_2024-09-07_fast_1__segment_1,train,2024-09-07 18:31:38+00:00,2024-09-07 18:32:38+00:00,58.5,24.0,-243.5660000000001,96.38180744303108,2.25,high,warming
BEV2_2024-09-07_fast_1,BEV2,BEV2_2024-09-07_fast_1__segment_1,train,2024-09-07 18:31:48+00:00,2024-09-07 18:32:48+00:00,58.75,24.0,-244.35300000000004,96.22270937150988,2.0,high,warming
BEV2_2024-09-07_fast_1,BEV2,BEV2_2024-09-07_fast_1__segment_1,train,2024-09-07 18:31:58+00:00,2024-09-07 18:32:58+00:00,59.0,24.0,-246.0010000000001,96.24690151033307,1.75,high,warming
BEV2_2024-09-07_fast_1,BEV2,BEV2_2024-09-07_fast_1__segment_1,train,2024-09-07 18:32:08+00:00,2024-09-07 18:33:08+00:00,59.0,23.5,-245.16050000000004,96.46601832058332,1.5,high,warming
BEV2_2024-09-07_fast_1,BEV2,BEV2_2024-09-07_fast_1__segment_1,train,2024-09-07 18:32:18+00:00,2024-09-07 18:33:18+00:00,59.25,24.0,-244.859,96.1154620657492,1.5,high,warming
BEV2_2024-09-07_fast_1,BEV2,BEV2_2024-09-07_fast_1__segment_1,train,2024-09-07 18:32:28+00:00,2024-09-07 18:33:28+00:00,59.5,24.0,-244.10100000000008,96.14912095723346,1.5,high,warming
BEV2_2024-09-07_fast_1,BEV2,BEV2_2024-09-07_fast_1__segment_1,train,2024-09-07 18:32:38+00:00,2024-09-07 18:33:38+00:00,59.75,24.0,-245.85300000000004,96.22435689213754,1.25,high,warming
BEV2_2024-09-07_fast_1,BEV2,BEV2_2024-09-07_fast_1__segment_1,train,2024-09-07 18:32:48+00:00,2024-09-07 18:33:48+00:00,59.75,24.0,-245.21400000000008,96.40538707239456,1.0,high,warming
BEV2_2024-09-07_fast_1,BEV2,BEV2_2024-09-07_fast_1__segment_1,train,2024-09-07 18:32:58+00:00,2024-09-07 18:33:58+00:00,59.5,24.0,-245.4085000000001,96.28404169573024,0.5,high,warming
BEV2_2024-09-07_fast_1,BEV2,BEV2_2024-09-07_fast_1__segment_1,train,2024-09-07 18:33:08+00:00,2024-09-07 18:34:08+00:00,59.0,24.0,-243.54750000000004,96.12871454315024,0.0,high,stable
BEV2_2024-09-07_fast_1,BEV2,BEV2_2024-09-07_fast_1__segment_1,train,2024-09-07 18:33:18+00:00,2024-09-07 18:34:18+00:00,58.5,23.5,-244.28000000000003,96.22568029451719,-0.75,high,cooling
BEV2_2024-09-07_fast_1,BEV2,BEV2_2024-09-07_fast_1__segment_1,train,2024-09-07 18:33:28+00:00,2024-09-07 18:34:28+00:00,58.25,23.5,-243.66800000000003,96.26301504742268,-1.25,high,cooling
BEV2_2024-09-07_fast_1,BEV2,BEV2_2024-09-07_fast_1__segment_1,train,2024-09-07 18:33:38+00:00,2024-09-07 18:34:38+00:00,58.25,24.0,-243.9055,96.3920759082403,-1.5,high,cooling
BEV2_2024-09-07_fast_1,BEV2,BEV2_2024-09-07_fast_1__segment_1,train,2024-09-07 18:33:48+00:00,2024-09-07 18:34:48+00:00,58.25,24.0,-243.10950000000005,96.02777440039672,-1.5,high,cooling
BEV2_2024-09-07_fast_1,BEV2,BEV2_2024-09-07_fast_1__segment_1,train,2024-09-07 18:33:58+00:00,2024-09-07 18:34:58+00:00,58.25,24.0,-243.25700000000003,96.16797587380452,-1.25,high,cooling
BEV2_2024-09-07_fast_1,BEV2,BEV2_2024-09-07_fast_1__segment_1,train,2024-09-07 18:34:08+00:00,2024-09-07 18:35:08+00:00,58.25,24.0,-243.0610000000001,96.17337269476131,-0.75,high,cooling
BEV2_2024-09-07_fast_1,BEV2,BEV2_2024-09-07_fast_1__segment_1,train,2024-09-07 18:34:18+00:00,2024-09-07 18:35:18+00:00,58.0,24.0,-244.2415000000001,96.28537931382252,-0.5,high,cooling
BEV2_2024-09-07_fast_1,BEV2,BEV2_2024-09-07_fast_1__segment_1,train,2024-09-07 18:34:28+00:00,2024-09-07 18:35:28+00:00,58.0,24.5,-244.22200000000004,96.30146345389129,-0.25,high,stable
BEV2_2024-09-07_fast_1,BEV2,BEV2_2024-09-07_fast_1__segment_1,train,2024-09-07 18:34:38+00:00,2024-09-07 18:35:38+00:00,58.0,24.5,-243.14550000000003,95.96165079093346,-0.25,high,stable
BEV2_2024-09-07_fast_1,BEV2,BEV2_2024-09-07_fast_1__segment_1,train,2024-09-07 18:34:48+00:00,2024-09-07 18:35:48+00:00,58.0,24.5,-241.66700000000003,96.0705219602302,-0.25,high,stable
BEV2_2024-09-07_fast_1,BEV2,BEV2_2024-09-07_fast_1__segment_1,train,2024-09-07 18:34:58+00:00,2024-09-07 18:35:58+00:00,58.0,24.5,-243.98100000000005,96.15512594246988,-0.25,high,stable
BEV2_2024-09-07_fast_1,BEV2,BEV2_2024-09-07_fast_1__segment_1,train,2024-09-07 18:35:08+00:00,2024-09-07 18:36:08+00:00,58.0,24.5,-243.88500000000005,96.21745857006168,-0.25,high,stable
BEV2_2024-09-07_fast_1,BEV2,BEV2_2024-09-07_fast_1__segment_1,train,2024-09-07 18:35:18+00:00,2024-09-07 18:36:18+00:00,58.25,24.5,-241.55100000000004,96.27870329330572,0.25,high,stable
BEV2_2024-09-07_fast_1,BEV2,BEV2_2024-09-07_fast_1__segment_1,train,2024-09-07 18:35:28+00:00,2024-09-07 18:36:28+00:00,58.25,24.5,-242.07150000000004,95.99456048753996,0.25,high,stable
BEV2_2024-09-07_fast_1,BEV2,BEV2_2024-09-07_fast_1__segment_1,train,2024-09-07 18:35:38+00:00,2024-09-07 18:36:38+00:00,58.25,25.0,-241.48450000000005,96.01564185293006,0.25,high,stable
BEV2_2024-09-07_fast_1,BEV2,BEV2_2024-09-07_fast_1__segment_1,train,2024-09-07 18:35:48+00:00,2024-09-07 18:36:48+00:00,58.5,25.0,-241.57450000000009,96.06899460260745,0.5,high,warming
BEV2_2024-09-07_fast_1,BEV2,BEV2_2024-09-07_fast_1__segment_1,train,2024-09-07 18:35:58+00:00,2024-09-07 18:36:58+00:00,58.5,25.0,-240.82500000000005,96.16548914333382,0.5,high,warming
BEV2_2024-09-07_fast_1,BEV2,BEV2_2024-09-07_fast_1__segment_1,train,2024-09-07 18:36:08+00:00,2024-09-07 18:37:08+00:00,58.5,25.0,-239.61700000000005,96.31962630665612,0.5,high,warming
BEV2_2024-09-07_fast_1,BEV2,BEV2_2024-09-07_fast_1__segment_1,train,2024-09-07 18:36:18+00:00,2024-09-07 18:37:18+00:00,58.75,25.0,-242.33300000000003,96.31098374346253,0.5,high,warming
BEV2_2024-09-07_fast_1,BEV2,BEV2_2024-09-07_fast_1__segment_1,train,2024-09-07 18:36:28+00:00,2024-09-07 18:37:28+00:00,58.75,24.5,-239.313,95.99705837600396,0.5,high,warming
BEV2_2024-09-07_fast_1,BEV2,BEV2_2024-09-07_fast_1__segment_1,train,2024-09-07 18:36:38+00:00,2024-09-07 18:37:38+00:00,59.0,24.5,-237.63900000000004,95.38602112767984,0.75,high,warming
BEV2_2024-09-07_fast_1,BEV2,BEV2_2024-09-07_fast_1__segment_1,train,2024-09-07 18:36:48+00:00,2024-09-07 18:37:48+00:00,59.0,24.5,-237.00300000000004,94.87770570687762,0.5,high,warming
BEV2_2024-09-07_fast_1,BEV2,BEV2_2024-09-07_fast_1__segment_1,train,2024-09-07 18:36:58+00:00,2024-09-07 18:37:58+00:00,59.0,24.5,-235.3615000000001,94.15572029317508,0.5,mid,warming
BEV2_2024-09-07_fast_1,BEV2,BEV2_2024-09-07_fast_1__segment_1,train,2024-09-07 18:37:08+00:00,2024-09-07 18:38:08+00:00,59.25,24.5,-233.92500000000004,93.32999145183231,0.75,mid,warming
BEV2_2024-09-07_fast_1,BEV2,BEV2_2024-09-07_fast_1__segment_1,train,2024-09-07 18:37:18+00:00,2024-09-07 18:38:18+00:00,59.25,24.5,-231.84650000000005,92.54367768541712,0.5,mid,warming
BEV2_2024-09-07_fast_1,BEV2,BEV2_2024-09-07_fast_1__segment_1,train,2024-09-07 18:37:28+00:00,2024-09-07 18:38:28+00:00,59.5,24.5,-228.93700000000004,91.73179205139049,0.75,mid,warming
BEV2_2024-09-07_fast_1,BEV2,BEV2_2024-09-07_fast_1__segment_1,train,2024-09-07 18:37:38+00:00,2024-09-07 18:38:38+00:00,59.5,24.5,-227.44650000000004,91.24663767427002,0.5,mid,warming
BEV2_2024-09-07_fast_1,BEV2,BEV2_2024-09-07_fast_1__segment_1,train,2024-09-07 18:37:48+00:00,2024-09-07 18:38:48+00:00,59.5,24.5,-225.83850000000007,90.3012192917414,0.5,mid,warming
BEV2_2024-09-07_fast_1,BEV2,BEV2_2024-09-07_fast_1__segment_1,train,2024-09-07 18:37:58+00:00,2024-09-07 18:38:58+00:00,59.75,24.5,-221.70600000000005,89.52747736513527,0.75,mid,warming
BEV2_2024-09-07_fast_1,BEV2,BEV2_2024-09-07_fast_1__segment_1,train,2024-09-07 18:38:08+00:00,2024-09-07 18:39:08+00:00,59.75,24.5,-220.27250000000004,89.0884417102214,0.5,mid,warming
BEV2_2024-09-07_fast_1,BEV2,BEV2_2024-09-07_fast_1__segment_1,train,2024-09-07 18:38:18+00:00,2024-09-07 18:39:18+00:00,59.75,25.0,-220.05250000000004,88.28512021157,0.5,mid,warming
BEV2_2024-09-07_fast_1,BEV2,BEV2_2024-09-07_fast_1__segment_1,train,2024-09-07 18:38:28+00:00,2024-09-07 18:39:28+00:00,60.0,25.0,-218.00250000000003,87.93895569998757,0.5,mid,warming
BEV2_2024-09-07_fast_1,BEV2,BEV2_2024-09-07_fast_1__segment_1,train,2024-09-07 18:38:38+00:00,2024-09-07 18:39:38+00:00,60.0,25.0,-216.87750000000003,87.19869161569538,0.5,mid,warming
BEV2_2024-09-07_fast_1,BEV2,BEV2_2024-09-07_fast_1__segment_1,train,2024-09-07 18:38:48+00:00,2024-09-07 18:39:48+00:00,60.0,25.0,-215.21000000000004,86.60444736188043,0.5,mid,warming
BEV2_2024-09-07_fast_1,BEV2,BEV2_2024-09-07_fast_1__segment_1,train,2024-09-07 18:38:58+00:00,2024-09-07 18:39:58+00:00,60.25,25.0,-215.15450000000004,86.09997603070627,0.5,mid,warming
BEV2_2024-09-07_fast_1,BEV2,BEV2_2024-09-07_fast_1__segment_1,train,2024-09-07 18:39:08+00:00,2024-09-07 18:40:08+00:00,60.25,25.0,-213.03150000000005,85.35089874102474,0.5,mid,warming
BEV2_2024-09-07_fast_1,BEV2,BEV2_2024-09-07_fast_1__segment_1,train,2024-09-07 18:39:18+00:00,2024-09-07 18:40:18+00:00,60.25,25.0,-210.73950000000005,84.82768632626892,0.5,mid,warming
BEV2_2024-09-07_fast_1,BEV2,BEV2_2024-09-07_fast_1__segment_1,train,2024-09-07 18:39:28+00:00,2024-09-07 18:40:28+00:00,60.5,25.0,-209.1475247524753,84.07789487137127,0.5,mid,warming
BEV2_2024-09-07_fast_1,BEV2,BEV2_2024-09-07_fast_1__segment_1,train,2024-09-07 18:39:38+00:00,2024-09-07 18:40:38+00:00,60.5,25.0,-207.38686868686872,83.36912036081583,0.5,mid,warming
BEV2_2024-09-07_fast_1,BEV2,BEV2_2024-09-07_fast_1__segment_1,train,2024-09-07 18:39:48+00:00,2024-09-07 18:40:48+00:00,60.5,25.0,-205.1272727272728,83.06921495830775,0.5,mid,warming
BEV2_2024-09-07_fast_1,BEV2,BEV2_2024-09-07_fast_1__segment_1,train,2024-09-07 18:39:58+00:00,2024-09-07 18:40:58+00:00,60.75,25.0,-202.91500000000005,82.34982640661563,0.5,mid,warming
BEV2_2024-09-07_fast_1,BEV2,BEV2_2024-09-07_fast_1__segment_1,train,2024-09-07 18:40:08+00:00,2024-09-07 18:41:08+00:00,60.75,24.5,-203.68500000000003,82.2045067402186,0.5,mid,warming
BEV2_2024-09-07_fast_1,BEV2,BEV2_2024-09-07_fast_1__segment_1,train,2024-09-07 18:40:18+00:00,2024-09-07 18:41:18+00:00,60.75,25.0,-203.02700000000004,81.807256751013,0.5,mid,warming
BEV2_2024-09-07_fast_1,BEV2,BEV2_2024-09-07_fast_1__segment_1,train,2024-09-07 18:40:28+00:00,2024-09-07 18:41:28+00:00,60.75,24.5,-200.01550000000003,81.42779453433552,0.25,mid,stable
BEV2_2024-09-07_fast_1,BEV2,BEV2_2024-09-07_fast_1__segment_1,train,2024-09-07 18:40:38+00:00,2024-09-07 18:41:38+00:00,61.0,24.5,-202.10600000000005,81.13901837184756,0.5,mid,warming
BEV2_2024-09-07_fast_1,BEV2,BEV2_2024-09-07_fast_1__segment_1,train,2024-09-07 18:40:48+00:00,2024-09-07 18:41:48+00:00,61.0,24.5,-200.7740000000001,80.92233969042408,0.5,mid,warming
BEV2_2024-09-07_fast_1,BEV2,BEV2_2024-09-07_fast_1__segment_1,train,2024-09-07 18:40:58+00:00,2024-09-07 18:41:58+00:00,61.0,24.5,-200.46100000000007,80.72554809359711,0.25,mid,stable
BEV2_2024-09-07_fast_1,BEV2,BEV2_2024-09-07_fast_1__segment_1,train,2024-09-07 18:41:08+00:00,2024-09-07 18:42:08+00:00,61.25,24.5,-198.91950000000008,80.36153615713765,0.5,mid,warming
BEV2_2024-09-07_fast_1,BEV2,BEV2_2024-09-07_fast_1__segment_1,train,2024-09-07 18:41:18+00:00,2024-09-07 18:42:18+00:00,61.25,24.5,-197.47950000000003,80.12373678912647,0.5,mid,warming
BEV2_2024-09-07_fast_1,BEV2,BEV2_2024-09-07_fast_1__segment_1,train,2024-09-07 18:41:28+00:00,2024-09-07 18:42:28+00:00,61.25,24.5,-196.67250000000004,79.80136305047328,0.5,mid,warming
BEV2_2024-09-07_fast_1,BEV2,BEV2_2024-09-07_fast_1__segment_1,train,2024-09-07 18:41:38+00:00,2024-09-07 18:42:38+00:00,61.25,25.0,-196.1610000000001,79.93557573919263,0.25,mid,stable
BEV2_2024-09-07_fast_1,BEV2,BEV2_2024-09-07_fast_1__segment_1,train,2024-09-07 18:41:48+00:00,2024-09-07 18:42:48+00:00,61.25,25.0,-195.98250000000004,79.44120485959763,0.25,mid,stable
BEV2_2024-09-07_fast_1,BEV2,BEV2_2024-09-07_fast_1__segment_1,train,2024-09-07 18:41:58+00:00,2024-09-07 18:42:58+00:00,61.5,25.0,-193.63350000000003,78.90706490700853,0.5,mid,warming
BEV2_2024-09-07_fast_1,BEV2,BEV2_2024-09-07_fast_1__segment_1,train,2024-09-07 18:42:08+00:00,2024-09-07 18:43:08+00:00,61.5,25.0,-193.15650000000005,78.69437992888304,0.25,mid,stable
BEV2_2024-09-07_fast_1,BEV2,BEV2_2024-09-07_fast_1__segment_1,train,2024-09-07 18:42:18+00:00,2024-09-07 18:43:18+00:00,61.5,25.0,-193.49450000000004,78.55574368590224,0.25,mid,stable
BEV2_2024-09-07_fast_1,BEV2,BEV2_2024-09-07_fast_1__segment_1,train,2024-09-07 18:42:28+00:00,2024-09-07 18:43:28+00:00,61.5,25.0,-190.60300000000004,78.19261355277953,0.25,mid,stable
BEV2_2024-09-07_fast_1,BEV2,BEV2_2024-09-07_fast_1__segment_1,train,2024-09-07 18:42:38+00:00,2024-09-07 18:43:38+00:00,61.5,25.0,-191.2810000000001,77.82484040697884,0.25,mid,stable
BEV2_2024-09-07_fast_1,BEV2,BEV2_2024-09-07_fast_1__segment_1,train,2024-09-07 18:42:48+00:00,2024-09-07 18:43:48+00:00,61.75,25.0,-189.80900000000003,77.46250420799551,0.5,mid,warming
BEV2_2024-09-07_fast_1,BEV2,BEV2_2024-09-07_fast_1__segment_1,train,2024-09-07 18:42:58+00:00,2024-09-07 18:43:58+00:00,61.75,25.0,-189.85750000000004,77.03881985975323,0.25,mid,stable
BEV2_2024-09-07_fast_1,BEV2,BEV2_2024-09-07_fast_1__segment_1,train,2024-09-07 18:43:08+00:00,2024-09-07 18:44:08+00:00,61.75,24.5,-188.2115000000001,76.68150443589444,0.25,mid,stable
BEV2_2024-09-07_fast_1,BEV2,BEV2_2024-09-07_fast_1__segment_1,train,2024-09-07 18:43:18+00:00,2024-09-07 18:44:18+00:00,61.75,24.5,-187.07950000000005,74.2462501871693,0.25,mid,stable
BEV2_2024-09-07_fast_1,BEV2,BEV2_2024-09-07_fast_1__segment_1,train,2024-09-07 18:43:28+00:00,2024-09-07 18:44:28+00:00,61.75,24.5,-185.60650000000004,75.2354834345069,0.25,mid,stable
BEV2_2024-09-07_fast_1,BEV2,BEV2_2024-09-07_fast_1__segment_1,train,2024-09-07 18:43:38+00:00,2024-09-07 18:44:38+00:00,61.75,24.5,-184.72450000000003,75.41480139923274,0.25,mid,stable
BEV2_2024-09-07_fast_1,BEV2,BEV2_2024-09-07_fast_1__segment_1,train,2024-09-07 18:43:48+00:00,2024-09-07 18:44:48+00:00,61.75,25.0,-185.22950000000003,75.85440262493253,0.0,mid,stable
BEV2_2024-09-07_fast_1,BEV2,BEV2_2024-09-07_fast_1__segment_1,train,2024-09-07 18:43:58+00:00,2024-09-07 18:44:58+00:00,61.75,25.0,-183.4305,75.32841921909761,0.0,mid,stable
BEV2_2024-09-07_fast_1,BEV2,BEV2_2024-09-07_fast_1__segment_1,train,2024-09-07 18:44:08+00:00,2024-09-07 18:45:08+00:00,62.0,25.0,-182.1260000000001,74.96082771255344,0.25,mid,stable
BEV2_2024-09-07_fast_1,BEV2,BEV2_2024-09-07_fast_1__segment_1,train,2024-09-07 18:44:18+00:00,2024-09-07 18:45:18+00:00,62.0,25.0,-179.85400000000004,74.70951279599126,0.25,mid,stable
BEV2_2024-09-07_fast_1,BEV2,BEV2_2024-09-07_fast_1__segment_1,train,2024-09-07 18:44:28+00:00,2024-09-07 18:45:28+00:00,62.0,24.5,-180.99450000000004,74.48116328271855,0.25,mid,stable
BEV2_2024-09-07_fast_1,BEV2,BEV2_2024-09-07_fast_1__segment_1,train,2024-09-07 18:44:38+00:00,2024-09-07 18:45:38+00:00,62.0,24.5,-180.77700000000004,74.21328411051009,0.25,mid,stable
BEV2_2024-09-07_fast_1,BEV2,BEV2_2024-09-07_fast_1__segment_1,train,2024-09-07 18:44:48+00:00,2024-09-07 18:45:48+00:00,61.75,24.5,-179.43800000000002,73.86095791898707,0.0,mid,stable
BEV2_2024-09-07_fast_1,BEV2,BEV2_2024-09-07_fast_1__segment_1,train,2024-09-07 18:44:58+00:00,2024-09-07 18:45:58+00:00,61.75,24.5,-178.48400000000004,73.53828886902053,0.0,mid,stable
BEV2_2024-09-07_fast_1,BEV2,BEV2_2024-09-07_fast_1__segment_1,train,2024-09-07 18:45:08+00:00,2024-09-07 18:46:08+00:00,61.75,24.5,-175.63200000000003,73.14083733856074,-0.25,mid,stable
BEV2_2024-09-07_fast_1,BEV2,BEV2_2024-09-07_fast_1__segment_1,train,2024-09-07 18:45:18+00:00,2024-09-07 18:46:18+00:00,61.75,24.5,-175.79650000000004,72.78466968597537,-0.25,mid,stable
BEV2_2024-09-07_fast_1,BEV2,BEV2_2024-09-07_fast_1__segment_1,train,2024-09-07 18:45:28+00:00,2024-09-07 18:46:28+00:00,61.75,24.5,-173.23850000000004,71.68390746752098,-0.25,mid,stable
BEV2_2024-09-07_fast_1,BEV2,BEV2_2024-09-07_fast_1__segment_1,train,2024-09-07 18:45:38+00:00,2024-09-07 18:46:38+00:00,61.75,24.0,-174.18050000000002,71.6300880669599,-0.25,mid,stable
BEV2_2024-09-07_fast_1,BEV2,BEV2_2024-09-07_fast_1__segment_1,train,2024-09-07 18:45:48+00:00,2024-09-07 18:46:48+00:00,61.75,24.0,-174.02750000000003,71.01772012064511,0.0,mid,stable
BEV2_2024-09-07_fast_1,BEV2,BEV2_2024-09-07_fast_1__segment_1,train,2024-09-07 18:45:58+00:00,2024-09-07 18:46:58+00:00,61.75,24.0,-173.08900000000006,70.63395622932549,0.0,mid,stable
BEV2_2024-09-07_fast_1,BEV2,BEV2_2024-09-07_fast_1__segment_1,train,2024-09-07 18:46:08+00:00,2024-09-07 18:47:08+00:00,61.75,24.0,-171.24250000000004,70.43821396666749,0.0,mid,stable
BEV2_2024-09-07_fast_1,BEV2,BEV2_2024-09-07_fast_1__segment_1,train,2024-09-07 18:46:18+00:00,2024-09-07 18:47:18+00:00,61.75,24.0,-170.42750000000004,69.88467975873448,0.0,mid,stable
BEV2_2024-09-07_fast_1,BEV2,BEV2_2024-09-07_fast_1__segment_1,train,2024-09-07 18:46:28+00:00,2024-09-07 18:47:28+00:00,61.5,24.0,-168.96450000000004,69.42576308101857,-0.25,mid,stable
BEV2_2024-09-07_fast_1,BEV2,BEV2_2024-09-07_fast_1__segment_1,train,2024-09-07 18:46:38+00:00,2024-09-07 18:47:38+00:00,61.5,24.0,-168.34750000000005,69.16265974452382,-0.25,mid,stable
BEV2_2024-09-07_fast_1,BEV2,BEV2_2024-09-07_fast_1__segment_1,train,2024-09-07 18:46:48+00:00,2024-09-07 18:47:48+00:00,61.5,23.5,-166.51900000000006,68.6778034145708,-0.25,low,stable
BEV2_2024-09-07_fast_1,BEV2,BEV2_2024-09-07_fast_1__segment_1,train,2024-09-07 18:46:58+00:00,2024-09-07 18:47:58+00:00,61.5,23.5,-165.68100000000007,68.71029409634195,-0.25,low,stable
BEV2_2024-09-07_fast_1,BEV2,BEV2_2024-09-07_fast_1__segment_1,train,2024-09-07 18:47:08+00:00,2024-09-07 18:48:08+00:00,61.5,23.5,-165.28500000000005,68.33229078728985,-0.25,low,stable
BEV2_2024-09-07_fast_1,BEV2,BEV2_2024-09-07_fast_1__segment_1,train,2024-09-07 18:47:18+00:00,2024-09-07 18:48:18+00:00,61.5,23.5,-164.18900000000005,67.94190097913487,-0.25,low,stable
BEV2_2024-09-07_fast_1,BEV2,BEV2_2024-09-07_fast_1__segment_1,train,2024-09-07 18:47:28+00:00,2024-09-07 18:48:28+00:00,61.25,23.5,-162.50800000000004,67.59257864815716,-0.25,low,stable
BEV2_2024-09-07_fast_1,BEV2,BEV2_2024-09-07_fast_1__segment_1,train,2024-09-07 18:47:38+00:00,2024-09-07 18:48:38+00:00,61.25,23.5,-160.21500000000003,67.12900098695675,-0.25,low,stable
BEV2_2024-09-07_fast_1,BEV2,BEV2_2024-09-07_fast_1__segment_1,train,2024-09-07 18:47:48+00:00,2024-09-07 18:48:48+00:00,61.25,23.5,-159.40700000000004,66.39381904675231,-0.25,low,stable
BEV2_2024-09-07_fast_1,BEV2,BEV2_2024-09-07_fast_1__segment_1,train,2024-09-07 18:47:58+00:00,2024-09-07 18:48:58+00:00,61.25,23.5,-158.57500000000005,65.61027611048364,-0.25,low,stable
BEV2_2024-09-07_fast_1,BEV2,BEV2_2024-09-07_fast_1__segment_1,train,2024-09-07 18:48:08+00:00,2024-09-07 18:49:08+00:00,61.25,23.5,-154.43650000000005,64.47198666373914,-0.25,low,stable
BEV2_2024-09-07_fast_1,BEV2,BEV2_2024-09-07_fast_1__segment_1,train,2024-09-07 18:48:18+00:00,2024-09-07 18:49:18+00:00,61.0,23.5,-151.55700000000004,61.481142561390335,-0.5,low,cooling
BEV2_2024-09-07_fast_1,BEV2,BEV2_2024-09-07_fast_1__segment_1,train,2024-09-07 18:48:28+00:00,2024-09-07 18:49:28+00:00,61.0,23.5,-150.40150000000006,61.68104412698741,-0.25,low,stable
BEV2_2024-09-07_fast_1,BEV2,BEV2_2024-09-07_fast_1__segment_1,train,2024-09-07 18:48:38+00:00,2024-09-07 18:49:38+00:00,61.0,23.5,-147.18000000000006,61.23147344884147,-0.25,low,stable
BEV2_2024-09-07_fast_1,BEV2,BEV2_2024-09-07_fast_1__segment_1,train,2024-09-07 18:48:48+00:00,2024-09-07 18:49:48+00:00,61.0,23.5,-145.42450000000005,60.810006000750874,-0.25,low,stable
BEV2_2024-09-07_fast_1,BEV2,BEV2_2024-09-07_fast_1__segment_1,train,2024-09-07 18:48:58+00:00,2024-09-07 18:49:58+00:00,61.0,23.5,-143.83600000000007,59.85785430570131,-0.25,low,stable
BEV2_2024-09-07_fast_1,BEV2,BEV2_2024-09-07_fast_1__segment_1,train,2024-09-07 18:49:08+00:00,2024-09-07 18:50:08+00:00,60.75,24.0,-140.57400000000004,58.98726625429111,-0.5,low,cooling
BEV2_2024-09-07_fast_1,BEV2,BEV2_2024-09-07_fast_1__segment_1,train,2024-09-07 18:49:18+00:00,2024-09-07 18:50:18+00:00,60.75,24.5,-139.04100000000005,58.18228194641543,-0.25,low,stable
BEV2_2024-09-07_fast_1,BEV2,BEV2_2024-09-07_fast_1__segment_1,train,2024-09-07 18:49:28+00:00,2024-09-07 18:50:28+00:00,60.75,24.5,-135.58050000000003,57.38923154153899,-0.25,low,stable
BEV2_2024-09-07_fast_1,BEV2,BEV2_2024-09-07_fast_1__segment_1,train,2024-09-07 18:49:38+00:00,2024-09-07 18:50:38+00:00,60.75,24.5,-134.66900000000004,56.62506993236234,-0.25,low,stable
BEV2_2024-09-07_fast_1,BEV2,BEV2_2024-09-07_fast_1__segment_1,train,2024-09-07 18:49:48+00:00,2024-09-07 18:50:48+00:00,60.75,24.5,-132.83600000000004,55.395953776339596,-0.25,low,stable
BEV2_2024-09-07_fast_1,BEV2,BEV2_2024-09-07_fast_1__segment_1,train,2024-09-07 18:49:58+00:00,2024-09-07 18:50:58+00:00,60.5,24.5,-132.38800000000003,54.73617980798419,-0.5,low,cooling
BEV2_2024-09-07_fast_1,BEV2,BEV2_2024-09-07_fast_1__segment_1,train,2024-09-07 18:50:08+00:00,2024-09-07 18:51:08+00:00,60.5,24.5,-131.52200000000005,54.253628247380206,-0.25,low,stable
BEV2_2024-09-07_fast_1,BEV2,BEV2_2024-09-07_fast_1__segment_1,train,2024-09-07 18:50:18+00:00,2024-09-07 18:51:18+00:00,60.5,24.5,-127.91150000000005,53.43042197083284,-0.25,low,stable
BEV2_2024-09-07_fast_1,BEV2,BEV2_2024-09-07_fast_1__segment_1,train,2024-09-07 18:50:28+00:00,2024-09-07 18:51:28+00:00,60.5,24.5,-126.91800000000003,53.01967306277778,-0.25,low,stable
BEV2_2024-09-07_fast_1,BEV2,BEV2_2024-09-07_fast_1__segment_1,train,2024-09-07 18:50:38+00:00,2024-09-07 18:51:38+00:00,60.5,24.5,-125.49600000000004,52.22811192814311,-0.25,low,stable
BEV2_2024-09-07_fast_1,BEV2,BEV2_2024-09-07_fast_1__segment_1,train,2024-09-07 18:50:48+00:00,2024-09-07 18:51:48+00:00,60.25,24.5,-123.90900000000003,52.189708904666546,-0.5,low,cooling
BEV2_2024-09-07_fast_1,BEV2,BEV2_2024-09-07_fast_1__segment_1,train,2024-09-07 18:50:58+00:00,2024-09-07 18:51:58+00:00,60.25,24.5,-123.76600000000003,51.78795419752698,-0.25,low,stable
BEV2_2024-09-07_fast_1,BEV2,BEV2_2024-09-07_fast_1__segment_1,train,2024-09-07 18:51:08+00:00,2024-09-07 18:52:08+00:00,60.25,24.5,-121.75650000000005,51.256381602639074,-0.25,low,stable
BEV2_2024-09-07_fast_1,BEV2,BEV2_2024-09-07_fast_1__segment_1,train,2024-09-07 18:51:18+00:00,2024-09-07 18:52:18+00:00,60.25,24.5,-119.35350000000004,50.78264523225979,-0.25,low,stable
BEV2_2024-09-07_fast_1,BEV2,BEV2_2024-09-07_fast_1__segment_1,train,2024-09-07 18:51:28+00:00,2024-09-07 18:52:28+00:00,60.25,24.5,-120.30950000000004,50.38955089818778,-0.25,low,stable
BEV2_2024-09-07_fast_1,BEV2,BEV2_2024-09-07_fast_1__segment_1,train,2024-09-07 18:51:38+00:00,2024-09-07 18:52:38+00:00,60.25,24.5,-118.73950000000004,49.87323642999844,-0.25,low,stable
BEV2_2024-09-07_fast_1,BEV2,BEV2_2024-09-07_fast_1__segment_1,train,2024-09-07 18:51:48+00:00,2024-09-07 18:52:48+00:00,60.25,24.5,-116.18700000000004,49.45718608037173,0.0,low,stable
BEV2_2024-09-07_fast_1,BEV2,BEV2_2024-09-07_fast_1__segment_1,train,2024-09-07 18:51:58+00:00,2024-09-07 18:52:58+00:00,60.0,24.5,-117.09650000000003,48.98805758572033,-0.25,low,stable
BEV2_2024-09-07_fast_1,BEV2,BEV2_2024-09-07_fast_1__segment_1,train,2024-09-07 18:52:08+00:00,2024-09-07 18:53:08+00:00,60.0,24.5,-116.19950000000004,48.67730929592434,-0.25,low,stable
BEV2_2024-09-07_fast_1,BEV2,BEV2_2024-09-07_fast_1__segment_1,train,2024-09-07 18:52:18+00:00,2024-09-07 18:53:18+00:00,60.0,25.0,-114.29400000000004,47.61333626887557,-0.25,low,stable
BEV2_2024-09-07_fast_1,BEV2,BEV2_2024-09-07_fast_1__segment_1,train,2024-09-07 18:52:28+00:00,2024-09-07 18:53:28+00:00,60.0,25.0,-113.08750000000003,47.446565038473835,-0.25,low,stable
BEV2_2024-09-07_fast_1,BEV2,BEV2_2024-09-07_fast_1__segment_1,train,2024-09-07 18:52:38+00:00,2024-09-07 18:53:38+00:00,60.0,25.0,-113.46850000000003,47.16434891774529,-0.25,low,stable
BEV2_2024-09-07_fast_1,BEV2,BEV2_2024-09-07_fast_1__segment_1,train,2024-09-07 18:52:48+00:00,2024-09-07 18:53:48+00:00,60.0,25.0,-113.04650000000004,46.81203163115926,-0.25,low,stable
BEV2_2024-09-07_fast_1,BEV2,BEV2_2024-09-07_fast_1__segment_1,train,2024-09-07 18:52:58+00:00,2024-09-07 18:53:58+00:00,60.0,25.0,-111.31850000000004,46.37187116468898,0.0,low,stable
BEV2_2024-09-07_fast_1,BEV2,BEV2_2024-09-07_fast_1__segment_1,train,2024-09-07 18:53:08+00:00,2024-09-07 18:54:08+00:00,59.75,25.5,-109.64900000000006,46.095097247909266,-0.25,low,stable
BEV2_2024-09-07_fast_1,BEV2,BEV2_2024-09-07_fast_1__segment_1,train,2024-09-07 18:53:18+00:00,2024-09-07 18:54:18+00:00,59.75,25.5,-110.20600000000005,45.97227182780532,-0.25,low,stable
BEV2_2024-09-07_fast_1,BEV2,BEV2_2024-09-07_fast_1__segment_1,train,2024-09-07 18:53:28+00:00,2024-09-07 18:54:28+00:00,59.75,25.5,-108.23600000000005,46.00899943567096,-0.25,low,stable
BEV2_2024-09-07_fast_1,BEV2,BEV2_2024-09-07_fast_1__segment_1,train,2024-09-07 18:53:38+00:00,2024-09-07 18:54:38+00:00,59.75,25.5,-108.54500000000004,45.76006176177012,-0.25,low,stable
BEV2_2024-09-07_fast_1,BEV2,BEV2_2024-09-07_fast_1__segment_1,train,2024-09-07 18:53:48+00:00,2024-09-07 18:54:48+00:00,59.75,25.5,-107.68150000000006,45.63258978847111,-0.25,low,stable
BEV2_2024-09-07_fast_1,BEV2,BEV2_2024-09-07_fast_1__segment_1,train,2024-09-07 18:53:58+00:00,2024-09-07 18:54:58+00:00,59.75,25.5,-107.58700000000005,45.302254392437234,-0.25,low,stable
BEV2_2024-09-07_fast_1,BEV2,BEV2_2024-09-07_fast_1__segment_1,train,2024-09-07 18:54:08+00:00,2024-09-07 18:55:08+00:00,59.75,25.5,-107.01900000000003,45.03970262559257,0.0,low,stable
BEV2_2024-09-07_fast_1,BEV2,BEV2_2024-09-07_fast_1__segment_1,train,2024-09-07 18:54:18+00:00,2024-09-07 18:55:18+00:00,59.75,26.0,-106.68550000000003,44.719583767183664,0.0,low,stable
BEV2_2024-09-07_fast_1,BEV2,BEV2_2024-09-07_fast_1__segment_1,train,2024-09-07 18:54:28+00:00,2024-09-07 18:55:28+00:00,59.5,25.5,-106.16600000000004,44.48653212532613,-0.25,low,stable
BEV2_2024-09-07_fast_1,BEV2,BEV2_2024-09-07_fast_1__segment_1,train,2024-09-07 18:54:38+00:00,2024-09-07 18:55:38+00:00,59.5,25.5,-103.83550000000004,43.600983136077616,-0.25,low,stable
BEV2_2024-09-07_fast_1,BEV2,BEV2_2024-09-07_fast_1__segment_1,train,2024-09-07 18:54:48+00:00,2024-09-07 18:55:48+00:00,59.5,25.5,-104.74050000000004,43.60177503173748,-0.25,low,stable
BEV2_2024-09-07_fast_1,BEV2,BEV2_2024-09-07_fast_1__segment_1,train,2024-09-07 18:54:58+00:00,2024-09-07 18:55:58+00:00,59.5,25.5,-101.85250000000003,43.249316553620694,-0.25,low,stable
BEV2_2024-09-07_fast_1,BEV2,BEV2_2024-09-07_fast_1__segment_1,train,2024-09-07 18:55:08+00:00,2024-09-07 18:56:08+00:00,59.5,25.5,-103.89200000000004,43.13057801678774,-0.25,low,stable
BEV2_2024-09-07_fast_1,BEV2,BEV2_2024-09-07_fast_1__segment_1,train,2024-09-07 18:55:18+00:00,2024-09-07 18:56:18+00:00,59.5,25.5,-102.66350000000004,42.841749926715515,-0.25,low,stable
BEV2_2024-09-07_fast_1,BEV2,BEV2_2024-09-07_fast_1__segment_1,train,2024-09-07 18:55:28+00:00,2024-09-07 18:56:28+00:00,59.5,25.5,-102.17200000000004,42.71925972920867,0.0,low,stable
BEV2_2024-09-07_fast_1,BEV2,BEV2_2024-09-07_fast_1__segment_1,train,2024-09-07 18:55:38+00:00,2024-09-07 18:56:38+00:00,59.5,25.5,-101.39700000000003,42.52651054461203,0.0,low,stable
BEV2_2024-09-07_fast_1,BEV2,BEV2_2024-09-07_fast_1__segment_1,train,2024-09-07 18:55:48+00:00,2024-09-07 18:56:48+00:00,59.5,25.5,-101.96400000000006,42.58557924458371,0.0,low,stable
BEV2_2024-09-07_fast_1,BEV2,BEV2_2024-09-07_fast_1__segment_1,train,2024-09-07 18:55:58+00:00,2024-09-07 18:56:58+00:00,59.25,25.5,-100.43850000000003,42.64401805437533,-0.25,low,stable
BEV2_2024-09-07_fast_1,BEV2,BEV2_2024-09-07_fast_1__segment_1,train,2024-09-07 18:56:08+00:00,2024-09-07 18:57:08+00:00,59.25,25.5,-98.59100000000004,42.453314698581025,-0.25,low,stable
BEV2_2024-09-07_fast_1,BEV2,BEV2_2024-09-07_fast_1__segment_1,train,2024-09-07 18:56:18+00:00,2024-09-07 18:57:18+00:00,59.25,25.5,-99.53850000000004,42.3760104579554,-0.25,low,stable
BEV2_2024-09-07_fast_1,BEV2,BEV2_2024-09-07_fast_1__segment_1,train,2024-09-07 18:56:28+00:00,2024-09-07 18:57:28+00:00,59.25,25.0,-98.96400000000004,42.02004611688277,-0.25,low,stable
BEV2_2024-09-07_fast_1,BEV2,BEV2_2024-09-07_fast_1__segment_1,train,2024-09-07 18:56:38+00:00,2024-09-07 18:57:38+00:00,59.25,25.0,-97.33300000000004,41.90181355213107,-0.25,low,stable
BEV2_2024-09-07_fast_1,BEV2,BEV2_2024-09-07_fast_1__segment_1,train,2024-09-07 18:56:48+00:00,2024-09-07 18:57:48+00:00,59.25,25.0,-99.41800000000003,41.7667191137192,-0.25,low,stable
BEV2_2024-09-07_fast_1,BEV2,BEV2_2024-09-07_fast_1__segment_1,train,2024-09-07 18:56:58+00:00,2024-09-07 18:57:58+00:00,59.25,25.0,-97.42500000000004,41.454355060661136,0.0,low,stable
BEV2_2024-09-07_fast_1,BEV2,BEV2_2024-09-07_fast_1__segment_1,train,2024-09-07 18:57:08+00:00,2024-09-07 18:58:08+00:00,59.25,25.0,-97.45950000000003,40.63705114799825,0.0,low,stable
BEV2_2024-09-07_fast_1,BEV2,BEV2_2024-09-07_fast_1__segment_1,train,2024-09-07 18:57:18+00:00,2024-09-07 18:58:18+00:00,59.25,24.5,-95.99400000000006,40.719008325478576,0.0,low,stable
BEV2_2024-09-07_fast_1,BEV2,BEV2_2024-09-07_fast_1__segment_1,train,2024-09-07 18:57:28+00:00,2024-09-07 18:58:28+00:00,59.0,24.5,-96.12650000000004,40.51301363722675,-0.25,low,stable
BEV2_2024-09-07_fast_1,BEV2,BEV2_2024-09-07_fast_1__segment_1,train,2024-09-07 18:57:38+00:00,2024-09-07 18:58:38+00:00,59.0,25.0,-96.17200000000004,40.417757955623,-0.25,low,stable
BEV2_2024-09-07_fast_1,BEV2,BEV2_2024-09-07_fast_1__segment_1,train,2024-09-07 18:57:48+00:00,2024-09-07 18:58:48+00:00,59.0,25.0,-89.01900000000003,37.7752569630505,-0.25,low,stable
BEV2_2024-09-07_fast_1,BEV2,BEV2_2024-09-07_fast_1__segment_1,train,2024-09-07 18:57:58+00:00,2024-09-07 18:58:58+00:00,59.0,25.5,-96.41100000000006,40.800233152359496,-0.25,low,stable
BEV2_2024-09-07_fast_1,BEV2,BEV2_2024-09-07_fast_1__segment_1,train,2024-09-07 18:58:08+00:00,2024-09-07 18:59:08+00:00,59.0,25.5,-95.38350000000004,40.520392182168536,-0.25,low,stable
BEV2_2024-09-07_fast_1,BEV2,BEV2_2024-09-07_fast_1__segment_1,train,2024-09-07 18:58:18+00:00,2024-09-07 18:59:18+00:00,59.0,26.0,-94.29650000000004,40.34243409787741,-0.25,low,stable
BEV2_2024-09-07_fast_1,BEV2,BEV2_2024-09-07_fast_1__segment_1,train,2024-09-07 18:58:28+00:00,2024-09-07 18:59:28+00:00,59.0,26.0,-94.00100000000003,40.18961347047736,0.0,low,stable
BEV2_2024-09-07_fast_1,BEV2,BEV2_2024-09-07_fast_1__segment_1,train,2024-09-07 18:58:38+00:00,2024-09-07 18:59:38+00:00,59.0,26.0,-94.30800000000004,39.99914394974479,0.0,low,stable
BEV2_2024-09-07_fast_1,BEV2,BEV2_2024-09-07_fast_1__segment_1,train,2024-09-07 18:58:48+00:00,2024-09-07 18:59:48+00:00,59.0,25.5,-93.35650000000004,39.79976713169849,0.0,low,stable
BEV2_2024-09-07_fast_1,BEV2,BEV2_2024-09-07_fast_1__segment_1,train,2024-09-07 18:58:58+00:00,2024-09-07 18:59:58+00:00,59.0,25.5,-93.26000000000003,39.64626398915954,0.0,low,stable
BEV2_2024-09-07_fast_1,BEV2,BEV2_2024-09-07_fast_1__segment_1,train,2024-09-07 18:59:08+00:00,2024-09-07 19:00:08+00:00,58.75,25.5,-92.51550000000005,38.921198915659076,-0.25,low,stable
BEV2_2024-09-07_fast_1,BEV2,BEV2_2024-09-07_fast_1__segment_1,train,2024-09-07 18:59:18+00:00,2024-09-07 19:00:18+00:00,58.75,25.5,-92.62850000000005,38.88055930460992,-0.25,low,stable
BEV2_2024-09-07_fast_1,BEV2,BEV2_2024-09-07_fast_1__segment_1,train,2024-09-07 18:59:28+00:00,2024-09-07 19:00:28+00:00,58.75,25.5,-91.64800000000004,38.7285326113493,-0.25,low,stable
BEV2_2024-09-07_fast_1,BEV2,BEV2_2024-09-07_fast_1__segment_1,train,2024-09-07 18:59:38+00:00,2024-09-07 19:00:38+00:00,58.75,25.5,-91.74000000000004,38.552739928779175,-0.25,low,stable
BEV2_2024-09-07_fast_1,BEV2,BEV2_2024-09-07_fast_1__segment_1,train,2024-09-07 18:59:48+00:00,2024-09-07 19:00:48+00:00,58.75,25.5,-91.33000000000004,38.35642683820381,-0.25,low,stable
BEV2_2024-09-07_fast_1,BEV2,BEV2_2024-09-07_fast_1__segment_1,train,2024-09-07 18:59:58+00:00,2024-09-07 19:00:58+00:00,58.75,25.5,-90.24400000000006,38.19035276780718,-0.25,low,stable
BEV2_2024-09-07_fast_1,BEV2,BEV2_2024-09-07_fast_1__segment_1,train,2024-09-07 19:00:08+00:00,2024-09-07 19:01:08+00:00,58.75,25.0,-90.06850000000006,38.14970140867853,0.0,low,stable
BEV2_2024-09-10_fast_1,BEV2,BEV2_2024-09-10_fast_1__segment_1,train,2024-09-10 19:15:06+00:00,2024-09-10 19:16:06+00:00,51.75,14.0,-251.13600000000005,102.938082628694,-0.75,high,cooling
BEV2_2024-09-10_fast_1,BEV2,BEV2_2024-09-10_fast_1__segment_1,train,2024-09-10 19:15:16+00:00,2024-09-10 19:16:16+00:00,52.0,14.0,-250.8040000000001,102.97131526337607,-0.25,high,stable
BEV2_2024-09-10_fast_1,BEV2,BEV2_2024-09-10_fast_1__segment_1,train,2024-09-10 19:15:26+00:00,2024-09-10 19:16:26+00:00,52.0,14.0,-249.05350000000007,102.79279477330675,0.0,high,stable
BEV2_2024-09-10_fast_1,BEV2,BEV2_2024-09-10_fast_1__segment_1,train,2024-09-10 19:15:36+00:00,2024-09-10 19:16:36+00:00,52.25,14.0,-247.31700000000004,102.85869624214357,0.25,high,stable
BEV2_2024-09-10_fast_1,BEV2,BEV2_2024-09-10_fast_1__segment_1,train,2024-09-10 19:15:46+00:00,2024-09-10 19:16:46+00:00,52.5,14.0,-244.52000000000004,102.91627272144255,0.75,high,warming
BEV2_2024-09-10_fast_1,BEV2,BEV2_2024-09-10_fast_1__segment_1,train,2024-09-10 19:15:56+00:00,2024-09-10 19:16:56+00:00,53.0,14.0,-242.39000000000004,102.98515723687561,1.25,high,warming
BEV2_2024-09-10_fast_1,BEV2,BEV2_2024-09-10_fast_1__segment_1,train,2024-09-10 19:16:06+00:00,2024-09-10 19:17:06+00:00,53.25,14.0,-241.05800000000008,102.76739075839276,1.5,high,warming
BEV2_2024-09-10_fast_1,BEV2,BEV2_2024-09-10_fast_1__segment_1,train,2024-09-10 19:16:16+00:00,2024-09-10 19:17:16+00:00,53.75,14.0,-240.32650000000004,102.86800726569604,1.75,high,warming
BEV2_2024-09-10_fast_1,BEV2,BEV2_2024-09-10_fast_1__segment_1,train,2024-09-10 19:16:26+00:00,2024-09-10 19:17:26+00:00,54.0,14.0,-240.64450000000008,102.91096194578031,2.0,high,warming
BEV2_2024-09-10_fast_1,BEV2,BEV2_2024-09-10_fast_1__segment_1,train,2024-09-10 19:16:36+00:00,2024-09-10 19:17:36+00:00,54.5,14.0,-240.40200000000004,102.89124319667906,2.25,high,warming
BEV2_2024-09-10_fast_1,BEV2,BEV2_2024-09-10_fast_1__segment_1,train,2024-09-10 19:16:46+00:00,2024-09-10 19:17:46+00:00,55.0,14.0,-239.26600000000005,102.7410450195722,2.5,high,warming
BEV2_2024-09-10_fast_1,BEV2,BEV2_2024-09-10_fast_1__segment_1,train,2024-09-10 19:16:56+00:00,2024-09-10 19:17:56+00:00,55.5,14.0,-238.5305,102.83427863675355,2.5,high,warming
BEV2_2024-09-10_fast_1,BEV2,BEV2_2024-09-10_fast_1__segment_1,train,2024-09-10 19:17:06+00:00,2024-09-10 19:18:06+00:00,55.75,14.0,-241.80650000000009,103.00338794955168,2.5,high,warming
BEV2_2024-09-10_fast_1,BEV2,BEV2_2024-09-10_fast_1__segment_1,train,2024-09-10 19:17:16+00:00,2024-09-10 19:18:16+00:00,56.25,14.0,-242.28350000000003,102.67876405134363,2.5,high,warming
BEV2_2024-09-10_fast_1,BEV2,BEV2_2024-09-10_fast_1__segment_1,train,2024-09-10 19:17:26+00:00,2024-09-10 19:18:26+00:00,56.75,14.0,-242.72000000000003,102.82672832308783,2.75,high,warming
BEV2_2024-09-10_fast_1,BEV2,BEV2_2024-09-10_fast_1__segment_1,train,2024-09-10 19:17:36+00:00,2024-09-10 19:18:36+00:00,57.25,14.0,-245.17500000000004,102.95108308564997,2.75,high,warming
BEV2_2024-09-10_fast_1,BEV2,BEV2_2024-09-10_fast_1__segment_1,train,2024-09-10 19:17:46+00:00,2024-09-10 19:18:46+00:00,57.5,14.0,-260.14650000000006,102.77106946295655,2.5,high,warming
BEV2_2024-09-10_fast_1,BEV2,BEV2_2024-09-10_fast_1__segment_1,train,2024-09-10 19:17:56+00:00,2024-09-10 19:18:56+00:00,58.0,14.0,-259.80600000000004,102.71586271613106,2.5,high,warming
BEV2_2024-09-10_fast_1,BEV2,BEV2_2024-09-10_fast_1__segment_1,train,2024-09-10 19:18:06+00:00,2024-09-10 19:19:06+00:00,58.25,14.0,-259.69200000000006,102.90633658204372,2.5,high,warming
BEV2_2024-09-10_fast_1,BEV2,BEV2_2024-09-10_fast_1__segment_1,train,2024-09-10 19:18:16+00:00,2024-09-10 19:19:16+00:00,58.5,14.0,-260.8,102.72881360584748,2.25,high,warming
BEV2_2024-09-10_fast_1,BEV2,BEV2_2024-09-10_fast_1__segment_1,train,2024-09-10 19:18:26+00:00,2024-09-10 19:19:26+00:00,58.75,14.0,-260.3960000000001,102.72906680646494,2.0,high,warming
BEV2_2024-09-10_fast_1,BEV2,BEV2_2024-09-10_fast_1__segment_1,train,2024-09-10 19:18:36+00:00,2024-09-10 19:19:36+00:00,59.0,14.0,-261.75950000000006,102.81524760627849,1.75,high,warming
BEV2_2024-09-10_fast_1,BEV2,BEV2_2024-09-10_fast_1__segment_1,train,2024-09-10 19:18:46+00:00,2024-09-10 19:19:46+00:00,59.25,14.0,-262.76400000000007,102.9024363805839,1.75,high,warming
BEV2_2024-09-10_fast_1,BEV2,BEV2_2024-09-10_fast_1__segment_1,train,2024-09-10 19:18:56+00:00,2024-09-10 19:19:56+00:00,59.5,14.0,-261.85850000000005,102.5950995399542,1.5,high,warming
BEV2_2024-09-10_fast_1,BEV2,BEV2_2024-09-10_fast_1__segment_1,train,2024-09-10 19:19:06+00:00,2024-09-10 19:20:06+00:00,59.5,14.0,-261.40650000000005,102.76137402507685,1.25,high,warming
BEV2_2024-09-10_fast_1,BEV2,BEV2_2024-09-10_fast_1__segment_1,train,2024-09-10 19:19:16+00:00,2024-09-10 19:20:16+00:00,59.75,14.0,-266.0475,102.90213447103407,1.25,high,warming
BEV2_2024-09-10_fast_1,BEV2,BEV2_2024-09-10_fast_1__segment_1,train,2024-09-10 19:19:26+00:00,2024-09-10 19:20:26+00:00,59.75,14.0,-262.62450000000007,102.64613351914672,1.0,high,warming
BEV2_2024-09-10_fast_1,BEV2,BEV2_2024-09-10_fast_1__segment_1,train,2024-09-10 19:19:36+00:00,2024-09-10 19:20:36+00:00,59.25,14.0,-261.68250000000006,102.70203281257622,0.25,high,stable
BEV2_2024-09-10_fast_1,BEV2,BEV2_2024-09-10_fast_1__segment_1,train,2024-09-10 19:19:46+00:00,2024-09-10 19:20:46+00:00,58.25,14.0,-261.50800000000004,102.83609465380908,-1.0,high,cooling
BEV2_2024-09-10_fast_1,BEV2,BEV2_2024-09-10_fast_1__segment_1,train,2024-09-10 19:19:56+00:00,2024-09-10 19:20:56+00:00,57.5,14.0,-264.0160000000001,102.8838444815186,-2.0,high,cooling
BEV2_2024-09-10_fast_1,BEV2,BEV2_2024-09-10_fast_1__segment_1,train,2024-09-10 19:20:06+00:00,2024-09-10 19:21:06+00:00,57.0,14.0,-261.677,102.62476800043656,-2.5,high,cooling
BEV2_2024-09-10_fast_1,BEV2,BEV2_2024-09-10_fast_1__segment_1,train,2024-09-10 19:20:16+00:00,2024-09-10 19:21:16+00:00,56.75,21.0,-260.3595,102.68520666595232,-3.0,high,cooling
BEV2_2024-09-10_fast_1,BEV2,BEV2_2024-09-10_fast_1__segment_1,train,2024-09-10 19:20:26+00:00,2024-09-10 19:21:26+00:00,56.5,27.0,-262.04100000000005,102.72929575990456,-3.25,high,cooling
BEV2_2024-09-10_fast_1,BEV2,BEV2_2024-09-10_fast_1__segment_1,train,2024-09-10 19:20:36+00:00,2024-09-10 19:21:36+00:00,56.5,24.0,-263.2035000000001,102.86751046677271,-2.75,high,cooling
BEV2_2024-09-10_fast_1,BEV2,BEV2_2024-09-10_fast_1__segment_1,train,2024-09-10 19:20:46+00:00,2024-09-10 19:21:46+00:00,56.75,18.5,-261.57200000000006,102.57545294230007,-1.5,high,cooling
BEV2_2024-09-10_fast_1,BEV2,BEV2_2024-09-10_fast_1__segment_1,train,2024-09-10 19:20:56+00:00,2024-09-10 19:21:56+00:00,56.75,16.5,-261.08750000000003,102.66188114915761,-0.75,high,cooling
BEV2_2024-09-10_fast_1,BEV2,BEV2_2024-09-10_fast_1__segment_1,train,2024-09-10 19:21:06+00:00,2024-09-10 19:22:06+00:00,56.75,16.0,-262.73900000000003,102.74602856562294,-0.25,high,stable
BEV2_2024-09-10_fast_1,BEV2,BEV2_2024-09-10_fast_1__segment_1,train,2024-09-10 19:21:16+00:00,2024-09-10 19:22:16+00:00,56.75,15.5,-260.37200000000007,102.82287774251176,0.0,high,stable
BEV2_2024-09-10_fast_1,BEV2,BEV2_2024-09-10_fast_1__segment_1,train,2024-09-10 19:21:26+00:00,2024-09-10 19:22:26+00:00,56.75,16.0,-260.61400000000003,102.77722824611037,0.25,high,stable
BEV2_2024-09-10_fast_1,BEV2,BEV2_2024-09-10_fast_1__segment_1,train,2024-09-10 19:21:36+00:00,2024-09-10 19:22:36+00:00,56.75,16.5,-257.56300000000005,102.63008220932753,0.25,high,stable
BEV2_2024-09-10_fast_1,BEV2,BEV2_2024-09-10_fast_1__segment_1,train,2024-09-10 19:21:46+00:00,2024-09-10 19:22:46+00:00,57.0,16.5,-257.73800000000006,101.13366291250097,0.25,high,stable
BEV2_2024-09-10_fast_1,BEV2,BEV2_2024-09-10_fast_1__segment_1,train,2024-09-10 19:21:56+00:00,2024-09-10 19:22:56+00:00,57.0,16.5,-256.0950000000001,101.127299637662,0.25,high,stable
BEV2_2024-09-10_fast_1,BEV2,BEV2_2024-09-10_fast_1__segment_1,train,2024-09-10 19:22:06+00:00,2024-09-10 19:23:06+00:00,57.25,17.0,-254.82000000000005,101.03619161820632,0.5,high,warming
BEV2_2024-09-10_fast_1,BEV2,BEV2_2024-09-10_fast_1__segment_1,train,2024-09-10 19:22:16+00:00,2024-09-10 19:23:16+00:00,57.25,17.0,-251.85600000000005,100.11940110599544,0.5,high,warming
BEV2_2024-09-10_fast_1,BEV2,BEV2_2024-09-10_fast_1__segment_1,train,2024-09-10 19:22:26+00:00,2024-09-10 19:23:26+00:00,57.5,17.0,-250.63650000000004,98.4408554633575,0.75,high,warming
BEV2_2024-09-10_fast_1,BEV2,BEV2_2024-09-10_fast_1__segment_1,train,2024-09-10 19:22:36+00:00,2024-09-10 19:23:36+00:00,57.5,16.0,-249.25450000000004,98.23849645702217,0.75,high,warming
BEV2_2024-09-10_fast_1,BEV2,BEV2_2024-09-10_fast_1__segment_1,train,2024-09-10 19:22:46+00:00,2024-09-10 19:23:46+00:00,57.5,15.5,-245.12250000000003,97.61260593476635,0.5,high,warming
BEV2_2024-09-10_fast_1,BEV2,BEV2_2024-09-10_fast_1__segment_1,train,2024-09-10 19:22:56+00:00,2024-09-10 19:23:56+00:00,57.75,15.0,-243.86050000000003,96.34430086775744,0.75,high,warming
BEV2_2024-09-10_fast_1,BEV2,BEV2_2024-09-10_fast_1__segment_1,train,2024-09-10 19:23:06+00:00,2024-09-10 19:24:06+00:00,57.75,15.0,-241.69700000000003,96.22668435298256,0.5,high,warming
BEV2_2024-09-10_fast_1,BEV2,BEV2_2024-09-10_fast_1__segment_1,train,2024-09-10 19:23:16+00:00,2024-09-10 19:24:16+00:00,58.0,15.5,-240.22700000000003,95.51403184966549,0.75,high,warming
BEV2_2024-09-10_fast_1,BEV2,BEV2_2024-09-10_fast_1__segment_1,train,2024-09-10 19:23:26+00:00,2024-09-10 19:24:26+00:00,58.0,15.5,-237.588,94.85380297850587,0.5,high,warming
BEV2_2024-09-10_fast_1,BEV2,BEV2_2024-09-10_fast_1__segment_1,train,2024-09-10 19:23:36+00:00,2024-09-10 19:24:36+00:00,58.25,15.5,-236.02200000000005,92.92422490965563,0.75,mid,warming
BEV2_2024-09-10_fast_1,BEV2,BEV2_2024-09-10_fast_1__segment_1,train,2024-09-10 19:23:46+00:00,2024-09-10 19:24:46+00:00,58.25,15.5,-234.6030000000001,93.13943824614992,0.75,mid,warming
BEV2_2024-09-10_fast_1,BEV2,BEV2_2024-09-10_fast_1__segment_1,train,2024-09-10 19:23:56+00:00,2024-09-10 19:24:56+00:00,58.5,15.5,-232.29500000000004,92.76010676038449,0.75,mid,warming
BEV2_2024-09-10_fast_1,BEV2,BEV2_2024-09-10_fast_1__segment_1,train,2024-09-10 19:24:06+00:00,2024-09-10 19:25:06+00:00,58.5,15.5,-230.83500000000004,91.99765913699757,0.75,mid,warming
BEV2_2024-09-10_fast_1,BEV2,BEV2_2024-09-10_fast_1__segment_1,train,2024-09-10 19:24:16+00:00,2024-09-10 19:25:16+00:00,58.5,15.5,-227.76850000000005,90.50405932560568,0.5,mid,warming
BEV2_2024-09-10_fast_1,BEV2,BEV2_2024-09-10_fast_1__segment_1,train,2024-09-10 19:24:26+00:00,2024-09-10 19:25:26+00:00,58.75,15.0,-226.73400000000004,90.81285083596902,0.75,mid,warming
BEV2_2024-09-10_fast_1,BEV2,BEV2_2024-09-10_fast_1__segment_1,train,2024-09-10 19:24:36+00:00,2024-09-10 19:25:36+00:00,58.75,15.0,-226.98050000000003,90.36901917512279,0.5,mid,warming
BEV2_2024-09-10_fast_1,BEV2,BEV2_2024-09-10_fast_1__segment_1,train,2024-09-10 19:24:46+00:00,2024-09-10 19:25:46+00:00,59.0,14.5,-224.67350000000005,89.79292216361087,0.75,mid,warming
BEV2_2024-09-10_fast_1,BEV2,BEV2_2024-09-10_fast_1__segment_1,train,2024-09-10 19:24:56+00:00,2024-09-10 19:25:56+00:00,59.0,15.0,-222.61500000000004,89.09298092137507,0.5,mid,warming
BEV2_2024-09-10_fast_1,BEV2,BEV2_2024-09-10_fast_1__segment_1,train,2024-09-10 19:25:06+00:00,2024-09-10 19:26:06+00:00,59.0,15.0,-221.55300000000005,88.21642141235256,0.5,mid,warming
BEV2_2024-09-10_fast_1,BEV2,BEV2_2024-09-10_fast_1__segment_1,train,2024-09-10 19:25:16+00:00,2024-09-10 19:26:16+00:00,59.25,15.0,-219.00300000000007,87.7243163564184,0.75,mid,warming
BEV2_2024-09-10_fast_1,BEV2,BEV2_2024-09-10_fast_1__segment_1,train,2024-09-10 19:25:26+00:00,2024-09-10 19:26:26+00:00,59.25,15.0,-216.28650000000005,85.68524114411785,0.5,mid,warming
BEV2_2024-09-10_fast_1,BEV2,BEV2_2024-09-10_fast_1__segment_1,train,2024-09-10 19:25:36+00:00,2024-09-10 19:26:36+00:00,59.5,15.0,-216.06900000000005,85.47441622493491,0.75,mid,warming
BEV2_2024-09-10_fast_1,BEV2,BEV2_2024-09-10_fast_1__segment_1,train,2024-09-10 19:25:46+00:00,2024-09-10 19:26:46+00:00,59.5,14.5,-214.31700000000004,84.82091530187637,0.5,mid,warming
BEV2_2024-09-10_fast_1,BEV2,BEV2_2024-09-10_fast_1__segment_1,train,2024-09-10 19:25:56+00:00,2024-09-10 19:26:56+00:00,59.5,14.5,-212.33850000000007,84.19108348670466,0.5,mid,warming
BEV2_2024-09-10_fast_1,BEV2,BEV2_2024-09-10_fast_1__segment_1,train,2024-09-10 19:26:06+00:00,2024-09-10 19:27:06+00:00,59.75,14.5,-210.4590000000001,83.69844048674685,0.75,mid,warming
BEV2_2024-09-10_fast_1,BEV2,BEV2_2024-09-10_fast_1__segment_1,train,2024-09-10 19:26:16+00:00,2024-09-10 19:27:16+00:00,59.75,14.5,-209.51000000000005,83.61164825035752,0.5,mid,warming
BEV2_2024-09-10_fast_1,BEV2,BEV2_2024-09-10_fast_1__segment_1,train,2024-09-10 19:26:26+00:00,2024-09-10 19:27:26+00:00,59.75,14.5,-208.25700000000003,83.54487624346568,0.5,mid,warming
BEV2_2024-09-10_fast_1,BEV2,BEV2_2024-09-10_fast_1__segment_1,train,2024-09-10 19:26:36+00:00,2024-09-10 19:27:36+00:00,60.0,14.5,-206.76400000000004,82.98324186883121,0.5,mid,warming
BEV2_2024-09-10_fast_1,BEV2,BEV2_2024-09-10_fast_1__segment_1,train,2024-09-10 19:26:46+00:00,2024-09-10 19:27:46+00:00,60.0,14.5,-206.0255,82.4572237015556,0.5,mid,warming
BEV2_2024-09-10_fast_1,BEV2,BEV2_2024-09-10_fast_1__segment_1,train,2024-09-10 19:26:56+00:00,2024-09-10 19:27:56+00:00,60.0,14.5,-203.9655,82.1340752333861,0.5,mid,warming
BEV2_2024-09-10_fast_1,BEV2,BEV2_2024-09-10_fast_1__segment_1,train,2024-09-10 19:27:06+00:00,2024-09-10 19:28:06+00:00,60.25,14.5,-203.61300000000008,81.86009424816271,0.5,mid,warming
BEV2_2024-09-10_fast_1,BEV2,BEV2_2024-09-10_fast_1__segment_1,train,2024-09-10 19:27:16+00:00,2024-09-10 19:28:16+00:00,60.25,14.5,-203.50400000000005,81.34311856158135,0.5,mid,warming
BEV2_2024-09-10_fast_1,BEV2,BEV2_2024-09-10_fast_1__segment_1,train,2024-09-10 19:27:26+00:00,2024-09-10 19:28:26+00:00,60.25,14.5,-201.20700000000005,81.03377059994583,0.5,mid,warming
BEV2_2024-09-10_fast_1,BEV2,BEV2_2024-09-10_fast_1__segment_1,train,2024-09-10 19:27:36+00:00,2024-09-10 19:28:36+00:00,60.25,14.5,-200.41400000000004,80.80850326774835,0.25,mid,stable
BEV2_2024-09-10_fast_1,BEV2,BEV2_2024-09-10_fast_1__segment_1,train,2024-09-10 19:27:46+00:00,2024-09-10 19:28:46+00:00,60.25,14.5,-200.1560000000001,80.502996177089,0.25,mid,stable
BEV2_2024-09-10_fast_1,BEV2,BEV2_2024-09-10_fast_1__segment_1,train,2024-09-10 19:27:56+00:00,2024-09-10 19:28:56+00:00,60.25,14.5,-199.1205,79.89181371391928,0.25,mid,stable
BEV2_2024-09-10_fast_1,BEV2,BEV2_2024-09-10_fast_1__segment_1,train,2024-09-10 19:28:06+00:00,2024-09-10 19:29:06+00:00,60.25,15.0,-197.74650000000003,79.5711498840967,0.0,mid,stable
BEV2_2024-09-10_fast_1,BEV2,BEV2_2024-09-10_fast_1__segment_1,train,2024-09-10 19:28:16+00:00,2024-09-10 19:29:16+00:00,60.0,15.0,-196.55450000000005,79.21667561792881,-0.25,mid,stable
BEV2_2024-09-10_fast_1,BEV2,BEV2_2024-09-10_fast_1__segment_1,train,2024-09-10 19:28:26+00:00,2024-09-10 19:29:26+00:00,60.0,15.0,-195.39200000000005,78.85474142856987,-0.25,mid,stable
BEV2_2024-09-10_fast_1,BEV2,BEV2_2024-09-10_fast_1__segment_1,train,2024-09-10 19:28:36+00:00,2024-09-10 19:29:36+00:00,60.0,15.0,-194.07850000000005,78.45323176812956,-0.25,mid,stable
BEV2_2024-09-10_fast_1,BEV2,BEV2_2024-09-10_fast_1__segment_1,train,2024-09-10 19:28:46+00:00,2024-09-10 19:29:46+00:00,60.0,15.0,-193.86050000000003,78.07171315474262,-0.25,mid,stable
BEV2_2024-09-10_fast_1,BEV2,BEV2_2024-09-10_fast_1__segment_1,train,2024-09-10 19:28:56+00:00,2024-09-10 19:29:56+00:00,60.0,15.0,-191.90750000000003,77.86459075814767,-0.25,mid,stable
BEV2_2024-09-10_fast_1,BEV2,BEV2_2024-09-10_fast_1__segment_1,train,2024-09-10 19:29:06+00:00,2024-09-10 19:30:06+00:00,59.75,15.0,-192.39700000000005,77.48843334596967,-0.5,mid,cooling
BEV2_2024-09-10_fast_1,BEV2,BEV2_2024-09-10_fast_1__segment_1,train,2024-09-10 19:29:16+00:00,2024-09-10 19:30:16+00:00,59.75,15.0,-190.6790000000001,77.11484870955691,-0.25,mid,stable
BEV2_2024-09-10_fast_1,BEV2,BEV2_2024-09-10_fast_1__segment_1,train,2024-09-10 19:29:26+00:00,2024-09-10 19:30:26+00:00,59.75,15.0,-189.8135000000001,77.00749030666094,-0.25,mid,stable
BEV2_2024-09-10_fast_1,BEV2,BEV2_2024-09-10_fast_1__segment_1,train,2024-09-10 19:29:36+00:00,2024-09-10 19:30:36+00:00,59.75,15.0,-188.32750000000004,76.76715421178598,-0.25,mid,stable
BEV2_2024-09-10_fast_1,BEV2,BEV2_2024-09-10_fast_1__segment_1,train,2024-09-10 19:29:46+00:00,2024-09-10 19:30:46+00:00,59.75,15.0,-188.21500000000003,76.30389863035404,-0.25,mid,stable
BEV2_2024-09-10_fast_1,BEV2,BEV2_2024-09-10_fast_1__segment_1,train,2024-09-10 19:29:56+00:00,2024-09-10 19:30:56+00:00,59.5,15.0,-187.22450000000003,75.9989648352452,-0.5,mid,cooling
BEV2_2024-09-10_fast_1,BEV2,BEV2_2024-09-10_fast_1__segment_1,train,2024-09-10 19:30:06+00:00,2024-09-10 19:31:06+00:00,59.5,15.0,-187.74350000000007,75.87717802047051,-0.25,mid,stable
BEV2_2024-09-10_fast_1,BEV2,BEV2_2024-09-10_fast_1__segment_1,train,2024-09-10 19:30:16+00:00,2024-09-10 19:31:16+00:00,59.5,15.0,-185.68100000000007,75.62441417410393,-0.25,mid,stable
BEV2_2024-09-10_fast_1,BEV2,BEV2_2024-09-10_fast_1__segment_1,train,2024-09-10 19:30:26+00:00,2024-09-10 19:31:26+00:00,59.5,15.0,-186.01250000000005,75.32034684009103,-0.25,mid,stable
BEV2_2024-09-10_fast_1,BEV2,BEV2_2024-09-10_fast_1__segment_1,train,2024-09-10 19:30:36+00:00,2024-09-10 19:31:36+00:00,59.5,15.0,-184.8175,74.97766201309553,-0.25,mid,stable
BEV2_2024-09-10_fast_1,BEV2,BEV2_2024-09-10_fast_1__segment_1,train,2024-09-10 19:30:46+00:00,2024-09-10 19:31:46+00:00,59.5,15.0,-183.01150000000004,74.93353450989704,-0.25,mid,stable
BEV2_2024-09-10_fast_1,BEV2,BEV2_2024-09-10_fast_1__segment_1,train,2024-09-10 19:30:56+00:00,2024-09-10 19:31:56+00:00,59.25,15.0,-183.02100000000007,74.55000563381148,-0.25,mid,stable
BEV2_2024-09-10_fast_1,BEV2,BEV2_2024-09-10_fast_1__segment_1,train,2024-09-10 19:31:06+00:00,2024-09-10 19:32:06+00:00,59.25,15.0,-182.1440000000001,74.1795995234547,-0.25,mid,stable
BEV2_2024-09-10_fast_1,BEV2,BEV2_2024-09-10_fast_1__segment_1,train,2024-09-10 19:31:16+00:00,2024-09-10 19:32:16+00:00,59.25,15.0,-182.06200000000004,73.90522425337154,-0.25,mid,stable
BEV2_2024-09-10_fast_1,BEV2,BEV2_2024-09-10_fast_1__segment_1,train,2024-09-10 19:31:26+00:00,2024-09-10 19:32:26+00:00,59.25,15.0,-180.2330000000001,73.51198373885832,-0.25,mid,stable
BEV2_2024-09-10_fast_1,BEV2,BEV2_2024-09-10_fast_1__segment_1,train,2024-09-10 19:31:36+00:00,2024-09-10 19:32:36+00:00,59.25,15.0,-179.5910000000001,73.18088090891916,-0.25,mid,stable
BEV2_2024-09-10_fast_1,BEV2,BEV2_2024-09-10_fast_1__segment_1,train,2024-09-10 19:31:46+00:00,2024-09-10 19:32:46+00:00,59.25,15.0,-178.51700000000005,72.97991203834655,-0.25,mid,stable
BEV2_2024-09-10_fast_1,BEV2,BEV2_2024-09-10_fast_1__segment_1,train,2024-09-10 19:31:56+00:00,2024-09-10 19:32:56+00:00,59.25,15.5,-177.67450000000005,72.46146939751003,0.0,mid,stable
BEV2_2024-09-10_fast_1,BEV2,BEV2_2024-09-10_fast_1__segment_1,train,2024-09-10 19:32:06+00:00,2024-09-10 19:33:06+00:00,59.25,15.5,-176.11850000000007,72.04763283667147,0.0,mid,stable
BEV2_2024-09-10_fast_1,BEV2,BEV2_2024-09-10_fast_1__segment_1,train,2024-09-10 19:32:16+00:00,2024-09-10 19:33:16+00:00,59.0,15.5,-175.31250000000003,70.83598950808687,-0.25,mid,stable
BEV2_2024-09-10_fast_1,BEV2,BEV2_2024-09-10_fast_1__segment_1,train,2024-09-10 19:32:26+00:00,2024-09-10 19:33:26+00:00,59.0,15.5,-174.40500000000003,71.26888848125671,-0.25,mid,stable
BEV2_2024-09-10_fast_1,BEV2,BEV2_2024-09-10_fast_1__segment_1,train,2024-09-10 19:32:36+00:00,2024-09-10 19:33:36+00:00,59.0,15.5,-172.32850000000005,70.91161382698887,-0.25,mid,stable
BEV2_2024-09-10_fast_1,BEV2,BEV2_2024-09-10_fast_1__segment_1,train,2024-09-10 19:32:46+00:00,2024-09-10 19:33:46+00:00,59.0,15.5,-172.18900000000005,70.54256963554634,-0.25,mid,stable
BEV2_2024-09-10_fast_1,BEV2,BEV2_2024-09-10_fast_1__segment_1,train,2024-09-10 19:32:56+00:00,2024-09-10 19:33:56+00:00,59.0,15.5,-172.09900000000005,70.16345219013336,-0.25,mid,stable
BEV2_2024-09-10_fast_1,BEV2,BEV2_2024-09-10_fast_1__segment_1,train,2024-09-10 19:33:06+00:00,2024-09-10 19:34:06+00:00,59.0,15.5,-170.06750000000002,69.78736875330526,-0.25,mid,stable
BEV2_2024-09-10_fast_1,BEV2,BEV2_2024-09-10_fast_1__segment_1,train,2024-09-10 19:33:16+00:00,2024-09-10 19:34:16+00:00,59.0,15.5,-169.12350000000006,69.46739956221047,0.0,mid,stable
BEV2_2024-09-10_fast_1,BEV2,BEV2_2024-09-10_fast_1__segment_1,train,2024-09-10 19:33:26+00:00,2024-09-10 19:34:26+00:00,58.75,15.5,-168.20950000000005,69.0772323238355,-0.25,mid,stable
BEV2_2024-09-10_fast_1,BEV2,BEV2_2024-09-10_fast_1__segment_1,train,2024-09-10 19:33:36+00:00,2024-09-10 19:34:36+00:00,58.75,15.5,-167.75850000000003,68.70612701499405,-0.25,low,stable
BEV2_2024-09-10_fast_1,BEV2,BEV2_2024-09-10_fast_1__segment_1,train,2024-09-10 19:33:46+00:00,2024-09-10 19:34:46+00:00,58.75,15.5,-165.89500000000004,68.18218477091621,-0.25,low,stable
BEV2_2024-09-10_fast_1,BEV2,BEV2_2024-09-10_fast_1__segment_1,train,2024-09-10 19:33:56+00:00,2024-09-10 19:34:56+00:00,58.75,15.5,-164.50750000000005,67.57224797968234,-0.25,low,stable
BEV2_2024-09-10_fast_1,BEV2,BEV2_2024-09-10_fast_1__segment_1,train,2024-09-10 19:34:06+00:00,2024-09-10 19:35:06+00:00,58.75,15.5,-162.59700000000004,67.12809515101904,-0.25,low,stable
BEV2_2024-09-10_fast_1,BEV2,BEV2_2024-09-10_fast_1__segment_1,train,2024-09-10 19:34:16+00:00,2024-09-10 19:35:16+00:00,58.75,15.5,-161.75350000000003,66.79476544310724,-0.25,low,stable
BEV2_2024-09-10_fast_1,BEV2,BEV2_2024-09-10_fast_1__segment_1,train,2024-09-10 19:34:26+00:00,2024-09-10 19:35:26+00:00,58.75,15.5,-161.11250000000007,66.494173394857,0.0,low,stable
BEV2_2024-09-10_fast_1,BEV2,BEV2_2024-09-10_fast_1__segment_1,train,2024-09-10 19:34:36+00:00,2024-09-10 19:35:36+00:00,58.75,15.5,-160.36200000000005,65.95164375782652,0.0,low,stable
BEV2_2024-09-10_fast_1,BEV2,BEV2_2024-09-10_fast_1__segment_1,train,2024-09-10 19:34:46+00:00,2024-09-10 19:35:46+00:00,58.5,15.5,-157.78200000000004,64.97907658282418,-0.25,low,stable
BEV2_2024-09-10_fast_1,BEV2,BEV2_2024-09-10_fast_1__segment_1,train,2024-09-10 19:34:56+00:00,2024-09-10 19:35:56+00:00,58.5,15.5,-155.05100000000004,64.04065458396646,-0.25,low,stable
BEV2_2024-09-10_fast_1,BEV2,BEV2_2024-09-10_fast_1__segment_1,train,2024-09-10 19:35:06+00:00,2024-09-10 19:36:06+00:00,58.5,15.5,-152.49550000000005,62.81693262033479,-0.25,low,stable
BEV2_2024-09-10_fast_1,BEV2,BEV2_2024-09-10_fast_1__segment_1,train,2024-09-10 19:35:16+00:00,2024-09-10 19:36:16+00:00,58.5,15.5,-150.29850000000005,61.904390245855915,-0.25,low,stable
BEV2_2024-09-10_fast_1,BEV2,BEV2_2024-09-10_fast_1__segment_1,train,2024-09-10 19:35:26+00:00,2024-09-10 19:36:26+00:00,58.5,15.5,-148.5910000000001,60.78974662541603,-0.25,low,stable
BEV2_2024-09-10_fast_1,BEV2,BEV2_2024-09-10_fast_1__segment_1,train,2024-09-10 19:35:36+00:00,2024-09-10 19:36:36+00:00,58.5,15.5,-146.37200000000004,60.07323565582564,-0.25,low,stable
BEV2_2024-09-10_fast_1,BEV2,BEV2_2024-09-10_fast_1__segment_1,train,2024-09-10 19:35:46+00:00,2024-09-10 19:36:46+00:00,58.5,15.5,-143.53050000000005,59.193835042756454,0.0,low,stable
BEV2_2024-09-10_fast_1,BEV2,BEV2_2024-09-10_fast_1__segment_1,train,2024-09-10 19:35:56+00:00,2024-09-10 19:36:56+00:00,58.25,15.5,-140.82900000000006,58.45009068379112,-0.25,low,stable
BEV2_2024-09-10_fast_1,BEV2,BEV2_2024-09-10_fast_1__segment_1,train,2024-09-10 19:36:06+00:00,2024-09-10 19:37:06+00:00,58.25,15.5,-139.33850000000004,57.468647593331234,-0.25,low,stable
BEV2_2024-09-10_fast_1,BEV2,BEV2_2024-09-10_fast_1__segment_1,train,2024-09-10 19:36:16+00:00,2024-09-10 19:37:16+00:00,58.25,15.5,-137.92550000000006,55.53949030957487,-0.25,low,stable
BEV2_2024-09-10_fast_1,BEV2,BEV2_2024-09-10_fast_1__segment_1,train,2024-09-10 19:36:26+00:00,2024-09-10 19:37:26+00:00,58.25,15.5,-136.18250000000006,55.67458968325302,-0.25,low,stable
BEV2_2024-09-10_fast_1,BEV2,BEV2_2024-09-10_fast_1__segment_1,train,2024-09-10 19:36:36+00:00,2024-09-10 19:37:36+00:00,58.25,15.5,-133.95450000000005,55.38891259976286,-0.25,low,stable
BEV2_2024-09-10_fast_1,BEV2,BEV2_2024-09-10_fast_1__segment_1,train,2024-09-10 19:36:46+00:00,2024-09-10 19:37:46+00:00,58.0,15.5,-131.99750000000006,54.6740891157281,-0.5,low,cooling
BEV2_2024-09-10_fast_1,BEV2,BEV2_2024-09-10_fast_1__segment_1,train,2024-09-10 19:36:56+00:00,2024-09-10 19:37:56+00:00,58.0,15.5,-129.68900000000005,53.9217946761676,-0.25,low,stable
BEV2_2024-09-10_fast_1,BEV2,BEV2_2024-09-10_fast_1__segment_1,train,2024-09-10 19:37:06+00:00,2024-09-10 19:38:06+00:00,58.0,15.5,-127.78400000000003,53.29061252922847,-0.25,low,stable
BEV2_2024-09-10_fast_1,BEV2,BEV2_2024-09-10_fast_1__segment_1,train,2024-09-10 19:37:16+00:00,2024-09-10 19:38:16+00:00,58.0,15.5,-126.74400000000004,52.54819795630248,-0.25,low,stable
BEV2_2024-09-10_fast_1,BEV2,BEV2_2024-09-10_fast_1__segment_1,train,2024-09-10 19:37:26+00:00,2024-09-10 19:38:26+00:00,58.0,15.5,-125.67950000000005,52.08253273111322,-0.25,low,stable
BEV2_2024-09-10_fast_1,BEV2,BEV2_2024-09-10_fast_1__segment_1,train,2024-09-10 19:37:36+00:00,2024-09-10 19:38:36+00:00,57.75,15.5,-123.35050000000004,51.49082477500849,-0.5,low,cooling
BEV2_2024-09-10_fast_1,BEV2,BEV2_2024-09-10_fast_1__segment_1,train,2024-09-10 19:37:46+00:00,2024-09-10 19:38:46+00:00,57.75,15.5,-122.41550000000004,51.06125083020101,-0.25,low,stable
BEV2_2024-09-10_fast_1,BEV2,BEV2_2024-09-10_fast_1__segment_1,train,2024-09-10 19:37:56+00:00,2024-09-10 19:38:56+00:00,57.75,15.5,-121.03850000000004,50.44975653330475,-0.25,low,stable
BEV2_2024-09-10_fast_1,BEV2,BEV2_2024-09-10_fast_1__segment_1,train,2024-09-10 19:38:06+00:00,2024-09-10 19:39:06+00:00,57.75,15.5,-119.14400000000003,49.77514409681649,-0.25,low,stable
BEV2_2024-09-10_fast_1,BEV2,BEV2_2024-09-10_fast_1__segment_1,train,2024-09-10 19:38:16+00:00,2024-09-10 19:39:16+00:00,57.5,15.5,-119.20950000000003,49.290504113916484,-0.5,low,cooling
BEV2_2024-09-10_fast_1,BEV2,BEV2_2024-09-10_fast_1__segment_1,train,2024-09-10 19:38:26+00:00,2024-09-10 19:39:26+00:00,57.5,15.5,-117.76450000000004,48.867244681371375,-0.5,low,cooling
BEV2_2024-09-10_fast_1,BEV2,BEV2_2024-09-10_fast_1__segment_1,train,2024-09-10 19:38:36+00:00,2024-09-10 19:39:36+00:00,57.5,15.5,-117.05650000000006,48.474103891423354,-0.25,low,stable
BEV2_2024-09-10_fast_1,BEV2,BEV2_2024-09-10_fast_1__segment_1,train,2024-09-10 19:38:46+00:00,2024-09-10 19:39:46+00:00,57.5,15.5,-116.01900000000003,48.03016805354342,-0.25,low,stable
BEV2_2024-09-10_fast_1,BEV2,BEV2_2024-09-10_fast_1__segment_1,train,2024-09-10 19:38:56+00:00,2024-09-10 19:39:56+00:00,57.25,15.5,-114.68500000000006,47.56298110337225,-0.5,low,cooling
BEV2_2024-09-10_fast_1,BEV2,BEV2_2024-09-10_fast_1__segment_1,train,2024-09-10 19:39:06+00:00,2024-09-10 19:40:06+00:00,57.25,15.5,-113.83800000000004,47.13215692687199,-0.5,low,cooling
BEV2_2024-09-10_fast_1,BEV2,BEV2_2024-09-10_fast_1__segment_1,train,2024-09-10 19:39:16+00:00,2024-09-10 19:40:16+00:00,57.25,15.5,-113.18750000000006,46.736853149191866,-0.25,low,stable
BEV2_2024-09-10_fast_1,BEV2,BEV2_2024-09-10_fast_1__segment_1,train,2024-09-10 19:39:26+00:00,2024-09-10 19:40:26+00:00,57.25,15.5,-112.29050000000004,46.479894970224514,-0.25,low,stable
BEV2_2024-09-10_fast_1,BEV2,BEV2_2024-09-10_fast_1__segment_1,train,2024-09-10 19:39:36+00:00,2024-09-10 19:40:36+00:00,57.25,15.5,-111.01700000000004,45.956732498217626,-0.25,low,stable
BEV2_2024-09-10_fast_1,BEV2,BEV2_2024-09-10_fast_1__segment_1,train,2024-09-10 19:39:46+00:00,2024-09-10 19:40:46+00:00,57.0,15.5,-110.51350000000004,45.752952886214736,-0.5,low,cooling
BEV2_2024-09-10_fast_1,BEV2,BEV2_2024-09-10_fast_1__segment_1,train,2024-09-10 19:39:56+00:00,2024-09-10 19:40:56+00:00,57.0,15.5,-109.46650000000004,45.41284137142646,-0.25,low,stable
BEV2_2024-09-10_fast_1,BEV2,BEV2_2024-09-10_fast_1__segment_1,train,2024-09-10 19:40:06+00:00,2024-09-10 19:41:06+00:00,57.0,15.5,-107.99350000000004,44.912576174576806,-0.25,low,stable
BEV2_2024-09-10_fast_1,BEV2,BEV2_2024-09-10_fast_1__segment_1,train,2024-09-10 19:40:16+00:00,2024-09-10 19:41:16+00:00,56.75,15.5,-107.59400000000004,44.64087989577215,-0.5,low,cooling
BEV2_2024-09-10_fast_1,BEV2,BEV2_2024-09-10_fast_1__segment_1,train,2024-09-10 19:40:26+00:00,2024-09-10 19:41:26+00:00,56.75,15.5,-106.83400000000005,44.409722001413876,-0.5,low,cooling
BEV2_2024-09-10_fast_1,BEV2,BEV2_2024-09-10_fast_1__segment_1,train,2024-09-10 19:40:36+00:00,2024-09-10 19:41:36+00:00,56.75,15.5,-105.11850000000004,44.10339377900644,-0.5,low,cooling
BEV2_2024-09-10_fast_1,BEV2,BEV2_2024-09-10_fast_1__segment_1,train,2024-09-10 19:40:46+00:00,2024-09-10 19:41:46+00:00,56.75,15.5,-105.75700000000003,43.7503710712087,-0.25,low,stable
BEV2_2024-09-10_fast_1,BEV2,BEV2_2024-09-10_fast_1__segment_1,train,2024-09-10 19:40:56+00:00,2024-09-10 19:41:56+00:00,56.5,15.5,-104.89800000000004,43.5893192779742,-0.5,low,cooling
BEV2_2024-09-10_fast_1,BEV2,BEV2_2024-09-10_fast_1__segment_1,train,2024-09-10 19:41:06+00:00,2024-09-10 19:42:06+00:00,56.5,15.5,-103.81500000000004,43.34362879470353,-0.5,low,cooling
BEV2_2024-09-10_fast_1,BEV2,BEV2_2024-09-10_fast_1__segment_1,train,2024-09-10 19:41:16+00:00,2024-09-10 19:42:16+00:00,56.5,15.5,-103.60400000000006,43.03059311627887,-0.25,low,stable
BEV2_2024-09-10_fast_1,BEV2,BEV2_2024-09-10_fast_1__segment_1,train,2024-09-10 19:41:26+00:00,2024-09-10 19:42:26+00:00,56.5,15.5,-102.49650000000004,42.796515529122956,-0.25,low,stable
BEV2_2024-09-10_fast_1,BEV2,BEV2_2024-09-10_fast_1__segment_1,train,2024-09-10 19:41:36+00:00,2024-09-10 19:42:36+00:00,56.25,15.5,-102.29600000000003,42.50774693046698,-0.5,low,cooling
BEV2_2024-09-10_fast_1,BEV2,BEV2_2024-09-10_fast_1__segment_1,train,2024-09-10 19:41:46+00:00,2024-09-10 19:42:46+00:00,56.25,15.5,-100.26700000000004,42.171110379576156,-0.5,low,cooling
BEV2_2024-09-10_fast_1,BEV2,BEV2_2024-09-10_fast_1__segment_1,train,2024-09-10 19:41:56+00:00,2024-09-10 19:42:56+00:00,56.25,15.5,-99.88150000000005,42.01394054877396,-0.25,low,stable
BEV2_2024-09-10_fast_1,BEV2,BEV2_2024-09-10_fast_1__segment_1,train,2024-09-10 19:42:06+00:00,2024-09-10 19:43:06+00:00,56.0,15.5,-100.58250000000004,41.89286291030486,-0.5,low,cooling
BEV2_2024-09-10_fast_1,BEV2,BEV2_2024-09-10_fast_1__segment_1,train,2024-09-10 19:42:16+00:00,2024-09-10 19:43:16+00:00,56.0,15.5,-100.10850000000003,41.68023876470061,-0.5,low,cooling
BEV2_2024-09-10_fast_1,BEV2,BEV2_2024-09-10_fast_1__segment_1,train,2024-09-10 19:42:26+00:00,2024-09-10 19:43:26+00:00,56.0,15.5,-98.44100000000005,41.40264613016173,-0.5,low,cooling
BEV2_2024-09-10_fast_1,BEV2,BEV2_2024-09-10_fast_1__segment_1,train,2024-09-10 19:42:36+00:00,2024-09-10 19:43:36+00:00,56.0,15.5,-97.66350000000006,40.23771515048555,-0.25,low,stable
BEV2_2024-09-10_fast_1,BEV2,BEV2_2024-09-10_fast_1__segment_1,train,2024-09-10 19:42:46+00:00,2024-09-10 19:43:46+00:00,55.75,15.5,-99.00050000000005,40.802422962190896,-0.5,low,cooling
BEV2_2024-09-10_fast_1,BEV2,BEV2_2024-09-10_fast_1__segment_1,train,2024-09-10 19:42:56+00:00,2024-09-10 19:43:56+00:00,55.75,15.5,-98.24200000000005,40.95598205562897,-0.5,low,cooling
BEV2_2024-09-10_fast_1,BEV2,BEV2_2024-09-10_fast_1__segment_1,train,2024-09-10 19:43:06+00:00,2024-09-10 19:44:06+00:00,55.75,15.5,-97.48950000000004,40.61785752195715,-0.25,low,stable
BEV2_2024-09-10_fast_1,BEV2,BEV2_2024-09-10_fast_1__segment_1,train,2024-09-10 19:43:16+00:00,2024-09-10 19:44:16+00:00,55.5,16.0,-97.10100000000004,40.38459248347756,-0.5,low,cooling
BEV2_2024-09-10_fast_1,BEV2,BEV2_2024-09-10_fast_1__segment_1,train,2024-09-10 19:43:26+00:00,2024-09-10 19:44:26+00:00,55.5,15.5,-96.09150000000004,40.20003063740513,-0.5,low,cooling
BEV2_2024-09-10_fast_1,BEV2,BEV2_2024-09-10_fast_1__segment_1,train,2024-09-10 19:43:36+00:00,2024-09-10 19:44:36+00:00,55.5,15.5,-95.84400000000004,40.09963391038355,-0.5,low,cooling
BEV2_2024-09-10_fast_1,BEV2,BEV2_2024-09-10_fast_1__segment_1,train,2024-09-10 19:43:46+00:00,2024-09-10 19:44:46+00:00,55.5,15.5,-94.45550000000004,39.89365949963879,-0.25,low,stable
BEV2_2024-09-10_fast_1,BEV2,BEV2_2024-09-10_fast_1__segment_1,train,2024-09-10 19:43:56+00:00,2024-09-10 19:44:56+00:00,55.25,15.5,-94.85100000000004,39.592463846865805,-0.5,low,cooling
BEV2_2024-09-10_fast_1,BEV2,BEV2_2024-09-10_fast_1__segment_1,train,2024-09-10 19:44:06+00:00,2024-09-10 19:45:06+00:00,55.25,15.5,-94.54400000000004,39.42647287133282,-0.5,low,cooling
BEV2_2024-09-10_fast_1,BEV2,BEV2_2024-09-10_fast_1__segment_1,train,2024-09-10 19:44:16+00:00,2024-09-10 19:45:16+00:00,55.25,15.5,-93.14650000000005,38.17733187241156,-0.25,low,stable
BEV2_2024-09-10_fast_1,BEV2,BEV2_2024-09-10_fast_1__segment_1,train,2024-09-10 19:44:26+00:00,2024-09-10 19:45:26+00:00,55.25,15.5,-93.47350000000004,38.77014935147611,-0.25,low,stable
BEV2_2024-09-10_fast_1,BEV2,BEV2_2024-09-10_fast_1__segment_1,train,2024-09-10 19:44:36+00:00,2024-09-10 19:45:36+00:00,55.0,15.5,-94.46400000000006,39.22548919496139,-0.5,low,cooling
BEV2_2024-09-10_fast_1,BEV2,BEV2_2024-09-10_fast_1__segment_1,train,2024-09-10 19:44:46+00:00,2024-09-10 19:45:46+00:00,55.0,15.5,-94.04550000000005,38.919910006499116,-0.5,low,cooling
BEV2_2024-09-10_fast_1,BEV2,BEV2_2024-09-10_fast_1__segment_1,train,2024-09-10 19:44:56+00:00,2024-09-10 19:45:56+00:00,55.0,15.5,-91.94600000000004,38.60254153979707,-0.25,low,stable
BEV2_2024-09-10_fast_1,BEV2,BEV2_2024-09-10_fast_1__segment_1,train,2024-09-10 19:45:06+00:00,2024-09-10 19:46:06+00:00,54.75,15.5,-91.29600000000006,38.52802046748364,-0.5,low,cooling
BEV2_2024-09-10_fast_1,BEV2,BEV2_2024-09-10_fast_1__segment_1,train,2024-09-10 19:45:16+00:00,2024-09-10 19:46:16+00:00,54.75,15.5,-90.77750000000005,38.21085901374402,-0.5,low,cooling
BEV2_2024-09-10_fast_1,BEV2,BEV2_2024-09-10_fast_1__segment_1,train,2024-09-10 19:45:26+00:00,2024-09-10 19:46:26+00:00,54.75,16.0,-90.64000000000004,38.07762688733103,-0.5,low,cooling
BEV2_2024-09-10_fast_1,BEV2,BEV2_2024-09-10_fast_1__segment_1,train,2024-09-10 19:45:36+00:00,2024-09-10 19:46:36+00:00,54.75,17.0,-91.15050000000004,37.947009969244405,-0.25,low,stable
BEV2_2024-09-10_fast_1,BEV2,BEV2_2024-09-10_fast_1__segment_1,train,2024-09-10 19:45:46+00:00,2024-09-10 19:46:46+00:00,54.5,17.0,-91.07300000000004,37.8422853892117,-0.5,low,cooling
BEV2_2024-09-10_fast_1,BEV2,BEV2_2024-09-10_fast_1__segment_1,train,2024-09-10 19:45:56+00:00,2024-09-10 19:46:56+00:00,54.5,18.0,-90.62350000000004,37.49976782482745,-0.5,low,cooling
BEV2_2024-09-10_fast_1,BEV2,BEV2_2024-09-10_fast_1__segment_1,train,2024-09-10 19:46:06+00:00,2024-09-10 19:47:06+00:00,54.5,19.0,-89.87400000000005,37.40300699429915,-0.25,low,stable
BEV2_2024-09-10_fast_1,BEV2,BEV2_2024-09-10_fast_1__segment_1,train,2024-09-10 19:46:16+00:00,2024-09-10 19:47:16+00:00,54.5,19.0,-90.25700000000003,37.413224712096486,-0.25,low,stable
BEV2_2024-09-10_fast_1,BEV2,BEV2_2024-09-10_fast_1__segment_1,train,2024-09-10 19:46:26+00:00,2024-09-10 19:47:26+00:00,54.5,19.0,-89.32800000000005,37.265579784266585,-0.25,low,stable
BEV2_2024-09-10_fast_1,BEV2,BEV2_2024-09-10_fast_1__segment_1,train,2024-09-10 19:46:36+00:00,2024-09-10 19:47:36+00:00,54.25,18.5,-87.66650000000006,36.98075784294644,-0.5,low,cooling
BEV2_2024-09-10_fast_1,BEV2,BEV2_2024-09-10_fast_1__segment_1,train,2024-09-10 19:46:46+00:00,2024-09-10 19:47:46+00:00,54.25,20.0,-87.75300000000004,35.87871486925026,-0.25,low,stable
BEV2_2024-09-10_fast_1,BEV2,BEV2_2024-09-10_fast_1__segment_1,train,2024-09-10 19:46:56+00:00,2024-09-10 19:47:56+00:00,54.25,20.0,-88.61750000000004,36.47420297109833,-0.25,low,stable
BEV2_2024-09-10_fast_1,BEV2,BEV2_2024-09-10_fast_1__segment_1,train,2024-09-10 19:47:06+00:00,2024-09-10 19:48:06+00:00,54.25,20.5,-87.24500000000003,36.78063622884665,-0.25,low,stable
BEV2_2024-09-10_fast_1,BEV2,BEV2_2024-09-10_fast_1__segment_1,train,2024-09-10 19:47:16+00:00,2024-09-10 19:48:16+00:00,54.25,20.5,-87.00650000000003,36.62184789892823,-0.25,low,stable
BEV2_2024-09-10_fast_1,BEV2,BEV2_2024-09-10_fast_1__segment_1,train,2024-09-10 19:47:26+00:00,2024-09-10 19:48:26+00:00,54.25,21.0,-87.85150000000003,36.468959679837944,-0.25,low,stable
BEV2_2024-09-10_fast_1,BEV2,BEV2_2024-09-10_fast_1__segment_1,train,2024-09-10 19:47:36+00:00,2024-09-10 19:48:36+00:00,54.25,21.5,-87.38400000000006,36.25405275900611,0.0,low,stable
BEV2_2024-09-10_fast_1,BEV2,BEV2_2024-09-10_fast_1__segment_1,train,2024-09-10 19:47:46+00:00,2024-09-10 19:48:46+00:00,54.25,21.5,-86.03600000000004,36.17661741195907,0.0,low,stable
BEV2_2024-09-10_fast_1,BEV2,BEV2_2024-09-10_fast_1__segment_1,train,2024-09-10 19:47:56+00:00,2024-09-10 19:48:56+00:00,54.25,22.0,-85.88950000000004,36.03717398472182,0.0,low,stable
BEV2_2024-09-10_fast_1,BEV2,BEV2_2024-09-10_fast_1__segment_1,train,2024-09-10 19:48:06+00:00,2024-09-10 19:49:06+00:00,54.25,22.0,-86.19450000000005,35.88166760687426,0.0,low,stable
BEV2_2024-09-10_fast_1,BEV2,BEV2_2024-09-10_fast_1__segment_1,train,2024-09-10 19:48:16+00:00,2024-09-10 19:49:16+00:00,54.25,22.5,-85.92150000000005,35.816357243461894,0.0,low,stable
BEV2_2024-09-10_fast_1,BEV2,BEV2_2024-09-10_fast_1__segment_1,train,2024-09-10 19:48:26+00:00,2024-09-10 19:49:26+00:00,54.25,23.0,-84.65450000000004,35.65394487241809,0.0,low,stable
BEV2_2024-09-29_fast_1,BEV2,BEV2_2024-09-29_fast_1__segment_2,validation,2024-09-29 12:19:55+00:00,2024-09-29 12:20:55+00:00,34.0,14.0,-338.922,137.18755087382743,4.25,high,warming
BEV2_2024-09-29_fast_1,BEV2,BEV2_2024-09-29_fast_1__segment_2,validation,2024-09-29 12:20:05+00:00,2024-09-29 12:21:05+00:00,34.5,14.0,-336.14950000000005,136.4839048559473,4.0,high,warming
BEV2_2024-09-29_fast_1,BEV2,BEV2_2024-09-29_fast_1__segment_2,validation,2024-09-29 12:20:15+00:00,2024-09-29 12:21:15+00:00,35.25,14.0,-333.29900000000004,135.75122579311733,4.0,high,warming
BEV2_2024-09-29_fast_1,BEV2,BEV2_2024-09-29_fast_1__segment_2,validation,2024-09-29 12:20:25+00:00,2024-09-29 12:21:25+00:00,35.75,14.0,-333.26150000000007,136.023955741985,3.75,high,warming
BEV2_2024-09-29_fast_1,BEV2,BEV2_2024-09-29_fast_1__segment_2,validation,2024-09-29 12:20:35+00:00,2024-09-29 12:21:35+00:00,36.5,13.5,-332.434,134.8841513294276,3.75,high,warming
BEV2_2024-09-29_fast_1,BEV2,BEV2_2024-09-29_fast_1__segment_2,validation,2024-09-29 12:20:45+00:00,2024-09-29 12:21:45+00:00,37.0,13.5,-329.539,134.5470851957943,3.75,high,warming
BEV2_2024-09-29_fast_1,BEV2,BEV2_2024-09-29_fast_1__segment_2,validation,2024-09-29 12:20:55+00:00,2024-09-29 12:21:55+00:00,37.5,14.0,-324.918,133.5704391841508,3.5,high,warming
BEV2_2024-09-29_fast_1,BEV2,BEV2_2024-09-29_fast_1__segment_2,validation,2024-09-29 12:21:05+00:00,2024-09-29 12:22:05+00:00,38.25,14.0,-326.85100000000006,133.73254116986143,3.75,high,warming
BEV2_2024-09-29_fast_1,BEV2,BEV2_2024-09-29_fast_1__segment_2,validation,2024-09-29 12:21:15+00:00,2024-09-29 12:22:15+00:00,38.75,14.0,-325.56250000000006,133.59203456825196,3.5,high,warming
BEV2_2024-09-29_fast_1,BEV2,BEV2_2024-09-29_fast_1__segment_2,validation,2024-09-29 12:21:25+00:00,2024-09-29 12:22:25+00:00,39.5,14.0,-321.80050000000006,132.82780542102927,3.75,high,warming
BEV2_2024-09-29_fast_1,BEV2,BEV2_2024-09-29_fast_1__segment_2,validation,2024-09-29 12:21:35+00:00,2024-09-29 12:22:35+00:00,40.0,14.0,-319.62100000000004,131.66008816167735,3.5,high,warming
BEV2_2024-09-29_fast_1,BEV2,BEV2_2024-09-29_fast_1__segment_2,validation,2024-09-29 12:21:45+00:00,2024-09-29 12:22:45+00:00,40.5,14.0,-320.4605,131.55868442575954,3.5,high,warming
BEV2_2024-09-29_fast_1,BEV2,BEV2_2024-09-29_fast_1__segment_2,validation,2024-09-29 12:21:55+00:00,2024-09-29 12:22:55+00:00,41.0,14.0,-318.7150000000001,131.81769894779217,3.5,high,warming
BEV2_2024-09-29_fast_1,BEV2,BEV2_2024-09-29_fast_1__segment_2,validation,2024-09-29 12:22:05+00:00,2024-09-29 12:23:05+00:00,41.75,14.0,-318.91900000000004,131.5344228176991,3.5,high,warming
BEV2_2024-09-29_fast_1,BEV2,BEV2_2024-09-29_fast_1__segment_2,validation,2024-09-29 12:22:15+00:00,2024-09-29 12:23:15+00:00,42.25,14.0,-315.89750000000004,130.73379248755924,3.5,high,warming
BEV2_2024-09-29_fast_1,BEV2,BEV2_2024-09-29_fast_1__segment_2,validation,2024-09-29 12:22:25+00:00,2024-09-29 12:23:25+00:00,42.75,14.0,-318.49250000000006,130.67450245162414,3.25,high,warming
BEV2_2024-09-29_fast_1,BEV2,BEV2_2024-09-29_fast_1__segment_2,validation,2024-09-29 12:22:35+00:00,2024-09-29 12:23:35+00:00,43.5,14.0,-318.3555,130.67488064322433,3.5,high,warming
BEV2_2024-09-29_fast_1,BEV2,BEV2_2024-09-29_fast_1__segment_2,validation,2024-09-29 12:22:45+00:00,2024-09-29 12:23:45+00:00,44.0,13.5,-315.17400000000004,129.91035318061316,3.5,high,warming
BEV2_2024-09-29_fast_1,BEV2,BEV2_2024-09-29_fast_1__segment_2,validation,2024-09-29 12:22:55+00:00,2024-09-29 12:23:55+00:00,44.5,14.0,-314.34850000000006,129.79333233101966,3.5,high,warming
BEV2_2024-09-29_fast_1,BEV2,BEV2_2024-09-29_fast_1__segment_2,validation,2024-09-29 12:23:05+00:00,2024-09-29 12:24:05+00:00,45.0,13.5,-312.982,129.40999571574187,3.25,high,warming
BEV2_2024-09-29_fast_1,BEV2,BEV2_2024-09-29_fast_1__segment_2,validation,2024-09-29 12:23:15+00:00,2024-09-29 12:24:15+00:00,45.5,13.5,-312.5355,129.4844206040072,3.25,high,warming
BEV2_2024-09-29_fast_1,BEV2,BEV2_2024-09-29_fast_1__segment_2,validation,2024-09-29 12:23:25+00:00,2024-09-29 12:24:25+00:00,46.25,14.0,-311.52900000000005,129.56885131548535,3.5,high,warming
BEV2_2024-09-29_fast_1,BEV2,BEV2_2024-09-29_fast_1__segment_2,validation,2024-09-29 12:23:35+00:00,2024-09-29 12:24:35+00:00,46.75,14.0,-312.48350000000005,129.67563867588717,3.25,high,warming
BEV2_2024-09-29_fast_1,BEV2,BEV2_2024-09-29_fast_1__segment_2,validation,2024-09-29 12:23:45+00:00,2024-09-29 12:24:45+00:00,47.25,14.0,-310.23600000000005,129.1454816977563,3.25,high,warming
BEV2_2024-09-29_fast_1,BEV2,BEV2_2024-09-29_fast_1__segment_2,validation,2024-09-29 12:23:55+00:00,2024-09-29 12:24:55+00:00,47.75,13.5,-309.91,129.04913430306667,3.25,high,warming
BEV2_2024-09-29_fast_1,BEV2,BEV2_2024-09-29_fast_1__segment_2,validation,2024-09-29 12:24:05+00:00,2024-09-29 12:25:05+00:00,48.25,13.5,-309.13000000000005,128.31334178459372,3.25,high,warming
BEV2_2024-09-29_fast_1,BEV2,BEV2_2024-09-29_fast_1__segment_2,validation,2024-09-29 12:24:15+00:00,2024-09-29 12:25:15+00:00,48.75,13.5,-307.77700000000004,128.55996615971793,3.25,high,warming
BEV2_2024-09-29_fast_1,BEV2,BEV2_2024-09-29_fast_1__segment_2,validation,2024-09-29 12:24:25+00:00,2024-09-29 12:25:25+00:00,49.25,13.5,-310.59650000000005,128.7621906264032,3.0,high,warming
BEV2_2024-09-29_fast_1,BEV2,BEV2_2024-09-29_fast_1__segment_2,validation,2024-09-29 12:24:35+00:00,2024-09-29 12:25:35+00:00,49.75,13.5,-310.21100000000007,128.69812625679188,3.0,high,warming
BEV2_2024-09-29_fast_1,BEV2,BEV2_2024-09-29_fast_1__segment_2,validation,2024-09-29 12:24:45+00:00,2024-09-29 12:25:45+00:00,50.25,13.5,-306.55100000000004,128.5151042674405,3.0,high,warming
BEV2_2024-09-29_fast_1,BEV2,BEV2_2024-09-29_fast_1__segment_2,validation,2024-09-29 12:24:55+00:00,2024-09-29 12:25:55+00:00,50.75,13.5,-307.61,128.4373482890184,3.0,high,warming
BEV2_2024-09-29_fast_1,BEV2,BEV2_2024-09-29_fast_1__segment_2,validation,2024-09-29 12:25:05+00:00,2024-09-29 12:26:05+00:00,51.25,13.5,-306.67500000000007,128.28790944554285,3.0,high,warming
BEV2_2024-09-29_fast_1,BEV2,BEV2_2024-09-29_fast_1__segment_2,validation,2024-09-29 12:25:15+00:00,2024-09-29 12:26:15+00:00,51.75,13.5,-306.84600000000006,128.03827418248332,3.0,high,warming
BEV2_2024-09-29_fast_1,BEV2,BEV2_2024-09-29_fast_1__segment_2,validation,2024-09-29 12:25:25+00:00,2024-09-29 12:26:25+00:00,52.25,13.5,-304.18600000000004,127.55030884935576,3.0,high,warming
BEV2_2024-09-29_fast_1,BEV2,BEV2_2024-09-29_fast_1__segment_2,validation,2024-09-29 12:25:35+00:00,2024-09-29 12:26:35+00:00,52.75,13.5,-303.8140000000001,127.74245915011912,3.0,high,warming
BEV2_2024-09-29_fast_1,BEV2,BEV2_2024-09-29_fast_1__segment_2,validation,2024-09-29 12:25:45+00:00,2024-09-29 12:26:45+00:00,53.25,13.5,-304.1215,127.86174029802102,3.0,high,warming
BEV2_2024-09-29_fast_1,BEV2,BEV2_2024-09-29_fast_1__segment_2,validation,2024-09-29 12:25:55+00:00,2024-09-29 12:26:55+00:00,53.75,13.5,-305.18300000000005,127.4935447041563,3.0,high,warming
BEV2_2024-09-29_fast_1,BEV2,BEV2_2024-09-29_fast_1__segment_2,validation,2024-09-29 12:26:05+00:00,2024-09-29 12:27:05+00:00,54.25,13.5,-301.76400000000007,127.59040005576253,3.0,high,warming
BEV2_2024-09-29_fast_1,BEV2,BEV2_2024-09-29_fast_1__segment_2,validation,2024-09-29 12:26:15+00:00,2024-09-29 12:27:15+00:00,54.75,13.5,-302.925,126.89560865659311,3.0,high,warming
BEV2_2024-09-29_fast_1,BEV2,BEV2_2024-09-29_fast_1__segment_2,validation,2024-09-29 12:26:25+00:00,2024-09-29 12:27:25+00:00,55.25,13.5,-302.91,126.12522925564419,3.0,high,warming
BEV2_2024-09-29_fast_1,BEV2,BEV2_2024-09-29_fast_1__segment_2,validation,2024-09-29 12:26:35+00:00,2024-09-29 12:27:35+00:00,55.5,13.5,-286.7150000000001,113.34128822461771,2.75,high,warming
BEV2_2024-09-29_fast_1,BEV2,BEV2_2024-09-29_fast_1__segment_2,validation,2024-09-29 12:26:45+00:00,2024-09-29 12:27:45+00:00,56.0,13.5,-296.20150000000007,117.2444565304897,2.75,high,warming
BEV2_2024-09-29_fast_1,BEV2,BEV2_2024-09-29_fast_1__segment_2,validation,2024-09-29 12:26:55+00:00,2024-09-29 12:27:55+00:00,56.25,13.5,-295.26650000000006,117.72300719947309,2.5,high,warming
BEV2_2024-09-29_fast_1,BEV2,BEV2_2024-09-29_fast_1__segment_2,validation,2024-09-29 12:27:05+00:00,2024-09-29 12:28:05+00:00,56.75,13.5,-293.52400000000006,117.1580113720654,2.5,high,warming
BEV2_2024-09-29_fast_1,BEV2,BEV2_2024-09-29_fast_1__segment_2,validation,2024-09-29 12:27:15+00:00,2024-09-29 12:28:15+00:00,57.0,13.5,-295.97700000000003,117.12950033881224,2.25,high,warming
BEV2_2024-09-29_fast_1,BEV2,BEV2_2024-09-29_fast_1__segment_2,validation,2024-09-29 12:27:25+00:00,2024-09-29 12:28:25+00:00,57.25,13.5,-293.987,116.84835817493985,2.0,high,warming
BEV2_2024-09-29_fast_1,BEV2,BEV2_2024-09-29_fast_1__segment_2,validation,2024-09-29 12:27:35+00:00,2024-09-29 12:28:35+00:00,57.75,14.0,-295.184,116.6013133365869,2.25,high,warming
BEV2_2024-09-29_fast_1,BEV2,BEV2_2024-09-29_fast_1__segment_2,validation,2024-09-29 12:27:45+00:00,2024-09-29 12:28:45+00:00,57.75,14.0,-295.41300000000007,115.97616637656805,1.75,high,warming
BEV2_2024-09-29_fast_1,BEV2,BEV2_2024-09-29_fast_1__segment_2,validation,2024-09-29 12:27:55+00:00,2024-09-29 12:28:55+00:00,58.0,14.0,-294.2925,115.50665598886673,1.75,high,warming
BEV2_2024-09-29_fast_1,BEV2,BEV2_2024-09-29_fast_1__segment_2,validation,2024-09-29 12:28:05+00:00,2024-09-29 12:29:05+00:00,58.25,14.0,-289.52950000000004,114.33640972741564,1.5,high,warming
BEV2_2024-09-29_fast_1,BEV2,BEV2_2024-09-29_fast_1__segment_2,validation,2024-09-29 12:28:15+00:00,2024-09-29 12:29:15+00:00,58.5,14.0,-289.02600000000007,113.67251819130762,1.5,high,warming
BEV2_2024-09-29_fast_1,BEV2,BEV2_2024-09-29_fast_1__segment_2,validation,2024-09-29 12:28:25+00:00,2024-09-29 12:29:25+00:00,58.5,14.0,-288.72800000000007,113.33842276610487,1.25,high,warming
BEV2_2024-09-29_fast_1,BEV2,BEV2_2024-09-29_fast_1__segment_2,validation,2024-09-29 12:28:35+00:00,2024-09-29 12:29:35+00:00,58.75,14.0,-286.42400000000004,113.06008909060641,1.0,high,warming
BEV2_2024-09-29_fast_1,BEV2,BEV2_2024-09-29_fast_1__segment_2,validation,2024-09-29 12:28:45+00:00,2024-09-29 12:29:45+00:00,58.75,14.0,-286.51550000000003,112.3691846427798,1.0,high,warming
BEV2_2024-09-29_fast_1,BEV2,BEV2_2024-09-29_fast_1__segment_2,validation,2024-09-29 12:28:55+00:00,2024-09-29 12:29:55+00:00,59.0,14.0,-284.08400000000006,111.88225378437822,1.0,high,warming
BEV2_2024-09-29_fast_1,BEV2,BEV2_2024-09-29_fast_1__segment_2,validation,2024-09-29 12:29:05+00:00,2024-09-29 12:30:05+00:00,59.0,14.0,-281.398,111.34100656555965,0.75,high,warming
BEV2_2024-09-29_fast_1,BEV2,BEV2_2024-09-29_fast_1__segment_2,validation,2024-09-29 12:29:15+00:00,2024-09-29 12:30:15+00:00,59.0,14.0,-282.12500000000006,110.98483655262956,0.5,high,warming
BEV2_2024-09-29_fast_1,BEV2,BEV2_2024-09-29_fast_1__segment_2,validation,2024-09-29 12:29:25+00:00,2024-09-29 12:30:25+00:00,59.25,14.0,-280.71000000000004,110.21531148918761,0.75,high,warming
BEV2_2024-09-29_fast_1,BEV2,BEV2_2024-09-29_fast_1__segment_2,validation,2024-09-29 12:29:35+00:00,2024-09-29 12:30:35+00:00,59.25,14.0,-277.915,109.92054638107862,0.5,high,warming
BEV2_2024-09-29_fast_1,BEV2,BEV2_2024-09-29_fast_1__segment_2,validation,2024-09-29 12:29:45+00:00,2024-09-29 12:30:45+00:00,59.5,14.0,-278.00800000000004,109.34663086454736,0.75,high,warming
BEV2_2024-09-29_fast_1,BEV2,BEV2_2024-09-29_fast_1__segment_2,validation,2024-09-29 12:29:55+00:00,2024-09-29 12:30:55+00:00,59.5,14.0,-273.02950000000004,108.50865639376731,0.5,high,warming
BEV2_2024-09-29_fast_1,BEV2,BEV2_2024-09-29_fast_1__segment_2,validation,2024-09-29 12:30:05+00:00,2024-09-29 12:31:05+00:00,59.5,14.0,-273.15250000000003,108.05643376101892,0.5,high,warming
BEV2_2024-09-29_fast_1,BEV2,BEV2_2024-09-29_fast_1__segment_2,validation,2024-09-29 12:30:15+00:00,2024-09-29 12:31:15+00:00,59.75,14.0,-270.3910000000001,107.4645909433989,0.75,high,warming
BEV2_2024-09-29_fast_1,BEV2,BEV2_2024-09-29_fast_1__segment_2,validation,2024-09-29 12:30:25+00:00,2024-09-29 12:31:25+00:00,59.25,14.0,-268.17800000000005,105.4531103605067,0.0,high,stable
BEV2_2024-09-29_fast_1,BEV2,BEV2_2024-09-29_fast_1__segment_2,validation,2024-09-29 12:30:35+00:00,2024-09-29 12:31:35+00:00,58.5,14.0,-267.60850000000005,105.53756859145876,-0.75,high,cooling
BEV2_2024-09-29_fast_1,BEV2,BEV2_2024-09-29_fast_1__segment_2,validation,2024-09-29 12:30:45+00:00,2024-09-29 12:31:45+00:00,58.0,14.0,-266.14200000000005,105.00685366001818,-1.5,high,cooling
BEV2_2024-09-29_fast_1,BEV2,BEV2_2024-09-29_fast_1__segment_2,validation,2024-09-29 12:30:55+00:00,2024-09-29 12:31:55+00:00,57.75,14.0,-264.19250000000005,104.517017163599,-1.75,high,cooling
BEV2_2024-09-29_fast_1,BEV2,BEV2_2024-09-29_fast_1__segment_2,validation,2024-09-29 12:31:05+00:00,2024-09-29 12:32:05+00:00,57.5,14.0,-261.74550000000005,102.43856394451217,-2.0,high,cooling
BEV2_2024-09-29_fast_1,BEV2,BEV2_2024-09-29_fast_1__segment_2,validation,2024-09-29 12:31:15+00:00,2024-09-29 12:32:15+00:00,57.5,14.5,-260.4295,102.55536699865931,-2.25,high,cooling
BEV2_2024-09-29_fast_1,BEV2,BEV2_2024-09-29_fast_1__segment_2,validation,2024-09-29 12:31:25+00:00,2024-09-29 12:32:25+00:00,57.5,14.5,-255.5515000000001,101.84132972399935,-1.75,high,cooling
BEV2_2024-09-29_fast_1,BEV2,BEV2_2024-09-29_fast_1__segment_2,validation,2024-09-29 12:31:35+00:00,2024-09-29 12:32:35+00:00,57.5,14.5,-255.17000000000004,101.31524943674175,-1.0,high,cooling
BEV2_2024-09-29_fast_1,BEV2,BEV2_2024-09-29_fast_1__segment_2,validation,2024-09-29 12:31:45+00:00,2024-09-29 12:32:45+00:00,57.75,14.5,-253.23200000000008,100.5358269650124,-0.25,high,stable
BEV2_2024-09-29_fast_1,BEV2,BEV2_2024-09-29_fast_1__segment_2,validation,2024-09-29 12:31:55+00:00,2024-09-29 12:32:55+00:00,57.75,14.5,-251.96100000000007,99.80482819941548,0.0,high,stable
BEV2_2024-09-29_fast_1,BEV2,BEV2_2024-09-29_fast_1__segment_2,validation,2024-09-29 12:32:05+00:00,2024-09-29 12:33:05+00:00,57.5,15.0,-18.578000000000053,8.33010129352438,0.0,low,stable
BEV2_2024-09-29_fast_1,BEV2,BEV2_2024-09-29_fast_1__segment_2,validation,2024-09-29 12:32:15+00:00,2024-09-29 12:33:15+00:00,57.5,15.0,-19.169000000000043,8.644730419224494,0.0,low,stable
BEV2_2024-09-29_fast_1,BEV2,BEV2_2024-09-29_fast_1__segment_2,validation,2024-09-29 12:32:25+00:00,2024-09-29 12:33:25+00:00,57.5,15.5,-19.391500000000043,8.619899377995843,0.0,low,stable
BEV2_2024-09-29_fast_1,BEV2,BEV2_2024-09-29_fast_1__segment_2,validation,2024-09-29 12:32:35+00:00,2024-09-29 12:33:35+00:00,57.25,15.5,-19.569000000000045,8.620443652034924,-0.25,low,stable
BEV2_2024-09-29_fast_1,BEV2,BEV2_2024-09-29_fast_1__segment_2,validation,2024-09-29 12:32:45+00:00,2024-09-29 12:33:45+00:00,57.25,16.0,-19.453500000000044,8.586782024696552,-0.5,low,cooling
BEV2_2024-09-29_fast_1,BEV2,BEV2_2024-09-29_fast_1__segment_2,validation,2024-09-29 12:32:55+00:00,2024-09-29 12:33:55+00:00,57.25,17.0,-19.283000000000044,8.586633108401212,-0.5,low,cooling
BEV2_2024-09-29_fast_1,BEV2,BEV2_2024-09-29_fast_1__segment_2,validation,2024-09-29 12:33:05+00:00,2024-09-29 12:34:05+00:00,57.25,17.5,-53.20250000000004,21.728824152514555,-0.25,low,stable
BEV2_2024-09-29_fast_1,BEV2,BEV2_2024-09-29_fast_1__segment_2,validation,2024-09-29 12:33:15+00:00,2024-09-29 12:34:15+00:00,57.25,18.0,-57.49250000000006,21.737388448822387,-0.25,low,stable
BEV2_2024-09-29_fast_1,BEV2,BEV2_2024-09-29_fast_1__segment_2,validation,2024-09-29 12:33:25+00:00,2024-09-29 12:34:25+00:00,57.25,18.0,-56.225500000000046,21.76412482469721,-0.25,low,stable
BEV2_2024-09-29_fast_1,BEV2,BEV2_2024-09-29_fast_1__segment_2,validation,2024-09-29 12:33:35+00:00,2024-09-29 12:34:35+00:00,57.25,18.5,-103.79650000000004,40.40858522681456,0.0,low,stable
BEV2_2024-09-29_fast_1,BEV2,BEV2_2024-09-29_fast_1__segment_2,validation,2024-09-29 12:33:45+00:00,2024-09-29 12:34:45+00:00,57.25,18.5,-102.52250000000004,40.44863770210994,0.0,low,stable
BEV2_2024-09-29_fast_1,BEV2,BEV2_2024-09-29_fast_1__segment_2,validation,2024-09-29 12:33:55+00:00,2024-09-29 12:34:55+00:00,57.25,19.0,-103.22400000000005,40.461828595970964,0.0,low,stable
BEV2_2024-09-29_fast_1,BEV2,BEV2_2024-09-29_fast_1__segment_2,validation,2024-09-29 12:34:05+00:00,2024-09-29 12:35:05+00:00,57.25,19.5,-106.93250000000006,40.52516785694965,0.0,low,stable
BEV2_2024-09-29_fast_1,BEV2,BEV2_2024-09-29_fast_1__segment_2,validation,2024-09-29 12:34:15+00:00,2024-09-29 12:35:15+00:00,57.25,19.5,-105.34400000000004,40.55556496658171,0.0,low,stable
BEV2_2024-09-29_fast_1,BEV2,BEV2_2024-09-29_fast_1__segment_2,validation,2024-09-29 12:34:25+00:00,2024-09-29 12:35:25+00:00,57.25,20.0,-104.22100000000005,40.53606905548146,0.0,low,stable
BEV2_2024-09-29_fast_1,BEV2,BEV2_2024-09-29_fast_1__segment_2,validation,2024-09-29 12:34:35+00:00,2024-09-29 12:35:35+00:00,57.25,20.5,-104.00600000000006,40.596231077864985,0.0,low,stable
BEV2_2024-09-29_fast_1,BEV2,BEV2_2024-09-29_fast_1__segment_2,validation,2024-09-29 12:34:45+00:00,2024-09-29 12:35:45+00:00,57.25,20.5,-104.06950000000003,40.62224373985637,0.0,low,stable
BEV2_2024-09-29_fast_1,BEV2,BEV2_2024-09-29_fast_1__segment_2,validation,2024-09-29 12:34:55+00:00,2024-09-29 12:35:55+00:00,57.25,21.0,-103.40350000000008,40.54901747756476,0.0,low,stable
BEV2_2024-09-29_fast_1,BEV2,BEV2_2024-09-29_fast_1__segment_2,validation,2024-09-29 12:35:05+00:00,2024-09-29 12:36:05+00:00,57.25,21.0,-103.22000000000004,40.599317389543515,0.0,low,stable
BEV2_2024-09-29_fast_1,BEV2,BEV2_2024-09-29_fast_1__segment_2,validation,2024-09-29 12:35:15+00:00,2024-09-29 12:36:15+00:00,57.25,21.5,-104.11650000000004,40.60786237393985,0.0,low,stable
BEV2_2024-09-29_fast_1,BEV2,BEV2_2024-09-29_fast_1__segment_2,validation,2024-09-29 12:35:25+00:00,2024-09-29 12:36:25+00:00,57.25,21.5,-102.94900000000004,40.61005781641209,0.0,low,stable
BEV2_2024-09-29_fast_1,BEV2,BEV2_2024-09-29_fast_1__segment_2,validation,2024-09-29 12:35:35+00:00,2024-09-29 12:36:35+00:00,57.25,22.0,-103.01000000000003,40.65476049270805,0.0,low,stable
BEV2_2024-09-29_fast_1,BEV2,BEV2_2024-09-29_fast_1__segment_2,validation,2024-09-29 12:35:45+00:00,2024-09-29 12:36:45+00:00,57.25,22.0,-105.51750000000006,40.33264607011091,0.0,low,stable
BEV2_2024-09-29_fast_1,BEV2,BEV2_2024-09-29_fast_1__segment_2,validation,2024-09-29 12:35:55+00:00,2024-09-29 12:36:55+00:00,57.25,22.5,-104.24550000000004,40.27852100490619,0.0,low,stable
BEV2_2024-09-29_fast_1,BEV2,BEV2_2024-09-29_fast_1__segment_2,validation,2024-09-29 12:36:05+00:00,2024-09-29 12:37:05+00:00,57.25,22.5,-102.86700000000005,40.308690716780355,0.0,low,stable
BEV2_2024-09-29_fast_1,BEV2,BEV2_2024-09-29_fast_1__segment_2,validation,2024-09-29 12:36:15+00:00,2024-09-29 12:37:15+00:00,57.25,23.0,-103.13650000000004,40.275463124652916,0.0,low,stable
BEV2_2024-09-29_fast_1,BEV2,BEV2_2024-09-29_fast_1__segment_2,validation,2024-09-29 12:36:25+00:00,2024-09-29 12:37:25+00:00,57.25,23.0,-103.81400000000004,40.26745882013435,0.0,low,stable
BEV2_2024-09-29_fast_1,BEV2,BEV2_2024-09-29_fast_1__segment_2,validation,2024-09-29 12:36:35+00:00,2024-09-29 12:37:35+00:00,57.25,23.5,-102.41750000000005,40.30727322247632,0.0,low,stable
BEV2_2024-09-29_fast_1,BEV2,BEV2_2024-09-29_fast_1__segment_2,validation,2024-09-29 12:36:45+00:00,2024-09-29 12:37:45+00:00,57.5,23.5,-102.83300000000004,40.36689633524062,0.25,low,stable
BEV2_2024-09-29_fast_1,BEV2,BEV2_2024-09-29_fast_1__segment_2,validation,2024-09-29 12:36:55+00:00,2024-09-29 12:37:55+00:00,57.5,24.0,-103.17850000000004,40.35560943492082,0.25,low,stable
BEV2_2024-09-29_fast_1,BEV2,BEV2_2024-09-29_fast_1__segment_2,validation,2024-09-29 12:37:05+00:00,2024-09-29 12:38:05+00:00,57.5,24.0,-102.76600000000003,40.348832456022215,0.25,low,stable
BEV2_2024-09-29_fast_1,BEV2,BEV2_2024-09-29_fast_1__segment_2,validation,2024-09-29 12:37:15+00:00,2024-09-29 12:38:15+00:00,57.5,24.0,-101.03850000000004,40.37922468403221,0.25,low,stable
BEV2_2024-09-29_fast_1,BEV2,BEV2_2024-09-29_fast_1__segment_2,validation,2024-09-29 12:37:25+00:00,2024-09-29 12:38:25+00:00,57.5,24.5,-102.87950000000004,40.39599300221002,0.25,low,stable
BEV2_2024-09-29_fast_1,BEV2,BEV2_2024-09-29_fast_1__segment_2,validation,2024-09-29 12:37:35+00:00,2024-09-29 12:38:35+00:00,57.5,24.5,-101.88600000000004,40.39414828550826,0.25,low,stable
BEV2_2024-09-29_fast_1,BEV2,BEV2_2024-09-29_fast_1__segment_2,validation,2024-09-29 12:37:45+00:00,2024-09-29 12:38:45+00:00,57.5,24.0,-101.19600000000004,40.47389381996836,0.0,low,stable
BEV2_2024-09-29_fast_1,BEV2,BEV2_2024-09-29_fast_1__segment_2,validation,2024-09-29 12:37:55+00:00,2024-09-29 12:38:55+00:00,57.75,22.5,-103.03700000000003,40.421009115923866,0.25,low,stable
BEV2_2024-09-29_fast_1,BEV2,BEV2_2024-09-29_fast_1__segment_2,validation,2024-09-29 12:38:05+00:00,2024-09-29 12:39:05+00:00,57.75,21.0,-103.08650000000006,40.46384615428061,0.25,low,stable
BEV2_2024-09-29_fast_1,BEV2,BEV2_2024-09-29_fast_1__segment_2,validation,2024-09-29 12:38:15+00:00,2024-09-29 12:39:15+00:00,57.75,20.5,-101.61250000000004,40.447561384909065,0.25,low,stable
BEV2_2024-09-29_fast_1,BEV2,BEV2_2024-09-29_fast_1__segment_2,validation,2024-09-29 12:38:25+00:00,2024-09-29 12:39:25+00:00,57.75,19.5,-103.34750000000004,40.49042803486345,0.25,low,stable
BEV2_2024-09-29_fast_1,BEV2,BEV2_2024-09-29_fast_1__segment_2,validation,2024-09-29 12:38:35+00:00,2024-09-29 12:39:35+00:00,57.75,19.5,-103.31200000000004,40.52056738412119,0.25,low,stable
BEV2_2024-09-29_fast_1,BEV2,BEV2_2024-09-29_fast_1__segment_2,validation,2024-09-29 12:38:45+00:00,2024-09-29 12:39:45+00:00,57.75,18.5,-102.35050000000004,40.561902492205306,0.25,low,stable
BEV2_2024-09-29_fast_1,BEV2,BEV2_2024-09-29_fast_1__segment_2,validation,2024-09-29 12:38:55+00:00,2024-09-29 12:39:55+00:00,57.75,18.5,-101.42100000000003,40.55072668902083,0.0,low,stable
BEV2_2024-09-29_fast_1,BEV2,BEV2_2024-09-29_fast_1__segment_2,validation,2024-09-29 12:39:05+00:00,2024-09-29 12:40:05+00:00,57.75,18.0,-103.45850000000004,40.58602054839025,0.0,low,stable
BEV2_2024-09-29_fast_1,BEV2,BEV2_2024-09-29_fast_1__segment_2,validation,2024-09-29 12:39:15+00:00,2024-09-29 12:40:15+00:00,57.75,18.0,-101.55750000000006,40.58898047433686,0.0,low,stable
BEV2_2024-09-29_fast_1,BEV2,BEV2_2024-09-29_fast_1__segment_2,validation,2024-09-29 12:39:25+00:00,2024-09-29 12:40:25+00:00,57.75,18.0,-101.97400000000005,40.538275441370224,0.0,low,stable
BEV2_2024-09-29_fast_1,BEV2,BEV2_2024-09-29_fast_1__segment_2,validation,2024-09-29 12:39:35+00:00,2024-09-29 12:40:35+00:00,57.75,17.5,-103.31800000000004,40.58431074684801,0.0,low,stable
BEV2_2024-09-29_fast_1,BEV2,BEV2_2024-09-29_fast_1__segment_2,validation,2024-09-29 12:39:45+00:00,2024-09-29 12:40:45+00:00,57.75,17.5,-102.63800000000003,40.56687359280193,0.0,low,stable
BEV2_2024-09-29_fast_1,BEV2,BEV2_2024-09-29_fast_1__segment_2,validation,2024-09-29 12:39:55+00:00,2024-09-29 12:40:55+00:00,57.75,17.5,-102.05200000000004,40.65527000530642,0.0,low,stable
BEV2_2024-09-29_fast_1,BEV2,BEV2_2024-09-29_fast_1__segment_2,validation,2024-09-29 12:40:05+00:00,2024-09-29 12:41:05+00:00,57.75,17.0,-95.48400000000004,38.41190084042674,0.0,low,stable
BEV2_2024-09-29_fast_1,BEV2,BEV2_2024-09-29_fast_1__segment_2,validation,2024-09-29 12:40:15+00:00,2024-09-29 12:41:15+00:00,57.75,17.0,-102.21250000000003,40.69201606677638,0.0,low,stable
BEV2_2024-09-29_fast_1,BEV2,BEV2_2024-09-29_fast_1__segment_2,validation,2024-09-29 12:40:25+00:00,2024-09-29 12:41:25+00:00,57.75,17.0,-102.53400000000003,40.73064782911583,0.0,low,stable
BEV2_2024-09-29_fast_1,BEV2,BEV2_2024-09-29_fast_1__segment_2,validation,2024-09-29 12:40:35+00:00,2024-09-29 12:41:35+00:00,57.75,16.5,-103.28350000000005,40.71771136968882,0.0,low,stable
BEV2_2024-09-29_fast_1,BEV2,BEV2_2024-09-29_fast_1__segment_2,validation,2024-09-29 12:40:45+00:00,2024-09-29 12:41:45+00:00,57.75,16.5,-103.33700000000005,40.722366345023076,0.0,low,stable
BEV2_2024-09-29_fast_1,BEV2,BEV2_2024-09-29_fast_1__segment_2,validation,2024-09-29 12:40:55+00:00,2024-09-29 12:41:55+00:00,57.5,16.5,-102.00100000000003,40.73934977643729,-0.25,low,stable
BEV2_2024-09-29_fast_1,BEV2,BEV2_2024-09-29_fast_1__segment_2,validation,2024-09-29 12:41:05+00:00,2024-09-29 12:42:05+00:00,57.5,17.5,-102.03700000000003,40.731845811359165,-0.25,low,stable
BEV2_2024-09-29_fast_1,BEV2,BEV2_2024-09-29_fast_1__segment_2,validation,2024-09-29 12:41:15+00:00,2024-09-29 12:42:15+00:00,57.5,18.5,-102.60400000000004,40.7274456996125,-0.25,low,stable
BEV2_2024-09-29_fast_1,BEV2,BEV2_2024-09-29_fast_1__segment_2,validation,2024-09-29 12:41:25+00:00,2024-09-29 12:42:25+00:00,57.5,18.5,-103.13350000000004,40.46765607255417,-0.25,low,stable
BEV2_2024-09-29_fast_1,BEV2,BEV2_2024-09-29_fast_1__segment_2,validation,2024-09-29 12:41:35+00:00,2024-09-29 12:42:35+00:00,57.5,19.0,-101.74200000000005,40.497864086386144,-0.25,low,stable
BEV2_2024-09-29_fast_1,BEV2,BEV2_2024-09-29_fast_1__segment_2,validation,2024-09-29 12:41:45+00:00,2024-09-29 12:42:45+00:00,57.5,19.5,-101.66850000000004,40.39746784216236,-0.25,low,stable
BEV2_2024-09-29_fast_1,BEV2,BEV2_2024-09-29_fast_1__segment_2,validation,2024-09-29 12:41:55+00:00,2024-09-29 12:42:55+00:00,57.5,20.0,-101.80800000000004,40.43025533728441,0.0,low,stable
BEV2_2024-09-29_fast_1,BEV2,BEV2_2024-09-29_fast_1__segment_2,validation,2024-09-29 12:42:05+00:00,2024-09-29 12:43:05+00:00,57.5,20.0,-105.24250000000004,40.43198117844203,0.0,low,stable
BEV2_2024-09-29_fast_1,BEV2,BEV2_2024-09-29_fast_1__segment_2,validation,2024-09-29 12:42:15+00:00,2024-09-29 12:43:15+00:00,57.5,20.5,-102.64450000000004,40.46823634185052,0.0,low,stable
BEV2_2024-09-29_fast_1,BEV2,BEV2_2024-09-29_fast_1__segment_2,validation,2024-09-29 12:42:25+00:00,2024-09-29 12:43:25+00:00,57.5,20.5,-101.88350000000004,40.43398275078051,0.0,low,stable
BEV2_2024-09-29_fast_1,BEV2,BEV2_2024-09-29_fast_1__segment_2,validation,2024-09-29 12:42:35+00:00,2024-09-29 12:43:35+00:00,57.5,21.0,-102.13450000000005,40.44504826149266,0.0,low,stable
BEV2_2024-09-29_fast_1,BEV2,BEV2_2024-09-29_fast_1__segment_2,validation,2024-09-29 12:42:45+00:00,2024-09-29 12:43:45+00:00,57.5,21.0,-102.33500000000004,40.46224321198199,0.0,low,stable
BEV2_2024-09-29_fast_1,BEV2,BEV2_2024-09-29_fast_1__segment_2,validation,2024-09-29 12:42:55+00:00,2024-09-29 12:43:55+00:00,57.5,21.5,-102.29950000000004,40.48017405358786,0.0,low,stable
BEV2_2024-09-29_fast_1,BEV2,BEV2_2024-09-29_fast_1__segment_2,validation,2024-09-29 12:43:05+00:00,2024-09-29 12:44:05+00:00,57.5,21.5,-102.27700000000004,40.4799793251469,0.0,low,stable
BEV2_2024-09-29_fast_1,BEV2,BEV2_2024-09-29_fast_1__segment_2,validation,2024-09-29 12:43:15+00:00,2024-09-29 12:44:15+00:00,57.5,22.0,-102.34450000000004,40.47028721320753,0.0,low,stable
BEV2_2024-09-29_fast_1,BEV2,BEV2_2024-09-29_fast_1__segment_2,validation,2024-09-29 12:43:25+00:00,2024-09-29 12:44:25+00:00,57.5,22.0,-105.32150000000006,40.51521181555312,0.0,low,stable
BEV2_2024-09-29_fast_1,BEV2,BEV2_2024-09-29_fast_1__segment_2,validation,2024-09-29 12:43:35+00:00,2024-09-29 12:44:35+00:00,57.5,22.5,-103.38750000000006,40.517764957541694,0.0,low,stable
BEV2_2024-09-29_fast_1,BEV2,BEV2_2024-09-29_fast_1__segment_2,validation,2024-09-29 12:43:45+00:00,2024-09-29 12:44:45+00:00,57.75,22.5,-101.81300000000005,40.50470726222582,0.25,low,stable
BEV2_2024-09-29_fast_1,BEV2,BEV2_2024-09-29_fast_1__segment_2,validation,2024-09-29 12:43:55+00:00,2024-09-29 12:44:55+00:00,57.75,23.0,-102.13650000000004,40.526006208485505,0.25,low,stable
BEV2_2024-09-29_fast_1,BEV2,BEV2_2024-09-29_fast_1__segment_2,validation,2024-09-29 12:44:05+00:00,2024-09-29 12:45:05+00:00,57.75,23.0,-102.09300000000005,40.545261632643395,0.25,low,stable
BEV2_2024-09-29_fast_1,BEV2,BEV2_2024-09-29_fast_1__segment_2,validation,2024-09-29 12:44:15+00:00,2024-09-29 12:45:15+00:00,57.75,23.0,-101.74050000000004,40.53809820093802,0.25,low,stable
BEV2_2024-09-29_fast_1,BEV2,BEV2_2024-09-29_fast_1__segment_2,validation,2024-09-29 12:44:25+00:00,2024-09-29 12:45:25+00:00,57.75,23.5,-101.64650000000005,40.50630832697749,0.25,low,stable
BEV2_2024-09-29_fast_1,BEV2,BEV2_2024-09-29_fast_1__segment_2,validation,2024-09-29 12:44:35+00:00,2024-09-29 12:45:35+00:00,57.75,23.5,-101.30450000000005,40.589958086212306,0.25,low,stable
BEV2_2024-09-29_fast_1,BEV2,BEV2_2024-09-29_fast_1__segment_2,validation,2024-09-29 12:44:45+00:00,2024-09-29 12:45:45+00:00,57.75,24.0,-104.39100000000003,40.59694079061257,0.0,low,stable
BEV2_2024-09-29_fast_1,BEV2,BEV2_2024-09-29_fast_1__segment_2,validation,2024-09-29 12:44:55+00:00,2024-09-29 12:45:55+00:00,57.75,24.0,-103.31550000000004,40.61645118564645,0.0,low,stable
BEV2_2024-09-29_fast_1,BEV2,BEV2_2024-09-29_fast_1__segment_2,validation,2024-09-29 12:45:05+00:00,2024-09-29 12:46:05+00:00,57.75,24.0,-102.25000000000004,40.601558429584585,0.0,low,stable
BEV2_2024-09-29_fast_1,BEV2,BEV2_2024-09-29_fast_1__segment_2,validation,2024-09-29 12:45:15+00:00,2024-09-29 12:46:15+00:00,57.75,24.5,-102.07400000000004,40.604391808866666,0.0,low,stable
BEV2_2024-09-29_fast_1,BEV2,BEV2_2024-09-29_fast_1__segment_2,validation,2024-09-29 12:45:25+00:00,2024-09-29 12:46:25+00:00,57.75,24.5,-102.26450000000004,40.633673280100275,0.0,low,stable
BEV2_2024-09-29_fast_1,BEV2,BEV2_2024-09-29_fast_1__segment_2,validation,2024-09-29 12:45:35+00:00,2024-09-29 12:46:35+00:00,57.75,24.5,-101.80350000000004,40.6252110150582,0.0,low,stable
BEV2_2024-09-29_fast_1,BEV2,BEV2_2024-09-29_fast_1__segment_2,validation,2024-09-29 12:45:45+00:00,2024-09-29 12:46:45+00:00,57.75,24.5,-102.67250000000006,40.6239270948087,0.0,low,stable
BEV2_2024-09-29_fast_1,BEV2,BEV2_2024-09-29_fast_1__segment_2,validation,2024-09-29 12:45:55+00:00,2024-09-29 12:46:55+00:00,58.0,25.0,-102.96050000000004,40.625711890940615,0.25,low,stable
BEV2_2024-09-29_fast_1,BEV2,BEV2_2024-09-29_fast_1__segment_2,validation,2024-09-29 12:46:05+00:00,2024-09-29 12:47:05+00:00,58.0,25.0,-101.62300000000003,40.67945334648108,0.25,low,stable
BEV2_2024-09-29_fast_1,BEV2,BEV2_2024-09-29_fast_1__segment_2,validation,2024-09-29 12:46:15+00:00,2024-09-29 12:47:15+00:00,58.0,25.0,-102.26200000000004,40.64602045800558,0.25,low,stable
BEV2_2024-09-29_fast_1,BEV2,BEV2_2024-09-29_fast_1__segment_2,validation,2024-09-29 12:46:25+00:00,2024-09-29 12:47:25+00:00,58.0,25.5,-101.19200000000004,40.64395129397686,0.25,low,stable
BEV2_2024-09-29_fast_1,BEV2,BEV2_2024-09-29_fast_1__segment_2,validation,2024-09-29 12:46:35+00:00,2024-09-29 12:47:35+00:00,58.0,25.5,-101.85250000000003,40.68587246493077,0.25,low,stable
BEV2_2024-09-29_fast_1,BEV2,BEV2_2024-09-29_fast_1__segment_2,validation,2024-09-29 12:46:45+00:00,2024-09-29 12:47:45+00:00,58.0,25.5,-102.19350000000004,40.70644995036335,0.25,low,stable
BEV2_2024-09-29_fast_1,BEV2,BEV2_2024-09-29_fast_1__segment_2,validation,2024-09-29 12:46:55+00:00,2024-09-29 12:47:55+00:00,58.0,25.5,-101.19500000000004,40.671690923654054,0.0,low,stable
BEV2_2024-09-29_fast_1,BEV2,BEV2_2024-09-29_fast_1__segment_2,validation,2024-09-29 12:47:05+00:00,2024-09-29 12:48:05+00:00,58.0,25.5,-104.27050000000004,40.74783382102401,0.0,low,stable
BEV2_2024-09-29_fast_1,BEV2,BEV2_2024-09-29_fast_1__segment_2,validation,2024-09-29 12:47:15+00:00,2024-09-29 12:48:15+00:00,58.0,26.0,-103.23100000000004,40.71436853145254,0.0,low,stable
BEV2_2024-09-29_fast_1,BEV2,BEV2_2024-09-29_fast_1__segment_2,validation,2024-09-29 12:47:25+00:00,2024-09-29 12:48:25+00:00,58.0,26.0,-101.67900000000004,40.72363996558643,0.0,low,stable
BEV2_2024-09-29_fast_1,BEV2,BEV2_2024-09-29_fast_1__segment_2,validation,2024-09-29 12:47:35+00:00,2024-09-29 12:48:35+00:00,58.0,26.0,-101.29450000000004,40.741123039066494,0.0,low,stable
BEV2_2024-09-29_fast_1,BEV2,BEV2_2024-09-29_fast_1__segment_2,validation,2024-09-29 12:47:45+00:00,2024-09-29 12:48:45+00:00,58.25,26.5,-100.93950000000004,40.735428600095815,0.25,low,stable
BEV2_2024-09-29_fast_1,BEV2,BEV2_2024-09-29_fast_1__segment_2,validation,2024-09-29 12:47:55+00:00,2024-09-29 12:48:55+00:00,58.25,26.5,-101.99300000000004,40.75395601883439,0.25,low,stable
BEV2_2024-09-29_fast_1,BEV2,BEV2_2024-09-29_fast_1__segment_2,validation,2024-09-29 12:48:05+00:00,2024-09-29 12:49:05+00:00,58.25,26.5,-101.55200000000004,40.65610703923436,0.25,low,stable
BEV2_2024-09-29_fast_1,BEV2,BEV2_2024-09-29_fast_1__segment_2,validation,2024-09-29 12:48:15+00:00,2024-09-29 12:49:15+00:00,58.25,26.5,-100.94600000000004,40.430794944278205,0.25,low,stable
BEV2_2024-09-29_fast_1,BEV2,BEV2_2024-09-29_fast_1__segment_2,validation,2024-09-29 12:48:25+00:00,2024-09-29 12:49:25+00:00,58.25,26.5,-103.82250000000003,40.40460262786566,0.25,low,stable
BEV2_2024-09-29_fast_1,BEV2,BEV2_2024-09-29_fast_1__segment_2,validation,2024-09-29 12:48:35+00:00,2024-09-29 12:49:35+00:00,58.25,26.5,-101.12600000000003,40.39268582761231,0.25,low,stable
BEV2_2024-09-29_fast_1,BEV2,BEV2_2024-09-29_fast_1__segment_2,validation,2024-09-29 12:48:45+00:00,2024-09-29 12:49:45+00:00,58.25,26.5,-99.97400000000005,40.42669470823768,0.0,low,stable
BEV2_2024-09-29_fast_1,BEV2,BEV2_2024-09-29_fast_1__segment_2,validation,2024-09-29 12:48:55+00:00,2024-09-29 12:49:55+00:00,58.25,27.0,-101.09850000000004,40.41202285434978,0.0,low,stable
BEV2_2024-09-29_fast_1,BEV2,BEV2_2024-09-29_fast_1__segment_2,validation,2024-09-29 12:49:05+00:00,2024-09-29 12:50:05+00:00,58.25,27.0,-100.01650000000004,40.442043757217,0.0,low,stable
BEV2_2024-09-29_fast_1,BEV2,BEV2_2024-09-29_fast_1__segment_2,validation,2024-09-29 12:49:15+00:00,2024-09-29 12:50:15+00:00,58.5,27.0,-100.63950000000004,40.405142897210155,0.25,low,stable
BEV2_2024-09-29_fast_1,BEV2,BEV2_2024-09-29_fast_1__segment_2,validation,2024-09-29 12:49:25+00:00,2024-09-29 12:50:25+00:00,58.5,27.0,-101.23250000000006,40.41960983283185,0.25,low,stable
BEV2_2024-09-29_fast_1,BEV2,BEV2_2024-09-29_fast_1__segment_2,validation,2024-09-29 12:49:35+00:00,2024-09-29 12:50:35+00:00,58.5,27.0,-101.83350000000004,40.43326168533103,0.25,low,stable
BEV2_2024-09-29_fast_1,BEV2,BEV2_2024-09-29_fast_1__segment_2,validation,2024-09-29 12:49:45+00:00,2024-09-29 12:50:45+00:00,58.5,27.5,-100.51300000000003,40.49120629430047,0.25,low,stable
BEV2_2024-09-29_fast_1,BEV2,BEV2_2024-09-29_fast_1__segment_2,validation,2024-09-29 12:49:55+00:00,2024-09-29 12:50:55+00:00,58.5,27.5,-100.82500000000006,40.45965482575494,0.25,low,stable
BEV2_2024-09-29_fast_1,BEV2,BEV2_2024-09-29_fast_1__segment_2,validation,2024-09-29 12:50:05+00:00,2024-09-29 12:51:05+00:00,58.5,27.5,-100.37950000000004,40.479846555755344,0.25,low,stable
BEV2_2024-09-29_fast_1,BEV2,BEV2_2024-09-29_fast_1__segment_2,validation,2024-09-29 12:50:15+00:00,2024-09-29 12:51:15+00:00,58.5,27.5,-100.12300000000003,40.516141415870806,0.0,low,stable
BEV2_2024-09-29_fast_1,BEV2,BEV2_2024-09-29_fast_1__segment_2,validation,2024-09-29 12:50:25+00:00,2024-09-29 12:51:25+00:00,58.75,27.5,-100.20300000000005,40.49969523110564,0.25,low,stable
BEV2_2024-09-29_fast_1,BEV2,BEV2_2024-09-29_fast_1__segment_2,validation,2024-09-29 12:50:35+00:00,2024-09-29 12:51:35+00:00,58.75,27.5,-101.05100000000004,40.498233265760966,0.25,low,stable
BEV2_2024-09-29_fast_1,BEV2,BEV2_2024-09-29_fast_1__segment_2,validation,2024-09-29 12:50:45+00:00,2024-09-29 12:51:45+00:00,58.75,27.5,-103.30500000000004,40.56676496329977,0.25,low,stable
BEV2_2024-09-29_fast_1,BEV2,BEV2_2024-09-29_fast_1__segment_2,validation,2024-09-29 12:50:55+00:00,2024-09-29 12:51:55+00:00,58.75,27.5,-101.35050000000004,40.561624615256505,0.25,low,stable
BEV2_2024-09-29_fast_1,BEV2,BEV2_2024-09-29_fast_1__segment_2,validation,2024-09-29 12:51:05+00:00,2024-09-29 12:52:05+00:00,58.75,27.5,-100.86850000000004,40.54056497576681,0.25,low,stable
BEV2_2024-09-29_fast_1,BEV2,BEV2_2024-09-29_fast_1__segment_2,validation,2024-09-29 12:51:15+00:00,2024-09-29 12:52:15+00:00,58.75,28.0,-100.90500000000006,40.57008215960912,0.25,low,stable
BEV2_2024-09-29_fast_1,BEV2,BEV2_2024-09-29_fast_1__segment_2,validation,2024-09-29 12:51:25+00:00,2024-09-29 12:52:25+00:00,59.0,28.0,-101.18250000000003,40.58968015561932,0.25,low,stable
BEV2_2024-09-29_fast_1,BEV2,BEV2_2024-09-29_fast_1__segment_2,validation,2024-09-29 12:51:35+00:00,2024-09-29 12:52:35+00:00,59.0,28.0,-101.31150000000004,40.58555636513968,0.25,low,stable
BEV2_2024-09-29_fast_1,BEV2,BEV2_2024-09-29_fast_1__segment_2,validation,2024-09-29 12:51:45+00:00,2024-09-29 12:52:45+00:00,59.0,28.0,-101.41100000000004,40.5641078052101,0.25,low,stable
BEV2_2024-09-29_fast_1,BEV2,BEV2_2024-09-29_fast_1__segment_2,validation,2024-09-29 12:51:55+00:00,2024-09-29 12:52:55+00:00,59.25,28.0,-101.18200000000004,40.61078887955072,0.5,low,warming
BEV2_2024-09-29_fast_1,BEV2,BEV2_2024-09-29_fast_1__segment_2,validation,2024-09-29 12:52:05+00:00,2024-09-29 12:53:05+00:00,59.25,28.0,-101.13300000000004,40.5974792710782,0.5,low,warming
BEV2_2024-09-29_fast_1,BEV2,BEV2_2024-09-29_fast_1__segment_2,validation,2024-09-29 12:52:15+00:00,2024-09-29 12:53:15+00:00,59.0,28.0,-101.07700000000004,40.64925965565015,0.25,low,stable
BEV2_2024-09-29_fast_1,BEV2,BEV2_2024-09-29_fast_1__segment_2,validation,2024-09-29 12:52:25+00:00,2024-09-29 12:53:25+00:00,59.25,28.0,-100.96100000000004,40.60188415715853,0.25,low,stable
BEV2_2024-09-29_fast_1,BEV2,BEV2_2024-09-29_fast_1__segment_2,validation,2024-09-29 12:52:35+00:00,2024-09-29 12:53:35+00:00,59.25,28.0,-101.03650000000005,40.65885408150384,0.25,low,stable
BEV2_2024-09-29_fast_1,BEV2,BEV2_2024-09-29_fast_1__segment_2,validation,2024-09-29 12:52:45+00:00,2024-09-29 12:53:45+00:00,59.25,28.0,-101.26600000000003,40.67602178074031,0.25,low,stable
BEV2_2024-09-29_fast_1,BEV2,BEV2_2024-09-29_fast_1__segment_2,validation,2024-09-29 12:52:55+00:00,2024-09-29 12:53:55+00:00,59.25,28.0,-100.00450000000004,40.672616447012636,0.0,low,stable
BEV2_2024-09-29_fast_1,BEV2,BEV2_2024-09-29_fast_1__segment_2,validation,2024-09-29 12:53:05+00:00,2024-09-29 12:54:05+00:00,59.25,28.5,-102.05600000000004,40.71954841527017,0.0,low,stable
BEV2_2024-09-29_fast_1,BEV2,BEV2_2024-09-29_fast_1__segment_2,validation,2024-09-29 12:53:15+00:00,2024-09-29 12:54:15+00:00,59.25,28.5,-101.72600000000004,40.693232448979835,0.25,low,stable
BEV2_2024-09-29_fast_1,BEV2,BEV2_2024-09-29_fast_1__segment_2,validation,2024-09-29 12:53:25+00:00,2024-09-29 12:54:25+00:00,59.25,28.5,-100.81250000000004,40.72718466694208,0.0,low,stable
BEV2_2024-09-29_fast_1,BEV2,BEV2_2024-09-29_fast_1__segment_2,validation,2024-09-29 12:53:35+00:00,2024-09-29 12:54:35+00:00,59.5,28.5,-99.98450000000004,40.759629965721196,0.25,low,stable
BEV2_2024-09-29_fast_1,BEV2,BEV2_2024-09-29_fast_1__segment_2,validation,2024-09-29 12:53:45+00:00,2024-09-29 12:54:45+00:00,59.5,28.5,-100.84800000000004,40.71917746563678,0.25,low,stable
BEV2_2024-09-29_fast_1,BEV2,BEV2_2024-09-29_fast_1__segment_2,validation,2024-09-29 12:53:55+00:00,2024-09-29 12:54:55+00:00,59.5,28.5,-100.80700000000004,40.674696715390475,0.25,low,stable
BEV2_2024-09-29_fast_1,BEV2,BEV2_2024-09-29_fast_1__segment_2,validation,2024-09-29 12:54:05+00:00,2024-09-29 12:55:05+00:00,59.5,28.5,-99.78050000000005,40.341690911149875,0.25,low,stable
BEV2_2024-09-29_fast_1,BEV2,BEV2_2024-09-29_fast_1__segment_2,validation,2024-09-29 12:54:15+00:00,2024-09-29 12:55:15+00:00,59.75,28.5,-101.51250000000005,40.38293857919027,0.5,low,warming
BEV2_2024-09-29_fast_1,BEV2,BEV2_2024-09-29_fast_1__segment_2,validation,2024-09-29 12:54:25+00:00,2024-09-29 12:55:25+00:00,59.75,28.5,-100.83000000000004,40.398026975644456,0.5,low,warming
BEV2_2024-09-29_fast_1,BEV2,BEV2_2024-09-29_fast_1__segment_2,validation,2024-09-29 12:54:35+00:00,2024-09-29 12:55:35+00:00,59.75,28.5,-98.83950000000004,40.429877682126204,0.25,low,stable
BEV2_2024-09-29_fast_1,BEV2,BEV2_2024-09-29_fast_1__segment_2,validation,2024-09-29 12:54:45+00:00,2024-09-29 12:55:45+00:00,59.75,28.5,-99.66100000000004,40.42584353110246,0.25,low,stable
BEV2_2024-09-29_fast_1,BEV2,BEV2_2024-09-29_fast_1__segment_2,validation,2024-09-29 12:54:55+00:00,2024-09-29 12:55:55+00:00,59.75,28.5,-99.47350000000004,40.41770259481004,0.25,low,stable
BEV2_2024-09-29_fast_1,BEV2,BEV2_2024-09-29_fast_1__segment_2,validation,2024-09-29 12:55:05+00:00,2024-09-29 12:56:05+00:00,59.75,28.5,-99.77150000000005,40.40759130710274,0.25,low,stable
BEV2_2024-09-29_fast_1,BEV2,BEV2_2024-09-29_fast_1__segment_2,validation,2024-09-29 12:55:15+00:00,2024-09-29 12:56:15+00:00,59.75,28.5,-100.07277227722776,40.42481307969138,0.0,low,stable
BEV2_2024-09-29_fast_1,BEV2,BEV2_2024-09-29_fast_1__segment_2,validation,2024-09-29 12:55:25+00:00,2024-09-29 12:56:25+00:00,60.0,28.5,-98.93150000000006,40.49569235464968,0.25,low,stable
BEV2_2024-09-29_fast_1,BEV2,BEV2_2024-09-29_fast_1__segment_2,validation,2024-09-29 12:55:35+00:00,2024-09-29 12:56:35+00:00,60.0,28.5,-103.12900000000003,40.50083393650951,0.25,low,stable
BEV2_2024-09-29_fast_1,BEV2,BEV2_2024-09-29_fast_1__segment_2,validation,2024-09-29 12:55:45+00:00,2024-09-29 12:56:45+00:00,60.0,28.5,-100.06900000000005,40.501441403414546,0.25,low,stable
BEV2_2024-09-29_fast_1,BEV2,BEV2_2024-09-29_fast_1__segment_2,validation,2024-09-29 12:55:55+00:00,2024-09-29 12:56:55+00:00,60.0,28.5,-99.92150000000004,40.54335125544255,0.25,low,stable
BEV2_2024-09-29_fast_1,BEV2,BEV2_2024-09-29_fast_1__segment_2,validation,2024-09-29 12:56:05+00:00,2024-09-29 12:57:05+00:00,60.0,28.5,-99.40150000000006,40.529259031756524,0.25,low,stable
BEV2_2024-09-29_fast_1,BEV2,BEV2_2024-09-29_fast_1__segment_2,validation,2024-09-29 12:56:15+00:00,2024-09-29 12:57:15+00:00,60.0,28.5,-99.84600000000005,40.55407945143384,0.25,low,stable
BEV2_2024-09-29_fast_1,BEV2,BEV2_2024-09-29_fast_1__segment_2,validation,2024-09-29 12:56:25+00:00,2024-09-29 12:57:25+00:00,60.0,28.5,-99.88150000000005,40.55117858774991,0.0,low,stable
BEV2_2024-09-29_fast_1,BEV2,BEV2_2024-09-29_fast_1__segment_2,validation,2024-09-29 12:56:35+00:00,2024-09-29 12:57:35+00:00,60.25,28.5,-101.30100000000004,40.58249285224557,0.25,low,stable
BEV2_2024-09-29_fast_1,BEV2,BEV2_2024-09-29_fast_1__segment_2,validation,2024-09-29 12:56:45+00:00,2024-09-29 12:57:45+00:00,60.25,28.5,-99.38900000000004,40.59246445045969,0.25,low,stable
BEV2_2024-09-29_fast_1,BEV2,BEV2_2024-09-29_fast_1__segment_2,validation,2024-09-29 12:56:55+00:00,2024-09-29 12:57:55+00:00,60.25,28.5,-99.53250000000004,40.5945456307889,0.25,low,stable
BEV2_2024-09-29_fast_1,BEV2,BEV2_2024-09-29_fast_1__segment_2,validation,2024-09-29 12:57:05+00:00,2024-09-29 12:58:05+00:00,60.25,28.5,-100.16800000000003,40.62681395735681,0.25,low,stable
BEV2_2024-09-29_fast_1,BEV2,BEV2_2024-09-29_fast_1__segment_2,validation,2024-09-29 12:57:15+00:00,2024-09-29 12:58:15+00:00,60.25,28.5,-98.93150000000006,40.64619067104776,0.25,low,stable
BEV2_2024-09-29_fast_1,BEV2,BEV2_2024-09-29_fast_1__segment_2,validation,2024-09-29 12:57:25+00:00,2024-09-29 12:58:25+00:00,60.25,28.5,-99.43300000000004,40.650672912062475,0.25,low,stable
BEV2_2024-09-29_fast_1,BEV2,BEV2_2024-09-29_fast_1__segment_2,validation,2024-09-29 12:57:35+00:00,2024-09-29 12:58:35+00:00,60.25,29.0,-100.04900000000004,40.65246205337448,0.0,low,stable
BEV2_2024-09-29_fast_1,BEV2,BEV2_2024-09-29_fast_1__segment_2,validation,2024-09-29 12:57:45+00:00,2024-09-29 12:58:45+00:00,60.5,29.0,-98.89100000000003,40.70111873626145,0.25,low,stable
BEV2_2024-09-29_fast_1,BEV2,BEV2_2024-09-29_fast_1__segment_2,validation,2024-09-29 12:57:55+00:00,2024-09-29 12:58:55+00:00,60.5,29.0,-99.87150000000004,40.67092842501503,0.25,low,stable
BEV2_2024-09-29_fast_1,BEV2,BEV2_2024-09-29_fast_1__segment_2,validation,2024-09-29 12:58:05+00:00,2024-09-29 12:59:05+00:00,60.5,29.0,-103.09400000000004,40.741121107875344,0.25,low,stable
BEV2_2024-09-29_fast_1,BEV2,BEV2_2024-09-29_fast_1__segment_2,validation,2024-09-29 12:58:15+00:00,2024-09-29 12:59:15+00:00,60.5,29.0,-100.05450000000005,40.72742354455848,0.25,low,stable
BEV2_2024-09-29_fast_1,BEV2,BEV2_2024-09-29_fast_1__segment_2,validation,2024-09-29 12:58:25+00:00,2024-09-29 12:59:25+00:00,60.5,29.0,-99.48150000000004,40.56792137128917,0.25,low,stable
BEV2_2024-09-29_fast_1,BEV2,BEV2_2024-09-29_fast_1__segment_2,validation,2024-09-29 12:58:35+00:00,2024-09-29 12:59:35+00:00,60.5,29.0,-98.23600000000005,40.509806679745544,0.25,low,stable
BEV2_2024-09-29_fast_1,BEV2,BEV2_2024-09-29_fast_1__segment_2,validation,2024-09-29 12:58:45+00:00,2024-09-29 12:59:45+00:00,60.5,29.0,-98.84800000000004,40.33380022504397,0.0,low,stable
BEV2_2024-09-29_fast_1,BEV2,BEV2_2024-09-29_fast_1__segment_2,validation,2024-09-29 12:58:55+00:00,2024-09-29 12:59:55+00:00,60.75,29.0,-97.90550000000005,40.35799102276222,0.25,low,stable
BEV2_2024-09-29_fast_1,BEV2,BEV2_2024-09-29_fast_1__segment_2,validation,2024-09-29 12:59:05+00:00,2024-09-29 13:00:05+00:00,60.5,28.0,-98.60950000000004,40.417324886007634,0.0,low,stable
BEV2_2024-09-29_fast_1,BEV2,BEV2_2024-09-29_fast_1__segment_2,validation,2024-09-29 12:59:15+00:00,2024-09-29 13:00:15+00:00,60.0,26.0,-98.18850000000006,40.420620088195555,-0.5,low,cooling
BEV2_2024-09-29_fast_1,BEV2,BEV2_2024-09-29_fast_1__segment_2,validation,2024-09-29 12:59:25+00:00,2024-09-29 13:00:25+00:00,60.0,24.5,-98.30800000000004,40.41447149743946,-0.5,low,cooling
BEV2_2024-09-29_fast_1,BEV2,BEV2_2024-09-29_fast_1__segment_2,validation,2024-09-29 12:59:35+00:00,2024-09-29 13:00:35+00:00,60.0,23.5,-97.83950000000004,40.4434699418812,-0.5,low,cooling
BEV2_2024-09-29_fast_1,BEV2,BEV2_2024-09-29_fast_1__segment_2,validation,2024-09-29 12:59:45+00:00,2024-09-29 13:00:45+00:00,60.0,22.5,-97.94250000000004,40.456290047041435,-0.5,low,cooling
BEV2_2024-09-29_fast_1,BEV2,BEV2_2024-09-29_fast_1__segment_2,validation,2024-09-29 12:59:55+00:00,2024-09-29 13:00:55+00:00,60.0,22.0,-99.03350000000005,40.44234566676676,-0.75,low,cooling
BEV2_2024-09-29_fast_1,BEV2,BEV2_2024-09-29_fast_1__segment_2,validation,2024-09-29 13:00:05+00:00,2024-09-29 13:01:05+00:00,60.0,21.5,-98.45550000000004,40.46376509789651,-0.5,low,cooling
BEV2_2024-09-29_fast_1,BEV2,BEV2_2024-09-29_fast_1__segment_2,validation,2024-09-29 13:00:15+00:00,2024-09-29 13:01:15+00:00,60.0,21.5,-98.05400000000004,40.52385775833123,0.0,low,stable
BEV2_2024-09-29_fast_1,BEV2,BEV2_2024-09-29_fast_1__segment_2,validation,2024-09-29 13:00:25+00:00,2024-09-29 13:01:25+00:00,60.0,21.0,-97.94500000000004,40.54257824254061,0.0,low,stable
BEV2_2024-09-29_fast_1,BEV2,BEV2_2024-09-29_fast_1__segment_2,validation,2024-09-29 13:00:35+00:00,2024-09-29 13:01:35+00:00,60.0,20.5,-98.26250000000005,40.534133787372454,0.0,low,stable
BEV2_2024-09-29_fast_1,BEV2,BEV2_2024-09-29_fast_1__segment_2,validation,2024-09-29 13:00:45+00:00,2024-09-29 13:01:45+00:00,60.0,20.5,-98.14750000000004,40.561565392061254,0.0,low,stable
BEV2_2024-09-29_fast_1,BEV2,BEV2_2024-09-29_fast_1__segment_2,validation,2024-09-29 13:00:55+00:00,2024-09-29 13:01:55+00:00,60.0,20.0,-98.03750000000004,40.53799359475073,0.0,low,stable
BEV2_2024-09-29_fast_1,BEV2,BEV2_2024-09-29_fast_1__segment_2,validation,2024-09-29 13:01:05+00:00,2024-09-29 13:02:05+00:00,59.75,20.0,-98.12050000000004,40.58486017073016,-0.25,low,stable
BEV2_2024-09-29_fast_1,BEV2,BEV2_2024-09-29_fast_1__segment_2,validation,2024-09-29 13:01:15+00:00,2024-09-29 13:02:15+00:00,59.75,19.5,-97.99450000000004,40.61820899874645,-0.25,low,stable
BEV2_2024-09-29_fast_1,BEV2,BEV2_2024-09-29_fast_1__segment_2,validation,2024-09-29 13:01:25+00:00,2024-09-29 13:02:25+00:00,59.75,19.5,-98.16900000000004,40.6157200152194,-0.25,low,stable
BEV2_2024-09-29_fast_1,BEV2,BEV2_2024-09-29_fast_1__segment_2,validation,2024-09-29 13:01:35+00:00,2024-09-29 13:02:35+00:00,59.75,19.5,-98.46050000000004,40.62852644110899,-0.25,low,stable
BEV2_2024-09-29_fast_1,BEV2,BEV2_2024-09-29_fast_1__segment_2,validation,2024-09-29 13:01:45+00:00,2024-09-29 13:02:45+00:00,59.75,19.5,-98.66100000000004,40.629678021120526,-0.25,low,stable
BEV2_2024-09-29_fast_1,BEV2,BEV2_2024-09-29_fast_1__segment_2,validation,2024-09-29 13:01:55+00:00,2024-09-29 13:02:55+00:00,59.75,19.5,-99.01700000000004,40.68485392253178,-0.25,low,stable
BEV2_2024-09-29_fast_1,BEV2,BEV2_2024-09-29_fast_1__segment_2,validation,2024-09-29 13:02:05+00:00,2024-09-29 13:03:05+00:00,59.75,19.0,-99.01250000000006,40.703334456240775,0.0,low,stable
BEV2_2024-09-29_fast_1,BEV2,BEV2_2024-09-29_fast_1__segment_2,validation,2024-09-29 13:02:15+00:00,2024-09-29 13:03:15+00:00,59.75,19.0,-98.69400000000005,40.688246167074986,0.0,low,stable
BEV2_2024-09-29_fast_1,BEV2,BEV2_2024-09-29_fast_1__segment_2,validation,2024-09-29 13:02:25+00:00,2024-09-29 13:03:25+00:00,59.5,19.0,-98.75700000000003,40.70636460244337,-0.25,low,stable
BEV2_2024-09-29_fast_1,BEV2,BEV2_2024-09-29_fast_1__segment_2,validation,2024-09-29 13:02:35+00:00,2024-09-29 13:03:35+00:00,59.5,18.5,-98.29800000000004,40.73667555949246,-0.25,low,stable
BEV2_2024-09-29_fast_1,BEV2,BEV2_2024-09-29_fast_1__segment_2,validation,2024-09-29 13:02:45+00:00,2024-09-29 13:03:45+00:00,59.5,18.5,-98.48350000000003,40.65814780198498,-0.25,low,stable
BEV2_2024-09-29_fast_1,BEV2,BEV2_2024-09-29_fast_1__segment_2,validation,2024-09-29 13:02:55+00:00,2024-09-29 13:03:55+00:00,59.5,18.0,-97.00800000000004,40.34885176793373,-0.25,low,stable
BEV2_2024-09-29_fast_1,BEV2,BEV2_2024-09-29_fast_1__segment_2,validation,2024-09-29 13:03:05+00:00,2024-09-29 13:04:05+00:00,59.5,18.0,-97.52700000000004,40.344621869229236,-0.25,low,stable
BEV2_2024-09-29_fast_1,BEV2,BEV2_2024-09-29_fast_1__segment_2,validation,2024-09-29 13:03:15+00:00,2024-09-29 13:04:15+00:00,59.5,18.0,-97.92600000000004,40.35721682968791,-0.25,low,stable
BEV2_2024-09-29_fast_1,BEV2,BEV2_2024-09-29_fast_1__segment_2,validation,2024-09-29 13:03:25+00:00,2024-09-29 13:04:25+00:00,59.25,18.0,-97.38500000000003,40.38298605430603,-0.25,low,stable
BEV2_2024-09-29_fast_1,BEV2,BEV2_2024-09-29_fast_1__segment_2,validation,2024-09-29 13:03:35+00:00,2024-09-29 13:04:35+00:00,59.25,18.0,-97.24750000000004,40.38248507113523,-0.25,low,stable
BEV2_2024-09-29_fast_1,BEV2,BEV2_2024-09-29_fast_1__segment_2,validation,2024-09-29 13:03:45+00:00,2024-09-29 13:04:45+00:00,59.25,18.0,-98.18100000000004,40.43529048905418,-0.25,low,stable
BEV2_2024-09-29_fast_1,BEV2,BEV2_2024-09-29_fast_1__segment_2,validation,2024-09-29 13:03:55+00:00,2024-09-29 13:04:55+00:00,59.25,18.0,-97.01150000000004,40.45234553547355,-0.25,low,stable
BEV2_2024-09-29_fast_1,BEV2,BEV2_2024-09-29_fast_1__segment_2,validation,2024-09-29 13:04:05+00:00,2024-09-29 13:05:05+00:00,59.25,18.0,-98.08650000000006,40.43415891832874,-0.25,low,stable
BEV2_2024-09-29_fast_1,BEV2,BEV2_2024-09-29_fast_1__segment_2,validation,2024-09-29 13:04:15+00:00,2024-09-29 13:05:15+00:00,59.0,17.5,-97.66550000000004,40.46287900302391,-0.5,low,cooling
BEV2_2024-09-29_fast_1,BEV2,BEV2_2024-09-29_fast_1__segment_2,validation,2024-09-29 13:04:25+00:00,2024-09-29 13:05:25+00:00,59.0,17.5,-98.13200000000003,40.474739949913015,-0.25,low,stable
BEV2_2024-09-29_fast_1,BEV2,BEV2_2024-09-29_fast_1__segment_2,validation,2024-09-29 13:04:35+00:00,2024-09-29 13:05:35+00:00,59.0,17.5,-97.07200000000005,40.47562287977791,-0.25,low,stable
BEV2_2024-09-29_fast_1,BEV2,BEV2_2024-09-29_fast_1__segment_2,validation,2024-09-29 13:04:45+00:00,2024-09-29 13:05:45+00:00,59.0,17.5,-97.94950000000004,40.464066631936895,-0.25,low,stable
BEV2_2024-09-29_fast_1,BEV2,BEV2_2024-09-29_fast_1__segment_2,validation,2024-09-29 13:04:55+00:00,2024-09-29 13:05:55+00:00,59.0,17.5,-98.15450000000004,40.494924277014,-0.25,low,stable
BEV2_2024-09-29_fast_1,BEV2,BEV2_2024-09-29_fast_1__segment_2,validation,2024-09-29 13:05:05+00:00,2024-09-29 13:06:05+00:00,58.75,17.5,-98.11600000000004,40.526663940004646,-0.5,low,cooling
BEV2_2024-09-29_fast_1,BEV2,BEV2_2024-09-29_fast_1__segment_2,validation,2024-09-29 13:05:15+00:00,2024-09-29 13:06:15+00:00,58.75,17.5,-97.36200000000004,40.53262547344019,-0.25,low,stable
BEV2_2024-09-29_fast_1,BEV2,BEV2_2024-09-29_fast_1__segment_2,validation,2024-09-29 13:05:25+00:00,2024-09-29 13:06:25+00:00,58.75,18.0,-97.07950000000004,40.557673720029015,-0.25,low,stable
BEV2_2024-09-29_fast_1,BEV2,BEV2_2024-09-29_fast_1__segment_2,validation,2024-09-29 13:05:35+00:00,2024-09-29 13:06:35+00:00,58.75,17.5,-97.89000000000004,40.54896179488661,-0.25,low,stable
BEV2_2024-09-29_fast_1,BEV2,BEV2_2024-09-29_fast_1__segment_2,validation,2024-09-29 13:05:45+00:00,2024-09-29 13:06:45+00:00,58.75,17.5,-98.12750000000004,40.52995409963789,-0.25,low,stable
BEV2_2024-09-29_fast_1,BEV2,BEV2_2024-09-29_fast_1__segment_2,validation,2024-09-29 13:05:55+00:00,2024-09-29 13:06:55+00:00,58.5,17.5,-96.96350000000004,40.60717647921644,-0.5,low,cooling
BEV2_2024-09-29_fast_1,BEV2,BEV2_2024-09-29_fast_1__segment_2,validation,2024-09-29 13:06:05+00:00,2024-09-29 13:07:05+00:00,58.5,17.5,-97.07450000000004,40.59768419191688,-0.25,low,stable
BEV2_2024-09-29_fast_1,BEV2,BEV2_2024-09-29_fast_1__segment_2,validation,2024-09-29 13:06:15+00:00,2024-09-29 13:07:15+00:00,58.5,17.0,-97.03650000000005,40.58456378653284,-0.25,low,stable
BEV2_2024-09-29_fast_1,BEV2,BEV2_2024-09-29_fast_1__segment_2,validation,2024-09-29 13:06:25+00:00,2024-09-29 13:07:25+00:00,58.5,17.0,-97.47150000000003,40.608202049005435,-0.25,low,stable
BEV2_2024-09-29_fast_1,BEV2,BEV2_2024-09-29_fast_1__segment_2,validation,2024-09-29 13:06:35+00:00,2024-09-29 13:07:35+00:00,58.25,17.5,-97.61600000000006,40.62149325751784,-0.5,low,cooling
BEV2_2024-09-29_fast_1,BEV2,BEV2_2024-09-29_fast_1__segment_2,validation,2024-09-29 13:06:45+00:00,2024-09-29 13:07:45+00:00,58.25,17.5,-98.16250000000004,40.65022766521403,-0.5,low,cooling
BEV2_2024-09-29_fast_1,BEV2,BEV2_2024-09-29_fast_1__segment_2,validation,2024-09-29 13:06:55+00:00,2024-09-29 13:07:55+00:00,58.25,17.5,-97.92600000000004,40.623100705929154,-0.25,low,stable
BEV2_2024-09-29_fast_1,BEV2,BEV2_2024-09-29_fast_1__segment_2,validation,2024-09-29 13:07:05+00:00,2024-09-29 13:08:05+00:00,58.25,17.5,-97.83000000000006,40.63715843639547,-0.25,low,stable
BEV2_2024-09-29_fast_1,BEV2,BEV2_2024-09-29_fast_1__segment_2,validation,2024-09-29 13:07:15+00:00,2024-09-29 13:08:15+00:00,58.0,17.0,-98.14900000000004,40.6445699188752,-0.5,low,cooling
BEV2_2024-09-29_fast_1,BEV2,BEV2_2024-09-29_fast_1__segment_2,validation,2024-09-29 13:07:25+00:00,2024-09-29 13:08:25+00:00,58.0,17.0,-97.45300000000005,40.655687142594815,-0.5,low,cooling
BEV2_2024-09-29_fast_1,BEV2,BEV2_2024-09-29_fast_1__segment_2,validation,2024-09-29 13:07:35+00:00,2024-09-29 13:08:35+00:00,58.0,17.0,-98.19300000000004,40.666804366314416,-0.25,low,stable
BEV2_2024-09-29_fast_1,BEV2,BEV2_2024-09-29_fast_1__segment_2,validation,2024-09-29 13:07:45+00:00,2024-09-29 13:08:45+00:00,58.0,17.5,-98.11050000000004,40.65725333861738,-0.25,low,stable
BEV2_2024-09-29_fast_1,BEV2,BEV2_2024-09-29_fast_1__segment_2,validation,2024-09-29 13:07:55+00:00,2024-09-29 13:08:55+00:00,57.75,17.0,-97.16400000000004,40.690418649830235,-0.5,low,cooling
BEV2_2024-09-29_fast_1,BEV2,BEV2_2024-09-29_fast_1__segment_2,validation,2024-09-29 13:08:05+00:00,2024-09-29 13:09:05+00:00,57.75,17.0,-97.16050000000004,40.66912732104675,-0.5,low,cooling
BEV2_2024-09-29_fast_1,BEV2,BEV2_2024-09-29_fast_1__segment_2,validation,2024-09-29 13:08:15+00:00,2024-09-29 13:09:15+00:00,57.75,17.0,-97.69800000000004,40.70891275552147,-0.25,low,stable
BEV2_2024-09-29_fast_1,BEV2,BEV2_2024-09-29_fast_1__segment_2,validation,2024-09-29 13:08:25+00:00,2024-09-29 13:09:25+00:00,57.75,17.0,-97.62800000000004,40.68611284458473,-0.25,low,stable
BEV2_2024-09-29_fast_1,BEV2,BEV2_2024-09-29_fast_1__segment_2,validation,2024-09-29 13:08:35+00:00,2024-09-29 13:09:35+00:00,57.5,17.0,-97.19400000000005,40.69795126091043,-0.5,low,cooling
BEV2_2024-09-29_fast_1,BEV2,BEV2_2024-09-29_fast_1__segment_2,validation,2024-09-29 13:08:45+00:00,2024-09-29 13:09:45+00:00,57.5,17.5,-97.89500000000004,40.72598743571753,-0.5,low,cooling
BEV2_2024-09-29_fast_1,BEV2,BEV2_2024-09-29_fast_1__segment_2,validation,2024-09-29 13:08:55+00:00,2024-09-29 13:09:55+00:00,57.5,17.5,-98.00500000000004,40.73853497470463,-0.25,low,stable
BEV2_2024-09-29_fast_1,BEV2,BEV2_2024-09-29_fast_1__segment_2,validation,2024-09-29 13:09:05+00:00,2024-09-29 13:10:05+00:00,57.25,17.5,-98.16750000000006,40.70322394919163,-0.5,low,cooling
BEV2_2024-09-29_fast_1,BEV2,BEV2_2024-09-29_fast_1__segment_2,validation,2024-09-29 13:09:15+00:00,2024-09-29 13:10:15+00:00,57.25,17.5,-97.88300000000004,40.721666288231226,-0.5,low,cooling
BEV2_2024-09-29_fast_1,BEV2,BEV2_2024-09-29_fast_1__segment_2,validation,2024-09-29 13:09:25+00:00,2024-09-29 13:10:25+00:00,57.25,17.5,-98.01450000000004,40.632517408552864,-0.5,low,cooling
BEV2_2024-09-29_fast_1,BEV2,BEV2_2024-09-29_fast_1__segment_2,validation,2024-09-29 13:09:35+00:00,2024-09-29 13:10:35+00:00,57.25,17.5,-97.81650000000003,40.5802018158114,-0.25,low,stable
BEV2_2024-09-29_fast_1,BEV2,BEV2_2024-09-29_fast_1__segment_2,validation,2024-09-29 13:09:45+00:00,2024-09-29 13:10:45+00:00,57.0,18.0,-96.69900000000004,40.47331628652615,-0.5,low,cooling
BEV2_2024-09-29_fast_1,BEV2,BEV2_2024-09-29_fast_1__segment_2,validation,2024-09-29 13:09:55+00:00,2024-09-29 13:10:55+00:00,57.0,18.0,-96.41900000000004,40.41286480004694,-0.5,low,cooling
BEV2_2024-09-29_fast_1,BEV2,BEV2_2024-09-29_fast_1__segment_2,validation,2024-09-29 13:10:05+00:00,2024-09-29 13:11:05+00:00,57.0,18.0,-96.52700000000004,40.40547960322452,-0.25,low,stable
BEV2_2024-09-29_fast_1,BEV2,BEV2_2024-09-29_fast_1__segment_2,validation,2024-09-29 13:10:15+00:00,2024-09-29 13:11:15+00:00,57.0,17.5,-96.55750000000003,40.33615418612311,-0.25,low,stable
BEV2_2024-09-29_fast_1,BEV2,BEV2_2024-09-29_fast_1__segment_2,validation,2024-09-29 13:10:25+00:00,2024-09-29 13:11:25+00:00,56.75,17.5,-96.28650000000005,40.37297658328768,-0.5,low,cooling
BEV2_2024-09-29_fast_1,BEV2,BEV2_2024-09-29_fast_1__segment_2,validation,2024-09-29 13:10:35+00:00,2024-09-29 13:11:35+00:00,56.75,17.0,-96.51600000000003,40.39288088767195,-0.5,low,cooling
BEV2_2024-09-29_fast_1,BEV2,BEV2_2024-09-29_fast_1__segment_2,validation,2024-09-29 13:10:45+00:00,2024-09-29 13:11:45+00:00,56.75,17.0,-97.27673267326738,40.38473684001601,-0.25,low,stable
BEV2_2024-09-29_fast_1,BEV2,BEV2_2024-09-29_fast_1__segment_2,validation,2024-09-29 13:10:55+00:00,2024-09-29 13:11:55+00:00,56.75,17.0,-96.56850000000004,40.35297765053709,-0.25,low,stable
BEV2_2024-09-29_fast_1,BEV2,BEV2_2024-09-29_fast_1__segment_2,validation,2024-09-29 13:11:05+00:00,2024-09-29 13:12:05+00:00,56.5,17.0,-96.30450000000005,40.36995158692817,-0.5,low,cooling
BEV2_2024-09-29_fast_1,BEV2,BEV2_2024-09-29_fast_1__segment_2,validation,2024-09-29 13:11:15+00:00,2024-09-29 13:12:15+00:00,56.5,17.0,-97.02350000000004,40.39207858503756,-0.5,low,cooling
BEV2_2024-09-29_fast_1,BEV2,BEV2_2024-09-29_fast_1__segment_2,validation,2024-09-29 13:11:25+00:00,2024-09-29 13:12:25+00:00,56.5,17.0,-96.72800000000004,40.39275053226932,-0.25,low,stable
BEV2_2024-09-29_fast_1,BEV2,BEV2_2024-09-29_fast_1__segment_2,validation,2024-09-29 13:11:35+00:00,2024-09-29 13:12:35+00:00,56.5,17.0,-96.97450000000003,40.41191717527852,-0.25,low,stable
BEV2_2024-09-29_fast_1,BEV2,BEV2_2024-09-29_fast_1__segment_2,validation,2024-09-29 13:11:45+00:00,2024-09-29 13:12:45+00:00,56.5,17.5,-96.43500000000004,40.37351501010913,-0.25,low,stable
BEV2_2024-09-29_fast_1,BEV2,BEV2_2024-09-29_fast_1__segment_2,validation,2024-09-29 13:11:55+00:00,2024-09-29 13:12:55+00:00,56.25,17.0,-96.89000000000004,40.38013545523618,-0.5,low,cooling
BEV2_2024-09-29_fast_1,BEV2,BEV2_2024-09-29_fast_1__segment_2,validation,2024-09-29 13:12:05+00:00,2024-09-29 13:13:05+00:00,56.25,17.5,-97.04800000000004,40.39710214966045,-0.25,low,stable
BEV2_2024-09-29_fast_1,BEV2,BEV2_2024-09-29_fast_1__segment_2,validation,2024-09-29 13:12:15+00:00,2024-09-29 13:13:15+00:00,56.25,18.0,-94.86050000000004,39.83677250922453,-0.25,low,stable
BEV2_2024-09-29_fast_1,BEV2,BEV2_2024-09-29_fast_1__segment_2,validation,2024-09-29 13:12:25+00:00,2024-09-29 13:13:25+00:00,56.25,18.0,-94.53650000000005,39.57913734047071,-0.25,low,stable
BEV2_2024-09-29_fast_1,BEV2,BEV2_2024-09-29_fast_1__segment_2,validation,2024-09-29 13:12:35+00:00,2024-09-29 13:13:35+00:00,56.0,17.5,-94.59150000000004,39.261125572538944,-0.5,low,cooling
BEV2_2024-09-29_fast_1,BEV2,BEV2_2024-09-29_fast_1__segment_2,validation,2024-09-29 13:12:45+00:00,2024-09-29 13:13:45+00:00,56.0,17.5,-93.80500000000004,38.97696490325504,-0.5,low,cooling
BEV2_2024-09-29_fast_1,BEV2,BEV2_2024-09-29_fast_1__segment_2,validation,2024-09-29 13:12:55+00:00,2024-09-29 13:13:55+00:00,56.0,17.5,-93.45200000000004,38.77773313912177,-0.25,low,stable
BEV2_2024-09-29_fast_1,BEV2,BEV2_2024-09-29_fast_1__segment_2,validation,2024-09-29 13:13:05+00:00,2024-09-29 13:14:05+00:00,56.0,17.5,-92.37450000000004,38.75847422809097,-0.25,low,stable
BEV2_2024-09-29_fast_1,BEV2,BEV2_2024-09-29_fast_1__segment_2,validation,2024-09-29 13:13:15+00:00,2024-09-29 13:14:15+00:00,55.75,17.0,-91.08650000000006,37.937163844810826,-0.5,low,cooling
BEV2_2024-09-29_fast_1,BEV2,BEV2_2024-09-29_fast_1__segment_2,validation,2024-09-29 13:13:25+00:00,2024-09-29 13:14:25+00:00,55.75,17.0,-92.07200000000005,38.19070842884395,-0.5,low,cooling
BEV2_2024-09-29_fast_1,BEV2,BEV2_2024-09-29_fast_1__segment_2,validation,2024-09-29 13:13:35+00:00,2024-09-29 13:14:35+00:00,55.75,17.5,-90.90850000000005,38.19314419732597,-0.25,low,stable
BEV2_2024-09-29_fast_1,BEV2,BEV2_2024-09-29_fast_1__segment_2,validation,2024-09-29 13:13:45+00:00,2024-09-29 13:14:45+00:00,55.75,17.5,-90.85450000000004,38.063235543593564,-0.25,low,stable
BEV2_2024-09-29_fast_1,BEV2,BEV2_2024-09-29_fast_1__segment_2,validation,2024-09-29 13:13:55+00:00,2024-09-29 13:14:55+00:00,55.75,17.5,-91.21700000000004,37.95379987639486,-0.25,low,stable
BEV2_2024-09-29_fast_1,BEV2,BEV2_2024-09-29_fast_1__segment_2,validation,2024-09-29 13:14:05+00:00,2024-09-29 13:15:05+00:00,55.5,17.5,-90.59150000000004,37.65352642104014,-0.5,low,cooling
BEV2_2024-09-29_fast_1,BEV2,BEV2_2024-09-29_fast_1__segment_2,validation,2024-09-29 13:14:15+00:00,2024-09-29 13:15:15+00:00,55.5,17.5,-89.92250000000006,37.53224793869147,-0.25,low,stable
BEV2_2024-09-29_fast_1,BEV2,BEV2_2024-09-29_fast_1__segment_2,validation,2024-09-29 13:14:25+00:00,2024-09-29 13:15:25+00:00,55.5,18.0,-89.91900000000005,37.32056937937609,-0.25,low,stable
BEV2_2024-09-29_fast_1,BEV2,BEV2_2024-09-29_fast_1__segment_2,validation,2024-09-29 13:14:35+00:00,2024-09-29 13:15:35+00:00,55.5,18.0,-89.52900000000005,37.23039230134299,-0.25,low,stable
BEV2_2024-09-29_fast_1,BEV2,BEV2_2024-09-29_fast_1__segment_2,validation,2024-09-29 13:14:45+00:00,2024-09-29 13:15:45+00:00,55.25,18.0,-89.07200000000005,37.131350197624684,-0.5,low,cooling
BEV2_2024-09-29_fast_1,BEV2,BEV2_2024-09-29_fast_1__segment_2,validation,2024-09-29 13:14:55+00:00,2024-09-29 13:15:55+00:00,55.25,18.5,-88.22800000000005,36.91110181664901,-0.5,low,cooling
BEV2_2024-09-29_fast_1,BEV2,BEV2_2024-09-29_fast_1__segment_2,validation,2024-09-29 13:15:05+00:00,2024-09-29 13:16:05+00:00,55.25,18.0,-87.79900000000004,35.64350581865729,-0.25,low,stable
BEV2_2024-09-29_fast_1,BEV2,BEV2_2024-09-29_fast_1__segment_2,validation,2024-09-29 13:15:15+00:00,2024-09-29 13:16:15+00:00,55.25,18.0,-87.72100000000006,36.29699933881641,-0.25,low,stable
BEV2_2024-09-29_fast_1,BEV2,BEV2_2024-09-29_fast_1__segment_2,validation,2024-09-29 13:15:25+00:00,2024-09-29 13:16:25+00:00,55.0,18.0,-87.11700000000005,36.51843052072721,-0.5,low,cooling
BEV2_2024-09-29_fast_1,BEV2,BEV2_2024-09-29_fast_1__segment_2,validation,2024-09-29 13:15:35+00:00,2024-09-29 13:16:35+00:00,55.0,18.0,-87.08850000000004,36.35080328984827,-0.5,low,cooling
BEV2_2024-09-29_fast_1,BEV2,BEV2_2024-09-29_fast_1__segment_2,validation,2024-09-29 13:15:45+00:00,2024-09-29 13:16:45+00:00,55.0,18.0,-86.70100000000004,36.133959920735066,-0.25,low,stable
BEV2_2024-09-29_fast_1,BEV2,BEV2_2024-09-29_fast_1__segment_2,validation,2024-09-29 13:15:55+00:00,2024-09-29 13:16:55+00:00,55.0,18.0,-85.91150000000005,35.9902650298255,-0.25,low,stable
BEV2_2024-09-29_fast_1,BEV2,BEV2_2024-09-29_fast_1__segment_2,validation,2024-09-29 13:16:05+00:00,2024-09-29 13:17:05+00:00,54.75,18.0,-85.09650000000005,35.73078471521635,-0.5,low,cooling
BEV2_2024-09-29_fast_1,BEV2,BEV2_2024-09-29_fast_1__segment_2,validation,2024-09-29 13:16:15+00:00,2024-09-29 13:17:15+00:00,54.75,18.5,-85.16450000000005,35.65236354873151,-0.5,low,cooling
BEV2_2024-09-29_fast_1,BEV2,BEV2_2024-09-29_fast_1__segment_2,validation,2024-09-29 13:16:25+00:00,2024-09-29 13:17:25+00:00,54.75,18.0,-84.44150000000005,34.29696750079124,-0.25,low,stable
BEV2_2024-09-29_fast_1,BEV2,BEV2_2024-09-29_fast_1__segment_2,validation,2024-09-29 13:16:35+00:00,2024-09-29 13:17:35+00:00,54.75,18.5,-83.87500000000004,35.00742971147912,-0.25,low,stable
BEV2_2024-09-29_fast_1,BEV2,BEV2_2024-09-29_fast_1__segment_2,validation,2024-09-29 13:16:45+00:00,2024-09-29 13:17:45+00:00,54.75,18.5,-82.98850000000006,35.10781367118143,-0.25,low,stable
BEV2_2024-10-01_fast_1,BEV2,BEV2_2024-10-01_fast_1__segment_1,validation,2024-10-01 16:39:36+00:00,2024-10-01 16:40:36+00:00,36.75,15.0,-264.541,103.05184620254803,1.25,high,warming
BEV2_2024-10-01_fast_1,BEV2,BEV2_2024-10-01_fast_1__segment_1,validation,2024-10-01 16:39:46+00:00,2024-10-01 16:40:46+00:00,37.25,15.0,-264.09700000000004,103.08786656529921,1.5,high,warming
BEV2_2024-10-01_fast_1,BEV2,BEV2_2024-10-01_fast_1__segment_1,validation,2024-10-01 16:39:56+00:00,2024-10-01 16:40:56+00:00,37.5,14.5,-261.80600000000004,103.073533908315,1.75,high,warming
BEV2_2024-10-01_fast_1,BEV2,BEV2_2024-10-01_fast_1__segment_1,validation,2024-10-01 16:40:06+00:00,2024-10-01 16:41:06+00:00,38.25,14.5,-260.57650000000007,102.97913041845035,2.25,high,warming
BEV2_2024-10-01_fast_1,BEV2,BEV2_2024-10-01_fast_1__segment_1,validation,2024-10-01 16:40:16+00:00,2024-10-01 16:41:16+00:00,38.75,14.5,-257.94000000000005,103.00245089269039,2.5,high,warming
BEV2_2024-10-01_fast_1,BEV2,BEV2_2024-10-01_fast_1__segment_1,validation,2024-10-01 16:40:26+00:00,2024-10-01 16:41:26+00:00,39.25,14.5,-257.8190000000001,103.16875477483384,2.75,high,warming
BEV2_2024-10-01_fast_1,BEV2,BEV2_2024-10-01_fast_1__segment_1,validation,2024-10-01 16:40:36+00:00,2024-10-01 16:41:36+00:00,39.75,14.5,-253.85150000000004,102.99159733020696,3.0,high,warming
BEV2_2024-10-01_fast_1,BEV2,BEV2_2024-10-01_fast_1__segment_1,validation,2024-10-01 16:40:46+00:00,2024-10-01 16:41:46+00:00,40.5,14.5,-254.84500000000003,103.02950875824749,3.25,high,warming
BEV2_2024-10-01_fast_1,BEV2,BEV2_2024-10-01_fast_1__segment_1,validation,2024-10-01 16:40:56+00:00,2024-10-01 16:41:56+00:00,41.0,14.5,-255.42850000000007,103.09306844323824,3.5,high,warming
BEV2_2024-10-01_fast_1,BEV2,BEV2_2024-10-01_fast_1__segment_1,validation,2024-10-01 16:41:06+00:00,2024-10-01 16:42:06+00:00,41.75,14.5,-253.29700000000005,102.9789619220225,3.5,high,warming
BEV2_2024-10-01_fast_1,BEV2,BEV2_2024-10-01_fast_1__segment_1,validation,2024-10-01 16:41:16+00:00,2024-10-01 16:42:16+00:00,42.25,14.5,-253.11950000000004,102.94905233086742,3.5,high,warming
BEV2_2024-10-01_fast_1,BEV2,BEV2_2024-10-01_fast_1__segment_1,validation,2024-10-01 16:41:26+00:00,2024-10-01 16:42:26+00:00,42.75,14.5,-252.40100000000007,103.06204466207808,3.5,high,warming
BEV2_2024-10-01_fast_1,BEV2,BEV2_2024-10-01_fast_1__segment_1,validation,2024-10-01 16:41:36+00:00,2024-10-01 16:42:36+00:00,43.25,14.5,-253.11250000000004,102.95759028787376,3.5,high,warming
BEV2_2024-10-01_fast_1,BEV2,BEV2_2024-10-01_fast_1__segment_1,validation,2024-10-01 16:41:46+00:00,2024-10-01 16:42:46+00:00,43.75,14.5,-253.22150000000005,103.0580882414981,3.25,high,warming
BEV2_2024-10-01_fast_1,BEV2,BEV2_2024-10-01_fast_1__segment_1,validation,2024-10-01 16:41:56+00:00,2024-10-01 16:42:56+00:00,44.25,14.5,-251.2505,102.73380106792473,3.25,high,warming
BEV2_2024-10-01_fast_1,BEV2,BEV2_2024-10-01_fast_1__segment_1,validation,2024-10-01 16:42:06+00:00,2024-10-01 16:43:06+00:00,45.0,14.5,-251.2235000000001,102.81735941744512,3.25,high,warming
BEV2_2024-10-01_fast_1,BEV2,BEV2_2024-10-01_fast_1__segment_1,validation,2024-10-01 16:42:16+00:00,2024-10-01 16:43:16+00:00,45.5,14.5,-250.50550000000004,102.90279772790574,3.25,high,warming
BEV2_2024-10-01_fast_1,BEV2,BEV2_2024-10-01_fast_1__segment_1,validation,2024-10-01 16:42:26+00:00,2024-10-01 16:43:26+00:00,46.0,14.5,-251.8920792079209,102.9527383310422,3.25,high,warming
BEV2_2024-10-01_fast_1,BEV2,BEV2_2024-10-01_fast_1__segment_1,validation,2024-10-01 16:42:36+00:00,2024-10-01 16:43:36+00:00,46.5,14.5,-251.37100000000007,103.0348744655691,3.25,high,warming
BEV2_2024-10-01_fast_1,BEV2,BEV2_2024-10-01_fast_1__segment_1,validation,2024-10-01 16:42:46+00:00,2024-10-01 16:43:46+00:00,47.0,14.5,-250.68950000000004,102.93220182977736,3.25,high,warming
BEV2_2024-10-01_fast_1,BEV2,BEV2_2024-10-01_fast_1__segment_1,validation,2024-10-01 16:42:56+00:00,2024-10-01 16:43:56+00:00,47.5,14.5,-248.773,102.79017157199479,3.25,high,warming
BEV2_2024-10-01_fast_1,BEV2,BEV2_2024-10-01_fast_1__segment_1,validation,2024-10-01 16:43:06+00:00,2024-10-01 16:44:06+00:00,48.0,14.5,-250.08613861386144,102.72866959555796,3.0,high,warming
BEV2_2024-10-01_fast_1,BEV2,BEV2_2024-10-01_fast_1__segment_1,validation,2024-10-01 16:43:16+00:00,2024-10-01 16:44:16+00:00,48.5,14.5,-251.02750000000003,102.80312015501067,3.0,high,warming
BEV2_2024-10-01_fast_1,BEV2,BEV2_2024-10-01_fast_1__segment_1,validation,2024-10-01 16:43:26+00:00,2024-10-01 16:44:26+00:00,49.0,14.0,-251.12900000000005,102.82061127512057,3.0,high,warming
BEV2_2024-10-01_fast_1,BEV2,BEV2_2024-10-01_fast_1__segment_1,validation,2024-10-01 16:43:36+00:00,2024-10-01 16:44:36+00:00,49.5,14.0,-249.68150000000009,102.90296295203744,3.0,high,warming
BEV2_2024-10-01_fast_1,BEV2,BEV2_2024-10-01_fast_1__segment_1,validation,2024-10-01 16:43:46+00:00,2024-10-01 16:44:46+00:00,50.0,14.5,-249.03000000000003,102.76421781133348,3.0,high,warming
BEV2_2024-10-01_fast_1,BEV2,BEV2_2024-10-01_fast_1__segment_1,validation,2024-10-01 16:43:56+00:00,2024-10-01 16:44:56+00:00,50.5,14.5,-248.54350000000005,102.62238989946806,3.0,high,warming
BEV2_2024-10-01_fast_1,BEV2,BEV2_2024-10-01_fast_1__segment_1,validation,2024-10-01 16:44:06+00:00,2024-10-01 16:45:06+00:00,51.0,14.5,-248.78550000000007,102.65667396044287,3.0,high,warming
BEV2_2024-10-01_fast_1,BEV2,BEV2_2024-10-01_fast_1__segment_1,validation,2024-10-01 16:44:16+00:00,2024-10-01 16:45:16+00:00,51.5,14.5,-250.45600000000005,102.80124325178976,3.0,high,warming
BEV2_2024-10-01_fast_1,BEV2,BEV2_2024-10-01_fast_1__segment_1,validation,2024-10-01 16:44:26+00:00,2024-10-01 16:45:26+00:00,52.0,14.5,-252.04600000000005,102.81796178815128,3.0,high,warming
BEV2_2024-10-01_fast_1,BEV2,BEV2_2024-10-01_fast_1__segment_1,validation,2024-10-01 16:44:36+00:00,2024-10-01 16:45:36+00:00,52.25,14.0,-269.97350000000006,102.91493687360881,2.75,high,warming
BEV2_2024-10-01_fast_1,BEV2,BEV2_2024-10-01_fast_1__segment_1,validation,2024-10-01 16:44:46+00:00,2024-10-01 16:45:46+00:00,52.75,14.0,-267.63450000000006,102.62346149597946,2.75,high,warming
BEV2_2024-10-01_fast_1,BEV2,BEV2_2024-10-01_fast_1__segment_1,validation,2024-10-01 16:44:56+00:00,2024-10-01 16:45:56+00:00,53.0,14.0,-268.09900000000005,102.62839011037082,2.5,high,warming
BEV2_2024-10-01_fast_1,BEV2,BEV2_2024-10-01_fast_1__segment_1,validation,2024-10-01 16:45:06+00:00,2024-10-01 16:46:06+00:00,53.5,14.0,-268.7755000000001,102.80033527008416,2.5,high,warming
BEV2_2024-10-01_fast_1,BEV2,BEV2_2024-10-01_fast_1__segment_1,validation,2024-10-01 16:45:16+00:00,2024-10-01 16:46:16+00:00,53.75,14.0,-269.00550000000004,102.84589979407492,2.25,high,warming
BEV2_2024-10-01_fast_1,BEV2,BEV2_2024-10-01_fast_1__segment_1,validation,2024-10-01 16:45:26+00:00,2024-10-01 16:46:26+00:00,54.0,14.0,-268.8605,102.5324210145698,2.0,high,warming
BEV2_2024-10-01_fast_1,BEV2,BEV2_2024-10-01_fast_1__segment_1,validation,2024-10-01 16:45:36+00:00,2024-10-01 16:46:36+00:00,54.25,14.0,-269.38550000000004,102.61159384356554,2.0,high,warming
BEV2_2024-10-01_fast_1,BEV2,BEV2_2024-10-01_fast_1__segment_1,validation,2024-10-01 16:45:46+00:00,2024-10-01 16:46:46+00:00,54.5,14.0,-271.45050000000003,102.71069323928793,1.75,high,warming
BEV2_2024-10-01_fast_1,BEV2,BEV2_2024-10-01_fast_1__segment_1,validation,2024-10-01 16:45:56+00:00,2024-10-01 16:46:56+00:00,54.75,14.0,-272.80100000000004,102.7887982268662,1.75,high,warming
BEV2_2024-10-01_fast_1,BEV2,BEV2_2024-10-01_fast_1__segment_1,validation,2024-10-01 16:46:06+00:00,2024-10-01 16:47:06+00:00,54.75,14.0,-249.5255,94.70094024040993,1.25,high,warming
BEV2_2024-10-01_fast_1,BEV2,BEV2_2024-10-01_fast_1__segment_1,validation,2024-10-01 16:46:16+00:00,2024-10-01 16:47:16+00:00,55.0,14.0,-250.21100000000007,94.20680035273416,1.25,mid,warming
BEV2_2024-10-01_fast_1,BEV2,BEV2_2024-10-01_fast_1__segment_1,validation,2024-10-01 16:46:26+00:00,2024-10-01 16:47:26+00:00,55.0,14.0,-249.7030000000001,94.20515224202032,1.0,mid,warming
BEV2_2024-10-01_fast_1,BEV2,BEV2_2024-10-01_fast_1__segment_1,validation,2024-10-01 16:46:36+00:00,2024-10-01 16:47:36+00:00,55.0,14.0,-249.11250000000004,94.2294964085024,0.75,mid,warming
BEV2_2024-10-01_fast_1,BEV2,BEV2_2024-10-01_fast_1__segment_1,validation,2024-10-01 16:46:46+00:00,2024-10-01 16:47:46+00:00,55.25,14.0,-248.55050000000008,93.92588880527158,0.75,mid,warming
BEV2_2024-10-01_fast_1,BEV2,BEV2_2024-10-01_fast_1__segment_1,validation,2024-10-01 16:46:56+00:00,2024-10-01 16:47:56+00:00,55.25,14.0,-247.40700000000004,94.02137102632604,0.5,mid,warming
BEV2_2024-10-01_fast_1,BEV2,BEV2_2024-10-01_fast_1__segment_1,validation,2024-10-01 16:47:06+00:00,2024-10-01 16:48:06+00:00,55.5,14.0,-247.96500000000003,94.04126106135347,0.75,mid,warming
BEV2_2024-10-01_fast_1,BEV2,BEV2_2024-10-01_fast_1__segment_1,validation,2024-10-01 16:47:16+00:00,2024-10-01 16:48:16+00:00,55.5,14.0,-247.27700000000004,94.11204356217748,0.5,mid,warming
BEV2_2024-10-01_fast_1,BEV2,BEV2_2024-10-01_fast_1__segment_1,validation,2024-10-01 16:47:26+00:00,2024-10-01 16:48:26+00:00,55.75,14.0,-248.64100000000005,94.10280576295612,0.75,mid,warming
BEV2_2024-10-01_fast_1,BEV2,BEV2_2024-10-01_fast_1__segment_1,validation,2024-10-01 16:47:36+00:00,2024-10-01 16:48:36+00:00,55.75,14.0,-247.683,94.22569571703097,0.75,mid,warming
BEV2_2024-10-01_fast_1,BEV2,BEV2_2024-10-01_fast_1__segment_1,validation,2024-10-01 16:47:46+00:00,2024-10-01 16:48:46+00:00,55.75,14.0,-246.74200000000005,94.21837312298834,0.5,mid,warming
BEV2_2024-10-01_fast_1,BEV2,BEV2_2024-10-01_fast_1__segment_1,validation,2024-10-01 16:47:56+00:00,2024-10-01 16:48:56+00:00,56.0,14.0,-245.75900000000004,93.98328396717926,0.75,mid,warming
BEV2_2024-10-01_fast_1,BEV2,BEV2_2024-10-01_fast_1__segment_1,validation,2024-10-01 16:48:06+00:00,2024-10-01 16:49:06+00:00,56.0,14.5,-246.9710000000001,93.91078705141194,0.5,mid,warming
BEV2_2024-10-01_fast_1,BEV2,BEV2_2024-10-01_fast_1__segment_1,validation,2024-10-01 16:48:16+00:00,2024-10-01 16:49:16+00:00,56.25,14.5,-246.51300000000003,94.03811708216142,0.75,mid,warming
BEV2_2024-10-01_fast_1,BEV2,BEV2_2024-10-01_fast_1__segment_1,validation,2024-10-01 16:48:26+00:00,2024-10-01 16:49:26+00:00,56.25,14.5,-247.10050000000004,94.02480795648668,0.5,mid,warming
BEV2_2024-10-01_fast_1,BEV2,BEV2_2024-10-01_fast_1__segment_1,validation,2024-10-01 16:48:36+00:00,2024-10-01 16:49:36+00:00,56.25,14.5,-246.98350000000005,94.10836952465901,0.5,mid,warming
BEV2_2024-10-01_fast_1,BEV2,BEV2_2024-10-01_fast_1__segment_1,validation,2024-10-01 16:48:46+00:00,2024-10-01 16:49:46+00:00,56.5,14.5,-248.43150000000009,94.17566563537125,0.75,mid,warming
BEV2_2024-10-01_fast_1,BEV2,BEV2_2024-10-01_fast_1__segment_1,validation,2024-10-01 16:48:56+00:00,2024-10-01 16:49:56+00:00,56.5,14.5,-249.46450000000004,94.00831772983449,0.5,mid,warming
BEV2_2024-10-01_fast_1,BEV2,BEV2_2024-10-01_fast_1__segment_1,validation,2024-10-01 16:49:06+00:00,2024-10-01 16:50:06+00:00,56.5,14.5,-247.79050000000004,93.92314619197352,0.5,mid,warming
BEV2_2024-10-01_fast_1,BEV2,BEV2_2024-10-01_fast_1__segment_1,validation,2024-10-01 16:49:16+00:00,2024-10-01 16:50:16+00:00,56.75,14.5,-252.3410000000001,95.5525576647127,0.5,high,warming
BEV2_2024-10-01_fast_1,BEV2,BEV2_2024-10-01_fast_1__segment_1,validation,2024-10-01 16:49:26+00:00,2024-10-01 16:50:26+00:00,56.75,14.5,-252.97800000000004,95.59428083492952,0.5,high,warming
BEV2_2024-10-01_fast_1,BEV2,BEV2_2024-10-01_fast_1__segment_1,validation,2024-10-01 16:49:36+00:00,2024-10-01 16:50:36+00:00,56.75,14.5,-251.73750000000004,95.43680641236762,0.5,high,warming
BEV2_2024-10-01_fast_1,BEV2,BEV2_2024-10-01_fast_1__segment_1,validation,2024-10-01 16:49:46+00:00,2024-10-01 16:50:46+00:00,56.75,14.5,-251.6560000000001,95.370102533608,0.25,high,stable
BEV2_2024-10-01_fast_1,BEV2,BEV2_2024-10-01_fast_1__segment_1,validation,2024-10-01 16:49:56+00:00,2024-10-01 16:50:56+00:00,56.75,14.5,-249.55900000000003,95.44149808033373,0.25,high,stable
BEV2_2024-10-01_fast_1,BEV2,BEV2_2024-10-01_fast_1__segment_1,validation,2024-10-01 16:50:06+00:00,2024-10-01 16:51:06+00:00,56.75,14.0,-252.59500000000003,95.50117489094082,0.25,high,stable
BEV2_2024-10-01_fast_1,BEV2,BEV2_2024-10-01_fast_1__segment_1,validation,2024-10-01 16:50:16+00:00,2024-10-01 16:51:16+00:00,57.0,14.0,-252.4605,95.59175875293195,0.25,high,stable
BEV2_2024-10-01_fast_1,BEV2,BEV2_2024-10-01_fast_1__segment_1,validation,2024-10-01 16:50:26+00:00,2024-10-01 16:51:26+00:00,57.0,14.0,-251.65500000000003,95.65476386419752,0.25,high,stable
BEV2_2024-10-01_fast_1,BEV2,BEV2_2024-10-01_fast_1__segment_1,validation,2024-10-01 16:50:36+00:00,2024-10-01 16:51:36+00:00,57.0,14.0,-249.12700000000004,95.53601073614252,0.25,high,stable
BEV2_2024-10-01_fast_1,BEV2,BEV2_2024-10-01_fast_1__segment_1,validation,2024-10-01 16:50:46+00:00,2024-10-01 16:51:46+00:00,57.0,14.0,-252.21500000000003,95.39044623762304,0.25,high,stable
BEV2_2024-10-01_fast_1,BEV2,BEV2_2024-10-01_fast_1__segment_1,validation,2024-10-01 16:50:56+00:00,2024-10-01 16:51:56+00:00,57.0,14.0,-250.62150000000003,95.42739078262787,0.25,high,stable
BEV2_2024-10-01_fast_1,BEV2,BEV2_2024-10-01_fast_1__segment_1,validation,2024-10-01 16:51:06+00:00,2024-10-01 16:52:06+00:00,57.25,14.0,-250.08450000000005,95.47818942472108,0.5,high,warming
BEV2_2024-10-01_fast_1,BEV2,BEV2_2024-10-01_fast_1__segment_1,validation,2024-10-01 16:51:16+00:00,2024-10-01 16:52:16+00:00,57.25,14.0,-248.8735000000001,95.5502392697372,0.25,high,stable
BEV2_2024-10-01_fast_1,BEV2,BEV2_2024-10-01_fast_1__segment_1,validation,2024-10-01 16:51:26+00:00,2024-10-01 16:52:26+00:00,57.25,14.0,-251.54800000000003,95.54069923910093,0.25,high,stable
BEV2_2024-10-01_fast_1,BEV2,BEV2_2024-10-01_fast_1__segment_1,validation,2024-10-01 16:51:36+00:00,2024-10-01 16:52:36+00:00,57.25,14.0,-249.89950000000005,95.39053619894412,0.25,high,stable
BEV2_2024-10-01_fast_1,BEV2,BEV2_2024-10-01_fast_1__segment_1,validation,2024-10-01 16:51:46+00:00,2024-10-01 16:52:46+00:00,57.5,14.0,-248.2365000000001,95.33465332063939,0.5,high,warming
BEV2_2024-10-01_fast_1,BEV2,BEV2_2024-10-01_fast_1__segment_1,validation,2024-10-01 16:51:56+00:00,2024-10-01 16:52:56+00:00,57.5,14.0,-248.13750000000005,95.4619979962551,0.5,high,warming
BEV2_2024-10-01_fast_1,BEV2,BEV2_2024-10-01_fast_1__segment_1,validation,2024-10-01 16:52:06+00:00,2024-10-01 16:53:06+00:00,57.75,14.0,-250.91000000000005,95.48881457020686,0.5,high,warming
BEV2_2024-10-01_fast_1,BEV2,BEV2_2024-10-01_fast_1__segment_1,validation,2024-10-01 16:52:16+00:00,2024-10-01 16:53:16+00:00,57.75,14.0,-249.89700000000005,95.62023609762839,0.5,high,warming
BEV2_2024-10-01_fast_1,BEV2,BEV2_2024-10-01_fast_1__segment_1,validation,2024-10-01 16:52:26+00:00,2024-10-01 16:53:26+00:00,57.75,14.0,-247.77500000000003,95.5880527434711,0.5,high,warming
BEV2_2024-10-01_fast_1,BEV2,BEV2_2024-10-01_fast_1__segment_1,validation,2024-10-01 16:52:36+00:00,2024-10-01 16:53:36+00:00,58.0,14.0,-247.22250000000005,95.33253442843858,0.75,high,warming
BEV2_2024-10-01_fast_1,BEV2,BEV2_2024-10-01_fast_1__segment_1,validation,2024-10-01 16:52:46+00:00,2024-10-01 16:53:46+00:00,58.0,14.0,-247.12950000000004,95.37695922778572,0.5,high,warming
BEV2_2024-10-01_fast_1,BEV2,BEV2_2024-10-01_fast_1__segment_1,validation,2024-10-01 16:52:56+00:00,2024-10-01 16:53:56+00:00,58.25,14.0,-248.13484848484853,95.44928319465676,0.75,high,warming
BEV2_2024-10-01_fast_1,BEV2,BEV2_2024-10-01_fast_1__segment_1,validation,2024-10-01 16:53:06+00:00,2024-10-01 16:54:06+00:00,58.25,14.0,-246.4805000000001,95.5253645084867,0.5,high,warming
BEV2_2024-10-01_fast_1,BEV2,BEV2_2024-10-01_fast_1__segment_1,validation,2024-10-01 16:53:16+00:00,2024-10-01 16:54:16+00:00,58.5,14.0,-250.16700000000003,95.39984845631317,0.75,high,warming
BEV2_2024-10-01_fast_1,BEV2,BEV2_2024-10-01_fast_1__segment_1,validation,2024-10-01 16:53:26+00:00,2024-10-01 16:54:26+00:00,58.5,14.0,-246.808,95.31703554657663,0.75,high,warming
BEV2_2024-10-01_fast_1,BEV2,BEV2_2024-10-01_fast_1__segment_1,validation,2024-10-01 16:53:36+00:00,2024-10-01 16:54:36+00:00,58.75,14.0,-245.72900000000004,95.355823949976,0.75,high,warming
BEV2_2024-10-01_fast_1,BEV2,BEV2_2024-10-01_fast_1__segment_1,validation,2024-10-01 16:53:46+00:00,2024-10-01 16:54:46+00:00,58.75,14.0,-249.68450000000004,95.41522277634593,0.75,high,warming
BEV2_2024-10-01_fast_1,BEV2,BEV2_2024-10-01_fast_1__segment_1,validation,2024-10-01 16:53:56+00:00,2024-10-01 16:54:56+00:00,59.0,14.0,-248.48500000000007,95.56513438614382,0.75,high,warming
BEV2_2024-10-01_fast_1,BEV2,BEV2_2024-10-01_fast_1__segment_1,validation,2024-10-01 16:54:06+00:00,2024-10-01 16:55:06+00:00,59.25,14.0,-246.12050000000008,95.61678779489768,1.0,high,warming
BEV2_2024-10-01_fast_1,BEV2,BEV2_2024-10-01_fast_1__segment_1,validation,2024-10-01 16:54:16+00:00,2024-10-01 16:55:16+00:00,59.25,14.0,-245.08500000000004,95.28542779467037,0.75,high,warming
BEV2_2024-10-01_fast_1,BEV2,BEV2_2024-10-01_fast_1__segment_1,validation,2024-10-01 16:54:26+00:00,2024-10-01 16:55:26+00:00,59.5,14.0,-245.63500000000005,95.34306414089502,1.0,high,warming
BEV2_2024-10-01_fast_1,BEV2,BEV2_2024-10-01_fast_1__segment_1,validation,2024-10-01 16:54:36+00:00,2024-10-01 16:55:36+00:00,59.5,14.5,-245.49750000000003,95.4195719797481,0.75,high,warming
BEV2_2024-10-01_fast_1,BEV2,BEV2_2024-10-01_fast_1__segment_1,validation,2024-10-01 16:54:46+00:00,2024-10-01 16:55:46+00:00,59.75,14.5,-247.79050000000004,95.59035188017924,1.0,high,warming
BEV2_2024-10-01_fast_1,BEV2,BEV2_2024-10-01_fast_1__segment_1,validation,2024-10-01 16:54:56+00:00,2024-10-01 16:55:56+00:00,59.75,14.5,-246.24550000000008,95.55175010494685,0.75,high,warming
BEV2_2024-10-01_fast_1,BEV2,BEV2_2024-10-01_fast_1__segment_1,validation,2024-10-01 16:55:06+00:00,2024-10-01 16:56:06+00:00,60.0,14.5,-244.37500000000003,95.25389117497146,0.75,high,warming
BEV2_2024-10-01_fast_1,BEV2,BEV2_2024-10-01_fast_1__segment_1,validation,2024-10-01 16:55:16+00:00,2024-10-01 16:56:16+00:00,60.0,14.5,-243.50800000000004,95.29361288013824,0.75,high,warming
BEV2_2024-10-01_fast_1,BEV2,BEV2_2024-10-01_fast_1__segment_1,validation,2024-10-01 16:55:26+00:00,2024-10-01 16:56:26+00:00,60.25,14.5,-244.0610000000001,95.43622480196632,0.75,high,warming
BEV2_2024-10-01_fast_1,BEV2,BEV2_2024-10-01_fast_1__segment_1,validation,2024-10-01 16:55:36+00:00,2024-10-01 16:56:36+00:00,60.0,14.5,-244.1655000000001,95.4616404576714,0.5,high,warming
BEV2_2024-10-01_fast_1,BEV2,BEV2_2024-10-01_fast_1__segment_1,validation,2024-10-01 16:55:46+00:00,2024-10-01 16:56:46+00:00,60.25,14.5,-243.72150000000005,95.60742344901179,0.5,high,warming
BEV2_2024-10-01_fast_1,BEV2,BEV2_2024-10-01_fast_1__segment_1,validation,2024-10-01 16:55:56+00:00,2024-10-01 16:56:56+00:00,60.25,14.5,-243.36600000000007,95.3002053229936,0.5,high,warming
BEV2_2024-10-01_fast_1,BEV2,BEV2_2024-10-01_fast_1__segment_1,validation,2024-10-01 16:56:06+00:00,2024-10-01 16:57:06+00:00,60.25,14.5,-246.9815,95.3286162561722,0.25,high,stable
BEV2_2024-10-01_fast_1,BEV2,BEV2_2024-10-01_fast_1__segment_1,validation,2024-10-01 16:56:16+00:00,2024-10-01 16:57:16+00:00,60.25,14.5,-243.68000000000004,95.41799371378085,0.25,high,stable
BEV2_2024-10-01_fast_1,BEV2,BEV2_2024-10-01_fast_1__segment_1,validation,2024-10-01 16:56:26+00:00,2024-10-01 16:57:26+00:00,60.5,14.5,-244.27950000000004,95.51801203462544,0.25,high,stable
BEV2_2024-10-01_fast_1,BEV2,BEV2_2024-10-01_fast_1__segment_1,validation,2024-10-01 16:56:36+00:00,2024-10-01 16:57:36+00:00,60.5,14.5,-241.99450000000004,95.45744843177116,0.5,high,warming
BEV2_2024-10-01_fast_1,BEV2,BEV2_2024-10-01_fast_1__segment_1,validation,2024-10-01 16:56:46+00:00,2024-10-01 16:57:46+00:00,60.5,15.0,-242.43000000000004,95.30918332336113,0.25,high,stable
BEV2_2024-10-01_fast_1,BEV2,BEV2_2024-10-01_fast_1__segment_1,validation,2024-10-01 16:56:56+00:00,2024-10-01 16:57:56+00:00,60.5,15.0,-243.24200000000005,95.31749452633991,0.25,high,stable
BEV2_2024-10-01_fast_1,BEV2,BEV2_2024-10-01_fast_1__segment_1,validation,2024-10-01 16:57:06+00:00,2024-10-01 16:58:06+00:00,60.5,14.5,-241.618,95.4829570528724,0.25,high,stable
BEV2_2024-10-01_fast_1,BEV2,BEV2_2024-10-01_fast_1__segment_1,validation,2024-10-01 16:57:16+00:00,2024-10-01 16:58:16+00:00,60.5,15.0,-241.42750000000007,95.50807299843986,0.25,high,stable
BEV2_2024-10-01_fast_1,BEV2,BEV2_2024-10-01_fast_1__segment_1,validation,2024-10-01 16:57:26+00:00,2024-10-01 16:58:26+00:00,60.5,15.0,-240.82100000000003,95.52062638464463,0.0,high,stable
BEV2_2024-10-01_fast_1,BEV2,BEV2_2024-10-01_fast_1__segment_1,validation,2024-10-01 16:57:36+00:00,2024-10-01 16:58:36+00:00,60.5,15.0,-240.54300000000003,95.19754695655872,0.0,high,stable
BEV2_2024-10-01_fast_1,BEV2,BEV2_2024-10-01_fast_1__segment_1,validation,2024-10-01 16:57:46+00:00,2024-10-01 16:58:46+00:00,60.5,15.0,-240.50700000000003,95.339094470198,0.0,high,stable
BEV2_2024-10-01_fast_1,BEV2,BEV2_2024-10-01_fast_1__segment_1,validation,2024-10-01 16:57:56+00:00,2024-10-01 16:58:56+00:00,60.5,15.0,-240.4055,95.41991009913191,0.0,high,stable
BEV2_2024-10-01_fast_1,BEV2,BEV2_2024-10-01_fast_1__segment_1,validation,2024-10-01 16:58:06+00:00,2024-10-01 16:59:06+00:00,60.5,15.0,-240.4305,95.4620683237995,0.0,high,stable
BEV2_2024-10-01_fast_1,BEV2,BEV2_2024-10-01_fast_1__segment_1,validation,2024-10-01 16:58:16+00:00,2024-10-01 16:59:16+00:00,60.5,15.0,-241.1610000000001,95.53427523902914,0.0,high,stable
BEV2_2024-10-01_fast_1,BEV2,BEV2_2024-10-01_fast_1__segment_1,validation,2024-10-01 16:58:26+00:00,2024-10-01 16:59:26+00:00,60.5,15.0,-239.98000000000005,95.32249277090108,0.0,high,stable
BEV2_2024-10-01_fast_1,BEV2,BEV2_2024-10-01_fast_1__segment_1,validation,2024-10-01 16:58:36+00:00,2024-10-01 16:59:36+00:00,60.5,15.5,-239.70250000000004,95.2323141908304,0.0,high,stable
BEV2_2024-10-01_fast_1,BEV2,BEV2_2024-10-01_fast_1__segment_1,validation,2024-10-01 16:58:46+00:00,2024-10-01 16:59:46+00:00,60.5,15.5,-240.07150000000004,95.36342098773872,0.0,high,stable
BEV2_2024-10-01_fast_1,BEV2,BEV2_2024-10-01_fast_1__segment_1,validation,2024-10-01 16:58:56+00:00,2024-10-01 16:59:56+00:00,60.5,15.5,-240.8755,95.39944687584236,0.0,high,stable
BEV2_2024-10-01_fast_1,BEV2,BEV2_2024-10-01_fast_1__segment_1,validation,2024-10-01 16:59:06+00:00,2024-10-01 17:00:06+00:00,60.5,15.5,-239.40250000000003,95.46885935747812,0.0,high,stable
BEV2_2024-10-01_fast_1,BEV2,BEV2_2024-10-01_fast_1__segment_1,validation,2024-10-01 16:59:16+00:00,2024-10-01 17:00:16+00:00,60.5,15.5,-238.87050000000008,95.53691131494875,0.0,high,stable
BEV2_2024-10-01_fast_1,BEV2,BEV2_2024-10-01_fast_1__segment_1,validation,2024-10-01 16:59:26+00:00,2024-10-01 17:00:26+00:00,60.5,15.5,-237.7365000000001,95.20891362580186,0.0,high,stable
BEV2_2024-10-01_fast_1,BEV2,BEV2_2024-10-01_fast_1__segment_1,validation,2024-10-01 16:59:36+00:00,2024-10-01 17:00:36+00:00,60.5,15.5,-241.9715,95.35275121027972,0.0,high,stable
BEV2_2024-10-01_fast_1,BEV2,BEV2_2024-10-01_fast_1__segment_1,validation,2024-10-01 16:59:46+00:00,2024-10-01 17:00:46+00:00,60.5,15.5,-239.37100000000007,95.3986433930356,0.0,high,stable
BEV2_2024-10-01_fast_1,BEV2,BEV2_2024-10-01_fast_1__segment_1,validation,2024-10-01 16:59:56+00:00,2024-10-01 17:00:56+00:00,60.5,15.5,-237.87950000000004,94.93447489463175,0.0,high,stable
BEV2_2024-10-01_fast_1,BEV2,BEV2_2024-10-01_fast_1__segment_1,validation,2024-10-01 17:00:06+00:00,2024-10-01 17:01:06+00:00,60.5,15.5,-236.95350000000005,94.16516145755331,0.0,mid,stable
BEV2_2024-10-01_fast_1,BEV2,BEV2_2024-10-01_fast_1__segment_1,validation,2024-10-01 17:00:16+00:00,2024-10-01 17:01:16+00:00,60.5,15.5,-234.59400000000005,93.534496226112,0.0,mid,stable
BEV2_2024-10-01_fast_1,BEV2,BEV2_2024-10-01_fast_1__segment_1,validation,2024-10-01 17:00:26+00:00,2024-10-01 17:01:26+00:00,60.5,15.5,-232.03200000000004,92.68516479568876,0.0,mid,stable
BEV2_2024-10-01_fast_1,BEV2,BEV2_2024-10-01_fast_1__segment_1,validation,2024-10-01 17:00:36+00:00,2024-10-01 17:01:36+00:00,60.5,15.5,-229.54350000000005,91.9422897409619,0.0,mid,stable
BEV2_2024-10-01_fast_1,BEV2,BEV2_2024-10-01_fast_1__segment_1,validation,2024-10-01 17:00:46+00:00,2024-10-01 17:01:46+00:00,60.5,15.5,-227.67150000000004,91.22112073831794,0.0,mid,stable
BEV2_2024-10-01_fast_1,BEV2,BEV2_2024-10-01_fast_1__segment_1,validation,2024-10-01 17:00:56+00:00,2024-10-01 17:01:56+00:00,60.5,15.5,-225.10100000000008,89.22508662690566,0.0,mid,stable
BEV2_2024-10-01_fast_1,BEV2,BEV2_2024-10-01_fast_1__segment_1,validation,2024-10-01 17:01:06+00:00,2024-10-01 17:02:06+00:00,60.5,15.5,-223.74750000000003,89.30979419609284,0.0,mid,stable
BEV2_2024-10-01_fast_1,BEV2,BEV2_2024-10-01_fast_1__segment_1,validation,2024-10-01 17:01:16+00:00,2024-10-01 17:02:16+00:00,60.5,15.5,-223.148,89.28801449052526,0.0,mid,stable
BEV2_2024-10-01_fast_1,BEV2,BEV2_2024-10-01_fast_1__segment_1,validation,2024-10-01 17:01:26+00:00,2024-10-01 17:02:26+00:00,60.5,15.5,-221.62750000000008,88.4743911599731,0.0,mid,stable
BEV2_2024-10-01_fast_1,BEV2,BEV2_2024-10-01_fast_1__segment_1,validation,2024-10-01 17:01:36+00:00,2024-10-01 17:02:36+00:00,60.5,15.5,-217.79500000000004,87.76752799221403,0.0,mid,stable
BEV2_2024-10-01_fast_1,BEV2,BEV2_2024-10-01_fast_1__segment_1,validation,2024-10-01 17:01:46+00:00,2024-10-01 17:02:46+00:00,60.5,15.5,-217.46900000000005,87.49421814955946,0.0,mid,stable
BEV2_2024-10-01_fast_1,BEV2,BEV2_2024-10-01_fast_1__segment_1,validation,2024-10-01 17:01:56+00:00,2024-10-01 17:02:56+00:00,60.5,15.5,-215.89700000000005,86.58226602219787,0.0,mid,stable
BEV2_2024-10-01_fast_1,BEV2,BEV2_2024-10-01_fast_1__segment_1,validation,2024-10-01 17:02:06+00:00,2024-10-01 17:03:06+00:00,60.5,15.5,-214.24650000000003,86.2042062794488,0.0,mid,stable
BEV2_2024-10-01_fast_1,BEV2,BEV2_2024-10-01_fast_1__segment_1,validation,2024-10-01 17:02:16+00:00,2024-10-01 17:03:16+00:00,60.5,15.5,-213.20050000000003,85.51753258863383,0.0,mid,stable
BEV2_2024-10-01_fast_1,BEV2,BEV2_2024-10-01_fast_1__segment_1,validation,2024-10-01 17:02:26+00:00,2024-10-01 17:03:26+00:00,60.75,15.5,-212.136,85.10972343630674,0.25,mid,stable
BEV2_2024-10-01_fast_1,BEV2,BEV2_2024-10-01_fast_1__segment_1,validation,2024-10-01 17:02:36+00:00,2024-10-01 17:03:36+00:00,60.75,15.5,-209.0165000000001,84.41659543644776,0.25,mid,stable
BEV2_2024-10-01_fast_1,BEV2,BEV2_2024-10-01_fast_1__segment_1,validation,2024-10-01 17:02:46+00:00,2024-10-01 17:03:46+00:00,60.75,15.5,-207.28250000000003,82.81640605081435,0.25,mid,stable
BEV2_2024-10-01_fast_1,BEV2,BEV2_2024-10-01_fast_1__segment_1,validation,2024-10-01 17:02:56+00:00,2024-10-01 17:03:56+00:00,60.75,15.5,-207.03250000000008,83.14520733005641,0.25,mid,stable
BEV2_2024-10-01_fast_1,BEV2,BEV2_2024-10-01_fast_1__segment_1,validation,2024-10-01 17:03:06+00:00,2024-10-01 17:04:06+00:00,60.75,15.5,-207.37450000000004,82.80750840945636,0.25,mid,stable
BEV2_2024-10-01_fast_1,BEV2,BEV2_2024-10-01_fast_1__segment_1,validation,2024-10-01 17:03:16+00:00,2024-10-01 17:04:16+00:00,60.75,15.5,-203.96800000000007,82.16843611285333,0.25,mid,stable
BEV2_2024-10-01_fast_1,BEV2,BEV2_2024-10-01_fast_1__segment_1,validation,2024-10-01 17:03:26+00:00,2024-10-01 17:04:26+00:00,60.75,15.5,-202.7485000000001,81.98011895830149,0.0,mid,stable
BEV2_2024-10-01_fast_1,BEV2,BEV2_2024-10-01_fast_1__segment_1,validation,2024-10-01 17:03:36+00:00,2024-10-01 17:04:36+00:00,60.75,15.5,-203.86100000000005,81.59653332665384,0.0,mid,stable
BEV2_2024-10-01_fast_1,BEV2,BEV2_2024-10-01_fast_1__segment_1,validation,2024-10-01 17:03:46+00:00,2024-10-01 17:04:46+00:00,60.75,15.5,-201.12800000000004,81.4583145964708,0.0,mid,stable
BEV2_2024-10-01_fast_1,BEV2,BEV2_2024-10-01_fast_1__segment_1,validation,2024-10-01 17:03:56+00:00,2024-10-01 17:04:56+00:00,60.75,16.0,-202.81400000000005,81.10109117241265,0.0,mid,stable
BEV2_2024-10-01_fast_1,BEV2,BEV2_2024-10-01_fast_1__segment_1,validation,2024-10-01 17:04:06+00:00,2024-10-01 17:05:06+00:00,60.75,16.0,-199.04400000000004,79.6918148913901,0.0,mid,stable
BEV2_2024-10-01_fast_1,BEV2,BEV2_2024-10-01_fast_1__segment_1,validation,2024-10-01 17:04:16+00:00,2024-10-01 17:05:16+00:00,60.75,16.0,-200.11000000000004,80.36789696434346,0.0,mid,stable
BEV2_2024-10-01_fast_1,BEV2,BEV2_2024-10-01_fast_1__segment_1,validation,2024-10-01 17:04:26+00:00,2024-10-01 17:05:26+00:00,60.75,15.5,-199.1765000000001,80.27679060785785,0.0,mid,stable
BEV2_2024-10-01_fast_1,BEV2,BEV2_2024-10-01_fast_1__segment_1,validation,2024-10-01 17:04:36+00:00,2024-10-01 17:05:36+00:00,60.75,15.5,-199.308,79.96495747143344,0.0,mid,stable
BEV2_2024-10-01_fast_1,BEV2,BEV2_2024-10-01_fast_1__segment_1,validation,2024-10-01 17:04:46+00:00,2024-10-01 17:05:46+00:00,61.0,15.5,-197.30550000000005,79.72688001189667,0.25,mid,stable
BEV2_2024-10-01_fast_1,BEV2,BEV2_2024-10-01_fast_1__segment_1,validation,2024-10-01 17:04:56+00:00,2024-10-01 17:05:56+00:00,61.0,15.5,-198.30250000000004,79.49746705603073,0.25,mid,stable
BEV2_2024-10-01_fast_1,BEV2,BEV2_2024-10-01_fast_1__segment_1,validation,2024-10-01 17:05:06+00:00,2024-10-01 17:06:06+00:00,61.0,16.0,-196.25850000000003,79.08020010962377,0.25,mid,stable
BEV2_2024-10-01_fast_1,BEV2,BEV2_2024-10-01_fast_1__segment_1,validation,2024-10-01 17:05:16+00:00,2024-10-01 17:06:16+00:00,61.0,16.0,-196.35050000000007,78.7470618578568,0.25,mid,stable
BEV2_2024-10-01_fast_1,BEV2,BEV2_2024-10-01_fast_1__segment_1,validation,2024-10-01 17:05:26+00:00,2024-10-01 17:06:26+00:00,61.0,16.0,-194.50350000000003,78.54902625206411,0.25,mid,stable
BEV2_2024-10-01_fast_1,BEV2,BEV2_2024-10-01_fast_1__segment_1,validation,2024-10-01 17:05:36+00:00,2024-10-01 17:06:36+00:00,61.0,16.0,-193.4915000000001,78.45271034651905,0.25,mid,stable
BEV2_2024-10-01_fast_1,BEV2,BEV2_2024-10-01_fast_1__segment_1,validation,2024-10-01 17:05:46+00:00,2024-10-01 17:06:46+00:00,61.0,16.0,-192.53700000000003,78.06654560909068,0.0,mid,stable
BEV2_2024-10-01_fast_1,BEV2,BEV2_2024-10-01_fast_1__segment_1,validation,2024-10-01 17:05:56+00:00,2024-10-01 17:06:56+00:00,61.0,16.0,-192.37200000000004,76.50301570319067,0.0,mid,stable
BEV2_2024-10-01_fast_1,BEV2,BEV2_2024-10-01_fast_1__segment_1,validation,2024-10-01 17:06:06+00:00,2024-10-01 17:07:06+00:00,61.0,16.0,-191.4615000000001,77.13606772596067,0.0,mid,stable
BEV2_2024-10-01_fast_1,BEV2,BEV2_2024-10-01_fast_1__segment_1,validation,2024-10-01 17:06:16+00:00,2024-10-01 17:07:16+00:00,61.0,16.0,-190.31400000000005,77.06673533511345,0.0,mid,stable
BEV2_2024-10-01_fast_1,BEV2,BEV2_2024-10-01_fast_1__segment_1,validation,2024-10-01 17:06:26+00:00,2024-10-01 17:07:26+00:00,61.0,15.5,-188.98550000000003,76.74654856314912,0.0,mid,stable
BEV2_2024-10-01_fast_1,BEV2,BEV2_2024-10-01_fast_1__segment_1,validation,2024-10-01 17:06:36+00:00,2024-10-01 17:07:36+00:00,61.0,15.5,-188.37100000000007,76.60089522983675,0.0,mid,stable
BEV2_2024-10-01_fast_1,BEV2,BEV2_2024-10-01_fast_1__segment_1,validation,2024-10-01 17:06:46+00:00,2024-10-01 17:07:46+00:00,61.0,16.0,-188.15200000000004,76.2571214792537,0.0,mid,stable
BEV2_2024-10-01_fast_1,BEV2,BEV2_2024-10-01_fast_1__segment_1,validation,2024-10-01 17:06:56+00:00,2024-10-01 17:07:56+00:00,61.0,16.0,-187.4265000000001,75.88647101957224,0.0,mid,stable
BEV2_2024-10-01_fast_1,BEV2,BEV2_2024-10-01_fast_1__segment_1,validation,2024-10-01 17:07:06+00:00,2024-10-01 17:08:06+00:00,61.0,16.0,-187.5660000000001,75.59745635497725,0.0,mid,stable
BEV2_2024-10-01_fast_1,BEV2,BEV2_2024-10-01_fast_1__segment_1,validation,2024-10-01 17:07:16+00:00,2024-10-01 17:08:16+00:00,61.0,16.0,-186.46950000000004,75.55156476230755,0.0,mid,stable
BEV2_2024-10-01_fast_1,BEV2,BEV2_2024-10-01_fast_1__segment_1,validation,2024-10-01 17:07:26+00:00,2024-10-01 17:08:26+00:00,61.0,16.0,-185.8315000000001,75.19692666675711,0.0,mid,stable
BEV2_2024-10-01_fast_1,BEV2,BEV2_2024-10-01_fast_1__segment_1,validation,2024-10-01 17:07:36+00:00,2024-10-01 17:08:36+00:00,61.0,16.0,-185.41350000000008,74.81299717579635,0.0,mid,stable
BEV2_2024-10-01_fast_1,BEV2,BEV2_2024-10-01_fast_1__segment_1,validation,2024-10-01 17:07:46+00:00,2024-10-01 17:08:46+00:00,61.0,15.5,-183.77700000000004,74.80340639774815,0.0,mid,stable
BEV2_2024-10-01_fast_1,BEV2,BEV2_2024-10-01_fast_1__segment_1,validation,2024-10-01 17:07:56+00:00,2024-10-01 17:08:56+00:00,61.0,15.5,-184.25600000000009,74.48813987168016,0.0,mid,stable
BEV2_2024-10-01_fast_1,BEV2,BEV2_2024-10-01_fast_1__segment_1,validation,2024-10-01 17:08:06+00:00,2024-10-01 17:09:06+00:00,61.0,15.5,-183.33250000000004,74.13316510513927,0.0,mid,stable
BEV2_2024-10-01_fast_1,BEV2,BEV2_2024-10-01_fast_1__segment_1,validation,2024-10-01 17:08:16+00:00,2024-10-01 17:09:16+00:00,61.0,15.5,-181.06000000000003,73.90116456770926,0.0,mid,stable
BEV2_2024-10-01_fast_1,BEV2,BEV2_2024-10-01_fast_1__segment_1,validation,2024-10-01 17:08:26+00:00,2024-10-01 17:09:26+00:00,61.0,15.5,-181.0805000000001,73.60538676441892,0.0,mid,stable
BEV2_2024-10-01_fast_1,BEV2,BEV2_2024-10-01_fast_1__segment_1,validation,2024-10-01 17:08:36+00:00,2024-10-01 17:09:36+00:00,61.0,15.5,-178.78150000000005,72.40261463060239,0.0,mid,stable
BEV2_2024-10-01_fast_1,BEV2,BEV2_2024-10-01_fast_1__segment_1,validation,2024-10-01 17:08:46+00:00,2024-10-01 17:09:46+00:00,61.0,15.5,-179.70050000000003,72.82150104172113,0.0,mid,stable
BEV2_2024-10-01_fast_1,BEV2,BEV2_2024-10-01_fast_1__segment_1,validation,2024-10-01 17:08:56+00:00,2024-10-01 17:09:56+00:00,61.0,15.5,-179.32250000000005,72.61710226837789,0.0,mid,stable
BEV2_2024-10-01_fast_1,BEV2,BEV2_2024-10-01_fast_1__segment_1,validation,2024-10-01 17:09:06+00:00,2024-10-01 17:10:06+00:00,61.0,15.5,-178.11850000000007,72.42422959483605,0.0,mid,stable
BEV2_2024-10-01_fast_1,BEV2,BEV2_2024-10-01_fast_1__segment_1,validation,2024-10-01 17:09:16+00:00,2024-10-01 17:10:16+00:00,61.0,15.5,-175.99900000000005,72.05583412268732,0.0,mid,stable
BEV2_2024-10-01_fast_1,BEV2,BEV2_2024-10-01_fast_1__segment_1,validation,2024-10-01 17:09:26+00:00,2024-10-01 17:10:26+00:00,61.0,15.5,-175.01300000000003,71.58140187976372,0.0,mid,stable
BEV2_2024-10-01_fast_1,BEV2,BEV2_2024-10-01_fast_1__segment_1,validation,2024-10-01 17:09:36+00:00,2024-10-01 17:10:36+00:00,61.0,15.5,-174.04800000000003,71.29731523947387,0.0,mid,stable
BEV2_2024-10-01_fast_1,BEV2,BEV2_2024-10-01_fast_1__segment_1,validation,2024-10-01 17:09:46+00:00,2024-10-01 17:10:46+00:00,61.0,15.5,-173.68650000000005,71.23145126793189,0.0,mid,stable
BEV2_2024-10-01_fast_1,BEV2,BEV2_2024-10-01_fast_1__segment_1,validation,2024-10-01 17:09:56+00:00,2024-10-01 17:10:56+00:00,61.0,15.5,-172.93950000000004,70.88016802691823,0.0,mid,stable
BEV2_2024-10-01_fast_1,BEV2,BEV2_2024-10-01_fast_1__segment_1,validation,2024-10-01 17:10:06+00:00,2024-10-01 17:11:06+00:00,61.0,15.5,-171.86450000000005,70.22179706893321,0.0,mid,stable
BEV2_2024-10-01_fast_1,BEV2,BEV2_2024-10-01_fast_1__segment_1,validation,2024-10-01 17:10:16+00:00,2024-10-01 17:11:16+00:00,61.0,15.5,-170.85900000000004,69.87099276332472,0.0,mid,stable
BEV2_2024-10-01_fast_1,BEV2,BEV2_2024-10-01_fast_1__segment_1,validation,2024-10-01 17:10:26+00:00,2024-10-01 17:11:26+00:00,61.0,15.5,-169.37200000000004,69.42152358000254,0.0,mid,stable
BEV2_2024-10-01_fast_1,BEV2,BEV2_2024-10-01_fast_1__segment_1,validation,2024-10-01 17:10:36+00:00,2024-10-01 17:11:36+00:00,61.0,15.5,-169.37900000000005,69.05923072553169,0.0,mid,stable
BEV2_2024-10-01_fast_1,BEV2,BEV2_2024-10-01_fast_1__segment_1,validation,2024-10-01 17:10:46+00:00,2024-10-01 17:11:46+00:00,61.0,15.5,-167.50100000000006,68.76649594305162,0.0,low,stable
BEV2_2024-10-01_fast_1,BEV2,BEV2_2024-10-01_fast_1__segment_1,validation,2024-10-01 17:10:56+00:00,2024-10-01 17:11:56+00:00,61.0,15.5,-166.76250000000005,68.42720829586557,0.0,low,stable
BEV2_2024-10-01_fast_1,BEV2,BEV2_2024-10-01_fast_1__segment_1,validation,2024-10-01 17:11:06+00:00,2024-10-01 17:12:06+00:00,61.0,15.5,-165.60550000000003,67.946552145731,0.0,low,stable
BEV2_2024-10-01_fast_1,BEV2,BEV2_2024-10-01_fast_1__segment_1,validation,2024-10-01 17:11:16+00:00,2024-10-01 17:12:16+00:00,61.0,15.5,-165.45550000000003,67.63002439090955,0.0,low,stable
BEV2_2024-10-01_fast_1,BEV2,BEV2_2024-10-01_fast_1__segment_1,validation,2024-10-01 17:11:26+00:00,2024-10-01 17:12:26+00:00,61.0,15.5,-163.58000000000004,67.26772327523211,0.0,low,stable
BEV2_2024-10-01_fast_1,BEV2,BEV2_2024-10-01_fast_1__segment_1,validation,2024-10-01 17:11:36+00:00,2024-10-01 17:12:36+00:00,61.0,15.5,-162.91750000000005,66.87950718364895,0.0,low,stable
BEV2_2024-10-01_fast_1,BEV2,BEV2_2024-10-01_fast_1__segment_1,validation,2024-10-01 17:11:46+00:00,2024-10-01 17:12:46+00:00,61.0,15.5,-162.82100000000003,66.55337711727658,0.0,low,stable
BEV2_2024-10-01_fast_1,BEV2,BEV2_2024-10-01_fast_1__segment_1,validation,2024-10-01 17:11:56+00:00,2024-10-01 17:12:56+00:00,61.0,15.5,-159.23950000000005,65.94278087790923,0.0,low,stable
BEV2_2024-10-01_fast_1,BEV2,BEV2_2024-10-01_fast_1__segment_1,validation,2024-10-01 17:12:06+00:00,2024-10-01 17:13:06+00:00,61.0,15.0,-157.97250000000005,65.22077293364326,0.0,low,stable
BEV2_2024-10-01_fast_1,BEV2,BEV2_2024-10-01_fast_1__segment_1,validation,2024-10-01 17:12:16+00:00,2024-10-01 17:13:16+00:00,61.0,15.0,-156.34900000000005,64.38684334272668,0.0,low,stable
BEV2_2024-10-01_fast_1,BEV2,BEV2_2024-10-01_fast_1__segment_1,validation,2024-10-01 17:12:26+00:00,2024-10-01 17:13:26+00:00,61.0,15.0,-153.34600000000003,63.39571672339919,0.0,low,stable
BEV2_2024-10-01_fast_1,BEV2,BEV2_2024-10-01_fast_1__segment_1,validation,2024-10-01 17:12:36+00:00,2024-10-01 17:13:36+00:00,60.75,15.0,-152.09600000000003,62.38940793755834,-0.25,low,stable
BEV2_2024-10-01_fast_1,BEV2,BEV2_2024-10-01_fast_1__segment_1,validation,2024-10-01 17:12:46+00:00,2024-10-01 17:13:46+00:00,60.75,15.0,-148.38150000000005,61.55245587155955,-0.25,low,stable
BEV2_2024-10-01_fast_1,BEV2,BEV2_2024-10-01_fast_1__segment_1,validation,2024-10-01 17:12:56+00:00,2024-10-01 17:13:56+00:00,60.75,15.0,-147.03450000000004,60.59469363706596,-0.25,low,stable
BEV2_2024-10-01_fast_1,BEV2,BEV2_2024-10-01_fast_1__segment_1,validation,2024-10-01 17:13:06+00:00,2024-10-01 17:14:06+00:00,60.75,15.0,-144.53650000000005,59.65101997845286,-0.25,low,stable
BEV2_2024-10-01_fast_1,BEV2,BEV2_2024-10-01_fast_1__segment_1,validation,2024-10-01 17:13:16+00:00,2024-10-01 17:14:16+00:00,60.75,15.0,-142.25500000000002,58.93382418702306,-0.25,low,stable
BEV2_2024-10-01_fast_1,BEV2,BEV2_2024-10-01_fast_1__segment_1,validation,2024-10-01 17:13:26+00:00,2024-10-01 17:14:26+00:00,60.75,15.0,-140.41800000000003,57.95732607243507,-0.25,low,stable
BEV2_2024-10-01_fast_1,BEV2,BEV2_2024-10-01_fast_1__segment_1,validation,2024-10-01 17:13:36+00:00,2024-10-01 17:14:36+00:00,60.75,15.0,-137.96650000000005,57.26793583940255,0.0,low,stable
BEV2_2024-10-01_fast_1,BEV2,BEV2_2024-10-01_fast_1__segment_1,validation,2024-10-01 17:13:46+00:00,2024-10-01 17:14:46+00:00,60.75,15.0,-136.81100000000004,56.595138829883574,0.0,low,stable
BEV2_2024-10-01_fast_1,BEV2,BEV2_2024-10-01_fast_1__segment_1,validation,2024-10-01 17:13:56+00:00,2024-10-01 17:14:56+00:00,60.5,15.0,-135.08250000000007,55.95247027985004,-0.25,low,stable
BEV2_2024-10-01_fast_1,BEV2,BEV2_2024-10-01_fast_1__segment_1,validation,2024-10-01 17:14:06+00:00,2024-10-01 17:15:06+00:00,60.5,15.0,-134.19850000000005,55.1812923313606,-0.25,low,stable
BEV2_2024-10-01_fast_1,BEV2,BEV2_2024-10-01_fast_1__segment_1,validation,2024-10-01 17:14:16+00:00,2024-10-01 17:15:16+00:00,60.5,15.0,-131.76000000000005,54.457452437712135,-0.25,low,stable
BEV2_2024-10-01_fast_1,BEV2,BEV2_2024-10-01_fast_1__segment_1,validation,2024-10-01 17:14:26+00:00,2024-10-01 17:15:26+00:00,60.5,15.0,-131.12450000000004,53.83024269732417,-0.25,low,stable
BEV2_2024-10-01_fast_1,BEV2,BEV2_2024-10-01_fast_1__segment_1,validation,2024-10-01 17:14:36+00:00,2024-10-01 17:15:36+00:00,60.5,15.0,-128.74500000000003,53.199093380634594,-0.25,low,stable
BEV2_2024-10-01_fast_1,BEV2,BEV2_2024-10-01_fast_1__segment_1,validation,2024-10-01 17:14:46+00:00,2024-10-01 17:15:46+00:00,60.25,15.0,-127.43350000000004,52.63003979875579,-0.5,low,cooling
BEV2_2024-10-01_fast_1,BEV2,BEV2_2024-10-01_fast_1__segment_1,validation,2024-10-01 17:14:56+00:00,2024-10-01 17:15:56+00:00,60.25,14.5,-126.75000000000006,51.988953216139215,-0.25,low,stable
BEV2_2024-10-01_fast_1,BEV2,BEV2_2024-10-01_fast_1__segment_1,validation,2024-10-01 17:15:06+00:00,2024-10-01 17:16:06+00:00,60.25,15.0,-125.08700000000005,51.468278601131175,-0.25,low,stable
BEV2_2024-10-01_fast_1,BEV2,BEV2_2024-10-01_fast_1__segment_1,validation,2024-10-01 17:15:16+00:00,2024-10-01 17:16:16+00:00,60.25,15.0,-123.01050000000004,50.91888980228984,-0.25,low,stable
BEV2_2024-10-01_fast_1,BEV2,BEV2_2024-10-01_fast_1__segment_1,validation,2024-10-01 17:15:26+00:00,2024-10-01 17:16:26+00:00,60.25,15.0,-121.27650000000006,50.42745299213774,-0.25,low,stable
BEV2_2024-10-01_fast_1,BEV2,BEV2_2024-10-01_fast_1__segment_1,validation,2024-10-01 17:15:36+00:00,2024-10-01 17:16:36+00:00,60.0,14.5,-120.55250000000004,50.06027132727092,-0.5,low,cooling
BEV2_2024-10-01_fast_1,BEV2,BEV2_2024-10-01_fast_1__segment_1,validation,2024-10-01 17:15:46+00:00,2024-10-01 17:16:46+00:00,60.0,14.5,-118.22500000000004,49.40210722131575,-0.25,low,stable
BEV2_2024-10-01_fast_1,BEV2,BEV2_2024-10-01_fast_1__segment_1,validation,2024-10-01 17:15:56+00:00,2024-10-01 17:16:56+00:00,60.0,15.0,-117.75350000000005,49.04741403317334,-0.25,low,stable
BEV2_2024-10-01_fast_1,BEV2,BEV2_2024-10-01_fast_1__segment_1,validation,2024-10-01 17:16:06+00:00,2024-10-01 17:17:06+00:00,60.0,15.0,-117.83450000000003,48.48358893675611,-0.25,low,stable
BEV2_2024-10-01_fast_1,BEV2,BEV2_2024-10-01_fast_1__segment_1,validation,2024-10-01 17:16:16+00:00,2024-10-01 17:17:16+00:00,59.75,14.5,-115.86050000000004,48.147441728245,-0.5,low,cooling
BEV2_2024-10-01_fast_1,BEV2,BEV2_2024-10-01_fast_1__segment_1,validation,2024-10-01 17:16:26+00:00,2024-10-01 17:17:26+00:00,59.75,14.5,-115.24250000000004,47.70561501932175,-0.5,low,cooling
BEV2_2024-10-01_fast_1,BEV2,BEV2_2024-10-01_fast_1__segment_1,validation,2024-10-01 17:16:36+00:00,2024-10-01 17:17:36+00:00,59.75,14.5,-113.61200000000004,47.33518809501591,-0.25,low,stable
BEV2_2024-10-01_fast_1,BEV2,BEV2_2024-10-01_fast_1__segment_1,validation,2024-10-01 17:16:46+00:00,2024-10-01 17:17:46+00:00,59.75,14.5,-112.66300000000004,46.90560267034991,-0.25,low,stable
BEV2_2024-10-01_fast_1,BEV2,BEV2_2024-10-01_fast_1__segment_1,validation,2024-10-01 17:16:56+00:00,2024-10-01 17:17:56+00:00,59.75,14.5,-112.28200000000008,46.503942806153475,-0.25,low,stable
BEV2_2024-10-01_fast_1,BEV2,BEV2_2024-10-01_fast_1__segment_1,validation,2024-10-01 17:17:06+00:00,2024-10-01 17:18:06+00:00,59.5,14.5,-111.13200000000003,46.11114308602021,-0.5,low,cooling
BEV2_2024-10-01_fast_1,BEV2,BEV2_2024-10-01_fast_1__segment_1,validation,2024-10-01 17:17:16+00:00,2024-10-01 17:18:16+00:00,59.5,14.5,-110.37950000000004,45.80399142516413,-0.25,low,stable
BEV2_2024-10-01_fast_1,BEV2,BEV2_2024-10-01_fast_1__segment_1,validation,2024-10-01 17:17:26+00:00,2024-10-01 17:18:26+00:00,59.5,14.5,-109.75100000000006,45.46270097182305,-0.25,low,stable
BEV2_2024-10-01_fast_1,BEV2,BEV2_2024-10-01_fast_1__segment_1,validation,2024-10-01 17:17:36+00:00,2024-10-01 17:18:36+00:00,59.25,14.5,-108.91250000000004,45.12898100236637,-0.5,low,cooling
BEV2_2024-10-01_fast_1,BEV2,BEV2_2024-10-01_fast_1__segment_1,validation,2024-10-01 17:17:46+00:00,2024-10-01 17:18:46+00:00,59.25,14.5,-107.92000000000006,44.77377481475268,-0.5,low,cooling
BEV2_2024-10-01_fast_1,BEV2,BEV2_2024-10-01_fast_1__segment_1,validation,2024-10-01 17:17:56+00:00,2024-10-01 17:18:56+00:00,59.25,15.0,-106.39250000000006,44.468785336965695,-0.5,low,cooling
BEV2_2024-10-01_fast_1,BEV2,BEV2_2024-10-01_fast_1__segment_1,validation,2024-10-01 17:18:06+00:00,2024-10-01 17:19:06+00:00,59.25,14.5,-105.55650000000006,44.18447870181739,-0.25,low,stable
BEV2_2024-10-01_fast_1,BEV2,BEV2_2024-10-01_fast_1__segment_1,validation,2024-10-01 17:18:16+00:00,2024-10-01 17:19:16+00:00,59.0,14.5,-104.74100000000004,43.88780868821579,-0.5,low,cooling
BEV2_2024-10-01_fast_1,BEV2,BEV2_2024-10-01_fast_1__segment_1,validation,2024-10-01 17:18:26+00:00,2024-10-01 17:19:26+00:00,59.0,14.5,-104.38350000000004,43.72833478543915,-0.5,low,cooling
BEV2_2024-10-01_fast_1,BEV2,BEV2_2024-10-01_fast_1__segment_1,validation,2024-10-01 17:18:36+00:00,2024-10-01 17:19:36+00:00,59.0,14.5,-104.50850000000004,43.36941947700108,-0.25,low,stable
BEV2_2024-10-01_fast_1,BEV2,BEV2_2024-10-01_fast_1__segment_1,validation,2024-10-01 17:18:46+00:00,2024-10-01 17:19:46+00:00,59.0,14.5,-104.54850000000006,43.13160337199994,-0.25,low,stable
BEV2_2024-10-01_fast_1,BEV2,BEV2_2024-10-01_fast_1__segment_1,validation,2024-10-01 17:18:56+00:00,2024-10-01 17:19:56+00:00,58.75,14.5,-103.78600000000004,42.96032903299022,-0.5,low,cooling
BEV2_2024-10-01_fast_1,BEV2,BEV2_2024-10-01_fast_1__segment_1,validation,2024-10-01 17:19:06+00:00,2024-10-01 17:20:06+00:00,58.75,14.5,-102.22800000000004,42.62586501849885,-0.5,low,cooling
BEV2_2024-10-01_fast_1,BEV2,BEV2_2024-10-01_fast_1__segment_1,validation,2024-10-01 17:19:16+00:00,2024-10-01 17:20:16+00:00,58.75,14.5,-101.44100000000005,42.535868882347664,-0.25,low,stable
BEV2_2024-10-01_fast_1,BEV2,BEV2_2024-10-01_fast_1__segment_1,validation,2024-10-01 17:19:26+00:00,2024-10-01 17:20:26+00:00,58.75,14.5,-100.97050000000004,42.17996923617855,-0.25,low,stable
BEV2_2024-10-01_fast_1,BEV2,BEV2_2024-10-01_fast_1__segment_1,validation,2024-10-01 17:19:36+00:00,2024-10-01 17:20:36+00:00,58.5,14.5,-100.76100000000004,42.00650814505677,-0.5,low,cooling
BEV2_2024-10-01_fast_1,BEV2,BEV2_2024-10-01_fast_1__segment_1,validation,2024-10-01 17:19:46+00:00,2024-10-01 17:20:46+00:00,58.5,14.5,-100.91850000000004,41.7798026655388,-0.5,low,cooling
BEV2_2024-10-01_fast_1,BEV2,BEV2_2024-10-01_fast_1__segment_1,validation,2024-10-01 17:19:56+00:00,2024-10-01 17:20:56+00:00,58.5,14.5,-98.80650000000006,41.54659395346773,-0.25,low,stable
BEV2_2024-10-01_fast_1,BEV2,BEV2_2024-10-01_fast_1__segment_1,validation,2024-10-01 17:20:06+00:00,2024-10-01 17:21:06+00:00,58.5,14.5,-99.10200000000005,41.35904852435709,-0.25,low,stable
BEV2_2024-10-01_fast_1,BEV2,BEV2_2024-10-01_fast_1__segment_1,validation,2024-10-01 17:20:16+00:00,2024-10-01 17:21:16+00:00,58.25,15.0,-98.93650000000004,41.18112327031552,-0.5,low,cooling
BEV2_2024-10-01_fast_1,BEV2,BEV2_2024-10-01_fast_1__segment_1,validation,2024-10-01 17:20:26+00:00,2024-10-01 17:21:26+00:00,58.25,15.0,-98.30400000000004,40.98179001135848,-0.5,low,cooling
BEV2_2024-10-01_fast_1,BEV2,BEV2_2024-10-01_fast_1__segment_1,validation,2024-10-01 17:20:36+00:00,2024-10-01 17:21:36+00:00,58.25,15.0,-98.24800000000003,40.72637689259943,-0.25,low,stable
BEV2_2024-10-01_fast_1,BEV2,BEV2_2024-10-01_fast_1__segment_1,validation,2024-10-01 17:20:46+00:00,2024-10-01 17:21:46+00:00,58.0,15.0,-97.51100000000004,40.58611598141958,-0.5,low,cooling
BEV2_2024-10-01_fast_1,BEV2,BEV2_2024-10-01_fast_1__segment_1,validation,2024-10-01 17:20:56+00:00,2024-10-01 17:21:56+00:00,58.0,15.0,-96.87000000000003,40.40598460374975,-0.5,low,cooling
BEV2_2024-10-01_fast_1,BEV2,BEV2_2024-10-01_fast_1__segment_1,validation,2024-10-01 17:21:06+00:00,2024-10-01 17:22:06+00:00,58.0,15.0,-96.09350000000003,40.13506804933235,-0.5,low,cooling
BEV2_2024-10-01_fast_1,BEV2,BEV2_2024-10-01_fast_1__segment_1,validation,2024-10-01 17:21:16+00:00,2024-10-01 17:22:16+00:00,58.0,15.0,-96.51850000000005,39.95567586222837,-0.25,low,stable
BEV2_2024-10-01_fast_1,BEV2,BEV2_2024-10-01_fast_1__segment_1,validation,2024-10-01 17:21:26+00:00,2024-10-01 17:22:26+00:00,57.75,15.0,-95.49550000000004,39.89365949963879,-0.5,low,cooling
BEV2_2024-10-01_fast_1,BEV2,BEV2_2024-10-01_fast_1__segment_1,validation,2024-10-01 17:21:36+00:00,2024-10-01 17:22:36+00:00,57.75,15.0,-94.70800000000004,39.739386831070824,-0.5,low,cooling
BEV2_2024-10-01_fast_1,BEV2,BEV2_2024-10-01_fast_1__segment_1,validation,2024-10-01 17:21:46+00:00,2024-10-01 17:22:46+00:00,57.75,15.0,-94.61900000000006,39.467092634028496,-0.25,low,stable
BEV2_2024-10-01_fast_1,BEV2,BEV2_2024-10-01_fast_1__segment_1,validation,2024-10-01 17:21:56+00:00,2024-10-01 17:22:56+00:00,57.75,15.0,-94.73850000000004,39.38432993526185,-0.25,low,stable
BEV2_2024-10-01_fast_1,BEV2,BEV2_2024-10-01_fast_1__segment_1,validation,2024-10-01 17:22:06+00:00,2024-10-01 17:23:06+00:00,57.5,15.5,-93.90600000000003,39.32446445800825,-0.5,low,cooling
BEV2_2024-10-01_fast_1,BEV2,BEV2_2024-10-01_fast_1__segment_1,validation,2024-10-01 17:22:16+00:00,2024-10-01 17:23:16+00:00,57.5,15.5,-94.10050000000004,39.131811672036505,-0.5,low,cooling
BEV2_2024-10-01_fast_1,BEV2,BEV2_2024-10-01_fast_1__segment_1,validation,2024-10-01 17:22:26+00:00,2024-10-01 17:23:26+00:00,57.5,15.5,-92.32850000000003,38.8771561166502,-0.25,low,stable
BEV2_2024-10-01_fast_1,BEV2,BEV2_2024-10-01_fast_1__segment_1,validation,2024-10-01 17:22:36+00:00,2024-10-01 17:23:36+00:00,57.25,15.5,-93.20150000000004,38.66975444835728,-0.5,low,cooling
BEV2_2024-10-01_fast_1,BEV2,BEV2_2024-10-01_fast_1__segment_1,validation,2024-10-01 17:22:46+00:00,2024-10-01 17:23:46+00:00,57.25,16.0,-91.51700000000004,38.50369861698819,-0.5,low,cooling
BEV2_2024-10-01_fast_1,BEV2,BEV2_2024-10-01_fast_1__segment_1,validation,2024-10-01 17:22:56+00:00,2024-10-01 17:23:56+00:00,57.25,16.0,-90.89850000000004,38.28745316611266,-0.5,low,cooling
BEV2_2024-10-01_fast_1,BEV2,BEV2_2024-10-01_fast_1__segment_1,validation,2024-10-01 17:23:06+00:00,2024-10-01 17:24:06+00:00,57.25,16.0,-91.45450000000004,38.18185021597195,-0.25,low,stable
BEV2_2024-10-01_fast_1,BEV2,BEV2_2024-10-01_fast_1__segment_1,validation,2024-10-01 17:23:16+00:00,2024-10-01 17:24:16+00:00,57.0,15.5,-91.14000000000004,38.08214898598533,-0.5,low,cooling
BEV2_2024-10-01_fast_1,BEV2,BEV2_2024-10-01_fast_1__segment_1,validation,2024-10-01 17:23:26+00:00,2024-10-01 17:24:26+00:00,57.0,15.5,-90.03050000000005,37.92496204268377,-0.5,low,cooling
BEV2_2024-10-01_fast_1,BEV2,BEV2_2024-10-01_fast_1__segment_1,validation,2024-10-01 17:23:36+00:00,2024-10-01 17:24:36+00:00,57.0,15.5,-90.42250000000004,37.76551421098765,-0.25,low,stable
BEV2_2024-10-01_fast_1,BEV2,BEV2_2024-10-01_fast_1__segment_1,validation,2024-10-01 17:23:46+00:00,2024-10-01 17:24:46+00:00,57.0,15.5,-88.81100000000006,37.44162502372374,-0.25,low,stable
BEV2_2024-10-01_fast_1,BEV2,BEV2_2024-10-01_fast_1__segment_1,validation,2024-10-01 17:23:56+00:00,2024-10-01 17:24:56+00:00,56.75,15.5,-89.99100000000004,37.47750762817291,-0.5,low,cooling
BEV2_2024-10-01_fast_1,BEV2,BEV2_2024-10-01_fast_1__segment_1,validation,2024-10-01 17:24:06+00:00,2024-10-01 17:25:06+00:00,56.75,15.0,-88.27950000000004,37.208371465102644,-0.5,low,cooling
BEV2_2024-10-01_fast_1,BEV2,BEV2_2024-10-01_fast_1__segment_1,validation,2024-10-01 17:24:16+00:00,2024-10-01 17:25:16+00:00,56.75,15.0,-89.15800000000004,37.065715394099136,-0.25,low,stable
BEV2_2024-10-01_fast_1,BEV2,BEV2_2024-10-01_fast_1__segment_1,validation,2024-10-01 17:24:26+00:00,2024-10-01 17:25:26+00:00,56.75,15.0,-87.40200000000004,36.85016554754697,-0.25,low,stable
BEV2_2024-10-01_fast_1,BEV2,BEV2_2024-10-01_fast_1__segment_1,validation,2024-10-01 17:24:36+00:00,2024-10-01 17:25:36+00:00,56.5,15.0,-88.64500000000005,36.74776950124326,-0.5,low,cooling
BEV2_2024-10-01_fast_1,BEV2,BEV2_2024-10-01_fast_1__segment_1,validation,2024-10-01 17:24:46+00:00,2024-10-01 17:25:46+00:00,56.5,15.0,-88.04650000000005,36.61985201287481,-0.5,low,cooling
BEV2_2024-10-01_fast_1,BEV2,BEV2_2024-10-01_fast_1__segment_1,validation,2024-10-01 17:24:56+00:00,2024-10-01 17:25:56+00:00,56.5,15.0,-87.30850000000005,36.43123310970582,-0.25,low,stable
BEV2_2024-10-01_fast_1,BEV2,BEV2_2024-10-01_fast_1__segment_1,validation,2024-10-01 17:25:06+00:00,2024-10-01 17:26:06+00:00,56.5,15.0,-86.88600000000004,35.95253330985032,-0.25,low,stable
BEV2_2024-10-01_fast_1,BEV2,BEV2_2024-10-01_fast_1__segment_1,validation,2024-10-01 17:25:16+00:00,2024-10-01 17:26:16+00:00,56.25,15.0,-86.20200000000004,36.05161639773636,-0.5,low,cooling
BEV2_2024-10-01_fast_1,BEV2,BEV2_2024-10-01_fast_1__segment_1,validation,2024-10-01 17:25:26+00:00,2024-10-01 17:26:26+00:00,56.25,15.0,-86.65900000000005,36.001421682031086,-0.5,low,cooling
BEV2_2024-10-01_fast_1,BEV2,BEV2_2024-10-01_fast_1__segment_1,validation,2024-10-01 17:25:36+00:00,2024-10-01 17:26:36+00:00,56.25,15.0,-85.34300000000005,35.85904391712995,-0.25,low,stable
BEV2_2024-10-01_fast_1,BEV2,BEV2_2024-10-01_fast_1__segment_1,validation,2024-10-01 17:25:46+00:00,2024-10-01 17:26:46+00:00,56.0,15.0,-84.77300000000005,35.724523471643174,-0.5,low,cooling
BEV2_2024-11-04_fast_1,BEV2,BEV2_2024-11-04_fast_1__segment_1,validation,2024-11-04 13:07:47+00:00,2024-11-04 13:08:47+00:00,27.5,8.0,-237.58850000000007,95.31885987848293,1.75,high,warming
BEV2_2024-11-04_fast_1,BEV2,BEV2_2024-11-04_fast_1__segment_1,validation,2024-11-04 13:07:57+00:00,2024-11-04 13:08:57+00:00,28.0,8.0,-235.10900000000004,95.08365184712967,2.0,high,warming
BEV2_2024-11-04_fast_1,BEV2,BEV2_2024-11-04_fast_1__segment_1,validation,2024-11-04 13:08:07+00:00,2024-11-04 13:09:07+00:00,28.5,8.0,-233.52750000000003,95.19724456421115,2.25,high,warming
BEV2_2024-11-04_fast_1,BEV2,BEV2_2024-11-04_fast_1__segment_1,validation,2024-11-04 13:08:17+00:00,2024-11-04 13:09:17+00:00,29.25,8.0,-232.96900000000005,95.22702626759678,2.75,high,warming
BEV2_2024-11-04_fast_1,BEV2,BEV2_2024-11-04_fast_1__segment_1,validation,2024-11-04 13:08:27+00:00,2024-11-04 13:09:27+00:00,29.75,8.0,-231.11050000000003,95.26901100692604,3.0,high,warming
BEV2_2024-11-04_fast_1,BEV2,BEV2_2024-11-04_fast_1__segment_1,validation,2024-11-04 13:08:37+00:00,2024-11-04 13:09:37+00:00,30.5,8.0,-229.65900000000005,95.3126330744852,3.5,high,warming
BEV2_2024-11-04_fast_1,BEV2,BEV2_2024-11-04_fast_1__segment_1,validation,2024-11-04 13:08:47+00:00,2024-11-04 13:09:47+00:00,31.0,8.0,-229.35,95.1132069037762,3.5,high,warming
BEV2_2024-11-04_fast_1,BEV2,BEV2_2024-11-04_fast_1__segment_1,validation,2024-11-04 13:08:57+00:00,2024-11-04 13:09:57+00:00,31.75,8.0,-228.95700000000005,95.10952675081906,3.75,high,warming
BEV2_2024-11-04_fast_1,BEV2,BEV2_2024-11-04_fast_1__segment_1,validation,2024-11-04 13:09:07+00:00,2024-11-04 13:10:07+00:00,32.25,8.0,-228.93150000000009,95.1539991325704,3.75,high,warming
BEV2_2024-11-04_fast_1,BEV2,BEV2_2024-11-04_fast_1__segment_1,validation,2024-11-04 13:09:17+00:00,2024-11-04 13:10:17+00:00,33.0,8.0,-229.22900000000004,95.21996808580909,3.75,high,warming
BEV2_2024-11-04_fast_1,BEV2,BEV2_2024-11-04_fast_1__segment_1,validation,2024-11-04 13:09:27+00:00,2024-11-04 13:10:27+00:00,33.5,8.0,-243.55700000000004,100.9063026518948,3.75,high,warming
BEV2_2024-11-04_fast_1,BEV2,BEV2_2024-11-04_fast_1__segment_1,validation,2024-11-04 13:09:37+00:00,2024-11-04 13:10:37+00:00,34.0,8.0,-244.8935,100.97961351108763,3.5,high,warming
BEV2_2024-11-04_fast_1,BEV2,BEV2_2024-11-04_fast_1__segment_1,validation,2024-11-04 13:09:47+00:00,2024-11-04 13:10:47+00:00,34.5,8.0,-242.65250000000003,100.92323791081868,3.5,high,warming
BEV2_2024-11-04_fast_1,BEV2,BEV2_2024-11-04_fast_1__segment_1,validation,2024-11-04 13:09:57+00:00,2024-11-04 13:10:57+00:00,35.0,8.0,-240.2455,100.68840104367563,3.25,high,warming
BEV2_2024-11-04_fast_1,BEV2,BEV2_2024-11-04_fast_1__segment_1,validation,2024-11-04 13:10:07+00:00,2024-11-04 13:11:07+00:00,35.5,7.5,-242.16550000000004,100.76508252879964,3.25,high,warming
BEV2_2024-11-04_fast_1,BEV2,BEV2_2024-11-04_fast_1__segment_1,validation,2024-11-04 13:10:17+00:00,2024-11-04 13:11:17+00:00,36.0,7.5,-241.30200000000005,100.85226969377906,3.0,high,warming
BEV2_2024-11-04_fast_1,BEV2,BEV2_2024-11-04_fast_1__segment_1,validation,2024-11-04 13:10:27+00:00,2024-11-04 13:11:27+00:00,36.75,7.5,-241.49950000000004,100.90842830326463,3.25,high,warming
BEV2_2024-11-04_fast_1,BEV2,BEV2_2024-11-04_fast_1__segment_1,validation,2024-11-04 13:10:37+00:00,2024-11-04 13:11:37+00:00,37.25,8.0,-240.16650000000004,101.04776546134444,3.25,high,warming
BEV2_2024-11-04_fast_1,BEV2,BEV2_2024-11-04_fast_1__segment_1,validation,2024-11-04 13:10:47+00:00,2024-11-04 13:11:47+00:00,37.75,8.0,-239.7365000000001,100.66330682400864,3.25,high,warming
BEV2_2024-11-04_fast_1,BEV2,BEV2_2024-11-04_fast_1__segment_1,validation,2024-11-04 13:10:57+00:00,2024-11-04 13:11:57+00:00,38.25,7.5,-240.53500000000005,100.70586984779888,3.25,high,warming
BEV2_2024-11-04_fast_1,BEV2,BEV2_2024-11-04_fast_1__segment_1,validation,2024-11-04 13:11:07+00:00,2024-11-04 13:12:07+00:00,38.75,7.5,-238.97700000000003,100.78254194518811,3.25,high,warming
BEV2_2024-11-04_fast_1,BEV2,BEV2_2024-11-04_fast_1__segment_1,validation,2024-11-04 13:11:17+00:00,2024-11-04 13:12:17+00:00,39.25,7.5,-240.30500000000004,100.89145549340174,3.25,high,warming
BEV2_2024-11-04_fast_1,BEV2,BEV2_2024-11-04_fast_1__segment_1,validation,2024-11-04 13:11:27+00:00,2024-11-04 13:12:27+00:00,39.75,7.5,-241.09450000000004,100.85493859994823,3.0,high,warming
BEV2_2024-11-04_fast_1,BEV2,BEV2_2024-11-04_fast_1__segment_1,validation,2024-11-04 13:11:37+00:00,2024-11-04 13:12:37+00:00,40.25,7.5,-240.5335000000001,100.83757681600123,3.0,high,warming
BEV2_2024-11-04_fast_1,BEV2,BEV2_2024-11-04_fast_1__segment_1,validation,2024-11-04 13:11:47+00:00,2024-11-04 13:12:47+00:00,40.75,7.5,-238.44600000000003,100.64811446509752,3.0,high,warming
BEV2_2024-11-04_fast_1,BEV2,BEV2_2024-11-04_fast_1__segment_1,validation,2024-11-04 13:11:57+00:00,2024-11-04 13:12:57+00:00,41.25,7.5,-238.8530000000001,100.70217859049264,3.0,high,warming
BEV2_2024-11-04_fast_1,BEV2,BEV2_2024-11-04_fast_1__segment_1,validation,2024-11-04 13:12:07+00:00,2024-11-04 13:13:07+00:00,41.75,7.5,-239.78400000000005,100.77751017300284,3.0,high,warming
BEV2_2024-11-04_fast_1,BEV2,BEV2_2024-11-04_fast_1__segment_1,validation,2024-11-04 13:12:17+00:00,2024-11-04 13:13:17+00:00,42.25,7.5,-238.3290000000001,100.75695376974032,3.0,high,warming
BEV2_2024-11-04_fast_1,BEV2,BEV2_2024-11-04_fast_1__segment_1,validation,2024-11-04 13:12:27+00:00,2024-11-04 13:13:27+00:00,42.75,7.5,-239.37000000000003,100.81799571791359,3.0,high,warming
BEV2_2024-11-04_fast_1,BEV2,BEV2_2024-11-04_fast_1__segment_1,validation,2024-11-04 13:12:37+00:00,2024-11-04 13:13:37+00:00,43.0,7.5,-239.5660000000001,100.92060618007916,2.75,high,warming
BEV2_2024-11-04_fast_1,BEV2,BEV2_2024-11-04_fast_1__segment_1,validation,2024-11-04 13:12:47+00:00,2024-11-04 13:13:47+00:00,43.5,7.5,-237.33900000000008,100.68784164197255,2.75,high,warming
BEV2_2024-11-04_fast_1,BEV2,BEV2_2024-11-04_fast_1__segment_1,validation,2024-11-04 13:12:57+00:00,2024-11-04 13:13:57+00:00,44.0,7.5,-236.1585000000001,100.57977862252784,2.75,high,warming
BEV2_2024-11-04_fast_1,BEV2,BEV2_2024-11-04_fast_1__segment_1,validation,2024-11-04 13:13:07+00:00,2024-11-04 13:14:07+00:00,44.5,7.5,-237.06000000000003,100.6884292068799,2.75,high,warming
BEV2_2024-11-04_fast_1,BEV2,BEV2_2024-11-04_fast_1__segment_1,validation,2024-11-04 13:13:17+00:00,2024-11-04 13:14:17+00:00,45.0,7.5,-237.63550000000004,100.72233850948327,2.75,high,warming
BEV2_2024-11-04_fast_1,BEV2,BEV2_2024-11-04_fast_1__segment_1,validation,2024-11-04 13:13:27+00:00,2024-11-04 13:14:27+00:00,45.5,7.5,-237.3935,100.81965702510031,2.75,high,warming
BEV2_2024-11-04_fast_1,BEV2,BEV2_2024-11-04_fast_1__segment_1,validation,2024-11-04 13:13:37+00:00,2024-11-04 13:14:37+00:00,45.75,7.0,-237.4495049504951,100.83255207120598,2.75,high,warming
BEV2_2024-11-04_fast_1,BEV2,BEV2_2024-11-04_fast_1__segment_1,validation,2024-11-04 13:13:47+00:00,2024-11-04 13:14:47+00:00,46.25,7.0,-238.33950000000004,100.68170270717219,2.75,high,warming
BEV2_2024-11-04_fast_1,BEV2,BEV2_2024-11-04_fast_1__segment_1,validation,2024-11-04 13:13:57+00:00,2024-11-04 13:14:57+00:00,46.75,7.5,-235.69600000000003,100.51849726029616,2.75,high,warming
BEV2_2024-11-04_fast_1,BEV2,BEV2_2024-11-04_fast_1__segment_1,validation,2024-11-04 13:14:07+00:00,2024-11-04 13:15:07+00:00,47.25,7.5,-235.48750000000004,100.54452129485767,2.75,high,warming
BEV2_2024-11-04_fast_1,BEV2,BEV2_2024-11-04_fast_1__segment_1,validation,2024-11-04 13:14:17+00:00,2024-11-04 13:15:17+00:00,47.75,7.5,-237.5275000000001,100.70977546732277,2.75,high,warming
BEV2_2024-11-04_fast_1,BEV2,BEV2_2024-11-04_fast_1__segment_1,validation,2024-11-04 13:14:27+00:00,2024-11-04 13:15:27+00:00,48.0,7.5,-235.783,100.76219636362607,2.5,high,warming
BEV2_2024-11-04_fast_1,BEV2,BEV2_2024-11-04_fast_1__segment_1,validation,2024-11-04 13:14:37+00:00,2024-11-04 13:15:37+00:00,48.5,7.5,-236.44350000000009,100.78707332428877,2.75,high,warming
BEV2_2024-11-04_fast_1,BEV2,BEV2_2024-11-04_fast_1__segment_1,validation,2024-11-04 13:14:47+00:00,2024-11-04 13:15:47+00:00,49.0,7.5,-235.9985000000001,100.83613738122,2.75,high,warming
BEV2_2024-11-04_fast_1,BEV2,BEV2_2024-11-04_fast_1__segment_1,validation,2024-11-04 13:14:57+00:00,2024-11-04 13:15:57+00:00,49.5,7.5,-235.17150000000004,100.72631821164543,2.75,high,warming
BEV2_2024-11-04_fast_1,BEV2,BEV2_2024-11-04_fast_1__segment_1,validation,2024-11-04 13:15:07+00:00,2024-11-04 13:16:07+00:00,49.75,7.5,-236.33300000000003,100.8695890988092,2.5,high,warming
BEV2_2024-11-04_fast_1,BEV2,BEV2_2024-11-04_fast_1__segment_1,validation,2024-11-04 13:15:17+00:00,2024-11-04 13:16:17+00:00,50.25,8.0,-235.44900000000004,100.91211634191896,2.5,high,warming
BEV2_2024-11-04_fast_1,BEV2,BEV2_2024-11-04_fast_1__segment_1,validation,2024-11-04 13:15:27+00:00,2024-11-04 13:16:27+00:00,50.75,7.5,-233.68400000000003,100.89487997810832,2.75,high,warming
BEV2_2024-11-04_fast_1,BEV2,BEV2_2024-11-04_fast_1__segment_1,validation,2024-11-04 13:15:37+00:00,2024-11-04 13:16:37+00:00,51.0,7.5,-233.5490000000001,100.93389513553522,2.5,high,warming
BEV2_2024-11-04_fast_1,BEV2,BEV2_2024-11-04_fast_1__segment_1,validation,2024-11-04 13:15:47+00:00,2024-11-04 13:16:47+00:00,51.5,7.5,-233.35750000000007,100.6863127823122,2.5,high,warming
BEV2_2024-11-04_fast_1,BEV2,BEV2_2024-11-04_fast_1__segment_1,validation,2024-11-04 13:15:57+00:00,2024-11-04 13:16:57+00:00,52.0,7.5,-232.99350000000007,100.73731232192925,2.5,high,warming
BEV2_2024-11-04_fast_1,BEV2,BEV2_2024-11-04_fast_1__segment_1,validation,2024-11-04 13:16:07+00:00,2024-11-04 13:17:07+00:00,52.5,7.5,-232.43900000000005,100.82014883511313,2.75,high,warming
BEV2_2024-11-04_fast_1,BEV2,BEV2_2024-11-04_fast_1__segment_1,validation,2024-11-04 13:16:17+00:00,2024-11-04 13:17:17+00:00,52.75,7.5,-233.07500000000005,100.84587648547732,2.5,high,warming
BEV2_2024-11-04_fast_1,BEV2,BEV2_2024-11-04_fast_1__segment_1,validation,2024-11-04 13:16:27+00:00,2024-11-04 13:17:27+00:00,53.25,7.5,-233.3365000000001,100.94253292439514,2.5,high,warming
BEV2_2024-11-04_fast_1,BEV2,BEV2_2024-11-04_fast_1__segment_1,validation,2024-11-04 13:16:37+00:00,2024-11-04 13:17:37+00:00,53.75,7.5,-232.2860000000001,100.73977056733045,2.75,high,warming
BEV2_2024-11-04_fast_1,BEV2,BEV2_2024-11-04_fast_1__segment_1,validation,2024-11-04 13:16:47+00:00,2024-11-04 13:17:47+00:00,54.0,7.0,-234.14600000000007,100.67707138892956,2.5,high,warming
BEV2_2024-11-04_fast_1,BEV2,BEV2_2024-11-04_fast_1__segment_1,validation,2024-11-04 13:16:57+00:00,2024-11-04 13:17:57+00:00,54.5,7.5,-234.09900000000005,100.73075329940959,2.5,high,warming
BEV2_2024-11-04_fast_1,BEV2,BEV2_2024-11-04_fast_1__segment_1,validation,2024-11-04 13:17:07+00:00,2024-11-04 13:18:07+00:00,55.0,7.5,-232.88700000000009,100.86554330699435,2.5,high,warming
BEV2_2024-11-04_fast_1,BEV2,BEV2_2024-11-04_fast_1__segment_1,validation,2024-11-04 13:17:17+00:00,2024-11-04 13:18:17+00:00,55.25,7.5,-231.9890000000001,100.92456190328454,2.5,high,warming
BEV2_2024-11-04_fast_1,BEV2,BEV2_2024-11-04_fast_1__segment_1,validation,2024-11-04 13:17:27+00:00,2024-11-04 13:18:27+00:00,55.75,7.5,-233.74350000000007,100.77995559744058,2.5,high,warming
BEV2_2024-11-04_fast_1,BEV2,BEV2_2024-11-04_fast_1__segment_1,validation,2024-11-04 13:17:37+00:00,2024-11-04 13:18:37+00:00,56.25,7.5,-233.03600000000003,100.67850583480036,2.5,high,warming
BEV2_2024-11-04_fast_1,BEV2,BEV2_2024-11-04_fast_1__segment_1,validation,2024-11-04 13:17:47+00:00,2024-11-04 13:18:47+00:00,56.5,7.5,-236.296,100.80551813096149,2.5,high,warming
BEV2_2024-11-04_fast_1,BEV2,BEV2_2024-11-04_fast_1__segment_1,validation,2024-11-04 13:17:57+00:00,2024-11-04 13:18:57+00:00,57.0,7.5,-236.59200000000004,100.90148674396472,2.5,high,warming
BEV2_2024-11-04_fast_1,BEV2,BEV2_2024-11-04_fast_1__segment_1,validation,2024-11-04 13:18:07+00:00,2024-11-04 13:19:07+00:00,57.25,7.5,-236.10500000000005,100.89625493256287,2.25,high,warming
BEV2_2024-11-04_fast_1,BEV2,BEV2_2024-11-04_fast_1__segment_1,validation,2024-11-04 13:18:17+00:00,2024-11-04 13:19:17+00:00,57.5,7.5,-251.75400000000005,100.69413346273892,2.25,high,warming
BEV2_2024-11-04_fast_1,BEV2,BEV2_2024-11-04_fast_1__segment_1,validation,2024-11-04 13:18:27+00:00,2024-11-04 13:19:27+00:00,57.75,7.5,-251.10500000000005,100.69637235701207,2.0,high,warming
BEV2_2024-11-04_fast_1,BEV2,BEV2_2024-11-04_fast_1__segment_1,validation,2024-11-04 13:18:37+00:00,2024-11-04 13:19:37+00:00,58.0,7.5,-249.95850000000007,100.83692831128428,1.75,high,warming
BEV2_2024-11-04_fast_1,BEV2,BEV2_2024-11-04_fast_1__segment_1,validation,2024-11-04 13:18:47+00:00,2024-11-04 13:19:47+00:00,58.25,7.5,-251.33600000000007,100.86748329579281,1.75,high,warming
BEV2_2024-11-04_fast_1,BEV2,BEV2_2024-11-04_fast_1__segment_1,validation,2024-11-04 13:18:57+00:00,2024-11-04 13:19:57+00:00,58.5,7.5,-250.45150000000004,100.90457117809632,1.5,high,warming
BEV2_2024-11-04_fast_1,BEV2,BEV2_2024-11-04_fast_1__segment_1,validation,2024-11-04 13:19:07+00:00,2024-11-04 13:20:07+00:00,58.75,7.5,-250.063,100.66203191598449,1.5,high,warming
BEV2_2024-11-04_fast_1,BEV2,BEV2_2024-11-04_fast_1__segment_1,validation,2024-11-04 13:19:17+00:00,2024-11-04 13:20:17+00:00,59.0,7.5,-251.58050000000003,100.69292072834098,1.5,high,warming
BEV2_2024-11-04_fast_1,BEV2,BEV2_2024-11-04_fast_1__segment_1,validation,2024-11-04 13:19:27+00:00,2024-11-04 13:20:27+00:00,59.25,7.5,-251.3615000000001,100.06867708298248,1.5,high,warming
BEV2_2024-11-04_fast_1,BEV2,BEV2_2024-11-04_fast_1__segment_1,validation,2024-11-04 13:19:37+00:00,2024-11-04 13:20:37+00:00,59.25,7.5,-251.18900000000005,99.26534651846151,1.25,high,warming
BEV2_2024-11-04_fast_1,BEV2,BEV2_2024-11-04_fast_1__segment_1,validation,2024-11-04 13:19:47+00:00,2024-11-04 13:20:47+00:00,59.5,7.5,-247.41500000000005,98.85565622502185,1.25,high,warming
BEV2_2024-11-04_fast_1,BEV2,BEV2_2024-11-04_fast_1__segment_1,validation,2024-11-04 13:19:57+00:00,2024-11-04 13:20:57+00:00,59.5,7.5,-247.03950000000003,98.34612495845812,1.0,high,warming
BEV2_2024-11-04_fast_1,BEV2,BEV2_2024-11-04_fast_1__segment_1,validation,2024-11-04 13:20:07+00:00,2024-11-04 13:21:07+00:00,59.5,7.5,-243.83250000000004,97.00567455975954,0.75,high,warming
BEV2_2024-11-04_fast_1,BEV2,BEV2_2024-11-04_fast_1__segment_1,validation,2024-11-04 13:20:17+00:00,2024-11-04 13:21:17+00:00,59.5,7.5,-242.32950000000005,94.73734035044305,0.5,high,warming
BEV2_2024-11-04_fast_1,BEV2,BEV2_2024-11-04_fast_1__segment_1,validation,2024-11-04 13:20:27+00:00,2024-11-04 13:21:27+00:00,59.75,7.5,-244.13150000000005,95.17643855449248,0.5,high,warming
BEV2_2024-11-04_fast_1,BEV2,BEV2_2024-11-04_fast_1__segment_1,validation,2024-11-04 13:20:37+00:00,2024-11-04 13:21:37+00:00,59.5,7.5,-242.31950000000003,94.8711379939978,0.25,high,stable
BEV2_2024-11-04_fast_1,BEV2,BEV2_2024-11-04_fast_1__segment_1,validation,2024-11-04 13:20:47+00:00,2024-11-04 13:21:47+00:00,59.5,7.5,-239.7535000000001,94.4628957720553,0.0,mid,stable
BEV2_2024-11-04_fast_1,BEV2,BEV2_2024-11-04_fast_1__segment_1,validation,2024-11-04 13:20:57+00:00,2024-11-04 13:21:57+00:00,59.5,7.5,-239.10150000000004,94.49557184817685,0.0,mid,stable
BEV2_2024-11-04_fast_1,BEV2,BEV2_2024-11-04_fast_1__segment_1,validation,2024-11-04 13:21:07+00:00,2024-11-04 13:22:07+00:00,59.5,7.5,-238.8110000000001,94.35286905307636,0.0,mid,stable
BEV2_2024-11-04_fast_1,BEV2,BEV2_2024-11-04_fast_1__segment_1,validation,2024-11-04 13:21:17+00:00,2024-11-04 13:22:17+00:00,59.5,7.5,-238.09000000000003,93.80803416389908,0.0,mid,stable
BEV2_2024-11-04_fast_1,BEV2,BEV2_2024-11-04_fast_1__segment_1,validation,2024-11-04 13:21:27+00:00,2024-11-04 13:22:27+00:00,59.25,7.5,-235.26400000000004,92.29295435707719,-0.5,mid,cooling
BEV2_2024-11-04_fast_1,BEV2,BEV2_2024-11-04_fast_1__segment_1,validation,2024-11-04 13:21:37+00:00,2024-11-04 13:22:37+00:00,59.25,7.5,-233.75600000000009,91.8783187659004,-0.25,mid,stable
BEV2_2024-11-04_fast_1,BEV2,BEV2_2024-11-04_fast_1__segment_1,validation,2024-11-04 13:21:47+00:00,2024-11-04 13:22:47+00:00,59.25,7.5,-232.06400000000005,91.32768794292868,-0.25,mid,stable
BEV2_2024-11-04_fast_1,BEV2,BEV2_2024-11-04_fast_1__segment_1,validation,2024-11-04 13:21:57+00:00,2024-11-04 13:22:57+00:00,59.25,7.5,-231.15650000000005,91.164945820996,-0.25,mid,stable
BEV2_2024-11-04_fast_1,BEV2,BEV2_2024-11-04_fast_1__segment_1,validation,2024-11-04 13:22:07+00:00,2024-11-04 13:23:07+00:00,59.0,7.5,-229.73950000000005,91.03710155695866,-0.5,mid,cooling
BEV2_2024-11-04_fast_1,BEV2,BEV2_2024-11-04_fast_1__segment_1,validation,2024-11-04 13:22:17+00:00,2024-11-04 13:23:17+00:00,58.25,7.5,-227.57450000000009,91.35779371091809,-1.25,mid,cooling
BEV2_2024-11-04_fast_1,BEV2,BEV2_2024-11-04_fast_1__segment_1,validation,2024-11-04 13:22:27+00:00,2024-11-04 13:23:27+00:00,57.75,8.5,-227.09250000000003,90.91452998120252,-1.5,mid,cooling
BEV2_2024-11-04_fast_1,BEV2,BEV2_2024-11-04_fast_1__segment_1,validation,2024-11-04 13:22:37+00:00,2024-11-04 13:23:37+00:00,57.25,8.5,-224.92000000000004,90.08792673942247,-2.0,mid,cooling
BEV2_2024-11-04_fast_1,BEV2,BEV2_2024-11-04_fast_1__segment_1,validation,2024-11-04 13:22:47+00:00,2024-11-04 13:23:47+00:00,56.75,11.0,-222.94950000000009,89.39194572650473,-2.5,mid,cooling
BEV2_2024-11-04_fast_1,BEV2,BEV2_2024-11-04_fast_1__segment_1,validation,2024-11-04 13:22:57+00:00,2024-11-04 13:23:57+00:00,56.75,16.0,-221.53850000000008,88.57399368463427,-2.5,mid,cooling
BEV2_2024-11-04_fast_1,BEV2,BEV2_2024-11-04_fast_1__segment_1,validation,2024-11-04 13:23:07+00:00,2024-11-04 13:24:07+00:00,56.75,19.5,-219.5455000000001,87.89441384899905,-2.25,mid,cooling
BEV2_2024-11-04_fast_1,BEV2,BEV2_2024-11-04_fast_1__segment_1,validation,2024-11-04 13:23:17+00:00,2024-11-04 13:24:17+00:00,56.75,21.0,-219.22600000000008,86.84393888249252,-1.5,mid,cooling
BEV2_2024-11-04_fast_1,BEV2,BEV2_2024-11-04_fast_1__segment_1,validation,2024-11-04 13:23:27+00:00,2024-11-04 13:24:27+00:00,56.75,22.0,-214.9265000000001,86.31842604356781,-1.0,mid,cooling
BEV2_2024-11-04_fast_1,BEV2,BEV2_2024-11-04_fast_1__segment_1,validation,2024-11-04 13:23:37+00:00,2024-11-04 13:24:37+00:00,56.75,23.0,-216.48800000000008,85.94201124652491,-0.5,mid,cooling
BEV2_2024-11-04_fast_1,BEV2,BEV2_2024-11-04_fast_1__segment_1,validation,2024-11-04 13:23:47+00:00,2024-11-04 13:24:47+00:00,56.75,23.5,-213.37500000000003,85.47970999538619,0.0,mid,stable
BEV2_2024-11-04_fast_1,BEV2,BEV2_2024-11-04_fast_1__segment_1,validation,2024-11-04 13:23:57+00:00,2024-11-04 13:24:57+00:00,56.75,24.0,-212.79950000000005,84.92260131356731,0.0,mid,stable
BEV2_2024-11-04_fast_1,BEV2,BEV2_2024-11-04_fast_1__segment_1,validation,2024-11-04 13:24:07+00:00,2024-11-04 13:25:07+00:00,57.0,25.0,-210.06450000000004,82.72784505790854,0.25,mid,stable
BEV2_2024-11-04_fast_1,BEV2,BEV2_2024-11-04_fast_1__segment_1,validation,2024-11-04 13:24:17+00:00,2024-11-04 13:25:17+00:00,57.0,26.0,-209.0960000000001,83.27619069166373,0.25,mid,stable
BEV2_2024-11-04_fast_1,BEV2,BEV2_2024-11-04_fast_1__segment_1,validation,2024-11-04 13:24:27+00:00,2024-11-04 13:25:27+00:00,57.0,26.5,-208.9235,83.31363133821726,0.25,mid,stable
BEV2_2024-11-04_fast_1,BEV2,BEV2_2024-11-04_fast_1__segment_1,validation,2024-11-04 13:24:37+00:00,2024-11-04 13:25:37+00:00,57.0,27.5,-206.71950000000004,82.94281790746045,0.25,mid,stable
BEV2_2024-11-04_fast_1,BEV2,BEV2_2024-11-04_fast_1__segment_1,validation,2024-11-04 13:24:47+00:00,2024-11-04 13:25:47+00:00,57.25,28.0,-206.0255,82.36575749978576,0.5,mid,warming
BEV2_2024-11-04_fast_1,BEV2,BEV2_2024-11-04_fast_1__segment_1,validation,2024-11-04 13:24:57+00:00,2024-11-04 13:25:57+00:00,57.25,28.0,-205.22250000000005,82.13710140991799,0.5,mid,warming
BEV2_2024-11-04_fast_1,BEV2,BEV2_2024-11-04_fast_1__segment_1,validation,2024-11-04 13:25:07+00:00,2024-11-04 13:26:07+00:00,57.25,28.5,-204.58350000000007,81.81451030497202,0.25,mid,stable
BEV2_2024-11-04_fast_1,BEV2,BEV2_2024-11-04_fast_1__segment_1,validation,2024-11-04 13:25:17+00:00,2024-11-04 13:26:17+00:00,57.5,29.0,-202.63800000000003,80.59286737590162,0.5,mid,warming
BEV2_2024-11-04_fast_1,BEV2,BEV2_2024-11-04_fast_1__segment_1,validation,2024-11-04 13:25:27+00:00,2024-11-04 13:26:27+00:00,57.5,29.0,-200.80600000000007,80.39357923171563,0.5,mid,warming
BEV2_2024-11-04_fast_1,BEV2,BEV2_2024-11-04_fast_1__segment_1,validation,2024-11-04 13:25:37+00:00,2024-11-04 13:26:37+00:00,57.5,30.0,-202.22450000000003,80.47101860207755,0.5,mid,warming
BEV2_2024-11-04_fast_1,BEV2,BEV2_2024-11-04_fast_1__segment_1,validation,2024-11-04 13:25:47+00:00,2024-11-04 13:26:47+00:00,57.75,30.5,-201.30350000000007,80.29516970038729,0.5,mid,warming
BEV2_2024-11-04_fast_1,BEV2,BEV2_2024-11-04_fast_1__segment_1,validation,2024-11-04 13:25:57+00:00,2024-11-04 13:26:57+00:00,57.75,31.0,-199.10750000000004,79.82657153228332,0.5,mid,warming
BEV2_2024-11-04_fast_1,BEV2,BEV2_2024-11-04_fast_1__segment_1,validation,2024-11-04 13:26:07+00:00,2024-11-04 13:27:07+00:00,57.75,31.0,-198.00200000000004,79.31838614501851,0.5,mid,warming
BEV2_2024-11-04_fast_1,BEV2,BEV2_2024-11-04_fast_1__segment_1,validation,2024-11-04 13:26:17+00:00,2024-11-04 13:27:17+00:00,58.0,31.5,-195.80350000000007,79.01295673115875,0.5,mid,warming
BEV2_2024-11-04_fast_1,BEV2,BEV2_2024-11-04_fast_1__segment_1,validation,2024-11-04 13:26:27+00:00,2024-11-04 13:27:27+00:00,58.0,31.5,-196.41850000000005,78.80596726488793,0.5,mid,warming
BEV2_2024-11-04_fast_1,BEV2,BEV2_2024-11-04_fast_1__segment_1,validation,2024-11-04 13:26:37+00:00,2024-11-04 13:27:37+00:00,58.0,31.5,-195.783,77.401393595248,0.5,mid,warming
BEV2_2024-11-04_fast_1,BEV2,BEV2_2024-11-04_fast_1__segment_1,validation,2024-11-04 13:26:47+00:00,2024-11-04 13:27:47+00:00,58.25,32.0,-195.59800000000007,78.05646747349812,0.5,mid,warming
BEV2_2024-11-04_fast_1,BEV2,BEV2_2024-11-04_fast_1__segment_1,validation,2024-11-04 13:26:57+00:00,2024-11-04 13:27:57+00:00,58.25,32.0,-194.7155,78.27396551641114,0.5,mid,warming
BEV2_2024-11-04_fast_1,BEV2,BEV2_2024-11-04_fast_1__segment_1,validation,2024-11-04 13:27:07+00:00,2024-11-04 13:28:07+00:00,58.25,32.0,-193.75850000000003,78.11712833328451,0.5,mid,warming
BEV2_2024-11-04_fast_1,BEV2,BEV2_2024-11-04_fast_1__segment_1,validation,2024-11-04 13:27:17+00:00,2024-11-04 13:28:17+00:00,58.5,32.0,-193.36950000000004,77.75118241617682,0.5,mid,warming
BEV2_2024-11-04_fast_1,BEV2,BEV2_2024-11-04_fast_1__segment_1,validation,2024-11-04 13:27:27+00:00,2024-11-04 13:28:27+00:00,58.5,31.5,-192.88850000000005,77.51989759964464,0.5,mid,warming
BEV2_2024-11-04_fast_1,BEV2,BEV2_2024-11-04_fast_1__segment_1,validation,2024-11-04 13:27:37+00:00,2024-11-04 13:28:37+00:00,58.75,32.0,-191.30100000000004,77.41634294593938,0.75,mid,warming
BEV2_2024-11-04_fast_1,BEV2,BEV2_2024-11-04_fast_1__segment_1,validation,2024-11-04 13:27:47+00:00,2024-11-04 13:28:47+00:00,58.75,31.5,-191.90200000000004,77.20366633630888,0.5,mid,warming
BEV2_2024-11-04_fast_1,BEV2,BEV2_2024-11-04_fast_1__segment_1,validation,2024-11-04 13:27:57+00:00,2024-11-04 13:28:57+00:00,58.75,32.0,-191.37950000000004,77.1057026419152,0.5,mid,warming
BEV2_2024-11-04_fast_1,BEV2,BEV2_2024-11-04_fast_1__segment_1,validation,2024-11-04 13:28:07+00:00,2024-11-04 13:29:07+00:00,59.0,31.0,-191.148,76.13962410824392,0.75,mid,warming
BEV2_2024-11-04_fast_1,BEV2,BEV2_2024-11-04_fast_1__segment_1,validation,2024-11-04 13:28:17+00:00,2024-11-04 13:29:17+00:00,59.0,24.0,-189.74600000000007,76.41202500359728,0.5,mid,warming
BEV2_2024-11-04_fast_1,BEV2,BEV2_2024-11-04_fast_1__segment_1,validation,2024-11-04 13:28:27+00:00,2024-11-04 13:29:27+00:00,59.0,20.0,-189.2715000000001,76.77037098615554,0.5,mid,warming
BEV2_2024-11-04_fast_1,BEV2,BEV2_2024-11-04_fast_1__segment_1,validation,2024-11-04 13:28:37+00:00,2024-11-04 13:29:37+00:00,59.25,18.0,-189.65750000000003,76.82754046691969,0.5,mid,warming
BEV2_2024-11-04_fast_1,BEV2,BEV2_2024-11-04_fast_1__segment_1,validation,2024-11-04 13:28:47+00:00,2024-11-04 13:29:47+00:00,59.25,16.5,-188.80750000000003,76.44251438125096,0.5,mid,warming
BEV2_2024-11-04_fast_1,BEV2,BEV2_2024-11-04_fast_1__segment_1,validation,2024-11-04 13:28:57+00:00,2024-11-04 13:29:57+00:00,59.25,15.0,-187.05200000000005,76.11620380215028,0.5,mid,warming
BEV2_2024-11-04_fast_1,BEV2,BEV2_2024-11-04_fast_1__segment_1,validation,2024-11-04 13:29:07+00:00,2024-11-04 13:30:07+00:00,59.25,14.0,-184.96650000000005,75.73933742824347,0.25,mid,stable
BEV2_2024-11-04_fast_1,BEV2,BEV2_2024-11-04_fast_1__segment_1,validation,2024-11-04 13:29:17+00:00,2024-11-04 13:30:17+00:00,59.25,13.5,-185.70700000000005,74.88889963986813,0.25,mid,stable
BEV2_2024-11-04_fast_1,BEV2,BEV2_2024-11-04_fast_1__segment_1,validation,2024-11-04 13:29:27+00:00,2024-11-04 13:30:27+00:00,59.25,13.0,-184.12700000000004,74.51552121175484,0.25,mid,stable
BEV2_2024-11-04_fast_1,BEV2,BEV2_2024-11-04_fast_1__segment_1,validation,2024-11-04 13:29:37+00:00,2024-11-04 13:30:37+00:00,59.25,13.0,-184.24600000000007,74.36706067752931,0.0,mid,stable
BEV2_2024-11-04_fast_1,BEV2,BEV2_2024-11-04_fast_1__segment_1,validation,2024-11-04 13:29:47+00:00,2024-11-04 13:30:47+00:00,59.25,12.5,-182.66950000000008,74.09613945010616,0.0,mid,stable
BEV2_2024-11-04_fast_1,BEV2,BEV2_2024-11-04_fast_1__segment_1,validation,2024-11-04 13:29:57+00:00,2024-11-04 13:30:57+00:00,59.25,12.0,-181.11500000000004,73.47882990750396,0.0,mid,stable
BEV2_2024-11-04_fast_1,BEV2,BEV2_2024-11-04_fast_1__segment_1,validation,2024-11-04 13:30:07+00:00,2024-11-04 13:31:07+00:00,59.0,12.0,-181.11450000000005,73.0641185170745,-0.25,mid,stable
BEV2_2024-11-04_fast_1,BEV2,BEV2_2024-11-04_fast_1__segment_1,validation,2024-11-04 13:30:17+00:00,2024-11-04 13:31:17+00:00,59.0,11.5,-179.91800000000003,72.15923927001106,-0.25,mid,stable
BEV2_2024-11-04_fast_1,BEV2,BEV2_2024-11-04_fast_1__segment_1,validation,2024-11-04 13:30:27+00:00,2024-11-04 13:31:27+00:00,59.0,11.0,-179.28400000000005,72.40049568475736,-0.25,mid,stable
BEV2_2024-11-04_fast_1,BEV2,BEV2_2024-11-04_fast_1__segment_1,validation,2024-11-04 13:30:37+00:00,2024-11-04 13:31:37+00:00,59.0,11.0,-179.04150000000004,72.50710301522862,-0.25,mid,stable
BEV2_2024-11-04_fast_1,BEV2,BEV2_2024-11-04_fast_1__segment_1,validation,2024-11-04 13:30:47+00:00,2024-11-04 13:31:47+00:00,59.0,11.0,-176.81050000000002,72.12760335490054,-0.25,mid,stable
BEV2_2024-11-04_fast_1,BEV2,BEV2_2024-11-04_fast_1__segment_1,validation,2024-11-04 13:30:57+00:00,2024-11-04 13:31:57+00:00,58.75,11.0,-177.04950000000005,71.74801593266352,-0.5,mid,cooling
BEV2_2024-11-04_fast_1,BEV2,BEV2_2024-11-04_fast_1__segment_1,validation,2024-11-04 13:31:07+00:00,2024-11-04 13:32:07+00:00,58.75,10.5,-175.79550000000003,71.47093570750972,-0.25,mid,stable
BEV2_2024-11-04_fast_1,BEV2,BEV2_2024-11-04_fast_1__segment_1,validation,2024-11-04 13:31:17+00:00,2024-11-04 13:32:17+00:00,58.75,10.5,-174.04150000000004,71.29198134316206,-0.25,mid,stable
BEV2_2024-11-04_fast_1,BEV2,BEV2_2024-11-04_fast_1__segment_1,validation,2024-11-04 13:31:27+00:00,2024-11-04 13:32:27+00:00,58.75,10.5,-174.08300000000003,70.92712665634244,-0.25,mid,stable
BEV2_2024-11-04_fast_1,BEV2,BEV2_2024-11-04_fast_1__segment_1,validation,2024-11-04 13:31:37+00:00,2024-11-04 13:32:37+00:00,58.5,10.0,-173.17227722772282,70.59324119453306,-0.5,mid,cooling
BEV2_2024-11-04_fast_1,BEV2,BEV2_2024-11-04_fast_1__segment_1,validation,2024-11-04 13:31:47+00:00,2024-11-04 13:32:47+00:00,58.5,10.0,-172.74650000000003,70.40304686853936,-0.5,mid,cooling
BEV2_2024-11-04_fast_1,BEV2,BEV2_2024-11-04_fast_1__segment_1,validation,2024-11-04 13:31:57+00:00,2024-11-04 13:32:57+00:00,58.5,10.0,-170.90500000000003,69.87553835813802,-0.25,mid,stable
BEV2_2024-11-04_fast_1,BEV2,BEV2_2024-11-04_fast_1__segment_1,validation,2024-11-04 13:32:07+00:00,2024-11-04 13:33:07+00:00,58.5,10.0,-171.19300000000007,69.54069277246194,-0.25,mid,stable
BEV2_2024-11-04_fast_1,BEV2,BEV2_2024-11-04_fast_1__segment_1,validation,2024-11-04 13:32:17+00:00,2024-11-04 13:33:17+00:00,58.5,10.0,-169.95550000000003,69.27145093032044,-0.25,mid,stable
BEV2_2024-11-04_fast_1,BEV2,BEV2_2024-11-04_fast_1__segment_1,validation,2024-11-04 13:32:27+00:00,2024-11-04 13:33:27+00:00,58.25,9.5,-169.43450000000004,68.88731480190661,-0.5,mid,cooling
BEV2_2024-11-04_fast_1,BEV2,BEV2_2024-11-04_fast_1__segment_1,validation,2024-11-04 13:32:37+00:00,2024-11-04 13:33:37+00:00,58.25,9.5,-167.86400000000006,68.50498567832294,-0.25,low,stable
BEV2_2024-11-04_fast_1,BEV2,BEV2_2024-11-04_fast_1__segment_1,validation,2024-11-04 13:32:47+00:00,2024-11-04 13:33:47+00:00,58.25,9.5,-166.61800000000005,68.06461428286374,-0.25,low,stable
BEV2_2024-11-04_fast_1,BEV2,BEV2_2024-11-04_fast_1__segment_1,validation,2024-11-04 13:32:57+00:00,2024-11-04 13:33:57+00:00,58.25,9.5,-166.53600000000006,67.9288011194789,-0.25,low,stable
BEV2_2024-11-04_fast_1,BEV2,BEV2_2024-11-04_fast_1__segment_1,validation,2024-11-04 13:33:07+00:00,2024-11-04 13:34:07+00:00,58.25,9.5,-164.84900000000005,67.34238376881773,-0.25,low,stable
BEV2_2024-11-04_fast_1,BEV2,BEV2_2024-11-04_fast_1__segment_1,validation,2024-11-04 13:33:17+00:00,2024-11-04 13:34:17+00:00,58.0,9.5,-163.94200000000004,67.08761244925083,-0.5,low,cooling
BEV2_2024-11-04_fast_1,BEV2,BEV2_2024-11-04_fast_1__segment_1,validation,2024-11-04 13:33:27+00:00,2024-11-04 13:34:27+00:00,58.0,9.5,-162.48600000000005,66.60960712719051,-0.25,low,stable
BEV2_2024-11-04_fast_1,BEV2,BEV2_2024-11-04_fast_1__segment_1,validation,2024-11-04 13:33:37+00:00,2024-11-04 13:34:37+00:00,58.0,9.5,-161.01050000000004,66.11252834209397,-0.25,low,stable
BEV2_2024-11-04_fast_1,BEV2,BEV2_2024-11-04_fast_1__segment_1,validation,2024-11-04 13:33:47+00:00,2024-11-04 13:34:47+00:00,58.0,9.5,-160.71950000000004,65.87317345325575,-0.25,low,stable
BEV2_2024-11-04_fast_1,BEV2,BEV2_2024-11-04_fast_1__segment_1,validation,2024-11-04 13:33:57+00:00,2024-11-04 13:34:57+00:00,57.75,9.5,-159.10150000000004,65.39440348678846,-0.5,low,cooling
BEV2_2024-11-04_fast_1,BEV2,BEV2_2024-11-04_fast_1__segment_1,validation,2024-11-04 13:34:07+00:00,2024-11-04 13:35:07+00:00,57.75,9.5,-157.04750000000004,64.9649544256753,-0.5,low,cooling
BEV2_2024-11-04_fast_1,BEV2,BEV2_2024-11-04_fast_1__segment_1,validation,2024-11-04 13:34:17+00:00,2024-11-04 13:35:17+00:00,57.75,9.5,-156.97400000000005,64.54696612572968,-0.25,low,stable
BEV2_2024-11-04_fast_1,BEV2,BEV2_2024-11-04_fast_1__segment_1,validation,2024-11-04 13:34:27+00:00,2024-11-04 13:35:27+00:00,57.75,9.5,-156.54150000000004,64.09981651755531,-0.25,low,stable
BEV2_2024-11-04_fast_1,BEV2,BEV2_2024-11-04_fast_1__segment_1,validation,2024-11-04 13:34:37+00:00,2024-11-04 13:35:37+00:00,57.5,9.5,-153.74750000000003,63.588610479111075,-0.5,low,cooling
BEV2_2024-11-04_fast_1,BEV2,BEV2_2024-11-04_fast_1__segment_1,validation,2024-11-04 13:34:47+00:00,2024-11-04 13:35:47+00:00,57.5,10.0,-152.57850000000005,62.99210844826511,-0.5,low,cooling
BEV2_2024-11-04_fast_1,BEV2,BEV2_2024-11-04_fast_1__segment_1,validation,2024-11-04 13:34:57+00:00,2024-11-04 13:35:57+00:00,57.5,10.0,-150.89350000000005,62.04058455127186,-0.25,low,stable
BEV2_2024-11-04_fast_1,BEV2,BEV2_2024-11-04_fast_1__segment_1,validation,2024-11-04 13:35:07+00:00,2024-11-04 13:36:07+00:00,57.5,9.5,-147.81300000000005,60.9876943620114,-0.25,low,stable
BEV2_2024-11-04_fast_1,BEV2,BEV2_2024-11-04_fast_1__segment_1,validation,2024-11-04 13:35:17+00:00,2024-11-04 13:36:17+00:00,57.5,9.5,-146.77500000000003,60.25095169749267,-0.25,low,stable
BEV2_2024-11-04_fast_1,BEV2,BEV2_2024-11-04_fast_1__segment_1,validation,2024-11-04 13:35:27+00:00,2024-11-04 13:36:27+00:00,57.25,9.5,-143.67450000000005,59.24672924182409,-0.5,low,cooling
BEV2_2024-11-04_fast_1,BEV2,BEV2_2024-11-04_fast_1__segment_1,validation,2024-11-04 13:35:37+00:00,2024-11-04 13:36:37+00:00,57.25,9.5,-141.77200000000005,58.260737874341,-0.25,low,stable
BEV2_2024-11-04_fast_1,BEV2,BEV2_2024-11-04_fast_1__segment_1,validation,2024-11-04 13:35:47+00:00,2024-11-04 13:36:47+00:00,57.25,9.5,-139.58150000000006,57.60348915299086,-0.25,low,stable
BEV2_2024-11-04_fast_1,BEV2,BEV2_2024-11-04_fast_1__segment_1,validation,2024-11-04 13:35:57+00:00,2024-11-04 13:36:57+00:00,57.25,9.5,-137.43850000000003,56.66563310042847,-0.25,low,stable
BEV2_2024-11-04_fast_1,BEV2,BEV2_2024-11-04_fast_1__segment_1,validation,2024-11-04 13:36:07+00:00,2024-11-04 13:37:07+00:00,57.0,9.5,-135.59250000000003,55.923478701865726,-0.5,low,cooling
BEV2_2024-11-04_fast_1,BEV2,BEV2_2024-11-04_fast_1__segment_1,validation,2024-11-04 13:36:17+00:00,2024-11-04 13:37:17+00:00,57.0,9.5,-132.46250000000003,55.1969079429987,-0.5,low,cooling
BEV2_2024-11-04_fast_1,BEV2,BEV2_2024-11-04_fast_1__segment_1,validation,2024-11-04 13:36:27+00:00,2024-11-04 13:37:27+00:00,57.0,9.5,-133.01150000000004,54.60511142032209,-0.25,low,stable
BEV2_2024-11-04_fast_1,BEV2,BEV2_2024-11-04_fast_1__segment_1,validation,2024-11-04 13:36:37+00:00,2024-11-04 13:37:37+00:00,56.75,10.0,-130.12200000000004,53.80172629965112,-0.5,low,cooling
BEV2_2024-11-04_fast_1,BEV2,BEV2_2024-11-04_fast_1__segment_1,validation,2024-11-04 13:36:47+00:00,2024-11-04 13:37:47+00:00,56.75,10.0,-127.76850000000005,53.09685440454442,-0.5,low,cooling
BEV2_2024-11-04_fast_1,BEV2,BEV2_2024-11-04_fast_1__segment_1,validation,2024-11-04 13:36:57+00:00,2024-11-04 13:37:57+00:00,56.75,9.5,-127.60400000000006,52.57296360525304,-0.5,low,cooling
BEV2_2024-11-04_fast_1,BEV2,BEV2_2024-11-04_fast_1__segment_1,validation,2024-11-04 13:37:07+00:00,2024-11-04 13:38:07+00:00,56.75,10.0,-125.04450000000004,51.85949259875358,-0.25,low,stable
BEV2_2024-11-04_fast_1,BEV2,BEV2_2024-11-04_fast_1__segment_1,validation,2024-11-04 13:37:17+00:00,2024-11-04 13:38:17+00:00,56.5,10.0,-124.84200000000004,51.434853705641274,-0.5,low,cooling
BEV2_2024-11-04_fast_1,BEV2,BEV2_2024-11-04_fast_1__segment_1,validation,2024-11-04 13:37:27+00:00,2024-11-04 13:38:27+00:00,56.5,10.0,-122.65450000000004,50.735027905720855,-0.5,low,cooling
BEV2_2024-11-04_fast_1,BEV2,BEV2_2024-11-04_fast_1__segment_1,validation,2024-11-04 13:37:37+00:00,2024-11-04 13:38:37+00:00,56.5,10.0,-121.70900000000005,50.20157626184408,-0.25,low,stable
BEV2_2024-11-04_fast_1,BEV2,BEV2_2024-11-04_fast_1__segment_1,validation,2024-11-04 13:37:47+00:00,2024-11-04 13:38:47+00:00,56.25,10.0,-118.78350000000005,49.617957582668495,-0.5,low,cooling
BEV2_2024-11-04_fast_1,BEV2,BEV2_2024-11-04_fast_1__segment_1,validation,2024-11-04 13:37:57+00:00,2024-11-04 13:38:57+00:00,56.25,10.0,-118.62950000000004,49.01961534123348,-0.5,low,cooling
BEV2_2024-11-04_fast_1,BEV2,BEV2_2024-11-04_fast_1__segment_1,validation,2024-11-04 13:38:07+00:00,2024-11-04 13:39:07+00:00,56.25,10.0,-117.43600000000004,48.597312492037965,-0.5,low,cooling
BEV2_2024-11-04_fast_1,BEV2,BEV2_2024-11-04_fast_1__segment_1,validation,2024-11-04 13:38:17+00:00,2024-11-04 13:39:17+00:00,56.0,9.5,-116.30100000000004,48.19775945009768,-0.5,low,cooling
BEV2_2024-11-04_fast_1,BEV2,BEV2_2024-11-04_fast_1__segment_1,validation,2024-11-04 13:38:27+00:00,2024-11-04 13:39:27+00:00,56.0,9.5,-114.28000000000006,47.613043049685984,-0.5,low,cooling
BEV2_2024-11-04_fast_1,BEV2,BEV2_2024-11-04_fast_1__segment_1,validation,2024-11-04 13:38:37+00:00,2024-11-04 13:39:37+00:00,56.0,9.5,-113.58600000000004,47.21227727334776,-0.5,low,cooling
BEV2_2024-11-04_fast_1,BEV2,BEV2_2024-11-04_fast_1__segment_1,validation,2024-11-04 13:38:47+00:00,2024-11-04 13:39:47+00:00,56.0,9.5,-113.53400000000003,46.848586665637974,-0.25,low,stable
BEV2_2024-11-04_fast_1,BEV2,BEV2_2024-11-04_fast_1__segment_1,validation,2024-11-04 13:38:57+00:00,2024-11-04 13:39:57+00:00,55.75,9.5,-110.94350000000004,46.262221242561054,-0.5,low,cooling
BEV2_2024-11-04_fast_1,BEV2,BEV2_2024-11-04_fast_1__segment_1,validation,2024-11-04 13:39:07+00:00,2024-11-04 13:40:07+00:00,55.75,10.0,-110.40550000000005,45.82648792451354,-0.5,low,cooling
BEV2_2024-11-04_fast_1,BEV2,BEV2_2024-11-04_fast_1__segment_1,validation,2024-11-04 13:39:17+00:00,2024-11-04 13:40:17+00:00,55.75,10.0,-108.87450000000004,45.60326926426092,-0.25,low,stable
BEV2_2024-11-04_fast_1,BEV2,BEV2_2024-11-04_fast_1__segment_1,validation,2024-11-04 13:39:27+00:00,2024-11-04 13:40:27+00:00,55.5,11.0,-109.76850000000005,45.23036885960144,-0.5,low,cooling
BEV2_2024-11-04_fast_1,BEV2,BEV2_2024-11-04_fast_1__segment_1,validation,2024-11-04 13:39:37+00:00,2024-11-04 13:40:37+00:00,55.5,11.5,-107.27100000000004,45.06205058415603,-0.5,low,cooling
BEV2_2024-11-04_fast_1,BEV2,BEV2_2024-11-04_fast_1__segment_1,validation,2024-11-04 13:39:47+00:00,2024-11-04 13:40:47+00:00,55.5,12.5,-107.60450000000004,44.76247573719979,-0.5,low,cooling
BEV2_2024-11-04_fast_1,BEV2,BEV2_2024-11-04_fast_1__segment_1,validation,2024-11-04 13:39:57+00:00,2024-11-04 13:40:57+00:00,55.5,12.5,-107.28250000000004,44.33642975675798,-0.25,low,stable
BEV2_2024-11-04_fast_1,BEV2,BEV2_2024-11-04_fast_1__segment_1,validation,2024-11-04 13:40:07+00:00,2024-11-04 13:41:07+00:00,55.5,13.0,-106.46900000000004,44.004893696270855,-0.25,low,stable
BEV2_2024-11-04_fast_1,BEV2,BEV2_2024-11-04_fast_1__segment_1,validation,2024-11-04 13:40:17+00:00,2024-11-04 13:41:17+00:00,55.25,13.5,-104.69550000000004,43.7834222812111,-0.5,low,cooling
BEV2_2024-11-04_fast_1,BEV2,BEV2_2024-11-04_fast_1__segment_1,validation,2024-11-04 13:40:27+00:00,2024-11-04 13:41:27+00:00,55.25,14.0,-105.90500000000006,42.54831530202039,-0.25,low,stable
BEV2_2024-11-04_fast_1,BEV2,BEV2_2024-11-04_fast_1__segment_1,validation,2024-11-04 13:40:37+00:00,2024-11-04 13:41:37+00:00,55.25,14.5,-104.33900000000006,43.00757712651014,-0.25,low,stable
BEV2_2024-11-04_fast_1,BEV2,BEV2_2024-11-04_fast_1__segment_1,validation,2024-11-04 13:40:47+00:00,2024-11-04 13:41:47+00:00,55.25,15.0,-104.30200000000004,43.06151347142415,-0.25,low,stable
BEV2_2024-11-04_fast_1,BEV2,BEV2_2024-11-04_fast_1__segment_1,validation,2024-11-04 13:40:57+00:00,2024-11-04 13:41:57+00:00,55.25,15.5,-102.74250000000004,42.86661154513736,-0.25,low,stable
BEV2_2024-11-04_fast_1,BEV2,BEV2_2024-11-04_fast_1__segment_1,validation,2024-11-04 13:41:07+00:00,2024-11-04 13:42:07+00:00,55.25,15.5,-102.31900000000005,42.560126896246764,-0.25,low,stable
BEV2_2024-11-04_fast_1,BEV2,BEV2_2024-11-04_fast_1__segment_1,validation,2024-11-04 13:41:17+00:00,2024-11-04 13:42:17+00:00,55.25,15.5,-102.30900000000004,42.33724479969623,0.0,low,stable
BEV2_2024-11-04_fast_1,BEV2,BEV2_2024-11-04_fast_1__segment_1,validation,2024-11-04 13:41:27+00:00,2024-11-04 13:42:27+00:00,55.25,15.5,-100.58150000000003,42.20359285378493,0.0,low,stable
BEV2_2024-11-04_fast_1,BEV2,BEV2_2024-11-04_fast_1__segment_1,validation,2024-11-04 13:41:37+00:00,2024-11-04 13:42:37+00:00,55.25,15.5,-100.72400000000005,42.00421887888115,0.0,low,stable
BEV2_2024-11-04_fast_1,BEV2,BEV2_2024-11-04_fast_1__segment_1,validation,2024-11-04 13:41:47+00:00,2024-11-04 13:42:47+00:00,55.25,16.0,-101.64250000000004,41.92687032814747,0.0,low,stable
BEV2_2024-11-04_fast_1,BEV2,BEV2_2024-11-04_fast_1__segment_1,validation,2024-11-04 13:41:57+00:00,2024-11-04 13:42:57+00:00,55.25,16.5,-100.84100000000004,40.59644935610911,0.0,low,stable
BEV2_2024-11-04_fast_1,BEV2,BEV2_2024-11-04_fast_1__segment_1,validation,2024-11-04 13:42:07+00:00,2024-11-04 13:43:07+00:00,55.25,16.5,-100.15150000000006,41.19002198455747,0.0,low,stable
BEV2_2024-11-04_fast_1,BEV2,BEV2_2024-11-04_fast_1__segment_1,validation,2024-11-04 13:42:17+00:00,2024-11-04 13:43:17+00:00,55.0,17.0,-97.99350000000004,41.228369647221086,-0.25,low,stable
BEV2_2024-11-04_fast_1,BEV2,BEV2_2024-11-04_fast_1__segment_1,validation,2024-11-04 13:42:27+00:00,2024-11-04 13:43:27+00:00,55.0,17.5,-99.22800000000004,40.194822858604226,-0.25,low,stable
BEV2_2024-11-04_fast_1,BEV2,BEV2_2024-11-04_fast_1__segment_1,validation,2024-11-04 13:42:37+00:00,2024-11-04 13:43:37+00:00,55.0,17.5,-98.88400000000006,40.606043191876644,-0.25,low,stable
BEV2_2024-11-04_fast_1,BEV2,BEV2_2024-11-04_fast_1__segment_1,validation,2024-11-04 13:42:47+00:00,2024-11-04 13:43:47+00:00,55.0,18.0,-97.58400000000005,40.71899759663886,-0.25,low,stable
BEV2_2024-11-04_fast_1,BEV2,BEV2_2024-11-04_fast_1__segment_1,validation,2024-11-04 13:42:57+00:00,2024-11-04 13:43:57+00:00,55.0,18.5,-98.60050000000004,40.58168067907863,-0.25,low,stable
BEV2_2024-11-04_fast_1,BEV2,BEV2_2024-11-04_fast_1__segment_1,validation,2024-11-04 13:43:07+00:00,2024-11-04 13:44:07+00:00,55.0,18.5,-95.96800000000005,40.42000972450379,-0.25,low,stable
BEV2_2024-11-04_fast_1,BEV2,BEV2_2024-11-04_fast_1__segment_1,validation,2024-11-04 13:43:17+00:00,2024-11-04 13:44:17+00:00,55.0,19.0,-96.72150000000003,40.241341659244064,0.0,low,stable
BEV2_2024-11-04_fast_1,BEV2,BEV2_2024-11-04_fast_1__segment_1,validation,2024-11-04 13:43:27+00:00,2024-11-04 13:44:27+00:00,55.0,19.5,-95.66100000000004,40.16160905303584,0.0,low,stable
BEV2_2024-11-04_fast_1,BEV2,BEV2_2024-11-04_fast_1__segment_1,validation,2024-11-04 13:43:37+00:00,2024-11-04 13:44:37+00:00,55.0,19.5,-95.87000000000003,39.96525508558111,0.0,low,stable
BEV2_2024-11-04_fast_1,BEV2,BEV2_2024-11-04_fast_1__segment_1,validation,2024-11-04 13:43:47+00:00,2024-11-04 13:44:47+00:00,55.0,20.0,-96.37700000000004,39.85376688405527,0.0,low,stable
BEV2_2024-11-04_fast_1,BEV2,BEV2_2024-11-04_fast_1__segment_1,validation,2024-11-04 13:43:57+00:00,2024-11-04 13:44:57+00:00,55.0,20.0,-95.23250000000006,39.561497411353905,0.0,low,stable
BEV2_2024-11-04_fast_1,BEV2,BEV2_2024-11-04_fast_1__segment_1,validation,2024-11-04 13:44:07+00:00,2024-11-04 13:45:07+00:00,55.0,20.5,-95.30650000000004,39.562934861299816,0.0,low,stable
BEV2_2024-11-04_fast_1,BEV2,BEV2_2024-11-04_fast_1__segment_1,validation,2024-11-04 13:44:17+00:00,2024-11-04 13:45:17+00:00,55.0,20.5,-95.86200000000004,39.687608324045826,0.0,low,stable
BEV2_2024-11-04_fast_1,BEV2,BEV2_2024-11-04_fast_1__segment_1,validation,2024-11-04 13:44:27+00:00,2024-11-04 13:45:27+00:00,55.0,21.0,-93.40250000000006,38.14641736448392,0.0,low,stable
BEV2_2024-11-04_fast_1,BEV2,BEV2_2024-11-04_fast_1__segment_1,validation,2024-11-04 13:44:37+00:00,2024-11-04 13:45:37+00:00,55.0,21.0,-92.92450000000004,38.726561026117835,0.0,low,stable
BEV2_2024-11-04_fast_1,BEV2,BEV2_2024-11-04_fast_1__segment_1,validation,2024-11-04 13:44:47+00:00,2024-11-04 13:45:47+00:00,55.0,21.0,-94.27750000000005,38.9214487903362,0.0,low,stable
BEV2_2024-11-04_fast_1,BEV2,BEV2_2024-11-04_fast_1__segment_1,validation,2024-11-04 13:44:57+00:00,2024-11-04 13:45:57+00:00,55.0,21.5,-93.74850000000004,38.730217468339184,0.0,low,stable
BEV2_2024-11-04_fast_1,BEV2,BEV2_2024-11-04_fast_1__segment_1,validation,2024-11-04 13:45:07+00:00,2024-11-04 13:46:07+00:00,55.0,21.5,-92.09650000000003,38.62025860927146,0.0,low,stable
BEV2_2024-11-04_fast_1,BEV2,BEV2_2024-11-04_fast_1__segment_1,validation,2024-11-04 13:45:17+00:00,2024-11-04 13:46:17+00:00,55.0,21.5,-91.58700000000005,38.522814727162284,0.0,low,stable
BEV2_2024-11-04_fast_1,BEV2,BEV2_2024-11-04_fast_1__segment_1,validation,2024-11-04 13:45:27+00:00,2024-11-04 13:46:27+00:00,55.0,22.0,-91.07800000000005,38.290405850092455,0.0,low,stable
BEV2_2024-11-04_fast_1,BEV2,BEV2_2024-11-04_fast_1__segment_1,validation,2024-11-04 13:45:37+00:00,2024-11-04 13:46:37+00:00,55.0,22.0,-90.92800000000004,37.11228494215085,0.0,low,stable
BEV2_2024-11-04_fast_1,BEV2,BEV2_2024-11-04_fast_1__segment_1,validation,2024-11-04 13:45:47+00:00,2024-11-04 13:46:47+00:00,55.25,22.0,-90.60750000000004,37.699869054131746,0.25,low,stable
BEV2_2024-11-04_fast_1,BEV2,BEV2_2024-11-04_fast_1__segment_1,validation,2024-11-04 13:45:57+00:00,2024-11-04 13:46:57+00:00,55.25,22.5,-91.47300000000004,37.886576453571735,0.25,low,stable
BEV2_2024-11-04_fast_1,BEV2,BEV2_2024-11-04_fast_1__segment_1,validation,2024-11-04 13:46:07+00:00,2024-11-04 13:47:07+00:00,55.25,22.5,-89.61950000000004,37.67624758229333,0.25,low,stable
BEV2_2024-11-04_fast_1,BEV2,BEV2_2024-11-04_fast_1__segment_1,validation,2024-11-04 13:46:17+00:00,2024-11-04 13:47:17+00:00,55.25,23.0,-89.89700000000005,37.71737326342608,0.25,low,stable
BEV2_2024-11-04_fast_1,BEV2,BEV2_2024-11-04_fast_1__segment_1,validation,2024-11-04 13:46:27+00:00,2024-11-04 13:47:27+00:00,55.25,23.0,-89.74350000000004,37.49159073234517,0.25,low,stable
BEV2_2024-11-04_fast_1,BEV2,BEV2_2024-11-04_fast_1__segment_1,validation,2024-11-04 13:46:37+00:00,2024-11-04 13:47:37+00:00,55.25,23.0,-90.52050000000004,37.42208340776628,0.25,low,stable
BEV2_2024-11-04_fast_1,BEV2,BEV2_2024-11-04_fast_1__segment_1,validation,2024-11-04 13:46:47+00:00,2024-11-04 13:47:47+00:00,55.25,23.5,-88.24500000000006,36.40588343636502,0.0,low,stable
BEV2_2024-11-04_fast_1,BEV2,BEV2_2024-11-04_fast_1__segment_1,validation,2024-11-04 13:46:57+00:00,2024-11-04 13:47:57+00:00,55.25,23.5,-88.02350000000004,36.88331573109581,0.0,low,stable
BEV2_2024-11-04_fast_1,BEV2,BEV2_2024-11-04_fast_1__segment_1,validation,2024-11-04 13:47:07+00:00,2024-11-04 13:48:07+00:00,55.25,23.5,-88.90050000000005,36.89378632764538,0.0,low,stable
BEV2_2024-11-04_fast_1,BEV2,BEV2_2024-11-04_fast_1__segment_1,validation,2024-11-04 13:47:17+00:00,2024-11-04 13:48:17+00:00,55.25,23.5,-87.99800000000005,36.88492827570597,0.0,low,stable
BEV2_2024-11-04_fast_1,BEV2,BEV2_2024-11-04_fast_1__segment_1,validation,2024-11-04 13:47:27+00:00,2024-11-04 13:48:27+00:00,55.25,23.5,-87.27500000000003,36.6739550839581,0.0,low,stable
BEV2_2024-11-04_fast_1,BEV2,BEV2_2024-11-04_fast_1__segment_1,validation,2024-11-04 13:47:37+00:00,2024-11-04 13:48:37+00:00,55.25,24.0,-88.14250000000006,36.5506109244536,0.0,low,stable
BEV2_2024-11-04_fast_1,BEV2,BEV2_2024-11-04_fast_1__segment_1,validation,2024-11-04 13:47:47+00:00,2024-11-04 13:48:47+00:00,55.25,24.0,-88.77450000000005,36.266841214089155,0.0,low,stable
BEV2_2024-11-04_fast_1,BEV2,BEV2_2024-11-04_fast_1__segment_1,validation,2024-11-04 13:47:57+00:00,2024-11-04 13:48:57+00:00,55.25,24.0,-87.28300000000004,35.78948251919885,0.0,low,stable
BEV2_2024-11-04_fast_1,BEV2,BEV2_2024-11-04_fast_1__segment_1,validation,2024-11-04 13:48:07+00:00,2024-11-04 13:49:07+00:00,55.25,24.5,-86.80950000000004,36.05522407738117,0.0,low,stable
BEV2_2024-11-04_fast_1,BEV2,BEV2_2024-11-04_fast_1__segment_1,validation,2024-11-04 13:48:17+00:00,2024-11-04 13:49:17+00:00,55.25,24.5,-85.48200000000004,35.95647894794636,0.0,low,stable
BEV2_2024-11-04_fast_1,BEV2,BEV2_2024-11-04_fast_1__segment_1,validation,2024-11-04 13:48:27+00:00,2024-11-04 13:49:27+00:00,55.25,24.5,-85.33850000000004,35.86659830775478,0.0,low,stable
BEV2_2024-11-04_fast_1,BEV2,BEV2_2024-11-04_fast_1__segment_1,validation,2024-11-04 13:48:37+00:00,2024-11-04 13:49:37+00:00,55.25,24.5,-84.19050000000004,35.66417385549713,0.0,low,stable
BEV2_2024-11-04_fast_1,BEV2,BEV2_2024-11-04_fast_1__segment_1,validation,2024-11-04 13:48:47+00:00,2024-11-04 13:49:47+00:00,55.25,24.5,-84.39000000000004,35.62773217121008,0.0,low,stable
BEV2_2024-11-04_fast_1,BEV2,BEV2_2024-11-04_fast_1__segment_1,validation,2024-11-04 13:48:57+00:00,2024-11-04 13:49:57+00:00,55.25,24.5,-83.48800000000004,34.239007143607,0.0,low,stable
BEV2_2024-11-04_fast_1,BEV2,BEV2_2024-11-04_fast_1__segment_1,validation,2024-11-04 13:49:07+00:00,2024-11-04 13:50:07+00:00,55.25,25.0,-85.44000000000004,34.97031833301664,0.0,low,stable
BEV2_2024-11-04_fast_1,BEV2,BEV2_2024-11-04_fast_1__segment_1,validation,2024-11-04 13:49:17+00:00,2024-11-04 13:50:17+00:00,55.25,25.0,-84.27450000000005,35.165585147142366,0.0,low,stable
BEV2_2024-11-04_fast_1,BEV2,BEV2_2024-11-04_fast_1__segment_1,validation,2024-11-04 13:49:27+00:00,2024-11-04 13:50:27+00:00,55.25,25.0,-83.27200000000005,34.972635494175535,0.0,low,stable
BEV2_2024-11-04_fast_1,BEV2,BEV2_2024-11-04_fast_1__segment_1,validation,2024-11-04 13:49:37+00:00,2024-11-04 13:50:37+00:00,55.25,25.0,-83.90450000000004,34.834920590305835,0.0,low,stable
BEV2_2024-11-04_fast_1,BEV2,BEV2_2024-11-04_fast_1__segment_1,validation,2024-11-04 13:49:47+00:00,2024-11-04 13:50:47+00:00,55.25,25.0,-82.14300000000004,34.712182771178206,0.0,low,stable
BEV2_2024-11-04_fast_1,BEV2,BEV2_2024-11-04_fast_1__segment_1,validation,2024-11-04 13:49:57+00:00,2024-11-04 13:50:57+00:00,55.25,25.0,-83.28600000000004,34.62530288016839,0.0,low,stable
BEV2_2024-11-04_fast_1,BEV2,BEV2_2024-11-04_fast_1__segment_1,validation,2024-11-04 13:50:07+00:00,2024-11-04 13:51:07+00:00,55.25,25.0,-82.16800000000005,33.32384140688359,0.0,low,stable
BEV2_2024-11-04_fast_1,BEV2,BEV2_2024-11-04_fast_1__segment_1,validation,2024-11-04 13:50:17+00:00,2024-11-04 13:51:17+00:00,55.25,25.0,-82.05800000000005,33.94282164440724,0.0,low,stable
BEV2_2024-11-04_fast_1,BEV2,BEV2_2024-11-04_fast_1__segment_1,validation,2024-11-04 13:50:27+00:00,2024-11-04 13:51:27+00:00,55.25,25.0,-80.76650000000005,34.011691783195054,0.0,low,stable
BEV2_2024-11-04_fast_1,BEV2,BEV2_2024-11-04_fast_1__segment_1,validation,2024-11-04 13:50:37+00:00,2024-11-04 13:51:37+00:00,55.25,25.5,-81.80450000000005,34.04320925191505,0.0,low,stable
BEV2_2024-11-04_fast_1,BEV2,BEV2_2024-11-04_fast_1__segment_1,validation,2024-11-04 13:50:47+00:00,2024-11-04 13:51:47+00:00,55.25,25.5,-81.41000000000005,33.93075062683637,0.0,low,stable
BEV2_2024-11-04_fast_1,BEV2,BEV2_2024-11-04_fast_1__segment_1,validation,2024-11-04 13:50:57+00:00,2024-11-04 13:51:57+00:00,55.25,25.5,-79.87200000000006,33.72238132448894,0.0,low,stable
BEV2_2024-11-04_fast_1,BEV2,BEV2_2024-11-04_fast_1__segment_1,validation,2024-11-04 13:51:07+00:00,2024-11-04 13:52:07+00:00,55.25,25.5,-81.15350000000005,33.62496045574096,0.0,low,stable
BEV2_2024-11-04_fast_1,BEV2,BEV2_2024-11-04_fast_1__segment_1,validation,2024-11-04 13:51:17+00:00,2024-11-04 13:52:17+00:00,55.25,25.5,-79.17150000000005,32.3012244091564,0.0,low,stable
BEV2_2024-11-04_fast_1,BEV2,BEV2_2024-11-04_fast_1__segment_1,validation,2024-11-04 13:51:27+00:00,2024-11-04 13:52:27+00:00,55.25,25.5,-80.26200000000004,32.869210686059695,0.0,low,stable
BEV2_2024-11-04_fast_1,BEV2,BEV2_2024-11-04_fast_1__segment_1,validation,2024-11-04 13:51:37+00:00,2024-11-04 13:52:37+00:00,55.25,25.5,-78.43700000000004,33.03092927668291,0.0,low,stable
BEV2_2024-11-04_fast_1,BEV2,BEV2_2024-11-04_fast_1__segment_1,validation,2024-11-04 13:51:47+00:00,2024-11-04 13:52:47+00:00,55.25,25.5,-79.09100000000005,32.96423537574423,0.0,low,stable
BEV2_2024-11-04_fast_1,BEV2,BEV2_2024-11-04_fast_1__segment_1,validation,2024-11-04 13:51:57+00:00,2024-11-04 13:52:57+00:00,55.25,25.5,-78.58800000000005,32.81136013855001,0.0,low,stable
BEV2_2024-11-04_fast_1,BEV2,BEV2_2024-11-04_fast_1__segment_1,validation,2024-11-04 13:52:07+00:00,2024-11-04 13:53:07+00:00,55.25,26.0,-78.37350000000005,32.690299666224476,0.0,low,stable
BEV2_2024-11-04_fast_1,BEV2,BEV2_2024-11-04_fast_1__segment_1,validation,2024-11-04 13:52:17+00:00,2024-11-04 13:53:17+00:00,55.25,26.0,-78.10450000000004,32.60409955449943,0.0,low,stable
BEV2_2024-11-04_fast_1,BEV2,BEV2_2024-11-04_fast_1__segment_1,validation,2024-11-04 13:52:27+00:00,2024-11-04 13:53:27+00:00,55.25,26.0,-78.42000000000006,32.002397308684564,0.0,low,stable
BEV2_2024-11-04_fast_1,BEV2,BEV2_2024-11-04_fast_1__segment_1,validation,2024-11-04 13:52:37+00:00,2024-11-04 13:53:37+00:00,55.25,26.0,-77.32200000000005,31.761644237453808,0.0,low,stable
BEV2_2024-11-04_fast_1,BEV2,BEV2_2024-11-04_fast_1__segment_1,validation,2024-11-04 13:52:47+00:00,2024-11-04 13:53:47+00:00,55.25,26.0,-77.12250000000004,31.90981541487205,0.0,low,stable
BEV2_2024-11-24_fast_1,BEV2,BEV2_2024-11-24_fast_1__segment_1,test,2024-11-24 17:27:38+00:00,2024-11-24 17:28:38+00:00,61.0,20.0,-169.4425,74.30202963217151,0.0,mid,stable
BEV2_2024-11-24_fast_1,BEV2,BEV2_2024-11-24_fast_1__segment_1,test,2024-11-24 17:27:48+00:00,2024-11-24 17:28:48+00:00,61.0,20.0,-168.6445,73.92996583239821,0.0,mid,stable
BEV2_2024-11-24_fast_1,BEV2,BEV2_2024-11-24_fast_1__segment_1,test,2024-11-24 17:27:58+00:00,2024-11-24 17:28:58+00:00,61.0,20.0,-167.5145,73.67617595899453,0.0,mid,stable
BEV2_2024-11-24_fast_1,BEV2,BEV2_2024-11-24_fast_1__segment_1,test,2024-11-24 17:28:08+00:00,2024-11-24 17:29:08+00:00,61.0,20.0,-166.6245,73.14245825883192,0.0,mid,stable
BEV2_2024-11-24_fast_1,BEV2,BEV2_2024-11-24_fast_1__segment_1,test,2024-11-24 17:28:18+00:00,2024-11-24 17:29:18+00:00,61.0,19.5,-165.464,71.19363112249819,0.0,mid,stable
BEV2_2024-11-24_fast_1,BEV2,BEV2_2024-11-24_fast_1__segment_1,test,2024-11-24 17:28:28+00:00,2024-11-24 17:29:28+00:00,61.25,19.5,-164.733,72.02178406940259,0.25,mid,stable
BEV2_2024-11-24_fast_1,BEV2,BEV2_2024-11-24_fast_1__segment_1,test,2024-11-24 17:28:38+00:00,2024-11-24 17:29:38+00:00,61.25,19.5,-164.084,72.02760077167835,0.25,mid,stable
BEV2_2024-11-24_fast_1,BEV2,BEV2_2024-11-24_fast_1__segment_1,test,2024-11-24 17:28:48+00:00,2024-11-24 17:29:48+00:00,61.25,19.5,-162.4345,71.55807313264052,0.25,mid,stable
BEV2_2024-11-24_fast_1,BEV2,BEV2_2024-11-24_fast_1__segment_1,test,2024-11-24 17:28:58+00:00,2024-11-24 17:29:58+00:00,61.25,19.5,-161.7295,69.77845542466041,0.25,mid,stable
BEV2_2024-11-24_fast_1,BEV2,BEV2_2024-11-24_fast_1__segment_1,test,2024-11-24 17:29:08+00:00,2024-11-24 17:30:08+00:00,61.0,19.5,-160.758,70.26903201013639,0.0,mid,stable
BEV2_2024-11-24_fast_1,BEV2,BEV2_2024-11-24_fast_1__segment_1,test,2024-11-24 17:29:18+00:00,2024-11-24 17:30:18+00:00,61.0,19.5,-159.5245,70.20526302658519,0.0,mid,stable
BEV2_2024-11-24_fast_1,BEV2,BEV2_2024-11-24_fast_1__segment_1,test,2024-11-24 17:29:28+00:00,2024-11-24 17:30:28+00:00,61.0,19.5,-156.936,69.07786114593658,-0.25,mid,stable
BEV2_2024-11-24_fast_1,BEV2,BEV2_2024-11-24_fast_1__segment_1,test,2024-11-24 17:29:38+00:00,2024-11-24 17:30:38+00:00,61.0,19.5,-155.2715,68.14843626300373,-0.25,low,stable
BEV2_2024-11-24_fast_1,BEV2,BEV2_2024-11-24_fast_1__segment_1,test,2024-11-24 17:29:48+00:00,2024-11-24 17:30:48+00:00,61.0,20.0,-152.5935,67.08886479270959,-0.25,low,stable
BEV2_2024-11-24_fast_1,BEV2,BEV2_2024-11-24_fast_1__segment_1,test,2024-11-24 17:29:58+00:00,2024-11-24 17:30:58+00:00,61.0,19.5,-149.9545,66.2650305944155,-0.25,low,stable
BEV2_2024-11-24_fast_1,BEV2,BEV2_2024-11-24_fast_1__segment_1,test,2024-11-24 17:30:08+00:00,2024-11-24 17:31:08+00:00,61.0,20.0,-148.003,65.24364391815419,0.0,low,stable
BEV2_2024-11-24_fast_1,BEV2,BEV2_2024-11-24_fast_1__segment_1,test,2024-11-24 17:30:18+00:00,2024-11-24 17:31:18+00:00,61.0,20.0,-145.6695,64.24134057421756,0.0,low,stable
BEV2_2024-11-24_fast_1,BEV2,BEV2_2024-11-24_fast_1__segment_1,test,2024-11-24 17:30:28+00:00,2024-11-24 17:31:28+00:00,61.0,20.0,-142.94,63.23347382255481,0.0,low,stable
BEV2_2024-11-24_fast_1,BEV2,BEV2_2024-11-24_fast_1__segment_1,test,2024-11-24 17:30:38+00:00,2024-11-24 17:31:38+00:00,61.0,19.5,-141.809,62.60432149391728,0.0,low,stable
BEV2_2024-11-24_fast_1,BEV2,BEV2_2024-11-24_fast_1__segment_1,test,2024-11-24 17:30:48+00:00,2024-11-24 17:31:48+00:00,61.0,19.5,-139.729,61.65634104955702,0.0,low,stable
BEV2_2024-11-24_fast_1,BEV2,BEV2_2024-11-24_fast_1__segment_1,test,2024-11-24 17:30:58+00:00,2024-11-24 17:31:58+00:00,61.0,19.5,-137.5745,60.85528611657233,0.0,low,stable
BEV2_2024-11-24_fast_1,BEV2,BEV2_2024-11-24_fast_1__segment_1,test,2024-11-24 17:31:08+00:00,2024-11-24 17:32:08+00:00,61.0,19.5,-136.314,60.168657910840636,0.0,low,stable
BEV2_2024-11-24_fast_1,BEV2,BEV2_2024-11-24_fast_1__segment_1,test,2024-11-24 17:31:18+00:00,2024-11-24 17:32:18+00:00,60.75,20.0,-134.0175,59.42903375055103,-0.25,low,stable
BEV2_2024-11-24_fast_1,BEV2,BEV2_2024-11-24_fast_1__segment_1,test,2024-11-24 17:31:28+00:00,2024-11-24 17:32:28+00:00,60.75,20.0,-132.9775,58.61749132687964,-0.25,low,stable
BEV2_2024-11-24_fast_1,BEV2,BEV2_2024-11-24_fast_1__segment_1,test,2024-11-24 17:31:38+00:00,2024-11-24 17:32:38+00:00,60.75,19.5,-131.072,57.95900235168992,-0.25,low,stable
BEV2_2024-11-24_fast_1,BEV2,BEV2_2024-11-24_fast_1__segment_1,test,2024-11-24 17:31:48+00:00,2024-11-24 17:32:48+00:00,60.75,19.5,-129.478,57.22124421349661,-0.25,low,stable
BEV2_2024-11-24_fast_1,BEV2,BEV2_2024-11-24_fast_1__segment_1,test,2024-11-24 17:31:58+00:00,2024-11-24 17:32:58+00:00,60.75,19.5,-128.487,56.694829180893485,-0.25,low,stable
BEV2_2024-11-24_fast_1,BEV2,BEV2_2024-11-24_fast_1__segment_1,test,2024-11-24 17:32:08+00:00,2024-11-24 17:33:08+00:00,60.75,19.5,-126.2725,56.019374897943045,-0.25,low,stable
BEV2_2024-11-24_fast_1,BEV2,BEV2_2024-11-24_fast_1__segment_1,test,2024-11-24 17:32:18+00:00,2024-11-24 17:33:18+00:00,60.75,20.0,-125.0715,55.46677756957041,0.0,low,stable
BEV2_2024-11-24_fast_1,BEV2,BEV2_2024-11-24_fast_1__segment_1,test,2024-11-24 17:32:28+00:00,2024-11-24 17:33:28+00:00,60.5,20.0,-123.5965,54.68502909633777,-0.25,low,stable
BEV2_2024-11-24_fast_1,BEV2,BEV2_2024-11-24_fast_1__segment_1,test,2024-11-24 17:32:38+00:00,2024-11-24 17:33:38+00:00,60.5,20.0,-122.786,54.37969409894529,-0.25,low,stable
BEV2_2024-11-24_fast_1,BEV2,BEV2_2024-11-24_fast_1__segment_1,test,2024-11-24 17:32:48+00:00,2024-11-24 17:33:48+00:00,60.5,20.0,-121.0765,53.563208204044194,-0.25,low,stable
BEV2_2024-11-24_fast_1,BEV2,BEV2_2024-11-24_fast_1__segment_1,test,2024-11-24 17:32:58+00:00,2024-11-24 17:33:58+00:00,60.5,20.0,-120.3965,53.180293323136944,-0.25,low,stable
BEV2_2024-11-24_fast_1,BEV2,BEV2_2024-11-24_fast_1__segment_1,test,2024-11-24 17:33:08+00:00,2024-11-24 17:34:08+00:00,60.5,20.0,-118.9325,52.698814600627095,-0.25,low,stable
BEV2_2024-11-24_fast_1,BEV2,BEV2_2024-11-24_fast_1__segment_1,test,2024-11-24 17:33:18+00:00,2024-11-24 17:34:18+00:00,60.5,20.0,-117.841,52.225242932166466,-0.25,low,stable
BEV2_2024-11-24_fast_1,BEV2,BEV2_2024-11-24_fast_1__segment_1,test,2024-11-24 17:33:28+00:00,2024-11-24 17:34:28+00:00,60.25,20.0,-117.1195,51.78665452221904,-0.25,low,stable
BEV2_2024-11-24_fast_1,BEV2,BEV2_2024-11-24_fast_1__segment_1,test,2024-11-24 17:33:38+00:00,2024-11-24 17:34:38+00:00,60.25,20.0,-115.81,51.32877108227205,-0.25,low,stable
BEV2_2024-11-24_fast_1,BEV2,BEV2_2024-11-24_fast_1__segment_1,test,2024-11-24 17:33:48+00:00,2024-11-24 17:34:48+00:00,60.25,20.0,-114.78,50.82192151331105,-0.25,low,stable
BEV2_2024-11-24_fast_1,BEV2,BEV2_2024-11-24_fast_1__segment_1,test,2024-11-24 17:33:58+00:00,2024-11-24 17:34:58+00:00,60.25,20.0,-113.9005,50.32599230487872,-0.25,low,stable
BEV2_2024-11-24_fast_1,BEV2,BEV2_2024-11-24_fast_1__segment_1,test,2024-11-24 17:34:08+00:00,2024-11-24 17:35:08+00:00,60.25,20.0,-112.4845,50.02573522706747,-0.25,low,stable
BEV2_2025-02-16_fast_1,BEV2,BEV2_2025-02-16_fast_1__segment_1,test,2025-02-16 17:14:53+00:00,2025-02-16 17:15:53+00:00,50.0,3.5,-362.9115,141.30328233184983,1.5,high,warming
BEV2_2025-02-16_fast_1,BEV2,BEV2_2025-02-16_fast_1__segment_1,test,2025-02-16 17:15:03+00:00,2025-02-16 17:16:03+00:00,50.5,3.5,-364.858,142.04837879284105,2.0,high,warming
BEV2_2025-02-16_fast_1,BEV2,BEV2_2025-02-16_fast_1__segment_1,test,2025-02-16 17:15:13+00:00,2025-02-16 17:16:13+00:00,50.75,3.5,-364.9235,142.8225289517986,2.0,high,warming
BEV2_2025-02-16_fast_1,BEV2,BEV2_2025-02-16_fast_1__segment_1,test,2025-02-16 17:15:23+00:00,2025-02-16 17:16:23+00:00,51.25,3.0,-364.423,142.80965434413258,2.25,high,warming
BEV2_2025-02-16_fast_1,BEV2,BEV2_2025-02-16_fast_1__segment_1,test,2025-02-16 17:15:33+00:00,2025-02-16 17:16:33+00:00,51.5,3.0,-364.2175,143.5858322537975,2.0,high,warming
BEV2_2025-02-16_fast_1,BEV2,BEV2_2025-02-16_fast_1__segment_1,test,2025-02-16 17:15:43+00:00,2025-02-16 17:16:43+00:00,52.0,3.0,-363.763,143.59912528621268,2.25,high,warming
BEV2_2025-02-16_fast_1,BEV2,BEV2_2025-02-16_fast_1__segment_1,test,2025-02-16 17:15:53+00:00,2025-02-16 17:16:53+00:00,52.5,3.0,-371.822,140.5966058459019,2.5,high,warming
BEV2_2025-02-16_fast_1,BEV2,BEV2_2025-02-16_fast_1__segment_1,test,2025-02-16 17:16:03+00:00,2025-02-16 17:17:03+00:00,53.0,3.0,-371.07,140.5966058459019,2.5,high,warming
BEV2_2025-02-16_fast_1,BEV2,BEV2_2025-02-16_fast_1__segment_1,test,2025-02-16 17:16:13+00:00,2025-02-16 17:17:13+00:00,53.75,3.0,-371.649,140.9821037859416,3.0,high,warming
BEV2_2025-02-16_fast_1,BEV2,BEV2_2025-02-16_fast_1__segment_1,test,2025-02-16 17:16:23+00:00,2025-02-16 17:17:23+00:00,54.25,3.0,-373.0425,140.24052638437908,3.0,high,warming
BEV2_2025-02-16_fast_1,BEV2,BEV2_2025-02-16_fast_1__segment_1,test,2025-02-16 17:16:33+00:00,2025-02-16 17:17:33+00:00,54.5,3.0,-374.0645,140.23842353179364,3.0,high,warming
BEV2_2025-02-16_fast_1,BEV2,BEV2_2025-02-16_fast_1__segment_1,test,2025-02-16 17:16:43+00:00,2025-02-16 17:17:43+00:00,54.5,3.0,-373.902,140.59352666890183,2.5,high,warming
BEV2_2025-02-16_fast_1,BEV2,BEV2_2025-02-16_fast_1__segment_1,test,2025-02-16 17:16:53+00:00,2025-02-16 17:17:53+00:00,54.75,3.0,-372.361,140.2704818564031,2.25,high,warming
BEV2_2025-02-16_fast_1,BEV2,BEV2_2025-02-16_fast_1__segment_1,test,2025-02-16 17:17:03+00:00,2025-02-16 17:18:03+00:00,54.75,3.0,-371.2935,140.59352666890183,1.75,high,warming
BEV2_2025-02-16_fast_1,BEV2,BEV2_2025-02-16_fast_1__segment_1,test,2025-02-16 17:17:13+00:00,2025-02-16 17:18:13+00:00,55.0,3.0,-370.9245,140.97594543194137,1.25,high,warming
BEV2_2025-02-16_fast_1,BEV2,BEV2_2025-02-16_fast_1__segment_1,test,2025-02-16 17:17:23+00:00,2025-02-16 17:18:23+00:00,55.25,3.0,-373.205,140.61603041021803,1.0,high,warming
BEV2_2025-02-16_fast_1,BEV2,BEV2_2025-02-16_fast_1__segment_1,test,2025-02-16 17:17:33+00:00,2025-02-16 17:18:33+00:00,55.5,3.0,-372.9035,140.9974728488429,1.0,high,warming
BEV2_2025-02-16_fast_1,BEV2,BEV2_2025-02-16_fast_1__segment_1,test,2025-02-16 17:17:43+00:00,2025-02-16 17:18:43+00:00,55.75,3.0,-372.704,140.9974728488429,1.25,high,warming
BEV2_2025-02-16_fast_1,BEV2,BEV2_2025-02-16_fast_1__segment_1,test,2025-02-16 17:17:53+00:00,2025-02-16 17:18:53+00:00,56.0,3.0,-372.541,140.96204085566205,1.25,high,warming
BEV2_2025-02-16_fast_1,BEV2,BEV2_2025-02-16_fast_1__segment_1,test,2025-02-16 17:18:03+00:00,2025-02-16 17:19:03+00:00,56.25,3.0,-370.5335,140.96204085566205,1.5,high,warming
BEV2_2025-02-16_fast_1,BEV2,BEV2_2025-02-16_fast_1__segment_1,test,2025-02-16 17:18:13+00:00,2025-02-16 17:19:13+00:00,56.75,3.0,-368.979,140.96204085566205,1.75,high,warming
BEV2_2025-02-16_fast_1,BEV2,BEV2_2025-02-16_fast_1__segment_1,test,2025-02-16 17:18:23+00:00,2025-02-16 17:19:23+00:00,57.0,3.0,-371.925,141.34243186799426,1.75,high,warming
BEV2_2025-02-16_fast_1,BEV2,BEV2_2025-02-16_fast_1__segment_1,test,2025-02-16 17:18:33+00:00,2025-02-16 17:19:33+00:00,57.25,3.0,-371.742,140.95175189836897,1.75,high,warming
BEV2_2025-02-16_fast_1,BEV2,BEV2_2025-02-16_fast_1__segment_1,test,2025-02-16 17:18:43+00:00,2025-02-16 17:19:43+00:00,57.25,3.0,-371.471,141.7228228803264,1.5,high,warming
BEV2_2025-02-16_fast_1,BEV2,BEV2_2025-02-16_fast_1__segment_1,test,2025-02-16 17:18:53+00:00,2025-02-16 17:19:53+00:00,57.5,3.0,-371.1775,141.33109148440838,1.5,high,warming
BEV2_2025-02-16_fast_1,BEV2,BEV2_2025-02-16_fast_1__segment_1,test,2025-02-16 17:19:03+00:00,2025-02-16 17:20:03+00:00,57.75,3.0,-370.9195,141.33109148440838,1.5,high,warming
BEV2_2025-02-16_fast_1,BEV2,BEV2_2025-02-16_fast_1__segment_1,test,2025-02-16 17:19:13+00:00,2025-02-16 17:20:13+00:00,57.75,3.0,-370.7565,141.68333538573071,1.0,high,warming
BEV2_2025-02-16_fast_1,BEV2,BEV2_2025-02-16_fast_1__segment_1,test,2025-02-16 17:19:23+00:00,2025-02-16 17:20:23+00:00,58.0,3.5,-369.3315,141.68333538573071,1.0,high,warming
BEV2_2025-02-16_fast_1,BEV2,BEV2_2025-02-16_fast_1__segment_1,test,2025-02-16 17:19:33+00:00,2025-02-16 17:20:33+00:00,58.25,4.0,-367.9035,142.0760431060634,1.0,high,warming
BEV2_2025-02-16_fast_1,BEV2,BEV2_2025-02-16_fast_1__segment_1,test,2025-02-16 17:19:43+00:00,2025-02-16 17:20:43+00:00,58.25,4.0,-370.2395,142.06267497177018,1.0,high,warming
BEV2_2025-02-16_fast_1,BEV2,BEV2_2025-02-16_fast_1__segment_1,test,2025-02-16 17:19:53+00:00,2025-02-16 17:20:53+00:00,58.5,3.5,-370.118,142.06267497177018,1.0,high,warming
BEV2_2025-02-16_fast_1,BEV2,BEV2_2025-02-16_fast_1__segment_1,test,2025-02-16 17:20:03+00:00,2025-02-16 17:21:03+00:00,58.5,3.5,-370.0045,142.44201455780959,0.75,high,warming
BEV2_2025-02-16_fast_1,BEV2,BEV2_2025-02-16_fast_1__segment_1,test,2025-02-16 17:20:13+00:00,2025-02-16 17:21:13+00:00,58.75,3.5,-369.83,142.07540474009994,1.0,high,warming
BEV2_2025-02-16_fast_1,BEV2,BEV2_2025-02-16_fast_1__segment_1,test,2025-02-16 17:20:23+00:00,2025-02-16 17:21:23+00:00,58.75,3.5,-369.592,142.07540474009994,0.75,high,warming
BEV2_2025-02-16_fast_1,BEV2,BEV2_2025-02-16_fast_1__segment_1,test,2025-02-16 17:20:33+00:00,2025-02-16 17:21:33+00:00,59.0,3.5,-369.4805,142.42674205446582,0.75,high,warming
BEV2_2025-02-16_fast_1,BEV2,BEV2_2025-02-16_fast_1__segment_1,test,2025-02-16 17:20:43+00:00,2025-02-16 17:21:43+00:00,59.0,3.5,-368.1845,142.42674205446582,0.75,high,warming
BEV2_2025-02-16_fast_1,BEV2,BEV2_2025-02-16_fast_1__segment_1,test,2025-02-16 17:20:53+00:00,2025-02-16 17:21:53+00:00,59.25,3.5,-366.59,142.4634937103719,0.75,high,warming
BEV2_2025-02-16_fast_1,BEV2,BEV2_2025-02-16_fast_1__segment_1,test,2025-02-16 17:21:03+00:00,2025-02-16 17:22:03+00:00,59.25,3.5,-369.108,142.44795083256787,0.75,high,warming
BEV2_2025-02-16_fast_1,BEV2,BEV2_2025-02-16_fast_1__segment_1,test,2025-02-16 17:21:13+00:00,2025-02-16 17:22:13+00:00,59.5,3.5,-367.398,142.00009042328148,0.75,high,warming
BEV2_2025-02-16_fast_1,BEV2,BEV2_2025-02-16_fast_1__segment_1,test,2025-02-16 17:21:23+00:00,2025-02-16 17:22:23+00:00,59.5,3.5,-363.7865,140.48076656342693,0.75,high,warming
BEV2_2025-02-16_fast_1,BEV2,BEV2_2025-02-16_fast_1__segment_1,test,2025-02-16 17:21:33+00:00,2025-02-16 17:22:33+00:00,59.5,3.5,-360.334,139.31859718709512,0.5,high,warming
BEV2_2025-02-16_fast_1,BEV2,BEV2_2025-02-16_fast_1__segment_1,test,2025-02-16 17:21:43+00:00,2025-02-16 17:22:43+00:00,59.75,3.5,-356.6285,138.45654671718177,0.75,high,warming
BEV2_2025-02-16_fast_1,BEV2,BEV2_2025-02-16_fast_1__segment_1,test,2025-02-16 17:21:53+00:00,2025-02-16 17:22:53+00:00,59.75,3.5,-353.631,136.933484921828,0.5,high,warming
BEV2_2025-02-16_fast_1,BEV2,BEV2_2025-02-16_fast_1__segment_1,test,2025-02-16 17:22:03+00:00,2025-02-16 17:23:03+00:00,59.75,3.5,-349.45,136.56408560579072,0.5,high,warming
BEV2_2025-02-16_fast_1,BEV2,BEV2_2025-02-16_fast_1__segment_1,test,2025-02-16 17:22:13+00:00,2025-02-16 17:23:13+00:00,60.0,3.5,-347.4585,134.6034276975927,0.5,high,warming
BEV2_2025-02-16_fast_1,BEV2,BEV2_2025-02-16_fast_1__segment_1,test,2025-02-16 17:22:23+00:00,2025-02-16 17:23:23+00:00,60.0,4.0,-344.4335,133.79927378639297,0.5,high,warming
BEV2_2025-02-16_fast_1,BEV2,BEV2_2025-02-16_fast_1__segment_1,test,2025-02-16 17:22:33+00:00,2025-02-16 17:23:33+00:00,60.0,4.0,-341.8575,132.3017858053603,0.5,high,warming
BEV2_2025-02-16_fast_1,BEV2,BEV2_2025-02-16_fast_1__segment_1,test,2025-02-16 17:22:43+00:00,2025-02-16 17:23:43+00:00,60.0,4.0,-338.9415,131.46921656215764,0.25,high,stable
BEV2_2025-02-16_fast_1,BEV2,BEV2_2025-02-16_fast_1__segment_1,test,2025-02-16 17:22:53+00:00,2025-02-16 17:23:53+00:00,60.25,4.0,-336.5795,130.6856202117857,0.5,high,warming
BEV2_2025-02-16_fast_1,BEV2,BEV2_2025-02-16_fast_1__segment_1,test,2025-02-16 17:23:03+00:00,2025-02-16 17:24:03+00:00,60.25,3.5,-333.48,129.48047485862273,0.5,high,warming
BEV2_2025-02-16_fast_1,BEV2,BEV2_2025-02-16_fast_1__segment_1,test,2025-02-16 17:23:13+00:00,2025-02-16 17:24:13+00:00,60.25,3.5,-329.5015,128.74827070788308,0.25,high,stable
BEV2_2025-02-16_fast_1,BEV2,BEV2_2025-02-16_fast_1__segment_1,test,2025-02-16 17:23:23+00:00,2025-02-16 17:24:23+00:00,60.25,4.0,-327.3235,128.3494046335502,0.25,high,stable
BEV2_2025-02-16_fast_1,BEV2,BEV2_2025-02-16_fast_1__segment_1,test,2025-02-16 17:23:33+00:00,2025-02-16 17:24:33+00:00,60.25,4.0,-324.065,126.41205512964751,0.25,high,stable
BEV2_2025-02-16_fast_1,BEV2,BEV2_2025-02-16_fast_1__segment_1,test,2025-02-16 17:23:43+00:00,2025-02-16 17:24:43+00:00,60.25,4.0,-320.631,124.80804368659209,0.25,high,stable
BEV2_2025-02-16_fast_1,BEV2,BEV2_2025-02-16_fast_1__segment_1,test,2025-02-16 17:23:53+00:00,2025-02-16 17:24:53+00:00,60.25,4.0,-316.964,123.70546391096003,0.0,high,stable
BEV2_2025-02-16_fast_1,BEV2,BEV2_2025-02-16_fast_1__segment_1,test,2025-02-16 17:24:03+00:00,2025-02-16 17:25:03+00:00,60.5,4.0,-314.716,122.53735612184224,0.25,high,stable
BEV2_2025-02-16_fast_1,BEV2,BEV2_2025-02-16_fast_1__segment_1,test,2025-02-16 17:24:13+00:00,2025-02-16 17:25:13+00:00,60.5,4.0,-311.75,121.64919057536214,0.25,high,stable
BEV2_2025-02-16_fast_1,BEV2,BEV2_2025-02-16_fast_1__segment_1,test,2025-02-16 17:24:23+00:00,2025-02-16 17:25:23+00:00,60.5,4.0,-308.795,120.5179953671071,0.25,high,stable
BEV2_2025-02-16_fast_1,BEV2,BEV2_2025-02-16_fast_1__segment_1,test,2025-02-16 17:24:33+00:00,2025-02-16 17:25:33+00:00,60.5,4.0,-306.0275,120.11807786648146,0.25,high,stable
BEV2_2025-02-16_fast_1,BEV2,BEV2_2025-02-16_fast_1__segment_1,test,2025-02-16 17:24:43+00:00,2025-02-16 17:25:43+00:00,60.5,4.0,-301.179,119.71816036585585,0.25,high,stable
BEV2_2025-02-16_fast_1,BEV2,BEV2_2025-02-16_fast_1__segment_1,test,2025-02-16 17:24:53+00:00,2025-02-16 17:25:53+00:00,60.5,4.5,-299.5967391,116.60451696812778,0.25,high,stable
BEV2_2025-02-16_fast_1,BEV2,BEV2_2025-02-16_fast_1__segment_1,test,2025-02-16 17:25:03+00:00,2025-02-16 17:26:03+00:00,60.5,4.5,-298.063,115.83324750263553,0.0,high,stable
BEV2_2025-02-16_fast_1,BEV2,BEV2_2025-02-16_fast_1__segment_1,test,2025-02-16 17:25:13+00:00,2025-02-16 17:26:13+00:00,60.5,4.5,-295.1365,115.43333000200992,0.0,high,stable
BEV2_2025-02-16_fast_1,BEV2,BEV2_2025-02-16_fast_1__segment_1,test,2025-02-16 17:25:23+00:00,2025-02-16 17:26:23+00:00,60.5,4.5,-293.052,114.16883431683257,0.0,high,stable
BEV2_2025-02-16_fast_1,BEV2,BEV2_2025-02-16_fast_1__segment_1,test,2025-02-16 17:25:33+00:00,2025-02-16 17:26:33+00:00,60.5,4.5,-290.626,113.76794049179223,0.0,high,stable
BEV2_2025-02-16_fast_1,BEV2,BEV2_2025-02-16_fast_1__segment_1,test,2025-02-16 17:25:43+00:00,2025-02-16 17:26:43+00:00,60.5,4.5,-288.235,112.19300046484825,0.0,high,stable
BEV2_2025-02-16_fast_1,BEV2,BEV2_2025-02-16_fast_1__segment_1,test,2025-02-16 17:25:53+00:00,2025-02-16 17:26:53+00:00,60.5,4.5,-285.1235,111.41984808798482,0.0,high,stable
BEV2_2025-02-16_fast_1,BEV2,BEV2_2025-02-16_fast_1__segment_1,test,2025-02-16 17:26:03+00:00,2025-02-16 17:27:03+00:00,60.5,4.5,-282.5805,111.37975869766144,0.0,high,stable
BEV2_2025-02-16_fast_1,BEV2,BEV2_2025-02-16_fast_1__segment_1,test,2025-02-16 17:26:13+00:00,2025-02-16 17:27:13+00:00,60.5,4.5,-275.292,107.89770948227364,0.0,high,stable
BEV2_2025-02-16_fast_1,BEV2,BEV2_2025-02-16_fast_1__segment_1,test,2025-02-16 17:26:23+00:00,2025-02-16 17:27:23+00:00,60.5,4.5,-275.464,107.89770948227364,0.0,high,stable
BEV2_2025-02-16_fast_1,BEV2,BEV2_2025-02-16_fast_1__segment_1,test,2025-02-16 17:26:33+00:00,2025-02-16 17:27:33+00:00,60.5,4.5,-274.479,107.77874810743964,0.0,high,stable
BEV2_2025-02-16_fast_1,BEV2,BEV2_2025-02-16_fast_1__segment_1,test,2025-02-16 17:26:43+00:00,2025-02-16 17:27:43+00:00,60.5,4.5,-271.7505,106.56429922523232,0.0,high,stable
BEV2_2025-02-16_fast_1,BEV2,BEV2_2025-02-16_fast_1__segment_1,test,2025-02-16 17:26:53+00:00,2025-02-16 17:27:53+00:00,60.5,4.5,-269.935,105.41301319175405,0.0,high,stable
BEV2_2025-02-16_fast_1,BEV2,BEV2_2025-02-16_fast_1__segment_1,test,2025-02-16 17:27:03+00:00,2025-02-16 17:28:03+00:00,60.5,4.5,-267.3845,104.64931722206116,0.0,high,stable
BEV2_2025-02-16_fast_1,BEV2,BEV2_2025-02-16_fast_1__segment_1,test,2025-02-16 17:27:13+00:00,2025-02-16 17:28:13+00:00,60.5,4.5,-264.2985,103.51238637613044,0.0,high,stable
BEV2_2025-02-16_fast_1,BEV2,BEV2_2025-02-16_fast_1__segment_1,test,2025-02-16 17:27:23+00:00,2025-02-16 17:28:23+00:00,60.5,4.5,-262.353,102.73720624855964,0.0,high,stable
BEV2_2025-02-16_fast_1,BEV2,BEV2_2025-02-16_fast_1__segment_1,test,2025-02-16 17:27:33+00:00,2025-02-16 17:28:33+00:00,60.5,4.5,-260.248,101.92183158801566,0.0,high,stable
BEV2_2025-02-16_fast_1,BEV2,BEV2_2025-02-16_fast_1__segment_1,test,2025-02-16 17:27:43+00:00,2025-02-16 17:28:43+00:00,60.5,4.5,-258.052,101.95915509131912,0.0,high,stable
BEV2_2025-02-16_fast_1,BEV2,BEV2_2025-02-16_fast_1__segment_1,test,2025-02-16 17:27:53+00:00,2025-02-16 17:28:53+00:00,60.5,4.5,-252.1805,99.16563557887497,0.0,high,stable
BEV2_2025-02-16_fast_1,BEV2,BEV2_2025-02-16_fast_1__segment_1,test,2025-02-16 17:28:03+00:00,2025-02-16 17:29:03+00:00,60.5,4.5,-252.393,99.02204078803996,0.0,high,stable
BEV2_2025-02-16_fast_1,BEV2,BEV2_2025-02-16_fast_1__segment_1,test,2025-02-16 17:28:13+00:00,2025-02-16 17:29:13+00:00,60.25,4.5,-251.1643564,98.64782958738752,-0.25,high,stable
BEV2_2025-02-16_fast_1,BEV2,BEV2_2025-02-16_fast_1__segment_1,test,2025-02-16 17:28:23+00:00,2025-02-16 17:29:23+00:00,60.25,4.5,-249.1575,97.84183623213603,-0.25,high,stable
BEV2_2025-02-16_fast_1,BEV2,BEV2_2025-02-16_fast_1__segment_1,test,2025-02-16 17:28:33+00:00,2025-02-16 17:29:33+00:00,60.25,4.5,-246.2459596,97.02432867823487,-0.25,high,stable
BEV2_2025-02-16_fast_1,BEV2,BEV2_2025-02-16_fast_1__segment_1,test,2025-02-16 17:28:43+00:00,2025-02-16 17:29:43+00:00,60.25,4.5,-244.1795,95.88442379795384,-0.25,high,stable
BEV2_2025-02-16_fast_1,BEV2,BEV2_2025-02-16_fast_1__segment_1,test,2025-02-16 17:28:53+00:00,2025-02-16 17:29:53+00:00,60.25,4.5,-242.7495,95.51021259730136,-0.25,high,stable
BEV2_2025-02-16_fast_1,BEV2,BEV2_2025-02-16_fast_1__segment_1,test,2025-02-16 17:29:03+00:00,2025-02-16 17:30:03+00:00,60.0,4.5,-240.181,94.70421924204987,-0.5,high,cooling
BEV2_2025-02-16_fast_1,BEV2,BEV2_2025-02-16_fast_1__segment_1,test,2025-02-16 17:29:13+00:00,2025-02-16 17:30:13+00:00,60.0,4.0,-238.077,93.5240146861459,-0.25,mid,stable
BEV2_2025-02-16_fast_2,BEV2,BEV2_2025-02-16_fast_2__segment_1,test,2025-02-16 17:58:29+00:00,2025-02-16 17:59:29+00:00,44.25,3.5,-230.5185,98.41444726718584,0.5,high,warming
BEV2_2025-02-16_fast_2,BEV2,BEV2_2025-02-16_fast_2__segment_1,test,2025-02-16 17:58:39+00:00,2025-02-16 17:59:39+00:00,44.25,3.0,-226.1575,97.92929255809013,0.5,high,warming
BEV2_2025-02-16_fast_2,BEV2,BEV2_2025-02-16_fast_2__segment_1,test,2025-02-16 17:58:49+00:00,2025-02-16 17:59:49+00:00,44.5,3.0,-223.703,97.69967938956772,0.75,high,warming
BEV2_2025-02-16_fast_2,BEV2,BEV2_2025-02-16_fast_2__segment_1,test,2025-02-16 17:58:59+00:00,2025-02-16 17:59:59+00:00,45.25,2.5,-220.3705,97.50857796778784,1.5,high,warming
BEV2_2025-02-16_fast_2,BEV2,BEV2_2025-02-16_fast_2__segment_1,test,2025-02-16 17:59:09+00:00,2025-02-16 18:00:09+00:00,46.0,2.5,-221.149,97.19976665768068,2.0,high,warming
BEV2_2025-02-16_fast_2,BEV2,BEV2_2025-02-16_fast_2__segment_1,test,2025-02-16 17:59:19+00:00,2025-02-16 18:00:19+00:00,46.5,2.5,-218.8495,96.4550116625192,2.5,high,warming
BEV2_2025-02-16_fast_2,BEV2,BEV2_2025-02-16_fast_2__segment_1,test,2025-02-16 17:59:29+00:00,2025-02-16 18:00:29+00:00,47.25,2.5,-217.0215,95.73878702514074,3.0,high,warming
BEV2_2025-02-16_fast_2,BEV2,BEV2_2025-02-16_fast_2__segment_1,test,2025-02-16 17:59:39+00:00,2025-02-16 18:00:39+00:00,47.75,2.5,-216.9045,95.27515895106484,3.5,high,warming
BEV2_2025-02-16_fast_2,BEV2,BEV2_2025-02-16_fast_2__segment_1,test,2025-02-16 17:59:49+00:00,2025-02-16 18:00:49+00:00,48.5,2.5,-213.9765,94.76782518391116,4.0,high,warming
BEV2_2025-02-16_fast_2,BEV2,BEV2_2025-02-16_fast_2__segment_1,test,2025-02-16 17:59:59+00:00,2025-02-16 18:00:59+00:00,49.0,2.0,-213.494,94.2639399332592,3.75,mid,warming
BEV2_2025-02-16_fast_2,BEV2,BEV2_2025-02-16_fast_2__segment_1,test,2025-02-16 18:00:09+00:00,2025-02-16 18:01:09+00:00,49.5,2.0,-213.185,93.84654679990008,3.5,mid,warming
BEV2_2025-02-16_fast_2,BEV2,BEV2_2025-02-16_fast_2__segment_1,test,2025-02-16 18:00:19+00:00,2025-02-16 18:01:19+00:00,50.0,2.0,-210.0245,93.2088675469071,3.5,mid,warming
BEV2_2025-02-16_fast_2,BEV2,BEV2_2025-02-16_fast_2__segment_1,test,2025-02-16 18:00:29+00:00,2025-02-16 18:01:29+00:00,50.5,2.0,-209.538,92.89924356994688,3.25,mid,warming
BEV2_2025-02-16_fast_2,BEV2,BEV2_2025-02-16_fast_2__segment_1,test,2025-02-16 18:00:39+00:00,2025-02-16 18:01:39+00:00,51.0,2.0,-208.069,92.45748625150922,3.25,mid,warming
BEV2_2025-02-16_fast_2,BEV2,BEV2_2025-02-16_fast_2__segment_1,test,2025-02-16 18:00:49+00:00,2025-02-16 18:01:49+00:00,51.25,2.0,-207.929,92.07132281880216,2.75,mid,warming
BEV2_2025-02-16_fast_2,BEV2,BEV2_2025-02-16_fast_2__segment_1,test,2025-02-16 18:00:59+00:00,2025-02-16 18:01:59+00:00,51.75,1.5,-206.7835,91.71921764288518,2.75,mid,warming
BEV2_2025-02-16_fast_2,BEV2,BEV2_2025-02-16_fast_2__segment_1,test,2025-02-16 18:01:09+00:00,2025-02-16 18:02:09+00:00,52.25,1.5,-204.7605,91.3650801076171,2.75,mid,warming
BEV2_2025-02-16_fast_2,BEV2,BEV2_2025-02-16_fast_2__segment_1,test,2025-02-16 18:01:19+00:00,2025-02-16 18:02:19+00:00,52.5,1.5,-203.2535,91.18233243754085,2.5,mid,warming
BEV2_2025-02-16_fast_2,BEV2,BEV2_2025-02-16_fast_2__segment_1,test,2025-02-16 18:01:29+00:00,2025-02-16 18:02:29+00:00,53.0,1.5,-203.5465,90.91459536418033,2.5,mid,warming
BEV2_2025-02-16_fast_2,BEV2,BEV2_2025-02-16_fast_2__segment_1,test,2025-02-16 18:01:39+00:00,2025-02-16 18:02:39+00:00,53.25,1.5,-203.7735,90.70163083978876,2.25,mid,warming
BEV2_2025-02-16_fast_2,BEV2,BEV2_2025-02-16_fast_2__segment_1,test,2025-02-16 18:01:49+00:00,2025-02-16 18:02:49+00:00,53.75,2.0,-201.8995,90.39385896176778,2.5,mid,warming
BEV2_2025-02-16_fast_2,BEV2,BEV2_2025-02-16_fast_2__segment_1,test,2025-02-16 18:01:59+00:00,2025-02-16 18:02:59+00:00,54.0,1.5,-199.9385,90.13420365514624,2.25,mid,warming
BEV2_2025-02-16_fast_2,BEV2,BEV2_2025-02-16_fast_2__segment_1,test,2025-02-16 18:02:09+00:00,2025-02-16 18:03:09+00:00,54.5,1.5,-200.0685,89.78455807662218,2.25,mid,warming
BEV2_2025-02-16_fast_2,BEV2,BEV2_2025-02-16_fast_2__segment_1,test,2025-02-16 18:02:19+00:00,2025-02-16 18:03:19+00:00,54.75,1.5,-199.867,89.5684851074915,2.25,mid,warming
BEV2_2025-02-16_fast_2,BEV2,BEV2_2025-02-16_fast_2__segment_1,test,2025-02-16 18:02:29+00:00,2025-02-16 18:03:29+00:00,55.25,1.5,-198.238,89.2957450474252,2.25,mid,warming
BEV2_2025-02-16_fast_2,BEV2,BEV2_2025-02-16_fast_2__segment_1,test,2025-02-16 18:02:39+00:00,2025-02-16 18:03:39+00:00,55.5,1.5,-197.987,88.88822210385163,2.25,mid,warming
BEV2_2025-02-16_fast_2,BEV2,BEV2_2025-02-16_fast_2__segment_1,test,2025-02-16 18:02:49+00:00,2025-02-16 18:03:49+00:00,55.75,1.5,-197.636,88.76688724266647,2.0,mid,warming
BEV2_2025-02-16_fast_2,BEV2,BEV2_2025-02-16_fast_2__segment_1,test,2025-02-16 18:02:59+00:00,2025-02-16 18:03:59+00:00,56.25,1.5,-196.349,88.55942057865758,2.25,mid,warming
BEV2_2025-02-16_fast_2,BEV2,BEV2_2025-02-16_fast_2__segment_1,test,2025-02-16 18:03:09+00:00,2025-02-16 18:04:09+00:00,56.5,1.5,-195.6745,88.21052970796485,2.0,mid,warming
BEV2_2025-02-16_fast_2,BEV2,BEV2_2025-02-16_fast_2__segment_1,test,2025-02-16 18:03:19+00:00,2025-02-16 18:04:19+00:00,56.75,1.5,-194.633,87.9214061245112,2.0,mid,warming
BEV2_2025-02-16_fast_2,BEV2,BEV2_2025-02-16_fast_2__segment_1,test,2025-02-16 18:03:29+00:00,2025-02-16 18:04:29+00:00,57.25,1.5,-194.681,87.51654852959399,2.0,mid,warming
BEV2_2025-02-16_fast_2,BEV2,BEV2_2025-02-16_fast_2__segment_1,test,2025-02-16 18:03:39+00:00,2025-02-16 18:04:39+00:00,57.5,1.5,-193.011,86.71916977655471,2.0,mid,warming
BEV2_2025-02-16_fast_2,BEV2,BEV2_2025-02-16_fast_2__segment_1,test,2025-02-16 18:03:49+00:00,2025-02-16 18:04:49+00:00,57.75,1.5,-180.838,74.71647528056093,2.0,mid,warming
BEV2_2025-02-16_fast_2,BEV2,BEV2_2025-02-16_fast_2__segment_1,test,2025-02-16 18:03:59+00:00,2025-02-16 18:04:59+00:00,58.25,1.5,-182.3705,75.5931456146067,2.0,mid,warming
BEV2_2025-02-16_fast_2,BEV2,BEV2_2025-02-16_fast_2__segment_1,test,2025-02-16 18:04:09+00:00,2025-02-16 18:05:09+00:00,58.5,1.5,-183.9045,75.88590033688725,2.0,mid,warming
BEV2_2025-02-16_fast_2,BEV2,BEV2_2025-02-16_fast_2__segment_1,test,2025-02-16 18:04:19+00:00,2025-02-16 18:05:19+00:00,58.5,1.5,-183.674,75.60774705911952,1.75,mid,warming
BEV2_2025-02-16_fast_2,BEV2,BEV2_2025-02-16_fast_2__segment_1,test,2025-02-16 18:04:29+00:00,2025-02-16 18:05:29+00:00,58.75,1.5,-182.8915,75.34246395999651,1.5,mid,warming
BEV2_2025-02-16_fast_2,BEV2,BEV2_2025-02-16_fast_2__segment_1,test,2025-02-16 18:04:39+00:00,2025-02-16 18:05:39+00:00,59.0,1.5,-182.0775,74.49136275742003,1.5,mid,warming
BEV2_2025-02-16_fast_2,BEV2,BEV2_2025-02-16_fast_2__segment_1,test,2025-02-16 18:04:49+00:00,2025-02-16 18:05:49+00:00,59.0,1.5,-183.629,74.49845571637002,1.25,mid,warming
BEV2_2025-02-16_fast_2,BEV2,BEV2_2025-02-16_fast_2__segment_1,test,2025-02-16 18:04:59+00:00,2025-02-16 18:05:59+00:00,59.25,1.5,-183.4835,74.24329857197952,1.0,mid,warming
BEV2_2025-02-16_fast_2,BEV2,BEV2_2025-02-16_fast_2__segment_1,test,2025-02-16 18:05:09+00:00,2025-02-16 18:06:09+00:00,59.25,1.5,-183.2595,74.08407754828369,0.75,mid,warming
BEV2_2025-02-16_fast_2,BEV2,BEV2_2025-02-16_fast_2__segment_1,test,2025-02-16 18:05:19+00:00,2025-02-16 18:06:19+00:00,59.25,1.5,-183.6395,74.0581263700717,0.75,mid,warming
BEV2_2025-02-16_fast_2,BEV2,BEV2_2025-02-16_fast_2__segment_1,test,2025-02-16 18:05:29+00:00,2025-02-16 18:06:29+00:00,59.25,1.5,-184.177,74.2693031835564,0.5,mid,warming
BEV2_2025-02-16_fast_2,BEV2,BEV2_2025-02-16_fast_2__segment_1,test,2025-02-16 18:05:39+00:00,2025-02-16 18:06:39+00:00,59.25,1.5,-182.4405,74.25500544517396,0.25,mid,stable
BEV2_2025-02-16_fast_2,BEV2,BEV2_2025-02-16_fast_2__segment_1,test,2025-02-16 18:05:49+00:00,2025-02-16 18:06:49+00:00,59.25,1.5,-183.1755,74.2621031269488,0.25,mid,stable
BEV2_2025-02-16_fast_2,BEV2,BEV2_2025-02-16_fast_2__segment_1,test,2025-02-16 18:05:59+00:00,2025-02-16 18:06:59+00:00,59.25,1.5,-183.509,74.36368625075086,0.0,mid,stable
BEV2_2025-02-16_fast_2,BEV2,BEV2_2025-02-16_fast_2__segment_1,test,2025-02-16 18:06:09+00:00,2025-02-16 18:07:09+00:00,59.5,1.5,-183.3765,74.40549071435318,0.25,mid,stable
BEV2_2025-02-16_fast_2,BEV2,BEV2_2025-02-16_fast_2__segment_1,test,2025-02-16 18:06:19+00:00,2025-02-16 18:07:19+00:00,59.5,1.5,-183.3935,74.21344534917714,0.25,mid,stable
BEV2_2025-02-16_fast_2,BEV2,BEV2_2025-02-16_fast_2__segment_1,test,2025-02-16 18:06:29+00:00,2025-02-16 18:07:29+00:00,59.5,1.5,-181.9885,74.17263499653713,0.25,mid,stable
BEV2_2025-02-16_fast_2,BEV2,BEV2_2025-02-16_fast_2__segment_1,test,2025-02-16 18:06:39+00:00,2025-02-16 18:07:39+00:00,59.5,1.5,-182.051,74.06335641535763,0.25,mid,stable
BEV2_2025-02-16_fast_2,BEV2,BEV2_2025-02-16_fast_2__segment_1,test,2025-02-16 18:06:49+00:00,2025-02-16 18:07:49+00:00,59.5,1.5,-181.7985,73.85180652892608,0.25,mid,stable
BEV2_2025-02-16_fast_2,BEV2,BEV2_2025-02-16_fast_2__segment_1,test,2025-02-16 18:06:59+00:00,2025-02-16 18:07:59+00:00,59.5,1.5,-182.1515,73.81220499049616,0.25,mid,stable
BEV2_2025-02-16_fast_2,BEV2,BEV2_2025-02-16_fast_2__segment_1,test,2025-02-16 18:07:09+00:00,2025-02-16 18:08:09+00:00,59.5,1.5,-180.423,73.51219617779905,0.0,mid,stable
BEV2_2025-02-16_fast_2,BEV2,BEV2_2025-02-16_fast_2__segment_1,test,2025-02-16 18:07:19+00:00,2025-02-16 18:08:19+00:00,59.5,1.5,-180.1615,72.81333501578166,0.0,mid,stable
BEV2_2025-02-16_fast_2,BEV2,BEV2_2025-02-16_fast_2__segment_1,test,2025-02-16 18:07:29+00:00,2025-02-16 18:08:29+00:00,59.5,1.0,-182.02,72.64863899536519,0.0,mid,stable
BEV2_2025-02-16_fast_2,BEV2,BEV2_2025-02-16_fast_2__segment_1,test,2025-02-16 18:07:39+00:00,2025-02-16 18:08:39+00:00,59.5,1.0,-179.539,71.57075914690634,0.0,mid,stable
BEV2_2025-02-16_fast_2,BEV2,BEV2_2025-02-16_fast_2__segment_1,test,2025-02-16 18:07:49+00:00,2025-02-16 18:08:49+00:00,59.5,1.0,-180.2785,71.55182170899378,0.0,mid,stable
BEV2_2025-02-16_fast_2,BEV2,BEV2_2025-02-16_fast_2__segment_1,test,2025-02-16 18:07:59+00:00,2025-02-16 18:08:59+00:00,59.25,1.0,-178.3115,71.38388698307521,-0.25,mid,stable
BEV2_2025-02-16_fast_2,BEV2,BEV2_2025-02-16_fast_2__segment_1,test,2025-02-16 18:08:09+00:00,2025-02-16 18:09:09+00:00,59.25,1.0,-178.515,71.25877924790494,-0.25,mid,stable
BEV2_2025-02-16_fast_2,BEV2,BEV2_2025-02-16_fast_2__segment_1,test,2025-02-16 18:08:19+00:00,2025-02-16 18:09:19+00:00,59.25,1.0,-179.6865,72.1294973083601,-0.25,mid,stable
BEV2_2025-02-16_fast_2,BEV2,BEV2_2025-02-16_fast_2__segment_1,test,2025-02-16 18:08:29+00:00,2025-02-16 18:09:29+00:00,59.25,1.0,-178.3575,72.01595387577237,-0.25,mid,stable
BEV2_2025-02-16_fast_2,BEV2,BEV2_2025-02-16_fast_2__segment_1,test,2025-02-16 18:08:39+00:00,2025-02-16 18:09:39+00:00,59.0,1.0,-176.878,70.87417634544305,-0.5,mid,cooling
BEV2_2025-02-16_fast_2,BEV2,BEV2_2025-02-16_fast_2__segment_1,test,2025-02-16 18:08:49+00:00,2025-02-16 18:09:49+00:00,59.0,1.0,-176.557,70.68939612094874,-0.5,mid,cooling
BEV2_2025-02-16_fast_2,BEV2,BEV2_2025-02-16_fast_2__segment_1,test,2025-02-16 18:08:59+00:00,2025-02-16 18:09:59+00:00,59.0,1.0,-176.521,70.69051538768377,-0.25,mid,stable
BEV2_2025-02-16_fast_2,BEV2,BEV2_2025-02-16_fast_2__segment_1,test,2025-02-16 18:09:09+00:00,2025-02-16 18:10:09+00:00,59.0,1.0,-176.276,71.37732057278784,-0.25,mid,stable
BEV2_2025-02-16_fast_2,BEV2,BEV2_2025-02-16_fast_2__segment_1,test,2025-02-16 18:09:19+00:00,2025-02-16 18:10:19+00:00,59.0,1.0,-176.4225,71.11882211509045,-0.25,mid,stable
BEV2_2025-02-16_fast_2,BEV2,BEV2_2025-02-16_fast_2__segment_1,test,2025-02-16 18:09:29+00:00,2025-02-16 18:10:29+00:00,58.75,1.0,-175.4805,70.09535619781424,-0.5,mid,cooling
BEV2_2025-02-16_fast_2,BEV2,BEV2_2025-02-16_fast_2__segment_1,test,2025-02-16 18:09:39+00:00,2025-02-16 18:10:39+00:00,58.75,1.0,-175.5245,69.9636616258658,-0.25,mid,stable
BEV2_2025-02-16_fast_2,BEV2,BEV2_2025-02-16_fast_2__segment_1,test,2025-02-16 18:09:49+00:00,2025-02-16 18:10:49+00:00,58.75,1.0,-173.6365,69.68470989260256,-0.25,mid,stable
BEV2_2025-02-16_fast_2,BEV2,BEV2_2025-02-16_fast_2__segment_1,test,2025-02-16 18:09:59+00:00,2025-02-16 18:10:59+00:00,58.75,1.0,-173.802,70.63217809305438,-0.25,mid,stable
BEV2_2025-02-16_fast_2,BEV2,BEV2_2025-02-16_fast_2__segment_1,test,2025-02-16 18:10:09+00:00,2025-02-16 18:11:09+00:00,58.75,1.0,-173.7385,70.50057566588232,-0.25,mid,stable
BEV2_2025-02-16_fast_2,BEV2,BEV2_2025-02-16_fast_2__segment_1,test,2025-02-16 18:10:19+00:00,2025-02-16 18:11:19+00:00,58.75,1.0,-172.5105,69.34076675205394,-0.25,mid,stable
BEV2_2025-02-16_fast_2,BEV2,BEV2_2025-02-16_fast_2__segment_1,test,2025-02-16 18:10:29+00:00,2025-02-16 18:11:29+00:00,58.75,1.0,-171.507,69.17312549710968,0.0,mid,stable
BEV2_2025-02-16_fast_2,BEV2,BEV2_2025-02-16_fast_2__segment_1,test,2025-02-16 18:10:39+00:00,2025-02-16 18:11:39+00:00,58.75,1.0,-172.6335,69.10492904960788,0.0,mid,stable
BEV2_2025-02-16_fast_2,BEV2,BEV2_2025-02-16_fast_2__segment_1,test,2025-02-16 18:10:49+00:00,2025-02-16 18:11:49+00:00,58.75,1.0,-170.836,69.73599784987508,0.0,mid,stable
BEV2_2025-02-16_fast_2,BEV2,BEV2_2025-02-16_fast_2__segment_1,test,2025-02-16 18:10:59+00:00,2025-02-16 18:11:59+00:00,58.75,1.0,-171.516,69.52448422802215,0.0,mid,stable
BEV2_2025-02-16_fast_2,BEV2,BEV2_2025-02-16_fast_2__segment_1,test,2025-02-16 18:11:09+00:00,2025-02-16 18:12:09+00:00,58.75,1.0,-170.782,68.31833996852836,0.0,low,stable
BEV2_2025-02-16_fast_2,BEV2,BEV2_2025-02-16_fast_2__segment_1,test,2025-02-16 18:11:19+00:00,2025-02-16 18:12:19+00:00,58.75,1.0,-169.7585,68.03485033570784,0.0,low,stable
BEV2_2025-02-16_fast_2,BEV2,BEV2_2025-02-16_fast_2__segment_1,test,2025-02-16 18:11:29+00:00,2025-02-16 18:12:29+00:00,59.0,1.0,-168.084,67.653490088012,0.25,low,stable
BEV2_2025-02-16_fast_2,BEV2,BEV2_2025-02-16_fast_2__segment_1,test,2025-02-16 18:11:39+00:00,2025-02-16 18:12:39+00:00,59.0,1.0,-168.771,68.33483385339144,0.25,low,stable
BEV2_2025-02-16_fast_2,BEV2,BEV2_2025-02-16_fast_2__segment_1,test,2025-02-16 18:11:49+00:00,2025-02-16 18:12:49+00:00,59.0,1.0,-167.0495,68.13053217022188,0.25,low,stable
BEV2_2025-02-16_fast_2,BEV2,BEV2_2025-02-16_fast_2__segment_1,test,2025-02-16 18:11:59+00:00,2025-02-16 18:12:59+00:00,59.0,1.0,-166.24,66.88753997323694,0.25,low,stable
BEV2_2025-02-16_fast_2,BEV2,BEV2_2025-02-16_fast_2__segment_1,test,2025-02-16 18:12:09+00:00,2025-02-16 18:13:09+00:00,59.0,1.0,-165.286,66.43278114675684,0.25,low,stable
BEV2_2025-02-16_fast_2,BEV2,BEV2_2025-02-16_fast_2__segment_1,test,2025-02-16 18:12:19+00:00,2025-02-16 18:13:19+00:00,59.0,1.0,-164.416,66.21941379836993,0.25,low,stable
BEV2_2025-02-16_fast_2,BEV2,BEV2_2025-02-16_fast_2__segment_1,test,2025-02-16 18:12:29+00:00,2025-02-16 18:13:29+00:00,59.25,1.0,-164.38,66.53044403874144,0.25,low,stable
BEV2_2025-02-16_fast_2,BEV2,BEV2_2025-02-16_fast_2__segment_1,test,2025-02-16 18:12:39+00:00,2025-02-16 18:13:39+00:00,59.25,1.0,-163.818,66.60562404544382,0.25,low,stable
BEV2_2025-02-16_fast_2,BEV2,BEV2_2025-02-16_fast_2__segment_1,test,2025-02-16 18:12:49+00:00,2025-02-16 18:13:49+00:00,59.25,1.0,-160.9005,65.12907960557511,0.25,low,stable
BEV2_2025-02-16_fast_2,BEV2,BEV2_2025-02-16_fast_2__segment_1,test,2025-02-16 18:12:59+00:00,2025-02-16 18:13:59+00:00,59.25,1.0,-159.323,64.74495050774952,0.25,low,stable
BEV2_2025-02-16_fast_2,BEV2,BEV2_2025-02-16_fast_2__segment_1,test,2025-02-16 18:13:09+00:00,2025-02-16 18:14:09+00:00,59.25,1.0,-158.1445,64.4324611257106,0.25,low,stable
BEV2_2025-02-16_fast_2,BEV2,BEV2_2025-02-16_fast_2__segment_1,test,2025-02-16 18:13:19+00:00,2025-02-16 18:14:19+00:00,59.5,0.5,-158.0225,64.46003271711717,0.5,low,warming
BEV2_2025-02-16_fast_2,BEV2,BEV2_2025-02-16_fast_2__segment_1,test,2025-02-16 18:13:29+00:00,2025-02-16 18:14:29+00:00,59.5,0.5,-156.5685,64.705881546812,0.25,low,stable
BEV2_2025-02-16_fast_2,BEV2,BEV2_2025-02-16_fast_2__segment_1,test,2025-02-16 18:13:39+00:00,2025-02-16 18:14:39+00:00,59.5,0.5,-156.1215,64.35163752960631,0.25,low,stable
BEV2_2025-02-16_fast_2,BEV2,BEV2_2025-02-16_fast_2__segment_1,test,2025-02-16 18:13:49+00:00,2025-02-16 18:14:49+00:00,59.5,0.5,-153.756,62.704959964274536,0.25,low,stable
BEV2_2025-02-16_fast_2,BEV2,BEV2_2025-02-16_fast_2__segment_1,test,2025-02-16 18:13:59+00:00,2025-02-16 18:14:59+00:00,59.5,0.5,-153.449,61.98161600194398,0.25,low,stable
BEV2_2025-02-16_fast_2,BEV2,BEV2_2025-02-16_fast_2__segment_1,test,2025-02-16 18:14:09+00:00,2025-02-16 18:15:09+00:00,59.75,1.0,-151.3,60.93859909020288,0.5,low,warming
BEV2_2025-02-16_fast_2,BEV2,BEV2_2025-02-16_fast_2__segment_1,test,2025-02-16 18:14:19+00:00,2025-02-16 18:15:19+00:00,59.75,1.0,-148.4655,60.86108648140034,0.25,low,stable
BEV2_2025-02-16_fast_2,BEV2,BEV2_2025-02-16_fast_2__segment_1,test,2025-02-16 18:14:29+00:00,2025-02-16 18:15:29+00:00,59.75,1.0,-144.836,59.86380054545096,0.25,low,stable
BEV2_2025-02-16_fast_2,BEV2,BEV2_2025-02-16_fast_2__segment_1,test,2025-02-16 18:14:39+00:00,2025-02-16 18:15:39+00:00,59.75,1.0,-144.2565,58.275006158286836,0.25,low,stable
BEV2_2025-02-16_fast_2,BEV2,BEV2_2025-02-16_fast_2__segment_1,test,2025-02-16 18:14:49+00:00,2025-02-16 18:15:49+00:00,59.75,1.0,-140.9975,57.501612495523354,0.25,low,stable
BEV2_2025-02-16_fast_2,BEV2,BEV2_2025-02-16_fast_2__segment_1,test,2025-02-16 18:14:59+00:00,2025-02-16 18:15:59+00:00,59.75,1.0,-139.331,56.709862967633335,0.25,low,stable
BEV2_2025-02-16_fast_2,BEV2,BEV2_2025-02-16_fast_2__segment_1,test,2025-02-16 18:15:09+00:00,2025-02-16 18:16:09+00:00,60.0,1.0,-137.833,56.503460143443036,0.25,low,stable
BEV2_2025-02-16_fast_2,BEV2,BEV2_2025-02-16_fast_2__segment_1,test,2025-02-16 18:15:19+00:00,2025-02-16 18:16:19+00:00,60.0,1.0,-135.674,55.96661475020818,0.25,low,stable
BEV2_2025-02-16_fast_2,BEV2,BEV2_2025-02-16_fast_2__segment_1,test,2025-02-16 18:15:29+00:00,2025-02-16 18:16:29+00:00,60.0,1.0,-134.415,54.34510685977966,0.25,low,stable
BEV2_2025-02-16_fast_2,BEV2,BEV2_2025-02-16_fast_2__segment_1,test,2025-02-16 18:15:39+00:00,2025-02-16 18:16:39+00:00,60.0,1.0,-132.7385,53.707444220065305,0.25,low,stable
BEV2_2025-02-16_fast_2,BEV2,BEV2_2025-02-16_fast_2__segment_1,test,2025-02-16 18:15:49+00:00,2025-02-16 18:16:49+00:00,60.0,1.0,-131.845,53.04033146504745,0.25,low,stable
BEV2_2025-02-16_fast_2,BEV2,BEV2_2025-02-16_fast_2__segment_1,test,2025-02-16 18:15:59+00:00,2025-02-16 18:16:59+00:00,60.0,1.0,-129.943,53.17102149212952,0.25,low,stable
BEV2_2025-02-16_fast_2,BEV2,BEV2_2025-02-16_fast_2__segment_1,test,2025-02-16 18:16:09+00:00,2025-02-16 18:17:09+00:00,60.0,1.0,-127.1755,52.66606727744725,0.0,low,stable
BEV2_2025-02-16_fast_2,BEV2,BEV2_2025-02-16_fast_2__segment_1,test,2025-02-16 18:16:19+00:00,2025-02-16 18:17:19+00:00,60.25,1.0,-126.3455,51.18510197848694,0.25,low,stable
BEV2_2025-02-16_fast_2,BEV2,BEV2_2025-02-16_fast_2__segment_1,test,2025-02-16 18:16:29+00:00,2025-02-16 18:17:29+00:00,60.25,1.0,-125.507,50.66364506712242,0.25,low,stable
BEV2_2025-02-16_fast_2,BEV2,BEV2_2025-02-16_fast_2__segment_1,test,2025-02-16 18:16:39+00:00,2025-02-16 18:17:39+00:00,60.25,1.0,-123.823,50.11226317727376,0.25,low,stable
BEV2_2025-02-16_fast_2,BEV2,BEV2_2025-02-16_fast_2__segment_1,test,2025-02-16 18:16:49+00:00,2025-02-16 18:17:49+00:00,60.25,1.0,-123.1635,50.30304907536474,0.25,low,stable
BEV2_2025-02-16_fast_2,BEV2,BEV2_2025-02-16_fast_2__segment_1,test,2025-02-16 18:16:59+00:00,2025-02-16 18:17:59+00:00,60.25,1.0,-122.253,50.14856635781185,0.25,low,stable
BEV2_2025-02-16_fast_2,BEV2,BEV2_2025-02-16_fast_2__segment_1,test,2025-02-16 18:17:09+00:00,2025-02-16 18:18:09+00:00,60.0,1.0,-120.213,48.51114332820173,0.0,low,stable
BEV2_2025-02-16_fast_2,BEV2,BEV2_2025-02-16_fast_2__segment_1,test,2025-02-16 18:17:19+00:00,2025-02-16 18:18:19+00:00,60.0,1.0,-117.9105,48.31389019523208,-0.25,low,stable
BEV2_2025-02-16_fast_2,BEV2,BEV2_2025-02-16_fast_2__segment_1,test,2025-02-16 18:17:29+00:00,2025-02-16 18:18:29+00:00,60.0,1.0,-118.4735,47.78206828826909,-0.25,low,stable
BEV2_2025-02-16_fast_2,BEV2,BEV2_2025-02-16_fast_2__segment_1,test,2025-02-16 18:17:39+00:00,2025-02-16 18:18:39+00:00,59.75,1.0,-116.5685,47.5658654332404,-0.5,low,cooling
BEV2_2025-02-16_fast_2,BEV2,BEV2_2025-02-16_fast_2__segment_1,test,2025-02-16 18:17:49+00:00,2025-02-16 18:18:49+00:00,59.75,1.0,-115.393,47.62368792817508,-0.5,low,cooling
BEV2_2025-02-16_fast_2,BEV2,BEV2_2025-02-16_fast_2__segment_1,test,2025-02-16 18:17:59+00:00,2025-02-16 18:18:59+00:00,59.5,1.0,-112.7465,46.01133541559927,-0.75,low,cooling
BEV2_2025-02-16_fast_2,BEV2,BEV2_2025-02-16_fast_2__segment_1,test,2025-02-16 18:18:09+00:00,2025-02-16 18:19:09+00:00,59.5,1.5,-111.9225,45.54289063466372,-0.5,low,cooling
BEV2_2025-02-16_fast_2,BEV2,BEV2_2025-02-16_fast_2__segment_1,test,2025-02-16 18:18:19+00:00,2025-02-16 18:19:19+00:00,59.25,1.5,-111.143,45.10652076201806,-0.75,low,cooling
BEV2_2025-02-16_fast_2,BEV2,BEV2_2025-02-16_fast_2__segment_1,test,2025-02-16 18:18:29+00:00,2025-02-16 18:19:29+00:00,59.0,1.5,-110.735,44.63478083694551,-1.0,low,cooling
BEV2_2025-02-16_fast_2,BEV2,BEV2_2025-02-16_fast_2__segment_1,test,2025-02-16 18:18:39+00:00,2025-02-16 18:19:39+00:00,59.0,1.0,-109.602,44.31146191842424,-0.75,low,cooling
BEV2_2025-02-16_fast_2,BEV2,BEV2_2025-02-16_fast_2__segment_1,test,2025-02-16 18:18:49+00:00,2025-02-16 18:19:49+00:00,58.75,1.5,-107.336,44.21836279164739,-1.0,low,cooling
BEV2_2025-02-16_fast_2,BEV2,BEV2_2025-02-16_fast_2__segment_1,test,2025-02-16 18:18:59+00:00,2025-02-16 18:19:59+00:00,58.75,1.5,-107.3775,44.69543450397636,-0.75,low,cooling
BEV2_2025-04-05_fast_1,BEV2,BEV2_2025-04-05_fast_1__segment_1,test,2025-04-05 20:10:56+00:00,2025-04-05 20:11:56+00:00,30.25,14.5,-310.1595,125.33093248145725,1.0,high,warming
BEV2_2025-04-05_fast_1,BEV2,BEV2_2025-04-05_fast_1__segment_1,test,2025-04-05 20:11:06+00:00,2025-04-05 20:12:06+00:00,30.5,14.5,-310.455,125.92994935233396,1.25,high,warming
BEV2_2025-04-05_fast_1,BEV2,BEV2_2025-04-05_fast_1__segment_1,test,2025-04-05 20:11:16+00:00,2025-04-05 20:12:16+00:00,30.75,14.0,-306.9855,125.3210827684279,1.25,high,warming
BEV2_2025-04-05_fast_1,BEV2,BEV2_2025-04-05_fast_1__segment_1,test,2025-04-05 20:11:26+00:00,2025-04-05 20:12:26+00:00,31.5,14.0,-299.492,123.78434974889322,2.0,high,warming
BEV2_2025-04-05_fast_1,BEV2,BEV2_2025-04-05_fast_1__segment_1,test,2025-04-05 20:11:36+00:00,2025-04-05 20:12:36+00:00,32.25,14.0,-296.404,122.57809501951016,2.5,high,warming
BEV2_2025-04-05_fast_1,BEV2,BEV2_2025-04-05_fast_1__segment_1,test,2025-04-05 20:11:46+00:00,2025-04-05 20:12:46+00:00,33.0,14.0,-285.0085,118.40725216440876,3.0,high,warming
BEV2_2025-04-05_fast_1,BEV2,BEV2_2025-04-05_fast_1__segment_1,test,2025-04-05 20:11:56+00:00,2025-04-05 20:12:56+00:00,33.75,14.0,-285.781,119.50866970534955,3.5,high,warming
BEV2_2025-04-05_fast_1,BEV2,BEV2_2025-04-05_fast_1__segment_1,test,2025-04-05 20:12:06+00:00,2025-04-05 20:13:06+00:00,34.5,14.0,-283.066,118.33717360594872,4.0,high,warming
BEV2_2025-04-05_fast_1,BEV2,BEV2_2025-04-05_fast_1__segment_1,test,2025-04-05 20:12:16+00:00,2025-04-05 20:13:16+00:00,35.5,13.5,-281.4445,117.9378023457925,4.75,high,warming
BEV2_2025-04-05_fast_1,BEV2,BEV2_2025-04-05_fast_1__segment_1,test,2025-04-05 20:12:26+00:00,2025-04-05 20:13:26+00:00,36.0,13.5,-277.6235,117.26102969107298,4.5,high,warming
BEV2_2025-04-05_fast_1,BEV2,BEV2_2025-04-05_fast_1__segment_1,test,2025-04-05 20:12:36+00:00,2025-04-05 20:13:36+00:00,36.75,13.5,-275.697,115.94545046554066,4.5,high,warming
BEV2_2025-04-05_fast_1,BEV2,BEV2_2025-04-05_fast_1__segment_1,test,2025-04-05 20:12:46+00:00,2025-04-05 20:13:46+00:00,37.5,13.5,-271.2775,114.52289261662352,4.5,high,warming
BEV2_2025-04-05_fast_1,BEV2,BEV2_2025-04-05_fast_1__segment_1,test,2025-04-05 20:12:56+00:00,2025-04-05 20:13:56+00:00,38.0,13.5,-268.710101,113.23851900806872,4.25,high,warming
BEV2_2025-04-05_fast_1,BEV2,BEV2_2025-04-05_fast_1__segment_1,test,2025-04-05 20:13:06+00:00,2025-04-05 20:14:06+00:00,38.75,13.0,-266.734,112.53283270030232,4.25,high,warming
BEV2_2025-04-05_fast_1,BEV2,BEV2_2025-04-05_fast_1__segment_1,test,2025-04-05 20:13:16+00:00,2025-04-05 20:14:16+00:00,39.25,13.0,-265.911,112.21446694017314,3.75,high,warming
BEV2_2025-04-05_fast_1,BEV2,BEV2_2025-04-05_fast_1__segment_1,test,2025-04-05 20:13:26+00:00,2025-04-05 20:14:26+00:00,40.0,13.0,-265.1925,112.00217687304047,4.0,high,warming
BEV2_2025-04-05_fast_1,BEV2,BEV2_2025-04-05_fast_1__segment_1,test,2025-04-05 20:13:36+00:00,2025-04-05 20:14:36+00:00,40.5,13.0,-263.537,111.45532512699366,3.75,high,warming
BEV2_2025-04-05_fast_1,BEV2,BEV2_2025-04-05_fast_1__segment_1,test,2025-04-05 20:13:46+00:00,2025-04-05 20:14:46+00:00,41.0,13.0,-263.0685,111.45434130769,3.5,high,warming
BEV2_2025-04-05_fast_1,BEV2,BEV2_2025-04-05_fast_1__segment_1,test,2025-04-05 20:13:56+00:00,2025-04-05 20:14:56+00:00,41.5,13.0,-262.028,111.186775846755,3.5,high,warming
BEV2_2025-04-05_fast_1,BEV2,BEV2_2025-04-05_fast_1__segment_1,test,2025-04-05 20:14:06+00:00,2025-04-05 20:15:06+00:00,42.0,13.0,-260.9045,110.86324661206376,3.25,high,warming
BEV2_2025-04-05_fast_1,BEV2,BEV2_2025-04-05_fast_1__segment_1,test,2025-04-05 20:14:16+00:00,2025-04-05 20:15:16+00:00,42.75,13.0,-260.3665,110.68741777519888,3.5,high,warming
BEV2_2025-04-05_fast_1,BEV2,BEV2_2025-04-05_fast_1__segment_1,test,2025-04-05 20:14:26+00:00,2025-04-05 20:15:26+00:00,43.25,13.0,-211.6585,91.51594269889746,3.25,mid,warming
BEV2_2025-04-05_fast_1,BEV2,BEV2_2025-04-05_fast_1__segment_1,test,2025-04-05 20:14:36+00:00,2025-04-05 20:15:36+00:00,43.5,12.5,-211.665,91.44340061268302,3.0,mid,warming
BEV2_2025-04-05_fast_1,BEV2,BEV2_2025-04-05_fast_1__segment_1,test,2025-04-05 20:14:46+00:00,2025-04-05 20:15:46+00:00,44.0,12.5,-10.9975,15.075175521232834,3.0,low,warming
BEV2_2025-04-05_fast_1,BEV2,BEV2_2025-04-05_fast_1__segment_1,test,2025-04-05 20:14:56+00:00,2025-04-05 20:15:56+00:00,44.25,12.5,-12.5995,11.308981343586328,2.75,low,warming
BEV2_2025-04-05_fast_1,BEV2,BEV2_2025-04-05_fast_1__segment_1,test,2025-04-05 20:15:06+00:00,2025-04-05 20:16:06+00:00,44.5,12.5,-10.7405,11.175628303161396,2.5,low,warming
BEV2_2025-04-05_fast_1,BEV2,BEV2_2025-04-05_fast_1__segment_1,test,2025-04-05 20:15:16+00:00,2025-04-05 20:16:16+00:00,44.75,12.5,2.355499999999951,6.804120716568436,2.0,low,warming
BEV2_2025-04-05_fast_1,BEV2,BEV2_2025-04-05_fast_1__segment_1,test,2025-04-05 20:15:26+00:00,2025-04-05 20:16:26+00:00,44.75,12.5,3.414499999999957,0.0,1.5,idle_or_low_flow,warming
BEV2_2025-04-05_fast_1,BEV2,BEV2_2025-04-05_fast_1__segment_1,test,2025-04-05 20:15:36+00:00,2025-04-05 20:16:36+00:00,44.75,12.5,3.453499999999957,0.0,1.25,idle_or_low_flow,warming
BEV2_2025-04-05_fast_1,BEV2,BEV2_2025-04-05_fast_1__segment_1,test,2025-04-05 20:15:46+00:00,2025-04-05 20:16:46+00:00,44.75,12.5,1.0079999999999394,0.0,0.75,idle_or_low_flow,warming
BEV2_2025-04-05_fast_1,BEV2,BEV2_2025-04-05_fast_1__segment_1,test,2025-04-05 20:15:56+00:00,2025-04-05 20:16:56+00:00,44.75,12.5,1.010999999999941,0.0,0.5,idle_or_low_flow,warming
BEV2_2025-04-05_fast_1,BEV2,BEV2_2025-04-05_fast_1__segment_1,test,2025-04-05 20:16:06+00:00,2025-04-05 20:17:06+00:00,44.75,12.5,1.0144999999999424,0.0,0.25,idle_or_low_flow,stable
BEV2_2025-04-05_fast_1,BEV2,BEV2_2025-04-05_fast_1__segment_1,test,2025-04-05 20:16:16+00:00,2025-04-05 20:17:16+00:00,44.5,12.0,1.0044999999999424,0.0,-0.25,idle_or_low_flow,stable
BEV2_2025-04-05_fast_1,BEV2,BEV2_2025-04-05_fast_1__segment_1,test,2025-04-05 20:16:26+00:00,2025-04-05 20:17:26+00:00,44.25,12.0,2.000499999999957,0.0,-0.5,idle_or_low_flow,cooling
BEV2_2025-04-05_fast_1,BEV2,BEV2_2025-04-05_fast_1__segment_1,test,2025-04-05 20:16:36+00:00,2025-04-05 20:17:36+00:00,44.0,11.5,2.7479999999999505,0.0,-0.75,idle_or_low_flow,cooling
BEV2_2025-04-05_fast_1,BEV2,BEV2_2025-04-05_fast_1__segment_1,test,2025-04-05 20:16:46+00:00,2025-04-05 20:17:46+00:00,44.0,11.5,-150.017,53.73573224674879,-0.75,low,cooling
BEV2_2025-04-05_fast_1,BEV2,BEV2_2025-04-05_fast_1__segment_1,test,2025-04-05 20:16:56+00:00,2025-04-05 20:17:56+00:00,44.0,12.0,-250.2315,101.5152883820208,-0.75,high,cooling
BEV2_2025-04-05_fast_1,BEV2,BEV2_2025-04-05_fast_1__segment_1,test,2025-04-05 20:17:06+00:00,2025-04-05 20:18:06+00:00,44.0,12.0,-257.716,105.31624574348652,-0.75,high,cooling
BEV2_2025-04-05_fast_1,BEV2,BEV2_2025-04-05_fast_1__segment_1,test,2025-04-05 20:17:16+00:00,2025-04-05 20:18:16+00:00,44.25,12.5,-268.2505,109.67251035314412,-0.25,high,stable
BEV2_2025-04-05_fast_1,BEV2,BEV2_2025-04-05_fast_1__segment_1,test,2025-04-05 20:17:26+00:00,2025-04-05 20:18:26+00:00,44.5,12.5,-270.236,111.5011028387637,0.25,high,stable
BEV2_2025-04-05_fast_1,BEV2,BEV2_2025-04-05_fast_1__segment_1,test,2025-04-05 20:17:36+00:00,2025-04-05 20:18:36+00:00,44.75,12.5,-268.2165,111.25890220766047,0.75,high,warming
BEV2_2025-04-05_fast_1,BEV2,BEV2_2025-04-05_fast_1__segment_1,test,2025-04-05 20:17:46+00:00,2025-04-05 20:18:46+00:00,45.0,12.5,-263.755,109.95119588095399,1.0,high,warming
BEV2_2025-04-05_fast_1,BEV2,BEV2_2025-04-05_fast_1__segment_1,test,2025-04-05 20:17:56+00:00,2025-04-05 20:18:56+00:00,45.25,12.5,-261.0405,109.63678252563912,1.25,high,warming
BEV2_2025-04-05_fast_1,BEV2,BEV2_2025-04-05_fast_1__segment_1,test,2025-04-05 20:18:06+00:00,2025-04-05 20:19:06+00:00,45.75,12.5,-258.392,109.22432077750436,1.75,high,warming
BEV2_2025-04-05_fast_1,BEV2,BEV2_2025-04-05_fast_1__segment_1,test,2025-04-05 20:18:16+00:00,2025-04-05 20:19:16+00:00,46.0,12.5,-256.151,108.9313150613622,1.75,high,warming
BEV2_2025-04-05_fast_1,BEV2,BEV2_2025-04-05_fast_1__segment_1,test,2025-04-05 20:18:26+00:00,2025-04-05 20:19:26+00:00,46.5,12.5,-254.089,108.64930033577751,2.0,high,warming
BEV2_2025-04-05_fast_1,BEV2,BEV2_2025-04-05_fast_1__segment_1,test,2025-04-05 20:18:36+00:00,2025-04-05 20:19:36+00:00,47.0,12.5,-251.9855,108.6979967633882,2.25,high,warming
BEV2_2025-04-05_fast_1,BEV2,BEV2_2025-04-05_fast_1__segment_1,test,2025-04-05 20:18:46+00:00,2025-04-05 20:19:46+00:00,47.5,12.5,-251.4715,108.4133883838642,2.5,high,warming
BEV2_2025-04-05_fast_1,BEV2,BEV2_2025-04-05_fast_1__segment_1,test,2025-04-05 20:18:56+00:00,2025-04-05 20:19:56+00:00,48.0,12.5,-249.9395,108.06363098856941,2.75,high,warming
BEV2_2025-04-05_fast_1,BEV2,BEV2_2025-04-05_fast_1__segment_1,test,2025-04-05 20:19:06+00:00,2025-04-05 20:20:06+00:00,48.5,12.5,-248.672,107.764393461899,2.75,high,warming
BEV2_2025-04-05_fast_1,BEV2,BEV2_2025-04-05_fast_1__segment_1,test,2025-04-05 20:19:16+00:00,2025-04-05 20:20:16+00:00,49.0,12.5,-247.42,107.54373823775614,3.0,high,warming
BEV2_2025-04-05_fast_1,BEV2,BEV2_2025-04-05_fast_1__segment_1,test,2025-04-05 20:19:26+00:00,2025-04-05 20:20:26+00:00,49.5,12.5,-246.119,106.7851717074787,3.0,high,warming
BEV2_2025-04-05_fast_1,BEV2,BEV2_2025-04-05_fast_1__segment_1,test,2025-04-05 20:19:36+00:00,2025-04-05 20:20:36+00:00,50.0,12.5,-244.9915,106.84568236350896,3.0,high,warming
BEV2_2025-04-05_fast_1,BEV2,BEV2_2025-04-05_fast_1__segment_1,test,2025-04-05 20:19:46+00:00,2025-04-05 20:20:46+00:00,50.5,12.5,-244.3615,106.4559658469412,3.0,high,warming
BEV2_2025-04-05_fast_1,BEV2,BEV2_2025-04-05_fast_1__segment_1,test,2025-04-05 20:19:56+00:00,2025-04-05 20:20:56+00:00,51.0,12.5,-243.162,106.14601159540808,3.0,high,warming
BEV2_2025-04-05_fast_1,BEV2,BEV2_2025-04-05_fast_1__segment_1,test,2025-04-05 20:20:06+00:00,2025-04-05 20:21:06+00:00,51.5,12.5,-242.232,105.86502522521846,3.0,high,warming
BEV2_2025-04-05_fast_1,BEV2,BEV2_2025-04-05_fast_1__segment_1,test,2025-04-05 20:20:16+00:00,2025-04-05 20:21:16+00:00,52.0,12.5,-241.26,105.50153954612645,3.0,high,warming
BEV2_2025-04-05_fast_1,BEV2,BEV2_2025-04-05_fast_1__segment_1,test,2025-04-05 20:20:26+00:00,2025-04-05 20:21:26+00:00,52.5,12.5,-240.136,105.19716062866866,3.0,high,warming
BEV2_2025-04-05_fast_1,BEV2,BEV2_2025-04-05_fast_1__segment_1,test,2025-04-05 20:20:36+00:00,2025-04-05 20:21:36+00:00,53.0,12.5,-238.912,105.02884511481486,3.0,high,warming
BEV2_2025-04-05_fast_1,BEV2,BEV2_2025-04-05_fast_1__segment_1,test,2025-04-05 20:20:46+00:00,2025-04-05 20:21:46+00:00,53.25,12.5,-238.0455,104.51765826541656,2.75,high,warming
BEV2_2025-04-05_fast_1,BEV2,BEV2_2025-04-05_fast_1__segment_1,test,2025-04-05 20:20:56+00:00,2025-04-05 20:21:56+00:00,53.75,12.0,-237.5845,104.48364516908556,2.75,high,warming
BEV2_2025-04-05_fast_1,BEV2,BEV2_2025-04-05_fast_1__segment_1,test,2025-04-05 20:21:06+00:00,2025-04-05 20:22:06+00:00,54.25,12.0,-236.77,104.31627364160843,2.75,high,warming
BEV2_2025-04-05_fast_1,BEV2,BEV2_2025-04-05_fast_1__segment_1,test,2025-04-05 20:21:16+00:00,2025-04-05 20:22:16+00:00,54.75,12.0,-235.7385,103.99090601531488,2.75,high,warming
BEV2_2025-04-05_fast_1,BEV2,BEV2_2025-04-05_fast_1__segment_1,test,2025-04-05 20:21:26+00:00,2025-04-05 20:22:26+00:00,55.25,12.5,-234.765,103.62612280599069,2.75,high,warming
BEV2_2025-04-05_fast_1,BEV2,BEV2_2025-04-05_fast_1__segment_1,test,2025-04-05 20:21:36+00:00,2025-04-05 20:22:36+00:00,55.75,12.5,-233.177,103.42075833256293,2.75,high,warming
BEV2_2025-04-05_fast_1,BEV2,BEV2_2025-04-05_fast_1__segment_1,test,2025-04-05 20:21:46+00:00,2025-04-05 20:22:46+00:00,56.0,12.5,-232.4715,102.91680808527856,2.75,high,warming
BEV2_2025-04-05_fast_1,BEV2,BEV2_2025-04-05_fast_1__segment_1,test,2025-04-05 20:21:56+00:00,2025-04-05 20:22:56+00:00,56.5,12.5,-230.4395,102.36534840058664,2.75,high,warming
BEV2_2025-04-05_fast_1,BEV2,BEV2_2025-04-05_fast_1__segment_1,test,2025-04-05 20:22:06+00:00,2025-04-05 20:23:06+00:00,57.0,12.5,-230.7494949,102.147865077085,2.75,high,warming
BEV2_2025-04-05_fast_1,BEV2,BEV2_2025-04-05_fast_1__segment_1,test,2025-04-05 20:22:16+00:00,2025-04-05 20:23:16+00:00,57.25,12.5,-229.622,101.35667063593657,2.5,high,warming
BEV2_2025-04-05_fast_1,BEV2,BEV2_2025-04-05_fast_1__segment_1,test,2025-04-05 20:22:26+00:00,2025-04-05 20:23:26+00:00,57.75,12.5,-228.583,100.36375193269429,2.5,high,warming
BEV2_2025-04-05_fast_1,BEV2,BEV2_2025-04-05_fast_1__segment_1,test,2025-04-05 20:22:36+00:00,2025-04-05 20:23:36+00:00,58.0,12.0,-214.361,87.27375294541825,2.25,mid,warming
BEV2_2025-04-05_fast_1,BEV2,BEV2_2025-04-05_fast_1__segment_1,test,2025-04-05 20:22:46+00:00,2025-04-05 20:23:46+00:00,58.5,12.0,-218.645,89.28410318340951,2.5,mid,warming
BEV2_2025-04-05_fast_1,BEV2,BEV2_2025-04-05_fast_1__segment_1,test,2025-04-05 20:22:56+00:00,2025-04-05 20:23:56+00:00,58.75,12.0,-218.5855,88.50129034929567,2.25,mid,warming
BEV2_2025-04-05_fast_1,BEV2,BEV2_2025-04-05_fast_1__segment_1,test,2025-04-05 20:23:06+00:00,2025-04-05 20:24:06+00:00,59.0,12.0,-218.91,88.31665967441145,2.0,mid,warming
BEV2_2025-04-05_fast_1,BEV2,BEV2_2025-04-05_fast_1__segment_1,test,2025-04-05 20:23:16+00:00,2025-04-05 20:24:16+00:00,59.25,12.0,-218.8755,87.96112739269388,2.0,mid,warming
BEV2_2025-04-05_fast_1,BEV2,BEV2_2025-04-05_fast_1__segment_1,test,2025-04-05 20:23:26+00:00,2025-04-05 20:24:26+00:00,59.25,12.5,-218.642,87.67900107568825,1.5,mid,warming
BEV2_2025-04-05_fast_1,BEV2,BEV2_2025-04-05_fast_1__segment_1,test,2025-04-05 20:23:36+00:00,2025-04-05 20:24:36+00:00,59.5,12.5,-218.494,87.71828546103403,1.5,mid,warming
BEV2_2025-04-05_fast_1,BEV2,BEV2_2025-04-05_fast_1__segment_1,test,2025-04-05 20:23:46+00:00,2025-04-05 20:24:46+00:00,59.5,12.5,-218.3955,87.91031024222426,1.0,mid,warming
BEV2_2025-04-05_fast_1,BEV2,BEV2_2025-04-05_fast_1__segment_1,test,2025-04-05 20:23:56+00:00,2025-04-05 20:24:56+00:00,59.5,12.5,-218.7415,87.53372687940177,0.75,mid,warming
BEV2_2025-04-05_fast_1,BEV2,BEV2_2025-04-05_fast_1__segment_1,test,2025-04-05 20:24:06+00:00,2025-04-05 20:25:06+00:00,59.75,12.0,-217.889,86.17508239915003,0.75,mid,warming
BEV2_2025-04-05_fast_1,BEV2,BEV2_2025-04-05_fast_1__segment_1,test,2025-04-05 20:24:16+00:00,2025-04-05 20:25:16+00:00,59.75,12.5,-218.6925,86.35982123315436,0.5,mid,warming
BEV2_2025-04-05_fast_1,BEV2,BEV2_2025-04-05_fast_1__segment_1,test,2025-04-05 20:24:26+00:00,2025-04-05 20:25:26+00:00,59.5,12.0,-217.6785,86.46043681276505,0.25,mid,stable
BEV2_2025-04-05_fast_1,BEV2,BEV2_2025-04-05_fast_1__segment_1,test,2025-04-05 20:24:36+00:00,2025-04-05 20:25:36+00:00,59.5,12.0,-215.0335,86.05403212707232,0.0,mid,stable
BEV2_2025-04-05_fast_1,BEV2,BEV2_2025-04-05_fast_1__segment_1,test,2025-04-05 20:24:46+00:00,2025-04-05 20:25:46+00:00,58.75,12.5,-214.814,86.09759766151679,-0.75,mid,cooling
BEV2_2025-04-05_fast_1,BEV2,BEV2_2025-04-05_fast_1__segment_1,test,2025-04-05 20:24:56+00:00,2025-04-05 20:25:56+00:00,57.75,12.5,-213.879,85.72581117864142,-1.75,mid,cooling
BEV2_2025-04-05_fast_1,BEV2,BEV2_2025-04-05_fast_1__segment_1,test,2025-04-05 20:25:06+00:00,2025-04-05 20:26:06+00:00,57.25,12.5,-211.0575,84.72279743405589,-2.5,mid,cooling
BEV2_2025-04-05_fast_1,BEV2,BEV2_2025-04-05_fast_1__segment_1,test,2025-04-05 20:25:16+00:00,2025-04-05 20:26:16+00:00,57.0,13.0,-210.542,84.74172831941638,-2.75,mid,cooling
BEV2_2025-04-05_fast_1,BEV2,BEV2_2025-04-05_fast_1__segment_1,test,2025-04-05 20:25:26+00:00,2025-04-05 20:26:26+00:00,57.0,15.0,-209.5975,84.21760453476624,-2.5,mid,cooling
BEV2_2025-04-05_fast_1,BEV2,BEV2_2025-04-05_fast_1__segment_1,test,2025-04-05 20:25:36+00:00,2025-04-05 20:26:36+00:00,57.0,15.0,-208.028,83.83498147822765,-2.5,mid,cooling
BEV2_2025-04-05_fast_1,BEV2,BEV2_2025-04-05_fast_1__segment_1,test,2025-04-05 20:25:46+00:00,2025-04-05 20:26:46+00:00,57.0,16.5,-206.7985,82.87217586292478,-1.75,mid,cooling
BEV2_2025-04-05_fast_1,BEV2,BEV2_2025-04-05_fast_1__segment_1,test,2025-04-05 20:25:56+00:00,2025-04-05 20:26:56+00:00,56.75,17.5,-205.965,82.4637031618376,-1.0,mid,cooling
BEV2_2025-04-05_fast_1,BEV2,BEV2_2025-04-05_fast_1__segment_1,test,2025-04-05 20:26:06+00:00,2025-04-05 20:27:06+00:00,56.75,17.5,-203.9435,81.0680433262119,-0.5,mid,cooling
BEV2_2025-04-05_fast_1,BEV2,BEV2_2025-04-05_fast_1__segment_1,test,2025-04-05 20:26:16+00:00,2025-04-05 20:27:16+00:00,56.75,16.0,-202.6025,80.43842438700308,-0.25,mid,stable
BEV2_2025-04-05_fast_1,BEV2,BEV2_2025-04-05_fast_1__segment_1,test,2025-04-05 20:26:26+00:00,2025-04-05 20:27:26+00:00,56.75,15.0,-201.3155,79.80832819743543,-0.25,mid,stable
BEV2_2025-04-05_fast_1,BEV2,BEV2_2025-04-05_fast_1__segment_1,test,2025-04-05 20:26:36+00:00,2025-04-05 20:27:36+00:00,56.75,14.5,-201.7145,80.10396354541494,-0.25,mid,stable
BEV2_2025-04-05_fast_1,BEV2,BEV2_2025-04-05_fast_1__segment_1,test,2025-04-05 20:26:46+00:00,2025-04-05 20:27:46+00:00,56.75,14.5,-200.4165,80.49010950355348,-0.25,mid,stable
BEV2_2025-04-05_fast_1,BEV2,BEV2_2025-04-05_fast_1__segment_1,test,2025-04-05 20:26:56+00:00,2025-04-05 20:27:56+00:00,56.75,15.0,-199.7485,80.29651402400441,0.0,mid,stable
BEV2_2025-04-05_fast_1,BEV2,BEV2_2025-04-05_fast_1__segment_1,test,2025-04-05 20:27:06+00:00,2025-04-05 20:28:06+00:00,56.75,15.0,-199.0205,80.13272006243697,0.0,mid,stable
BEV2_2025-04-05_fast_1,BEV2,BEV2_2025-04-05_fast_1__segment_1,test,2025-04-05 20:27:16+00:00,2025-04-05 20:28:16+00:00,56.75,15.5,-197.5015,78.49404962303915,0.0,mid,stable
BEV2_2025-04-05_fast_1,BEV2,BEV2_2025-04-05_fast_1__segment_1,test,2025-04-05 20:27:26+00:00,2025-04-05 20:28:26+00:00,56.75,15.0,-196.659,78.58391353811948,0.0,mid,stable
BEV2_2025-04-05_fast_1,BEV2,BEV2_2025-04-05_fast_1__segment_1,test,2025-04-05 20:27:36+00:00,2025-04-05 20:28:36+00:00,57.0,14.5,-196.2025,78.64196602214585,0.25,mid,stable
BEV2_2025-04-05_fast_1,BEV2,BEV2_2025-04-05_fast_1__segment_1,test,2025-04-05 20:27:46+00:00,2025-04-05 20:28:46+00:00,57.0,14.0,-195.1985,78.98708916089548,0.25,mid,stable
BEV2_2025-04-05_fast_1,BEV2,BEV2_2025-04-05_fast_1__segment_1,test,2025-04-05 20:27:56+00:00,2025-04-05 20:28:56+00:00,57.0,14.5,-195.058,78.34075040583079,0.25,mid,stable
BEV2_2025-04-05_fast_1,BEV2,BEV2_2025-04-05_fast_1__segment_1,test,2025-04-05 20:28:06+00:00,2025-04-05 20:29:06+00:00,57.0,15.0,-193.849,77.06739612435192,0.25,mid,stable
BEV2_2025-04-05_fast_1,BEV2,BEV2_2025-04-05_fast_1__segment_1,test,2025-04-05 20:28:16+00:00,2025-04-05 20:29:16+00:00,57.25,15.0,-193.9835,77.96638706231093,0.5,mid,warming
BEV2_2025-04-05_fast_1,BEV2,BEV2_2025-04-05_fast_1__segment_1,test,2025-04-05 20:28:26+00:00,2025-04-05 20:29:26+00:00,57.25,15.0,-193.1825,78.12157650234639,0.5,mid,warming
BEV2_2025-04-05_fast_1,BEV2,BEV2_2025-04-05_fast_1__segment_1,test,2025-04-05 20:28:36+00:00,2025-04-05 20:29:36+00:00,57.25,15.0,-193.167,78.03575867499507,0.25,mid,stable
BEV2_2025-04-05_fast_1,BEV2,BEV2_2025-04-05_fast_1__segment_1,test,2025-04-05 20:28:46+00:00,2025-04-05 20:29:46+00:00,57.25,15.0,-192.073,77.2757019119682,0.25,mid,stable
BEV2_2025-04-05_fast_1,BEV2,BEV2_2025-04-05_fast_1__segment_1,test,2025-04-05 20:28:56+00:00,2025-04-05 20:29:56+00:00,57.5,14.5,-191.713,77.25652991651336,0.5,mid,warming
BEV2_2025-04-06_fast_1,BEV2,BEV2_2025-04-06_fast_1__segment_1,test,2025-04-06 16:43:21+00:00,2025-04-06 16:44:21+00:00,27.75,14.0,-141.44650000000004,61.871630806649755,1.0,low,warming
BEV2_2025-04-06_fast_1,BEV2,BEV2_2025-04-06_fast_1__segment_1,test,2025-04-06 16:43:31+00:00,2025-04-06 16:44:31+00:00,28.0,14.0,-140.51600000000005,62.15311414762531,1.25,low,warming
BEV2_2025-04-06_fast_1,BEV2,BEV2_2025-04-06_fast_1__segment_1,test,2025-04-06 16:43:41+00:00,2025-04-06 16:44:41+00:00,28.25,14.0,-138.85650000000004,62.208526029866256,1.5,low,warming
BEV2_2025-04-06_fast_1,BEV2,BEV2_2025-04-06_fast_1__segment_1,test,2025-04-06 16:43:51+00:00,2025-04-06 16:44:51+00:00,28.75,14.0,-138.57300000000004,62.289229435136704,1.75,low,warming
BEV2_2025-04-06_fast_1,BEV2,BEV2_2025-04-06_fast_1__segment_1,test,2025-04-06 16:44:01+00:00,2025-04-06 16:45:01+00:00,29.0,14.0,-137.40700000000004,62.36484200595921,1.75,low,warming
BEV2_2025-04-06_fast_1,BEV2,BEV2_2025-04-06_fast_1__segment_1,test,2025-04-06 16:44:11+00:00,2025-04-06 16:45:11+00:00,29.5,14.0,-136.75600000000003,62.76421963137003,2.0,low,warming
BEV2_2025-04-06_fast_1,BEV2,BEV2_2025-04-06_fast_1__segment_1,test,2025-04-06 16:44:21+00:00,2025-04-06 16:45:21+00:00,30.0,14.0,-136.31100000000004,63.51408017999548,2.25,low,warming
BEV2_2025-04-06_fast_1,BEV2,BEV2_2025-04-06_fast_1__segment_1,test,2025-04-06 16:44:31+00:00,2025-04-06 16:45:31+00:00,30.5,13.5,-136.67950000000005,63.63185811016395,2.5,low,warming
BEV2_2025-04-06_fast_1,BEV2,BEV2_2025-04-06_fast_1__segment_1,test,2025-04-06 16:44:41+00:00,2025-04-06 16:45:41+00:00,31.0,13.5,-135.62650000000005,63.62832918020271,2.75,low,warming
BEV2_2025-04-06_fast_1,BEV2,BEV2_2025-04-06_fast_1__segment_1,test,2025-04-06 16:44:51+00:00,2025-04-06 16:45:51+00:00,31.5,13.5,-135.83850000000004,63.403249924565564,2.75,low,warming
BEV2_2025-04-06_fast_1,BEV2,BEV2_2025-04-06_fast_1__segment_1,test,2025-04-06 16:45:01+00:00,2025-04-06 16:46:01+00:00,32.0,13.5,-136.02750000000006,63.588900479648736,3.0,low,warming
BEV2_2025-04-06_fast_1,BEV2,BEV2_2025-04-06_fast_1__segment_1,test,2025-04-06 16:45:11+00:00,2025-04-06 16:46:11+00:00,32.5,14.0,-135.41850000000005,63.499308552534075,3.0,low,warming
BEV2_2025-04-06_fast_1,BEV2,BEV2_2025-04-06_fast_1__segment_1,test,2025-04-06 16:45:21+00:00,2025-04-06 16:46:21+00:00,33.0,14.0,-135.72650000000004,63.37910574365589,3.0,low,warming
BEV2_2025-04-06_fast_1,BEV2,BEV2_2025-04-06_fast_1__segment_1,test,2025-04-06 16:45:31+00:00,2025-04-06 16:46:31+00:00,33.5,14.0,-135.89350000000005,63.49606833564973,3.0,low,warming
BEV2_2025-04-06_fast_1,BEV2,BEV2_2025-04-06_fast_1__segment_1,test,2025-04-06 16:45:41+00:00,2025-04-06 16:46:41+00:00,34.0,14.0,-135.31400000000005,63.570249893830166,3.0,low,warming
BEV2_2025-04-06_fast_1,BEV2,BEV2_2025-04-06_fast_1__segment_1,test,2025-04-06 16:45:51+00:00,2025-04-06 16:46:51+00:00,34.5,14.0,-135.50050000000005,63.70489447199252,3.0,low,warming
BEV2_2025-04-06_fast_1,BEV2,BEV2_2025-04-06_fast_1__segment_1,test,2025-04-06 16:46:01+00:00,2025-04-06 16:47:01+00:00,34.75,13.5,-135.58250000000007,63.72527658525378,2.75,low,warming
BEV2_2025-04-06_fast_1,BEV2,BEV2_2025-04-06_fast_1__segment_1,test,2025-04-06 16:46:11+00:00,2025-04-06 16:47:11+00:00,35.25,13.5,-134.91350000000003,63.61777071445581,2.75,low,warming
BEV2_2025-04-06_fast_1,BEV2,BEV2_2025-04-06_fast_1__segment_1,test,2025-04-06 16:46:21+00:00,2025-04-06 16:47:21+00:00,35.75,13.5,-135.48150000000004,63.7872116020455,2.75,low,warming
BEV2_2025-04-06_fast_1,BEV2,BEV2_2025-04-06_fast_1__segment_1,test,2025-04-06 16:46:31+00:00,2025-04-06 16:47:31+00:00,36.25,13.5,-135.59150000000005,63.55810463268843,2.75,low,warming
BEV2_2025-04-06_fast_1,BEV2,BEV2_2025-04-06_fast_1__segment_1,test,2025-04-06 16:46:41+00:00,2025-04-06 16:47:41+00:00,36.75,13.5,-134.99000000000004,63.747311476274156,2.75,low,warming
BEV2_2025-04-06_fast_1,BEV2,BEV2_2025-04-06_fast_1__segment_1,test,2025-04-06 16:46:51+00:00,2025-04-06 16:47:51+00:00,37.25,13.5,-135.26450000000006,63.48113153770082,2.75,low,warming
BEV2_2025-04-06_fast_1,BEV2,BEV2_2025-04-06_fast_1__segment_1,test,2025-04-06 16:47:01+00:00,2025-04-06 16:48:01+00:00,37.75,13.5,-134.86350000000004,63.655905516939356,3.0,low,warming
BEV2_2025-04-06_fast_1,BEV2,BEV2_2025-04-06_fast_1__segment_1,test,2025-04-06 16:47:11+00:00,2025-04-06 16:48:11+00:00,38.0,13.5,-135.09850000000003,63.82407342769605,2.75,low,warming
BEV2_2025-04-06_fast_1,BEV2,BEV2_2025-04-06_fast_1__segment_1,test,2025-04-06 16:47:21+00:00,2025-04-06 16:48:21+00:00,38.5,13.5,-135.19750000000005,63.89073138702167,2.75,low,warming
BEV2_2025-04-06_fast_1,BEV2,BEV2_2025-04-06_fast_1__segment_1,test,2025-04-06 16:47:31+00:00,2025-04-06 16:48:31+00:00,39.0,13.5,-135.20800000000006,63.93131268682692,2.75,low,warming
BEV2_2025-04-06_fast_1,BEV2,BEV2_2025-04-06_fast_1__segment_1,test,2025-04-06 16:47:41+00:00,2025-04-06 16:48:41+00:00,39.25,13.5,-135.20400000000006,63.757475979026474,2.5,low,warming
BEV2_2025-04-06_fast_1,BEV2,BEV2_2025-04-06_fast_1__segment_1,test,2025-04-06 16:47:51+00:00,2025-04-06 16:48:51+00:00,39.75,13.5,-135.05050000000006,63.97089566809608,2.5,low,warming
BEV2_2025-04-06_fast_1,BEV2,BEV2_2025-04-06_fast_1__segment_1,test,2025-04-06 16:48:01+00:00,2025-04-06 16:49:01+00:00,40.25,13.5,-135.15100000000007,64.00153465941968,2.5,low,warming
BEV2_2025-04-06_fast_1,BEV2,BEV2_2025-04-06_fast_1__segment_1,test,2025-04-06 16:48:11+00:00,2025-04-06 16:49:11+00:00,40.5,13.5,-135.11500000000007,64.00096190031114,2.5,low,warming
BEV2_2025-04-06_fast_1,BEV2,BEV2_2025-04-06_fast_1__segment_1,test,2025-04-06 16:48:21+00:00,2025-04-06 16:49:21+00:00,41.0,13.5,-135.03500000000005,63.959746257857326,2.5,low,warming
BEV2_2025-04-06_fast_1,BEV2,BEV2_2025-04-06_fast_1__segment_1,test,2025-04-06 16:48:31+00:00,2025-04-06 16:49:31+00:00,41.5,13.5,-135.01900000000006,63.95412520415033,2.5,low,warming
BEV2_2025-04-06_fast_1,BEV2,BEV2_2025-04-06_fast_1__segment_1,test,2025-04-06 16:48:41+00:00,2025-04-06 16:49:41+00:00,41.75,13.5,-135.28400000000005,63.996469466898674,2.5,low,warming
BEV2_2025-04-06_fast_1,BEV2,BEV2_2025-04-06_fast_1__segment_1,test,2025-04-06 16:48:51+00:00,2025-04-06 16:49:51+00:00,42.25,13.5,-134.48700000000005,64.07177251069523,2.5,low,warming
BEV2_2025-04-06_fast_1,BEV2,BEV2_2025-04-06_fast_1__segment_1,test,2025-04-06 16:49:01+00:00,2025-04-06 16:50:01+00:00,42.5,13.5,-134.74600000000004,64.08855778043979,2.25,low,warming
BEV2_2025-04-06_fast_1,BEV2,BEV2_2025-04-06_fast_1__segment_1,test,2025-04-06 16:49:11+00:00,2025-04-06 16:50:11+00:00,43.0,13.0,-134.16150000000005,63.78767809199661,2.5,low,warming
BEV2_2025-04-06_fast_1,BEV2,BEV2_2025-04-06_fast_1__segment_1,test,2025-04-06 16:49:21+00:00,2025-04-06 16:50:21+00:00,43.25,13.0,-134.39550000000006,63.91125361892967,2.25,low,warming
BEV2_2025-04-06_fast_1,BEV2,BEV2_2025-04-06_fast_1__segment_1,test,2025-04-06 16:49:31+00:00,2025-04-06 16:50:31+00:00,43.75,13.5,-133.82350000000005,63.838525818531544,2.25,low,warming
BEV2_2025-04-06_fast_1,BEV2,BEV2_2025-04-06_fast_1__segment_1,test,2025-04-06 16:49:41+00:00,2025-04-06 16:50:41+00:00,44.0,13.5,-133.95450000000005,64.0018844732388,2.25,low,warming
BEV2_2025-04-06_fast_1,BEV2,BEV2_2025-04-06_fast_1__segment_1,test,2025-04-06 16:49:51+00:00,2025-04-06 16:50:51+00:00,44.25,13.0,-133.75100000000003,63.84511590104217,2.0,low,warming
BEV2_2025-04-06_fast_1,BEV2,BEV2_2025-04-06_fast_1__segment_1,test,2025-04-06 16:50:01+00:00,2025-04-06 16:51:01+00:00,44.75,13.0,-133.61550000000005,63.96161189579653,2.25,low,warming
BEV2_2025-04-06_fast_1,BEV2,BEV2_2025-04-06_fast_1__segment_1,test,2025-04-06 16:50:11+00:00,2025-04-06 16:51:11+00:00,45.0,13.0,-133.65750000000003,64.09327015506653,2.0,low,warming
BEV2_2025-04-06_fast_1,BEV2,BEV2_2025-04-06_fast_1__segment_1,test,2025-04-06 16:50:21+00:00,2025-04-06 16:51:21+00:00,45.25,13.0,-133.44950000000006,63.979434537053784,2.0,low,warming
BEV2_2025-04-06_fast_1,BEV2,BEV2_2025-04-06_fast_1__segment_1,test,2025-04-06 16:50:31+00:00,2025-04-06 16:51:31+00:00,45.75,13.0,-133.44750000000005,64.08070426976353,2.0,low,warming
BEV2_2025-04-06_fast_1,BEV2,BEV2_2025-04-06_fast_1__segment_1,test,2025-04-06 16:50:41+00:00,2025-04-06 16:51:41+00:00,46.25,13.0,-133.84200000000004,63.99503984900577,2.25,low,warming
BEV2_2025-04-06_fast_1,BEV2,BEV2_2025-04-06_fast_1__segment_1,test,2025-04-06 16:50:51+00:00,2025-04-06 16:51:51+00:00,46.5,13.0,-133.71500000000003,64.00520767769841,2.25,low,warming
BEV2_2025-04-06_fast_1,BEV2,BEV2_2025-04-06_fast_1__segment_1,test,2025-04-06 16:51:01+00:00,2025-04-06 16:52:01+00:00,47.0,13.0,-133.31700000000004,64.02717084642525,2.25,low,warming
BEV2_2025-04-06_fast_1,BEV2,BEV2_2025-04-06_fast_1__segment_1,test,2025-04-06 16:51:11+00:00,2025-04-06 16:52:11+00:00,47.25,13.0,-133.66100000000003,64.23870596115356,2.25,low,warming
BEV2_2025-04-06_fast_1,BEV2,BEV2_2025-04-06_fast_1__segment_1,test,2025-04-06 16:51:21+00:00,2025-04-06 16:52:21+00:00,47.5,13.0,-133.68950000000004,64.03273991890379,2.25,low,warming
BEV2_2025-04-06_fast_1,BEV2,BEV2_2025-04-06_fast_1__segment_1,test,2025-04-06 16:51:31+00:00,2025-04-06 16:52:31+00:00,48.0,13.0,-133.80400000000006,64.38577882724948,2.25,low,warming
BEV2_2025-04-06_fast_1,BEV2,BEV2_2025-04-06_fast_1__segment_1,test,2025-04-06 16:51:41+00:00,2025-04-06 16:52:41+00:00,48.25,13.0,-133.46650000000005,64.3044175295273,2.0,low,warming
BEV2_2025-04-06_fast_1,BEV2,BEV2_2025-04-06_fast_1__segment_1,test,2025-04-06 16:51:51+00:00,2025-04-06 16:52:51+00:00,48.5,13.0,-134.11200000000005,64.27440145463795,2.0,low,warming
BEV2_2025-04-06_fast_1,BEV2,BEV2_2025-04-06_fast_1__segment_1,test,2025-04-06 16:52:01+00:00,2025-04-06 16:53:01+00:00,49.0,13.0,-133.71250000000003,64.21794887494403,2.0,low,warming
BEV2_2025-04-06_fast_1,BEV2,BEV2_2025-04-06_fast_1__segment_1,test,2025-04-06 16:52:11+00:00,2025-04-06 16:53:11+00:00,49.25,13.0,-133.83850000000004,64.43862973544884,2.0,low,warming
BEV2_2025-04-06_fast_1,BEV2,BEV2_2025-04-06_fast_1__segment_1,test,2025-04-06 16:52:21+00:00,2025-04-06 16:53:21+00:00,49.5,13.0,-134.18300000000005,64.7508094670405,2.0,low,warming
BEV2_2025-04-06_fast_1,BEV2,BEV2_2025-04-06_fast_1__segment_1,test,2025-04-06 16:52:31+00:00,2025-04-06 16:53:31+00:00,50.0,12.5,-134.96000000000006,65.00784768315222,2.0,low,warming
BEV2_2025-04-06_fast_1,BEV2,BEV2_2025-04-06_fast_1__segment_1,test,2025-04-06 16:52:41+00:00,2025-04-06 16:53:41+00:00,50.25,12.5,-134.92750000000007,65.03535106377875,2.0,low,warming
BEV2_2025-04-06_fast_1,BEV2,BEV2_2025-04-06_fast_1__segment_1,test,2025-04-06 16:52:51+00:00,2025-04-06 16:53:51+00:00,50.5,13.0,-135.98700000000005,65.57576808497963,2.0,low,warming
BEV2_2025-04-06_fast_1,BEV2,BEV2_2025-04-06_fast_1__segment_1,test,2025-04-06 16:53:01+00:00,2025-04-06 16:54:01+00:00,51.0,13.0,-135.77070707070712,65.63997160764208,2.0,low,warming
BEV2_2025-04-06_fast_1,BEV2,BEV2_2025-04-06_fast_1__segment_1,test,2025-04-06 16:53:11+00:00,2025-04-06 16:54:11+00:00,51.25,12.5,-134.99950000000004,65.36240043078264,2.0,low,warming
BEV2_2025-04-06_fast_1,BEV2,BEV2_2025-04-06_fast_1__segment_1,test,2025-04-06 16:53:21+00:00,2025-04-06 16:54:21+00:00,51.5,12.5,-135.77750000000006,65.64977562137977,2.0,low,warming
BEV2_2025-04-06_fast_1,BEV2,BEV2_2025-04-06_fast_1__segment_1,test,2025-04-06 16:53:31+00:00,2025-04-06 16:54:31+00:00,52.0,12.5,-136.83750000000006,66.05449653083717,2.0,low,warming
BEV2_2025-04-06_fast_1,BEV2,BEV2_2025-04-06_fast_1__segment_1,test,2025-04-06 16:53:41+00:00,2025-04-06 16:54:41+00:00,52.25,12.5,-136.40050000000005,66.11161247469114,2.0,low,warming
BEV2_2025-04-06_fast_1,BEV2,BEV2_2025-04-06_fast_1__segment_1,test,2025-04-06 16:53:51+00:00,2025-04-06 16:54:51+00:00,52.5,12.5,-136.86300000000006,66.17088180396561,2.0,low,warming
BEV2_2025-04-06_fast_1,BEV2,BEV2_2025-04-06_fast_1__segment_1,test,2025-04-06 16:54:01+00:00,2025-04-06 16:55:01+00:00,53.0,12.5,-136.74850000000004,66.26200076683787,2.0,low,warming
BEV2_2025-04-06_fast_1,BEV2,BEV2_2025-04-06_fast_1__segment_1,test,2025-04-06 16:54:11+00:00,2025-04-06 16:55:11+00:00,53.25,13.0,-136.33050000000006,66.46471661438235,2.0,low,warming
BEV2_2025-04-06_fast_1,BEV2,BEV2_2025-04-06_fast_1__segment_1,test,2025-04-06 16:54:21+00:00,2025-04-06 16:55:21+00:00,53.5,12.5,-136.74250000000004,66.46400851096072,2.0,low,warming
BEV2_2025-04-06_fast_1,BEV2,BEV2_2025-04-06_fast_1__segment_1,test,2025-04-06 16:54:31+00:00,2025-04-06 16:55:31+00:00,54.0,12.5,-136.93300000000005,66.27637719748813,2.0,low,warming
BEV2_2025-04-06_fast_1,BEV2,BEV2_2025-04-06_fast_1__segment_1,test,2025-04-06 16:54:41+00:00,2025-04-06 16:55:41+00:00,54.25,12.5,-136.74450000000004,66.49800262504206,2.0,low,warming
BEV2_2025-04-06_fast_1,BEV2,BEV2_2025-04-06_fast_1__segment_1,test,2025-04-06 16:54:51+00:00,2025-04-06 16:55:51+00:00,54.5,12.5,-138.09350000000003,66.88843368558578,2.0,low,warming
BEV2_2025-04-06_fast_1,BEV2,BEV2_2025-04-06_fast_1__segment_1,test,2025-04-06 16:55:01+00:00,2025-04-06 16:56:01+00:00,54.75,12.5,-137.75450000000004,67.11500682486577,1.75,low,warming
BEV2_2025-04-06_fast_1,BEV2,BEV2_2025-04-06_fast_1__segment_1,test,2025-04-06 16:55:11+00:00,2025-04-06 16:56:11+00:00,55.25,12.5,-137.93150000000006,67.27121229390961,2.0,low,warming
BEV2_2025-04-06_fast_1,BEV2,BEV2_2025-04-06_fast_1__segment_1,test,2025-04-06 16:55:21+00:00,2025-04-06 16:56:21+00:00,55.5,12.5,-137.57750000000004,67.13442709764601,2.0,low,warming
BEV2_2025-04-06_fast_1,BEV2,BEV2_2025-04-06_fast_1__segment_1,test,2025-04-06 16:55:31+00:00,2025-04-06 16:56:31+00:00,55.75,12.5,-137.98200000000006,67.27410800775048,1.75,low,warming
BEV2_2025-04-06_fast_1,BEV2,BEV2_2025-04-06_fast_1__segment_1,test,2025-04-06 16:55:41+00:00,2025-04-06 16:56:41+00:00,56.0,12.5,-138.12950000000004,67.31545266450196,1.75,low,warming
BEV2_2025-04-06_fast_1,BEV2,BEV2_2025-04-06_fast_1__segment_1,test,2025-04-06 16:55:51+00:00,2025-04-06 16:56:51+00:00,56.5,12.5,-137.96400000000006,67.41223430897931,2.0,low,warming
BEV2_2025-04-06_fast_1,BEV2,BEV2_2025-04-06_fast_1__segment_1,test,2025-04-06 16:56:01+00:00,2025-04-06 16:57:01+00:00,56.75,12.5,-137.90850000000003,67.24244848919257,2.0,low,warming
BEV2_2025-04-06_fast_1,BEV2,BEV2_2025-04-06_fast_1__segment_1,test,2025-04-06 16:56:11+00:00,2025-04-06 16:57:11+00:00,57.0,12.5,-138.20800000000006,67.47969746772603,1.75,low,warming
BEV2_2025-04-06_fast_1,BEV2,BEV2_2025-04-06_fast_1__segment_1,test,2025-04-06 16:56:21+00:00,2025-04-06 16:57:21+00:00,57.25,12.5,-137.98850000000004,66.82985625918496,1.75,low,warming
BEV2_2025-04-06_fast_1,BEV2,BEV2_2025-04-06_fast_1__segment_1,test,2025-04-06 16:56:31+00:00,2025-04-06 16:57:31+00:00,57.5,12.5,-137.99900000000005,66.28187240190518,1.75,low,warming
BEV2_2025-04-06_fast_1,BEV2,BEV2_2025-04-06_fast_1__segment_1,test,2025-04-06 16:56:41+00:00,2025-04-06 16:57:41+00:00,58.0,12.5,-137.65800000000004,65.53382368608771,2.0,low,warming
BEV2_2025-04-06_fast_1,BEV2,BEV2_2025-04-06_fast_1__segment_1,test,2025-04-06 16:56:51+00:00,2025-04-06 16:57:51+00:00,58.25,12.5,-136.67650000000003,58.214154325153416,1.75,low,warming
BEV2_2025-04-06_fast_1,BEV2,BEV2_2025-04-06_fast_1__segment_1,test,2025-04-06 16:57:01+00:00,2025-04-06 16:58:01+00:00,58.5,12.5,-137.84650000000002,59.121342954966984,1.75,low,warming
BEV2_2025-04-06_fast_1,BEV2,BEV2_2025-04-06_fast_1__segment_1,test,2025-04-06 16:57:11+00:00,2025-04-06 16:58:11+00:00,58.5,12.5,-138.26550000000006,58.971022254510494,1.5,low,warming
BEV2_2025-04-06_fast_1,BEV2,BEV2_2025-04-06_fast_1__segment_1,test,2025-04-06 16:57:21+00:00,2025-04-06 16:58:21+00:00,58.75,12.5,-138.03550000000004,58.48060387946897,1.5,low,warming
BEV2_2025-04-06_fast_1,BEV2,BEV2_2025-04-06_fast_1__segment_1,test,2025-04-06 16:57:31+00:00,2025-04-06 16:58:31+00:00,58.75,12.5,-138.02500000000006,58.06928280239158,1.25,low,warming
BEV2_2025-04-06_fast_1,BEV2,BEV2_2025-04-06_fast_1__segment_1,test,2025-04-06 16:57:41+00:00,2025-04-06 16:58:41+00:00,58.75,12.5,-138.00250000000003,57.79431857265192,0.75,low,warming
BEV2_2025-04-06_fast_1,BEV2,BEV2_2025-04-06_fast_1__segment_1,test,2025-04-06 16:57:51+00:00,2025-04-06 16:58:51+00:00,58.75,12.5,-137.71850000000003,57.71713696266428,0.5,low,warming
BEV2_2025-04-06_fast_1,BEV2,BEV2_2025-04-06_fast_1__segment_1,test,2025-04-06 16:58:01+00:00,2025-04-06 16:59:01+00:00,58.75,12.5,-137.37450000000004,57.63164012638299,0.25,low,stable
BEV2_2025-04-06_fast_1,BEV2,BEV2_2025-04-06_fast_1__segment_1,test,2025-04-06 16:58:11+00:00,2025-04-06 16:59:11+00:00,58.75,12.5,-137.73750000000007,57.88269304467916,0.25,low,stable
BEV2_2025-04-06_fast_1,BEV2,BEV2_2025-04-06_fast_1__segment_1,test,2025-04-06 16:58:21+00:00,2025-04-06 16:59:21+00:00,58.75,12.5,-138.10300000000004,57.86909922924241,0.0,low,stable
BEV2_2025-04-06_fast_1,BEV2,BEV2_2025-04-06_fast_1__segment_1,test,2025-04-06 16:58:31+00:00,2025-04-06 16:59:31+00:00,58.75,12.5,-136.31750000000005,57.7165394735802,0.0,low,stable
BEV2_2025-04-06_fast_1,BEV2,BEV2_2025-04-06_fast_1__segment_1,test,2025-04-06 16:58:41+00:00,2025-04-06 16:59:41+00:00,58.75,12.5,-135.83600000000004,57.30282983491554,0.0,low,stable
BEV2_2025-04-06_fast_1,BEV2,BEV2_2025-04-06_fast_1__segment_1,test,2025-04-06 16:58:51+00:00,2025-04-06 16:59:51+00:00,58.75,12.5,-134.93100000000007,56.98915235729874,0.0,low,stable
BEV2_2025-04-06_fast_1,BEV2,BEV2_2025-04-06_fast_1__segment_1,test,2025-04-06 16:59:01+00:00,2025-04-06 17:00:01+00:00,58.75,12.5,-134.02100000000004,56.478913416467016,0.0,low,stable
BEV2_2025-04-06_fast_1,BEV2,BEV2_2025-04-06_fast_1__segment_1,test,2025-04-06 16:59:11+00:00,2025-04-06 17:00:11+00:00,58.75,13.0,-133.96900000000002,56.429941842134205,0.0,low,stable
BEV2_2025-04-06_fast_1,BEV2,BEV2_2025-04-06_fast_1__segment_1,test,2025-04-06 16:59:21+00:00,2025-04-06 17:00:21+00:00,58.75,12.5,-133.10500000000005,56.03887026985911,0.0,low,stable
BEV2_2025-04-06_fast_1,BEV2,BEV2_2025-04-06_fast_1__segment_1,test,2025-04-06 16:59:31+00:00,2025-04-06 17:00:31+00:00,58.75,12.5,-132.28850000000003,55.81201421107565,0.0,low,stable
BEV2_2025-04-06_fast_1,BEV2,BEV2_2025-04-06_fast_1__segment_1,test,2025-04-06 16:59:41+00:00,2025-04-06 17:00:41+00:00,58.75,12.5,-130.84850000000003,55.461200571376615,0.0,low,stable
BEV2_2025-04-06_fast_1,BEV2,BEV2_2025-04-06_fast_1__segment_1,test,2025-04-06 16:59:51+00:00,2025-04-06 17:00:51+00:00,58.75,12.5,-130.31150000000005,54.89043407659204,0.0,low,stable
BEV2_2025-04-06_fast_1,BEV2,BEV2_2025-04-06_fast_1__segment_1,test,2025-04-06 17:00:01+00:00,2025-04-06 17:01:01+00:00,58.75,12.5,-128.92250000000004,54.45837377682324,0.0,low,stable
BEV2_2025-04-06_fast_1,BEV2,BEV2_2025-04-06_fast_1__segment_1,test,2025-04-06 17:00:11+00:00,2025-04-06 17:01:11+00:00,58.75,12.5,-126.95750000000004,53.922851681456976,0.0,low,stable
BEV2_2025-04-06_fast_1,BEV2,BEV2_2025-04-06_fast_1__segment_1,test,2025-04-06 17:00:21+00:00,2025-04-06 17:01:21+00:00,58.75,12.5,-125.39450000000004,53.280067152666035,0.0,low,stable
BEV2_2025-04-06_fast_1,BEV2,BEV2_2025-04-06_fast_1__segment_1,test,2025-04-06 17:00:31+00:00,2025-04-06 17:01:31+00:00,58.75,12.5,-124.09800000000004,52.69926114611188,0.0,low,stable
BEV2_2025-04-06_fast_1,BEV2,BEV2_2025-04-06_fast_1__segment_1,test,2025-04-06 17:00:41+00:00,2025-04-06 17:01:41+00:00,58.75,12.5,-122.78250000000006,51.89895294938472,0.0,low,stable
BEV2_2025-04-06_fast_1,BEV2,BEV2_2025-04-06_fast_1__segment_1,test,2025-04-06 17:00:51+00:00,2025-04-06 17:01:51+00:00,58.75,12.5,-121.55800000000004,51.34158146463687,0.0,low,stable
BEV2_2025-04-06_fast_1,BEV2,BEV2_2025-04-06_fast_1__segment_1,test,2025-04-06 17:01:01+00:00,2025-04-06 17:02:01+00:00,58.75,12.5,-120.45800000000004,50.83950663439134,0.0,low,stable
BEV2_2025-04-06_fast_1,BEV2,BEV2_2025-04-06_fast_1__segment_1,test,2025-04-06 17:01:11+00:00,2025-04-06 17:02:11+00:00,58.75,12.5,-118.94050000000004,50.44192104707921,0.0,low,stable
BEV2_2025-04-06_fast_1,BEV2,BEV2_2025-04-06_fast_1__segment_1,test,2025-04-06 17:01:21+00:00,2025-04-06 17:02:21+00:00,58.75,12.5,-117.51750000000006,50.16704688594902,0.0,low,stable
BEV2_2025-04-06_fast_1,BEV2,BEV2_2025-04-06_fast_1__segment_1,test,2025-04-06 17:01:31+00:00,2025-04-06 17:02:31+00:00,58.75,12.5,-116.77800000000003,49.67226519908109,0.0,low,stable
BEV2_2025-04-06_fast_1,BEV2,BEV2_2025-04-06_fast_1__segment_1,test,2025-04-06 17:01:41+00:00,2025-04-06 17:02:41+00:00,58.75,12.5,-115.87950000000004,49.266874917313444,0.0,low,stable
BEV2_2025-04-06_fast_1,BEV2,BEV2_2025-04-06_fast_1__segment_1,test,2025-04-06 17:01:51+00:00,2025-04-06 17:02:51+00:00,58.75,12.5,-114.96750000000006,48.88290047251424,0.0,low,stable
BEV2_2025-04-06_fast_1,BEV2,BEV2_2025-04-06_fast_1__segment_1,test,2025-04-06 17:02:01+00:00,2025-04-06 17:03:01+00:00,58.75,12.5,-113.16550000000004,48.617680765095976,0.0,low,stable
BEV2_2025-04-06_fast_1,BEV2,BEV2_2025-04-06_fast_1__segment_1,test,2025-04-06 17:02:11+00:00,2025-04-06 17:03:11+00:00,58.75,12.5,-112.93400000000004,48.1359579000721,0.0,low,stable
BEV2_2025-04-06_fast_1,BEV2,BEV2_2025-04-06_fast_1__segment_1,test,2025-04-06 17:02:21+00:00,2025-04-06 17:03:21+00:00,58.75,12.5,-112.21850000000003,47.81993461529436,0.0,low,stable
BEV2_2025-04-06_fast_1,BEV2,BEV2_2025-04-06_fast_1__segment_1,test,2025-04-06 17:02:31+00:00,2025-04-06 17:03:31+00:00,58.75,12.5,-111.22850000000004,47.695533343212084,0.0,low,stable
BEV2_2025-04-06_fast_1,BEV2,BEV2_2025-04-06_fast_1__segment_1,test,2025-04-06 17:02:41+00:00,2025-04-06 17:03:41+00:00,59.0,12.5,-110.36900000000006,47.18874511910002,0.25,low,stable
BEV2_2025-04-06_fast_1,BEV2,BEV2_2025-04-06_fast_1__segment_1,test,2025-04-06 17:02:51+00:00,2025-04-06 17:03:51+00:00,59.0,12.5,-109.66550000000004,46.401834829196304,0.25,low,stable
