origin_utc,target_utc,split,actual_MW,target_irradiance_Wm2,persistence,previous_day_fallback,HGB_history,HGB_local,HGB_local_surface,HGB_local_surface_pressure,Ridge_full,MLP_full
2019-05-14 23:45:00+00:00,2019-05-15 00:00:00+00:00,validation,10.92547,367.0,7.623875,9.127126,9.135293014207145,9.169436655817622,9.111295838259798,9.280066823688873,8.572341098185058,8.834093536930391
2019-05-15 00:00:00+00:00,2019-05-15 00:15:00+00:00,validation,11.83284,403.0,10.92547,11.30763,12.644215861942438,11.872979753996157,12.321770493966497,12.611594934485913,11.853668649343854,12.767748261012311
2019-05-15 00:15:00+00:00,2019-05-15 00:30:00+00:00,validation,13.56184,453.0,11.83284,12.439,12.691651459730288,12.43018776470003,12.749788953170851,13.01716131401274,13.079536836395478,14.517901986472253
2019-05-15 00:30:00+00:00,2019-05-15 00:45:00+00:00,validation,14.78881,493.0,13.56184,17.66581,15.665164945911497,15.15010294247224,14.948972535767808,14.845200813743794,14.546839730799025,15.760171040345268
2019-05-15 00:45:00+00:00,2019-05-15 01:00:00+00:00,validation,16.45875,544.0,14.78881,18.95031,16.108022271657376,15.638757807037816,15.751857245190731,15.550537411349989,15.610374661460982,16.69998848561235
2019-05-15 01:00:00+00:00,2019-05-15 01:15:00+00:00,validation,18.09675,595.0,16.45875,20.77644,18.018195344386545,17.820347806818305,17.710527357509566,16.841909052493662,17.88200433551053,18.80622034188346
2019-05-15 01:15:00+00:00,2019-05-15 01:30:00+00:00,validation,17.930941,602.0,18.09675,22.39781,19.918780676600612,19.676134538265885,19.704044760018515,18.160657427943406,19.37282877443854,20.20710956431752
2019-05-15 01:30:00+00:00,2019-05-15 01:45:00+00:00,validation,17.306629,588.0,17.930941,22.260441,19.11393265364016,19.358185940258025,19.6094132330282,18.108319394769296,19.22588023367476,20.055058673869386
2019-05-15 01:45:00+00:00,2019-05-15 02:00:00+00:00,validation,20.488119,672.0,17.306629,16.96669,19.079892348735303,18.998474435276023,19.540207858172575,18.158182014923213,18.723218605673175,20.01590210982019
2019-05-15 02:00:00+00:00,2019-05-15 02:15:00+00:00,validation,21.41869,688.0,20.488119,22.28056,21.674512951252254,21.69913246902955,21.634494416662132,20.778706311474007,21.396126494274544,20.56227102710846
2019-05-15 02:15:00+00:00,2019-05-15 02:30:00+00:00,validation,23.128441,766.0,21.41869,24.34119,22.093946045620076,21.11851832242314,22.536263282550816,21.521688375589292,22.27485542100778,21.33656567115929
2019-05-15 02:30:00+00:00,2019-05-15 02:45:00+00:00,validation,21.91744,779.0,23.128441,20.740999,23.463503148574993,23.11335969011024,23.21360198075639,22.49122618713772,23.6393219065298,22.72537970286416
2019-05-15 02:45:00+00:00,2019-05-15 03:00:00+00:00,validation,23.421129,784.0,21.91744,25.324249,23.232944061823474,22.294381934896595,22.540188545290267,22.483120742998356,22.597569875580916,21.753217908849138
2019-05-15 03:00:00+00:00,2019-05-15 03:15:00+00:00,validation,22.928499,753.0,23.421129,25.31156,23.68241190589893,22.946358069928237,22.705362214520825,23.13655778395713,23.86960479315355,21.490863520262383
2019-05-15 03:15:00+00:00,2019-05-15 03:30:00+00:00,validation,22.999809,784.0,22.928499,26.134939000000003,24.264418702708614,23.7506915675353,22.852570719108094,23.159184142590632,23.300686216851453,21.58345907182035
2019-05-15 03:30:00+00:00,2019-05-15 03:45:00+00:00,validation,22.480499,844.0,22.999809,23.39225,24.124333624152623,23.761918420276427,22.744306045076588,22.838772039726802,23.20386726577953,21.408557584098972
2019-05-15 03:45:00+00:00,2019-05-15 04:00:00+00:00,validation,16.047501,448.0,22.480499,24.45013,23.329391956249225,22.998957118936833,22.84019784085449,22.962904610018796,22.6919367790829,21.332048548732857
2019-05-15 04:00:00+00:00,2019-05-15 04:15:00+00:00,validation,24.356939,884.0,16.047501,25.039,16.794388375519556,16.28235605223521,16.918152337009975,16.428743702651445,17.207606024529237,18.36067571956617
2019-05-15 04:15:00+00:00,2019-05-15 04:30:00+00:00,validation,19.90975,622.0,24.356939,24.717879999999997,21.795172913225027,21.80775600076703,21.496393626817945,21.169980471164564,22.863752537735685,24.249130361687982
2019-05-15 04:30:00+00:00,2019-05-15 04:45:00+00:00,validation,19.232941,593.0,19.90975,23.836309,18.75330031875265,18.613180501617567,18.67524436539792,18.83660823403902,19.948295467914754,20.05382128991034
2019-05-15 04:45:00+00:00,2019-05-15 05:00:00+00:00,validation,18.582809,574.0,19.232941,18.106371,18.165396075073044,18.151360738559102,18.605142265189063,18.176733295226825,18.877585295536157,19.281672710357455
2019-05-15 05:00:00+00:00,2019-05-15 05:15:00+00:00,validation,13.58306,379.0,18.582809,19.36025,15.783960562947462,15.616985796220776,15.996841418679546,16.520047179890696,17.28933914227673,16.697342129895503
2019-05-15 05:15:00+00:00,2019-05-15 05:30:00+00:00,validation,15.30988,458.0,13.58306,17.370060000000002,13.838101466893958,14.19811625592801,14.860554256485772,15.271683625975976,13.865150531318449,11.922970445076846
2019-05-15 05:30:00+00:00,2019-05-15 05:45:00+00:00,validation,20.9615,709.0,15.30988,16.619310000000002,14.251069885384236,14.269595783747052,14.884366131851426,15.193922138059863,14.916854834915693,13.398420872458692
2019-05-15 05:45:00+00:00,2019-05-15 06:00:00+00:00,validation,16.44256,561.0,20.9615,13.98469,18.773260343091895,18.80097429708363,18.213015597464732,18.945459483207056,18.260863116106943,15.94749855068819
2019-05-15 06:00:00+00:00,2019-05-15 06:15:00+00:00,validation,20.5905,681.0,16.44256,12.41275,14.858753545886968,13.598299177899166,14.112872760056648,14.643024316508276,16.55424217289913,14.33393441399178
2019-05-15 06:15:00+00:00,2019-05-15 06:30:00+00:00,validation,20.037939,609.0,20.5905,11.86588,17.584551857606392,17.43594618714212,17.69999088231298,17.96797415758694,18.312115135622903,16.33159878122259
2019-05-15 06:30:00+00:00,2019-05-15 06:45:00+00:00,validation,18.98925,627.0,20.037939,10.95894,15.296613474456755,15.178610774659953,15.407848110015882,15.857321941910925,18.399374791364394,15.722953522845247
2019-05-15 06:45:00+00:00,2019-05-15 07:00:00+00:00,validation,19.056629,585.0,18.98925,7.440782,17.337551557464934,16.38705356322011,17.515093397661605,17.88425070603347,18.855282551701748,16.906383989465354
2019-05-15 07:00:00+00:00,2019-05-15 07:15:00+00:00,validation,18.33869,553.0,19.056629,6.841844,15.028972377391222,14.206238333482922,14.761709489971858,14.804058655415835,17.444433883003228,15.902163597772228
2019-05-15 07:15:00+00:00,2019-05-15 07:30:00+00:00,validation,12.38059,367.0,18.33869,6.662688,14.882915992587053,14.657572057496658,15.677399617278303,15.639522117551495,17.261082107502382,14.972041207366578
2019-05-15 07:30:00+00:00,2019-05-15 07:45:00+00:00,validation,11.20219,334.0,12.38059,4.382219,12.042872396375559,12.282689208295652,12.346295293094633,11.790504636422389,12.982474346940133,11.7035874285628
2019-05-15 07:45:00+00:00,2019-05-15 08:00:00+00:00,validation,7.338844,229.0,11.20219,5.491391,10.309714155261922,10.268458167872053,10.349301527708535,10.00237098371122,11.355593606578353,11.956604262152734
2019-05-15 08:00:00+00:00,2019-05-15 08:15:00+00:00,validation,7.148860000000001,215.0,7.338844,5.539953,8.091831409061971,7.759238218342298,7.1030579431978484,7.397726108750363,7.546335286701861,8.06479824456623
2019-05-15 08:15:00+00:00,2019-05-15 08:30:00+00:00,validation,6.142828,181.0,7.148860000000001,6.172358999999999,6.746155092670208,6.391428076762186,6.4553413306703415,6.437304772080014,7.223760375594993,7.232981467707784
2019-05-15 08:30:00+00:00,2019-05-15 08:45:00+00:00,validation,6.214906,181.0,6.142828,7.018813000000001,5.4641128630545825,5.858202535808599,6.248299342753448,5.909643744784258,5.802823278328733,4.783445973166981
2019-05-15 08:45:00+00:00,2019-05-15 09:00:00+00:00,validation,4.850344000000001,142.0,6.214906,5.465469000000001,5.180684221716851,5.081432347104311,5.440517155456427,5.234840294884871,5.870066250501719,4.2913755167062755
2019-05-15 09:00:00+00:00,2019-05-15 09:15:00+00:00,validation,3.603031,106.0,4.850344000000001,4.356078,3.8757266609551047,4.00804577275227,3.9910957575639334,4.013090100906003,4.436240305975506,3.12840891760382
2019-05-15 09:15:00+00:00,2019-05-15 09:30:00+00:00,validation,3.66625,108.0,3.603031,3.556875,2.679820420094356,2.6345342513045282,2.325574279507922,2.41747201554465,3.4804928205199377,1.2945725475932095
2019-05-15 09:30:00+00:00,2019-05-15 09:45:00+00:00,validation,2.453719,74.0,3.66625,2.82018,2.4208410588285916,2.2251417546809478,2.1001046316238186,2.199241321314212,3.19717611302511,0.9163047153952304
2019-05-15 09:45:00+00:00,2019-05-15 10:00:00+00:00,validation,2.037984,60.0,2.453719,1.982367,1.4898869738214626,1.4665124326507586,1.4958426307294905,1.5774364892909356,2.8639840927162385,0.08274654048080254
2019-05-15 10:00:00+00:00,2019-05-15 10:15:00+00:00,validation,1.483563,45.0,2.037984,1.562914,1.2776072275847172,1.2909303167449497,1.2302240858003837,1.2307036747478812,1.7309830348453694,0.0
2019-05-15 10:15:00+00:00,2019-05-15 10:30:00+00:00,validation,1.060664,33.0,1.483563,1.2950549999999998,0.9332656338720721,0.9724597569144823,1.134126878577317,0.9601893712863648,1.5074888165894178,0.0
2019-05-15 10:30:00+00:00,2019-05-15 10:45:00+00:00,validation,0.729928,22.0,1.060664,0.8722110000000001,0.6778277378573083,0.5332199201741838,0.5262742671868158,0.5125877300955303,1.2117776671744531,0.0
2019-05-15 10:45:00+00:00,2019-05-15 11:00:00+00:00,validation,0.870598,27.0,0.729928,0.308895,0.4508271091045778,0.3736808005996935,0.3116333463862022,0.2974421559123531,1.1249149918366346,0.0
2019-05-15 11:00:00+00:00,2019-05-15 11:15:00+00:00,validation,0.183695,6.0,0.870598,0.005845,0.44185398611395876,0.3827900305175175,0.38619248289139135,0.2753120151381998,0.46031812586338816,0.0
2019-05-15 11:15:00+00:00,2019-05-15 11:30:00+00:00,validation,0.0,0.0,0.183695,0.0,0.10894895604615486,0.1304921397157811,0.0,0.0,0.4051497872358336,0.0
2019-05-15 11:30:00+00:00,2019-05-15 11:45:00+00:00,validation,0.0,0.0,0.0,0.0,0.02772174774140006,0.03732878495236926,0.026478768961529855,0.0,0.0,0.0
2019-05-15 11:45:00+00:00,2019-05-15 12:00:00+00:00,validation,0.0,0.0,0.0,0.0,0.02772174774140006,0.03540966813496937,0.026478768961529855,0.0,0.15952804031242707,0.0
2019-05-15 12:00:00+00:00,2019-05-15 12:15:00+00:00,validation,0.0,0.0,0.0,0.0,0.02772174774140006,0.03540966813496937,0.04196747409579594,0.0,0.08489600992374857,0.0
2019-05-15 12:15:00+00:00,2019-05-15 12:30:00+00:00,validation,0.0,0.0,0.0,0.0,0.02772174774140006,0.02606833770217614,0.027170067086852972,0.0,0.09489326664048914,0.0
2019-05-15 12:30:00+00:00,2019-05-15 12:45:00+00:00,validation,0.0,0.0,0.0,0.0,0.02772174774140006,0.03540966813496937,0.04126988917822327,0.0,0.056924806682319584,0.0
2019-05-15 12:45:00+00:00,2019-05-15 13:00:00+00:00,validation,0.0,0.0,0.0,0.0,0.02772174774140006,0.024740467245460532,0.024009495845934512,0.0,0.10259522497584239,0.0
2019-05-15 13:00:00+00:00,2019-05-15 13:15:00+00:00,validation,0.0,0.0,0.0,0.0,0.02772174774140006,0.021591500061233615,0.024009495845934512,0.0,0.22441613730046672,0.0
2019-05-15 13:15:00+00:00,2019-05-15 13:30:00+00:00,validation,0.0,0.0,0.0,0.0,0.02772174774140006,0.021591500061233615,0.024009495845934512,0.0,0.19320841642254294,0.0
2019-05-15 13:30:00+00:00,2019-05-15 13:45:00+00:00,validation,0.0,0.0,0.0,0.0,0.02772174774140006,0.023289023681512974,0.027170067086852972,0.0,0.1775572873985034,0.0
2019-05-15 13:45:00+00:00,2019-05-15 14:00:00+00:00,validation,0.0,0.0,0.0,0.0,0.02772174774140006,0.019786208593145876,0.024009495845934512,0.0,0.1258298281502146,0.0
2019-05-15 14:00:00+00:00,2019-05-15 14:15:00+00:00,validation,0.0,0.0,0.0,0.0,0.02772174774140006,0.020314083794327233,0.024009495845934512,0.0,0.0,0.0
2019-05-15 14:15:00+00:00,2019-05-15 14:30:00+00:00,validation,0.0,0.0,0.0,0.0,0.02772174774140006,0.020314083794327233,0.024009495845934512,0.0,0.0,0.0
2019-05-15 14:30:00+00:00,2019-05-15 14:45:00+00:00,validation,0.0,0.0,0.0,0.0,0.02772174774140006,0.020314083794327233,0.024009495845934512,0.0,0.0,0.0
2019-05-15 14:45:00+00:00,2019-05-15 15:00:00+00:00,validation,0.0,0.0,0.0,0.0,0.02772174774140006,0.020314083794327233,0.024009495845934512,0.0,0.0,0.0
2019-05-15 15:00:00+00:00,2019-05-15 15:15:00+00:00,validation,0.0,0.0,0.0,0.0,0.02772174774140006,0.020314083794327233,0.024009495845934512,0.0,0.0,0.0
2019-05-15 15:15:00+00:00,2019-05-15 15:30:00+00:00,validation,0.0,0.0,0.0,0.0,0.02772174774140006,0.026307805306822103,0.024009495845934512,0.0,0.0,0.0
2019-05-15 15:30:00+00:00,2019-05-15 15:45:00+00:00,validation,0.0,0.0,0.0,0.0,0.02772174774140006,0.026307805306822103,0.024009495845934512,0.0,0.0,0.0
2019-05-15 15:45:00+00:00,2019-05-15 16:00:00+00:00,validation,0.0,0.0,0.0,0.0,0.02772174774140006,0.026307805306822103,0.024009495845934512,0.0,0.0,0.0
2019-05-15 16:00:00+00:00,2019-05-15 16:15:00+00:00,validation,0.0,0.0,0.0,0.0,0.02772174774140006,0.026307805306822103,0.025820639271878176,0.0,0.0,0.0
2019-05-15 16:15:00+00:00,2019-05-15 16:30:00+00:00,validation,0.0,0.0,0.0,0.0,0.02772174774140006,0.030784642947764607,0.02790353965681581,0.0,0.0,0.0
2019-05-15 16:30:00+00:00,2019-05-15 16:45:00+00:00,validation,0.0,0.0,0.0,0.0,0.03292082721228418,0.02937053036470833,0.025820639271878176,0.0,0.0,0.0
2019-05-15 16:45:00+00:00,2019-05-15 17:00:00+00:00,validation,0.0,0.0,0.0,0.0,0.03292082721228418,0.02937053036470833,0.025820639271878176,0.0,0.0,0.0
2019-05-15 17:00:00+00:00,2019-05-15 17:15:00+00:00,validation,0.0,0.0,0.0,0.0,0.03292082721228418,0.03384736800565084,0.029544674303039063,0.0,0.0,0.0
2019-05-15 17:15:00+00:00,2019-05-15 17:30:00+00:00,validation,0.0,0.0,0.0,0.0,0.035546791945352166,0.040845798802776306,0.029544674303039063,0.0,0.0,0.0
2019-05-15 17:30:00+00:00,2019-05-15 17:45:00+00:00,validation,0.0,0.0,0.0,0.0,0.035546791945352166,0.040845798802776306,0.029544674303039063,0.0,0.0,0.0
2019-05-15 17:45:00+00:00,2019-05-15 18:00:00+00:00,validation,0.0,0.0,0.0,0.0,0.035546791945352166,0.03384736800565084,0.029544674303039063,0.0,0.0,0.0
2019-05-15 18:00:00+00:00,2019-05-15 18:15:00+00:00,validation,0.0,0.0,0.0,0.0,0.035546791945352166,0.03384736800565084,0.03116248460153055,0.025918237932940576,0.0,0.0
2019-05-15 18:15:00+00:00,2019-05-15 18:30:00+00:00,validation,0.0,0.0,0.0,0.0,0.035546791945352166,0.040845798802776306,0.03116248460153055,0.025918237932940576,0.0,0.0
2019-05-15 18:30:00+00:00,2019-05-15 18:45:00+00:00,validation,0.0,0.0,0.0,0.0,0.03659106976868172,0.040845798802776306,0.03116248460153055,0.025918237932940576,0.0,0.0
2019-05-15 18:45:00+00:00,2019-05-15 19:00:00+00:00,validation,0.0,0.0,0.0,0.0,0.03659106976868172,0.040845798802776306,0.03116248460153055,0.025918237932940576,0.0,0.0
2019-05-15 19:00:00+00:00,2019-05-15 19:15:00+00:00,validation,0.0,0.0,0.0,0.0,0.03659106976868172,0.040845798802776306,0.03116248460153055,0.025918237932940576,0.0,0.0
2019-05-15 19:15:00+00:00,2019-05-15 19:30:00+00:00,validation,0.0,0.0,0.0,0.0,0.03659106976868172,0.040845798802776306,0.03116248460153055,0.025918237932940576,0.0066974467808176286,0.0
2019-05-15 19:30:00+00:00,2019-05-15 19:45:00+00:00,validation,0.0,0.0,0.0,0.0,0.03659106976868172,0.03806648478211313,0.03116248460153055,0.025918237932940576,0.024687412932431485,0.0
2019-05-15 19:45:00+00:00,2019-05-15 20:00:00+00:00,validation,0.0,0.0,0.0,0.0,0.03659106976868172,0.0,0.0,0.0,0.07634154057302744,0.0
2019-05-15 20:00:00+00:00,2019-05-15 20:15:00+00:00,validation,0.0,0.0,0.0,0.0,0.03659106976868172,0.040845798802776306,0.03116248460153055,0.025918237932940576,0.15550906533868236,0.0
2019-05-15 20:15:00+00:00,2019-05-15 20:30:00+00:00,validation,0.0,0.0,0.0,0.0,0.03659106976868172,0.040845798802776306,0.03116248460153055,0.025918237932940576,0.18073300580067642,0.0
2019-05-15 20:30:00+00:00,2019-05-15 20:45:00+00:00,validation,0.0,0.0,0.0,0.0,0.03659106976868172,0.0,0.0,0.0,0.20420461175470983,0.0
2019-05-15 20:45:00+00:00,2019-05-15 21:00:00+00:00,validation,0.0,0.0,0.0,0.0,0.03659106976868172,0.040845798802776306,0.03116248460153055,0.025918237932940576,0.28362272171579406,0.0
2019-05-15 21:00:00+00:00,2019-05-15 21:15:00+00:00,validation,0.0,1.0,0.0,0.008617,0.03659106976868172,0.040845798802776306,0.029544674303039063,0.025918237932940576,0.3734937898074975,0.0
2019-05-15 21:15:00+00:00,2019-05-15 21:30:00+00:00,validation,0.318965,11.0,0.0,0.215705,0.04717027064485906,0.040845798802776306,0.029544674303039063,0.03857886726212446,0.44181420277158434,0.0
2019-05-15 21:30:00+00:00,2019-05-15 21:45:00+00:00,validation,0.680299,24.0,0.318965,0.639885,0.3345833817055431,0.2751951154604448,0.28529642364291263,0.3758072964417657,0.744871820061384,0.0
2019-05-15 21:45:00+00:00,2019-05-15 22:00:00+00:00,validation,1.216223,41.0,0.680299,1.142695,0.764373683116266,0.6811110002662634,0.6121438827923019,0.7047444169646452,1.0706430137989402,0.0
2019-05-15 22:00:00+00:00,2019-05-15 22:15:00+00:00,validation,1.722793,58.0,1.216223,1.813438,1.6051081280512502,1.4269229444371239,1.3188462944254224,1.3868920117194785,1.7753250928667406,0.0
2019-05-15 22:15:00+00:00,2019-05-15 22:30:00+00:00,validation,2.721961,88.0,1.722793,2.490797,2.3311299798252825,2.1562458441984074,2.1894222861902684,2.2031810019239564,2.2898091361827113,0.11706953320572833
2019-05-15 22:30:00+00:00,2019-05-15 22:45:00+00:00,validation,2.876235,93.0,2.721961,3.3931410000000004,3.0508119424522873,2.949730804592646,2.904445049309628,2.941607238305556,3.132183867941023,1.0619150250699771
2019-05-15 22:45:00+00:00,2019-05-15 23:00:00+00:00,validation,4.44325,145.0,2.876235,4.452984,4.037069556938442,3.9040684756685176,3.905361845116479,3.909411119942202,3.4195099170813754,1.632523405772969
2019-05-15 23:00:00+00:00,2019-05-15 23:15:00+00:00,validation,6.251328,225.0,4.44325,5.721188,5.701839342323356,5.603081637401307,5.751991644533929,5.743181461560844,5.27950015438868,3.4442974699840816
2019-05-15 23:15:00+00:00,2019-05-15 23:30:00+00:00,validation,7.549282000000001,257.0,6.251328,7.236032000000001,8.328791935475774,7.995786913087419,7.73091320763947,7.860424135976581,6.934468116305562,5.358960734088379
2019-05-15 23:30:00+00:00,2019-05-15 23:45:00+00:00,validation,5.970672,185.0,7.549282000000001,7.623875,9.053133225087018,8.881426772303852,8.907400534193828,8.871219551374661,8.216871065204503,5.22876216124424
2019-05-15 23:45:00+00:00,2019-05-16 00:00:00+00:00,validation,8.934188,310.0,5.970672,10.92547,7.846055313934463,7.709413119178081,7.832761270381835,7.86598263479732,7.114652723956446,5.3528053193947756
2019-05-16 00:00:00+00:00,2019-05-16 00:15:00+00:00,validation,10.56803,354.0,8.934188,11.83284,10.898431064081047,10.12669235251766,10.311304508154961,10.366064914977562,9.783192011313584,10.293007189271982
2019-05-16 00:15:00+00:00,2019-05-16 00:30:00+00:00,validation,11.52069,392.0,10.56803,13.56184,12.42601147260435,12.118845213644326,11.993254397614322,12.342037466213483,11.409800839900583,12.148822342265236
2019-05-16 00:30:00+00:00,2019-05-16 00:45:00+00:00,validation,14.66194,535.0,11.52069,14.78881,12.869941723213874,13.113539149521383,12.862807566511163,12.98571229007033,12.473925044293487,12.969047080990729
2019-05-16 00:45:00+00:00,2019-05-16 01:00:00+00:00,validation,19.488001,684.0,14.66194,16.45875,15.625828324343448,14.57939482798316,15.024290008825526,14.758647174855236,14.840363390142539,15.833278810819358
2019-05-16 01:00:00+00:00,2019-05-16 01:15:00+00:00,validation,16.78294,551.0,19.488001,18.09675,20.890245623487424,19.293313772305364,19.04034162454662,18.959421765016824,19.66194510208799,20.281959295449536
2019-05-16 01:15:00+00:00,2019-05-16 01:30:00+00:00,validation,19.13669,639.0,16.78294,17.930941,19.499628266374415,17.916582056154336,18.92145180491459,18.0045611503935,18.347217212752547,19.101530397030388
2019-05-16 01:30:00+00:00,2019-05-16 01:45:00+00:00,validation,16.781191,598.0,19.13669,17.306629,19.918354082608975,19.492842979494238,20.072983188958137,19.3393955818505,19.500270833220824,20.695539772749747
2019-05-16 01:45:00+00:00,2019-05-16 02:00:00+00:00,validation,24.148689,918.0,16.781191,20.488119,18.634923870036857,18.720383653985586,19.059788194392038,18.1704195359258,18.138458209211,19.201514742914753
2019-05-16 02:00:00+00:00,2019-05-16 02:15:00+00:00,validation,19.54706,692.0,24.148689,21.41869,23.80455572435686,23.291019476285058,24.01579555613103,23.014572061949167,24.890145757021237,25.172791894533873
2019-05-16 02:15:00+00:00,2019-05-16 02:30:00+00:00,validation,19.27581,715.0,19.54706,23.128441,20.757529022678494,20.50264396299786,20.757606030361593,20.382834723318325,21.329812885412863,23.478536810254525
2019-05-16 02:30:00+00:00,2019-05-16 02:45:00+00:00,validation,22.03731,768.0,19.27581,21.91744,21.263582725094196,20.06625196668857,20.834931999594666,19.890723049435998,20.590211499647943,22.500235177566857
2019-05-16 02:45:00+00:00,2019-05-16 03:00:00+00:00,validation,22.62925,773.0,22.03731,23.421129,22.208142126794385,22.08626348561473,22.14602910602883,22.482600040367902,22.278605950145234,23.72619418022925
2019-05-16 03:00:00+00:00,2019-05-16 03:15:00+00:00,validation,26.26313,964.0,22.62925,22.928499,23.246354703281433,22.824201802147382,22.649521016881582,23.477830251880313,23.276774792977477,24.585083954784473
2019-05-16 03:15:00+00:00,2019-05-16 03:30:00+00:00,validation,23.9855,827.0,26.26313,22.999809,25.180690494665956,22.387296333654202,22.56725765393905,24.22334120746959,26.14001814078258,25.47505961353822
2019-05-16 03:30:00+00:00,2019-05-16 03:45:00+00:00,validation,22.547001,766.0,23.9855,22.480499,24.58519684630843,23.395963612960617,22.489459290580086,23.19171229381606,24.233072132208846,25.601645423433936
2019-05-16 03:45:00+00:00,2019-05-16 04:00:00+00:00,validation,23.563311,788.0,22.547001,16.047501,23.362701145692103,24.182853419883244,23.75231653051983,24.378210805074772,23.078402612058525,22.95755896514526
2019-05-16 04:00:00+00:00,2019-05-16 04:15:00+00:00,validation,22.392559,738.0,23.563311,24.356939,23.464010377956008,22.62334240872587,22.478935368995728,23.02942389222993,23.05089352902619,22.728089876016902
2019-05-16 04:15:00+00:00,2019-05-16 04:30:00+00:00,validation,24.978189,838.0,22.392559,19.90975,22.744526483422515,22.046709225837088,21.649480133996057,22.586354047150767,21.973534255609195,21.33836911846224
2019-05-16 04:30:00+00:00,2019-05-16 04:45:00+00:00,validation,26.02994,872.0,24.978189,19.232941,23.232916441886122,22.893949679089,22.510826367558256,22.928791720446576,24.143554890106074,22.714376136976497
2019-05-16 04:45:00+00:00,2019-05-16 05:00:00+00:00,validation,27.402809,929.0,26.02994,18.582809,24.510005100106902,23.611537914171183,23.435755064971858,23.503048131372307,23.941710217970524,23.290218453263506
2019-05-16 05:00:00+00:00,2019-05-16 05:15:00+00:00,validation,24.758129,837.0,27.402809,13.58306,26.005541812747765,23.806007499328263,23.092882529380592,23.46258399860377,25.91961947378781,25.557143276608905
2019-05-16 05:15:00+00:00,2019-05-16 05:30:00+00:00,validation,25.857559,844.0,24.758129,15.30988,24.8903213194647,23.829973430141642,22.797987113641483,22.876267447626958,23.528946928761705,24.117455689237666
2019-05-16 05:30:00+00:00,2019-05-16 05:45:00+00:00,validation,24.69206,768.0,25.857559,20.9615,24.616589471469688,24.4084697458058,24.325502711835874,23.509652471644312,24.437550657602216,23.98299366137315
2019-05-16 05:45:00+00:00,2019-05-16 06:00:00+00:00,validation,24.409,772.0,24.69206,16.44256,23.54962693720492,23.455028036045842,23.327175309222802,22.682631532690326,23.237874744780335,21.97998691271021
2019-05-16 06:00:00+00:00,2019-05-16 06:15:00+00:00,validation,22.873369,729.0,24.409,20.5905,21.969785678323444,22.35566627971765,22.599839710602577,21.561352574334165,22.22169301304443,21.674951782657104
2019-05-16 06:15:00+00:00,2019-05-16 06:30:00+00:00,validation,20.429939,631.0,22.873369,20.037939,22.095666557922314,21.659147433678616,21.789827286352573,20.8826447116453,20.97598765062753,20.472990051754245
2019-05-16 06:30:00+00:00,2019-05-16 06:45:00+00:00,validation,19.50769,602.0,20.429939,18.98925,18.84117966862342,18.875759529756856,18.701244789791506,18.104409448252888,18.56690798992822,18.79297163963089
2019-05-16 06:45:00+00:00,2019-05-16 07:00:00+00:00,validation,18.56925,573.0,19.50769,19.056629,17.00618406889181,17.250336906190384,17.269177812794194,17.144581941928745,17.679595265048377,17.24354466019272
2019-05-16 07:00:00+00:00,2019-05-16 07:15:00+00:00,validation,18.080999,549.0,18.56925,18.33869,15.321555187651423,15.320547657942795,15.797942171660223,15.527819105130819,16.31666125105224,16.42323190061039
2019-05-16 07:15:00+00:00,2019-05-16 07:30:00+00:00,validation,10.75944,332.0,18.080999,12.38059,15.071306044975882,15.330137598706541,15.611417009082276,15.241498881045,15.891850488040719,16.050484536999814
2019-05-16 07:30:00+00:00,2019-05-16 07:45:00+00:00,validation,9.355062,279.0,10.75944,11.20219,10.107839253947906,10.146591571825411,10.057883611586426,9.919850668225923,10.481867310096032,12.201545861608587
2019-05-16 07:45:00+00:00,2019-05-16 08:00:00+00:00,validation,11.20634,335.0,9.355062,7.338844,8.033105334248203,7.676246635797479,7.808078017620733,7.7985335974416525,8.272873431710973,9.738179110859317
2019-05-16 08:00:00+00:00,2019-05-16 08:15:00+00:00,validation,10.99591,325.0,11.20634,7.148860000000001,9.64376139254871,10.057486530903287,10.041856376179704,9.773197793574946,9.133202533447847,8.758021911934208
2019-05-16 08:15:00+00:00,2019-05-16 08:30:00+00:00,validation,10.10909,290.0,10.99591,6.142828,8.505765889746707,9.093523217023579,9.50802951736378,8.762127584492061,9.17271335742209,6.540707366446083
2019-05-16 08:30:00+00:00,2019-05-16 08:45:00+00:00,validation,6.849609,205.0,10.10909,6.214906,7.692802990644209,7.602818248457602,7.658005921923042,7.217596348764427,8.308795221330929,7.215261140939591
2019-05-16 08:45:00+00:00,2019-05-16 09:00:00+00:00,validation,6.188219,177.0,6.849609,4.850344000000001,5.0134165209957064,4.809752267283397,4.661041460904459,4.5873630523279925,5.60817548913162,5.776107764876261
2019-05-16 09:00:00+00:00,2019-05-16 09:15:00+00:00,validation,5.007625,148.0,6.188219,3.603031,4.8570476353379615,4.84083823781399,4.854245385690077,4.757543147283233,4.97344059356785,3.7442794265909995
2019-05-16 09:15:00+00:00,2019-05-16 09:30:00+00:00,validation,4.438656,129.0,5.007625,3.66625,3.7017723285191537,3.909153208091535,3.770104416811286,3.543821213698098,3.9604204387571844,2.4489520954358204
2019-05-16 09:30:00+00:00,2019-05-16 09:45:00+00:00,validation,3.563273,102.0,4.438656,2.453719,3.340778257153361,3.223471074625265,2.99040229293087,3.005215971920733,3.5223479974471728,1.9635452076810482
2019-05-16 09:45:00+00:00,2019-05-16 10:00:00+00:00,validation,3.179477,92.0,3.563273,2.037984,2.5517063753066607,2.3651951021316333,2.2611971731882305,2.233959766235414,2.899510221551745,1.3012028782413037
2019-05-16 10:00:00+00:00,2019-05-16 10:15:00+00:00,validation,2.0456950000000003,58.0,3.179477,1.483563,2.3399787297310253,2.1311346511848908,1.980485648579534,1.99800254965341,1.8967305665360783,0.7299891663537288
2019-05-16 10:15:00+00:00,2019-05-16 10:30:00+00:00,validation,1.193281,36.0,2.0456950000000003,1.060664,1.2730574069016227,1.2909303167449497,1.1694960498729903,1.1855652870280773,1.5837301691210186,0.0
2019-05-16 10:30:00+00:00,2019-05-16 10:45:00+00:00,validation,0.577691,18.0,1.193281,0.729928,0.8844467870793952,0.6629289743841638,0.536265751644568,0.57088541407529,0.8948886426435037,0.0
2019-05-16 10:45:00+00:00,2019-05-16 11:00:00+00:00,validation,0.195426,7.0,0.577691,0.870598,0.34595971830829003,0.1755561729943097,0.04574460979334047,0.07680527885486957,0.5245673101270922,0.0
2019-05-16 11:00:00+00:00,2019-05-16 11:15:00+00:00,validation,0.1052819999999999,3.0,0.195426,0.183695,0.0472799875912284,0.010438057954240092,0.0,0.0,0.0,0.0
2019-05-16 11:15:00+00:00,2019-05-16 11:30:00+00:00,validation,0.0,0.0,0.1052819999999999,0.0,0.0545473139581045,0.0,0.0,0.0,0.0,0.0
2019-05-16 11:30:00+00:00,2019-05-16 11:45:00+00:00,validation,0.0,0.0,0.0,0.0,0.055806865729735075,0.0,0.0,0.0,0.03375045761787998,0.0
2019-05-16 11:45:00+00:00,2019-05-16 12:00:00+00:00,validation,0.0,0.0,0.0,0.0,0.029922302266568186,0.0,0.0,0.0,0.0,0.0
2019-05-16 12:00:00+00:00,2019-05-16 12:15:00+00:00,validation,0.0,0.0,0.0,0.0,0.02772174774140006,0.0,0.0,0.0,0.0,0.0
2019-05-16 12:15:00+00:00,2019-05-16 12:30:00+00:00,validation,0.0,0.0,0.0,0.0,0.02772174774140006,0.0,0.0,0.0,0.0,0.0
2019-05-16 12:30:00+00:00,2019-05-16 12:45:00+00:00,validation,0.0,0.0,0.0,0.0,0.02772174774140006,0.0,0.0,0.0,0.08110216997184327,0.0
2019-05-16 12:45:00+00:00,2019-05-16 13:00:00+00:00,validation,0.0,0.0,0.0,0.0,0.02772174774140006,0.021591500061233615,0.024009495845934512,0.0,0.02530234140166332,0.0
2019-05-16 13:00:00+00:00,2019-05-16 13:15:00+00:00,validation,0.0,0.0,0.0,0.0,0.02772174774140006,0.018812186040570444,0.024009495845934512,0.0,0.10829877907715968,0.0
2019-05-16 13:15:00+00:00,2019-05-16 13:30:00+00:00,validation,0.0,0.0,0.0,0.0,0.02772174774140006,0.021591500061233615,0.024009495845934512,0.0,0.1159954401598764,0.0
2019-05-16 13:30:00+00:00,2019-05-16 13:45:00+00:00,validation,0.0,0.0,0.0,0.0,0.02772174774140006,0.0,0.0,0.0,0.1632830363293163,0.0
2019-05-16 13:45:00+00:00,2019-05-16 14:00:00+00:00,validation,0.0,0.0,0.0,0.0,0.02772174774140006,0.026784639390271342,0.024009495845934512,0.0,0.13489967485570986,0.0
2019-05-16 14:00:00+00:00,2019-05-16 14:15:00+00:00,validation,0.0,0.0,0.0,0.0,0.02772174774140006,0.027312514591452702,0.024009495845934512,0.0,0.0,0.0
2019-05-16 14:15:00+00:00,2019-05-16 14:30:00+00:00,validation,0.0,0.0,0.0,0.0,0.02772174774140006,0.027312514591452702,0.024009495845934512,0.0,0.0,0.0
2019-05-16 14:30:00+00:00,2019-05-16 14:45:00+00:00,validation,0.0,0.0,0.0,0.0,0.02772174774140006,0.02479092143526976,0.025528932440629728,0.0,0.0,0.0
2019-05-16 14:45:00+00:00,2019-05-16 15:00:00+00:00,validation,0.0,0.0,0.0,0.0,0.02772174774140006,0.020314083794327233,0.024009495845934512,0.0,0.0,0.0
2019-05-16 15:00:00+00:00,2019-05-16 15:15:00+00:00,validation,0.0,0.0,0.0,0.0,0.02772174774140006,0.020314083794327233,0.024009495845934512,0.0,0.0,0.0
2019-05-16 15:15:00+00:00,2019-05-16 15:30:00+00:00,validation,0.0,0.0,0.0,0.0,0.02772174774140006,0.026307805306822103,0.024009495845934512,0.0,0.0,0.0
2019-05-16 15:30:00+00:00,2019-05-16 15:45:00+00:00,validation,0.0,0.0,0.0,0.0,0.02772174774140006,0.026307805306822103,0.024009495845934512,0.0,0.0,0.0
2019-05-16 15:45:00+00:00,2019-05-16 16:00:00+00:00,validation,0.0,0.0,0.0,0.0,0.02772174774140006,0.026307805306822103,0.024009495845934512,0.0,0.0,0.0
2019-05-16 16:00:00+00:00,2019-05-16 16:15:00+00:00,validation,0.0,0.0,0.0,0.0,0.02772174774140006,0.026307805306822103,0.028001913360612078,0.0,0.0,0.0
2019-05-16 16:15:00+00:00,2019-05-16 16:30:00+00:00,validation,0.0,0.0,0.0,0.0,0.02772174774140006,0.026307805306822103,0.028001913360612078,0.0,0.0,0.0
2019-05-16 16:30:00+00:00,2019-05-16 16:45:00+00:00,validation,0.0,0.0,0.0,0.0,0.03292082721228418,0.02937053036470833,0.028001913360612078,0.0,0.0,0.0
2019-05-16 16:45:00+00:00,2019-05-16 17:00:00+00:00,validation,0.0,0.0,0.0,0.0,0.03292082721228418,0.02937053036470833,0.028001913360612078,0.0,0.0,0.0
2019-05-16 17:00:00+00:00,2019-05-16 17:15:00+00:00,validation,0.0,0.0,0.0,0.0,0.03292082721228418,0.02937053036470833,0.025820639271878176,0.01837077242340317,0.0,0.0
2019-05-16 17:15:00+00:00,2019-05-16 17:30:00+00:00,validation,0.0,0.0,0.0,0.0,0.035546791945352166,0.033589647141170624,0.025820639271878176,0.01837077242340317,0.0,0.0
2019-05-16 17:30:00+00:00,2019-05-16 17:45:00+00:00,validation,0.0,0.0,0.0,0.0,0.035546791945352166,0.03806648478211313,0.029544674303039063,0.025918237932940576,0.0,0.0
2019-05-16 17:45:00+00:00,2019-05-16 18:00:00+00:00,validation,0.0,0.0,0.0,0.0,0.035546791945352166,0.040845798802776306,0.029544674303039063,0.025918237932940576,0.031430096787036454,0.0
2019-05-16 18:00:00+00:00,2019-05-16 18:15:00+00:00,validation,0.0,0.0,0.0,0.0,0.035546791945352166,0.0,0.0,0.0,0.0,0.0
2019-05-16 18:15:00+00:00,2019-05-16 18:30:00+00:00,validation,0.0,0.0,0.0,0.0,0.035546791945352166,0.040845798802776306,0.03116248460153055,0.03559148883075999,0.004567877996597858,0.0
2019-05-16 18:30:00+00:00,2019-05-16 18:45:00+00:00,validation,0.0,0.0,0.0,0.0,0.03659106976868172,0.040845798802776306,0.03116248460153055,0.03559148883075999,0.03244468445296622,0.0
2019-05-16 18:45:00+00:00,2019-05-16 19:00:00+00:00,validation,0.0,0.0,0.0,0.0,0.03659106976868172,0.050187129235569554,0.04321705307681705,0.04557914058693448,0.07612658441007891,0.0
2019-05-16 19:00:00+00:00,2019-05-16 19:15:00+00:00,validation,0.0,0.0,0.0,0.0,0.03659106976868172,0.040845798802776306,0.03116248460153055,0.03559148883075999,0.028053615133677212,0.0
2019-05-16 19:15:00+00:00,2019-05-16 19:30:00+00:00,validation,0.0,0.0,0.0,0.0,0.03659106976868172,0.040845798802776306,0.03116248460153055,0.03559148883075999,0.12205209137217032,0.0
2019-05-16 19:30:00+00:00,2019-05-16 19:45:00+00:00,validation,0.0,0.0,0.0,0.0,0.03659106976868172,0.040845798802776306,0.03116248460153055,0.03559148883075999,0.18193172224706533,0.0
2019-05-16 19:45:00+00:00,2019-05-16 20:00:00+00:00,validation,0.0,0.0,0.0,0.0,0.03659106976868172,0.040845798802776306,0.03116248460153055,0.03559148883075999,0.23611984375834894,0.0
2019-05-16 20:00:00+00:00,2019-05-16 20:15:00+00:00,validation,0.0,0.0,0.0,0.0,0.03659106976868172,0.03580863412317208,0.03116248460153055,0.03559148883075999,0.2593412961994739,0.0
2019-05-16 20:15:00+00:00,2019-05-16 20:30:00+00:00,validation,0.0,0.0,0.0,0.0,0.03659106976868172,0.03384736800565084,0.03116248460153055,0.03559148883075999,0.2872484794557373,0.0
2019-05-16 20:30:00+00:00,2019-05-16 20:45:00+00:00,validation,0.0,0.0,0.0,0.0,0.03659106976868172,0.03384736800565084,0.03116248460153055,0.03559148883075999,0.3543544256797677,0.0
2019-05-16 20:45:00+00:00,2019-05-16 21:00:00+00:00,validation,0.0,0.0,0.0,0.0,0.03659106976868172,0.040845798802776306,0.03116248460153055,0.03559148883075999,0.43069698559266456,0.0
2019-05-16 21:00:00+00:00,2019-05-16 21:15:00+00:00,validation,0.011951,2.0,0.0,0.0,0.03659106976868172,0.040845798802776306,0.03116248460153055,0.025918237932940576,0.5142167424393707,0.0
2019-05-16 21:15:00+00:00,2019-05-16 21:30:00+00:00,validation,0.335508,13.0,0.011951,0.318965,0.04717027064485906,0.050187129235569554,0.04391463799438972,0.0,0.5901985574823891,0.0
2019-05-16 21:30:00+00:00,2019-05-16 21:45:00+00:00,validation,0.776166,28.0,0.335508,0.680299,0.4467231162218022,0.38142663145449973,0.3641160976459377,0.3542513433009967,0.8776378978621091,0.0
2019-05-16 21:45:00+00:00,2019-05-16 22:00:00+00:00,validation,1.295438,48.0,0.776166,1.216223,0.764373683116266,0.8749844693086886,0.9096160726387359,0.905241905155226,1.259407862409863,0.0
2019-05-16 22:00:00+00:00,2019-05-16 22:15:00+00:00,validation,1.821586,68.0,1.295438,1.722793,1.6051081280512502,1.6428161636490064,1.5990662071857977,1.530360803725255,2.0893666863144436,0.38064298032866173
2019-05-16 22:15:00+00:00,2019-05-16 22:30:00+00:00,validation,2.475594,98.0,1.821586,2.721961,2.3311299798252825,2.2009605507331074,2.2427908658570375,2.223918272362062,2.5803362693729,0.9092630215964164
2019-05-16 22:30:00+00:00,2019-05-16 22:45:00+00:00,validation,3.3256019999999995,131.0,2.475594,2.876235,2.8290028317392224,2.713187009398866,2.8160119581588576,2.7589897463255846,3.264420557956932,1.549941925863327
2019-05-16 22:45:00+00:00,2019-05-16 23:00:00+00:00,validation,4.38025,173.0,3.3256019999999995,4.44325,4.506273126013201,4.23064202704453,4.436978746790651,4.351752872565495,4.10104031059034,2.975905469011579
2019-05-16 23:00:00+00:00,2019-05-16 23:15:00+00:00,validation,5.677766,224.0,4.38025,6.251328,5.701839342323356,5.61422479695061,5.748981665372042,5.694477830662087,5.728487862530068,4.427381794159775
2019-05-16 23:15:00+00:00,2019-05-16 23:30:00+00:00,validation,7.163516,276.0,5.677766,7.549282000000001,6.921428505741509,6.722946045112085,6.65817519364037,6.648481197462282,6.880307094615488,6.03573381789769
2019-05-16 23:30:00+00:00,2019-05-16 23:45:00+00:00,validation,8.742125999999999,320.0,7.163516,5.970672,8.364235140559808,8.1711145198034,8.4298085889573,8.261150828682265,8.275054341343399,6.999417872558965
2019-05-16 23:45:00+00:00,2019-05-17 00:00:00+00:00,validation,10.380999999999998,375.0,8.742125999999999,8.934188,10.294535361546243,10.463985252889168,10.561823741666824,10.352047443051633,9.61662138355918,8.922259284907593
2019-05-17 00:00:00+00:00,2019-05-17 00:15:00+00:00,validation,11.66856,432.0,10.380999999999998,10.56803,12.185122706044206,12.574549590603322,12.635333082100338,12.559552770290166,12.064476884512104,12.223105115109469
2019-05-17 00:15:00+00:00,2019-05-17 00:30:00+00:00,validation,13.52663,483.0,11.66856,11.52069,12.566551708298288,13.037486497666018,13.025849611807075,12.880804715448795,13.320890834981824,13.57353800128638
2019-05-17 00:30:00+00:00,2019-05-17 00:45:00+00:00,validation,14.69519,533.0,13.52663,14.66194,15.727922119299173,15.30111391429076,15.675249030139012,15.384199771671414,14.889705079713092,14.646696675801508
2019-05-17 00:45:00+00:00,2019-05-17 01:00:00+00:00,validation,16.16519,583.0,14.69519,19.488001,16.339093053235512,15.977497249661225,16.226207301463667,16.022866099534,16.10406645911772,15.403095898846864
2019-05-17 01:00:00+00:00,2019-05-17 01:15:00+00:00,validation,17.43656,626.0,16.16519,16.78294,17.792527432783242,17.87123625842079,17.939733335572512,17.60958541607561,18.116190880412788,18.91760139749382
2019-05-17 01:15:00+00:00,2019-05-17 01:30:00+00:00,validation,18.643629,670.0,17.43656,19.13669,19.466075836816376,19.661188525914827,19.96381390801637,19.589097987921434,19.252681624745684,19.741027035280062
2019-05-17 01:30:00+00:00,2019-05-17 01:45:00+00:00,validation,19.76581,702.0,18.643629,16.781191,19.744724873994947,20.069791484667483,20.353409063109304,20.102988771446963,20.284894163124058,20.80995868982651
2019-05-17 01:45:00+00:00,2019-05-17 02:00:00+00:00,validation,20.81756,749.0,19.76581,24.148689,20.812273646435816,20.70587456813163,21.60950161342927,21.201443294222436,21.154122695785578,20.90903277803423
2019-05-17 02:00:00+00:00,2019-05-17 02:15:00+00:00,validation,23.16431,785.0,20.81756,19.54706,22.223479503295206,22.131306140605705,22.873111329338194,22.823103279127302,22.655797496703784,22.63709446214296
2019-05-17 02:15:00+00:00,2019-05-17 02:30:00+00:00,validation,24.099251,831.0,23.16431,19.27581,23.59296629934359,23.156492050800875,23.940224761103053,23.87222871179526,24.344562426129727,23.675924743064364
2019-05-17 02:30:00+00:00,2019-05-17 02:45:00+00:00,validation,24.839939,861.0,24.099251,22.03731,24.410706832624395,24.334101726839176,25.10699212691182,24.979152412182305,25.24839933516474,24.510475728427977
2019-05-17 02:45:00+00:00,2019-05-17 03:00:00+00:00,validation,25.49925,885.0,24.839939,22.62925,25.212956495821082,25.284151273926664,25.930569503540717,25.687307345412464,25.7840202953861,24.82407727461277
2019-05-17 03:00:00+00:00,2019-05-17 03:15:00+00:00,validation,26.236440999999996,901.0,25.49925,26.26313,26.018168222849088,26.418125123279033,26.6420922647779,26.492459072698352,26.621825879639545,26.738532273007387
2019-05-17 03:15:00+00:00,2019-05-17 03:30:00+00:00,validation,26.7015,928.0,26.236440999999996,23.9855,26.170817632209914,26.268326546635965,26.735138643361942,26.62035923715093,27.127176625957702,26.754853451909163
2019-05-17 03:30:00+00:00,2019-05-17 03:45:00+00:00,validation,27.104,939.0,26.7015,22.547001,27.129570835628208,26.873610049194536,27.131796475758307,27.19266000071573,27.39480937548734,26.689679588540926
2019-05-17 03:45:00+00:00,2019-05-17 04:00:00+00:00,validation,27.207689,955.0,27.104,23.563311,27.109562734706326,27.66588313406472,27.600336868422577,27.643852606215802,27.403529743005812,27.174687331675656
2019-05-17 04:00:00+00:00,2019-05-17 04:15:00+00:00,validation,27.27375,946.0,27.207689,22.392559,27.0967447776654,27.168349166673874,27.445994390444074,26.844504100036907,27.65930079995146,27.349749904931308
2019-05-17 04:15:00+00:00,2019-05-17 04:30:00+00:00,validation,27.34025,945.0,27.27375,24.978189,27.061425120544317,27.163661780537975,27.367612612352026,26.93064751683688,27.36381832327188,27.484861018738222
2019-05-17 04:30:00+00:00,2019-05-17 04:45:00+00:00,validation,27.320129,930.0,27.34025,26.02994,27.348627116187238,27.317888619785634,27.505965242480666,27.257707835173665,27.162765391685333,26.300053723230654
2019-05-17 04:45:00+00:00,2019-05-17 05:00:00+00:00,validation,27.258440000000004,922.0,27.320129,27.402809,27.17841873562236,27.71277217533572,27.723381871477482,27.515016580656066,27.028353791436395,26.08277019343297
2019-05-17 05:00:00+00:00,2019-05-17 05:15:00+00:00,validation,26.935128999999996,892.0,27.258440000000004,24.758129,26.9170119569903,27.173218771969033,27.4897581675156,27.228410931622268,26.43271986553669,25.031837286425585
2019-05-17 05:15:00+00:00,2019-05-17 05:30:00+00:00,validation,26.307751,863.0,26.935128999999996,25.857559,26.30687073548335,27.363226314977453,27.311107024260654,27.019237737991624,25.935913648834607,24.495060711671414
2019-05-17 05:30:00+00:00,2019-05-17 05:45:00+00:00,validation,25.255131,803.0,26.307751,24.69206,25.18779954007626,25.771127060930503,26.258221486299643,25.597501989048265,25.15822739459987,23.148839513659667
2019-05-17 05:45:00+00:00,2019-05-17 06:00:00+00:00,validation,24.709999,767.0,25.255131,24.409,24.605263890327738,24.775318474863298,24.94265098049916,24.29059674637859,24.096334975644687,23.001118077070217
2019-05-17 06:00:00+00:00,2019-05-17 06:15:00+00:00,validation,24.02356,758.0,24.709999,22.873369,22.588915033663774,23.04667403642783,23.436365846434096,22.25476351827688,23.244575764052435,22.110259748116917
2019-05-17 06:15:00+00:00,2019-05-17 06:30:00+00:00,validation,23.11619,713.0,24.02356,20.429939,21.205960468448815,21.107393482406536,22.373395179638237,21.24115738061873,22.53365967708681,20.263004681904583
2019-05-17 06:30:00+00:00,2019-05-17 06:45:00+00:00,validation,21.337749,663.0,23.11619,19.50769,19.954260589799567,21.0382009555291,21.94180757593856,21.182656202076462,21.678334032599913,19.50193387414887
2019-05-17 06:45:00+00:00,2019-05-17 07:00:00+00:00,validation,19.98369,624.0,21.337749,18.56925,18.303791720128324,18.7775102487302,19.85857579499753,19.18612760874043,20.16285483677505,18.411654202164037
2019-05-17 07:00:00+00:00,2019-05-17 07:15:00+00:00,validation,16.933439,559.0,19.98369,18.080999,16.565311349201966,16.917976723719605,17.47051931342964,16.845681480777227,18.24441237279967,16.228159347973964
2019-05-17 07:15:00+00:00,2019-05-17 07:30:00+00:00,validation,17.146061,523.0,16.933439,10.75944,14.602505079963546,14.906408153971839,15.06582415302986,14.889085104311755,15.849071071004305,15.173524492074113
2019-05-17 07:30:00+00:00,2019-05-17 07:45:00+00:00,validation,15.28319,471.0,17.146061,9.355062,14.527957706606648,14.369470179731229,14.841192156897087,14.504128388111416,15.564930883599263,12.983366582112344
2019-05-17 07:45:00+00:00,2019-05-17 08:00:00+00:00,validation,13.91841,421.0,15.28319,11.20634,11.7838032566082,12.192345514408744,12.206581228833643,12.3088744876107,14.194390384912415,11.495122840553613
2019-05-17 08:00:00+00:00,2019-05-17 08:15:00+00:00,validation,12.25153,370.0,13.91841,10.99591,10.65051861650182,11.480307852300388,11.463174198069456,11.218183834404574,12.357774724024308,10.129453553535829
2019-05-17 08:15:00+00:00,2019-05-17 08:30:00+00:00,validation,10.70322,310.0,12.25153,10.10909,9.430757760374949,9.886938585469528,9.761823668271647,9.54011580949427,10.878187909738092,8.986220550499006
2019-05-17 08:30:00+00:00,2019-05-17 08:45:00+00:00,validation,9.442344,277.0,10.70322,6.849609,8.617266135552278,8.246097076531758,8.486095817842068,8.083065322230386,9.640520026779868,7.505946324832277
2019-05-17 08:45:00+00:00,2019-05-17 09:00:00+00:00,validation,8.018063,230.0,9.442344,6.188219,6.943009990877422,6.873119306419555,6.717118831165446,6.825825140943919,8.70591012318121,7.041681005358078
2019-05-17 09:00:00+00:00,2019-05-17 09:15:00+00:00,validation,6.6120470000000005,194.0,8.018063,5.007625,5.905434103395269,5.908431437092178,5.844346161817273,5.789246348846153,6.895755617591219,6.19635021789535
2019-05-17 09:15:00+00:00,2019-05-17 09:30:00+00:00,validation,4.997125,151.0,6.6120470000000005,4.438656,4.82108164668666,4.818351878714965,4.799930852867305,4.7411600447710365,5.864395103007383,5.816478254532887
2019-05-17 09:30:00+00:00,2019-05-17 09:45:00+00:00,validation,3.663297,117.0,4.997125,3.563273,3.7308232402612465,3.7953542001118574,3.8770659327337493,3.5854145384549536,4.623389955966041,5.0295453200614375
2019-05-17 09:45:00+00:00,2019-05-17 10:00:00+00:00,validation,2.947984,92.0,3.663297,3.179477,2.4780553012949866,2.444037885124025,2.318015921891019,2.58068008307187,3.5500683747520556,3.698857016534598
2019-05-17 10:00:00+00:00,2019-05-17 10:15:00+00:00,validation,2.177219,72.0,2.947984,2.0456950000000003,2.0861957231928923,1.9947152335167446,1.9622234282007405,1.932998113756223,2.270880088484767,2.7365778436227393
2019-05-17 10:15:00+00:00,2019-05-17 10:30:00+00:00,validation,1.533109,52.0,2.177219,1.193281,1.2730574069016227,1.3814579179934976,1.3555529035258125,1.342897821023694,1.6838745316258885,1.834205574066618
2019-05-17 10:30:00+00:00,2019-05-17 10:45:00+00:00,validation,0.985195,34.0,1.533109,0.577691,1.0629053368472925,1.1091007922432141,1.1603526125147017,1.0897670231391063,1.3328004505064124,1.2157412936853298
2019-05-17 10:45:00+00:00,2019-05-17 11:00:00+00:00,validation,0.52057,17.0,0.985195,0.195426,0.6778277378573083,0.5332199201741838,0.5369690480809651,0.525376697831762,0.8166482156458841,1.1035602022314972
2019-05-17 11:00:00+00:00,2019-05-17 11:15:00+00:00,validation,0.137207,5.0,0.52057,0.1052819999999999,0.2774597926922394,0.15056315395916858,0.11950224619529771,0.10627085830314201,0.1556264677780339,0.209983618022747
2019-05-17 11:15:00+00:00,2019-05-17 11:30:00+00:00,validation,0.0,0.0,0.137207,0.0,0.04424381557404188,0.003430413514978972,0.0,0.0,0.0,0.15449532713332115
2019-05-17 11:30:00+00:00,2019-05-17 11:45:00+00:00,validation,0.0,0.0,0.0,0.0,0.029922302266568186,0.0,0.0,0.0,0.0,0.14956129450988254
2019-05-17 11:45:00+00:00,2019-05-17 12:00:00+00:00,validation,0.0,0.0,0.0,0.0,0.029922302266568186,0.0,0.028432639452746305,0.0,0.0,0.2959407672423957
2019-05-17 12:00:00+00:00,2019-05-17 12:15:00+00:00,validation,0.0,0.0,0.0,0.0,0.029922302266568186,0.0,0.017365744612332,0.0,0.0,0.0003329684269175459
2019-05-17 12:15:00+00:00,2019-05-17 12:30:00+00:00,validation,0.0,0.0,0.0,0.0,0.02772174774140006,0.0,0.017365744612332,0.0,0.0,0.0
2019-05-17 12:30:00+00:00,2019-05-17 12:45:00+00:00,validation,0.0,0.0,0.0,0.0,0.02772174774140006,0.0,0.017365744612332,0.0,0.0,0.0
2019-05-17 12:45:00+00:00,2019-05-17 13:00:00+00:00,validation,0.0,0.0,0.0,0.0,0.02772174774140006,0.0,0.017365744612332,0.0,0.0,0.0
2019-05-17 13:00:00+00:00,2019-05-17 13:15:00+00:00,validation,0.0,0.0,0.0,0.0,0.02772174774140006,0.0,0.017365744612332,0.0,0.0,0.0
2019-05-17 13:15:00+00:00,2019-05-17 13:30:00+00:00,validation,0.0,0.0,0.0,0.0,0.02772174774140006,0.021591500061233615,0.00852079071166845,0.0,0.03914807083104144,0.0
2019-05-17 13:30:00+00:00,2019-05-17 13:45:00+00:00,validation,0.0,0.0,0.0,0.0,0.02772174774140006,0.021591500061233615,0.00852079071166845,0.0,0.0748149390189976,0.0
2019-05-17 13:45:00+00:00,2019-05-17 14:00:00+00:00,validation,0.0,0.0,0.0,0.0,0.02772174774140006,0.026784639390271342,0.00852079071166845,0.023343141849801317,0.05881205954174007,0.0
2019-05-17 14:00:00+00:00,2019-05-17 14:15:00+00:00,validation,0.0,0.0,0.0,0.0,0.02772174774140006,0.027312514591452702,0.024009495845934512,0.0,0.07440337436516309,0.0
2019-05-17 14:15:00+00:00,2019-05-17 14:30:00+00:00,validation,0.0,0.0,0.0,0.0,0.02772174774140006,0.027312514591452702,0.024009495845934512,0.0,0.0648075892736868,0.0
2019-05-17 14:30:00+00:00,2019-05-17 14:45:00+00:00,validation,0.0,0.0,0.0,0.0,0.02772174774140006,0.027312514591452702,0.024009495845934512,0.0,0.04667991152183859,0.0
2019-05-17 14:45:00+00:00,2019-05-17 15:00:00+00:00,validation,0.0,0.0,0.0,0.0,0.02772174774140006,0.020314083794327233,0.024009495845934512,0.0,0.025010759520119663,0.0
2019-05-17 15:00:00+00:00,2019-05-17 15:15:00+00:00,validation,0.0,0.0,0.0,0.0,0.02772174774140006,0.020314083794327233,0.024009495845934512,0.0,0.0,0.0
2019-05-17 15:15:00+00:00,2019-05-17 15:30:00+00:00,validation,0.0,0.0,0.0,0.0,0.02772174774140006,0.026307805306822103,0.024009495845934512,0.0,0.0,0.0
2019-05-17 15:30:00+00:00,2019-05-17 15:45:00+00:00,validation,0.0,0.0,0.0,0.0,0.02772174774140006,0.026307805306822103,0.024009495845934512,0.0,0.0,0.0
2019-05-17 15:45:00+00:00,2019-05-17 16:00:00+00:00,validation,0.0,0.0,0.0,0.0,0.02772174774140006,0.03274590906528586,0.027170067086852972,0.0,0.0,0.0
2019-05-17 16:00:00+00:00,2019-05-17 16:15:00+00:00,validation,0.0,0.0,0.0,0.0,0.02772174774140006,0.026307805306822103,0.025820639271878176,0.014087468443545111,0.0,0.0
2019-05-17 16:15:00+00:00,2019-05-17 16:30:00+00:00,validation,0.0,0.0,0.0,0.0,0.02772174774140006,0.026307805306822103,0.025820639271878176,0.014087468443545111,0.0,0.0
2019-05-17 16:30:00+00:00,2019-05-17 16:45:00+00:00,validation,0.0,0.0,0.0,0.0,0.03292082721228418,0.02937053036470833,0.025820639271878176,0.014087468443545111,0.0,0.0
2019-05-17 16:45:00+00:00,2019-05-17 17:00:00+00:00,validation,0.0,0.0,0.0,0.0,0.03292082721228418,0.03251949754893524,0.025820639271878176,0.01651610303364989,0.0,0.0
2019-05-17 17:00:00+00:00,2019-05-17 17:15:00+00:00,validation,0.0,0.0,0.0,0.0,0.03292082721228418,0.02937053036470833,0.025820639271878176,0.014087468443545111,0.0,0.0
2019-05-17 17:15:00+00:00,2019-05-17 17:30:00+00:00,validation,0.0,0.0,0.0,0.0,0.035546791945352166,0.02937053036470833,0.025820639271878176,0.014087468443545111,0.0,0.0
2019-05-17 17:30:00+00:00,2019-05-17 17:45:00+00:00,validation,0.0,0.0,0.0,0.0,0.035546791945352166,0.02937053036470833,0.025820639271878176,0.014087468443545111,0.0,0.0
2019-05-17 17:45:00+00:00,2019-05-17 18:00:00+00:00,validation,0.0,0.0,0.0,0.0,0.035546791945352166,0.03583190314522235,0.02621023983710952,0.018493776905185375,0.0,0.0
2019-05-17 18:00:00+00:00,2019-05-17 18:15:00+00:00,validation,0.0,0.0,0.0,0.0,0.035546791945352166,0.032682935960995425,0.010721534702843458,0.0408168990889536,0.0,0.0
2019-05-17 18:15:00+00:00,2019-05-17 18:30:00+00:00,validation,0.0,0.0,0.0,0.0,0.035546791945352166,0.27290120911208726,0.0,0.041686468539727024,0.0,0.0
2019-05-17 18:30:00+00:00,2019-05-17 18:45:00+00:00,validation,0.0,0.0,0.0,0.0,0.03659106976868172,0.30751900373233104,0.0,0.041686468539727024,0.0,0.0
2019-05-17 18:45:00+00:00,2019-05-17 19:00:00+00:00,validation,0.0,0.0,0.0,0.0,0.03659106976868172,0.02937053036470833,0.010331934137612107,0.0025893607770934293,0.0,0.0
2019-05-17 19:00:00+00:00,2019-05-17 19:15:00+00:00,validation,0.0,0.0,0.0,0.0,0.03659106976868172,0.02937053036470833,0.013360975695578028,0.008534689342659826,0.001451365342238553,0.0
2019-05-17 19:15:00+00:00,2019-05-17 19:30:00+00:00,validation,0.0,0.0,0.0,0.0,0.03659106976868172,0.02937053036470833,0.013360975695578028,0.008534689342659826,0.041877228523572896,0.0
2019-05-17 19:30:00+00:00,2019-05-17 19:45:00+00:00,validation,0.0,0.0,0.0,0.0,0.03659106976868172,0.02937053036470833,0.013360975695578028,0.008534689342659826,0.1005488849108529,0.0
2019-05-17 19:45:00+00:00,2019-05-17 20:00:00+00:00,validation,0.0,0.0,0.0,0.0,0.03659106976868172,0.03133179648222957,0.013360975695578028,0.008534689342659826,0.13561772106621017,0.0
2019-05-17 20:00:00+00:00,2019-05-17 20:15:00+00:00,validation,0.0,0.0,0.0,0.0,0.03659106976868172,0.02937053036470833,0.025820639271878176,0.00424593541211925,0.18050623406092114,0.0
2019-05-17 20:15:00+00:00,2019-05-17 20:30:00+00:00,validation,0.0,0.0,0.0,0.0,0.03659106976868172,0.02937053036470833,0.025820639271878176,0.00424593541211925,0.22802465038499875,0.0
2019-05-17 20:30:00+00:00,2019-05-17 20:45:00+00:00,validation,0.0,0.0,0.0,0.0,0.03659106976868172,0.02937053036470833,0.025820639271878176,0.00424593541211925,0.25864722286213926,0.0
2019-05-17 20:45:00+00:00,2019-05-17 21:00:00+00:00,validation,0.0,0.0,0.0,0.0,0.03659106976868172,0.02937053036470833,0.025820639271878176,0.00424593541211925,0.3075836515803987,0.0
2019-05-17 21:00:00+00:00,2019-05-17 21:15:00+00:00,validation,0.0,0.0,0.0,0.011951,0.03659106976868172,0.02937053036470833,0.025820639271878176,0.00424593541211925,0.3860067529437554,0.0
2019-05-17 21:15:00+00:00,2019-05-17 21:30:00+00:00,validation,0.0,0.0,0.0,0.335508,0.04717027064485906,0.02937053036470833,0.025820639271878176,0.016906564741303122,0.43961962810919,0.0
2019-05-17 21:30:00+00:00,2019-05-17 21:45:00+00:00,validation,0.0,2.0,0.0,0.776166,0.07098163928832735,0.02937053036470833,0.046902882473301835,0.03208391983910043,0.5138525183559643,0.0
2019-05-17 21:45:00+00:00,2019-05-17 22:00:00+00:00,validation,0.084926,4.0,0.0,1.295438,0.07098163928832735,0.03133179648222957,0.046902882473301835,0.03208391983910043,0.5422532596592609,0.0
2019-05-17 22:00:00+00:00,2019-05-17 22:15:00+00:00,validation,0.285188,9.0,0.084926,1.821586,0.2446459654361987,0.24139379349788812,0.2223561743506398,0.2287534896301108,0.8152213414575229,0.0
2019-05-17 22:15:00+00:00,2019-05-17 22:30:00+00:00,validation,0.480662,15.0,0.285188,2.475594,0.5900765146720777,0.47882149362759185,0.517306092519399,0.5389108501818741,1.0585590762238741,0.0
2019-05-17 22:30:00+00:00,2019-05-17 22:45:00+00:00,validation,0.719264,23.0,0.480662,3.3256019999999995,0.8670874688361083,0.7172441453049417,0.745413698906501,0.7238672359941446,1.2660129487798706,0.0
2019-05-17 22:45:00+00:00,2019-05-17 23:00:00+00:00,validation,1.042863,37.0,0.719264,4.38025,1.4224186194380675,1.1590948512346497,1.1557855427483748,1.169534099078783,1.54984492815918,0.0
2019-05-17 23:00:00+00:00,2019-05-17 23:15:00+00:00,validation,1.616016,42.0,1.042863,5.677766,1.7027337435783485,1.4033955282467665,1.36964992161505,1.394159630334821,2.208044772956492,0.18838477302253143
2019-05-17 23:15:00+00:00,2019-05-17 23:30:00+00:00,validation,1.069578,28.0,1.616016,7.163516,2.7896365807229806,2.513256597099224,2.2859942234715436,2.3242854083131372,2.664671688918049,0.5213555769748481
2019-05-17 23:30:00+00:00,2019-05-17 23:45:00+00:00,validation,1.09818,35.0,1.069578,8.742125999999999,2.152761671580726,1.4718411440740626,1.2725722976440625,1.4009059957288068,2.353699167427351,0.13193681017375258
2019-05-17 23:45:00+00:00,2019-05-18 00:00:00+00:00,validation,1.696516,47.0,1.09818,10.380999999999998,2.255853350658987,1.614817627409434,1.5290322127741214,1.6727546495963945,2.3813215703409583,0.28001353612281843
2019-05-18 00:00:00+00:00,2019-05-18 00:15:00+00:00,validation,1.6674220000000002,49.0,1.696516,11.66856,2.8563662466083883,2.453649793087206,2.4755232705926384,2.3328735122413096,3.149778680855386,1.6611961338449355
2019-05-18 00:15:00+00:00,2019-05-18 00:30:00+00:00,validation,2.086437,59.0,1.6674220000000002,13.52663,2.8563662466083883,2.453649793087206,2.4755232705926384,2.33745365495496,3.2859300857648988,1.6444009329660254
2019-05-18 00:30:00+00:00,2019-05-18 00:45:00+00:00,validation,3.092031,82.0,2.086437,14.69519,2.7884650879011184,2.647494075747292,2.6850880925961866,2.6607398126969435,3.5187984756428126,2.4068639623351133
2019-05-18 00:45:00+00:00,2019-05-18 01:00:00+00:00,validation,4.223625,112.0,3.092031,16.16519,4.507448198860819,4.089838381510101,4.265159136003748,4.249577229148796,4.311079119798668,2.399251167424765
2019-05-18 01:00:00+00:00,2019-05-18 01:15:00+00:00,validation,5.086703,139.0,4.223625,17.43656,5.2081222770412126,4.848588841712428,4.607888270534571,5.290640022369086,5.529734283701253,4.250639864656659
2019-05-18 01:15:00+00:00,2019-05-18 01:30:00+00:00,validation,3.002781,82.0,5.086703,18.643629,6.52897209148918,6.946738239039743,5.978272501335334,6.805851371777045,6.2875924686192,4.75462835038735
2019-05-18 01:30:00+00:00,2019-05-18 01:45:00+00:00,validation,2.117555,67.0,3.002781,19.76581,4.821895797426981,4.8625845013586035,4.105220064344509,4.666744056342839,4.9960823175357,3.702991278660619
2019-05-18 01:45:00+00:00,2019-05-18 02:00:00+00:00,validation,6.1981720000000005,185.0,2.117555,20.81756,3.6204558940692992,3.547462539087079,2.706922698434836,2.8962057127185847,4.204209216256121,3.1319064608808436
2019-05-18 02:00:00+00:00,2019-05-18 02:15:00+00:00,validation,5.580312999999999,166.0,6.1981720000000005,23.16431,8.29656939435389,7.946791356735275,7.223207660939926,7.535638730969597,7.431123386878095,7.066003059213392
2019-05-18 02:15:00+00:00,2019-05-18 02:30:00+00:00,validation,4.365594000000001,146.0,5.580312999999999,24.099251,6.80042442022558,6.669763752774145,6.222338749659794,6.385705611605558,7.584453509029904,6.8644809060840855
2019-05-18 02:30:00+00:00,2019-05-18 02:45:00+00:00,validation,6.899485,177.0,4.365594000000001,24.839939,5.886480225349929,6.016726592481625,5.591222050600935,5.7383678637671744,6.567503951163728,5.8744926807109685
2019-05-18 02:45:00+00:00,2019-05-18 03:00:00+00:00,validation,4.202953,130.0,6.899485,25.49925,7.652023530609321,7.918316830651764,7.293097844134138,8.205556216471326,7.928436496113271,7.251789510306517
2019-05-18 03:00:00+00:00,2019-05-18 03:15:00+00:00,validation,7.321344,205.0,4.202953,26.236440999999996,5.770529698379927,5.457581808824598,5.377340782918406,6.034683633221963,6.708587118322433,5.495335434373325
2019-05-18 03:15:00+00:00,2019-05-18 03:30:00+00:00,validation,8.319282000000001,278.0,7.321344,26.7015,7.276364940089213,7.582610584110937,7.325756532857457,7.301397613974521,8.470174090443763,7.9072534368585465
2019-05-18 03:30:00+00:00,2019-05-18 03:45:00+00:00,validation,4.186,103.0,8.319282000000001,27.104,8.44119579155283,8.70036630564261,8.478575004182657,8.564084983609732,9.307833378806754,9.402047159754627
2019-05-18 03:45:00+00:00,2019-05-18 04:00:00+00:00,validation,2.441578,100.0,4.186,27.207689,5.542090228877643,5.4369331807522565,5.092691885795971,5.641867368022627,6.8900666438186065,5.098125026673893
2019-05-18 04:00:00+00:00,2019-05-18 04:15:00+00:00,validation,2.345055,66.0,2.441578,27.27375,2.4321012162771405,3.13829309903638,3.375268881105692,2.6221446777606854,4.767299970781517,5.588913469746022
2019-05-18 04:15:00+00:00,2019-05-18 04:30:00+00:00,validation,2.460555,64.0,2.345055,27.34025,3.021558919085367,2.974054055569196,3.157649456164198,2.974479167142049,4.336630509333257,3.742371294439181
2019-05-18 04:30:00+00:00,2019-05-18 04:45:00+00:00,validation,3.8535,116.0,2.460555,27.320129,2.9524935256042424,3.1523584932617412,4.095575455022857,3.6200032413312737,4.904429151482563,3.876647871929202
2019-05-18 04:45:00+00:00,2019-05-18 05:00:00+00:00,validation,6.658313000000001,229.0,3.8535,27.258440000000004,4.371915953945303,4.842473602037412,5.1278714758448665,4.93932626532499,5.064990964097175,4.75882416128953
2019-05-18 05:00:00+00:00,2019-05-18 05:15:00+00:00,validation,7.327032000000001,258.0,6.658313000000001,26.935128999999996,7.235341324459543,7.453600330422807,7.025135313807365,6.98648607484268,7.2361959280155865,7.07853719815655
2019-05-18 05:15:00+00:00,2019-05-18 05:30:00+00:00,validation,5.842266,143.0,7.327032000000001,26.307751,7.562594501528793,7.536508762746298,7.235697202293649,7.242660663211888,8.488920568211766,8.511449059027893
2019-05-18 05:30:00+00:00,2019-05-18 05:45:00+00:00,validation,4.820485,132.0,5.842266,25.255131,6.057136299129522,6.343116969352875,5.797970496167755,5.686804951748122,7.42904032404333,7.564353441856849
2019-05-18 05:45:00+00:00,2019-05-18 06:00:00+00:00,validation,7.870844,262.0,4.820485,24.709999,5.562327028955757,5.838591461608017,4.932653380471204,5.076450332281828,6.572398615328102,5.914119770842545
2019-05-18 06:00:00+00:00,2019-05-18 06:15:00+00:00,validation,5.805734999999999,215.0,7.870844,24.02356,7.567447905205954,7.416319296137915,6.766291377821629,7.1907879199291695,8.30263995490336,8.719105899329895
2019-05-18 06:15:00+00:00,2019-05-18 06:30:00+00:00,validation,5.572875,174.0,5.805734999999999,23.11619,5.6723371604911215,6.292750766626873,5.823982124754386,5.962363998450026,7.284712548648927,7.552713727123734
2019-05-18 06:30:00+00:00,2019-05-18 06:45:00+00:00,validation,5.839094,158.0,5.572875,21.337749,5.587731027358036,5.825987935343845,5.333453073243277,5.668992217047224,6.390795085977711,6.851003350598702
2019-05-18 06:45:00+00:00,2019-05-18 07:00:00+00:00,validation,6.991907,205.0,5.839094,19.98369,5.483806380577491,5.493727145752335,5.153594987703073,5.620557542202217,6.711344200281693,6.690516167361855
2019-05-18 07:00:00+00:00,2019-05-18 07:15:00+00:00,validation,4.405078,121.0,6.991907,16.933439,6.800866360050009,6.860194465132249,6.723003111111635,6.802206191292883,7.120894148383978,6.572757177707632
2019-05-18 07:15:00+00:00,2019-05-18 07:30:00+00:00,validation,7.511438,270.0,4.405078,17.146061,5.930552831639342,5.316318750082331,4.996187968774571,5.178089014264609,5.0696937835401075,5.36087104609155
2019-05-18 07:30:00+00:00,2019-05-18 07:45:00+00:00,validation,4.9315,171.0,7.511438,15.28319,6.0683801370661286,5.563744434416571,5.731011337372005,5.731298058316792,6.8506925710559505,6.775158673799563
2019-05-18 07:45:00+00:00,2019-05-18 08:00:00+00:00,validation,4.239703,160.0,4.9315,13.91841,4.984502470891873,5.064567032872751,5.001297749669321,5.278276801191434,5.716839639391956,5.201209039155883
2019-05-18 08:00:00+00:00,2019-05-18 08:15:00+00:00,validation,6.024813,201.0,4.239703,12.25153,4.7430205723876915,5.256367211589106,4.844366586530915,5.089213041763708,4.822471660820799,5.5185699342119126
2019-05-18 08:15:00+00:00,2019-05-18 08:30:00+00:00,validation,5.81186,223.0,6.024813,10.70322,5.821143995270381,6.109418177682131,5.70074959990808,5.994847567437604,5.753003167063939,6.846821736975148
2019-05-18 08:30:00+00:00,2019-05-18 08:45:00+00:00,validation,3.521274,143.0,5.81186,9.442344,4.6824733642129175,4.469243082650336,4.592053735292564,4.447570639185177,6.067422607174242,6.054731507300442
2019-05-18 08:45:00+00:00,2019-05-18 09:00:00+00:00,validation,2.461375,70.0,3.521274,8.018063,3.0251852552309306,3.2587013504310804,3.4827933525520027,3.5684439600777504,4.1998294473704,5.200381976257439
2019-05-18 09:00:00+00:00,2019-05-18 09:15:00+00:00,validation,2.789773,90.0,2.461375,6.6120470000000005,1.9607796045545396,2.0020230232571747,2.206229066261307,2.2517014142736085,2.6242910951579477,3.5673091679857136
2019-05-18 09:15:00+00:00,2019-05-18 09:30:00+00:00,validation,2.395203,88.0,2.789773,4.997125,2.013107290399366,1.9413558941862943,1.938982096602716,1.9183165908149562,3.0784031819844424,3.901724643307537
2019-05-18 09:30:00+00:00,2019-05-18 09:45:00+00:00,validation,2.168141,73.0,2.395203,3.663297,1.452217913394273,1.4127919198639889,1.585375244063524,1.5891109775218555,3.0535620851065692,2.5495405277155907
2019-05-18 09:45:00+00:00,2019-05-18 10:00:00+00:00,validation,1.863531,64.0,2.168141,2.947984,1.3091662201191463,1.3158321584859158,1.4443008804761037,1.4514435432617554,2.162864480493333,3.152547707908672
2019-05-18 10:00:00+00:00,2019-05-18 10:15:00+00:00,validation,0.403423,19.0,1.863531,2.177219,1.2100948077487261,1.3810717343755468,1.3968015983850521,1.423050558998327,1.6198854276530463,2.1079865445751462
2019-05-18 10:15:00+00:00,2019-05-18 10:30:00+00:00,validation,0.085116,8.0,0.403423,1.533109,0.16165123798249204,0.09028886524332894,0.1181639598890889,0.11973943819320243,0.4427603677311627,1.4473783810688436
2019-05-18 10:30:00+00:00,2019-05-18 10:45:00+00:00,validation,0.039512,4.0,0.085116,0.985195,0.0044389331686817005,0.04658189042291231,0.015091647284747092,0.02540587043571687,0.1304003055933043,0.9791412210854489
2019-05-18 10:45:00+00:00,2019-05-18 11:00:00+00:00,validation,0.016596,3.0,0.039512,0.52057,0.024236655715327377,0.019695120044709986,0.030948696630009525,0.009442977677710159,0.0,0.6009728544991866
2019-05-18 11:00:00+00:00,2019-05-18 11:15:00+00:00,validation,0.0,0.0,0.016596,0.137207,0.024236655715327377,0.019695120044709986,0.030948696630009525,0.009442977677710159,0.016383211781489493,0.1820768465532998
2019-05-18 11:15:00+00:00,2019-05-18 11:30:00+00:00,validation,0.0,0.0,0.0,0.0,0.024236655715327377,0.019695120044709986,0.030948696630009525,0.009442977677710159,0.0,0.0
2019-05-18 11:30:00+00:00,2019-05-18 11:45:00+00:00,validation,0.0,0.0,0.0,0.0,0.02772174774140006,0.012710687935085166,0.030948696630009525,0.009442977677710159,0.0,0.0
2019-05-18 11:45:00+00:00,2019-05-18 12:00:00+00:00,validation,0.0,0.0,0.0,0.0,0.02772174774140006,0.014593069264108147,0.030948696630009525,0.009442977677710159,0.0,0.2926787329837488
2019-05-18 12:00:00+00:00,2019-05-18 12:15:00+00:00,validation,0.0,0.0,0.0,0.0,0.02772174774140006,0.014593069264108147,0.007981242624156752,0.009442977677710159,0.0,0.0
2019-05-18 12:15:00+00:00,2019-05-18 12:30:00+00:00,validation,0.0,0.0,0.0,0.0,0.02772174774140006,0.014593069264108147,0.007981242624156752,0.009442977677710159,0.0,0.0
2019-05-18 12:30:00+00:00,2019-05-18 12:45:00+00:00,validation,0.0,0.0,0.0,0.0,0.02772174774140006,0.014593069264108147,0.007981242624156752,0.009442977677710159,0.0,0.0
2019-05-18 12:45:00+00:00,2019-05-18 13:00:00+00:00,validation,0.0,0.0,0.0,0.0,0.02772174774140006,0.014593069264108147,0.007981242624156752,0.009442977677710159,0.0,0.0
2019-05-18 13:00:00+00:00,2019-05-18 13:15:00+00:00,validation,0.0,0.0,0.0,0.0,0.02772174774140006,0.014593069264108147,0.007981242624156752,0.009442977677710159,0.0,0.0
2019-05-18 13:15:00+00:00,2019-05-18 13:30:00+00:00,validation,0.0,0.0,0.0,0.0,0.02772174774140006,0.014593069264108147,0.007981242624156752,0.009442977677710159,0.0,0.0
2019-05-18 13:30:00+00:00,2019-05-18 13:45:00+00:00,validation,0.0,0.0,0.0,0.0,0.02772174774140006,0.014593069264108147,0.007981242624156752,0.009442977677710159,0.0,0.0
2019-05-18 13:45:00+00:00,2019-05-18 14:00:00+00:00,validation,0.0,0.0,0.0,0.0,0.02772174774140006,0.019786208593145876,0.007981242624156752,0.01243089380851929,0.0,0.0
2019-05-18 14:00:00+00:00,2019-05-18 14:15:00+00:00,validation,0.0,0.0,0.0,0.0,0.02772174774140006,0.020314083794327233,0.007981242624156752,0.01243089380851929,0.0,0.0
2019-05-18 14:15:00+00:00,2019-05-18 14:30:00+00:00,validation,0.0,0.0,0.0,0.0,0.02772174774140006,0.020314083794327233,0.007981242624156752,0.01243089380851929,0.0,0.0
2019-05-18 14:30:00+00:00,2019-05-18 14:45:00+00:00,validation,0.0,0.0,0.0,0.0,0.02772174774140006,0.020314083794327233,0.007981242624156752,0.01243089380851929,0.0,0.0
2019-05-18 14:45:00+00:00,2019-05-18 15:00:00+00:00,validation,0.0,0.0,0.0,0.0,0.02772174774140006,0.020314083794327233,0.007981242624156752,0.01243089380851929,0.0,0.0
2019-05-18 15:00:00+00:00,2019-05-18 15:15:00+00:00,validation,0.0,0.0,0.0,0.0,0.02772174774140006,0.020314083794327233,0.0027709269774569265,0.0025893607770934293,0.0,0.0
2019-05-18 15:15:00+00:00,2019-05-18 15:30:00+00:00,validation,0.0,0.0,0.0,0.0,0.02772174774140006,0.026307805306822103,0.0027709269774569265,0.0025893607770934293,0.0,0.0
2019-05-18 15:30:00+00:00,2019-05-18 15:45:00+00:00,validation,0.0,0.0,0.0,0.0,0.02772174774140006,0.026307805306822103,0.0027709269774569265,0.0025893607770934293,0.0,0.0
2019-05-18 15:45:00+00:00,2019-05-18 16:00:00+00:00,validation,0.0,0.0,0.0,0.0,0.02772174774140006,0.026307805306822103,0.0027709269774569265,0.0025893607770934293,0.0,0.0
2019-05-18 16:00:00+00:00,2019-05-18 16:15:00+00:00,validation,0.0,0.0,0.0,0.0,0.02772174774140006,0.026307805306822103,0.022252049626400563,0.008529239391977307,0.0,0.0
2019-05-18 16:15:00+00:00,2019-05-18 16:30:00+00:00,validation,0.0,0.0,0.0,0.0,0.02772174774140006,0.026307805306822103,0.022252049626400563,0.008529239391977307,0.0,0.0
2019-05-18 16:30:00+00:00,2019-05-18 16:45:00+00:00,validation,0.0,0.0,0.0,0.0,0.03292082721228418,0.03133179648222957,0.022252049626400563,0.008529239391977307,0.0,0.0
2019-05-18 16:45:00+00:00,2019-05-18 17:00:00+00:00,validation,0.0,0.0,0.0,0.0,0.03292082721228418,0.02937053036470833,0.022252049626400563,0.008529239391977307,0.0,0.0
2019-05-18 17:00:00+00:00,2019-05-18 17:15:00+00:00,validation,0.0,0.0,0.0,0.0,0.03292082721228418,0.03636896116183378,0.022252049626400563,0.008529239391977307,0.0,0.0
2019-05-18 17:15:00+00:00,2019-05-18 17:30:00+00:00,validation,0.0,0.0,0.0,0.0,0.035546791945352166,0.03384736800565084,0.02597608465756145,0.016076704901514714,0.0,0.0
2019-05-18 17:30:00+00:00,2019-05-18 17:45:00+00:00,validation,0.0,0.0,0.0,0.0,0.035546791945352166,0.2773780467530298,0.009375397014529963,0.11313173210332497,0.0,0.0
2019-05-18 17:45:00+00:00,2019-05-18 18:00:00+00:00,validation,0.0,0.0,0.0,0.0,0.035546791945352166,0.02937053036470833,0.022252049626400563,0.008529239391977307,0.0,0.0
2019-05-18 18:00:00+00:00,2019-05-18 18:15:00+00:00,validation,0.0,0.0,0.0,0.0,0.035546791945352166,0.02937053036470833,0.022252049626400563,0.008529239391977307,0.0,0.0
2019-05-18 18:15:00+00:00,2019-05-18 18:30:00+00:00,validation,0.0,0.0,0.0,0.0,0.035546791945352166,0.032682935960995425,0.022641650191631908,0.008529239391977307,0.0,0.0
2019-05-18 18:30:00+00:00,2019-05-18 18:45:00+00:00,validation,0.0,0.0,0.0,0.0,0.03659106976868172,0.02937053036470833,0.022252049626400563,0.008529239391977307,0.0,0.0
2019-05-18 18:45:00+00:00,2019-05-18 19:00:00+00:00,validation,0.0,0.0,0.0,0.0,0.03659106976868172,0.03636896116183378,0.022252049626400563,0.008529239391977307,0.0,0.0
2019-05-18 19:00:00+00:00,2019-05-18 19:15:00+00:00,validation,0.0,0.0,0.0,0.0,0.03659106976868172,0.050187129235569554,0.040346048348912096,0.02796230383523786,0.21002471063027173,0.0
2019-05-18 19:15:00+00:00,2019-05-18 19:30:00+00:00,validation,0.0,0.0,0.0,0.0,0.03659106976868172,0.03636896116183378,0.024433323715134465,0.010427186569525968,0.2373676701604115,0.0
2019-05-18 19:30:00+00:00,2019-05-18 19:45:00+00:00,validation,0.0,0.0,0.0,0.0,0.03659106976868172,0.050187129235569554,0.03800732878511618,0.02796230383523786,0.31406267186674075,0.0
2019-05-18 19:45:00+00:00,2019-05-18 20:00:00+00:00,validation,0.0,0.0,0.0,0.0,0.03659106976868172,0.03636896116183378,0.024433323715134465,0.010427186569525968,0.35559586417520705,0.0
2019-05-18 20:00:00+00:00,2019-05-18 20:15:00+00:00,validation,0.0,0.0,0.0,0.0,0.03659106976868172,0.050187129235569554,0.04159924277832556,0.0260643566576892,0.3045268981982865,0.0
2019-05-18 20:15:00+00:00,2019-05-18 20:30:00+00:00,validation,0.0,0.0,0.0,0.0,0.03659106976868172,0.050187129235569554,0.04229682769589823,0.0260643566576892,0.33773071034632807,0.0
2019-05-18 20:30:00+00:00,2019-05-18 20:45:00+00:00,validation,0.0,0.0,0.0,0.0,0.03659106976868172,0.050187129235569554,0.04159924277832556,0.0260643566576892,0.3857257619739478,0.0
2019-05-18 20:45:00+00:00,2019-05-18 21:00:00+00:00,validation,0.0,0.0,0.0,0.0,0.03659106976868172,0.03636896116183378,0.025820639271878176,0.008529239391977307,0.4419774943739032,0.0
2019-05-18 21:00:00+00:00,2019-05-18 21:15:00+00:00,validation,0.0,0.0,0.0,0.0,0.03659106976868172,0.040845798802776306,0.0,0.030384822355447445,0.6633911829496286,0.0
2019-05-18 21:15:00+00:00,2019-05-18 21:30:00+00:00,validation,0.060125,3.0,0.0,0.0,0.04717027064485906,0.02937053036470833,0.0,0.03549798617509391,0.693229736139469,0.0
2019-05-18 21:30:00+00:00,2019-05-18 21:45:00+00:00,validation,0.2611739999999999,9.0,0.060125,0.0,0.1068599833445934,0.11917114879794695,0.05035343250117929,0.07356074329347759,0.7763788624698336,0.0
2019-05-18 21:45:00+00:00,2019-05-18 22:00:00+00:00,validation,0.726332,24.0,0.2611739999999999,0.084926,0.3345833817055431,0.2681966846633193,0.1601936071379455,0.23457891558818023,0.9485552506403243,0.0
2019-05-18 22:00:00+00:00,2019-05-18 22:15:00+00:00,validation,0.920172,29.0,0.726332,0.285188,0.9021596652078716,0.8189853335685516,0.6113369416710457,0.6964603224676748,1.3365881237948631,0.0
2019-05-18 22:15:00+00:00,2019-05-18 22:30:00+00:00,validation,1.820274,54.0,0.920172,0.480662,1.1507564110811355,0.9073874978328829,0.7359989083900762,0.8184342863566786,1.5979739439818026,0.0
2019-05-18 22:30:00+00:00,2019-05-18 22:45:00+00:00,validation,3.5090230000000004,102.0,1.820274,0.719264,2.4960011994730533,2.390923451931815,2.233311860273426,2.208875863239205,2.2962226057284933,0.0
2019-05-18 22:45:00+00:00,2019-05-18 23:00:00+00:00,validation,3.940563,113.0,3.5090230000000004,1.042863,4.520735990944451,4.0473157790989776,4.466565919347707,4.512531882519076,3.6748236748645358,1.6728046333647937
2019-05-18 23:00:00+00:00,2019-05-18 23:15:00+00:00,validation,3.782078,114.0,3.940563,1.616016,4.935481596310413,4.591903063349582,5.404961560996562,5.655914298285411,4.680414084610811,3.2954066669043125
2019-05-18 23:15:00+00:00,2019-05-18 23:30:00+00:00,validation,3.985625,128.0,3.782078,1.069578,5.019671244078347,4.970471167504489,5.497216809410074,5.7911119676204486,4.719076992780955,3.768771196757274
2019-05-18 23:30:00+00:00,2019-05-18 23:45:00+00:00,validation,4.631485,133.0,3.985625,1.09818,5.000380872316893,5.264083294544185,5.6971654956306885,6.074180632424928,4.987042119738654,3.5177564905476357
2019-05-18 23:45:00+00:00,2019-05-19 00:00:00+00:00,validation,4.376969,141.0,4.631485,1.696516,6.210925771173159,6.436097793486123,7.105204999169806,7.696637038743737,5.540805736400843,5.132744446412994
2019-05-19 00:00:00+00:00,2019-05-19 00:15:00+00:00,validation,6.995407000000001,227.0,4.376969,1.6674220000000002,5.904918685756794,6.559167822309732,7.388755571341644,7.9719400507105656,6.317657213446908,6.910012669419032
2019-05-19 00:15:00+00:00,2019-05-19 00:30:00+00:00,validation,5.990797,194.0,6.995407000000001,2.086437,8.26091088948947,8.44349421974054,9.190509395063645,9.266104263029867,8.110806447255463,9.58963388231177
2019-05-19 00:30:00+00:00,2019-05-19 00:45:00+00:00,validation,14.706129999999998,416.0,5.990797,3.092031,7.6821270072879155,8.86720039696094,9.712379968570161,9.695567419766212,7.749528191646238,8.856510601426328
2019-05-19 00:45:00+00:00,2019-05-19 01:00:00+00:00,validation,13.01781,383.0,14.706129999999998,4.223625,14.632060270803727,13.924112186550701,15.170148922427865,14.687445376926501,13.887405504515948,14.660096656867168
2019-05-19 01:00:00+00:00,2019-05-19 01:15:00+00:00,validation,15.28844,443.0,13.01781,5.086703,15.248513062460777,15.173277807426969,16.857444973705494,16.812064170123477,14.806301686374843,16.869597564716795
2019-05-19 01:15:00+00:00,2019-05-19 01:30:00+00:00,validation,22.864189,644.0,15.28844,3.002781,16.34600890725109,16.0567524889074,17.880415806148246,17.460351185763695,16.372838397205776,16.37274728123192
2019-05-19 01:30:00+00:00,2019-05-19 01:45:00+00:00,validation,19.884809,646.0,22.864189,2.117555,22.574637618384156,20.951748982031273,22.21288046643727,21.810984642545712,22.164161379291656,18.97065731321374
2019-05-19 01:45:00+00:00,2019-05-19 02:00:00+00:00,validation,14.14547,448.0,19.884809,6.1981720000000005,19.61839222299443,20.534427186490728,20.482230709233413,19.977000154011904,21.472746028038458,18.917366829891314
2019-05-19 02:00:00+00:00,2019-05-19 02:15:00+00:00,validation,27.682809999999996,847.0,14.14547,5.580312999999999,17.146445907939135,17.9111445674451,18.051195546995007,17.770558517439937,17.68634435296459,17.99073406692205
2019-05-19 02:15:00+00:00,2019-05-19 02:30:00+00:00,validation,29.726379,937.0,27.682809999999996,4.365594000000001,25.144151435210297,25.546097230146575,25.134403924849657,24.284796857349143,26.498891512376765,23.869002922432998
2019-05-19 02:30:00+00:00,2019-05-19 02:45:00+00:00,validation,30.147249,950.0,29.726379,6.899485,26.212045671838723,27.327100344648414,27.698000413608604,27.6788547177396,30.64553162261229,27.91313486066236
2019-05-19 02:45:00+00:00,2019-05-19 03:00:00+00:00,validation,30.816629,978.0,30.147249,4.202953,30.147169101025046,30.05520294639275,30.022632667580417,30.058976914147514,30.979287130567165,29.793564092424234
2019-05-19 03:00:00+00:00,2019-05-19 03:15:00+00:00,validation,31.115,993.0,30.816629,7.321344,28.826949374348644,28.44828126998245,29.134705239224967,29.07200471654132,31.192134857584648,31.72902478261434
2019-05-19 03:15:00+00:00,2019-05-19 03:30:00+00:00,validation,31.742379999999997,1019.0,31.115,8.319282000000001,30.538325505500787,30.09853371141042,31.207866251569744,30.591655917274828,32.650901113828226,29.014772889960845
2019-05-19 03:30:00+00:00,2019-05-19 03:45:00+00:00,validation,31.962,1008.0,31.742379999999997,4.186,32.28724352661514,31.437393302523514,32.18984347676495,31.68551789487757,32.811471774731025,30.564113775418086
2019-05-19 03:45:00+00:00,2019-05-19 04:00:00+00:00,validation,33.648998,1049.0,31.962,2.441578,32.40212659428468,30.738570154781375,32.04814518382702,31.860873257695342,32.0272266391048,29.65818198716503
2019-05-19 04:00:00+00:00,2019-05-19 04:15:00+00:00,validation,29.779751,961.0,33.648998,2.345055,32.009948251909115,29.29138604363617,30.239665212652152,30.720649906787965,33.72997091986511,32.01859563360131
2019-05-19 04:15:00+00:00,2019-05-19 04:30:00+00:00,validation,29.190001,792.0,29.779751,2.460555,31.880172999324838,28.363334429983748,29.329731512327392,29.808718204282208,30.774513824663075,31.780081090331663
2019-05-19 04:30:00+00:00,2019-05-19 04:45:00+00:00,validation,35.11813,1139.0,29.190001,3.8535,30.41982399682569,28.107621939114857,28.160371090733147,29.37010530310316,28.265257202270433,28.900923020754256
2019-05-19 04:45:00+00:00,2019-05-19 05:00:00+00:00,validation,28.75425,862.0,35.11813,6.658313000000001,31.09178534678167,26.985936525760824,27.712788062664583,28.531140229875767,33.69942282541457,32.44308598072608
2019-05-19 05:00:00+00:00,2019-05-19 05:15:00+00:00,validation,28.671128999999997,919.0,28.75425,7.327032000000001,30.345536338667163,29.23981685338146,29.522235209604727,29.367225390491345,28.86555446403608,28.543608951463234
2019-05-19 05:15:00+00:00,2019-05-19 05:30:00+00:00,validation,31.759001,953.0,28.671128999999997,5.842266,29.615087403782653,27.307632750733433,27.943454660303424,28.382599784197378,27.245826585733973,27.830304449694545
2019-05-19 05:30:00+00:00,2019-05-19 05:45:00+00:00,validation,28.98875,775.0,31.759001,4.820485,30.105672891835326,28.61302018384985,28.758677125690294,29.38478262669486,28.817883653536647,30.57362300551047
2019-05-19 05:45:00+00:00,2019-05-19 06:00:00+00:00,validation,31.109751,837.0,28.98875,7.870844,28.552078448966938,27.234724650960974,27.796356853753466,27.367308520296834,28.238037630088222,28.117708772473378
2019-05-19 06:00:00+00:00,2019-05-19 06:15:00+00:00,validation,27.063749,716.0,31.109751,5.805734999999999,28.490799943547035,27.025260408265687,26.862687644195823,27.049441865195924,27.90931810813661,27.350584986783964
2019-05-19 06:15:00+00:00,2019-05-19 06:30:00+00:00,validation,29.19875,824.0,27.063749,5.572875,26.64952716401612,26.378255250451605,26.76783273509906,26.43033645998711,24.64916864806451,25.4373320161451
2019-05-19 06:30:00+00:00,2019-05-19 06:45:00+00:00,validation,24.838619,627.0,29.19875,5.839094,26.213804674927133,26.421526091042907,26.171943022847135,25.954260091650553,26.736983887786607,26.492041712882582
2019-05-19 06:45:00+00:00,2019-05-19 07:00:00+00:00,validation,27.590059000000004,771.0,24.838619,6.991907,23.549368885011614,22.72495350309861,22.460129533443457,22.847299960699488,22.91584011114552,22.736967424663767
2019-05-19 07:00:00+00:00,2019-05-19 07:15:00+00:00,validation,24.133381,673.0,27.590059000000004,4.405078,24.70932425389407,24.69956192706456,23.475925312404566,23.578789603710632,24.20445542975797,23.17835947253284
2019-05-19 07:15:00+00:00,2019-05-19 07:30:00+00:00,validation,22.29719,610.0,24.133381,7.511438,20.79279171877752,21.493521044265215,22.027287652154133,22.498222970398835,22.37206873146437,22.427347066360007
2019-05-19 07:30:00+00:00,2019-05-19 07:45:00+00:00,validation,21.238001,583.0,22.29719,4.9315,20.6353157541275,20.905423452506593,19.455966997854947,19.87959669418122,20.09855439477746,19.348201482745175
2019-05-19 07:45:00+00:00,2019-05-19 08:00:00+00:00,validation,19.32831,527.0,21.238001,4.239703,17.143218260896187,17.555355452936755,17.563635380966833,17.730701503187728,19.224605005713464,18.09369211342017
2019-05-19 08:00:00+00:00,2019-05-19 08:15:00+00:00,validation,17.485121,468.0,19.32831,6.024813,15.265692103501493,16.00243409983634,15.642545496969895,15.368858473482309,17.256146966475406,15.565333793524909
2019-05-19 08:15:00+00:00,2019-05-19 08:30:00+00:00,validation,15.78106,414.0,17.485121,5.81186,14.885828177379059,15.165544496933926,14.903170138791292,14.726840418443793,15.956848096683983,13.272772642884679
2019-05-19 08:30:00+00:00,2019-05-19 08:45:00+00:00,validation,13.21359,335.0,15.78106,3.521274,12.149554653401506,13.174915787127027,12.266434778023614,12.978042976365908,13.313350456709589,12.486881042791925
2019-05-19 08:45:00+00:00,2019-05-19 09:00:00+00:00,validation,11.28181,276.0,13.21359,2.461375,10.614514826048094,11.730776692033063,11.082063916537,11.573031045998567,11.736716983174912,10.056777103752868
2019-05-19 09:00:00+00:00,2019-05-19 09:15:00+00:00,validation,8.905969,215.0,11.28181,2.789773,9.21698404271643,9.008220397502269,8.486399757010528,8.752153917074134,9.67941674647327,7.615351762131964
2019-05-19 09:15:00+00:00,2019-05-19 09:30:00+00:00,validation,6.989610000000001,178.0,8.905969,2.395203,6.096960329784413,6.492934507231722,5.928619751425453,6.170676792502649,7.118641776322597,6.21201831958544
2019-05-19 09:30:00+00:00,2019-05-19 09:45:00+00:00,validation,4.843672,112.0,6.989610000000001,2.168141,5.247928344396462,5.105994260758561,4.829547033037609,5.060852353840371,6.110208742595436,4.859881185273511
2019-05-19 09:45:00+00:00,2019-05-19 10:00:00+00:00,validation,3.301102,89.0,4.843672,1.863531,3.8047059815128694,4.036564816373269,3.938171863529526,4.0038247569685295,3.809468819422162,3.9483919075030753
2019-05-19 10:00:00+00:00,2019-05-19 10:15:00+00:00,validation,2.364141,83.0,3.301102,0.403423,2.6855961870198177,2.9163572622464375,2.9353252875875517,2.943433661285294,2.2520448732289866,1.680962446988512
2019-05-19 10:15:00+00:00,2019-05-19 10:30:00+00:00,validation,1.503332,58.0,2.364141,0.085116,1.2610118952345182,1.4564735940485543,1.7902377789543646,1.6413207254353872,1.1402465433152722,1.1880398681629627
2019-05-19 10:30:00+00:00,2019-05-19 10:45:00+00:00,validation,1.080543,40.0,1.503332,0.039512,1.0629053368472925,1.1352437092841718,1.4234469080309946,1.1648440345907727,0.9996504493967624,0.7080136558195571
2019-05-19 10:45:00+00:00,2019-05-19 11:00:00+00:00,validation,0.544934,19.0,1.080543,0.016596,0.8844467870793952,0.7483282189059571,0.9612134584042812,0.8498143714859432,0.35063416452990914,0.0
2019-05-19 11:00:00+00:00,2019-05-19 11:15:00+00:00,validation,0.265836,8.0,0.544934,0.0,0.272909972009145,0.12276368577294186,0.09242339476262265,0.0016960690127288888,0.0,0.0
2019-05-19 11:15:00+00:00,2019-05-19 11:30:00+00:00,validation,0.004816,0.0,0.265836,0.0,0.05114743848206895,0.09215201160264201,0.1679669147068193,0.09909590509950103,0.0,0.0
2019-05-19 11:30:00+00:00,2019-05-19 11:45:00+00:00,validation,0.0,0.0,0.004816,0.0,0.029922302266568186,0.0,0.019186913476239843,0.0,0.0,0.0
2019-05-19 11:45:00+00:00,2019-05-19 12:00:00+00:00,validation,0.0,0.0,0.0,0.0,0.029922302266568186,0.025293533905020312,0.04180547895623233,0.030551938570756585,0.0,0.0
2019-05-19 12:00:00+00:00,2019-05-19 12:15:00+00:00,validation,0.0,0.0,0.0,0.0,0.029922302266568186,0.0,0.008951569145330004,0.021090861547334357,0.0,0.0
2019-05-19 12:15:00+00:00,2019-05-19 12:30:00+00:00,validation,0.0,0.0,0.0,0.0,0.029922302266568186,0.008103175855148765,0.008951569145330004,0.021090861547334357,0.0,0.0
2019-05-19 12:30:00+00:00,2019-05-19 12:45:00+00:00,validation,0.0,0.0,0.0,0.0,0.029922302266568186,0.041751177977339425,0.0,0.02282937613616223,0.0,0.0
2019-05-19 12:45:00+00:00,2019-05-19 13:00:00+00:00,validation,0.0,0.0,0.0,0.0,0.02772174774140006,0.0,0.008951569145330004,0.021090861547334357,0.0,0.0
2019-05-19 13:00:00+00:00,2019-05-19 13:15:00+00:00,validation,0.0,0.0,0.0,0.0,0.02772174774140006,0.022382312501337792,0.03157013462532248,0.02460661000519018,0.0,0.0
2019-05-19 13:15:00+00:00,2019-05-19 13:30:00+00:00,validation,0.0,0.0,0.0,0.0,0.02772174774140006,0.008103175855148765,0.008951569145330004,0.021090861547334357,0.0,0.0
2019-05-19 13:30:00+00:00,2019-05-19 13:45:00+00:00,validation,0.0,0.0,0.0,0.0,0.02772174774140006,0.0,0.008951569145330004,0.021090861547334357,0.0,0.0
2019-05-19 13:45:00+00:00,2019-05-19 14:00:00+00:00,validation,0.0,0.0,0.0,0.0,0.02772174774140006,0.02757545183037552,0.03157013462532248,0.02759452613599931,0.0,0.0
2019-05-19 14:00:00+00:00,2019-05-19 14:15:00+00:00,validation,0.0,0.0,0.0,0.0,0.02772174774140006,0.02479092143526976,0.02555225678836149,0.02759452613599931,0.0,0.0
2019-05-19 14:15:00+00:00,2019-05-19 14:30:00+00:00,validation,0.0,0.0,0.0,0.0,0.02772174774140006,0.013824190385367849,0.008951569145330004,0.02407877767814349,0.044384378130007285,0.0
2019-05-19 14:30:00+00:00,2019-05-19 14:45:00+00:00,validation,0.0,0.0,0.0,0.0,0.02772174774140006,0.0,0.008951569145330004,0.02407877767814349,0.0,0.0
2019-05-19 14:45:00+00:00,2019-05-19 15:00:00+00:00,validation,0.0,0.0,0.0,0.0,0.02772174774140006,0.013824190385367849,0.008951569145330004,0.02407877767814349,0.06398591248989316,0.0
2019-05-19 15:00:00+00:00,2019-05-19 15:15:00+00:00,validation,0.0,0.0,0.0,0.0,0.02772174774140006,0.0,0.011132843234063907,0.06470185182990737,0.0,0.0
2019-05-19 15:15:00+00:00,2019-05-19 15:30:00+00:00,validation,0.0,0.0,0.0,0.0,0.02772174774140006,0.034097048544051725,0.026199482739512125,0.14549706951820826,0.0,0.0
2019-05-19 15:30:00+00:00,2019-05-19 15:45:00+00:00,validation,0.0,0.0,0.0,0.0,0.02772174774140006,0.02786205929980616,0.03160054422819797,0.06503343959785446,0.0,0.0
2019-05-19 15:45:00+00:00,2019-05-19 16:00:00+00:00,validation,0.0,0.0,0.0,0.0,0.02772174774140006,0.02786205929980616,0.03160054422819797,0.06503343959785446,0.0,0.0
2019-05-19 16:00:00+00:00,2019-05-19 16:15:00+00:00,validation,0.0,0.0,0.0,0.0,0.02772174774140006,0.0,0.0,0.0,0.0,0.0
2019-05-19 16:15:00+00:00,2019-05-19 16:30:00+00:00,validation,0.0,0.0,0.0,0.0,0.02772174774140006,0.030784642947764607,0.03116248460153055,0.02759452613599931,0.0,0.0
2019-05-19 16:30:00+00:00,2019-05-19 16:45:00+00:00,validation,0.0,0.0,0.0,0.0,0.03292082721228418,0.040845798802776306,0.03116248460153055,0.02759452613599931,0.0,0.0
2019-05-19 16:45:00+00:00,2019-05-19 17:00:00+00:00,validation,0.0,0.0,0.0,0.0,0.03292082721228418,0.040845798802776306,0.03116248460153055,0.02759452613599931,0.028227144396388404,0.0
2019-05-19 17:00:00+00:00,2019-05-19 17:15:00+00:00,validation,0.0,0.0,0.0,0.0,0.03292082721228418,0.03806648478211313,0.03116248460153055,0.02759452613599931,0.08116306860719824,0.0
2019-05-19 17:15:00+00:00,2019-05-19 17:30:00+00:00,validation,0.0,0.0,0.0,0.0,0.035546791945352166,0.040845798802776306,0.03116248460153055,0.02759452613599931,0.12161685293443991,0.0
2019-05-19 17:30:00+00:00,2019-05-19 17:45:00+00:00,validation,0.0,0.0,0.0,0.0,0.035546791945352166,0.040845798802776306,0.03116248460153055,0.02759452613599931,0.18249723148090524,0.0
2019-05-19 17:45:00+00:00,2019-05-19 18:00:00+00:00,validation,0.0,0.0,0.0,0.0,0.035546791945352166,0.040845798802776306,0.03116248460153055,0.02759452613599931,0.22032953261564003,0.0
2019-05-19 18:00:00+00:00,2019-05-19 18:15:00+00:00,validation,0.0,0.0,0.0,0.0,0.035546791945352166,0.03063413496316979,0.0,0.02759452613599931,0.2888209711484553,0.0
2019-05-19 18:15:00+00:00,2019-05-19 18:30:00+00:00,validation,0.0,0.0,0.0,0.0,0.035546791945352166,0.040845798802776306,0.0,0.02759452613599931,0.3529362848373161,0.0
2019-05-19 18:30:00+00:00,2019-05-19 18:45:00+00:00,validation,0.0,0.0,0.0,0.0,0.03659106976868172,0.040845798802776306,0.0,0.02759452613599931,0.425287076684854,0.0
2019-05-19 18:45:00+00:00,2019-05-19 19:00:00+00:00,validation,0.0,0.0,0.0,0.0,0.03659106976868172,0.040845798802776306,0.0,0.02759452613599931,0.4443547016343521,0.0
2019-05-19 19:00:00+00:00,2019-05-19 19:15:00+00:00,validation,0.0,0.0,0.0,0.0,0.03659106976868172,0.03806648478211313,0.04476011172691195,0.07681317798471263,0.5300412165919468,0.0
2019-05-19 19:15:00+00:00,2019-05-19 19:30:00+00:00,validation,0.0,0.0,0.0,0.0,0.03659106976868172,0.03485325173963207,0.04476011172691195,0.07681317798471263,0.584013546664572,0.0
2019-05-19 19:30:00+00:00,2019-05-19 19:45:00+00:00,validation,0.0,0.0,0.0,0.0,0.03659106976868172,0.03763256576029525,0.04476011172691195,0.07681317798471263,0.651933575664513,0.3225613815838191
2019-05-19 19:45:00+00:00,2019-05-19 20:00:00+00:00,validation,0.0,0.0,0.0,0.0,0.03659106976868172,0.040845798802776306,0.04476011172691195,0.07681317798471263,0.725714041549919,0.0
2019-05-19 20:00:00+00:00,2019-05-19 20:15:00+00:00,validation,0.0,0.0,0.0,0.0,0.03659106976868172,0.040845798802776306,0.015974082001645896,0.005151397360362509,0.7589772286267227,0.42547430888102067
2019-05-19 20:15:00+00:00,2019-05-19 20:30:00+00:00,validation,0.0,0.0,0.0,0.0,0.03659106976868172,0.03384736800565084,0.015974082001645896,0.005151397360362509,0.7771643371440131,0.6181075925455071
2019-05-19 20:30:00+00:00,2019-05-19 20:45:00+00:00,validation,0.0,0.0,0.0,0.0,0.03659106976868172,0.03580863412317208,0.015974082001645896,0.005151397360362509,0.8188025138920363,0.9097714051704875
2019-05-19 20:45:00+00:00,2019-05-19 21:00:00+00:00,validation,0.0,0.0,0.0,0.0,0.03659106976868172,0.0,0.0,0.0,0.8790887009777943,1.2742909654244388
2019-05-19 21:00:00+00:00,2019-05-19 21:15:00+00:00,validation,0.0820429999999999,3.0,0.0,0.0,0.03659106976868172,0.040845798802776306,0.04314230142842046,0.08648642888253204,0.9285525966894568,1.0132355742955097
2019-05-19 21:15:00+00:00,2019-05-19 21:30:00+00:00,validation,0.404735,18.0,0.0820429999999999,0.060125,0.08304861470112507,0.12616957959507247,0.10752385611714226,0.08191146090306202,1.0406462394027427,1.5873957077957472
2019-05-19 21:30:00+00:00,2019-05-19 21:45:00+00:00,validation,0.767061,36.0,0.404735,0.2611739999999999,0.4467231162218022,0.3720853010217064,0.3072904657970697,0.38537349123074033,1.325093778223768,2.3090991399181027
2019-05-19 21:45:00+00:00,2019-05-19 22:00:00+00:00,validation,1.097551,53.0,0.767061,0.726332,0.764373683116266,0.6811110002662634,0.5657127813861272,0.6485888087636565,1.6911750778485652,2.973462740498629
2019-05-19 22:00:00+00:00,2019-05-19 22:15:00+00:00,validation,1.41277,66.0,1.097551,0.920172,1.6051081280512502,1.4991311086725179,1.3931838025884526,1.5761086875490038,2.314020288117784,2.736638995120966
2019-05-19 22:15:00+00:00,2019-05-19 22:30:00+00:00,validation,2.011242,114.0,1.41277,1.820274,1.7326937355161178,1.8705008122557887,1.8269683569577544,1.959683208216187,2.6319234055197205,3.5816382213003006
2019-05-19 22:30:00+00:00,2019-05-19 22:45:00+00:00,validation,3.199,154.0,2.011242,3.5090230000000004,2.6233313004578114,2.7905910435790147,2.99371479395831,3.169124413120455,3.2673374890869384,4.256813209721958
2019-05-19 22:45:00+00:00,2019-05-19 23:00:00+00:00,validation,4.942,199.0,3.199,3.940563,4.384521781907391,4.592837959878988,5.213373480402132,5.43929702406191,4.323642343002426,5.288786106596657
2019-05-19 23:00:00+00:00,2019-05-19 23:15:00+00:00,validation,6.92475,266.0,4.942,3.782078,6.136717455493776,6.087618095573253,6.7962665086286025,6.856664950844687,6.40700854402867,6.881746965916387
2019-05-19 23:15:00+00:00,2019-05-19 23:30:00+00:00,validation,9.102625,337.0,6.92475,3.985625,8.729985114495557,8.509496398107302,8.239353842351582,8.274688910883532,8.214920373294623,9.10520218122361
2019-05-19 23:30:00+00:00,2019-05-19 23:45:00+00:00,validation,11.36166,401.0,9.102625,4.631485,10.748599062178302,11.324803817749013,11.065596414509738,11.164555069404791,10.202950094388816,11.209225903173005
2019-05-19 23:45:00+00:00,2019-05-20 00:00:00+00:00,validation,13.599470000000002,462.0,11.36166,4.376969,12.806740713051848,13.248991104500245,12.790407906984264,13.087059987404425,12.361420740778861,12.630604106021806
2019-05-20 00:00:00+00:00,2019-05-20 00:15:00+00:00,validation,15.61963,520.0,13.599470000000002,6.995407000000001,15.465600891560905,15.543769653549536,15.262138441481486,15.300107240078828,15.233470575191722,15.920810914779283
2019-05-20 00:15:00+00:00,2019-05-20 00:30:00+00:00,validation,17.53194,575.0,15.61963,5.990797,16.829039700408153,16.86466369776944,16.627290857871273,16.460490480588025,17.19699299465656,18.071293261326453
2019-05-20 00:30:00+00:00,2019-05-20 00:45:00+00:00,validation,19.33181,618.0,17.53194,14.706129999999998,18.868025326813523,18.924103177331226,18.481564675722115,18.61737487678147,19.00708173515122,19.555660627337826
2019-05-20 00:45:00+00:00,2019-05-20 01:00:00+00:00,validation,20.240499,667.0,19.33181,13.01781,20.431311229773524,19.77291707612723,19.331842291535537,19.297800195879823,20.63773530122337,20.87759095341454
2019-05-20 01:00:00+00:00,2019-05-20 01:15:00+00:00,validation,20.93788,712.0,20.240499,15.28844,21.227324747446243,21.531797668257518,21.592688772049698,21.05903179084839,22.395128118552268,23.147052298229198
2019-05-20 01:15:00+00:00,2019-05-20 01:30:00+00:00,validation,23.832809,750.0,20.93788,22.864189,22.92404090694493,22.960724188923237,22.42222478261158,22.45028798168185,22.965306651381887,23.41061333799744
2019-05-20 01:30:00+00:00,2019-05-20 01:45:00+00:00,validation,25.19606,792.0,23.832809,19.884809,24.23167862427012,24.20408754729694,23.761212283577223,23.670557828597808,24.984260069376433,25.669608987547043
2019-05-20 01:45:00+00:00,2019-05-20 02:00:00+00:00,validation,24.517941,831.0,25.19606,14.14547,26.1642992355829,26.45021834775229,25.936901172818892,25.79015857721673,26.27451051472324,26.552444117277822
2019-05-20 02:00:00+00:00,2019-05-20 02:15:00+00:00,validation,25.51194,874.0,24.517941,27.682809999999996,25.360550283917494,25.600405676625265,25.175196103120783,24.619967987928852,26.473848239248802,26.804185536936203
2019-05-20 02:15:00+00:00,2019-05-20 02:30:00+00:00,validation,28.16975,903.0,25.51194,29.726379,26.571611921108733,27.148304166091787,26.3796741201472,26.28621320532731,26.923130540242973,27.387719718257387
2019-05-20 02:30:00+00:00,2019-05-20 02:45:00+00:00,validation,28.956381,936.0,28.16975,30.147249,27.680102608390335,28.071149450632213,26.730793229191875,26.638510388322,28.72753358538884,29.081977436653702
2019-05-20 02:45:00+00:00,2019-05-20 03:00:00+00:00,validation,29.687,965.0,28.956381,30.816629,28.77265489557061,28.775336243673117,27.964587058075754,27.910913259601852,29.443305234714515,30.33929360507083
2019-05-20 03:00:00+00:00,2019-05-20 03:15:00+00:00,validation,30.00638,979.0,29.687,31.115,29.67711326974009,29.752987811425992,28.988482336647877,29.28785529030154,30.1459097882883,30.70061990334704
2019-05-20 03:15:00+00:00,2019-05-20 03:30:00+00:00,validation,30.50338,997.0,30.00638,31.742379999999997,29.33275206757137,29.585484014508467,29.257967350685526,29.543270211426233,30.204483700266934,31.7850763437809
2019-05-20 03:30:00+00:00,2019-05-20 03:45:00+00:00,validation,30.886629,1010.0,30.50338,31.962,29.428418348428206,29.93146753841359,29.301052007139916,29.34508238600687,30.589252374284015,31.90861867105326
2019-05-20 03:45:00+00:00,2019-05-20 04:00:00+00:00,validation,31.04763,1019.0,30.886629,33.648998,31.012940912118918,31.06041400106746,30.63265903846948,30.32981873608356,30.622845853322268,31.75968991212754
2019-05-20 04:00:00+00:00,2019-05-20 04:15:00+00:00,validation,31.112378999999997,1017.0,31.04763,29.779751,31.163661318478443,30.998429606642144,30.972385441654655,30.82602650622367,30.7632742437292,32.92157220620424
2019-05-20 04:15:00+00:00,2019-05-20 04:30:00+00:00,validation,31.025749,1011.0,31.112378999999997,29.190001,30.57877463196673,30.36045480413489,30.19412165842944,30.43074360850569,30.608135788279988,32.060339614334076
2019-05-20 04:30:00+00:00,2019-05-20 04:45:00+00:00,validation,31.18675,996.0,31.025749,35.11813,30.257806220430837,30.508004029469664,30.163878613324137,30.16963584384388,30.224623337424532,31.765708105804187
2019-05-20 04:45:00+00:00,2019-05-20 05:00:00+00:00,validation,30.97588,979.0,31.18675,28.75425,30.35813505609812,30.21284601992022,29.97317203989902,29.95234135048731,30.154656217079285,30.902946642649404
2019-05-20 05:00:00+00:00,2019-05-20 05:15:00+00:00,validation,30.562,948.0,30.97588,28.671128999999997,29.91395319058374,30.046851941635673,30.29857800931363,29.87220189441114,30.018182105160776,31.353918334295315
2019-05-20 05:15:00+00:00,2019-05-20 05:30:00+00:00,validation,30.04138,920.0,30.562,31.759001,29.180564938832003,29.55373875284539,29.407980398947814,29.205611978901086,29.38914148293616,30.028758924041213
2019-05-20 05:30:00+00:00,2019-05-20 05:45:00+00:00,validation,29.41925,885.0,30.04138,28.98875,29.325430960920382,29.65983625205964,29.43115654165275,29.296135878995923,28.6108605650334,29.73794731367959
2019-05-20 05:45:00+00:00,2019-05-20 06:00:00+00:00,validation,28.480379,844.0,29.41925,31.109751,28.8698535451937,29.167199246168185,29.02285610168905,28.779866881695188,27.977657737893928,28.830464656429548
2019-05-20 06:00:00+00:00,2019-05-20 06:15:00+00:00,validation,27.380059999999997,805.0,28.480379,27.063749,27.370539408109007,26.815483807919502,27.048733521127634,27.199028975397226,26.79455053907015,27.578997297543943
2019-05-20 06:15:00+00:00,2019-05-20 06:30:00+00:00,validation,26.482309000000004,770.0,27.380059999999997,29.19875,27.061832439000728,26.837499919296956,26.801860144809527,26.72044341184256,25.51637944129986,25.703895097604054
2019-05-20 06:30:00+00:00,2019-05-20 06:45:00+00:00,validation,25.424879,735.0,26.482309000000004,24.838619,24.94511939935954,24.937595007171254,25.128528972755184,25.44931988202975,24.629348378485375,24.92866976872564
2019-05-20 06:45:00+00:00,2019-05-20 07:00:00+00:00,validation,24.205999,697.0,25.424879,27.590059000000004,24.53577166446084,24.185352289338915,24.598259623462358,24.841416520945323,23.650905475597995,23.45981997180914
2019-05-20 07:00:00+00:00,2019-05-20 07:15:00+00:00,validation,22.73469,656.0,24.205999,24.133381,21.543017206785997,21.363739463338945,22.079943517409923,21.84861921552438,22.045975637227937,22.882631698974016
2019-05-20 07:15:00+00:00,2019-05-20 07:30:00+00:00,validation,21.541189000000003,612.0,22.73469,22.29719,20.722802419827637,21.607930880742003,21.43278022079644,21.584522282281107,20.83435555303656,21.132344824777366
2019-05-20 07:30:00+00:00,2019-05-20 07:45:00+00:00,validation,19.84894,561.0,21.541189000000003,21.238001,19.653405994288047,19.887246612644056,20.15460596254368,20.11901150455551,19.763619839325806,19.60285494201058
2019-05-20 07:45:00+00:00,2019-05-20 08:00:00+00:00,validation,18.14094,507.0,19.84894,19.32831,16.868141486161242,17.37094373519592,17.690452053171583,17.88619815135422,18.406891738062704,18.14070484731198
2019-05-20 08:00:00+00:00,2019-05-20 08:15:00+00:00,validation,16.38525,447.0,18.14094,17.485121,14.7114061919195,14.849313377607192,15.396333734203168,15.402545847816702,16.341027900029736,15.91440667127101
2019-05-20 08:15:00+00:00,2019-05-20 08:30:00+00:00,validation,14.43706,384.0,16.38525,15.78106,12.671810533372875,13.26200156090137,13.360038159485796,13.374142076578451,14.821612660120238,14.267056442416472
2019-05-20 08:30:00+00:00,2019-05-20 08:45:00+00:00,validation,12.47291,322.0,14.43706,13.21359,11.599785183235467,12.23378160601867,12.331829706812742,12.44910812162566,13.074638220058244,12.617917452880976
2019-05-20 08:45:00+00:00,2019-05-20 09:00:00+00:00,validation,10.43153,256.0,12.47291,11.28181,9.17867264430066,9.701372711205392,9.549169338371202,9.666206050916617,11.425378100665554,10.154645303037373
2019-05-20 09:00:00+00:00,2019-05-20 09:15:00+00:00,validation,8.299375999999999,201.0,10.43153,8.905969,7.964829477499672,7.950560975770016,8.10719605536424,8.151318086141249,8.856194470941563,8.115388906780938
2019-05-20 09:15:00+00:00,2019-05-20 09:30:00+00:00,validation,6.366937999999999,158.0,8.299375999999999,6.989610000000001,5.812975478041136,6.081952479637611,6.141885549582581,6.060919535464176,7.086181249522289,7.018334357512056
2019-05-20 09:30:00+00:00,2019-05-20 09:45:00+00:00,validation,4.6284220000000005,101.0,6.366937999999999,4.843672,4.7811738425687516,4.629900441775683,4.725012102435543,4.983498041075599,5.561975395941816,3.9463187846885064
2019-05-20 09:45:00+00:00,2019-05-20 10:00:00+00:00,validation,3.103844,81.0,4.6284220000000005,3.301102,3.498700985676718,3.15149488629075,3.1272795116706953,3.070896971435146,4.047435792137516,3.604759726717291
2019-05-20 10:00:00+00:00,2019-05-20 10:15:00+00:00,validation,2.019445,69.0,3.103844,2.364141,2.388418457867681,2.2436716720691163,2.2810796663165394,2.325474917457821,2.0927198752300633,0.8586052545722564
2019-05-20 10:15:00+00:00,2019-05-20 10:30:00+00:00,validation,1.450449,54.0,2.019445,1.503332,1.2730574069016227,1.351829140775727,1.4586061752747528,1.4018522620439677,1.2218046812377015,0.4600619687735099
2019-05-20 10:30:00+00:00,2019-05-20 10:45:00+00:00,validation,1.064602,38.0,1.450449,1.080543,0.894325243669332,0.8997691258095548,0.912768330194464,0.8873429037334378,0.8334235408364874,0.0
2019-05-20 10:45:00+00:00,2019-05-20 11:00:00+00:00,validation,0.619309,18.0,1.064602,0.544934,0.6732779171742139,0.4204065515711015,0.4007104218149033,0.39716994585909254,0.6493650951707695,0.0
2019-05-20 11:00:00+00:00,2019-05-20 11:15:00+00:00,validation,0.301403,8.0,0.619309,0.265836,0.34140989762519564,0.17338008043648948,0.21049726875755206,0.20477551871300656,0.0,0.0
2019-05-20 11:15:00+00:00,2019-05-20 11:30:00+00:00,validation,0.012346,0.0,0.301403,0.004816,0.05114743848206895,0.07514918352152815,0.09428611616791263,0.08937151905645224,0.0,0.0
2019-05-20 11:30:00+00:00,2019-05-20 11:45:00+00:00,validation,0.0,0.0,0.012346,0.0,0.029922302266568186,0.023510616878633483,0.024009495845934512,0.025056107190413453,0.0,0.0
2019-05-20 11:45:00+00:00,2019-05-20 12:00:00+00:00,validation,0.0,0.0,0.0,0.0,0.029922302266568186,0.027651688649143046,0.024009495845934512,0.03260357269995086,0.0,0.0
2019-05-20 12:00:00+00:00,2019-05-20 12:15:00+00:00,validation,0.0,0.0,0.0,0.0,0.029922302266568186,0.024502721464916135,0.024009495845934512,0.01538285629259404,0.0,0.0
2019-05-20 12:15:00+00:00,2019-05-20 12:30:00+00:00,validation,0.0,0.0,0.0,0.0,0.029922302266568186,0.024502721464916135,0.024009495845934512,0.01538285629259404,0.0,0.0
2019-05-20 12:30:00+00:00,2019-05-20 12:45:00+00:00,validation,0.0,0.0,0.0,0.0,0.02772174774140006,0.024502721464916135,0.024009495845934512,0.01538285629259404,0.0,0.0
2019-05-20 12:45:00+00:00,2019-05-20 13:00:00+00:00,validation,0.0,0.0,0.0,0.0,0.02772174774140006,0.024502721464916135,0.024009495845934512,0.01538285629259404,0.0,0.0
2019-05-20 13:00:00+00:00,2019-05-20 13:15:00+00:00,validation,0.0,0.0,0.0,0.0,0.02772174774140006,0.021591500061233615,0.024009495845934512,0.01538285629259404,0.0,0.0
2019-05-20 13:15:00+00:00,2019-05-20 13:30:00+00:00,validation,0.0,0.0,0.0,0.0,0.02772174774140006,0.018812186040570444,0.024009495845934512,0.01538285629259404,0.0,0.0
2019-05-20 13:30:00+00:00,2019-05-20 13:45:00+00:00,validation,0.0,0.0,0.0,0.0,0.02772174774140006,0.021591500061233615,0.024009495845934512,0.01538285629259404,0.0,0.0
2019-05-20 13:45:00+00:00,2019-05-20 14:00:00+00:00,validation,0.0,0.0,0.0,0.0,0.02772174774140006,0.024263046234088405,0.027170067086852972,0.025918237932940576,0.0,0.0
2019-05-20 14:00:00+00:00,2019-05-20 14:15:00+00:00,validation,0.0,0.0,0.0,0.0,0.02772174774140006,0.020314083794327233,0.024009495845934512,0.01837077242340317,0.0,0.0
2019-05-20 14:15:00+00:00,2019-05-20 14:30:00+00:00,validation,0.0,0.0,0.0,0.0,0.02772174774140006,0.04113068266518846,0.04126988917822327,0.03590588968911507,0.0,0.0
2019-05-20 14:30:00+00:00,2019-05-20 14:45:00+00:00,validation,0.0,0.0,0.0,0.0,0.02772174774140006,0.02479092143526976,0.027170067086852972,0.025918237932940576,0.0,0.0
2019-05-20 14:45:00+00:00,2019-05-20 15:00:00+00:00,validation,0.0,0.0,0.0,0.0,0.02772174774140006,0.03178935223239523,0.027170067086852972,0.025918237932940576,0.0,0.0
2019-05-20 15:00:00+00:00,2019-05-20 15:15:00+00:00,validation,0.0,0.0,0.0,0.0,0.02772174774140006,0.02479092143526976,0.027170067086852972,0.025918237932940576,0.0,0.0
2019-05-20 15:15:00+00:00,2019-05-20 15:30:00+00:00,validation,0.0,0.0,0.0,0.0,0.02772174774140006,0.030784642947764607,0.027170067086852972,0.025918237932940576,0.0,0.0
2019-05-20 15:30:00+00:00,2019-05-20 15:45:00+00:00,validation,0.0,0.0,0.0,0.0,0.02772174774140006,0.030784642947764607,0.027170067086852972,0.025918237932940576,0.0,0.0
2019-05-20 15:45:00+00:00,2019-05-20 16:00:00+00:00,validation,0.0,0.0,0.0,0.0,0.02772174774140006,0.03778307374489008,0.027170067086852972,0.025918237932940576,0.0,0.0
2019-05-20 16:00:00+00:00,2019-05-20 16:15:00+00:00,validation,0.0,0.0,0.0,0.0,0.02772174774140006,0.03778307374489008,0.03116248460153055,0.025918237932940576,0.0,0.0
2019-05-20 16:15:00+00:00,2019-05-20 16:30:00+00:00,validation,0.0,0.0,0.0,0.0,0.02772174774140006,0.03778307374489008,0.03116248460153055,0.025918237932940576,0.0,0.0
2019-05-20 16:30:00+00:00,2019-05-20 16:45:00+00:00,validation,0.0,0.0,0.0,0.0,0.03292082721228418,0.040845798802776306,0.03116248460153055,0.025918237932940576,0.0,0.0
2019-05-20 16:45:00+00:00,2019-05-20 17:00:00+00:00,validation,0.0,0.0,0.0,0.0,0.03292082721228418,0.03806648478211313,0.03116248460153055,0.025918237932940576,0.0,0.0
2019-05-20 17:00:00+00:00,2019-05-20 17:15:00+00:00,validation,0.0,0.0,0.0,0.0,0.03292082721228418,0.040845798802776306,0.0,0.025918237932940576,0.0,0.0
2019-05-20 17:15:00+00:00,2019-05-20 17:30:00+00:00,validation,0.0,0.0,0.0,0.0,0.035546791945352166,0.040845798802776306,0.0,0.025918237932940576,0.0012735951426803283,0.0
2019-05-20 17:30:00+00:00,2019-05-20 17:45:00+00:00,validation,0.0,0.0,0.0,0.0,0.035546791945352166,0.040845798802776306,0.0,0.025918237932940576,0.03357141303387401,0.0
2019-05-20 17:45:00+00:00,2019-05-20 18:00:00+00:00,validation,0.0,0.0,0.0,0.0,0.035546791945352166,0.040845798802776306,0.0,0.025918237932940576,0.09536745595471086,0.0
2019-05-20 18:00:00+00:00,2019-05-20 18:15:00+00:00,validation,0.0,0.0,0.0,0.0,0.035546791945352166,0.040845798802776306,0.0,0.025918237932940576,0.1558137975404179,0.0
2019-05-20 18:15:00+00:00,2019-05-20 18:30:00+00:00,validation,0.0,0.0,0.0,0.0,0.035546791945352166,0.03806648478211313,0.0,0.025918237932940576,0.1968362333316147,0.0
2019-05-20 18:30:00+00:00,2019-05-20 18:45:00+00:00,validation,0.0,0.0,0.0,0.0,0.03659106976868172,0.040845798802776306,0.0,0.025918237932940576,0.23714809695712535,0.0
2019-05-20 18:45:00+00:00,2019-05-20 19:00:00+00:00,validation,0.0,0.0,0.0,0.0,0.03659106976868172,0.040845798802776306,0.0,0.025918237932940576,0.2617947449901825,0.0
2019-05-20 19:00:00+00:00,2019-05-20 19:15:00+00:00,validation,0.0,0.0,0.0,0.0,0.03659106976868172,0.040845798802776306,0.0,0.025918237932940576,0.3347474159135695,0.0
2019-05-20 19:15:00+00:00,2019-05-20 19:30:00+00:00,validation,0.0,0.0,0.0,0.0,0.03659106976868172,0.040845798802776306,0.0,0.025918237932940576,0.3783340807718112,0.0
2019-05-20 19:30:00+00:00,2019-05-20 19:45:00+00:00,validation,0.0,0.0,0.0,0.0,0.03659106976868172,0.040845798802776306,0.0,0.025918237932940576,0.41551342456626816,0.0
2019-05-20 19:45:00+00:00,2019-05-20 20:00:00+00:00,validation,0.0,0.0,0.0,0.0,0.03659106976868172,0.03580863412317208,0.0,0.025918237932940576,0.44058768752310584,0.0
2019-05-20 20:00:00+00:00,2019-05-20 20:15:00+00:00,validation,0.0,0.0,0.0,0.0,0.03659106976868172,0.03384736800565084,0.0,0.025918237932940576,0.5164625518165789,0.0
2019-05-20 20:15:00+00:00,2019-05-20 20:30:00+00:00,validation,0.0,0.0,0.0,0.0,0.03659106976868172,0.03806648478211313,0.0,0.025918237932940576,0.5594039800800523,0.0
2019-05-20 20:30:00+00:00,2019-05-20 20:45:00+00:00,validation,0.0,0.0,0.0,0.0,0.03659106976868172,0.03384736800565084,0.0,0.025918237932940576,0.5808953362392533,0.0
2019-05-20 20:45:00+00:00,2019-05-20 21:00:00+00:00,validation,0.0,0.0,0.0,0.0,0.03659106976868172,0.03133179648222957,0.0,0.01837077242340317,0.6390965390065722,0.0
2019-05-20 21:00:00+00:00,2019-05-20 21:15:00+00:00,validation,0.147619,5.0,0.0,0.0820429999999999,0.03659106976868172,0.040845798802776306,0.0,0.025918237932940576,0.7352780739890363,0.4192262048351312
2019-05-20 21:15:00+00:00,2019-05-20 21:30:00+00:00,validation,0.52865,25.0,0.147619,0.404735,0.2692863252493209,0.24990110342380598,0.21353600790907917,0.31627533632982546,0.9670025210304143,0.9357938602986993
2019-05-20 21:30:00+00:00,2019-05-20 21:45:00+00:00,validation,0.6620060000000001,25.0,0.52865,0.767061,0.591006366703928,0.48298637266088046,0.42430709086234847,0.5767272224540699,1.274063743134075,1.455511007848342
2019-05-20 21:45:00+00:00,2019-05-20 22:00:00+00:00,validation,1.158691,51.0,0.6620060000000001,1.097551,0.764373683116266,0.6811110002662634,0.5619154407693281,0.7143355723610504,1.44171334216355,1.66255537946956
2019-05-20 22:00:00+00:00,2019-05-20 22:15:00+00:00,validation,1.340172,60.0,1.158691,1.41277,1.6051081280512502,1.63096759357247,1.6048618687201472,1.638360389214641,2.0660339100660856,1.2923586893208148
2019-05-20 22:15:00+00:00,2019-05-20 22:30:00+00:00,validation,2.0061560000000003,115.0,1.340172,2.011242,1.7228152789261808,1.5917691514429038,1.7098479696019595,1.7086863581362088,2.2785722240905546,1.806414636189536
2019-05-20 22:30:00+00:00,2019-05-20 22:45:00+00:00,validation,2.86393,137.0,2.0061560000000003,3.199,2.6233313004578114,2.7905910435790147,2.850327408529202,2.932908443879135,3.0150754349767612,1.8744711879309648
2019-05-20 22:45:00+00:00,2019-05-20 23:00:00+00:00,validation,4.849578,198.0,2.86393,4.942,4.037069556938442,4.234032131648696,4.40463793994994,4.464594755658755,3.771082105870502,2.626258806000717
2019-05-20 23:00:00+00:00,2019-05-20 23:15:00+00:00,validation,6.755438000000001,262.0,4.849578,6.92475,6.136717455493776,6.091558299812309,6.832848778136004,6.880935615661301,6.201988289671715,4.638542019422664
2019-05-20 23:15:00+00:00,2019-05-20 23:30:00+00:00,validation,8.0535,285.0,6.755438000000001,9.102625,8.754113194787505,8.509496398107302,8.174984927351181,8.417283099890989,7.97717452120095,6.396823570550766
2019-05-20 23:30:00+00:00,2019-05-20 23:45:00+00:00,validation,11.13722,404.0,8.0535,11.36166,9.20690176354008,9.42164290333536,9.3794008542084,9.464295517816797,9.267006838740237,7.694963202553353
2019-05-20 23:45:00+00:00,2019-05-21 00:00:00+00:00,validation,12.2325,412.0,11.13722,13.599470000000002,12.686532194266867,13.11174924650466,12.838629216277933,13.243604332635265,11.947004996964086,11.081868558661895
2019-05-21 00:00:00+00:00,2019-05-21 00:15:00+00:00,validation,14.819,497.0,12.2325,15.61963,13.59276461444943,13.846446389408936,13.642504855781153,13.859521197115237,13.975871099785184,13.932265103465408
2019-05-21 00:15:00+00:00,2019-05-21 00:30:00+00:00,validation,16.749689,559.0,14.819,17.53194,15.801737042402634,15.615147923230214,15.814426717017394,15.731072250755414,16.2708040367643,15.640030473410517
2019-05-21 00:30:00+00:00,2019-05-21 00:45:00+00:00,validation,18.72588,614.0,16.749689,19.33181,18.480252236962716,18.499316473631698,18.577828073876475,18.429362951225315,18.06415149738458,17.17796695280886
2019-05-21 00:45:00+00:00,2019-05-21 01:00:00+00:00,validation,19.065809,619.0,18.72588,20.240499,19.985653169885744,19.42029626184611,19.246001403746995,19.370679996733223,19.906563942823347,19.13514946220393
2019-05-21 01:00:00+00:00,2019-05-21 01:15:00+00:00,validation,21.58231,701.0,19.065809,20.93788,20.320335399868096,20.242911511390155,20.329486295324028,19.821861323444843,21.076842611165134,21.60247560874476
2019-05-21 01:15:00+00:00,2019-05-21 01:30:00+00:00,validation,23.43644,752.0,21.58231,23.832809,22.94156444943773,22.64922439579019,22.697016777885906,22.65547435872265,22.841040775595935,23.302505304897558
2019-05-21 01:30:00+00:00,2019-05-21 01:45:00+00:00,validation,24.719191,801.0,23.43644,25.19606,24.015504685233292,24.032898070858554,24.309573938503924,23.963410767449687,24.60989782935932,24.45763490142997
2019-05-21 01:45:00+00:00,2019-05-21 02:00:00+00:00,validation,27.421631,883.0,24.719191,24.517941,25.51218932537278,25.424198124377916,25.479067757395846,25.308040327712472,25.589784371521546,25.55582102536367
2019-05-21 02:00:00+00:00,2019-05-21 02:15:00+00:00,validation,28.036309999999997,911.0,27.421631,25.51194,27.427880949214344,27.885678635808834,27.56126778401851,27.553524259506254,28.227602067819902,26.910095716708618
2019-05-21 02:15:00+00:00,2019-05-21 02:30:00+00:00,validation,27.677560999999997,840.0,28.036309999999997,28.16975,28.30665669030222,27.99261567711821,27.981521721246754,28.05312872231187,28.86708985857006,28.782091890793787
2019-05-21 02:30:00+00:00,2019-05-21 02:45:00+00:00,validation,26.494559999999996,793.0,27.677560999999997,28.956381,29.23878647311677,27.186354458539864,26.82399903808801,27.39403418956361,28.132844221734487,27.951373033898975
2019-05-21 02:45:00+00:00,2019-05-21 03:00:00+00:00,validation,27.84819,905.0,26.494559999999996,29.687,27.280680797208916,25.506882877177752,24.795547039220732,26.36793557419825,26.748443156728996,27.1076945336968
2019-05-21 03:00:00+00:00,2019-05-21 03:15:00+00:00,validation,19.41975,551.0,27.84819,30.00638,26.960094621780286,24.31326699310278,23.895598495858742,25.012405493330863,27.896783742362892,28.70899554089206
2019-05-21 03:15:00+00:00,2019-05-21 03:30:00+00:00,validation,22.274,693.0,19.41975,30.50338,22.639730931387422,20.962901348288003,20.923179444531737,21.717205129362473,21.226655673508674,24.052010857890288
2019-05-21 03:30:00+00:00,2019-05-21 03:45:00+00:00,validation,21.142191,703.0,22.274,30.886629,22.174048970580245,21.543551321184804,21.426596435607728,22.699310472075652,21.60297375909304,23.935110578745338
2019-05-21 03:45:00+00:00,2019-05-21 04:00:00+00:00,validation,31.603251,1139.0,21.142191,31.04763,20.2272125329021,20.98943032151776,20.96750197500993,22.602440409047734,21.027121221167917,23.256166367883196
2019-05-21 04:00:00+00:00,2019-05-21 04:15:00+00:00,validation,32.780998,1033.0,31.603251,31.112378999999997,25.499906103190497,22.55927687750959,21.906927104368638,24.373175055958065,29.23244908480129,29.541949134010544
2019-05-21 04:15:00+00:00,2019-05-21 04:30:00+00:00,validation,26.730379,805.0,32.780998,31.025749,29.15566363617521,27.273682473042335,26.87123482962291,27.873362434307776,30.728840950403317,30.614233514287974
2019-05-21 04:30:00+00:00,2019-05-21 04:45:00+00:00,validation,17.445311,608.0,26.730379,31.18675,29.582780199673227,26.19981502719632,26.088305457604577,26.68372843243527,25.970341374678682,26.033299655896528
2019-05-21 04:45:00+00:00,2019-05-21 05:00:00+00:00,validation,26.90975,757.0,17.445311,30.97588,19.57836083377808,19.381373550137,19.103895668293983,19.704000005705566,18.950222059388423,20.42268775485605
2019-05-21 05:00:00+00:00,2019-05-21 05:15:00+00:00,validation,25.956881,829.0,26.90975,30.562,23.9586211453596,23.519352374463974,23.192512489511326,24.32111519573895,24.45647497596861,25.381794060737008
2019-05-21 05:15:00+00:00,2019-05-21 05:30:00+00:00,validation,22.22106,611.0,25.956881,30.04138,22.91681765761627,23.103340352535124,21.83126756991846,22.277840870720453,25.453496152053013,26.165477864996248
2019-05-21 05:30:00+00:00,2019-05-21 05:45:00+00:00,validation,15.83838,442.0,22.22106,29.41925,21.56496431811582,21.425738415021254,21.43006482428751,21.488791829684835,21.48498020793239,23.01118001659507
2019-05-21 05:45:00+00:00,2019-05-21 06:00:00+00:00,validation,21.383249,582.0,15.83838,28.480379,15.389065578972021,14.608707066320775,14.943962136006434,16.39159671998808,15.418682517623477,18.51815658529668
2019-05-21 06:00:00+00:00,2019-05-21 06:15:00+00:00,validation,26.18219,813.0,21.383249,27.380059999999997,20.465838551115915,19.614245609189016,20.549074465952028,19.494019807332386,19.63789846457692,21.298850373219594
2019-05-21 06:15:00+00:00,2019-05-21 06:30:00+00:00,validation,17.978189,535.0,26.18219,26.482309000000004,21.544806552268486,20.932553890381268,21.684431788819158,21.700356473958355,24.271453270388115,23.174968290043488
2019-05-21 06:30:00+00:00,2019-05-21 06:45:00+00:00,validation,24.91519,724.0,17.978189,25.424879,17.40210053206134,18.041958533436993,18.081638396329858,18.896122508596076,18.521475737148943,18.499236227404015
2019-05-21 06:45:00+00:00,2019-05-21 07:00:00+00:00,validation,18.108561,546.0,24.91519,24.205999,21.214518117741164,21.39991139206465,22.161130238373513,21.813595218588944,22.097668865617923,21.056556480242477
2019-05-21 07:00:00+00:00,2019-05-21 07:15:00+00:00,validation,15.34225,405.0,18.108561,22.73469,16.859367888205956,16.555060675166406,17.254273855899307,17.791766442399464,18.154682928599577,18.889901450320142
2019-05-21 07:15:00+00:00,2019-05-21 07:30:00+00:00,validation,21.146998999999997,633.0,15.34225,21.541189000000003,13.059532511717657,13.067852318308573,13.825501009364586,13.940398997804554,15.279491666111864,14.881214463750219
2019-05-21 07:30:00+00:00,2019-05-21 07:45:00+00:00,validation,19.132311,559.0,21.146998999999997,19.84894,18.023545157556033,17.35573647916267,17.772335257184878,17.809854523287413,19.706084721122117,19.244759988769648
2019-05-21 07:45:00+00:00,2019-05-21 08:00:00+00:00,validation,17.60675,509.0,19.132311,18.14094,14.950702776827885,14.48112527417292,15.694891973294887,15.571141530532804,18.471793892786557,17.178995957834434
2019-05-21 08:00:00+00:00,2019-05-21 08:15:00+00:00,validation,15.94775,449.0,17.60675,16.38525,14.57279139037284,14.138029790493723,14.39225413295621,14.379902239013854,16.72253356673511,15.699013365475993
2019-05-21 08:15:00+00:00,2019-05-21 08:30:00+00:00,validation,14.10544,387.0,15.94775,14.43706,11.720663499325077,11.460103868388071,11.887282127157425,12.231617275789377,13.684255349764836,15.411807147935676
2019-05-21 08:30:00+00:00,2019-05-21 08:45:00+00:00,validation,12.13581,325.0,14.10544,12.47291,10.850336813976568,10.343566871798247,10.603882758697456,11.124787644482328,14.649117452622697,13.71248294334016
2019-05-21 08:45:00+00:00,2019-05-21 09:00:00+00:00,validation,10.02663,254.0,12.13581,10.43153,9.627631638851806,9.691258208537477,10.240041460005328,9.91959286881155,12.068213542511497,10.546465125914752
2019-05-21 09:00:00+00:00,2019-05-21 09:15:00+00:00,validation,8.110813,205.0,10.02663,8.299375999999999,7.400110573189732,7.563263329422542,7.4211081542824235,7.328174427187675,8.465536963700691,7.71324379535314
2019-05-21 09:15:00+00:00,2019-05-21 09:30:00+00:00,validation,6.217094,162.0,8.110813,6.366937999999999,5.406173046903289,5.496633305849059,5.248463748037692,5.467686409352208,7.563277144614779,7.891903215789256
2019-05-21 09:30:00+00:00,2019-05-21 09:45:00+00:00,validation,4.378391000000001,101.0,6.217094,4.6284220000000005,4.748344826437174,4.400697121534476,4.295533427854019,4.445053484251572,5.886307154941118,6.000381437216562
2019-05-21 09:45:00+00:00,2019-05-21 10:00:00+00:00,validation,2.965648,78.0,4.378391000000001,3.103844,3.2545990918910763,2.9360846276477894,2.863841653811078,2.9011389852384295,4.4255004381503875,4.1701068478796
2019-05-21 10:00:00+00:00,2019-05-21 10:15:00+00:00,validation,1.934734,69.0,2.965648,2.019445,2.1417707515809328,2.1095517734955584,2.0267613957602966,2.1214462878712212,2.149405904062421,2.445479069383408
2019-05-21 10:15:00+00:00,2019-05-21 10:30:00+00:00,validation,1.304188,52.0,1.934734,1.450449,1.2730574069016227,1.4163842663184076,1.3973147552736374,1.3480308506112388,2.004421953481743,1.080006330654788
2019-05-21 10:30:00+00:00,2019-05-21 10:45:00+00:00,validation,0.961898,36.0,1.304188,1.064602,0.8844467870793952,0.8300116219205269,0.8188580358825209,0.78594420958719,0.8674124046933303,0.24214519843936966
2019-05-21 10:45:00+00:00,2019-05-21 11:00:00+00:00,validation,0.6119939999999999,20.0,0.961898,0.619309,0.5771668834198181,0.34868778156455227,0.28271694348527043,0.3018820377461966,0.7839077989322849,0.7608421824341729
2019-05-21 11:00:00+00:00,2019-05-21 11:15:00+00:00,validation,0.3043909999999999,8.0,0.6119939999999999,0.301403,0.34140989762519564,0.1216171647854773,0.2567861519222132,0.17722583432211894,0.4272011812772636,0.0
2019-05-21 11:15:00+00:00,2019-05-21 11:30:00+00:00,validation,0.043047,0.0,0.3043909999999999,0.012346,0.05114743848206895,0.028423432550120187,0.14127258425014672,0.05535488329966544,0.0,0.0
2019-05-21 11:30:00+00:00,2019-05-21 11:45:00+00:00,validation,0.0,0.0,0.043047,0.0,0.029922302266568186,0.0,0.05011484307888681,0.0,0.0,0.0
2019-05-21 11:45:00+00:00,2019-05-21 12:00:00+00:00,validation,0.0,0.0,0.0,0.0,0.029922302266568186,0.0,0.05011484307888681,0.0,0.0,0.0
2019-05-21 12:00:00+00:00,2019-05-21 12:15:00+00:00,validation,0.0,0.0,0.0,0.0,0.029922302266568186,0.038320889538651905,0.04196747409579594,0.0,0.0,0.0
2019-05-21 12:15:00+00:00,2019-05-21 12:30:00+00:00,validation,0.0,0.0,0.0,0.0,0.029922302266568186,0.038320889538651905,0.04196747409579594,0.0,0.0,0.0
2019-05-21 12:30:00+00:00,2019-05-21 12:45:00+00:00,validation,0.0,0.0,0.0,0.0,0.02772174774140006,0.038320889538651905,0.04196747409579594,0.0,0.0,0.0
2019-05-21 12:45:00+00:00,2019-05-21 13:00:00+00:00,validation,0.0,0.0,0.0,0.0,0.02772174774140006,0.038320889538651905,0.04126988917822327,0.0,0.0,0.0
2019-05-21 13:00:00+00:00,2019-05-21 13:15:00+00:00,validation,0.0,0.0,0.0,0.0,0.02772174774140006,0.03540966813496937,0.04196747409579594,0.0,0.0,0.0
2019-05-21 13:15:00+00:00,2019-05-21 13:30:00+00:00,validation,0.0,0.0,0.0,0.0,0.02772174774140006,0.019069906905050678,0.027170067086852972,0.0,0.0,0.0
2019-05-21 13:30:00+00:00,2019-05-21 13:45:00+00:00,validation,0.0,0.0,0.0,0.0,0.02772174774140006,0.019069906905050678,0.027170067086852972,0.0,0.0,0.0
2019-05-21 13:45:00+00:00,2019-05-21 14:00:00+00:00,validation,0.0,0.0,0.0,0.0,0.02772174774140006,0.019786208593145876,0.024009495845934512,0.0,0.0,0.0
2019-05-21 14:00:00+00:00,2019-05-21 14:15:00+00:00,validation,0.0,0.0,0.0,0.0,0.02772174774140006,0.02479092143526976,0.027170067086852972,0.0,0.0,0.0
2019-05-21 14:15:00+00:00,2019-05-21 14:30:00+00:00,validation,0.0,0.0,0.0,0.0,0.02772174774140006,0.02479092143526976,0.027170067086852972,0.0,0.0,0.0
2019-05-21 14:30:00+00:00,2019-05-21 14:45:00+00:00,validation,0.0,0.0,0.0,0.0,0.02772174774140006,0.029010038211732057,0.027170067086852972,0.0,0.0,0.0
2019-05-21 14:45:00+00:00,2019-05-21 15:00:00+00:00,validation,0.0,0.0,0.0,0.0,0.02772174774140006,0.03178935223239523,0.027170067086852972,0.0,0.0,0.0
2019-05-21 15:00:00+00:00,2019-05-21 15:15:00+00:00,validation,0.0,0.0,0.0,0.0,0.02772174774140006,0.02479092143526976,0.027170067086852972,0.0,0.0,0.0
2019-05-21 15:15:00+00:00,2019-05-21 15:30:00+00:00,validation,0.0,0.0,0.0,0.0,0.02772174774140006,0.030784642947764607,0.027170067086852972,0.0,0.0,0.0
2019-05-21 15:30:00+00:00,2019-05-21 15:45:00+00:00,validation,0.0,0.0,0.0,0.0,0.02772174774140006,0.03778307374489008,0.027170067086852972,0.0,0.0,0.0
2019-05-21 15:45:00+00:00,2019-05-21 16:00:00+00:00,validation,0.0,0.0,0.0,0.0,0.02772174774140006,0.030784642947764607,0.027170067086852972,0.0,0.0,0.0
2019-05-21 16:00:00+00:00,2019-05-21 16:15:00+00:00,validation,0.0,0.0,0.0,0.0,0.02772174774140006,0.03778307374489008,0.029544674303039063,0.0,0.0,0.0
2019-05-21 16:15:00+00:00,2019-05-21 16:30:00+00:00,validation,0.0,0.0,0.0,0.0,0.02772174774140006,0.04712440417768333,0.04159924277832556,0.0,0.0,0.0
2019-05-21 16:30:00+00:00,2019-05-21 16:45:00+00:00,validation,0.0,0.0,0.0,0.0,0.03292082721228418,0.040845798802776306,0.029544674303039063,0.0,0.0,0.0
2019-05-21 16:45:00+00:00,2019-05-21 17:00:00+00:00,validation,0.0,0.0,0.0,0.0,0.03292082721228418,0.040845798802776306,0.029544674303039063,0.0,0.0,0.0
2019-05-21 17:00:00+00:00,2019-05-21 17:15:00+00:00,validation,0.0,0.0,0.0,0.0,0.03292082721228418,0.040845798802776306,0.029544674303039063,0.0,0.0,0.0
2019-05-21 17:15:00+00:00,2019-05-21 17:30:00+00:00,validation,0.0,0.0,0.0,0.0,0.035546791945352166,0.040845798802776306,0.029544674303039063,0.0,0.0,0.0
2019-05-21 17:30:00+00:00,2019-05-21 17:45:00+00:00,validation,0.0,0.0,0.0,0.0,0.035546791945352166,0.040845798802776306,0.029544674303039063,0.0,0.0,0.0
2019-05-21 17:45:00+00:00,2019-05-21 18:00:00+00:00,validation,0.0,0.0,0.0,0.0,0.035546791945352166,0.040845798802776306,0.029544674303039063,0.0,0.0,0.0
2019-05-21 18:00:00+00:00,2019-05-21 18:15:00+00:00,validation,0.0,0.0,0.0,0.0,0.035546791945352166,0.040845798802776306,0.029544674303039063,0.0,0.0,0.0
2019-05-21 18:15:00+00:00,2019-05-21 18:30:00+00:00,validation,0.0,0.0,0.0,0.0,0.035546791945352166,0.040845798802776306,0.029544674303039063,0.0,0.0,0.0
2019-05-21 18:30:00+00:00,2019-05-21 18:45:00+00:00,validation,0.0,0.0,0.0,0.0,0.03659106976868172,0.040845798802776306,0.029544674303039063,0.0,0.04468005033246758,0.0
2019-05-21 18:45:00+00:00,2019-05-21 19:00:00+00:00,validation,0.0,0.0,0.0,0.0,0.03659106976868172,0.040845798802776306,0.029544674303039063,0.0,0.08815161536918659,0.0
2019-05-21 19:00:00+00:00,2019-05-21 19:15:00+00:00,validation,0.0,0.0,0.0,0.0,0.03659106976868172,0.040845798802776306,0.029544674303039063,0.0,0.22609804937179678,0.0
2019-05-21 19:15:00+00:00,2019-05-21 19:30:00+00:00,validation,0.0,0.0,0.0,0.0,0.03659106976868172,0.02937053036470833,0.025820639271878176,0.0,0.2196705747118246,0.0
2019-05-21 19:30:00+00:00,2019-05-21 19:45:00+00:00,validation,0.0,0.0,0.0,0.0,0.03659106976868172,0.03384736800565084,0.029544674303039063,0.0,0.2697462812781275,0.0
2019-05-21 19:45:00+00:00,2019-05-21 20:00:00+00:00,validation,0.0,0.0,0.0,0.0,0.03659106976868172,0.040845798802776306,0.029544674303039063,0.0,0.3637335678160989,0.0
2019-05-21 20:00:00+00:00,2019-05-21 20:15:00+00:00,validation,0.0,0.0,0.0,0.0,0.03659106976868172,0.040845798802776306,0.03116248460153055,0.0,0.35497122857060326,0.02031539350554823
2019-05-21 20:15:00+00:00,2019-05-21 20:30:00+00:00,validation,0.0,0.0,0.0,0.0,0.03659106976868172,0.040845798802776306,0.03116248460153055,0.0,0.4678636984084523,0.0
2019-05-21 20:30:00+00:00,2019-05-21 20:45:00+00:00,validation,0.0,0.0,0.0,0.0,0.03659106976868172,0.040845798802776306,0.03116248460153055,0.0,0.512335589489866,0.0
2019-05-21 20:45:00+00:00,2019-05-21 21:00:00+00:00,validation,0.0,0.0,0.0,0.0,0.03659106976868172,0.040845798802776306,0.03116248460153055,0.0,0.5434520897222006,0.23567250068855294
2019-05-21 21:00:00+00:00,2019-05-21 21:15:00+00:00,validation,0.104727,5.0,0.0,0.147619,0.03659106976868172,0.040845798802776306,0.03116248460153055,0.0,0.6162744656473107,0.0
2019-05-21 21:15:00+00:00,2019-05-21 21:30:00+00:00,validation,0.410252,18.0,0.104727,0.52865,0.2692863252493209,0.24990110342380598,0.28586338437646025,0.24710001643379728,0.7225211545973638,0.42675574016169904
2019-05-21 21:30:00+00:00,2019-05-21 21:45:00+00:00,validation,0.694148,35.0,0.410252,0.6620060000000001,0.4467231162218022,0.36704813634210215,0.38779365814292854,0.3683052861812716,1.0016891693247372,1.3374143010065147
2019-05-21 21:45:00+00:00,2019-05-21 22:00:00+00:00,validation,0.926324,50.0,0.694148,1.158691,0.764373683116266,0.6811110002662634,0.6462159737319859,0.6315206037141878,1.3555246087259771,1.3830740406608992
2019-05-21 22:00:00+00:00,2019-05-21 22:15:00+00:00,validation,1.241871,58.0,0.926324,1.340172,1.0330492602062058,1.0132522378861093,0.9029030277619134,0.9472297077199239,1.8952907590409014,2.14841636105709
2019-05-21 22:15:00+00:00,2019-05-21 22:30:00+00:00,validation,1.733102,108.0,1.241871,2.0061560000000003,1.7228152789261808,1.5805348421397236,1.5835461792074534,1.527666442347052,2.1835478129172854,2.586246282496594
2019-05-21 22:30:00+00:00,2019-05-21 22:45:00+00:00,validation,2.944758,151.0,1.733102,2.86393,2.484973649294912,2.3295488542098846,2.309813364858525,2.2240042333018515,2.7980583000427206,3.802695873352443
2019-05-21 22:45:00+00:00,2019-05-21 23:00:00+00:00,validation,4.622735,195.0,2.944758,4.849578,4.037069556938442,4.1538120736638104,4.44236162980607,4.281421625412135,3.8428821266635467,4.5535849987010195
2019-05-21 23:00:00+00:00,2019-05-21 23:15:00+00:00,validation,6.6433279999999995,264.0,4.622735,6.755438000000001,5.890907491281726,5.836923921334028,6.365327180700682,6.384383457081112,6.072902273745443,5.667229521212599
2019-05-21 23:15:00+00:00,2019-05-21 23:30:00+00:00,validation,8.769906,334.0,6.6433279999999995,8.0535,8.754113194787505,8.513436602346356,8.276593512363029,8.349226417806822,7.959622044175993,6.550189574139708
2019-05-21 23:30:00+00:00,2019-05-21 23:45:00+00:00,validation,10.92197,397.0,8.769906,11.13722,10.693669043817659,11.062318225709467,10.820815057702598,10.77980147166157,9.936697027957521,8.986824405434296
2019-05-21 23:45:00+00:00,2019-05-22 00:00:00+00:00,validation,12.99331,456.0,10.92197,12.2325,12.540396184152716,13.07431795929443,12.856404826501223,13.051082513784975,11.976257445360279,10.612793573935102
2019-05-22 00:00:00+00:00,2019-05-22 00:15:00+00:00,validation,14.9485,514.0,12.99331,14.819,14.6759135454901,14.583737046669723,14.729170494244045,14.672182668014187,14.823516258791454,13.768493228658906
2019-05-22 00:15:00+00:00,2019-05-22 00:30:00+00:00,validation,16.769369,566.0,14.9485,16.749689,16.062724940184573,15.81417580901402,16.03771704607825,15.847218886386555,16.690745874875017,15.665547466840088
2019-05-22 00:30:00+00:00,2019-05-22 00:45:00+00:00,validation,18.443689000000003,615.0,16.769369,18.72588,18.402440721693882,18.070263393280015,18.568932197254902,18.24585243739449,18.42600570114241,17.5453009762033
2019-05-22 00:45:00+00:00,2019-05-22 01:00:00+00:00,validation,19.253059,658.0,18.443689000000003,19.065809,19.563644580549454,18.795392716951422,19.08810370675247,19.014407852379502,19.984247055935867,19.2454378578889
2019-05-22 01:00:00+00:00,2019-05-22 01:15:00+00:00,validation,21.53813,706.0,19.253059,21.58231,20.340650100591468,20.383029256146894,20.773423114298485,20.37501805223519,21.674940304834784,21.550418880734895
2019-05-22 01:15:00+00:00,2019-05-22 01:30:00+00:00,validation,22.89481,742.0,21.53813,23.43644,22.874676703069976,22.975006794634155,23.06066888659812,22.95902517935247,23.42359703520094,23.052877853928457
2019-05-22 01:30:00+00:00,2019-05-22 01:45:00+00:00,validation,24.419941,800.0,22.89481,24.719191,24.015504685233292,24.014157326580296,24.56208185959241,24.131562582876352,24.587392137269916,23.984286007663485
2019-05-22 01:45:00+00:00,2019-05-22 02:00:00+00:00,validation,25.461189,833.0,24.419941,27.421631,25.217464486316953,25.034887736491346,25.297123771425024,25.127754927052614,25.812823200909428,25.193859424068066
2019-05-22 02:00:00+00:00,2019-05-22 02:15:00+00:00,validation,26.06888,862.0,25.461189,28.036309999999997,26.454840481518183,26.52676975926697,26.635008626180056,26.448041077359818,27.17980591143035,26.253875203060097
2019-05-22 02:15:00+00:00,2019-05-22 02:30:00+00:00,validation,26.72513,892.0,26.06888,27.677560999999997,26.837095127347634,26.774250845232093,26.853378388091933,26.826675341033813,27.67797557569866,27.132244662175076
2019-05-22 02:30:00+00:00,2019-05-22 02:45:00+00:00,validation,27.367809,918.0,26.72513,26.494559999999996,27.656712390978164,27.813346532705417,27.796328720928745,27.711293784990115,28.051143601955886,27.562182488357486
2019-05-22 02:45:00+00:00,2019-05-22 03:00:00+00:00,validation,27.86219,940.0,27.367809,27.84819,27.963961606358342,28.02272293595849,27.848871197003373,27.963409466739737,28.258304804216266,27.972682989038645
2019-05-22 03:00:00+00:00,2019-05-22 03:15:00+00:00,validation,28.31106,967.0,27.86219,19.41975,28.388474679480183,28.638464810333353,28.364654251312842,28.341540839600547,28.810696358069613,27.857263499531022
2019-05-22 03:15:00+00:00,2019-05-22 03:30:00+00:00,validation,28.502689,981.0,28.31106,22.274,28.445396807737474,28.649663663251975,28.610906013118235,28.4855509657364,28.848867096444977,28.760567645045093
2019-05-22 03:30:00+00:00,2019-05-22 03:45:00+00:00,validation,28.728001000000003,977.0,28.502689,21.142191,28.77623444690836,28.753293283070114,28.825387062622063,28.531852785978817,28.803796997285268,28.516559017075757
2019-05-22 03:45:00+00:00,2019-05-22 04:00:00+00:00,validation,29.337878999999997,991.0,28.728001000000003,31.603251,29.23027118018931,29.717730285009406,29.52509998228297,29.176523132050058,28.695770058320797,29.416211646052382
2019-05-22 04:00:00+00:00,2019-05-22 04:15:00+00:00,validation,30.15863,1007.0,29.337878999999997,32.780998,29.26367448489248,29.190974891908176,29.42785230741517,28.999883866852617,29.111521755610113,29.49588489404144
2019-05-22 04:15:00+00:00,2019-05-22 04:30:00+00:00,validation,29.754378999999997,992.0,30.15863,26.730379,29.005992677700714,29.784286028695075,29.798825237210806,29.30573673143122,29.717889565380034,28.65576420528442
2019-05-22 04:30:00+00:00,2019-05-22 04:45:00+00:00,validation,29.62925,988.0,29.754378999999997,17.445311,29.585213775877914,29.503552653924007,29.880274564274686,29.21772993535219,29.23034274568795,28.13362134561966
2019-05-22 04:45:00+00:00,2019-05-22 05:00:00+00:00,validation,29.55225,968.0,29.62925,26.90975,29.284745945318207,29.30097171530707,29.763106560714505,29.17528191915991,28.988045511816843,27.787942088262774
2019-05-22 05:00:00+00:00,2019-05-22 05:15:00+00:00,validation,29.3755,938.0,29.55225,25.956881,28.647027455142947,28.9064389185551,28.95358057533832,28.166072041623348,28.569212634962774,27.62068169064313
2019-05-22 05:15:00+00:00,2019-05-22 05:30:00+00:00,validation,28.73238,912.0,29.3755,22.22106,28.262174690256483,28.263628114724728,28.40985029071467,27.684801579915582,28.223031448737373,26.832557541331944
2019-05-22 05:30:00+00:00,2019-05-22 05:45:00+00:00,validation,28.128189000000003,874.0,28.73238,15.83838,27.806928010158007,28.291455958305622,28.3061032250142,27.394158329888583,27.51049038785282,26.027598647897456
2019-05-22 05:45:00+00:00,2019-05-22 06:00:00+00:00,validation,27.23175,835.0,28.128189000000003,21.383249,27.365988032253085,28.102822344798494,27.53955417747565,26.892716394381587,26.673518418853426,25.39889499589107
2019-05-22 06:00:00+00:00,2019-05-22 06:15:00+00:00,validation,26.38913,800.0,27.23175,26.18219,26.388479404447768,26.185121325554295,26.273264426635276,25.61765611417485,25.65006373758193,23.972436883738055
2019-05-22 06:15:00+00:00,2019-05-22 06:30:00+00:00,validation,25.65588,767.0,26.38913,17.978189,24.522212762796656,24.92849248390596,25.111255827472277,24.151049892168636,24.80335475490962,23.268380977690214
2019-05-22 06:30:00+00:00,2019-05-22 06:45:00+00:00,validation,24.66013,735.0,25.65588,24.91519,23.72652119525516,24.00259521200559,24.47477158802345,23.743211702427857,23.999951278908327,21.954271656136882
2019-05-22 06:45:00+00:00,2019-05-22 07:00:00+00:00,validation,23.436001,691.0,24.66013,18.108561,21.71221802722637,22.758595858119524,22.424877291471788,21.33757793414955,23.183663994543927,21.74027557229659
2019-05-22 07:00:00+00:00,2019-05-22 07:15:00+00:00,validation,21.972561,648.0,23.436001,15.34225,21.30411169683298,21.56233797987119,20.642744323556048,20.814782245052463,21.61975095994807,19.756004374063203
2019-05-22 07:15:00+00:00,2019-05-22 07:30:00+00:00,validation,20.46056,604.0,21.972561,21.146998999999997,19.894830950901895,20.43997314967187,20.007861191728317,20.25496216811998,20.466806965293316,19.30912030184248
2019-05-22 07:30:00+00:00,2019-05-22 07:45:00+00:00,validation,18.774,549.0,20.46056,19.132311,17.62053038627774,17.719068445138866,17.60255715909632,17.757663240686593,19.18430924010704,17.85562225942953
2019-05-22 07:45:00+00:00,2019-05-22 08:00:00+00:00,validation,17.424311,505.0,18.774,17.60675,15.49586606582067,15.867422258275477,16.33892268114808,16.45109476713956,17.73407976633444,16.583879383511043
2019-05-22 08:00:00+00:00,2019-05-22 08:15:00+00:00,validation,15.59381,445.0,17.424311,15.94775,14.301290291984289,14.533094579689166,14.648060433593125,14.966381346346774,15.814647574184235,14.689026440936042
2019-05-22 08:15:00+00:00,2019-05-22 08:30:00+00:00,validation,13.919720000000002,385.0,15.59381,14.10544,12.191864767262791,12.26939190989271,12.351717079901288,12.570309232851681,14.284821045877997,13.034300972466312
2019-05-22 08:30:00+00:00,2019-05-22 08:45:00+00:00,validation,12.0225,324.0,13.919720000000002,12.13581,10.421093557421843,10.972878207993489,10.936621702985635,11.081556047525922,12.789771889879376,11.863843895812108
2019-05-22 08:45:00+00:00,2019-05-22 09:00:00+00:00,validation,10.08197,260.0,12.0225,10.02663,9.123802531734775,9.931668131387546,9.353186037233353,9.594187111468413,11.111985515100987,10.373435516853666
2019-05-22 09:00:00+00:00,2019-05-22 09:15:00+00:00,validation,8.185625,208.0,10.08197,8.110813,7.247206155584264,7.403503610199169,7.423657563904168,7.40353727831126,8.719181153106204,7.764438961529248
2019-05-22 09:15:00+00:00,2019-05-22 09:30:00+00:00,validation,6.187562000000001,162.0,8.185625,6.217094,5.404447353576353,5.664573726256962,5.963970350669214,5.676027475442951,7.107516303251314,6.332577166667551
2019-05-22 09:30:00+00:00,2019-05-22 09:45:00+00:00,validation,4.424219,100.0,6.187562000000001,4.378391000000001,4.756754977582951,4.602290031752708,5.0425909804559526,5.034224332899409,5.430413343484389,5.179181414786179
2019-05-22 09:45:00+00:00,2019-05-22 10:00:00+00:00,validation,2.9350240000000003,80.0,4.424219,2.965648,3.251518231103091,3.0902990660415277,3.6009062908246867,3.387255440980112,3.9949244648134465,2.767354556912575
2019-05-22 10:00:00+00:00,2019-05-22 10:15:00+00:00,validation,1.862383,70.0,2.9350240000000003,1.934734,2.140329104871302,2.206300679472387,1.9482232675997324,2.0693128540091044,1.8541720760038896,2.021979461232325
2019-05-22 10:15:00+00:00,2019-05-22 10:30:00+00:00,validation,1.264129,51.0,1.862383,1.304188,1.2053534695885213,1.3570869032356896,1.295593526836453,1.29352458965765,1.0638427179879475,0.37932813775567986
2019-05-22 10:30:00+00:00,2019-05-22 10:45:00+00:00,validation,0.944289,33.0,1.264129,0.961898,0.8844467870793952,0.8678773920453139,0.8149039798620329,0.7866742650621283,0.591581431603645,0.0
2019-05-22 10:45:00+00:00,2019-05-22 11:00:00+00:00,validation,0.603449,17.0,0.944289,0.6119939999999999,0.5771668834198181,0.35734103936977474,0.2955330632758063,0.27058693814089874,0.3701157922015206,0.0
2019-05-22 11:00:00+00:00,2019-05-22 11:15:00+00:00,validation,0.283227,3.0,0.603449,0.3043909999999999,0.34140989762519564,0.11227583435268401,0.10313863612972113,0.07819251099481253,0.0,0.0
2019-05-22 11:15:00+00:00,2019-05-22 11:30:00+00:00,validation,0.0,0.0,0.283227,0.043047,0.05114743848206895,0.04269356208512189,0.0,0.0,0.0,0.0
2019-05-22 11:30:00+00:00,2019-05-22 11:45:00+00:00,validation,0.0,0.0,0.0,0.0,0.029922302266568186,0.0,0.0,0.0,0.0,0.0
2019-05-22 11:45:00+00:00,2019-05-22 12:00:00+00:00,validation,0.0,0.0,0.0,0.0,0.029922302266568186,0.0,0.0,0.0,0.0,0.0
2019-05-22 12:00:00+00:00,2019-05-22 12:15:00+00:00,validation,0.0,0.0,0.0,0.0,0.029922302266568186,0.0,0.0,0.0,0.0,0.0
2019-05-22 12:15:00+00:00,2019-05-22 12:30:00+00:00,validation,0.0,0.0,0.0,0.0,0.029922302266568186,0.0,0.0,0.0,0.0,0.0
2019-05-22 12:30:00+00:00,2019-05-22 12:45:00+00:00,validation,0.0,0.0,0.0,0.0,0.02772174774140006,0.0,0.0,0.0,0.0,0.0
2019-05-22 12:45:00+00:00,2019-05-22 13:00:00+00:00,validation,0.0,0.0,0.0,0.0,0.02772174774140006,0.0,0.0,0.0,0.0,0.0
2019-05-22 13:00:00+00:00,2019-05-22 13:15:00+00:00,validation,0.0,0.0,0.0,0.0,0.02772174774140006,0.0,0.0,0.0,0.0,0.0
2019-05-22 13:15:00+00:00,2019-05-22 13:30:00+00:00,validation,0.0,0.0,0.0,0.0,0.02772174774140006,0.0,0.0,0.0,0.0,0.0
2019-05-22 13:30:00+00:00,2019-05-22 13:45:00+00:00,validation,0.0,0.0,0.0,0.0,0.02772174774140006,0.0,0.0,0.0,0.0,0.0
2019-05-22 13:45:00+00:00,2019-05-22 14:00:00+00:00,validation,0.0,0.0,0.0,0.0,0.02772174774140006,0.0,0.0,0.0,0.0,0.0
2019-05-22 14:00:00+00:00,2019-05-22 14:15:00+00:00,validation,0.0,0.0,0.0,0.0,0.02772174774140006,0.0,0.0,0.0,0.0,0.0
2019-05-22 14:15:00+00:00,2019-05-22 14:30:00+00:00,validation,0.0,0.0,0.0,0.0,0.02772174774140006,0.0,0.0,0.0,0.0,0.0
2019-05-22 14:30:00+00:00,2019-05-22 14:45:00+00:00,validation,0.0,0.0,0.0,0.0,0.02772174774140006,0.0,0.027559667652084324,0.0,0.0,0.0
2019-05-22 14:45:00+00:00,2019-05-22 15:00:00+00:00,validation,0.0,0.0,0.0,0.0,0.02772174774140006,0.0,0.03601502098751657,0.0,0.0,0.0
2019-05-22 15:00:00+00:00,2019-05-22 15:15:00+00:00,validation,0.0,0.0,0.0,0.0,0.02772174774140006,0.0,0.0,0.0,0.0,0.0
2019-05-22 15:15:00+00:00,2019-05-22 15:30:00+00:00,validation,0.0,0.0,0.0,0.0,0.02772174774140006,0.0,0.0,0.0,0.0,0.0
2019-05-22 15:30:00+00:00,2019-05-22 15:45:00+00:00,validation,0.0,0.0,0.0,0.0,0.02772174774140006,0.0,0.0,0.0,0.0,0.0
2019-05-22 15:45:00+00:00,2019-05-22 16:00:00+00:00,validation,0.0,0.0,0.0,0.0,0.02772174774140006,0.0,0.0,0.0,0.0,0.0
2019-05-22 16:00:00+00:00,2019-05-22 16:15:00+00:00,validation,0.0,0.0,0.0,0.0,0.02772174774140006,0.0,0.0,0.0,0.0,0.0
2019-05-22 16:15:00+00:00,2019-05-22 16:30:00+00:00,validation,0.0,0.0,0.0,0.0,0.02772174774140006,0.0,0.0,0.0,0.0,0.0
2019-05-22 16:30:00+00:00,2019-05-22 16:45:00+00:00,validation,0.0,0.0,0.0,0.0,0.03292082721228418,0.0,0.0,0.0,0.0,0.0
2019-05-22 16:45:00+00:00,2019-05-22 17:00:00+00:00,validation,0.0,0.0,0.0,0.0,0.03292082721228418,0.0,0.0,0.0,0.0,0.0
2019-05-22 17:00:00+00:00,2019-05-22 17:15:00+00:00,validation,0.0,0.0,0.0,0.0,0.03292082721228418,0.0,0.0,0.0,0.0,0.0
2019-05-22 17:15:00+00:00,2019-05-22 17:30:00+00:00,validation,0.0,0.0,0.0,0.0,0.035546791945352166,0.0,0.0,0.0,0.0,0.0
2019-05-22 17:30:00+00:00,2019-05-22 17:45:00+00:00,validation,0.0,0.0,0.0,0.0,0.035546791945352166,0.0,0.0,0.0,0.0,0.0
2019-05-22 17:45:00+00:00,2019-05-22 18:00:00+00:00,validation,0.0,0.0,0.0,0.0,0.035546791945352166,0.0,0.0,0.0,0.0,0.0
2019-05-22 18:00:00+00:00,2019-05-22 18:15:00+00:00,validation,0.0,0.0,0.0,0.0,0.035546791945352166,0.0,0.0,0.0,0.007643788181499467,0.0
2019-05-22 18:15:00+00:00,2019-05-22 18:30:00+00:00,validation,0.0,0.0,0.0,0.0,0.035546791945352166,0.050187129235569554,0.0,0.0,0.08646780345795335,0.0
2019-05-22 18:30:00+00:00,2019-05-22 18:45:00+00:00,validation,0.0,0.0,0.0,0.0,0.03659106976868172,0.050187129235569554,0.0,0.0,0.11574950766807213,0.0
2019-05-22 18:45:00+00:00,2019-05-22 19:00:00+00:00,validation,0.0,0.0,0.0,0.0,0.03659106976868172,0.0,0.0,0.0,0.11619321901243396,0.0
2019-05-22 19:00:00+00:00,2019-05-22 19:15:00+00:00,validation,0.0,0.0,0.0,0.0,0.03659106976868172,0.0,0.0,0.0,0.20859903399605173,0.0
2019-05-22 19:15:00+00:00,2019-05-22 19:30:00+00:00,validation,0.0,0.0,0.0,0.0,0.03659106976868172,0.040845798802776306,0.0,0.0,0.24993262757168022,0.0
2019-05-22 19:30:00+00:00,2019-05-22 19:45:00+00:00,validation,0.0,0.0,0.0,0.0,0.03659106976868172,0.040845798802776306,0.0,0.0,0.3007716581994222,0.0
2019-05-22 19:45:00+00:00,2019-05-22 20:00:00+00:00,validation,0.0,0.0,0.0,0.0,0.03659106976868172,0.050187129235569554,0.0,0.0,0.34582526403240355,0.0
2019-05-22 20:00:00+00:00,2019-05-22 20:15:00+00:00,validation,0.0,0.0,0.0,0.0,0.03659106976868172,0.03384736800565084,0.0,0.0,0.42540188129065104,0.0
2019-05-22 20:15:00+00:00,2019-05-22 20:30:00+00:00,validation,0.0,0.0,0.0,0.0,0.03659106976868172,0.040845798802776306,0.0,0.0,0.5063485964704517,0.0
2019-05-22 20:30:00+00:00,2019-05-22 20:45:00+00:00,validation,0.0,0.0,0.0,0.0,0.03659106976868172,0.02937053036470833,0.0,0.0,0.6259115238029329,0.0
2019-05-22 20:45:00+00:00,2019-05-22 21:00:00+00:00,validation,0.0,0.0,0.0,0.0,0.03659106976868172,0.040845798802776306,0.0,0.0,0.6433989715437427,0.0
2019-05-22 21:00:00+00:00,2019-05-22 21:15:00+00:00,validation,0.1413839999999999,3.0,0.0,0.104727,0.03659106976868172,0.03384736800565084,0.029544674303039063,0.0,0.7384826678418941,0.0
2019-05-22 21:15:00+00:00,2019-05-22 21:30:00+00:00,validation,0.446845,18.0,0.1413839999999999,0.410252,0.2692863252493209,0.2429026726266805,0.2714367867074289,0.23683330556550156,0.8823181263830362,0.0
2019-05-22 21:30:00+00:00,2019-05-22 21:45:00+00:00,validation,0.7719,34.0,0.446845,0.694148,0.4467231162218022,0.3650868702245809,0.37336706047389717,0.36723835640613517,1.1883107088416747,0.0
2019-05-22 21:45:00+00:00,2019-05-22 22:00:00+00:00,validation,1.050438,50.0,0.7719,0.926324,0.764373683116266,0.6741125694691379,0.6317893760629545,0.6304536739390513,1.5389235860047021,0.4575008505349958
2019-05-22 22:00:00+00:00,2019-05-22 22:15:00+00:00,validation,1.36243,63.0,1.050438,1.241871,1.1291602939606025,1.1935652597192807,1.2004483496759422,1.193479657835842,2.0966253939452795,0.6362257283245887
2019-05-22 22:15:00+00:00,2019-05-22 22:30:00+00:00,validation,1.942883,110.0,1.36243,1.733102,1.7228152789261808,1.8705008122557887,1.9536275219809212,1.7698005071637763,2.4365654979140956,1.2450540118208107
2019-05-22 22:30:00+00:00,2019-05-22 22:45:00+00:00,validation,3.056922,150.0,1.942883,2.944758,2.6233313004578114,2.601971528271841,2.694794624314386,2.528977846606247,3.0481086575031213,1.9171424410915687
2019-05-22 22:45:00+00:00,2019-05-22 23:00:00+00:00,validation,4.592547,192.0,3.056922,4.622735,4.037069556938442,4.270660354520748,4.439310577291367,4.322802909511274,4.0625611446289,2.0271591593292433
2019-05-22 23:00:00+00:00,2019-05-22 23:15:00+00:00,validation,6.451704,257.0,4.592547,6.6433279999999995,5.890907491281726,5.738889473859618,6.039721253206517,5.919574218069664,6.147038415550776,3.797894350603477
2019-05-22 23:15:00+00:00,2019-05-22 23:30:00+00:00,validation,8.506532,326.0,6.451704,8.769906,8.572833942922147,8.311231709436328,8.24771097115896,8.168057594896828,7.818909692700423,5.367874503909892
2019-05-22 23:30:00+00:00,2019-05-22 23:45:00+00:00,validation,10.60763,391.0,8.506532,10.92197,10.274370441789909,10.093368594116514,10.45136031889763,10.19803866687497,9.749537688470978,6.714288152947779
2019-05-22 23:45:00+00:00,2019-05-23 00:00:00+00:00,validation,12.60897,449.0,10.60763,12.99331,12.540396184152716,12.655886014223654,12.849329090070553,12.810983587897304,11.711385806602188,9.069967578256517
2019-05-23 00:00:00+00:00,2019-05-23 00:15:00+00:00,validation,14.52281,508.0,12.60897,14.9485,13.59276461444943,13.360418421034323,13.709200450257427,13.531752305381156,14.463376654171586,12.039906820281812
2019-05-23 00:15:00+00:00,2019-05-23 00:30:00+00:00,validation,16.225559,558.0,14.52281,16.769369,15.832332198428178,15.377784574755552,15.714105630865562,15.413624582402164,16.328145847692312,14.029311408305253
2019-05-23 00:30:00+00:00,2019-05-23 00:45:00+00:00,validation,17.796631,598.0,16.225559,18.443689000000003,17.076385113685372,16.90302692958114,17.25972094620314,16.772489508407226,17.946378048053433,15.40910569421261
2019-05-23 00:45:00+00:00,2019-05-23 01:00:00+00:00,validation,19.334881,642.0,17.796631,19.253059,19.646014871007203,18.72375400222917,18.904883185237278,18.717642810986664,19.382167316509403,16.878886273791647
2019-05-23 01:00:00+00:00,2019-05-23 01:15:00+00:00,validation,20.65394,686.0,19.334881,21.53813,20.340650100591468,20.45123398086992,20.741892980191942,19.953908074512864,21.5462817467308,19.761614453390425
2019-05-23 01:15:00+00:00,2019-05-23 01:30:00+00:00,validation,21.92663,727.0,20.65394,22.89481,22.444933411835617,22.218471067775948,22.83373344332332,22.42658089407502,22.70584824459692,21.15842445587907
2019-05-23 01:30:00+00:00,2019-05-23 01:45:00+00:00,validation,23.11969,763.0,21.92663,24.419941,23.059898607483426,22.95265988187068,23.28963955144647,22.933380804619702,23.73529864666589,22.25009288706152
2019-05-23 01:45:00+00:00,2019-05-23 02:00:00+00:00,validation,24.28125,806.0,23.11969,25.461189,24.131269277303545,24.23293783395594,24.470518019562686,24.352457847633598,24.625639411060305,23.121978651772892
2019-05-23 02:00:00+00:00,2019-05-23 02:15:00+00:00,validation,25.262131,842.0,24.28125,26.06888,24.89548207691196,24.96351178448769,25.236203175413966,25.02878587554319,26.11521679795562,24.636164573537698
2019-05-23 02:15:00+00:00,2019-05-23 02:30:00+00:00,validation,26.042629,878.0,25.262131,26.72513,26.408424206719744,26.41791620942742,26.428736502937767,26.304204589261992,26.80629491798181,25.239299889237806
2019-05-23 02:30:00+00:00,2019-05-23 02:45:00+00:00,validation,26.737809999999996,908.0,26.042629,27.367809,26.510117858524325,26.850122836389218,26.998682852203842,26.734522598483856,27.330065820103187,25.421357723488256
2019-05-23 02:45:00+00:00,2019-05-23 03:00:00+00:00,validation,27.334999,943.0,26.737809999999996,27.86219,27.27406529666584,27.787396891324654,27.868600356859,27.52203052589791,27.68494905306467,25.80725719196137
2019-05-23 03:00:00+00:00,2019-05-23 03:15:00+00:00,validation,27.754129,954.0,27.334999,28.31106,27.78688536075572,28.020924095688297,28.05913235031162,27.769256773008262,28.3801330519289,26.473869841509234
2019-05-23 03:15:00+00:00,2019-05-23 03:30:00+00:00,validation,28.140881,980.0,27.754129,28.502689,28.29282761994449,28.483588450006806,28.50346893853364,28.208868596039444,28.480016492380372,26.607387156268075
2019-05-23 03:30:00+00:00,2019-05-23 03:45:00+00:00,validation,28.481251,998.0,28.140881,28.728001000000003,28.257471439311978,28.481097322244715,28.497800443942747,28.17015846339582,28.62190339757835,26.59761757558615
2019-05-23 03:45:00+00:00,2019-05-23 04:00:00+00:00,validation,28.642690999999996,997.0,28.481251,29.337878999999997,28.94286730275238,28.98875915451271,28.876210943596536,28.367704457356893,28.713885405717456,27.601372835597033
2019-05-23 04:00:00+00:00,2019-05-23 04:15:00+00:00,validation,28.75425,1002.0,28.642690999999996,30.15863,28.479991086081906,29.033820886028067,29.142959137496682,28.578387631110296,28.76803942302562,26.81116762529149
2019-05-23 04:15:00+00:00,2019-05-23 04:30:00+00:00,validation,28.657129,991.0,28.75425,29.754378999999997,28.550128103752815,28.836258379712792,28.936278635722026,28.543397407713957,28.677725730262004,27.42392291800772
2019-05-23 04:30:00+00:00,2019-05-23 04:45:00+00:00,validation,28.46813,970.0,28.657129,29.62925,28.258098260178322,28.51973301345801,28.7738714932479,28.43494570237591,28.376091490498943,27.165216272533463
2019-05-23 04:45:00+00:00,2019-05-23 05:00:00+00:00,validation,28.374059999999997,953.0,28.46813,29.55225,28.734101338096156,28.691382237898495,29.09546327864731,28.57490557821081,28.02037263604776,26.494471109573006
2019-05-23 05:00:00+00:00,2019-05-23 05:15:00+00:00,validation,27.67013,908.0,28.374059999999997,29.3755,27.95943716369808,28.174226661997125,28.408692328683983,27.98812537030089,27.657575811047046,25.82161257059331
2019-05-23 05:15:00+00:00,2019-05-23 05:30:00+00:00,validation,27.209,878.0,27.67013,28.73238,27.89878409674457,27.929307850861807,28.146674707166632,27.82431457618994,26.818450769708008,25.104542964231143
2019-05-23 05:30:00+00:00,2019-05-23 05:45:00+00:00,validation,26.895309,853.0,27.209,28.128189000000003,26.570810960843232,27.057183250476662,27.137850569584526,26.97312845669028,26.197994081223733,24.260686890668154
2019-05-23 05:45:00+00:00,2019-05-23 06:00:00+00:00,validation,25.851879,803.0,26.895309,27.23175,26.16519809601641,26.472361522916152,26.308711801992214,25.69951368997115,25.682244107946424,23.67917448016275
2019-05-23 06:00:00+00:00,2019-05-23 06:15:00+00:00,validation,24.274691,753.0,25.851879,26.38913,25.039973990299153,25.110128605007663,25.23985146173857,24.433413891072878,24.528868610180105,22.178639158570064
2019-05-23 06:15:00+00:00,2019-05-23 06:30:00+00:00,validation,23.16081,674.0,24.274691,25.65588,22.36465800226734,22.815620633305038,23.59067548925506,22.251875975431158,23.053400926560883,21.064792359949006
2019-05-23 06:30:00+00:00,2019-05-23 06:45:00+00:00,validation,20.9965,615.0,23.16081,24.66013,20.837142301897146,20.95087478456087,22.15068551425284,20.676935799262115,21.768415838362145,19.802104938218605
2019-05-23 06:45:00+00:00,2019-05-23 07:00:00+00:00,validation,21.67244,642.0,20.9965,23.436001,18.629346738749337,18.72880679108973,20.39887817912285,19.088124081898364,20.04467530841248,17.929931637927762
2019-05-23 07:00:00+00:00,2019-05-23 07:15:00+00:00,validation,20.272869,618.0,21.67244,21.972561,18.30285673846046,18.698016302921513,19.78317825069569,18.57514052130651,19.813547546171826,17.57528985240654
2019-05-23 07:15:00+00:00,2019-05-23 07:30:00+00:00,validation,18.67556,563.0,20.272869,20.46056,17.69718057473153,17.937723820577403,18.48263995008512,18.153462122943438,18.946614589328597,16.432454074243353
2019-05-23 07:30:00+00:00,2019-05-23 07:45:00+00:00,validation,18.333,546.0,18.67556,18.774,16.012817025639873,15.911029923080775,16.44075045988192,16.213281428550907,17.592454407482542,15.14064862681355
2019-05-23 07:45:00+00:00,2019-05-23 08:00:00+00:00,validation,15.05525,445.0,18.333,17.424311,14.922414082610318,15.170166404717515,15.917423405620724,15.723259291808102,17.05624140231884,14.360409785741528
2019-05-23 08:00:00+00:00,2019-05-23 08:15:00+00:00,validation,13.64431,386.0,15.05525,15.59381,12.293059080935185,12.412280034021007,12.830357519086116,12.484051077171793,13.937116016581252,12.380091158522118
2019-05-23 08:15:00+00:00,2019-05-23 08:30:00+00:00,validation,10.76709,309.0,13.64431,13.919720000000002,10.67004933097779,11.366000727156454,11.848123897892789,11.535916852191034,12.50266858014577,11.970594387085004
2019-05-23 08:30:00+00:00,2019-05-23 08:45:00+00:00,validation,11.10594,320.0,10.76709,12.0225,8.451347392893833,8.795683627095812,8.986826839818166,8.969759926634422,10.062676527590376,8.64096868479549
2019-05-23 08:45:00+00:00,2019-05-23 09:00:00+00:00,validation,9.891657,269.0,11.10594,10.08197,8.458180963594925,8.548444320045894,8.527921825420893,8.519505704871355,10.092547764439594,7.865474259836989
2019-05-23 09:00:00+00:00,2019-05-23 09:15:00+00:00,validation,7.326813,205.0,9.891657,8.185625,6.865235150542527,6.774295529938406,6.683888427354268,6.719661166305226,8.273444506422658,6.47797719369311
2019-05-23 09:15:00+00:00,2019-05-23 09:30:00+00:00,validation,4.431547,132.0,7.326813,6.187562000000001,4.977471279273504,4.852179578779666,4.644162448622304,4.8028433354270375,6.234450648597332,4.702805289066707
2019-05-23 09:30:00+00:00,2019-05-23 09:45:00+00:00,validation,3.885219,109.0,4.431547,4.424219,3.5683961850950023,3.274131187734894,3.131251258794514,3.125168426592387,4.097570784461095,2.7079496369592766
2019-05-23 09:45:00+00:00,2019-05-23 10:00:00+00:00,validation,3.000648,92.0,3.885219,2.9350240000000003,2.5850886515508913,2.496931100780313,3.142737614776137,3.2289765463620816,3.3198865817397034,1.3437885749228649
2019-05-23 10:00:00+00:00,2019-05-23 10:15:00+00:00,validation,1.704746,55.0,3.000648,1.862383,2.1434099656592873,2.1436540224485237,2.0452958006067847,2.0554733942815715,2.0678723963330325,0.0
2019-05-23 10:15:00+00:00,2019-05-23 10:30:00+00:00,validation,1.827,56.0,1.704746,1.264129,1.2053534695885213,1.1753694153362568,1.0880509300750258,1.1237818779794997,0.9619709737797288,0.0
2019-05-23 10:30:00+00:00,2019-05-23 10:45:00+00:00,validation,2.157969,64.0,1.827,0.944289,1.170962900068876,1.2479727148921507,1.1267564381014015,1.1559531836873767,1.033581489792164,0.0
2019-05-23 10:45:00+00:00,2019-05-23 11:00:00+00:00,validation,1.417582,42.0,2.157969,0.603449,1.2386668373819774,1.3783226458567956,1.2795456526177604,1.3914193679782998,1.4140971892877419,0.0
2019-05-23 11:00:00+00:00,2019-05-23 11:15:00+00:00,validation,0.32738,10.0,1.417582,0.283227,1.0386551945736515,1.0606133067013936,0.8756538845361721,0.9606284983768891,0.4537304251666283,0.0
2019-05-23 11:15:00+00:00,2019-05-23 11:30:00+00:00,validation,0.0,0.0,0.32738,0.0,0.13317654221011352,0.06465510135513561,0.0,0.033315881619308416,0.0,0.0
2019-05-23 11:30:00+00:00,2019-05-23 11:45:00+00:00,validation,0.0,0.0,0.0,0.0,0.029922302266568186,0.0,0.0,0.0,0.0,0.0
2019-05-23 11:45:00+00:00,2019-05-23 12:00:00+00:00,validation,0.0,0.0,0.0,0.0,0.029922302266568186,0.0,0.0,0.0,0.0,0.0
2019-05-23 12:00:00+00:00,2019-05-23 12:15:00+00:00,validation,0.0,0.0,0.0,0.0,0.029922302266568186,0.0,0.0,0.0,0.0,0.0
2019-05-23 12:15:00+00:00,2019-05-23 12:30:00+00:00,validation,0.0,0.0,0.0,0.0,0.029922302266568186,0.0,0.0,0.0,0.0,0.0
2019-05-23 12:30:00+00:00,2019-05-23 12:45:00+00:00,validation,0.0,0.0,0.0,0.0,0.02772174774140006,0.0,0.0,0.0,0.0,0.0
2019-05-23 12:45:00+00:00,2019-05-23 13:00:00+00:00,validation,0.0,0.0,0.0,0.0,0.02772174774140006,0.0,0.0,0.0,0.0,0.0
2019-05-23 13:00:00+00:00,2019-05-23 13:15:00+00:00,validation,0.0,0.0,0.0,0.0,0.02772174774140006,0.0,0.0,0.0,0.0,0.0
2019-05-23 13:15:00+00:00,2019-05-23 13:30:00+00:00,validation,0.0,0.0,0.0,0.0,0.02772174774140006,0.0,0.0,0.0,0.0,0.0
2019-05-23 13:30:00+00:00,2019-05-23 13:45:00+00:00,validation,0.0,0.0,0.0,0.0,0.02772174774140006,0.0,0.0,0.0,0.0,0.0
2019-05-23 13:45:00+00:00,2019-05-23 14:00:00+00:00,validation,0.0,0.0,0.0,0.0,0.02772174774140006,0.0,0.0,5.103614087531333e-05,0.0,0.0
2019-05-23 14:00:00+00:00,2019-05-23 14:15:00+00:00,validation,0.0,0.0,0.0,0.0,0.02772174774140006,0.0,0.0,5.103614087531333e-05,0.0,0.0
2019-05-23 14:15:00+00:00,2019-05-23 14:30:00+00:00,validation,0.0,0.0,0.0,0.0,0.02772174774140006,0.0,0.0,5.103614087531333e-05,0.0,0.0
2019-05-23 14:30:00+00:00,2019-05-23 14:45:00+00:00,validation,0.0,0.0,0.0,0.0,0.02772174774140006,0.0,0.0,0.007598501650412731,0.0,0.0
2019-05-23 14:45:00+00:00,2019-05-23 15:00:00+00:00,validation,0.0,0.0,0.0,0.0,0.02772174774140006,0.0,0.0,5.103614087531333e-05,0.0,0.0
2019-05-23 15:00:00+00:00,2019-05-23 15:15:00+00:00,validation,0.0,0.0,0.0,0.0,0.02772174774140006,0.0,0.0,0.0,0.0,0.0
2019-05-23 15:15:00+00:00,2019-05-23 15:30:00+00:00,validation,0.0,0.0,0.0,0.0,0.02772174774140006,0.0,0.0,0.0,0.0,0.0
2019-05-23 15:30:00+00:00,2019-05-23 15:45:00+00:00,validation,0.0,0.0,0.0,0.0,0.02772174774140006,0.0,0.0,0.0,0.0,0.0
2019-05-23 15:45:00+00:00,2019-05-23 16:00:00+00:00,validation,0.0,0.0,0.0,0.0,0.02772174774140006,0.03778307374489008,0.027170067086852972,0.0,0.0,0.0
2019-05-23 16:00:00+00:00,2019-05-23 16:15:00+00:00,validation,0.0,0.0,0.0,0.0,0.02772174774140006,0.03778307374489008,0.03116248460153055,0.0,0.0,0.0
2019-05-23 16:15:00+00:00,2019-05-23 16:30:00+00:00,validation,0.0,0.0,0.0,0.0,0.02772174774140006,0.04712440417768333,0.04321705307681705,0.0,0.0,0.0
2019-05-23 16:30:00+00:00,2019-05-23 16:45:00+00:00,validation,0.0,0.0,0.0,0.0,0.03292082721228418,0.0,0.0,0.0,0.0,0.0
2019-05-23 16:45:00+00:00,2019-05-23 17:00:00+00:00,validation,0.0,0.0,0.0,0.0,0.03292082721228418,0.0,0.0,0.0,0.0,0.0
2019-05-23 17:00:00+00:00,2019-05-23 17:15:00+00:00,validation,0.0,0.0,0.0,0.0,0.03292082721228418,0.040845798802776306,0.03116248460153055,0.0,0.0,0.0
2019-05-23 17:15:00+00:00,2019-05-23 17:30:00+00:00,validation,0.0,0.0,0.0,0.0,0.035546791945352166,0.0,0.0,0.0,0.0,0.0
2019-05-23 17:30:00+00:00,2019-05-23 17:45:00+00:00,validation,0.0,0.0,0.0,0.0,0.035546791945352166,0.040845798802776306,0.03116248460153055,0.0,0.0,0.0
2019-05-23 17:45:00+00:00,2019-05-23 18:00:00+00:00,validation,0.0,0.0,0.0,0.0,0.035546791945352166,0.040845798802776306,0.03116248460153055,0.0,0.0,0.0
2019-05-23 18:00:00+00:00,2019-05-23 18:15:00+00:00,validation,0.0,0.0,0.0,0.0,0.035546791945352166,0.03384736800565084,0.03116248460153055,0.006282171081998413,0.0,0.0
2019-05-23 18:15:00+00:00,2019-05-23 18:30:00+00:00,validation,0.0,0.0,0.0,0.0,0.035546791945352166,0.040845798802776306,0.03116248460153055,0.006282171081998413,0.0,0.0
2019-05-23 18:30:00+00:00,2019-05-23 18:45:00+00:00,validation,0.0,0.0,0.0,0.0,0.03659106976868172,0.050187129235569554,0.04391463799438972,0.016269822838172902,0.0,0.0
2019-05-23 18:45:00+00:00,2019-05-23 19:00:00+00:00,validation,0.0,0.0,0.0,0.0,0.03659106976868172,0.040845798802776306,0.03116248460153055,0.006282171081998413,0.0,0.0
2019-05-23 19:00:00+00:00,2019-05-23 19:15:00+00:00,validation,0.0,0.0,0.0,0.0,0.03659106976868172,0.0,0.0,0.006282171081998413,0.0,0.0
2019-05-23 19:15:00+00:00,2019-05-23 19:30:00+00:00,validation,0.0,0.0,0.0,0.0,0.03659106976868172,0.0,0.0,0.016269822838172902,0.0,0.0
2019-05-23 19:30:00+00:00,2019-05-23 19:45:00+00:00,validation,0.0,0.0,0.0,0.0,0.03659106976868172,0.0,0.0,0.006282171081998413,0.0,0.0
2019-05-23 19:45:00+00:00,2019-05-23 20:00:00+00:00,validation,0.0,0.0,0.0,0.0,0.03659106976868172,0.040845798802776306,0.03116248460153055,0.006282171081998413,0.041427782687092574,0.0
2019-05-23 20:00:00+00:00,2019-05-23 20:15:00+00:00,validation,0.0,0.0,0.0,0.0,0.03659106976868172,0.050187129235569554,0.04391463799438972,0.016269822838172902,0.09469692925727724,0.0
2019-05-23 20:15:00+00:00,2019-05-23 20:30:00+00:00,validation,0.0,0.0,0.0,0.0,0.03659106976868172,0.040845798802776306,0.03116248460153055,0.006282171081998413,0.16067759832801976,0.0
2019-05-23 20:30:00+00:00,2019-05-23 20:45:00+00:00,validation,0.0,0.0,0.0,0.0,0.03659106976868172,0.03384736800565084,0.03116248460153055,0.006282171081998413,0.17804440646416442,0.0
2019-05-23 20:45:00+00:00,2019-05-23 21:00:00+00:00,validation,0.0,0.0,0.0,0.0,0.03659106976868172,0.03384736800565084,0.03116248460153055,0.006282171081998413,0.2341977444662824,0.0
2019-05-23 21:00:00+00:00,2019-05-23 21:15:00+00:00,validation,0.002164,0.0,0.0,0.1413839999999999,0.03659106976868172,0.03636896116183378,0.028001913360612078,0.0,0.3718979442562542,0.0
2019-05-23 21:15:00+00:00,2019-05-23 21:30:00+00:00,validation,0.3049719999999999,10.0,0.002164,0.446845,0.04717027064485906,0.050187129235569554,0.04321705307681705,0.016269822838172902,0.43683298622886557,0.0
2019-05-23 21:30:00+00:00,2019-05-23 21:45:00+00:00,validation,0.589354,17.0,0.3049719999999999,0.7719,0.3345833817055431,0.2751951154604448,0.30375167185235347,0.3401376623791013,0.7007306574737511,0.0
2019-05-23 21:45:00+00:00,2019-05-23 22:00:00+00:00,validation,1.453184,44.0,0.589354,1.050438,0.6595062923199786,0.429047364452048,0.43417605331524795,0.47668035575589446,0.993601457456224,0.0
2019-05-23 22:00:00+00:00,2019-05-23 22:15:00+00:00,validation,2.507313,74.0,1.453184,1.36243,1.6149865846411873,1.509909529156819,1.425091341303233,1.3669428837654816,1.9534808982618603,0.0
2019-05-23 22:15:00+00:00,2019-05-23 22:30:00+00:00,validation,1.53743,52.0,2.507313,1.942883,2.820671309563343,2.67345336745305,2.7011946116312537,2.6386349468407335,2.8704747747611137,0.0
2019-05-23 22:30:00+00:00,2019-05-23 22:45:00+00:00,validation,1.993414,54.0,1.53743,3.056922,2.340514914160649,2.2553304217745875,2.2385611623096473,2.1479575011386816,2.468005217052254,0.0
2019-05-23 22:45:00+00:00,2019-05-23 23:00:00+00:00,validation,2.514805,74.0,1.993414,4.592547,2.8465490192340566,2.4845713667843823,2.6229196857799515,2.5227456027897315,2.7045338112706654,0.0
2019-05-23 23:00:00+00:00,2019-05-23 23:15:00+00:00,validation,3.813141,114.0,2.514805,6.451704,3.3046799228500205,3.0648527491710937,3.0751085079292477,3.0518061548693676,3.4742226074689464,1.3042075036267526
2019-05-23 23:15:00+00:00,2019-05-23 23:30:00+00:00,validation,8.830281,266.0,3.813141,8.506532,4.79289139321244,4.603995597492127,4.660054853142681,4.620341206934094,4.647251647479447,2.0845488145000743
2019-05-23 23:30:00+00:00,2019-05-23 23:45:00+00:00,validation,8.424719,254.0,8.830281,10.60763,10.199685525801321,9.268693905177939,9.679826077865588,9.341792233175282,8.390334216610704,6.654866403815297
2019-05-23 23:45:00+00:00,2019-05-24 00:00:00+00:00,validation,7.440125,255.0,8.424719,12.60897,10.07455396056122,9.72690768606556,9.755311045196551,9.534706110242332,8.77582328253058,7.193679592050178
2019-05-24 00:00:00+00:00,2019-05-24 00:15:00+00:00,validation,17.240129,584.0,7.440125,14.52281,8.809788530656183,8.55580891590721,8.368940169342011,8.29360006406917,8.575627639760828,7.532478741316169
2019-05-24 00:15:00+00:00,2019-05-24 00:30:00+00:00,validation,7.129938,211.0,17.240129,16.225559,18.11772336784032,16.555122680450587,16.622628231314255,16.044961492331318,15.854389078689797,13.120596627392544
2019-05-24 00:30:00+00:00,2019-05-24 00:45:00+00:00,validation,5.676782,165.0,7.129938,17.796631,9.830694865422595,9.372424685063331,8.743994652071146,8.721681639692306,9.853828444409494,7.486616186873164
2019-05-24 00:45:00+00:00,2019-05-24 01:00:00+00:00,validation,10.39434,282.0,5.676782,19.334881,8.460762560728831,7.201535466578402,7.008812340219168,6.94458736143452,7.470804142318239,7.437035725963875
2019-05-24 01:00:00+00:00,2019-05-24 01:15:00+00:00,validation,13.05194,454.0,10.39434,20.65394,14.554979634750133,12.715697451400978,11.97534541927255,12.494159439024353,10.686796236696189,11.035938042298135
2019-05-24 01:15:00+00:00,2019-05-24 01:30:00+00:00,validation,18.885559,580.0,13.05194,21.92663,17.67631727837205,16.52907183395999,15.4236832769527,15.041070228941743,14.283980735861958,12.188825355675117
2019-05-24 01:30:00+00:00,2019-05-24 01:45:00+00:00,validation,26.07938,898.0,18.885559,23.11969,18.824575356559226,19.28997604810743,18.002061052223553,17.18233617063975,18.357189228543263,15.959579320469299
2019-05-24 01:45:00+00:00,2019-05-24 02:00:00+00:00,validation,11.53097,289.0,26.07938,24.28125,22.20697840110037,22.451485582472614,22.583945296368977,21.706369216996425,24.020513227332025,21.154755477787404
2019-05-24 02:00:00+00:00,2019-05-24 02:15:00+00:00,validation,28.09144,889.0,11.53097,25.262131,13.303281832320664,13.338135953291921,13.081907025579353,12.721522346063896,15.696283568678655,14.945029165656145
2019-05-24 02:15:00+00:00,2019-05-24 02:30:00+00:00,validation,7.299688000000001,211.0,28.09144,26.042629,24.94732387564985,23.19115012258477,22.94206513438338,22.22286943539024,25.855199512162734,22.4780478144445
2019-05-24 02:30:00+00:00,2019-05-24 02:45:00+00:00,validation,6.657875,174.0,7.299688000000001,26.737809999999996,11.15106062574114,11.23848896158366,8.998716387703677,8.391149652560761,12.467896135257241,13.109783049252089
2019-05-24 02:45:00+00:00,2019-05-24 03:00:00+00:00,validation,23.5865,702.0,6.657875,27.334999,9.053944826698839,9.180725687503855,8.781281807323905,9.14684152044496,10.210080876939392,12.89281596689678
2019-05-24 03:00:00+00:00,2019-05-24 03:15:00+00:00,validation,28.16275,982.0,23.5865,27.754129,23.37994211902064,22.792807043259497,22.62110988031636,21.80487990074934,19.980023553483925,21.639596731550466
2019-05-24 03:15:00+00:00,2019-05-24 03:30:00+00:00,validation,32.646252000000004,1041.0,28.16275,28.140881,25.447970752403325,22.96570323283785,22.67454481694179,23.183010547269696,26.99508447128286,23.060211612501902
2019-05-24 03:30:00+00:00,2019-05-24 03:45:00+00:00,validation,17.226129999999998,611.0,32.646252000000004,28.481251,29.168452540733796,24.092312885010948,23.161854038670945,23.863873353437523,30.779690566210483,27.3759393883727
2019-05-24 03:45:00+00:00,2019-05-24 04:00:00+00:00,validation,21.97913,661.0,17.226129999999998,28.642690999999996,21.789477247678647,21.209374911069443,19.976032935373617,19.70116327330669,18.38011112056825,18.865619361529976
2019-05-24 04:00:00+00:00,2019-05-24 04:15:00+00:00,validation,18.066999,765.0,21.97913,28.75425,20.75119813876913,20.804076502297253,20.485306283620343,19.8921429967912,21.465113716673223,18.021328410703276
2019-05-24 04:15:00+00:00,2019-05-24 04:30:00+00:00,validation,27.43388,1156.0,18.066999,28.657129,18.598614919560287,17.649854845399013,17.15809007832723,16.336877705370007,19.51534792873533,20.57457987964859
2019-05-24 04:30:00+00:00,2019-05-24 04:45:00+00:00,validation,17.645691,552.0,27.43388,28.46813,22.504759715864505,21.90197959947713,21.514706087523358,22.821955751446357,25.460933276831156,23.50114872190118
2019-05-24 04:45:00+00:00,2019-05-24 05:00:00+00:00,validation,19.20669,717.0,17.645691,28.374059999999997,17.540903687595264,17.46424497969429,16.144416321479323,16.967940590723316,18.788945551588014,19.083648406672168
2019-05-24 05:00:00+00:00,2019-05-24 05:15:00+00:00,validation,12.4005,310.0,19.20669,27.67013,18.65746577651246,18.039759067878222,17.876310234264615,16.63454876114657,17.012934644460568,20.525983502146424
2019-05-24 05:15:00+00:00,2019-05-24 05:30:00+00:00,validation,26.75794,740.0,12.4005,27.209,14.937911524590552,13.439473952764216,13.084658869220227,12.93676540652176,13.53245574459642,14.907459568022935
2019-05-24 05:30:00+00:00,2019-05-24 05:45:00+00:00,validation,22.253441,806.0,26.75794,26.895309,21.89253346935103,23.197631684935327,21.922928468651484,21.63667791129743,21.676769810993015,19.59880879182752
2019-05-24 05:45:00+00:00,2019-05-24 06:00:00+00:00,validation,17.873619,441.0,22.253441,25.851879,20.901738811575072,20.97332047626669,20.011850974740735,19.47076428708298,22.529536003073737,19.77390982802829
2019-05-24 06:00:00+00:00,2019-05-24 06:15:00+00:00,validation,9.415438,284.0,17.873619,24.274691,16.651375201588657,16.166844072199016,16.466836501367343,16.477636446251598,16.564453839358112,14.332148882575387
2019-05-24 06:15:00+00:00,2019-05-24 06:30:00+00:00,validation,24.62381,898.0,9.415438,23.16081,9.050284956313257,8.568762702549883,9.831496731069645,10.253624400066844,10.960114122343404,15.995918973761476
2019-05-24 06:30:00+00:00,2019-05-24 06:45:00+00:00,validation,20.681499,733.0,24.62381,20.9965,20.938220674564196,19.245693030937485,19.952872845582498,18.138180765449356,22.839298777849276,19.880838741442503
2019-05-24 06:45:00+00:00,2019-05-24 07:00:00+00:00,validation,23.28944,707.0,20.681499,21.67244,18.737269788767684,19.54773676249763,18.911306644489684,18.58156589450526,20.95417784694326,17.027925384360003
2019-05-24 07:00:00+00:00,2019-05-24 07:15:00+00:00,validation,22.49275,643.0,23.28944,20.272869,20.375157650747166,19.737896772334622,19.606655086350287,19.059585931098393,21.32324303307803,16.410415627394535
2019-05-24 07:15:00+00:00,2019-05-24 07:30:00+00:00,validation,12.78047,351.0,22.49275,18.67556,19.37420572315484,19.922242576830246,20.00783012732051,19.709208468958778,19.331743244100927,18.47673995838645
2019-05-24 07:30:00+00:00,2019-05-24 07:45:00+00:00,validation,20.12719,576.0,12.78047,18.333,13.23313647637627,13.742694967981587,13.57939312027236,12.544210690214657,14.515201604542623,11.732907232516254
2019-05-24 07:45:00+00:00,2019-05-24 08:00:00+00:00,validation,15.46956,526.0,20.12719,15.05525,16.52586832140979,16.20283647514923,16.69235182766657,15.797885696755717,18.027553147093546,16.713090886501206
2019-05-24 08:00:00+00:00,2019-05-24 08:15:00+00:00,validation,15.44638,476.0,15.46956,13.64431,13.339631470453998,12.081018779830414,12.178369037087066,11.666365786997304,15.85626044998609,13.719731017376535
2019-05-24 08:15:00+00:00,2019-05-24 08:30:00+00:00,validation,13.90528,385.0,15.44638,10.76709,11.56895842167999,11.47857249895947,11.409488229012647,11.096407660899118,14.30404570025528,14.498011210760904
2019-05-24 08:30:00+00:00,2019-05-24 08:45:00+00:00,validation,10.85897,280.0,13.90528,11.10594,10.953157180940895,10.426546234532431,10.17818441270083,10.525837796170652,12.649172281135804,11.669092341984635
2019-05-24 08:45:00+00:00,2019-05-24 09:00:00+00:00,validation,8.552907000000001,218.0,10.85897,9.891657,8.74083685033419,8.40444398974472,8.47400388924684,8.41973529579545,9.844052523455474,11.000488202686247
2019-05-24 09:00:00+00:00,2019-05-24 09:15:00+00:00,validation,9.099125,233.0,8.552907000000001,7.326813,6.777887790837882,6.326240191540761,6.304859461114962,6.530678439163587,9.389613536054085,9.3477474052027
2019-05-24 09:15:00+00:00,2019-05-24 09:30:00+00:00,validation,3.559172,117.0,9.099125,4.431547,6.986301272014871,6.106281750570565,5.894776281730569,6.005552486734274,6.666631464373755,8.775139124654753
2019-05-24 09:30:00+00:00,2019-05-24 09:45:00+00:00,validation,1.955953,66.0,3.559172,3.885219,2.8562981906378595,2.5784699720394313,2.4464774284218733,2.5988058372477423,4.24275627882051,4.962419009600575
2019-05-24 09:45:00+00:00,2019-05-24 10:00:00+00:00,validation,1.6506880000000002,51.0,1.955953,3.000648,1.1453585746607353,1.3034526132868656,0.9749395015032378,1.3225204176639973,1.5183021823998137,5.821902816870983
2019-05-24 10:00:00+00:00,2019-05-24 10:15:00+00:00,validation,0.964578,31.0,1.6506880000000002,1.704746,1.231238033051688,1.235238433753815,1.143160356969521,1.1956230557144298,1.4987299452256773,2.8721354445779284
2019-05-24 10:15:00+00:00,2019-05-24 10:30:00+00:00,validation,0.857828,26.0,0.964578,1.827,0.6115574529394638,0.5262214893770584,0.44047769196464154,0.5143829034472093,0.7589702025997553,1.7420004826627453
2019-05-24 10:30:00+00:00,2019-05-24 10:45:00+00:00,validation,0.97341,28.0,0.857828,2.157969,0.4462772884214834,0.343650616884948,0.1931608120735883,0.26706602355615494,0.3381082239825073,1.7799871517835708
2019-05-24 10:45:00+00:00,2019-05-24 11:00:00+00:00,validation,1.021508,30.0,0.97341,1.417582,0.5771668834198181,0.5281827554945796,0.44047769196464154,0.5456681863997607,0.5000729186941006,1.3935092411900634
2019-05-24 11:00:00+00:00,2019-05-24 11:15:00+00:00,validation,0.63726,21.0,1.021508,0.32738,0.6778277378573083,0.5281827554945796,0.5633449588638781,0.5265430884507811,0.0,0.8027735628831056
2019-05-24 11:15:00+00:00,2019-05-24 11:30:00+00:00,validation,0.159352,4.0,0.63726,0.0,0.3986555637725975,0.4437580579330877,0.3412711174111573,0.28569315992562594,0.5835458363117203,0.5644724714557396
2019-05-24 11:30:00+00:00,2019-05-24 11:45:00+00:00,validation,0.0,0.0,0.159352,0.0,0.18242275964606816,0.14066200305021676,0.11204360583101283,0.0,0.0,0.0
2019-05-24 11:45:00+00:00,2019-05-24 12:00:00+00:00,validation,0.0,0.0,0.0,0.0,0.029922302266568186,0.0,0.055195114485774924,0.0,0.10275674842092464,0.0
2019-05-24 12:00:00+00:00,2019-05-24 12:15:00+00:00,validation,0.0,0.0,0.0,0.0,0.029922302266568186,0.0,0.028432639452746305,0.0,0.0,0.0
2019-05-24 12:15:00+00:00,2019-05-24 12:30:00+00:00,validation,0.0,0.0,0.0,0.0,0.029922302266568186,0.0206532578520176,0.011549832269634372,0.0,0.0,0.0
2019-05-24 12:30:00+00:00,2019-05-24 12:45:00+00:00,validation,0.0,0.0,0.0,0.0,0.02772174774140006,0.017504290667790683,0.011549832269634372,0.0,0.0,0.0
2019-05-24 12:45:00+00:00,2019-05-24 13:00:00+00:00,validation,0.0,0.0,0.0,0.0,0.02772174774140006,0.014593069264108147,0.011549832269634372,0.0,0.1292188469727451,0.0
2019-05-24 13:00:00+00:00,2019-05-24 13:15:00+00:00,validation,0.0,0.0,0.0,0.0,0.02772174774140006,0.019069906905050678,0.013069268864329587,0.0,0.0,0.0
2019-05-24 13:15:00+00:00,2019-05-24 13:30:00+00:00,validation,0.0,0.0,0.0,0.0,0.02772174774140006,0.017742036448335066,0.011549832269634372,0.0,0.04226538988196982,0.0
2019-05-24 13:30:00+00:00,2019-05-24 13:45:00+00:00,validation,0.0,0.0,0.0,0.0,0.02772174774140006,0.014593069264108147,0.011549832269634372,0.0,0.11511199352020451,0.0
2019-05-24 13:45:00+00:00,2019-05-24 14:00:00+00:00,validation,0.0,0.0,0.0,0.0,0.02772174774140006,0.019786208593145876,0.011549832269634372,0.0,0.08974566985687815,0.0
2019-05-24 14:00:00+00:00,2019-05-24 14:15:00+00:00,validation,0.0,0.0,0.0,0.0,0.02772174774140006,0.02479092143526976,0.01006355165409542,0.0,0.00419755857234172,0.0
2019-05-24 14:15:00+00:00,2019-05-24 14:30:00+00:00,validation,0.0,0.0,0.0,0.0,0.02772174774140006,0.02479092143526976,0.008422417007872177,0.0,0.012809423705804512,0.0
2019-05-24 14:30:00+00:00,2019-05-24 14:45:00+00:00,validation,0.0,0.0,0.0,0.0,0.02772174774140006,0.02479092143526976,0.01006355165409542,0.0,0.0,0.0
2019-05-24 14:45:00+00:00,2019-05-24 15:00:00+00:00,validation,0.0,0.0,0.0,0.0,0.02772174774140006,0.020314083794327233,0.006339516622934547,0.0,0.0175056997879528,0.0
2019-05-24 15:00:00+00:00,2019-05-24 15:15:00+00:00,validation,0.0,0.0,0.0,0.0,0.02772174774140006,0.020314083794327233,0.02182822175720061,0.0,0.0,0.0
2019-05-24 15:15:00+00:00,2019-05-24 15:30:00+00:00,validation,0.0,0.0,0.0,0.0,0.02772174774140006,0.030784642947764607,0.02555225678836149,0.0,0.0,0.0
2019-05-24 15:30:00+00:00,2019-05-24 15:45:00+00:00,validation,0.0,0.0,0.0,0.0,0.02772174774140006,0.030784642947764607,0.02555225678836149,0.0,0.0,0.0
2019-05-24 15:45:00+00:00,2019-05-24 16:00:00+00:00,validation,0.0,0.0,0.0,0.0,0.02772174774140006,0.030784642947764607,0.023911122142138246,0.0,0.0,0.0
2019-05-24 16:00:00+00:00,2019-05-24 16:15:00+00:00,validation,0.0,0.0,0.0,0.0,0.02772174774140006,0.030784642947764607,0.029544674303039063,0.025749955799334125,0.0,0.0
2019-05-24 16:15:00+00:00,2019-05-24 16:30:00+00:00,validation,0.0,0.0,0.0,0.0,0.02772174774140006,0.026307805306822103,0.025820639271878176,0.018202490289796716,0.0,0.0
2019-05-24 16:30:00+00:00,2019-05-24 16:45:00+00:00,validation,0.0,0.0,0.0,0.0,0.03292082721228418,0.03384736800565084,0.029544674303039063,0.025749955799334125,0.0,0.0
2019-05-24 16:45:00+00:00,2019-05-24 17:00:00+00:00,validation,0.0,0.0,0.0,0.0,0.03292082721228418,0.02937053036470833,0.025820639271878176,0.018202490289796716,0.0,0.0
2019-05-24 17:00:00+00:00,2019-05-24 17:15:00+00:00,validation,0.0,0.0,0.0,0.0,0.03292082721228418,0.03384736800565084,0.029544674303039063,0.025749955799334125,0.0,0.0
2019-05-24 17:15:00+00:00,2019-05-24 17:30:00+00:00,validation,0.0,0.0,0.0,0.0,0.035546791945352166,0.03384736800565084,0.029544674303039063,0.025749955799334125,0.0,0.0
2019-05-24 17:30:00+00:00,2019-05-24 17:45:00+00:00,validation,0.0,0.0,0.0,0.0,0.035546791945352166,0.03384736800565084,0.02790353965681581,0.025749955799334125,0.0,0.0
2019-05-24 17:45:00+00:00,2019-05-24 18:00:00+00:00,validation,0.0,0.0,0.0,0.0,0.035546791945352166,0.02937053036470833,0.025820639271878176,0.018202490289796716,0.0,0.0
2019-05-24 18:00:00+00:00,2019-05-24 18:15:00+00:00,validation,0.0,0.0,0.0,0.0,0.035546791945352166,0.03251949754893524,0.025820639271878176,0.020631124879901493,0.0022413966335204094,0.0
2019-05-24 18:15:00+00:00,2019-05-24 18:30:00+00:00,validation,0.0,0.0,0.0,0.0,0.035546791945352166,0.02937053036470833,0.025820639271878176,0.018202490289796716,0.026679236948509377,0.0
2019-05-24 18:30:00+00:00,2019-05-24 18:45:00+00:00,validation,0.0,0.0,0.0,0.0,0.03659106976868172,0.03384736800565084,0.029544674303039063,0.025749955799334125,0.061838735672812284,0.0
2019-05-24 18:45:00+00:00,2019-05-24 19:00:00+00:00,validation,0.0,0.0,0.0,0.0,0.03659106976868172,0.03384736800565084,0.029544674303039063,0.025749955799334125,0.11017950765823503,0.0
2019-05-24 19:00:00+00:00,2019-05-24 19:15:00+00:00,validation,0.0,0.0,0.0,0.0,0.03659106976868172,0.03384736800565084,0.029544674303039063,0.025749955799334125,0.11739742260387942,0.0
2019-05-24 19:15:00+00:00,2019-05-24 19:30:00+00:00,validation,0.0,0.0,0.0,0.0,0.03659106976868172,0.040845798802776306,0.029544674303039063,0.025749955799334125,0.20359776247841221,0.0
2019-05-24 19:30:00+00:00,2019-05-24 19:45:00+00:00,validation,0.0,0.0,0.0,0.0,0.03659106976868172,0.050187129235569554,0.04159924277832556,0.035737607555508616,0.25473945792520425,0.0
2019-05-24 19:45:00+00:00,2019-05-24 20:00:00+00:00,validation,0.0,0.0,0.0,0.0,0.03659106976868172,0.03384736800565084,0.029544674303039063,0.025749955799334125,0.2510813417488382,0.0406975922027728
2019-05-24 20:00:00+00:00,2019-05-24 20:15:00+00:00,validation,0.0,0.0,0.0,0.0,0.03659106976868172,0.03384736800565084,0.029544674303039063,0.025749955799334125,0.2533738934509362,0.44454524339594403
2019-05-24 20:15:00+00:00,2019-05-24 20:30:00+00:00,validation,0.0,0.0,0.0,0.0,0.03659106976868172,0.040845798802776306,0.029544674303039063,0.025749955799334125,0.3237655655300049,0.5870933718536815
2019-05-24 20:30:00+00:00,2019-05-24 20:45:00+00:00,validation,0.0,0.0,0.0,0.0,0.03659106976868172,0.040845798802776306,0.029544674303039063,0.025749955799334125,0.4002553706669225,0.16567632781027264
2019-05-24 20:45:00+00:00,2019-05-24 21:00:00+00:00,validation,0.0,0.0,0.0,0.0,0.03659106976868172,0.03384736800565084,0.029544674303039063,0.025749955799334125,0.4126868893275031,0.3411538975524051
2019-05-24 21:00:00+00:00,2019-05-24 21:15:00+00:00,validation,0.08183,3.0,0.0,0.002164,0.03659106976868172,0.03384736800565084,0.029544674303039063,0.025749955799334125,0.4064125652562689,0.8369600792381187
2019-05-24 21:15:00+00:00,2019-05-24 21:30:00+00:00,validation,0.428326,16.0,0.08183,0.3049719999999999,0.08304861470112507,0.11917114879794695,0.09392622899176085,0.11641726925201423,0.5073202070859457,0.8652152880596127
2019-05-24 21:30:00+00:00,2019-05-24 21:45:00+00:00,validation,0.839412,32.0,0.428326,0.589354,0.4467231162218022,0.3720853010217064,0.37336706047389717,0.4270456130753978,0.8629355273544368,1.2986631278793164
2019-05-24 21:45:00+00:00,2019-05-24 22:00:00+00:00,validation,1.27102,49.0,0.839412,1.453184,0.764373683116266,0.8656431388758954,0.8791062559540084,0.937577810499368,1.2326109186735552,1.70303539894274
2019-05-24 22:00:00+00:00,2019-05-24 22:15:00+00:00,validation,1.752625,68.0,1.27102,2.507313,1.6051081280512502,1.6403089240052633,1.6224891470714713,1.634540110086375,2.0855114805486448,2.6723266505344085
2019-05-24 22:15:00+00:00,2019-05-24 22:30:00+00:00,validation,2.370649,101.0,1.752625,1.53743,2.3311299798252825,2.2475975448189,2.286922304498884,2.3181099269670087,2.5204620239253046,2.923931014455367
2019-05-24 22:30:00+00:00,2019-05-24 22:45:00+00:00,validation,3.251555,134.0,2.370649,1.993414,2.6233313004578114,2.6740622468211077,2.622768463787579,2.6545826650225144,3.162372419484193,3.8230979406445162
2019-05-24 22:45:00+00:00,2019-05-24 23:00:00+00:00,validation,4.36636,169.0,3.251555,2.514805,4.506273126013201,4.4787107504271635,4.600914906152503,4.640999425588891,3.9740896817381075,4.376528883441513
2019-05-24 23:00:00+00:00,2019-05-24 23:15:00+00:00,validation,5.777297,221.0,4.36636,3.813141,5.701839342323356,5.571487521022779,5.77702988499819,5.786474620124187,5.6885199349843605,6.2460481698453805
2019-05-24 23:15:00+00:00,2019-05-24 23:30:00+00:00,validation,7.290938000000001,274.0,5.777297,8.830281,6.921428505741509,6.691692115569977,6.631611286702585,6.5872087045353425,6.998564842336827,7.41807507576477
2019-05-24 23:30:00+00:00,2019-05-24 23:45:00+00:00,validation,8.898313,324.0,7.290938000000001,8.424719,8.364235140559808,8.276958206986997,8.361125444442221,8.233315975564016,8.399309474171227,8.930513961524388
2019-05-24 23:45:00+00:00,2019-05-25 00:00:00+00:00,validation,10.60566,373.0,8.898313,7.440125,10.167775429994393,10.452679013126833,10.462436321774183,10.279453740379019,9.85687585554389,10.23051338713543
2019-05-25 00:00:00+00:00,2019-05-25 00:15:00+00:00,validation,12.34866,428.0,10.60566,17.240129,12.503420202620646,12.753440527438107,12.976992158903059,12.708449198605624,12.181768128726631,12.369254467087082
2019-05-25 00:15:00+00:00,2019-05-25 00:30:00+00:00,validation,13.88756,474.0,12.34866,7.129938,12.989723325474454,13.370466293786894,13.55387012815614,13.285411171192406,13.82801843940387,13.99811032489728
2019-05-25 00:30:00+00:00,2019-05-25 00:45:00+00:00,validation,15.39169,519.0,13.88756,5.676782,15.741619703511127,15.205416024691631,15.982449194080344,15.306630825274175,15.240493343991329,15.058511325318996
2019-05-25 00:45:00+00:00,2019-05-25 01:00:00+00:00,validation,16.763691,554.0,15.39169,10.39434,16.890443156348443,16.072747698340315,16.480201560064415,16.143941413717208,16.56657177728507,15.969448895869562
2019-05-25 01:00:00+00:00,2019-05-25 01:15:00+00:00,validation,18.09981,597.0,16.763691,13.05194,19.043656856578657,19.207284541798852,19.736406423411108,19.02266824284831,18.481182594140243,18.669737467937182
2019-05-25 01:15:00+00:00,2019-05-25 01:30:00+00:00,validation,19.407499,635.0,18.09981,18.885559,19.791767359162936,19.578294606646786,19.638853619308883,19.190342082282466,19.636508140081826,19.38228604646236
2019-05-25 01:30:00+00:00,2019-05-25 01:45:00+00:00,validation,20.619381,672.0,19.407499,26.07938,20.817179117990737,20.547725447445227,21.403027942080982,20.992789646292675,20.71663644273745,20.514983997524823
2019-05-25 01:45:00+00:00,2019-05-25 02:00:00+00:00,validation,21.87063,715.0,20.619381,11.53097,22.04319869427369,22.259700841811767,22.67176532521921,22.459321780651592,21.714162605805807,21.18235431563196
2019-05-25 02:00:00+00:00,2019-05-25 02:15:00+00:00,validation,22.87731,750.0,21.87063,28.09144,22.715984797833116,22.53999993361793,22.892060951179676,22.825437827101325,23.387656072757878,22.771320037537464
2019-05-25 02:15:00+00:00,2019-05-25 02:30:00+00:00,validation,23.758869,778.0,22.87731,7.299688000000001,23.791314589581912,23.654007717116247,24.04981130948832,24.023689843949317,24.16968701581986,22.964672858670554
2019-05-25 02:30:00+00:00,2019-05-25 02:45:00+00:00,validation,24.5175,811.0,23.758869,6.657875,24.511147193900005,24.39262444153594,24.891626328236423,24.73220581727272,24.78006497806866,23.27065232643821
2019-05-25 02:45:00+00:00,2019-05-25 03:00:00+00:00,validation,25.18688,837.0,24.5175,23.5865,24.72638136722718,24.914634516945082,25.34573716894782,25.022188972739688,25.315395158886588,23.0588171057656
2019-05-25 03:00:00+00:00,2019-05-25 03:15:00+00:00,validation,25.75388,859.0,25.18688,28.16275,26.018168222849088,26.078002165574837,26.303425847671036,26.12138908253102,26.10870367489955,25.631823381297167
2019-05-25 03:15:00+00:00,2019-05-25 03:30:00+00:00,validation,26.062309,875.0,25.75388,32.646252000000004,25.9401329550743,26.289588148676835,26.54436277195335,26.355627598574607,26.46272687724226,25.925952147287056
2019-05-25 03:30:00+00:00,2019-05-25 03:45:00+00:00,validation,26.24431,878.0,26.062309,17.226129999999998,26.61420039572849,26.8685424918292,27.140566779934495,26.842173982388168,26.52483900341428,24.323078582276366
2019-05-25 03:45:00+00:00,2019-05-25 04:00:00+00:00,validation,26.371189,883.0,26.24431,21.97913,26.391909960017745,27.296142482117144,27.45314558263154,27.332781364259993,26.456085199103995,24.910694810427934
2019-05-25 04:00:00+00:00,2019-05-25 04:15:00+00:00,validation,26.81744,896.0,26.371189,18.066999,25.72576947296914,26.495571454877904,26.650044096995096,26.465063153541912,26.534407396474002,25.59914370403159
2019-05-25 04:15:00+00:00,2019-05-25 04:30:00+00:00,validation,26.872999,898.0,26.81744,27.43388,26.128406177924067,26.86334417982159,27.06570126879484,26.71434557157359,26.658254432079637,25.358664738359387
2019-05-25 04:30:00+00:00,2019-05-25 04:45:00+00:00,validation,26.631941,874.0,26.872999,17.645691,25.97318145635691,27.072826658556323,26.92195340834244,26.355634479349053,26.55418646019003,24.846574802966224
2019-05-25 04:45:00+00:00,2019-05-25 05:00:00+00:00,validation,26.48188,862.0,26.631941,19.20669,25.97380668875,26.85865489636242,27.089208331805107,26.377765890501184,26.12159661472147,24.346408493573136
2019-05-25 05:00:00+00:00,2019-05-25 05:15:00+00:00,validation,26.12575,842.0,26.48188,12.4005,25.40036160282095,25.890447807583143,25.766314295870547,25.568359889065572,25.783402224524828,24.497750822521972
2019-05-25 05:15:00+00:00,2019-05-25 05:30:00+00:00,validation,25.54344,811.0,26.12575,26.75794,25.338681305511713,25.682635994238407,25.570806538495997,25.095924402078303,25.281776428359045,23.507175014532898
2019-05-25 05:30:00+00:00,2019-05-25 05:45:00+00:00,validation,24.701691,781.0,25.54344,22.253441,25.10722612968861,25.372468147202706,25.266679834833617,24.83135944797865,24.633776487862747,23.006317546176966
2019-05-25 05:45:00+00:00,2019-05-25 06:00:00+00:00,validation,22.022869,704.0,24.701691,17.873619,23.472344455901204,23.95942545416085,24.144841442899843,23.129610378827056,23.707883346509377,21.975776132425736
2019-05-25 06:00:00+00:00,2019-05-25 06:15:00+00:00,validation,18.99581,579.0,22.022869,9.415438,21.226674954313346,21.780328550863963,21.533162146022484,21.22841984774554,21.139305070103298,19.847163677767753
2019-05-25 06:15:00+00:00,2019-05-25 06:30:00+00:00,validation,20.51088,611.0,18.99581,24.62381,16.184776963920186,16.169542726644924,17.23298404478433,16.46364943951403,18.25946629499345,16.913693759546163
2019-05-25 06:30:00+00:00,2019-05-25 06:45:00+00:00,validation,17.476379,557.0,20.51088,20.681499,17.764876607793692,17.798555559906866,17.929767776329417,17.874634569341683,18.897878956975447,16.68667968836217
2019-05-25 06:45:00+00:00,2019-05-25 07:00:00+00:00,validation,17.761629,538.0,17.476379,23.28944,15.366850621096951,16.641874730974305,16.415178183240876,16.53940565290975,17.015441651436902,15.40909860424411
2019-05-25 07:00:00+00:00,2019-05-25 07:15:00+00:00,validation,18.413059,560.0,17.761629,22.49275,14.991882006269618,14.900746041268171,15.234256489194062,15.226347192538267,16.196800470345607,14.490759578839658
2019-05-25 07:15:00+00:00,2019-05-25 07:30:00+00:00,validation,14.33447,371.0,18.413059,12.78047,14.356878786957626,14.628768764562137,14.473116735142442,14.724506828988586,16.5467522316288,14.369574067726194
2019-05-25 07:30:00+00:00,2019-05-25 07:45:00+00:00,validation,15.58769,487.0,14.33447,20.12719,11.682369765324003,12.52736936982703,12.76234905842371,12.793181306080553,13.744393308478303,10.694651286488654
2019-05-25 07:45:00+00:00,2019-05-25 08:00:00+00:00,validation,11.2105,366.0,15.58769,15.46956,11.37212350292342,12.060789204571487,12.582673862767567,12.341807624935289,14.419683029189402,12.057614232649458
2019-05-25 08:00:00+00:00,2019-05-25 08:15:00+00:00,validation,10.5875,306.0,11.2105,15.44638,9.104814887191436,9.456750796064748,9.587935426135038,9.461270936437856,10.7362767577144,8.931194417972739
2019-05-25 08:15:00+00:00,2019-05-25 08:30:00+00:00,validation,8.745406,244.0,10.5875,13.90528,8.470291725205131,8.271052219467483,8.384345175178819,8.299299099545468,9.927649093228695,8.400139009253646
2019-05-25 08:30:00+00:00,2019-05-25 08:45:00+00:00,validation,7.182,215.0,8.745406,10.85897,6.998361741003171,6.959266692195761,7.440998945986206,7.503160996415201,8.144446292079897,7.2151769259449745
2019-05-25 08:45:00+00:00,2019-05-25 09:00:00+00:00,validation,5.674266,168.0,7.182,8.552907000000001,5.245134152824681,5.006566541572351,5.7531644247776015,6.16033632508026,6.951396290341789,6.867853805693443
2019-05-25 09:00:00+00:00,2019-05-25 09:15:00+00:00,validation,8.332406,247.0,5.674266,9.099125,4.211963758112848,4.098290531755587,4.076047718788603,4.346939821915077,5.266087105837463,5.3370383476871295
2019-05-25 09:15:00+00:00,2019-05-25 09:30:00+00:00,validation,5.056188,144.0,8.332406,3.559172,6.194007938146244,5.812305905379798,5.7275913526139925,5.339561063818939,6.524987314077398,6.446112180910829
2019-05-25 09:30:00+00:00,2019-05-25 09:45:00+00:00,validation,4.100469,120.0,5.056188,1.955953,3.8487359255699225,3.6849128024292437,3.3061111713634452,3.5018392914383583,5.049674860943162,4.8975923316251055
2019-05-25 09:45:00+00:00,2019-05-25 10:00:00+00:00,validation,1.806438,57.0,4.100469,1.6506880000000002,2.6890984179731783,2.5416716348197395,3.1815822790707142,3.3401271063289775,3.818327988900244,4.341400853499106
2019-05-25 10:00:00+00:00,2019-05-25 10:15:00+00:00,validation,3.701141,111.0,1.806438,0.964578,1.2497022244071647,1.2259813529100532,1.2483080149313925,1.2213047850602483,1.5169025446897146,0.9399831266136074
2019-05-25 10:15:00+00:00,2019-05-25 10:30:00+00:00,validation,1.4552889999999998,50.0,3.701141,0.857828,2.4208410588285916,2.176195482778875,2.0858922547449734,2.138911555025047,2.7643460917955496,1.8725812227392078
2019-05-25 10:30:00+00:00,2019-05-25 10:45:00+00:00,validation,0.49499,16.0,1.4552889999999998,0.97341,0.8988750643524264,0.876866277030303,0.8720852948906945,0.9383403916518808,1.3806131481895756,2.0772544018200287
2019-05-25 10:45:00+00:00,2019-05-25 11:00:00+00:00,validation,0.392376,13.0,0.49499,1.021508,0.13317654221011352,0.032663651522868965,0.0,0.015276516840887452,0.5034332273969495,0.20919597663363643
2019-05-25 11:00:00+00:00,2019-05-25 11:15:00+00:00,validation,0.270683,9.0,0.392376,0.63726,0.13317654221011352,0.032663651522868965,0.0,0.0,0.0,0.0
2019-05-25 11:15:00+00:00,2019-05-25 11:30:00+00:00,validation,0.0,0.0,0.270683,0.159352,0.05114743848206895,0.0,0.0,0.0,0.0,0.0
2019-05-25 11:30:00+00:00,2019-05-25 11:45:00+00:00,validation,0.0,0.0,0.0,0.0,0.029922302266568186,0.0,0.0,0.0,0.0,0.0
2019-05-25 11:45:00+00:00,2019-05-25 12:00:00+00:00,validation,0.0,0.0,0.0,0.0,0.029922302266568186,0.0,0.0,0.0,0.0,0.0
2019-05-25 12:00:00+00:00,2019-05-25 12:15:00+00:00,validation,0.0,0.0,0.0,0.0,0.02772174774140006,0.0,0.0,0.0,0.0,0.0
2019-05-25 12:15:00+00:00,2019-05-25 12:30:00+00:00,validation,0.0,0.0,0.0,0.0,0.02772174774140006,0.0,0.0,0.0,0.0,0.0
2019-05-25 12:30:00+00:00,2019-05-25 12:45:00+00:00,validation,0.0,0.0,0.0,0.0,0.02772174774140006,0.0,0.0,0.0,0.0,0.0
2019-05-25 12:45:00+00:00,2019-05-25 13:00:00+00:00,validation,0.0,0.0,0.0,0.0,0.02772174774140006,0.0,0.0,0.0,0.0,0.0
2019-05-25 13:00:00+00:00,2019-05-25 13:15:00+00:00,validation,0.0,0.0,0.0,0.0,0.02772174774140006,0.0,0.0,0.0,0.0,0.0
2019-05-25 13:15:00+00:00,2019-05-25 13:30:00+00:00,validation,0.0,0.0,0.0,0.0,0.02772174774140006,0.0,0.0,0.0,0.0,0.0
2019-05-25 13:30:00+00:00,2019-05-25 13:45:00+00:00,validation,0.0,0.0,0.0,0.0,0.02772174774140006,0.0,0.0,0.0,0.0,0.0
2019-05-25 13:45:00+00:00,2019-05-25 14:00:00+00:00,validation,0.0,0.0,0.0,0.0,0.02772174774140006,0.0,0.0,0.0,0.0,0.0
2019-05-25 14:00:00+00:00,2019-05-25 14:15:00+00:00,validation,0.0,0.0,0.0,0.0,0.02772174774140006,0.0,0.0,0.0,0.0,0.0
2019-05-25 14:15:00+00:00,2019-05-25 14:30:00+00:00,validation,0.0,0.0,0.0,0.0,0.02772174774140006,0.0,0.0,0.0,0.0,0.0
2019-05-25 14:30:00+00:00,2019-05-25 14:45:00+00:00,validation,0.0,0.0,0.0,0.0,0.02772174774140006,0.0,0.0,0.0,0.0,0.0
2019-05-25 14:45:00+00:00,2019-05-25 15:00:00+00:00,validation,0.0,0.0,0.0,0.0,0.02772174774140006,0.0,0.0,0.0,0.0,0.0
2019-05-25 15:00:00+00:00,2019-05-25 15:15:00+00:00,validation,0.0,0.0,0.0,0.0,0.02772174774140006,0.0,0.0,0.0,0.0,0.0
2019-05-25 15:15:00+00:00,2019-05-25 15:30:00+00:00,validation,0.0,0.0,0.0,0.0,0.02772174774140006,0.0,0.0,0.0,0.0,0.0
2019-05-25 15:30:00+00:00,2019-05-25 15:45:00+00:00,validation,0.0,0.0,0.0,0.0,0.02772174774140006,0.0,0.0,0.0,0.0,0.0
2019-05-25 15:45:00+00:00,2019-05-25 16:00:00+00:00,validation,0.0,0.0,0.0,0.0,0.02772174774140006,0.026307805306822103,0.018259632111722997,0.0,0.0,0.0
2019-05-25 16:00:00+00:00,2019-05-25 16:15:00+00:00,validation,0.0,0.0,0.0,0.0,0.02772174774140006,0.026307805306822103,0.022252049626400563,0.0,0.0,0.0
2019-05-25 16:15:00+00:00,2019-05-25 16:30:00+00:00,validation,0.0,0.0,0.0,0.0,0.02772174774140006,0.026307805306822103,0.022252049626400563,0.0,0.0,0.0
2019-05-25 16:30:00+00:00,2019-05-25 16:45:00+00:00,validation,0.0,0.0,0.0,0.0,0.03292082721228418,0.02937053036470833,0.022252049626400563,0.0,0.0,0.0
2019-05-25 16:45:00+00:00,2019-05-25 17:00:00+00:00,validation,0.0,0.0,0.0,0.0,0.03292082721228418,0.03384736800565084,0.02597608465756145,0.0,0.0,0.0
2019-05-25 17:00:00+00:00,2019-05-25 17:15:00+00:00,validation,0.0,0.0,0.0,0.0,0.03292082721228418,0.02937053036470833,0.022252049626400563,0.0,0.0,0.0
2019-05-25 17:15:00+00:00,2019-05-25 17:30:00+00:00,validation,0.0,0.0,0.0,0.0,0.035546791945352166,0.02937053036470833,0.022252049626400563,0.0,0.0,0.0
2019-05-25 17:30:00+00:00,2019-05-25 17:45:00+00:00,validation,0.0,0.0,0.0,0.0,0.035546791945352166,0.03384736800565084,0.02597608465756145,0.0,0.0,0.0
2019-05-25 17:45:00+00:00,2019-05-25 18:00:00+00:00,validation,0.0,0.0,0.0,0.0,0.035546791945352166,0.03384736800565084,0.02597608465756145,0.0,0.0,0.0
2019-05-25 18:00:00+00:00,2019-05-25 18:15:00+00:00,validation,0.0,0.0,0.0,0.0,0.035546791945352166,0.02937053036470833,0.022252049626400563,0.0,0.0,0.0
2019-05-25 18:15:00+00:00,2019-05-25 18:30:00+00:00,validation,0.0,0.0,0.0,0.0,0.035546791945352166,0.02937053036470833,0.022252049626400563,0.0,0.0,0.0
2019-05-25 18:30:00+00:00,2019-05-25 18:45:00+00:00,validation,0.0,0.0,0.0,0.0,0.03659106976868172,0.02937053036470833,0.022252049626400563,0.0,0.016034605664829726,0.0
2019-05-25 18:45:00+00:00,2019-05-25 19:00:00+00:00,validation,0.0,0.0,0.0,0.0,0.03659106976868172,0.03251949754893524,0.022252049626400563,0.0,0.044755745150697024,0.0
2019-05-25 19:00:00+00:00,2019-05-25 19:15:00+00:00,validation,0.0,0.0,0.0,0.0,0.03659106976868172,0.03806648478211313,0.02597608465756145,0.0,0.04560839692995877,0.0
2019-05-25 19:15:00+00:00,2019-05-25 19:30:00+00:00,validation,0.0,0.0,0.0,0.0,0.03659106976868172,0.040845798802776306,0.02597608465756145,0.0,0.137615329428308,0.0
2019-05-25 19:30:00+00:00,2019-05-25 19:45:00+00:00,validation,0.0,0.0,0.0,0.0,0.03659106976868172,0.03384736800565084,0.02597608465756145,0.0,0.16131259509942186,0.0
2019-05-25 19:45:00+00:00,2019-05-25 20:00:00+00:00,validation,0.0,0.0,0.0,0.0,0.03659106976868172,0.03384736800565084,0.02597608465756145,0.0,0.2024186309468261,0.0
2019-05-25 20:00:00+00:00,2019-05-25 20:15:00+00:00,validation,0.0,0.0,0.0,0.0,0.03659106976868172,0.03384736800565084,0.02597608465756145,0.0,0.20113526275542526,0.0
2019-05-25 20:15:00+00:00,2019-05-25 20:30:00+00:00,validation,0.0,0.0,0.0,0.0,0.03659106976868172,0.03384736800565084,0.02597608465756145,0.0,0.2538861846146512,0.0
2019-05-25 20:30:00+00:00,2019-05-25 20:45:00+00:00,validation,0.0,0.0,0.0,0.0,0.03659106976868172,0.03384736800565084,0.02597608465756145,0.0,0.31168805958559354,0.0
2019-05-25 20:45:00+00:00,2019-05-25 21:00:00+00:00,validation,0.0,0.0,0.0,0.0,0.03659106976868172,0.03384736800565084,0.02597608465756145,0.0,0.34432211318941164,0.0
2019-05-25 21:00:00+00:00,2019-05-25 21:15:00+00:00,validation,0.032347,6.0,0.0,0.08183,0.03659106976868172,0.02937053036470833,0.022252049626400563,0.008529239391977307,0.4250383975882137,0.2988797447669036
2019-05-25 21:15:00+00:00,2019-05-25 21:30:00+00:00,validation,0.237371,10.0,0.032347,0.428326,0.04717027064485906,0.02937053036470833,0.022252049626400563,0.02118986872116118,0.5020347519910073,0.27685845379793683
2019-05-25 21:30:00+00:00,2019-05-25 21:45:00+00:00,validation,0.707943,26.0,0.237371,0.839412,0.3345833817055431,0.2545062621784926,0.2683482504166567,0.33560737626561893,0.8155638990224876,0.0
2019-05-25 21:45:00+00:00,2019-05-25 22:00:00+00:00,validation,1.440633,47.0,0.707943,1.27102,0.764373683116266,0.6604221469843111,0.5951957095660462,0.6645444967884985,1.1893145514106855,0.3553626449365286
2019-05-25 22:00:00+00:00,2019-05-25 22:15:00+00:00,validation,1.747102,57.0,1.440633,1.752625,1.6149865846411873,1.6385970468725441,1.5758521242696673,1.573277820796048,1.913598935236812,0.0
2019-05-25 22:15:00+00:00,2019-05-25 22:30:00+00:00,validation,2.410297,78.0,1.747102,2.370649,2.3311299798252825,2.111094374497113,2.127295660233913,2.183753947819021,2.2902184692879315,0.5133950723839575
2019-05-25 22:30:00+00:00,2019-05-25 22:45:00+00:00,validation,3.012352,100.0,2.410297,3.251555,2.8290028317392224,2.7728973382268602,2.8603801589685345,2.8482261011143084,2.8345583355714075,1.4929491279281217
2019-05-25 22:45:00+00:00,2019-05-25 23:00:00+00:00,validation,3.823531,127.0,3.012352,4.36636,4.037069556938442,3.639940773058056,3.8639158127180093,3.8397120766015096,3.451566690927857,2.506224732641332
2019-05-25 23:00:00+00:00,2019-05-25 23:15:00+00:00,validation,4.471578,156.0,3.823531,5.777297,4.935481596310413,4.568996623690698,4.567397359710921,4.625186690996134,4.764427394707125,4.209184414817408
2019-05-25 23:15:00+00:00,2019-05-25 23:30:00+00:00,validation,5.455188,190.0,4.471578,7.290938000000001,5.941751343253421,5.980094678761651,5.787702433562799,5.819489644800433,5.393075933392089,5.133560678462243
2019-05-25 23:30:00+00:00,2019-05-25 23:45:00+00:00,validation,7.241282000000001,249.0,5.455188,8.898313,6.613988736317224,6.304237582913977,6.506812459699423,6.392322079099746,6.266853029176572,6.09790545486258
2019-05-25 23:45:00+00:00,2019-05-26 00:00:00+00:00,validation,8.850844,300.0,7.241282000000001,10.60566,8.459620609682702,7.630197197526181,7.723528376278557,7.6767935382236825,7.674711122209414,8.01957944422987
2019-05-26 00:00:00+00:00,2019-05-26 00:15:00+00:00,validation,9.604438,327.0,8.850844,12.34866,10.257559380014174,9.74899133169695,9.872945430638815,9.923828844722404,9.9897634078669,10.815793918714993
2019-05-26 00:15:00+00:00,2019-05-26 00:30:00+00:00,validation,9.244594,271.0,9.604438,13.88756,10.930489664609636,10.435187216732741,10.514975288519336,10.639757203537894,10.818068801407518,11.466437420815925
2019-05-26 00:30:00+00:00,2019-05-26 00:45:00+00:00,validation,12.37359,401.0,9.244594,15.39169,10.307590782135827,9.780818146881876,10.227550067065506,10.054710758970842,10.500810457512266,11.057183363171186
2019-05-26 00:45:00+00:00,2019-05-26 01:00:00+00:00,validation,13.41813,452.0,12.37359,16.763691,14.536698095268862,13.362104041366635,13.608146117330344,13.4202771368814,12.937899942407906,12.935060455736387
2019-05-26 01:00:00+00:00,2019-05-26 01:15:00+00:00,validation,12.95547,455.0,13.41813,18.09981,16.219783138297526,15.0504596697521,15.674511433666238,15.359028744219234,14.838989063246977,15.719712594903978
2019-05-26 01:15:00+00:00,2019-05-26 01:30:00+00:00,validation,9.635938,311.0,12.95547,19.407499,16.76579445533459,14.453995973345714,15.773121276456727,15.61376707301604,14.466425203717915,15.513779252239617
2019-05-26 01:30:00+00:00,2019-05-26 01:45:00+00:00,validation,11.4835,468.0,9.635938,20.619381,10.117349814417043,9.565860157594,10.033172899453438,10.55247294697499,11.76064730334509,13.488785802099072
2019-05-26 01:45:00+00:00,2019-05-26 02:00:00+00:00,validation,16.95138,536.0,11.4835,21.87063,12.244247368419845,12.794087777430818,13.76947919633451,13.044048107955362,12.96934758616981,15.12949816190117
2019-05-26 02:00:00+00:00,2019-05-26 02:15:00+00:00,validation,17.903379,593.0,16.95138,22.87731,18.598538886928335,17.875544196796582,19.251912612769114,18.53078771603611,17.42850301132424,17.326186765830577
2019-05-26 02:15:00+00:00,2019-05-26 02:30:00+00:00,validation,18.78056,626.0,17.903379,23.758869,19.589730378988598,19.588784083822866,19.901685670516493,18.73001709914837,18.679985619434227,18.49790591335502
2019-05-26 02:30:00+00:00,2019-05-26 02:45:00+00:00,validation,19.149811,642.0,18.78056,24.5175,19.200223590515108,17.58321754945601,18.09308467173897,17.851617637481553,19.187249158863388,18.470302733789836
2019-05-26 02:45:00+00:00,2019-05-26 03:00:00+00:00,validation,19.71244,667.0,19.149811,25.18688,19.484602399404476,18.965312530713025,19.078150033541682,18.774938468620032,19.461821628532945,19.295291275261526
2019-05-26 03:00:00+00:00,2019-05-26 03:15:00+00:00,validation,19.41713,657.0,19.71244,25.75388,20.603301160264287,20.064337437255592,20.49446274503985,19.78890962084934,20.715240775483387,20.68089705315859
2019-05-26 03:15:00+00:00,2019-05-26 03:30:00+00:00,validation,20.8985,684.0,19.41713,26.062309,20.764112354433333,20.993067171913786,20.419047857299585,20.072893236894085,20.408766582795224,21.286892778478247
2019-05-26 03:30:00+00:00,2019-05-26 03:45:00+00:00,validation,21.887251000000003,728.0,20.8985,26.24431,22.06635599462918,22.20089846296874,21.625959145241506,21.33364177399833,21.054302485619786,21.206373918826696
2019-05-26 03:45:00+00:00,2019-05-26 04:00:00+00:00,validation,20.945311,732.0,21.887251000000003,26.371189,22.205010205738798,22.531205826392046,22.481040504412597,22.329367866373197,21.9972744320173,21.713520347802916
2019-05-26 04:00:00+00:00,2019-05-26 04:15:00+00:00,validation,9.122313,312.0,20.945311,26.81744,20.839746202660812,20.687663189826882,19.736315870972327,20.65321889676942,21.063223393920673,20.525521405348513
2019-05-26 04:15:00+00:00,2019-05-26 04:30:00+00:00,validation,10.65203,367.0,9.122313,26.872999,10.458236575445133,10.577070611175156,10.560381760373915,10.496213859440628,12.38257006420714,11.610910877342285
2019-05-26 04:30:00+00:00,2019-05-26 04:45:00+00:00,validation,20.88756,724.0,10.65203,26.631941,13.151857833058234,13.369433920036107,13.581458038022522,13.135409249586113,11.80497980138916,9.72871667822087
2019-05-26 04:45:00+00:00,2019-05-26 05:00:00+00:00,validation,22.333941,741.0,20.88756,26.48188,20.763617703582526,20.750407246581563,19.853696145329685,19.927334596414887,19.133942789406753,18.16927021431391
2019-05-26 05:00:00+00:00,2019-05-26 05:15:00+00:00,validation,22.02594,673.0,22.333941,26.12575,21.053838135237182,22.049063325499432,22.180679658630122,21.656432043781194,21.489047049146077,18.531544620273475
2019-05-26 05:15:00+00:00,2019-05-26 05:30:00+00:00,validation,23.822309,742.0,22.02594,25.54344,19.322934771554188,19.918199065650906,19.24689786222166,20.013986484321066,20.897178183955536,18.913041399237322
2019-05-26 05:30:00+00:00,2019-05-26 05:45:00+00:00,validation,24.71394,775.0,23.822309,24.701691,20.401376785264894,21.979365124030767,21.337191512835535,20.623588601419375,22.414853654574106,20.1329441722934
2019-05-26 05:45:00+00:00,2019-05-26 06:00:00+00:00,validation,23.61931,741.0,24.71394,22.022869,22.78920086532776,23.015183644778666,22.795074800834428,22.471656230117084,24.22795061717754,20.533398702401016
2019-05-26 06:00:00+00:00,2019-05-26 06:15:00+00:00,validation,22.239441,687.0,23.61931,18.99581,22.925104599999106,22.91331815775538,23.032871431234952,21.83414442850117,23.02309414976368,18.62125583022137
2019-05-26 06:15:00+00:00,2019-05-26 06:30:00+00:00,validation,21.218309,650.0,22.239441,20.51088,21.101547883590257,21.426662074450686,20.895101944542123,20.19580025266412,21.386186655560756,17.896297454312723
2019-05-26 06:30:00+00:00,2019-05-26 06:45:00+00:00,validation,19.87738,604.0,21.218309,17.476379,19.480851975604295,18.909919281215743,18.832117687783644,18.418670367994693,20.693935035567804,18.521713386417915
2019-05-26 06:45:00+00:00,2019-05-26 07:00:00+00:00,validation,18.77969,566.0,19.87738,17.761629,17.69305965880784,17.382211941409608,17.415069870083588,16.736947721947296,18.971132061219734,16.83587635691451
2019-05-26 07:00:00+00:00,2019-05-26 07:15:00+00:00,validation,18.05431,547.0,18.77969,18.413059,16.553460863637362,16.3300391761076,16.42882505630909,15.87590471124685,18.497177305254173,14.734821852284298
2019-05-26 07:15:00+00:00,2019-05-26 07:30:00+00:00,validation,17.044121,501.0,18.05431,14.33447,15.490712037450415,15.45554561890265,15.53371935445487,15.215114075727383,17.849572782866527,13.330288273303745
2019-05-26 07:30:00+00:00,2019-05-26 07:45:00+00:00,validation,14.79494,460.0,17.044121,15.58769,15.04115970680917,14.957504616998966,15.166163700270033,15.328992385299122,16.624181855493006,10.65296129077578
2019-05-26 07:45:00+00:00,2019-05-26 08:00:00+00:00,validation,13.80094,427.0,14.79494,11.2105,12.539374483215598,12.655176554502598,12.943422520941038,13.491131306698563,14.25364332039704,8.271641532370445
2019-05-26 08:00:00+00:00,2019-05-26 08:15:00+00:00,validation,12.42981,365.0,13.80094,10.5875,11.031512249480292,11.12489858159895,11.26645244447631,11.00976363767759,12.994493075552949,8.404772676022535
2019-05-26 08:15:00+00:00,2019-05-26 08:30:00+00:00,validation,11.64822,344.0,12.42981,8.745406,9.615197653973892,9.67566235022692,9.69006818332805,9.841883335559066,12.011057938159338,7.179258543542761
2019-05-26 08:30:00+00:00,2019-05-26 08:45:00+00:00,validation,9.336469,278.0,11.64822,7.182,8.647918630010238,8.592022669648168,8.617249526086738,8.798184223469182,10.606806421877915,5.488025391902802
2019-05-26 08:45:00+00:00,2019-05-26 09:00:00+00:00,validation,7.424157000000001,220.0,9.336469,5.674266,7.1080338296756205,6.703610233844969,6.817188804084013,6.63482488852692,8.620111750909363,3.477181164200242
2019-05-26 09:00:00+00:00,2019-05-26 09:15:00+00:00,validation,6.3398129999999995,190.0,7.424157000000001,8.332406,5.209887307335036,4.9621800372109615,5.156704931048778,5.294463071665466,6.575181920017774,1.6197383104606722
2019-05-26 09:15:00+00:00,2019-05-26 09:30:00+00:00,validation,4.529984,138.0,6.3398129999999995,5.056188,4.62057716781303,4.323515897819441,4.334139058953169,4.449789454413943,5.6075812660539155,0.5341533759027666
2019-05-26 09:30:00+00:00,2019-05-26 09:45:00+00:00,validation,3.054078,91.0,4.529984,4.100469,3.2602927454328303,3.3039505242940956,3.433104128152153,3.2531238832938354,4.122544055696199,0.0
2019-05-26 09:45:00+00:00,2019-05-26 10:00:00+00:00,validation,1.222813,38.0,3.054078,1.806438,2.1434099656592873,2.0001128535128965,2.7882112076149697,2.6700116518605843,2.9013186631187837,0.0
2019-05-26 10:00:00+00:00,2019-05-26 10:15:00+00:00,validation,1.486434,47.0,1.222813,3.701141,0.9188373565990409,0.5479104734229312,0.5478804978831686,0.3548744811975235,0.8085184396219427,0.0
2019-05-26 10:15:00+00:00,2019-05-26 10:30:00+00:00,validation,2.747227,81.0,1.486434,1.4552889999999998,0.9287158131889777,0.9581814215915728,1.1211520150512042,0.9565418438926612,0.8377752068482804,0.0
2019-05-26 10:30:00+00:00,2019-05-26 10:45:00+00:00,validation,1.963281,61.0,2.747227,0.49499,1.662593555768959,1.7660569963847674,1.7583884924303559,1.6705446989269812,1.8002164634234497,0.0
2019-05-26 10:45:00+00:00,2019-05-26 11:00:00+00:00,validation,0.588615,21.0,1.963281,0.392376,1.2432166580650719,1.289196940451181,1.4327626604258001,1.3664030227707646,1.5265051156741718,0.0
2019-05-26 11:00:00+00:00,2019-05-26 11:15:00+00:00,validation,0.094821,4.0,0.588615,0.270683,0.34595971830829003,0.2318782985204386,0.27808313867578804,0.228007734101184,0.2704474527304148,0.0
2019-05-26 11:15:00+00:00,2019-05-26 11:30:00+00:00,validation,0.0,0.0,0.094821,0.0,0.10591278402896832,0.17856903016595496,0.12845824294501348,0.0,0.0,0.0
2019-05-26 11:30:00+00:00,2019-05-26 11:45:00+00:00,validation,0.0,0.0,0.0,0.0,0.029922302266568186,0.01651218608150803,0.02182822175720061,0.0,0.0,0.0
2019-05-26 11:45:00+00:00,2019-05-26 12:00:00+00:00,validation,0.0,0.0,0.0,0.0,0.029922302266568186,0.017504290667790683,0.02182822175720061,0.0,0.0,0.0
2019-05-26 12:00:00+00:00,2019-05-26 12:15:00+00:00,validation,0.0,0.0,0.0,0.0,0.029922302266568186,0.024502721464916135,0.02182822175720061,0.0,0.0,0.0
2019-05-26 12:15:00+00:00,2019-05-26 12:30:00+00:00,validation,0.0,0.0,0.0,0.0,0.02772174774140006,0.024502721464916135,0.02182822175720061,0.0,0.0,0.0
2019-05-26 12:30:00+00:00,2019-05-26 12:45:00+00:00,validation,0.0,0.0,0.0,0.0,0.02772174774140006,0.024502721464916135,0.02182822175720061,0.0,0.0,0.0
2019-05-26 12:45:00+00:00,2019-05-26 13:00:00+00:00,validation,0.0,0.0,0.0,0.0,0.02772174774140006,0.03540966813496937,0.03801094423350853,0.0,0.0,0.0
2019-05-26 13:00:00+00:00,2019-05-26 13:15:00+00:00,validation,0.0,0.0,0.0,0.0,0.02772174774140006,0.024740467245460532,0.03206356608811047,0.01391528641683935,0.0,0.0
2019-05-26 13:15:00+00:00,2019-05-26 13:30:00+00:00,validation,0.0,0.0,0.0,0.0,0.02772174774140006,0.018812186040570444,0.03206356608811047,0.011486651826734577,0.0,0.0
2019-05-26 13:30:00+00:00,2019-05-26 13:45:00+00:00,validation,0.0,0.0,0.0,0.0,0.02772174774140006,0.014593069264108147,0.03206356608811047,0.011486651826734577,0.0,0.0
2019-05-26 13:45:00+00:00,2019-05-26 14:00:00+00:00,validation,0.0,0.0,0.0,0.0,0.02772174774140006,0.019786208593145876,0.03206356608811047,0.014474567957543708,0.0,0.0
2019-05-26 14:00:00+00:00,2019-05-26 14:15:00+00:00,validation,0.0,0.0,0.0,0.0,0.02772174774140006,0.027312514591452702,0.035027227247527014,0.014474567957543708,0.00999495380135329,0.0
2019-05-26 14:15:00+00:00,2019-05-26 14:30:00+00:00,validation,0.0,0.0,0.0,0.0,0.02772174774140006,0.027312514591452702,0.035027227247527014,0.014474567957543708,0.0,0.0
2019-05-26 14:30:00+00:00,2019-05-26 14:45:00+00:00,validation,0.0,0.0,0.0,0.0,0.02772174774140006,0.020314083794327233,0.035027227247527014,0.014474567957543708,0.0,0.0
2019-05-26 14:45:00+00:00,2019-05-26 15:00:00+00:00,validation,0.0,0.0,0.0,0.0,0.02772174774140006,0.026752187552791004,0.0026082680422304795,0.022022033467081113,0.0,0.0
2019-05-26 15:00:00+00:00,2019-05-26 15:15:00+00:00,validation,0.0,0.0,0.0,0.0,0.02772174774140006,0.02479092143526976,0.044379539550417534,0.022022033467081113,0.0,0.0
2019-05-26 15:15:00+00:00,2019-05-26 15:30:00+00:00,validation,0.0,0.0,0.0,0.0,0.02772174774140006,0.04712440417768333,0.058479361641787804,0.03200968522325561,0.0,0.0
2019-05-26 15:30:00+00:00,2019-05-26 15:45:00+00:00,validation,0.0,0.0,0.0,0.0,0.02772174774140006,0.030784642947764607,0.044379539550417534,0.022022033467081113,0.0,0.0
2019-05-26 15:45:00+00:00,2019-05-26 16:00:00+00:00,validation,0.0,0.0,0.0,0.0,0.02772174774140006,0.030784642947764607,0.044379539550417534,0.022022033467081113,0.0,0.0
2019-05-26 16:00:00+00:00,2019-05-26 16:15:00+00:00,validation,0.0,0.0,0.0,0.0,0.02772174774140006,0.04747219250755852,0.0,0.018957410371331432,0.0,0.0
2019-05-26 16:15:00+00:00,2019-05-26 16:30:00+00:00,validation,0.0,0.0,0.0,0.0,0.02772174774140006,0.3089331163153874,0.023179330990917416,0.1190770606688914,0.0,0.0
2019-05-26 16:30:00+00:00,2019-05-26 16:45:00+00:00,validation,0.0,0.0,0.0,0.0,0.03292082721228418,0.03384736800565084,0.048371957065095124,0.022022033467081113,0.0,0.0
2019-05-26 16:45:00+00:00,2019-05-26 17:00:00+00:00,validation,0.0,0.0,0.0,0.0,0.03292082721228418,0.2773780467530298,0.023179330990917416,0.1190770606688914,0.0,0.0
2019-05-26 17:00:00+00:00,2019-05-26 17:15:00+00:00,validation,0.0,0.0,0.0,0.0,0.03292082721228418,0.03384736800565084,0.048371957065095124,0.022022033467081113,0.0,0.0
2019-05-26 17:15:00+00:00,2019-05-26 17:30:00+00:00,validation,0.0,0.0,0.0,0.0,0.035546791945352166,0.2773780467530298,0.023179330990917416,0.1190770606688914,0.0,0.0
2019-05-26 17:30:00+00:00,2019-05-26 17:45:00+00:00,validation,0.0,0.0,0.0,0.0,0.035546791945352166,0.03384736800565084,0.048371957065095124,0.022022033467081113,0.0,0.0
2019-05-26 17:45:00+00:00,2019-05-26 18:00:00+00:00,validation,0.0,0.0,0.0,0.0,0.035546791945352166,0.3119958413732736,0.023179330990917416,0.1190770606688914,0.06428934672361741,0.0
2019-05-26 18:00:00+00:00,2019-05-26 18:15:00+00:00,validation,0.0,0.0,0.0,0.0,0.035546791945352166,0.0,0.0,0.0,0.26696973673040425,0.0
2019-05-26 18:15:00+00:00,2019-05-26 18:30:00+00:00,validation,0.0,0.0,0.0,0.0,0.035546791945352166,0.03715977360193795,0.04177309544602464,0.07076066947170512,0.20214670655224687,0.0
2019-05-26 18:30:00+00:00,2019-05-26 18:45:00+00:00,validation,0.0,0.0,0.0,0.0,0.03659106976868172,0.0,0.0,0.0,0.32979609121672926,0.0
2019-05-26 18:45:00+00:00,2019-05-26 19:00:00+00:00,validation,0.0,0.0,0.0,0.0,0.03659106976868172,0.3119958413732736,0.023179330990917416,0.1190770606688914,0.3268053300482032,0.0
2019-05-26 19:00:00+00:00,2019-05-26 19:15:00+00:00,validation,0.0,0.0,0.0,0.0,0.03659106976868172,0.0,0.0,0.0,0.5690577081536246,0.0
2019-05-26 19:15:00+00:00,2019-05-26 19:30:00+00:00,validation,0.0,0.0,0.0,0.0,0.03659106976868172,0.016886915443254075,0.023179330990917416,0.1190770606688914,0.56248894803214,0.0
2019-05-26 19:30:00+00:00,2019-05-26 19:45:00+00:00,validation,0.0,0.0,0.0,0.0,0.03659106976868172,0.03715977360193795,0.048761557630326476,0.022022033467081113,0.5472517900327718,0.0
2019-05-26 19:45:00+00:00,2019-05-26 20:00:00+00:00,validation,0.0,0.0,0.0,0.0,0.03659106976868172,0.0,0.023179330990917416,0.07660522224162812,0.6885195722663271,0.0
2019-05-26 20:00:00+00:00,2019-05-26 20:15:00+00:00,validation,0.0,0.0,0.0,0.0,0.03659106976868172,0.0,0.0,0.0,0.9259114403921087,0.0
2019-05-26 20:15:00+00:00,2019-05-26 20:30:00+00:00,validation,0.010733,0.0,0.0,0.0,0.03659106976868172,0.03619870322306482,0.023179330990917416,0.1190770606688914,0.9238102232371919,0.0
2019-05-26 20:30:00+00:00,2019-05-26 20:45:00+00:00,validation,0.0,0.0,0.010733,0.0,0.03659106976868172,0.03715977360193795,0.048761557630326476,0.022022033467081113,0.8979050532928605,0.0
2019-05-26 20:45:00+00:00,2019-05-26 21:00:00+00:00,validation,0.0,0.0,0.0,0.0,0.03659106976868172,0.03384736800565084,0.048371957065095124,0.022022033467081113,0.8945608578423432,0.0
2019-05-26 21:00:00+00:00,2019-05-26 21:15:00+00:00,validation,0.1275349999999999,6.0,0.0,0.032347,0.03659106976868172,0.0,0.0,0.0,1.2930100235213864,0.0
2019-05-26 21:15:00+00:00,2019-05-26 21:30:00+00:00,validation,0.577856,24.0,0.1275349999999999,0.237371,0.2692863252493209,0.1574604036255527,0.17635478594592177,0.20033832495072335,1.397998353399343,0.0
2019-05-26 21:30:00+00:00,2019-05-26 21:45:00+00:00,validation,1.126672,42.0,0.577856,0.707943,0.6595062923199786,0.6741125694691379,0.6015920988228534,0.6534829366156563,1.649398286872291,0.459854390408279
2019-05-26 21:45:00+00:00,2019-05-26 22:00:00+00:00,validation,1.486215,58.0,1.126672,1.440633,1.4673221459596453,1.476432079399442,1.4858399860238523,1.4891235833073238,2.1708437026032223,0.5954045779530475
2019-05-26 22:00:00+00:00,2019-05-26 22:15:00+00:00,validation,1.82525,78.0,1.486215,1.747102,1.6149865846411873,1.6740857665002251,1.5982910833788586,1.5519375867191072,2.617027922207698,0.7873637819920969
2019-05-26 22:15:00+00:00,2019-05-26 22:30:00+00:00,validation,2.360969,93.0,1.82525,2.410297,2.3311299798252825,2.2182406425998082,2.103985611100821,2.0849885404073247,3.071986837220149,1.3062751836596567
2019-05-26 22:30:00+00:00,2019-05-26 22:45:00+00:00,validation,3.3877269999999995,129.0,2.360969,3.012352,2.6088684355265603,2.5818975388941117,2.6166807810064308,2.5148889471135236,3.4335525468160673,2.2557829713682764
2019-05-26 22:45:00+00:00,2019-05-26 23:00:00+00:00,validation,5.075,195.0,3.3877269999999995,3.823531,4.506273126013201,4.3376867963042915,4.4272347693508465,4.543636599989212,4.41162736410735,3.2814887489752946
2019-05-26 23:00:00+00:00,2019-05-26 23:15:00+00:00,validation,6.955266,261.0,5.075,4.471578,6.1145483806071566,6.151722244624776,6.094184102484485,6.192529934210453,6.5586512185814,6.31494602914361
2019-05-26 23:15:00+00:00,2019-05-26 23:30:00+00:00,validation,9.265157,339.0,6.955266,5.455188,8.494136062760784,8.465210291755891,8.184310401865593,8.058222402503382,8.142480417822487,9.192631988521569
2019-05-26 23:30:00+00:00,2019-05-26 23:45:00+00:00,validation,12.77631,470.0,9.265157,7.241282000000001,10.71849451049903,11.580861295096714,11.310889883110391,11.355076916275534,10.235704184192924,11.570702850230612
2019-05-26 23:45:00+00:00,2019-05-27 00:00:00+00:00,validation,13.35884,480.0,12.77631,8.850844,14.37946522827672,14.177940818361321,14.27452104959971,14.504911623745999,13.285881718416935,15.342432704882043
2019-05-27 00:00:00+00:00,2019-05-27 00:15:00+00:00,validation,14.38981,536.0,13.35884,9.604438,15.243898784923253,14.686350742579124,15.218884688776127,15.289245206174433,15.013052807994136,18.67898835160984
2019-05-27 00:15:00+00:00,2019-05-27 00:30:00+00:00,validation,14.15313,483.0,14.38981,9.244594,15.902715453954423,16.089363851639604,15.772795137865385,15.735806884592455,15.970897139028605,19.276634087347396
2019-05-27 00:30:00+00:00,2019-05-27 00:45:00+00:00,validation,19.92288,661.0,14.15313,12.37359,15.631935359722174,16.478331600115673,15.743854833709632,15.738632417713967,15.961264384257023,18.809052796254324
2019-05-27 00:45:00+00:00,2019-05-27 01:00:00+00:00,validation,21.70569,678.0,19.92288,13.41813,20.385470834919506,21.45859988702381,20.785635459638957,20.67903931154378,20.470111870910394,22.319800040821676
2019-05-27 01:00:00+00:00,2019-05-27 01:15:00+00:00,validation,22.56669,713.0,21.70569,12.95547,22.575047593277866,22.99820785745132,23.066329853012473,23.014078185261454,22.885311985445423,24.084681397307094
2019-05-27 01:15:00+00:00,2019-05-27 01:30:00+00:00,validation,24.57963,772.0,22.56669,9.635938,23.76426238815304,23.86036393770105,23.73096635338157,24.051566119106496,23.58221643265435,25.378481367638464
2019-05-27 01:30:00+00:00,2019-05-27 01:45:00+00:00,validation,22.012369,689.0,24.57963,11.4835,24.306511841847474,24.50914014720689,24.488756661605308,24.72192519800633,25.162104794703488,26.064769504421633
2019-05-27 01:45:00+00:00,2019-05-27 02:00:00+00:00,validation,24.882811,770.0,22.012369,16.95138,24.109583610972827,24.33053166619714,24.457099069716172,24.346864670180537,23.339495537172702,25.6438442005605
2019-05-27 02:00:00+00:00,2019-05-27 02:15:00+00:00,validation,27.681499,887.0,24.882811,17.903379,24.928875381542277,25.171582476954722,24.839108166581873,24.94624148382713,25.86673722507335,25.454663875011875
2019-05-27 02:15:00+00:00,2019-05-27 02:30:00+00:00,validation,27.895,878.0,27.681499,18.78056,27.432584823003996,27.773390368711652,27.813069036005455,27.52336178327286,27.847310420244774,29.679317372623736
2019-05-27 02:30:00+00:00,2019-05-27 02:45:00+00:00,validation,28.775249,915.0,27.895,19.149811,28.342592662446783,28.730196018116533,28.764485830669056,28.55949878444611,28.502601176281786,27.917539420645248
2019-05-27 02:45:00+00:00,2019-05-27 03:00:00+00:00,validation,29.460381,941.0,28.775249,19.71244,28.816528226160493,28.680973838456865,28.83084835975889,28.386377554840628,28.708613584488397,30.45069864285722
2019-05-27 03:00:00+00:00,2019-05-27 03:15:00+00:00,validation,30.02388,960.0,29.460381,19.41713,28.835475207727285,29.21587197354371,29.522384953248718,29.104085669707917,29.476043122772722,31.854191972240038
2019-05-27 03:15:00+00:00,2019-05-27 03:30:00+00:00,validation,30.633751,982.0,30.02388,20.8985,29.55421984290576,29.95038425818365,29.813051358239882,29.838184392305006,30.504759534935232,30.738764945521034
2019-05-27 03:30:00+00:00,2019-05-27 03:45:00+00:00,validation,30.989,997.0,30.633751,21.887251000000003,29.80258150529547,29.604181057838026,29.388334705611182,29.279925153106955,30.128855193406032,32.08439606193021
2019-05-27 03:45:00+00:00,2019-05-27 04:00:00+00:00,validation,30.91988,997.0,30.989,20.945311,30.661318619196564,30.891502875188458,30.820264861983226,30.58651482873648,30.451936456061723,31.327558661771448
2019-05-27 04:00:00+00:00,2019-05-27 04:15:00+00:00,validation,30.844629,995.0,30.91988,9.122313,31.03452617024303,31.19008119662736,31.443559726528473,30.970382362192815,30.681008148894215,32.09605244766608
2019-05-27 04:15:00+00:00,2019-05-27 04:30:00+00:00,validation,30.907631,985.0,30.844629,10.65203,30.353481743742183,31.120810428098775,30.981965299981223,30.794885709198248,30.450794449173415,32.086468369160215
2019-05-27 04:30:00+00:00,2019-05-27 04:45:00+00:00,validation,30.901501,980.0,30.907631,20.88756,30.247667048714426,30.530511274908047,30.401568765431456,30.148487013753478,30.138163086651204,31.96873027082269
2019-05-27 04:45:00+00:00,2019-05-27 05:00:00+00:00,validation,30.928631,972.0,30.901501,22.333941,30.127419805804873,30.421693749503856,30.143042500943544,30.009615019297133,29.821730112327288,31.55762702827301
2019-05-27 05:00:00+00:00,2019-05-27 05:15:00+00:00,validation,30.46138,941.0,30.928631,22.02594,29.23474907713477,29.890514971195685,29.3693728097129,29.502826264044796,29.742241905743896,30.86460345242233
2019-05-27 05:15:00+00:00,2019-05-27 05:30:00+00:00,validation,29.82613,911.0,30.46138,23.822309,29.34502680133925,29.510981297252464,29.36204824720484,29.394113145583606,28.96965696458546,30.5527533899105
2019-05-27 05:30:00+00:00,2019-05-27 05:45:00+00:00,validation,29.46913,891.0,29.82613,24.71394,29.517477324389446,29.79339883640312,29.742540180350446,29.529312607328475,28.58580230257177,29.650086873183362
2019-05-27 05:45:00+00:00,2019-05-27 06:00:00+00:00,validation,28.819000000000003,863.0,29.46913,23.61931,28.760944358622126,28.868907718875295,29.08263075149044,29.02629732888173,27.911494821791067,29.871351755240326
2019-05-27 06:00:00+00:00,2019-05-27 06:15:00+00:00,validation,28.185499,841.0,28.819000000000003,22.239441,27.51454013445021,27.03940225554383,27.1337803586921,26.79314713705593,26.735827857989776,27.49106024511201
2019-05-27 06:15:00+00:00,2019-05-27 06:30:00+00:00,validation,26.967501,797.0,28.185499,21.218309,27.024324126787928,26.59405159758994,26.517730650371462,26.318664382517625,26.061748877173308,27.40126248873994
2019-05-27 06:30:00+00:00,2019-05-27 06:45:00+00:00,validation,25.61256,758.0,26.967501,19.87738,26.084543846483093,25.44045401448227,25.68804520498234,25.643877378734434,24.98068954201556,25.431885030497433
2019-05-27 06:45:00+00:00,2019-05-27 07:00:00+00:00,validation,23.410191,635.0,25.61256,18.77969,24.67005216091998,24.388669682469757,24.144253021278313,24.20696000564615,23.76555370275031,25.14492168164528
2019-05-27 07:00:00+00:00,2019-05-27 07:15:00+00:00,validation,12.82684,399.0,23.410191,18.05431,20.760637724368294,20.909917660939016,21.480978814281357,21.302743462364603,21.3109758050964,21.421029581413002
2019-05-27 07:15:00+00:00,2019-05-27 07:30:00+00:00,validation,21.208691,627.0,12.82684,17.044121,15.59352217465595,14.461053345381062,14.500899583157757,15.202872633032051,13.239020246207456,14.145350249773694
2019-05-27 07:30:00+00:00,2019-05-27 07:45:00+00:00,validation,19.30163,557.0,21.208691,14.79494,18.38269013725357,17.345272042128,18.178642155007626,18.542986139903,17.969706844711368,18.189292928725045
2019-05-27 07:45:00+00:00,2019-05-27 08:00:00+00:00,validation,16.165620999999998,462.0,19.30163,13.80094,15.904424338904255,15.477542018980909,16.55349830136245,16.246647554552307,17.58708183653095,18.183241783615394
2019-05-27 08:00:00+00:00,2019-05-27 08:15:00+00:00,validation,12.85463,371.0,16.165620999999998,12.42981,13.762152694485057,13.07887851567297,13.477953749139925,13.78810354362163,14.317011387380685,13.41481561652254
2019-05-27 08:15:00+00:00,2019-05-27 08:30:00+00:00,validation,8.406344,238.0,12.85463,11.64822,11.98323280136698,11.6050911267972,11.66285966350593,12.270382749906526,10.820371113846154,11.04728712087733
2019-05-27 08:30:00+00:00,2019-05-27 08:45:00+00:00,validation,10.41447,279.0,8.406344,9.336469,8.25877921038452,7.107349726491802,7.0318102680582,7.7473217629114295,7.705557616589901,7.065263321223078
2019-05-27 08:45:00+00:00,2019-05-27 09:00:00+00:00,validation,9.145938,270.0,10.41447,7.424157000000001,8.30485472753674,7.910262007923746,8.19539189763989,8.440330123896473,9.213656498090389,8.148596105317996
2019-05-27 09:00:00+00:00,2019-05-27 09:15:00+00:00,validation,6.430156,182.0,9.145938,6.3398129999999995,7.772828375823537,6.913766096435587,6.6637782482840775,7.049981242252536,7.046952026680645,5.607383524788993
2019-05-27 09:15:00+00:00,2019-05-27 09:30:00+00:00,validation,6.244219,174.0,6.430156,4.529984,4.622806602699085,5.020918319855649,5.355599228486395,5.239710481728455,5.4445327241173835,3.8653418762367098
2019-05-27 09:30:00+00:00,2019-05-27 09:45:00+00:00,validation,5.733766,144.0,6.244219,3.054078,4.515350664661312,4.618283153003514,4.5398447309003105,4.579442749174407,4.784786549543959,3.6995999624536626
2019-05-27 09:45:00+00:00,2019-05-27 10:00:00+00:00,validation,3.358031,94.0,5.733766,1.222813,4.001640411695273,3.911593340061072,3.8553173893996475,3.8831770375493906,4.366224313408638,3.3713530060933468
2019-05-27 10:00:00+00:00,2019-05-27 10:15:00+00:00,validation,2.462687,81.0,3.358031,1.486434,2.344133623776317,2.541232575527463,2.2557144365083865,2.4458692553294514,3.0190816988241322,1.5538131104402977
2019-05-27 10:15:00+00:00,2019-05-27 10:30:00+00:00,validation,1.80332,53.0,2.462687,2.747227,1.452412107539767,1.4571711022179652,1.5021310959526752,1.4559755541586301,1.4131842712743392,0.0
2019-05-27 10:30:00+00:00,2019-05-27 10:45:00+00:00,validation,1.051477,29.0,1.80332,1.963281,1.1755127207519704,1.2479727148921507,1.2371510868756215,1.1747658645611356,1.3119879422250964,0.0
2019-05-27 10:45:00+00:00,2019-05-27 11:00:00+00:00,validation,0.623369,18.0,1.051477,0.588615,0.6732779171742139,0.647025747185563,0.4926250824454548,0.5040874086377826,0.36099740521041923,1.5745591725807886
2019-05-27 11:00:00+00:00,2019-05-27 11:15:00+00:00,validation,0.235922,6.0,0.623369,0.094821,0.34595971830829003,0.1216171647854773,0.17051595301984573,0.14402724425791333,0.5499977654096551,0.0
2019-05-27 11:15:00+00:00,2019-05-27 11:30:00+00:00,validation,0.033968,0.0,0.235922,0.0,0.05114743848206895,0.10517936723627361,0.15673731165942578,0.10392598801263278,0.03164666435839969,0.0
2019-05-27 11:30:00+00:00,2019-05-27 11:45:00+00:00,validation,0.0,0.0,0.033968,0.0,0.029922302266568186,0.023510616878633483,0.024009495845934512,0.0074392704387168385,0.0,0.0
2019-05-27 11:45:00+00:00,2019-05-27 12:00:00+00:00,validation,0.0,0.0,0.0,0.0,0.029922302266568186,0.038320889538651905,0.04126988917822327,0.02497438770442873,0.0,0.0
2019-05-27 12:00:00+00:00,2019-05-27 12:15:00+00:00,validation,0.0,0.0,0.0,0.0,0.02772174774140006,0.038320889538651905,0.03962875453200002,0.03291797355830593,0.0,0.0
2019-05-27 12:15:00+00:00,2019-05-27 12:30:00+00:00,validation,0.0,0.0,0.0,0.0,0.02772174774140006,0.024502721464916135,0.024009495845934512,0.01538285629259404,0.19554939540769656,0.0
2019-05-27 12:30:00+00:00,2019-05-27 12:45:00+00:00,validation,0.0,0.0,0.0,0.0,0.02772174774140006,0.03151036590417724,0.024009495845934512,0.022930321802131445,0.00604080311686328,0.0
2019-05-27 12:45:00+00:00,2019-05-27 13:00:00+00:00,validation,0.0,0.0,0.0,0.0,0.02772174774140006,0.024502721464916135,0.024009495845934512,0.01538285629259404,0.03750449999670913,0.0
2019-05-27 13:00:00+00:00,2019-05-27 13:15:00+00:00,validation,0.0,0.0,0.0,0.0,0.02772174774140006,0.019069906905050678,0.027170067086852972,0.022930321802131445,0.16692513757915428,0.0
2019-05-27 13:15:00+00:00,2019-05-27 13:30:00+00:00,validation,0.0,0.0,0.0,0.0,0.02772174774140006,0.014593069264108147,0.024009495845934512,0.01538285629259404,0.19685888885345193,0.0
2019-05-27 13:30:00+00:00,2019-05-27 13:45:00+00:00,validation,0.0,0.0,0.0,0.0,0.02772174774140006,0.021591500061233615,0.024009495845934512,0.01538285629259404,0.21534532322842548,0.0
2019-05-27 13:45:00+00:00,2019-05-27 14:00:00+00:00,validation,0.0,0.0,0.0,0.0,0.02772174774140006,0.02400532536960817,0.024009495845934512,0.08579771103152978,0.2536521238544358,0.0
2019-05-27 14:00:00+00:00,2019-05-27 14:15:00+00:00,validation,0.0,0.0,0.0,0.0,0.02772174774140006,0.027312514591452702,0.024009495845934512,0.01837077242340317,0.30037086351020204,0.0
2019-05-27 14:15:00+00:00,2019-05-27 14:30:00+00:00,validation,0.0,0.0,0.0,0.0,0.02772174774140006,0.027312514591452702,0.024009495845934512,0.01837077242340317,0.31104814127098646,0.0
2019-05-27 14:30:00+00:00,2019-05-27 14:45:00+00:00,validation,0.0,0.0,0.0,0.0,0.02772174774140006,0.027312514591452702,0.024009495845934512,0.01837077242340317,0.3286343328455468,0.0
2019-05-27 14:45:00+00:00,2019-05-27 15:00:00+00:00,validation,0.0,0.0,0.0,0.0,0.02772174774140006,0.027312514591452702,0.024009495845934512,0.01837077242340317,0.30521508189714464,0.0
2019-05-27 15:00:00+00:00,2019-05-27 15:15:00+00:00,validation,0.0,0.0,0.0,0.0,0.02772174774140006,0.027312514591452702,0.024009495845934512,0.01837077242340317,0.22724713616256764,0.0
2019-05-27 15:15:00+00:00,2019-05-27 15:30:00+00:00,validation,0.0,0.0,0.0,0.0,0.02772174774140006,0.03330623610394755,0.024009495845934512,0.01837077242340317,0.21010790089758036,0.0
2019-05-27 15:30:00+00:00,2019-05-27 15:45:00+00:00,validation,0.0,0.0,0.0,0.0,0.02772174774140006,0.026307805306822103,0.024009495845934512,0.01837077242340317,0.1437839908870444,0.0
2019-05-27 15:45:00+00:00,2019-05-27 16:00:00+00:00,validation,0.0,0.0,0.0,0.0,0.02772174774140006,0.026307805306822103,0.024009495845934512,0.01837077242340317,0.1539742558340631,0.0
2019-05-27 16:00:00+00:00,2019-05-27 16:15:00+00:00,validation,0.0,0.0,0.0,0.0,0.02772174774140006,0.026307805306822103,0.025820639271878176,0.01837077242340317,0.10157838113348827,0.0
2019-05-27 16:15:00+00:00,2019-05-27 16:30:00+00:00,validation,0.0,0.0,0.0,0.0,0.02772174774140006,0.026307805306822103,0.025820639271878176,0.01837077242340317,0.1003629684852898,0.0
2019-05-27 16:30:00+00:00,2019-05-27 16:45:00+00:00,validation,0.0,0.0,0.0,0.0,0.03292082721228418,0.02937053036470833,0.025820639271878176,0.01837077242340317,0.1466999162453524,0.0
2019-05-27 16:45:00+00:00,2019-05-27 17:00:00+00:00,validation,0.0,0.0,0.0,0.0,0.03292082721228418,0.02937053036470833,0.025820639271878176,0.01837077242340317,0.15730743960296323,0.0
2019-05-27 17:00:00+00:00,2019-05-27 17:15:00+00:00,validation,0.0,0.0,0.0,0.0,0.03292082721228418,0.02937053036470833,0.025820639271878176,0.01837077242340317,0.05988749281524708,0.0
2019-05-27 17:15:00+00:00,2019-05-27 17:30:00+00:00,validation,0.0,0.0,0.0,0.0,0.035546791945352166,0.02937053036470833,0.025820639271878176,0.01837077242340317,0.08954443051147809,0.0
2019-05-27 17:30:00+00:00,2019-05-27 17:45:00+00:00,validation,0.0,0.0,0.0,0.0,0.035546791945352166,0.03251949754893524,0.025820639271878176,0.025918237932940576,0.11120762247538085,0.0
2019-05-27 17:45:00+00:00,2019-05-27 18:00:00+00:00,validation,0.0,0.0,0.0,0.0,0.035546791945352166,0.02937053036470833,0.025820639271878176,0.01837077242340317,0.16439077319414075,0.0
2019-05-27 18:00:00+00:00,2019-05-27 18:15:00+00:00,validation,0.0,0.0,0.0,0.0,0.035546791945352166,0.044704476057810506,0.029544674303039063,0.025918237932940576,0.1611677455361047,0.0
2019-05-27 18:15:00+00:00,2019-05-27 18:30:00+00:00,validation,0.0,0.0,0.0,0.0,0.035546791945352166,0.03384736800565084,0.029544674303039063,0.025918237932940576,0.11567695186425198,0.0
2019-05-27 18:30:00+00:00,2019-05-27 18:45:00+00:00,validation,0.0,0.0,0.0,0.0,0.03659106976868172,0.050187129235569554,0.04229682769589823,0.03590588968911507,0.22678069225190356,0.0
2019-05-27 18:45:00+00:00,2019-05-27 19:00:00+00:00,validation,0.0,0.0,0.0,0.0,0.03659106976868172,0.02937053036470833,0.025820639271878176,0.01837077242340317,0.20781493768980397,0.0
2019-05-27 19:00:00+00:00,2019-05-27 19:15:00+00:00,validation,0.0,0.0,0.0,0.0,0.03659106976868172,0.050187129235569554,0.039958108132102314,0.03590588968911507,0.2558593237298705,0.0
2019-05-27 19:15:00+00:00,2019-05-27 19:30:00+00:00,validation,0.0,0.0,0.0,0.0,0.03659106976868172,0.040845798802776306,0.029544674303039063,0.025918237932940576,0.29192299018631296,0.0
2019-05-27 19:30:00+00:00,2019-05-27 19:45:00+00:00,validation,0.0,0.0,0.0,0.0,0.03659106976868172,0.040845798802776306,0.029544674303039063,0.025918237932940576,0.3452504935082823,0.0
2019-05-27 19:45:00+00:00,2019-05-27 20:00:00+00:00,validation,0.0,0.0,0.0,0.0,0.03659106976868172,0.03580863412317208,0.029544674303039063,0.025918237932940576,0.38898615430474415,0.20335705446935393
2019-05-27 20:00:00+00:00,2019-05-27 20:15:00+00:00,validation,0.0,0.0,0.0,0.0,0.03659106976868172,0.03806648478211313,0.029544674303039063,0.025918237932940576,0.36076666479302855,0.7110940598311837
2019-05-27 20:15:00+00:00,2019-05-27 20:30:00+00:00,validation,0.0,0.0,0.0,0.010733,0.03659106976868172,0.040845798802776306,0.029544674303039063,0.025918237932940576,0.45710049064718383,0.47947951848897485
2019-05-27 20:30:00+00:00,2019-05-27 20:45:00+00:00,validation,0.011281,0.0,0.0,0.0,0.03659106976868172,0.03806648478211313,0.029544674303039063,0.025918237932940576,0.49575885266982933,0.9750776142986899
2019-05-27 20:45:00+00:00,2019-05-27 21:00:00+00:00,validation,0.0,0.0,0.011281,0.0,0.03659106976868172,0.040845798802776306,0.029544674303039063,0.025918237932940576,0.5713058368958777,0.27310466771768294
2019-05-27 21:00:00+00:00,2019-05-27 21:15:00+00:00,validation,0.244863,11.0,0.0,0.1275349999999999,0.03659106976868172,0.040845798802776306,0.029544674303039063,0.025918237932940576,0.6654848370428041,0.0
2019-05-27 21:15:00+00:00,2019-05-27 21:30:00+00:00,validation,0.334729,15.0,0.244863,0.577856,0.31077201306207475,0.2751951154604448,0.2766063852181713,0.31326466546083886,0.8723551148465596,0.1824877231209081
2019-05-27 21:30:00+00:00,2019-05-27 21:45:00+00:00,validation,0.583133,26.0,0.334729,1.126672,0.4467231162218022,0.3720853010217064,0.36611377197992684,0.4078034722994337,0.9995255655753992,1.1940391943854705
2019-05-27 21:45:00+00:00,2019-05-27 22:00:00+00:00,validation,1.040047,54.0,0.583133,1.486215,0.6595062923199786,0.6811110002662634,0.6245360875689844,0.6710187898323499,1.2437604721366258,2.024207508517039
2019-05-27 22:00:00+00:00,2019-05-27 22:15:00+00:00,validation,1.511234,72.0,1.040047,1.82525,1.1291602939606025,1.2321450010136326,1.2677553838753024,1.4136309186686216,2.2319683691752203,2.635506136032932
2019-05-27 22:15:00+00:00,2019-05-27 22:30:00+00:00,validation,2.13057,125.0,1.511234,2.360969,2.1756436945128783,2.1277721144478106,2.1894443760190123,2.1489616318217184,2.707439137805837,3.060421802382214
2019-05-27 22:30:00+00:00,2019-05-27 22:45:00+00:00,validation,3.049539,160.0,2.13057,3.3877269999999995,2.6233313004578114,2.862681762128281,2.859044777039891,2.815083787920371,3.410087565940798,3.582865846547798
2019-05-27 22:45:00+00:00,2019-05-27 23:00:00+00:00,validation,4.50286,198.0,3.049539,5.075,4.037069556938442,4.341192033856204,4.363727412839399,4.382834517366028,4.244597414837095,4.9134507021051235
2019-05-27 23:00:00+00:00,2019-05-27 23:15:00+00:00,validation,6.442516,263.0,4.50286,6.955266,5.701839342323356,5.682469073385202,5.807711471859211,5.7834026563757925,6.214069659611996,6.709889736966293
2019-05-27 23:15:00+00:00,2019-05-27 23:30:00+00:00,validation,8.440031,332.0,6.442516,9.265157,8.550664868035527,8.39021645257757,8.110579812814748,8.237232200223897,7.975509220672137,8.504418168647794
2019-05-27 23:30:00+00:00,2019-05-27 23:45:00+00:00,validation,10.47747,393.0,8.440031,12.77631,10.24248012410539,10.536827652015534,10.589118292453868,10.389117013971001,9.87960167457181,10.352118152987302
2019-05-27 23:45:00+00:00,2019-05-28 00:00:00+00:00,validation,12.39788,445.0,10.47747,13.35884,12.227439038368635,12.877048792195762,12.667618210097878,12.789040376348874,11.738748747105591,12.68488610846396
2019-05-28 00:00:00+00:00,2019-05-28 00:15:00+00:00,validation,14.43925,505.0,12.39788,14.38981,13.50154175972071,13.899957236458201,13.686864637810698,13.837384199079436,14.307976005122327,14.172636596346017
2019-05-28 00:15:00+00:00,2019-05-28 00:30:00+00:00,validation,16.025631,552.0,14.43925,14.15313,15.832332198428178,15.755161187869183,15.85670324645894,15.70514354993999,16.225422879465576,15.561755113369747
2019-05-28 00:30:00+00:00,2019-05-28 00:45:00+00:00,validation,17.699499,600.0,16.025631,19.92288,17.076385113685372,17.03209890668467,17.325687270224286,17.039492455179992,17.823307597742208,16.670260269368384
2019-05-28 00:45:00+00:00,2019-05-28 01:00:00+00:00,validation,19.345381,644.0,17.699499,21.70569,19.469009206261845,18.898356121737525,19.060338199846463,18.98464575775943,19.338328205147867,17.97771542027786
2019-05-28 01:00:00+00:00,2019-05-28 01:15:00+00:00,validation,21.03763,695.0,19.345381,22.56669,20.320335399868096,20.625836100378272,20.92544415203873,20.477151342968604,21.398987082483316,20.23786917518524
2019-05-28 01:15:00+00:00,2019-05-28 01:30:00+00:00,validation,22.475691,740.0,21.03763,24.57963,22.444933411835617,22.30366047729031,22.876073121306092,22.7776312865787,22.888228570246618,21.701080759524267
2019-05-28 01:30:00+00:00,2019-05-28 01:45:00+00:00,validation,23.82406,779.0,22.475691,22.012369,23.66687302422812,23.837242508710393,24.155192026969253,23.972128023670546,24.123028221687825,22.451516871688888
2019-05-28 01:45:00+00:00,2019-05-28 02:00:00+00:00,validation,24.8745,813.0,23.82406,24.882811,24.330965571582958,24.444410452887386,24.57746445829282,24.632063508126464,25.19685847193726,23.314259139195933
2019-05-28 02:00:00+00:00,2019-05-28 02:15:00+00:00,validation,25.803749,850.0,24.8745,27.681499,25.545896188494964,25.870519102528004,25.981292734732673,25.97808021165713,26.743319371658714,24.76926875831711
2019-05-28 02:15:00+00:00,2019-05-28 02:30:00+00:00,validation,26.63588,880.0,25.803749,27.895,26.580229507784427,26.590923524884236,26.754942805817976,26.671643393132282,27.477078659512387,25.657488418274504
2019-05-28 02:30:00+00:00,2019-05-28 02:45:00+00:00,validation,27.466690000000003,910.0,26.63588,28.775249,27.504377507858027,27.780773382920955,27.849927085794402,27.88267818784304,27.986964735799447,26.341048842540268
2019-05-28 02:45:00+00:00,2019-05-28 03:00:00+00:00,validation,28.44581,941.0,27.466690000000003,29.460381,28.018855720774,28.226230124819498,28.14716653368197,28.156372171302884,28.425676014689735,26.566478069357828
2019-05-28 03:00:00+00:00,2019-05-28 03:15:00+00:00,validation,28.89513,969.0,28.44581,30.02388,28.34449232793439,28.671551344023538,28.733400447501655,28.504367282361358,29.526712256423593,27.134552153116893
2019-05-28 03:15:00+00:00,2019-05-28 03:30:00+00:00,validation,29.365879,986.0,28.89513,30.633751,29.262936614434924,29.425927245050207,29.319670469971577,29.173458664001515,29.713595414256346,28.1250784151297
2019-05-28 03:30:00+00:00,2019-05-28 03:45:00+00:00,validation,29.317751,991.0,29.365879,30.989,29.646477213047937,29.29420665321644,29.563935768825438,29.429561795155482,29.878498557434256,27.823177088176813
2019-05-28 03:45:00+00:00,2019-05-28 04:00:00+00:00,validation,29.47613,1001.0,29.317751,30.91988,29.957875819428438,29.852505147431916,29.881034572586834,29.859075927223472,29.61041493120385,28.011707715593985
2019-05-28 04:00:00+00:00,2019-05-28 04:15:00+00:00,validation,29.292378999999997,993.0,29.47613,30.844629,30.163890424921753,29.82713783167651,30.09950412097336,29.96280564038345,29.844370887877012,27.859867623764003
2019-05-28 04:15:00+00:00,2019-05-28 04:30:00+00:00,validation,29.445499,990.0,29.292378999999997,30.907631,29.012413609766575,29.298252608430417,29.477757380472575,29.515623773392143,29.47177700788172,27.64262636236308
2019-05-28 04:30:00+00:00,2019-05-28 04:45:00+00:00,validation,29.099001,969.0,29.445499,30.901501,28.78892964956542,29.54751444100989,29.591543755651642,29.247225227694685,29.349795634928313,26.85976359049115
2019-05-28 04:45:00+00:00,2019-05-28 05:00:00+00:00,validation,28.861879,952.0,29.099001,30.928631,28.714511157370428,28.81185616666547,29.178641882860788,29.026417293467897,28.732001555872657,26.59731773422851
2019-05-28 05:00:00+00:00,2019-05-28 05:15:00+00:00,validation,28.535061,930.0,28.861879,30.46138,28.31707779949242,28.690552364741002,28.838075088568143,28.63553309866302,28.30509284703021,25.723063909093632
2019-05-28 05:15:00+00:00,2019-05-28 05:30:00+00:00,validation,28.16713,905.0,28.535061,29.82613,27.845189011680098,28.063465923983564,28.459241041472247,28.273198976245705,27.748052860394594,25.082006754987113
2019-05-28 05:30:00+00:00,2019-05-28 05:45:00+00:00,validation,27.80925,878.0,28.16713,29.46913,27.682193473172003,28.381855919799758,28.393745153237624,28.170234493923125,27.264084868915738,24.426651981394876
2019-05-28 05:45:00+00:00,2019-05-28 06:00:00+00:00,validation,26.87825,836.0,27.80925,28.819000000000003,26.852132835854153,27.263741900196987,27.35487760653439,27.121293335876146,26.836103268739734,23.58125184843439
2019-05-28 06:00:00+00:00,2019-05-28 06:15:00+00:00,validation,25.99144,799.0,26.87825,28.185499,25.618477140127908,25.518002876405095,25.20619429893709,25.441247898422382,25.655877655227115,23.298526472444387
2019-05-28 06:15:00+00:00,2019-05-28 06:30:00+00:00,validation,25.11381,763.0,25.99144,26.967501,24.422112785654203,24.508058323528946,24.77428332552726,24.486004545655415,24.73477511989489,21.96523370398279
2019-05-28 06:30:00+00:00,2019-05-28 06:45:00+00:00,validation,24.08831,728.0,25.11381,25.61256,22.83805137549088,23.190764514177822,23.414226471360482,23.61389978365794,23.890678111259945,21.579049504438824
2019-05-28 06:45:00+00:00,2019-05-28 07:00:00+00:00,validation,22.985809,688.0,24.08831,23.410191,21.835933274913376,22.01841514888927,22.27246746846217,21.959908853608866,22.911666238799086,21.145457454428445
2019-05-28 07:00:00+00:00,2019-05-28 07:15:00+00:00,validation,21.85181,658.0,22.985809,12.82684,21.051436330367125,21.220651539647598,21.52525399092754,21.53677279545717,21.518365458928095,19.713484557925568
2019-05-28 07:15:00+00:00,2019-05-28 07:30:00+00:00,validation,20.351629,606.0,21.85181,21.208691,19.395368404397626,20.150980727154604,20.38174599101643,20.479911161231094,20.455134792420203,18.715507286351723
2019-05-28 07:30:00+00:00,2019-05-28 07:45:00+00:00,validation,18.972191,563.0,20.351629,19.30163,17.172453214423637,17.68274326134488,18.354200714569618,18.267637399273454,19.259675142961086,17.890176685006036
2019-05-28 07:45:00+00:00,2019-05-28 08:00:00+00:00,validation,17.239691,506.0,18.972191,16.165620999999998,15.967982573747097,16.13723790394231,17.04731597619282,16.86367942793726,18.020220770040314,16.13688287853092
2019-05-28 08:00:00+00:00,2019-05-28 08:15:00+00:00,validation,15.81475,450.0,17.239691,12.85463,14.466326444105865,14.560936752443643,14.907888170403883,15.062640817615106,15.988020435095677,14.465694486173525
2019-05-28 08:15:00+00:00,2019-05-28 08:30:00+00:00,validation,13.82106,387.0,15.81475,8.406344,12.666909624696633,12.927318807764093,13.18239235238045,13.133849194471283,14.626437169119043,12.899446552658173
2019-05-28 08:30:00+00:00,2019-05-28 08:45:00+00:00,validation,11.81556,325.0,13.82106,10.41447,10.707618367675254,11.222742845359692,11.317430193439536,11.597164696007123,12.963582083756695,11.961639163654858
2019-05-28 08:45:00+00:00,2019-05-28 09:00:00+00:00,validation,9.955969,263.0,11.81556,9.145938,8.228633038882007,9.099792014756545,9.336425155778802,9.554783054658477,11.291005314008778,9.93192297782694
2019-05-28 09:00:00+00:00,2019-05-28 09:15:00+00:00,validation,7.986563,211.0,9.955969,6.430156,7.247206155584264,7.569604064487305,7.491771578665706,7.225268582117953,8.880709606865938,7.432454285327707
2019-05-28 09:15:00+00:00,2019-05-28 09:30:00+00:00,validation,6.069109,165.0,7.986563,6.244219,5.437123800223851,5.6773369231008,5.605172902996942,5.414409779938235,7.251948991684923,6.451681682051875
2019-05-28 09:30:00+00:00,2019-05-28 09:45:00+00:00,validation,4.660687,115.0,6.069109,5.733766,4.378634217626441,4.713867985161052,4.694958391177631,4.4924824934090335,5.722158142383232,4.51624851894306
2019-05-28 09:45:00+00:00,2019-05-28 10:00:00+00:00,validation,3.245594,90.0,4.660687,3.358031,3.6037657844240663,3.4228221021384666,3.501437572234703,3.1978394316050425,4.4745746917516485,4.230185425029719
2019-05-28 10:00:00+00:00,2019-05-28 10:15:00+00:00,validation,2.5064919999999997,84.0,3.245594,2.462687,2.4733352264286466,2.376800592430393,2.2776824797045387,2.1794208139796276,2.6799212886733823,2.193096582350136
2019-05-28 10:15:00+00:00,2019-05-28 10:30:00+00:00,validation,1.824211,67.0,2.5064919999999997,1.80332,1.594239845765735,1.6537059960305853,1.540857353836044,1.5067230211054032,2.0975780961993777,1.600841015820933
2019-05-28 10:30:00+00:00,2019-05-28 10:45:00+00:00,validation,1.237988,45.0,1.824211,1.051477,1.170962900068876,1.3189338643315205,1.3036214045653922,1.1815995674166164,1.6395360727094985,1.4773170102588695
2019-05-28 10:45:00+00:00,2019-05-28 11:00:00+00:00,validation,0.813859,28.0,1.237988,0.623369,0.8844467870793952,0.8529675482831253,0.8853123521925996,0.8149882828781367,1.251759550723567,1.83883425822415
2019-05-28 11:00:00+00:00,2019-05-28 11:15:00+00:00,validation,0.426638,14.0,0.813859,0.235922,0.4462772884214834,0.3736808005996935,0.3028117698224955,0.1645426237128166,0.33377650185420205,0.26282473519589544
2019-05-28 11:15:00+00:00,2019-05-28 11:30:00+00:00,validation,0.102575,2.0,0.426638,0.033968,0.13317654221011352,0.03966208231999443,0.08083500414476079,0.0,0.19329828573980024,0.0
2019-05-28 11:30:00+00:00,2019-05-28 11:45:00+00:00,validation,0.0,0.0,0.102575,0.0,0.24801276825630839,0.14766043384734223,0.091787928740009,0.0,0.06704175594164496,0.0
2019-05-28 11:45:00+00:00,2019-05-28 12:00:00+00:00,validation,0.0,0.0,0.0,0.0,0.029922302266568186,0.0,0.0383944991357346,0.0,0.0642741334139707,0.0
2019-05-28 12:00:00+00:00,2019-05-28 12:15:00+00:00,validation,0.0,0.0,0.0,0.0,0.029922302266568186,0.0,0.05011484307888681,0.0,0.0,0.0
2019-05-28 12:15:00+00:00,2019-05-28 12:30:00+00:00,validation,0.0,0.0,0.0,0.0,0.029922302266568186,0.02198112830873321,0.027170067086852972,0.0,0.0,0.0
2019-05-28 12:30:00+00:00,2019-05-28 12:45:00+00:00,validation,0.0,0.0,0.0,0.0,0.02772174774140006,0.02897955910585865,0.027170067086852972,0.0,0.0035757897521122572,0.0
2019-05-28 12:45:00+00:00,2019-05-28 13:00:00+00:00,validation,0.0,0.0,0.0,0.0,0.02772174774140006,0.027651688649143046,0.024009495845934512,0.0,0.07158412521660296,0.0
2019-05-28 13:00:00+00:00,2019-05-28 13:15:00+00:00,validation,0.0,0.0,0.0,0.0,0.02772174774140006,0.03540966813496937,0.04196747409579594,0.0,0.27522314261562375,0.0
2019-05-28 13:15:00+00:00,2019-05-28 13:30:00+00:00,validation,0.0,0.0,0.0,0.0,0.02772174774140006,0.03540966813496937,0.03962875453200002,0.0,0.3297454272469773,0.0
2019-05-28 13:30:00+00:00,2019-05-28 13:45:00+00:00,validation,0.0,0.0,0.0,0.0,0.02772174774140006,0.021591500061233615,0.024009495845934512,0.0,0.32332065476620553,0.0
2019-05-28 13:45:00+00:00,2019-05-28 14:00:00+00:00,validation,0.0,0.0,0.0,0.0,0.02772174774140006,0.026784639390271342,0.024009495845934512,0.019609769566865786,0.34627736244919394,0.0
2019-05-28 14:00:00+00:00,2019-05-28 14:15:00+00:00,validation,0.0,0.0,0.0,0.0,0.02772174774140006,0.020314083794327233,0.024009495845934512,0.019609769566865786,0.40305524764173484,0.0
2019-05-28 14:15:00+00:00,2019-05-28 14:30:00+00:00,validation,0.0,0.0,0.0,0.0,0.02772174774140006,0.020314083794327233,0.024009495845934512,0.019609769566865786,0.4141427964595703,0.0
2019-05-28 14:30:00+00:00,2019-05-28 14:45:00+00:00,validation,0.0,0.0,0.0,0.0,0.02772174774140006,0.020314083794327233,0.024009495845934512,0.019609769566865786,0.42567469955599524,0.0
2019-05-28 14:45:00+00:00,2019-05-28 15:00:00+00:00,validation,0.0,0.0,0.0,0.0,0.02772174774140006,0.022275349911848475,0.024009495845934512,0.019609769566865786,0.4718997043197515,0.0
2019-05-28 15:00:00+00:00,2019-05-28 15:15:00+00:00,validation,0.0,0.0,0.0,0.0,0.02772174774140006,0.020314083794327233,0.024009495845934512,0.0,0.1511777910920573,0.0
2019-05-28 15:15:00+00:00,2019-05-28 15:30:00+00:00,validation,0.0,0.0,0.0,0.0,0.02772174774140006,0.028269071424343345,0.024009495845934512,0.0,0.21794081715979363,0.0
2019-05-28 15:30:00+00:00,2019-05-28 15:45:00+00:00,validation,0.0,0.0,0.0,0.0,0.02772174774140006,0.03330623610394755,0.024009495845934512,0.0,0.2240536836858551,0.0
2019-05-28 15:45:00+00:00,2019-05-28 16:00:00+00:00,validation,0.0,0.0,0.0,0.0,0.02772174774140006,0.03778307374489008,0.027170067086852972,0.0,0.2660595215170245,0.0
2019-05-28 16:00:00+00:00,2019-05-28 16:15:00+00:00,validation,0.0,0.0,0.0,0.0,0.02772174774140006,0.030784642947764607,0.03116248460153055,0.0,0.021539689592370515,0.0
2019-05-28 16:15:00+00:00,2019-05-28 16:30:00+00:00,validation,0.0,0.0,0.0,0.0,0.02772174774140006,0.030784642947764607,0.03116248460153055,0.0,0.07139821160063509,0.0
2019-05-28 16:30:00+00:00,2019-05-28 16:45:00+00:00,validation,0.0,0.0,0.0,0.0,0.03292082721228418,0.033589647141170624,0.028001913360612078,0.0,0.0753385361909169,0.0
2019-05-28 16:45:00+00:00,2019-05-28 17:00:00+00:00,validation,0.0,0.0,0.0,0.0,0.03292082721228418,0.03384736800565084,0.03116248460153055,0.0,0.09019472508551907,0.0
2019-05-28 17:00:00+00:00,2019-05-28 17:15:00+00:00,validation,0.0,0.0,0.0,0.0,0.03292082721228418,0.050187129235569554,0.04321705307681705,0.0,0.043036505995362795,0.0
2019-05-28 17:15:00+00:00,2019-05-28 17:30:00+00:00,validation,0.0,0.0,0.0,0.0,0.035546791945352166,0.040845798802776306,0.03116248460153055,0.0,0.06597307920263251,0.0
2019-05-28 17:30:00+00:00,2019-05-28 17:45:00+00:00,validation,0.0,0.0,0.0,0.0,0.035546791945352166,0.040845798802776306,0.03116248460153055,0.0,0.1206114718137199,0.0
2019-05-28 17:45:00+00:00,2019-05-28 18:00:00+00:00,validation,0.0,0.0,0.0,0.0,0.035546791945352166,0.040845798802776306,0.03116248460153055,0.0,0.1485712256858296,0.0
2019-05-28 18:00:00+00:00,2019-05-28 18:15:00+00:00,validation,0.0,0.0,0.0,0.0,0.035546791945352166,0.03384736800565084,0.03116248460153055,0.0,0.02573660876927164,0.0
2019-05-28 18:15:00+00:00,2019-05-28 18:30:00+00:00,validation,0.0,0.0,0.0,0.0,0.035546791945352166,0.040845798802776306,0.03116248460153055,0.0,0.11655682436467885,0.0
2019-05-28 18:30:00+00:00,2019-05-28 18:45:00+00:00,validation,0.0,0.0,0.0,0.0,0.03659106976868172,0.03580863412317208,0.03116248460153055,0.0,0.18309845880707432,0.0
2019-05-28 18:45:00+00:00,2019-05-28 19:00:00+00:00,validation,0.0,0.0,0.0,0.0,0.03659106976868172,0.040845798802776306,0.03116248460153055,0.0,0.2748425736266302,0.0
2019-05-28 19:00:00+00:00,2019-05-28 19:15:00+00:00,validation,0.0,0.0,0.0,0.0,0.03659106976868172,0.040845798802776306,0.03116248460153055,0.0,0.30243993257241364,0.0
2019-05-28 19:15:00+00:00,2019-05-28 19:30:00+00:00,validation,0.0,0.0,0.0,0.0,0.03659106976868172,0.040845798802776306,0.03116248460153055,0.0,0.31607731531989014,0.0
2019-05-28 19:30:00+00:00,2019-05-28 19:45:00+00:00,validation,0.0,0.0,0.0,0.0,0.03659106976868172,0.040845798802776306,0.03116248460153055,0.0,0.3478386235200164,0.0
2019-05-28 19:45:00+00:00,2019-05-28 20:00:00+00:00,validation,0.0,0.0,0.0,0.0,0.03659106976868172,0.040845798802776306,0.03116248460153055,0.0,0.4278584235963683,0.0
2019-05-28 20:00:00+00:00,2019-05-28 20:15:00+00:00,validation,0.0,0.0,0.0,0.0,0.03659106976868172,0.040845798802776306,0.03116248460153055,0.03559148883075999,0.5017957613177373,0.0
2019-05-28 20:15:00+00:00,2019-05-28 20:30:00+00:00,validation,0.0,0.0,0.0,0.0,0.03659106976868172,0.040845798802776306,0.03116248460153055,0.03559148883075999,0.5668730912977029,0.0
2019-05-28 20:30:00+00:00,2019-05-28 20:45:00+00:00,validation,0.0,0.0,0.0,0.011281,0.03659106976868172,0.040845798802776306,0.03116248460153055,0.03559148883075999,0.5874542554580104,0.4765029499258375
2019-05-28 20:45:00+00:00,2019-05-28 21:00:00+00:00,validation,0.0,0.0,0.0,0.0,0.03659106976868172,0.040845798802776306,0.03116248460153055,0.03559148883075999,0.6539935286308731,0.5908987842138052
2019-05-28 21:00:00+00:00,2019-05-28 21:15:00+00:00,validation,0.125819,5.0,0.0,0.244863,0.03659106976868172,0.040845798802776306,0.03116248460153055,0.03559148883075999,0.7174725856759618,0.0
2019-05-28 21:15:00+00:00,2019-05-28 21:30:00+00:00,validation,0.4691369999999999,21.0,0.125819,0.334729,0.2692863252493209,0.24990110342380598,0.28586338437646025,0.32594858722764486,0.8461224703322046,0.2729137860763826
2019-05-28 21:30:00+00:00,2019-05-28 21:45:00+00:00,validation,0.811125,39.0,0.4691369999999999,0.583133,0.4467231162218022,0.42602430923053886,0.44257973538203443,0.5155795829650597,1.159112306635162,0.5759496064955094
2019-05-28 21:45:00+00:00,2019-05-28 22:00:00+00:00,validation,1.112016,57.0,0.811125,1.040047,0.764373683116266,0.8656431388758954,0.8935328536230398,0.9713257031499238,1.539472763902963,0.7632796879878363
2019-05-28 22:00:00+00:00,2019-05-28 22:15:00+00:00,validation,1.430461,70.0,1.112016,1.511234,1.6051081280512502,1.63096759357247,1.7035889993518363,1.6171869267959977,2.370652178770259,1.1167825678089578
2019-05-28 22:15:00+00:00,2019-05-28 22:30:00+00:00,validation,1.997898,113.0,1.430461,2.13057,1.7326937355161178,1.8677214982351253,1.9573238065497292,1.8314420133919955,2.6690308102898648,2.23732342985235
2019-05-28 22:30:00+00:00,2019-05-28 22:45:00+00:00,validation,3.016125,152.0,1.997898,3.049539,2.6233313004578114,2.7905910435790147,2.9490545391608913,2.9117349814604925,3.2894252791234564,2.733583749479906
2019-05-28 22:45:00+00:00,2019-05-28 23:00:00+00:00,validation,4.441828,191.0,3.016125,4.50286,4.037069556938442,4.270660354520748,4.4537371749603984,4.384444415739494,4.19447969780674,3.9110710655966314
2019-05-28 23:00:00+00:00,2019-05-28 23:15:00+00:00,validation,6.153875,251.0,4.441828,6.442516,5.701839342323356,5.5844346259107915,5.886990920879986,5.873196815291278,6.134211240620395,6.848959993208746
2019-05-28 23:15:00+00:00,2019-05-28 23:30:00+00:00,validation,8.002313000000001,315.0,6.153875,8.440031,8.328791935475774,8.077505451228236,7.941062625136466,7.928051446911781,7.7233587069866445,8.32575087528066
2019-05-28 23:30:00+00:00,2019-05-28 23:45:00+00:00,validation,9.896469,373.0,8.002313000000001,10.47747,9.20690176354008,9.259695743262032,9.451101191023472,9.374971478267604,9.435905541853717,10.264273356462137
2019-05-28 23:45:00+00:00,2019-05-29 00:00:00+00:00,validation,11.75497,427.0,9.896469,12.39788,11.23736893392819,11.480198978362335,11.48972268197734,11.550259899821105,11.261118861626056,11.36562445361801
2019-05-29 00:00:00+00:00,2019-05-29 00:15:00+00:00,validation,13.55178,482.0,11.75497,14.43925,12.812081063844207,12.777777546320307,13.090394230459134,12.920444679211286,13.785196831373934,13.592095426849284
2019-05-29 00:15:00+00:00,2019-05-29 00:30:00+00:00,validation,15.315129999999998,534.0,13.55178,16.025631,15.255463765356057,15.245953981333471,15.617321764146672,15.178324201442052,15.480340419265628,15.267588113611419
2019-05-29 00:30:00+00:00,2019-05-29 00:45:00+00:00,validation,16.898439,576.0,15.315129999999998,17.699499,16.55362823407674,16.09554171173323,16.532261876210345,16.161037890062243,17.111284141977105,16.926406760119434
2019-05-29 00:45:00+00:00,2019-05-29 01:00:00+00:00,validation,18.40913,619.0,16.898439,19.345381,18.688286485656775,18.406744129929134,18.69672134186006,18.2817222953946,18.574895974090865,18.064389869664453
2019-05-29 01:00:00+00:00,2019-05-29 01:15:00+00:00,validation,19.866871,667.0,18.40913,21.03763,19.68356338134823,19.700022432460216,19.924433641232163,19.41689206147318,20.54924408618713,20.14161271934821
2019-05-29 01:15:00+00:00,2019-05-29 01:30:00+00:00,validation,20.660061,700.0,19.866871,22.475691,21.387472643594922,21.00282177134882,21.234058219725174,20.945559925497722,21.770075821956567,20.80336651172701
2019-05-29 01:30:00+00:00,2019-05-29 01:45:00+00:00,validation,22.57719,741.0,20.660061,23.82406,22.380791422098728,22.56925514443532,22.613573314290512,22.486738483627057,22.548878820944502,21.431442187910363
2019-05-29 01:45:00+00:00,2019-05-29 02:00:00+00:00,validation,23.59963,777.0,22.57719,24.8745,23.46081258122596,23.57462035270594,23.667204421719774,23.532060972067864,23.910824383193322,22.09137072592293
2019-05-29 02:00:00+00:00,2019-05-29 02:15:00+00:00,validation,24.424749,807.0,23.59963,25.803749,23.890542692389374,24.110587872757403,24.151106542474093,24.22846356863098,25.399913294625478,24.274941355028837
2019-05-29 02:15:00+00:00,2019-05-29 02:30:00+00:00,validation,25.3505,840.0,24.424749,26.63588,24.965107065803,25.077015370120243,25.170923544189687,24.94958126977418,26.013369369080166,24.51616941068862
2019-05-29 02:30:00+00:00,2019-05-29 02:45:00+00:00,validation,26.085939,865.0,25.3505,27.466690000000003,26.071622468537385,26.3554093006459,26.367080660054008,26.226928163711694,26.616144314588063,25.265480361319838
2019-05-29 02:45:00+00:00,2019-05-29 03:00:00+00:00,validation,26.965309,899.0,26.085939,28.44581,26.314389623285642,26.734144209086054,26.86259840349704,26.709864949152347,27.032400074242283,24.882052832879516
2019-05-29 03:00:00+00:00,2019-05-29 03:15:00+00:00,validation,27.559879,922.0,26.965309,28.89513,27.240683688857633,27.83070951399637,27.758961726119416,27.430847001390646,28.023191540902722,25.219341612182582
2019-05-29 03:15:00+00:00,2019-05-29 03:30:00+00:00,validation,27.965,944.0,27.559879,29.365879,27.63699501326749,28.178901837825222,28.002374283710353,27.77239137054304,28.276152540433436,25.314021513594042
2019-05-29 03:30:00+00:00,2019-05-29 03:45:00+00:00,validation,28.070881,950.0,27.965,29.317751,28.34075844883341,28.658650782056032,28.37913211879246,28.28915562469339,28.49826477872555,26.960668412187047
2019-05-29 03:45:00+00:00,2019-05-29 04:00:00+00:00,validation,28.10063,943.0,28.070881,29.47613,28.877258445703795,29.014561341074597,28.770198071409897,28.45508023345629,28.362180599961988,24.32806543238309
2019-05-29 04:00:00+00:00,2019-05-29 04:15:00+00:00,validation,28.15094,954.0,28.10063,29.292378999999997,28.205961311946574,28.571546133106484,28.460931205861623,28.47924415730561,28.3043660100658,27.300498042850634
2019-05-29 04:15:00+00:00,2019-05-29 04:30:00+00:00,validation,28.13475,938.0,28.15094,29.445499,27.90883352014335,28.062991438445692,28.00313320179758,28.068567005854824,28.250827927929123,26.684135046385514
2019-05-29 04:30:00+00:00,2019-05-29 04:45:00+00:00,validation,27.34156,869.0,28.13475,29.099001,27.90864010687012,28.035424728024967,28.097268382848466,28.088362178002612,27.887796636165064,26.65851206131689
2019-05-29 04:45:00+00:00,2019-05-29 05:00:00+00:00,validation,27.885811,903.0,27.34156,28.861879,27.739943105565906,27.738198514070504,27.979557634264847,27.6029140659052,26.89725887933688,23.63586183938392
2019-05-29 05:00:00+00:00,2019-05-29 05:15:00+00:00,validation,27.495131,887.0,27.885811,28.535061,26.594907530749573,27.34642769292428,27.4870587493865,27.37983500762503,27.097807195585517,25.441732189703053
2019-05-29 05:15:00+00:00,2019-05-29 05:30:00+00:00,validation,27.020439,862.0,27.495131,28.16713,26.909424893624756,27.374438727226497,27.30720151528292,27.106702898420703,26.746138467195614,24.969239191043258
2019-05-29 05:30:00+00:00,2019-05-29 05:45:00+00:00,validation,25.874189,804.0,27.020439,27.80925,26.02618842278915,26.92435194264196,26.87234453150715,27.085025157040757,26.134399201028984,24.14695110921609
2019-05-29 05:45:00+00:00,2019-05-29 06:00:00+00:00,validation,24.584881,728.0,25.874189,26.87825,24.226872552700367,24.48102680040776,24.747896455287844,24.332513591322673,24.826636042931106,22.82079108947257
2019-05-29 06:00:00+00:00,2019-05-29 06:15:00+00:00,validation,24.779131,747.0,24.584881,25.99144,23.143974442364136,23.103135198305516,23.199613419616263,22.733500152121685,23.277555579043607,20.47001092943401
2019-05-29 06:15:00+00:00,2019-05-29 06:30:00+00:00,validation,25.14356,770.0,24.779131,25.11381,22.523858588609933,23.450273551986466,23.24664785418073,22.52141707617088,23.33729370088148,21.175644765605504
2019-05-29 06:30:00+00:00,2019-05-29 06:45:00+00:00,validation,20.5415,596.0,25.14356,24.08831,22.249152937129963,22.495166420127404,23.105705618302185,22.358224922517202,23.53620737244846,21.425878903845827
2019-05-29 06:45:00+00:00,2019-05-29 07:00:00+00:00,validation,23.142,693.0,20.5415,22.985809,18.0964660186609,19.168099067190315,19.975044449335932,19.60894013423345,20.0775099349001,18.370966219183995
2019-05-29 07:00:00+00:00,2019-05-29 07:15:00+00:00,validation,21.889,662.0,23.142,21.85181,19.531201009616346,20.045779186068394,20.679810542838677,20.2317048419606,20.908184953828894,18.663878142254994
2019-05-29 07:15:00+00:00,2019-05-29 07:30:00+00:00,validation,21.50663,649.0,21.889,20.351629,18.70766416026016,19.699616950086426,19.961400362837004,19.75434449938015,20.250786842283432,17.42545967592335
2019-05-29 07:30:00+00:00,2019-05-29 07:45:00+00:00,validation,19.417999,551.0,21.50663,18.972191,18.43671592633525,18.929698229821817,19.356508174973847,18.949787395223165,20.03888240819902,17.3465281179778
2019-05-29 07:45:00+00:00,2019-05-29 08:00:00+00:00,validation,9.941969,309.0,19.417999,17.239691,16.756137401266386,16.891136133766853,17.213632560495515,17.07800627334862,18.024637074530915,16.03199962542916
2019-05-29 08:00:00+00:00,2019-05-29 08:15:00+00:00,validation,7.677688000000001,234.0,9.941969,15.81475,8.610794765166638,8.582061167116018,9.374382581210849,9.04581005716051,10.174341029115226,9.885943767618969
2019-05-29 08:15:00+00:00,2019-05-29 08:30:00+00:00,validation,13.20966,388.0,7.677688000000001,13.82106,7.303927152169503,6.891446736227489,6.739204661888872,7.181248299735363,7.418494716932839,9.210599512458609
2019-05-29 08:30:00+00:00,2019-05-29 08:45:00+00:00,validation,10.64066,287.0,13.20966,11.81556,10.542458248310215,11.060825451286226,10.919021658211232,10.620900807091642,10.88812761647092,10.430810068682632
2019-05-29 08:45:00+00:00,2019-05-29 09:00:00+00:00,validation,10.83337,305.0,10.64066,9.955969,8.302373812583195,8.708250094258513,8.611813716778236,8.780395551618755,10.043750353939435,8.00784669317697
2019-05-29 09:00:00+00:00,2019-05-29 09:15:00+00:00,validation,6.8635,203.0,10.83337,7.986563,8.96961017653489,8.81685652964497,9.06267737876497,8.646616945059023,8.770881225195122,6.036934485064916
2019-05-29 09:15:00+00:00,2019-05-29 09:30:00+00:00,validation,5.1871089999999995,151.0,6.8635,6.069109,4.606649540313311,4.922999469309509,4.725764827171314,4.808103874677277,5.6878670474211095,4.50403583517444
2019-05-29 09:30:00+00:00,2019-05-29 09:45:00+00:00,validation,3.966485,115.0,5.1871089999999995,4.660687,3.75549902745272,3.978572011377398,3.7891332195632126,3.815022461690868,5.190031253920722,3.711980966220107
2019-05-29 09:45:00+00:00,2019-05-29 10:00:00+00:00,validation,2.879953,89.0,3.966485,3.245594,2.4560902039759016,2.6004801408807565,2.689032516198553,2.844304073307369,3.81001696232646,4.064999405542682
2019-05-29 10:00:00+00:00,2019-05-29 10:15:00+00:00,validation,2.5834919999999997,80.0,2.879953,2.5064919999999997,2.2208146165918325,2.1095517734955584,1.9021503709313998,2.1817583588296894,2.151845031067311,1.7389899525591046
2019-05-29 10:15:00+00:00,2019-05-29 10:30:00+00:00,validation,1.9542580000000005,58.0,2.5834919999999997,1.824211,1.5987896664488295,1.6537059960305853,1.528571458839414,1.6004418016006363,1.8551719861528477,1.5703994495344453
2019-05-29 10:30:00+00:00,2019-05-29 10:45:00+00:00,validation,2.038969,62.0,1.9542580000000005,1.237988,1.2386668373819774,1.3250325656979152,1.314971554541086,1.2772889954160869,1.289090917377794,0.48989828180385864
2019-05-29 10:45:00+00:00,2019-05-29 11:00:00+00:00,validation,0.560096,18.0,2.038969,0.813859,1.2386668373819774,1.3250325656979152,1.3369734947238867,1.2642603621235984,1.6228064849589057,0.6814968898930216
2019-05-29 11:00:00+00:00,2019-05-29 11:15:00+00:00,validation,0.457516,13.0,0.560096,0.426638,0.272909972009145,0.14552598927956434,0.02564978345611532,0.16414167016363862,0.4218211997115544,0.8248013152266074
2019-05-29 11:15:00+00:00,2019-05-29 11:30:00+00:00,validation,0.050695,1.0,0.457516,0.102575,0.13317654221011352,0.0987573503081009,0.02942558416196083,0.027106486767424415,0.10579833946534478,0.0
2019-05-29 11:30:00+00:00,2019-05-29 11:45:00+00:00,validation,0.0,0.0,0.050695,0.0,0.02772174774140006,0.0,0.0,0.0,0.0,0.0
2019-05-29 11:45:00+00:00,2019-05-29 12:00:00+00:00,validation,0.0,0.0,0.0,0.0,0.02772174774140006,0.0,0.0,0.0,0.0,0.0
2019-05-29 12:00:00+00:00,2019-05-29 12:15:00+00:00,validation,0.0,0.0,0.0,0.0,0.055806865729735075,0.0,0.0,0.0,0.30479685564652925,0.0
2019-05-29 12:15:00+00:00,2019-05-29 12:30:00+00:00,validation,0.0,0.0,0.0,0.0,0.029922302266568186,0.0,0.0,0.0,0.0,0.0
2019-05-29 12:30:00+00:00,2019-05-29 12:45:00+00:00,validation,0.0,0.0,0.0,0.0,0.029922302266568186,0.024502721464916135,0.024009495845934512,0.0,0.12830900311319038,0.0
2019-05-29 12:45:00+00:00,2019-05-29 13:00:00+00:00,validation,0.0,0.0,0.0,0.0,0.02772174774140006,0.024502721464916135,0.024009495845934512,0.0,0.0,0.0
2019-05-29 13:00:00+00:00,2019-05-29 13:15:00+00:00,validation,0.0,0.0,0.0,0.0,0.02772174774140006,0.021591500061233615,0.024009495845934512,0.0,0.12410050845775444,0.0
2019-05-29 13:15:00+00:00,2019-05-29 13:30:00+00:00,validation,0.0,0.0,0.0,0.0,0.02772174774140006,0.024740467245460532,0.024009495845934512,0.0,0.20677056297498275,0.0
2019-05-29 13:30:00+00:00,2019-05-29 13:45:00+00:00,validation,0.0,0.0,0.0,0.0,0.02772174774140006,0.021591500061233615,0.024009495845934512,0.0,0.1571146348625927,0.0
2019-05-29 13:45:00+00:00,2019-05-29 14:00:00+00:00,validation,0.0,0.0,0.0,0.0,0.02772174774140006,0.026784639390271342,0.024009495845934512,0.0,0.27431794963362677,0.0
2019-05-29 14:00:00+00:00,2019-05-29 14:15:00+00:00,validation,0.0,0.0,0.0,0.0,0.02772174774140006,0.027312514591452702,0.024009495845934512,0.0,0.28305200892861926,0.0
2019-05-29 14:15:00+00:00,2019-05-29 14:30:00+00:00,validation,0.0,0.0,0.0,0.0,0.02772174774140006,0.027312514591452702,0.024009495845934512,0.0,0.34300270114207976,0.0
2019-05-29 14:30:00+00:00,2019-05-29 14:45:00+00:00,validation,0.0,0.0,0.0,0.0,0.02772174774140006,0.027312514591452702,0.024009495845934512,0.0,0.26640221086016336,0.0
2019-05-29 14:45:00+00:00,2019-05-29 15:00:00+00:00,validation,0.0,0.0,0.0,0.0,0.02772174774140006,0.027312514591452702,0.024009495845934512,0.0,0.31824258621903656,0.0
2019-05-29 15:00:00+00:00,2019-05-29 15:15:00+00:00,validation,0.0,0.0,0.0,0.0,0.02772174774140006,0.027312514591452702,0.024009495845934512,0.0,0.07423648684211681,0.0
2019-05-29 15:15:00+00:00,2019-05-29 15:30:00+00:00,validation,0.0,0.0,0.0,0.0,0.02772174774140006,0.026307805306822103,0.024009495845934512,0.0,0.020610986512095586,0.0
2019-05-29 15:30:00+00:00,2019-05-29 15:45:00+00:00,validation,0.0,0.0,0.0,0.0,0.02772174774140006,0.026307805306822103,0.024009495845934512,0.0,0.036929880257852155,0.0
2019-05-29 15:45:00+00:00,2019-05-29 16:00:00+00:00,validation,0.0,0.0,0.0,0.0,0.02772174774140006,0.026307805306822103,0.024009495845934512,0.0,0.07403836735011549,0.0
2019-05-29 16:00:00+00:00,2019-05-29 16:15:00+00:00,validation,0.0,0.0,0.0,0.0,0.02772174774140006,0.028269071424343345,0.028001913360612078,0.0,0.032317162832503854,0.0
2019-05-29 16:15:00+00:00,2019-05-29 16:30:00+00:00,validation,0.0,0.0,0.0,0.0,0.02772174774140006,0.026307805306822103,0.028001913360612078,0.0,0.0153300377001786,0.0
2019-05-29 16:30:00+00:00,2019-05-29 16:45:00+00:00,validation,0.0,0.0,0.0,0.0,0.03292082721228418,0.03133179648222957,0.028001913360612078,0.0,0.09580483129691775,0.0
2019-05-29 16:45:00+00:00,2019-05-29 17:00:00+00:00,validation,0.0,0.0,0.0,0.0,0.03292082721228418,0.02937053036470833,0.028001913360612078,0.0,0.0924832482175546,0.0
2019-05-29 17:00:00+00:00,2019-05-29 17:15:00+00:00,validation,0.0,0.0,0.0,0.0,0.03292082721228418,0.02937053036470833,0.028001913360612078,0.014087468443545111,0.10824426888261751,0.0
2019-05-29 17:15:00+00:00,2019-05-29 17:30:00+00:00,validation,0.0,0.0,0.0,0.0,0.035546791945352166,0.02937053036470833,0.028001913360612078,0.014087468443545111,0.14146234735546503,0.0
2019-05-29 17:30:00+00:00,2019-05-29 17:45:00+00:00,validation,0.0,0.0,0.0,0.0,0.035546791945352166,0.02937053036470833,0.028001913360612078,0.014087468443545111,0.17310447615504465,0.0
2019-05-29 17:45:00+00:00,2019-05-29 18:00:00+00:00,validation,0.0,0.0,0.0,0.0,0.035546791945352166,0.02937053036470833,0.028001913360612078,0.014087468443545111,0.2219297165908225,0.0
2019-05-29 18:00:00+00:00,2019-05-29 18:15:00+00:00,validation,0.0,0.0,0.0,0.0,0.035546791945352166,0.02937053036470833,0.028001913360612078,0.01837077242340317,0.1111488165463097,0.0
2019-05-29 18:15:00+00:00,2019-05-29 18:30:00+00:00,validation,0.0,0.0,0.0,0.0,0.035546791945352166,0.02937053036470833,0.028001913360612078,0.01837077242340317,0.16292535428080512,0.0
2019-05-29 18:30:00+00:00,2019-05-29 18:45:00+00:00,validation,0.0,0.0,0.0,0.0,0.03659106976868172,0.02937053036470833,0.028001913360612078,0.01837077242340317,0.22090521319757883,0.0
2019-05-29 18:45:00+00:00,2019-05-29 19:00:00+00:00,validation,0.0,0.0,0.0,0.0,0.03659106976868172,0.02937053036470833,0.028001913360612078,0.01837077242340317,0.2704955730794616,0.0
2019-05-29 19:00:00+00:00,2019-05-29 19:15:00+00:00,validation,0.0,0.0,0.0,0.0,0.03659106976868172,0.02937053036470833,0.025820639271878176,0.01837077242340317,0.24613652434544253,0.0
2019-05-29 19:15:00+00:00,2019-05-29 19:30:00+00:00,validation,0.0,0.0,0.0,0.0,0.03659106976868172,0.040845798802776306,0.029544674303039063,0.025918237932940576,0.31496216937663757,0.0
2019-05-29 19:30:00+00:00,2019-05-29 19:45:00+00:00,validation,0.0,0.0,0.0,0.0,0.03659106976868172,0.050187129235569554,0.04159924277832556,0.03590588968911507,0.408648028560882,0.0
2019-05-29 19:45:00+00:00,2019-05-29 20:00:00+00:00,validation,0.0,0.0,0.0,0.0,0.03659106976868172,0.02937053036470833,0.025820639271878176,0.01837077242340317,0.42830472628512517,0.0
2019-05-29 20:00:00+00:00,2019-05-29 20:15:00+00:00,validation,0.0,0.0,0.0,0.0,0.03659106976868172,0.02937053036470833,0.028001913360612078,0.01837077242340317,0.4699171846716048,0.0
2019-05-29 20:15:00+00:00,2019-05-29 20:30:00+00:00,validation,0.0,0.0,0.0,0.0,0.03659106976868172,0.03384736800565084,0.03116248460153055,0.025918237932940576,0.48152464980382437,0.0
2019-05-29 20:30:00+00:00,2019-05-29 20:45:00+00:00,validation,0.0,0.0,0.0,0.0,0.03659106976868172,0.040845798802776306,0.03116248460153055,0.025918237932940576,0.5992554096883254,0.0
2019-05-29 20:45:00+00:00,2019-05-29 21:00:00+00:00,validation,0.0,0.0,0.0,0.0,0.03659106976868172,0.02937053036470833,0.028001913360612078,0.01837077242340317,0.6193219209055876,0.0
2019-05-29 21:00:00+00:00,2019-05-29 21:15:00+00:00,validation,0.026674,2.0,0.0,0.125819,0.03659106976868172,0.03384736800565084,0.029544674303039063,0.025918237932940576,0.6122558676085497,0.0
2019-05-29 21:15:00+00:00,2019-05-29 21:30:00+00:00,validation,0.519025,18.0,0.026674,0.4691369999999999,0.04717027064485906,0.03636896116183378,0.025820639271878176,0.031031401752587045,0.7666257607859706,0.0
2019-05-29 21:30:00+00:00,2019-05-29 21:45:00+00:00,validation,0.828981,24.0,0.519025,0.811125,0.591006366703928,0.41339567584970005,0.4063698720654383,0.4882434543722088,1.1418895482750928,0.0
2019-05-29 21:45:00+00:00,2019-05-29 22:00:00+00:00,validation,1.4231049999999998,43.0,0.828981,1.112016,0.764373683116266,0.6741125694691379,0.6121438827923019,0.7139441980578045,1.474699769653843,0.0
2019-05-29 22:00:00+00:00,2019-05-29 22:15:00+00:00,validation,1.696078,53.0,1.4231049999999998,1.430461,1.6149865846411873,1.7000882778037578,1.628390116604755,1.5716824371999418,2.379666486667899,0.9775376509008984
2019-05-29 22:15:00+00:00,2019-05-29 22:30:00+00:00,validation,3.1930389999999997,103.0,1.696078,1.997898,2.3311299798252825,2.1562458441984074,2.1984465336051984,2.115573131812895,2.637744706947985,0.5323831186303858
2019-05-29 22:30:00+00:00,2019-05-29 22:45:00+00:00,validation,2.515789,78.0,3.1930389999999997,3.016125,4.011570977932351,3.756955384151775,3.8383279426002566,3.8225639708567036,3.834074031121016,1.7063468021568493
2019-05-29 22:45:00+00:00,2019-05-29 23:00:00+00:00,validation,3.4656559999999996,118.0,2.515789,4.441828,3.197732697809218,3.0555442794666616,3.065418824977373,3.0283875612218623,3.6226257575425787,1.4834723319432417
2019-05-29 23:00:00+00:00,2019-05-29 23:15:00+00:00,validation,5.307422,179.0,3.4656559999999996,6.153875,4.779223540879419,4.58641107013151,4.721851882794207,4.745597971014926,4.881110730584868,3.565260975702753
2019-05-29 23:15:00+00:00,2019-05-29 23:30:00+00:00,validation,7.023297,245.0,5.307422,8.002313000000001,6.637689630022888,6.363890402919341,6.440183729810913,6.4875943371066445,6.4634317851848895,6.142197125249527
2019-05-29 23:30:00+00:00,2019-05-29 23:45:00+00:00,validation,8.270282,298.0,7.023297,9.896469,8.364235140559808,8.087476132050945,8.268359256652765,8.179369993482995,8.017321990808343,7.858435289273939
2019-05-29 23:45:00+00:00,2019-05-30 00:00:00+00:00,test,9.728907,352.0,8.270282,11.75497,10.294535361546243,9.799326353365814,10.023284709391337,9.818876240734772,9.257024722617004,9.800570940603645
2019-05-30 00:00:00+00:00,2019-05-30 00:15:00+00:00,test,12.23578,420.0,9.728907,13.55178,10.97617638339208,11.528287640358146,11.48082516927094,10.926921823269799,11.433586341436275,13.671947506650334
2019-05-30 00:15:00+00:00,2019-05-30 00:30:00+00:00,test,13.28316,438.0,12.23578,15.315129999999998,13.326938676727295,13.322278995971448,13.5457166195122,13.032774718053805,13.677020137035047,14.118070645541028
2019-05-30 00:30:00+00:00,2019-05-30 00:45:00+00:00,test,15.70931,526.0,13.28316,16.898439,16.02623367045047,15.536672842254394,15.598279505492677,15.187090193383018,14.841674646916797,15.964491487472687
2019-05-30 00:45:00+00:00,2019-05-30 01:00:00+00:00,test,15.1655,499.0,15.70931,18.40913,17.312721979477864,16.305699472763642,16.70884908501809,16.057522739713953,16.74508871146715,16.60052679738891
2019-05-30 01:00:00+00:00,2019-05-30 01:15:00+00:00,test,16.211559,507.0,15.1655,19.866871,17.611672923996952,17.46741216298562,17.46222913344882,16.797285623286466,17.173977112570427,19.03291875972299
2019-05-30 01:15:00+00:00,2019-05-30 01:30:00+00:00,test,17.07081,555.0,16.211559,20.660061,17.328018306904887,17.001666225033347,17.299758850681517,16.512907350013883,17.776886309433856,19.406467844924627
2019-05-30 01:30:00+00:00,2019-05-30 01:45:00+00:00,test,19.160749,598.0,17.07081,22.57719,18.307962056527767,18.9430554847516,18.67737395827678,18.65781879954823,18.49441935766128,19.029306072089035
2019-05-30 01:45:00+00:00,2019-05-30 02:00:00+00:00,test,21.60331,718.0,19.160749,23.59963,19.857308665213058,19.798852554892406,19.38162214989747,19.013809034348846,20.17553653993499,19.69654218227176
2019-05-30 02:00:00+00:00,2019-05-30 02:15:00+00:00,test,23.058439,752.0,21.60331,24.424749,22.196788465192938,21.715210145757002,22.266292687302347,22.43105435221213,22.917645322304526,23.651625297926756
2019-05-30 02:15:00+00:00,2019-05-30 02:30:00+00:00,test,15.94644,514.0,23.058439,25.3505,23.449335405678106,23.3375418018085,23.53925938526551,23.688066533036764,23.795712424070928,23.252078349591407
2019-05-30 02:30:00+00:00,2019-05-30 02:45:00+00:00,test,19.848061,626.0,15.94644,26.085939,19.426350564906247,19.13704286249507,19.277070464094688,18.86980984600836,18.488219177448535,19.28038692857237
2019-05-30 02:45:00+00:00,2019-05-30 03:00:00+00:00,test,11.49619,378.0,19.848061,26.965309,20.717448295450325,19.690315723713244,20.47226423282175,20.918881451881646,20.17326767369765,20.51589456357367
2019-05-30 03:00:00+00:00,2019-05-30 03:15:00+00:00,test,27.31225,898.0,11.49619,27.559879,13.416194307250795,13.02037846641855,14.206398911394702,13.990720635563521,15.009872223699322,18.648423841122707
2019-05-30 03:15:00+00:00,2019-05-30 03:30:00+00:00,test,22.662939,593.0,27.31225,27.965,25.25429983312446,24.3304680788897,23.56948934264789,24.587125750906065,25.702198548478478,27.038514553191142
2019-05-30 03:30:00+00:00,2019-05-30 03:45:00+00:00,test,24.052,785.0,22.662939,28.070881,24.471254291391045,23.47850016335165,23.23672126290334,23.9443913936949,22.994527138821944,25.0029330381198
2019-05-30 03:45:00+00:00,2019-05-30 04:00:00+00:00,test,27.84075,995.0,24.052,28.10063,22.86975305965716,23.56864076829264,23.61018087482261,24.131468144467433,24.12846813238665,26.093287718429856
2019-05-30 04:00:00+00:00,2019-05-30 04:15:00+00:00,test,19.74044,613.0,27.84075,28.15094,26.321674219806976,24.27389839316468,25.04741512278224,25.562584564418536,27.17159424513367,29.651543399692635
2019-05-30 04:15:00+00:00,2019-05-30 04:30:00+00:00,test,6.397672,204.0,19.74044,28.13475,19.925090278605605,20.271490239590662,20.284410983653533,19.85817548115199,21.448196349843737,23.461070118806525
2019-05-30 04:30:00+00:00,2019-05-30 04:45:00+00:00,test,5.2507660000000005,152.0,6.397672,27.34156,9.490113918955107,9.53093651469069,11.36023085986344,11.69099384225562,11.380093003575158,12.751351828467328
2019-05-30 04:45:00+00:00,2019-05-30 05:00:00+00:00,test,6.6146720000000006,180.0,5.2507660000000005,27.885811,7.775724927845247,8.054986242312946,9.296749576140392,9.942921242733636,7.393325960633255,9.61363077572993
2019-05-30 05:00:00+00:00,2019-05-30 05:15:00+00:00,test,9.116625,269.0,6.6146720000000006,27.495131,11.180441834388573,10.638301777276805,11.706127731788639,11.804244488365875,8.628165491998168,10.417200805516277
2019-05-30 05:15:00+00:00,2019-05-30 05:30:00+00:00,test,28.39813,890.0,9.116625,27.020439,12.834659701801826,10.43021937375134,10.864072500937125,11.637936098493023,10.079887293918677,11.360714009282876
2019-05-30 05:30:00+00:00,2019-05-30 05:45:00+00:00,test,25.23019,782.0,28.39813,25.874189,23.373062724475016,22.01115734450581,22.486755548964467,23.299541442558205,23.186969805907545,23.065018601794606
2019-05-30 05:45:00+00:00,2019-05-30 06:00:00+00:00,test,17.849119,314.0,25.23019,24.584881,25.43747734984453,24.10383505212195,24.727742655851586,24.677649845181364,24.924786005506768,24.98847752856532
2019-05-30 06:00:00+00:00,2019-05-30 06:15:00+00:00,test,8.77625,278.0,17.849119,24.779131,17.24612552990764,15.027795637648444,14.655333353291399,15.465416753225071,17.24466447565793,10.583328395092819
2019-05-30 06:15:00+00:00,2019-05-30 06:30:00+00:00,test,8.165937,248.0,8.77625,25.14356,8.272564621088188,9.225696629953264,10.024506301654329,9.663200496979083,11.116803990589213,7.736586028523237
2019-05-30 06:30:00+00:00,2019-05-30 06:45:00+00:00,test,8.964375,221.0,8.165937,20.5415,9.88631889885147,9.544203113084802,9.107070925828198,9.15743637549268,9.964598392708854,9.639821540263625
2019-05-30 06:45:00+00:00,2019-05-30 07:00:00+00:00,test,20.476749,594.0,8.964375,23.142,8.180996284294089,8.21085737721547,9.70424798102762,10.673365130707039,11.281010632607554,9.552712437123255
2019-05-30 07:00:00+00:00,2019-05-30 07:15:00+00:00,test,22.438061,670.0,20.476749,21.889,17.156411159894674,15.40055204458421,16.751828263374087,16.562431548991725,17.169601609741235,15.615686375547538
2019-05-30 07:15:00+00:00,2019-05-30 07:30:00+00:00,test,14.14656,309.0,22.438061,21.50663,19.34447337649554,18.484310353391592,19.405665886161323,19.07895038166404,21.388545060095776,18.709764839816977
2019-05-30 07:30:00+00:00,2019-05-30 07:45:00+00:00,test,13.77534,542.0,14.14656,19.417999,11.725786982783367,11.558927720169072,11.244052448154463,11.1657723360281,15.262077413576812,12.75993165651201
2019-05-30 07:45:00+00:00,2019-05-30 08:00:00+00:00,test,14.44931,468.0,13.77534,9.941969,10.259652498566904,11.634523512276594,12.250013708397415,12.546529979382278,14.350852066697332,10.85524670908545
2019-05-30 08:00:00+00:00,2019-05-30 08:15:00+00:00,test,8.814751,207.0,14.44931,7.677688000000001,11.704665370522068,11.600709576706858,11.507073138931105,11.407841836572512,14.742552976190346,11.746755716129286
2019-05-30 08:15:00+00:00,2019-05-30 08:30:00+00:00,test,7.736969,313.0,8.814751,13.20966,7.845495326014686,7.626102911889486,7.120701367642608,7.437445180813703,10.677747947405917,7.492101616904443
2019-05-30 08:30:00+00:00,2019-05-30 08:45:00+00:00,test,3.727719,117.0,7.736969,10.64066,6.17930636683779,6.2579153400871315,5.751878453960329,6.40749690269384,8.465807504855073,6.313787726918396
2019-05-30 08:45:00+00:00,2019-05-30 09:00:00+00:00,test,3.627203,110.0,3.727719,10.83337,4.361587234043236,3.8937106180841288,4.4510918647833755,4.562905128293364,5.00098812292964,5.771424989990753
2019-05-30 09:00:00+00:00,2019-05-30 09:15:00+00:00,test,2.80793,89.0,3.627203,6.8635,3.3840452720847973,2.993429762051824,3.036143494195151,2.966360738513806,5.273922116839264,3.178200624347168
2019-05-30 09:15:00+00:00,2019-05-30 09:30:00+00:00,test,3.041117,89.0,2.80793,5.1871089999999995,1.966803801603964,1.916553704735617,1.6671104950827569,1.7759204048202455,2.6814301522725934,0.774623480234796
2019-05-30 09:30:00+00:00,2019-05-30 09:45:00+00:00,test,2.05986,64.0,3.041117,3.966485,2.082141283729493,1.9731579435929196,1.7397245825014553,1.8821240023342063,3.0853891020029427,0.375240844868892
2019-05-30 09:45:00+00:00,2019-05-30 10:00:00+00:00,test,2.113727,65.0,2.05986,2.879953,1.1921593260400303,1.306231927307529,1.2212067062069394,1.3794869961264267,2.310913475737358,1.2959379275117433
2019-05-30 10:00:00+00:00,2019-05-30 10:15:00+00:00,test,1.279277,43.0,2.113727,2.5834919999999997,1.154684459758334,1.305460234003144,1.1058059903325246,1.350072590397867,1.6748522711739664,1.0204340190889871
2019-05-30 10:15:00+00:00,2019-05-30 10:30:00+00:00,test,1.309793,42.0,1.279277,1.9542580000000005,0.9336906756661979,0.8886673530104213,0.8782841506941975,0.9028519775875024,1.6908809217714778,1.465536195693839
2019-05-30 10:30:00+00:00,2019-05-30 10:45:00+00:00,test,0.956102,31.0,1.309793,2.038969,0.9148811712256565,0.8682206796048635,1.002492316766468,0.9527923439794488,2.0754276084989156,0.17142764548718858
2019-05-30 10:45:00+00:00,2019-05-30 11:00:00+00:00,test,0.623506,20.0,0.956102,0.560096,0.6344125495672198,0.6352886273398448,0.5443486701890857,0.5262462497169889,1.245854154069372,0.0
2019-05-30 11:00:00+00:00,2019-05-30 11:15:00+00:00,test,0.345659,11.0,0.623506,0.457516,0.3420386781529762,0.44571932405060893,0.39124756198187394,0.3315685595561554,0.2917953672288096,0.06127992379740377
2019-05-30 11:15:00+00:00,2019-05-30 11:30:00+00:00,test,0.0751059999999999,2.0,0.345659,0.050695,0.12925550205479971,0.1347323586885299,0.1025709080937736,0.03436182895888024,0.40332524339672915,0.0
2019-05-30 11:30:00+00:00,2019-05-30 11:45:00+00:00,test,0.0,0.0,0.0751059999999999,0.0,0.036912670844896425,0.04830655223239006,0.03272069551482693,0.0,0.41683140056277335,0.0
2019-05-30 11:45:00+00:00,2019-05-30 12:00:00+00:00,test,0.0017699999999999,0.0,0.0,0.0,0.02772174774140006,0.017504290667790683,0.009368558180900469,0.0,0.05135412223808,0.0
2019-05-30 12:00:00+00:00,2019-05-30 12:15:00+00:00,test,0.010762,0.0,0.0017699999999999,0.0,0.02772174774140006,0.014593069264108147,0.009368558180900469,0.0,0.0,0.0
2019-05-30 12:15:00+00:00,2019-05-30 12:30:00+00:00,test,0.001945,0.0,0.010762,0.0,0.02772174774140006,0.014593069264108147,0.009368558180900469,0.0,0.0,0.0
2019-05-30 12:30:00+00:00,2019-05-30 12:45:00+00:00,test,0.0,0.0,0.001945,0.0,0.02772174774140006,0.014593069264108147,0.009368558180900469,0.0,0.0,0.0
2019-05-30 12:45:00+00:00,2019-05-30 13:00:00+00:00,test,0.0,0.0,0.0,0.0,0.02772174774140006,0.014593069264108147,0.009368558180900469,0.0,0.0,0.0
2019-05-30 13:00:00+00:00,2019-05-30 13:15:00+00:00,test,0.0,0.0,0.0,0.0,0.02772174774140006,0.019069906905050678,0.013092593212061342,0.0,0.08935528941109272,0.0
2019-05-30 13:15:00+00:00,2019-05-30 13:30:00+00:00,test,0.0,0.0,0.0,0.0,0.02772174774140006,0.014593069264108147,0.009368558180900469,0.0,0.011939566796346668,0.0
2019-05-30 13:30:00+00:00,2019-05-30 13:45:00+00:00,test,0.0,0.0,0.0,0.0,0.02772174774140006,0.019069906905050678,0.013092593212061342,0.0,0.06806292118728852,0.0
2019-05-30 13:45:00+00:00,2019-05-30 14:00:00+00:00,test,0.0,0.0,0.0,0.0,0.02772174774140006,0.024263046234088405,0.013092593212061342,0.0,0.006084354075450271,0.0
2019-05-30 14:00:00+00:00,2019-05-30 14:15:00+00:00,test,0.0,0.0,0.0,0.0,0.02772174774140006,0.020314083794327233,0.02182822175720061,0.0,0.18231435809197638,0.0
2019-05-30 14:15:00+00:00,2019-05-30 14:30:00+00:00,test,0.0,0.0,0.0,0.0,0.02772174774140006,0.020314083794327233,0.02182822175720061,0.0,0.15999912975519326,0.0
2019-05-30 14:30:00+00:00,2019-05-30 14:45:00+00:00,test,0.0,0.0,0.0,0.0,0.02772174774140006,0.020314083794327233,0.02182822175720061,0.0,0.1343641082319209,0.0
2019-05-30 14:45:00+00:00,2019-05-30 15:00:00+00:00,test,0.0,0.0,0.0,0.0,0.02772174774140006,0.02479092143526976,0.031180534060091133,0.0,0.10721163111054555,0.0
2019-05-30 15:00:00+00:00,2019-05-30 15:15:00+00:00,test,0.0,0.0,0.0,0.0,0.02772174774140006,0.020314083794327233,0.006339516622934547,0.02638744868619676,0.0,0.0
2019-05-30 15:15:00+00:00,2019-05-30 15:30:00+00:00,test,0.0,0.0,0.0,0.0,0.02772174774140006,0.026307805306822103,0.006339516622934547,0.02638744868619676,0.016852088683558364,0.0
2019-05-30 15:30:00+00:00,2019-05-30 15:45:00+00:00,test,0.0,0.0,0.0,0.0,0.02772174774140006,0.029456772491049017,0.006339516622934547,0.033934914195734175,0.02362295025630079,0.0
2019-05-30 15:45:00+00:00,2019-05-30 16:00:00+00:00,test,0.0,0.0,0.0,0.0,0.02772174774140006,0.030784642947764607,0.015691828925825053,0.033934914195734175,0.03100455920692724,0.0
2019-05-30 16:00:00+00:00,2019-05-30 16:15:00+00:00,test,0.0,0.0,0.0,0.0,0.02772174774140006,0.03330623610394755,0.013360975695578028,0.02638744868619676,0.01062023874771345,0.0
2019-05-30 16:15:00+00:00,2019-05-30 16:30:00+00:00,test,0.0,0.0,0.0,0.0,0.02772174774140006,0.028269071424343345,0.013360975695578028,0.02638744868619676,0.0,0.0
2019-05-30 16:30:00+00:00,2019-05-30 16:45:00+00:00,test,0.0,0.0,0.0,0.0,0.03292082721228418,0.03636896116183378,0.013360975695578028,0.02638744868619676,0.0,0.0
2019-05-30 16:45:00+00:00,2019-05-30 17:00:00+00:00,test,0.0,0.0,0.0,0.0,0.03292082721228418,0.0395179283460607,0.013360975695578028,0.028816083276301536,0.01627151718403308,0.0
2019-05-30 17:00:00+00:00,2019-05-30 17:15:00+00:00,test,0.0,0.0,0.0,0.0,0.03292082721228418,0.03636896116183378,0.013360975695578028,0.02638744868619676,0.0,0.0
2019-05-30 17:15:00+00:00,2019-05-30 17:30:00+00:00,test,0.0,0.0,0.0,0.0,0.035546791945352166,0.03636896116183378,0.013360975695578028,0.02638744868619676,0.0,0.0
2019-05-30 17:30:00+00:00,2019-05-30 17:45:00+00:00,test,0.0,0.0,0.0,0.0,0.035546791945352166,0.03636896116183378,0.013360975695578028,0.02638744868619676,0.0,0.0
2019-05-30 17:45:00+00:00,2019-05-30 18:00:00+00:00,test,0.0,0.0,0.0,0.0,0.035546791945352166,0.033589647141170624,0.013360975695578028,0.02638744868619676,0.0,0.0
2019-05-30 18:00:00+00:00,2019-05-30 18:15:00+00:00,test,0.0,0.0,0.0,0.0,0.035546791945352166,0.02937053036470833,0.013360975695578028,0.01671419778837735,0.03209537952692809,0.0
2019-05-30 18:15:00+00:00,2019-05-30 18:30:00+00:00,test,0.0,0.0,0.0,0.0,0.035546791945352166,0.02937053036470833,0.013360975695578028,0.01671419778837735,0.07328467595825305,0.0
2019-05-30 18:30:00+00:00,2019-05-30 18:45:00+00:00,test,0.0,0.0,0.0,0.0,0.03659106976868172,0.03133179648222957,0.013360975695578028,0.01671419778837735,0.11475645539416046,0.0
2019-05-30 18:45:00+00:00,2019-05-30 19:00:00+00:00,test,0.0,0.0,0.0,0.0,0.03659106976868172,0.02937053036470833,0.013360975695578028,0.01671419778837735,0.16224996285117754,0.0
2019-05-30 19:00:00+00:00,2019-05-30 19:15:00+00:00,test,0.0,0.0,0.0,0.0,0.03659106976868172,0.02937053036470833,0.013360975695578028,0.01671419778837735,0.411838777621206,0.0
2019-05-30 19:15:00+00:00,2019-05-30 19:30:00+00:00,test,0.0,0.0,0.0,0.0,0.03659106976868172,0.02937053036470833,0.013360975695578028,0.01671419778837735,0.46559852762391785,0.0
2019-05-30 19:30:00+00:00,2019-05-30 19:45:00+00:00,test,0.0,0.0,0.0,0.0,0.03659106976868172,0.02937053036470833,0.013360975695578028,0.01671419778837735,0.49607058755082,0.0
2019-05-30 19:45:00+00:00,2019-05-30 20:00:00+00:00,test,0.0,0.0,0.0,0.0,0.03659106976868172,0.03133179648222957,0.013360975695578028,0.01671419778837735,0.5508970621159621,0.0
2019-05-30 20:00:00+00:00,2019-05-30 20:15:00+00:00,test,0.0,0.0,0.0,0.0,0.03659106976868172,0.03636896116183378,0.028001913360612078,0.01837077242340317,0.8851930800146146,0.0
2019-05-30 20:15:00+00:00,2019-05-30 20:30:00+00:00,test,0.0,0.0,0.0,0.0,0.03659106976868172,0.03133179648222957,0.028001913360612078,0.01837077242340317,0.9443402623893187,0.0
2019-05-30 20:30:00+00:00,2019-05-30 20:45:00+00:00,test,0.0,0.0,0.0,0.0,0.03659106976868172,0.03133179648222957,0.028001913360612078,0.01837077242340317,1.01672808267943,0.0
2019-05-30 20:45:00+00:00,2019-05-30 21:00:00+00:00,test,0.0,0.0,0.0,0.0,0.03659106976868172,0.03133179648222957,0.028001913360612078,0.01837077242340317,1.0745768142479086,0.0
2019-05-30 21:00:00+00:00,2019-05-30 21:15:00+00:00,test,0.207515,7.0,0.0,0.026674,0.03659106976868172,0.040845798802776306,0.03116248460153055,0.025918237932940576,1.070266293324936,1.8543194172569448
2019-05-30 21:15:00+00:00,2019-05-30 21:30:00+00:00,test,0.605896,25.0,0.207515,0.519025,0.28755933687059115,0.2845364458932381,0.29084477372630496,0.32626298808599996,1.3108836249787839,2.0002038892714253
2019-05-30 21:30:00+00:00,2019-05-30 21:45:00+00:00,test,1.062359,43.0,0.605896,0.828981,0.6595062923199786,0.8656431388758954,0.8862795651290697,0.9286023805916999,1.6189534548057924,2.632858885066259
2019-05-30 21:45:00+00:00,2019-05-30 22:00:00+00:00,test,1.539672,59.0,1.062359,1.4231049999999998,0.9913743118689973,1.1431184779501085,1.1265060130664488,1.220403826410821,1.9781364190758488,2.2419044669828923
2019-05-30 22:00:00+00:00,2019-05-30 22:15:00+00:00,test,2.067406,74.0,1.539672,1.696078,2.0579365436379486,1.9410198187658614,1.9473443758237343,1.9244398343574263,2.6692859950846284,3.166174324181645
2019-05-30 22:15:00+00:00,2019-05-30 22:30:00+00:00,test,2.594102,112.0,2.067406,3.1930389999999997,2.4694876309881817,2.3854044199602393,2.4231268312984597,2.419230472578214,3.1745948213649005,3.7301090919663618
2019-05-30 22:30:00+00:00,2019-05-30 22:45:00+00:00,test,3.479875,149.0,2.594102,2.515789,2.9600521141017215,3.057006962480285,3.0873822218526845,3.0257829974413526,3.792865176635872,3.7924723021585938
2019-05-30 22:45:00+00:00,2019-05-30 23:00:00+00:00,test,4.651719,186.0,3.479875,3.4656559999999996,4.506273126013201,4.537686603165034,4.609649361542222,4.620520201558897,4.601693002848554,4.461768042773617
2019-05-30 23:00:00+00:00,2019-05-30 23:15:00+00:00,test,6.088578,237.0,4.651719,5.307422,5.890907491281726,5.622572496092799,5.85867288105912,5.822220095028907,6.166664728846399,6.347922204037862
2019-05-30 23:15:00+00:00,2019-05-30 23:30:00+00:00,test,7.708094,297.0,6.088578,7.023297,7.909493333448021,7.78424126839604,7.831962701283397,7.6482826559830706,7.4674898493759,8.308689070884911
2019-05-30 23:30:00+00:00,2019-05-30 23:45:00+00:00,test,9.562,355.0,7.708094,8.270282,9.053133225087018,9.187755918036302,9.051306579761533,9.041139380195077,9.016842450201073,9.465294187387634
2019-06-01 03:45:00+00:00,2019-06-01 04:00:00+00:00,test,10.528,277.0,12.05072,12.05072,14.080571343130547,14.199932484358513,15.734344915268387,15.66013758165618,12.452705740011968,17.76244629325219
2019-06-01 04:00:00+00:00,2019-06-01 04:15:00+00:00,test,10.96288,341.0,10.528,10.528,13.388193610072015,11.704739377113398,13.598131075125256,13.825760338176114,13.03160120496338,14.624415678359519
2019-06-01 04:15:00+00:00,2019-06-01 04:30:00+00:00,test,29.462999,970.0,10.96288,10.96288,12.179067400181463,13.38019771828651,16.079566504229103,14.521322226740947,12.087806467182103,17.229699002808573
2019-06-01 04:30:00+00:00,2019-06-01 04:45:00+00:00,test,27.620689,913.0,29.462999,29.462999,23.029867747446417,22.729190531364566,23.944729172744797,23.671968906959187,24.835601383589797,24.149140141058254
2019-06-01 04:45:00+00:00,2019-06-01 05:00:00+00:00,test,25.445881,851.0,27.620689,27.620689,26.95612296451136,26.35837818926923,27.539586351286864,27.72194893773598,28.41602681243866,25.794548952663803
2019-06-01 05:00:00+00:00,2019-06-01 05:15:00+00:00,test,25.510189,794.0,25.445881,25.445881,24.49484933753035,24.15350844520207,24.43171434554169,24.225703940654107,25.50731039864006,22.408466825382995
2019-06-01 05:15:00+00:00,2019-06-01 05:30:00+00:00,test,24.028810999999997,770.0,25.510189,25.510189,24.077566937511346,23.09700940534345,24.325776616813798,24.940255929565595,24.858704465361747,24.07957290752808
2019-06-01 05:30:00+00:00,2019-06-01 05:45:00+00:00,test,24.206869,773.0,24.028810999999997,24.028810999999997,23.053743791582676,22.96659015716028,23.95428523021423,23.881789589560945,25.116189040556677,23.64457083470665
2019-06-01 05:45:00+00:00,2019-06-01 06:00:00+00:00,test,23.749689,737.0,24.206869,24.206869,22.073350356843562,22.537820331879512,23.188749415693152,23.314272886222067,25.188562980243205,22.83961709074769
2019-06-01 06:00:00+00:00,2019-06-01 06:15:00+00:00,test,23.038309,711.0,23.749689,23.749689,22.54002219294352,22.22497467022968,22.594096091745474,22.111026170731137,23.13266051274927,22.027286627696988
2019-06-01 06:15:00+00:00,2019-06-01 06:30:00+00:00,test,22.25038,683.0,23.038309,23.038309,22.128120698144706,21.44315881721969,22.47968290174583,21.79887682605214,23.354884316370374,23.11186905949527
2019-06-01 06:30:00+00:00,2019-06-01 06:45:00+00:00,test,21.283501,651.0,22.25038,22.25038,19.506977016558817,20.383555045686112,21.033558420851563,20.354211645217894,22.653781128221166,21.153696205560422
2019-06-01 06:45:00+00:00,2019-06-01 07:00:00+00:00,test,20.291691,616.0,21.283501,21.283501,18.54191541001621,18.23772161068861,18.88806046568696,18.987902951530796,20.332172394899395,19.451992643000295
2019-06-01 07:00:00+00:00,2019-06-01 07:15:00+00:00,test,19.04175,577.0,20.291691,20.291691,18.16728242247116,17.720383867224243,18.19109625839201,17.70065689338657,20.631438611835442,20.863348465197916
2019-06-01 07:15:00+00:00,2019-06-01 07:30:00+00:00,test,17.37925,528.0,19.04175,19.04175,17.853652438657495,16.98795038466012,18.427011088309477,18.038475743834613,18.99570305000515,18.914223002226635
2019-06-01 07:30:00+00:00,2019-06-01 07:45:00+00:00,test,16.264059,490.0,17.37925,17.37925,14.69772721697564,14.990294965578455,15.851095357058764,16.01484561531287,17.156219843209172,15.730616935727472
2019-06-01 07:45:00+00:00,2019-06-01 08:00:00+00:00,test,14.58669,435.0,16.264059,16.264059,13.254067872471001,13.590698440628188,14.55962402412147,14.41278835586414,15.910120100496455,15.709422157669271
2019-06-01 08:00:00+00:00,2019-06-01 08:15:00+00:00,test,12.92288,384.0,14.58669,14.58669,12.156252755947975,12.052604783274573,12.083146929609871,11.899184418826476,14.226714474058447,10.83849163840608
2019-06-01 08:15:00+00:00,2019-06-01 08:30:00+00:00,test,11.19672,327.0,12.92288,12.92288,10.54198940499865,10.564812088635643,10.419592655084905,10.53739981213848,11.553701802569696,8.480074996677832
2019-06-01 08:30:00+00:00,2019-06-01 08:45:00+00:00,test,9.829094,287.0,11.19672,11.19672,8.747558696590266,8.657499752331734,8.644344938246459,8.534425541142005,9.9699156905241,7.758452238980741
2019-06-01 08:45:00+00:00,2019-06-01 09:00:00+00:00,test,8.425375,243.0,9.829094,9.829094,6.991382002366678,6.893000247799384,6.773257363059246,6.672110758588043,9.01200733020114,7.003278716963002
2019-06-01 09:00:00+00:00,2019-06-01 09:15:00+00:00,test,6.899047,199.0,8.425375,8.425375,6.2445177940923005,6.307625240584003,6.188700534068311,6.1041205797155405,7.321400758253858,4.916862552543878
2019-06-01 09:15:00+00:00,2019-06-01 09:30:00+00:00,test,5.532953,164.0,6.899047,6.899047,4.82108164668666,4.610486291812688,4.323240278360357,4.465914154068541,6.120035657067116,3.930832095542924
2019-06-01 09:30:00+00:00,2019-06-01 09:45:00+00:00,test,4.2515160000000005,120.0,5.532953,5.532953,3.917885077211054,3.7527424229532045,3.5639188312500734,3.7111691337183377,5.036884114477197,3.0455878320885454
2019-06-01 09:45:00+00:00,2019-06-01 10:00:00+00:00,test,3.1642189999999997,96.0,4.2515160000000005,4.2515160000000005,3.2602927454328303,3.102809040699018,3.137197131785413,2.850316801013389,3.9909754760772764,2.4037052707712947
2019-06-01 10:00:00+00:00,2019-06-01 10:15:00+00:00,test,2.335594,75.0,3.1642189999999997,3.1642189999999997,2.3971929721974203,2.155310247084204,2.044389024502848,2.12777025553473,2.427136595978502,1.8308755608511946
2019-06-01 10:15:00+00:00,2019-06-01 10:30:00+00:00,test,1.773406,59.0,2.335594,2.335594,1.2730574069016227,1.3172547986128105,1.2662947956504638,1.279202846298581,1.7742623193026725,1.8882916564813073
2019-06-01 10:30:00+00:00,2019-06-01 10:45:00+00:00,test,1.256691,42.0,1.773406,1.773406,1.170962900068876,1.1649241940371118,1.1110183840808785,1.1430175672675347,1.3780058803127684,1.528134586034482
2019-06-01 10:45:00+00:00,2019-06-01 11:00:00+00:00,test,0.7286020000000001,25.0,1.256691,1.256691,0.8844467870793952,0.850188234262462,0.8510993076699332,0.8895524894684228,1.078069332531359,0.8031424518728913
2019-06-01 11:00:00+00:00,2019-06-01 11:15:00+00:00,test,0.358005,13.0,0.7286020000000001,0.7286020000000001,0.4508271091045778,0.3416893507674268,0.1680120839790016,0.22970393219034493,0.17666038298923503,0.28870159698648123
2019-06-01 11:15:00+00:00,2019-06-01 11:30:00+00:00,test,0.054027,3.0,0.358005,0.358005,0.13317654221011352,0.03688276829933127,0.0,0.0,0.02394779586614071,0.0
2019-06-01 11:30:00+00:00,2019-06-01 11:45:00+00:00,test,0.0,0.0,0.054027,0.054027,0.029922302266568186,0.0,0.0,0.0,0.0,0.0
2019-06-01 11:45:00+00:00,2019-06-01 12:00:00+00:00,test,0.0,0.0,0.0,0.0,0.029922302266568186,0.0,0.0,0.0,0.0,0.0
2019-06-01 12:00:00+00:00,2019-06-01 12:15:00+00:00,test,0.0,0.0,0.0,0.0,0.029922302266568186,0.0,0.0,0.0,0.0,0.0
2019-06-01 12:15:00+00:00,2019-06-01 12:30:00+00:00,test,0.0,0.0,0.0,0.0,0.02772174774140006,0.0,0.0,0.0,0.0,0.0
2019-06-01 12:30:00+00:00,2019-06-01 12:45:00+00:00,test,0.0,0.0,0.0,0.0,0.02772174774140006,0.017504290667790683,0.009368558180900469,0.0,0.0,0.0
2019-06-01 12:45:00+00:00,2019-06-01 13:00:00+00:00,test,0.0,0.0,0.0,0.0,0.02772174774140006,0.014593069264108147,0.009368558180900469,0.0,0.0,0.0
2019-06-01 13:00:00+00:00,2019-06-01 13:15:00+00:00,test,0.0,0.0,0.0,0.0,0.02772174774140006,0.014593069264108147,0.009368558180900469,0.0,0.0,0.0
2019-06-01 13:15:00+00:00,2019-06-01 13:30:00+00:00,test,0.0,0.0,0.0,0.0,0.02772174774140006,0.014593069264108147,0.009368558180900469,0.0,0.0,0.19635719266118734
2019-06-01 13:30:00+00:00,2019-06-01 13:45:00+00:00,test,0.0,0.0,0.0,0.0,0.02772174774140006,0.019069906905050678,0.013092593212061342,0.0,0.0,0.23386806061909393
2019-06-01 13:45:00+00:00,2019-06-01 14:00:00+00:00,test,0.0,0.0,0.0,0.0,0.02772174774140006,0.03126147703121387,0.03817764359493353,0.0,0.0,0.0
2019-06-01 14:00:00+00:00,2019-06-01 14:15:00+00:00,test,0.0,0.0,0.0,0.0,0.02772174774140006,0.02479092143526976,0.013092593212061342,0.0,0.0,0.0
2019-06-01 14:15:00+00:00,2019-06-01 14:30:00+00:00,test,0.0,0.0,0.0,0.0,0.02772174774140006,0.02479092143526976,0.013092593212061342,0.0,0.0,0.0
2019-06-01 14:30:00+00:00,2019-06-01 14:45:00+00:00,test,0.0,0.0,0.0,0.0,0.02772174774140006,0.02479092143526976,0.013092593212061342,0.0,0.0,0.08117158330259677
2019-06-01 14:45:00+00:00,2019-06-01 15:00:00+00:00,test,0.0,0.0,0.0,0.0,0.02772174774140006,0.02479092143526976,0.013092593212061342,0.0,0.0,0.17175675751918806
2019-06-01 15:00:00+00:00,2019-06-01 15:15:00+00:00,test,0.0,0.0,0.0,0.0,0.02772174774140006,0.02479092143526976,0.02555225678836149,0.031308184850901935,0.0,0.0
2019-06-01 15:15:00+00:00,2019-06-01 15:30:00+00:00,test,0.0,0.0,0.0,0.0,0.02772174774140006,0.026307805306822103,0.02182822175720061,0.02376071934136453,0.0,0.0
2019-06-01 15:30:00+00:00,2019-06-01 15:45:00+00:00,test,0.0,0.0,0.0,0.0,0.02772174774140006,0.030784642947764607,0.02555225678836149,0.031308184850901935,0.0,0.0
2019-06-01 15:45:00+00:00,2019-06-01 16:00:00+00:00,test,0.0,0.0,0.0,0.0,0.02772174774140006,0.030784642947764607,0.02555225678836149,0.031308184850901935,0.006277304592732236,0.0
2019-06-01 16:00:00+00:00,2019-06-01 16:15:00+00:00,test,0.0,0.0,0.0,0.0,0.02772174774140006,0.03330623610394755,0.025820639271878176,0.02376071934136453,0.030778642287858204,0.0
2019-06-01 16:15:00+00:00,2019-06-01 16:30:00+00:00,test,0.0,0.0,0.0,0.0,0.02772174774140006,0.030784642947764607,0.029544674303039063,0.031308184850901935,0.024927937723917104,0.0
2019-06-01 16:30:00+00:00,2019-06-01 16:45:00+00:00,test,0.0,0.0,0.0,0.0,0.03292082721228418,0.03384736800565084,0.029544674303039063,0.031308184850901935,0.05495375963849458,0.0
2019-06-01 16:45:00+00:00,2019-06-01 17:00:00+00:00,test,0.0,0.0,0.0,0.0,0.03292082721228418,0.03133179648222957,0.025820639271878176,0.02376071934136453,0.11495657712380769,0.0
2019-06-01 17:00:00+00:00,2019-06-01 17:15:00+00:00,test,0.0,0.0,0.0,0.0,0.03292082721228418,0.03384736800565084,0.029544674303039063,0.031308184850901935,0.0,0.0
2019-06-01 17:15:00+00:00,2019-06-01 17:30:00+00:00,test,0.0,0.0,0.0,0.0,0.035546791945352166,0.03580863412317208,0.029544674303039063,0.031308184850901935,0.044297801306043105,0.690369811319278
2019-06-01 17:30:00+00:00,2019-06-01 17:45:00+00:00,test,0.0,0.0,0.0,0.0,0.035546791945352166,0.02937053036470833,0.025820639271878176,0.02376071934136453,0.04486959785256772,0.0
2019-06-01 17:45:00+00:00,2019-06-01 18:00:00+00:00,test,0.0,0.0,0.0,0.0,0.035546791945352166,0.03806648478211313,0.029544674303039063,0.031308184850901935,0.10881814019485692,1.0395482703042846
2019-06-01 18:00:00+00:00,2019-06-01 18:15:00+00:00,test,0.0,0.0,0.0,0.0,0.035546791945352166,0.040845798802776306,0.029544674303039063,0.031308184850901935,0.10321390952992626,0.12343983090437138
2019-06-01 18:15:00+00:00,2019-06-01 18:30:00+00:00,test,0.0,0.0,0.0,0.0,0.035546791945352166,0.040845798802776306,0.029544674303039063,0.031308184850901935,0.12725401906488543,0.10316195902753211
2019-06-01 18:30:00+00:00,2019-06-01 18:45:00+00:00,test,0.0,0.0,0.0,0.0,0.03659106976868172,0.03580863412317208,0.029544674303039063,0.031308184850901935,0.1429684918823657,0.7045637107282792
2019-06-01 18:45:00+00:00,2019-06-01 19:00:00+00:00,test,0.0,0.0,0.0,0.0,0.03659106976868172,0.03384736800565084,0.029544674303039063,0.031308184850901935,0.17614444425496956,0.35606993119742647
2019-06-01 19:00:00+00:00,2019-06-01 19:15:00+00:00,test,0.0,0.0,0.0,0.0,0.03659106976868172,0.040845798802776306,0.029544674303039063,0.031308184850901935,0.18682289232138505,0.6557768201462748
2019-06-01 19:15:00+00:00,2019-06-01 19:30:00+00:00,test,0.0,0.0,0.0,0.0,0.03659106976868172,0.050187129235569554,0.04159924277832556,0.04129583660707641,0.27203249104483973,0.0
2019-06-01 19:30:00+00:00,2019-06-01 19:45:00+00:00,test,0.0,0.0,0.0,0.0,0.03659106976868172,0.03384736800565084,0.029544674303039063,0.031308184850901935,0.2579187085567236,0.6503179254405005
2019-06-01 19:45:00+00:00,2019-06-01 20:00:00+00:00,test,0.0,0.0,0.0,0.0,0.03659106976868172,0.03384736800565084,0.029544674303039063,0.031308184850901935,0.31418352791711257,0.2384933965891225
2019-06-01 20:00:00+00:00,2019-06-01 20:15:00+00:00,test,0.0,0.0,0.0,0.0,0.03659106976868172,0.03384736800565084,0.029544674303039063,0.031308184850901935,0.3117730485453416,0.7636237150183343
2019-06-01 20:15:00+00:00,2019-06-01 20:30:00+00:00,test,0.0,0.0,0.0,0.0,0.03659106976868172,0.03384736800565084,0.029544674303039063,0.031308184850901935,0.36939429350623243,0.6338881643209673
2019-06-01 20:30:00+00:00,2019-06-01 20:45:00+00:00,test,0.0,0.0,0.0,0.0,0.03659106976868172,0.03384736800565084,0.029544674303039063,0.031308184850901935,0.4400443647109249,1.4217584717752008
2019-06-01 20:45:00+00:00,2019-06-01 21:00:00+00:00,test,0.0,0.0,0.0,0.0,0.03659106976868172,0.03580863412317208,0.029544674303039063,0.031308184850901935,0.5155029135884943,1.3896597911742363
2019-06-01 21:00:00+00:00,2019-06-01 21:15:00+00:00,test,0.077735,5.0,0.0,0.0,0.03659106976868172,0.040845798802776306,0.029544674303039063,0.031308184850901935,0.5754605252024012,1.1222099367351577
2019-06-01 21:15:00+00:00,2019-06-01 21:30:00+00:00,test,0.430035,16.0,0.077735,0.077735,0.08304861470112507,0.12616957959507247,0.09392622899176085,0.12197549830358201,0.6713895004152084,1.6118584065914021
2019-06-01 21:30:00+00:00,2019-06-01 21:45:00+00:00,test,0.860057,30.0,0.430035,0.430035,0.4467231162218022,0.3720853010217064,0.37336706047389717,0.4381801383534459,0.9820276501573888,1.8271989538151203
2019-06-01 21:45:00+00:00,2019-06-01 22:00:00+00:00,test,1.483426,52.0,0.860057,0.860057,0.764373683116266,0.8656431388758954,0.8791062559540084,0.948712335777416,1.3659081190451579,2.8046445939067244
2019-06-01 22:00:00+00:00,2019-06-01 22:15:00+00:00,test,2.089391,72.0,1.483426,1.483426,1.6149865846411873,1.6907469473709644,1.6342824656572141,1.6302970366902871,2.239461208572984,3.137160701706815
2019-06-01 22:15:00+00:00,2019-06-01 22:30:00+00:00,test,2.64168,92.0,2.089391,2.089391,2.4694876309881817,2.277113609114238,2.3762426109808463,2.4181274004611675,2.827818868383332,4.260421342013235
2019-06-01 22:30:00+00:00,2019-06-01 22:45:00+00:00,test,3.5255940000000003,126.0,2.64168,2.64168,2.9745149790329726,2.862443587860941,2.90074876474082,2.9518453528606656,3.4042662059613087,4.477750301722379
2019-06-01 22:45:00+00:00,2019-06-01 23:00:00+00:00,test,4.372922,157.0,3.5255940000000003,3.5255940000000003,4.506273126013201,4.320005050144551,4.422528017654886,4.471388822532508,4.199536041696207,5.103584918788563
2019-06-01 23:00:00+00:00,2019-06-01 23:15:00+00:00,test,5.524858999999999,196.0,4.372922,4.372922,5.701839342323356,5.566955558616751,5.795319267082528,5.750432290907951,5.59061198821665,5.902448629269203
2019-06-01 23:15:00+00:00,2019-06-01 23:30:00+00:00,test,6.498734,231.0,5.524858999999999,5.524858999999999,6.644093287996497,6.229900669451993,6.473850431443037,6.521675429688571,6.578781476452569,6.915549623246886
2019-06-01 23:30:00+00:00,2019-06-01 23:45:00+00:00,test,7.779407000000001,277.0,6.498734,6.498734,8.09930270892318,7.672466222418328,8.034362046758115,7.904444339634569,7.506121671469528,8.018275013515504
2019-06-01 23:45:00+00:00,2019-06-02 00:00:00+00:00,test,9.008781,314.0,7.779407000000001,9.608156,9.092976681882716,8.595964168475062,8.916442511719943,9.0048777451375,8.62993918421285,9.219014062261122
2019-06-02 00:00:00+00:00,2019-06-02 00:15:00+00:00,test,10.30422,358.0,9.008781,13.60275,10.777011483321555,9.412273582449458,9.743746294707611,9.73477913599943,10.452301629810586,10.627531252187788
2019-06-02 00:15:00+00:00,2019-06-02 00:30:00+00:00,test,11.70859,403.0,10.30422,11.56575,11.123456845313378,10.813441416906338,11.589462462214653,11.280012126188849,11.60088136565394,11.712560057282369
2019-06-02 00:30:00+00:00,2019-06-02 00:45:00+00:00,test,13.30022,458.0,11.70859,12.04372,12.191407550176013,12.065161166378367,12.675856183110623,12.459809250988522,12.846354911867365,12.941077737092295
2019-06-02 00:45:00+00:00,2019-06-02 01:00:00+00:00,test,15.085,507.0,13.30022,13.4995,15.493175763990422,14.393936568049025,15.345992916113849,14.729162156507144,14.248755356109285,12.38623086922486
2019-06-02 01:00:00+00:00,2019-06-02 01:15:00+00:00,test,16.782498999999998,564.0,15.085,14.30559,17.35128896626512,15.95238977138623,16.47033856669887,16.340477724235072,16.60354095730562,15.843368603740318
2019-06-02 01:15:00+00:00,2019-06-02 01:30:00+00:00,test,17.342501000000002,582.0,16.782498999999998,20.0725,18.255724304853427,17.77305393715166,18.19214398037793,18.18740352512505,18.07838425737109,16.579629724468802
2019-06-02 01:30:00+00:00,2019-06-02 01:45:00+00:00,test,18.705311,621.0,17.342501000000002,21.60594,17.73304739458486,17.256004583524074,18.984116696673052,18.376620381802848,18.627040924849744,16.769354064382092
2019-06-02 01:45:00+00:00,2019-06-02 02:00:00+00:00,test,19.808689,662.0,18.705311,12.84434,19.188221128228196,18.044977371172024,19.590504584002357,19.055825088586374,19.695209408187793,17.753036584316423
2019-06-02 02:00:00+00:00,2019-06-02 02:15:00+00:00,test,20.68763,695.0,19.808689,26.093809,20.975003194987416,20.064505539666573,21.390792952970415,20.955308459800015,21.41375998397388,21.939226121712935
2019-06-02 02:15:00+00:00,2019-06-02 02:30:00+00:00,test,21.39506,716.0,20.68763,23.593941,22.288445610151676,21.59484372650785,22.302467288640837,22.342694481991494,22.151477884606074,22.592595559320372
2019-06-02 02:30:00+00:00,2019-06-02 02:45:00+00:00,test,22.56625,759.0,21.39506,21.770439,22.276184825717653,22.098734518142773,22.825042419557114,22.93032937776274,22.58847167487376,22.938883653534624
2019-06-02 02:45:00+00:00,2019-06-02 03:00:00+00:00,test,23.129311,775.0,22.56625,28.998381,23.549781486838448,22.48393951754129,23.444856164380557,23.89036525489989,23.369545336231,22.236976168608805
2019-06-02 03:00:00+00:00,2019-06-02 03:15:00+00:00,test,23.79431,804.0,23.129311,11.18425,23.76923312210683,22.88571453066506,23.459530111168714,24.186744727027804,24.252361936161506,24.252772921589774
2019-06-02 03:15:00+00:00,2019-06-02 03:30:00+00:00,test,24.80538,841.0,23.79431,7.185063,24.366273714932877,23.1784188891894,23.54577758749234,23.849255396611472,24.641905525872552,24.249599988425004
2019-06-02 03:30:00+00:00,2019-06-02 03:45:00+00:00,test,25.25775,856.0,24.80538,12.05072,24.80547279828717,24.377964074910228,24.164856388368104,24.266585353031257,25.3765924263435,24.732279740616548
2019-06-02 03:45:00+00:00,2019-06-02 04:00:00+00:00,test,25.951191,875.0,25.25775,10.528,25.764369386655865,25.55887983078499,25.558307863830592,25.397396868141268,25.805406233035313,25.745147865882203
2019-06-02 04:00:00+00:00,2019-06-02 04:15:00+00:00,test,26.00675,880.0,25.951191,10.96288,25.920028001072847,25.79528622820868,26.238740214105366,26.04654961622275,26.432973882903326,26.47285141861171
2019-06-02 04:15:00+00:00,2019-06-02 04:30:00+00:00,test,26.692751,898.0,26.00675,29.462999,25.345776735979427,25.550067345078247,25.37350636380537,25.493536266726878,26.408159371761677,26.35430180347931
2019-06-02 04:30:00+00:00,2019-06-02 04:45:00+00:00,test,26.147619,875.0,26.692751,27.620689,25.644672929362304,26.024381263665088,26.41710632762873,25.780790109964805,26.799961503516123,25.975603494674125
2019-06-02 04:45:00+00:00,2019-06-02 05:00:00+00:00,test,25.439751,847.0,26.147619,25.445881,25.18428163622106,25.965130897559966,26.269960339232785,25.75190894903494,26.27012973971894,25.650152893778184
2019-06-02 05:00:00+00:00,2019-06-02 05:15:00+00:00,test,24.955,803.0,25.439751,25.510189,25.25853656210467,24.88638457496468,24.80896697315564,24.884879126329082,25.276637614905106,24.17354258555875
2019-06-02 05:15:00+00:00,2019-06-02 05:30:00+00:00,test,24.64875,790.0,24.955,24.028810999999997,24.53753915644893,24.411011131736128,24.664874428664614,24.00517178658027,24.613865650763096,21.899794011899242
2019-06-02 05:30:00+00:00,2019-06-02 05:45:00+00:00,test,23.737869,751.0,24.64875,24.206869,23.631109268733013,23.367228292211152,23.942241121011673,23.29436512543925,24.082176914488024,22.058337778912836
2019-06-02 05:45:00+00:00,2019-06-02 06:00:00+00:00,test,23.167379,722.0,23.737869,23.749689,22.500967988104268,23.016735744603114,23.96314560192561,23.134781320546548,23.19491156621737,21.18696330188817
2019-06-02 06:00:00+00:00,2019-06-02 06:15:00+00:00,test,22.761379,703.0,23.167379,23.038309,22.206980117692353,21.92442688172931,23.282120608574,21.972986326215764,21.92042586745443,20.064466819332967
2019-06-02 06:15:00+00:00,2019-06-02 06:30:00+00:00,test,21.890751,676.0,22.761379,22.25038,21.364313220384897,21.671222589542815,22.61223370438337,21.705033374528714,21.438740793833148,18.738830690353375
2019-06-02 06:30:00+00:00,2019-06-02 06:45:00+00:00,test,21.315439,659.0,21.890751,21.283501,19.165799651863242,19.709728704984013,20.70713158380562,19.79296121045275,20.588558719127796,17.118177665045188
2019-06-02 06:45:00+00:00,2019-06-02 07:00:00+00:00,test,20.34725,626.0,21.315439,20.291691,18.46883949793762,18.76751635501157,19.73834234524535,19.273646870550078,19.968013947935184,17.572724879388666
2019-06-02 07:00:00+00:00,2019-06-02 07:15:00+00:00,test,18.89913,573.0,20.34725,19.04175,17.531419125430713,17.540986958165302,17.572050736823318,17.689155604310084,18.855275952732235,15.744217056674335
2019-06-02 07:15:00+00:00,2019-06-02 07:30:00+00:00,test,17.18281,530.0,18.89913,17.37925,15.760835556557337,15.897687564659911,16.15563044373723,16.172545413368766,17.561484385459863,14.94145392845373
2019-06-02 07:30:00+00:00,2019-06-02 07:45:00+00:00,test,15.58331,481.0,17.18281,16.264059,14.508980533589355,14.86547497096765,15.195326446114624,15.223803756279176,16.113288324392606,13.886958110370426
2019-06-02 07:45:00+00:00,2019-06-02 08:00:00+00:00,test,14.01881,432.0,15.58331,14.58669,12.736160453831134,12.815849858650795,13.544401696239651,13.227700939600506,14.725309323311187,12.534269781269511
2019-06-02 08:00:00+00:00,2019-06-02 08:15:00+00:00,test,8.784563,243.0,14.01881,12.92288,11.200241689023546,11.116665171320795,11.346254911583083,11.144436143180561,12.577958646158962,11.50878102707168
2019-06-02 08:15:00+00:00,2019-06-02 08:30:00+00:00,test,8.739282000000001,222.0,8.784563,11.19672,7.401614655263691,7.721696041144155,7.359974784681292,7.339392341883687,8.491963521956245,7.887772911288213
2019-06-02 08:30:00+00:00,2019-06-02 08:45:00+00:00,test,6.132657,231.0,8.739282000000001,9.829094,6.870377657113509,6.792832617054766,6.454188875481352,6.7413587162319795,7.621026077937532,8.03773378555831
2019-06-02 08:45:00+00:00,2019-06-02 09:00:00+00:00,test,3.065234,95.0,6.132657,8.425375,4.677928566428503,4.84180830470795,5.511881413413336,5.431183692076357,6.104642802949131,6.432194889730957
2019-06-02 09:00:00+00:00,2019-06-02 09:15:00+00:00,test,7.522594000000001,207.0,3.065234,6.899047,2.530457334486334,2.712062153283115,2.4908287535202596,2.6172147492251323,3.004120150741409,2.7237088645565333
2019-06-02 09:15:00+00:00,2019-06-02 09:30:00+00:00,test,4.967375,152.0,7.522594000000001,5.532953,5.617822242596234,4.957026495265498,4.856879621248283,5.049271135510737,5.408754435389953,5.467461394677501
2019-06-02 09:30:00+00:00,2019-06-02 09:45:00+00:00,test,4.006844,123.0,4.967375,4.2515160000000005,3.746531764249286,3.6393155889610456,3.3380497772794215,3.4088341800579203,4.43111691645021,4.4405821715523155
2019-06-02 09:45:00+00:00,2019-06-02 10:00:00+00:00,test,2.812852,91.0,4.006844,3.1642189999999997,2.490533118287831,2.611638482671778,2.5674027773422603,2.562011207832359,3.8640798059206176,2.010867330605806
2019-06-02 10:00:00+00:00,2019-06-02 10:15:00+00:00,test,1.865828,65.0,2.812852,2.335594,1.65964283449194,1.6838098731347881,1.5977479278444218,1.6328988376934164,1.9609660881868471,0.435083558846733
2019-06-02 10:15:00+00:00,2019-06-02 10:30:00+00:00,test,1.181277,39.0,1.865828,1.773406,1.268606860685146,1.2973765744076953,1.2913355095687622,1.169186255262721,1.8339806981905644,0.0
2019-06-02 10:30:00+00:00,2019-06-02 10:45:00+00:00,test,1.472023,44.0,1.181277,1.256691,0.950665576217416,0.7041369512036625,0.4617662012546721,0.5231868370590158,1.3537326497451625,0.0
2019-06-02 10:45:00+00:00,2019-06-02 11:00:00+00:00,test,1.097633,36.0,1.472023,0.7286020000000001,0.8332850557421863,0.876866277030303,0.8756538845361721,0.8895524894684228,0.9648871564388228,0.06496354911501978
2019-06-02 11:00:00+00:00,2019-06-02 11:15:00+00:00,test,0.3897239999999999,14.0,1.097633,0.358005,1.0333265586668092,0.7956016027008461,0.5565214287355719,0.624409015905814,0.8650288724903827,0.0
2019-06-02 11:15:00+00:00,2019-06-02 11:30:00+00:00,test,0.072114,0.0,0.3897239999999999,0.054027,0.13317654221011352,0.032663651522868965,0.0,0.0,0.15965882195424985,0.0
2019-06-02 11:30:00+00:00,2019-06-02 11:45:00+00:00,test,0.0,0.0,0.072114,0.0,0.09352955646451765,0.10304070425412665,0.0,0.0,0.0,0.0
2019-06-02 11:45:00+00:00,2019-06-02 12:00:00+00:00,test,0.0,0.0,0.0,0.0,0.02772174774140006,0.0,0.0,0.0,0.0,0.0
2019-06-02 12:00:00+00:00,2019-06-02 12:15:00+00:00,test,0.0,0.0,0.0,0.0,0.02772174774140006,0.0,0.0,0.0,0.0,0.0
2019-06-02 12:15:00+00:00,2019-06-02 12:30:00+00:00,test,0.0,0.0,0.0,0.0,0.02772174774140006,0.0,0.0,0.0,0.0,0.0
2019-06-02 12:30:00+00:00,2019-06-02 12:45:00+00:00,test,0.0,0.0,0.0,0.0,0.02772174774140006,0.0,0.0,0.0,0.0,0.0
2019-06-02 12:45:00+00:00,2019-06-02 13:00:00+00:00,test,0.0,0.0,0.0,0.0,0.02772174774140006,0.0,0.0,0.0,0.26767023017440383,0.0
2019-06-02 13:00:00+00:00,2019-06-02 13:15:00+00:00,test,0.0,0.0,0.0,0.0,0.02772174774140006,0.0,0.0,0.0,0.0,0.0
2019-06-02 13:15:00+00:00,2019-06-02 13:30:00+00:00,test,0.0,0.0,0.0,0.0,0.02772174774140006,0.0,0.025621201505623883,0.0,0.13033988669313246,0.0
2019-06-02 13:30:00+00:00,2019-06-02 13:45:00+00:00,test,0.0,0.0,0.0,0.0,0.02772174774140006,0.0,0.0,0.0,0.02019071836574593,0.0
2019-06-02 13:45:00+00:00,2019-06-02 14:00:00+00:00,test,0.0,0.0,0.0,0.0,0.02772174774140006,0.0,0.0,0.0,0.06838320572039258,0.0
2019-06-02 14:00:00+00:00,2019-06-02 14:15:00+00:00,test,0.0,0.0,0.0,0.0,0.02772174774140006,0.0,0.0306731756578642,0.0,0.0515433188964618,0.0
2019-06-02 14:15:00+00:00,2019-06-02 14:30:00+00:00,test,0.0,0.0,0.0,0.0,0.02772174774140006,0.0,0.0306731756578642,0.0,0.06832998596299866,0.0
2019-06-02 14:30:00+00:00,2019-06-02 14:45:00+00:00,test,0.0,0.0,0.0,0.0,0.02772174774140006,0.0,0.0306731756578642,0.0,0.03215736130367919,0.0
2019-06-02 14:45:00+00:00,2019-06-02 15:00:00+00:00,test,0.0,0.0,0.0,0.0,0.02772174774140006,0.0,0.0306731756578642,0.0,0.014946179989951958,0.0
2019-06-02 15:00:00+00:00,2019-06-02 15:15:00+00:00,test,0.0,0.0,0.0,0.0,0.02772174774140006,0.0,0.031412517571890425,0.0,0.0,0.0
2019-06-02 15:15:00+00:00,2019-06-02 15:30:00+00:00,test,0.0,0.0,0.0,0.0,0.02772174774140006,0.0,0.031412517571890425,0.0,0.0,0.0
2019-06-02 15:30:00+00:00,2019-06-02 15:45:00+00:00,test,0.0,0.0,0.0,0.0,0.02772174774140006,0.03330623610394755,0.022567563671226854,0.0,0.0,0.0
2019-06-02 15:45:00+00:00,2019-06-02 16:00:00+00:00,test,0.0,0.0,0.0,0.0,0.02772174774140006,0.030784642947764607,0.03191987597411737,0.0,0.0,0.0
2019-06-02 16:00:00+00:00,2019-06-02 16:15:00+00:00,test,0.0,0.0,0.0,0.0,0.02772174774140006,0.03330623610394755,0.013360975695578028,0.01671419778837735,0.00781414180091744,0.0
2019-06-02 16:15:00+00:00,2019-06-02 16:30:00+00:00,test,0.0,0.0,0.0,0.0,0.02772174774140006,0.03778307374489008,0.006027066873153679,0.024261663297914755,0.02021721067720783,0.0
2019-06-02 16:30:00+00:00,2019-06-02 16:45:00+00:00,test,0.0,0.0,0.0,0.0,0.03292082721228418,0.050187129235569554,0.034767856473755035,0.03424931505408925,0.043922142787563345,0.0
2019-06-02 16:45:00+00:00,2019-06-02 17:00:00+00:00,test,0.0,0.0,0.0,0.0,0.03292082721228418,0.050187129235569554,0.034767856473755035,0.03424931505408925,0.056031178885971755,0.0
2019-06-02 17:00:00+00:00,2019-06-02 17:15:00+00:00,test,0.0,0.0,0.0,0.0,0.03292082721228418,0.03384736800565084,0.029544674303039063,0.03559148883075999,0.024830016904535235,0.0
2019-06-02 17:15:00+00:00,2019-06-02 17:30:00+00:00,test,0.0,0.0,0.0,0.0,0.035546791945352166,0.040845798802776306,0.029544674303039063,0.03559148883075999,0.1135147042579625,0.0
2019-06-02 17:30:00+00:00,2019-06-02 17:45:00+00:00,test,0.0,0.0,0.0,0.0,0.035546791945352166,0.040845798802776306,0.029544674303039063,0.03559148883075999,0.13863930603470465,0.0
2019-06-02 17:45:00+00:00,2019-06-02 18:00:00+00:00,test,0.0,0.0,0.0,0.0,0.035546791945352166,0.040845798802776306,0.029544674303039063,0.03559148883075999,0.16174976956569065,0.0
2019-06-02 18:00:00+00:00,2019-06-02 18:15:00+00:00,test,0.0,0.0,0.0,0.0,0.035546791945352166,0.040845798802776306,0.029544674303039063,0.03559148883075999,0.05033232634162399,0.0
2019-06-02 18:15:00+00:00,2019-06-02 18:30:00+00:00,test,0.0,0.0,0.0,0.0,0.035546791945352166,0.040845798802776306,0.029544674303039063,0.03559148883075999,0.06847112657991694,0.0
2019-06-02 18:30:00+00:00,2019-06-02 18:45:00+00:00,test,0.0,0.0,0.0,0.0,0.03659106976868172,0.040845798802776306,0.029544674303039063,0.03559148883075999,0.12513417625431345,0.0
2019-06-02 18:45:00+00:00,2019-06-02 19:00:00+00:00,test,0.0,0.0,0.0,0.0,0.03659106976868172,0.03580863412317208,0.029544674303039063,0.03559148883075999,0.09686274614973556,0.0
2019-06-02 19:00:00+00:00,2019-06-02 19:15:00+00:00,test,0.0,0.0,0.0,0.0,0.03659106976868172,0.03384736800565084,0.029544674303039063,0.03559148883075999,0.1351527164944617,0.0
2019-06-02 19:15:00+00:00,2019-06-02 19:30:00+00:00,test,0.0,0.0,0.0,0.0,0.03659106976868172,0.03384736800565084,0.029544674303039063,0.03559148883075999,0.17635625193130622,0.0
2019-06-02 19:30:00+00:00,2019-06-02 19:45:00+00:00,test,0.0,0.0,0.0,0.0,0.03659106976868172,0.03806648478211313,0.029544674303039063,0.03559148883075999,0.2534678497841787,0.0
2019-06-02 19:45:00+00:00,2019-06-02 20:00:00+00:00,test,0.0,0.0,0.0,0.0,0.03659106976868172,0.03384736800565084,0.029544674303039063,0.03559148883075999,0.2842586900067765,0.0
2019-06-02 20:00:00+00:00,2019-06-02 20:15:00+00:00,test,0.0,0.0,0.0,0.0,0.03659106976868172,0.03384736800565084,0.029544674303039063,0.0,0.19690011428521537,0.0
2019-06-02 20:15:00+00:00,2019-06-02 20:30:00+00:00,test,0.0,0.0,0.0,0.0,0.03659106976868172,0.03384736800565084,0.029544674303039063,0.0,0.2500696958562232,0.0
2019-06-02 20:30:00+00:00,2019-06-02 20:45:00+00:00,test,0.0,0.0,0.0,0.0,0.03659106976868172,0.03384736800565084,0.029544674303039063,0.0,0.23394728257791542,0.0
2019-06-02 20:45:00+00:00,2019-06-02 21:00:00+00:00,test,0.0,0.0,0.0,0.0,0.03659106976868172,0.03251949754893524,0.025820639271878176,0.0,0.25206757028223326,0.0
2019-06-02 21:00:00+00:00,2019-06-02 21:15:00+00:00,test,0.199541,4.0,0.0,0.077735,0.03659106976868172,0.03251949754893524,0.025820639271878176,0.0,0.21323921235088505,0.0
2019-06-02 21:15:00+00:00,2019-06-02 21:30:00+00:00,test,0.522115,22.0,0.199541,0.430035,0.28755933687059115,0.2751951154604448,0.2840091008526397,0.23683330556550156,0.5310800255484489,1.3028460319702173
2019-06-02 21:30:00+00:00,2019-06-02 21:45:00+00:00,test,0.821105,39.0,0.522115,0.860057,0.591006366703928,0.6811110002662634,0.6317893760629545,0.6212538928458919,0.8842152177768687,1.7341865731855473
2019-06-02 21:45:00+00:00,2019-06-02 22:00:00+00:00,test,1.112563,56.0,0.821105,1.483426,0.764373683116266,0.8586447080787699,0.8791062559540084,0.8777705538301054,1.14991797540225,2.154801276684343
2019-06-02 22:00:00+00:00,2019-06-02 22:15:00+00:00,test,1.5058200000000002,69.0,1.112563,2.089391,1.6051081280512502,1.5830368098505119,1.551544176313706,1.5139440339314454,1.9368596147574682,0.0
2019-06-02 22:15:00+00:00,2019-06-02 22:30:00+00:00,test,2.109078,107.0,1.5058200000000002,2.64168,2.1756436945128783,2.082620644746516,2.127409315101882,2.0473286373306308,2.2552435721544297,1.2584136688366314
2019-06-02 22:30:00+00:00,2019-06-02 22:45:00+00:00,test,2.913422,144.0,2.109078,3.5255940000000003,2.6233313004578114,2.683403577253901,2.6026597439447716,2.5700050753019297,2.8807625842897666,2.487618980887053
2019-06-02 22:45:00+00:00,2019-06-02 23:00:00+00:00,test,4.047969,179.0,2.913422,4.372922,4.037069556938442,4.11844898532876,4.301692351922269,4.260125149172167,3.6127678742163063,2.4297062833655403
2019-06-02 23:00:00+00:00,2019-06-02 23:15:00+00:00,test,5.437469,230.0,4.047969,5.524858999999999,5.039509860249401,4.928080207762336,5.027750618346844,4.809137818393708,5.318970691292444,5.30913920659331
2019-06-02 23:15:00+00:00,2019-06-02 23:30:00+00:00,test,7.092969,294.0,5.437469,6.498734,7.063391890024247,6.531167671728965,6.450469994820821,6.169793389549451,6.591831518225166,5.915322163100688
2019-06-02 23:30:00+00:00,2019-06-02 23:45:00+00:00,test,8.937906,360.0,7.092969,7.779407000000001,8.39433969223908,8.36181061127672,8.407051295572163,7.951467060876381,8.123300514089124,7.67715539398381
2019-06-02 23:45:00+00:00,2019-06-03 00:00:00+00:00,test,10.7135,409.0,8.937906,9.008781,10.294535361546243,10.472869617458672,10.909287527031466,10.436264446740763,9.918540067390708,9.0650839390997
2019-06-03 00:00:00+00:00,2019-06-03 00:15:00+00:00,test,12.453,457.0,10.7135,10.30422,12.503420202620646,12.787163252374224,12.866428591142169,12.725581220286758,12.362572282507816,11.800578578832797
2019-06-03 00:15:00+00:00,2019-06-03 00:30:00+00:00,test,14.15925,515.0,12.453,11.70859,12.763912811694963,13.546714332055968,13.58452800332213,13.491415519647257,14.005232535972866,13.516673331838941
2019-06-03 00:30:00+00:00,2019-06-03 00:45:00+00:00,test,15.78719,556.0,14.15925,13.30022,15.842212720449188,15.31068117582937,15.897866116434468,15.595100794495382,15.617870546649689,14.903884208071073
2019-06-03 00:45:00+00:00,2019-06-03 01:00:00+00:00,test,17.353001000000003,605.0,15.78719,15.085,17.312721979477864,17.142804356222,17.066539218067383,16.967618519196073,17.11543772672284,15.87279826745144
2019-06-03 01:00:00+00:00,2019-06-03 01:15:00+00:00,test,18.665501000000003,639.0,17.353001000000003,16.782498999999998,19.351201507152048,19.083907022658433,19.21109986505233,18.644161731990938,19.213497759342363,19.174041879906888
2019-06-03 01:15:00+00:00,2019-06-03 01:30:00+00:00,test,20.06156,677.0,18.665501000000003,17.342501000000002,20.223342665852183,20.296970737036542,20.1642196078604,19.91829245839876,20.344851589445796,19.45253083068183
2019-06-03 01:30:00+00:00,2019-06-03 01:45:00+00:00,test,21.516689000000003,720.0,20.06156,18.705311,21.036032705733565,21.115113278110563,21.299994564128042,20.98780653080432,21.554452341488158,19.925162347733632
2019-06-03 01:45:00+00:00,2019-06-03 02:00:00+00:00,test,22.743441,753.0,21.516689000000003,19.808689,22.60487834503883,22.790113524957818,22.819418976038293,22.664343596774067,22.727614892053932,20.8476738817601
2019-06-03 02:00:00+00:00,2019-06-03 02:15:00+00:00,test,23.524379999999997,774.0,22.743441,20.68763,23.495437360736044,23.71074353806101,23.91424759969934,23.87824119597418,24.296024117065492,22.91751877796824
2019-06-03 02:15:00+00:00,2019-06-03 02:30:00+00:00,test,24.33638,828.0,23.524379999999997,21.39506,24.3077713819118,24.507427099388497,24.76037367676472,24.737241161126416,24.896549917257886,23.068429587468152
2019-06-03 02:30:00+00:00,2019-06-03 02:45:00+00:00,test,25.329941,847.0,24.33638,22.56625,24.7469899629735,24.83619693990086,25.031143970994183,24.91540936902745,25.494303154696887,25.446055121908607
2019-06-03 02:45:00+00:00,2019-06-03 03:00:00+00:00,test,25.59375,873.0,25.329941,23.129311,25.98928594559962,26.331019315456352,26.395100456012308,26.135759165615205,26.118130454129044,24.316319842834282
2019-06-03 03:00:00+00:00,2019-06-03 03:15:00+00:00,test,25.99581,876.0,25.59375,23.79431,26.049931801688697,26.91227966479244,27.06701350254695,26.661460342328006,26.737754741859582,26.129604858009863
2019-06-03 03:15:00+00:00,2019-06-03 03:30:00+00:00,test,26.50069,889.0,25.99581,24.80538,26.42218591791045,26.77979478220883,27.003217759164205,26.703919412378347,26.748076687579577,26.165568517953055
2019-06-03 03:30:00+00:00,2019-06-03 03:45:00+00:00,test,26.812189,901.0,26.50069,25.25775,27.147955252185287,27.769965699622738,27.6533685238725,27.644739363592304,26.90435388767355,26.81537965723777
2019-06-03 03:45:00+00:00,2019-06-03 04:00:00+00:00,test,27.15563,903.0,26.812189,25.951191,27.23528750861772,28.095959377948137,28.00624440657326,27.880154311278986,27.00739691507816,26.55730953788955
2019-06-03 04:00:00+00:00,2019-06-03 04:15:00+00:00,test,27.353809,918.0,27.15563,26.00675,26.949413361438367,27.721390348472745,27.88388970742835,27.685782321639596,27.367136013318493,26.20908483650134
2019-06-03 04:15:00+00:00,2019-06-03 04:30:00+00:00,test,27.384439,912.0,27.353809,26.692751,26.85566708199243,27.860956484266158,27.838349603574766,27.6554176571848,27.350429250394782,24.666542430631743
2019-06-03 04:30:00+00:00,2019-06-03 04:45:00+00:00,test,27.132,900.0,27.384439,26.147619,27.39681048313335,27.8980379002248,28.083826709762015,27.77995184573703,27.21027563472075,24.35186490985531
2019-06-03 04:45:00+00:00,2019-06-03 05:00:00+00:00,test,26.857691,887.0,27.132,25.439751,27.146306295003907,28.058286759162943,28.069807169301072,27.939611843235955,26.806081765876222,25.164128092020214
2019-06-03 05:00:00+00:00,2019-06-03 05:15:00+00:00,test,26.55319,863.0,26.857691,24.955,26.261168297450432,27.105102191499817,27.177511122171545,26.940787316488457,26.40001564902588,24.998972042179318
2019-06-03 05:15:00+00:00,2019-06-03 05:30:00+00:00,test,25.97788,831.0,26.55319,24.64875,25.781105389721947,26.460507661781318,26.64485495218877,26.242490667692522,25.93391022480234,23.451983181190037
2019-06-03 05:30:00+00:00,2019-06-03 05:45:00+00:00,test,25.584999,805.0,25.97788,23.737869,24.998152932952724,25.648945772285284,25.93108800210742,25.445365372250546,25.25578505590392,23.38932977135844
2019-06-03 05:45:00+00:00,2019-06-03 06:00:00+00:00,test,24.86138,775.0,25.584999,23.167379,24.663096288903116,24.917880388045813,25.28750121762881,24.867837109092463,24.669753857221593,22.339423999401426
2019-06-03 06:00:00+00:00,2019-06-03 06:15:00+00:00,test,23.93475,741.0,24.86138,22.761379,22.763388992757523,23.25840492893367,24.035257998037068,22.82608903397122,23.747431963232216,21.361382228142467
2019-06-03 06:15:00+00:00,2019-06-03 06:30:00+00:00,test,23.01338,710.0,23.93475,21.890751,20.946939088220763,22.096379872405024,22.93116642665539,22.395922617250385,22.89428401496378,21.26705401365802
2019-06-03 06:30:00+00:00,2019-06-03 06:45:00+00:00,test,22.097691,680.0,23.01338,21.315439,20.135385964650624,21.178559999670625,22.16954458627242,21.623569455359537,21.880934125173614,18.02909946020173
2019-06-03 06:45:00+00:00,2019-06-03 07:00:00+00:00,test,20.90856,640.0,22.097691,20.34725,19.247163965571517,20.25994427704025,21.106005194918176,20.665045244543574,21.0625853871285,17.83970255353597
2019-06-03 07:00:00+00:00,2019-06-03 07:15:00+00:00,test,19.879129,613.0,20.90856,18.89913,18.091963154443878,18.47124678765771,19.4092528613341,18.953786608538255,19.603046550387077,17.107743268188997
2019-06-03 07:15:00+00:00,2019-06-03 07:30:00+00:00,test,18.555691,574.0,19.879129,17.18281,16.833045286185058,16.9992384120252,17.63630759989219,17.157546983066805,18.63909386776632,15.71004764736711
2019-06-03 07:30:00+00:00,2019-06-03 07:45:00+00:00,test,17.45669,534.0,18.555691,15.58331,15.254801171670447,15.459853392026616,16.209199500010925,16.04813995527583,17.515968721791044,14.464687269770366
2019-06-03 07:45:00+00:00,2019-06-03 08:00:00+00:00,test,16.665689,519.0,17.45669,14.01881,14.459575091699698,14.601652330948212,15.453975791498038,15.261795012707177,16.49670042002466,14.005194554764788
2019-06-03 08:00:00+00:00,2019-06-03 08:15:00+00:00,test,14.87938,456.0,16.665689,8.784563,13.101682458802463,13.323602379124436,13.724186155063329,13.456445343697292,15.145594545604181,12.349276101574318
2019-06-03 08:15:00+00:00,2019-06-03 08:30:00+00:00,test,12.51294,382.0,14.87938,8.739282000000001,11.514711577273536,11.583106377124421,11.798206222603843,11.892602158620813,13.765734548355875,11.453771352267141
2019-06-03 08:30:00+00:00,2019-06-03 08:45:00+00:00,test,11.0845,330.0,12.51294,6.132657,9.700064711991644,10.032284757201188,9.92049185765092,9.840124262758764,11.780701363051335,9.656814936934676
2019-06-03 08:45:00+00:00,2019-06-03 09:00:00+00:00,test,9.124063,263.0,11.0845,3.065234,8.505976808353585,8.520259084457257,8.52723749021018,8.277077773765134,10.384301593358607,8.743124119410668
2019-06-03 09:00:00+00:00,2019-06-03 09:15:00+00:00,test,7.279125,213.0,9.124063,7.522594000000001,6.991382002366678,7.051198387195054,7.00333994278809,6.882467231786892,8.09676423050379,6.587794914503328
2019-06-03 09:15:00+00:00,2019-06-03 09:30:00+00:00,test,5.685641,172.0,7.279125,4.967375,4.986815192911656,4.830105778777351,4.737067659448451,4.692658944766661,6.475006367532931,6.161647416228883
2019-06-03 09:30:00+00:00,2019-06-03 09:45:00+00:00,test,4.265297,120.0,5.685641,4.006844,3.9474181355764046,3.7527424229532045,3.6287307896001595,3.6642282917242897,5.072027538596803,5.158565931663434
2019-06-03 09:45:00+00:00,2019-06-03 10:00:00+00:00,test,2.983313,93.0,4.265297,2.812852,3.2545990918910763,3.124366330622843,3.1687274888029546,2.9240323644463846,3.9140238057006975,4.038072438689849
2019-06-03 10:00:00+00:00,2019-06-03 10:15:00+00:00,test,2.05882,78.0,2.983313,1.865828,2.1434099656592873,2.0354619067446906,2.0103121506865858,1.9363916173719826,2.3770149254277335,1.7352854351540534
2019-06-03 10:15:00+00:00,2019-06-03 10:30:00+00:00,test,1.500324,61.0,2.05882,1.181277,1.2730574069016227,1.3822820173654422,1.439373069506936,1.3281672217293747,1.6148773624311152,1.5657170956644766
2019-06-03 10:30:00+00:00,2019-06-03 10:45:00+00:00,test,1.133672,45.0,1.500324,1.472023,1.0629053368472925,1.1620484426705313,1.220803469452472,1.074793924892824,1.2708734270716668,0.915761161659213
2019-06-03 10:45:00+00:00,2019-06-03 11:00:00+00:00,test,0.762617,28.0,1.133672,1.097633,0.8844467870793952,0.8956225913821227,0.9633248695511348,0.8895095289503895,1.052723884152564,0.2398072587009512
2019-06-03 11:00:00+00:00,2019-06-03 11:15:00+00:00,test,0.3936469999999999,14.0,0.762617,0.3897239999999999,0.4508271091045778,0.4077830495526587,0.31297095893184385,0.30998862469662186,0.24999840924960992,0.07469758318445852
2019-06-03 11:15:00+00:00,2019-06-03 11:30:00+00:00,test,0.088548,3.0,0.3936469999999999,0.072114,0.13317654221011352,0.06465510135513561,0.08124587609188338,0.053482757481568555,0.08952153342222768,0.6176708310340464
2019-06-03 11:30:00+00:00,2019-06-03 11:45:00+00:00,test,0.0,0.0,0.088548,0.0,0.09352955646451765,0.0802980020646567,0.0,0.0,0.0,0.08178842968982902
2019-06-03 11:45:00+00:00,2019-06-03 12:00:00+00:00,test,0.0,0.0,0.0,0.0,0.029922302266568186,0.0,0.0,0.0,0.0,0.0
2019-06-03 12:00:00+00:00,2019-06-03 12:15:00+00:00,test,0.0,0.0,0.0,0.0,0.029922302266568186,0.0,0.0,0.0,0.0,0.0
2019-06-03 12:15:00+00:00,2019-06-03 12:30:00+00:00,test,0.0,0.0,0.0,0.0,0.029922302266568186,0.0,0.0,0.0,0.0,0.0
2019-06-03 12:30:00+00:00,2019-06-03 12:45:00+00:00,test,0.0,0.0,0.0,0.0,0.02772174774140006,0.0,0.0,0.0,0.0,0.0
2019-06-03 12:45:00+00:00,2019-06-03 13:00:00+00:00,test,0.0,0.0,0.0,0.0,0.02772174774140006,0.0,0.0,0.0,0.0,0.0
2019-06-03 13:00:00+00:00,2019-06-03 13:15:00+00:00,test,0.0,0.0,0.0,0.0,0.02772174774140006,0.0,0.03285444974659811,0.0,0.0,0.0
2019-06-03 13:15:00+00:00,2019-06-03 13:30:00+00:00,test,0.0,0.0,0.0,0.0,0.02772174774140006,0.0,0.03285444974659811,0.0,0.0,0.0
2019-06-03 13:30:00+00:00,2019-06-03 13:45:00+00:00,test,0.0,0.0,0.0,0.0,0.02772174774140006,0.0,0.03285444974659811,0.0,0.0,0.0
2019-06-03 13:45:00+00:00,2019-06-03 14:00:00+00:00,test,0.0,0.0,0.0,0.0,0.02772174774140006,0.0,0.03285444974659811,0.0,0.0,0.0
2019-06-03 14:00:00+00:00,2019-06-03 14:15:00+00:00,test,0.0,0.0,0.0,0.0,0.02772174774140006,0.0,0.0306731756578642,0.0,0.0,0.0
2019-06-03 14:15:00+00:00,2019-06-03 14:30:00+00:00,test,0.0,0.0,0.0,0.0,0.02772174774140006,0.0,0.0306731756578642,0.0,0.0,0.0
2019-06-03 14:30:00+00:00,2019-06-03 14:45:00+00:00,test,0.0,0.0,0.0,0.0,0.02772174774140006,0.0,0.0306731756578642,0.0,0.0,0.0
2019-06-03 14:45:00+00:00,2019-06-03 15:00:00+00:00,test,0.0,0.0,0.0,0.0,0.02772174774140006,0.0,0.0306731756578642,0.0,0.0,0.0
2019-06-03 15:00:00+00:00,2019-06-03 15:15:00+00:00,test,0.0,0.0,0.0,0.0,0.02772174774140006,0.020314083794327233,0.02182822175720061,0.0,0.0,0.0
2019-06-03 15:15:00+00:00,2019-06-03 15:30:00+00:00,test,0.0,0.0,0.0,0.0,0.02772174774140006,0.026307805306822103,0.02182822175720061,0.0,0.0,0.0
2019-06-03 15:30:00+00:00,2019-06-03 15:45:00+00:00,test,0.0,0.0,0.0,0.0,0.02772174774140006,0.029620210903109203,0.02221782232243196,0.0,0.0,0.0
2019-06-03 15:45:00+00:00,2019-06-03 16:00:00+00:00,test,0.0,0.0,0.0,0.0,0.02772174774140006,0.026307805306822103,0.02182822175720061,0.0,0.0,0.0
2019-06-03 16:00:00+00:00,2019-06-03 16:15:00+00:00,test,0.0,0.0,0.0,0.0,0.02772174774140006,0.026307805306822103,0.025820639271878176,0.0,0.0,0.0
2019-06-03 16:15:00+00:00,2019-06-03 16:30:00+00:00,test,0.0,0.0,0.0,0.0,0.02772174774140006,0.026307805306822103,0.025820639271878176,0.0,0.0,0.0
2019-06-03 16:30:00+00:00,2019-06-03 16:45:00+00:00,test,0.0,0.0,0.0,0.0,0.03292082721228418,0.02937053036470833,0.025820639271878176,0.0,0.0,0.0
2019-06-03 16:45:00+00:00,2019-06-03 17:00:00+00:00,test,0.0,0.0,0.0,0.0,0.03292082721228418,0.02937053036470833,0.025820639271878176,0.0,0.0,0.0
2019-06-03 17:00:00+00:00,2019-06-03 17:15:00+00:00,test,0.0,0.0,0.0,0.0,0.03292082721228418,0.02937053036470833,0.025820639271878176,0.0,0.0048880625861889015,0.0
2019-06-03 17:15:00+00:00,2019-06-03 17:30:00+00:00,test,0.0,0.0,0.0,0.0,0.035546791945352166,0.02937053036470833,0.025820639271878176,0.0,0.016482063146244563,0.0
2019-06-03 17:30:00+00:00,2019-06-03 17:45:00+00:00,test,0.0,0.0,0.0,0.0,0.035546791945352166,0.02937053036470833,0.025820639271878176,0.0,0.02511468841785458,0.0
2019-06-03 17:45:00+00:00,2019-06-03 18:00:00+00:00,test,0.0,0.0,0.0,0.0,0.035546791945352166,0.02937053036470833,0.025820639271878176,0.0,0.05032028377533759,0.0
2019-06-03 18:00:00+00:00,2019-06-03 18:15:00+00:00,test,0.0,0.0,0.0,0.0,0.035546791945352166,0.02937053036470833,0.025820639271878176,0.014087468443545111,0.04820239952150018,0.0
2019-06-03 18:15:00+00:00,2019-06-03 18:30:00+00:00,test,0.0,0.0,0.0,0.0,0.035546791945352166,0.02937053036470833,0.025820639271878176,0.014087468443545111,0.1338517269529671,0.0
2019-06-03 18:30:00+00:00,2019-06-03 18:45:00+00:00,test,0.0,0.0,0.0,0.0,0.03659106976868172,0.02937053036470833,0.025820639271878176,0.014087468443545111,0.15650579197259518,0.0
2019-06-03 18:45:00+00:00,2019-06-03 19:00:00+00:00,test,0.0,0.0,0.0,0.0,0.03659106976868172,0.02937053036470833,0.025820639271878176,0.014087468443545111,0.21436360135710242,0.0
2019-06-03 19:00:00+00:00,2019-06-03 19:15:00+00:00,test,0.0,0.0,0.0,0.0,0.03659106976868172,0.02937053036470833,0.025820639271878176,0.014087468443545111,0.2861866622366511,0.0
2019-06-03 19:15:00+00:00,2019-06-03 19:30:00+00:00,test,0.0,0.0,0.0,0.0,0.03659106976868172,0.02937053036470833,0.025820639271878176,0.014087468443545111,0.3532121476839638,0.0
2019-06-03 19:30:00+00:00,2019-06-03 19:45:00+00:00,test,0.0,0.0,0.0,0.0,0.03659106976868172,0.03251949754893524,0.025820639271878176,0.02163493395308252,0.381322527049468,0.0
2019-06-03 19:45:00+00:00,2019-06-03 20:00:00+00:00,test,0.0,0.0,0.0,0.0,0.03659106976868172,0.02937053036470833,0.025820639271878176,0.014087468443545111,0.4280904527309648,0.0
2019-06-03 20:00:00+00:00,2019-06-03 20:15:00+00:00,test,0.0,0.0,0.0,0.0,0.03659106976868172,0.02937053036470833,0.025820639271878176,0.014087468443545111,0.47561078603712925,0.0
2019-06-03 20:15:00+00:00,2019-06-03 20:30:00+00:00,test,0.0,0.0,0.0,0.0,0.03659106976868172,0.03384736800565084,0.035172951574768706,0.02163493395308252,0.4646010241402605,0.0
2019-06-03 20:30:00+00:00,2019-06-03 20:45:00+00:00,test,0.0,0.0,0.0,0.0,0.03659106976868172,0.03384736800565084,0.035172951574768706,0.02163493395308252,0.5075815337787102,0.39991091816994917
2019-06-03 20:45:00+00:00,2019-06-03 21:00:00+00:00,test,0.0,0.0,0.0,0.0,0.03659106976868172,0.02937053036470833,0.025820639271878176,0.014087468443545111,0.6413931964866393,0.0
2019-06-03 21:00:00+00:00,2019-06-03 21:15:00+00:00,test,0.0552169999999999,4.0,0.0,0.199541,0.03659106976868172,0.02937053036470833,0.025820639271878176,0.014087468443545111,0.6881871062168115,0.0
2019-06-03 21:15:00+00:00,2019-06-03 21:30:00+00:00,test,0.234206,8.0,0.0552169999999999,0.522115,0.04717027064485906,0.03251949754893524,0.025820639271878176,0.03429556328226639,0.7923065643021747,0.0
2019-06-03 21:30:00+00:00,2019-06-03 21:45:00+00:00,test,0.377419,16.0,0.234206,0.821105,0.3345833817055431,0.2681966846633193,0.33072283679502923,0.37266042103071306,0.9321962769259224,0.23185588246117828
2019-06-03 21:45:00+00:00,2019-06-03 22:00:00+00:00,test,0.7874180000000001,28.0,0.377419,1.112563,0.4467231162218022,0.34943518162223297,0.34034198362246626,0.42233904109868037,1.123310896468757,0.2785518259818405
2019-06-03 22:00:00+00:00,2019-06-03 22:15:00+00:00,test,1.119836,40.0,0.7874180000000001,1.5058200000000002,0.9021596652078716,0.7982964802865994,0.7041749093120292,0.7763178845201755,1.669249851977459,0.12433260115057632
2019-06-03 22:15:00+00:00,2019-06-03 22:30:00+00:00,test,1.7693869999999998,57.0,1.119836,2.109078,1.7228152789261808,1.3383371541002067,1.2443657752870205,1.3219966343398073,2.005175774068417,0.5661389114759947
2019-06-03 22:30:00+00:00,2019-06-03 22:45:00+00:00,test,2.248969,76.0,1.7693869999999998,2.913422,2.484973649294912,2.31721626150957,2.2447174906405047,2.2631752215773684,2.5910048047500576,0.7193088997902546
2019-06-03 22:45:00+00:00,2019-06-03 23:00:00+00:00,test,4.14225,137.0,2.248969,4.047969,2.8610118841653076,2.7401784938811375,2.654381524962015,2.719350186888661,3.0894406445555904,1.503997163664522
2019-06-03 23:00:00+00:00,2019-06-03 23:15:00+00:00,test,4.1698129999999995,142.0,4.14225,5.437469,5.039509860249401,4.565828185613726,4.79180222084269,4.81696707079193,4.843876012882605,3.5381260305806608
2019-06-03 23:15:00+00:00,2019-06-03 23:30:00+00:00,test,6.390125,218.0,4.1698129999999995,7.092969,5.407674215405329,5.184267778431433,4.9159763092581175,4.941779466816967,5.177179375213268,4.545874889185448
2019-06-03 23:30:00+00:00,2019-06-03 23:45:00+00:00,test,7.622781,271.0,6.390125,8.937906,8.403545688390206,7.869299315611655,7.717635515767556,7.709587000734666,6.887580058925838,5.772308786844889
2019-06-03 23:45:00+00:00,2019-06-04 00:00:00+00:00,test,4.868281,157.0,7.622781,10.7135,9.148518694209912,8.561003193794498,8.403834264939881,8.6346420891319,8.116076513558582,8.326883753200162
2019-06-04 00:00:00+00:00,2019-06-04 00:15:00+00:00,test,3.5501480000000005,105.0,4.868281,12.453,6.326128129015305,6.322835795658667,6.088051170512206,6.002228173423017,6.703333899177211,6.737419173008827
2019-06-04 00:15:00+00:00,2019-06-04 00:30:00+00:00,test,3.958063,127.0,3.5501480000000005,14.15925,5.034453072476914,4.710835941753465,4.317446439805985,4.3209644116566555,5.293101975870499,4.763103011105766
2019-06-04 00:30:00+00:00,2019-06-04 00:45:00+00:00,test,7.249813,252.0,3.958063,15.78719,4.871404452691322,4.935397796547626,4.654931111058431,4.777579692721692,5.38806842590601,5.1138695359406565
2019-06-04 00:45:00+00:00,2019-06-04 01:00:00+00:00,test,6.120297,180.0,7.249813,17.353001000000003,8.517761704008173,8.310120006217476,7.860470353904528,8.046405208797264,8.025702163956517,7.264806546371064
2019-06-04 01:00:00+00:00,2019-06-04 01:15:00+00:00,test,4.690656,137.0,6.120297,18.665501000000003,8.842156337981491,8.126096084764917,7.432576510003177,7.366739198220176,7.130281703239939,5.522945330522004
2019-06-04 01:15:00+00:00,2019-06-04 01:30:00+00:00,test,2.601594,76.0,4.690656,20.06156,7.168818178894182,6.521882959810387,5.7734172348783055,6.016712767989274,5.843332855392813,4.661842423616738
2019-06-04 01:30:00+00:00,2019-06-04 01:45:00+00:00,test,2.388641,68.0,2.601594,21.516689000000003,4.050193570840904,3.8734270377285664,3.061835574922302,3.2759050729889925,4.3797881634851965,2.1360177469479256
2019-06-04 01:45:00+00:00,2019-06-04 02:00:00+00:00,test,3.762391000000001,103.0,2.388641,22.743441,3.7502149696023914,3.5345136124199317,2.8512305677192655,3.3224441798903857,3.9552870233117314,1.7595208686731283
2019-06-04 02:00:00+00:00,2019-06-04 02:15:00+00:00,test,9.917687,302.0,3.762391000000001,23.524379999999997,4.906211048834512,4.749954579858874,4.132733001726141,4.632750851397285,5.207182008301265,3.2100538580019724
2019-06-04 02:15:00+00:00,2019-06-04 02:30:00+00:00,test,6.4666879999999995,189.0,9.917687,24.33638,9.309064809566443,8.592282042766893,9.019011719598646,9.291246433490516,9.431374114966042,7.630036939975877
2019-06-04 02:30:00+00:00,2019-06-04 02:45:00+00:00,test,6.325703,174.0,6.4666879999999995,25.329941,7.241575124239888,7.820890557859761,7.347202138472671,8.266522940326604,7.775759932041221,6.064898906655521
2019-06-04 02:45:00+00:00,2019-06-04 03:00:00+00:00,test,6.239954,165.0,6.325703,25.59375,6.830356237495593,7.734080005844727,7.737741777654228,8.172821723628752,7.232513141705591,3.8919772436314233
2019-06-04 03:00:00+00:00,2019-06-04 03:15:00+00:00,test,4.8625940000000005,133.0,6.239954,25.99581,6.930955631511706,7.738897773874094,8.110880200767994,8.548475447028475,8.105518535285308,6.528747233056037
2019-06-04 03:15:00+00:00,2019-06-04 03:30:00+00:00,test,16.95488,557.0,4.8625940000000005,26.50069,5.886226068164685,5.966860360337637,5.5987937917756465,6.014126090406217,7.614046526197114,4.794777721765401
2019-06-04 03:30:00+00:00,2019-06-04 03:45:00+00:00,test,7.808938,226.0,16.95488,26.812189,17.211299655020795,18.311844495009506,18.625107538828946,18.286789921489817,15.694181429229053,15.427164591001382
2019-06-04 03:45:00+00:00,2019-06-04 04:00:00+00:00,test,18.359249,406.0,7.808938,27.15563,8.423450128869773,9.036586485650828,9.036211327952431,9.694146702543305,10.56278180399033,8.73694190198643
2019-06-04 04:00:00+00:00,2019-06-04 04:15:00+00:00,test,18.809441,467.0,18.359249,27.353809,16.619355862514794,16.065099800105312,15.60004506631101,15.866134159998124,16.51917494069885,13.258503910070246
2019-06-04 04:15:00+00:00,2019-06-04 04:30:00+00:00,test,26.608310999999997,875.0,18.809441,27.384439,17.24975552810928,16.288276126531766,15.729317659835225,15.950961729816221,17.998666449413548,15.481288240732768
2019-06-04 04:30:00+00:00,2019-06-04 04:45:00+00:00,test,25.3785,845.0,26.608310999999997,27.132,22.13410946481602,22.13680424426017,21.262408631417156,21.98769046068326,25.19065357699354,19.267818063020883
2019-06-04 04:45:00+00:00,2019-06-04 05:00:00+00:00,test,26.761881,850.0,25.3785,26.857691,23.884761570224995,23.19730265282985,22.16561495291147,22.288348812070485,25.212151181096857,19.076778999473518
2019-06-04 05:00:00+00:00,2019-06-04 05:15:00+00:00,test,20.524,617.0,26.761881,26.55319,24.075142392901764,24.450107355824326,23.755576834597267,23.658948750680917,26.89279329756591,22.885652349488076
2019-06-04 05:15:00+00:00,2019-06-04 05:30:00+00:00,test,5.745687,176.0,20.524,25.97788,21.9143677073846,21.64253861569874,20.54393384311658,21.16338986712095,23.464226572992693,21.22213084372907
2019-06-04 05:30:00+00:00,2019-06-04 05:45:00+00:00,test,6.918188000000001,192.0,5.745687,25.584999,7.51219330429561,8.363364556281825,7.745074403936932,8.511865293994225,10.857381234140378,11.257786628995396
2019-06-04 05:45:00+00:00,2019-06-04 06:00:00+00:00,test,3.9445,121.0,6.918188000000001,24.86138,9.02761494662129,9.248256236610063,7.712403064854224,8.897386623762948,9.94778925327509,9.659914350208894
2019-06-04 06:00:00+00:00,2019-06-04 06:15:00+00:00,test,2.347188,70.0,3.9445,23.93475,7.647337470881053,6.91804453344321,6.7980596215180435,7.228788212946258,7.556413113934977,8.864908490754189
2019-06-04 06:15:00+00:00,2019-06-04 06:30:00+00:00,test,3.4079059999999997,95.0,2.347188,23.01338,4.176773152194387,3.908309206353663,4.815123995244268,5.151092031350721,5.3794264340296465,7.7347739110475775
2019-06-04 06:30:00+00:00,2019-06-04 06:45:00+00:00,test,8.554219,198.0,3.4079059999999997,22.097691,5.570203954174859,4.852931443334913,5.723199911305891,6.511813447259224,5.341112724356117,7.018510097073949
2019-06-04 06:45:00+00:00,2019-06-04 07:00:00+00:00,test,21.653191,643.0,8.554219,20.90856,11.017033723088032,7.335432347210675,9.25946515943645,9.287999624043392,8.66798603280964,8.519778676161238
2019-06-04 07:00:00+00:00,2019-06-04 07:15:00+00:00,test,18.263,575.0,21.653191,19.879129,19.729245301164532,18.91598691159963,18.767465930065924,18.86500032018819,20.029665249256688,15.037872713203182
2019-06-04 07:15:00+00:00,2019-06-04 07:30:00+00:00,test,16.170441,493.0,18.263,18.555691,13.963576305220139,13.761959492310465,13.072611136350623,14.171535048916839,17.332650945044414,12.587095606380824
2019-06-04 07:30:00+00:00,2019-06-04 07:45:00+00:00,test,13.968279999999998,416.0,16.170441,17.45669,14.593284212771376,13.418159605621566,13.458804662635439,14.22169042031448,17.286936033606267,11.96267364934429
2019-06-04 07:45:00+00:00,2019-06-04 08:00:00+00:00,test,10.98059,331.0,13.968279999999998,16.665689,12.305706106108584,11.940175644917954,12.088976151315729,11.789498580929838,14.747604498304272,10.266573988517935
2019-06-04 08:00:00+00:00,2019-06-04 08:15:00+00:00,test,8.091563,276.0,10.98059,14.87938,9.892943781153852,8.667472812154799,9.181705658968298,8.831384895072134,12.460249922818823,8.18520521601293
2019-06-04 08:15:00+00:00,2019-06-04 08:30:00+00:00,test,9.845719,311.0,8.091563,12.51294,8.23924701388835,7.156062760172632,6.0886357683522645,6.331203033878374,9.74154544981034,8.023896637996113
2019-06-04 08:30:00+00:00,2019-06-04 08:45:00+00:00,test,8.626844,261.0,9.845719,11.0845,7.771959089631345,6.651918361997217,6.277743312046871,6.455946560629117,9.674383549353506,8.75360103074275
2019-06-04 08:45:00+00:00,2019-06-04 09:00:00+00:00,test,7.095047,214.0,8.626844,9.124063,6.487193128471354,7.032536687096962,6.71437484211607,6.396674966984062,9.179074419353398,6.9098380255954615
2019-06-04 09:00:00+00:00,2019-06-04 09:15:00+00:00,test,4.600094,142.0,7.095047,7.279125,5.206970778712525,5.155191047167418,5.196926505006579,5.360382840930884,6.442420621503754,4.4932106783568475
2019-06-04 09:15:00+00:00,2019-06-04 09:30:00+00:00,test,4.239047,134.0,4.600094,5.685641,4.18431011932908,3.7097299504727648,3.7769884892026186,3.558454036391402,5.302351642831498,3.81482304217562
2019-06-04 09:30:00+00:00,2019-06-04 09:45:00+00:00,test,3.269328,102.0,4.239047,4.265297,3.1041628811746644,3.271261097982137,3.6221575773270005,3.3984580347730575,4.937832697804872,2.463537634803944
2019-06-04 09:45:00+00:00,2019-06-04 10:00:00+00:00,test,2.990477,92.0,3.269328,2.983313,2.276511079280589,2.5787963718974765,2.582276516763993,2.417394280693385,3.7441847560623125,2.0917298316130477
2019-06-04 10:00:00+00:00,2019-06-04 10:15:00+00:00,test,2.0160549999999997,63.0,2.990477,2.05882,2.045492474814542,2.1763218831301745,1.9509726025683598,1.9541324526104387,2.6944300303998014,1.421217154470619
2019-06-04 10:15:00+00:00,2019-06-04 10:30:00+00:00,test,1.219941,40.0,2.0160549999999997,1.500324,1.2879107259687799,1.4878385769209588,1.5497724656715384,1.317628967170644,2.0090208142180943,1.6695775849738075
2019-06-04 10:30:00+00:00,2019-06-04 10:45:00+00:00,test,0.8451540000000001,29.0,1.219941,1.133672,0.9103313505425621,0.6530327525202375,0.6811440867042112,0.566972045954527,1.616925104529403,1.2673163065218054
2019-06-04 10:45:00+00:00,2019-06-04 11:00:00+00:00,test,0.361669,14.0,0.8451540000000001,0.762617,0.4508271091045778,0.42544371625070576,0.38957124351727385,0.26098754622461784,0.4651615821672195,1.0058537318498244
2019-06-04 11:00:00+00:00,2019-06-04 11:15:00+00:00,test,0.000596,1.0,0.361669,0.3936469999999999,0.13317654221011352,0.1094195862090224,0.1436409436076696,0.004914735529492284,0.12969827467032147,0.0
2019-06-04 11:15:00+00:00,2019-06-04 11:30:00+00:00,test,0.0,0.0,0.000596,0.088548,0.0264372102404955,0.019695120044709986,0.07951339786845117,0.0,0.0,0.0
2019-06-04 11:30:00+00:00,2019-06-04 11:45:00+00:00,test,0.0,0.0,0.0,0.0,0.029922302266568186,0.018473452199029274,0.07951339786845117,0.0,0.0,0.0
2019-06-04 11:45:00+00:00,2019-06-04 12:00:00+00:00,test,0.0,0.0,0.0,0.0,0.02772174774140006,0.02198112830873321,0.00952400356658373,0.0,0.0,0.22013605196471264
2019-06-04 12:00:00+00:00,2019-06-04 12:15:00+00:00,test,0.0,0.0,0.0,0.0,0.02772174774140006,0.017504290667790683,0.0057999685354228475,0.0,0.0062170647054422545,0.0
2019-06-04 12:15:00+00:00,2019-06-04 12:30:00+00:00,test,0.0,0.0,0.0,0.0,0.02772174774140006,0.02198112830873321,0.00952400356658373,0.0,0.0,0.0
2019-06-04 12:30:00+00:00,2019-06-04 12:45:00+00:00,test,0.0,0.0,0.0,0.0,0.02772174774140006,0.019069906905050678,0.00952400356658373,0.0,0.0,0.0
2019-06-04 12:45:00+00:00,2019-06-04 13:00:00+00:00,test,0.0,0.0,0.0,0.0,0.02772174774140006,0.014593069264108147,0.0057999685354228475,0.0,0.0,0.0
2019-06-04 13:00:00+00:00,2019-06-04 13:15:00+00:00,test,0.0,0.0,0.0,0.0,0.02772174774140006,0.018812186040570444,0.02182822175720061,0.011099552312735978,0.005725066075988217,0.0
2019-06-04 13:15:00+00:00,2019-06-04 13:30:00+00:00,test,0.0,0.0,0.0,0.0,0.02772174774140006,0.021591500061233615,0.02182822175720061,0.011099552312735978,0.019286623346242315,0.0
2019-06-04 13:30:00+00:00,2019-06-04 13:45:00+00:00,test,0.0,0.0,0.0,0.0,0.02772174774140006,0.019069906905050678,0.02555225678836149,0.01864701782227339,0.0,0.0
2019-06-04 13:45:00+00:00,2019-06-04 14:00:00+00:00,test,0.0,0.0,0.0,0.0,0.02772174774140006,0.024263046234088405,0.02555225678836149,0.02163493395308252,0.0,0.0
2019-06-04 14:00:00+00:00,2019-06-04 14:15:00+00:00,test,0.0,0.0,0.0,0.0,0.02772174774140006,0.02479092143526976,0.021983667142883877,0.02163493395308252,0.0,0.0
2019-06-04 14:15:00+00:00,2019-06-04 14:30:00+00:00,test,0.0,0.0,0.0,0.0,0.02772174774140006,0.020314083794327233,0.018259632111722997,0.014087468443545111,0.0,0.0
2019-06-04 14:30:00+00:00,2019-06-04 14:45:00+00:00,test,0.0,0.0,0.0,0.0,0.02772174774140006,0.02479092143526976,0.021983667142883877,0.02163493395308252,0.0,0.0
2019-06-04 14:45:00+00:00,2019-06-04 15:00:00+00:00,test,0.0,0.0,0.0,0.0,0.02772174774140006,0.02479092143526976,0.021983667142883877,0.02163493395308252,0.0,0.0
2019-06-04 15:00:00+00:00,2019-06-04 15:15:00+00:00,test,0.0,0.0,0.0,0.0,0.02772174774140006,0.020314083794327233,0.0027709269774569265,0.01243089380851929,0.0,0.0
2019-06-04 15:15:00+00:00,2019-06-04 15:30:00+00:00,test,0.0,0.0,0.0,0.0,0.02772174774140006,0.030784642947764607,0.006494962008617807,0.0199783593180567,0.0,0.0
2019-06-04 15:30:00+00:00,2019-06-04 15:45:00+00:00,test,0.0,0.0,0.0,0.0,0.02772174774140006,0.030784642947764607,0.006494962008617807,0.0199783593180567,0.0,0.0
2019-06-04 15:45:00+00:00,2019-06-04 16:00:00+00:00,test,0.0,0.0,0.0,0.0,0.02772174774140006,0.030784642947764607,0.006494962008617807,0.0199783593180567,0.0,0.0
2019-06-04 16:00:00+00:00,2019-06-04 16:15:00+00:00,test,0.0,0.0,0.0,0.0,0.02772174774140006,0.030784642947764607,0.02597608465756145,0.02163493395308252,0.0,0.0
2019-06-04 16:15:00+00:00,2019-06-04 16:30:00+00:00,test,0.0,0.0,0.0,0.0,0.02772174774140006,0.030784642947764607,0.02597608465756145,0.02163493395308252,0.0,0.0
2019-06-04 16:30:00+00:00,2019-06-04 16:45:00+00:00,test,0.0,0.0,0.0,0.0,0.03292082721228418,0.03384736800565084,0.02597608465756145,0.02163493395308252,0.0,0.0
2019-06-04 16:45:00+00:00,2019-06-04 17:00:00+00:00,test,0.0,0.0,0.0,0.0,0.03292082721228418,0.03384736800565084,0.02597608465756145,0.02163493395308252,0.0,0.0
2019-06-04 17:00:00+00:00,2019-06-04 17:15:00+00:00,test,0.0,0.0,0.0,0.0,0.03292082721228418,0.03384736800565084,0.02597608465756145,0.025918237932940576,0.0,0.0
2019-06-04 17:15:00+00:00,2019-06-04 17:30:00+00:00,test,0.0,0.0,0.0,0.0,0.035546791945352166,0.03384736800565084,0.02597608465756145,0.025918237932940576,0.0,0.0
2019-06-04 17:30:00+00:00,2019-06-04 17:45:00+00:00,test,0.0,0.0,0.0,0.0,0.035546791945352166,0.03384736800565084,0.02597608465756145,0.025918237932940576,0.0,0.0
2019-06-04 17:45:00+00:00,2019-06-04 18:00:00+00:00,test,0.0,0.0,0.0,0.0,0.035546791945352166,0.03384736800565084,0.02597608465756145,0.025918237932940576,0.0019821493704563764,0.0
2019-06-04 18:00:00+00:00,2019-06-04 18:15:00+00:00,test,0.0,0.0,0.0,0.0,0.035546791945352166,0.044704476057810506,0.02597608465756145,0.025918237932940576,0.11762977170497813,0.0
2019-06-04 18:15:00+00:00,2019-06-04 18:30:00+00:00,test,0.0,0.0,0.0,0.0,0.035546791945352166,0.040845798802776306,0.02597608465756145,0.025918237932940576,0.1450664044832788,0.0
2019-06-04 18:30:00+00:00,2019-06-04 18:45:00+00:00,test,0.0,0.0,0.0,0.0,0.03659106976868172,0.03384736800565084,0.02597608465756145,0.025918237932940576,0.16035626226635813,0.0
2019-06-04 18:45:00+00:00,2019-06-04 19:00:00+00:00,test,0.0,0.0,0.0,0.0,0.03659106976868172,0.03251949754893524,0.022252049626400563,0.020799407013507947,0.17544930709879836,0.0
2019-06-04 19:00:00+00:00,2019-06-04 19:15:00+00:00,test,0.0,0.0,0.0,0.0,0.03659106976868172,0.03251949754893524,0.022252049626400563,0.0402263553868733,0.25197285121948987,0.0
2019-06-04 19:15:00+00:00,2019-06-04 19:30:00+00:00,test,0.0,0.0,0.0,0.0,0.03659106976868172,0.03384736800565084,0.02597608465756145,0.0402263553868733,0.3016595298578295,0.0
2019-06-04 19:30:00+00:00,2019-06-04 19:45:00+00:00,test,0.0,0.0,0.0,0.0,0.03659106976868172,0.050187129235569554,0.03872823805042062,0.05021400714304779,0.3843627570829211,0.0
2019-06-04 19:45:00+00:00,2019-06-04 20:00:00+00:00,test,0.0,0.0,0.0,0.0,0.03659106976868172,0.050187129235569554,0.03872823805042062,0.05021400714304779,0.4157893700170918,0.0
2019-06-04 20:00:00+00:00,2019-06-04 20:15:00+00:00,test,0.0,0.0,0.0,0.0,0.03659106976868172,0.04885925877885395,0.03430661810168705,0.0260643566576892,0.480563020267196,0.0
2019-06-04 20:15:00+00:00,2019-06-04 20:30:00+00:00,test,0.0,0.0,0.0,0.0,0.03659106976868172,0.050187129235569554,0.038030653132847946,0.0260643566576892,0.5284670602496453,0.02384336033924317
2019-06-04 20:30:00+00:00,2019-06-04 20:45:00+00:00,test,0.0,0.0,0.0,0.0,0.03659106976868172,0.050187129235569554,0.0363895184866247,0.0260643566576892,0.5849176594030547,0.0
2019-06-04 20:45:00+00:00,2019-06-04 21:00:00+00:00,test,0.0,0.0,0.0,0.0,0.03659106976868172,0.03636896116183378,0.022252049626400563,0.008529239391977307,0.6250307102462038,0.0
2019-06-04 21:00:00+00:00,2019-06-04 21:15:00+00:00,test,0.000668,0.0,0.0,0.0552169999999999,0.03659106976868172,0.03636896116183378,0.022252049626400563,0.008529239391977307,0.7019794293156671,0.0
2019-06-04 21:15:00+00:00,2019-06-04 21:30:00+00:00,test,0.085861,4.0,0.000668,0.234206,0.04717027064485906,0.03636896116183378,0.022252049626400563,0.02118986872116118,0.7333984634578457,0.7339105829297896
2019-06-04 21:30:00+00:00,2019-06-04 21:45:00+00:00,test,0.235594,8.0,0.085861,0.377419,0.1068599833445934,0.11051789099272445,0.09806029896692862,0.0753756315757795,0.8518677110987012,0.7856608078198217
2019-06-04 21:45:00+00:00,2019-06-04 22:00:00+00:00,test,0.342939,12.0,0.235594,0.7874180000000001,0.3345833817055431,0.2525449960609714,0.2683482504166567,0.26423458371042974,0.986814410048928,0.9970872063379055
2019-06-04 22:00:00+00:00,2019-06-04 22:15:00+00:00,test,0.424662,14.0,0.342939,1.119836,0.584509098313407,0.4943079457216474,0.4206109049304401,0.4218149592986788,1.244499294823556,1.8343592933619348
2019-06-04 22:15:00+00:00,2019-06-04 22:30:00+00:00,test,0.60509,20.0,0.424662,1.7693869999999998,0.7022162491883361,0.5983617985883257,0.5991108196605079,0.6002904705399381,1.3856585947963707,2.2256633853116528
2019-06-04 22:30:00+00:00,2019-06-04 22:45:00+00:00,test,0.815609,24.0,0.60509,2.248969,1.0798706449342845,0.8437969055464635,0.9250336613214738,0.845132020988181,1.5090042117339513,2.2041099828908948
2019-06-04 22:45:00+00:00,2019-06-04 23:00:00+00:00,test,1.321059,38.0,0.815609,4.14225,1.3828308610167737,1.2001845391470993,1.169165126329153,1.1651919164468825,1.7537191924605713,3.0419904946425667
2019-06-04 23:00:00+00:00,2019-06-04 23:15:00+00:00,test,1.926477,56.0,1.321059,4.1698129999999995,2.1390938192477043,1.8028319881138215,1.7260737259634444,1.6219492885614126,2.3835009566915684,3.7262375725173484
2019-06-04 23:15:00+00:00,2019-06-04 23:30:00+00:00,test,1.973016,57.0,1.926477,6.390125,2.92799423188588,2.730994271684753,2.6798074058988965,2.5413698805011293,2.932872056708958,4.229558833179581
2019-06-04 23:30:00+00:00,2019-06-04 23:45:00+00:00,test,2.389352,69.0,1.973016,7.622781,2.9135313669546288,2.645827994554882,2.6798074058988965,2.5413698805011293,3.109052755321684,3.972725835817983
2019-06-04 23:45:00+00:00,2019-06-05 00:00:00+00:00,test,2.129477,64.0,2.389352,4.868281,3.257193546834043,2.960102943427915,3.1068708874402553,3.0306779851381274,3.409707564002314,4.925302157140277
2019-06-05 00:00:00+00:00,2019-06-05 00:15:00+00:00,test,3.029141,84.0,2.129477,3.5501480000000005,2.9725548228846677,2.82456222094479,2.830687748929477,2.7989552277388987,3.5180264820972607,4.910312895092909
2019-06-05 00:15:00+00:00,2019-06-05 00:30:00+00:00,test,3.1279060000000003,87.0,3.029141,3.958063,4.222048441034666,3.981660523461023,4.024125635948071,3.967688171558855,4.155253049084035,5.411566586316452
2019-06-05 00:30:00+00:00,2019-06-05 00:45:00+00:00,test,3.205563,91.0,3.1279060000000003,7.249813,4.54318639498474,4.233501215742924,4.405999365950691,4.30617164388267,4.337203829654012,5.532224151101584
2019-06-05 00:45:00+00:00,2019-06-05 01:00:00+00:00,test,4.83875,136.0,3.205563,6.120297,4.591119571644281,4.275645970103954,4.505339677991296,4.448902213602076,4.4389245575814815,5.450446676882461
2019-06-05 01:00:00+00:00,2019-06-05 01:15:00+00:00,test,4.058907,115.0,4.83875,4.690656,5.992779305667263,6.101137090374309,6.180238095715473,6.574110210584178,5.442461155994393,5.93868929668635
2019-06-05 01:15:00+00:00,2019-06-05 01:30:00+00:00,test,3.469047,99.0,4.058907,2.601594,5.148447424485966,5.592265417014796,5.358385384547032,5.2476645666230075,5.119449667787932,5.222976956332295
2019-06-05 01:30:00+00:00,2019-06-05 01:45:00+00:00,test,3.011312,86.0,3.469047,2.388641,5.490752202653656,5.320252430134206,4.92808356036979,4.777700677481453,4.68149844700203,4.357073173663556
2019-06-05 01:45:00+00:00,2019-06-05 02:00:00+00:00,test,5.602844,151.0,3.011312,3.762391000000001,4.907487449441253,4.641066153366476,4.276360993022047,4.251045633963491,4.200448405665345,4.160899409457146
2019-06-05 02:00:00+00:00,2019-06-05 02:15:00+00:00,test,4.432641,124.0,5.602844,9.917687,7.166936912680984,6.869245395172703,6.124168090972187,6.033466999409924,5.9575164809475005,4.491084387506161
2019-06-05 02:15:00+00:00,2019-06-05 02:30:00+00:00,test,3.168813,94.0,4.432641,6.4666879999999995,6.179005214406488,5.943115518812306,5.336689962657748,5.559562325132909,5.512091723935102,3.5286132534336807
2019-06-05 02:30:00+00:00,2019-06-05 02:45:00+00:00,test,3.689547,102.0,3.168813,6.325703,4.821523594486568,4.572494089363369,4.057562726323762,4.094938230918491,4.321697290431228,2.3131862844665934
2019-06-05 02:45:00+00:00,2019-06-05 03:00:00+00:00,test,4.791172,146.0,3.689547,6.239954,4.477117792486982,4.721638959482016,4.108039215657984,4.267088771797122,4.602409344255854,2.5068708459334337
2019-06-05 03:00:00+00:00,2019-06-05 03:15:00+00:00,test,5.563469,161.0,4.791172,4.8625940000000005,5.8668755459111175,6.0414197531316525,5.857570150946033,6.048603709749139,5.393637265001416,2.6556183146945553
2019-06-05 03:15:00+00:00,2019-06-05 03:30:00+00:00,test,3.946359,118.0,5.563469,16.95488,5.85067475372654,6.439230434533639,5.992094177290285,5.993312929773263,5.997724276667351,3.383859606559707
2019-06-05 03:30:00+00:00,2019-06-05 03:45:00+00:00,test,6.484953,179.0,3.946359,7.808938,4.544591440045322,5.104799303517254,4.430333369586424,4.707587069954603,4.737061266484696,2.15243174556217
2019-06-05 03:45:00+00:00,2019-06-05 04:00:00+00:00,test,4.389438,126.0,6.484953,18.359249,7.807412637967786,8.021560981604052,7.665240607263809,8.264263196503356,6.3980841506451025,4.24002627003528
2019-06-05 04:00:00+00:00,2019-06-05 04:15:00+00:00,test,3.253906,82.0,4.389438,18.809441,5.91356582814185,5.804163630210186,5.482709957917998,5.780801534608336,5.404899792290469,4.349911204852311
2019-06-05 04:15:00+00:00,2019-06-05 04:30:00+00:00,test,2.7324610000000003,72.0,3.253906,26.608310999999997,4.49110291430997,4.585427190960621,4.302672629980318,4.579238411912278,4.27121047776428,2.9462093908887295
2019-06-05 04:30:00+00:00,2019-06-05 04:45:00+00:00,test,2.591094,63.0,2.7324610000000003,25.3785,3.2172763347737026,3.260639837588003,3.625902501205831,3.3694273333350115,3.8385097893030147,1.181230534261438
2019-06-05 04:45:00+00:00,2019-06-05 05:00:00+00:00,test,3.266156,83.0,2.591094,26.761881,3.0381089105268893,3.2564283147432467,3.6590593168790937,3.430487595540279,3.516150998495965,0.6812062857163665
2019-06-05 05:00:00+00:00,2019-06-05 05:15:00+00:00,test,3.427485,87.0,3.266156,20.524,4.431105994742479,4.592965010432241,4.4224308644311305,4.590811383592862,4.192442342127754,1.1855698216894686
2019-06-05 05:15:00+00:00,2019-06-05 05:30:00+00:00,test,2.942734,74.0,3.427485,5.745687,4.472939448227742,4.618846049281957,4.853971126722876,4.615418479382244,4.094845942483097,1.8079588862365679
2019-06-05 05:30:00+00:00,2019-06-05 05:45:00+00:00,test,3.08443,77.0,2.942734,6.918188000000001,4.052411450538654,4.222437977143485,4.5061814701376335,4.336271320008456,4.169539841271282,1.3293432970550452
2019-06-05 05:45:00+00:00,2019-06-05 06:00:00+00:00,test,7.175219,197.0,3.08443,3.9445,4.321644375664559,4.479184886785359,4.869580642212884,5.081021401250962,3.866185130894683,1.2950521582103924
2019-06-05 06:00:00+00:00,2019-06-05 06:15:00+00:00,test,4.415031,120.0,7.175219,2.347188,7.252732749341548,7.3767014764727366,7.333897121868558,7.564676539932878,6.717454934810362,4.434884143101401
2019-06-05 06:15:00+00:00,2019-06-05 06:30:00+00:00,test,2.1940619999999997,61.0,4.415031,3.4079059999999997,6.148816276050573,5.784681969718108,5.412098311553194,5.349236912349296,5.62172404850853,3.0549682088838495
2019-06-05 06:30:00+00:00,2019-06-05 06:45:00+00:00,test,2.2212970000000003,57.0,2.1940619999999997,8.554219,2.422852755087949,2.230094212452779,2.9242676702612393,2.4774917483333834,3.5393798709944653,0.8585399606755244
2019-06-05 06:45:00+00:00,2019-06-05 07:00:00+00:00,test,2.294578,63.0,2.2212970000000003,21.653191,2.392119595752054,2.284504581857138,2.2739177161910114,2.70690400440323,3.1567108047470906,1.300493311153125
2019-06-05 07:00:00+00:00,2019-06-05 07:15:00+00:00,test,2.531156,69.0,2.294578,18.263,2.4120921377085955,2.29203245182912,2.429643295125977,2.6160021307608226,3.4158424715521747,1.3716096082010232
2019-06-05 07:15:00+00:00,2019-06-05 07:30:00+00:00,test,3.773766,104.0,2.531156,16.170441,2.7850762662853366,2.7910537454861997,2.918832936140804,2.964220815197596,3.6614355665848586,0.8888038722585856
2019-06-05 07:30:00+00:00,2019-06-05 07:45:00+00:00,test,3.940672,111.0,3.773766,13.968279999999998,4.198953041962728,3.9711948440163463,4.018446914029829,4.282058268421165,3.9130314726457645,1.6722829866730446
2019-06-05 07:45:00+00:00,2019-06-05 08:00:00+00:00,test,2.840031,72.0,3.940672,10.98059,4.2777977841556165,4.027822565996718,4.018446914029829,4.310953512546268,4.501091821987913,2.1254836543873097
2019-06-05 08:00:00+00:00,2019-06-05 08:15:00+00:00,test,1.607676,43.0,2.840031,8.091563,2.8802639377408954,2.7172071552802577,2.791960600937534,2.898839284392633,3.4602352815045503,0.8804704934958778
2019-06-05 08:15:00+00:00,2019-06-05 08:30:00+00:00,test,1.321688,35.0,1.607676,9.845719,2.037597591067131,1.9716420853548824,2.1956325027733192,1.9965926790539827,2.417970426233839,0.0
2019-06-05 08:30:00+00:00,2019-06-05 08:45:00+00:00,test,1.26875,35.0,1.321688,8.626844,1.6137279302290426,1.2583106237940545,1.3523625571856375,1.3270578666911437,2.2984503550582254,0.0
2019-06-05 08:45:00+00:00,2019-06-05 09:00:00+00:00,test,1.284172,35.0,1.26875,7.095047,1.5472846391313853,1.1169602262966236,1.2868720240068372,1.3050818507590065,1.9358986522940853,0.0
2019-06-05 09:00:00+00:00,2019-06-05 09:15:00+00:00,test,1.046473,27.0,1.284172,4.600094,1.4507563500950533,1.2565417193521013,1.2848432817333475,1.2720243690978301,1.6088066417078908,0.0
2019-06-05 09:15:00+00:00,2019-06-05 09:30:00+00:00,test,0.988176,26.0,1.046473,4.239047,1.1266667862439936,0.7364096286406531,0.7055732262716051,0.7124892809865302,1.449644025995532,0.0
2019-06-05 09:30:00+00:00,2019-06-05 09:45:00+00:00,test,0.8228549999999999,26.0,0.988176,3.269328,0.7703311493647258,0.4457169012853988,0.40148692184295826,0.41668315304789205,1.5591868535480184,0.0
2019-06-05 09:45:00+00:00,2019-06-05 10:00:00+00:00,test,0.716283,21.0,0.8228549999999999,2.990477,0.5137743181865502,0.2640845047939135,0.35336230408812896,0.36743267279139685,1.0848391505014474,0.0
2019-06-05 10:00:00+00:00,2019-06-05 10:15:00+00:00,test,0.811371,24.0,0.716283,2.0160549999999997,0.41867935783185645,0.3709145441486541,0.4055155723833677,0.41668315304789205,1.025087767444953,0.0
2019-06-05 10:15:00+00:00,2019-06-05 10:30:00+00:00,test,0.591801,18.0,0.811371,1.219941,0.41867935783185645,0.3600574360964944,0.39139688459518596,0.4015057979500948,1.1631542672699133,0.0
2019-06-05 10:30:00+00:00,2019-06-05 10:45:00+00:00,test,0.388726,13.0,0.591801,0.8451540000000001,0.279421397515923,0.16193280849111066,0.2537885346882063,0.2512368187139308,0.9566611290407625,0.0
2019-06-05 10:45:00+00:00,2019-06-05 11:00:00+00:00,test,0.224137,8.0,0.388726,0.361669,0.06066745139922896,0.05525085362839884,0.1107580839895338,0.08517148665773655,0.7638717926153245,0.0
2019-06-05 11:00:00+00:00,2019-06-05 11:15:00+00:00,test,0.086283,5.0,0.224137,0.000596,0.0,0.014800068046921097,0.08279130485946132,0.08104674181827054,0.6243162622943528,0.0
2019-06-05 11:15:00+00:00,2019-06-05 11:30:00+00:00,test,0.0,1.0,0.086283,0.0,0.0,0.0,0.037301357002298065,0.036188224744255426,0.4785299136376171,0.0
2019-06-05 11:30:00+00:00,2019-06-05 11:45:00+00:00,test,0.0,0.0,0.0,0.0,0.02772174774140006,0.017187525576027693,0.021983667142883877,0.027396906224638324,0.33630344792210476,0.0
2019-06-05 11:45:00+00:00,2019-06-05 12:00:00+00:00,test,0.0,0.0,0.0,0.0,0.02772174774140006,0.019069906905050678,0.021983667142883877,0.027396906224638324,0.2935634617719627,0.0
2019-06-05 12:00:00+00:00,2019-06-05 12:15:00+00:00,test,0.0,0.0,0.0,0.0,0.02772174774140006,0.019069906905050678,0.021983667142883877,0.027396906224638324,0.31025425495056425,0.0
2019-06-05 12:15:00+00:00,2019-06-05 12:30:00+00:00,test,0.0,0.0,0.0,0.0,0.02772174774140006,0.023289023681512974,0.021983667142883877,0.027396906224638324,0.23860339435568623,0.0
2019-06-05 12:30:00+00:00,2019-06-05 12:45:00+00:00,test,0.0,0.0,0.0,0.0,0.02772174774140006,0.019069906905050678,0.021983667142883877,0.027396906224638324,0.1962457569382643,0.0
2019-06-05 12:45:00+00:00,2019-06-05 13:00:00+00:00,test,0.0,0.0,0.0,0.0,0.02772174774140006,0.0,0.0,0.0,0.1411027702957064,0.0
2019-06-05 13:00:00+00:00,2019-06-05 13:15:00+00:00,test,0.0,0.0,0.0,0.0,0.02772174774140006,0.02606833770217614,0.02360147744137536,0.014986735948254244,0.08749054669392642,0.0
2019-06-05 13:15:00+00:00,2019-06-05 13:30:00+00:00,test,0.0,0.0,0.0,0.0,0.02772174774140006,0.023289023681512974,0.02360147744137536,0.014986735948254244,0.060590058609770736,0.0
2019-06-05 13:30:00+00:00,2019-06-05 13:45:00+00:00,test,0.0,0.0,0.0,0.0,0.02772174774140006,0.02606833770217614,0.02360147744137536,0.014986735948254244,0.06533485047618548,0.0
2019-06-05 13:45:00+00:00,2019-06-05 14:00:00+00:00,test,0.0,0.0,0.0,0.0,0.02772174774140006,0.03126147703121387,0.02360147744137536,0.017974652079063375,0.05980511574465641,0.0
2019-06-05 14:00:00+00:00,2019-06-05 14:15:00+00:00,test,0.0,0.0,0.0,0.0,0.02772174774140006,0.03178935223239523,0.021983667142883877,0.016076704901514714,0.125608021227948,0.0
2019-06-05 14:15:00+00:00,2019-06-05 14:30:00+00:00,test,0.0,0.0,0.0,0.0,0.02772174774140006,0.02479092143526976,0.021983667142883877,0.016076704901514714,0.0690231043725511,0.0
2019-06-05 14:30:00+00:00,2019-06-05 14:45:00+00:00,test,0.0,0.0,0.0,0.0,0.02772174774140006,0.029010038211732057,0.021983667142883877,0.016076704901514714,0.08178604150817304,0.0
2019-06-05 14:45:00+00:00,2019-06-05 15:00:00+00:00,test,0.0,0.0,0.0,0.0,0.02772174774140006,0.02479092143526976,0.021983667142883877,0.016076704901514714,0.08025017313728355,0.0
2019-06-05 15:00:00+00:00,2019-06-05 15:15:00+00:00,test,0.0,0.0,0.0,0.0,0.02772174774140006,0.02479092143526976,0.021983667142883877,0.016076704901514714,0.0,0.0
2019-06-05 15:15:00+00:00,2019-06-05 15:30:00+00:00,test,0.0,0.0,0.0,0.0,0.02772174774140006,0.030784642947764607,0.021983667142883877,0.016076704901514714,0.0,0.0
2019-06-05 15:30:00+00:00,2019-06-05 15:45:00+00:00,test,0.0,0.0,0.0,0.0,0.02772174774140006,0.030784642947764607,0.021983667142883877,0.016076704901514714,0.0,0.0
2019-06-05 15:45:00+00:00,2019-06-05 16:00:00+00:00,test,0.0,0.0,0.0,0.0,0.02772174774140006,0.030784642947764607,0.021983667142883877,0.016076704901514714,0.0,0.04247539854698523
2019-06-05 16:00:00+00:00,2019-06-05 16:15:00+00:00,test,0.0,0.0,0.0,0.0,0.02772174774140006,0.030784642947764607,0.02597608465756145,0.016076704901514714,0.0,0.04437427883675493
2019-06-05 16:15:00+00:00,2019-06-05 16:30:00+00:00,test,0.0,0.0,0.0,0.0,0.02772174774140006,0.03778307374489008,0.02597608465756145,0.016076704901514714,0.0,0.0
2019-06-05 16:30:00+00:00,2019-06-05 16:45:00+00:00,test,0.0,0.0,0.0,0.0,0.03292082721228418,0.040845798802776306,0.02597608465756145,0.016076704901514714,0.0,0.0
2019-06-05 16:45:00+00:00,2019-06-05 17:00:00+00:00,test,0.0,0.0,0.0,0.0,0.03292082721228418,0.050187129235569554,0.038030653132847946,0.0260643566576892,0.0,0.0
2019-06-05 17:00:00+00:00,2019-06-05 17:15:00+00:00,test,0.0,0.0,0.0,0.0,0.03292082721228418,0.03384736800565084,0.02597608465756145,0.007802829100246159,0.0,0.028891573078344557
2019-06-05 17:15:00+00:00,2019-06-05 17:30:00+00:00,test,0.0,0.0,0.0,0.0,0.035546791945352166,0.02937053036470833,0.022252049626400563,0.00025536359070874406,0.0,0.0
2019-06-05 17:30:00+00:00,2019-06-05 17:45:00+00:00,test,0.0,0.0,0.0,0.0,0.035546791945352166,0.03384736800565084,0.02597608465756145,0.007802829100246159,0.0,0.0
2019-06-05 17:45:00+00:00,2019-06-05 18:00:00+00:00,test,0.0,0.0,0.0,0.0,0.035546791945352166,0.02937053036470833,0.022252049626400563,0.00025536359070874406,0.0,0.0
2019-06-05 18:00:00+00:00,2019-06-05 18:15:00+00:00,test,0.0,0.0,0.0,0.0,0.035546791945352166,0.03384736800565084,0.01048737952329538,0.0,0.0,0.0
2019-06-05 18:15:00+00:00,2019-06-05 18:30:00+00:00,test,0.0,0.0,0.0,0.0,0.035546791945352166,0.02937053036470833,0.006763344492134498,0.0,0.0,0.0
2019-06-05 18:30:00+00:00,2019-06-05 18:45:00+00:00,test,0.0,0.0,0.0,0.0,0.03659106976868172,0.02937053036470833,0.006763344492134498,0.0,0.0,0.0
2019-06-05 18:45:00+00:00,2019-06-05 19:00:00+00:00,test,0.0,0.0,0.0,0.0,0.03659106976868172,0.02937053036470833,0.006763344492134498,0.0,0.01895819416458,0.0
2019-06-05 19:00:00+00:00,2019-06-05 19:15:00+00:00,test,0.0,0.0,0.0,0.0,0.03659106976868172,0.02937053036470833,0.022252049626400563,0.0,0.06331237091911923,0.0
2019-06-05 19:15:00+00:00,2019-06-05 19:30:00+00:00,test,0.0,0.0,0.0,0.0,0.03659106976868172,0.02937053036470833,0.022252049626400563,0.0,0.1061291308099408,0.0
2019-06-05 19:30:00+00:00,2019-06-05 19:45:00+00:00,test,0.0,0.0,0.0,0.0,0.03659106976868172,0.02937053036470833,0.022252049626400563,0.0,0.10679213513680086,0.4536309179876401
2019-06-05 19:45:00+00:00,2019-06-05 20:00:00+00:00,test,0.0,0.0,0.0,0.0,0.03659106976868172,0.033589647141170624,0.022252049626400563,0.0,0.19081557170520203,1.046337124771707
2019-06-05 20:00:00+00:00,2019-06-05 20:15:00+00:00,test,0.0,0.0,0.0,0.0,0.03659106976868172,0.040845798802776306,0.02597608465756145,0.0,0.25990982851598954,1.4802692038232745
2019-06-05 20:15:00+00:00,2019-06-05 20:30:00+00:00,test,0.0,0.0,0.0,0.0,0.03659106976868172,0.040845798802776306,0.02597608465756145,0.0,0.29956874022547364,1.5750399494814573
2019-06-05 20:30:00+00:00,2019-06-05 20:45:00+00:00,test,0.0,0.0,0.0,0.0,0.03659106976868172,0.03384736800565084,0.02597608465756145,0.0,0.31879322375587016,1.1295779407870716
2019-06-05 20:45:00+00:00,2019-06-05 21:00:00+00:00,test,0.0,0.0,0.0,0.0,0.03659106976868172,0.040845798802776306,0.02597608465756145,0.0,0.393206731137024,1.5837174870973127
2019-06-05 21:00:00+00:00,2019-06-05 21:15:00+00:00,test,0.0,1.0,0.0,0.000668,0.03659106976868172,0.03636896116183378,0.022252049626400563,0.0,0.41886947943482067,1.0992285609727448
2019-06-05 21:15:00+00:00,2019-06-05 21:30:00+00:00,test,0.0618639999999999,3.0,0.0,0.085861,0.04717027064485906,0.040845798802776306,0.02597608465756145,0.0,0.47225645094893665,1.41528014804285
2019-06-05 21:30:00+00:00,2019-06-05 21:45:00+00:00,test,0.247926,8.0,0.0618639999999999,0.235594,0.1068599833445934,0.12616957959507247,0.1114398825477069,0.0,0.5755773732648191,1.6093071415724243
2019-06-05 21:45:00+00:00,2019-06-05 22:00:00+00:00,test,0.34702,10.0,0.247926,0.342939,0.3345833817055431,0.2845364458932381,0.29781105301313093,0.17374334302874916,0.7768235647614157,1.7318633402959698
2019-06-05 22:00:00+00:00,2019-06-05 22:15:00+00:00,test,0.459758,15.0,0.34702,0.424662,0.584509098313407,0.5193009647567884,0.450771292444487,0.3840678661090208,1.2141565212002297,0.605332161011706
2019-06-05 22:15:00+00:00,2019-06-05 22:30:00+00:00,test,0.700916,22.0,0.459758,0.60509,0.7022162491883361,0.6077031290211189,0.6158916235937767,0.5465001944282839,1.3665960308438496,0.8507931874725667
2019-06-05 22:30:00+00:00,2019-06-05 22:45:00+00:00,test,0.994574,32.0,0.700916,0.815609,1.1847380357305728,1.0582612943817655,1.0339964020096057,0.9289500947835068,1.5701875491210995,2.173961416327999
2019-06-05 22:45:00+00:00,2019-06-05 23:00:00+00:00,test,1.9692419999999995,58.0,0.994574,1.321059,1.6098314897695047,1.3917151085538566,1.4164820062202068,1.3487308684701076,1.870354031707481,2.303231654759438
2019-06-05 23:00:00+00:00,2019-06-05 23:15:00+00:00,test,3.317289,96.0,1.9692419999999995,1.926477,2.914326379552858,2.730994271684753,2.6783879308127045,2.478765856522373,2.7602118747149316,3.7378973721321933
2019-06-05 23:15:00+00:00,2019-06-05 23:30:00+00:00,test,3.1235310000000003,87.0,3.317289,1.973016,4.8073542581436906,4.431260946045953,4.426672079857669,4.268928051878259,3.8569435899489797,5.230949543831548
2019-06-05 23:30:00+00:00,2019-06-05 23:45:00+00:00,test,3.584766000000001,104.0,3.1235310000000003,2.389352,4.591974405582247,4.273895778532132,4.283941510138263,4.023281758242519,3.9827467663914087,4.797238409756934
2019-06-05 23:45:00+00:00,2019-06-06 00:00:00+00:00,test,2.273305,59.0,3.584766000000001,2.129477,4.910445937221952,4.370697523453211,4.469739534616566,4.271723403886033,4.3242179008606385,5.396291408580929
2019-06-06 00:00:00+00:00,2019-06-06 00:15:00+00:00,test,1.983625,53.0,2.273305,3.029141,3.0089457632151246,2.739098208863487,2.664417071463104,2.689233698108002,3.7938085968338195,4.327824502951409
2019-06-06 00:15:00+00:00,2019-06-06 00:30:00+00:00,test,1.670238,49.0,1.983625,3.1279060000000003,3.0142861140074846,2.6670074903142207,2.664417071463104,2.6326359174541563,3.5252896125229913,3.8901956604221284
2019-06-06 00:30:00+00:00,2019-06-06 00:45:00+00:00,test,1.8502419999999995,57.0,1.670238,3.205563,2.9081555876150746,2.515502893402129,2.4989836881014025,2.552595838129861,3.1945419075507613,4.158761208392895
2019-06-06 00:45:00+00:00,2019-06-06 01:00:00+00:00,test,2.2655939999999997,59.0,1.8502419999999995,4.83875,2.5439011204143576,2.384893854867689,2.4989836881014025,2.552429753164644,3.241133106608444,3.4921308271363802
2019-06-06 01:00:00+00:00,2019-06-06 01:15:00+00:00,test,1.727359,39.0,2.2655939999999997,4.058907,2.669046545334947,2.7379905063748744,2.4532429057209932,2.456106089653364,3.6643457803869577,3.4639156978431114
2019-06-06 01:15:00+00:00,2019-06-06 01:30:00+00:00,test,1.591898,40.0,1.727359,3.469047,2.7118421768544843,2.586267810496598,2.1234843383920063,2.0723105976279617,3.2389445895393614,2.17703696140763
2019-06-06 01:30:00+00:00,2019-06-06 01:45:00+00:00,test,1.079285,32.0,1.591898,3.011312,3.364222441705395,2.66116197157014,2.0419486435057874,1.9931507592588187,3.161905994899641,2.218887192501086
2019-06-06 01:45:00+00:00,2019-06-06 02:00:00+00:00,test,1.487445,46.0,1.079285,5.602844,2.975120071692227,2.2053550153670245,1.4798411528944273,1.4744462202306157,2.777605436599777,2.3309182687675545
2019-06-06 02:00:00+00:00,2019-06-06 02:15:00+00:00,test,3.334406,105.0,1.487445,4.432641,3.193835040845079,2.8551276413613538,2.1835350015142256,2.2627081446937884,2.884964581677071,1.6578687462039507
2019-06-06 02:15:00+00:00,2019-06-06 02:30:00+00:00,test,4.351813,125.0,3.334406,3.168813,4.996516759305554,4.409514946704163,4.253163781428651,4.259789896474247,4.2061601612373245,3.5388868128086965
2019-06-06 02:30:00+00:00,2019-06-06 02:45:00+00:00,test,3.671828,105.0,4.351813,3.689547,6.008838589483645,5.532138131907432,5.287799204598284,5.482352988832286,5.091331528581022,4.6141143377777265
2019-06-06 02:45:00+00:00,2019-06-06 03:00:00+00:00,test,2.91107,94.0,3.671828,4.791172,5.296286878048813,5.09742376186556,4.400397645084295,4.636210321323535,4.8546662466914725,4.047142709432607
2019-06-06 03:00:00+00:00,2019-06-06 03:15:00+00:00,test,4.349844,121.0,2.91107,5.563469,3.933822080220485,4.2017047524411275,3.8499731196755653,4.090995446541578,4.365673507671894,3.968532108073212
2019-06-06 03:15:00+00:00,2019-06-06 03:30:00+00:00,test,4.3864849999999995,124.0,4.349844,3.946359,5.245854132018408,5.489017713486027,5.27445852667866,5.440445208564988,5.4453469564512496,4.665766088474465
2019-06-06 03:30:00+00:00,2019-06-06 03:45:00+00:00,test,7.034344,197.0,4.3864849999999995,6.484953,5.308687415345874,5.771249787385152,5.279741512734134,5.468771097850071,5.625257657679692,4.765320666930451
2019-06-06 03:45:00+00:00,2019-06-06 04:00:00+00:00,test,3.870016000000001,108.0,7.034344,4.389438,8.229078035836237,8.192054279024582,7.972208457412538,7.8588493767895065,7.464842071953405,6.670082624388059
2019-06-06 04:00:00+00:00,2019-06-06 04:15:00+00:00,test,2.937703,72.0,3.870016000000001,3.253906,5.518649578846264,5.328419091387481,4.329710203324085,4.359778794978175,5.042325283337066,4.029988039684453
2019-06-06 04:15:00+00:00,2019-06-06 04:30:00+00:00,test,2.259852,50.0,2.937703,2.7324610000000003,3.477316873525113,4.117808794877784,3.7842543229472145,3.5760072582531097,4.094429586448209,2.469227708477387
2019-06-06 04:30:00+00:00,2019-06-06 04:45:00+00:00,test,1.8877580000000005,54.0,2.259852,2.591094,2.8150508517034467,2.8334340911707305,2.4797425404627607,2.665374151201079,3.4677159589166386,1.8499758325892852
2019-06-06 04:45:00+00:00,2019-06-06 05:00:00+00:00,test,2.253016,55.0,1.8877580000000005,3.266156,2.9214227670562374,2.853604767253734,2.509330319375377,2.659688162518722,3.1170793314656216,1.1763821878328367
2019-06-06 05:00:00+00:00,2019-06-06 05:15:00+00:00,test,3.581539,113.0,2.253016,3.427485,2.9581868126258826,2.8701192328966636,2.6260181512715994,2.4367213211035152,3.2836648508983,1.5538769349832613
2019-06-06 05:15:00+00:00,2019-06-06 05:30:00+00:00,test,6.562282000000001,202.0,3.581539,2.942734,4.679121114986644,4.884689931165587,4.400198347678996,4.454290347135955,3.8916628941505533,3.0335517203959386
2019-06-06 05:30:00+00:00,2019-06-06 05:45:00+00:00,test,7.41475,221.0,6.562282000000001,3.08443,7.420362000222596,7.54184655417929,7.130066343012671,6.940441475947113,6.3708600978626855,5.392486381504355
2019-06-06 05:45:00+00:00,2019-06-06 06:00:00+00:00,test,7.706125,212.0,7.41475,7.175219,7.543609347218986,7.866557303208664,7.267603844756382,6.953219534656059,7.337227171386353,5.840302788088719
2019-06-06 06:00:00+00:00,2019-06-06 06:15:00+00:00,test,7.879813,192.0,7.706125,4.415031,7.765410263889568,7.538004234684539,7.599556450662016,7.583815636215442,7.842366930917437,5.480028638689099
2019-06-06 06:15:00+00:00,2019-06-06 06:30:00+00:00,test,6.658532000000001,179.0,7.879813,2.1940619999999997,7.105821191670663,7.92464168476204,7.928407742773728,7.1991176454744705,8.080042341729001,5.600553242281193
2019-06-06 06:30:00+00:00,2019-06-06 06:45:00+00:00,test,10.14256,273.0,6.658532000000001,2.2212970000000003,6.9729362467172695,7.038907717252627,6.929546853737883,6.7360771099130075,7.138426372171009,5.670494050044512
2019-06-06 06:45:00+00:00,2019-06-06 07:00:00+00:00,test,7.337532,180.0,10.14256,2.294578,10.313860668641706,9.34598400457281,8.567070035972762,8.095973233698366,9.625223373408591,7.102000457524534
2019-06-06 07:00:00+00:00,2019-06-06 07:15:00+00:00,test,7.93975,196.0,7.337532,2.531156,6.856022175006984,7.209132970956629,7.2633312547983815,6.769500417468333,7.927713762261289,6.308478048650986
2019-06-06 07:15:00+00:00,2019-06-06 07:30:00+00:00,test,7.392,181.0,7.93975,3.773766,7.082283284507509,7.091911666566388,7.045582189459643,6.341134288372125,8.101763256474982,5.798091966600381
2019-06-06 07:30:00+00:00,2019-06-06 07:45:00+00:00,test,4.781109,141.0,7.392,3.940672,5.7500420583068586,6.095043410919848,5.920670363693767,5.595003859584993,7.263655050703657,5.225546973535799
2019-06-06 07:45:00+00:00,2019-06-06 08:00:00+00:00,test,6.836266,190.0,4.781109,2.840031,4.816322074457714,5.277748659705596,5.177077098527935,4.786300820771566,5.679021551148284,3.353647221797838
2019-06-06 08:00:00+00:00,2019-06-06 08:15:00+00:00,test,4.999094,132.0,6.836266,1.607676,6.065406986936029,6.276685105184641,6.27108359107333,6.664806603891884,7.179624842252022,5.843868183559787
2019-06-06 08:15:00+00:00,2019-06-06 08:30:00+00:00,test,3.4523669999999997,94.0,4.999094,1.321688,5.026238087417177,4.81274820210272,4.696809578344564,5.20070696141017,5.761056257078144,4.851084915307339
2019-06-06 08:30:00+00:00,2019-06-06 08:45:00+00:00,test,5.213469,135.0,3.4523669999999997,1.26875,3.5559775572749626,3.4509614068148977,3.388718126734621,3.6696151576996585,4.704076231576977,3.6829969930851285
2019-06-06 08:45:00+00:00,2019-06-06 09:00:00+00:00,test,9.595688,257.0,5.213469,1.284172,4.398919724398979,4.413994389815063,4.453282001959522,4.845755068985096,5.196960788353865,4.8385274064848725
2019-06-06 09:00:00+00:00,2019-06-06 09:15:00+00:00,test,8.369594000000001,220.0,9.595688,1.046473,7.219888856332884,6.9214266703996055,6.395622543476629,6.344182911761496,8.730642596515517,7.8900733827013925
2019-06-06 09:15:00+00:00,2019-06-06 09:30:00+00:00,test,6.356,162.0,8.369594000000001,0.988176,6.3793070408471815,6.363204212694857,5.794191011816148,5.878736198962601,8.697361775092697,7.468255878760559
2019-06-06 09:30:00+00:00,2019-06-06 09:45:00+00:00,test,4.9550160000000005,116.0,6.356,0.8228549999999999,4.686756222990403,4.497907589074491,4.350228169528109,4.231683346105618,6.465426853766219,5.640205663087623
2019-06-06 09:45:00+00:00,2019-06-06 10:00:00+00:00,test,3.29432,83.0,4.9550160000000005,0.716283,3.7501753342552107,3.687759211761631,3.201705129560745,3.31694998459655,5.598615887188272,4.873353643024732
2019-06-06 10:00:00+00:00,2019-06-06 10:15:00+00:00,test,2.183891,60.0,3.29432,0.811371,2.6853328917466293,2.360000794362706,2.3015679882807136,2.2780761737507005,3.6732990858151258,3.1891869805339272
2019-06-06 10:15:00+00:00,2019-06-06 10:30:00+00:00,test,1.219094,32.0,2.183891,0.591801,1.2670981048297747,1.3085722943797315,1.3144040485401327,1.315617927849157,2.68995345432673,1.7428502855062584
2019-06-06 10:30:00+00:00,2019-06-06 10:45:00+00:00,test,0.985168,27.0,1.219094,0.388726,0.8650600449476528,0.768377069358352,0.7932288255637646,0.7375251059638651,1.4442175033605293,1.4079446687171062
2019-06-06 10:45:00+00:00,2019-06-06 11:00:00+00:00,test,0.5443319999999999,16.0,0.985168,0.224137,0.6685269146538673,0.5838467030975183,0.5927984428575791,0.5489213757368477,1.251623518308513,0.9896800339857359
2019-06-06 11:00:00+00:00,2019-06-06 11:15:00+00:00,test,0.3449,10.0,0.5443319999999999,0.086283,0.26247033955743415,0.20152766244140466,0.20282358246777973,0.17950731799943784,0.4453545841243196,0.7923733262820818
2019-06-06 11:15:00+00:00,2019-06-06 11:30:00+00:00,test,0.075053,3.0,0.3449,0.0,0.11662951853402505,0.09028886524332894,0.05255686736424306,0.060386659910301094,0.17064304724531176,0.6753228497344512
2019-06-06 11:30:00+00:00,2019-06-06 11:45:00+00:00,test,0.0,0.0,0.075053,0.0,0.015313564333502639,0.0038630587871891194,0.0,0.016880318588262107,0.372317468292084,0.0704574196961838
2019-06-06 11:45:00+00:00,2019-06-06 12:00:00+00:00,test,0.0,0.0,0.0,0.0,0.02772174774140006,0.019465556785311925,0.013837821817871224,0.003884748626142356,0.0,0.3924707716064981
2019-06-06 12:00:00+00:00,2019-06-06 12:15:00+00:00,test,0.0,0.0,0.0,0.0,0.02772174774140006,0.017504290667790683,0.013837821817871224,0.003884748626142356,0.0,0.24598978265005123
2019-06-06 12:15:00+00:00,2019-06-06 12:30:00+00:00,test,0.0,0.0,0.0,0.0,0.02772174774140006,0.019465556785311925,0.0057999685354228475,0.003884748626142356,0.0,0.35029756274740986
2019-06-06 12:30:00+00:00,2019-06-06 12:45:00+00:00,test,0.0,0.0,0.0,0.0,0.02772174774140006,0.024502721464916135,0.0057999685354228475,0.003884748626142356,0.0,0.0
2019-06-06 12:45:00+00:00,2019-06-06 13:00:00+00:00,test,0.0,0.0,0.0,0.0,0.02772174774140006,0.024502721464916135,0.0057999685354228475,0.003884748626142356,0.0,0.0
2019-06-06 13:00:00+00:00,2019-06-06 13:15:00+00:00,test,0.0,0.0,0.0,0.0,0.02772174774140006,0.021591500061233615,0.018259632111722997,0.0055413232611681755,0.0,0.0
2019-06-06 13:15:00+00:00,2019-06-06 13:30:00+00:00,test,0.0,0.0,0.0,0.0,0.02772174774140006,0.021591500061233615,0.018259632111722997,0.0055413232611681755,0.0,0.0
2019-06-06 13:30:00+00:00,2019-06-06 13:45:00+00:00,test,0.0,0.0,0.0,0.0,0.02772174774140006,0.021591500061233615,0.018259632111722997,0.0055413232611681755,0.0,0.0
2019-06-06 13:45:00+00:00,2019-06-06 14:00:00+00:00,test,0.0,0.0,0.0,0.0,0.02772174774140006,0.0406028074640071,0.03444235458803092,0.0260643566576892,0.0,0.0
2019-06-06 14:00:00+00:00,2019-06-06 14:15:00+00:00,test,0.0,0.0,0.0,0.0,0.02772174774140006,0.03178935223239523,0.021983667142883877,0.016076704901514714,0.0,0.0
2019-06-06 14:15:00+00:00,2019-06-06 14:30:00+00:00,test,0.0,0.0,0.0,0.0,0.02772174774140006,0.027312514591452702,0.018259632111722997,0.008529239391977307,0.0161819175972866,0.0
2019-06-06 14:30:00+00:00,2019-06-06 14:45:00+00:00,test,0.0,0.0,0.0,0.0,0.02772174774140006,0.02479092143526976,0.021983667142883877,0.016076704901514714,0.0,0.0
2019-06-06 14:45:00+00:00,2019-06-06 15:00:00+00:00,test,0.0,0.0,0.0,0.0,0.02772174774140006,0.04113068266518846,0.03678107415182683,0.0260643566576892,0.0,0.0
2019-06-06 15:00:00+00:00,2019-06-06 15:15:00+00:00,test,0.0,0.0,0.0,0.0,0.02772174774140006,0.02453320057078953,0.018259632111722997,0.008529239391977307,0.0,0.0
2019-06-06 15:15:00+00:00,2019-06-06 15:30:00+00:00,test,0.0,0.0,0.0,0.0,0.02772174774140006,0.028269071424343345,0.018259632111722997,0.008529239391977307,0.0,0.0
2019-06-06 15:30:00+00:00,2019-06-06 15:45:00+00:00,test,0.0,0.0,0.0,0.0,0.02772174774140006,0.04712440417768333,0.03678107415182683,0.0260643566576892,0.0,0.0
2019-06-06 15:45:00+00:00,2019-06-06 16:00:00+00:00,test,0.0,0.0,0.0,0.0,0.02772174774140006,0.04712440417768333,0.03608348923425416,0.0260643566576892,0.0,0.0
2019-06-06 16:00:00+00:00,2019-06-06 16:15:00+00:00,test,0.0,0.0,0.0,0.0,0.02772174774140006,0.04712440417768333,0.038030653132847946,0.0260643566576892,0.0,0.12484079975172158
2019-06-06 16:15:00+00:00,2019-06-06 16:30:00+00:00,test,0.0,0.0,0.0,0.0,0.02772174774140006,0.030784642947764607,0.02597608465756145,0.016076704901514714,0.0,0.2665683416132021
2019-06-06 16:30:00+00:00,2019-06-06 16:45:00+00:00,test,0.0,0.0,0.0,0.0,0.03292082721228418,0.03384736800565084,0.02597608465756145,0.016076704901514714,0.0,0.43507220539563374
2019-06-06 16:45:00+00:00,2019-06-06 17:00:00+00:00,test,0.0,0.0,0.0,0.0,0.03292082721228418,0.02937053036470833,0.022252049626400563,0.008529239391977307,0.0,0.0
2019-06-06 17:00:00+00:00,2019-06-06 17:15:00+00:00,test,0.0,0.0,0.0,0.0,0.03292082721228418,0.02937053036470833,0.022252049626400563,0.008529239391977307,0.0,0.04970057114798632
2019-06-06 17:15:00+00:00,2019-06-06 17:30:00+00:00,test,0.0,0.0,0.0,0.0,0.035546791945352166,0.02937053036470833,0.022252049626400563,0.008529239391977307,0.0,0.150436914839279
2019-06-06 17:30:00+00:00,2019-06-06 17:45:00+00:00,test,0.0,0.0,0.0,0.0,0.035546791945352166,0.03384736800565084,0.02597608465756145,0.016076704901514714,0.0,0.4783413664062284
2019-06-06 17:45:00+00:00,2019-06-06 18:00:00+00:00,test,0.0,0.0,0.0,0.0,0.035546791945352166,0.03384736800565084,0.02597608465756145,0.016076704901514714,0.0,0.46858050716900923
2019-06-06 18:00:00+00:00,2019-06-06 18:15:00+00:00,test,0.0,0.0,0.0,0.0,0.035546791945352166,0.03384736800565084,0.02597608465756145,0.011793400921656648,0.0,0.7695705463809803
2019-06-06 18:15:00+00:00,2019-06-06 18:30:00+00:00,test,0.0,0.0,0.0,0.0,0.035546791945352166,0.03636896116183378,0.022252049626400563,0.00424593541211925,0.047753832845505606,0.25176571013387594
2019-06-06 18:30:00+00:00,2019-06-06 18:45:00+00:00,test,0.0,0.0,0.0,0.0,0.03659106976868172,0.040845798802776306,0.02597608465756145,0.011793400921656648,0.09710634648716532,1.6905042343290813
2019-06-06 18:45:00+00:00,2019-06-06 19:00:00+00:00,test,0.0,0.0,0.0,0.0,0.03659106976868172,0.040845798802776306,0.02597608465756145,0.011793400921656648,0.1489852597755439,1.7713961007840933
2019-06-06 19:00:00+00:00,2019-06-06 19:15:00+00:00,test,0.0,0.0,0.0,0.0,0.03659106976868172,0.040845798802776306,0.027593894956052932,0.011793400921656648,0.16410059203484195,2.055829912845244
2019-06-06 19:15:00+00:00,2019-06-06 19:30:00+00:00,test,0.0,0.0,0.0,0.0,0.03659106976868172,0.040845798802776306,0.027593894956052932,0.011793400921656648,0.22341279466144126,2.0245735464340457
2019-06-06 19:30:00+00:00,2019-06-06 19:45:00+00:00,test,0.0,0.0,0.0,0.0,0.03659106976868172,0.03384736800565084,0.027593894956052932,0.011793400921656648,0.21267097883216923,1.1326656501070813
2019-06-06 19:45:00+00:00,2019-06-06 20:00:00+00:00,test,0.0,0.0,0.0,0.0,0.03659106976868172,0.050187129235569554,0.040346048348912096,0.02178105267783114,0.35116167889989214,1.7218516350708084
2019-06-06 20:00:00+00:00,2019-06-06 20:15:00+00:00,test,0.0,0.0,0.0,0.0,0.03659106976868172,0.040845798802776306,0.027593894956052932,0.013691348099205315,0.3474967234798152,2.3288886402934024
2019-06-06 20:15:00+00:00,2019-06-06 20:30:00+00:00,test,0.0,0.0,0.0,0.0,0.03659106976868172,0.040845798802776306,0.027593894956052932,0.013691348099205315,0.4166920467313302,2.299608557648299
2019-06-06 20:30:00+00:00,2019-06-06 20:45:00+00:00,test,0.0,0.0,0.0,0.0,0.03659106976868172,0.040845798802776306,0.027593894956052932,0.013691348099205315,0.472504111712472,2.59336877143941
2019-06-06 20:45:00+00:00,2019-06-06 21:00:00+00:00,test,0.0,2.0,0.0,0.0,0.03659106976868172,0.040845798802776306,0.027593894956052932,0.013691348099205315,0.5176752711682235,2.765915302427633
2019-06-06 21:00:00+00:00,2019-06-06 21:15:00+00:00,test,0.2315469999999999,9.0,0.0,0.0,0.03659106976868172,0.040845798802776306,0.02597608465756145,0.016076704901514714,0.6486967405630706,1.6082323518491757
2019-06-06 21:15:00+00:00,2019-06-06 21:30:00+00:00,test,0.589463,21.0,0.2315469999999999,0.0618639999999999,0.31077201306207475,0.2845364458932381,0.27672880981170733,0.3134107841855875,0.876356735921731,1.500724186164815
2019-06-06 21:30:00+00:00,2019-06-06 21:45:00+00:00,test,1.139715,38.0,0.589463,0.247926,0.6595062923199786,0.6904523306990565,0.6246585121625204,0.6185269834395891,1.1888900803490747,1.9831340344394857
2019-06-06 21:45:00+00:00,2019-06-06 22:00:00+00:00,test,1.6990310000000002,59.0,1.139715,0.34702,1.4673221459596453,1.296047041931961,1.2618497514177114,1.2271217553995653,1.6472390475727003,2.8477192970001157
2019-06-06 22:00:00+00:00,2019-06-06 22:15:00+00:00,test,2.1133439999999997,73.0,1.6990310000000002,0.459758,2.213422828950353,2.084183441163995,2.051813323083177,1.971299489330764,2.721361558775664,2.4409024435171807
2019-06-06 22:15:00+00:00,2019-06-06 22:30:00+00:00,test,2.462359,87.0,2.1133439999999997,0.700916,2.4694876309881817,2.3977848096815118,2.400000227761882,2.3533793504550635,3.1497052525457705,3.081508325463873
2019-06-06 22:30:00+00:00,2019-06-06 22:45:00+00:00,test,3.709233999999999,129.0,2.462359,0.994574,2.80351241662983,2.6985524116044513,2.8077879367020007,2.7581342405284954,3.5552991406770365,3.070871280276624
2019-06-06 22:45:00+00:00,2019-06-06 23:00:00+00:00,test,5.006969000000001,167.0,3.709233999999999,1.9692419999999995,4.506273126013201,4.291391539747659,4.29323942756865,4.3035726473471625,4.5185484605182875,4.4206481704874925
2019-06-06 23:00:00+00:00,2019-06-06 23:15:00+00:00,test,5.8787970000000005,188.0,5.006969000000001,3.317289,6.151557938836778,5.988169996778224,6.013485337531971,5.917903855166992,6.128448331092657,7.646856531049987
2019-06-06 23:15:00+00:00,2019-06-06 23:30:00+00:00,test,7.401625,254.0,5.8787970000000005,3.1235310000000003,6.737978955448531,6.403586976786225,6.493407516445919,6.365388202840706,6.983354161904476,8.468121755880318
2019-06-06 23:30:00+00:00,2019-06-06 23:45:00+00:00,test,8.766188,297.0,7.401625,3.584766000000001,8.364235140559808,8.30434599904127,8.24034596082003,8.041241537557852,8.271136799972089,9.826057756705861
2019-06-06 23:45:00+00:00,2019-06-07 00:00:00+00:00,test,10.08613,331.0,8.766188,2.273305,10.125459097669964,10.014248596843009,10.029687908996202,9.890102980647216,9.556712313032872,11.824920047868796
2019-06-07 00:00:00+00:00,2019-06-07 00:15:00+00:00,test,12.66913,405.0,10.08613,1.983625,11.604736056414767,10.632029252436563,10.814456531909592,11.04494376103262,11.409748659072424,13.735230635938045
2019-06-07 00:15:00+00:00,2019-06-07 00:30:00+00:00,test,10.073,342.0,12.66913,1.670238,14.010709988256606,13.854657543846743,14.013146638496922,14.084589747677825,13.577298587464202,15.261308826217443
2019-06-07 00:30:00+00:00,2019-06-07 00:45:00+00:00,test,15.80075,510.0,10.073,1.8502419999999995,12.950387863917632,12.857098172023889,12.603788167752208,12.597086593830609,12.152532473687756,13.77881257931546
2019-06-07 00:45:00+00:00,2019-06-07 01:00:00+00:00,test,16.246129999999997,466.0,15.80075,2.2655939999999997,17.40258854991287,16.891621004138685,16.81760386290534,16.56556049506197,16.05266387515574,17.119395600804665
2019-06-07 01:00:00+00:00,2019-06-07 01:15:00+00:00,test,15.56538,434.0,16.246129999999997,1.727359,18.357924284738452,16.30746966908505,16.54026808956371,17.027695729499232,17.500752484931816,18.881572353286835
2019-06-07 01:15:00+00:00,2019-06-07 01:30:00+00:00,test,18.069189,742.0,15.56538,1.591898,16.20014332293477,15.959046164795176,16.38148894700726,16.433535123454654,17.093224359182415,17.57128469881224
2019-06-07 01:30:00+00:00,2019-06-07 01:45:00+00:00,test,15.20138,656.0,18.069189,1.079285,18.248409538124573,18.793165922370136,19.296544459842483,19.666130221726576,19.108961783424967,20.722669402526567
2019-06-07 01:45:00+00:00,2019-06-07 02:00:00+00:00,test,16.181379,468.0,15.20138,1.487445,16.517318355078437,16.02623414649149,16.35402637742433,16.69698467356526,17.14308339212399,18.466665559520152
2019-06-07 02:00:00+00:00,2019-06-07 02:15:00+00:00,test,20.1775,858.0,16.181379,3.334406,17.150615926416098,16.083801347582177,16.533382038682046,16.82188573006962,17.81400773101572,18.565913635635773
2019-06-07 02:15:00+00:00,2019-06-07 02:30:00+00:00,test,18.03681,604.0,20.1775,4.351813,20.583310192289456,20.638323316629975,20.537049675884173,20.816407628630305,20.948217631852863,23.010553309879704
2019-06-07 02:30:00+00:00,2019-06-07 02:45:00+00:00,test,25.08625,799.0,18.03681,3.671828,18.707505926973678,18.025436698151196,18.20438386575266,18.568587247791363,19.71786675965229,19.644148455303544
2019-06-07 02:45:00+00:00,2019-06-07 03:00:00+00:00,test,26.49325,850.0,25.08625,2.91107,23.716688401299603,23.77712308375482,23.616259603010082,24.414871028166523,24.439265232840548,23.799082201773913
2019-06-07 03:00:00+00:00,2019-06-07 03:15:00+00:00,test,28.741131,940.0,26.49325,4.349844,25.467199035951595,25.064947816933362,25.162063634909053,25.347833282117683,26.356296135603223,25.97574818210905
2019-06-07 03:15:00+00:00,2019-06-07 03:30:00+00:00,test,24.766001,755.0,28.741131,4.3864849999999995,26.9943764493296,23.73390348013713,24.03873080428522,25.03061470025028,28.974274099826616,27.34990638028603
2019-06-07 03:30:00+00:00,2019-06-07 03:45:00+00:00,test,16.998619,519.0,24.766001,7.034344,25.85384026214788,24.93920800536152,23.647054570056273,24.206824259882485,25.23861809239319,23.50435734927158
2019-06-07 03:45:00+00:00,2019-06-07 04:00:00+00:00,test,25.98181,977.0,16.998619,3.870016000000001,18.931997658201926,19.74476715994531,20.104259306315022,20.23247171473983,19.155491181830822,18.671417183124024
2019-06-07 04:00:00+00:00,2019-06-07 04:15:00+00:00,test,10.97534,329.0,25.98181,2.937703,23.271835171363076,21.69917387518643,23.31880217876289,23.349535463892366,25.285260832931343,27.15759826264447
2019-06-07 04:15:00+00:00,2019-06-07 04:30:00+00:00,test,14.24434,404.0,10.97534,2.259852,12.48398991346727,11.879038738919972,12.946860240517001,13.244443542664506,14.763778875913083,15.583889820499621
2019-06-07 04:30:00+00:00,2019-06-07 04:45:00+00:00,test,22.58069,1016.0,14.24434,1.8877580000000005,14.859566992147004,15.377523308050648,16.788864347484797,16.557765995969394,14.83127916109439,15.403109988051016
2019-06-07 04:45:00+00:00,2019-06-07 05:00:00+00:00,test,9.903907,336.0,22.58069,2.253016,21.0739074018477,20.666321071461844,20.698877479598124,21.17044856426754,21.083687810098795,25.43963913610755
2019-06-07 05:00:00+00:00,2019-06-07 05:15:00+00:00,test,9.36775,266.0,9.903907,3.581539,10.328677329653116,11.225432214581213,12.233386328370958,11.717750306145453,13.1338088125012,12.574736446126808
2019-06-07 05:15:00+00:00,2019-06-07 05:30:00+00:00,test,10.927,326.0,9.36775,6.562282000000001,10.088737553542865,8.679614310774937,10.459304797240877,10.572960784417036,10.5406928026453,11.091925661987304
2019-06-07 05:30:00+00:00,2019-06-07 05:45:00+00:00,test,6.47686,193.0,10.927,7.41475,10.985671312027165,10.314212557787155,12.301406125094712,12.607014629570322,10.663564009491134,11.79163408948278
2019-06-07 05:45:00+00:00,2019-06-07 06:00:00+00:00,test,4.443469,119.0,6.47686,7.706125,9.34765078790234,8.28915888555145,9.82302361294745,9.904568951234369,10.141408267671256,7.4666279576671775
2019-06-07 06:00:00+00:00,2019-06-07 06:15:00+00:00,test,2.91982,84.0,4.443469,7.879813,6.152059794587321,6.330985631253184,6.682302301719472,6.34720903687728,5.424645354691491,6.005996057257804
2019-06-07 06:15:00+00:00,2019-06-07 06:30:00+00:00,test,1.645246,48.0,2.91982,6.658532000000001,4.592317250073323,4.046429166344758,5.055856870012563,4.99935582159614,4.268131921537387,5.615593616976165
2019-06-07 06:30:00+00:00,2019-06-07 06:45:00+00:00,test,1.020852,29.0,1.645246,10.14256,4.790580479135383,2.7741996285004435,3.234550988205379,4.124972978240787,4.826271961460297,5.230080523939822
2019-06-07 06:45:00+00:00,2019-06-07 07:00:00+00:00,test,0.997555,28.0,1.020852,7.337532,2.4129384997529684,1.6936693835644363,3.118145756470792,3.253833814933694,2.609931209357592,3.522512798353566
2019-06-07 07:00:00+00:00,2019-06-07 07:15:00+00:00,test,0.778381,22.0,0.997555,7.93975,2.558879407054271,1.341329577434546,2.237840819229722,2.1548913509881604,2.7344962354260556,4.333690550596019
2019-06-07 07:15:00+00:00,2019-06-07 07:30:00+00:00,test,1.066461,29.0,0.778381,7.392,2.3023682231149167,1.1745837277581195,2.5458269560109383,2.435036227166487,2.8493536724779984,3.337150814787665
2019-06-07 07:30:00+00:00,2019-06-07 07:45:00+00:00,test,1.083633,29.0,1.066461,4.781109,2.0853477624453496,1.3023134041857858,3.102949427257351,2.905583152762534,3.3068577967263493,3.45684436152528
2019-06-07 07:45:00+00:00,2019-06-07 08:00:00+00:00,test,1.44025,38.0,1.083633,6.836266,2.878384740975273,1.6817362385239754,2.6320791762324793,2.68064793722961,2.7431671735720027,4.093312698864247
2019-06-07 08:00:00+00:00,2019-06-07 08:15:00+00:00,test,2.5035939999999997,64.0,1.44025,4.999094,2.264108415569474,1.4789517900456852,2.034689350428928,1.842372296239588,3.054734863378484,3.9438875158606916
2019-06-07 08:15:00+00:00,2019-06-07 08:30:00+00:00,test,3.912672,108.0,2.5035939999999997,3.4523669999999997,2.675302127915125,2.902450843263699,3.544092314583677,3.3764881449812814,4.018285314158849,4.005665354805853
2019-06-07 08:30:00+00:00,2019-06-07 08:45:00+00:00,test,4.771375,137.0,3.912672,5.213469,3.8243491194220947,3.8346797554174135,4.224087850035935,4.203931470996972,4.304391544709083,6.218300179907121
2019-06-07 08:45:00+00:00,2019-06-07 09:00:00+00:00,test,4.234672,123.0,4.771375,9.595688,4.4162659391876256,4.042218338049024,4.20851596627397,4.390171081553584,5.774646851442882,5.771949154870737
2019-06-07 09:00:00+00:00,2019-06-07 09:15:00+00:00,test,2.428344,67.0,4.234672,8.369594000000001,3.9995938945602125,3.7187538174958967,3.487344616935826,3.52272557807683,4.845832566320702,4.859641616429343
2019-06-07 09:15:00+00:00,2019-06-07 09:30:00+00:00,test,1.637535,46.0,2.428344,6.356,1.7993685584333932,1.6607789391876877,1.8802935946082673,1.8262510650916477,3.2475216669191216,3.8129399451257626
2019-06-07 09:30:00+00:00,2019-06-07 09:45:00+00:00,test,1.246164,35.0,1.637535,4.9550160000000005,1.265013779287286,1.2046974234045262,1.2783429098972958,1.1202647074406284,2.6232318007292346,2.4264648190429154
2019-06-07 09:45:00+00:00,2019-06-07 10:00:00+00:00,test,0.906117,25.0,1.246164,3.29432,0.8943237227714655,0.5311080179713861,0.6520581810769434,0.5964400661889353,2.243810017437365,1.8909133906994136
2019-06-07 10:00:00+00:00,2019-06-07 10:15:00+00:00,test,0.6405,20.0,0.906117,2.183891,0.5524572993614552,0.36176842838043266,0.4539065945039865,0.30286025581933973,1.5864753183662348,0.0
2019-06-07 10:15:00+00:00,2019-06-07 10:30:00+00:00,test,0.3553659999999999,11.0,0.6405,1.219094,0.4305408273537396,0.1097047925662164,0.24656392791466994,0.13428674994213147,1.177464633818504,0.0
2019-06-07 10:30:00+00:00,2019-06-07 10:45:00+00:00,test,0.306852,9.0,0.3553659999999999,0.985168,0.07849969093962965,0.027749710100733564,0.12737496203278767,0.005472377859331248,0.8826659585945791,0.0
2019-06-07 10:45:00+00:00,2019-06-07 11:00:00+00:00,test,0.2260849999999999,7.0,0.306852,0.5443319999999999,0.025234343243240157,0.007169729898066063,0.11222430269325082,0.008895098529402646,0.7881819345926591,0.0
2019-06-07 11:00:00+00:00,2019-06-07 11:15:00+00:00,test,0.158676,6.0,0.2260849999999999,0.3449,0.06741768187037443,0.007169729898066063,0.23341307731440086,0.13314889871872448,0.7048270647203205,0.0
2019-06-07 11:15:00+00:00,2019-06-07 11:30:00+00:00,test,0.001772,2.0,0.158676,0.075053,0.0605140589623474,0.016511060330859306,0.24963963760406513,0.1120804155714713,0.6333396505133404,0.0
2019-06-07 11:30:00+00:00,2019-06-07 11:45:00+00:00,test,0.0,0.0,0.001772,0.0,0.02772174774140006,0.03352728680594639,0.03770129953274564,0.03291797355830593,0.45785390158383343,0.0
2019-06-07 11:45:00+00:00,2019-06-07 12:00:00+00:00,test,0.0,0.0,0.0,0.0,0.02772174774140006,0.02606833770217614,0.02360147744137536,0.022930321802131445,0.37893910222920457,0.0
2019-06-07 12:00:00+00:00,2019-06-07 12:15:00+00:00,test,0.0,0.0,0.0,0.0,0.02772174774140006,0.02606833770217614,0.02360147744137536,0.022930321802131445,0.5010920530655856,0.0
2019-06-07 12:15:00+00:00,2019-06-07 12:30:00+00:00,test,0.0,0.0,0.0,0.0,0.02772174774140006,0.02606833770217614,0.02360147744137536,0.022930321802131445,0.4312912675639957,0.0
2019-06-07 12:30:00+00:00,2019-06-07 12:45:00+00:00,test,0.0,0.0,0.0,0.0,0.02772174774140006,0.019069906905050678,0.02360147744137536,0.022930321802131445,0.3647378014211542,0.0
2019-06-07 12:45:00+00:00,2019-06-07 13:00:00+00:00,test,0.0,0.0,0.0,0.0,0.02772174774140006,0.02606833770217614,0.02360147744137536,0.022930321802131445,0.3158469670135764,0.0
2019-06-07 13:00:00+00:00,2019-06-07 13:15:00+00:00,test,0.0,0.0,0.0,0.0,0.02772174774140006,0.03540966813496937,0.03770129953274564,0.03291797355830593,0.42869864028876314,0.0
2019-06-07 13:15:00+00:00,2019-06-07 13:30:00+00:00,test,0.0,0.0,0.0,0.0,0.02772174774140006,0.02606833770217614,0.02360147744137536,0.022930321802131445,0.4252719322583358,0.0
2019-06-07 13:30:00+00:00,2019-06-07 13:45:00+00:00,test,0.0,0.0,0.0,0.0,0.02772174774140006,0.02606833770217614,0.02360147744137536,0.022930321802131445,0.3968518785412334,0.0
2019-06-07 13:45:00+00:00,2019-06-07 14:00:00+00:00,test,0.0,0.0,0.0,0.0,0.02772174774140006,0.03126147703121387,0.02360147744137536,0.09334517654106719,0.41499424850059086,0.0
2019-06-07 14:00:00+00:00,2019-06-07 14:15:00+00:00,test,0.0,0.0,0.0,0.0,0.02772174774140006,0.03178935223239523,0.02360147744137536,0.025918237932940576,0.29801727094674924,0.0
2019-06-07 14:15:00+00:00,2019-06-07 14:30:00+00:00,test,0.0,0.0,0.0,0.0,0.02772174774140006,0.02479092143526976,0.02360147744137536,0.025918237932940576,0.29896130994868564,0.0
2019-06-07 14:30:00+00:00,2019-06-07 14:45:00+00:00,test,0.0,0.0,0.0,0.0,0.02772174774140006,0.02479092143526976,0.02360147744137536,0.025918237932940576,0.28836704725305573,0.0
2019-06-07 14:45:00+00:00,2019-06-07 15:00:00+00:00,test,0.0,0.0,0.0,0.0,0.02772174774140006,0.02479092143526976,0.02360147744137536,0.025918237932940576,0.24272916163797298,0.0
2019-06-07 15:00:00+00:00,2019-06-07 15:15:00+00:00,test,0.0,0.0,0.0,0.0,0.02772174774140006,0.02479092143526976,0.02360147744137536,0.025918237932940576,0.08093407871119229,0.0
2019-06-07 15:15:00+00:00,2019-06-07 15:30:00+00:00,test,0.0,0.0,0.0,0.0,0.02772174774140006,0.030784642947764607,0.02360147744137536,0.025918237932940576,0.07263575183142734,0.0
2019-06-07 15:30:00+00:00,2019-06-07 15:45:00+00:00,test,0.0,0.0,0.0,0.0,0.02772174774140006,0.030784642947764607,0.02360147744137536,0.025918237932940576,0.06270545454166676,0.0
2019-06-07 15:45:00+00:00,2019-06-07 16:00:00+00:00,test,0.0,0.0,0.0,0.0,0.02772174774140006,0.04712440417768333,0.03770129953274564,0.03590588968911507,0.14802164040652244,0.0
2019-06-07 16:00:00+00:00,2019-06-07 16:15:00+00:00,test,0.0,0.0,0.0,0.0,0.02772174774140006,0.026307805306822103,0.024433323715134465,0.01837077242340317,0.1283046143630875,0.0
2019-06-07 16:15:00+00:00,2019-06-07 16:30:00+00:00,test,0.0,0.0,0.0,0.0,0.02772174774140006,0.030784642947764607,0.027593894956052932,0.025918237932940576,0.10539227257633588,0.0
2019-06-07 16:30:00+00:00,2019-06-07 16:45:00+00:00,test,0.0,0.0,0.0,0.0,0.03292082721228418,0.0,0.0,0.0,0.12707655871964718,0.0
2019-06-07 16:45:00+00:00,2019-06-07 17:00:00+00:00,test,0.0,0.0,0.0,0.0,0.03292082721228418,0.040845798802776306,0.027593894956052932,0.025918237932940576,0.1629105619495652,0.0
2019-06-07 17:00:00+00:00,2019-06-07 17:15:00+00:00,test,0.0,0.0,0.0,0.0,0.03292082721228418,0.040845798802776306,0.027593894956052932,0.025918237932940576,0.2317756909039197,0.0
2019-06-07 17:15:00+00:00,2019-06-07 17:30:00+00:00,test,0.0,0.0,0.0,0.0,0.035546791945352166,0.03806648478211313,0.027593894956052932,0.025918237932940576,0.24672667860304287,0.0
2019-06-07 17:30:00+00:00,2019-06-07 17:45:00+00:00,test,0.0,0.0,0.0,0.0,0.035546791945352166,0.03806648478211313,0.027593894956052932,0.025918237932940576,0.30088979843727515,0.0
2019-06-07 17:45:00+00:00,2019-06-07 18:00:00+00:00,test,0.0,0.0,0.0,0.0,0.035546791945352166,0.040845798802776306,0.027593894956052932,0.025918237932940576,0.3380573508153901,0.0
2019-06-07 18:00:00+00:00,2019-06-07 18:15:00+00:00,test,0.0,0.0,0.0,0.0,0.035546791945352166,0.040845798802776306,0.02597608465756145,0.025918237932940576,0.4889285076369836,0.0
2019-06-07 18:15:00+00:00,2019-06-07 18:30:00+00:00,test,0.0,0.0,0.0,0.0,0.035546791945352166,0.03806648478211313,0.02597608465756145,0.025918237932940576,0.5083529115652787,0.0
2019-06-07 18:30:00+00:00,2019-06-07 18:45:00+00:00,test,0.0,0.0,0.0,0.0,0.03659106976868172,0.040845798802776306,0.02597608465756145,0.025918237932940576,0.5659908798049438,0.0
2019-06-07 18:45:00+00:00,2019-06-07 19:00:00+00:00,test,0.0,0.0,0.0,0.0,0.03659106976868172,0.03384736800565084,0.02597608465756145,0.025918237932940576,0.5760287363721641,0.0
2019-06-07 19:00:00+00:00,2019-06-07 19:15:00+00:00,test,0.0,0.0,0.0,0.0,0.03659106976868172,0.03384736800565084,0.02597608465756145,0.025918237932940576,0.5976138169025615,0.0
2019-06-07 19:15:00+00:00,2019-06-07 19:30:00+00:00,test,0.0,0.0,0.0,0.0,0.03659106976868172,0.02937053036470833,0.022252049626400563,0.01837077242340317,0.6558381163571285,0.0
2019-06-07 19:30:00+00:00,2019-06-07 19:45:00+00:00,test,0.0,0.0,0.0,0.0,0.03659106976868172,0.040845798802776306,0.02597608465756145,0.025918237932940576,0.7235616150758251,0.0
2019-06-07 19:45:00+00:00,2019-06-07 20:00:00+00:00,test,0.0,0.0,0.0,0.0,0.03659106976868172,0.03384736800565084,0.02597608465756145,0.025918237932940576,0.7379093348594541,0.0
2019-06-07 20:00:00+00:00,2019-06-07 20:15:00+00:00,test,0.0,0.0,0.0,0.0,0.03659106976868172,0.02937053036470833,0.022252049626400563,0.01837077242340317,0.7266125858321901,0.0
2019-06-07 20:15:00+00:00,2019-06-07 20:30:00+00:00,test,0.0,0.0,0.0,0.0,0.03659106976868172,0.03384736800565084,0.02597608465756145,0.025918237932940576,0.7635302175736021,0.3779056688460001
2019-06-07 20:30:00+00:00,2019-06-07 20:45:00+00:00,test,0.0,0.0,0.0,0.0,0.03659106976868172,0.03384736800565084,0.02597608465756145,0.025918237932940576,0.7973033158818197,0.03401817187888323
2019-06-07 20:45:00+00:00,2019-06-07 21:00:00+00:00,test,0.017409,0.0,0.0,0.0,0.03659106976868172,0.03384736800565084,0.02597608465756145,0.025918237932940576,0.8583049713799271,0.0
2019-06-07 21:00:00+00:00,2019-06-07 21:15:00+00:00,test,0.244111,8.0,0.017409,0.2315469999999999,0.03659106976868172,0.03384736800565084,0.02597608465756145,0.025918237932940576,0.93176041437171,2.1135491606059222
2019-06-07 21:15:00+00:00,2019-06-07 21:30:00+00:00,test,0.5844729999999999,22.0,0.244111,0.589463,0.31077201306207475,0.2681966846633193,0.2606455907960114,0.31326466546083886,1.1609006832943356,2.464024561789497
2019-06-07 21:30:00+00:00,2019-06-07 21:45:00+00:00,test,0.945574,36.0,0.5844729999999999,1.139715,0.6595062923199786,0.6741125694691379,0.654001706298941,0.662955437307996,1.4746358291864015,2.514529312055976
2019-06-07 21:45:00+00:00,2019-06-07 22:00:00+00:00,test,1.377414,54.0,0.945574,1.6990310000000002,0.8952632781146015,0.8586447080787699,0.8558921730378782,0.918335669723404,1.8850227268139497,3.634251427477219
2019-06-07 22:00:00+00:00,2019-06-07 22:15:00+00:00,test,1.929047,72.0,1.377414,2.1133439999999997,1.6051081280512502,1.6837485165738388,1.685055469334282,1.614983568452056,2.638625784203084,4.453609700986938
2019-06-07 22:15:00+00:00,2019-06-07 22:30:00+00:00,test,2.6915,112.0,1.929047,2.462359,2.4694876309881817,2.3854044199602393,2.4942135113672244,2.4544619271903714,3.140773074320959,4.708348292355134
2019-06-07 22:30:00+00:00,2019-06-07 22:45:00+00:00,test,3.245266,140.0,2.6915,3.709233999999999,3.025321527342895,3.053184042769949,3.1586492044269847,3.1235125943517548,3.8539465045495467,5.367629056551222
2019-06-07 22:45:00+00:00,2019-06-07 23:00:00+00:00,test,4.511938,175.0,3.245266,5.006969000000001,4.506273126013201,4.523844776260383,4.680916344116519,4.665390127586839,4.437926369461662,5.914887537990461
2019-06-07 23:00:00+00:00,2019-06-07 23:15:00+00:00,test,6.120516,228.0,4.511938,5.8787970000000005,5.701839342323356,5.568344743290556,5.687612985194747,5.862930104422982,6.181226729137238,7.65097488094981
2019-06-07 23:15:00+00:00,2019-06-07 23:30:00+00:00,test,7.888782000000001,294.0,6.120516,7.401625,7.909493333448021,7.837053208125043,7.688517611447528,7.90445391712306,7.603807773464877,8.902857571233078
2019-06-07 23:30:00+00:00,2019-06-07 23:45:00+00:00,test,9.728251,354.0,7.888782000000001,8.766188,9.030964150200399,9.021025761931444,9.017394274092723,9.138002815953984,9.339064907125984,10.710093102960286
2019-06-07 23:45:00+00:00,2019-06-08 00:00:00+00:00,test,11.82563,407.0,9.728251,10.08613,10.88568554566446,11.258929281377622,11.232797281525839,11.474414750557305,11.021048069621266,11.56910690122479
2019-06-08 00:00:00+00:00,2019-06-08 00:15:00+00:00,test,13.664879999999998,460.0,11.82563,12.66913,12.629819091072907,12.83577723723572,12.963042455300704,12.940149248236475,13.647947042074469,14.26446883187715
2019-06-08 00:15:00+00:00,2019-06-08 00:30:00+00:00,test,15.27138,518.0,13.664879999999998,10.073,15.073289704346283,15.085400885442455,15.39567098039916,15.285487485812537,15.39781505186076,15.250493052530352
2019-06-08 00:30:00+00:00,2019-06-08 00:45:00+00:00,test,16.87175,558.0,15.27138,15.80075,16.6811918541659,15.965253070709846,16.283342396124095,16.27434647243308,16.915685402031926,15.844996452617373
2019-06-08 00:45:00+00:00,2019-06-08 01:00:00+00:00,test,18.3785,610.0,16.87175,16.246129999999997,18.773794447960796,18.020132108949042,18.106436509786363,18.224437328997478,18.372614784548468,17.070009296843825
2019-06-08 01:00:00+00:00,2019-06-08 01:15:00+00:00,test,19.869499,657.0,18.3785,15.56538,19.66043133147755,19.44476811302697,19.461728574234275,19.253304523752846,20.526635062104624,19.585729682841993
2019-06-08 01:15:00+00:00,2019-06-08 01:30:00+00:00,test,21.45413,694.0,19.869499,18.069189,21.509091747910286,21.078430242668123,21.202806598187298,21.09410787611193,21.808273813924224,20.65793143139586
2019-06-08 01:30:00+00:00,2019-06-08 01:45:00+00:00,test,22.68656,732.0,21.45413,15.20138,22.174438623494222,22.65294338137448,22.796422135825775,22.665896733042914,23.152316986023756,21.77627777194933
2019-06-08 01:45:00+00:00,2019-06-08 02:00:00+00:00,test,23.424629,744.0,22.68656,16.181379,23.61737384794305,23.84136670205785,23.913937563812915,23.952565469433264,24.155955478609243,22.38149996461911
2019-06-08 02:00:00+00:00,2019-06-08 02:15:00+00:00,test,24.607189,787.0,23.424629,20.1775,24.3799127035535,24.532676680837383,25.075261644591617,25.112843790208544,25.32733892149559,24.39587259718342
2019-06-08 02:15:00+00:00,2019-06-08 02:30:00+00:00,test,25.663309,824.0,24.607189,18.03681,25.026834992994445,25.342837717438428,25.46640154085657,25.344130115069525,26.149254154971118,24.16220048691124
2019-06-08 02:30:00+00:00,2019-06-08 02:45:00+00:00,test,26.456498999999997,856.0,25.663309,25.08625,26.273483567015198,26.431925657145417,26.50337628420594,26.379551296723196,26.987862747393173,24.08801108805295
2019-06-08 02:45:00+00:00,2019-06-08 03:00:00+00:00,test,27.269381,884.0,26.456498999999997,26.49325,26.314389623285642,26.61242887358887,26.762159870575903,26.62459494271503,27.532502646503026,24.544180156290885
2019-06-08 03:00:00+00:00,2019-06-08 03:15:00+00:00,test,27.874439,906.0,27.269381,28.741131,27.697068347202872,28.172552780028948,27.986799494322128,27.94484929460315,28.351588962535388,26.10966494369677
2019-06-08 03:15:00+00:00,2019-06-08 03:30:00+00:00,test,28.3325,917.0,27.874439,24.766001,28.181640283388365,28.313496633814744,28.07578632528728,28.35333657953867,28.67154608019407,26.755597644081476
2019-06-08 03:30:00+00:00,2019-06-08 03:45:00+00:00,test,28.523251,916.0,28.3325,16.998619,28.493327636626393,28.765393142719304,28.661968136184083,28.536358666018018,28.92451362642808,26.634878284224797
2019-06-08 03:45:00+00:00,2019-06-08 04:00:00+00:00,test,28.72538,922.0,28.523251,25.98181,29.048406914689334,29.187448210112567,28.854640513448786,28.58004357990026,28.819611274310738,25.955321146445364
2019-06-08 04:00:00+00:00,2019-06-08 04:15:00+00:00,test,28.799749,919.0,28.72538,10.97534,28.581711402142247,29.245984961030114,29.163331474462677,29.0162587518912,28.955700265953027,27.250558024738325
2019-06-08 04:15:00+00:00,2019-06-08 04:30:00+00:00,test,28.762131,914.0,28.799749,14.24434,28.55149448885795,28.68485804731896,28.72863341393304,28.796164563948103,28.84347251479717,27.770380761890394
2019-06-08 04:30:00+00:00,2019-06-08 04:45:00+00:00,test,28.601561,907.0,28.762131,22.58069,28.258098260178322,28.6810603810688,28.933536670521175,28.694764854866865,28.564621954854303,26.720587860638545
2019-06-08 04:45:00+00:00,2019-06-08 05:00:00+00:00,test,28.18725,880.0,28.601561,9.903907,28.625417532623512,28.732896715133553,29.12329113986096,28.871203826161068,28.230388013385266,26.821700130219597
2019-06-08 05:00:00+00:00,2019-06-08 05:15:00+00:00,test,27.87138,861.0,28.18725,9.36775,27.95943716369808,28.395941108345287,28.483494536148378,28.272171063005203,27.34510982809411,25.971080535762233
2019-06-08 05:15:00+00:00,2019-06-08 05:30:00+00:00,test,27.402809,836.0,27.87138,10.927,27.569270992830244,27.507661313439403,27.472214807997904,27.278426667003693,26.81999452988368,24.48061757662346
2019-06-08 05:30:00+00:00,2019-06-08 05:45:00+00:00,test,19.209311,831.0,27.402809,6.47686,26.677648496910287,26.714657554507916,26.869046738379403,26.74104289147907,26.199404597523177,24.271643887621074
2019-06-08 05:45:00+00:00,2019-06-08 06:00:00+00:00,test,25.941999,776.0,19.209311,4.443469,18.76445704796142,20.277577666721196,20.19860134353213,20.394620898381838,20.600201424511134,20.958245179845626
2019-06-08 06:00:00+00:00,2019-06-08 06:15:00+00:00,test,8.756344,491.0,25.941999,2.91982,22.935597227552716,23.423494373781555,24.27679118834362,23.29476475273355,23.604313953926244,22.364606833488338
2019-06-08 06:15:00+00:00,2019-06-08 06:30:00+00:00,test,24.763809,722.0,8.756344,1.645246,9.79470318683253,13.51434828335863,13.398718957388828,12.821359464960674,12.188391758536437,12.448896694925246
2019-06-08 06:30:00+00:00,2019-06-08 06:45:00+00:00,test,23.431629,687.0,24.763809,1.020852,21.545166753274646,21.829849271497213,23.00840893161033,22.170513398249096,21.408321849418535,19.43789471609947
2019-06-08 06:45:00+00:00,2019-06-08 07:00:00+00:00,test,5.475094,177.0,23.431629,0.997555,20.651274058375797,22.030159601024025,22.019952021953447,21.734466916032233,21.862156684258952,20.991818670457874
2019-06-08 07:00:00+00:00,2019-06-08 07:15:00+00:00,test,20.80969,626.0,5.475094,0.778381,7.607667101944698,7.709612437126502,8.843007010252263,8.221280112212831,8.744223733733541,4.956884288014972
2019-06-08 07:15:00+00:00,2019-06-08 07:30:00+00:00,test,20.021310999999997,582.0,20.80969,1.066461,16.889016262848983,17.1376869062005,17.57674605052842,17.121823538460568,17.141203019276755,15.244036047907901
2019-06-08 07:30:00+00:00,2019-06-08 07:45:00+00:00,test,5.05061,160.0,20.021310999999997,1.083633,16.962399399590478,17.65109679427106,17.263233646629633,17.3147825259834,18.618853388788168,14.787929669096892
2019-06-08 07:45:00+00:00,2019-06-08 08:00:00+00:00,test,13.49141,556.0,5.05061,1.44025,7.11340812315439,6.811251551952977,7.861091405558407,7.9508131319156155,9.35188623940958,4.674993953357427
2019-06-08 08:00:00+00:00,2019-06-08 08:15:00+00:00,test,15.41313,436.0,13.49141,2.5035939999999997,10.670513987008254,11.085156380609078,10.6351908950282,11.558810228617661,10.655187972704109,9.781552871513606
2019-06-08 08:15:00+00:00,2019-06-08 08:30:00+00:00,test,6.991579,361.0,15.41313,3.912672,10.401055159492303,10.827229896841114,11.095072527179914,11.379004385342288,14.319259282553617,10.342692911173277
2019-06-08 08:30:00+00:00,2019-06-08 08:45:00+00:00,test,3.004367,105.0,6.991579,4.771375,6.8557886842781475,7.37947407522001,8.497948757661192,8.493058482538896,10.560069160875416,6.875124901286774
2019-06-08 08:45:00+00:00,2019-06-08 09:00:00+00:00,test,11.36494,287.0,3.004367,4.234672,3.413885537445024,3.374679939204508,3.96331782417833,4.3011332614027555,2.635654338241668,2.8710856617473084
2019-06-08 09:00:00+00:00,2019-06-08 09:15:00+00:00,test,8.100532000000001,193.0,11.36494,2.428344,8.381569316554758,7.994722140292599,8.430857280548745,8.532868109566314,9.980357030973572,4.811394348597988
2019-06-08 09:15:00+00:00,2019-06-08 09:30:00+00:00,test,7.624531,193.0,8.100532000000001,1.637535,5.938741728188083,5.745734413066558,5.632599120386299,5.784165567975752,8.483564958665431,6.061049562421069
2019-06-08 09:30:00+00:00,2019-06-08 09:45:00+00:00,test,4.527906,99.0,7.624531,1.246164,5.572437654571568,5.228890863027248,5.014113774814956,5.4862824477390895,6.780281583557539,3.6664466961934146
2019-06-08 09:45:00+00:00,2019-06-08 10:00:00+00:00,test,3.402219,89.0,4.527906,0.906117,3.676798422964602,3.2212101117976673,2.8357589887931813,2.890274695842848,4.517245843603745,4.4460967873547546
2019-06-08 10:00:00+00:00,2019-06-08 10:15:00+00:00,test,2.240875,76.0,3.402219,0.6405,2.564702389771558,2.1607479660792532,2.2374079771318804,2.3213447565249634,4.729279288318747,0.722892728299227
2019-06-08 10:15:00+00:00,2019-06-08 10:30:00+00:00,test,1.577488,57.0,2.240875,0.3553659999999999,1.3347263753565493,1.4860322654035911,1.3082883023816758,1.3630304301710163,2.30623821941513,0.0
2019-06-08 10:30:00+00:00,2019-06-08 10:45:00+00:00,test,1.243074,41.0,1.577488,0.306852,1.0501290868819655,1.111606432487647,1.05082697835646,1.0982889933447202,1.098178631045604,1.6411833818133212
2019-06-08 10:45:00+00:00,2019-06-08 11:00:00+00:00,test,0.902645,27.0,1.243074,0.2260849999999999,0.9087737800012787,0.5690411389262484,0.4793343549846167,0.5641313017925085,2.6964688424111696,1.2608923465000803
2019-06-08 11:00:00+00:00,2019-06-08 11:15:00+00:00,test,0.507049,13.0,0.902645,0.158676,0.5771668834198181,0.38795093013469495,0.18355801322835089,0.26080020077638255,0.4197533711513133,0.0
2019-06-08 11:15:00+00:00,2019-06-08 11:30:00+00:00,test,0.1814049999999999,4.0,0.507049,0.001772,0.26702016024052855,0.13166817754401666,0.0,0.02794740920003745,0.0,1.231616819446331
2019-06-08 11:30:00+00:00,2019-06-08 11:45:00+00:00,test,0.0,0.0,0.1814049999999999,0.0,0.17961003521644756,0.11234286813172284,0.0,0.0,1.0681513031743899,0.0
2019-06-08 11:45:00+00:00,2019-06-08 12:00:00+00:00,test,0.0,0.0,0.0,0.0,0.029922302266568186,0.0,0.0,0.0,0.24914846593336115,0.0
2019-06-08 12:00:00+00:00,2019-06-08 12:15:00+00:00,test,0.0,0.0,0.0,0.0,0.02772174774140006,0.0,0.0,0.0,0.0,0.0
2019-06-08 12:15:00+00:00,2019-06-08 12:30:00+00:00,test,0.0,0.0,0.0,0.0,0.02772174774140006,0.0,0.0,0.0,0.0,0.0
2019-06-08 12:30:00+00:00,2019-06-08 12:45:00+00:00,test,0.0,0.0,0.0,0.0,0.055806865729735075,0.0,0.0,0.0,0.44385628682030376,0.0
2019-06-08 12:45:00+00:00,2019-06-08 13:00:00+00:00,test,0.0,0.0,0.0,0.0,0.02772174774140006,0.0,0.0,0.0,0.0,0.0
2019-06-08 13:00:00+00:00,2019-06-08 13:15:00+00:00,test,0.0,0.0,0.0,0.0,0.02772174774140006,0.0,0.0,0.0,0.13144087969284346,0.0
2019-06-08 13:15:00+00:00,2019-06-08 13:30:00+00:00,test,0.0,0.0,0.0,0.0,0.02772174774140006,0.0,0.0,0.0,0.0,0.0
2019-06-08 13:30:00+00:00,2019-06-08 13:45:00+00:00,test,0.0,0.0,0.0,0.0,0.02772174774140006,0.0,0.0,0.0,0.08563044102762252,0.0
2019-06-08 13:45:00+00:00,2019-06-08 14:00:00+00:00,test,0.0,0.0,0.0,0.0,0.02772174774140006,0.0,0.0,0.0,0.09947373255091385,0.0
2019-06-08 14:00:00+00:00,2019-06-08 14:15:00+00:00,test,0.0,0.0,0.0,0.0,0.02772174774140006,0.0,0.0,0.0,0.08752834846332203,0.0
2019-06-08 14:15:00+00:00,2019-06-08 14:30:00+00:00,test,0.0,0.0,0.0,0.0,0.02772174774140006,0.0,0.0,0.0,0.07615239604179092,0.0
2019-06-08 14:30:00+00:00,2019-06-08 14:45:00+00:00,test,0.0,0.0,0.0,0.0,0.02772174774140006,0.0,0.0,0.0,0.06011605644737372,0.0
2019-06-08 14:45:00+00:00,2019-06-08 15:00:00+00:00,test,0.0,0.0,0.0,0.0,0.02772174774140006,0.0,0.0,0.0,0.021730799598344674,0.0
2019-06-08 15:00:00+00:00,2019-06-08 15:15:00+00:00,test,0.0,0.0,0.0,0.0,0.02772174774140006,0.0,0.0306731756578642,0.0,0.08728913334480204,0.0
2019-06-08 15:15:00+00:00,2019-06-08 15:30:00+00:00,test,0.0,0.0,0.0,0.0,0.02772174774140006,0.0,0.0306731756578642,0.0,0.11067514051262162,0.0
2019-06-08 15:30:00+00:00,2019-06-08 15:45:00+00:00,test,0.0,0.0,0.0,0.0,0.02772174774140006,0.0,0.03439721068902508,0.0,0.10894175391708227,0.0
2019-06-08 15:45:00+00:00,2019-06-08 16:00:00+00:00,test,0.0,0.0,0.0,0.0,0.02772174774140006,0.0,0.0306731756578642,0.0,0.03213089902753108,0.0
2019-06-08 16:00:00+00:00,2019-06-08 16:15:00+00:00,test,0.0,0.0,0.0,0.0,0.02772174774140006,0.0,0.04401790547543228,0.0,0.17973498766957885,0.0
2019-06-08 16:15:00+00:00,2019-06-08 16:30:00+00:00,test,0.0,0.0,0.0,0.0,0.02772174774140006,0.0,0.03466559317254176,0.0,0.20758714848260684,0.0
2019-06-08 16:30:00+00:00,2019-06-08 16:45:00+00:00,test,0.0,0.0,0.0,0.0,0.03292082721228418,0.0,0.03466559317254176,0.0,0.22021949529970897,0.0
2019-06-08 16:45:00+00:00,2019-06-08 17:00:00+00:00,test,0.0,0.0,0.0,0.0,0.03292082721228418,0.03636896116183378,0.025820639271878176,0.0,0.25565213341604753,0.0
2019-06-08 17:00:00+00:00,2019-06-08 17:15:00+00:00,test,0.0,0.0,0.0,0.0,0.03292082721228418,0.03636896116183378,0.025820639271878176,0.0,0.38998401206068944,0.0
2019-06-08 17:15:00+00:00,2019-06-08 17:30:00+00:00,test,0.0,0.0,0.0,0.0,0.035546791945352166,0.0395179283460607,0.025820639271878176,0.0,0.43671317901827145,0.0
2019-06-08 17:30:00+00:00,2019-06-08 17:45:00+00:00,test,0.0,0.0,0.0,0.0,0.035546791945352166,0.03636896116183378,0.025820639271878176,0.0,0.45808720793487545,0.0
2019-06-08 17:45:00+00:00,2019-06-08 18:00:00+00:00,test,0.0,0.0,0.0,0.0,0.035546791945352166,0.02937053036470833,0.025820639271878176,0.0,0.45656939845201094,0.0
2019-06-08 18:00:00+00:00,2019-06-08 18:15:00+00:00,test,0.0,0.0,0.0,0.0,0.035546791945352166,0.03636896116183378,0.036055983602788035,0.0,0.4067399205938713,0.0
2019-06-08 18:15:00+00:00,2019-06-08 18:30:00+00:00,test,0.0,0.0,0.0,0.0,0.035546791945352166,0.03636896116183378,0.036055983602788035,0.0,0.4585623225339406,0.0
2019-06-08 18:30:00+00:00,2019-06-08 18:45:00+00:00,test,0.0,0.0,0.0,0.0,0.03659106976868172,0.03133179648222957,0.036055983602788035,0.0,0.47637299523844145,0.0
2019-06-08 18:45:00+00:00,2019-06-08 19:00:00+00:00,test,0.0,0.0,0.0,0.0,0.03659106976868172,0.050187129235569554,0.05746286438096503,0.0,0.5437533710758897,0.0
2019-06-08 19:00:00+00:00,2019-06-08 19:15:00+00:00,test,0.0,0.0,0.0,0.0,0.03659106976868172,0.0395179283460607,0.025820639271878176,0.020631124879901493,0.6052971002954264,0.0
2019-06-08 19:15:00+00:00,2019-06-08 19:30:00+00:00,test,0.0,0.0,0.0,0.0,0.03659106976868172,0.03384736800565084,0.029544674303039063,0.025749955799334125,0.5864265698742681,0.0
2019-06-08 19:30:00+00:00,2019-06-08 19:45:00+00:00,test,0.0,0.0,0.0,0.0,0.03659106976868172,0.03806648478211313,0.029544674303039063,0.025749955799334125,0.6850966953912634,0.02270874136690182
2019-06-08 19:45:00+00:00,2019-06-08 20:00:00+00:00,test,0.0,0.0,0.0,0.0,0.03659106976868172,0.040845798802776306,0.029544674303039063,0.025749955799334125,0.7246201437557529,0.0
2019-06-08 20:00:00+00:00,2019-06-08 20:15:00+00:00,test,0.0,0.0,0.0,0.0,0.03659106976868172,0.03806648478211313,0.03116248460153055,0.02764790297688279,0.9088120429732296,1.3144655059121781
2019-06-08 20:15:00+00:00,2019-06-08 20:30:00+00:00,test,0.0,0.0,0.0,0.0,0.03659106976868172,0.040845798802776306,0.03116248460153055,0.02764790297688279,1.0252733780010148,0.6460571655839891
2019-06-08 20:30:00+00:00,2019-06-08 20:45:00+00:00,test,0.0,0.0,0.0,0.0,0.03659106976868172,0.040845798802776306,0.03116248460153055,0.02764790297688279,1.070478744195209,0.4640708982684556
2019-06-08 20:45:00+00:00,2019-06-08 21:00:00+00:00,test,0.000107,0.0,0.0,0.017409,0.03659106976868172,0.040845798802776306,0.03116248460153055,0.02764790297688279,1.114243120923681,0.9177538975314574
2019-06-08 21:00:00+00:00,2019-06-08 21:15:00+00:00,test,0.1809339999999999,7.0,0.000107,0.244111,0.03659106976868172,0.040845798802776306,0.03116248460153055,0.02764790297688279,1.0726479409456768,1.6625521588675811
2019-06-08 21:15:00+00:00,2019-06-08 21:30:00+00:00,test,0.520967,21.0,0.1809339999999999,0.5844729999999999,0.28755933687059115,0.2751951154604448,0.29843569852167107,0.3180050013737677,1.2137488796061922,2.3514436100325984
2019-06-08 21:30:00+00:00,2019-06-08 21:45:00+00:00,test,0.817523,39.0,0.520967,0.945574,0.591006366703928,0.4220489336549225,0.45382154658590057,0.47698108984766724,1.5089101056215588,2.9662932375245687
2019-06-08 21:45:00+00:00,2019-06-08 22:00:00+00:00,test,1.056891,50.0,0.817523,1.377414,0.764373683116266,0.6811110002662634,0.6462159737319859,0.6693755169937537,1.883697655024969,3.5974801823731233
2019-06-08 22:00:00+00:00,2019-06-08 22:15:00+00:00,test,1.321523,61.0,1.056891,1.929047,1.1291602939606025,1.2005636905164063,1.2148749473449736,1.2324015008905445,2.2021905926765823,4.147202455315498
2019-06-08 22:15:00+00:00,2019-06-08 22:30:00+00:00,test,1.828422,100.0,1.321523,2.6915,1.7228152789261808,1.7791491116352967,1.7184523167256427,1.6510768020143582,2.483029701056971,4.490316975391359
2019-06-08 22:30:00+00:00,2019-06-08 22:45:00+00:00,test,2.804922,138.0,1.828422,3.245266,2.484973649294912,2.415566392927188,2.4174633901430815,2.3895771940162676,2.9998547762370062,4.3468812584921
2019-06-08 22:45:00+00:00,2019-06-08 23:00:00+00:00,test,4.305766,175.0,2.804922,4.511938,3.263002111050392,3.378509504649716,3.487335315221272,3.4629629028554514,3.808209263365786,4.812635262556423
2019-06-08 23:00:00+00:00,2019-06-08 23:15:00+00:00,test,6.054344,234.0,4.305766,6.120516,5.701839342323356,5.5844346259107915,5.81496476035318,5.7714926726689,5.953615981540429,7.726513985416526
2019-06-08 23:15:00+00:00,2019-06-08 23:30:00+00:00,test,7.919406,298.0,6.054344,7.888782000000001,8.328791935475774,8.004853771376517,7.847575838409212,7.733452789001271,7.51594532865606,8.977284301953295
2019-06-08 23:30:00+00:00,2019-06-08 23:45:00+00:00,test,10.05813,366.0,7.919406,9.728251,9.244518252172648,9.211185535593383,9.023898003158065,9.02339847262507,9.292305848306288,10.45084272290753
2019-06-08 23:45:00+00:00,2019-06-09 00:00:00+00:00,test,12.08638,423.0,10.05813,11.82563,11.787848048060988,11.827006816022495,12.04326704985674,12.047851442128435,11.255631800813628,10.562302857924719
2019-06-09 00:00:00+00:00,2019-06-09 00:15:00+00:00,test,13.92475,477.0,12.08638,13.664879999999998,13.467664863017431,13.443900343931812,13.671864175706158,13.535872758120965,13.805625100694208,13.439843846768447
2019-06-09 00:15:00+00:00,2019-06-09 00:30:00+00:00,test,15.64938,537.0,13.92475,15.27138,15.192706591968381,15.212998238417219,15.586148551426131,15.193201792496854,15.552180192558259,13.789412047760983
2019-06-09 00:30:00+00:00,2019-06-09 00:45:00+00:00,test,17.500441,585.0,15.64938,16.87175,17.127374582272054,16.343900383960978,16.835340889012798,16.513484357405563,17.243213922850025,14.913270516735686
2019-06-09 00:45:00+00:00,2019-06-09 01:00:00+00:00,test,19.509001,633.0,17.500441,18.3785,19.287155958071402,18.449586975079335,18.644592659173455,18.517210222486714,18.97745011439268,15.994422784580877
2019-06-09 01:00:00+00:00,2019-06-09 01:15:00+00:00,test,21.16713,677.0,19.509001,19.869499,21.137737350973296,20.63597049382947,21.11806365822546,20.738206662968018,21.422630393122006,17.84153176071233
2019-06-09 01:15:00+00:00,2019-06-09 01:30:00+00:00,test,22.45994,717.0,21.16713,21.45413,22.33849148183594,21.930898812654647,22.536740418296233,22.268859344968885,22.91868566895733,19.254246728501364
2019-06-09 01:30:00+00:00,2019-06-09 01:45:00+00:00,test,23.855129,749.0,22.45994,22.68656,23.798674119242126,23.76956293707472,23.976794349265127,23.63071857192301,24.03527691230655,20.024067671591467
2019-06-09 01:45:00+00:00,2019-06-09 02:00:00+00:00,test,25.271749,789.0,23.855129,23.424629,24.356432132858743,24.709334786144918,24.508186140104645,24.493121855650376,25.15675968469322,20.647865337552282
2019-06-09 02:00:00+00:00,2019-06-09 02:15:00+00:00,test,26.229,818.0,25.271749,24.607189,26.415908636790373,26.968354467842843,26.898448864992236,26.602195175014966,26.834288887881996,23.256586009964927
2019-06-09 02:15:00+00:00,2019-06-09 02:30:00+00:00,test,27.06638,854.0,26.229,25.663309,26.896682236275062,26.722306105965128,26.875395856567195,26.587124281959923,27.554388979645566,23.983748800708454
2019-06-09 02:30:00+00:00,2019-06-09 02:45:00+00:00,test,27.814939000000003,878.0,27.06638,26.456498999999997,27.550144004406043,27.627882840771505,27.61069332781846,27.213206969552303,28.08551752159927,24.61023457994888
2019-06-09 02:45:00+00:00,2019-06-09 03:00:00+00:00,test,28.434,906.0,27.814939000000003,27.269381,28.23586684650262,28.534122544706335,28.219742669756982,28.216733631173096,28.54279313487737,24.432347045244676
2019-06-09 03:00:00+00:00,2019-06-09 03:15:00+00:00,test,28.89513,920.0,28.434,27.874439,28.34449232793439,28.611001088743198,28.655060932311766,28.416076498040464,29.315841295949717,26.211722741356397
2019-06-09 03:15:00+00:00,2019-06-09 03:30:00+00:00,test,29.192631,937.0,28.89513,28.3325,29.2685261031869,29.46608579221194,29.41106313070499,29.158841062484143,29.41131434137219,26.045594102392883
2019-06-09 03:30:00+00:00,2019-06-09 03:45:00+00:00,test,29.596001,953.0,29.192631,28.523251,29.47179383073552,29.420112314083614,29.54881916986437,29.098474701272533,29.399060379441806,25.67721729178325
2019-06-09 03:45:00+00:00,2019-06-09 04:00:00+00:00,test,29.610001,955.0,29.596001,28.72538,30.153799552250682,30.15270931437074,29.91180317443988,29.803616630575952,29.445456380127716,26.49230780955068
2019-06-09 04:00:00+00:00,2019-06-09 04:15:00+00:00,test,29.42713,954.0,29.610001,28.799749,30.038604548105198,29.76443655980151,30.00423884557495,29.72437649862792,29.53070987943142,26.676317764747438
2019-06-09 04:15:00+00:00,2019-06-09 04:30:00+00:00,test,29.275749,944.0,29.42713,28.762131,28.936612431770293,29.401517449735106,29.53463584697926,29.27086882145654,29.205730174990343,25.481557492608353
2019-06-09 04:30:00+00:00,2019-06-09 04:45:00+00:00,test,29.225,931.0,29.275749,28.601561,28.879234265163838,29.006783690028147,29.33543836145157,28.889767840396583,28.7525147611938,25.200113564530362
2019-06-09 04:45:00+00:00,2019-06-09 05:00:00+00:00,test,28.974751,911.0,29.225,28.18725,28.972370792369382,29.03128082340423,29.170317171447326,29.00027711137896,28.431911226029506,25.28139856715857
2019-06-09 05:00:00+00:00,2019-06-09 05:15:00+00:00,test,28.645309,892.0,28.974751,27.87138,28.3487429336997,28.401074633902653,28.396906299806126,28.477612763024567,28.067551503644204,24.5467576799765
2019-06-09 05:15:00+00:00,2019-06-09 05:30:00+00:00,test,28.315439,867.0,28.645309,27.402809,27.852096396484207,28.112332568039722,27.991607591001742,27.67610363962517,27.622235457313465,22.942878772409884
2019-06-09 05:30:00+00:00,2019-06-09 05:45:00+00:00,test,27.480690000000003,837.0,28.315439,19.209311,27.697923185662187,28.35643011659966,27.984223744327856,27.94456814820449,27.103097088943812,23.28944008270595
2019-06-09 05:45:00+00:00,2019-06-09 06:00:00+00:00,test,26.95088,806.0,27.480690000000003,25.941999,26.888172116938822,26.673250338505362,26.570013439592067,26.568564650684404,26.204572572004672,21.547944647938618
2019-06-09 06:00:00+00:00,2019-06-09 06:15:00+00:00,test,25.949869,769.0,26.95088,8.756344,25.566235465589443,25.236934375468216,25.28934535518336,25.543912052114795,25.44398943995253,20.30054263042606
2019-06-09 06:15:00+00:00,2019-06-09 06:30:00+00:00,test,25.023251,739.0,25.949869,24.763809,23.59463008517813,24.007606472992336,24.204443535544787,24.05990774120991,24.51960419136538,20.712171632802814
2019-06-09 06:30:00+00:00,2019-06-09 06:45:00+00:00,test,24.125059,707.0,25.023251,23.431629,23.089233143040776,23.295356023947402,23.332203132522846,23.600798747414935,23.64017994673705,19.54389713413355
2019-06-09 06:45:00+00:00,2019-06-09 07:00:00+00:00,test,23.05975,667.0,24.125059,5.475094,22.087890264749014,22.19359043753533,22.195250543858766,22.05930707775864,22.776082593505066,18.51521652719167
2019-06-09 07:00:00+00:00,2019-06-09 07:15:00+00:00,test,21.626499,627.0,23.05975,20.80969,21.051436330367125,21.019596612599067,21.65000500527045,21.723312925624715,21.355708470448633,16.755228007250043
2019-06-09 07:15:00+00:00,2019-06-09 07:30:00+00:00,test,20.346809,585.0,21.626499,20.021310999999997,19.199996875412285,19.548032076428505,19.86893954750031,20.102108874472048,20.21927745025661,16.037822451438124
2019-06-09 07:30:00+00:00,2019-06-09 07:45:00+00:00,test,18.963869,539.0,20.346809,5.05061,17.172453214423637,17.384464603784345,18.126354235228888,18.15578964729469,19.12335043848212,15.209763923924147
2019-06-09 07:45:00+00:00,2019-06-09 08:00:00+00:00,test,17.439619,490.0,18.963869,13.49141,15.967982573747097,15.642482096942489,16.712519015839696,16.624596806434937,17.93533053103657,14.555495185514078
2019-06-09 08:00:00+00:00,2019-06-09 08:15:00+00:00,test,15.81606,435.0,17.439619,15.41313,14.58870907847306,14.496309115364904,15.183745360843506,15.240447194613107,16.058821855674843,12.251345381050598
2019-06-09 08:15:00+00:00,2019-06-09 08:30:00+00:00,test,14.05709,378.0,15.81606,6.991579,12.710988612058063,12.678807005498511,13.387416020389953,13.198663086847041,14.674318429849627,11.381525630002375
2019-06-09 08:30:00+00:00,2019-06-09 08:45:00+00:00,test,12.23053,318.0,14.05709,3.004367,10.8256013549632,11.555873380886633,11.805008666240884,12.287377489192634,13.107479529123118,9.6097626443587
2019-06-09 08:45:00+00:00,2019-06-09 09:00:00+00:00,test,10.35803,255.0,12.23053,11.36494,9.130452693026493,9.907328415795728,10.201546030227755,10.425856590868978,11.500420026848307,7.47015671070562
2019-06-09 09:00:00+00:00,2019-06-09 09:15:00+00:00,test,8.446157000000001,207.0,10.35803,8.100532000000001,7.868821888114483,7.982683094458214,7.874632565526782,7.993990093637279,9.292123215968186,6.415443358817483
2019-06-09 09:15:00+00:00,2019-06-09 09:30:00+00:00,test,6.551782,165.0,8.446157000000001,7.624531,6.034969808010047,6.195377333988945,5.959004315482388,6.164536015144753,7.6092069309805295,5.7941507531191085
2019-06-09 09:30:00+00:00,2019-06-09 09:45:00+00:00,test,4.7565,102.0,6.551782,4.527906,4.564942456335393,4.569825269132127,4.440317665816959,4.693282152248877,6.122261542721948,5.603157333627084
2019-06-09 09:45:00+00:00,2019-06-09 10:00:00+00:00,test,3.198836,77.0,4.7565,3.402219,3.7251295867194925,3.1576468913268996,2.9288845844602873,3.0635482375450938,4.493336363242534,4.152742688991648
2019-06-09 10:00:00+00:00,2019-06-09 10:15:00+00:00,test,2.076922,73.0,3.198836,2.240875,2.3924728973310803,2.1580895611048674,2.1566681022179064,2.2643829758914236,2.4418252524547093,3.7494722588182006
2019-06-09 10:15:00+00:00,2019-06-09 10:30:00+00:00,test,1.412469,59.0,2.076922,1.577488,1.2730574069016227,1.324253229409936,1.3464319004768799,1.327422604525723,1.621600209421655,3.3329766286237326
2019-06-09 10:30:00+00:00,2019-06-09 10:45:00+00:00,test,1.084535,45.0,1.412469,1.243074,0.894325243669332,0.8838647078274284,0.920548488068061,0.8566336782238048,1.1480317095088939,2.440330324471911
2019-06-09 10:45:00+00:00,2019-06-09 11:00:00+00:00,test,0.813012,29.0,1.084535,0.902645,0.8844467870793952,0.7991144623762242,0.7782712297150699,0.7618784507429056,0.9723340969079759,1.826685452835382
2019-06-09 11:00:00+00:00,2019-06-09 11:15:00+00:00,test,0.528076,16.0,0.813012,0.507049,0.4462772884214834,0.15056315395916858,0.15204381828293154,0.16502626058158434,0.36478702384163864,0.7376671950705767
2019-06-09 11:15:00+00:00,2019-06-09 11:30:00+00:00,test,0.171514,4.0,0.528076,0.1814049999999999,0.2774597926922394,0.09662414575033607,0.09725774104382588,0.1102401833424784,0.24627976024162912,1.2662550779969504
2019-06-09 11:30:00+00:00,2019-06-09 11:45:00+00:00,test,0.0,0.0,0.171514,0.0,0.25104894027349495,0.16074207220634018,0.0,0.026643961715313982,0.10796395027092132,0.7721919244316444
2019-06-09 11:45:00+00:00,2019-06-09 12:00:00+00:00,test,0.0,0.0,0.0,0.0,0.029922302266568186,0.0,0.0,0.0,0.10004345849523677,0.33371361127787313
2019-06-09 12:00:00+00:00,2019-06-09 12:15:00+00:00,test,0.0,0.0,0.0,0.0,0.029922302266568186,0.0,0.013678416847576483,0.0,0.0,0.0
2019-06-09 12:15:00+00:00,2019-06-09 12:30:00+00:00,test,0.0,0.0,0.0,0.0,0.029922302266568186,0.0,0.017365744612332,0.0,0.04855955080916008,0.0
2019-06-09 12:30:00+00:00,2019-06-09 12:45:00+00:00,test,0.0,0.0,0.0,0.0,0.02772174774140006,0.0,0.017365744612332,0.0,0.132336628590763,0.0
2019-06-09 12:45:00+00:00,2019-06-09 13:00:00+00:00,test,0.0,0.0,0.0,0.0,0.02772174774140006,0.017504290667790683,0.00852079071166845,0.0,0.18092656581799638,0.0
2019-06-09 13:00:00+00:00,2019-06-09 13:15:00+00:00,test,0.0,0.0,0.0,0.0,0.02772174774140006,0.021591500061233615,0.024009495845934512,0.0,0.3208154208430267,0.0
2019-06-09 13:15:00+00:00,2019-06-09 13:30:00+00:00,test,0.0,0.0,0.0,0.0,0.02772174774140006,0.014593069264108147,0.024009495845934512,0.0,0.3251623543779596,0.0
2019-06-09 13:30:00+00:00,2019-06-09 13:45:00+00:00,test,0.0,0.0,0.0,0.0,0.02772174774140006,0.01655433538162939,0.024009495845934512,0.0,0.34179554319967664,0.0
2019-06-09 13:45:00+00:00,2019-06-09 14:00:00+00:00,test,0.0,0.0,0.0,0.0,0.02772174774140006,0.03126147703121387,0.027170067086852972,0.0,0.3740658812898703,0.1640513129724539
2019-06-09 14:00:00+00:00,2019-06-09 14:15:00+00:00,test,0.0,0.0,0.0,0.0,0.02772174774140006,0.02479092143526976,0.027170067086852972,0.0,0.2084616895339666,0.0795479694997221
2019-06-09 14:15:00+00:00,2019-06-09 14:30:00+00:00,test,0.0,0.0,0.0,0.0,0.02772174774140006,0.020314083794327233,0.024009495845934512,0.0,0.21966268467120909,0.0
2019-06-09 14:30:00+00:00,2019-06-09 14:45:00+00:00,test,0.0,0.0,0.0,0.0,0.02772174774140006,0.02479092143526976,0.027170067086852972,0.0,0.24195577603285034,0.12045473832383369
2019-06-09 14:45:00+00:00,2019-06-09 15:00:00+00:00,test,0.0,0.0,0.0,0.0,0.02772174774140006,0.02479092143526976,0.027170067086852972,0.0,0.24767977669966257,0.0
2019-06-09 15:00:00+00:00,2019-06-09 15:15:00+00:00,test,0.0,0.0,0.0,0.0,0.02772174774140006,0.02479092143526976,0.02555225678836149,0.0,0.0,0.0
2019-06-09 15:15:00+00:00,2019-06-09 15:30:00+00:00,test,0.0,0.0,0.0,0.0,0.02772174774140006,0.030784642947764607,0.02555225678836149,0.0,0.016565625112024307,0.0
2019-06-09 15:30:00+00:00,2019-06-09 15:45:00+00:00,test,0.0,0.0,0.0,0.0,0.02772174774140006,0.026307805306822103,0.02182822175720061,0.0,0.0,0.0
2019-06-09 15:45:00+00:00,2019-06-09 16:00:00+00:00,test,0.0,0.0,0.0,0.0,0.02772174774140006,0.030784642947764607,0.02555225678836149,0.0,0.0037011361316423574,0.0
2019-06-09 16:00:00+00:00,2019-06-09 16:15:00+00:00,test,0.0,0.0,0.0,0.0,0.02772174774140006,0.026307805306822103,0.025820639271878176,0.008529239391977307,0.0,0.0
2019-06-09 16:15:00+00:00,2019-06-09 16:30:00+00:00,test,0.0,0.0,0.0,0.0,0.02772174774140006,0.026307805306822103,0.025820639271878176,0.008529239391977307,0.0,0.0
2019-06-09 16:30:00+00:00,2019-06-09 16:45:00+00:00,test,0.0,0.0,0.0,0.0,0.03292082721228418,0.03133179648222957,0.025820639271878176,0.008529239391977307,0.0,0.0
2019-06-09 16:45:00+00:00,2019-06-09 17:00:00+00:00,test,0.0,0.0,0.0,0.0,0.03292082721228418,0.02937053036470833,0.025820639271878176,0.008529239391977307,0.0,0.0
2019-06-09 17:00:00+00:00,2019-06-09 17:15:00+00:00,test,0.0,0.0,0.0,0.0,0.03292082721228418,0.02937053036470833,0.025820639271878176,0.008529239391977307,0.0,0.0
2019-06-09 17:15:00+00:00,2019-06-09 17:30:00+00:00,test,0.0,0.0,0.0,0.0,0.035546791945352166,0.02937053036470833,0.025820639271878176,0.008529239391977307,0.0,0.0
2019-06-09 17:30:00+00:00,2019-06-09 17:45:00+00:00,test,0.0,0.0,0.0,0.0,0.035546791945352166,0.03133179648222957,0.025820639271878176,0.008529239391977307,0.01423201173976274,0.0
2019-06-09 17:45:00+00:00,2019-06-09 18:00:00+00:00,test,0.0,0.0,0.0,0.0,0.035546791945352166,0.03384736800565084,0.02790353965681581,0.016076704901514714,0.04237504385069979,0.0
2019-06-09 18:00:00+00:00,2019-06-09 18:15:00+00:00,test,0.0,0.0,0.0,0.0,0.035546791945352166,0.02937053036470833,0.025820639271878176,0.008529239391977307,0.12804068863894624,0.0
2019-06-09 18:15:00+00:00,2019-06-09 18:30:00+00:00,test,0.0,0.0,0.0,0.0,0.035546791945352166,0.02937053036470833,0.025820639271878176,0.008529239391977307,0.14220803776055568,0.0
2019-06-09 18:30:00+00:00,2019-06-09 18:45:00+00:00,test,0.0,0.0,0.0,0.0,0.03659106976868172,0.03384736800565084,0.029544674303039063,0.016076704901514714,0.16615846891617636,0.286637771648353
2019-06-09 18:45:00+00:00,2019-06-09 19:00:00+00:00,test,0.0,0.0,0.0,0.0,0.03659106976868172,0.03384736800565084,0.029544674303039063,0.016076704901514714,0.22714184409437266,0.5972621993696006
2019-06-09 19:00:00+00:00,2019-06-09 19:15:00+00:00,test,0.0,0.0,0.0,0.0,0.03659106976868172,0.02937053036470833,0.025820639271878176,0.008529239391977307,0.24593715025246699,0.38632068270140785
2019-06-09 19:15:00+00:00,2019-06-09 19:30:00+00:00,test,0.0,0.0,0.0,0.0,0.03659106976868172,0.02937053036470833,0.025820639271878176,0.008529239391977307,0.2959100904005565,0.12113342595411947
2019-06-09 19:30:00+00:00,2019-06-09 19:45:00+00:00,test,0.0,0.0,0.0,0.0,0.03659106976868172,0.02937053036470833,0.025820639271878176,0.008529239391977307,0.30604989211097067,0.38556255462604394
2019-06-09 19:45:00+00:00,2019-06-09 20:00:00+00:00,test,0.0,0.0,0.0,0.0,0.03659106976868172,0.033589647141170624,0.025820639271878176,0.008529239391977307,0.36583829039268245,0.0009332424282995078
2019-06-09 20:00:00+00:00,2019-06-09 20:15:00+00:00,test,0.0,0.0,0.0,0.0,0.03659106976868172,0.03384736800565084,0.029544674303039063,0.016076704901514714,0.33205781878693497,0.5551425371320766
2019-06-09 20:15:00+00:00,2019-06-09 20:30:00+00:00,test,0.0,0.0,0.0,0.0,0.03659106976868172,0.050187129235569554,0.04229682769589823,0.0260643566576892,0.48564795540622274,0.9062001314030601
2019-06-09 20:30:00+00:00,2019-06-09 20:45:00+00:00,test,0.0,0.0,0.0,0.0,0.03659106976868172,0.040845798802776306,0.029544674303039063,0.016076704901514714,0.599465358002135,0.9171966533507874
2019-06-09 20:45:00+00:00,2019-06-09 21:00:00+00:00,test,0.0,1.0,0.0,0.000107,0.03659106976868172,0.040845798802776306,0.029544674303039063,0.016076704901514714,0.6757261485848298,1.1389150812490456
2019-06-09 21:00:00+00:00,2019-06-09 21:15:00+00:00,test,0.245574,10.0,0.0,0.1809339999999999,0.03659106976868172,0.040845798802776306,0.029544674303039063,0.016076704901514714,0.6638776600067366,1.356334725002112
2019-06-09 21:15:00+00:00,2019-06-09 21:30:00+00:00,test,0.492338,20.0,0.245574,0.520967,0.31077201306207475,0.2751951154604448,0.26421418044148903,0.303423132429413,0.8815005123723907,1.6542844452726007
2019-06-09 21:30:00+00:00,2019-06-09 21:45:00+00:00,test,0.9275,42.0,0.492338,0.817523,0.4467231162218022,0.6241489368359218,0.54611599434933,0.5767167176632602,1.1303205782770513,2.1774916434699776
2019-06-09 21:45:00+00:00,2019-06-09 22:00:00+00:00,test,1.422777,64.0,0.9275,1.056891,0.8952632781146015,1.0626893572141178,1.0565069810215786,1.0919007062793664,1.5755418656668558,2.1286476707917092
2019-06-09 22:00:00+00:00,2019-06-09 22:15:00+00:00,test,1.884258,80.0,1.422777,1.321523,1.6149865846411873,1.782098647991457,1.72299499871873,1.6747858139508607,2.434958600810064,3.2686222907240303
2019-06-09 22:15:00+00:00,2019-06-09 22:30:00+00:00,test,2.4266490000000003,112.0,1.884258,1.828422,2.4694876309881817,2.389623536736701,2.429141604944455,2.4219830499821824,2.8935399757388742,3.7556696995577425
2019-06-09 22:30:00+00:00,2019-06-09 22:45:00+00:00,test,3.4460230000000003,161.0,2.4266490000000003,2.804922,2.8179752815610812,2.9778566147639522,3.0928458500777447,3.145159021788137,3.45974679991548,4.972821446713139
2019-06-09 22:45:00+00:00,2019-06-09 23:00:00+00:00,test,4.795656,188.0,3.4460230000000003,4.305766,4.506273126013201,4.585870652634671,4.648550318862129,4.666532806617342,4.386188689699448,5.887111093793893
2019-06-09 23:00:00+00:00,2019-06-09 23:15:00+00:00,test,6.684235,251.0,4.795656,6.054344,6.136717455493776,5.913741682689822,6.037233967520931,6.006058202639247,6.1794442515043935,7.839160541026031
2019-06-09 23:15:00+00:00,2019-06-09 23:30:00+00:00,test,8.479626,316.0,6.684235,7.919406,8.334814592759756,8.225182480318498,7.951531624653727,7.977087084575322,7.8525871117835,9.33439679214635
2019-06-09 23:30:00+00:00,2019-06-09 23:45:00+00:00,test,10.80647,388.0,8.479626,10.05813,10.244265890110636,10.05020698155308,10.16971705721763,9.987666073789791,9.558873235961865,11.473985749085461
2019-06-09 23:45:00+00:00,2019-06-10 00:00:00+00:00,test,12.82597,449.0,10.80647,12.08638,12.540396184152716,12.75937073429359,12.780985999460468,12.754066619654552,11.711652126384575,12.885796226252529
2019-06-10 00:00:00+00:00,2019-06-10 00:15:00+00:00,test,14.48956,498.0,12.82597,13.92475,14.57173213160869,14.403142961829174,14.70993482212118,14.47027592425126,14.394843976383253,15.16407406837785
2019-06-10 00:15:00+00:00,2019-06-10 00:30:00+00:00,test,15.61525,528.0,14.48956,15.64938,15.832332198428178,15.548121331719646,15.734173246592198,15.423891741373883,15.963724516899068,14.885520642913466
2019-06-10 00:30:00+00:00,2019-06-10 00:45:00+00:00,test,13.73006,524.0,15.61525,17.500441,17.084006984087416,16.472891874654074,16.855170832259873,16.51572572073154,17.11775149238028,16.4072709086813
2019-06-10 00:45:00+00:00,2019-06-10 01:00:00+00:00,test,14.33491,427.0,13.73006,19.509001,15.791999948389494,15.699914773821941,15.738163099066366,15.694387789452488,15.96542090276228,15.647297764073299
2019-06-10 01:00:00+00:00,2019-06-10 01:15:00+00:00,test,19.386499,638.0,14.33491,21.16713,16.23276022408336,16.278864039026036,16.16406345196909,15.796699354116724,16.340591146732507,15.534520933350676
2019-06-10 01:15:00+00:00,2019-06-10 01:30:00+00:00,test,19.661249,650.0,19.386499,22.45994,21.98354420140789,21.076606655949114,21.227685842037825,20.656009028976563,20.254989077934574,19.14720647372811
2019-06-10 01:30:00+00:00,2019-06-10 01:45:00+00:00,test,22.57675,732.0,19.661249,23.855129,20.200029501007,20.760891751862772,20.60695085853633,20.71147084474949,21.083594933570176,19.624201043789892
2019-06-10 01:45:00+00:00,2019-06-10 02:00:00+00:00,test,23.87394,777.0,22.57675,25.271749,23.42215518580166,23.522630854312485,23.364423034142522,23.35055208090028,23.120443986379577,20.925412721893053
2019-06-10 02:00:00+00:00,2019-06-10 02:15:00+00:00,test,24.359131,799.0,23.87394,26.229,23.469349978419157,23.707459142784636,23.809508557193166,24.113593204435592,24.986947760603,22.223135817303195
2019-06-10 02:15:00+00:00,2019-06-10 02:30:00+00:00,test,26.00588,849.0,24.359131,27.06638,24.676027652478098,24.9270256474796,24.695334909636653,25.052928284104674,25.86105773363812,21.959094295122817
2019-06-10 02:30:00+00:00,2019-06-10 02:45:00+00:00,test,25.88294,820.0,26.00588,27.814939000000003,26.285262733595086,26.474433344689945,26.20357880761466,26.379696555224047,26.87626136122592,22.84927357736602
2019-06-10 02:45:00+00:00,2019-06-10 03:00:00+00:00,test,25.446751000000003,823.0,25.88294,28.434,26.29912612107142,26.432667016285016,26.33749494188401,26.525056615847227,26.565175306486154,22.562723941059232
2019-06-10 03:00:00+00:00,2019-06-10 03:15:00+00:00,test,21.64138,753.0,25.446751000000003,28.89513,26.063698045550943,26.492058490281195,26.213068726297543,26.470670092019258,26.61710214147852,24.233319063552365
2019-06-10 03:15:00+00:00,2019-06-10 03:30:00+00:00,test,28.268628999999997,940.0,21.64138,29.192631,23.175411157221653,24.316185496142626,24.050704005332296,24.15924442017229,23.1724098172907,22.112053984566934
2019-06-10 03:30:00+00:00,2019-06-10 03:45:00+00:00,test,18.306310999999997,625.0,28.268628999999997,29.596001,26.43386421960895,25.941755102333886,25.772920748371302,25.932658839765942,27.502722446784162,27.03269447412294
2019-06-10 03:45:00+00:00,2019-06-10 04:00:00+00:00,test,9.974782,309.0,18.306310999999997,29.610001,20.32634973922142,21.325642866096825,20.365400952982252,20.779824769834523,20.575374096423833,19.690966603643346
2019-06-10 04:00:00+00:00,2019-06-10 04:15:00+00:00,test,14.26447,489.0,9.974782,29.42713,11.373659820974694,11.343448944328948,12.589408582907073,13.279744495765867,12.832357463585197,12.0650327785855
2019-06-10 04:15:00+00:00,2019-06-10 04:30:00+00:00,test,13.07906,465.0,14.26447,29.275749,14.295337800738968,16.162969922877583,15.905576464916608,16.26893025286215,14.525873162733195,14.954274724146028
2019-06-10 04:30:00+00:00,2019-06-10 04:45:00+00:00,test,28.848749,946.0,13.07906,29.225,15.009858441055828,16.493962566784123,16.76233845084392,16.933712614432373,14.61774951866942,13.063395558481066
2019-06-10 04:45:00+00:00,2019-06-10 05:00:00+00:00,test,24.857,738.0,28.848749,28.974751,23.149440731801736,24.296717604374795,24.234081816710578,23.644759989849206,26.181410817575184,23.845554998325426
2019-06-10 05:00:00+00:00,2019-06-10 05:15:00+00:00,test,26.606119,836.0,24.857,28.645309,23.95362851818653,25.101357275301794,25.477544973716206,25.512935045883694,23.796138440205233,22.113020858903432
2019-06-10 05:15:00+00:00,2019-06-10 05:30:00+00:00,test,24.98081,808.0,26.606119,28.315439,25.878050865261354,25.88754927874283,26.3419075037699,26.0807058667583,26.199110292161635,21.85681417425028
2019-06-10 05:30:00+00:00,2019-06-10 05:45:00+00:00,test,27.68194,863.0,24.98081,27.480690000000003,22.80524037868161,23.590067348785045,24.455001335194474,24.673247387711523,24.890053804117095,20.387667189280727
2019-06-10 05:45:00+00:00,2019-06-10 06:00:00+00:00,test,25.04644,747.0,27.68194,26.95088,24.80036685569115,26.19293453612176,26.101054030767273,25.82820983643771,27.20944395190702,23.968039910103343
2019-06-10 06:00:00+00:00,2019-06-10 06:15:00+00:00,test,25.61869,774.0,25.04644,25.949869,23.22777469209968,24.988331467927033,25.20670247173978,25.149668345466807,26.184390255165155,21.525077437980272
2019-06-10 06:15:00+00:00,2019-06-10 06:30:00+00:00,test,24.592751,736.0,25.61869,25.023251,23.016385847376032,24.35205335396391,24.442161539529927,24.058244224598845,24.585696401639957,20.278503483766094
2019-06-10 06:30:00+00:00,2019-06-10 06:45:00+00:00,test,17.407249,479.0,24.592751,24.125059,21.19956373002094,22.159132378420235,22.356299456631785,22.528739371645752,24.76201228550113,21.928049459812563
2019-06-10 06:45:00+00:00,2019-06-10 07:00:00+00:00,test,16.6565,421.0,17.407249,23.05975,17.052436638733912,18.11242616717002,18.25736744802,17.52078303128678,18.778214602334835,16.87330115714184
2019-06-10 07:00:00+00:00,2019-06-10 07:15:00+00:00,test,21.697809,644.0,16.6565,21.626499,15.222758850433532,14.293999671909202,15.186106135193132,15.72709288962687,16.82689903497783,14.487195422408433
2019-06-10 07:15:00+00:00,2019-06-10 07:30:00+00:00,test,20.05456,582.0,21.697809,20.346809,19.243162663806295,19.202932349204694,19.32994761733724,19.28044536838251,20.30751473838005,16.751089983995477
2019-06-10 07:30:00+00:00,2019-06-10 07:45:00+00:00,test,18.418751,538.0,20.05456,18.963869,15.53226019104869,15.656615965447944,16.22521551197114,16.372513872074904,19.360351538532854,15.026735761918829
2019-06-10 07:45:00+00:00,2019-06-10 08:00:00+00:00,test,16.902379999999997,483.0,18.418751,17.439619,14.330031363616207,14.66531261006764,15.036688770400497,15.311203954600645,18.38093847668322,14.041585919711247
2019-06-10 08:00:00+00:00,2019-06-10 08:15:00+00:00,test,15.24644,429.0,16.902379999999997,15.81606,13.061305467253217,13.402567064927323,13.425378416971425,13.934690872444628,15.687852292581928,12.816420079400778
2019-06-10 08:15:00+00:00,2019-06-10 08:30:00+00:00,test,13.45969,367.0,15.24644,14.05709,11.991523503861591,11.777446036433984,11.830359496608295,12.327068644397041,15.900124712847921,11.202993920476922
2019-06-10 08:30:00+00:00,2019-06-10 08:45:00+00:00,test,11.68541,314.0,13.45969,12.23053,10.200980575949927,10.778804865797905,10.624254651736827,10.831075836372449,12.631788750247104,9.009831614858907
2019-06-10 08:45:00+00:00,2019-06-10 09:00:00+00:00,test,9.947438,254.0,11.68541,10.35803,8.880107709914746,8.804015566839018,8.631980729707946,8.487817656499367,11.346360292594776,8.682787801919424
2019-06-10 09:00:00+00:00,2019-06-10 09:15:00+00:00,test,8.124594,207.0,9.947438,8.446157000000001,7.799264831132677,7.526725829021725,7.2592349616834095,7.431983383430568,8.98263014268322,6.5368655538489
2019-06-10 09:15:00+00:00,2019-06-10 09:30:00+00:00,test,0.0,165.0,8.124594,6.551782,5.82063609907916,5.523238647059966,5.296124015800253,5.510694457404362,7.411607812760439,5.259251618707152
2019-06-10 09:30:00+00:00,2019-06-10 09:45:00+00:00,test,0.0,100.0,0.0,4.7565,0.4575855866439802,1.6360360039615018,2.295364479743635,2.4439622160837966,1.653408339460138,2.3814650809395976
2019-06-10 09:45:00+00:00,2019-06-10 10:00:00+00:00,test,0.0,82.0,0.0,3.198836,0.08805917181698882,0.6423473891161549,1.4952385920174485,1.5792577322090364,0.853026588912126,1.180861697735553
2019-06-10 10:00:00+00:00,2019-06-10 10:15:00+00:00,test,0.0,73.0,0.0,2.076922,0.05627795907704673,0.6729381544092559,0.7021906184672662,0.9118269987265271,0.0,0.5625086048873635
2019-06-10 10:15:00+00:00,2019-06-10 10:30:00+00:00,test,0.0,61.0,0.0,1.412469,0.05627795907704673,0.6423473891161549,0.652088292319077,0.9774552811654436,0.0,1.1346070020661285
2019-06-10 10:30:00+00:00,2019-06-10 10:45:00+00:00,test,0.0,46.0,0.0,1.084535,0.021887389557401077,0.5815864537887631,0.5941217741615364,0.7475129516710262,0.0,2.962530687871203
2019-06-10 10:45:00+00:00,2019-06-10 11:00:00+00:00,test,0.0,30.0,0.0,0.813012,0.021887389557401077,0.5835796089177518,0.48241305125549383,0.6094788005523925,0.2873183344920225,0.7867378073091409
2019-06-10 11:00:00+00:00,2019-06-10 11:15:00+00:00,test,0.0,18.0,0.0,0.528076,0.021887389557401077,0.2020012519698987,0.15750876314839454,0.16083239834325858,0.020102762994112844,0.80358022488495
2019-06-10 11:15:00+00:00,2019-06-10 11:30:00+00:00,test,0.0,7.0,0.0,0.171514,0.0264372102404955,0.0,0.0,0.0,0.0,1.5574879342335715
2019-06-10 11:30:00+00:00,2019-06-10 11:45:00+00:00,test,0.0,0.0,0.0,0.0,0.029922302266568186,0.0,0.0,0.0,0.21104944914614343,0.8163059884116501
2019-06-10 11:45:00+00:00,2019-06-10 12:00:00+00:00,test,0.0,0.0,0.0,0.0,0.029922302266568186,0.0,0.0,0.0,0.37895219341914377,0.3058774886514355
2019-06-10 12:00:00+00:00,2019-06-10 12:15:00+00:00,test,0.0,0.0,0.0,0.0,0.029922302266568186,0.0,0.0,0.0,0.0,0.0
2019-06-10 12:15:00+00:00,2019-06-10 12:30:00+00:00,test,0.0,0.0,0.0,0.0,0.029922302266568186,0.0,0.0,0.0,0.3209629393357831,0.0
2019-06-10 12:30:00+00:00,2019-06-10 12:45:00+00:00,test,0.0,0.0,0.0,0.0,0.02772174774140006,0.0,0.0,0.0,0.2809766334732524,0.0
2019-06-10 12:45:00+00:00,2019-06-10 13:00:00+00:00,test,0.0,0.0,0.0,0.0,0.02772174774140006,0.0,0.0,0.0,0.3650728435819621,0.0
2019-06-10 13:00:00+00:00,2019-06-10 13:15:00+00:00,test,0.0,0.0,0.0,0.0,0.02772174774140006,0.0,0.0,0.0,0.13267516232068832,0.0
2019-06-10 13:15:00+00:00,2019-06-10 13:30:00+00:00,test,0.0,0.0,0.0,0.0,0.02772174774140006,0.0,0.05011484307888681,0.000680040283099222,0.4463873725968961,0.0
2019-06-10 13:30:00+00:00,2019-06-10 13:45:00+00:00,test,0.0,0.0,0.0,0.0,0.02772174774140006,0.0,0.05011484307888681,0.000680040283099222,0.407655469636099,0.0
2019-06-10 13:45:00+00:00,2019-06-10 14:00:00+00:00,test,0.0,0.0,0.0,0.0,0.02772174774140006,0.0,0.03285444974659811,0.0,0.3050717606026492,0.01632129519196024
2019-06-10 14:00:00+00:00,2019-06-10 14:15:00+00:00,test,0.0,0.0,0.0,0.0,0.02772174774140006,0.0,0.0306731756578642,0.0,0.20834641350088834,0.0
2019-06-10 14:15:00+00:00,2019-06-10 14:30:00+00:00,test,0.0,0.0,0.0,0.0,0.02772174774140006,0.0,0.0306731756578642,0.0,0.18958824685456044,0.0
2019-06-10 14:30:00+00:00,2019-06-10 14:45:00+00:00,test,0.0,0.0,0.0,0.0,0.02772174774140006,0.0,0.0306731756578642,0.0,0.1736827074859182,0.0
2019-06-10 14:45:00+00:00,2019-06-10 15:00:00+00:00,test,0.0,0.0,0.0,0.0,0.02772174774140006,0.0,0.0306731756578642,0.0,0.15192273338968754,0.0
2019-06-10 15:00:00+00:00,2019-06-10 15:15:00+00:00,test,0.0,0.0,0.0,0.0,0.02772174774140006,0.020314083794327233,0.02182822175720061,0.0,0.021973144281211,0.0
2019-06-10 15:15:00+00:00,2019-06-10 15:30:00+00:00,test,0.0,0.0,0.0,0.0,0.02772174774140006,0.026307805306822103,0.02182822175720061,0.0,0.011875504319591279,0.0
2019-06-10 15:30:00+00:00,2019-06-10 15:45:00+00:00,test,0.0,0.0,0.0,0.0,0.02772174774140006,0.026307805306822103,0.02182822175720061,0.0,0.0,0.0
2019-06-10 15:45:00+00:00,2019-06-10 16:00:00+00:00,test,0.0,0.0,0.0,0.0,0.02772174774140006,0.04712440417768333,0.040349663797304446,0.0,0.08458314610709294,0.2678878903771347
2019-06-10 16:00:00+00:00,2019-06-10 16:15:00+00:00,test,0.0,0.0,0.0,0.0,0.02772174774140006,0.026307805306822103,0.025820639271878176,0.0,0.0,0.0
2019-06-10 16:15:00+00:00,2019-06-10 16:30:00+00:00,test,0.0,0.0,0.0,0.0,0.02772174774140006,0.026307805306822103,0.025820639271878176,0.0,0.005275015785020543,0.0
2019-06-10 16:30:00+00:00,2019-06-10 16:45:00+00:00,test,0.0,0.0,0.0,0.0,0.03292082721228418,0.02937053036470833,0.025820639271878176,0.0,0.023424270612929732,0.0
2019-06-10 16:45:00+00:00,2019-06-10 17:00:00+00:00,test,0.0,0.0,0.0,0.0,0.03292082721228418,0.02937053036470833,0.025820639271878176,0.0,0.0008152179612501698,0.0
2019-06-10 17:00:00+00:00,2019-06-10 17:15:00+00:00,test,0.0,0.0,0.0,0.0,0.03292082721228418,0.02937053036470833,0.025820639271878176,0.0,0.0,0.0
2019-06-10 17:15:00+00:00,2019-06-10 17:30:00+00:00,test,0.0,0.0,0.0,0.0,0.035546791945352166,0.02937053036470833,0.025820639271878176,0.0,0.012309689308133365,0.0
2019-06-10 17:30:00+00:00,2019-06-10 17:45:00+00:00,test,0.0,0.0,0.0,0.0,0.035546791945352166,0.02937053036470833,0.025820639271878176,0.0,0.05797760298459487,0.0
2019-06-10 17:45:00+00:00,2019-06-10 18:00:00+00:00,test,0.0,0.0,0.0,0.0,0.035546791945352166,0.03384736800565084,0.029544674303039063,0.0,0.08430096806990672,0.0
2019-06-10 18:00:00+00:00,2019-06-10 18:15:00+00:00,test,0.0,0.0,0.0,0.0,0.035546791945352166,0.03251949754893524,0.025820639271878176,0.006674570002224023,0.16988094774999674,0.0
2019-06-10 18:15:00+00:00,2019-06-10 18:30:00+00:00,test,0.0,0.0,0.0,0.0,0.035546791945352166,0.02937053036470833,0.025820639271878176,0.00424593541211925,0.20362554591091353,0.0
2019-06-10 18:30:00+00:00,2019-06-10 18:45:00+00:00,test,0.0,0.0,0.0,0.0,0.03659106976868172,0.02937053036470833,0.025820639271878176,0.00424593541211925,0.23267533226085302,0.0
2019-06-10 18:45:00+00:00,2019-06-10 19:00:00+00:00,test,0.0,0.0,0.0,0.0,0.03659106976868172,0.03251949754893524,0.025820639271878176,0.011793400921656648,0.30552488166319236,0.0
2019-06-10 19:00:00+00:00,2019-06-10 19:15:00+00:00,test,0.0,0.0,0.0,0.0,0.03659106976868172,0.02937053036470833,0.025820639271878176,0.01391918630993866,0.4157112905955369,0.0
2019-06-10 19:15:00+00:00,2019-06-10 19:30:00+00:00,test,0.0,0.0,0.0,0.0,0.03659106976868172,0.02937053036470833,0.025820639271878176,0.01391918630993866,0.4584073104257911,0.0
2019-06-10 19:30:00+00:00,2019-06-10 19:45:00+00:00,test,0.0,0.0,0.0,0.0,0.03659106976868172,0.03251949754893524,0.025820639271878176,0.016347820900043438,0.48045110771083,0.35295239846229975
2019-06-10 19:45:00+00:00,2019-06-10 20:00:00+00:00,test,0.0,0.0,0.0,0.0,0.03659106976868172,0.03251949754893524,0.025820639271878176,0.016347820900043438,0.5428005509957536,0.2283082542392476
2019-06-10 20:00:00+00:00,2019-06-10 20:15:00+00:00,test,0.0,0.0,0.0,0.0,0.03659106976868172,0.02937053036470833,0.025820639271878176,0.01391918630993866,0.6295902239797524,0.0
2019-06-10 20:15:00+00:00,2019-06-10 20:30:00+00:00,test,0.0,0.0,0.0,0.0,0.03659106976868172,0.02937053036470833,0.025820639271878176,0.01391918630993866,0.6274668598948479,1.2735313497840632
2019-06-10 20:30:00+00:00,2019-06-10 20:45:00+00:00,test,0.0,0.0,0.0,0.0,0.03659106976868172,0.03384736800565084,0.029544674303039063,0.021466651819476067,0.67810009490419,2.3576896329439183
2019-06-10 20:45:00+00:00,2019-06-10 21:00:00+00:00,test,0.000767,0.0,0.0,0.0,0.03659106976868172,0.03384736800565084,0.029544674303039063,0.021466651819476067,0.7497449001223764,2.741235962502495
2019-06-10 21:00:00+00:00,2019-06-10 21:15:00+00:00,test,0.216501,8.0,0.000767,0.245574,0.03659106976868172,0.03384736800565084,0.029544674303039063,0.011793400921656648,0.8602501119278765,2.6151935606372225
2019-06-10 21:15:00+00:00,2019-06-10 21:30:00+00:00,test,0.568709,21.0,0.216501,0.492338,0.31077201306207475,0.2681966846633193,0.3292860868642582,0.2327416295965023,1.060742509932684,2.75622636835193
2019-06-10 21:30:00+00:00,2019-06-10 21:45:00+00:00,test,0.950633,37.0,0.568709,0.9275,0.591006366703928,0.6741125694691379,0.6772157892150712,0.5768561052171788,1.4079296132361403,3.1290254220364893
2019-06-10 21:45:00+00:00,2019-06-10 22:00:00+00:00,test,1.359996,55.0,0.950633,1.422777,0.8952632781146015,0.8586447080787699,0.9245326691061251,0.8241729851082329,1.7716362571346513,3.354005583020221
2019-06-10 22:00:00+00:00,2019-06-10 22:15:00+00:00,test,1.729055,70.0,1.359996,1.884258,1.6051081280512502,1.6837485165738388,1.6506345002528156,1.5519876280777816,2.5210747339658734,3.4435248827682505
2019-06-10 22:15:00+00:00,2019-06-10 22:30:00+00:00,test,2.287906,100.0,1.729055,2.4266490000000003,2.3311299798252825,2.2024460751176056,2.2267768751982486,2.172904133138747,2.928140652089947,3.3615258366481315
2019-06-10 22:30:00+00:00,2019-06-10 22:45:00+00:00,test,3.131516,133.0,2.287906,3.4460230000000003,2.6233313004578114,2.6740622468211077,2.6067544731287904,2.6075760384844324,3.5081023516674836,5.216902337353915
2019-06-10 22:45:00+00:00,2019-06-10 23:00:00+00:00,test,4.304563,168.0,3.131516,4.795656,4.384521781907391,4.27380223766302,4.351864835075388,4.3701764927956335,4.248405593901326,5.317757147496641
2019-06-10 23:00:00+00:00,2019-06-10 23:15:00+00:00,test,5.685641,216.0,4.304563,6.684235,5.701839342323356,5.564864086838047,5.75566930381445,5.678973260892325,5.8225743521544615,6.902139182247373
2019-06-10 23:15:00+00:00,2019-06-10 23:30:00+00:00,test,7.223125,271.0,5.685641,8.479626,7.090716760273451,6.713394885050995,6.528926114909802,6.414302601196747,7.036188230750787,7.810975089148823
2019-06-10 23:30:00+00:00,2019-06-10 23:45:00+00:00,test,8.865938,328.0,7.223125,10.80647,8.342066065673189,8.154481538781173,8.290431805642717,8.019272349570185,8.455400288596413,7.7281954055694175
2019-06-10 23:45:00+00:00,2019-06-11 00:00:00+00:00,test,9.849656,380.0,8.865938,12.82597,10.294535361546243,10.029849315272964,10.424448564143058,10.121338250260338,10.045941070560271,8.558512640659718
2019-06-11 00:00:00+00:00,2019-06-11 00:15:00+00:00,test,12.39766,433.0,9.849656,14.48956,11.054256942281969,11.473683600217036,11.210245936284016,11.147877578041063,11.810026822381218,11.788572126434616
2019-06-11 00:15:00+00:00,2019-06-11 00:30:00+00:00,test,13.96784,484.0,12.39766,15.61525,12.763912811694963,13.320652075984322,13.438734301250722,13.206031436946144,13.843404726284016,14.051954668435474
2019-06-11 00:30:00+00:00,2019-06-11 00:45:00+00:00,test,15.33569,508.0,13.96784,13.73006,15.842212720449188,15.361237106032123,15.461024197163718,15.275600542091464,15.469084615439117,14.368085899653227
2019-06-11 00:45:00+00:00,2019-06-11 01:00:00+00:00,test,16.84594,554.0,15.33569,14.33491,16.88318266765338,16.004629197327812,16.192841357083736,15.852854623977509,16.72907183914591,15.81773755043336
2019-06-11 01:00:00+00:00,2019-06-11 01:15:00+00:00,test,18.127371,591.0,16.84594,19.386499,19.150977901745076,18.89800283751267,19.203829971508583,18.341040239138643,18.643875548548966,17.21515125319192
2019-06-11 01:15:00+00:00,2019-06-11 01:30:00+00:00,test,19.3515,633.0,18.127371,19.661249,19.499645713664002,19.729988783907523,19.919841050929996,19.44653639314942,19.840938231902022,19.89533737310402
2019-06-11 01:30:00+00:00,2019-06-11 01:45:00+00:00,test,20.681061,664.0,19.3515,22.57675,19.884301405726134,20.07292159013954,20.2880394258279,19.86292846787299,20.870224760066677,18.839795095287176
2019-06-11 01:45:00+00:00,2019-06-11 02:00:00+00:00,test,21.65056,705.0,20.681061,23.87394,22.04319869427369,22.601322712189262,22.469292561546332,22.4672622624321,21.82700284111361,20.25075012455404
2019-06-11 02:00:00+00:00,2019-06-11 02:15:00+00:00,test,22.729879,737.0,21.65056,24.359131,22.517961164142307,22.439852519883082,22.795793925605505,22.814103598722667,23.438079501666444,22.21452192338844
2019-06-11 02:15:00+00:00,2019-06-11 02:30:00+00:00,test,23.431629,763.0,22.729879,26.00588,23.791314589581912,23.975985638318207,24.25512780097659,24.548495859156,24.216074447681777,24.030992440470264
2019-06-11 02:30:00+00:00,2019-06-11 02:45:00+00:00,test,24.16531,790.0,23.431629,25.88294,24.303910751100553,24.21364980323626,24.88799370798656,24.82180154379053,24.64396630661267,23.287158377006698
2019-06-11 02:45:00+00:00,2019-06-11 03:00:00+00:00,test,25.060869,824.0,24.16531,25.446751000000003,24.664653440035735,24.532523616988232,25.012235446499194,24.848684504904497,25.196188743417174,22.30263900894196
2019-06-11 03:00:00+00:00,2019-06-11 03:15:00+00:00,test,25.511499,841.0,25.060869,21.64138,25.619003902039907,25.656657604385853,25.901413334231403,25.716412329971213,26.13873214027072,24.37352670331805
2019-06-11 03:15:00+00:00,2019-06-11 03:30:00+00:00,test,25.91794,852.0,25.511499,28.268628999999997,25.917138928622876,25.99840249188153,26.255389799608444,26.088105400412207,26.3615217346213,24.400083339729314
2019-06-11 03:30:00+00:00,2019-06-11 03:45:00+00:00,test,26.11306,861.0,25.91794,18.306310999999997,26.274323766723356,26.197884522340562,26.318908650180326,26.136667132935404,26.411890023979517,22.563882410565547
2019-06-11 03:45:00+00:00,2019-06-11 04:00:00+00:00,test,26.651190000000003,879.0,26.11306,9.974782,26.3290384183482,26.755150513780567,26.776967895086344,26.689939534753847,26.435873346863396,21.988567307716572
2019-06-11 04:00:00+00:00,2019-06-11 04:15:00+00:00,test,26.325251,859.0,26.651190000000003,14.26447,26.34651210957236,27.107015609420593,27.276614928860187,26.59349311408433,26.85224433718254,22.723604262536746
2019-06-11 04:15:00+00:00,2019-06-11 04:30:00+00:00,test,26.70063,875.0,26.325251,13.07906,25.59528909818864,25.729077270125206,26.051199280523917,25.764487269194156,26.379556169788472,23.483679784403606
2019-06-11 04:30:00+00:00,2019-06-11 04:45:00+00:00,test,26.141939,833.0,26.70063,28.848749,25.917580882710947,26.359007379002517,26.748362402946775,25.908588050936,26.506590116284777,23.85074379266252
2019-06-11 04:45:00+00:00,2019-06-11 05:00:00+00:00,test,26.14588,840.0,26.141939,24.857,25.59225055063983,25.626997848708772,25.94689700131606,25.032374626643193,25.83480995648089,22.559243618354152
2019-06-11 05:00:00+00:00,2019-06-11 05:15:00+00:00,test,25.56531,811.0,26.14588,26.606119,25.25855981309699,25.757569371820573,26.03549984914139,25.37024820219361,25.62604854458855,22.04054938145164
2019-06-11 05:15:00+00:00,2019-06-11 05:30:00+00:00,test,25.38113,789.0,25.56531,24.98081,25.316924438537377,25.444113626139956,25.518189851099326,24.886359848193,24.951105239114476,22.386580274312742
2019-06-11 05:30:00+00:00,2019-06-11 05:45:00+00:00,test,24.538059,746.0,25.38113,27.68194,24.69760766152403,25.115614336234035,25.47024760827491,24.465563949106897,24.52835225307537,21.33700164570926
2019-06-11 05:45:00+00:00,2019-06-11 06:00:00+00:00,test,23.83806,726.0,24.538059,25.04644,23.27124726320964,23.67429377169222,24.053066470651594,23.169720820616764,23.65003088217116,19.928681471392835
2019-06-11 06:00:00+00:00,2019-06-11 06:15:00+00:00,test,23.24831,706.0,23.83806,25.61869,21.80112367505264,22.36047987035675,22.875027307947988,22.119025268150214,22.560709996161947,19.077964133808493
2019-06-11 06:15:00+00:00,2019-06-11 06:30:00+00:00,test,21.999689,665.0,23.24831,24.592751,21.115088933486945,21.467365260449707,22.250877206427933,21.31204618113437,21.950466245107933,18.51154294217211
2019-06-11 06:30:00+00:00,2019-06-11 06:45:00+00:00,test,20.71081,629.0,21.999689,17.407249,19.391182516295586,19.7605064302531,20.473833061272728,19.874323173740862,20.8874444221755,16.77072808731554
2019-06-11 06:45:00+00:00,2019-06-11 07:00:00+00:00,test,19.795561,583.0,20.71081,16.6565,18.284902390196645,18.32800160880501,19.41214455609325,19.026353313958204,19.707837100780438,16.259128687952902
2019-06-11 07:00:00+00:00,2019-06-11 07:15:00+00:00,test,17.199869,546.0,19.795561,21.697809,16.850623373507773,16.917976723719605,17.23663287133388,16.873582693747643,18.37712915910049,14.658059768983968
2019-06-11 07:15:00+00:00,2019-06-11 07:30:00+00:00,test,13.90134,413.0,17.199869,20.05456,14.83547873296368,14.81436335434542,15.22224875783901,15.107543161480264,16.37840426467972,12.506878429833447
2019-06-11 07:30:00+00:00,2019-06-11 07:45:00+00:00,test,15.99019,445.0,13.90134,18.418751,12.272443559030277,12.293237929378947,12.933242380361127,13.149538632239645,13.531419480367191,11.571018400399744
2019-06-11 07:45:00+00:00,2019-06-11 08:00:00+00:00,test,14.60813,423.0,15.99019,16.902379999999997,11.759894139700057,12.447524193565009,12.357405228069897,12.337872051401847,14.46455549400952,11.870240001455517
2019-06-11 08:00:00+00:00,2019-06-11 08:15:00+00:00,test,12.62953,378.0,14.60813,15.24644,11.95573649776917,11.536331102282524,11.54410431695679,11.491663118195557,13.060917788817395,9.711183680683208
2019-06-11 08:15:00+00:00,2019-06-11 08:30:00+00:00,test,9.466407,278.0,12.62953,13.45969,9.625440025447128,10.102594035340287,9.914107710232374,10.023109525310616,11.425492030172062,8.749102272509374
2019-06-11 08:30:00+00:00,2019-06-11 08:45:00+00:00,test,8.168125,234.0,9.466407,11.68541,7.521563211023393,6.932477312092107,7.1795211575836815,7.198725133132819,8.71429346196407,6.9834780906966385
2019-06-11 08:45:00+00:00,2019-06-11 09:00:00+00:00,test,7.1979690000000005,207.0,8.168125,9.947438,5.736443532762596,5.806979875276568,5.5731527175393945,5.7394931245847545,7.631132509630664,6.232230237683253
2019-06-11 09:00:00+00:00,2019-06-11 09:15:00+00:00,test,5.546297,161.0,7.1979690000000005,8.124594,5.2775630543537515,4.9412941405278,4.99420596799498,5.125086391772907,6.4740435458957,5.309901761077917
2019-06-11 09:15:00+00:00,2019-06-11 09:30:00+00:00,test,6.831780999999999,195.0,5.546297,0.0,3.981860277098589,3.7806860390989434,3.5948021043808653,3.720041790617682,4.957055147983612,4.143350351450112
2019-06-11 09:30:00+00:00,2019-06-11 09:45:00+00:00,test,3.480695,102.0,6.831780999999999,0.0,4.744302269019639,4.394233127423249,4.4808658068571585,4.506941211860851,5.763777540266066,5.674148987627643
2019-06-11 09:45:00+00:00,2019-06-11 10:00:00+00:00,test,1.931617,60.0,3.480695,0.0,2.791852394498913,2.334537227334428,2.174373188920663,2.22542727306511,3.5632170740488416,3.81449617601671
2019-06-11 10:00:00+00:00,2019-06-11 10:15:00+00:00,test,1.729738,53.0,1.931617,0.0,1.2730574069016227,1.2148802266870364,1.1740136729434711,1.2919485351600806,1.3345795352902545,0.3336423090750529
2019-06-11 10:15:00+00:00,2019-06-11 10:30:00+00:00,test,1.543637,46.0,1.729738,0.0,1.2053534695885213,1.1753694153362568,1.1110183840808785,1.1298786158487855,1.1479942623739916,1.1119581481569556
2019-06-11 10:30:00+00:00,2019-06-11 10:45:00+00:00,test,1.223223,38.0,1.543637,0.0,1.067455157530387,1.0684162289038734,1.071094504639353,1.0845105134825788,1.1707689721407055,1.4594532445209696
2019-06-11 10:45:00+00:00,2019-06-11 11:00:00+00:00,test,0.75544,25.0,1.223223,0.0,0.8889966077624896,0.5970310793583973,0.48473365526052486,0.5605489284248258,0.9410146597784443,1.5038568825609158
2019-06-11 11:00:00+00:00,2019-06-11 11:15:00+00:00,test,0.360295,11.0,0.75544,0.0,0.4508271091045778,0.3416893507674268,0.14495031962940216,0.3054938133464962,0.014868807933081207,0.7327218709700896
2019-06-11 11:15:00+00:00,2019-06-11 11:30:00+00:00,test,0.15065,4.0,0.360295,0.0,0.13317654221011352,0.032663651522868965,0.0,0.0018201313833219508,0.3880578232242966,0.0
2019-06-11 11:30:00+00:00,2019-06-11 11:45:00+00:00,test,0.0,0.0,0.15065,0.0,0.2390396452656894,0.142623269167738,0.0,0.024923021859595353,0.04317810137434197,0.0
2019-06-11 11:45:00+00:00,2019-06-11 12:00:00+00:00,test,0.0,0.0,0.0,0.0,0.029922302266568186,0.0,0.0,0.0,0.0,0.0
2019-06-11 12:00:00+00:00,2019-06-11 12:15:00+00:00,test,0.0,0.0,0.0,0.0,0.02772174774140006,0.0,0.0,0.0,0.0,0.0
2019-06-11 12:15:00+00:00,2019-06-11 12:30:00+00:00,test,0.0,0.0,0.0,0.0,0.02772174774140006,0.0,0.0,0.0,0.0,0.0
2019-06-11 12:30:00+00:00,2019-06-11 12:45:00+00:00,test,0.0,0.0,0.0,0.0,0.02772174774140006,0.0,0.0,0.0,0.03883111426607577,0.0
2019-06-11 12:45:00+00:00,2019-06-11 13:00:00+00:00,test,0.0,0.0,0.0,0.0,0.02772174774140006,0.0,0.0,0.0,0.003178441999506454,0.0
2019-06-11 13:00:00+00:00,2019-06-11 13:15:00+00:00,test,0.0,0.0,0.0,0.0,0.02772174774140006,0.0,0.0,0.0,0.218539980867825,0.0
2019-06-11 13:15:00+00:00,2019-06-11 13:30:00+00:00,test,0.0,0.0,0.0,0.0,0.02772174774140006,0.0,0.0,0.0,0.004833350189532126,0.0
2019-06-11 13:30:00+00:00,2019-06-11 13:45:00+00:00,test,0.0,0.0,0.0,0.0,0.02772174774140006,0.0,0.0,0.0,0.08443806235078988,0.0
2019-06-11 13:45:00+00:00,2019-06-11 14:00:00+00:00,test,0.0,0.0,0.0,0.0,0.02772174774140006,0.0,0.0,0.0,0.16341983448674835,0.0
2019-06-11 14:00:00+00:00,2019-06-11 14:15:00+00:00,test,0.0,0.0,0.0,0.0,0.02772174774140006,0.0,0.0,0.0,0.06894409398486623,0.0
2019-06-11 14:15:00+00:00,2019-06-11 14:30:00+00:00,test,0.0,0.0,0.0,0.0,0.02772174774140006,0.0,0.0,0.0,0.036349073247995634,0.0
2019-06-11 14:30:00+00:00,2019-06-11 14:45:00+00:00,test,0.0,0.0,0.0,0.0,0.02772174774140006,0.0,0.0,0.0,0.021274905663606347,0.0
2019-06-11 14:45:00+00:00,2019-06-11 15:00:00+00:00,test,0.0,0.0,0.0,0.0,0.02772174774140006,0.0,0.0,0.0,0.0,0.0
2019-06-11 15:00:00+00:00,2019-06-11 15:15:00+00:00,test,0.0,0.0,0.0,0.0,0.02772174774140006,0.0,0.0,0.0,0.0,0.0
2019-06-11 15:15:00+00:00,2019-06-11 15:30:00+00:00,test,0.0,0.0,0.0,0.0,0.02772174774140006,0.0,0.0,0.0,0.0,0.0
2019-06-11 15:30:00+00:00,2019-06-11 15:45:00+00:00,test,0.0,0.0,0.0,0.0,0.02772174774140006,0.0,0.0,0.0,0.0,0.0
2019-06-11 15:45:00+00:00,2019-06-11 16:00:00+00:00,test,0.0,0.0,0.0,0.0,0.02772174774140006,0.0,0.0,0.0,0.008011808758044303,0.0
2019-06-11 16:00:00+00:00,2019-06-11 16:15:00+00:00,test,0.0,0.0,0.0,0.0,0.02772174774140006,0.0,0.0,0.0,0.0,0.0
2019-06-11 16:15:00+00:00,2019-06-11 16:30:00+00:00,test,0.0,0.0,0.0,0.0,0.02772174774140006,0.0,0.0,0.0,0.0004746212486193002,0.0
2019-06-11 16:30:00+00:00,2019-06-11 16:45:00+00:00,test,0.0,0.0,0.0,0.0,0.03292082721228418,0.0,0.0,0.0,0.0,0.0
2019-06-11 16:45:00+00:00,2019-06-11 17:00:00+00:00,test,0.0,0.0,0.0,0.0,0.03292082721228418,0.0,0.0,0.0,0.014287014032827727,0.0
2019-06-11 17:00:00+00:00,2019-06-11 17:15:00+00:00,test,0.0,0.0,0.0,0.0,0.03292082721228418,0.0,0.0,0.0,0.0,0.0
2019-06-11 17:15:00+00:00,2019-06-11 17:30:00+00:00,test,0.0,0.0,0.0,0.0,0.035546791945352166,0.0,0.0,0.0,0.0,0.0
2019-06-11 17:30:00+00:00,2019-06-11 17:45:00+00:00,test,0.0,0.0,0.0,0.0,0.035546791945352166,0.0,0.0,0.0,0.022783676491280325,0.0
2019-06-11 17:45:00+00:00,2019-06-11 18:00:00+00:00,test,0.0,0.0,0.0,0.0,0.035546791945352166,0.0,0.0,0.0,0.06939375307391327,0.0
2019-06-11 18:00:00+00:00,2019-06-11 18:15:00+00:00,test,0.0,0.0,0.0,0.0,0.035546791945352166,0.03384736800565084,0.02597608465756145,0.0,0.013929687599772755,0.0
2019-06-11 18:15:00+00:00,2019-06-11 18:30:00+00:00,test,0.0,0.0,0.0,0.0,0.035546791945352166,0.03384736800565084,0.02597608465756145,0.0,0.09439769801961084,0.0
2019-06-11 18:30:00+00:00,2019-06-11 18:45:00+00:00,test,0.0,0.0,0.0,0.0,0.03659106976868172,0.03384736800565084,0.02597608465756145,0.0,0.1102229625003881,0.0
2019-06-11 18:45:00+00:00,2019-06-11 19:00:00+00:00,test,0.0,0.0,0.0,0.0,0.03659106976868172,0.02937053036470833,0.022252049626400563,0.0,0.17025814516120974,0.0
2019-06-11 19:00:00+00:00,2019-06-11 19:15:00+00:00,test,0.0,0.0,0.0,0.0,0.03659106976868172,0.03251949754893524,0.022252049626400563,0.0,0.15917230799076165,0.0
2019-06-11 19:15:00+00:00,2019-06-11 19:30:00+00:00,test,0.0,0.0,0.0,0.0,0.03659106976868172,0.02937053036470833,0.022252049626400563,0.0,0.21828827278662022,0.0
2019-06-11 19:30:00+00:00,2019-06-11 19:45:00+00:00,test,0.0,0.0,0.0,0.0,0.03659106976868172,0.02937053036470833,0.022252049626400563,0.0,0.26969387659501187,0.0
2019-06-11 19:45:00+00:00,2019-06-11 20:00:00+00:00,test,0.0,0.0,0.0,0.0,0.03659106976868172,0.02937053036470833,0.022252049626400563,0.0,0.338498124745632,0.0
2019-06-11 20:00:00+00:00,2019-06-11 20:15:00+00:00,test,0.0,0.0,0.0,0.0,0.03659106976868172,0.02937053036470833,0.022252049626400563,0.0,0.3015975571819949,0.0
2019-06-11 20:15:00+00:00,2019-06-11 20:30:00+00:00,test,0.0,0.0,0.0,0.0,0.03659106976868172,0.02937053036470833,0.022252049626400563,0.0,0.3518494584016736,0.0
2019-06-11 20:30:00+00:00,2019-06-11 20:45:00+00:00,test,0.0,0.0,0.0,0.0,0.03659106976868172,0.02937053036470833,0.022252049626400563,0.0,0.42374809923463985,0.0
2019-06-11 20:45:00+00:00,2019-06-11 21:00:00+00:00,test,0.0,0.0,0.0,0.000767,0.03659106976868172,0.03133179648222957,0.022252049626400563,0.0,0.47469204148497646,0.0
2019-06-11 21:00:00+00:00,2019-06-11 21:15:00+00:00,test,0.022926,3.0,0.0,0.216501,0.03659106976868172,0.03636896116183378,0.022252049626400563,0.0,0.5579915531266604,0.05682288203338448
2019-06-11 21:15:00+00:00,2019-06-11 21:30:00+00:00,test,0.428559,15.0,0.022926,0.568709,0.04717027064485906,0.03133179648222957,0.022252049626400563,0.0,0.6171863579237922,0.37684065127273936
2019-06-11 21:30:00+00:00,2019-06-11 21:45:00+00:00,test,0.801459,27.0,0.428559,0.950633,0.4467231162218022,0.35643361241935845,0.33677339397698863,0.351391238355501,0.9807598697884314,1.1001066744898313
2019-06-11 21:45:00+00:00,2019-06-11 22:00:00+00:00,test,1.360652,44.0,0.801459,1.359996,0.764373683116266,0.6904523306990565,0.6253560970800931,0.6406373905665877,1.3717303551828328,2.2480246287725567
2019-06-11 22:00:00+00:00,2019-06-11 22:15:00+00:00,test,2.0039689999999997,65.0,1.360652,1.729055,1.6051081280512502,1.7000882778037578,1.6255191118768497,1.5486951591022466,2.150536234268059,2.856902142610786
2019-06-11 22:15:00+00:00,2019-06-11 22:30:00+00:00,test,2.645563,84.0,2.0039689999999997,2.287906,2.4694876309881817,2.3472513810560702,2.3850101663026084,2.36214268316239,2.7553070593865066,3.215682549025142
2019-06-11 22:30:00+00:00,2019-06-11 22:45:00+00:00,test,3.133867,98.0,2.645563,3.131516,2.9855425292111137,2.9185854101277378,2.846347073893682,2.851760106103991,3.367060779044972,3.9717792064281525
2019-06-11 22:45:00+00:00,2019-06-11 23:00:00+00:00,test,3.949094,120.0,3.133867,4.304563,4.384521781907391,3.9772814295350325,4.071430300098951,3.963177386288396,3.8593808687479836,4.659464543489978
2019-06-11 23:00:00+00:00,2019-06-11 23:15:00+00:00,test,4.547047,141.0,3.949094,5.685641,4.935481596310413,4.585086506310933,4.509079675703048,4.556205060312539,5.006643318779258,6.054253575570997
2019-06-11 23:15:00+00:00,2019-06-11 23:30:00+00:00,test,4.920563,153.0,4.547047,7.223125,6.05698028683319,5.9459051472176965,5.76297019495972,5.838759083319473,5.625769692170012,6.563443098018189
2019-06-11 23:30:00+00:00,2019-06-11 23:45:00+00:00,test,6.285344,194.0,4.920563,8.865938,6.309076639696425,6.124178824141816,6.1611550396547,6.0900741468424435,5.975749638918635,7.147849307580279
2019-06-11 23:45:00+00:00,2019-06-12 00:00:00+00:00,test,9.300157,308.0,6.285344,9.849656,7.950646170599693,7.633490259034311,7.596392662389068,7.399870737430497,7.028064523189875,8.155987264166301
2019-06-12 00:00:00+00:00,2019-06-12 00:15:00+00:00,test,5.989266000000001,191.0,9.300157,12.39766,10.731273022045505,9.937417562122448,9.958929692301943,9.771692426465998,10.237630477358866,11.246023919325514
2019-06-12 00:15:00+00:00,2019-06-12 00:30:00+00:00,test,7.439688,239.0,5.989266000000001,13.96784,7.7844279797418405,7.7404511156935705,7.535522857104004,7.363687333666858,8.196165987747005,9.432670489604787
2019-06-12 00:30:00+00:00,2019-06-12 00:45:00+00:00,test,8.879938000000001,270.0,7.439688,15.33569,8.393420230129143,8.177875296586974,8.164490058995883,7.888176895593231,8.768145322107975,9.966216032670303
2019-06-12 00:45:00+00:00,2019-06-12 01:00:00+00:00,test,11.47672,374.0,8.879938000000001,16.84594,11.89569554121393,10.097497250423272,9.852063798703421,9.585293697171458,9.897792329145584,11.049163001063679
2019-06-12 01:00:00+00:00,2019-06-12 01:15:00+00:00,test,15.21144,514.0,11.47672,18.127371,14.725180062306924,13.853448740726881,14.076455503670635,13.644082330583036,12.81866378395059,14.29371806799549
2019-06-12 01:15:00+00:00,2019-06-12 01:30:00+00:00,test,17.716129000000002,580.0,15.21144,19.3515,16.35154705118103,14.953604865670776,15.84616073162725,14.494330134435716,15.769104874214852,15.570475735530966
2019-06-12 01:30:00+00:00,2019-06-12 01:45:00+00:00,test,17.83119,571.0,17.716129000000002,20.681061,18.136379329553538,17.59365245086247,17.55510681123592,17.10497602888537,18.032276871633716,16.346224109199117
2019-06-12 01:45:00+00:00,2019-06-12 02:00:00+00:00,test,13.04603,361.0,17.83119,21.65056,17.88459219508041,16.8237905934741,17.470020114653344,16.803543559373182,18.73922332173789,16.117706280795254
2019-06-12 02:00:00+00:00,2019-06-12 02:15:00+00:00,test,18.686939,671.0,13.04603,22.729879,15.013460256728004,14.551072363936115,15.325663579142388,15.221268799152353,15.387105675206362,14.826057190148688
2019-06-12 02:15:00+00:00,2019-06-12 02:30:00+00:00,test,19.226379,655.0,18.686939,23.431629,18.816174497432588,18.840323866614767,18.60024661984983,18.529043906160837,19.50065731202382,19.979100632825983
2019-06-12 02:30:00+00:00,2019-06-12 02:45:00+00:00,test,21.20738,766.0,19.226379,24.16531,20.28743324118176,19.762057840058034,18.94380810522919,18.697060802207517,20.465568983929213,19.803050812531282
2019-06-12 02:45:00+00:00,2019-06-12 03:00:00+00:00,test,23.040939,769.0,21.20738,25.060869,21.27974898572365,21.417483476568226,20.98321520864971,21.007017013049076,21.765286717567434,20.959121372966386
2019-06-12 03:00:00+00:00,2019-06-12 03:15:00+00:00,test,22.589001,759.0,23.040939,25.511499,23.240971071222866,22.45637485830983,22.63347977649483,22.085738905997374,23.510746468934443,23.761099099552574
2019-06-12 03:15:00+00:00,2019-06-12 03:30:00+00:00,test,23.758869,793.0,22.589001,25.91794,23.862299875282655,23.579298442713622,23.556271596374863,23.6021476793524,23.532320364477663,23.30193492592762
2019-06-12 03:30:00+00:00,2019-06-12 03:45:00+00:00,test,24.086129999999997,816.0,23.758869,26.11306,23.954829205682532,23.456037083279032,23.734473547338176,23.44082148567624,24.705646264479412,23.202792668184927
2019-06-12 03:45:00+00:00,2019-06-12 04:00:00+00:00,test,24.99,829.0,24.086129999999997,26.651190000000003,24.789826745484586,24.664791595710422,24.368034913865156,24.140676606794898,24.175052469674654,23.899411909287913
2019-06-12 04:00:00+00:00,2019-06-12 04:15:00+00:00,test,24.421249,805.0,24.99,26.325251,25.28452382468336,24.606569006682946,24.54119390823472,24.0088677881919,25.21308711245188,22.908244100201514
2019-06-12 04:15:00+00:00,2019-06-12 04:30:00+00:00,test,23.89888,779.0,24.421249,26.70063,23.814681620905166,23.29765530428576,23.556129245810173,23.02229761264146,24.399298639186185,22.520981755307425
2019-06-12 04:30:00+00:00,2019-06-12 04:45:00+00:00,test,24.13163,799.0,23.89888,26.141939,23.185865198536263,22.900001687410924,23.72106846627929,22.290374573699104,23.535470956318633,21.52910655385039
2019-06-12 04:45:00+00:00,2019-06-12 05:00:00+00:00,test,24.553379,772.0,24.13163,26.14588,22.8714017432374,22.48609390536441,22.80226617014271,21.54097380528823,23.802258154242793,22.79202585624087
2019-06-12 05:00:00+00:00,2019-06-12 05:15:00+00:00,test,22.00144,723.0,24.553379,25.56531,23.251817341718407,22.969583906582574,22.74244388581278,21.807061313645157,22.69603059444985,18.06174758633279
2019-06-12 05:15:00+00:00,2019-06-12 05:30:00+00:00,test,18.434059,607.0,22.00144,25.38113,21.89750039902309,21.852872714961425,21.274371964768367,20.64714230703408,20.78700267883345,17.130435773000222
2019-06-12 05:30:00+00:00,2019-06-12 05:45:00+00:00,test,18.559629,501.0,18.434059,24.538059,16.578618281307993,17.565940567652778,17.159509014249814,16.008131742254434,17.192289885005685,15.408098069917534
2019-06-12 05:45:00+00:00,2019-06-12 06:00:00+00:00,test,15.44069,485.0,18.559629,23.83806,16.146081367778624,15.897873188615792,15.580998124032542,14.900051673787429,17.011339608369894,14.131903082996239
2019-06-12 06:00:00+00:00,2019-06-12 06:15:00+00:00,test,17.225691,546.0,15.44069,23.24831,14.343716737296141,14.222039741009326,14.492686871747726,13.653016758000918,14.299109213388675,12.250530277866488
2019-06-12 06:15:00+00:00,2019-06-12 06:30:00+00:00,test,10.80494,342.0,17.225691,21.999689,14.835543089766187,15.06377592412207,15.122029339305378,14.865609571338531,15.06076002536184,13.0856271348007
2019-06-12 06:30:00+00:00,2019-06-12 06:45:00+00:00,test,17.80538,569.0,10.80494,20.71081,11.317250790313167,11.143765014327457,10.953004912473425,10.68281307645884,10.343777359226758,9.248258050746713
2019-06-12 06:45:00+00:00,2019-06-12 07:00:00+00:00,test,14.61819,453.0,17.80538,19.795561,15.453774236061795,13.961813390754934,14.068749615778065,14.193620487258528,14.678536057646095,12.195825690275857
2019-06-12 07:00:00+00:00,2019-06-12 07:15:00+00:00,test,11.69634,338.0,14.61819,17.199869,12.85387636857557,11.774309167019183,12.135365508499405,11.601129121555996,12.67959432467994,10.476013284745964
2019-06-12 07:15:00+00:00,2019-06-12 07:30:00+00:00,test,8.759406,268.0,11.69634,13.90134,9.80160103288987,9.827965735262195,9.98417127805417,9.978707120061586,10.197179669892293,8.506654797540392
2019-06-12 07:30:00+00:00,2019-06-12 07:45:00+00:00,test,7.541407,228.0,8.759406,15.99019,7.6455972699871175,7.522034350164769,6.6880248227578205,6.828407191282016,7.67725722644732,7.750915931554345
2019-06-12 07:45:00+00:00,2019-06-12 08:00:00+00:00,test,4.615844,143.0,7.541407,14.60813,6.859642136263514,6.65008182953775,5.952024749139974,6.727103267611221,6.4850423346825945,6.650399275946679
2019-06-12 08:00:00+00:00,2019-06-12 08:15:00+00:00,test,3.21218,97.0,4.615844,12.62953,5.4523018470790845,5.208877708585124,5.0380730546085895,5.20993939534763,4.3454952914341725,4.288298946595002
2019-06-12 08:15:00+00:00,2019-06-12 08:30:00+00:00,test,3.158531,92.0,3.21218,9.466407,4.294931682052164,3.836488259014116,3.6230242411374034,3.837787605912973,2.4176280674021307,3.0181970349723364
2019-06-12 08:30:00+00:00,2019-06-12 08:45:00+00:00,test,2.911727,85.0,3.158531,8.168125,3.853554041282952,3.28316774596923,3.0786332514018193,3.1898677856453044,2.5421058213459062,2.823824146248075
2019-06-12 08:45:00+00:00,2019-06-12 09:00:00+00:00,test,1.590859,46.0,2.911727,7.1979690000000005,2.8656839689357323,2.7024284702488046,2.6080336204092416,2.641028764080419,2.479894986288751,2.366872870442295
2019-06-12 09:00:00+00:00,2019-06-12 09:15:00+00:00,test,1.250785,36.0,1.590859,5.546297,1.685096008747846,1.6512714229302012,1.5370510650483518,1.6009294506970935,0.798706060262754,1.3772896217661383
2019-06-12 09:15:00+00:00,2019-06-12 09:30:00+00:00,test,0.916426,27.0,1.250785,6.831780999999999,1.3392017092133468,0.9095147579941711,0.7531674172444679,0.9211033596392721,1.1910420628140752,1.0657918866970615
2019-06-12 09:30:00+00:00,2019-06-12 09:45:00+00:00,test,0.4479999999999999,14.0,0.916426,3.480695,0.680135989357597,0.3724399989625909,0.15750826962888353,0.3318143268319636,0.5924078248767906,1.8203601812667731
2019-06-12 09:45:00+00:00,2019-06-12 10:00:00+00:00,test,0.299147,9.0,0.4479999999999999,1.931617,0.2667109464663818,0.1347323586885299,0.0,0.06859900929904827,0.7697794114245875,0.0
2019-06-12 10:00:00+00:00,2019-06-12 10:15:00+00:00,test,0.257298,9.0,0.299147,1.729738,0.13823385346602207,0.12115080928298783,0.0,0.0,0.012582644462014514,0.0
2019-06-12 10:15:00+00:00,2019-06-12 10:30:00+00:00,test,0.161926,7.0,0.257298,1.543637,0.08161696784640075,0.04518320995739205,0.0,0.0,0.8341053813912227,0.5203393245096555
2019-06-12 10:30:00+00:00,2019-06-12 10:45:00+00:00,test,0.029749,4.0,0.161926,1.223223,0.04335894743591456,0.11415237848586235,0.0,0.0,0.3066483275814882,0.21645127596521707
2019-06-12 10:45:00+00:00,2019-06-12 11:00:00+00:00,test,0.042898,5.0,0.029749,0.75544,0.0264372102404955,0.0,0.0,0.0,0.3120492246410551,0.0
2019-06-12 11:00:00+00:00,2019-06-12 11:15:00+00:00,test,0.042025,3.0,0.042898,0.360295,0.024236655715327377,0.0,0.0,0.0,0.26276569696975827,0.0
2019-06-12 11:15:00+00:00,2019-06-12 11:30:00+00:00,test,0.0,1.0,0.042025,0.15065,0.024236655715327377,0.0,0.0,0.0,0.45920692510954275,0.0
2019-06-12 11:30:00+00:00,2019-06-12 11:45:00+00:00,test,0.0,0.0,0.0,0.0,0.02772174774140006,0.0,0.0,0.0,0.25170170177166007,0.0
2019-06-12 11:45:00+00:00,2019-06-12 12:00:00+00:00,test,0.0,0.0,0.0,0.0,0.02772174774140006,0.0,0.02101308279554303,0.06086546253417593,0.3735719699477267,0.0
2019-06-12 12:00:00+00:00,2019-06-12 12:15:00+00:00,test,0.0,0.0,0.0,0.0,0.02772174774140006,0.0,0.02800154497984486,0.0,0.3001470004290079,0.0
2019-06-12 12:15:00+00:00,2019-06-12 12:30:00+00:00,test,0.0,0.0,0.0,0.0,0.02772174774140006,0.019069906905050678,0.02761194441461351,0.011041419285581552,0.2477332488914321,0.0
2019-06-12 12:30:00+00:00,2019-06-12 12:45:00+00:00,test,0.0,0.0,0.0,0.0,0.02772174774140006,0.022382312501337792,0.02800154497984486,0.011041419285581552,0.25438417307774674,0.0
2019-06-12 12:45:00+00:00,2019-06-12 13:00:00+00:00,test,0.0,0.0,0.0,0.0,0.02772174774140006,0.022382312501337792,0.02800154497984486,0.011041419285581552,0.2800977045113777,0.0
2019-06-12 13:00:00+00:00,2019-06-12 13:15:00+00:00,test,0.0,0.0,0.0,0.0,0.02772174774140006,0.019069906905050678,0.021983667142883877,0.01308878877070558,0.2338323550626864,0.0
2019-06-12 13:15:00+00:00,2019-06-12 13:30:00+00:00,test,0.0,0.0,0.0,0.0,0.02772174774140006,0.019069906905050678,0.021983667142883877,0.01308878877070558,0.16836458784181563,0.0
2019-06-12 13:30:00+00:00,2019-06-12 13:45:00+00:00,test,0.0,0.0,0.0,0.0,0.02772174774140006,0.019069906905050678,0.021983667142883877,0.01308878877070558,0.17776610646166446,0.0
2019-06-12 13:45:00+00:00,2019-06-12 14:00:00+00:00,test,0.0,0.0,0.0,0.0,0.02772174774140006,0.02757545183037552,0.02237326770811523,0.016076704901514714,0.18823247146455557,0.0
2019-06-12 14:00:00+00:00,2019-06-12 14:15:00+00:00,test,0.0,0.0,0.0,0.0,0.02772174774140006,0.02479092143526976,0.021983667142883877,0.016076704901514714,0.12539710641008117,1.067113411382108
2019-06-12 14:15:00+00:00,2019-06-12 14:30:00+00:00,test,0.0,0.0,0.0,0.0,0.02772174774140006,0.020314083794327233,0.018259632111722997,0.008529239391977307,0.12742360754482895,0.2713169300270746
2019-06-12 14:30:00+00:00,2019-06-12 14:45:00+00:00,test,0.0,0.0,0.0,0.0,0.02772174774140006,0.027312514591452702,0.018259632111722997,0.008529239391977307,0.19138920780002255,0.0
2019-06-12 14:45:00+00:00,2019-06-12 15:00:00+00:00,test,0.0,0.0,0.0,0.0,0.02772174774140006,0.04113068266518846,0.03608348923425416,0.0260643566576892,0.17225532127513166,0.0
2019-06-12 15:00:00+00:00,2019-06-12 15:15:00+00:00,test,0.0,0.0,0.0,0.0,0.02772174774140006,0.027312514591452702,0.018259632111722997,0.008529239391977307,0.012749271415653851,0.21948949773140924
2019-06-12 15:15:00+00:00,2019-06-12 15:30:00+00:00,test,0.0,0.0,0.0,0.0,0.02772174774140006,0.04712440417768333,0.03444235458803092,0.0260643566576892,0.01730128802354791,0.33385249979158615
2019-06-12 15:30:00+00:00,2019-06-12 15:45:00+00:00,test,0.0,0.0,0.0,0.0,0.02772174774140006,0.04712440417768333,0.03678107415182683,0.0260643566576892,0.013136960976406264,0.64112940837677
2019-06-12 15:45:00+00:00,2019-06-12 16:00:00+00:00,test,0.0,0.0,0.0,0.0,0.02772174774140006,0.04712440417768333,0.03678107415182683,0.0260643566576892,0.030118221240296172,0.9255046326135865
2019-06-12 16:00:00+00:00,2019-06-12 16:15:00+00:00,test,0.0,0.0,0.0,0.0,0.02772174774140006,0.0350037597242269,0.02597608465756145,0.011793400921656648,0.0,1.6120697105462707
2019-06-12 16:15:00+00:00,2019-06-12 16:30:00+00:00,test,0.0,0.0,0.0,0.0,0.02772174774140006,0.030784642947764607,0.02597608465756145,0.011793400921656648,0.0,1.7478054087197679
2019-06-12 16:30:00+00:00,2019-06-12 16:45:00+00:00,test,0.0,0.0,0.0,0.0,0.03292082721228418,0.0,0.0,0.0,0.0,1.775034251877332
2019-06-12 16:45:00+00:00,2019-06-12 17:00:00+00:00,test,0.0,0.0,0.0,0.0,0.03292082721228418,0.03384736800565084,0.02597608465756145,0.011793400921656648,0.03465543792791248,1.2924651173950155
2019-06-12 17:00:00+00:00,2019-06-12 17:15:00+00:00,test,0.0,0.0,0.0,0.0,0.03292082721228418,0.03384736800565084,0.02597608465756145,0.011793400921656648,0.0,1.5972644438261474
2019-06-12 17:15:00+00:00,2019-06-12 17:30:00+00:00,test,0.0,0.0,0.0,0.0,0.035546791945352166,0.03384736800565084,0.02597608465756145,0.011793400921656648,0.0,1.7892712794817829
2019-06-12 17:30:00+00:00,2019-06-12 17:45:00+00:00,test,0.0,0.0,0.0,0.0,0.035546791945352166,0.03384736800565084,0.02597608465756145,0.011793400921656648,0.0,2.0215812924886576
2019-06-12 17:45:00+00:00,2019-06-12 18:00:00+00:00,test,0.0,0.0,0.0,0.0,0.035546791945352166,0.03580863412317208,0.02597608465756145,0.011793400921656648,0.0,2.3044944430092853
2019-06-12 18:00:00+00:00,2019-06-12 18:15:00+00:00,test,0.0,0.0,0.0,0.0,0.035546791945352166,0.040845798802776306,0.02597608465756145,0.016076704901514714,0.0,1.5356425862822016
2019-06-12 18:15:00+00:00,2019-06-12 18:30:00+00:00,test,0.0,0.0,0.0,0.0,0.035546791945352166,0.040845798802776306,0.02597608465756145,0.016076704901514714,0.0,1.8372017100052203
2019-06-12 18:30:00+00:00,2019-06-12 18:45:00+00:00,test,0.0,0.0,0.0,0.0,0.03659106976868172,0.040845798802776306,0.02597608465756145,0.016076704901514714,0.040811524621686246,1.5852133812062172
2019-06-12 18:45:00+00:00,2019-06-12 19:00:00+00:00,test,0.0,0.0,0.0,0.0,0.03659106976868172,0.040845798802776306,0.02597608465756145,0.016076704901514714,0.10263029383334654,1.5728892423388032
2019-06-12 19:00:00+00:00,2019-06-12 19:15:00+00:00,test,0.0,0.0,0.0,0.0,0.03659106976868172,0.040845798802776306,0.02597608465756145,0.016076704901514714,0.07542065973515744,1.5543397507100645
2019-06-12 19:15:00+00:00,2019-06-12 19:30:00+00:00,test,0.0,0.0,0.0,0.0,0.03659106976868172,0.040845798802776306,0.02597608465756145,0.016076704901514714,0.1370191079249894,1.6258460912869417
2019-06-12 19:30:00+00:00,2019-06-12 19:45:00+00:00,test,0.0,0.0,0.0,0.0,0.03659106976868172,0.040845798802776306,0.02597608465756145,0.016076704901514714,0.16436797852392981,1.7252871347120422
2019-06-12 19:45:00+00:00,2019-06-12 20:00:00+00:00,test,0.0,0.0,0.0,0.0,0.03659106976868172,0.040845798802776306,0.02597608465756145,0.016076704901514714,0.20722067040960823,1.8970183336488446
2019-06-12 20:00:00+00:00,2019-06-12 20:15:00+00:00,test,0.0,0.0,0.0,0.0,0.03659106976868172,0.040845798802776306,0.02597608465756145,0.016076704901514714,0.21182707417580637,2.1904055856986124
2019-06-12 20:15:00+00:00,2019-06-12 20:30:00+00:00,test,0.0,0.0,0.0,0.0,0.03659106976868172,0.040845798802776306,0.02597608465756145,0.016076704901514714,0.24738250664426875,2.3235151975477084
2019-06-12 20:30:00+00:00,2019-06-12 20:45:00+00:00,test,0.0,0.0,0.0,0.0,0.03659106976868172,0.03806648478211313,0.02597608465756145,0.016076704901514714,0.2645851746514909,2.6975892041956087
2019-06-12 20:45:00+00:00,2019-06-12 21:00:00+00:00,test,0.0,0.0,0.0,0.0,0.03659106976868172,0.03384736800565084,0.02597608465756145,0.016076704901514714,0.31625766918346176,3.0065882448280217
2019-06-12 21:00:00+00:00,2019-06-12 21:15:00+00:00,test,0.064569,7.0,0.0,0.022926,0.03659106976868172,0.040845798802776306,0.02597608465756145,0.016076704901514714,0.40431387404403285,2.7998898991402035
2019-06-12 21:15:00+00:00,2019-06-12 21:30:00+00:00,test,0.352939,13.0,0.064569,0.428559,0.08304861470112507,0.12616957959507247,0.09035763934628324,0.10674401835419481,0.5234424755922609,2.797196559788584
2019-06-12 21:30:00+00:00,2019-06-12 21:45:00+00:00,test,0.613471,21.0,0.352939,0.801459,0.4467231162218022,0.3720853010217064,0.3096946131275075,0.3438639260869147,0.7612648843008545,3.261512256356791
2019-06-12 21:45:00+00:00,2019-06-12 22:00:00+00:00,test,1.034277,33.0,0.613471,1.360652,0.6595062923199786,0.48298637266088046,0.4709669432398447,0.5099292581431094,1.0436727524010854,3.628682385414131
2019-06-12 22:00:00+00:00,2019-06-12 22:15:00+00:00,test,1.681395,51.0,1.034277,2.0039689999999997,1.1291602939606025,1.0035174721781832,0.9801880484215892,1.0135173736086587,1.8905516246958163,3.239098100952597
2019-06-12 22:15:00+00:00,2019-06-12 22:30:00+00:00,test,2.4110080000000003,74.0,1.681395,2.645563,2.3311299798252825,2.1632442749955327,2.182157411975983,2.126507701047945,2.420332533089206,4.31935699423099
2019-06-12 22:30:00+00:00,2019-06-12 22:45:00+00:00,test,3.514383,111.0,2.4110080000000003,3.133867,2.8179752815610812,2.7798957690239856,2.8476596269847967,2.831534452075082,3.125624703036465,4.459733535377582
2019-06-12 22:45:00+00:00,2019-06-12 23:00:00+00:00,test,4.879875,156.0,3.514383,3.949094,4.506273126013201,3.9621495019691033,4.189856423932157,4.111112193645809,4.045349643854994,5.642570418442833
2019-06-12 23:00:00+00:00,2019-06-12 23:15:00+00:00,test,4.837328,156.0,4.879875,4.547047,6.136717455493776,5.8931198376635585,6.027413017443428,5.908843845174387,5.5521251763129955,6.950480833448065
2019-06-12 23:15:00+00:00,2019-06-12 23:30:00+00:00,test,6.093281,176.0,4.837328,4.920563,6.722088853072991,6.435232523621959,6.108937952756716,6.119385066130619,5.828756687832721,7.158898421895266
2019-06-12 23:30:00+00:00,2019-06-12 23:45:00+00:00,test,4.141375,121.0,6.093281,6.285344,7.855260701476801,7.618707283435914,7.71997199522757,7.52867092314001,6.723525973721841,7.964673162085813
2019-06-12 23:45:00+00:00,2019-06-13 00:00:00+00:00,test,6.066922,173.0,4.141375,9.300157,5.3492489726824575,5.325704565128405,4.864819332031118,4.965039556742761,5.59897565578401,6.789425314521328
2019-06-13 00:00:00+00:00,2019-06-13 00:15:00+00:00,test,7.100188,211.0,6.066922,5.989266000000001,7.98460810673127,7.73025307250712,7.906465730246432,7.61609574505072,7.44247737373642,8.48152870521733
2019-06-13 00:15:00+00:00,2019-06-13 00:30:00+00:00,test,7.051297,215.0,7.100188,7.439688,8.369815268141945,8.005640025024256,8.399920212614317,8.057985305033567,8.334976928870248,10.076959218942513
2019-06-13 00:30:00+00:00,2019-06-13 00:45:00+00:00,test,4.397094,138.0,7.051297,8.879938000000001,7.658902910794614,8.129228532032942,8.288629944390497,8.177920257336536,8.525111667385616,9.75712841021165
2019-06-13 00:45:00+00:00,2019-06-13 01:00:00+00:00,test,5.850906,162.0,4.397094,11.47672,7.040337921175388,6.369747037138503,6.2297009284987315,5.839335763581378,6.566204831386018,7.626389207899233
2019-06-13 01:00:00+00:00,2019-06-13 01:15:00+00:00,test,7.8505,225.0,5.850906,15.21144,8.074831178931985,6.895864380107707,6.540783454347092,6.526781077556317,7.162592259376324,8.676305663356942
2019-06-13 01:15:00+00:00,2019-06-13 01:30:00+00:00,test,13.20025,355.0,7.8505,17.716129000000002,9.858341330010143,9.25390917608035,8.84866273083495,9.006434550938232,8.97215346668304,9.96254124364205
2019-06-13 01:30:00+00:00,2019-06-13 01:45:00+00:00,test,13.60494,445.0,13.20025,17.83119,15.121443088523147,14.376911718810451,14.863701760215253,14.298061611777475,12.81627835767914,13.463714126989252
2019-06-13 01:45:00+00:00,2019-06-13 02:00:00+00:00,test,7.681625,238.0,13.60494,13.04603,13.69193450906102,13.514392281445879,14.486382151277025,13.97467615987393,13.802335594614416,14.712663550508811
2019-06-13 02:00:00+00:00,2019-06-13 02:15:00+00:00,test,4.8717809999999995,142.0,7.681625,18.686939,8.64986728624103,7.786258549097215,8.031392377836724,8.292151556575766,10.308988397141277,10.44954769589267
2019-06-13 02:15:00+00:00,2019-06-13 02:30:00+00:00,test,4.870578,133.0,4.8717809999999995,19.226379,5.870096723769067,6.112581258037919,5.58545182678315,6.204881139553354,7.51785684002742,8.685409364300693
2019-06-13 02:30:00+00:00,2019-06-13 02:45:00+00:00,test,7.388063000000001,201.0,4.870578,21.20738,7.127510613663568,7.043465027174411,6.82289933308938,6.649423577142404,7.282400158891389,8.231293052757325
2019-06-13 02:45:00+00:00,2019-06-13 03:00:00+00:00,test,10.906,330.0,7.388063000000001,23.040939,9.183695541635279,9.480788412122003,9.145996102150297,9.582570178979756,8.867536862411008,10.508355736727886
2019-06-13 03:00:00+00:00,2019-06-13 03:15:00+00:00,test,9.524813,287.0,10.906,22.589001,12.558257550705292,12.649974759988703,14.126212835930588,13.566941609494076,11.943536776668413,13.401834352931044
2019-06-13 03:15:00+00:00,2019-06-13 03:30:00+00:00,test,8.338094,247.0,9.524813,23.758869,9.502746312543957,9.416575170777515,10.458655622349376,10.137943840202768,10.999951563319797,13.500215507535735
2019-06-13 03:30:00+00:00,2019-06-13 03:45:00+00:00,test,5.899141,174.0,8.338094,24.086129999999997,9.08456527147335,8.745560820436442,10.737062578461806,10.2712013623423,10.567726883736182,12.154213341784072
2019-06-13 03:45:00+00:00,2019-06-13 04:00:00+00:00,test,10.18391,279.0,5.899141,24.99,6.540243767045053,6.506610691324732,8.591261295082122,8.722527107942746,8.677021039690102,11.112090692573673
2019-06-13 04:00:00+00:00,2019-06-13 04:15:00+00:00,test,16.109189999999998,521.0,10.18391,24.421249,11.302696478559762,10.589890892152074,11.738562619356049,12.008282700336363,12.009927332343798,14.874597431129128
2019-06-13 04:15:00+00:00,2019-06-13 04:30:00+00:00,test,28.241940000000003,903.0,16.109189999999998,23.89888,16.516588350559203,17.157236694554207,17.85071748486657,17.41393643305543,16.42876790592195,18.890474171615338
2019-06-13 04:30:00+00:00,2019-06-13 04:45:00+00:00,test,17.57481,545.0,28.241940000000003,24.13163,23.035698990808534,22.110076331568656,24.849180530663027,24.38369402841693,26.485067884072052,26.324718211252517
2019-06-13 04:45:00+00:00,2019-06-13 05:00:00+00:00,test,19.22681,653.0,17.57481,24.553379,18.45484385803591,18.090122013976373,18.138244262235244,17.74571783685015,20.07615388715756,20.467136582783382
2019-06-13 05:00:00+00:00,2019-06-13 05:15:00+00:00,test,15.21888,470.0,19.22681,22.00144,17.887839018948743,17.84523190491472,18.79191511478859,18.54776854338724,20.576006347900552,20.626997074407157
2019-06-13 05:15:00+00:00,2019-06-13 05:30:00+00:00,test,13.10859,467.0,15.21888,18.434059,14.997824961504676,14.610817377501087,15.234451153219831,15.11912859172696,17.72701672369918,18.6214480466271
2019-06-13 05:30:00+00:00,2019-06-13 05:45:00+00:00,test,9.959688,322.0,13.10859,18.559629,14.60054559186762,14.859380564153518,15.08471386609362,14.778776724037979,16.09655162388467,16.91288545705767
2019-06-13 05:45:00+00:00,2019-06-13 06:00:00+00:00,test,7.622781,227.0,9.959688,15.44069,9.371115975455368,8.952240503553345,10.071595725285087,10.191380283487502,12.707377740618666,15.232667593509493
2019-06-13 06:00:00+00:00,2019-06-13 06:15:00+00:00,test,18.694811,254.0,7.622781,17.225691,9.761796600893117,8.771900791362519,9.395757904479154,9.93753659845519,9.698320413564527,11.806746901401405
2019-06-13 06:15:00+00:00,2019-06-13 06:30:00+00:00,test,24.247560999999997,737.0,18.694811,10.80494,18.04461899798945,15.814932843921138,15.529973334025815,16.11064422599511,17.374167687198913,14.764175289601695
2019-06-13 06:30:00+00:00,2019-06-13 06:45:00+00:00,test,17.70956,592.0,24.247560999999997,17.80538,18.401558817374482,20.37521466070599,19.790785736946344,19.894638033980968,23.147085126024095,20.228270862596666
2019-06-13 06:45:00+00:00,2019-06-13 07:00:00+00:00,test,10.1885,332.0,17.70956,14.61819,17.694552519929164,16.124841891237097,15.910481488894725,15.95615816100243,18.929921942343586,15.343227059911687
2019-06-13 07:00:00+00:00,2019-06-13 07:15:00+00:00,test,11.79369,340.0,10.1885,11.69634,11.377478694021827,10.53301155631255,10.277052024872246,9.819758861056034,11.568117399047958,8.43158296143498
2019-06-13 07:15:00+00:00,2019-06-13 07:30:00+00:00,test,2.775664,92.0,11.79369,8.759406,10.163141269791133,9.758128582219694,9.929078093168068,10.109286411431212,11.377915296139303,9.535698414447108
2019-06-13 07:30:00+00:00,2019-06-13 07:45:00+00:00,test,1.2242620000000002,39.0,2.775664,7.541407,4.963303346943481,3.7560262755436784,3.9028132833088036,4.6290074110507575,6.599971432026526,4.210745450819861
2019-06-13 07:45:00+00:00,2019-06-13 08:00:00+00:00,test,0.61142,22.0,1.2242620000000002,4.615844,2.2507100363770562,1.3862158036528653,1.5796046169985691,1.9099884793509774,2.8374806660311735,3.2971912809090282
2019-06-13 08:00:00+00:00,2019-06-13 08:15:00+00:00,test,0.281477,10.0,0.61142,3.21218,1.6130046524046104,1.1353955276711445,0.5299655591483842,0.963619596216288,1.4138881966551535,1.2177432959969767
2019-06-13 08:15:00+00:00,2019-06-13 08:30:00+00:00,test,0.184201,9.0,0.281477,3.158531,1.7706914475136302,0.8536872026098381,0.539833892073568,0.6781330548026321,0.40089784116334926,1.5202048953395382
2019-06-13 08:30:00+00:00,2019-06-13 08:45:00+00:00,test,0.22428,9.0,0.184201,2.911727,0.6460296166128263,0.5415601249863283,0.4970022700397351,0.5598302638712596,0.5844779237277402,1.5246485265142962
2019-06-13 08:45:00+00:00,2019-06-13 09:00:00+00:00,test,0.180394,7.0,0.22428,1.590859,0.9183150314994606,0.5496615973510366,0.46249162627509716,0.6064909776481369,0.43897674569858225,1.2678103183217813
2019-06-13 09:00:00+00:00,2019-06-13 09:15:00+00:00,test,0.200744,8.0,0.180394,1.250785,1.0163402880817618,0.6641821608883043,0.4987002197290548,0.4927662910444114,1.1805691451272775,2.0788586235963065
2019-06-13 09:15:00+00:00,2019-06-13 09:30:00+00:00,test,0.786297,23.0,0.200744,0.916426,0.33764623850935405,0.46267657477992347,0.2336268706505456,0.3002901622656629,0.763036828408354,1.120910136264465
2019-06-13 09:30:00+00:00,2019-06-13 09:45:00+00:00,test,2.339914,66.0,0.786297,0.4479999999999999,0.5305666853431364,0.6057003673995628,0.3743101419214356,0.5613414799476067,1.4320197030610187,2.763788930365287
2019-06-13 09:45:00+00:00,2019-06-13 10:00:00+00:00,test,2.513219,75.0,2.339914,0.299147,1.403916034310958,1.4326917880652705,1.4379711402552344,1.4006430707895592,3.5674985462815587,5.185043288527399
2019-06-13 10:00:00+00:00,2019-06-13 10:15:00+00:00,test,2.759969,87.0,2.513219,0.257298,1.661739043430207,1.7107066908300008,1.5690309920923562,1.5581283181566792,3.101761141413631,3.931112358118031
2019-06-13 10:15:00+00:00,2019-06-13 10:30:00+00:00,test,2.144352,70.0,2.759969,0.161926,1.7644833229530765,1.7754541843375995,1.578028254479532,1.5736035683177538,3.0847010997467645,4.671789200227431
2019-06-13 10:30:00+00:00,2019-06-13 10:45:00+00:00,test,1.512137,50.0,2.144352,0.029749,1.1818227566145165,1.3691132395722179,1.3234667541381768,1.3134862724525875,2.6614514314062783,4.87324376911786
2019-06-13 10:45:00+00:00,2019-06-13 11:00:00+00:00,test,0.989297,32.0,1.512137,0.042898,1.0633974961692132,1.0334278576745988,1.2256495158411558,1.121576457705274,2.7483901656003136,3.2422595131914536
2019-06-13 11:00:00+00:00,2019-06-13 11:15:00+00:00,test,0.5718260000000001,18.0,0.989297,0.042025,0.6045498221207612,0.5297408878108384,0.5465407001448661,0.5703218470616997,1.4536626392826042,2.003183130095179
2019-06-13 11:15:00+00:00,2019-06-13 11:30:00+00:00,test,0.214778,7.0,0.5718260000000001,0.0,0.21380981843113625,0.07476722163543897,0.17260767630048401,0.18539661726366521,1.3382701238634525,1.4223366232720602
2019-06-13 11:30:00+00:00,2019-06-13 11:45:00+00:00,test,0.0,0.0,0.214778,0.0,0.06103773595974679,0.03576942336562827,0.11222430269325082,0.042434175683744316,1.0581047367177288,1.1731267690896585
2019-06-13 11:45:00+00:00,2019-06-13 12:00:00+00:00,test,0.0,0.0,0.0,0.0,0.02772174774140006,0.02606833770217614,0.02360147744137536,0.0,0.8175606517683267,0.8534553873060737
2019-06-13 12:00:00+00:00,2019-06-13 12:15:00+00:00,test,0.0,0.0,0.0,0.0,0.02772174774140006,0.029380743298463227,0.02399107800660671,0.0,0.6471473218708317,1.6311797009659523
2019-06-13 12:15:00+00:00,2019-06-13 12:30:00+00:00,test,0.0,0.0,0.0,0.0,0.02772174774140006,0.02606833770217614,0.02360147744137536,0.0,0.6177289450719918,1.3361054919254212
2019-06-13 12:30:00+00:00,2019-06-13 12:45:00+00:00,test,0.0,0.0,0.0,0.0,0.02772174774140006,0.02606833770217614,0.02360147744137536,0.0,0.4698730698729561,1.2528688204010203
2019-06-13 12:45:00+00:00,2019-06-13 13:00:00+00:00,test,0.0,0.0,0.0,0.0,0.02772174774140006,0.02606833770217614,0.02360147744137536,0.0,0.47880926033578675,1.1892860354146642
2019-06-13 13:00:00+00:00,2019-06-13 13:15:00+00:00,test,0.0,0.0,0.0,0.0,0.02772174774140006,0.019069906905050678,0.02360147744137536,0.0,0.24793230483943063,2.420551829511484
2019-06-13 13:15:00+00:00,2019-06-13 13:30:00+00:00,test,0.0,0.0,0.0,0.0,0.02772174774140006,0.02606833770217614,0.02360147744137536,0.0,0.3301502569558554,2.0924399685712167
2019-06-13 13:30:00+00:00,2019-06-13 13:45:00+00:00,test,0.0,0.0,0.0,0.0,0.02772174774140006,0.02606833770217614,0.02360147744137536,0.0,0.26055973568349433,1.8691782184840706
2019-06-13 13:45:00+00:00,2019-06-13 14:00:00+00:00,test,0.0,0.0,0.0,0.0,0.02772174774140006,0.03126147703121387,0.02360147744137536,0.0,0.30324167729124074,1.1993287895750289
2019-06-13 14:00:00+00:00,2019-06-13 14:15:00+00:00,test,0.0,0.0,0.0,0.0,0.02772174774140006,0.03178935223239523,0.02360147744137536,0.0,0.2727093788556374,1.2836999516624017
2019-06-13 14:15:00+00:00,2019-06-13 14:30:00+00:00,test,0.0,0.0,0.0,0.0,0.02772174774140006,0.03178935223239523,0.02360147744137536,0.0,0.21659599555040643,1.680993721341447
2019-06-13 14:30:00+00:00,2019-06-13 14:45:00+00:00,test,0.0,0.0,0.0,0.0,0.02772174774140006,0.03178935223239523,0.02360147744137536,0.0,0.302003748739871,1.0527091130109847
2019-06-13 14:45:00+00:00,2019-06-13 15:00:00+00:00,test,0.0,0.0,0.0,0.0,0.02772174774140006,0.03510175782868233,0.02399107800660671,0.0,0.30831950871522995,1.0948727750512006
2019-06-13 15:00:00+00:00,2019-06-13 15:15:00+00:00,test,0.0,0.0,0.0,0.0,0.02772174774140006,0.03178935223239523,0.02360147744137536,0.0,0.02943913683980437,1.2123894433081484
2019-06-13 15:15:00+00:00,2019-06-13 15:30:00+00:00,test,0.0,0.0,0.0,0.0,0.02772174774140006,0.03778307374489008,0.02360147744137536,0.0,0.01904463534023204,1.410688649483709
2019-06-13 15:30:00+00:00,2019-06-13 15:45:00+00:00,test,0.0,0.0,0.0,0.0,0.02772174774140006,0.03778307374489008,0.02360147744137536,0.0,0.02671951185519461,1.4236891109547631
