origin_utc,target_utc,actual_MW,target_irradiance_Wm2,persistence_seed0,HGB_local_seed42,HGB_local_surface_seed42,HGB_local_surface_pressure_seed42,LSTM_seed17,LSTM_seed42,LSTM_seed2026,GRU_seed17,GRU_seed42,GRU_seed2026
2019-05-30 00:00:00+00:00,2019-05-30 01:00:00+00:00,15.1655,499.0,9.728907,14.452347503524454,15.107881272541553,14.613795733181231,12.875680815155029,12.727369438583374,12.672166477615356,15.516259561950683,14.944887052947998,14.602288614685058
2019-05-30 00:15:00+00:00,2019-05-30 01:15:00+00:00,16.211559,507.0,12.23578,17.092792497726915,17.252680003192253,16.531652550223427,15.578140496520996,15.170268773345947,15.068927764205933,18.074574231414793,17.256644486694334,16.95700001647949
2019-05-30 00:30:00+00:00,2019-05-30 01:30:00+00:00,17.07081,555.0,13.28316,18.73744669011095,18.1599774854503,17.32221469721056,16.696678428802493,15.816268234405518,16.185165195617678,18.649228840026858,18.07140329376221,17.38688304916382
2019-05-30 00:45:00+00:00,2019-05-30 01:45:00+00:00,19.160749,598.0,15.70931,19.316894496727933,19.12918663724431,18.981560960657344,19.449694101867678,17.151338403282168,18.369187300262453,20.349892561492922,19.564675037918093,19.07975954299927
2019-05-30 01:00:00+00:00,2019-05-30 02:00:00+00:00,21.60331,718.0,15.1655,19.9072683766295,20.248636467906916,20.22251447412969,18.774115159988405,16.917186811447145,17.61167795944214,20.48650582122803,19.6351044921875,19.139299467086794
2019-05-30 01:15:00+00:00,2019-05-30 02:15:00+00:00,23.058439,752.0,16.211559,20.106791070856307,20.473086414338113,20.932797501949658,19.87102836607361,18.101202907547,18.45048803327942,21.253740491851808,20.653056325897218,19.874208631500245
2019-05-30 01:30:00+00:00,2019-05-30 02:30:00+00:00,15.94644,514.0,17.07081,21.772526102900393,21.136143569072598,22.30087759226488,20.48580400138855,18.963088194427492,18.925386706886293,22.017220655975343,21.0956017175293,21.045206705627443
2019-05-30 01:45:00+00:00,2019-05-30 02:45:00+00:00,19.848061,626.0,19.160749,24.16630866444498,22.54081203238218,23.721533966326707,22.576051515029906,21.394759219573974,20.668389600204467,23.482758086608886,22.71791462271118,22.961733621047973
2019-05-30 02:00:00+00:00,2019-05-30 03:00:00+00:00,11.49619,378.0,21.60331,25.584252573636995,25.17880146522582,26.606410756725413,24.665577541885376,23.153566967544556,22.273026119766236,25.04744423538208,24.9134062638855,25.187630545196534
2019-05-30 02:15:00+00:00,2019-05-30 03:15:00+00:00,27.31225,898.0,23.058439,24.826755170245686,24.685909340914375,26.032229554616602,25.522329314102173,23.99140368257904,22.52285574232483,25.798075659622192,24.858733160842895,26.273810131896973
2019-05-30 02:30:00+00:00,2019-05-30 03:30:00+00:00,22.662939,593.0,15.94644,19.850752503163044,20.823350942587634,23.076086462107,18.187392730178836,19.19986655181885,15.469989735546113,19.114877004089358,19.184397239151004,20.33898140853882
2019-05-30 02:45:00+00:00,2019-05-30 03:45:00+00:00,24.052,785.0,19.848061,18.95387007364934,20.22044490814282,22.197080589585145,21.731944118629457,21.434917842041017,18.405324255119325,21.81148007978058,20.878968511711122,23.238483344207765
2019-05-30 03:00:00+00:00,2019-05-30 04:00:00+00:00,27.84075,995.0,11.49619,15.219766120433224,16.072106758893707,16.416903485459276,13.301785397949219,18.274031091156004,11.723765734257698,16.061859059753417,17.006498742523192,17.925229478302
2019-05-30 03:15:00+00:00,2019-05-30 04:15:00+00:00,19.74044,613.0,27.31225,21.687273716779057,23.996089709176893,23.84997655492838,28.482202392578124,27.361697700381278,25.36551747894287,27.664749783039092,25.677999716758727,29.5682416973114
2019-05-30 03:30:00+00:00,2019-05-30 04:30:00+00:00,6.397672,204.0,22.662939,20.458374119507226,22.90630847954898,23.33588878908317,23.445110189785005,25.109075474609376,20.893765854705812,23.450830745567323,22.004149126876833,25.340640950073244
2019-05-30 03:45:00+00:00,2019-05-30 04:45:00+00:00,5.2507660000000005,152.0,24.052,18.626085727209336,21.531373434822044,22.613809024795117,24.267058714151382,24.70235080909729,21.831244661331176,23.058957113742828,21.60514326286316,25.20781250190735
2019-05-30 04:00:00+00:00,2019-05-30 05:00:00+00:00,6.6146720000000006,180.0,27.84075,18.806874271076197,21.40179441252448,22.76490842571148,27.05770101261139,27.194647988796234,25.0526640625,25.732167503356933,23.715214988708496,27.394528797388077
2019-05-30 04:15:00+00:00,2019-05-30 05:15:00+00:00,9.116625,269.0,19.74044,16.179285188913685,18.305763299059137,18.77301817538763,18.62586926311493,21.61811481803894,17.159636605682373,19.236004103126525,18.009689200820922,20.75434755176544
2019-05-30 04:30:00+00:00,2019-05-30 05:30:00+00:00,28.39813,890.0,6.397672,9.735408921636775,12.82747907075292,14.291036106332019,5.847809674808502,15.542224230834961,6.079030456611633,10.176407637664795,11.73826962954712,11.910753550598145
2019-05-30 04:45:00+00:00,2019-05-30 05:45:00+00:00,25.23019,782.0,5.2507660000000005,13.305422646759055,14.575292400686997,14.67440391568316,4.813619187322617,13.19486590310669,4.234910568443299,9.166298350540162,11.280844411102295,10.904047211853028
2019-05-30 05:00:00+00:00,2019-05-30 06:00:00+00:00,17.849119,314.0,6.6146720000000006,11.954704802325667,11.717512214444268,14.06093994361775,5.725984866210938,12.99393921572876,4.03847103793335,9.644957120010377,11.824676329681397,11.445813948699952
2019-05-30 05:15:00+00:00,2019-05-30 06:15:00+00:00,8.77625,278.0,9.116625,10.242179806705183,11.952793258552303,11.943463008550024,7.929184366226197,13.83914868927002,5.582866359710694,11.27405898666382,12.229358602523805,12.299562383651734
2019-05-30 05:30:00+00:00,2019-05-30 06:30:00+00:00,8.165937,248.0,28.39813,16.85176135097168,20.087179262271565,20.158582976083014,25.401381075744627,25.087554037933348,20.82863479888916,24.64156657493591,22.318864405517576,25.264899552230833
2019-05-30 05:45:00+00:00,2019-05-30 06:45:00+00:00,8.964375,221.0,25.23019,17.05915215737935,20.966355315757646,19.79801498006969,21.43222685760498,21.973196706237793,16.83081599182129,21.182422360839844,18.500779351654053,21.072644433441162
2019-05-30 06:00:00+00:00,2019-05-30 07:00:00+00:00,20.476749,594.0,17.849119,9.061528591366255,8.549219838140782,8.69082318184372,14.221602968734743,16.473877481979372,10.289576820892336,15.006702236694338,13.804054550689699,15.099405579132082
2019-05-30 06:15:00+00:00,2019-05-30 07:15:00+00:00,22.438061,670.0,8.77625,8.496472907980372,8.06378488322683,7.415386138063978,5.395886297225951,9.509554142951965,2.6735211563110344,7.5907354307174675,7.590886468887328,8.034870381355285
2019-05-30 06:30:00+00:00,2019-05-30 07:30:00+00:00,14.14656,309.0,8.165937,9.018094018371341,7.338255856998771,8.005510537255928,5.30985241481018,8.322395586454391,2.925354057037353,7.426844709598541,7.077282481872558,7.296750062191009
2019-05-30 06:45:00+00:00,2019-05-30 07:45:00+00:00,13.77534,542.0,8.964375,8.169160702124994,6.562505015673968,7.1351026730166005,6.172013025283814,8.5395862865448,4.27841947555542,7.617555956840516,7.676381449699402,7.6813047933578495
2019-05-30 07:00:00+00:00,2019-05-30 08:00:00+00:00,14.44931,468.0,20.476749,9.709629181425923,9.237732246135488,8.525091179255062,16.460526046203615,16.935353335784914,13.663262900756838,15.292577800201418,14.478657779144289,15.4208784670105
2019-05-30 07:15:00+00:00,2019-05-30 08:15:00+00:00,8.814751,207.0,22.438061,8.427362608291139,10.185946101216565,8.586922843488399,17.78012871850586,18.122232199798585,14.659134627471925,16.06662488092041,15.093713046203614,15.884879828582765
2019-05-30 07:30:00+00:00,2019-05-30 08:30:00+00:00,7.736969,313.0,14.14656,5.095333513846469,6.798717037031279,6.047022840408389,9.803376959381103,11.472495125350951,7.624570177612304,9.906016157684325,9.255614088592528,9.444043444213866
2019-05-30 07:45:00+00:00,2019-05-30 08:45:00+00:00,3.727719,117.0,13.77534,5.067119561861546,6.449032858481353,5.815098787398615,9.22676126083374,10.750403562393188,7.219878116455078,8.951212325897217,8.287746826019287,8.374732414093017
2019-05-30 08:00:00+00:00,2019-05-30 09:00:00+00:00,3.627203,110.0,14.44931,5.440244107891427,5.68513021018198,4.609314039380479,9.787448580322266,10.904223139343262,8.041084940490723,8.610115702209473,8.362575705108643,8.177696878967286
2019-05-30 08:15:00+00:00,2019-05-30 09:15:00+00:00,2.80793,89.0,8.814751,3.7885898971468257,3.7229507191993494,3.1750803657432014,4.9356597371826165,6.283407063079833,4.044148773742675,4.920928568435668,4.30686935861206,4.2339361615905755
2019-05-30 08:30:00+00:00,2019-05-30 09:30:00+00:00,3.041117,89.0,7.736969,2.576400526258895,3.918345774486388,3.2547567005011016,4.252127891677857,5.255647903579712,3.4811215459289553,4.006538635391236,3.427165514129639,3.2620601712646486
2019-05-30 08:45:00+00:00,2019-05-30 09:45:00+00:00,2.05986,64.0,3.727719,0.6608091260442814,1.2558871825486797,1.3158077643691704,0.8956903726043701,2.2602445393981934,0.572105100769043,1.200128725189209,1.2560073644104004,0.7364241391601563
2019-05-30 09:00:00+00:00,2019-05-30 10:00:00+00:00,2.113727,65.0,3.627203,0.28557039890478,0.5496817952039614,0.5140257412137185,1.317719233444214,1.905739081314087,0.6167817239074709,0.9559404973297121,1.2539096001892092,0.5374860886840822
2019-05-30 09:15:00+00:00,2019-05-30 10:15:00+00:00,1.279277,43.0,2.80793,0.0,0.3012296066767385,0.032149537627495305,0.9912339522171019,1.2305606676864622,0.002723224334716612,0.49894786613464337,0.7314198090362547,0.0
2019-05-30 09:30:00+00:00,2019-05-30 10:30:00+00:00,1.309793,42.0,3.041117,0.0,0.24444927537975386,0.0,1.5588275665206908,1.4512597793502806,0.3337281221313475,0.9435050958557127,1.1099652522964476,0.1830301755828856
2019-05-30 09:45:00+00:00,2019-05-30 10:45:00+00:00,0.956102,31.0,2.05986,0.2748575424813064,0.3548636181226186,0.2901805280882205,0.9091050714111328,0.6045373767471314,0.0,0.4478367656326294,0.4237073749160767,0.0
2019-05-30 10:00:00+00:00,2019-05-30 11:00:00+00:00,0.623506,20.0,2.113727,0.2824906566946776,0.201949382483959,0.0,1.1806707646865844,0.6103137996215819,0.0,0.21504631304931632,0.3659862544555663,0.0
2019-05-30 10:15:00+00:00,2019-05-30 11:15:00+00:00,0.345659,11.0,1.279277,0.28409560812501156,0.16864543879477784,0.0,0.3181493015785217,0.008666309883117673,0.0,0.0,0.0,0.0
2019-05-30 10:30:00+00:00,2019-05-30 11:30:00+00:00,0.0751059999999999,2.0,1.309793,0.29094745157353186,0.07112883919184046,0.012271187831910807,0.3853895709686279,0.2045306012802124,0.0,0.0,0.11372220970916747,0.0
2019-05-30 10:45:00+00:00,2019-05-30 11:45:00+00:00,0.0,0.0,0.956102,0.17068921689538735,0.1521294715015381,0.0,0.20761184525680543,0.02090256047439576,0.0,0.0,0.0,0.0
2019-05-30 11:00:00+00:00,2019-05-30 12:00:00+00:00,0.0017699999999999,0.0,0.623506,0.12357076627427548,0.3616945108690767,0.20055554940959305,0.37178867097473145,0.0,0.0,0.0,0.0,0.0
2019-05-30 11:15:00+00:00,2019-05-30 12:15:00+00:00,0.010762,0.0,0.345659,0.06703691342613737,0.32973762558427305,0.16878777238268963,0.4315792519059181,0.0,0.0,0.0,0.0,0.0
2019-05-30 11:30:00+00:00,2019-05-30 12:30:00+00:00,0.001945,0.0,0.0751059999999999,0.0,0.2602330971389236,0.10336522837304334,0.3119306912956237,0.0,0.0,0.0,0.0,0.0
2019-05-30 11:45:00+00:00,2019-05-30 12:45:00+00:00,0.0,0.0,0.0,0.0,0.24830444405607666,0.09216809046663459,0.3508489429950714,0.0,0.0,0.0,0.0,0.0
2019-05-30 12:00:00+00:00,2019-05-30 13:00:00+00:00,0.0,0.0,0.0017699999999999,0.0,0.2917533323171557,0.14898759034204936,0.5316811604690551,0.0,0.0,0.0,0.0,0.0
2019-05-30 12:15:00+00:00,2019-05-30 13:15:00+00:00,0.0,0.0,0.010762,0.0,0.28603014609330646,0.11398413669381675,0.6078461050148011,0.0,0.0,0.0,0.09618969402265548,0.0
2019-05-30 12:30:00+00:00,2019-05-30 13:30:00+00:00,0.0,0.0,0.001945,0.0,0.2917533323171557,0.11398413669381675,0.7064060381126404,0.0,0.0,0.0,0.14016072065353394,0.0
2019-05-30 12:45:00+00:00,2019-05-30 13:45:00+00:00,0.0,0.0,0.0,0.0,0.2917533323171557,0.102786998787408,0.7951179146766663,0.0,0.0,0.0,0.16557149589061737,0.0
2019-05-30 13:00:00+00:00,2019-05-30 14:00:00+00:00,0.0,0.0,0.0,0.0,0.0,0.014907824509748634,0.9652517437934875,0.0,0.0,0.0,0.19410407543182373,0.0
2019-05-30 13:15:00+00:00,2019-05-30 14:15:00+00:00,0.0,0.0,0.0,0.0,0.0,0.012513866137716732,1.016481637954712,0.0,0.0,0.0,0.3103233575820923,0.0
2019-05-30 13:30:00+00:00,2019-05-30 14:30:00+00:00,0.0,0.0,0.0,0.0,0.0,0.014907824509748634,1.0741722583770752,0.0,0.0,0.0,0.2694600224494934,0.0
2019-05-30 13:45:00+00:00,2019-05-30 14:45:00+00:00,0.0,0.0,0.0,0.0,0.0,0.014907824509748634,1.1249839067459106,0.0,0.0,0.0,0.3838423788547516,0.0
2019-05-30 14:00:00+00:00,2019-05-30 15:00:00+00:00,0.0,0.0,0.0,0.0,0.03719916334970026,0.0,1.1299527883529663,0.0,0.0,0.0,0.5984818339347839,0.0
2019-05-30 14:15:00+00:00,2019-05-30 15:15:00+00:00,0.0,0.0,0.0,0.0,0.03719916334970026,0.0,1.1585862636566162,0.08824736624956131,0.0,0.0,0.6573854088783264,0.0
2019-05-30 14:30:00+00:00,2019-05-30 15:30:00+00:00,0.0,0.0,0.0,0.0,0.03719916334970026,0.0,1.1499497890472412,0.04759812355041504,0.0,0.0,0.7234760522842407,0.0
2019-05-30 14:45:00+00:00,2019-05-30 15:45:00+00:00,0.0,0.0,0.0,0.0,0.04524727437937784,0.0,1.2018216848373413,0.0,0.0,0.0,0.5900017023086548,0.0
2019-05-30 15:00:00+00:00,2019-05-30 16:00:00+00:00,0.0,0.0,0.0,0.0,0.022532742310904106,0.030390756533727956,1.236001968383789,0.06568583846092224,0.0,0.0,0.7598974704742432,0.0
2019-05-30 15:15:00+00:00,2019-05-30 16:15:00+00:00,0.0,0.0,0.0,0.0,0.022532742310904106,0.030390756533727956,1.2308403253555298,0.1942097395658493,0.0,0.0,0.824314296245575,0.0
2019-05-30 15:30:00+00:00,2019-05-30 16:30:00+00:00,0.0,0.0,0.0,0.0,0.023585441987355755,0.03161403362336485,1.2121213674545288,0.21228338778018951,0.0,0.0,0.8265846967697144,0.0
2019-05-30 15:45:00+00:00,2019-05-30 16:45:00+00:00,0.0,0.0,0.0,0.0,0.026553016832016853,0.03161403362336485,1.2050728797912598,0.187644824385643,0.0,0.0,0.8151858448982239,0.0
2019-05-30 16:00:00+00:00,2019-05-30 17:00:00+00:00,0.0,0.0,0.0,0.020892816477942788,0.02893642651994876,0.03455055518965866,1.0363966226577759,0.0828004851937294,0.0,0.0,0.921725869178772,0.0
2019-05-30 16:15:00+00:00,2019-05-30 17:15:00+00:00,0.0,0.0,0.0,0.0,0.019185403787534666,0.029220075251332953,1.0120372772216797,0.18565580248832703,0.0,0.0,0.9557334184646606,0.0
2019-05-30 16:30:00+00:00,2019-05-30 17:30:00+00:00,0.0,0.0,0.0,0.021917555517739114,0.02893642651994876,0.03455055518965866,0.8825793862342834,0.17707742750644684,0.0,0.0,0.9623435139656067,0.0
2019-05-30 16:45:00+00:00,2019-05-30 17:45:00+00:00,0.0,0.0,0.0,0.021917555517739114,0.02893642651994876,0.03455055518965866,0.8027159571647644,0.18180234730243683,0.0,0.0,0.9481651782989502,0.0
2019-05-30 17:00:00+00:00,2019-05-30 18:00:00+00:00,0.0,0.0,0.0,0.021917555517739114,0.024908590011383916,0.03008860752711428,0.776888370513916,0.2203204184770584,0.0,0.0,0.962600588798523,0.0
2019-05-30 17:15:00+00:00,2019-05-30 18:15:00+00:00,0.0,0.0,0.0,0.021917555517739114,0.024908590011383916,0.03008860752711428,0.7620184421539307,0.29151251912117004,0.0,0.0,0.9671385884284973,0.0
2019-05-30 17:30:00+00:00,2019-05-30 18:30:00+00:00,0.0,0.0,0.0,0.021917555517739114,0.024908590011383916,0.03008860752711428,0.8298776745796204,0.4165128767490387,0.06145331636071205,0.0,0.9926421642303467,0.0
2019-05-30 17:45:00+00:00,2019-05-30 18:45:00+00:00,0.0,0.0,0.0,0.0,0.019185403787534666,0.03008860752711428,0.9164649844169617,0.5488561987876892,0.19556114077568054,0.0,1.012900948524475,0.0
2019-05-30 18:00:00+00:00,2019-05-30 19:00:00+00:00,0.0,0.0,0.0,0.0,0.023240354697623183,0.03008860752711428,1.0839959383010864,0.6675388216972351,0.3676307797431946,0.0,1.0476535558700562,0.0
2019-05-30 18:15:00+00:00,2019-05-30 19:15:00+00:00,0.0,0.0,0.0,0.0,0.023240354697623183,0.03008860752711428,1.2350324392318726,0.8117349743843079,0.5360013246536255,0.0,1.0763694047927856,0.0
2019-05-30 18:30:00+00:00,2019-05-30 19:30:00+00:00,0.0,0.0,0.0,0.0,0.017517168473773933,0.03008860752711428,1.3745352029800415,0.918455958366394,0.6738273501396179,0.0,1.0981718301773071,0.061221152544021606
2019-05-30 18:45:00+00:00,2019-05-30 19:45:00+00:00,0.0,0.0,0.0,0.0,0.023240354697623183,0.03008860752711428,1.5172169208526611,1.0379879474639893,0.8326616883277893,0.0,1.1572753190994263,0.17240318655967712
2019-05-30 19:00:00+00:00,2019-05-30 20:00:00+00:00,0.0,0.0,0.0,0.0,0.023240354697623183,0.02827422492149216,1.751994013786316,1.055006980895996,1.0005327463150024,0.0,1.2510108947753906,0.3803558349609375
2019-05-30 19:15:00+00:00,2019-05-30 20:15:00+00:00,0.0,0.0,0.0,0.0,0.017517168473773933,0.02827422492149216,1.9335370063781738,1.1530991792678833,1.1897081136703491,0.00764146214351058,1.3651536703109741,0.502346396446228
2019-05-30 19:30:00+00:00,2019-05-30 20:30:00+00:00,0.0,0.0,0.0,0.0,0.023240354697623183,0.02827422492149216,2.087989091873169,1.260325312614441,1.384464144706726,0.12088501453399658,1.4684957265853882,0.6648212671279907
2019-05-30 19:45:00+00:00,2019-05-30 20:45:00+00:00,0.0,0.0,0.0,0.0,0.017517168473773933,0.02827422492149216,2.2011914253234863,1.3523458242416382,1.5665608644485474,0.2099301964044571,1.6103070974349976,0.7881143689155579
2019-05-30 20:00:00+00:00,2019-05-30 21:00:00+00:00,0.0,0.0,0.0,0.05964968399194418,0.054963895168732665,0.03312332616561196,2.319002151489258,1.3054958581924438,1.738276481628418,0.42620357871055603,1.669076681137085,1.0725723505020142
2019-05-30 20:15:00+00:00,2019-05-30 21:15:00+00:00,0.207515,7.0,0.0,0.05964968399194418,0.049240708944883416,0.03312332616561196,2.4601328372955322,1.427833080291748,1.8851826190948486,0.7000200152397156,1.824967622756958,1.2824039459228516
2019-05-30 20:30:00+00:00,2019-05-30 21:30:00+00:00,0.605896,25.0,0.0,0.13697777054351054,0.12445782831991115,0.03312332616561196,2.5586819648742676,1.550574541091919,2.0328779220581055,0.9822567701339722,1.9675811529159546,1.48812735080719
2019-05-30 20:45:00+00:00,2019-05-30 21:45:00+00:00,1.062359,43.0,0.0,0.2836631358311155,0.3092498521219894,0.11268406970309397,2.6533565521240234,1.6955931186676025,2.230858325958252,1.2506606578826904,2.124948501586914,1.7428292036056519
2019-05-30 21:00:00+00:00,2019-05-30 22:00:00+00:00,1.539672,59.0,0.0,0.48950286599586523,0.5097984774027648,0.6493732530971308,2.8130722045898438,1.6062077283859253,2.563502788543701,1.854687213897705,2.142655611038208,2.191138505935669
2019-05-30 21:15:00+00:00,2019-05-30 22:15:00+00:00,2.067406,74.0,0.207515,1.5778493281790824,1.5759607758171734,1.4715967175927176,3.190157650604248,1.969014524116516,2.9817101942443847,2.4100358473205565,2.46976709236145,2.7328948961639403
2019-05-30 21:30:00+00:00,2019-05-30 22:30:00+00:00,2.594102,112.0,0.605896,2.0745036293287815,2.0605336838793047,1.8772609933692928,3.8787453213653564,2.687512163253784,3.706536296936035,3.2310798207244873,3.018696073623657,3.762554172607422
2019-05-30 21:45:00+00:00,2019-05-30 22:45:00+00:00,3.479875,149.0,1.062359,2.459293259190759,2.6956452045903028,2.1982529621412064,4.6211961753692625,3.859467173370361,4.43624963835144,3.701813126358032,3.812960291656494,4.9012934215393065
2019-05-30 22:00:00+00:00,2019-05-30 23:00:00+00:00,4.651719,186.0,1.539672,4.278924002149665,4.254442982252252,3.6797227004034596,5.314106804916381,5.008360249588012,5.586324793884277,4.6752897330017085,4.624376160690307,6.157018763610839
2019-05-30 22:15:00+00:00,2019-05-30 23:15:00+00:00,6.088578,237.0,2.067406,5.525525486237186,5.433966162727847,5.021504595192427,6.050582708221436,6.146268190246582,6.7503622187194825,5.700679124694824,5.523679317337036,7.443419278961182
2019-05-30 22:30:00+00:00,2019-05-30 23:30:00+00:00,7.708094,297.0,2.594102,6.273830342078518,6.976934539049749,6.466792731591347,6.735232447387695,7.383444880249023,7.889843081237792,6.73601922869873,6.2997787940521235,8.501993273498535
2019-05-30 22:45:00+00:00,2019-05-30 23:45:00+00:00,9.562,355.0,3.479875,7.866121936770552,8.500700856585057,8.094473222748302,7.761479290008545,8.80117741394043,9.352614315032959,8.139595420837402,7.535738380432129,10.00696650314331
2019-06-01 03:45:00+00:00,2019-06-01 04:45:00+00:00,27.620689,913.0,12.05072,17.326692489282948,18.670570800751282,19.991591002135994,10.175788783760071,14.752192043991089,13.05579378578186,14.359569334716797,12.781828844280243,15.745866083831787
2019-06-01 04:00:00+00:00,2019-06-01 05:00:00+00:00,25.445881,851.0,10.528,11.109047990461484,16.567960046335664,18.469459308182238,8.554704907417298,14.283360364913941,11.026000413179398,13.527369382858277,11.4330013422966,14.938892486572266
2019-06-01 04:15:00+00:00,2019-06-01 05:15:00+00:00,25.510189,794.0,10.96288,14.56184786915305,18.852728446444527,20.345869307490297,8.593165024642945,13.046436652069092,10.483533516054154,12.806414469604492,11.080327763681412,14.015475138549805
2019-06-01 04:30:00+00:00,2019-06-01 05:30:00+00:00,24.028810999999997,770.0,29.462999,21.31139858167206,24.063469963661213,25.851509332424463,25.135745658325195,24.09052242224121,26.49135340635681,25.489473237442017,22.595654143737793,25.203354491638184
2019-06-01 04:45:00+00:00,2019-06-01 05:45:00+00:00,24.206869,773.0,27.620689,21.77421267127753,24.160907553718587,24.879496966100838,22.548408116210936,21.635906304229735,23.62475165258789,23.244343842376708,20.24594315420532,22.64860257040405
2019-06-01 05:00:00+00:00,2019-06-01 06:00:00+00:00,23.749689,737.0,25.445881,18.628213714903538,20.72371181993258,21.696476885864172,19.809941401916504,18.79486905618286,20.686604609924316,20.29704057260132,17.976497760253906,19.69363318963623
2019-06-01 05:15:00+00:00,2019-06-01 06:15:00+00:00,23.038309,711.0,25.510189,17.81004298153767,19.734616549232467,20.996784016165357,19.58271259390259,18.343580666412354,20.248144570220948,20.03753561102295,17.9295062454834,19.161578122009278
2019-06-01 05:30:00+00:00,2019-06-01 06:30:00+00:00,22.25038,683.0,24.028810999999997,16.46214680863721,18.274471298910825,19.057517804239353,17.93762924493408,16.84112169564819,18.619884513031003,18.572464488159177,16.582816622863767,17.435760043273923
2019-06-01 05:45:00+00:00,2019-06-01 06:45:00+00:00,21.283501,651.0,24.206869,14.574638987605091,17.657992232653466,17.289107079512803,17.999762409729005,16.18277918676758,18.08936869482422,17.887186878723146,16.26119362692261,16.744557732147218
2019-06-01 06:00:00+00:00,2019-06-01 07:00:00+00:00,20.291691,616.0,23.749689,13.735625443647761,17.770097350849998,16.738134905959193,17.293046372283936,16.43175734793091,17.453608410705566,17.141724961151123,16.10632266317749,16.16758860861206
2019-06-01 06:15:00+00:00,2019-06-01 07:15:00+00:00,19.04175,577.0,23.038309,12.328414025932512,16.388750096860324,15.2308361484739,16.755959890350343,15.325825593933107,16.557319066986086,16.14176931188965,15.317412279113771,15.154354475006105
2019-06-01 06:30:00+00:00,2019-06-01 07:30:00+00:00,17.37925,528.0,22.25038,12.964200417901488,15.803723562805732,14.155486385139357,16.126204451446533,14.673668822174072,16.051040610198974,16.07150693786621,14.940182646636963,14.27745815170288
2019-06-01 06:45:00+00:00,2019-06-01 07:45:00+00:00,16.264059,490.0,21.283501,11.840402210038434,13.728496616247945,12.576297161396589,15.00383266885376,14.211082787109376,14.532402367187501,14.676287502838136,13.917515606475831,13.700181812835694
2019-06-01 07:00:00+00:00,2019-06-01 08:00:00+00:00,14.58669,435.0,20.291691,11.374014548549297,13.259141911703418,12.24995559576047,13.959740335479736,13.439582998291016,13.543076688781738,13.330882246032715,12.961143667236328,12.744513208404541
2019-06-01 07:15:00+00:00,2019-06-01 08:15:00+00:00,12.92288,384.0,19.04175,7.797396545132733,10.660483356746882,9.864209187766471,12.952424095153809,11.719181583404541,12.376121566772461,12.497638271331788,11.700841949462891,11.711783931732178
2019-06-01 07:30:00+00:00,2019-06-01 08:30:00+00:00,11.19672,327.0,17.37925,7.382832968421757,9.273641148045622,8.231995237863005,11.21678728866577,10.84651608276367,10.711443851470946,11.22800440597534,10.571055839538573,10.812121341705321
2019-06-01 07:45:00+00:00,2019-06-01 08:45:00+00:00,9.829094,287.0,16.264059,6.646370181749052,8.507572607489623,8.01823177193656,10.29702322958374,9.898440294250488,9.687358312591552,10.60504620550537,9.661966257080078,9.961961679443359
2019-06-01 08:00:00+00:00,2019-06-01 09:00:00+00:00,8.425375,243.0,14.58669,5.365213094363336,4.469997413342305,4.395311373806536,8.820434621276856,8.060690930786134,7.885374597015382,8.020637563171388,7.294946244659425,7.877433350982667
2019-06-01 08:15:00+00:00,2019-06-01 09:15:00+00:00,6.899047,199.0,12.92288,4.7941793569456985,4.502319172345399,4.367628018721092,7.436279124145507,7.840082472686767,6.808203047637939,6.561488932495116,6.685478991394042,6.695358103637695
2019-06-01 08:30:00+00:00,2019-06-01 09:30:00+00:00,5.532953,164.0,11.19672,2.5208396515565332,2.566061662392802,2.4981221379540774,6.347715254516601,6.609917517395019,5.8140491206359854,5.375100012512206,5.276322718353271,5.523646708221435
2019-06-01 08:45:00+00:00,2019-06-01 09:45:00+00:00,4.2515160000000005,120.0,9.829094,1.4847719669162898,1.5666872675798107,1.5877409455380027,5.275855131286621,6.589681692260742,5.258348055023193,5.037551946777343,5.168230123657226,5.0560532285156246
2019-06-01 09:00:00+00:00,2019-06-01 10:00:00+00:00,3.1642189999999997,96.0,8.425375,1.4114286859892131,1.7332258437612826,1.1983438603296335,4.368082538604737,4.815444484710694,4.321554199218751,3.751866832733155,3.7777190361022956,3.4738035354614265
2019-06-01 09:15:00+00:00,2019-06-01 10:15:00+00:00,2.335594,75.0,6.899047,0.7279372944902612,0.7977414585901974,0.3506120402755173,3.300459963867188,3.519393307754517,3.4158652849884037,2.7573681898803715,2.5125609465332035,2.448765856811524
2019-06-01 09:30:00+00:00,2019-06-01 10:30:00+00:00,1.773406,59.0,5.532953,0.31520285954826993,0.3766240429517537,0.33991024466967845,2.2126867532043457,3.2088246106414795,2.507280325820923,1.9921371697692871,2.157708859375,1.6881813763885498
2019-06-01 09:45:00+00:00,2019-06-01 10:45:00+00:00,1.256691,42.0,4.2515160000000005,0.0,0.2322083556934168,0.30664688657203837,1.3272842323455816,2.5564201032791143,1.6161109363708501,1.2026072895202642,1.395409718719483,0.8958562767181402
2019-06-01 10:00:00+00:00,2019-06-01 11:00:00+00:00,0.7286020000000001,25.0,3.1642189999999997,0.0,0.0,0.0,0.9317987939300534,1.5481941482009884,0.744884826797485,0.21031747068786588,0.4376498242797848,0.0
2019-06-01 10:15:00+00:00,2019-06-01 11:15:00+00:00,0.358005,13.0,2.335594,0.0,0.0,0.0,0.7385124579849243,0.8478676692428588,0.16518241323852534,0.0,0.0,0.0
2019-06-01 10:30:00+00:00,2019-06-01 11:30:00+00:00,0.054027,3.0,1.773406,0.0,0.0,0.0,0.5585671375808716,0.4662744711456299,0.0,0.0,0.0,0.0
2019-06-01 10:45:00+00:00,2019-06-01 11:45:00+00:00,0.0,0.0,1.256691,0.0,0.0,0.0,0.25230147554016114,0.10391416265106201,0.0,0.0,0.0,0.0
2019-06-01 11:00:00+00:00,2019-06-01 12:00:00+00:00,0.0,0.0,0.7286020000000001,0.0,0.0,0.0,0.1996994097251893,0.0,0.0,0.0,0.0,0.0
2019-06-01 11:15:00+00:00,2019-06-01 12:15:00+00:00,0.0,0.0,0.358005,0.0,0.0,0.0,0.0,0.0,0.0,0.0,0.0,0.0
2019-06-01 11:30:00+00:00,2019-06-01 12:30:00+00:00,0.0,0.0,0.054027,0.0,0.0,0.0,0.0,0.0,0.0,0.0,0.0,0.0
2019-06-01 11:45:00+00:00,2019-06-01 12:45:00+00:00,0.0,0.0,0.0,0.0,0.0,0.0,0.0,0.0,0.0,0.0,0.0,0.0
2019-06-01 12:00:00+00:00,2019-06-01 13:00:00+00:00,0.0,0.0,0.0,0.0,0.0,0.0,0.0,0.0,0.0,0.0,0.0,0.0
2019-06-01 12:15:00+00:00,2019-06-01 13:15:00+00:00,0.0,0.0,0.0,0.0,0.05011365783653858,0.09442437505392161,0.0,0.0,0.0,0.0,0.0,0.0
2019-06-01 12:30:00+00:00,2019-06-01 13:30:00+00:00,0.0,0.0,0.0,0.0,0.05583684406038783,0.09442437505392161,0.03324884921312332,0.0,0.0,0.0,0.0,0.0
2019-06-01 12:45:00+00:00,2019-06-01 13:45:00+00:00,0.0,0.0,0.0,0.0,0.05583684406038783,0.09442437505392161,0.10501499474048615,0.0,0.0,0.0,0.0,0.0
2019-06-01 13:00:00+00:00,2019-06-01 14:00:00+00:00,0.0,0.0,0.0,0.0,0.05583684406038783,0.10322890076907289,0.09209445118904114,0.0,0.0,0.0,0.0,0.0
2019-06-01 13:15:00+00:00,2019-06-01 14:15:00+00:00,0.0,0.0,0.0,0.0,0.05583684406038783,0.10322890076907289,0.13698598742485046,0.0,0.0,0.0,0.0,0.0
2019-06-01 13:30:00+00:00,2019-06-01 14:30:00+00:00,0.0,0.0,0.0,0.0,0.06388495509006543,0.1056228591411048,0.20113737881183624,0.0,0.0,0.0,0.0,0.0
2019-06-01 13:45:00+00:00,2019-06-01 14:45:00+00:00,0.0,0.0,0.0,0.0,0.06388495509006543,0.1056228591411048,0.15762591361999512,0.0,0.0,0.0,0.0,0.0
2019-06-01 14:00:00+00:00,2019-06-01 15:00:00+00:00,0.0,0.0,0.0,0.0,0.06388495509006543,0.10336657455381777,0.32738497853279114,0.0,0.0,0.0,0.0,0.0
2019-06-01 14:15:00+00:00,2019-06-01 15:15:00+00:00,0.0,0.0,0.0,0.0,0.06388495509006543,0.10336657455381777,0.36181148886680603,0.0,0.0,0.0,0.0,0.0
2019-06-01 14:30:00+00:00,2019-06-01 15:30:00+00:00,0.0,0.0,0.0,0.0,0.06388495509006543,0.10336657455381777,0.4391131103038788,0.0,0.0,0.0,0.0,0.0
2019-06-01 14:45:00+00:00,2019-06-01 15:45:00+00:00,0.0,0.0,0.0,0.0,0.06388495509006543,0.10336657455381777,0.49331480264663696,0.0,0.0,0.0,0.06216929107904434,0.0
2019-06-01 15:00:00+00:00,2019-06-01 16:00:00+00:00,0.0,0.0,0.0,0.0,0.03806693865200397,0.034988221205908054,0.4913264513015747,0.0,0.0,0.0,0.22869963943958282,0.0
2019-06-01 15:15:00+00:00,2019-06-01 16:15:00+00:00,0.0,0.0,0.0,0.0,0.03404666413089123,0.03376494411627115,0.470270037651062,0.0,0.0,0.0,0.42144444584846497,0.0
2019-06-01 15:30:00+00:00,2019-06-01 16:30:00+00:00,0.0,0.0,0.0,0.0,0.03806693865200397,0.034988221205908054,0.46276599168777466,0.0,0.0,0.0,0.4313320815563202,0.0
2019-06-01 15:45:00+00:00,2019-06-01 16:45:00+00:00,0.0,0.0,0.0,0.0,0.03806693865200397,0.034988221205908054,0.5387631058692932,0.0,0.0,0.0,0.44143301248550415,0.0
2019-06-01 16:00:00+00:00,2019-06-01 17:00:00+00:00,0.0,0.0,0.0,0.0,0.04196864777117622,0.03259426283387615,0.42490658164024353,0.0,0.0,0.0,0.7580543160438538,0.0
2019-06-01 16:15:00+00:00,2019-06-01 17:15:00+00:00,0.0,0.0,0.0,0.0,0.05001675880085381,0.034988221205908054,0.5351362824440002,0.0,0.0,0.0,0.6683982014656067,0.0
2019-06-01 16:30:00+00:00,2019-06-01 17:30:00+00:00,0.0,0.0,0.0,0.0,0.05001675880085381,0.034988221205908054,0.6041502356529236,0.0,0.0,0.0,0.7304962277412415,0.0
2019-06-01 16:45:00+00:00,2019-06-01 17:45:00+00:00,0.0,0.0,0.0,0.0,0.03624546154732698,0.03259426283387615,0.5171513557434082,0.0,0.0,0.0,0.9660117626190186,0.0
2019-06-01 17:00:00+00:00,2019-06-01 18:00:00+00:00,0.0,0.0,0.0,0.0,0.05001675880085381,0.03724450579319506,0.572259247303009,0.0,0.0,0.0,0.9276539087295532,0.0
2019-06-01 17:15:00+00:00,2019-06-01 18:15:00+00:00,0.0,0.0,0.0,0.0,0.05001675880085381,0.03724450579319506,0.7756184339523315,0.0,0.0,0.0030594337731599808,0.9307429790496826,0.0
2019-06-01 17:30:00+00:00,2019-06-01 18:30:00+00:00,0.0,0.0,0.0,0.0,0.04196864777117622,0.034850547421163156,0.7579931020736694,0.0,0.0,0.06950956583023071,1.1625341176986694,0.0
2019-06-01 17:45:00+00:00,2019-06-01 18:45:00+00:00,0.0,0.0,0.0,0.0,0.05001675880085381,0.03724450579319506,0.9383703470230103,0.0,0.0,0.12749983370304108,1.1311908960342407,0.06471098214387894
2019-06-01 18:00:00+00:00,2019-06-01 19:00:00+00:00,0.0,0.0,0.0,0.0,0.05001675880085381,0.03724450579319506,1.0588792562484741,0.0,0.1428210735321045,0.24787737429141998,1.0870881080627441,0.1924722045660019
2019-06-01 18:15:00+00:00,2019-06-01 19:15:00+00:00,0.0,0.0,0.0,0.0,0.05001675880085381,0.03724450579319506,1.2257522344589233,0.0,0.254393070936203,0.3419598937034607,1.0950376987457275,0.35800883173942566
2019-06-01 18:30:00+00:00,2019-06-01 19:30:00+00:00,0.0,0.0,0.0,0.0,0.05001675880085381,0.03724450579319506,1.398242473602295,0.14803534746170044,0.3874005973339081,0.4062400162220001,1.1219598054885864,0.5572910308837891
2019-06-01 18:45:00+00:00,2019-06-01 19:45:00+00:00,0.0,0.0,0.0,0.0,0.05001675880085381,0.03724450579319506,1.5220807790756226,0.3973616659641266,0.5222259163856506,0.4615924060344696,1.2384530305862427,0.7614335417747498
2019-06-01 19:00:00+00:00,2019-06-01 20:00:00+00:00,0.0,0.0,0.0,0.0,0.05782097324901794,0.03724450579319506,1.570286750793457,0.5005089640617371,0.7415094971656799,0.6377856731414795,1.1957144737243652,0.9399039149284363
2019-06-01 19:15:00+00:00,2019-06-01 20:15:00+00:00,0.0,0.0,0.0,0.0,0.08521928699764605,0.04140430444912577,1.5808840990066528,0.6334222555160522,0.8760210871696472,0.7976057529449463,1.256146788597107,1.06929612159729
2019-06-01 19:30:00+00:00,2019-06-01 20:30:00+00:00,0.0,0.0,0.0,0.0,0.05782097324901794,0.03724450579319506,1.8426311016082764,0.9611101746559143,1.0431934595108032,0.8207463026046753,1.3610455989837646,1.3717739582061768
2019-06-01 19:45:00+00:00,2019-06-01 20:45:00+00:00,0.0,0.0,0.0,0.0,0.05782097324901794,0.03724450579319506,1.954534888267517,1.193123698234558,1.236305594444275,0.8369474411010742,1.4504622220993042,1.6305522918701172
2019-06-01 20:00:00+00:00,2019-06-01 21:00:00+00:00,0.0,0.0,0.0,0.0,0.08521888172645559,0.03724450579319506,2.1434335708618164,1.3517036437988281,1.4980967044830322,0.9057298302650452,1.465301275253296,1.8109132051467896
2019-06-01 20:15:00+00:00,2019-06-01 21:15:00+00:00,0.077735,5.0,0.0,0.0,0.08521888172645559,0.03724450579319506,2.2943785190582275,1.5483789443969727,1.676881194114685,1.0370343923568726,1.5617382526397705,2.008474349975586
2019-06-01 20:30:00+00:00,2019-06-01 21:30:00+00:00,0.430035,16.0,0.0,0.0,0.09398280397916925,0.03724450579319506,2.4906113147735596,1.7539633512496948,1.933431625366211,1.2774393558502197,1.6686445474624634,2.225119113922119
2019-06-01 20:45:00+00:00,2019-06-01 21:45:00+00:00,0.860057,30.0,0.0,0.0,0.22992885271670052,0.3741668128773844,2.707829713821411,1.9426065683364868,2.1651718616485596,1.4884470701217651,1.7679661512374878,2.411332368850708
2019-06-01 21:00:00+00:00,2019-06-01 22:00:00+00:00,1.483426,52.0,0.0,0.08714419459783289,0.3949019603940049,0.575806659252362,2.81689453125,2.0639700889587402,2.471771717071533,1.7689977884292603,1.8884434700012207,2.540695905685425
2019-06-01 21:15:00+00:00,2019-06-01 22:15:00+00:00,2.089391,72.0,0.077735,1.0571956260053463,1.0398549647197752,1.182236339108901,3.033056788787842,2.3812759450531007,2.7916124394989015,2.080345445022583,2.0697432092285157,2.8575346997833253
2019-06-01 21:30:00+00:00,2019-06-01 22:30:00+00:00,2.64168,92.0,0.430035,1.2320728514402959,1.393221436573507,1.550663667638322,3.6009510804748537,3.0597513963317873,3.386741762313843,2.6677202035522463,2.574509506378174,3.512338047180176
2019-06-01 21:45:00+00:00,2019-06-01 22:45:00+00:00,3.5255940000000003,126.0,0.860057,2.0464953890056927,2.1462363447221926,2.3234716579350514,4.237725142318726,3.8396307266540526,4.078433159667969,3.346643570739746,3.084545019943237,4.309844616729737
2019-06-01 22:00:00+00:00,2019-06-01 23:00:00+00:00,4.372922,157.0,1.483426,3.6909936026004595,4.020042303919743,3.944331144177731,5.174053336502075,4.821437980056762,5.007676984191894,4.416513825775146,4.048752929092407,5.466494943023681
2019-06-01 22:15:00+00:00,2019-06-01 23:15:00+00:00,5.524858999999999,196.0,2.089391,4.8767629758672015,4.867380605350779,5.423705209839797,5.993178612915039,5.813828952041626,5.983286864486694,5.4670445987854,4.9709558555755615,6.540270096984863
2019-06-01 22:30:00+00:00,2019-06-01 23:30:00+00:00,6.498734,231.0,2.64168,6.231281096142526,6.855932605212562,7.267593799184543,6.759548423461914,6.648151633911133,6.918074844055176,6.563253877334595,5.9566533543396,7.505501029663086
2019-06-01 22:45:00+00:00,2019-06-01 23:45:00+00:00,7.779407000000001,277.0,3.5255940000000003,7.8396523406123855,8.220528918957648,8.949668484843944,7.87775350012207,7.857342962402344,8.164478544372558,7.893380407470703,7.239676479476929,8.83721042074585
2019-06-01 23:00:00+00:00,2019-06-02 00:00:00+00:00,9.008781,314.0,4.372922,8.59359422249504,9.962877008056974,10.051204003655902,8.901586588928222,9.044213828155517,9.331007060119628,9.51904540927124,8.748633441040038,10.156820830413817
2019-06-01 23:15:00+00:00,2019-06-02 00:15:00+00:00,10.30422,358.0,5.524858999999999,11.025729411778883,12.0668559096613,12.068030932587083,10.153389979156493,10.634009886535644,10.899047899993896,11.031666327270507,10.598874617370605,11.76534276083374
2019-06-01 23:30:00+00:00,2019-06-02 00:30:00+00:00,11.70859,403.0,6.498734,12.113015902468742,12.884455999236849,13.607209603714132,11.198102000030516,11.862744334014891,12.102118971618651,12.201854708465575,12.063677313598632,12.978803637298583
2019-06-01 23:45:00+00:00,2019-06-02 00:45:00+00:00,13.30022,458.0,7.779407000000001,12.361794097439278,13.520318773451823,14.182758963673228,12.49752280657959,13.406271910125733,13.516345953399659,13.481692766601563,13.494945501739503,14.332881426269532
2019-06-02 00:00:00+00:00,2019-06-02 01:00:00+00:00,15.085,507.0,9.008781,13.569222280794666,16.56701598237704,18.061729651292804,13.610106988769532,15.251327558380128,14.719946428161622,15.124439283233643,15.361845060211182,15.892712159973145
2019-06-02 00:15:00+00:00,2019-06-02 01:15:00+00:00,16.782498999999998,564.0,10.30422,15.62263010032024,17.386362651352602,18.40935217236489,14.67388609954834,17.02493170806885,16.221187391967774,16.437424936981202,16.777211943359376,17.32682398864746
2019-06-02 00:30:00+00:00,2019-06-02 01:30:00+00:00,17.342501000000002,582.0,11.70859,16.80451096586637,17.867066553490833,20.151919525413263,15.923261611785888,18.550188987579347,17.48688933166504,17.533752887573243,17.71054646286011,18.514767139282228
2019-06-02 00:45:00+00:00,2019-06-02 01:45:00+00:00,18.705311,621.0,13.30022,16.551739170259196,17.39347449124447,19.83721193294581,16.825118529052734,20.117578016967773,18.815400587768554,18.599258410186767,18.840965735168457,20.388032423706054
2019-06-02 01:00:00+00:00,2019-06-02 02:00:00+00:00,19.808689,662.0,15.085,19.441227741272073,19.779450716507785,22.161727278955215,18.196083030700684,22.00239797592163,19.733386001586915,20.624345264434815,20.722248992919923,22.203261814117432
2019-06-02 01:15:00+00:00,2019-06-02 02:15:00+00:00,20.68763,695.0,16.782498999999998,20.648040339032683,21.066469509687273,23.96464616702884,19.448497220443723,23.566929027008054,20.914885207580564,21.77670304434204,21.70584885733032,23.330886527465818
2019-06-02 01:30:00+00:00,2019-06-02 02:30:00+00:00,21.39506,716.0,17.342501000000002,20.75211177863438,21.179571212273604,23.81862668074445,19.673973873687746,23.956394032073977,21.108753994537356,21.802139595581057,21.486965969635012,23.438601330352785
2019-06-02 01:45:00+00:00,2019-06-02 02:45:00+00:00,22.56625,759.0,18.705311,20.650150372073778,20.888891197707256,23.730715023965683,20.73728984559631,24.85032719338989,22.137698590408323,22.587039410720823,22.287361085067747,24.32548874581909
2019-06-02 02:00:00+00:00,2019-06-02 03:00:00+00:00,23.129311,775.0,19.808689,21.90646681036277,22.61071518828364,23.65508655727156,21.47469997583771,25.846028210510255,22.517072798599244,24.188970925201417,23.696051718582154,25.471495510925294
2019-06-02 02:15:00+00:00,2019-06-02 03:15:00+00:00,23.79431,804.0,20.68763,21.760642392766943,23.07348702011992,24.493554861003634,21.972996058349608,25.986872496490477,22.75754958618164,24.64115578163147,24.027319970016478,25.770927729492186
2019-06-02 02:30:00+00:00,2019-06-02 03:30:00+00:00,24.80538,841.0,21.39506,22.470772625039633,23.570458598547667,24.60813150735558,22.55430382209778,26.15259974914551,23.077021178779603,24.61433571296692,24.108401474533082,25.598565992889405
2019-06-02 02:45:00+00:00,2019-06-02 03:45:00+00:00,25.25775,856.0,22.56625,21.68134685267098,22.56135863694365,23.518640907781784,23.2750563955307,26.260466012954712,23.51701984167099,24.736761722564697,24.37824097633362,26.259078178405762
2019-06-02 03:00:00+00:00,2019-06-02 04:00:00+00:00,25.951191,875.0,23.129311,20.455635135483494,22.10138148428184,23.530970526183154,23.612041984687806,26.686715041290284,23.531009529720308,25.534589205871583,24.884608899246217,26.609816466461183
2019-06-02 03:15:00+00:00,2019-06-02 04:15:00+00:00,26.00675,880.0,23.79431,20.06040888087976,22.010857635784873,23.536979139746023,23.99133799618244,26.43457093482971,23.7198118979311,25.622823503074645,24.77028199678421,26.77032079940796
2019-06-02 03:30:00+00:00,2019-06-02 04:30:00+00:00,26.692751,898.0,24.80538,20.55308605189604,21.652868413967738,23.660921083875657,24.690520769183635,26.617381824378967,24.20007289779663,25.819889081840515,25.085339321022033,26.955432070617675
2019-06-02 03:45:00+00:00,2019-06-02 04:45:00+00:00,26.147619,875.0,25.25775,21.585936628687914,22.23698327871998,23.86528531443689,24.75922604942322,26.443842376708986,24.37544187450409,25.486612270712854,24.945004756689073,26.412924732208253
2019-06-02 04:00:00+00:00,2019-06-02 05:00:00+00:00,25.439751,847.0,25.951191,21.718676422333335,23.039895833484767,24.31505488149251,25.10809563781357,26.829709640995027,24.748251608863832,25.933310079679252,25.22811483527756,26.17056620802021
2019-06-02 04:15:00+00:00,2019-06-02 05:15:00+00:00,24.955,803.0,26.00675,20.960494525997106,22.666522159075118,23.741048146760022,24.47552098083496,26.546426129817963,24.533616912841797,25.32971633720398,24.616126311302185,25.691817147016526
2019-06-02 04:30:00+00:00,2019-06-02 05:30:00+00:00,24.64875,790.0,26.692751,20.615066386310193,22.780456846239016,23.729101424777003,24.335027763916017,26.70513951901144,25.03756053216553,24.818412611557008,24.337416956497194,25.19907517201996
2019-06-02 04:45:00+00:00,2019-06-02 05:45:00+00:00,23.737869,751.0,26.147619,20.21565391329927,22.63826730566738,23.555159890303926,22.630402555984496,25.986108428162574,24.34124087385559,23.359083166641234,23.05760478071594,23.989915361923217
2019-06-02 05:00:00+00:00,2019-06-02 06:00:00+00:00,23.167379,722.0,25.439751,18.860618547742842,21.869979697505602,21.775672118754915,20.72345623452759,24.996392072034837,23.198924631668092,22.01680645425415,21.804217905593873,22.77379140336609
2019-06-02 05:15:00+00:00,2019-06-02 06:15:00+00:00,22.761379,703.0,24.955,15.50758843734446,19.689168633783687,18.99432726093746,19.306194858551024,24.240711884498594,22.338104562759398,20.753465251922606,20.904182987213133,21.884431676864622
2019-06-02 05:30:00+00:00,2019-06-02 06:30:00+00:00,21.890751,676.0,24.64875,14.837929276901768,19.019654600702754,18.04600294442808,18.63748472213745,22.94555550098419,21.875455074310302,19.69849603652954,19.573513202667236,21.07421319961548
2019-06-02 05:45:00+00:00,2019-06-02 06:45:00+00:00,21.315439,659.0,23.737869,13.47864266691638,17.66777107026145,16.44701337363469,17.502306675476074,20.778042768997192,20.76728270010376,18.249392723602295,18.252948498291016,19.892166351837158
2019-06-02 06:00:00+00:00,2019-06-02 07:00:00+00:00,20.34725,626.0,23.167379,12.559359570257913,16.5079440511225,15.06025366972072,16.785889723114014,18.731255152038575,19.65681753378296,16.694517233184815,16.90055237036133,18.09689913015747
2019-06-02 06:15:00+00:00,2019-06-02 07:15:00+00:00,18.89913,573.0,22.761379,11.805413748150663,15.32767163822822,13.438971906590286,16.228464838317873,17.775764223388673,18.752119299224855,15.673757787994386,16.2074558699646,17.1639144385376
2019-06-02 06:30:00+00:00,2019-06-02 07:30:00+00:00,17.18281,530.0,21.890751,10.515649629436004,14.137102183456795,12.298334432264726,15.291501160217287,16.227770443511965,17.27412378366089,14.258343334747316,14.879045601440431,15.804365749908449
2019-06-02 06:45:00+00:00,2019-06-02 07:45:00+00:00,15.58331,481.0,21.315439,10.630508721975781,13.006344815793984,11.458671910967116,14.634606137145997,14.645402207244874,15.973537697662355,13.430780663360597,13.829691662658693,15.044139160980226
2019-06-02 07:00:00+00:00,2019-06-02 08:00:00+00:00,14.01881,432.0,20.34725,10.404777857809364,11.74016010555425,10.747612959749258,13.58278419113159,12.745463863372802,13.744186416625976,12.12948419189453,12.432585731506347,13.764359489440917
2019-06-02 07:15:00+00:00,2019-06-02 08:15:00+00:00,8.784563,243.0,18.89913,7.356840851374811,9.105120875780035,8.124537803761935,12.146021498565673,11.102967394714355,12.147788180236816,10.865461481933593,10.87719167602539,12.478657854919433
2019-06-02 07:30:00+00:00,2019-06-02 08:30:00+00:00,8.739282000000001,222.0,17.18281,7.365420755400177,8.50186667935532,7.313220207662037,10.441007784423828,9.712264708099365,10.504824808654785,9.361408880767822,9.282315424499512,10.886669329223633
2019-06-02 07:45:00+00:00,2019-06-02 08:45:00+00:00,6.132657,231.0,15.58331,5.9164120645851,7.6844986693950394,6.7645164212816935,8.864433161315919,9.345467917022706,9.250650755462647,8.128291479644776,8.493342749176026,9.632670752105714
2019-06-02 08:00:00+00:00,2019-06-02 09:00:00+00:00,3.065234,95.0,14.01881,5.223642351145485,5.449590109304424,4.712764999620951,7.474917616424561,7.168165888366699,8.216551985321045,6.232961382446289,6.175986017761231,7.723567690429688
2019-06-02 08:15:00+00:00,2019-06-02 09:15:00+00:00,7.522594000000001,207.0,8.784563,3.5756390716498676,3.6535586277091148,3.7780830310529767,2.718843395507813,4.997286731994629,4.368591720855713,3.0852202723388675,3.521577770507813,4.336703235900879
2019-06-02 08:30:00+00:00,2019-06-02 09:30:00+00:00,4.967375,152.0,8.739282000000001,2.5441960969539745,2.7022811509881897,2.328253873682576,2.9394010185546886,4.553253996307374,4.903167593414308,2.8337157844848644,3.1324170708007824,4.349371778900148
2019-06-02 08:45:00+00:00,2019-06-02 09:45:00+00:00,4.006844,123.0,6.132657,1.4182710444765658,2.9590904873940445,2.799718373474472,0.7065743889160156,2.844522186691284,3.023570724899292,1.2250952209777832,1.4609078850097656,2.3466071571655274
2019-06-02 09:00:00+00:00,2019-06-02 10:00:00+00:00,2.812852,91.0,3.065234,0.7151697834185887,0.6934396730964693,0.8995274871650948,0.0,0.6517334525909422,0.5848084037628172,0.0,0.0,0.047470146926879675
2019-06-02 09:15:00+00:00,2019-06-02 10:15:00+00:00,1.865828,65.0,7.522594000000001,1.5256211657548466,1.4119907382346546,1.1468953484971744,2.957183385986329,3.106689478057862,4.997059608596802,2.4343619595947272,2.9202347051086432,3.4698524724426276
2019-06-02 09:30:00+00:00,2019-06-02 10:30:00+00:00,1.181277,39.0,4.967375,0.5423511482662706,0.43412690371792945,0.5315709167650793,0.9078347282409664,1.2377407150268551,2.6350659923553463,0.2918893890380856,0.9722137050628659,1.5551173286437985
2019-06-02 09:45:00+00:00,2019-06-02 10:45:00+00:00,1.472023,44.0,4.006844,0.4561629648359013,0.1409276274206507,0.6781523626333456,0.050216154235839916,1.4576286832275391,1.6386014977874757,0.30003948606872566,1.279328302520752,1.0882827798309327
2019-06-02 10:00:00+00:00,2019-06-02 11:00:00+00:00,1.097633,36.0,2.812852,0.0033732620336493595,0.0,0.2494753261471932,0.0,0.46897158503723135,0.6975587356109618,0.0,0.27375016093444815,0.0
2019-06-02 10:15:00+00:00,2019-06-02 11:15:00+00:00,0.3897239999999999,14.0,1.865828,0.0,0.0,0.007420903829108088,0.0,0.04997202008056645,0.0,0.0,0.0,0.0
2019-06-02 10:30:00+00:00,2019-06-02 11:30:00+00:00,0.072114,0.0,1.181277,0.0,0.0,0.0,0.0,0.0,0.0,0.0,0.0,0.0
2019-06-02 10:45:00+00:00,2019-06-02 11:45:00+00:00,0.0,0.0,1.472023,0.0,0.0,0.0,0.01081680226135262,0.03980683255004891,0.0,0.0,0.0,0.0
2019-06-02 11:00:00+00:00,2019-06-02 12:00:00+00:00,0.0,0.0,1.097633,0.0,0.0,0.0,0.08395850239562996,0.0,0.0,0.0,0.0,0.0
2019-06-02 11:15:00+00:00,2019-06-02 12:15:00+00:00,0.0,0.0,0.3897239999999999,0.0,0.0,0.0,0.0,0.0,0.0,0.0,0.0,0.0
2019-06-02 11:30:00+00:00,2019-06-02 12:30:00+00:00,0.0,0.0,0.072114,0.0,0.0,0.0,0.0,0.0,0.0,0.0,0.0,0.0
2019-06-02 11:45:00+00:00,2019-06-02 12:45:00+00:00,0.0,0.0,0.0,0.0,0.0,0.0,0.0,0.0,0.0,0.0,0.0,0.0
2019-06-02 12:00:00+00:00,2019-06-02 13:00:00+00:00,0.0,0.0,0.0,0.0,0.0,0.0,0.0,0.0,0.0,0.0,0.0,0.0
2019-06-02 12:15:00+00:00,2019-06-02 13:15:00+00:00,0.0,0.0,0.0,0.0,0.0,0.0,0.0,0.0,0.0,0.0,0.0,0.0
2019-06-02 12:30:00+00:00,2019-06-02 13:30:00+00:00,0.0,0.0,0.0,0.0,0.0,0.0,0.0,0.0,0.0,0.0,0.0,0.0
2019-06-02 12:45:00+00:00,2019-06-02 13:45:00+00:00,0.0,0.0,0.0,0.0,0.0,0.0,0.018863845616579056,0.0,0.0,0.0,0.0,0.0
2019-06-02 13:00:00+00:00,2019-06-02 14:00:00+00:00,0.0,0.0,0.0,0.0,0.230613519478247,0.09081479556362129,0.2879585027694702,0.0,0.0,0.0,0.0,0.0
2019-06-02 13:15:00+00:00,2019-06-02 14:15:00+00:00,0.0,0.0,0.0,0.0,0.18335174804536908,0.09551082146665882,0.26014864444732666,0.0,0.0,0.0,0.01808691769838333,0.0
2019-06-02 13:30:00+00:00,2019-06-02 14:30:00+00:00,0.0,0.0,0.0,0.0,0.0,0.0,0.2982938885688782,0.0,0.0,0.0,0.05179823189973831,0.0
2019-06-02 13:45:00+00:00,2019-06-02 14:45:00+00:00,0.0,0.0,0.0,0.0,0.21568987763603997,0.08839941615562558,0.25889843702316284,0.0,0.0,0.0,0.15464875102043152,0.0
2019-06-02 14:00:00+00:00,2019-06-02 15:00:00+00:00,0.0,0.0,0.0,0.0,0.10935663906134975,0.08355031491150579,0.35136735439300537,0.0,0.0,0.0,0.26062580943107605,0.0
2019-06-02 14:15:00+00:00,2019-06-02 15:15:00+00:00,0.0,0.0,0.0,0.0,0.11338447556991461,0.08472099619390079,0.45109355449676514,0.0,0.0,0.0,0.17900525033473969,0.0
2019-06-02 14:30:00+00:00,2019-06-02 15:30:00+00:00,0.0,0.0,0.0,0.0,0.10935663906134975,0.08355031491150579,0.41056257486343384,0.0,0.0,0.0,0.22077767550945282,0.0
2019-06-02 14:45:00+00:00,2019-06-02 15:45:00+00:00,0.0,0.0,0.0,0.0,0.10935663906134975,0.08355031491150579,0.38495269417762756,0.0,0.0,0.0,0.26914915442466736,0.0
2019-06-02 15:00:00+00:00,2019-06-02 16:00:00+00:00,0.0,0.0,0.0,0.0,0.09463532131662267,0.03530862423588445,0.5529998540878296,0.0,0.0,0.0,0.3059677481651306,0.0
2019-06-02 15:15:00+00:00,2019-06-02 16:15:00+00:00,0.0,0.0,0.0,0.0,0.09463532131662267,0.023404712561602665,0.5599898099899292,0.0,0.0,0.0,0.254686176776886,0.0
2019-06-02 15:30:00+00:00,2019-06-02 16:30:00+00:00,0.0,0.0,0.0,0.0,0.04742034413703758,0.098338983115608,0.4136960804462433,0.0,0.0,0.0,0.3583563566207886,0.0
2019-06-02 15:45:00+00:00,2019-06-02 16:45:00+00:00,0.0,0.0,0.0,0.0,0.05144061865815033,0.10073294148763991,0.5823116898536682,0.0,0.0,0.0,0.2472672462463379,0.0
2019-06-02 16:00:00+00:00,2019-06-02 17:00:00+00:00,0.0,0.0,0.0,0.0,0.04109190896254018,0.04795922176761423,0.5528239607810974,0.0,0.0,0.0,0.43174025416374207,0.0
2019-06-02 16:15:00+00:00,2019-06-02 17:15:00+00:00,0.0,0.0,0.0,0.0,0.04914001999221776,0.050353180139646125,0.6406719088554382,0.0,0.0,0.0,0.3487911522388458,0.0
2019-06-02 16:30:00+00:00,2019-06-02 17:30:00+00:00,0.0,0.0,0.0,0.0,0.04675428692384233,0.05451297879557683,0.6744427680969238,0.0,0.0,0.0,0.5017211437225342,0.0
2019-06-02 16:45:00+00:00,2019-06-02 17:45:00+00:00,0.0,0.0,0.0,0.0,0.04675428692384233,0.01950952514734423,0.6923179626464844,0.0,0.0,0.0,0.5909525156021118,0.0
2019-06-02 17:00:00+00:00,2019-06-02 18:00:00+00:00,0.0,0.0,0.0,0.0,0.05001675880085381,0.03724450579319506,0.7513765096664429,0.0,0.0,0.0,0.5244192481040955,0.0
2019-06-02 17:15:00+00:00,2019-06-02 18:15:00+00:00,0.0,0.0,0.0,0.0,0.05001675880085381,0.03724450579319506,0.8931542634963989,0.0,0.0,0.0,0.6133069396018982,0.0
2019-06-02 17:30:00+00:00,2019-06-02 18:30:00+00:00,0.0,0.0,0.0,0.0,0.05001675880085381,0.03724450579319506,1.0421373844146729,0.043365612626075745,0.0,0.0,0.6982532143592834,0.0
2019-06-02 17:45:00+00:00,2019-06-02 18:45:00+00:00,0.0,0.0,0.0,0.0,0.05001675880085381,0.03724450579319506,1.1881049871444702,0.16648967564105988,0.0,0.0,0.7874963879585266,0.0
2019-06-02 18:00:00+00:00,2019-06-02 19:00:00+00:00,0.0,0.0,0.0,0.0,0.05001675880085381,0.03724450579319506,1.3808445930480957,0.128560408949852,0.0,0.0,0.8534594178199768,0.0
2019-06-02 18:15:00+00:00,2019-06-02 19:15:00+00:00,0.0,0.0,0.0,0.0,0.05001675880085381,0.03724450579319506,1.5826605558395386,0.19345100224018097,0.0,0.0,0.925178587436676,0.0
2019-06-02 18:30:00+00:00,2019-06-02 19:30:00+00:00,0.0,0.0,0.0,0.0,0.05001675880085381,0.03724450579319506,1.7394602298736572,0.36103883385658264,0.11933527141809464,0.019006062299013138,1.0151106119155884,0.0
2019-06-02 18:45:00+00:00,2019-06-02 19:45:00+00:00,0.0,0.0,0.0,0.0,0.05001675880085381,0.03724450579319506,1.939542531967163,0.378637433052063,0.2679019570350647,0.19495777785778046,1.0864386558532715,0.03383998945355415
2019-06-02 19:00:00+00:00,2019-06-02 20:00:00+00:00,0.0,0.0,0.0,0.0,0.05782097324901794,0.03724450579319506,2.1492466926574707,0.3872722089290619,0.5451417565345764,0.36052408814430237,1.1835618019104004,0.3282546103000641
2019-06-02 19:15:00+00:00,2019-06-02 20:15:00+00:00,0.0,0.0,0.0,0.0,0.05782097324901794,0.03724450579319506,2.283245325088501,0.37281179428100586,0.6923685073852539,0.5783668756484985,1.3237665891647339,0.7052084803581238
2019-06-02 19:30:00+00:00,2019-06-02 20:30:00+00:00,0.0,0.0,0.0,0.0,0.05782097324901794,0.03724450579319506,2.4246294498443604,0.4255152642726898,0.8932482600212097,0.738624632358551,1.4025719165802002,0.9285863637924194
2019-06-02 19:45:00+00:00,2019-06-02 20:45:00+00:00,0.0,0.0,0.0,0.0,0.05782097324901794,0.03724450579319506,2.557727575302124,0.5216691493988037,1.0434904098510742,0.914444625377655,1.5954169034957886,1.3157209157943726
2019-06-02 20:00:00+00:00,2019-06-02 21:00:00+00:00,0.0,0.0,0.0,0.0,0.08521888172645559,0.03724450579319506,2.6494979858398438,0.5114126205444336,1.2295894622802734,0.9692190289497375,1.6387981176376343,1.4926174879074097
2019-06-02 20:15:00+00:00,2019-06-02 21:15:00+00:00,0.199541,4.0,0.0,0.0,0.08521888172645559,0.03724450579319506,2.780451536178589,0.5240294337272644,1.4137524366378784,1.1009526252746582,1.7667118310928345,1.708608627319336
2019-06-02 20:30:00+00:00,2019-06-02 21:30:00+00:00,0.522115,22.0,0.0,0.0,0.09398280397916925,0.03724450579319506,2.8817648887634277,0.5705821514129639,1.5667685270309448,1.2660739421844482,1.878279209136963,2.00211238861084
2019-06-02 20:45:00+00:00,2019-06-02 21:45:00+00:00,0.821105,39.0,0.0,0.0,0.22696127787203937,0.2697698714743824,2.916602611541748,0.7161385416984558,1.7956944704055786,1.4150199890136719,1.9478899240493774,2.2079455852508545
2019-06-02 21:00:00+00:00,2019-06-02 22:00:00+00:00,1.112563,56.0,0.0,0.02909042086678363,0.5061808580597533,0.47018644075972343,2.905400514602661,0.867769181728363,2.0153956413269043,1.5603792667388916,1.9919837713241577,2.367816209793091
2019-06-02 21:15:00+00:00,2019-06-02 22:15:00+00:00,1.5058200000000002,69.0,0.199541,0.6575064417491955,1.3165650890461331,1.3946425813027357,3.328519729248047,0.9854559575233459,2.43946757661438,2.0306345497283935,2.3116380249176025,2.6471413646850586
2019-06-02 21:30:00+00:00,2019-06-02 22:30:00+00:00,2.109078,107.0,0.522115,1.68759136620732,1.6792018958465078,1.775940231224795,3.891645916213989,1.4398960549736022,2.9611277658843993,2.6835331995391845,2.7271547396087645,3.1489050466918944
2019-06-02 21:45:00+00:00,2019-06-02 22:45:00+00:00,2.913422,144.0,0.821105,1.9223173644996991,2.261535516909054,2.3002274467387904,4.430998560409546,1.9169509377288818,3.4740369286346438,3.1553783383178713,3.179270740966797,3.8564987149047854
2019-06-02 22:00:00+00:00,2019-06-02 23:00:00+00:00,4.047969,179.0,1.112563,3.3711929529097975,3.6293525479509556,3.619946806378301,4.7062936880950925,2.922899112976074,4.077854976928711,3.9026881316070554,3.7035280325775144,4.873491153991699
2019-06-02 22:15:00+00:00,2019-06-02 23:15:00+00:00,5.437469,230.0,1.5058200000000002,4.21686397507259,4.724585432055086,4.967589491783062,5.147416794128418,3.646217071838379,4.772183620758057,4.572086536712646,4.204479896850586,5.612276756591797
2019-06-02 22:30:00+00:00,2019-06-02 23:30:00+00:00,7.092969,294.0,2.109078,5.491982014171773,6.508197141894648,6.380480566011285,5.935627768447876,4.500240872314453,5.648483584335327,5.488572905471802,4.8984978894500735,6.327148030212403
2019-06-02 22:45:00+00:00,2019-06-02 23:45:00+00:00,8.937906,360.0,2.913422,6.6064084267662935,7.78178339587154,8.462922945770773,6.889114987442017,5.683806073257447,6.7791303511352545,6.5076762552948,5.9396268244476325,7.509633433410645
2019-06-02 23:00:00+00:00,2019-06-03 00:00:00+00:00,10.7135,409.0,4.047969,8.179500943931071,9.27661475213646,10.021481290288927,8.34995521749878,7.024994032043457,8.232950346130371,8.350356237548828,7.393608705657959,9.019767896789551
2019-06-02 23:15:00+00:00,2019-06-03 00:15:00+00:00,12.453,457.0,5.437469,9.052729978092424,11.584327077686195,11.507950869136058,9.920864576477051,8.663262600082398,9.897547239440918,10.208382600921631,9.175979608673096,10.83735560812378
2019-06-02 23:30:00+00:00,2019-06-03 00:30:00+00:00,14.15925,515.0,7.092969,10.707426935813306,12.386099036381186,13.435709588413506,11.751134454864502,10.347524702209473,11.787544786590576,12.046550809997559,11.183509409088135,12.612927972930908
2019-06-02 23:45:00+00:00,2019-06-03 00:45:00+00:00,15.78719,556.0,8.937906,14.473239560445023,16.558325865399826,16.429517512818773,13.664579126220703,12.298569414001465,13.846584531646728,14.018195840698242,13.514149877410889,14.331838342529297
2019-06-03 00:00:00+00:00,2019-06-03 01:00:00+00:00,17.353001000000003,605.0,10.7135,17.002338431613254,17.549598430731578,17.937927573263902,15.435655094146728,14.202308393478393,15.486193157196045,16.399655796051025,15.885997749328613,16.81445453262329
2019-06-03 00:15:00+00:00,2019-06-03 01:15:00+00:00,18.665501000000003,639.0,12.453,17.450575944093146,18.630960899131907,19.100631786598786,17.163558891296386,15.766458919525146,17.012659481048583,17.88016598510742,17.55616562652588,18.312463691711425
2019-06-03 00:30:00+00:00,2019-06-03 01:30:00+00:00,20.06156,677.0,14.15925,19.650074208982826,20.183687544258795,20.271954263019776,18.71015856552124,17.33199785041809,18.40853617477417,19.12714836883545,18.906939723968506,19.685783126831055
2019-06-03 00:45:00+00:00,2019-06-03 01:45:00+00:00,21.516689000000003,720.0,15.78719,21.152614304405976,21.591052678879784,22.543637269446222,20.226905862274172,18.739939490737918,19.670999089660647,20.148936788024905,19.930186788024905,20.91891769546509
2019-06-03 01:00:00+00:00,2019-06-03 02:00:00+00:00,22.743441,753.0,17.353001000000003,22.785609846581217,23.1626059185617,23.703221577452947,21.606483818603518,20.326935173583987,20.693085552764895,21.879760147644046,21.20719635636902,22.362098099304202
2019-06-03 01:15:00+00:00,2019-06-03 02:15:00+00:00,23.524379999999997,774.0,18.665501000000003,24.45071279762554,24.512817018581142,24.61328392284502,22.57576120050049,21.46723044068909,21.444900633407595,22.78365504891968,21.697475077224734,23.205055595947268
2019-06-03 01:30:00+00:00,2019-06-03 02:30:00+00:00,24.33638,828.0,20.06156,24.819339615890154,24.910440443054377,24.806423049165584,23.562006796417236,22.72770580154419,22.450298870620728,23.58492573600769,22.458969200668335,24.024309004364014
2019-06-03 01:45:00+00:00,2019-06-03 02:45:00+00:00,25.329941,847.0,21.516689000000003,25.758582186056685,26.044609475050763,26.050549416889048,24.692429242004398,23.567392525543216,23.531930622924808,24.205326733459476,22.72219484793091,24.37175768362427
2019-06-03 02:00:00+00:00,2019-06-03 03:00:00+00:00,25.59375,873.0,22.743441,26.85734596371224,27.879139597820988,26.983178130462885,25.508088483825684,24.705609455123902,24.294043316856385,25.59779299737549,23.79210461618042,25.70195282937622
2019-06-03 02:15:00+00:00,2019-06-03 03:15:00+00:00,25.99581,876.0,23.524379999999997,25.76185820490229,26.583565033975063,25.91939076181535,25.697391064529416,25.116718442802426,24.640121610527036,25.8293104485321,23.882877619628903,25.854057343368527
2019-06-03 02:30:00+00:00,2019-06-03 03:30:00+00:00,26.50069,889.0,24.33638,25.875806732870327,26.79334209345197,25.874715031940358,26.047568316345213,25.011668319587706,25.00259708869934,25.821850056533812,23.74231212842941,25.192218000774382
2019-06-03 02:45:00+00:00,2019-06-03 03:45:00+00:00,26.812189,901.0,25.329941,26.948689335941978,27.531452129539318,26.484039106330815,26.16893848325348,25.46357790674305,25.15790459062195,26.121173228279115,23.991359557167055,25.734027381196977
2019-06-03 03:00:00+00:00,2019-06-03 04:00:00+00:00,27.15563,903.0,25.59375,26.52043693463984,27.815267356086682,27.183478977535106,25.331878125667572,25.8335050791502,24.95923674106598,26.637766361236572,24.476396322250366,25.846728563308716
2019-06-03 03:15:00+00:00,2019-06-03 04:15:00+00:00,27.353809,918.0,25.99581,26.562650241096787,27.95355200976238,27.206012073642952,24.643679825363158,25.514771668014525,25.035283235607146,26.288925884065627,23.940334526596068,25.172922400531768
2019-06-03 03:30:00+00:00,2019-06-03 04:30:00+00:00,27.384439,912.0,26.50069,26.652125872658758,27.69629643424979,27.28075050599599,23.8724522756958,25.2840756344223,25.323527114334105,26.000309901180266,23.535731093826293,24.445064561309813
2019-06-03 03:45:00+00:00,2019-06-03 04:45:00+00:00,27.132,900.0,26.812189,26.210014521252056,27.28529364341646,26.68582009262307,23.176812308181763,25.175811426986694,25.34974183355713,25.623127239097595,23.384997504104614,23.936651366104126
2019-06-03 04:00:00+00:00,2019-06-03 05:00:00+00:00,26.857691,887.0,27.15563,25.904393472413137,27.10830708588368,26.396359808819074,23.022393591766356,25.393926270370482,25.604544647102355,25.770567663078307,23.93971122062683,23.761473782424925
2019-06-03 04:15:00+00:00,2019-06-03 05:15:00+00:00,26.55319,863.0,27.353809,25.349419519067627,26.94284839827109,26.09351564949376,22.661251188262938,25.758958817466734,25.44181358908081,25.45899891947174,23.894152046188353,24.43539941404724
2019-06-03 04:30:00+00:00,2019-06-03 05:30:00+00:00,25.97788,831.0,27.384439,25.20599912964303,26.659010538139146,25.84717927553703,22.460143097747803,25.370017775405884,25.41046417604828,24.638062962402344,23.425909766067505,23.925713547576905
2019-06-03 04:45:00+00:00,2019-06-03 05:45:00+00:00,25.584999,805.0,27.132,24.846634019432845,26.4759872233053,25.35738990836503,21.869160205841066,24.54215911102295,25.16102638912201,23.89699605178833,22.74134114456177,23.201502353668214
2019-06-03 05:00:00+00:00,2019-06-03 06:00:00+00:00,24.86138,775.0,26.857691,23.71269028054602,25.585396315814684,24.279979773965298,21.43647165109253,23.74188895036316,24.661341140762328,23.121084878936767,22.28934974481201,22.60759038735962
2019-06-03 05:15:00+00:00,2019-06-03 06:15:00+00:00,23.93475,741.0,26.55319,22.16614235709433,24.041208505039002,22.48756879915937,20.890507943573,23.14680982345581,24.055706984939576,22.31633687728882,21.603640325012208,22.017924077453614
2019-06-03 05:30:00+00:00,2019-06-03 06:30:00+00:00,23.01338,710.0,25.97788,19.707634490240668,22.932153413449107,21.001113306654908,20.151582239990233,22.388465165023803,23.357314585571288,21.464271067504882,20.85810518157959,21.32278633010864
2019-06-03 05:45:00+00:00,2019-06-03 06:45:00+00:00,22.097691,680.0,25.584999,18.223915477683665,21.63962111805392,20.06974793778668,19.568340217041015,21.473345195220947,22.689553653167724,20.569394503997803,20.032770072387695,20.60139075415039
2019-06-03 06:00:00+00:00,2019-06-03 07:00:00+00:00,20.90856,640.0,24.86138,16.360709315250546,19.872188424818198,18.085391088774127,18.626902480010987,20.228328127746583,21.606999535446167,19.291982073669434,18.84979953277588,19.48960151184082
2019-06-03 06:15:00+00:00,2019-06-03 07:15:00+00:00,19.879129,613.0,23.93475,14.812405082119579,18.387263809953758,16.58137113027841,17.58170930480957,19.089722553253175,20.499477306365968,18.265402236938478,17.76408807373047,18.431612888336183
2019-06-03 06:30:00+00:00,2019-06-03 07:30:00+00:00,18.555691,574.0,23.01338,13.553369724285762,17.295229670078513,15.651195525539771,16.610051581268312,17.21352238357544,19.043955752258302,16.82614082992554,16.16928763092041,17.046253630523683
2019-06-03 06:45:00+00:00,2019-06-03 07:45:00+00:00,17.45669,534.0,22.097691,12.122731987769793,15.639942255425947,13.63562563514162,15.558154523864747,16.48675817300415,18.008894384399415,15.83808749963379,15.1049570446167,16.208187044158937
2019-06-03 07:00:00+00:00,2019-06-03 08:00:00+00:00,16.665689,519.0,20.90856,12.162072309558601,14.623663397308968,12.569581785187001,14.41923638397217,14.694638453063966,16.53130503707886,14.404529772338869,13.540812693176271,14.42975302749634
2019-06-03 07:15:00+00:00,2019-06-03 08:15:00+00:00,14.87938,456.0,19.879129,9.408464355130413,12.11425226581139,10.205967708058795,13.324904985717772,13.819491453460692,15.15577466040039,13.20322520285034,12.413398332885741,13.575700826934813
2019-06-03 07:30:00+00:00,2019-06-03 08:30:00+00:00,12.51294,382.0,18.555691,8.482069126211735,10.566013751551276,9.092276673231169,11.946003671661376,12.876527067199707,13.572856184020996,11.829970117584228,11.159685369506835,12.31533979989624
2019-06-03 07:45:00+00:00,2019-06-03 08:45:00+00:00,11.0845,330.0,17.45669,7.634098690072348,9.565423721857014,8.010193915466202,10.851380990447996,11.950942681732176,12.328729794921873,10.919639752807615,10.074944184722899,11.225402520599363
2019-06-03 08:00:00+00:00,2019-06-03 09:00:00+00:00,9.124063,263.0,16.665689,6.0121297406814165,7.49486884857908,6.071423311006483,10.124524124969483,10.44775915991211,10.927384861816407,9.6881179894104,8.799630173553467,9.476294049133301
2019-06-03 08:15:00+00:00,2019-06-03 09:15:00+00:00,7.279125,213.0,14.87938,5.585559737326784,6.570437933433548,5.714526504033717,8.385109675292968,9.229626429443359,9.127556097869872,8.60431839263916,7.704469454650878,8.068370592956542
2019-06-03 08:30:00+00:00,2019-06-03 09:30:00+00:00,5.685641,172.0,12.51294,4.160413398516058,4.967575598384057,4.215183381653671,6.096317838134766,7.765396188201905,6.670410226287842,6.678335259857178,6.0278492674255375,6.4001284346008305
2019-06-03 08:45:00+00:00,2019-06-03 09:45:00+00:00,4.265297,120.0,11.0845,2.664842032975938,3.1136074882184475,2.4177504871917677,4.832574531555176,6.757919952392578,5.6080767364501956,5.59843985748291,4.930902645111084,5.3772722930908206
2019-06-03 09:00:00+00:00,2019-06-03 10:00:00+00:00,2.983313,93.0,9.124063,1.7534302908243566,2.326254634540376,1.743007738953205,3.2227735369567867,4.748116478240966,4.221118912017822,4.304885372436523,3.66012142590332,3.374218925750732
2019-06-03 09:15:00+00:00,2019-06-03 10:15:00+00:00,2.05882,78.0,7.279125,0.8685454262308603,1.754616307165031,1.0093333008425214,1.9654066810607906,3.176199699401855,3.1512725601196285,2.3929846534729,2.045128608703613,2.254739547729492
2019-06-03 09:30:00+00:00,2019-06-03 10:30:00+00:00,1.500324,61.0,5.685641,0.4519276132911633,0.9606816204669244,0.4431330514812329,0.8050033542785648,2.2594072315368656,2.519000241485596,1.3454744312438969,1.3623635265502934,1.3067323658142094
2019-06-03 09:45:00+00:00,2019-06-03 10:45:00+00:00,1.133672,45.0,4.265297,0.006977374373088121,0.5485534698071303,0.38618724336196997,0.0,1.2814133806915287,1.6858959837646488,0.3688796206207279,0.46877271372985874,0.38653094012451206
2019-06-03 10:00:00+00:00,2019-06-03 11:00:00+00:00,0.762617,28.0,2.983313,0.0,0.12952173144814813,0.0,0.0,0.6849290488128661,0.7185012457733153,0.0,0.0,0.0
2019-06-03 10:15:00+00:00,2019-06-03 11:15:00+00:00,0.3936469999999999,14.0,2.05882,0.0,0.06493095504484594,0.0,0.0,0.0,0.1254047063064574,0.0,0.0,0.0
2019-06-03 10:30:00+00:00,2019-06-03 11:30:00+00:00,0.088548,3.0,1.500324,0.0,0.0,0.0,0.0,0.0,0.0,0.0,0.0,0.0
2019-06-03 10:45:00+00:00,2019-06-03 11:45:00+00:00,0.0,0.0,1.133672,0.0,0.0,0.0,0.0,0.0,0.0,0.0,0.0,0.0
2019-06-03 11:00:00+00:00,2019-06-03 12:00:00+00:00,0.0,0.0,0.762617,0.0,0.0,0.0,0.0,0.0,0.0,0.0,0.0,0.0
2019-06-03 11:15:00+00:00,2019-06-03 12:15:00+00:00,0.0,0.0,0.3936469999999999,0.0,0.0,0.0,0.0,0.0,0.0,0.0,0.0,0.0
2019-06-03 11:30:00+00:00,2019-06-03 12:30:00+00:00,0.0,0.0,0.088548,0.0,0.0,0.0,0.0,0.0,0.0,0.0,0.0,0.0
2019-06-03 11:45:00+00:00,2019-06-03 12:45:00+00:00,0.0,0.0,0.0,0.0,0.0,0.0,0.0,0.0,0.0,0.0,0.0,0.0
2019-06-03 12:00:00+00:00,2019-06-03 13:00:00+00:00,0.0,0.0,0.0,0.0,0.0,0.0,0.0,0.0,0.0,0.0,0.0,0.0
2019-06-03 12:15:00+00:00,2019-06-03 13:15:00+00:00,0.0,0.0,0.0,0.0,0.0,0.0,0.0,0.0,0.0,0.0,0.0,0.0
2019-06-03 12:30:00+00:00,2019-06-03 13:30:00+00:00,0.0,0.0,0.0,0.0,0.0,0.0,0.0,0.0,0.0,0.0,0.0,0.0
2019-06-03 12:45:00+00:00,2019-06-03 13:45:00+00:00,0.0,0.0,0.0,0.0,0.21341289632322796,0.0,0.0,0.0,0.0,0.0,0.0,0.0
2019-06-03 13:00:00+00:00,2019-06-03 14:00:00+00:00,0.0,0.0,0.0,0.0,0.21568987763603997,0.0,0.0,0.0,0.0,0.0,0.0,0.0
2019-06-03 13:15:00+00:00,2019-06-03 14:15:00+00:00,0.0,0.0,0.0,0.0,0.21568987763603997,0.0,0.0,0.0,0.0,0.0,0.0,0.0
2019-06-03 13:30:00+00:00,2019-06-03 14:30:00+00:00,0.0,0.0,0.0,0.0,0.21568987763603997,0.0,0.0,0.0,0.0,0.0,0.0,0.0
2019-06-03 13:45:00+00:00,2019-06-03 14:45:00+00:00,0.0,0.0,0.0,0.0,0.16444706394789005,0.0992734762980414,0.0,0.0,0.0,0.0,0.0,0.0
2019-06-03 14:00:00+00:00,2019-06-03 15:00:00+00:00,0.0,0.0,0.0,0.0,0.062141661881764676,0.09559505633631661,0.0,0.0,0.0,0.0,0.1777544468641281,0.0
2019-06-03 14:15:00+00:00,2019-06-03 15:15:00+00:00,0.0,0.0,0.0,0.0,0.058113825373199826,0.09442437505392161,0.0,0.0,0.0,0.0,0.29519158601760864,0.0
2019-06-03 14:30:00+00:00,2019-06-03 15:30:00+00:00,0.0,0.0,0.0,0.0,0.062141661881764676,0.09559505633631661,0.016390051692724228,0.0,0.0,0.0,0.3603089153766632,0.0
2019-06-03 14:45:00+00:00,2019-06-03 15:45:00+00:00,0.0,0.0,0.0,0.0,0.058113825373199826,0.09442437505392161,0.05087478831410408,0.0,0.0,0.0,0.4433242380619049,0.0
2019-06-03 15:00:00+00:00,2019-06-03 16:00:00+00:00,0.0,0.0,0.0,0.0,0.04170065496159145,0.04795922176761423,0.14093942940235138,0.0,0.0,0.0,0.5817041993141174,0.0
2019-06-03 15:15:00+00:00,2019-06-03 16:15:00+00:00,0.0,0.0,0.0,0.0,0.04170065496159145,0.04795922176761423,0.17533797025680542,0.0,0.0,0.0,0.6269683241844177,0.0
2019-06-03 15:30:00+00:00,2019-06-03 16:30:00+00:00,0.0,0.0,0.0,0.0,0.03622023819375153,0.04795922176761423,0.25040048360824585,0.0,0.0,0.0,0.6976974606513977,0.0
2019-06-03 15:45:00+00:00,2019-06-03 16:45:00+00:00,0.0,0.0,0.0,0.0,0.04170065496159145,0.04795922176761423,0.26910698413848877,0.0,0.0,0.0,0.7617279291152954,0.0
2019-06-03 16:00:00+00:00,2019-06-03 17:00:00+00:00,0.0,0.0,0.0,0.0,0.04170065496159145,0.01295576811938162,0.29954004287719727,0.0,0.0,0.0,0.7912218570709229,0.0
2019-06-03 16:15:00+00:00,2019-06-03 17:15:00+00:00,0.0,0.0,0.0,0.0,0.04170065496159145,0.01295576811938162,0.3590068817138672,0.0,0.0,0.0,0.8591843247413635,0.0
2019-06-03 16:30:00+00:00,2019-06-03 17:30:00+00:00,0.0,0.0,0.0,0.0,0.04170065496159145,0.01295576811938162,0.44704750180244446,0.0,0.0,0.0,0.8936445116996765,0.0
2019-06-03 16:45:00+00:00,2019-06-03 17:45:00+00:00,0.0,0.0,0.0,0.0,0.04170065496159145,0.01295576811938162,0.47007542848587036,0.0,0.0,0.0,0.9939054250717163,0.0
2019-06-03 17:00:00+00:00,2019-06-03 18:00:00+00:00,0.0,0.0,0.0,0.0,0.03001882762232639,0.034850547421163156,0.4935208559036255,0.0,0.0,0.0,1.0267064571380615,0.0
2019-06-03 17:15:00+00:00,2019-06-03 18:15:00+00:00,0.0,0.0,0.0,0.0,0.024295641398477133,0.034850547421163156,0.4831507205963135,0.0,0.0,0.0,1.104457139968872,0.0
2019-06-03 17:30:00+00:00,2019-06-03 18:30:00+00:00,0.0,0.0,0.0,0.0,0.03001882762232639,0.034850547421163156,0.5189184546470642,0.0,0.0,0.0,1.1410056352615356,0.0
2019-06-03 17:45:00+00:00,2019-06-03 18:45:00+00:00,0.0,0.0,0.0,0.0,0.03001882762232639,0.034850547421163156,0.6214621663093567,0.12803232669830322,0.0,0.0,1.149421215057373,0.0
2019-06-03 18:00:00+00:00,2019-06-03 19:00:00+00:00,0.0,0.0,0.0,0.0,0.02140289316003068,0.034850547421163156,0.5822418928146362,0.32173123955726624,0.013312004506587982,0.054433371871709824,1.162554144859314,0.018695181235671043
2019-06-03 18:15:00+00:00,2019-06-03 19:15:00+00:00,0.0,0.0,0.0,0.0,0.02140289316003068,0.034850547421163156,0.6319034099578857,0.44411295652389526,0.03519958630204201,0.08445564657449722,1.1907565593719482,0.09339608997106552
2019-06-03 18:30:00+00:00,2019-06-03 19:30:00+00:00,0.0,0.0,0.0,0.0,0.02140289316003068,0.034850547421163156,0.7111110091209412,0.5528071522712708,0.1287093609571457,0.12219680100679398,1.212393879890442,0.16123704612255096
2019-06-03 18:45:00+00:00,2019-06-03 19:45:00+00:00,0.0,0.0,0.0,0.0,0.02140289316003068,0.034850547421163156,0.7567422986030579,0.6310310959815979,0.19777990877628326,0.140492781996727,1.2671784162521362,0.20976987481117249
2019-06-03 19:00:00+00:00,2019-06-03 20:00:00+00:00,0.0,0.0,0.0,0.0,0.02140289316003068,0.034850547421163156,0.8319414258003235,0.8009247183799744,0.27911368012428284,0.20673680305480957,1.3339850902557373,0.35775724053382874
2019-06-03 19:15:00+00:00,2019-06-03 20:15:00+00:00,0.0,0.0,0.0,0.0,0.02140289316003068,0.034850547421163156,0.9661949872970581,0.9582664966583252,0.3866232633590698,0.2941221296787262,1.397154450416565,0.49165311455726624
2019-06-03 19:30:00+00:00,2019-06-03 20:30:00+00:00,0.0,0.0,0.0,0.0,0.02648342934504717,0.03724450579319506,1.0831068754196167,1.0906699895858765,0.5445199012756348,0.37748000025749207,1.441219449043274,0.6427978277206421
2019-06-03 19:45:00+00:00,2019-06-03 20:45:00+00:00,0.0,0.0,0.0,0.0,0.02140289316003068,0.034850547421163156,1.1526075601577759,1.198703408241272,0.6746006011962891,0.42413613200187683,1.4878069162368774,0.7652846574783325
2019-06-03 20:00:00+00:00,2019-06-03 21:00:00+00:00,0.0,0.0,0.0,0.0,0.08229245212288616,0.034850547421163156,1.1887975931167603,1.2847280502319336,0.8091892004013062,0.472776859998703,1.5469307899475098,0.8009140491485596
2019-06-03 20:15:00+00:00,2019-06-03 21:15:00+00:00,0.0552169999999999,4.0,0.0,0.0,0.09034056315256375,0.03724450579319506,1.2857812643051147,1.5212322473526,1.0215263366699219,0.6132046580314636,1.6018303632736206,0.9524918794631958
2019-06-03 20:30:00+00:00,2019-06-03 21:30:00+00:00,0.234206,8.0,0.0,0.0,0.09910448540527743,0.03724450579319506,1.4458190202713013,1.6743184328079224,1.2420568466186523,0.7221595644950867,1.664807677268982,1.207607626914978
2019-06-03 20:45:00+00:00,2019-06-03 21:45:00+00:00,0.377419,16.0,0.0,0.0,0.23103025962169585,0.24045114953593097,1.528846263885498,1.6684798002243042,1.2710862159729004,0.7428145408630371,1.9353504180908203,1.3921717405319214
2019-06-03 21:00:00+00:00,2019-06-03 22:00:00+00:00,0.7874180000000001,28.0,0.0,0.02909042086678363,0.28957712703216504,0.44092031462851405,1.4574854373931885,1.75544273853302,1.4392486810684204,0.7458584904670715,1.8642446994781494,1.341209053993225
2019-06-03 21:15:00+00:00,2019-06-03 22:15:00+00:00,1.119836,40.0,0.0552169999999999,0.519071686251431,0.87068107661658,1.0455841542011546,1.6551348886413573,1.9926135263366698,1.6233576259536742,0.9096156678123473,2.0435816965026854,1.6096398553771971
2019-06-03 21:30:00+00:00,2019-06-03 22:30:00+00:00,1.7693869999999998,57.0,0.234206,1.1078948269342994,1.2222559554268695,1.402841272575043,1.9659115463790893,2.3812342077789306,2.0768529564437865,1.2676560074386596,2.2162728697357177,2.0417116076049804
2019-06-03 21:45:00+00:00,2019-06-03 22:45:00+00:00,2.248969,76.0,0.377419,1.2554004352147936,1.6099362550772063,1.8114049872121145,2.078782205909729,2.644736056655884,2.36735880884552,1.3730675033035278,2.4038832238616945,2.2608375600280763
2019-06-03 22:00:00+00:00,2019-06-03 23:00:00+00:00,4.14225,137.0,0.7874180000000001,2.3298347066072247,2.4737563140746275,2.2724597346405306,2.494551412361145,3.1373852412872316,2.8165301006011965,1.8021449964218141,2.8761352222137453,2.7484623115234377
2019-06-03 22:15:00+00:00,2019-06-03 23:15:00+00:00,4.1698129999999995,142.0,1.119836,2.455785498042493,2.7473743468831415,2.7496319022254547,2.9068290267333987,3.6996661696777347,3.235720304046631,2.222370413337708,3.2974530730590823,3.250457194839478
2019-06-03 22:30:00+00:00,2019-06-03 23:30:00+00:00,6.390125,218.0,1.7693869999999998,4.722368427580648,4.811391141408563,4.698589801125155,3.623674028312683,4.522317402755737,3.9099380902404786,2.975105994140625,4.124033444320679,4.058055632507324
2019-06-03 22:45:00+00:00,2019-06-03 23:45:00+00:00,7.622781,271.0,2.248969,5.764493931911478,5.704705061556821,5.672956946008491,4.153857391494752,5.106567781585694,4.383273523468018,3.501937430519104,4.659478824752808,4.600038688796998
2019-06-03 23:00:00+00:00,2019-06-04 00:00:00+00:00,4.868281,157.0,4.14225,7.30926634621795,7.479859528255523,7.146226048431326,6.034328518867492,6.967378316879272,6.080717741012573,5.616290627479553,6.696573196411133,6.522431074142456
2019-06-03 23:15:00+00:00,2019-06-04 00:15:00+00:00,3.5501480000000005,105.0,4.1698129999999995,8.308653931767948,7.897045869062212,7.855820548333709,6.111496173179626,6.883866153991699,5.99294885281372,5.658480964935302,6.801667772567749,6.543630682266235
2019-06-03 23:30:00+00:00,2019-06-04 00:30:00+00:00,3.958063,127.0,6.390125,10.62265331622705,10.018794811487869,9.825678800640263,8.279606306076051,9.035422288894654,7.954335891723633,8.0345399017334,9.105503046035768,8.701176130294801
2019-06-03 23:45:00+00:00,2019-06-04 00:45:00+00:00,7.249813,252.0,7.622781,12.71569711140078,10.47327637495147,10.055998478906124,9.632693967681885,9.79640456185913,9.039736471038818,8.807701907020569,10.007355174880981,9.718625984054565
2019-06-04 00:00:00+00:00,2019-06-04 01:00:00+00:00,6.120297,180.0,4.868281,9.182623654559759,7.491306497736485,7.463220143780286,6.96618925843811,7.926338308197021,6.44638466153717,6.626571886878967,7.778834455352783,7.544877164703369
2019-06-04 00:15:00+00:00,2019-06-04 01:15:00+00:00,4.690656,137.0,3.5501480000000005,8.711330028598958,7.3013318694595775,6.72118195748655,5.993425359008789,7.607904900787354,5.669223536727905,6.006209601638794,7.028354396102905,6.9405767815093995
2019-06-04 00:30:00+00:00,2019-06-04 01:30:00+00:00,2.601594,76.0,3.958063,9.927012219676897,9.320489545367904,8.882794679806363,6.5592085059051515,7.971139305389404,6.2381566698913575,6.5655537779693605,7.541586750305176,7.584019773757935
2019-06-04 00:45:00+00:00,2019-06-04 01:45:00+00:00,2.388641,68.0,7.249813,11.005598956032543,9.761149413334955,9.355040562319765,9.453339258468628,10.399504343307495,8.745895544326782,9.465586344039917,10.19227544430542,10.33855024937439
2019-06-04 01:00:00+00:00,2019-06-04 02:00:00+00:00,3.762391000000001,103.0,6.120297,11.466889652274682,8.72210314184117,8.571487880945268,8.48830203730774,9.367372319290162,7.662514493057251,8.052805826255799,9.11724786479187,9.073089167663575
2019-06-04 01:15:00+00:00,2019-06-04 02:15:00+00:00,9.917687,302.0,4.690656,9.155704102752596,8.10672587907929,7.942235207570663,6.9042079981384274,8.18927627168274,6.124592953544616,6.77852278314209,7.903652006011963,7.894194417816162
2019-06-04 01:30:00+00:00,2019-06-04 02:30:00+00:00,6.4666879999999995,189.0,2.601594,5.583480551508443,6.9199569510615335,6.932738754116445,4.860374956268311,6.881080656188965,4.2332446862640385,5.087443618911744,6.322006731170655,6.196490793365479
2019-06-04 01:45:00+00:00,2019-06-04 02:45:00+00:00,6.325703,174.0,2.388641,6.092667880355842,7.582855149009231,7.1878179524029235,4.556338429656982,6.483029008117676,3.985726118293762,4.712932229248047,5.774942279067993,5.876446843353271
2019-06-04 02:00:00+00:00,2019-06-04 03:00:00+00:00,6.239954,165.0,3.762391000000001,5.996319049427704,9.005549935218596,7.835610775760986,5.806208043304444,7.390148787704469,5.009737282005311,5.888429074493409,6.673561959472657,6.863190798965455
2019-06-04 02:15:00+00:00,2019-06-04 03:15:00+00:00,4.8625940000000005,133.0,9.917687,10.079262415280105,8.649849728425675,10.135844279879027,11.561922849380494,12.119858087265015,10.134373695814133,11.474097312652589,10.872563840114594,11.648311198913575
2019-06-04 02:30:00+00:00,2019-06-04 03:30:00+00:00,16.95488,557.0,6.4666879999999995,8.497438693013791,7.831055004141815,9.78417637455677,8.246593557632446,9.064153753555297,6.977920793331146,8.324786983764648,7.791840277946472,8.622784220016479
2019-06-04 02:45:00+00:00,2019-06-04 03:45:00+00:00,7.808938,226.0,6.325703,8.064937966918007,7.540505209033472,9.636500700661973,7.979728554656982,9.287575816085816,6.862914656570434,8.024283265045167,8.403038834503175,8.441666459014893
2019-06-04 03:00:00+00:00,2019-06-04 04:00:00+00:00,18.359249,406.0,6.239954,6.739038295054152,7.640476014797394,9.754571509355564,7.7672413640060425,9.784238105300904,6.753568475727081,8.163945441726685,8.650133138183595,8.825436835769654
2019-06-04 03:15:00+00:00,2019-06-04 04:15:00+00:00,18.809441,467.0,4.8625940000000005,6.237724257979558,6.887929797541809,8.469687221943204,6.240207663673401,8.868739000457765,5.52652656187439,7.098581901687623,8.151672474044801,7.917252651351929
2019-06-04 03:30:00+00:00,2019-06-04 04:30:00+00:00,26.608310999999997,875.0,16.95488,13.367708803324028,14.996320227034412,20.3161396325334,16.827902869229316,16.94613553574413,15.53781056488037,15.809498668556213,15.268645168190002,15.952301503067016
2019-06-04 03:45:00+00:00,2019-06-04 04:45:00+00:00,25.3785,845.0,7.808938,11.30195062937759,10.543073777540862,13.09020231197024,8.03043194452572,11.571034405029298,7.3014086220626835,8.728706750667573,8.978201839721681,8.86055013874817
2019-06-04 04:00:00+00:00,2019-06-04 05:00:00+00:00,26.761881,850.0,18.359249,11.866401480207792,11.133370531620622,13.790169944674913,17.598241035388945,17.52310270492935,16.523810986923216,16.10606897299194,16.063484076904295,16.348966245101927
2019-06-04 04:15:00+00:00,2019-06-04 05:15:00+00:00,20.524,617.0,18.809441,10.846947045696377,10.202582409122773,13.081138247304343,17.930093198791504,17.122420102134704,16.31476655580139,14.940769582763672,15.060091882720947,15.141225725189209
2019-06-04 04:30:00+00:00,2019-06-04 05:30:00+00:00,5.745687,176.0,26.608310999999997,20.92266499088812,19.0944135724838,20.02734303538572,24.473710122238156,21.09672385705566,22.384962859283444,20.171313586364743,20.94386273873901,20.50496942056274
2019-06-04 04:45:00+00:00,2019-06-04 05:45:00+00:00,6.918188000000001,192.0,25.3785,18.770732956640604,19.064095763392768,19.4289303467548,22.66254974937439,19.823182121276854,20.121773258209227,18.44129182434082,19.21455670928955,18.562427059173583
2019-06-04 05:00:00+00:00,2019-06-04 06:00:00+00:00,3.9445,121.0,26.761881,18.993293978848428,19.732084900017213,21.281537834004613,23.43998134751892,21.508443004089354,20.61981785913086,21.301252013641356,20.605356818634032,20.393624907928466
2019-06-04 05:15:00+00:00,2019-06-04 06:15:00+00:00,2.347188,70.0,20.524,16.62904456368081,16.477803806990675,17.20169164611242,16.904573987960816,18.471550296783448,14.485929321289063,16.65692908668518,15.784050296783448,15.962608646392823
2019-06-04 05:30:00+00:00,2019-06-04 06:30:00+00:00,3.4079059999999997,95.0,5.745687,10.081701139545869,9.120898453747095,9.085639942331442,3.526969186508179,11.414098254882813,2.933019630157471,6.6769467513198855,6.587483219348908,6.893299094879151
2019-06-04 05:45:00+00:00,2019-06-04 06:45:00+00:00,8.554219,198.0,6.918188000000001,9.197297262917933,8.99743728078431,9.322977410335598,5.115103745735169,11.864037895477296,4.833477640426636,8.151166940010071,7.887970650470734,8.641630673683167
2019-06-04 06:00:00+00:00,2019-06-04 07:00:00+00:00,21.653191,643.0,3.9445,6.046386157591424,5.515889826987181,7.0401545586436525,2.722206503868103,10.566484958648681,2.7165333337783815,6.841810972213745,6.49184206199646,8.425374061584472
2019-06-04 06:15:00+00:00,2019-06-04 07:15:00+00:00,18.263,575.0,2.347188,5.117340451747036,4.844810923514028,6.231513558718835,1.6036455672149659,8.254092220581054,1.7936696451072693,4.984695438659668,5.06787252835083,6.773699764526367
2019-06-04 06:30:00+00:00,2019-06-04 07:30:00+00:00,16.170441,493.0,3.4079059999999997,5.945832696727891,5.049845498723588,6.778812787497114,2.466434423309326,8.163052026611329,2.6729438346443173,5.441261951309204,5.671282235961914,7.226165477615356
2019-06-04 06:45:00+00:00,2019-06-04 07:45:00+00:00,13.968279999999998,416.0,8.554219,9.46781276933622,6.668499716797564,8.37523207840592,6.986669175285339,10.864376537460327,6.736245982307434,9.118361227172851,8.449102029162884,10.272768966812134
2019-06-04 07:00:00+00:00,2019-06-04 08:00:00+00:00,10.98059,331.0,21.653191,12.168642441505245,11.151832074303078,10.257729912519123,18.33082404710388,16.382844358459472,17.32415857888794,17.7025176582489,15.49414911843872,17.45852318383789
2019-06-04 07:15:00+00:00,2019-06-04 08:15:00+00:00,8.091563,276.0,18.263,9.930281063977974,9.76197138409731,9.290598437364123,14.507859933853151,11.873289573669435,13.167263496398927,13.943915832519533,11.836403835296633,13.699880111694338
2019-06-04 07:30:00+00:00,2019-06-04 08:30:00+00:00,9.845719,311.0,16.170441,7.509833858018773,7.7987505153049765,7.812490124937677,12.965049354568482,9.369494764343262,11.167282430664063,12.250198690429688,9.931187955871582,11.125322191253662
2019-06-04 07:45:00+00:00,2019-06-04 08:45:00+00:00,8.626844,261.0,13.968279999999998,5.68993541744898,6.17284061900769,7.046122178808248,10.577549618988035,9.006429833679197,9.241616887359617,10.4509984677124,8.317702454833983,10.07632748535156
2019-06-04 08:00:00+00:00,2019-06-04 09:00:00+00:00,7.095047,214.0,10.98059,4.187675471178662,4.1755740246373625,5.421736062243338,7.596179618682861,7.348518743362426,6.699224128570556,7.503984346237182,6.210616245117187,6.817913665618896
2019-06-04 08:15:00+00:00,2019-06-04 09:15:00+00:00,4.600094,142.0,8.091563,3.6714295031633557,3.8139950563998504,4.235202054848917,4.9581067698364265,5.136891855514527,4.293160690582276,4.989874853408814,4.0678737299804695,4.161090626037598
2019-06-04 08:30:00+00:00,2019-06-04 09:30:00+00:00,4.239047,134.0,9.845719,3.0302299781226028,2.2541289520696903,3.166265960227484,6.6232167684021,5.955851932662965,5.798067232269288,6.287354370254517,5.272141595977784,5.150651117462159
2019-06-04 08:45:00+00:00,2019-06-04 09:45:00+00:00,3.269328,102.0,8.626844,2.2971983746269014,2.158092433516339,2.641903317130934,5.597724746841431,4.4737945310058596,4.7221863976898195,5.05160362638855,4.069692205566406,3.816801141876221
2019-06-04 09:00:00+00:00,2019-06-04 10:00:00+00:00,2.990477,92.0,7.095047,1.686444291396127,1.73899728012762,1.7421655261732025,4.601914170333862,2.8814153700561524,3.7599246531219483,3.3281335859985353,2.865939143249512,2.161335471221924
2019-06-04 09:15:00+00:00,2019-06-04 10:15:00+00:00,2.0160549999999997,63.0,4.600094,0.49872113473694446,1.2226851804099519,0.9049941161871529,2.4779180680694584,1.9153911267700199,1.6318420564117435,1.9221612607421878,1.7296249066772464,0.745443740982056
2019-06-04 09:30:00+00:00,2019-06-04 10:30:00+00:00,1.219941,40.0,4.239047,0.6269932974332383,0.6892711232620846,0.5023305254786008,2.2908238859863284,1.5667280646057131,1.3587283583374026,1.8531720133514407,1.5611955614776614,0.6801950426788332
2019-06-04 09:45:00+00:00,2019-06-04 10:45:00+00:00,0.8451540000000001,29.0,3.269328,0.2034429320701555,0.6759250174023214,0.5392129475413476,1.498852254798889,1.083877684524536,0.5342715997009275,1.3118046540527342,1.1059685963897703,0.11298287098693827
2019-06-04 10:00:00+00:00,2019-06-04 11:00:00+00:00,0.361669,14.0,2.990477,0.3342558629961174,0.8284135083360107,0.4247129109335565,1.3983875854034422,0.7548309905548094,0.419103775741577,0.9592150790710448,0.8628954036254881,0.047858629943847486
2019-06-04 10:15:00+00:00,2019-06-04 11:15:00+00:00,0.000596,1.0,2.0160549999999997,0.0,0.15276858254500392,0.15124344179521232,0.6029112459945676,0.08753122108459443,0.0,0.3618523003387448,0.23366225975036592,0.0
2019-06-04 10:30:00+00:00,2019-06-04 11:30:00+00:00,0.0,0.0,1.219941,0.0,0.10329827130507233,0.11232264131058727,0.0439399280700683,0.0,0.0,0.22783491994476313,0.0,0.0
2019-06-04 10:45:00+00:00,2019-06-04 11:45:00+00:00,0.0,0.0,0.8451540000000001,0.0,0.3132770116664595,0.19811550636727737,0.0,0.0,0.0,0.10186482735061653,0.0,0.0
2019-06-04 11:00:00+00:00,2019-06-04 12:00:00+00:00,0.0,0.0,0.361669,0.0,0.0,0.14011451109502854,0.0,0.0,0.0,0.04747098287963869,0.0,0.0
2019-06-04 11:15:00+00:00,2019-06-04 12:15:00+00:00,0.0,0.0,0.000596,0.0,0.015647499469201943,0.11393955049811612,0.0,0.0,0.0,0.0,0.0,0.0
2019-06-04 11:30:00+00:00,2019-06-04 12:30:00+00:00,0.0,0.0,0.0,0.0,0.021225192901299157,0.10756698542563241,0.0,0.0,0.0,0.0,0.0,0.0
2019-06-04 11:45:00+00:00,2019-06-04 12:45:00+00:00,0.0,0.0,0.0,0.0,0.3084907162530833,0.10996094379766432,0.0,0.0,0.0,0.0,0.0,0.0
2019-06-04 12:00:00+00:00,2019-06-04 13:00:00+00:00,0.0,0.0,0.0,0.0,0.3004426052234057,0.10756698542563241,0.0,0.0,0.0,0.0,0.1654951572418213,0.0
2019-06-04 12:15:00+00:00,2019-06-04 13:15:00+00:00,0.0,0.0,0.0,0.0,0.3084907162530833,0.10996094379766432,0.0,0.0,0.0,0.0,0.007279132958501577,0.0
2019-06-04 12:30:00+00:00,2019-06-04 13:30:00+00:00,0.0,0.0,0.0,0.0,0.3084907162530833,0.10996094379766432,0.0,0.0,0.0,0.0,0.0,0.0
2019-06-04 12:45:00+00:00,2019-06-04 13:45:00+00:00,0.0,0.0,0.0,0.0,0.29471941899955645,0.10756698542563241,0.0,0.0,0.0,0.0,0.1823711395263672,0.0
2019-06-04 13:00:00+00:00,2019-06-04 14:00:00+00:00,0.0,0.0,0.0,0.0,0.2467240087993055,0.10322890076907289,0.0,0.0,0.0,0.0,0.21033146977424622,0.0
2019-06-04 13:15:00+00:00,2019-06-04 14:15:00+00:00,0.0,0.0,0.0,0.014587285508134748,0.25244719502315477,0.10322890076907289,0.0,0.0,0.0,0.0,0.1147884801030159,0.0
2019-06-04 13:30:00+00:00,2019-06-04 14:30:00+00:00,0.0,0.0,0.0,0.0,0.2789893773078791,0.1056228591411048,0.0,0.0,0.0,0.0,0.0,0.0
2019-06-04 13:45:00+00:00,2019-06-04 14:45:00+00:00,0.0,0.0,0.0,0.0,0.2789893773078791,0.1056228591411048,0.0,0.0,0.0,0.0,0.0,0.0
2019-06-04 14:00:00+00:00,2019-06-04 15:00:00+00:00,0.0,0.0,0.0,0.0,0.05162692786961312,0.015349726491413519,0.0,0.0,0.0,0.0,0.0,0.0
2019-06-04 14:15:00+00:00,2019-06-04 15:15:00+00:00,0.0,0.0,0.0,0.0,0.043578816839935544,0.01295576811938162,0.0,0.0,0.0,0.0,0.021454904228448868,0.0
2019-06-04 14:30:00+00:00,2019-06-04 15:30:00+00:00,0.0,0.0,0.0,0.0,0.05162692786961312,0.015349726491413519,0.0,0.0,0.0,0.0,0.0,0.0
2019-06-04 14:45:00+00:00,2019-06-04 15:45:00+00:00,0.0,0.0,0.0,0.0,0.05162692786961312,0.015349726491413519,0.0,0.0,0.0,0.0,0.0,0.0
2019-06-04 15:00:00+00:00,2019-06-04 16:00:00+00:00,0.0,0.0,0.0,0.0,0.02891239580113942,0.025597864278768624,0.0,0.0,0.0,0.0,0.20071735978126526,0.0
2019-06-04 15:15:00+00:00,2019-06-04 16:15:00+00:00,0.0,0.0,0.0,0.0,0.03293267032225217,0.026821141368405528,0.0,0.0,0.0,0.0,0.12655092775821686,0.0
2019-06-04 15:30:00+00:00,2019-06-04 16:30:00+00:00,0.0,0.0,0.0,0.0,0.03293267032225217,0.026821141368405528,0.0,0.0,0.0,0.0,0.11060024797916412,0.0
2019-06-04 15:45:00+00:00,2019-06-04 16:45:00+00:00,0.0,0.0,0.0,0.0,0.03293267032225217,0.026821141368405528,0.0,0.0,0.0,0.0,0.22004839777946472,0.0
2019-06-04 16:00:00+00:00,2019-06-04 17:00:00+00:00,0.0,0.0,0.0,0.0,0.03994510053034808,0.026821141368405528,0.0,0.0,0.0,0.0,0.4742542803287506,0.0
2019-06-04 16:15:00+00:00,2019-06-04 17:15:00+00:00,0.0,0.0,0.0,0.0,0.03994510053034808,0.026821141368405528,0.0,0.0,0.0,0.0,0.37981489300727844,0.0
2019-06-04 16:30:00+00:00,2019-06-04 17:30:00+00:00,0.0,0.0,0.0,0.0,0.03994510053034808,0.026821141368405528,0.0,0.0,0.0,0.0,0.46304193139076233,0.0
2019-06-04 16:45:00+00:00,2019-06-04 17:45:00+00:00,0.0,0.0,0.0,0.0,0.03994510053034808,0.026821141368405528,0.041675616055727005,0.0,0.0,0.01007036678493023,0.6220672726631165,0.0
2019-06-04 17:00:00+00:00,2019-06-04 18:00:00+00:00,0.0,0.0,0.0,0.0,0.03994510053034808,0.0,0.00484880618751049,0.0,0.0,0.10842176526784897,0.6874167919158936,0.0
2019-06-04 17:15:00+00:00,2019-06-04 18:15:00+00:00,0.0,0.0,0.0,0.0,0.03994510053034808,0.0,0.024794062599539757,0.0,0.0,0.08520869165658951,0.5382636189460754,0.0
2019-06-04 17:30:00+00:00,2019-06-04 18:30:00+00:00,0.0,0.0,0.0,0.0,0.03994510053034808,0.0,0.08256825059652328,0.0,0.0,0.1948844939470291,0.7066071033477783,0.0
2019-06-04 17:45:00+00:00,2019-06-04 18:45:00+00:00,0.0,0.0,0.0,0.0,0.03994510053034808,0.0,0.12783318758010864,0.0,0.0,0.11159653961658478,0.6232221126556396,0.0
2019-06-04 18:00:00+00:00,2019-06-04 19:00:00+00:00,0.0,0.0,0.0,0.02826431805824549,0.03994510053034808,0.0,0.138186976313591,0.0,0.0,0.006888139061629772,0.6532625555992126,0.0
2019-06-04 18:15:00+00:00,2019-06-04 19:15:00+00:00,0.0,0.0,0.0,0.02826431805824549,0.03994510053034808,0.0,0.2708536982536316,0.0,0.0,0.041415538638830185,0.642519474029541,0.0
2019-06-04 18:30:00+00:00,2019-06-04 19:30:00+00:00,0.0,0.0,0.0,0.0,0.03994510053034808,0.0,0.42127978801727295,0.0,0.0,0.2069871425628662,0.7451033592224121,0.0
2019-06-04 18:45:00+00:00,2019-06-04 19:45:00+00:00,0.0,0.0,0.0,0.0,0.03592482600923534,0.0,0.3947215974330902,0.0,0.0,0.45294055342674255,0.9452331066131592,0.1797076016664505
2019-06-04 19:00:00+00:00,2019-06-04 20:00:00+00:00,0.0,0.0,0.0,0.0,0.03697752568568699,0.0,0.4102478623390198,0.0,0.0,0.5555698871612549,0.9624798893928528,0.36583349108695984
2019-06-04 19:15:00+00:00,2019-06-04 20:15:00+00:00,0.0,0.0,0.0,0.0,0.03994510053034808,0.0,0.5584222674369812,0.054137472063302994,0.0,0.6331315040588379,0.9539043307304382,0.6099594235420227
2019-06-04 19:30:00+00:00,2019-06-04 20:30:00+00:00,0.0,0.0,0.0,0.02826431805824549,0.03755936746197265,0.0,0.6021659970283508,0.0,0.0,0.4105431139469147,1.025433897972107,0.44712916016578674
2019-06-04 19:45:00+00:00,2019-06-04 20:45:00+00:00,0.0,0.0,0.0,0.029163319260767324,0.03755936746197265,0.0,0.7431728839874268,0.0,0.0,0.4269320070743561,1.1812533140182495,0.5810716152191162
2019-06-04 20:00:00+00:00,2019-06-04 21:00:00+00:00,0.0,0.0,0.0,0.09054552374301024,0.058507333416997084,0.04826465002236082,0.8090448975563049,0.02282867580652237,0.06323466449975967,0.5101433396339417,1.3488212823867798,0.671687126159668
2019-06-04 20:15:00+00:00,2019-06-04 21:15:00+00:00,0.000668,0.0,0.0,0.09689228628351661,0.059089175193282745,0.04826465002236082,0.9350368976593018,0.15465529263019562,0.24064424633979797,0.5636799335479736,1.5161203145980835,0.8483802080154419
2019-06-04 20:30:00+00:00,2019-06-04 21:30:00+00:00,0.085861,4.0,0.0,0.17422037283508296,0.056346245295620837,0.04826465002236082,1.0503078699111938,0.31458717584609985,0.37630176544189453,0.6485058665275574,1.7145458459854126,1.0833557844161987
2019-06-04 20:45:00+00:00,2019-06-04 21:45:00+00:00,0.235594,8.0,0.0,0.2801850639753819,0.14313202201111505,0.10241846938487532,1.1071374416351318,0.6159847974777222,0.5192487239837646,0.8411295413970947,1.8725513219833374,1.3962684869766235
2019-06-04 21:00:00+00:00,2019-06-04 22:00:00+00:00,0.342939,12.0,0.0,0.44097771742513936,0.30810512968841947,0.2477572160762532,1.170621395111084,0.6333951354026794,0.6246630549430847,0.8811617493629456,1.9078891277313232,1.4896548986434937
2019-06-04 21:15:00+00:00,2019-06-04 22:15:00+00:00,0.424662,14.0,0.000668,0.8459406296138473,0.7383281115408212,0.7737730358309763,1.2445429074935912,0.6679447400741577,0.7792724478416443,0.9111308562927246,1.8814717042617797,1.5571754682235717
2019-06-04 21:30:00+00:00,2019-06-04 22:30:00+00:00,0.60509,20.0,0.085861,0.9212108611766141,0.9799421289677149,0.9721295460174112,1.4079228963241577,0.8989093627319336,1.0395099248275756,1.0746168817863464,2.069960268913269,1.8178786362991333
2019-06-04 21:45:00+00:00,2019-06-04 22:45:00+00:00,0.815609,24.0,0.235594,1.4661885379432564,1.4635451376946034,1.4760874369277304,1.6342481032791139,1.3251576081695557,1.436127151626587,1.3852527991714478,2.355859007019043,2.2956211224975585
2019-06-04 22:00:00+00:00,2019-06-04 23:00:00+00:00,1.321059,38.0,0.342939,2.2693723052789974,1.733948880597695,1.7809087172099753,1.7236960934295653,1.2674096034660338,1.658811311592102,1.494599680770874,2.3631635712280272,2.376307110656738
2019-06-04 22:15:00+00:00,2019-06-04 23:15:00+00:00,1.926477,56.0,0.424662,2.7026746067021246,1.7516423080214232,2.1275526223290044,2.148308402359009,1.2815357506866456,2.032577997505188,1.6200425685043336,2.6665448010559083,2.7798804104919435
2019-06-04 22:30:00+00:00,2019-06-04 23:30:00+00:00,1.973016,57.0,0.60509,3.1592841873388755,2.1136541346222906,2.8455237065591925,2.3163951414489747,2.1401002186203004,2.7006507891082765,2.2490376013183595,2.9475949781799318,3.499467946853638
2019-06-04 22:45:00+00:00,2019-06-04 23:45:00+00:00,2.389352,69.0,0.815609,3.4769865715543538,2.369065241028002,3.180838495495407,2.7262524583663943,2.3409672000732424,3.2408857562866213,2.509088895591736,3.325740359100342,3.9684441306915286
2019-06-04 23:00:00+00:00,2019-06-05 00:00:00+00:00,2.129477,64.0,1.321059,4.016729820677311,4.1098133157595464,3.8590348296063577,3.4304425830688476,2.5455130452957153,3.7881322021331787,2.958238970741272,4.055175315841675,4.3523523921813965
2019-06-04 23:15:00+00:00,2019-06-05 00:15:00+00:00,3.029141,84.0,1.926477,5.83493857065697,5.97564018915366,5.896946792645658,4.027507111312866,3.116497799636841,4.381000801803589,3.6420402972717287,4.905356928588867,4.934244677307129
2019-06-04 23:30:00+00:00,2019-06-05 00:30:00+00:00,3.1279060000000003,87.0,1.973016,5.9070926951699985,6.192055405028992,5.926635657811939,4.263173794952393,3.262583589759827,4.5906758072052005,3.7963313820037845,5.306925988403321,5.240178322998047
2019-06-04 23:45:00+00:00,2019-06-05 00:45:00+00:00,3.205563,91.0,2.389352,7.070807813496774,6.572591232554775,6.003807662250162,4.790170347930909,3.7539343001861574,5.107403195144654,4.206414139511109,5.72298089289856,5.728218233825684
2019-06-05 00:00:00+00:00,2019-06-05 01:00:00+00:00,4.83875,136.0,2.129477,5.528695726163413,5.61432535047698,5.594799782460678,4.724085545303344,3.9714655635375977,5.076028084518432,4.135704016448974,5.7158202884216305,5.679344391586303
2019-06-05 00:15:00+00:00,2019-06-05 01:15:00+00:00,4.058907,115.0,3.029141,8.085841123158373,6.787621622720227,6.681078032084904,5.7240765602264405,5.00056069203949,6.087614348617554,5.093648246017456,6.544757178512573,6.6313970596466065
2019-06-05 00:30:00+00:00,2019-06-05 01:30:00+00:00,3.469047,99.0,3.1279060000000003,8.419002592986782,7.572068197970547,7.032646276586287,5.828537856918335,5.314396058898926,6.201065456253052,5.1796759718475345,6.613051092010498,6.797706996780396
2019-06-05 00:45:00+00:00,2019-06-05 01:45:00+00:00,3.011312,86.0,3.205563,8.457496037498682,7.572068197970547,7.28472226132236,5.917913606918335,5.70626871899414,6.311985185897827,5.272839000976562,6.680849960601806,6.976543358123779
2019-06-05 01:00:00+00:00,2019-06-05 02:00:00+00:00,5.602844,151.0,4.83875,10.794999683195346,7.2535409029161935,7.394245845300384,7.265491361618042,6.78884970664978,7.359977836608887,6.743562455177307,7.641945953369141,8.065142030715943
2019-06-05 01:15:00+00:00,2019-06-05 02:15:00+00:00,4.432641,124.0,4.058907,10.18771387486676,6.408229871052709,7.083230620293349,6.429824797088623,6.545458761627197,6.546306101257324,5.846993175918579,6.786450830871582,7.333950725967407
2019-06-05 01:30:00+00:00,2019-06-05 02:30:00+00:00,3.168813,94.0,3.469047,7.068666121131001,5.148996251113216,5.961431554731791,5.591886212417602,6.297220875808716,5.915384223052978,5.262128283569336,6.297654082366943,6.74688689906311
2019-06-05 01:45:00+00:00,2019-06-05 02:45:00+00:00,3.689547,102.0,3.011312,6.526084609370034,4.906394635899555,5.820413814537941,4.934660903656006,5.950129977905274,5.469766370498657,4.861637465202332,5.687642327987671,6.20717381640625
2019-06-05 02:00:00+00:00,2019-06-05 03:00:00+00:00,4.791172,146.0,5.602844,8.466616578095604,5.233054466756145,7.721325026120452,7.5594029427948,8.205106258529664,7.803455114501953,7.5845402480545046,7.734693527359009,8.604502201217652
2019-06-05 02:15:00+00:00,2019-06-05 03:15:00+00:00,5.563469,161.0,4.432641,7.705740741140255,5.545015743594473,8.119977842459909,6.374777645317078,7.532850951400757,6.6533140842590335,6.476369351593018,6.946361512390137,7.695144862380982
2019-06-05 02:30:00+00:00,2019-06-05 03:30:00+00:00,3.946359,118.0,3.168813,4.703658825996932,4.618156680420196,7.314996461833175,4.88924540070343,6.106287966049194,5.114914546287537,5.1751568415527345,5.674562225616455,6.415096054351807
2019-06-05 02:45:00+00:00,2019-06-05 03:45:00+00:00,6.484953,179.0,3.689547,5.202827262800619,4.825262214065629,7.065779355456575,5.385533270904541,6.6377078867645265,5.629103837081909,5.946892199584961,6.142549691268921,7.025748429367066
2019-06-05 03:00:00+00:00,2019-06-05 04:00:00+00:00,4.389438,126.0,4.791172,7.00828626193515,4.7734727558058845,7.829440857028087,6.239837022850037,6.5548475704879765,6.272712203094483,6.640109749862671,6.367075534889222,7.672115536758423
2019-06-05 03:15:00+00:00,2019-06-05 04:15:00+00:00,3.253906,82.0,5.563469,6.877048372041165,4.86615490881012,7.396664834499116,6.787094540733338,6.208461351531983,6.642548031944275,6.777954883712769,6.010704226631165,7.887299604553223
2019-06-05 03:30:00+00:00,2019-06-05 04:30:00+00:00,2.7324610000000003,72.0,3.946359,7.095171629256529,4.80656380727254,8.725714178550119,5.056911787780762,4.883931658061981,4.990959605964661,5.265160164627075,4.5594403360214235,6.423473200592041
2019-06-05 03:45:00+00:00,2019-06-05 04:45:00+00:00,2.591094,63.0,6.484953,7.594251359158276,4.76185607911114,7.886402160655385,7.345053984573364,5.868222548416138,7.034002735069275,7.021371974399567,5.900958909442902,8.010732485702516
2019-06-05 04:00:00+00:00,2019-06-05 05:00:00+00:00,3.266156,83.0,4.389438,7.440923727988878,6.320850633888092,8.045089153189243,4.9101479318504335,3.4936413433914186,5.242308345115662,4.901227202690125,3.456310775554657,5.968649473464966
2019-06-05 04:15:00+00:00,2019-06-05 05:15:00+00:00,3.427485,87.0,3.253906,5.4206995013647745,4.9446370839494636,6.49594754031451,3.5801425460395815,2.821415174346924,4.0648262980995185,3.6791403475818636,2.5425669435081484,4.7223797920761115
2019-06-05 04:30:00+00:00,2019-06-05 05:30:00+00:00,2.942734,74.0,2.7324610000000003,5.963835135337028,5.382165592916587,6.798190076733235,3.0824978893146517,2.684132097427607,3.777025485549927,3.1641374473915103,2.5958353673563006,4.25216748765564
2019-06-05 04:45:00+00:00,2019-06-05 05:45:00+00:00,3.08443,77.0,2.591094,6.283723854056676,4.891989807650103,5.7017074971608475,2.877943945783615,2.5960382308954895,3.6472642251434326,2.938144815820694,2.6463984080734253,4.182552678245544
2019-06-05 05:00:00+00:00,2019-06-05 06:00:00+00:00,7.175219,197.0,3.266156,6.862805481507689,5.278715113630975,6.094481693596184,3.5875300289211274,2.9830749453125,4.117870670658112,3.226005774837494,3.2358820465472937,4.556265992027283
2019-06-05 05:15:00+00:00,2019-06-05 06:15:00+00:00,4.415031,120.0,3.427485,6.262543312275799,5.437820990793384,6.070007546565951,3.609140079126358,3.495484981343746,4.174917470321655,3.263352926478386,3.5914017219400405,4.611241351470947
2019-06-05 05:30:00+00:00,2019-06-05 06:30:00+00:00,2.1940619999999997,61.0,2.942734,5.9577323664727055,5.272669134981289,5.594068556407298,3.0149941711750032,3.5591149299468996,3.6870093314971926,2.989071712556124,3.422882196220398,4.388796326431274
2019-06-05 05:45:00+00:00,2019-06-05 06:45:00+00:00,2.2212970000000003,57.0,3.08443,5.268976806142476,3.896567352897872,3.8475624583275643,3.052232736908197,3.096315575018823,3.5978620855140684,2.7997150329875944,3.114571584575176,4.234183212928771
2019-06-05 06:00:00+00:00,2019-06-05 07:00:00+00:00,2.294578,63.0,7.175219,7.393145918432008,6.666856519895281,6.947165069078905,6.946539790052414,5.35759466947937,6.935972005743027,5.022214115280152,5.921775878089905,6.49233508171463
2019-06-05 06:15:00+00:00,2019-06-05 07:15:00+00:00,2.531156,69.0,4.415031,6.650099270458093,5.441783144775075,5.210999827773977,4.153319223743439,4.047778918367386,4.317395499866962,2.901508732658386,3.8926028450546264,4.589943393093109
2019-06-05 06:30:00+00:00,2019-06-05 07:30:00+00:00,3.773766,104.0,2.1940619999999997,5.139984335079494,3.72706227878437,3.6885920450741345,1.885223125898361,2.909447556221008,2.2450938391025064,1.506668871128082,2.3152677173252103,3.23137295790863
2019-06-05 06:45:00+00:00,2019-06-05 07:45:00+00:00,3.940672,111.0,2.2212970000000003,4.84081311415577,4.0558793797384425,3.9195049140703677,1.8804122250766757,2.3342383768649104,2.1286904331536296,1.923707697937012,2.1809694994480613,3.35746381098938
2019-06-05 07:00:00+00:00,2019-06-05 08:00:00+00:00,2.840031,72.0,2.294578,4.3802223952779435,3.816640017719781,3.738152091750877,1.890880181482315,2.1074729850797653,2.0124491593151093,1.8244757494239807,2.1773082902936935,3.2722509345321655
2019-06-05 07:15:00+00:00,2019-06-05 08:15:00+00:00,1.607676,43.0,2.531156,4.694362359132083,3.8706144469656554,3.7735148949324384,1.9848607743797304,2.0733554626522066,2.058702375989914,1.5917324389038088,2.2857042963323595,3.0858499969062807
2019-06-05 07:30:00+00:00,2019-06-05 08:30:00+00:00,1.321688,35.0,3.773766,4.1917424881364775,3.4866771474326237,3.6041555669639522,3.129042942253113,2.6344372818145754,3.012189585891724,2.447510559288025,3.1777072140846254,3.765054241930306
2019-06-05 07:45:00+00:00,2019-06-05 08:45:00+00:00,1.26875,35.0,3.940672,3.9540130443610253,3.130326646391109,3.443104662509854,3.203289588043213,2.596071799346924,2.9422609406204225,2.499934752532959,3.273245235034943,3.824558702358723
2019-06-05 08:00:00+00:00,2019-06-05 09:00:00+00:00,1.284172,35.0,2.840031,2.576890230839012,1.9385012845406135,2.0835487802025705,2.0938227494773867,1.582667561393738,1.7687748392639162,1.53641829095459,2.4281281252918245,3.1233655830440523
2019-06-05 08:15:00+00:00,2019-06-05 09:15:00+00:00,1.046473,27.0,1.607676,2.8114817209708973,2.184000177923809,1.730301761240908,0.7930218881378175,0.24512121141052257,0.5064137882003785,0.3135808414230348,1.2963358765850068,1.9591632491359712
2019-06-05 08:30:00+00:00,2019-06-05 09:30:00+00:00,0.988176,26.0,1.321688,1.2428667368052533,0.5704985097734022,0.2739903661970655,0.504431489742279,0.0,0.13969582680511472,0.005415741241455052,0.9299329853420257,1.5105082875852585
2019-06-05 08:45:00+00:00,2019-06-05 09:45:00+00:00,0.8228549999999999,26.0,1.26875,0.8584443552770206,0.01981876648332892,0.022188704174876818,0.4305751204490662,0.0,0.0,0.0,0.8114485919475556,1.1591827228665352
2019-06-05 09:00:00+00:00,2019-06-05 10:00:00+00:00,0.716283,21.0,1.284172,0.8576256879378269,0.01981876648332892,0.27985156058250393,0.4976676717491151,0.0,0.0,0.2964673653335572,0.8064836278648377,1.2950727777646185
2019-06-05 09:15:00+00:00,2019-06-05 10:15:00+00:00,0.811371,24.0,1.046473,0.48703668735591915,0.0,0.0,0.19181517119216918,0.0,0.0,0.0,0.6070972716312408,0.7911733126144409
2019-06-05 09:30:00+00:00,2019-06-05 10:30:00+00:00,0.591801,18.0,0.988176,0.36465866784934864,0.0,0.0,0.1906404017219544,0.0,0.0,0.0,0.5271397649059296,0.7194695888767243
2019-06-05 09:45:00+00:00,2019-06-05 10:45:00+00:00,0.388726,13.0,0.8228549999999999,0.1986401269297794,0.0,0.0,0.020563368301391494,0.0,0.0,0.0,0.25118887851715077,0.33292371461868275
2019-06-05 10:00:00+00:00,2019-06-05 11:00:00+00:00,0.224137,8.0,0.716283,0.12191013035433798,0.0,0.0,0.0,0.0,0.0,0.0,0.0,0.0
2019-06-05 10:15:00+00:00,2019-06-05 11:15:00+00:00,0.086283,5.0,0.811371,0.04643725992276725,0.0,0.0,0.1076132370910644,0.0,0.0,0.0,0.19817355413055415,0.14675983924484248
2019-06-05 10:30:00+00:00,2019-06-05 11:30:00+00:00,0.0,1.0,0.591801,0.0,0.0,0.0,0.0,0.0,0.0,0.0,0.0,0.0
2019-06-05 10:45:00+00:00,2019-06-05 11:45:00+00:00,0.0,0.0,0.388726,0.0,0.0,0.0,0.0,0.0,0.0,0.0,0.0,0.0
2019-06-05 11:00:00+00:00,2019-06-05 12:00:00+00:00,0.0,0.0,0.224137,0.0,0.0,0.0,0.0,0.0,0.0,0.0,0.0,0.0
2019-06-05 11:15:00+00:00,2019-06-05 12:15:00+00:00,0.0,0.0,0.086283,0.007902030892882531,0.0,0.0,0.0,0.0,0.0,0.0,0.0,0.0
2019-06-05 11:30:00+00:00,2019-06-05 12:30:00+00:00,0.0,0.0,0.0,0.0,0.02836794728157814,0.0,0.0,0.0,0.0,0.0,0.0,0.0
2019-06-05 11:45:00+00:00,2019-06-05 12:45:00+00:00,0.0,0.0,0.0,0.0,0.03994510053034808,0.0,0.0,0.0,0.0,0.0,0.0,0.0
2019-06-05 12:00:00+00:00,2019-06-05 13:00:00+00:00,0.0,0.0,0.0,0.021399079780849154,0.03994510053034808,0.0,0.0,0.0,0.0,0.0,0.0,0.0
2019-06-05 12:15:00+00:00,2019-06-05 13:15:00+00:00,0.0,0.0,0.0,0.02242381882064548,0.03994510053034808,0.0,0.0,0.0,0.0,0.0,0.0,0.0
2019-06-05 12:30:00+00:00,2019-06-05 13:30:00+00:00,0.0,0.0,0.0,0.02242381882064548,0.03994510053034808,0.0,0.0,0.0,0.0,0.0,0.0,0.0
2019-06-05 12:45:00+00:00,2019-06-05 13:45:00+00:00,0.0,0.0,0.0,0.02242381882064548,0.03994510053034808,0.0,0.0,0.0,0.0,0.0,0.0,0.0
2019-06-05 13:00:00+00:00,2019-06-05 14:00:00+00:00,0.0,0.0,0.0,0.05963436222312695,0.061631970401063135,0.023399649452637214,0.0,0.0,0.0,0.0,0.0,0.0
2019-06-05 13:15:00+00:00,2019-06-05 14:15:00+00:00,0.0,0.0,0.0,0.025260450616327326,0.061631970401063135,0.023399649452637214,0.0,0.0,0.0,0.0,0.0,0.0
2019-06-05 13:30:00+00:00,2019-06-05 14:30:00+00:00,0.0,0.0,0.0,0.05963436222312695,0.061631970401063135,0.027559448108567926,0.0,0.0,0.0,0.0,0.0,0.0
2019-06-05 13:45:00+00:00,2019-06-05 14:45:00+00:00,0.0,0.0,0.0,0.05963436222312695,0.061631970401063135,0.023399649452637214,0.0,0.0,0.0,0.0,0.013147140853106976,0.0
2019-06-05 14:00:00+00:00,2019-06-05 15:00:00+00:00,0.0,0.0,0.0,0.05963436222312695,0.03994510053034808,0.0,0.0,0.0,0.0,0.0,0.15107916295528412,0.0
2019-06-05 14:15:00+00:00,2019-06-05 15:15:00+00:00,0.0,0.0,0.0,0.0,0.03994510053034808,0.0,0.0,0.0,0.0,0.0,0.2535364627838135,0.0
2019-06-05 14:30:00+00:00,2019-06-05 15:30:00+00:00,0.0,0.0,0.0,0.0,0.03994510053034808,0.0,0.0,0.0,0.0,0.0,0.22637322545051575,0.0
2019-06-05 14:45:00+00:00,2019-06-05 15:45:00+00:00,0.0,0.0,0.0,0.0,0.03994510053034808,0.0,0.0,0.0,0.0,0.0,0.2584855556488037,0.0
2019-06-05 15:00:00+00:00,2019-06-05 16:00:00+00:00,0.0,0.0,0.0,0.0,0.03994510053034808,0.0,0.0,0.0,0.0,0.0,0.45039504766464233,0.0
2019-06-05 15:15:00+00:00,2019-06-05 16:15:00+00:00,0.0,0.0,0.0,0.03259072062593167,0.03994510053034808,0.0,0.0,0.0,0.0,0.0,0.4555376470088959,0.0
2019-06-05 15:30:00+00:00,2019-06-05 16:30:00+00:00,0.0,0.0,0.0,0.03156598158613534,0.03994510053034808,0.0,0.0,0.0,0.0,0.0,0.4458441138267517,0.0
2019-06-05 15:45:00+00:00,2019-06-05 16:45:00+00:00,0.0,0.0,0.0,0.03259072062593167,0.03994510053034808,0.0,0.0,0.0,0.0,0.0,0.2554902732372284,0.0
2019-06-05 16:00:00+00:00,2019-06-05 17:00:00+00:00,0.0,0.0,0.0,0.03259072062593167,0.03994510053034808,0.025811454926931474,0.0,0.0,0.0,0.0,0.21907292306423187,0.0
2019-06-05 16:15:00+00:00,2019-06-05 17:15:00+00:00,0.0,0.0,0.0,0.03259072062593167,0.03994510053034808,0.025811454926931474,0.0,0.0,0.0,0.0,0.21259118616580963,0.0
2019-06-05 16:30:00+00:00,2019-06-05 17:30:00+00:00,0.0,0.0,0.0,0.06696463223273129,0.03994510053034808,0.0,0.0,0.0,0.0,0.0,0.25514915585517883,0.0
2019-06-05 16:45:00+00:00,2019-06-05 17:45:00+00:00,0.0,0.0,0.0,0.02826431805824549,0.0673434142789762,0.0,0.0,0.0,0.0,0.0,0.26138046383857727,0.0
2019-06-05 17:00:00+00:00,2019-06-05 18:00:00+00:00,0.0,0.0,0.0,0.0,0.03994510053034808,0.0,0.0,0.0,0.0,0.0,0.3524948060512543,0.0
2019-06-05 17:15:00+00:00,2019-06-05 18:15:00+00:00,0.0,0.0,0.0,0.0,0.03592482600923534,0.0,0.0,0.0,0.0,0.0,0.5197174549102783,0.0
2019-06-05 17:30:00+00:00,2019-06-05 18:30:00+00:00,0.0,0.0,0.0,0.03259072062593167,0.03994510053034808,0.0,0.0,0.0,0.0,0.08395857363939285,0.4431128203868866,0.0
2019-06-05 17:45:00+00:00,2019-06-05 18:45:00+00:00,0.0,0.0,0.0,0.0,0.03592482600923534,0.0,0.0,0.0,0.0,0.1226101666688919,0.4652654230594635,0.0
2019-06-05 18:00:00+00:00,2019-06-05 19:00:00+00:00,0.0,0.0,0.0,0.0,0.03293267032225217,0.0,0.0,0.0,0.0,0.23521007597446442,0.39762112498283386,0.0
2019-06-05 18:15:00+00:00,2019-06-05 19:15:00+00:00,0.0,0.0,0.0,0.02624395808542529,0.024884559292574583,0.0,0.0,0.0,0.0,0.2824913263320923,0.48094671964645386,0.0
2019-06-05 18:30:00+00:00,2019-06-05 19:30:00+00:00,0.0,0.0,0.0,0.02624395808542529,0.024884559292574583,0.0,0.0,0.0,0.0,0.332838237285614,0.4495096206665039,0.0
2019-06-05 18:45:00+00:00,2019-06-05 19:45:00+00:00,0.0,0.0,0.0,0.02624395808542529,0.024884559292574583,0.0,0.0,0.0,0.0,0.3517891466617584,0.4375728368759155,0.0
2019-06-05 19:00:00+00:00,2019-06-05 20:00:00+00:00,0.0,0.0,0.0,0.025219219045628963,0.031896989500670506,0.0,0.02578914351761341,0.0,0.0,0.4181159436702728,0.40138131380081177,0.0
2019-06-05 19:15:00+00:00,2019-06-05 20:15:00+00:00,0.0,0.0,0.0,0.025219219045628963,0.031896989500670506,0.0,0.12738578021526337,0.0,0.0,0.5017946362495422,0.4196937382221222,0.0
2019-06-05 19:30:00+00:00,2019-06-05 20:30:00+00:00,0.0,0.0,0.0,0.02624395808542529,0.031896989500670506,0.0,0.129689022898674,0.0,0.0,0.5603365302085876,0.3117656707763672,0.0
2019-06-05 19:45:00+00:00,2019-06-05 20:45:00+00:00,0.0,0.0,0.0,0.027142959287947126,0.026173803276821256,0.0,0.1521536111831665,0.0,0.0,0.5113494396209717,0.3792925477027893,0.0
2019-06-05 20:00:00+00:00,2019-06-05 21:00:00+00:00,0.0,0.0,0.0,0.1355926004580024,0.061474908261658204,0.0,0.38317543268203735,0.0,0.0,0.3927881717681885,0.48685356974601746,0.0
2019-06-05 20:15:00+00:00,2019-06-05 21:15:00+00:00,0.0,1.0,0.0,0.1355926004580024,0.061474908261658204,0.0,0.5445954203605652,0.0,0.0,0.4372084140777588,0.6578817367553711,0.3114616572856903
2019-06-05 20:30:00+00:00,2019-06-05 21:30:00+00:00,0.0618639999999999,3.0,0.0,0.17854677540276917,0.07023883051437187,0.0006379082076714155,0.744500458240509,0.0,0.12146960943937302,0.6933730244636536,0.9326888918876648,0.8460836410522461
2019-06-05 20:45:00+00:00,2019-06-05 21:45:00+00:00,0.247926,8.0,0.0,0.35960605229717374,0.15118013304079267,0.0,0.829493522644043,0.0,0.312970906496048,0.6496278047561646,1.047109842300415,1.0049736499786377
2019-06-05 21:00:00+00:00,2019-06-05 22:00:00+00:00,0.34702,10.0,0.0,0.4796780315996252,0.30810512968841947,0.0,0.8052799105644226,0.0,0.3096156120300293,0.7692678570747375,1.10348379611969,1.023542046546936
2019-06-05 21:15:00+00:00,2019-06-05 22:15:00+00:00,0.459758,15.0,0.0,1.008351831200067,0.8011079553313308,0.5755848852865327,1.0401972532272339,0.0,0.7139596343040466,0.7847466468811035,1.3824660778045654,1.419071078300476
2019-06-05 21:30:00+00:00,2019-06-05 22:30:00+00:00,0.700916,22.0,0.0618639999999999,1.083581306190945,0.9997164856705922,0.597117492403484,1.218500357307434,0.0,0.9875472003593444,0.8852658683433532,1.6046410614624023,1.6917880589141845
2019-06-05 21:45:00+00:00,2019-06-05 22:45:00+00:00,0.994574,32.0,0.247926,1.8231321915578762,1.5277598631251703,0.8900451238695894,1.4184931548843385,0.0,1.2937444480667115,1.1781979235420228,1.8370807203063966,1.872442010284424
2019-06-05 22:00:00+00:00,2019-06-05 23:00:00+00:00,1.9692419999999995,58.0,0.34702,2.6385764749297436,1.9617714136803126,1.520531739996864,1.689429372329712,0.30195334904313087,1.6482369599533082,1.3321992454719545,2.352093070526123,2.3931611476135255
2019-06-05 22:15:00+00:00,2019-06-05 23:15:00+00:00,3.317289,96.0,0.459758,2.813845934192064,2.1034200839894037,1.6440642847590043,1.918780283554077,0.5322220935659409,2.043978051765442,1.523088054283142,2.6308168932037352,2.7425164743499755
2019-06-05 22:30:00+00:00,2019-06-05 23:30:00+00:00,3.1235310000000003,87.0,0.700916,3.3048294264356146,2.4654319105902722,1.9056583763455115,2.336292214981079,0.7708733904275894,2.5625243860397338,1.834802694908142,2.8793885189208983,3.084101863494873
2019-06-05 22:45:00+00:00,2019-06-05 23:45:00+00:00,3.584766000000001,104.0,0.994574,3.7596385191729196,2.693929643096733,2.0982379725708893,2.8831115261306763,1.0605757356276513,3.259482790588379,2.223786284088135,3.361958910583496,3.7155524984588624
2019-06-05 23:00:00+00:00,2019-06-06 00:00:00+00:00,2.273305,59.0,1.9692419999999995,5.854505820896781,4.532668911251977,3.7037456608662396,3.9751814836425776,2.1259018862409587,4.2521800035400386,3.3433726066513056,4.40595116557312,4.70555677355957
2019-06-05 23:15:00+00:00,2019-06-06 00:15:00+00:00,1.983625,53.0,3.317289,6.988148109172992,6.3334891904170005,4.353607527985187,5.25104201361084,3.4701819471969606,5.604944353546143,4.992429857696534,5.678655510391236,6.065362339462281
2019-06-05 23:30:00+00:00,2019-06-06 00:30:00+00:00,1.670238,49.0,3.1235310000000003,7.0834681716886285,6.264694272543314,4.403654095463836,5.017947451454162,3.472490803581238,5.4787548941192625,4.974728242736816,5.6392301481781,5.8971718710479735
2019-06-05 23:45:00+00:00,2019-06-06 00:45:00+00:00,1.8502419999999995,57.0,3.584766000000001,7.115015015005281,5.992807540435661,3.970946107575726,5.414881795135499,3.877690165725709,6.023547738281251,5.620541899887086,6.063154786315919,6.4284163410339366
2019-06-06 00:00:00+00:00,2019-06-06 01:00:00+00:00,2.2655939999999997,59.0,2.273305,5.660165153345416,4.779836917505758,2.7122595020615705,4.1503013979721075,3.484222353630066,4.867842019729615,4.606433452301026,4.987551988296509,5.2465503823089605
2019-06-06 00:15:00+00:00,2019-06-06 01:15:00+00:00,1.727359,39.0,1.983625,5.218665324573447,4.692319308645694,2.5411594644839175,3.8752377681732177,3.571337049484253,4.70486408996582,4.3126619510650634,4.746026580810547,4.914119546890259
2019-06-06 00:30:00+00:00,2019-06-06 01:30:00+00:00,1.591898,40.0,1.670238,5.564663476345136,6.420204920310536,3.5174547748746776,3.5651548920516967,3.482066017234802,4.487699967468261,3.9882280646209716,4.3297228632812494,4.528174382293701
2019-06-06 00:45:00+00:00,2019-06-06 01:45:00+00:00,1.079285,32.0,1.8502419999999995,5.755221885934403,6.623618021761505,3.6922480945672063,3.744471412078857,3.764777522460937,4.677453618423462,4.3021246007843015,4.547513347045898,4.782726149932861
2019-06-06 01:00:00+00:00,2019-06-06 02:00:00+00:00,1.487445,46.0,2.2655939999999997,6.797771461110469,7.331527879982333,4.402848942470042,4.07160579599762,4.4006235543670655,4.815647596496582,4.778879636901856,4.957588428634644,4.914701933044434
2019-06-06 01:15:00+00:00,2019-06-06 02:15:00+00:00,3.334406,105.0,1.727359,6.787489143453647,7.273230852984553,4.301727244273598,3.546637836250305,4.061173859390259,4.27076286390686,4.349700156005859,4.523226919921875,4.442071381362915
2019-06-06 01:30:00+00:00,2019-06-06 02:30:00+00:00,4.351813,125.0,1.591898,5.915225229465957,7.167694180548579,4.301727244273598,3.3606869337539673,3.8377998230438233,4.020383870361329,4.156206404922486,4.229990279434205,4.1812558529357915
2019-06-06 01:45:00+00:00,2019-06-06 02:45:00+00:00,3.671828,105.0,1.079285,5.494700286103641,6.332709572513366,3.9856733593661127,2.9114856464004517,3.1498940927124024,3.517796848449707,3.6576570016479493,3.962562177810669,3.8101984006500245
2019-06-06 02:00:00+00:00,2019-06-06 03:00:00+00:00,2.91107,94.0,1.487445,6.195854645055671,5.611736728680874,3.6219010220550527,3.2520614894104005,3.4933096202087404,3.7322226794433595,3.9734782012176515,4.329157236404419,4.2463053496551515
2019-06-06 02:15:00+00:00,2019-06-06 03:15:00+00:00,4.349844,121.0,3.334406,6.124061648909375,6.242924759860796,4.321294379796234,4.87941787801361,4.922386389595031,5.17916701398468,5.557170015197753,5.5030485209045406,5.544755798202514
2019-06-06 02:30:00+00:00,2019-06-06 03:30:00+00:00,4.3864849999999995,124.0,4.351813,7.709626862739372,5.57920666617013,4.907947894551707,5.809299987113953,5.466664117134094,6.020178359306335,6.4222315962677,6.166630905426025,6.283391516960144
2019-06-06 02:45:00+00:00,2019-06-06 03:45:00+00:00,7.034344,197.0,3.671828,5.717234540604406,5.12956062721183,4.184582674078543,5.019939867904663,4.7953852099685665,5.259805409362793,5.6311876458435055,5.351807681968689,5.389357416084289
2019-06-06 03:00:00+00:00,2019-06-06 04:00:00+00:00,3.870016000000001,108.0,2.91107,5.29436609709606,3.8221531032587746,4.332800102084099,4.16051019317627,4.258804689712525,4.533756982154847,5.006342302627564,4.66825891620636,4.864048849411011
2019-06-06 03:15:00+00:00,2019-06-06 04:15:00+00:00,2.937703,72.0,4.349844,7.318123448431436,5.8629247727928036,4.916790127098357,5.468845150131226,5.031683764118195,5.865288755554199,6.081835529464722,5.661418459075928,6.0314117881240845
2019-06-06 03:30:00+00:00,2019-06-06 04:30:00+00:00,2.259852,50.0,4.3864849999999995,7.058804207558947,5.332183172400522,5.096767024873003,5.332703311786651,5.020077367172241,5.730297823295593,5.936004538879394,5.484491725311279,5.79082955871582
2019-06-06 03:45:00+00:00,2019-06-06 04:45:00+00:00,1.8877580000000005,54.0,7.034344,7.540270651126881,6.027968779211448,4.4364508666865,7.6414884153785705,7.096661796051502,7.856131714958191,7.984003585952759,7.668458682674408,7.505375039953232
2019-06-06 04:00:00+00:00,2019-06-06 05:00:00+00:00,2.253016,55.0,3.870016000000001,6.611898691896663,4.4312924782549,4.4351135869449125,4.445449790683748,4.090915835228921,5.04662027093506,4.802983245578767,4.2936303529415145,4.4668671104583755
2019-06-06 04:15:00+00:00,2019-06-06 05:15:00+00:00,3.581539,113.0,2.937703,6.3031097086967165,4.3207927559047175,3.6881935538764092,3.331934468439102,3.694960640361786,4.079512225082397,3.853493617465973,3.45029084532547,3.420645968606949
2019-06-06 04:30:00+00:00,2019-06-06 05:30:00+00:00,6.562282000000001,202.0,2.259852,5.156608345826437,4.400368856164105,3.0799638592690335,2.55604762625885,3.549324460746765,3.3984889466781616,3.323035546066284,2.9599850256462097,2.877412565471649
2019-06-06 04:45:00+00:00,2019-06-06 05:45:00+00:00,7.41475,221.0,1.8877580000000005,5.445415948976598,3.8759490994197234,2.9961598617130423,2.1158492846326835,2.990844233139039,2.9908785654144294,3.0571635795669563,2.4652626348571784,2.566468043430329
2019-06-06 05:00:00+00:00,2019-06-06 06:00:00+00:00,7.706125,212.0,2.253016,5.6647709356340386,3.9077817227350495,2.8687705898252505,2.26543968016392,3.0047658135566713,3.0669295241508485,3.2512466361198427,2.514722531047821,2.5619118859443666
2019-06-06 05:15:00+00:00,2019-06-06 06:15:00+00:00,7.879813,192.0,3.581539,6.567989507198916,4.345372862030062,3.6530044830158794,3.3514833995952604,3.4619912082209585,4.050513083662032,4.1714880714073175,3.1314756521835325,3.261523778165817
2019-06-06 05:30:00+00:00,2019-06-06 06:30:00+00:00,6.658532000000001,179.0,6.562282000000001,6.878409324715617,4.975006300670532,4.18606633809303,5.9749643544502264,4.986490521842957,6.485061649496079,6.390829134995461,5.189249549324036,5.343264851982117
2019-06-06 05:45:00+00:00,2019-06-06 06:45:00+00:00,10.14256,273.0,7.41475,6.668886165573634,4.864701287186107,3.8664019739841833,6.569998999595642,4.774917264938354,7.039421816825866,6.741899748802185,5.530038734436035,5.666536470413208
2019-06-06 06:00:00+00:00,2019-06-06 07:00:00+00:00,7.337532,180.0,7.706125,8.139974361985956,5.615592346037183,4.244835691298147,6.57838378238678,4.085974195480347,6.997122922420502,6.599768260002136,5.416666009902954,5.571812608718872
2019-06-06 06:15:00+00:00,2019-06-06 07:15:00+00:00,7.93975,196.0,7.879813,8.79244263127313,5.579745593408632,3.9988035711928007,6.4441936457519535,4.0861144507293705,6.8955568516616825,6.514571114814759,5.47147469166565,5.595818086898804
2019-06-06 06:30:00+00:00,2019-06-06 07:30:00+00:00,7.392,181.0,6.658532000000001,7.66002815287607,4.577179692519129,4.339519266701918,5.341755843574525,2.807433939392091,5.8422588471717845,5.452834225112916,4.354072666580201,4.741627908164979
2019-06-06 06:45:00+00:00,2019-06-06 07:45:00+00:00,4.781109,141.0,10.14256,7.553851787135585,4.671900062533886,3.6258196814899746,8.612686628875732,4.785391802368164,8.828028196868896,7.6661851354217525,6.832761997756958,7.152664417800903
2019-06-06 07:00:00+00:00,2019-06-06 08:00:00+00:00,6.836266,190.0,7.337532,7.101609992411948,4.881795105281191,3.94571193151756,5.716011480743409,2.5616488022155766,5.942484454566956,5.3575342459030155,4.561396316940308,4.857502655441285
2019-06-06 07:15:00+00:00,2019-06-06 08:15:00+00:00,4.999094,132.0,7.93975,5.930700366296508,4.008598759386694,3.323703192913791,6.136219783782959,3.031798168182373,6.251614614486694,5.874409957885742,5.107634826660156,5.252076192855835
2019-06-06 07:30:00+00:00,2019-06-06 08:30:00+00:00,3.4523669999999997,94.0,7.392,5.419150618998398,3.5748798953070446,2.649725706875117,5.82001833152771,2.398130695343018,5.817423979759217,5.383287469863892,4.579905073165894,4.614779035568238
2019-06-06 07:45:00+00:00,2019-06-06 08:45:00+00:00,5.213469,135.0,4.781109,4.5175834691562144,2.8217696031691295,2.5452690641939246,3.4263515718307493,0.2727386005249022,3.4316599614944456,3.5064225442733763,2.5565718658294676,2.824789191040039
2019-06-06 08:00:00+00:00,2019-06-06 09:00:00+00:00,9.595688,257.0,6.836266,2.998621147071873,1.6473451888010113,2.0204992194890496,5.485618908134461,1.6458530018005373,5.14648123475647,5.547550756660462,4.32032533380127,4.991481740203858
2019-06-06 08:15:00+00:00,2019-06-06 09:15:00+00:00,8.369594000000001,220.0,4.999094,3.3521969600163612,2.1367101254984613,2.102582678396168,3.7708104754867557,0.4013619328918461,3.360930910247803,4.377280285495758,3.1567087079467777,3.7232845927658085
2019-06-06 08:30:00+00:00,2019-06-06 09:30:00+00:00,6.356,162.0,3.4523669999999997,1.3797331504186945,0.4400719897986845,0.35996546500377485,2.370713524238586,0.0,1.9486461204452512,3.323077417628288,2.181441120521545,2.715764395610809
2019-06-06 08:45:00+00:00,2019-06-06 09:45:00+00:00,4.9550160000000005,116.0,5.213469,1.3265962722004663,0.15682546713380285,0.43506286074712297,4.086726398605347,0.5978336049499511,3.4205406619491576,4.749153555768967,3.4631952954711913,3.871899218696594
2019-06-06 09:00:00+00:00,2019-06-06 10:00:00+00:00,3.29432,83.0,9.595688,2.0120160080870853,0.6868722215727353,1.336374179422149,8.10286666420746,3.3572698977355966,6.968914404190064,7.560930624282838,6.627199545181275,7.037643089569093
2019-06-06 09:15:00+00:00,2019-06-06 10:15:00+00:00,2.183891,60.0,8.369594000000001,1.7965383944602538,0.6362883164398515,0.7267159741048604,6.810730837005616,2.790233514923097,5.598365209716798,6.38255765261078,5.837165020126344,5.746013067382814
2019-06-06 09:30:00+00:00,2019-06-06 10:30:00+00:00,1.219094,32.0,6.356,1.1823289627667393,0.0,0.38603271315344984,4.831549578666687,1.2563458023071288,3.6835799751281737,4.8875802097320555,4.102155977249145,4.0508444843292235
2019-06-06 09:45:00+00:00,2019-06-06 10:45:00+00:00,0.985168,27.0,4.9550160000000005,1.101923907172224,0.0,0.22352615177532273,3.3360942432556158,0.22774253579711967,2.230466468063355,3.669757706848145,2.8984504768524175,2.5639351436767583
2019-06-06 10:00:00+00:00,2019-06-06 11:00:00+00:00,0.5443319999999999,16.0,3.29432,0.21084662295827922,0.0,0.0,1.9176373608779906,0.0,0.7093399890136718,2.2041486628723144,1.4208843835067748,0.7655004389953612
2019-06-06 10:15:00+00:00,2019-06-06 11:15:00+00:00,0.3449,10.0,2.183891,0.11772088348058991,0.0,0.0,1.0723758356246949,0.0,0.0,1.6601141707572937,0.601087273803711,0.0
2019-06-06 10:30:00+00:00,2019-06-06 11:30:00+00:00,0.075053,3.0,1.219094,0.21611808644174807,0.0,0.0,0.1301793672027587,0.0,0.0,0.6775681592407226,0.08728476538085927,0.0
2019-06-06 10:45:00+00:00,2019-06-06 11:45:00+00:00,0.0,0.0,0.985168,0.08725602111750701,0.0,0.0,0.011951585548400923,0.0,0.0,0.8711073522143364,0.07363899542617802,0.0
2019-06-06 11:00:00+00:00,2019-06-06 12:00:00+00:00,0.0,0.0,0.5443319999999999,0.028109107573600946,0.0,0.0,0.0,0.0,0.0,0.43048253147077553,0.0,0.0
2019-06-06 11:15:00+00:00,2019-06-06 12:15:00+00:00,0.0,0.0,0.3449,0.030927887707837092,0.0,0.0,0.0,0.0,0.0,0.2876211210131645,0.0,0.0
2019-06-06 11:30:00+00:00,2019-06-06 12:30:00+00:00,0.0,0.0,0.075053,0.0,0.0,0.0,0.0,0.0,0.0,0.06659485410588979,0.0,0.0
2019-06-06 11:45:00+00:00,2019-06-06 12:45:00+00:00,0.0,0.0,0.0,0.0,0.0,0.0,0.0,0.0,0.0,0.0,0.0,0.0
2019-06-06 12:00:00+00:00,2019-06-06 13:00:00+00:00,0.0,0.0,0.0,0.1177813439544811,0.0485946126892202,0.0,0.0,0.0,0.0,0.0,0.0,0.0
2019-06-06 12:15:00+00:00,2019-06-06 13:15:00+00:00,0.0,0.0,0.0,0.1177813439544811,0.04287142646537094,0.0,0.0,0.0,0.0,0.0,0.0,0.0
2019-06-06 12:30:00+00:00,2019-06-06 13:30:00+00:00,0.0,0.0,0.0,0.011750653712452902,0.0485946126892202,0.0,0.0,0.0,0.0,0.0,0.0,0.0
2019-06-06 12:45:00+00:00,2019-06-06 13:45:00+00:00,0.0,0.0,0.0,0.011750653712452902,0.0485946126892202,0.0,0.0,0.0,0.0,0.0,0.0,0.0
2019-06-06 13:00:00+00:00,2019-06-06 14:00:00+00:00,0.0,0.0,0.0,0.014587285508134748,0.05087159400203219,0.0,0.0,0.0,0.0,0.0,0.0,0.0
2019-06-06 13:15:00+00:00,2019-06-06 14:15:00+00:00,0.0,0.0,0.0,0.0,0.045148407778182936,0.0,0.0,0.0,0.0,0.0,0.0,0.0
2019-06-06 13:30:00+00:00,2019-06-06 14:30:00+00:00,0.0,0.0,0.0,0.014587285508134748,0.05087159400203219,0.0,0.0,0.0,0.0,0.0,0.0,0.0
2019-06-06 13:45:00+00:00,2019-06-06 14:45:00+00:00,0.0,0.0,0.0,0.020934048048641164,0.058919705031709776,0.0,0.0,0.0,0.0,0.0,0.0,0.0
2019-06-06 14:00:00+00:00,2019-06-06 15:00:00+00:00,0.0,0.0,0.0,0.020934048048641164,0.058919705031709776,0.0,0.0,0.0,0.0,0.0,0.0,0.0
2019-06-06 14:15:00+00:00,2019-06-06 15:15:00+00:00,0.0,0.0,0.0,0.014587285508134748,0.05489943051059703,0.0,0.0,0.0,0.0,0.0,0.0,0.0
2019-06-06 14:30:00+00:00,2019-06-06 15:30:00+00:00,0.0,0.0,0.0,0.0,0.058919705031709776,0.0,0.0,0.0,0.0,0.0,0.0,0.0
2019-06-06 14:45:00+00:00,2019-06-06 15:45:00+00:00,0.0,0.0,0.0,0.02826431805824549,0.08631801878033789,0.0,0.0,0.0,0.0,0.0,0.005434975493699312,0.0
2019-06-06 15:00:00+00:00,2019-06-06 16:00:00+00:00,0.0,0.0,0.0,0.0,0.045148407778182936,0.0,0.0,0.0,0.0,0.0,0.23372122645378113,0.0
2019-06-06 15:15:00+00:00,2019-06-06 16:15:00+00:00,0.0,0.0,0.0,0.0,0.045148407778182936,0.0,0.0,0.0,0.0,0.0019722217693924904,0.28976985812187195,0.0
2019-06-06 15:30:00+00:00,2019-06-06 16:30:00+00:00,0.0,0.0,0.0,0.02826431805824549,0.08631801878033789,0.0,0.0,0.0,0.0,0.0,0.325128436088562,0.0
2019-06-06 15:45:00+00:00,2019-06-06 16:45:00+00:00,0.0,0.0,0.0,0.02826431805824549,0.08631801878033789,0.0,0.10080233216285706,0.0,0.0,0.012966425158083439,0.3975178003311157,0.0
2019-06-06 16:00:00+00:00,2019-06-06 17:00:00+00:00,0.0,0.0,0.0,0.06696463223273129,0.08631801878033789,0.0,0.1943422257900238,0.0,0.0,0.014513247646391392,0.49558383226394653,0.0
2019-06-06 16:15:00+00:00,2019-06-06 17:15:00+00:00,0.0,0.0,0.0,0.03259072062593167,0.058919705031709776,0.08090291269476668,0.31496840715408325,0.0,0.0,0.032434217631816864,0.43667808175086975,0.0
2019-06-06 16:30:00+00:00,2019-06-06 17:30:00+00:00,0.0,0.0,0.0,0.03259072062593167,0.058919705031709776,0.08090291269476668,0.35944169759750366,0.0,0.0,0.03258557990193367,0.4291278123855591,0.0
2019-06-06 16:45:00+00:00,2019-06-06 17:45:00+00:00,0.0,0.0,0.0,0.02624395808542529,0.05087159400203219,0.0,0.3156416416168213,0.0,0.0,0.13542568683624268,0.6428868174552917,0.0
2019-06-06 17:00:00+00:00,2019-06-06 18:00:00+00:00,0.0,0.0,0.0,0.02624395808542529,0.05087159400203219,0.0,0.23049107193946838,0.0,0.0,0.14609898626804352,0.6914715766906738,0.0
2019-06-06 17:15:00+00:00,2019-06-06 18:15:00+00:00,0.0,0.0,0.0,0.02624395808542529,0.05489943051059703,0.0,0.2077225297689438,0.0,0.0,0.17883488535881042,0.7261008024215698,0.14455631375312805
2019-06-06 17:30:00+00:00,2019-06-06 18:30:00+00:00,0.0,0.0,0.0,0.03259072062593167,0.058919705031709776,0.0,0.27797892689704895,0.0,0.0,0.2022884488105774,0.7131900191307068,0.40269744396209717
2019-06-06 17:45:00+00:00,2019-06-06 18:45:00+00:00,0.0,0.0,0.0,0.03259072062593167,0.058919705031709776,0.0,0.30619871616363525,0.0,0.0,0.2809361517429352,0.8032379150390625,0.6922030448913574
2019-06-06 18:00:00+00:00,2019-06-06 19:00:00+00:00,0.0,0.0,0.0,0.03259072062593167,0.06672391947987391,0.027633013887839026,0.37076500058174133,0.0,0.0,0.3301456868648529,0.8201403021812439,0.8635082840919495
2019-06-06 18:15:00+00:00,2019-06-06 19:15:00+00:00,0.0,0.0,0.0,0.0606178696922249,0.06270364495876116,0.03056953545413284,0.39003339409828186,0.0,0.0,0.2960435748100281,0.9599648118019104,0.6317300796508789
2019-06-06 18:30:00+00:00,2019-06-06 19:30:00+00:00,0.0,0.0,0.0,0.06696463223273129,0.06672391947987391,0.027633013887839026,0.6502525806427002,0.0,0.0,0.4400155544281006,1.1273678541183472,0.9317771792411804
2019-06-06 18:45:00+00:00,2019-06-06 19:45:00+00:00,0.0,0.0,0.0,0.06696463223273129,0.06672391947987391,0.027633013887839026,0.8763718605041504,0.0,0.0,0.5418484807014465,1.263957142829895,1.1329234838485718
2019-06-06 19:00:00+00:00,2019-06-06 20:00:00+00:00,0.0,0.0,0.0,0.06696463223273129,0.07082275591366391,0.030209794453483617,1.1112215518951416,0.0,0.1490272730588913,0.6553353667259216,1.4296950101852417,1.2867153882980347
2019-06-06 19:15:00+00:00,2019-06-06 20:15:00+00:00,0.0,0.0,0.0,0.06696463223273129,0.07082275591366391,0.03436959310941434,1.303117036819458,0.0,0.34238970279693604,0.7574196457862854,1.5931768417358398,1.454182505607605
2019-06-06 19:30:00+00:00,2019-06-06 20:30:00+00:00,0.0,0.0,0.0,0.03259072062593167,0.07082275591366391,0.030209794453483617,1.3688746690750122,0.0,0.5906572937965393,0.9311584234237671,1.5301926136016846,1.9970946311950684
2019-06-06 19:45:00+00:00,2019-06-06 20:45:00+00:00,0.0,0.0,0.0,0.06786363343525312,0.09822106966229202,0.03436959310941434,1.5039620399475098,0.0,0.6436267495155334,0.8950483798980713,1.650533676147461,1.9444780349731445
2019-06-06 20:00:00+00:00,2019-06-06 21:00:00+00:00,0.0,2.0,0.0,0.1355926004580024,0.092352563644974,0.030209794453483617,1.806517243385315,0.0,0.941838264465332,1.034464716911316,1.9085487127304077,2.1188738346099854
2019-06-06 20:15:00+00:00,2019-06-06 21:15:00+00:00,0.2315469999999999,9.0,0.0,0.1355926004580024,0.092352563644974,0.030209794453483617,2.012723684310913,0.0,1.1472630500793457,1.1389002799987793,2.0627918243408203,2.2955496311187744
2019-06-06 20:30:00+00:00,2019-06-06 21:30:00+00:00,0.589463,21.0,0.0,0.21292068700956876,0.10111648589768771,0.030209794453483617,2.174593687057495,0.04903097450733185,1.3386191129684448,1.2489932775497437,2.127411365509033,2.4702534675598145
2019-06-06 20:45:00+00:00,2019-06-06 21:45:00+00:00,1.139715,38.0,0.0,0.35960605229717374,0.18205778842410847,0.3911947149124068,2.336672782897949,0.2777421474456787,1.5276938676834106,1.3993793725967407,2.244215488433838,2.6728334426879883
2019-06-06 21:00:00+00:00,2019-06-06 22:00:00+00:00,1.6990310000000002,59.0,0.0,0.6033889190113596,0.4093718166255595,0.6602148142131125,2.5389111042022705,0.4676728844642639,1.7115504741668701,1.5514323711395264,2.475511312484741,2.791160821914673
2019-06-06 21:15:00+00:00,2019-06-06 22:15:00+00:00,2.1133439999999997,73.0,0.2315469999999999,1.574371256323349,1.204264176226027,1.4435875862470142,2.8675984163970947,0.9707571287841796,2.0439631958694457,1.9506757279129028,2.726809384414673,3.1591447611541748
2019-06-06 21:30:00+00:00,2019-06-06 22:30:00+00:00,2.462359,87.0,0.589463,2.055408129820229,1.482297432408944,1.6250706574718252,3.349635605514526,1.7332979485397337,2.5501623198394774,2.50624549835968,3.116560940444946,3.70504236668396
2019-06-06 21:45:00+00:00,2019-06-06 22:45:00+00:00,3.709233999999999,129.0,1.139715,2.430275861830346,1.9570961428789113,2.1248195201093294,4.161961360778808,2.759319706764221,3.4676063497924803,3.3528464277648924,3.778770013656616,4.6781311472320555
2019-06-06 22:00:00+00:00,2019-06-06 23:00:00+00:00,5.006969000000001,167.0,1.6990310000000002,4.19988749212321,3.753304856685391,4.166874066007236,4.767864827972412,3.441653971534729,4.201157455307007,4.467397575241089,4.534349326950073,5.566480283599853
2019-06-06 22:15:00+00:00,2019-06-06 23:15:00+00:00,5.8787970000000005,188.0,2.1133439999999997,4.785630768588869,4.237983143493832,4.756267081018461,5.084687994140625,4.03413359941864,4.779606865066528,5.118828104156494,4.916336820739746,6.154999540466308
2019-06-06 22:30:00+00:00,2019-06-06 23:30:00+00:00,7.401625,254.0,2.462359,5.557962875185939,4.968882537948712,5.5497607314810695,5.3001704700317385,4.467748451980591,5.32072835043335,5.632721234115601,5.43758945539856,6.7442927844848635
2019-06-06 22:45:00+00:00,2019-06-06 23:45:00+00:00,8.766188,297.0,3.709233999999999,7.220660878812139,6.19374471280749,7.541761869817789,6.481202126296996,5.653024912628172,6.883319855484007,7.151932478698729,6.510508776458739,8.355764151367186
2019-06-06 23:00:00+00:00,2019-06-07 00:00:00+00:00,10.08613,331.0,5.006969000000001,8.705759490154898,6.745813066124229,8.18125669032616,7.8280980836334235,7.236149574417115,8.450941349166872,8.910289074081422,7.992718006271363,10.062370325225832
2019-06-06 23:15:00+00:00,2019-06-07 00:15:00+00:00,12.66913,405.0,5.8787970000000005,9.531893619169887,8.326105971129328,9.466308295548993,8.61590833003235,8.274380152770997,9.364691680023194,10.010101264068604,8.868472045013428,11.095460837432862
2019-06-06 23:30:00+00:00,2019-06-07 00:30:00+00:00,10.073,342.0,7.401625,12.81454295210572,10.533036159137282,12.215851874564244,10.174279771804809,9.743067823410033,10.94582494354248,11.644741855621337,10.002927623748779,12.508219562530517
2019-06-06 23:45:00+00:00,2019-06-07 00:45:00+00:00,15.80075,510.0,8.766188,13.287154893364706,11.554020409180106,13.921446963399353,11.782366846359253,10.97427806690979,12.481045339859008,12.762522552764892,11.22331986264038,13.425940368927002
2019-06-07 00:00:00+00:00,2019-06-07 01:00:00+00:00,16.246129999999997,466.0,10.08613,13.48589926064773,12.72888469957496,15.567269208225083,12.831518746261597,13.054666376953126,12.995390511398316,14.654395914916993,12.827263928298951,14.800900317077637
2019-06-07 00:15:00+00:00,2019-06-07 01:15:00+00:00,15.56538,434.0,12.66913,17.51077509653114,15.562755281496152,17.480291373659494,15.245292815093993,15.965247544174193,14.965402039413451,16.778737219696044,15.362967642669677,16.332481774215697
2019-06-07 00:30:00+00:00,2019-06-07 01:30:00+00:00,18.069189,742.0,10.073,16.932937156358992,15.079760314883021,17.072913463228296,12.64758257675171,14.991991088867188,12.551115320205689,14.736378238677979,13.871745155334473,14.443373725891114
2019-06-07 00:45:00+00:00,2019-06-07 01:45:00+00:00,15.20138,656.0,15.80075,19.9429059751112,17.586592024773864,19.255106277099383,18.173739892959595,18.60676143836975,17.511384231567384,18.96467779350281,17.882634860992432,17.988331777572633
2019-06-07 01:00:00+00:00,2019-06-07 02:00:00+00:00,16.181379,468.0,16.246129999999997,18.314654220434004,17.107506648578376,20.696570710444995,18.921044836883542,19.111420880203244,17.975212226753232,19.856765519027707,18.614480028991697,18.087064395790097
2019-06-07 01:15:00+00:00,2019-06-07 02:15:00+00:00,20.1775,858.0,15.56538,17.969527419659624,16.30589180726595,19.814750934014594,17.869624995117185,18.058341168289182,16.98828413379669,19.20256748092651,17.807803772811887,18.30334200752258
2019-06-07 01:30:00+00:00,2019-06-07 02:30:00+00:00,18.03681,604.0,18.069189,19.10027445342685,18.62950179767191,21.156381745311165,19.95286207186127,17.797989624608995,18.657396483291627,19.847408103813173,18.59969543205643,18.40454931842232
2019-06-07 01:45:00+00:00,2019-06-07 02:45:00+00:00,25.08625,799.0,15.20138,19.10212177682385,18.581339380996983,21.107988042551362,16.78972207057953,16.149884090309143,15.393022075777054,16.95965717781067,15.227950323854685,15.901349470500946
2019-06-07 02:00:00+00:00,2019-06-07 03:00:00+00:00,26.49325,850.0,16.181379,18.776561752595587,16.533575276056787,21.040829527547732,17.665787259391784,18.70743028288269,16.40173389976406,18.892750898651123,17.329165498069763,18.340684334091186
2019-06-07 02:15:00+00:00,2019-06-07 03:15:00+00:00,28.741131,940.0,20.1775,19.870409159896273,19.412186787894804,24.38218835421735,20.94427268743515,18.981137146949767,19.286973526477812,20.37911348581314,18.892601242065428,19.60642652750015
2019-06-07 02:30:00+00:00,2019-06-07 03:30:00+00:00,24.766001,755.0,18.03681,20.850118043398385,18.718654053325697,24.341845654475147,18.851380426940917,19.536988575515746,17.347241361198424,19.16957171684265,17.60762827521324,18.795879323539733
2019-06-07 02:45:00+00:00,2019-06-07 03:45:00+00:00,16.998619,519.0,25.08625,21.521761917439832,20.984216528371405,24.731069456248655,25.798721306324005,22.696446113586425,23.70124810218811,23.662918858528137,22.44847791671753,22.735888652801513
2019-06-07 03:00:00+00:00,2019-06-07 04:00:00+00:00,25.98181,977.0,26.49325,23.716628028219503,21.973063961449974,25.021302531915122,26.653469997167587,23.73978172492981,24.500148164749145,25.202391731262207,23.683444606781006,24.035403358459472
2019-06-07 03:15:00+00:00,2019-06-07 04:15:00+00:00,10.97534,329.0,28.741131,22.24046082289934,22.335968781815467,24.24176434823693,27.940703265148162,24.35222785897827,25.916703156906127,26.038280181365966,24.753511838394164,24.93294613786316
2019-06-07 03:30:00+00:00,2019-06-07 04:30:00+00:00,14.24434,404.0,24.766001,24.374421655202944,22.08973906251463,24.490179122908668,22.762769236160278,21.782611622406005,21.510472311569213,22.198279633117675,21.10783721406555,22.315071596694946
2019-06-07 03:45:00+00:00,2019-06-07 04:45:00+00:00,22.58069,1016.0,16.998619,17.830693844035707,18.380715360092974,22.817818566731784,15.23497394709015,16.932326140386106,14.267484108489992,16.47321061281586,15.565139094871522,16.31318442015076
2019-06-07 04:00:00+00:00,2019-06-07 05:00:00+00:00,9.903907,336.0,25.98181,22.531137339467506,20.55791359110443,23.45935776475163,22.49768915420532,20.58879127746582,21.197127249298095,22.00549688583374,20.731195356903076,22.037284996566772
2019-06-07 04:15:00+00:00,2019-06-07 05:15:00+00:00,9.36775,266.0,10.97534,15.64028690828826,11.191000414327078,13.6496258100839,8.35016452392578,13.233343950119018,7.741157880630492,12.411565652694701,12.127718797531127,13.761093965377807
2019-06-07 04:30:00+00:00,2019-06-07 05:30:00+00:00,10.927,326.0,14.24434,14.184525770894519,12.751047519108319,15.159922384562735,11.967591342773437,12.624294695701598,11.387364444580077,14.300506913360357,13.799969730224609,15.312246975746154
2019-06-07 04:45:00+00:00,2019-06-07 05:45:00+00:00,6.47686,193.0,22.58069,19.048021033981502,18.13289936193801,20.812493985612512,19.243685100021363,15.229425523223878,16.914023015441895,17.119619462432862,16.09607133621216,17.510456654968262
2019-06-07 05:00:00+00:00,2019-06-07 06:00:00+00:00,4.443469,119.0,9.903907,14.37767895453324,10.009011973870786,13.036596173715042,7.105781971389771,10.27397176521492,6.317321001464844,10.20721402662468,10.25216036933136,11.890733658248902
2019-06-07 05:15:00+00:00,2019-06-07 06:15:00+00:00,2.91982,84.0,9.36775,10.39435528875859,8.178943372510183,10.57091105451544,6.9062641372680655,9.492339435756206,6.694769453048705,9.71091149353981,10.014376830101012,11.72498066329956
2019-06-07 05:30:00+00:00,2019-06-07 06:30:00+00:00,1.645246,48.0,10.927,11.608837626112553,8.6138545935829,10.575161718192183,8.46272654724121,10.407602979660034,8.172083808898925,10.493462695598602,10.390947355747223,12.09514398765564
2019-06-07 05:45:00+00:00,2019-06-07 06:45:00+00:00,1.020852,29.0,6.47686,10.504117681956656,7.657751105596312,10.105018141637423,4.645735217437744,9.088824464187622,4.89079256187439,7.404479874477387,7.189213944778443,9.217748118743897
2019-06-07 06:00:00+00:00,2019-06-07 07:00:00+00:00,0.997555,28.0,4.443469,7.480165768989893,4.7799597437266685,7.446213942593903,3.170398903030396,7.120050621170044,3.7003611446800235,5.860352707046509,5.140085113185883,7.117998552459717
2019-06-07 06:15:00+00:00,2019-06-07 07:15:00+00:00,0.778381,22.0,2.91982,4.893821227336765,4.435779165065717,6.350284127133381,1.9774482739639283,5.861550260848999,2.649000455207825,4.695107747383117,3.6892807973098756,5.777782369918823
2019-06-07 06:30:00+00:00,2019-06-07 07:30:00+00:00,1.066461,29.0,1.645246,4.012473680737137,4.217323424604948,6.3465158412404845,0.7325271675071716,4.929613084503174,1.643260607001096,3.727661342330933,2.807555288978577,4.587523431488037
2019-06-07 06:45:00+00:00,2019-06-07 07:45:00+00:00,1.083633,29.0,1.020852,5.085309975682094,5.071968762359417,6.755749390707862,0.4281085436363221,3.2330645625610352,1.2721262280960084,3.497376591445923,1.9744221274871827,4.087906271697998
2019-06-07 07:00:00+00:00,2019-06-07 08:00:00+00:00,1.44025,38.0,0.997555,3.200187965622197,3.73834290700534,5.773297951274333,0.3518618766593933,2.195958000831604,0.9755680069702863,3.333191377334595,1.3550796036052704,3.2532458130645754
2019-06-07 07:15:00+00:00,2019-06-07 08:15:00+00:00,2.5035939999999997,64.0,0.778381,2.8520138653744493,3.2801243362843002,4.8095543491421875,0.0,0.31099999948120116,0.358848015504837,2.4309789042053223,0.8860108803091049,2.096764574485779
2019-06-07 07:30:00+00:00,2019-06-07 08:30:00+00:00,3.912672,108.0,1.066461,2.7278274869011288,3.014362080851835,4.552753903096282,0.37700602725601207,0.0,0.6894213290557862,2.708398851905823,1.448421839033127,2.457764062438965
2019-06-07 07:45:00+00:00,2019-06-07 08:45:00+00:00,4.771375,137.0,1.083633,2.091893347989528,2.507567167256757,3.620586617830615,0.0,0.0,0.0,2.3806739393310545,0.5902689043121339,1.8939616623954774
2019-06-07 08:00:00+00:00,2019-06-07 09:00:00+00:00,4.234672,123.0,1.44025,1.6145251796564921,1.626668079495225,2.8789967145088493,0.3262506332397461,0.0,0.2930838670730591,1.8783698287010193,0.8500347938537598,0.9087910261154175
2019-06-07 08:15:00+00:00,2019-06-07 09:15:00+00:00,2.428344,67.0,2.5035939999999997,2.4590488912332553,2.819985769128255,3.457604427068964,1.4147060700836178,0.31630643095397915,1.1284833737792965,2.913514662641525,1.235449511665344,1.6634541341247555
2019-06-07 08:30:00+00:00,2019-06-07 09:30:00+00:00,1.637535,46.0,3.912672,0.9102622994338826,1.095886933373753,2.2123866784217876,2.8134603071899416,0.9438423681945802,2.4554845858306886,3.9269156334863307,2.1337656546325685,2.414991097518921
2019-06-07 08:45:00+00:00,2019-06-07 09:45:00+00:00,1.246164,35.0,4.771375,0.7815525783687729,0.4827249288169289,1.6357505048880152,3.4084712858200072,0.8211970920562743,2.9257189626693725,3.9140437836647033,2.5176232452392577,2.523264705657959
2019-06-07 09:00:00+00:00,2019-06-07 10:00:00+00:00,0.906117,25.0,4.234672,0.48535893123848134,0.31026217932482386,1.4074779697555238,2.9321457644195554,0.7491130133361814,2.3929086228103635,2.721369435379028,1.8761855860443113,1.821828534194946
2019-06-07 09:15:00+00:00,2019-06-07 10:15:00+00:00,0.6405,20.0,2.428344,0.0860999213963576,0.0,0.5460972907120344,1.2015566712799073,0.0,0.802060950416565,1.247076500076294,0.429008234161377,0.45840214552307135
2019-06-07 09:30:00+00:00,2019-06-07 10:30:00+00:00,0.3553659999999999,11.0,1.637535,0.0,0.0,0.27062522507998205,0.2131994010543823,0.0,0.0,0.39086868778228756,0.0,0.0
2019-06-07 09:45:00+00:00,2019-06-07 10:45:00+00:00,0.306852,9.0,1.246164,0.0,0.0,0.10524677688038155,0.0,0.0,0.0,0.12192193266296392,0.0,0.0
2019-06-07 10:00:00+00:00,2019-06-07 11:00:00+00:00,0.2260849999999999,7.0,0.906117,0.0,0.0,0.0,0.0,0.0,0.0,0.0,0.0,0.0
2019-06-07 10:15:00+00:00,2019-06-07 11:15:00+00:00,0.158676,6.0,0.6405,0.0,0.0,0.025696477766641097,0.0,0.0,0.0,0.0,0.0,0.0
2019-06-07 10:30:00+00:00,2019-06-07 11:30:00+00:00,0.001772,2.0,0.3553659999999999,0.0,0.0,0.0,0.0,0.0,0.0,0.0,0.0,0.0
2019-06-07 10:45:00+00:00,2019-06-07 11:45:00+00:00,0.0,0.0,0.306852,0.0,0.0,0.0,0.0,0.0,0.0,0.0,0.0,0.0
2019-06-07 11:00:00+00:00,2019-06-07 12:00:00+00:00,0.0,0.0,0.2260849999999999,0.0,0.050557517111738066,0.0800615219903718,0.0,0.0,0.0,0.0,0.0,0.0
2019-06-07 11:15:00+00:00,2019-06-07 12:15:00+00:00,0.0,0.0,0.158676,0.0,0.050557517111738066,0.08422132064630251,0.0,0.0,0.0,0.0,0.0,0.0
2019-06-07 11:30:00+00:00,2019-06-07 12:30:00+00:00,0.0,0.0,0.001772,0.0,0.24280444962702036,0.04175916710141137,0.0,0.0,0.0,0.0,0.0,0.0
2019-06-07 11:45:00+00:00,2019-06-07 12:45:00+00:00,0.0,0.0,0.0,0.0,0.06465924009677464,0.05084143058800542,0.0,0.0,0.0,0.0,0.0,0.0
2019-06-07 12:00:00+00:00,2019-06-07 13:00:00+00:00,0.0,0.0,0.0,0.0,0.06465924009677464,0.04831916967132989,0.0,0.0,0.0,0.0,0.0,0.0
2019-06-07 12:15:00+00:00,2019-06-07 13:15:00+00:00,0.0,0.0,0.0,0.0,0.06465924009677464,0.04415937101539918,0.0,0.0,0.0,0.0,0.0,0.0
2019-06-07 12:30:00+00:00,2019-06-07 13:30:00+00:00,0.0,0.0,0.0,0.0,0.06465924009677464,0.04415937101539918,0.0,0.0,0.0,0.0,0.0,0.0
2019-06-07 12:45:00+00:00,2019-06-07 13:45:00+00:00,0.0,0.0,0.0,0.0,0.06465924009677464,0.04415937101539918,0.0,0.0,0.0,0.0,0.0,0.0
2019-06-07 13:00:00+00:00,2019-06-07 14:00:00+00:00,0.0,0.0,0.0,0.0,0.08671421751191641,0.04831916967132989,0.0,0.0,0.0,0.0,0.0,0.0
2019-06-07 13:15:00+00:00,2019-06-07 14:15:00+00:00,0.0,0.0,0.0,0.0,0.07082275591366391,0.04415937101539918,0.037377092987298965,0.0,0.0,0.0,0.0,0.0
2019-06-07 13:30:00+00:00,2019-06-07 14:30:00+00:00,0.0,0.0,0.0,0.0,0.07082275591366391,0.04415937101539918,0.12734946608543396,0.0,0.0,0.0,0.0,0.0
2019-06-07 13:45:00+00:00,2019-06-07 14:45:00+00:00,0.0,0.0,0.0,0.0,0.07082275591366391,0.04415937101539918,0.21806560456752777,0.0,0.0,0.0,0.0,0.0
2019-06-07 14:00:00+00:00,2019-06-07 15:00:00+00:00,0.0,0.0,0.0,0.0,0.061631970401063135,0.04415937101539918,0.36946728825569153,0.0,0.0,0.0,0.0,0.0
2019-06-07 14:15:00+00:00,2019-06-07 15:15:00+00:00,0.0,0.0,0.0,0.0,0.061631970401063135,0.04415937101539918,0.4755762815475464,0.0,0.0,0.0,0.0,0.0
2019-06-07 14:30:00+00:00,2019-06-07 15:30:00+00:00,0.0,0.0,0.0,0.0,0.061631970401063135,0.04415937101539918,0.5223705768585205,0.0,0.0,0.0,0.0,0.0
2019-06-07 14:45:00+00:00,2019-06-07 15:45:00+00:00,0.0,0.0,0.0,0.0,0.061631970401063135,0.04415937101539918,0.5086783170700073,0.0,0.0,0.080342136323452,0.0,0.0
2019-06-07 15:00:00+00:00,2019-06-07 16:00:00+00:00,0.0,0.0,0.0,0.0,0.061631970401063135,0.04415937101539918,0.5936279296875,0.0,0.0,0.1364906132221222,0.0,0.0
2019-06-07 15:15:00+00:00,2019-06-07 16:15:00+00:00,0.0,0.0,0.0,0.0,0.061631970401063135,0.04415937101539918,0.5877904295921326,0.0,0.0,0.22966551780700684,0.0,0.0
2019-06-07 15:30:00+00:00,2019-06-07 16:30:00+00:00,0.0,0.0,0.0,0.0,0.061631970401063135,0.04415937101539918,0.5855778455734253,0.0,0.0,0.31230926513671875,0.0,0.0
2019-06-07 15:45:00+00:00,2019-06-07 16:45:00+00:00,0.0,0.0,0.0,0.0,0.08903028414969125,0.04831916967132989,0.5453001260757446,0.0,0.0,0.07738027721643448,0.17004497349262238,0.0
2019-06-07 16:00:00+00:00,2019-06-07 17:00:00+00:00,0.0,0.0,0.0,0.0,0.046708328558856115,0.04174399160740347,0.5870463252067566,0.0,0.0,0.24366351962089539,0.47670620679855347,0.0
2019-06-07 16:15:00+00:00,2019-06-07 17:15:00+00:00,0.0,0.0,0.0,0.0,0.061631970401063135,0.04415937101539918,0.7057304978370667,0.0,0.0,0.4831507205963135,0.30496665835380554,0.0
2019-06-07 16:30:00+00:00,2019-06-07 17:30:00+00:00,0.0,0.0,0.0,0.0,0.061631970401063135,0.04415937101539918,0.8253499865531921,0.0,0.0,0.3897757828235626,0.3786521255970001,0.0
2019-06-07 16:45:00+00:00,2019-06-07 17:45:00+00:00,0.0,0.0,0.0,0.0,0.061631970401063135,0.04415937101539918,0.8632469177246094,0.0,0.0,0.323121577501297,0.5274056792259216,0.0
2019-06-07 17:00:00+00:00,2019-06-07 18:00:00+00:00,0.0,0.0,0.0,0.0,0.07082275591366391,0.04415937101539918,1.0239602327346802,0.0,0.0,0.36847251653671265,0.6928666830062866,0.0
2019-06-07 17:15:00+00:00,2019-06-07 18:15:00+00:00,0.0,0.0,0.0,0.0,0.07082275591366391,0.04415937101539918,1.1532810926437378,0.0,0.0,0.5231042504310608,0.7622668147087097,0.0
2019-06-07 17:30:00+00:00,2019-06-07 18:30:00+00:00,0.0,0.0,0.0,0.0,0.07082275591366391,0.04415937101539918,1.2537850141525269,0.0,0.0,0.5714489817619324,0.8562811613082886,0.0
2019-06-07 17:45:00+00:00,2019-06-07 18:45:00+00:00,0.0,0.0,0.0,0.0,0.07082275591366391,0.04415937101539918,1.3664158582687378,0.0,0.0,0.6292541027069092,0.9700068235397339,0.0
2019-06-07 18:00:00+00:00,2019-06-07 19:00:00+00:00,0.0,0.0,0.0,0.0,0.05753313396727311,0.03724450579319506,1.5103154182434082,0.0,0.0,0.6777768135070801,1.1279855966567993,0.0
2019-06-07 18:15:00+00:00,2019-06-07 19:15:00+00:00,0.0,0.0,0.0,0.0,0.05753313396727311,0.03724450579319506,1.6754343509674072,0.0,0.0,0.8138946294784546,1.2718021869659424,0.07380121946334839
2019-06-07 18:30:00+00:00,2019-06-07 19:30:00+00:00,0.0,0.0,0.0,0.0,0.05753313396727311,0.03724450579319506,1.7727258205413818,0.0,0.0,0.8483549356460571,1.417253851890564,0.21133330464363098
2019-06-07 18:45:00+00:00,2019-06-07 19:45:00+00:00,0.0,0.0,0.0,0.0,0.05753313396727311,0.03724450579319506,1.910278081893921,0.0,0.0,1.06853449344635,1.5576132535934448,0.4550231099128723
2019-06-07 19:00:00+00:00,2019-06-07 20:00:00+00:00,0.0,0.0,0.0,0.0,0.058919705031709776,0.03724450579319506,2.009636878967285,0.3913743793964386,0.0,1.3028470277786255,1.7106542587280273,0.8041127324104309
2019-06-07 19:15:00+00:00,2019-06-07 20:15:00+00:00,0.0,0.0,0.0,0.0,0.05087159400203219,0.034850547421163156,1.8828608989715576,0.6816108226776123,0.028065623715519905,1.398505687713623,2.008791923522949,1.091182827949524
2019-06-07 19:30:00+00:00,2019-06-07 20:30:00+00:00,0.0,0.0,0.0,0.0,0.058919705031709776,0.03724450579319506,2.064619541168213,0.5966359376907349,0.2867736220359802,1.3074278831481934,2.0230884552001953,1.0785582065582275
2019-06-07 19:45:00+00:00,2019-06-07 20:45:00+00:00,0.0,0.0,0.0,0.0,0.058919705031709776,0.03724450579319506,2.2039260864257812,0.9763492345809937,0.3619392514228821,1.6439979076385498,2.1203739643096924,1.3375728130340576
2019-06-07 20:00:00+00:00,2019-06-07 21:00:00+00:00,0.017409,0.0,0.0,0.0,0.07642923824190712,0.03602122870355816,2.244697332382202,1.3551130294799805,0.6070791482925415,1.7886347770690918,2.415379047393799,1.624334454536438
2019-06-07 20:15:00+00:00,2019-06-07 21:15:00+00:00,0.244111,8.0,0.0,0.0,0.08044951276301987,0.03724450579319506,2.410945177078247,1.617680549621582,0.8493878245353699,1.9411652088165283,2.4477739334106445,1.8953282833099365
2019-06-07 20:30:00+00:00,2019-06-07 21:30:00+00:00,0.5844729999999999,22.0,0.0,0.0,0.08921343501573353,0.03724450579319506,2.5151355266571045,1.8660175800323486,1.0441484451293945,2.0967633724212646,2.5849075317382812,2.213585615158081
2019-06-07 20:45:00+00:00,2019-06-07 21:45:00+00:00,0.945574,36.0,0.0,0.0,0.2323190671087706,0.3749390690881016,2.572530746459961,2.143421173095703,1.2549179792404175,2.2523045539855957,2.736595630645752,2.5062508583068848
2019-06-07 21:00:00+00:00,2019-06-07 22:00:00+00:00,1.377414,54.0,0.017409,0.1528013082785177,0.4637319317440116,0.6554094254373355,2.831721696456909,2.290762576660156,1.5736843677368164,2.440322312911987,2.7824563117828367,2.6765545936431883
2019-06-07 21:15:00+00:00,2019-06-07 22:15:00+00:00,1.929047,72.0,0.244111,1.0513126322750541,1.2046019036640048,1.3946425813027357,3.307531295715332,2.579229293762207,2.0855596646652224,2.8622876986846926,3.099685369430542,3.154303966461182
2019-06-07 21:30:00+00:00,2019-06-07 22:30:00+00:00,2.6915,112.0,0.5844729999999999,1.6358843550167774,1.5608283552465245,1.9151612516599938,3.816460714767456,3.250573025177002,2.6221541027526856,3.45456896824646,3.6168902973632813,4.035837994049072
2019-06-07 21:45:00+00:00,2019-06-07 22:45:00+00:00,3.245266,140.0,0.945574,1.9647124231142785,2.064968780909468,2.43944846717399,4.365891411422729,3.827862694381714,3.325834705947876,4.078161671279907,4.094372704147339,4.7312509561767575
2019-06-07 22:00:00+00:00,2019-06-07 23:00:00+00:00,4.511938,175.0,1.377414,3.647910950883529,3.701504009861722,4.079457583878148,5.026306402648926,4.673375380004883,4.179967176879883,4.913171064819336,4.786145698989868,5.988435041870117
2019-06-07 22:15:00+00:00,2019-06-07 23:15:00+00:00,6.120516,228.0,1.929047,5.258436483099821,4.856316327768521,5.5728542120868365,5.791383158752441,5.568156373092651,5.217318188735962,5.886939656326294,5.6791943426818845,7.158367049285888
2019-06-07 22:30:00+00:00,2019-06-07 23:30:00+00:00,7.888782000000001,294.0,2.6915,7.296731617235043,6.816571273489141,8.045974148422737,6.714933208465576,6.4454460659027095,6.411736539840698,7.047301582336425,6.693451217651367,8.352443031311035
2019-06-07 22:45:00+00:00,2019-06-07 23:45:00+00:00,9.728251,354.0,3.245266,8.174552490358115,7.718210822032871,9.168440188128914,7.441534081665039,6.926493207183838,7.389950791564941,7.892900029388428,7.492634812561035,9.220972577301026
2019-06-07 23:00:00+00:00,2019-06-08 00:00:00+00:00,11.82563,407.0,4.511938,8.504223121293148,8.1834783929713,9.749717882955174,9.174602890289307,7.964665079391479,9.296074772155762,9.757709884918214,9.189901256835938,10.996990585601807
2019-06-07 23:15:00+00:00,2019-06-08 00:15:00+00:00,13.664879999999998,460.0,6.120516,12.027130546852396,11.020882410901432,12.787873416324969,11.154050049987793,9.125663218704224,11.372415719238282,11.89987152597046,11.112985787597657,12.874076543060303
2019-06-07 23:30:00+00:00,2019-06-08 00:30:00+00:00,15.27138,518.0,7.888782000000001,13.395959260986016,11.637180130391998,13.635971347317303,13.327890848571778,10.376375412399293,13.498357748443604,13.968944048339845,12.914709543640138,14.274190878326417
2019-06-07 23:45:00+00:00,2019-06-08 00:45:00+00:00,16.87175,558.0,9.728251,15.588698769663104,14.30322526142339,16.08258856341413,15.439766426635742,11.93592192704773,15.392958660675049,15.955716152740479,14.768618126464844,15.918204804016113
2019-06-08 00:00:00+00:00,2019-06-08 01:00:00+00:00,18.3785,610.0,11.82563,17.92505708114381,16.710914120504288,18.32454860176664,17.844993403320313,14.400371363525391,17.313875010375977,18.389612963562012,17.025389006500244,18.3645122555542
2019-06-08 00:15:00+00:00,2019-06-08 01:15:00+00:00,19.869499,657.0,13.664879999999998,19.113155194986973,17.553519643496717,19.614319121531807,19.823992930297848,16.324914179687497,18.86903115356445,20.10018178070068,18.560327731018063,20.130160055999752
2019-06-08 00:30:00+00:00,2019-06-08 01:30:00+00:00,21.45413,694.0,15.27138,20.694529568739824,18.721053292429733,20.71943620357184,21.41147189605713,18.256896786575318,20.23316960800171,21.61085801589966,19.802293829803467,21.911740832214356
2019-06-08 00:45:00+00:00,2019-06-08 01:45:00+00:00,22.68656,732.0,16.87175,21.047035758268105,20.280804580833962,21.714007194869765,22.950931671142577,19.955633762359618,21.650655868530272,22.54959786224365,20.95780909347534,23.1272636680603
2019-06-08 01:00:00+00:00,2019-06-08 02:00:00+00:00,23.424629,744.0,18.3785,23.5238533169338,21.346259835006652,23.5105873670921,24.278389945983886,22.19183017349243,22.72600175476074,24.46456195449829,23.19453670120239,25.13218022918701
2019-06-08 01:15:00+00:00,2019-06-08 02:15:00+00:00,24.607189,787.0,19.869499,24.235134928854816,22.806253623314383,24.89580866530296,25.486295970367433,23.536042483734132,23.66831448881531,25.56835964529419,24.195511134552003,25.905229838775636
2019-06-08 01:30:00+00:00,2019-06-08 02:30:00+00:00,25.663309,824.0,21.45413,24.85989367629503,23.4929888968209,25.29725012984834,26.76089031112671,24.97004634750366,24.68137437713623,26.455162829284667,25.3439586819458,26.593802756195068
2019-06-08 01:45:00+00:00,2019-06-08 02:45:00+00:00,26.456498999999997,856.0,22.68656,26.121549923571575,24.88805610344677,26.325708812867887,27.568482245025635,25.482401932296753,25.311370218811035,27.271760786590576,25.792533482131958,27.26544889312744
2019-06-08 02:00:00+00:00,2019-06-08 03:00:00+00:00,27.269381,884.0,23.424629,25.822289882630535,26.33454421429859,26.513204968844327,27.7430203230896,26.22035506086731,25.345494774154663,28.218507078460693,27.065879371932983,28.339854505828857
2019-06-08 02:15:00+00:00,2019-06-08 03:15:00+00:00,27.874439,906.0,24.607189,25.900981351113582,26.315241753136952,26.652879952704318,28.11270409857178,26.540861785758974,26.079359352935793,29.26712304388428,27.686292708267214,29.549692452301027
2019-06-08 02:30:00+00:00,2019-06-08 03:30:00+00:00,28.3325,917.0,25.663309,26.068760781343943,26.92470488640529,27.17177997932354,28.296146533950807,26.996393702491762,26.937759540542604,29.649749896987917,27.990382097229006,30.27936115072632
2019-06-08 02:45:00+00:00,2019-06-08 03:45:00+00:00,28.523251,916.0,26.456498999999997,27.320283583367736,27.328739791434785,27.48443343936352,28.503771920608518,27.214441259311673,27.58409120600128,29.58131207983398,27.833982963966367,30.30761470358276
2019-06-08 03:00:00+00:00,2019-06-08 04:00:00+00:00,28.72538,922.0,27.269381,27.520358566985617,27.520467572965426,27.19404692129182,28.816758347946166,28.02629543681717,28.14171470542526,30.506402923065185,28.526719881492614,31.316142512756347
2019-06-08 03:15:00+00:00,2019-06-08 04:15:00+00:00,28.799749,919.0,27.874439,27.44549606708486,27.64460043746464,27.41042801258921,29.189108370651244,28.01676139127159,28.451425014842986,30.364672421325682,28.29982983957672,30.670391796936034
2019-06-08 03:30:00+00:00,2019-06-08 04:30:00+00:00,28.762131,914.0,28.3325,26.85665512785618,27.1749265826321,27.541965391341744,29.163649399280548,27.920300800800323,28.684068430662155,30.388257761001586,28.07628988146782,30.74139263153076
2019-06-08 03:45:00+00:00,2019-06-08 04:45:00+00:00,28.601561,907.0,28.523251,26.00166939722793,26.617274664567333,26.96562555381366,29.01629838640785,27.698531570983885,28.62903528953886,29.568815174652098,27.385675254417418,29.922336760116576
2019-06-08 04:00:00+00:00,2019-06-08 05:00:00+00:00,28.18725,880.0,28.72538,26.973066419794346,28.049680028862465,27.492011525789117,29.08665769947052,27.887383338336946,28.297369953517915,29.729973014717103,27.220875080947877,29.672487374668123
2019-06-08 04:15:00+00:00,2019-06-08 05:15:00+00:00,27.87138,861.0,28.799749,26.4861342649923,28.03752465622261,27.454090932899526,28.825725490229367,27.439429385589598,27.559690816329955,29.484957201408385,26.87692902796173,28.665432332085608
2019-06-08 04:30:00+00:00,2019-06-08 05:30:00+00:00,27.402809,836.0,28.762131,25.78105792207367,27.534377541226036,27.049673450071538,28.089024210411072,26.952445054489136,26.927699947792053,28.738042794230342,26.1028509382782,28.206527138191223
2019-06-08 04:45:00+00:00,2019-06-08 05:45:00+00:00,19.209311,831.0,28.601561,24.384725250224676,26.11024542987951,25.975736728694113,26.894868065963745,26.322085311065674,26.256716181884766,27.939240386138916,25.22446458543396,26.927635600219727
2019-06-08 05:00:00+00:00,2019-06-08 06:00:00+00:00,25.941999,776.0,28.18725,23.37240437636723,24.983839810129886,24.518759085526717,25.281097036361693,25.331405263900756,25.6605485496521,26.3229762134552,23.90281234359741,25.541891914367675
2019-06-08 05:15:00+00:00,2019-06-08 06:15:00+00:00,8.756344,491.0,27.87138,20.639637623392133,22.53218242844987,22.323887123937546,24.068299441223143,24.897297530059813,24.69791212547302,25.15401998031616,22.958679823760985,24.543166308288573
2019-06-08 05:30:00+00:00,2019-06-08 06:30:00+00:00,24.763809,722.0,27.402809,18.376399919152,20.538137944484973,20.65550847301553,23.03117928503418,24.164370155319215,23.22333703039551,24.027083492263795,21.904453134521486,23.30207238195801
2019-06-08 05:45:00+00:00,2019-06-08 06:45:00+00:00,23.431629,687.0,19.209311,14.33295228488615,14.833711312322912,15.443750818325764,14.85636328805542,16.701578608642578,15.06131123651123,16.369564524780273,14.324193946014404,16.015592566619873
2019-06-08 06:00:00+00:00,2019-06-08 07:00:00+00:00,5.475094,177.0,25.941999,17.413039410912422,19.493021970855285,19.318473866122723,21.17883877127075,22.31328873007202,21.47895912496948,21.539698642181396,19.68010763494873,20.492728751586913
2019-06-08 06:15:00+00:00,2019-06-08 07:15:00+00:00,20.80969,626.0,8.756344,11.772647400714568,14.031957043117021,13.625980733517247,4.74895874609375,8.406132856506348,5.684800783294678,7.14121309866333,5.326515594619751,7.368941703933716
2019-06-08 06:30:00+00:00,2019-06-08 07:30:00+00:00,20.021310999999997,582.0,24.763809,14.47909227515319,16.577425723264337,15.635809812192516,20.139431272491453,19.734988008483885,20.23009613607788,20.019525800689696,18.202294622406004,18.918900762542723
2019-06-08 06:45:00+00:00,2019-06-08 07:45:00+00:00,5.05061,160.0,23.431629,12.261962696229837,14.848344617784544,13.708723283907615,18.753203687957765,16.6466587164917,18.448990640930177,18.556740103057862,16.87918931036377,16.95768052130127
2019-06-08 07:00:00+00:00,2019-06-08 08:00:00+00:00,13.49141,556.0,5.475094,8.790161137589344,11.05818431304022,9.228506325626418,1.7848335896911625,4.691038051742554,2.8860904370727543,4.381681719917298,3.0503763352813724,3.8442045842590336
2019-06-08 07:15:00+00:00,2019-06-08 08:15:00+00:00,15.41313,436.0,20.80969,7.787852896488532,9.764364927375913,8.899107218496738,16.505948068084717,14.16839361328125,15.973115922393799,15.467292310180664,14.026020051422119,14.604341985168457
2019-06-08 07:30:00+00:00,2019-06-08 08:30:00+00:00,6.991579,361.0,20.021310999999997,9.279695998064446,9.919253741311538,8.617433828518674,15.643012240539548,13.229271128784177,15.01941795648193,14.483351424346921,13.288757517944333,13.601184561859128
2019-06-08 07:45:00+00:00,2019-06-08 08:45:00+00:00,3.004367,105.0,5.05061,5.576402863939815,6.481679532703331,5.53368722744718,1.5242873967742918,3.254228049621582,2.0237089933013914,3.154015952453613,2.060152942047119,2.707700902328491
2019-06-08 08:00:00+00:00,2019-06-08 09:00:00+00:00,11.36494,287.0,13.49141,4.098848981045194,4.857514672278609,5.651354995194501,9.591356022033692,7.468711120758057,9.16299842086792,8.092819435272217,7.14249060836792,7.65141509262085
2019-06-08 08:15:00+00:00,2019-06-08 09:15:00+00:00,8.100532000000001,193.0,15.41313,5.619450272921034,5.194773466313952,5.746630558824906,11.610660508041382,9.216549589996339,11.362352087860108,10.107892706756592,9.734577849273682,9.286472990875245
2019-06-08 08:30:00+00:00,2019-06-08 09:30:00+00:00,7.624531,193.0,6.991579,3.2516383567113487,4.463349208443722,4.664092236653329,3.5869903006591795,2.576310578826904,3.6487740912475584,3.057994786743164,2.7539548316040037,2.548435632232666
2019-06-08 08:45:00+00:00,2019-06-08 09:45:00+00:00,4.527906,99.0,3.004367,0.7194227936246866,0.4119231826564544,1.3213678862477107,0.10762775553894022,0.6918402971191404,0.45016420497131326,0.7148596109313963,0.37206853045654276,0.3059753240509031
2019-06-08 09:00:00+00:00,2019-06-08 10:00:00+00:00,3.402219,89.0,11.36494,2.4054565423565797,2.4655456736675903,2.488926093575478,8.268239570083619,6.698750329437257,7.8299616102600105,6.585207772674561,6.343953919830323,6.357235742034913
2019-06-08 09:15:00+00:00,2019-06-08 10:15:00+00:00,2.240875,76.0,8.100532000000001,1.3208274576972956,1.4121995382257073,1.6446021728716826,5.431011383468629,4.76795977824402,5.234423344070436,3.917038385803224,3.7730884002990734,3.701332991058351
2019-06-08 09:30:00+00:00,2019-06-08 10:30:00+00:00,1.577488,57.0,7.624531,1.2588558048378058,1.0337901787290877,1.0622866931227533,5.054511039596558,4.626864164215088,4.734599082809448,3.48634740625,3.261298864227295,3.8012375525054933
2019-06-08 09:45:00+00:00,2019-06-08 10:45:00+00:00,1.243074,41.0,4.527906,0.0,0.5536071992322327,0.8857597919411966,2.4259794348297117,2.407162725311279,2.4241881960449216,1.4720879190979002,2.0289776915130613,1.1449218386230466
2019-06-08 10:00:00+00:00,2019-06-08 11:00:00+00:00,0.902645,27.0,3.402219,0.0,0.0,0.18911131066702186,1.9802661563339234,1.3927516366424562,1.700719418663025,0.4695388699951173,1.4699073459091188,0.104702892440796
2019-06-08 10:15:00+00:00,2019-06-08 11:15:00+00:00,0.507049,13.0,2.240875,0.0,0.0,0.13290347924795826,1.23652290725708,0.02221965217590327,0.6875188293457031,0.0,0.585261339187622,0.0
2019-06-08 10:30:00+00:00,2019-06-08 11:30:00+00:00,0.1814049999999999,4.0,1.577488,0.0,0.0,0.0,0.8662907429580688,0.0,0.07937639435577393,0.0,0.3109268494491577,0.0
2019-06-08 10:45:00+00:00,2019-06-08 11:45:00+00:00,0.0,0.0,1.243074,0.0,0.0,0.0,0.5376163126220703,0.0,0.0,0.0,0.12848430883789064,0.0
2019-06-08 11:00:00+00:00,2019-06-08 12:00:00+00:00,0.0,0.0,0.902645,0.0,0.0,0.019296929049556696,0.44551635601043704,0.0,0.0,0.0,0.0,0.0
2019-06-08 11:15:00+00:00,2019-06-08 12:15:00+00:00,0.0,0.0,0.507049,0.0,0.0,0.0,0.35653924021625516,0.0,0.0,0.0,0.0,0.0
2019-06-08 11:30:00+00:00,2019-06-08 12:30:00+00:00,0.0,0.0,0.1814049999999999,0.0,0.0,0.039183396936336386,0.002142957954406638,0.0,0.0,0.0,0.0,0.0
2019-06-08 11:45:00+00:00,2019-06-08 12:45:00+00:00,0.0,0.0,0.0,0.0,0.0,0.0,0.0,0.0,0.0,0.0,0.0,0.0
2019-06-08 12:00:00+00:00,2019-06-08 13:00:00+00:00,0.0,0.0,0.0,0.0,0.0,0.0,0.14677438139915466,0.0,0.0,0.0,0.0,0.0
2019-06-08 12:15:00+00:00,2019-06-08 13:15:00+00:00,0.0,0.0,0.0,0.0,0.0,0.0,0.16459356248378754,0.0,0.0,0.0,0.0,0.0
2019-06-08 12:30:00+00:00,2019-06-08 13:30:00+00:00,0.0,0.0,0.0,0.0,0.0,0.0,0.19302695989608765,0.0,0.0,0.0,0.0,0.0
2019-06-08 12:45:00+00:00,2019-06-08 13:45:00+00:00,0.0,0.0,0.0,0.0,0.0,0.0,0.29771852493286133,0.0,0.0,0.0,0.0,0.0
2019-06-08 13:00:00+00:00,2019-06-08 14:00:00+00:00,0.0,0.0,0.0,0.0,0.0,0.0,0.475638747215271,0.0,0.0,0.0,0.0,0.0
2019-06-08 13:15:00+00:00,2019-06-08 14:15:00+00:00,0.0,0.0,0.0,0.0,0.0,0.0,0.7156118154525757,0.0,0.0,0.0,0.0,0.0
2019-06-08 13:30:00+00:00,2019-06-08 14:30:00+00:00,0.0,0.0,0.0,0.0,0.0,0.0,0.8168896436691284,0.0,0.0,0.0,0.0,0.0
2019-06-08 13:45:00+00:00,2019-06-08 14:45:00+00:00,0.0,0.0,0.0,0.0,0.2455422090156617,0.09467352111136391,0.9836393594741821,0.0,0.0,0.0,0.03236079588532448,0.0
2019-06-08 14:00:00+00:00,2019-06-08 15:00:00+00:00,0.0,0.0,0.0,0.0,0.0,0.0,1.1704045534133911,0.0,0.0,0.0,0.19183702766895294,0.0
2019-06-08 14:15:00+00:00,2019-06-08 15:15:00+00:00,0.0,0.0,0.0,0.0,0.0,0.0,1.2501754760742188,0.0,0.0,0.0,0.2638448178768158,0.0
2019-06-08 14:30:00+00:00,2019-06-08 15:30:00+00:00,0.0,0.0,0.0,0.0,0.0,0.0,1.308035135269165,0.0,0.0,0.0,0.2779838442802429,0.0
2019-06-08 14:45:00+00:00,2019-06-08 15:45:00+00:00,0.0,0.0,0.0,0.0,0.12533429571876442,0.08680279626317329,1.388864517211914,0.0,0.0,0.0,0.3161173462867737,0.0
2019-06-08 15:00:00+00:00,2019-06-08 16:00:00+00:00,0.0,0.0,0.0,0.0,0.05365047511044127,0.05004102183688673,1.4756972789764404,0.0,0.0,0.0,0.3823351263999939,0.0
2019-06-08 15:15:00+00:00,2019-06-08 16:15:00+00:00,0.0,0.0,0.0,0.0,0.058731011295457755,0.052434980208918625,1.5362275838851929,0.0,0.0,0.0,0.4165142774581909,0.0
2019-06-08 15:30:00+00:00,2019-06-08 16:30:00+00:00,0.0,0.0,0.0,0.0,0.06169858614011886,0.052434980208918625,1.5897938013076782,0.0,0.0,0.0,0.3908645808696747,0.0
2019-06-08 15:45:00+00:00,2019-06-08 16:45:00+00:00,0.0,0.0,0.0,0.0,0.10489328879859121,0.03916696169447091,1.5772963762283325,0.0,0.0,0.0,0.46950283646583557,0.0
2019-06-08 16:00:00+00:00,2019-06-08 17:00:00+00:00,0.0,0.0,0.0,0.0,0.11294139982826877,0.029657008392221042,1.6481536626815796,0.0,0.0,0.011317817494273186,0.5255251526832581,0.0
2019-06-08 16:15:00+00:00,2019-06-08 17:15:00+00:00,0.0,0.0,0.0,0.0,0.10489328879859121,0.027263050020189143,1.6778446435928345,0.0,0.0,0.0,0.5812464952468872,0.0
2019-06-08 16:30:00+00:00,2019-06-08 17:30:00+00:00,0.0,0.0,0.0,0.0,0.10489328879859121,0.027263050020189143,1.713308334350586,0.0,0.0,0.0,0.5892661809921265,0.0
2019-06-08 16:45:00+00:00,2019-06-08 17:45:00+00:00,0.0,0.0,0.0,0.0,0.05365047511044127,0.015037568188654125,1.679677128791809,0.0,0.0,0.0,0.69710373878479,0.0
2019-06-08 17:00:00+00:00,2019-06-08 18:00:00+00:00,0.0,0.0,0.0,0.0,0.04196864777117622,0.07193580113866826,1.7421427965164185,0.0,0.0,0.0,0.7769771814346313,0.0
2019-06-08 17:15:00+00:00,2019-06-08 18:15:00+00:00,0.0,0.0,0.0,0.0,0.04599648427974107,0.042262827428761376,1.7619030475616455,0.0,0.0,0.0,0.8332638144493103,0.0
2019-06-08 17:30:00+00:00,2019-06-08 18:30:00+00:00,0.0,0.0,0.0,0.0,0.04196864777117622,0.03693234749043567,1.813569188117981,0.05730787664651871,0.0,0.0,0.9434384703636169,0.0
2019-06-08 17:45:00+00:00,2019-06-08 18:45:00+00:00,0.0,0.0,0.0,0.0,0.03624546154732698,0.03693234749043567,1.902892827987671,0.2968120574951172,0.0,0.0,1.0687103271484375,0.0
2019-06-08 18:00:00+00:00,2019-06-08 19:00:00+00:00,0.0,0.0,0.0,0.0,0.04400125362752401,0.0,2.049161434173584,0.46673235297203064,0.15380123257637024,0.0,1.2325196266174316,0.0
2019-06-08 18:15:00+00:00,2019-06-08 19:15:00+00:00,0.0,0.0,0.0,0.0,0.04400125362752401,0.0,2.127556324005127,0.5995094180107117,0.3102290630340576,0.0,1.3728541135787964,0.0
2019-06-08 18:30:00+00:00,2019-06-08 19:30:00+00:00,0.0,0.0,0.0,0.0,0.038278067403674745,0.0,2.2594611644744873,0.8451616168022156,0.4825660288333893,0.0,1.5019699335098267,0.0
2019-06-08 18:45:00+00:00,2019-06-08 19:45:00+00:00,0.0,0.0,0.0,0.0,0.049663631588826154,0.0,2.3109476566314697,0.8430368900299072,0.5980188846588135,0.0,1.653251051902771,0.0
2019-06-08 19:00:00+00:00,2019-06-08 20:00:00+00:00,0.0,0.0,0.0,0.0,0.0747186503436829,0.0,2.482217311859131,0.7350143790245056,0.6923059821128845,0.0,1.7968459129333496,0.0
2019-06-08 19:15:00+00:00,2019-06-08 20:15:00+00:00,0.0,0.0,0.0,0.0,0.07873892486479565,0.0,2.649662733078003,0.8922527432441711,0.9265558123588562,0.0,1.8342926502227783,0.025335446000099182
2019-06-08 19:30:00+00:00,2019-06-08 20:30:00+00:00,0.0,0.0,0.0,0.0,0.07873892486479565,0.0,2.838909149169922,0.944454550743103,1.095961332321167,0.10248205810785294,2.0235111713409424,0.3603266775608063
2019-06-08 19:45:00+00:00,2019-06-08 20:45:00+00:00,0.0,0.0,0.0,0.0,0.07873892486479565,0.0,3.00898814201355,1.0369218587875366,1.254179835319519,0.24181292951107025,2.248621702194214,0.6537572145462036
2019-06-08 20:00:00+00:00,2019-06-08 21:00:00+00:00,0.000107,0.0,0.0,0.0,0.08481622654835441,0.050913099716251846,3.2533137798309326,0.8975405693054199,1.4978541135787964,0.6305332779884338,2.3958098888397217,0.9572098255157471
2019-06-08 20:15:00+00:00,2019-06-08 21:15:00+00:00,0.1809339999999999,7.0,0.0,0.0,0.08481622654835441,0.05507289837218256,3.4389593601226807,0.9440850615501404,1.7170134782791138,0.9787287712097168,2.6238291263580322,1.3213859796524048
2019-06-08 20:30:00+00:00,2019-06-08 21:30:00+00:00,0.520967,21.0,0.0,0.0,0.09358014880106809,0.050913099716251846,3.5906171798706055,1.0559614896774292,1.9262524843215942,1.2190312147140503,2.822490692138672,1.7221225500106812
2019-06-08 20:45:00+00:00,2019-06-08 21:45:00+00:00,0.817523,39.0,0.0,0.0,0.22952619753859926,0.33590821200571214,3.742295980453491,1.1741349697113037,2.100191354751587,1.3994991779327393,2.9087753295898438,2.0819692611694336
2019-06-08 21:00:00+00:00,2019-06-08 22:00:00+00:00,1.056891,50.0,0.000107,0.08714419459783289,0.39449930521590376,0.5939827516013999,3.875895688659668,1.2088237501449586,2.3387932277984618,1.6172152258224488,2.961763332015991,2.320959756500244
2019-06-08 21:15:00+00:00,2019-06-08 22:15:00+00:00,1.321523,61.0,0.1809339999999999,1.1030196434655977,1.4332632898816844,1.363747002616624,4.2710261821594235,1.5219686508026122,2.7093074798431394,2.070492672904968,3.228969621643066,2.88962368963623
2019-06-08 21:30:00+00:00,2019-06-08 22:30:00+00:00,1.828422,100.0,0.520967,1.5833272972225807,1.9452345116924452,1.810044968388036,4.8552818231506345,2.0700194768829343,3.2027292184753415,2.695283644668579,3.6781830720825193,3.6642253332061765
2019-06-08 21:45:00+00:00,2019-06-08 22:45:00+00:00,2.804922,138.0,0.817523,2.0464953890056927,2.527568132754989,2.2622889844550302,5.341945645568847,2.6203803989868164,3.7884905312042236,3.3784601662139893,4.113095519302368,4.250767228363037
2019-06-08 22:00:00+00:00,2019-06-08 23:00:00+00:00,4.305766,175.0,1.056891,3.604062633199463,4.64648309606548,3.784807348898335,5.73294309350586,3.099730288711548,4.297869717803955,4.00092438432312,4.664517914978028,5.040445124832154
2019-06-08 22:15:00+00:00,2019-06-08 23:15:00+00:00,6.054344,234.0,1.321523,4.224203677821402,5.150201425860165,4.55912922641654,6.191418935058594,3.6916647446136475,4.853352833984375,4.5942855370025635,5.171433736083984,5.6465247166137695
2019-06-08 22:30:00+00:00,2019-06-08 23:30:00+00:00,7.919406,298.0,1.828422,4.822500253993768,6.375361703437005,6.454053001770294,6.750811030456543,4.802109410354614,5.566354443618774,5.419740845748901,5.749151160308838,6.520225932189941
2019-06-08 22:45:00+00:00,2019-06-08 23:45:00+00:00,10.05813,366.0,2.804922,7.715474316106386,9.027726130299094,9.484524959024954,7.834667578765869,6.056379452774047,6.886810675689697,6.546171322891235,7.046220675537109,8.158969775268554
2019-06-08 23:00:00+00:00,2019-06-09 00:00:00+00:00,12.08638,423.0,4.305766,8.586006087184565,10.045000440840768,10.29377757118976,9.638201131072998,7.544019116607666,8.83378113671875,8.763953103271485,9.13627661630249,10.14437045022583
2019-06-08 23:15:00+00:00,2019-06-09 00:15:00+00:00,13.92475,477.0,6.054344,11.609153161506775,12.881178225209377,12.785735582590645,11.60899192251587,9.108751119750977,10.796420396942139,10.836455644744873,11.350451292175293,12.302597345489502
2019-06-08 23:30:00+00:00,2019-06-09 00:30:00+00:00,15.64938,537.0,7.919406,13.369151578951582,14.10259313101665,13.94264842810653,13.734310689788819,10.680906120162964,12.828171316009522,12.979872766357422,13.295867505889893,14.147333684783936
2019-06-08 23:45:00+00:00,2019-06-09 00:45:00+00:00,17.500441,585.0,10.05813,15.947886776894835,16.90426027630187,16.890748794695593,15.918451521759033,12.516069147949219,14.901090357666016,15.205908987884522,15.440317366485596,16.372847292785643
2019-06-09 00:00:00+00:00,2019-06-09 01:00:00+00:00,19.509001,633.0,12.08638,17.465835128758926,19.100403522843447,17.895174062587174,17.994993204956053,14.353280062561035,16.574906821136473,17.49808263290405,17.949532027130125,18.585053439025877
2019-06-09 00:15:00+00:00,2019-06-09 01:15:00+00:00,21.16713,677.0,13.92475,18.811252507831544,20.193099000823203,18.53537103086323,19.71458449935913,16.1623090801239,18.119458824157714,19.333307891845703,19.476189762115478,20.571763187408447
2019-06-09 00:30:00+00:00,2019-06-09 01:30:00+00:00,22.45994,717.0,15.64938,21.06303519899775,22.14697306971432,21.20407013309919,21.2842414692688,17.90997675216675,19.70439365661621,20.71848037994385,20.93667248046875,22.26054933822632
2019-06-09 00:45:00+00:00,2019-06-09 01:45:00+00:00,23.855129,749.0,17.500441,22.887065272454088,23.72423514956613,22.950271528331413,23.021965906158446,19.45961575223541,21.477811023727416,21.917564794555663,22.794880315795897,23.584543153778075
2019-06-09 01:00:00+00:00,2019-06-09 02:00:00+00:00,25.271749,789.0,19.509001,24.079206663751542,24.630008637433825,23.888492039455382,24.778960926605226,21.97555659539795,22.988651020599367,24.632603390289308,25.553436501098634,26.221808178497316
2019-06-09 01:15:00+00:00,2019-06-09 02:15:00+00:00,26.229,818.0,21.16713,25.731743588505754,26.48794205712455,25.705169170835884,26.14767313659668,23.45699668586731,24.439502722625733,25.739756113891602,27.218645579223633,27.324736601715088
2019-06-09 01:30:00+00:00,2019-06-09 02:30:00+00:00,27.06638,854.0,22.45994,26.304584671692293,26.14495876949332,25.987248606973786,27.028038545074462,24.47969917816162,25.33766822380066,26.73104767364502,28.100552602233886,28.332434220733642
2019-06-09 01:45:00+00:00,2019-06-09 02:45:00+00:00,27.814939000000003,878.0,23.855129,26.571746217028558,26.970667599548058,26.512960951476124,27.97733473425293,25.7117043698349,26.605987545303346,27.505536791137697,28.97776770239258,29.050241705230714
2019-06-09 02:00:00+00:00,2019-06-09 03:00:00+00:00,28.434,906.0,25.271749,26.331963563411808,27.885496661637422,27.285347217780526,28.897771577285766,27.31636021559143,27.78252861921692,29.11125014250183,30.499629001068115,30.024980525421142
2019-06-09 02:15:00+00:00,2019-06-09 03:15:00+00:00,28.89513,920.0,26.229,26.478821056877162,27.606362218071997,27.39335463649597,29.47327008628845,27.615422753334045,28.26181283378601,29.25558438682556,30.474887756347655,29.737792400360107
2019-06-09 02:30:00+00:00,2019-06-09 03:30:00+00:00,29.192631,937.0,27.06638,27.38330705823296,27.58748848159849,27.558886484419858,29.70982549179077,27.681995010261534,28.453468537216185,29.844573235397338,30.36771295059204,30.306098437194823
2019-06-09 02:45:00+00:00,2019-06-09 03:45:00+00:00,29.596001,953.0,27.814939000000003,28.103152336141935,28.639060480656642,28.178269058100284,29.790497161735537,27.86274710326338,28.6355892199173,29.85555741964722,30.54420612036133,30.1746756809845
2019-06-09 03:00:00+00:00,2019-06-09 04:00:00+00:00,29.610001,955.0,28.434,27.717720410958897,27.694207826613944,27.524655690956862,29.880234583854676,27.99637205862999,28.72381277346611,30.770881875991822,30.553604587554933,30.28580735588074
2019-06-09 03:15:00+00:00,2019-06-09 04:15:00+00:00,29.42713,954.0,28.89513,27.939371452704293,28.217931625063354,27.699380670475954,29.91108675945282,27.70610197532654,28.64489733326912,30.529361805801393,29.82339533317566,29.460555992012026
2019-06-09 03:30:00+00:00,2019-06-09 04:30:00+00:00,29.275749,944.0,29.192631,28.291665536940123,28.565326688533023,27.830802575091152,29.778165930229186,27.494678610282897,28.438359254318236,29.87868737550354,29.140791655796527,28.628588193374632
2019-06-09 03:45:00+00:00,2019-06-09 04:45:00+00:00,29.225,931.0,29.596001,28.323280260073147,28.06786066080632,27.552530203023764,29.813091010643006,27.23936233003235,28.30916246850586,29.653878760380508,28.25637003858185,28.043297023368837
2019-06-09 04:00:00+00:00,2019-06-09 05:00:00+00:00,28.974751,911.0,29.610001,27.892834805924885,27.94955091895341,27.212300366470323,29.150457265211106,27.4319323621521,27.754312666488648,29.677337335778237,28.063804300857544,27.8533670030365
2019-06-09 04:15:00+00:00,2019-06-09 05:15:00+00:00,28.645309,892.0,29.42713,27.587203627055725,27.902294695950488,27.122668931723258,27.178417698745726,27.351491944198607,26.324693457489012,29.01600782692909,27.640247003440855,27.137271420364378
2019-06-09 04:30:00+00:00,2019-06-09 05:30:00+00:00,28.315439,867.0,29.275749,26.862503810823927,27.587511094771134,26.65895091769654,25.84289315550232,26.820707114624025,25.161686213897706,28.426967175888063,26.726268323349,26.12338140814209
2019-06-09 04:45:00+00:00,2019-06-09 05:45:00+00:00,27.480690000000003,837.0,29.225,26.56401226181559,27.51421728615887,26.47827284053044,25.222684955596925,26.554912185668947,24.90172348022461,27.868179178237916,26.004858827590944,25.582782602310182
2019-06-09 05:00:00+00:00,2019-06-09 06:00:00+00:00,26.95088,806.0,28.974751,25.415446188561692,26.945789468937576,25.870742794764293,24.64704323251343,26.123557095123292,24.366598133636476,27.473251227928163,25.737302307678224,25.12394547898865
2019-06-09 05:15:00+00:00,2019-06-09 06:15:00+00:00,25.949869,769.0,28.645309,24.02456045451689,25.245226389593725,24.83683290608233,23.950299768432618,25.78421452520752,23.893965272888185,26.808619647010804,25.416662721618653,24.476914911254884
2019-06-09 05:30:00+00:00,2019-06-09 06:30:00+00:00,25.023251,739.0,28.315439,22.27286084277077,24.174518969115216,23.474522586040635,23.561083569396974,24.873678936828615,23.441687359680177,26.247201218475343,24.517536654342653,23.914078488220216
2019-06-09 05:45:00+00:00,2019-06-09 06:45:00+00:00,24.125059,707.0,27.480690000000003,19.869514851609555,21.827025444036448,22.199617890121143,22.695371148529055,23.697608230056765,22.324511048736575,25.48316931480408,23.32851934188843,22.77837800735474
2019-06-09 06:00:00+00:00,2019-06-09 07:00:00+00:00,23.05975,667.0,26.95088,19.474205525884695,21.12615062404573,21.813533350915122,21.789470145111085,23.04492492378235,21.783114859466554,24.141481825714113,22.767773100738527,22.300591418151857
2019-06-09 06:15:00+00:00,2019-06-09 07:15:00+00:00,21.626499,627.0,25.949869,18.009343662337137,19.23866604444578,19.44571586351659,20.67577632574463,21.570469700378418,20.764604412597656,23.0580016007843,21.47908385900879,20.98123010305786
2019-06-09 06:30:00+00:00,2019-06-09 07:30:00+00:00,20.346809,585.0,25.023251,15.931944837567103,17.33022075821829,17.319275489527413,19.558400097442625,20.462779942108153,19.6790651708374,22.08099216516113,20.539232197357176,19.970772686553953
2019-06-09 06:45:00+00:00,2019-06-09 07:45:00+00:00,18.963869,539.0,24.125059,13.577777427943895,16.134563539129374,15.262371103306654,18.492622247680664,19.482163301452637,18.728052488311768,21.002987733825684,19.56886946295166,18.99703632925415
2019-06-09 07:00:00+00:00,2019-06-09 08:00:00+00:00,17.439619,490.0,23.05975,12.407234391952183,14.216586908757936,13.364917342672312,17.567747512817384,17.64644662475586,17.714512744903566,19.693235078811647,17.70984069442749,17.446199337005616
2019-06-09 07:15:00+00:00,2019-06-09 08:15:00+00:00,15.81606,435.0,21.626499,9.886999466842004,11.980831034009388,10.718803306079595,16.044385734008788,16.194818797515868,16.792928996490478,18.36410862486267,16.255961242126464,16.06502324621582
2019-06-09 07:30:00+00:00,2019-06-09 08:30:00+00:00,14.05709,378.0,20.346809,10.09458026093886,11.38359534718319,9.993276456752097,14.59583005331421,15.263394922241211,15.66317281149292,17.177224725708008,15.728608221038819,15.161647409423828
2019-06-09 07:45:00+00:00,2019-06-09 08:45:00+00:00,12.23053,318.0,18.963869,8.54174888983421,10.245082329843088,8.765829818110964,13.439758205932616,13.742085838836669,14.21013250402832,15.886448050064086,14.17808094076538,13.359270000976561
2019-06-09 08:00:00+00:00,2019-06-09 09:00:00+00:00,10.35803,255.0,17.439619,7.462722983005718,7.269816434913974,7.445917507497384,12.154179508728028,11.70043843511963,12.314076359313965,13.978807861846924,12.094469959777832,11.582969124359131
2019-06-09 08:15:00+00:00,2019-06-09 09:15:00+00:00,8.446157000000001,207.0,15.81606,6.1161897808577015,5.952013049613722,6.07302754488997,10.755326204833985,10.418763094482422,10.633820467529297,12.598274164733887,11.089430742797852,10.159946375427246
2019-06-09 08:30:00+00:00,2019-06-09 09:30:00+00:00,6.551782,165.0,14.05709,4.231042846895598,3.884228951279359,4.627028318650561,9.304211810913086,8.914531425323487,8.717654422607422,10.750978664245606,9.207295612182618,8.668657497253418
2019-06-09 08:45:00+00:00,2019-06-09 09:45:00+00:00,4.7565,102.0,12.23053,3.08326990390761,2.610849047084425,3.568705898930221,7.821540570526123,7.546300626068115,6.961230492858887,9.177777743606567,7.419425225524902,7.087227559356689
2019-06-09 09:00:00+00:00,2019-06-09 10:00:00+00:00,3.198836,77.0,10.35803,1.706895757394866,1.928499326522837,1.8447068811937974,6.073784032135009,5.98708216217041,5.003267445831298,7.057535805969238,5.829448857574462,5.429050603179931
2019-06-09 09:15:00+00:00,2019-06-09 10:15:00+00:00,2.076922,73.0,8.446157000000001,1.2573297327492283,1.4729250681679407,1.3350191887722083,4.56988360636902,4.509012482101442,3.634815714294435,5.246052763397218,4.00844242327881,3.7892713760681165
2019-06-09 09:30:00+00:00,2019-06-09 10:30:00+00:00,1.412469,59.0,6.551782,0.5573435153720585,0.8683044181924147,0.6980397869006132,2.925002443725586,3.239081966812134,2.4480999588317873,3.6509457706756594,2.665079462463379,2.3971599220581057
2019-06-09 09:45:00+00:00,2019-06-09 10:45:00+00:00,1.084535,45.0,4.7565,0.18708892906650776,0.461198530643299,0.4844914258722229,1.606220001220703,1.70972847366333,1.4183931293487548,2.3087003173828125,1.0565733852386474,0.9855296554565429
2019-06-09 10:00:00+00:00,2019-06-09 11:00:00+00:00,0.813012,29.0,3.198836,0.0,0.0,0.0,0.6674810958251953,0.5576960158691406,0.5240005565032959,0.5563491893157959,0.0,0.0
2019-06-09 10:15:00+00:00,2019-06-09 11:15:00+00:00,0.528076,16.0,2.076922,0.0,0.0,0.0,0.03822881037902848,0.0,0.0,0.0,0.0,0.0
2019-06-09 10:30:00+00:00,2019-06-09 11:30:00+00:00,0.171514,4.0,1.412469,0.0,0.0,0.0,0.0,0.0,0.0,0.0,0.0,0.0
2019-06-09 10:45:00+00:00,2019-06-09 11:45:00+00:00,0.0,0.0,1.084535,0.0,0.0,0.0,0.0,0.0,0.0,0.0,0.0,0.0
2019-06-09 11:00:00+00:00,2019-06-09 12:00:00+00:00,0.0,0.0,0.813012,0.0,0.0,0.0,0.0,0.0,0.0,0.0,0.0,0.0
2019-06-09 11:15:00+00:00,2019-06-09 12:15:00+00:00,0.0,0.0,0.528076,0.0,0.0,0.0,0.0,0.0,0.0,0.0,0.0,0.0
2019-06-09 11:30:00+00:00,2019-06-09 12:30:00+00:00,0.0,0.0,0.171514,0.0,0.0,0.0,0.0,0.0,0.0,0.0,0.0,0.0
2019-06-09 11:45:00+00:00,2019-06-09 12:45:00+00:00,0.0,0.0,0.0,0.0,0.3069138525569751,0.0,0.0,0.0,0.0,0.0,0.0,0.0
2019-06-09 12:00:00+00:00,2019-06-09 13:00:00+00:00,0.0,0.0,0.0,0.0,0.32181527653583475,0.0,0.0,0.0,0.0,0.0,0.0,0.0
2019-06-09 12:15:00+00:00,2019-06-09 13:15:00+00:00,0.0,0.0,0.0,0.0,0.3160920903119855,0.0,0.0,0.0,0.0,0.0,0.0,0.0
2019-06-09 12:30:00+00:00,2019-06-09 13:30:00+00:00,0.0,0.0,0.0,0.0,0.2648492766238356,0.13254276049832556,0.0,0.0,0.0,0.0,0.0,0.0
2019-06-09 12:45:00+00:00,2019-06-09 13:45:00+00:00,0.0,0.0,0.0,0.0,0.2890665341027316,0.13254276049832556,0.0,0.0,0.0,0.0,0.0,0.0
2019-06-09 13:00:00+00:00,2019-06-09 14:00:00+00:00,0.0,0.0,0.0,0.0,0.2925135825931955,0.13458710344044608,0.020651033148169518,0.0,0.0,0.0,0.2251328080892563,0.0
2019-06-09 13:15:00+00:00,2019-06-09 14:15:00+00:00,0.0,0.0,0.0,0.0,0.305284467624393,0.09958364979221346,0.1314774751663208,0.0,0.0,0.0,0.294929563999176,0.0
2019-06-09 13:30:00+00:00,2019-06-09 14:30:00+00:00,0.0,0.0,0.0,0.0,0.305284467624393,0.09958364979221346,0.1875973790884018,0.0,0.0,0.0,0.39348742365837097,0.0
2019-06-09 13:45:00+00:00,2019-06-09 14:45:00+00:00,0.0,0.0,0.0,0.020934048048641164,0.3074372244354025,0.10199902920020915,0.17895662784576416,0.0,0.0,0.0,0.3464389443397522,0.0
2019-06-09 14:00:00+00:00,2019-06-09 15:00:00+00:00,0.0,0.0,0.0,0.0,0.32593129569044926,0.14580700856359305,0.3651018738746643,0.0,0.0,0.0,0.24500633776187897,0.0
2019-06-09 14:15:00+00:00,2019-06-09 15:15:00+00:00,0.0,0.0,0.0,0.0,0.31100765384824225,0.14339162915559733,0.3896087110042572,0.0,0.0,0.0,0.47847044467926025,0.0
2019-06-09 14:30:00+00:00,2019-06-09 15:30:00+00:00,0.0,0.0,0.0,0.0,0.32593129569044926,0.14580700856359305,0.3959285020828247,0.0,0.0,0.0,0.3400592803955078,0.0
2019-06-09 14:45:00+00:00,2019-06-09 15:45:00+00:00,0.0,0.0,0.0,0.0,0.32593129569044926,0.14580700856359305,0.5072567462921143,0.0,0.0,0.0,0.34491392970085144,0.0
2019-06-09 15:00:00+00:00,2019-06-09 16:00:00+00:00,0.0,0.0,0.0,0.0,0.04140082433855813,0.0,0.4855493903160095,0.0,0.0,0.028964949771761894,0.41052860021591187,0.0
2019-06-09 15:15:00+00:00,2019-06-09 16:15:00+00:00,0.0,0.0,0.0,0.0,0.04140082433855813,0.0,0.45611992478370667,0.0,0.0,0.0,0.35187163949012756,0.0
2019-06-09 15:30:00+00:00,2019-06-09 16:30:00+00:00,0.0,0.0,0.0,0.0,0.033352713308880524,0.0,0.4868556559085846,0.0,0.0,0.0,0.6260760426521301,0.0
2019-06-09 15:45:00+00:00,2019-06-09 16:45:00+00:00,0.0,0.0,0.0,0.0,0.04140082433855813,0.0,0.49377748370170593,0.0,0.0,0.034868255257606506,0.58642578125,0.0
2019-06-09 16:00:00+00:00,2019-06-09 17:00:00+00:00,0.0,0.0,0.0,0.0,0.033352713308880524,0.0,0.427312970161438,0.0,0.0,0.0,0.7185094952583313,0.0
2019-06-09 16:15:00+00:00,2019-06-09 17:15:00+00:00,0.0,0.0,0.0,0.0,0.027629527085031264,0.0,0.3911741077899933,0.0,0.0,0.0,0.7879425883293152,0.0
2019-06-09 16:30:00+00:00,2019-06-09 17:30:00+00:00,0.0,0.0,0.0,0.0,0.027629527085031264,0.0,0.3878762423992157,0.0,0.0,0.0,0.8546466827392578,0.0
2019-06-09 16:45:00+00:00,2019-06-09 17:45:00+00:00,0.0,0.0,0.0,0.0,0.027629527085031264,0.0,0.4343869388103485,0.0,0.0,0.0,0.9287728667259216,0.0
2019-06-09 17:00:00+00:00,2019-06-09 18:00:00+00:00,0.0,0.0,0.0,0.0,0.027629527085031264,0.0,0.4360143840312958,0.0,0.0,0.0,0.9340507388114929,0.0
2019-06-09 17:15:00+00:00,2019-06-09 18:15:00+00:00,0.0,0.0,0.0,0.0,0.027629527085031264,0.0,0.47034671902656555,0.0,0.0,0.06257426738739014,0.9421656727790833,0.0
2019-06-09 17:30:00+00:00,2019-06-09 18:30:00+00:00,0.0,0.0,0.0,0.0,0.027629527085031264,0.0,0.5101058483123779,0.0,0.0,0.1360851675271988,0.9547090530395508,0.0
2019-06-09 17:45:00+00:00,2019-06-09 18:45:00+00:00,0.0,0.0,0.0,0.0,0.04140082433855813,0.0,0.6308137774467468,0.0,0.0,0.3093494772911072,0.8488935232162476,0.0
2019-06-09 18:00:00+00:00,2019-06-09 19:00:00+00:00,0.0,0.0,0.0,0.0,0.01437810880751883,0.0,0.681079089641571,0.0,0.0,0.3373558521270752,1.0012480020523071,0.1422327160835266
2019-06-09 18:15:00+00:00,2019-06-09 19:15:00+00:00,0.0,0.0,0.0,0.0,0.008654922583669587,0.0,0.7078841924667358,0.0,0.0,0.35471293330192566,1.0899028778076172,0.22134704887866974
2019-06-09 18:30:00+00:00,2019-06-09 19:30:00+00:00,0.0,0.0,0.0,0.0,0.02242621983719641,0.0,0.8716104030609131,0.0,0.0,0.49771246314048767,0.9828956127166748,0.559862494468689
2019-06-09 18:45:00+00:00,2019-06-09 19:45:00+00:00,0.0,0.0,0.0,0.0,0.02242621983719641,0.0,1.0470997095108032,0.0,0.0,0.6370328068733215,1.1203930377960205,0.924599289894104
2019-06-09 19:00:00+00:00,2019-06-09 20:00:00+00:00,0.0,0.0,0.0,0.0,0.02416192779627972,0.0,1.0826728343963623,0.0,0.0,0.7072488069534302,1.403863787651062,1.181085228919983
2019-06-09 19:15:00+00:00,2019-06-09 20:15:00+00:00,0.0,0.0,0.0,0.0,0.02416192779627972,0.0,1.1302449703216553,0.0,0.028029339388012886,0.7661964297294617,1.6014635562896729,1.3493783473968506
2019-06-09 19:30:00+00:00,2019-06-09 20:30:00+00:00,0.0,0.0,0.0,0.0,0.02416192779627972,0.0,1.2084686756134033,0.10215897858142853,0.21659059822559357,0.8282707333564758,1.6954281330108643,1.5161820650100708
2019-06-09 19:45:00+00:00,2019-06-09 20:45:00+00:00,0.0,0.0,0.0,0.0,0.018438741572430476,0.0,1.2063429355621338,0.20227234065532684,0.3578653931617737,0.7821469306945801,1.881813406944275,1.4782058000564575
2019-06-09 20:00:00+00:00,2019-06-09 21:00:00+00:00,0.0,1.0,0.0,0.06251837467671698,0.06879873281599574,0.0,1.4167357683181763,0.2975294589996338,0.6148484349250793,0.9633013010025024,1.8118395805358887,1.9281882047653198
2019-06-09 20:15:00+00:00,2019-06-09 21:15:00+00:00,0.245574,10.0,0.0,0.09689228628351661,0.06641299974762033,0.0,1.4562145471572876,0.2582065463066101,0.7989034056663513,0.9172951579093933,2.0053696632385254,1.901760220527649
2019-06-09 20:30:00+00:00,2019-06-09 21:30:00+00:00,0.492338,20.0,0.0,0.17422037283508296,0.07756265506870942,0.0,1.724469780921936,0.41495296359062195,1.02817964553833,1.1616063117980957,2.223731279373169,2.187437057495117
2019-06-09 20:45:00+00:00,2019-06-09 21:45:00+00:00,0.9275,42.0,0.0,0.3209057381226879,0.21350870380624065,0.17195259142805955,1.9855611324310303,0.5680765509605408,1.2435035705566406,1.3490489721298218,2.458623170852661,2.4693524837493896
2019-06-09 21:00:00+00:00,2019-06-09 22:00:00+00:00,1.422777,64.0,0.0,0.5646886048368738,0.4449215684414817,0.38895720417579766,2.17708420753479,0.6836118102073669,1.480607032775879,1.4892168045043945,2.573073387145996,2.7182345390319824
2019-06-09 21:15:00+00:00,2019-06-09 22:15:00+00:00,1.884258,80.0,0.245574,1.5356709421488632,1.218421567904883,1.1723299762096997,2.628286125778198,1.0587925339927673,1.9600559498062133,1.92199480783844,2.9360117937316894,3.263811590789795
2019-06-09 21:30:00+00:00,2019-06-09 22:30:00+00:00,2.4266490000000003,112.0,0.492338,2.016707815645743,1.4964548240878,1.4595502527948654,3.051116762817383,1.3772842270736694,2.431471167266846,2.362544117630005,3.289116678894043,3.7504468542938234
2019-06-09 21:45:00+00:00,2019-06-09 22:45:00+00:00,3.4460230000000003,161.0,0.9275,2.3756118384441174,2.1124040889309628,2.059109414425425,3.6678993606567385,1.9111549758911133,3.0796914005279543,3.0628394985198977,3.9407236480712893,4.470830192565918
2019-06-09 22:00:00+00:00,2019-06-09 23:00:00+00:00,4.795656,188.0,1.422777,4.020110052038886,3.218606024291442,3.3569176576226853,4.46133786730957,2.586965265800476,3.9397876887817382,3.962241473724365,4.628122630645752,5.438659968902588
2019-06-09 22:15:00+00:00,2019-06-09 23:15:00+00:00,6.684235,251.0,1.884258,5.205879425305625,3.84961754163852,4.602710043996184,5.185590712173462,3.2159285226898193,4.746798483474731,4.772886005981445,5.291471926315308,6.354134289367676
2019-06-09 22:30:00+00:00,2019-06-09 23:30:00+00:00,8.479626,316.0,2.4266490000000003,6.956868369487138,5.411724839141539,5.880544783046216,5.956644441436768,3.812158014129639,5.528720046829224,5.532253648590088,5.89511504347229,7.01048746282959
2019-06-09 22:45:00+00:00,2019-06-09 23:45:00+00:00,10.80647,388.0,3.4460230000000003,8.208926401964916,6.46501895117323,7.525494798687286,7.212894452331543,5.053599370239258,6.863919747589112,6.952344430206299,7.160859597442627,8.344757092712403
2019-06-09 23:00:00+00:00,2019-06-10 00:00:00+00:00,12.82597,449.0,4.795656,9.264770253015485,7.257932189297832,7.978248710139725,8.784681831222535,6.498942290168762,8.39061120591736,8.910706315856935,8.86612537942505,10.08846834741211
2019-06-09 23:15:00+00:00,2019-06-10 00:15:00+00:00,14.48956,498.0,6.684235,12.457532894480586,10.50102762625425,10.874753938143726,10.819492720947267,8.422166966781617,10.400071048126222,11.199312590942384,10.896234893188478,12.168231391296388
2019-06-09 23:30:00+00:00,2019-06-10 00:30:00+00:00,15.61525,528.0,8.479626,14.051380417629423,11.088006584971062,11.535973641514344,12.694099247528076,10.164708912445068,12.184162437988281,12.953207314086914,12.622685730529785,13.874456226898193
2019-06-09 23:45:00+00:00,2019-06-10 00:45:00+00:00,13.73006,524.0,10.80647,16.64158884435384,14.497820553488362,14.648959886664855,15.021633230895995,12.682294689865111,14.336642824859618,15.127027117462157,14.66110547706604,15.628171526641845
2019-06-10 00:00:00+00:00,2019-06-10 01:00:00+00:00,14.33491,427.0,12.82597,18.30369669995075,16.900676304378226,17.21839299956308,16.91583711502075,15.177082842559814,15.990243977279663,17.492450064392088,17.15908033248901,17.372478789062498
2019-06-10 00:15:00+00:00,2019-06-10 01:15:00+00:00,19.386499,638.0,14.48956,20.05681020190463,17.849378293765884,18.90275081431251,18.485041491088868,16.31211506515503,17.34768544822693,18.855512014923097,18.421581379470826,18.814102045593263
2019-06-10 00:30:00+00:00,2019-06-10 01:30:00+00:00,19.661249,650.0,15.61525,20.663734388768194,18.69279500638947,20.160766213176036,19.59598387145996,16.842432269096374,18.469711669921875,19.57159365081787,19.243058570861816,19.56548202896118
2019-06-10 00:45:00+00:00,2019-06-10 01:45:00+00:00,22.57675,732.0,13.73006,20.936197264970296,18.7365460779503,19.85243397480679,17.75796117263794,14.795369643745422,16.686610121307375,17.63001837211609,17.479862827835085,17.933340448913576
2019-06-10 01:00:00+00:00,2019-06-10 02:00:00+00:00,23.87394,777.0,14.33491,19.460737618692423,17.095432082254977,18.25715100329498,18.257556045684815,15.65485128227234,17.13445791069031,19.173333252105714,18.962556446228028,19.45145567718506
2019-06-10 01:15:00+00:00,2019-06-10 02:15:00+00:00,24.359131,799.0,19.386499,24.786799469209463,22.223820159320557,23.77921390074898,23.149281335281373,18.26511354486847,21.50814468901062,23.128216338562012,22.45316560308838,23.35964376966858
2019-06-10 01:30:00+00:00,2019-06-10 02:30:00+00:00,26.00588,849.0,19.661249,24.15687537021605,21.07275408066824,22.560188595158447,23.315625029968263,18.060611802505495,21.671544867919923,22.928241568969728,22.219067412780763,23.124056178497316
2019-06-10 01:45:00+00:00,2019-06-10 02:45:00+00:00,25.88294,820.0,22.57675,25.934205293714832,23.527978077589566,24.876015551432975,26.030614097595215,20.119000871658326,24.105494220733643,25.020291765213013,24.14130457210541,25.222057302474976
2019-06-10 02:00:00+00:00,2019-06-10 03:00:00+00:00,25.446751000000003,823.0,23.87394,26.0396604554751,23.97200658682976,25.41161806861939,26.817308911743165,22.048927077713014,24.600003132286073,26.575670966567994,25.81128920024872,27.127650746765138
2019-06-10 02:15:00+00:00,2019-06-10 03:15:00+00:00,21.64138,753.0,24.359131,26.080529021137618,23.9003264552486,25.67613938368694,26.392170569854738,22.67325534577942,24.915482184844972,26.6800538515625,25.733060262161256,27.845979115921022
2019-06-10 02:30:00+00:00,2019-06-10 03:30:00+00:00,28.268628999999997,940.0,26.00588,28.239335051071258,24.9465017615788,26.476485425090086,27.397489072685243,23.5678974407959,26.197825746541024,27.01618218601227,26.458507271413804,28.092864395980836
2019-06-10 02:45:00+00:00,2019-06-10 03:45:00+00:00,18.306310999999997,625.0,25.88294,25.83149578367131,23.76045935556405,25.84217283493945,26.29459739297867,23.453013127746583,25.57703838318825,26.477187579574586,25.39706582397461,27.869980996551515
2019-06-10 03:00:00+00:00,2019-06-10 04:00:00+00:00,9.974782,309.0,25.446751000000003,25.178143516155483,23.464126346075545,25.70482944813218,24.793115557743075,23.253963591171267,24.806263925148013,26.2761480823288,25.198185132456782,27.569398762298587
2019-06-10 03:15:00+00:00,2019-06-10 04:15:00+00:00,14.26447,489.0,21.64138,22.98013880174457,20.863924339940347,24.15793561510481,20.116516995315553,19.96584324825287,20.977610099201204,22.451244521026613,21.594457770769598,23.981482672576906
2019-06-10 03:30:00+00:00,2019-06-10 04:30:00+00:00,13.07906,465.0,28.268628999999997,22.749415365731412,20.918592774327895,23.763647165325327,25.42208878736877,24.61905185919189,26.52890352945709,26.861522362045285,25.409259245208737,28.000194862894055
2019-06-10 03:45:00+00:00,2019-06-10 04:45:00+00:00,28.848749,946.0,18.306310999999997,19.418745596105417,18.025768484298776,21.229451009263194,15.07492314637756,16.714888322959897,15.732592452178952,18.13666412592983,17.50156723321533,19.749972928176877
2019-06-10 04:00:00+00:00,2019-06-10 05:00:00+00:00,24.857,738.0,9.974782,10.717302100689395,8.970672855190456,10.578751694100175,7.035476217681884,12.144640455657958,7.891288767272949,12.341444740707397,12.828479776794433,14.9905552963562
2019-06-10 04:15:00+00:00,2019-06-10 05:15:00+00:00,26.606119,836.0,14.26447,14.845258460034742,14.473243556651173,16.832424232773718,11.092750210494994,14.186193783016204,10.909301418991088,15.081688661308288,15.211080808372497,17.24141730758667
2019-06-10 04:30:00+00:00,2019-06-10 05:30:00+00:00,24.98081,808.0,13.07906,15.003857202422346,13.131272668531782,14.70879858942989,9.775004547653198,13.574267965373993,9.445898932037354,13.94642923456192,13.969836753425598,15.847209852752686
2019-06-10 04:45:00+00:00,2019-06-10 05:45:00+00:00,27.68194,863.0,28.848749,20.991815065943268,20.133613382422528,21.38256302588927,24.273889857696535,24.057867366241457,22.934151488708498,25.222885924743654,23.59412701742554,26.139065104888918
2019-06-10 05:00:00+00:00,2019-06-10 06:00:00+00:00,25.04644,747.0,24.857,19.536965991737553,19.771550964115196,20.20689706423538,19.947463638305663,21.074761754989623,18.82701028060913,21.65313709449768,20.6603390045166,22.268659479141235
2019-06-10 05:15:00+00:00,2019-06-10 06:15:00+00:00,25.61869,774.0,26.606119,19.644122742081997,20.981119130903057,20.836937141505757,21.211369358581543,21.969903790039062,20.17430003790283,22.78559693006897,21.618656002563476,23.25622018484497
2019-06-10 05:30:00+00:00,2019-06-10 06:30:00+00:00,24.592751,736.0,24.98081,16.495309388885087,19.0223495617191,18.471205238525144,19.719564749298097,18.883938147125246,17.99605639129639,21.366936518249513,19.216444326934816,20.696138693389894
2019-06-10 05:45:00+00:00,2019-06-10 06:45:00+00:00,17.407249,479.0,27.68194,19.022924558843478,19.777571133260988,20.450421537383825,22.229769627990724,20.836431901397706,20.776957910003663,23.118829171600343,20.93631927246094,22.965089719238282
2019-06-10 06:00:00+00:00,2019-06-10 07:00:00+00:00,16.6565,421.0,25.04644,16.46267284855764,18.35419813718122,18.48665215065582,19.43338953918457,18.876025552215577,18.19547163909912,20.751110906066895,19.12381970352173,20.54505192703247
2019-06-10 06:15:00+00:00,2019-06-10 07:15:00+00:00,21.697809,644.0,25.61869,16.042970469210143,18.099642460466175,18.08266511542549,19.958155618133546,18.82278393310547,18.45535753768921,20.958015904846192,19.225301728668214,20.52962635559082
2019-06-10 06:30:00+00:00,2019-06-10 07:30:00+00:00,20.05456,582.0,24.592751,14.969288693820012,16.36645339450669,16.429022563683642,18.981567833496094,17.807051632476806,17.77378651864624,20.08626267678833,18.28814313180542,19.244501564575195
2019-06-10 06:45:00+00:00,2019-06-10 07:45:00+00:00,18.418751,538.0,17.407249,10.537978797358377,12.24150098732403,12.663986345852166,12.014651801513672,12.829340484069824,11.099318053649903,14.560590293334961,13.215087439941406,14.088740374969483
2019-06-10 07:00:00+00:00,2019-06-10 08:00:00+00:00,16.902379999999997,483.0,16.6565,8.779943865114308,9.240104301950904,9.606458475599974,11.311075347900392,11.485901493072511,10.196546691894532,13.12840046310425,11.985600608825685,12.829725164413453
2019-06-10 07:15:00+00:00,2019-06-10 08:15:00+00:00,15.24644,429.0,21.697809,9.023948058277073,9.369153503387796,8.894018159668073,16.200383443817138,14.822679300292968,14.766788740142822,16.637321252807617,15.111450929626464,16.316408891662597
2019-06-10 07:30:00+00:00,2019-06-10 08:30:00+00:00,13.45969,367.0,20.05456,9.15117242320113,9.415619907045384,9.017650466777198,14.72792320877075,13.26594048171997,13.249193483886717,15.166689688262938,13.310928160247801,14.570139223632811
2019-06-10 07:45:00+00:00,2019-06-10 08:45:00+00:00,11.68541,314.0,18.418751,8.480717488127068,8.555859570463532,8.714554104079397,13.29572796685791,12.026040791107178,12.19808506829834,13.919589279724121,11.882886646820069,13.217600105834961
2019-06-10 08:00:00+00:00,2019-06-10 09:00:00+00:00,9.947438,254.0,16.902379999999997,7.670650199843603,6.804592914408159,7.184726543383346,12.046428690795896,10.758287440185544,10.927489291076657,12.295614729766843,10.359102259521482,11.37560607040405
2019-06-10 08:15:00+00:00,2019-06-10 09:15:00+00:00,8.124594,207.0,15.24644,5.489691352861348,5.357571716114894,5.75268690645464,10.425772256317138,9.784404820861816,9.42825562423706,10.649136132659912,9.171412057342529,9.839403218688965
2019-06-10 08:30:00+00:00,2019-06-10 09:30:00+00:00,0.0,165.0,13.45969,4.1486165594696915,3.76480830280556,3.8864345981087975,8.80635633605957,8.69625702041626,8.18593683380127,9.17341127532959,7.864326859893799,8.194578553619385
2019-06-10 08:45:00+00:00,2019-06-10 09:45:00+00:00,0.0,100.0,11.68541,3.034869070750525,2.3497598968122095,3.1279600292146315,7.251355625305175,7.310316539916991,7.1329064141845695,7.840278841171264,6.799629188690185,6.596629596862792
2019-06-10 09:00:00+00:00,2019-06-10 10:00:00+00:00,0.0,82.0,9.947438,1.7925456306953498,1.7757666852519658,2.0172524400881833,6.069008825576782,5.467847107208252,6.263609884536743,5.738468406951904,4.748893020904541,4.550731418884277
2019-06-10 09:15:00+00:00,2019-06-10 10:15:00+00:00,0.0,73.0,8.124594,1.2548632740693562,1.0879787935874385,1.1654402115790763,4.337733533996582,4.694296386856079,4.934160736221314,4.136906889099121,3.7972886830749513,3.5280168324890138
2019-06-10 09:30:00+00:00,2019-06-10 10:30:00+00:00,0.0,61.0,0.0,0.0,0.0,0.13763908185694054,0.0,0.0,0.0,0.0,0.0,0.0
2019-06-10 09:45:00+00:00,2019-06-10 10:45:00+00:00,0.0,46.0,0.0,0.0,0.0,0.36479020230943476,0.0,0.0,0.0,0.0,0.0,0.0
2019-06-10 10:00:00+00:00,2019-06-10 11:00:00+00:00,0.0,30.0,0.0,0.0,0.0,0.0,0.0,0.0,0.0,0.0,0.0,0.0
2019-06-10 10:15:00+00:00,2019-06-10 11:15:00+00:00,0.0,18.0,0.0,0.0,0.0,0.0,0.0,0.0,0.0,0.0,0.0,0.0
2019-06-10 10:30:00+00:00,2019-06-10 11:30:00+00:00,0.0,7.0,0.0,0.0,0.0,0.0,0.0,0.0,0.0,0.0,0.0,0.0
2019-06-10 10:45:00+00:00,2019-06-10 11:45:00+00:00,0.0,0.0,0.0,0.0,0.0,0.0,0.0,0.0,0.0,0.0,0.0,0.0
2019-06-10 11:00:00+00:00,2019-06-10 12:00:00+00:00,0.0,0.0,0.0,0.0,0.0,0.0,0.0,0.0,0.0,0.0,0.0,0.0
2019-06-10 11:15:00+00:00,2019-06-10 12:15:00+00:00,0.0,0.0,0.0,0.0,0.0,0.0,0.0,0.0,0.0,0.0,0.0,0.0
2019-06-10 11:30:00+00:00,2019-06-10 12:30:00+00:00,0.0,0.0,0.0,0.0,0.0,0.0,0.0,0.0,0.0,0.0,0.0,0.0
2019-06-10 11:45:00+00:00,2019-06-10 12:45:00+00:00,0.0,0.0,0.0,0.0,0.0,0.0,0.0,0.0,0.0,0.0,0.0,0.0
2019-06-10 12:00:00+00:00,2019-06-10 13:00:00+00:00,0.0,0.0,0.0,0.0,0.0,0.0,0.0,0.0,0.0,0.0,0.0,0.0
2019-06-10 12:15:00+00:00,2019-06-10 13:15:00+00:00,0.0,0.0,0.0,0.0,0.0,0.0,0.0,0.0,0.0,0.0,0.0,0.0
2019-06-10 12:30:00+00:00,2019-06-10 13:30:00+00:00,0.0,0.0,0.0,0.0,0.0,0.0,0.0,0.0,0.0,0.0,0.0,0.0
2019-06-10 12:45:00+00:00,2019-06-10 13:45:00+00:00,0.0,0.0,0.0,0.0,0.0,0.0,0.0,0.0,0.0,0.0,0.0,0.0
2019-06-10 13:00:00+00:00,2019-06-10 14:00:00+00:00,0.0,0.0,0.0,0.0,0.21568987763603997,0.0,0.0,0.0,0.0,0.0,0.0,0.0
2019-06-10 13:15:00+00:00,2019-06-10 14:15:00+00:00,0.0,0.0,0.0,0.0,0.2580118332268751,0.0,0.0,0.0,0.0,0.0,0.0,0.0
2019-06-10 13:30:00+00:00,2019-06-10 14:30:00+00:00,0.0,0.0,0.0,0.020934048048641164,0.2580118332268751,0.0,0.025755854323506355,0.0,0.0,0.0,0.11455467343330383,0.0
2019-06-10 13:45:00+00:00,2019-06-10 14:45:00+00:00,0.0,0.0,0.0,0.0,0.21568987763603997,0.0,0.18500979244709015,0.0,0.0,0.0,0.16939392685890198,0.0
2019-06-10 14:00:00+00:00,2019-06-10 15:00:00+00:00,0.0,0.0,0.0,0.0,0.0,0.0,0.35236164927482605,0.0,0.0,0.0,0.420060396194458,0.0
2019-06-10 14:15:00+00:00,2019-06-10 15:15:00+00:00,0.0,0.0,0.0,0.0,0.0,0.0,0.43342751264572144,0.0,0.0,0.0,0.5052220225334167,0.0
2019-06-10 14:30:00+00:00,2019-06-10 15:30:00+00:00,0.0,0.0,0.0,0.0,0.0,0.0,0.5181088447570801,0.0,0.0,0.0,0.5781335234642029,0.0
2019-06-10 14:45:00+00:00,2019-06-10 15:45:00+00:00,0.0,0.0,0.0,0.0,0.0,0.0,0.5855258703231812,0.0,0.0,0.0,0.6167402267456055,0.0
2019-06-10 15:00:00+00:00,2019-06-10 16:00:00+00:00,0.0,0.0,0.0,0.0,0.03746715615928503,0.013861393825350864,0.675825834274292,0.0,0.0,0.0,0.6997160315513611,0.0
2019-06-10 15:15:00+00:00,2019-06-10 16:15:00+00:00,0.0,0.0,0.0,0.0,0.03746715615928503,0.013861393825350864,0.7123135924339294,0.0,0.0,0.0,0.7607323527336121,0.0
2019-06-10 15:30:00+00:00,2019-06-10 16:30:00+00:00,0.0,0.0,0.0,0.0,0.03746715615928503,0.0,0.7687570452690125,0.0,0.0,0.0,0.7542128562927246,0.0
2019-06-10 15:45:00+00:00,2019-06-10 16:45:00+00:00,0.0,0.0,0.0,0.02826431805824549,0.04312953412058719,0.0,0.7783147692680359,0.0,0.0,0.0,0.905144453048706,0.0
2019-06-10 16:00:00+00:00,2019-06-10 17:00:00+00:00,0.0,0.0,0.0,0.0,0.04149499266784988,0.0,0.8847295641899109,0.0,0.0,0.0,0.9984776377677917,0.0
2019-06-10 16:15:00+00:00,2019-06-10 17:15:00+00:00,0.0,0.0,0.0,0.0,0.03746715615928503,0.0,0.9047555923461914,0.0,0.0,0.0,1.0745737552642822,0.0
2019-06-10 16:30:00+00:00,2019-06-10 17:30:00+00:00,0.0,0.0,0.0,0.0,0.03746715615928503,0.0,0.9338385462760925,0.0,0.0,0.0,1.1629118919372559,0.0
2019-06-10 16:45:00+00:00,2019-06-10 17:45:00+00:00,0.0,0.0,0.0,0.0,0.03746715615928503,0.0,0.9383238554000854,0.0,0.0,0.0,1.2447550296783447,0.0
2019-06-10 17:00:00+00:00,2019-06-10 18:00:00+00:00,0.0,0.0,0.0,0.0,0.03746715615928503,0.0,0.9962207078933716,0.0,0.0,0.0,1.2367901802062988,0.0
2019-06-10 17:15:00+00:00,2019-06-10 18:15:00+00:00,0.0,0.0,0.0,0.0,0.03746715615928503,0.0,1.0527347326278687,0.0,0.0,0.0,1.306763768196106,0.0
2019-06-10 17:30:00+00:00,2019-06-10 18:30:00+00:00,0.0,0.0,0.0,0.0,0.03746715615928503,0.0,1.0897237062454224,0.0,0.0,0.0,1.3964297771453857,0.08586947619915009
2019-06-10 17:45:00+00:00,2019-06-10 18:45:00+00:00,0.0,0.0,0.0,0.0,0.04551526718896262,0.0,1.1874371767044067,0.0,0.0,0.0,1.3544059991836548,0.3075593113899231
2019-06-10 18:00:00+00:00,2019-06-10 19:00:00+00:00,0.0,0.0,0.0,0.0,0.04149499266784988,0.0,1.2432851791381836,0.0,0.06745939701795578,0.15737098455429077,1.4500025510787964,0.5684689283370972
2019-06-10 18:15:00+00:00,2019-06-10 19:15:00+00:00,0.0,0.0,0.0,0.0,0.03746715615928503,0.0,1.3054311275482178,0.05673655495047569,0.2215878963470459,0.21001896262168884,1.5654183626174927,0.7543065547943115
2019-06-10 18:30:00+00:00,2019-06-10 19:30:00+00:00,0.0,0.0,0.0,0.0,0.04149499266784988,0.0,1.401275873184204,0.14775945246219635,0.40103912353515625,0.3634265065193176,1.5881404876708984,0.9699295163154602
2019-06-10 18:45:00+00:00,2019-06-10 19:45:00+00:00,0.0,0.0,0.0,0.0,0.04254769234430153,0.0,1.5188393592834473,0.3661016821861267,0.5123885869979858,0.42653822898864746,1.736290693283081,1.1770139932632446
2019-06-10 19:00:00+00:00,2019-06-10 20:00:00+00:00,0.0,0.0,0.0,0.0,0.04149499266784988,0.0,1.5803322792053223,0.5619460940361023,0.6597310304641724,0.4792177081108093,1.9376190900802612,1.4894949197769165
2019-06-10 19:15:00+00:00,2019-06-10 20:15:00+00:00,0.0,0.0,0.0,0.0,0.03746715615928503,0.0,1.6404011249542236,0.6795682907104492,0.8337684273719788,0.5841460227966309,2.055980682373047,1.688431739807129
2019-06-10 19:30:00+00:00,2019-06-10 20:30:00+00:00,0.0,0.0,0.0,0.0,0.04149499266784988,0.0,1.7419730424880981,0.7610434889793396,1.0298937559127808,0.7861891388893127,2.11450457572937,1.9058253765106201
2019-06-10 19:45:00+00:00,2019-06-10 20:45:00+00:00,0.0,0.0,0.0,0.0,0.04149499266784988,0.0,1.8483463525772095,0.93095463514328,1.1897028684616089,0.9421977996826172,2.229414463043213,2.0828235149383545
2019-06-10 20:00:00+00:00,2019-06-10 21:00:00+00:00,0.000767,0.0,0.0,0.056171612136210594,0.06486506463672267,0.0,1.9056369066238403,1.1378120183944702,1.3328937292099,1.0411189794540405,2.4389729499816895,2.2690441608428955
2019-06-10 20:15:00+00:00,2019-06-10 21:15:00+00:00,0.216501,8.0,0.0,0.056171612136210594,0.06486506463672267,0.0,1.9615015983581543,1.2395626306533813,1.569717288017273,1.2551296949386597,2.439000368118286,2.5013175010681152
2019-06-10 20:30:00+00:00,2019-06-10 21:30:00+00:00,0.568709,21.0,0.0,0.13984646122828337,0.08167709791911391,0.0,2.1405386924743652,1.2784804105758667,1.756704330444336,1.5760444402694702,2.448150396347046,2.7433290481567383
2019-06-10 20:45:00+00:00,2019-06-10 21:45:00+00:00,0.950633,37.0,0.0,0.2865318265158883,0.21762314665664517,0.17515472634518733,2.3168599605560303,1.3672548532485962,1.942154884338379,1.8176206350326538,2.558758497238159,2.9811482429504395
2019-06-10 21:00:00+00:00,2019-06-10 22:00:00+00:00,1.359996,55.0,0.000767,0.4129505683588462,0.3825962543339496,0.3735126166068578,2.452063329498291,1.498090989868164,2.1620326116485598,1.9909240081710815,2.749506004135132,3.249874360839844
2019-06-10 21:15:00+00:00,2019-06-10 22:15:00+00:00,1.729055,70.0,0.216501,1.4288260172266105,1.3516333542961922,1.1474366662780133,2.797111513687134,1.9214119935760499,2.606222393585205,2.3825814748535157,3.1418812299499512,3.7696468854675294
2019-06-10 21:30:00+00:00,2019-06-10 22:30:00+00:00,2.287906,100.0,0.568709,1.9823339040389454,1.629666610479109,1.434656942863179,3.2956238826599122,2.5095876296844484,3.2061589797821046,2.961594684967041,3.636689766296387,4.485433920272827
2019-06-10 21:45:00+00:00,2019-06-10 22:45:00+00:00,3.131516,133.0,0.950633,2.268766913521864,2.1325112999455147,1.8649755008665743,3.8081457124786375,3.1885547147827147,3.837636421783447,3.5338670717315672,4.130994747741699,5.235914658172607
2019-06-10 22:00:00+00:00,2019-06-10 23:00:00+00:00,4.304563,168.0,1.359996,3.913265127116631,3.9414696436553474,3.2501983593244463,4.312925019927978,3.946278730102539,4.6549572140655515,4.1830121666870115,4.612479367919922,6.181461492248535
2019-06-10 22:15:00+00:00,2019-06-10 23:15:00+00:00,5.685641,216.0,1.729055,4.755073642534388,4.831022635611914,4.148275726246016,4.748805356674194,4.766861272506714,5.346066785507202,4.698816371612549,5.143054557495117,6.837019515686035
2019-06-10 22:30:00+00:00,2019-06-10 23:30:00+00:00,7.223125,271.0,2.287906,6.34494791561362,6.04076405485376,5.9417432383887165,5.602194854598999,5.459004470687866,6.196397611480712,5.647494146209716,5.928573915344238,7.602963277679443
2019-06-10 22:45:00+00:00,2019-06-10 23:45:00+00:00,8.865938,328.0,3.131516,8.35567419125786,7.755316464559644,8.144799002948448,6.688937922683715,6.3352513515624995,7.288058301177978,6.7315056526336665,6.944694539276123,8.788905163970947
2019-06-10 23:00:00+00:00,2019-06-11 00:00:00+00:00,9.849656,380.0,4.304563,9.068284881763967,9.239374768312373,8.926756532324768,8.293146087921142,7.725160553253174,8.697547867095947,8.332080795562744,8.563940002716064,10.365067913330078
2019-06-10 23:15:00+00:00,2019-06-11 00:15:00+00:00,12.39766,433.0,5.685641,11.530283362497782,11.368664637680483,10.660237931614517,9.895109841552735,9.01821632119751,10.22181100579834,9.986238190856934,9.973809907165528,12.190477082458496
2019-06-10 23:30:00+00:00,2019-06-11 00:30:00+00:00,13.96784,484.0,7.223125,10.953979969084687,12.229246135480725,11.342104237551618,11.395458240509033,10.902381677627563,11.743318099975586,11.48561861038208,11.243942756652832,13.72011806488037
2019-06-10 23:45:00+00:00,2019-06-11 00:45:00+00:00,15.33569,508.0,8.865938,13.656534715404785,14.900382148201395,14.003670465466076,12.872123054779053,12.731140903747558,13.4038117449646,13.095259956634521,13.150981716430664,15.459251694000244
2019-06-11 00:00:00+00:00,2019-06-11 01:00:00+00:00,16.84594,554.0,9.849656,16.21653829369146,16.835849025360872,15.799837340771735,13.722850456100463,13.79029525743103,14.009628667694091,14.370172872406005,14.408573045593261,16.614335431915283
2019-06-11 00:15:00+00:00,2019-06-11 01:15:00+00:00,18.127371,591.0,12.39766,17.99589148715053,18.088853677113747,17.43748192663067,16.26340673652649,16.115034801635744,16.225144607696535,16.76625226226807,16.729061348114016,18.585317833099367
2019-06-11 00:30:00+00:00,2019-06-11 01:30:00+00:00,19.3515,633.0,13.96784,20.04173342871666,19.804685422561846,19.351762971018736,17.692878528442385,17.619960828628543,17.42181210121155,18.216350360717776,18.336755081024172,19.803975387420657
2019-06-11 00:45:00+00:00,2019-06-11 01:45:00+00:00,20.681061,664.0,15.33569,21.04289273669373,20.37016988806257,20.43908323514804,19.09290764564514,18.863092639389038,18.561252810897827,19.267124154510498,19.318364598693847,20.60029361480713
2019-06-11 01:00:00+00:00,2019-06-11 02:00:00+00:00,21.65056,705.0,16.84594,22.27659813326785,22.12555317199659,22.695601631487477,20.336578494491576,20.322469359817504,19.513000375213622,21.064561253967284,21.106683141174315,22.417829400482177
2019-06-11 01:15:00+00:00,2019-06-11 02:15:00+00:00,22.729879,737.0,18.127371,24.621634807104254,23.947284781609884,24.192604851380363,21.892529653259277,21.529330896087647,20.791901515670776,21.969350026794434,22.1167988049469,22.764465497680664
2019-06-11 01:30:00+00:00,2019-06-11 02:30:00+00:00,23.431629,763.0,19.3515,24.71821885480284,24.355360573955334,24.258521867479967,22.83855315589905,22.086038555145265,21.493114437103273,22.913235391616823,22.77905937576294,23.794643367767335
2019-06-11 01:45:00+00:00,2019-06-11 02:45:00+00:00,24.16531,790.0,20.681061,25.694994641036512,25.209166750151535,25.473814681530516,23.964292258392334,23.30557557977295,22.66299483216858,23.67687556184387,23.346866339813232,24.7516495887146
2019-06-11 02:00:00+00:00,2019-06-11 03:00:00+00:00,25.060869,824.0,21.65056,25.50987240270354,25.071322557395764,25.318644331117543,24.356175043640135,24.72500620132446,23.030794360694884,24.979648449478148,24.759620764312743,26.24532327896118
2019-06-11 02:15:00+00:00,2019-06-11 03:15:00+00:00,25.511499,841.0,22.729879,25.272768761166272,25.241791227970943,25.66826771799642,25.369315721801758,25.560751774124146,23.862907268814087,25.591982939056397,25.282593347839356,26.126816131881714
2019-06-11 02:30:00+00:00,2019-06-11 03:30:00+00:00,25.91794,852.0,23.431629,24.910845043937414,25.17533639491891,25.74792536916854,25.982807216934205,25.465359745315553,24.17008071928406,25.816995916656495,25.56335621862793,25.807185230545045
2019-06-11 02:45:00+00:00,2019-06-11 03:45:00+00:00,26.11306,861.0,24.16531,25.02665387123386,24.95758088622653,25.528038979241227,25.9324717269516,25.89143464427948,24.368596543488504,26.212234829483034,25.57661578517914,26.945113037643434
2019-06-11 03:00:00+00:00,2019-06-11 04:00:00+00:00,26.651190000000003,879.0,25.060869,24.87994331804272,25.059155842440532,25.29824602089004,26.61826863054657,26.27933289770508,25.09952884082222,27.250872871917725,26.53089239363098,26.827241919082642
2019-06-11 03:15:00+00:00,2019-06-11 04:15:00+00:00,26.325251,859.0,25.511499,24.989446491831107,25.633245486524668,25.830300093250447,26.466836524414063,26.170729887889863,25.176426035570145,27.23475260774994,26.16234494488144,27.27161200086975
2019-06-11 03:30:00+00:00,2019-06-11 04:30:00+00:00,26.70063,875.0,25.91794,25.647803559705206,25.188258048320986,25.713417890539827,26.280649045410158,25.992852108480932,25.269744971694948,26.878790179195406,25.89732778065145,26.66694543689728
2019-06-11 03:45:00+00:00,2019-06-11 04:45:00+00:00,26.141939,833.0,26.11306,25.113433447113742,24.95756801187975,24.859851553884443,26.136669541356564,25.52114016061783,25.294884564933778,26.378846409378053,25.259430351314546,26.016881147978307
2019-06-11 04:00:00+00:00,2019-06-11 05:00:00+00:00,26.14588,840.0,26.651190000000003,25.40156307549309,25.34349812114666,25.83328796117772,26.287581013860706,25.441199498596195,25.534375505867008,26.926921533765796,25.542257147254947,26.64969057670847
2019-06-11 04:15:00+00:00,2019-06-11 05:15:00+00:00,25.56531,811.0,26.325251,23.487584397286987,24.77784172188741,24.802737441060664,25.79005642421341,24.44572438485718,25.059351937843324,26.300926890222193,24.490865843368532,25.8225894141922
2019-06-11 04:30:00+00:00,2019-06-11 05:30:00+00:00,25.38113,789.0,26.70063,22.33103425384156,24.07018951706395,23.949451446888688,25.694559505348206,24.61547832763672,25.212492874031067,26.29563414133072,24.59097867286682,25.70379822528839
2019-06-11 04:45:00+00:00,2019-06-11 05:45:00+00:00,24.538059,746.0,26.141939,20.196504793581926,22.7481648310685,22.716681229504882,24.670257881988526,23.749562100280762,24.346811846603394,25.123279646743775,23.49536950956726,24.555125192512513
2019-06-11 05:00:00+00:00,2019-06-11 06:00:00+00:00,23.83806,726.0,26.14588,21.2303936604844,22.973764385185962,23.10576835604482,24.098526017074583,23.27096964538574,23.868537918930052,24.592581288223265,23.03003169715881,24.102941767578123
2019-06-11 05:15:00+00:00,2019-06-11 06:15:00+00:00,23.24831,706.0,25.56531,18.616388785679288,21.20718781229062,21.390925633852376,22.76498532157898,22.16120648246765,23.080249308166504,23.674566386756897,21.88543963294983,22.880456684646607
2019-06-11 05:30:00+00:00,2019-06-11 06:30:00+00:00,21.999689,665.0,25.38113,16.61733940061304,19.915764537141808,19.919057040157362,20.429754038696288,21.961684485321044,22.58702542388916,23.04340579116821,21.25796629989624,22.25063874328613
2019-06-11 05:45:00+00:00,2019-06-11 06:45:00+00:00,20.71081,629.0,24.538059,13.698050630922136,17.255869268607302,17.11842709509476,18.65952992819214,20.889622692092896,21.466144803985596,21.716494564041138,19.83078074835205,20.985421422943116
2019-06-11 06:00:00+00:00,2019-06-11 07:00:00+00:00,19.795561,583.0,23.83806,12.971435006493387,15.600585650310512,16.034495601533134,17.89780006652832,19.32117901092529,20.390348770675658,20.532014229354857,18.40628919845581,19.664038755950926
2019-06-11 06:15:00+00:00,2019-06-11 07:15:00+00:00,17.199869,546.0,23.24831,11.563655335850218,13.872128920448699,13.9655349245138,17.152340323028564,18.48491945892334,19.468369871673584,19.521388203201294,17.46959391265869,18.629531294403076
2019-06-11 06:30:00+00:00,2019-06-11 07:30:00+00:00,13.90134,413.0,21.999689,10.871437052597202,12.879126025432338,12.642899015005549,15.85551585470581,17.04164399420166,17.878414051879883,18.043132202972412,15.906635659088135,17.13280095373535
2019-06-11 06:45:00+00:00,2019-06-11 07:45:00+00:00,15.99019,445.0,20.71081,10.426155509295453,11.731546315087005,11.884196391344249,14.469134623107909,16.07566719680786,16.19879894882202,16.679731184539794,14.680807406005858,15.768906408843993
2019-06-11 07:00:00+00:00,2019-06-11 08:00:00+00:00,14.60813,423.0,19.795561,9.387779948857055,9.782302229364817,9.687770618194243,13.641429587493896,14.397095366607665,14.382713957916259,15.200915499816894,13.718280001770019,14.125993415008544
2019-06-11 07:15:00+00:00,2019-06-11 08:15:00+00:00,12.62953,378.0,17.199869,6.386311733961256,7.629691730475136,7.624536418224718,11.120806538146972,11.436096512359619,11.234000526947021,12.542863213104248,11.121713005584716,11.601110302490234
2019-06-11 07:30:00+00:00,2019-06-11 08:30:00+00:00,9.466407,278.0,13.90134,5.415929240075395,6.212838611945419,7.165956308480105,8.285766116943359,8.295998088684081,8.55335997756958,10.070064536895751,8.510401241149902,8.952218047943115
2019-06-11 07:45:00+00:00,2019-06-11 08:45:00+00:00,8.168125,234.0,15.99019,6.314725702474535,6.426518218875193,6.935915200909033,10.253967256011963,9.523210973205567,10.680530042114258,11.60571095413208,9.903500527801514,10.56409832901001
2019-06-11 08:00:00+00:00,2019-06-11 09:00:00+00:00,7.1979690000000005,207.0,14.60813,5.363669409088481,4.321808482841559,5.068083752610197,9.27446367538452,7.390630267028808,9.826716921691894,9.502397559051513,7.81888677871704,8.35728838241577
2019-06-11 08:15:00+00:00,2019-06-11 09:15:00+00:00,5.546297,161.0,12.62953,5.414148258477133,4.7610471407457755,5.577755086991464,7.537568616180421,6.285357522277833,8.487014340667725,7.794111298828126,6.5892906658935555,6.53610138824463
2019-06-11 08:30:00+00:00,2019-06-11 09:30:00+00:00,6.831780999999999,195.0,9.466407,2.2787403926139786,1.4262073094598602,2.2005957348098453,4.812807737762451,4.536625563079834,5.7490426887817385,5.146716772491455,4.114508329803467,4.307778059417725
2019-06-11 08:45:00+00:00,2019-06-11 09:45:00+00:00,3.480695,102.0,8.168125,1.6999420036888613,1.1611013716788445,2.1557293538979128,3.916132774353027,3.928179588317871,4.704699363708496,4.157692756652832,3.201685276031494,3.484893169403076
2019-06-11 09:00:00+00:00,2019-06-11 10:00:00+00:00,1.931617,60.0,7.1979690000000005,1.087059318810084,1.3724887009645172,1.4250284982224948,3.2742095395507818,3.815988819259644,4.057400743621827,3.1374030515136724,2.7092070981445318,2.5391388341369634
2019-06-11 09:15:00+00:00,2019-06-11 10:15:00+00:00,1.729738,53.0,5.546297,0.5409893575409537,0.6657972431449769,0.5242185612438707,2.043885872909546,2.7766069632263184,2.7063912611694336,1.851357625076294,1.6619102221221924,1.368071959564209
2019-06-11 09:30:00+00:00,2019-06-11 10:30:00+00:00,1.543637,46.0,6.831780999999999,0.6091595393246831,0.6868879066194954,0.5643473097290924,3.437305063110351,3.7838831842956537,3.6977218092498774,2.8082009256896967,2.489755243164062,2.4736386240539545
2019-06-11 09:45:00+00:00,2019-06-11 10:45:00+00:00,1.223223,38.0,3.480695,0.0,0.0020294502909351643,0.01871928537307245,0.6488680747222899,1.122128000564575,0.7228760626983641,0.33480094940185534,0.0,0.17217539817810046
2019-06-11 10:00:00+00:00,2019-06-11 11:00:00+00:00,0.75544,25.0,1.931617,0.0,0.0,0.0,0.0,0.19447419871520988,0.0,0.0,0.0,0.0
2019-06-11 10:15:00+00:00,2019-06-11 11:15:00+00:00,0.360295,11.0,1.729738,0.0,0.0,0.0,0.0,0.03979134854125976,0.0,0.0,0.0,0.0
2019-06-11 10:30:00+00:00,2019-06-11 11:30:00+00:00,0.15065,4.0,1.543637,0.0,0.0,0.0,0.0,0.0,0.0,0.0,0.0,0.0
2019-06-11 10:45:00+00:00,2019-06-11 11:45:00+00:00,0.0,0.0,1.223223,0.0,0.0,0.0,0.0,0.0,0.0,0.0,0.0,0.0
2019-06-11 11:00:00+00:00,2019-06-11 12:00:00+00:00,0.0,0.0,0.75544,0.0,0.0,0.0,0.0,0.0,0.0,0.0,0.0,0.0
2019-06-11 11:15:00+00:00,2019-06-11 12:15:00+00:00,0.0,0.0,0.360295,0.0,0.0,0.0,0.0,0.0,0.0,0.0,0.0,0.0
2019-06-11 11:30:00+00:00,2019-06-11 12:30:00+00:00,0.0,0.0,0.15065,0.0,0.0,0.0,0.0,0.0,0.0,0.0,0.0,0.0
2019-06-11 11:45:00+00:00,2019-06-11 12:45:00+00:00,0.0,0.0,0.0,0.0,0.0,0.0,0.0,0.0,0.0,0.0,0.0,0.0
2019-06-11 12:00:00+00:00,2019-06-11 13:00:00+00:00,0.0,0.0,0.0,0.0,0.0,0.0,0.0,0.0,0.0,0.0,0.0,0.0
2019-06-11 12:15:00+00:00,2019-06-11 13:15:00+00:00,0.0,0.0,0.0,0.0,0.0,0.0,0.0,0.0,0.0,0.0,0.0,0.0
2019-06-11 12:30:00+00:00,2019-06-11 13:30:00+00:00,0.0,0.0,0.0,0.0,0.0,0.0,0.0,0.0,0.0,0.0,0.0,0.0
2019-06-11 12:45:00+00:00,2019-06-11 13:45:00+00:00,0.0,0.0,0.0,0.0,0.0,0.0,0.0,0.0,0.0,0.0,0.0,0.0
2019-06-11 13:00:00+00:00,2019-06-11 14:00:00+00:00,0.0,0.0,0.0,0.0,0.0,0.0,0.0,0.0,0.0,0.0,0.0,0.0
2019-06-11 13:15:00+00:00,2019-06-11 14:15:00+00:00,0.0,0.0,0.0,0.0,0.0,0.0,0.0,0.0,0.0,0.0,0.0,0.0
2019-06-11 13:30:00+00:00,2019-06-11 14:30:00+00:00,0.0,0.0,0.0,0.0,0.0,0.0,0.0,0.0,0.0,0.0,0.0,0.0
2019-06-11 13:45:00+00:00,2019-06-11 14:45:00+00:00,0.0,0.0,0.0,0.0,0.0,0.0,0.0,0.0,0.0,0.0,0.0,0.0
2019-06-11 14:00:00+00:00,2019-06-11 15:00:00+00:00,0.0,0.0,0.0,0.0,0.0,0.0,0.0,0.0,0.0,0.0,0.0,0.0
2019-06-11 14:15:00+00:00,2019-06-11 15:15:00+00:00,0.0,0.0,0.0,0.0,0.0,0.0,0.0,0.0,0.0,0.0,0.0,0.0
2019-06-11 14:30:00+00:00,2019-06-11 15:30:00+00:00,0.0,0.0,0.0,0.0,0.0,0.0,0.0,0.0,0.0,0.0,0.0,0.0
2019-06-11 14:45:00+00:00,2019-06-11 15:45:00+00:00,0.0,0.0,0.0,0.0,0.0,0.0,0.0,0.0,0.0,0.0,0.0,0.0
2019-06-11 15:00:00+00:00,2019-06-11 16:00:00+00:00,0.0,0.0,0.0,0.0,0.0,0.0,0.0,0.0,0.0,0.0,0.0,0.0
2019-06-11 15:15:00+00:00,2019-06-11 16:15:00+00:00,0.0,0.0,0.0,0.0,0.0,0.0,0.09909728914499283,0.0,0.0,0.0,0.0,0.0
2019-06-11 15:30:00+00:00,2019-06-11 16:30:00+00:00,0.0,0.0,0.0,0.0,0.0706015323709748,0.0,0.1310398429632187,0.0,0.0,0.0,0.0,0.0
2019-06-11 15:45:00+00:00,2019-06-11 16:45:00+00:00,0.0,0.0,0.0,0.0,0.06255342134129724,0.0,0.1669214814901352,0.0,0.0,0.0,0.042802780866622925,0.0
2019-06-11 16:00:00+00:00,2019-06-11 17:00:00+00:00,0.0,0.0,0.0,0.0,0.09058493311012389,0.0,0.2303800731897354,0.0,0.0,0.0,0.1719856709241867,0.0
2019-06-11 16:15:00+00:00,2019-06-11 17:15:00+00:00,0.0,0.0,0.0,0.0,0.0,0.0,0.2655346691608429,0.0,0.0,0.0,0.27834105491638184,0.0
2019-06-11 16:30:00+00:00,2019-06-11 17:30:00+00:00,0.0,0.0,0.0,0.0,0.0,0.0,0.34541794657707214,0.0,0.0,0.0,0.32499513030052185,0.0
2019-06-11 16:45:00+00:00,2019-06-11 17:45:00+00:00,0.0,0.0,0.0,0.0,0.0,0.0,0.38242828845977783,0.0,0.0,0.0,0.41699573397636414,0.0
2019-06-11 17:00:00+00:00,2019-06-11 18:00:00+00:00,0.0,0.0,0.0,0.0,0.0,0.0,0.43181881308555603,0.0,0.0,0.0,0.46383267641067505,0.0
2019-06-11 17:15:00+00:00,2019-06-11 18:15:00+00:00,0.0,0.0,0.0,0.0,0.058919705031709776,0.015309501867541984,0.5167639851570129,0.0,0.0,0.08684451133012772,0.2340802401304245,0.0
2019-06-11 17:30:00+00:00,2019-06-11 18:30:00+00:00,0.0,0.0,0.0,0.0,0.058919705031709776,0.015309501867541984,0.5863599181175232,0.0,0.0,0.2192402333021164,0.3031885623931885,0.0
2019-06-11 17:45:00+00:00,2019-06-11 18:45:00+00:00,0.0,0.0,0.0,0.0,0.058919705031709776,0.015309501867541984,0.6763044595718384,0.0,0.0,0.2989584803581238,0.4957740008831024,0.0
2019-06-11 18:00:00+00:00,2019-06-11 19:00:00+00:00,0.0,0.0,0.0,0.0,0.0706015323709748,0.0,0.6803798675537109,0.0,0.0,0.47578445076942444,0.5445896983146667,0.090770423412323
2019-06-11 18:15:00+00:00,2019-06-11 19:15:00+00:00,0.0,0.0,0.0,0.0,0.0706015323709748,0.0,0.7440329194068909,0.0,0.0,0.5443968176841736,0.7874860763549805,0.2564544081687927
2019-06-11 18:30:00+00:00,2019-06-11 19:30:00+00:00,0.0,0.0,0.0,0.0,0.0706015323709748,0.0,0.8578124642372131,0.04268334433436394,0.0,0.7042511105537415,0.8080031871795654,0.34992802143096924
2019-06-11 18:45:00+00:00,2019-06-11 19:45:00+00:00,0.0,0.0,0.0,0.0,0.05683023511744799,0.0,0.7702094912528992,0.0,0.0,0.6421300768852234,0.99066561460495,0.48280128836631775
2019-06-11 19:00:00+00:00,2019-06-11 20:00:00+00:00,0.0,0.0,0.0,0.0,0.06658125784986206,0.0,0.8406265377998352,0.21787066757678986,0.0,0.8107019066810608,1.0104249715805054,0.6880685091018677
2019-06-11 19:15:00+00:00,2019-06-11 20:15:00+00:00,0.0,0.0,0.0,0.0,0.06255342134129724,0.0,0.9520566463470459,0.5399734377861023,0.0,0.8124923706054688,1.290445327758789,0.9282526969909668
2019-06-11 19:30:00+00:00,2019-06-11 20:30:00+00:00,0.0,0.0,0.0,0.0,0.06255342134129724,0.0,1.0532151460647583,0.7145117521286011,0.0,0.8594843745231628,1.4736912250518799,1.1282120943069458
2019-06-11 19:45:00+00:00,2019-06-11 20:45:00+00:00,0.0,0.0,0.0,0.0,0.06255342134129724,0.0,1.1689233779907227,0.8984058499336243,0.11736813187599182,0.9324007034301758,1.6184477806091309,1.360438585281372
2019-06-11 20:00:00+00:00,2019-06-11 21:00:00+00:00,0.0,0.0,0.0,0.0,0.07240140173334228,0.0,1.2401609420776367,0.9717505574226379,0.22354505956172943,0.9949022531509399,1.6609135866165161,1.5334062576293945
2019-06-11 20:15:00+00:00,2019-06-11 21:15:00+00:00,0.022926,3.0,0.0,0.0,0.07240140173334228,0.0,1.2648255825042725,1.0048446655273438,0.38426515460014343,1.011898159980774,1.6991543769836426,1.6491841077804565
2019-06-11 20:30:00+00:00,2019-06-11 21:30:00+00:00,0.428559,15.0,0.0,0.0,0.08116532398605597,0.0,1.344323754310608,1.2023742198944092,0.5481365323066711,1.0716578960418701,1.8167083263397217,1.8615785837173462
2019-06-11 20:45:00+00:00,2019-06-11 21:45:00+00:00,0.801459,27.0,0.0,0.2801850639753819,0.1563834402886275,0.06664572002959543,1.3879241943359375,1.290924310684204,0.7219217419624329,1.0692427158355713,1.9239177703857422,1.974732518196106
2019-06-11 21:00:00+00:00,2019-06-11 22:00:00+00:00,1.360652,44.0,0.0,0.40660380581833977,0.32135654796593194,0.24895943897157874,1.4273842573165894,1.3355180025100708,0.9088001251220703,1.079819917678833,1.9810298681259155,2.028332471847534
2019-06-11 21:15:00+00:00,2019-06-11 22:15:00+00:00,2.0039689999999997,65.0,0.022926,0.8965850712029868,0.7515795298183336,0.8165384263664331,1.5359574826965332,1.5491684945831299,1.116728571296692,1.1832245858917236,2.1057869466552734,2.23421111428833
2019-06-11 21:30:00+00:00,2019-06-11 22:30:00+00:00,2.645563,84.0,0.428559,1.2773198730453863,1.2183622041953683,1.095048180214891,2.013876015647888,1.9701319284286498,1.751503402694702,1.5932640380706786,2.5806762523498534,2.6827411002960204
2019-06-11 21:45:00+00:00,2019-06-11 22:45:00+00:00,3.133867,98.0,0.801459,2.303140825128664,1.9706858498183684,1.9902535515520785,2.616958782562256,2.28978805292511,2.4600483630981445,2.0865575527038573,3.0516041969146728,3.235456392654419
2019-06-11 22:00:00+00:00,2019-06-11 23:00:00+00:00,3.949094,120.0,1.360652,3.6575577406427633,3.024774511223365,2.9037579569698893,3.4027653041381836,2.953676730682373,3.2919650378723144,2.9237948956985473,3.8087961974639892,4.0524208846588134
2019-06-11 22:15:00+00:00,2019-06-11 23:15:00+00:00,4.547047,141.0,2.0039689999999997,4.477745201391768,3.406114464111762,3.5157358377554986,4.107452200073242,3.978087590354919,4.108783291000366,3.8103867036285397,4.717935369628906,4.942181633132934
2019-06-11 22:30:00+00:00,2019-06-11 23:30:00+00:00,4.920563,153.0,2.645563,6.416313382696099,4.655965107474114,4.9382742848867505,4.865080230987549,4.79786693409729,4.909044140136719,4.633757823265076,5.458777063644409,5.759689920700073
2019-06-11 22:45:00+00:00,2019-06-11 23:45:00+00:00,6.285344,194.0,3.133867,6.448010330900127,5.185149131744995,5.498347057903595,5.353647445098877,5.6334774240417484,5.510169480697632,5.34252235736084,5.969272826568604,6.543184493438721
2019-06-11 23:00:00+00:00,2019-06-12 00:00:00+00:00,9.300157,308.0,3.949094,7.918478560044154,5.491513790426977,6.3669878403845495,6.150509061950684,6.686986627716065,6.343268575805665,6.324489059585572,6.8389136220397955,7.58946699156189
2019-06-11 23:15:00+00:00,2019-06-12 00:15:00+00:00,5.989266000000001,191.0,4.547047,8.535814746976943,6.522104607363559,7.289324155816303,6.6958728838653565,7.487486462661743,6.996788363525391,7.006704907485962,7.461700539657593,8.392783026763915
2019-06-11 23:30:00+00:00,2019-06-12 00:30:00+00:00,7.439688,239.0,4.920563,8.511741263586522,6.803872995437904,7.276357391193491,7.048654812133789,7.887504118240356,7.446241396224975,7.458982246673584,7.671693580902099,8.966912048614502
2019-06-11 23:45:00+00:00,2019-06-12 00:45:00+00:00,8.879938000000001,270.0,6.285344,10.191101486532398,8.471230363632406,9.193503258743336,8.348224754470825,9.26334225668335,8.650679702896118,8.628837700027466,8.889445419448853,10.335410947937012
2019-06-12 00:00:00+00:00,2019-06-12 01:00:00+00:00,11.47672,374.0,9.300157,11.873033836763696,10.180968684816605,11.474930577006855,11.122183610374451,12.327472139770508,11.033091474945069,11.632037807876587,11.821398188049317,13.233613182479859
2019-06-12 00:15:00+00:00,2019-06-12 01:15:00+00:00,15.21144,514.0,5.989266000000001,10.673536489870918,9.418358022380756,9.574435751303312,7.879712901321412,9.594184241500855,7.986998758522034,8.651624045578004,9.190948567596436,10.595891080108643
2019-06-12 00:30:00+00:00,2019-06-12 01:30:00+00:00,17.716129000000002,580.0,7.439688,14.086283964352479,13.070028791552197,11.576797789612353,9.218778285301209,10.927407058990479,9.235356601989746,9.773225340164185,10.35658219746399,11.878784450805664
2019-06-12 00:45:00+00:00,2019-06-12 01:45:00+00:00,17.83119,571.0,8.879938000000001,14.418196809908403,13.415812606790665,11.778774858258627,10.544498675621034,12.146663540161134,10.357263439453126,10.888353460586549,11.1136125262146,13.128053062713624
2019-06-12 01:00:00+00:00,2019-06-12 02:00:00+00:00,13.04603,361.0,11.47672,15.835557930670014,13.807175956483702,11.89033691992946,12.8390406615448,14.51032676765442,12.36908831665039,13.072543764801026,13.106460476608277,15.375397349090576
2019-06-12 01:15:00+00:00,2019-06-12 02:15:00+00:00,18.686939,671.0,15.21144,17.38496011824975,16.550805303086435,15.184630823871828,15.963006410064697,17.641518744888305,15.187080010088682,15.99352428621292,16.026045057239532,17.86223927444458
2019-06-12 01:30:00+00:00,2019-06-12 02:30:00+00:00,19.226379,655.0,17.716129000000002,19.5068191692341,18.784054008429155,16.90571407349684,18.054020161441805,19.261370475105288,16.971477622798922,17.826863887421133,17.217771882823946,19.296431357673647
2019-06-12 01:45:00+00:00,2019-06-12 02:45:00+00:00,21.20738,766.0,17.83119,21.371950253395156,19.642185067214456,16.88836319007002,18.034753272953033,19.07329238456726,16.644736061515808,17.595370794358253,16.602839956703185,18.910158167304992
2019-06-12 02:00:00+00:00,2019-06-12 03:00:00+00:00,23.040939,769.0,13.04603,18.13769529290127,12.865209828263236,11.636083818395871,13.215823471693993,16.31040020301819,12.035189345626831,14.166938498764038,13.819349602012634,16.653869822769167
2019-06-12 02:15:00+00:00,2019-06-12 03:15:00+00:00,22.589001,759.0,18.686939,19.219583899878575,16.6045721980424,15.849844537396743,18.145475624908446,19.75423371683502,16.98822176348114,17.895051895488738,17.07005095373535,19.774185417999266
2019-06-12 02:30:00+00:00,2019-06-12 03:30:00+00:00,23.758869,793.0,19.226379,19.046266268654467,15.75585094001569,15.718291458485265,18.266652606777193,19.795560919097902,17.042774044326784,17.948890291503908,16.799964748672487,19.37383819406414
2019-06-12 02:45:00+00:00,2019-06-12 03:45:00+00:00,24.086129999999997,816.0,21.20738,20.513276787367747,16.788777994870255,16.77049991821667,19.607377234344483,20.90461528623581,18.46210640991211,18.879682961349488,17.593572083358765,19.838131967430115
2019-06-12 03:00:00+00:00,2019-06-12 04:00:00+00:00,24.99,829.0,23.040939,22.533053719871706,19.08329032922066,18.603004699475076,20.676192190994264,22.787728872646333,19.921982434143068,20.793706324447633,19.585211899627687,21.23750963484192
2019-06-12 03:15:00+00:00,2019-06-12 04:15:00+00:00,24.421249,805.0,22.589001,20.563724488043455,19.00025586776326,18.79237133775578,19.660568058563232,21.46115630872345,19.20414000756836,20.023169815612793,18.81962877519226,20.391585648132324
2019-06-12 03:30:00+00:00,2019-06-12 04:30:00+00:00,23.89888,779.0,23.758869,21.319055964816616,18.630283820526067,18.500158781644863,20.186483212036133,21.66962773374939,19.975198097747803,20.53922993711853,19.466416664642335,20.568935223144532
2019-06-12 03:45:00+00:00,2019-06-12 04:45:00+00:00,24.13163,799.0,24.086129999999997,20.98778955192495,17.731273098715384,17.298349602248962,20.100930548553464,20.5555587776947,19.96470913970947,20.209227896575925,18.811100817565915,20.012817240600583
2019-06-12 04:00:00+00:00,2019-06-12 05:00:00+00:00,24.553379,772.0,24.99,19.943981623238173,17.228353917693394,17.84811727027625,20.418431034088133,20.436613788604735,20.269610157012938,20.46178554534912,19.16812919616699,20.057576885223387
2019-06-12 04:15:00+00:00,2019-06-12 05:15:00+00:00,22.00144,723.0,24.421249,18.043641590905832,16.04574772195955,17.216140710059864,19.4718500055542,19.4925962366333,19.271555510925293,19.679658976959228,18.601019946502685,19.12548598425293
2019-06-12 04:30:00+00:00,2019-06-12 05:30:00+00:00,18.434059,607.0,23.89888,17.438961281295963,15.910642865469816,16.805180777875915,18.619006152038573,18.61352395523071,18.264571661834715,18.94229983795166,18.212076659088133,18.297695155029295
2019-06-12 04:45:00+00:00,2019-06-12 05:45:00+00:00,18.559629,501.0,24.13163,17.07591627999561,15.559343099918227,16.6349284268023,18.715541418914796,17.02417140853882,17.970634039764406,18.55249172103882,17.279761370544435,17.787660654907228
2019-06-12 05:00:00+00:00,2019-06-12 06:00:00+00:00,15.44069,485.0,24.553379,16.079764752447833,15.772562846454534,15.534360130626201,18.8101190932312,15.792409838012695,18.253867567352295,17.705652178100586,16.813310087493896,17.349880636505127
2019-06-12 05:15:00+00:00,2019-06-12 06:15:00+00:00,17.225691,546.0,22.00144,14.667885457329264,13.996158468208654,13.78416273690852,16.357974004211425,13.42640109008789,16.319440316619872,15.171214055480956,14.243905496063231,15.16234154647827
2019-06-12 05:30:00+00:00,2019-06-12 06:30:00+00:00,10.80494,342.0,18.434059,11.97833919015587,11.414037216725891,11.569082673436881,13.019257879241945,10.820803022369386,13.368826723083497,12.261699533447267,11.278429841979982,12.32554135321045
2019-06-12 05:45:00+00:00,2019-06-12 06:45:00+00:00,17.80538,569.0,18.559629,12.364950253166187,10.13738612996521,9.720430047990824,13.291827715209962,11.749429262451173,13.771159208587648,12.846362627319337,12.005352056793214,12.578212297729493
2019-06-12 06:00:00+00:00,2019-06-12 07:00:00+00:00,14.61819,453.0,15.44069,9.803162028885794,9.297522490944989,9.293589349552901,10.314704377593994,9.600301225128174,11.08711333984375,10.08603616470337,9.197454888763428,9.85848613494873
2019-06-12 06:15:00+00:00,2019-06-12 07:15:00+00:00,11.69634,338.0,17.225691,9.15270000991901,8.71315329443586,9.112233964812317,12.010179201141359,10.36027399636841,12.577528158203126,11.244264284149171,10.477578798309327,10.93689409829712
2019-06-12 06:30:00+00:00,2019-06-12 07:30:00+00:00,8.759406,268.0,10.80494,6.614871902353592,5.5149025174950665,5.6725380444747655,6.1705601362609865,6.365380540313721,6.938263192596436,6.5381724981689455,5.402663484039307,6.505247846069336
2019-06-12 06:45:00+00:00,2019-06-12 07:45:00+00:00,7.541407,228.0,17.80538,8.577874217742846,7.456087285373782,7.93545661391149,12.837149752502441,10.177027357940673,13.03385032546997,11.48201049697876,10.307192934875488,11.301554812316894
2019-06-12 07:00:00+00:00,2019-06-12 08:00:00+00:00,4.615844,143.0,14.61819,7.082759982320208,6.5744307784214415,6.952266256595023,9.860694119873047,8.016065308990479,10.302229115905762,8.27688951248169,7.619788834991455,8.207808682861328
2019-06-12 07:15:00+00:00,2019-06-12 08:15:00+00:00,3.21218,97.0,11.69634,4.992327919647885,5.436328902386044,5.55436053545818,7.39447585281372,6.301319515075683,7.97794285949707,6.137696658935546,5.5765251272583,6.16504470046997
2019-06-12 07:30:00+00:00,2019-06-12 08:30:00+00:00,3.158531,92.0,8.759406,3.877208434406502,3.9722097009211086,4.468417744037919,5.237854629379273,4.412756830078125,5.730327277999878,4.26762714944458,3.35162487588501,4.332507043701172
2019-06-12 07:45:00+00:00,2019-06-12 08:45:00+00:00,2.911727,85.0,7.541407,3.984077886338879,3.2756310344923114,3.876263542540075,4.396999012405396,4.14331735270691,4.765004288131714,3.561514984542847,2.5325178016967778,3.78342474597168
2019-06-12 08:00:00+00:00,2019-06-12 09:00:00+00:00,1.590859,46.0,4.615844,2.4351353543897387,2.4433888314871486,2.891134613090633,2.3132414704742432,2.6524734384002686,2.4904901868286133,1.3971466905059815,0.8671598321380616,1.666099060195923
2019-06-12 08:15:00+00:00,2019-06-12 09:15:00+00:00,1.250785,36.0,3.21218,2.018295600100694,2.51822403119804,2.4580695320140036,1.4391643816757203,2.061967712097168,1.3762490565109253,0.790577274017334,0.5216282421875,0.9972013050842286
2019-06-12 08:30:00+00:00,2019-06-12 09:30:00+00:00,0.916426,27.0,3.158531,0.8613134937912625,1.0691564835677076,1.0140163602268348,1.615744044166565,2.0439875620422363,1.3183343905029297,0.9336147802886963,0.6806266802368164,1.223277618270874
2019-06-12 08:45:00+00:00,2019-06-12 09:45:00+00:00,0.4479999999999999,14.0,2.911727,0.4165503577213683,0.5071467486328733,0.5930250324610296,1.6804970986862182,2.0633841044921875,1.1199158914108276,1.1898084170837402,1.1150012500305175,1.3123486526031494
2019-06-12 09:00:00+00:00,2019-06-12 10:00:00+00:00,0.299147,9.0,1.590859,0.007055018766983275,0.0,0.1769648456756154,0.7342737357940674,0.8461378257598877,0.0,0.1805637519683838,0.29457730463409426,0.23109394720458987
2019-06-12 09:15:00+00:00,2019-06-12 10:15:00+00:00,0.257298,9.0,1.250785,0.0,0.0,0.0,0.5449347564315796,0.5163554021453858,0.0,0.07488775936126713,0.16035271373748783,0.05547047344207767
2019-06-12 09:30:00+00:00,2019-06-12 10:30:00+00:00,0.161926,7.0,0.916426,0.0,0.0,0.0,0.2615271180877685,0.09492170512771603,0.0,0.0,0.0,0.0
2019-06-12 09:45:00+00:00,2019-06-12 10:45:00+00:00,0.029749,4.0,0.4479999999999999,0.0,0.0,0.0,0.0,0.0,0.0,0.0,0.0,0.0
2019-06-12 10:00:00+00:00,2019-06-12 11:00:00+00:00,0.042898,5.0,0.299147,0.0,0.0,0.0,0.0,0.0,0.0,0.0,0.0,0.0
2019-06-12 10:15:00+00:00,2019-06-12 11:15:00+00:00,0.042025,3.0,0.257298,0.0,0.0,0.0,0.0,0.0,0.0,0.0,0.0,0.0
2019-06-12 10:30:00+00:00,2019-06-12 11:30:00+00:00,0.0,1.0,0.161926,0.0,0.0,0.0,0.0,0.0,0.0,0.0,0.0,0.0
2019-06-12 10:45:00+00:00,2019-06-12 11:45:00+00:00,0.0,0.0,0.029749,0.0,0.0,0.0,0.0,0.0,0.0,0.0,0.0,0.0
2019-06-12 11:00:00+00:00,2019-06-12 12:00:00+00:00,0.0,0.0,0.042898,0.0,0.0,0.0,0.0,0.0,0.0,0.0,0.0,0.0
2019-06-12 11:15:00+00:00,2019-06-12 12:15:00+00:00,0.0,0.0,0.042025,0.0,0.0,0.0,0.0,0.0,0.0,0.0,0.0,0.0
2019-06-12 11:30:00+00:00,2019-06-12 12:30:00+00:00,0.0,0.0,0.0,0.0,0.17026418807857985,0.0,0.0,0.0,0.0,0.0,0.0,0.0
2019-06-12 11:45:00+00:00,2019-06-12 12:45:00+00:00,0.0,0.0,0.0,0.0,0.12739069214831208,0.0,0.0,0.0,0.0,0.0,0.0,0.0
2019-06-12 12:00:00+00:00,2019-06-12 13:00:00+00:00,0.0,0.0,0.0,0.0,0.3084580781498805,0.08075269618492426,0.0,0.0,0.0,0.0,0.0,0.0
2019-06-12 12:15:00+00:00,2019-06-12 13:15:00+00:00,0.0,0.0,0.0,0.0,0.3084580781498805,0.0,0.0,0.0,0.0,0.0,0.0,0.0
2019-06-12 12:30:00+00:00,2019-06-12 13:30:00+00:00,0.0,0.0,0.0,0.0,0.3855032814027189,0.0,0.0,0.0,0.0,0.0,0.0,0.0
2019-06-12 12:45:00+00:00,2019-06-12 13:45:00+00:00,0.0,0.0,0.0,0.0,0.3855032814027189,0.0,0.0,0.0,0.0,0.0,0.0,0.0
2019-06-12 13:00:00+00:00,2019-06-12 14:00:00+00:00,0.0,0.0,0.0,0.0,0.3182418971386414,0.011797877660892771,0.0,0.0,0.0,0.0,0.0,0.0
2019-06-12 13:15:00+00:00,2019-06-12 14:15:00+00:00,0.0,0.0,0.0,0.0,0.3182418971386414,0.011797877660892771,0.0,0.0,0.0,0.0,0.0,0.0
2019-06-12 13:30:00+00:00,2019-06-12 14:30:00+00:00,0.0,0.0,0.0,0.0,0.3182418971386414,0.011797877660892771,0.0,0.0,0.0,0.0,0.0,0.0
2019-06-12 13:45:00+00:00,2019-06-12 14:45:00+00:00,0.0,0.0,0.0,0.0,0.3182418971386414,0.011797877660892771,0.0,0.0,0.0,0.0,0.0,0.0
2019-06-12 14:00:00+00:00,2019-06-12 15:00:00+00:00,0.0,0.0,0.0,0.0,0.09863304413980148,0.0,0.0,0.0,0.0,0.0,0.0,0.0
2019-06-12 14:15:00+00:00,2019-06-12 15:15:00+00:00,0.0,0.0,0.0,0.0,0.09058493311012389,0.0,0.0,0.0,0.0,0.0,0.0,0.0
2019-06-12 14:30:00+00:00,2019-06-12 15:30:00+00:00,0.0,0.0,0.0,0.014587285508134748,0.09058493311012389,0.0,0.0,0.0,0.0,0.0,0.0,0.0
2019-06-12 14:45:00+00:00,2019-06-12 15:45:00+00:00,0.0,0.0,0.0,0.02826431805824549,0.09624731107142602,0.0,0.0,0.0,0.0,0.0,0.0,0.0
2019-06-12 15:00:00+00:00,2019-06-12 16:00:00+00:00,0.0,0.0,0.0,0.021917555517739114,0.08293094227942369,0.0,0.0,0.0,0.0,0.0,0.0,0.0
2019-06-12 15:15:00+00:00,2019-06-12 16:15:00+00:00,0.0,0.0,0.0,0.02826431805824549,0.08695121680053641,0.0,0.0,0.0,0.0,0.0,0.0,0.0
2019-06-12 15:30:00+00:00,2019-06-12 16:30:00+00:00,0.0,0.0,0.0,0.02826431805824549,0.11434953054916454,0.0,0.0,0.0,0.0,0.0,0.0068592047318816185,0.0
2019-06-12 15:45:00+00:00,2019-06-12 16:45:00+00:00,0.0,0.0,0.0,0.02826431805824549,0.11434953054916454,0.0,0.0,0.0,0.0,0.0,0.1726897656917572,0.0
2019-06-12 16:00:00+00:00,2019-06-12 17:00:00+00:00,0.0,0.0,0.0,0.0,0.06672391947987391,0.0,0.0,0.0,0.0,0.0,0.2076868861913681,0.0
2019-06-12 16:15:00+00:00,2019-06-12 17:15:00+00:00,0.0,0.0,0.0,0.0,0.06672391947987391,0.0,0.0,0.0,0.0,0.0,0.33207324147224426,0.0
2019-06-12 16:30:00+00:00,2019-06-12 17:30:00+00:00,0.0,0.0,0.0,0.0,0.06672391947987391,0.0,0.043872132897377014,0.0,0.0,0.0,0.4494491517543793,0.0
2019-06-12 16:45:00+00:00,2019-06-12 17:45:00+00:00,0.0,0.0,0.0,0.0,0.06672391947987391,0.0,0.15918800234794617,0.0,0.0,0.0,0.6659812927246094,0.0
2019-06-12 17:00:00+00:00,2019-06-12 18:00:00+00:00,0.0,0.0,0.0,0.0,0.06672391947987391,0.0,0.2491968721151352,0.0,0.0,0.0,0.6697043180465698,0.016007782891392708
2019-06-12 17:15:00+00:00,2019-06-12 18:15:00+00:00,0.0,0.0,0.0,0.0,0.06672391947987391,0.0,0.2935728132724762,0.0,0.0,0.0,0.7630153298377991,0.24607756733894348
2019-06-12 17:30:00+00:00,2019-06-12 18:30:00+00:00,0.0,0.0,0.0,0.0,0.06672391947987391,0.0,0.3575296401977539,0.0,0.0,0.11495422571897507,0.8458160758018494,0.39819902181625366
2019-06-12 17:45:00+00:00,2019-06-12 18:45:00+00:00,0.0,0.0,0.0,0.0,0.06672391947987391,0.0,0.44945278763771057,0.0,0.0,0.1588345170021057,0.8306688666343689,0.4482874274253845
2019-06-12 18:00:00+00:00,2019-06-12 19:00:00+00:00,0.0,0.0,0.0,0.02826431805824549,0.058919705031709776,0.0,0.560312807559967,0.0,0.0,0.11171185225248337,0.9871033430099487,0.4693737328052521
2019-06-12 18:15:00+00:00,2019-06-12 19:15:00+00:00,0.0,0.0,0.0,0.02826431805824549,0.058919705031709776,0.0,0.7240321636199951,0.0,0.0,0.2562558054924011,1.0773084163665771,0.5797305703163147
2019-06-12 18:30:00+00:00,2019-06-12 19:30:00+00:00,0.0,0.0,0.0,0.0,0.058919705031709776,0.0,0.8442011475563049,0.0,0.0,0.3045848608016968,1.2470440864562988,0.6774086356163025
2019-06-12 18:45:00+00:00,2019-06-12 19:45:00+00:00,0.0,0.0,0.0,0.0,0.058919705031709776,0.0,0.9405097365379333,0.0,0.1187649667263031,0.371399462223053,1.369067668914795,0.7737306356430054
2019-06-12 19:00:00+00:00,2019-06-12 20:00:00+00:00,0.0,0.0,0.0,0.0,0.06672391947987391,0.0,1.0585906505584717,0.0,0.21857638657093048,0.43545854091644287,1.5190526247024536,0.8702051043510437
2019-06-12 19:15:00+00:00,2019-06-12 20:15:00+00:00,0.0,0.0,0.0,0.0,0.06672391947987391,0.0,1.178560495376587,0.0,0.34458300471305847,0.49644598364830017,1.6839900016784668,1.0597888231277466
2019-06-12 19:30:00+00:00,2019-06-12 20:30:00+00:00,0.0,0.0,0.0,0.0,0.06672391947987391,0.0,1.2752565145492554,0.0,0.4971890151500702,0.5740086436271667,1.7040231227874756,1.178314447402954
2019-06-12 19:45:00+00:00,2019-06-12 20:45:00+00:00,0.0,0.0,0.0,0.0,0.06672391947987391,0.0,1.399320125579834,0.00920763798058033,0.6794646382331848,0.6880573630332947,1.7174569368362427,1.3524788618087769
2019-06-12 20:00:00+00:00,2019-06-12 21:00:00+00:00,0.0,0.0,0.0,0.0,0.08825372721118399,0.0,1.5133845806121826,0.20481903851032257,0.8687410950660706,0.7549498081207275,1.8584768772125244,1.5807833671569824
2019-06-12 20:15:00+00:00,2019-06-12 21:15:00+00:00,0.064569,7.0,0.0,0.0,0.08825372721118399,0.0,1.6289193630218506,0.30860021710395813,1.0550042390823364,0.82872074842453,1.9321811199188232,1.785753607749939
2019-06-12 20:30:00+00:00,2019-06-12 21:30:00+00:00,0.352939,13.0,0.0,0.0,0.09701764946389767,0.0,1.7407290935516357,0.44912537932395935,1.2727597951889038,0.9464519619941711,1.998511791229248,2.05790376663208
2019-06-12 20:45:00+00:00,2019-06-12 21:45:00+00:00,0.613471,21.0,0.0,0.0,0.17795895199031847,0.10358371295544504,1.8185780048370361,0.6304807066917419,1.4951584339141846,1.104047179222107,2.0913851261138916,2.3519468307495117
2019-06-12 21:00:00+00:00,2019-06-12 22:00:00+00:00,1.034277,33.0,0.0,0.08714419459783289,0.3429320596676229,0.3048746219696547,1.8942784070968628,0.8191402554512024,1.6759016513824463,1.1165478229522705,2.250896692276001,2.5595550537109375
2019-06-12 21:15:00+00:00,2019-06-12 22:15:00+00:00,1.681395,51.0,0.064569,1.0703216380283913,1.0154549103379023,0.9071445031702633,2.038069967025757,1.054319921726227,1.895744446510315,1.2547372615280152,2.481802228683472,2.7855382001342774
2019-06-12 21:30:00+00:00,2019-06-12 22:30:00+00:00,2.4110080000000003,74.0,0.352939,1.1596018381248425,1.2842178315741761,1.189814055674652,2.4208131931915284,1.384051551689148,2.378707518447876,1.6869259976043702,2.7568780087127687,3.1471615933074952
2019-06-12 21:45:00+00:00,2019-06-12 22:45:00+00:00,3.514383,111.0,0.613471,1.9266153214056247,1.977715824449751,1.8624025804614728,2.8309874222717286,1.8684842274627687,2.8329374478302003,2.149244754119873,3.2025694535217286,3.6814911053619386
2019-06-12 22:00:00+00:00,2019-06-12 23:00:00+00:00,4.879875,156.0,1.034277,2.902129319494643,1.973474226081755,1.7551887020027854,3.4573393245239257,2.3899250407714843,3.353173770477295,2.838676490356445,3.914010085632324,4.450454034378051
2019-06-12 22:15:00+00:00,2019-06-12 23:15:00+00:00,4.837328,156.0,1.681395,4.936998634125603,3.4815511398781354,3.590624914909567,4.234349196929932,3.03657192565918,4.192465251464844,3.6518557725143435,4.650769179840088,5.277335589904785
2019-06-12 22:30:00+00:00,2019-06-12 23:30:00+00:00,6.093281,176.0,2.4110080000000003,6.257690052631045,4.53582827561823,4.662026038409483,5.049814343078614,3.9651731248931887,5.0843402143554695,4.45076858959961,5.59586775265503,6.148805975540162
2019-06-12 22:45:00+00:00,2019-06-12 23:45:00+00:00,4.141375,121.0,3.514383,7.172578104470768,5.373892746237321,6.09221040930154,6.290759962661744,5.062463444335938,6.379461449249268,5.657491367919922,6.733740013702393,7.4251918016510015
2019-06-12 23:00:00+00:00,2019-06-13 00:00:00+00:00,6.066922,173.0,4.879875,8.790965279742794,6.230881216439371,7.17885839549609,7.786062534332276,6.356939967155457,7.786104019165039,7.317971523284912,8.037929828643799,8.999708946228028
2019-06-12 23:15:00+00:00,2019-06-13 00:15:00+00:00,7.100188,211.0,4.837328,10.13636778391239,7.220637329560648,8.076982177996502,7.856689972808838,6.49932853691864,7.899958414962769,7.47794513218689,8.16624645703125,9.167808098724365
2019-06-12 23:30:00+00:00,2019-06-13 00:30:00+00:00,7.051297,215.0,6.093281,11.45801784042625,8.53280240499553,9.249926663577389,9.200763194900514,7.665481059890747,9.18707629953003,8.670612066131593,9.163157909255983,10.446881025177003
2019-06-12 23:45:00+00:00,2019-06-13 00:45:00+00:00,4.397094,138.0,4.141375,9.7769138506283,7.203006693313196,7.710079472527476,7.379101211547852,6.421030933380127,7.5082122631073,7.000392848968506,7.783933813095093,8.92711489868164
2019-06-13 00:00:00+00:00,2019-06-13 01:00:00+00:00,5.850906,162.0,6.066922,11.540768693835966,10.002588358587952,10.38749611290155,9.280894568511963,8.519859364578247,9.160131505081177,9.354703238555908,9.966037324020386,11.326978972503662
2019-06-13 00:15:00+00:00,2019-06-13 01:15:00+00:00,7.8505,225.0,7.100188,12.50962588053008,11.06142439149142,11.068346726805357,10.260233146942138,9.345669252670287,10.002496702468871,10.214696152008056,10.640825731552123,12.284262878692626
2019-06-13 00:30:00+00:00,2019-06-13 01:30:00+00:00,13.20025,355.0,7.051297,13.635185090149118,12.550317896918592,11.201731420045157,10.224316886016846,9.616524031707764,9.996670773574829,10.085614970275879,10.772187283584595,12.301115801879883
2019-06-13 00:45:00+00:00,2019-06-13 01:45:00+00:00,13.60494,445.0,4.397094,11.523595855778153,10.224604277620488,9.126948350703058,7.639182317871094,7.900766122955322,7.752200353759766,7.664320457595825,9.171119917053222,10.305186498779296
2019-06-13 01:00:00+00:00,2019-06-13 02:00:00+00:00,7.681625,238.0,5.850906,10.76230387869167,9.745398491080103,8.351723596423378,8.868975505691528,9.126088008743286,9.043188438278198,9.582070693832398,10.304025277954102,12.009247407775879
2019-06-13 01:15:00+00:00,2019-06-13 02:15:00+00:00,4.8717809999999995,142.0,7.8505,11.468398102035485,11.070109374831326,10.729814915906024,10.678379905700684,10.277208459854126,10.646407020568848,10.690489185333252,11.375305307388306,13.13085831451416
2019-06-13 01:30:00+00:00,2019-06-13 02:30:00+00:00,4.870578,133.0,13.20025,13.031285557696084,12.833395358567362,14.453999954858856,15.813665241241456,14.658569067955018,15.258856624603272,14.764358848571778,14.956721633911133,16.356495946884156
2019-06-13 01:45:00+00:00,2019-06-13 02:45:00+00:00,7.388063000000001,201.0,13.60494,13.431375736284147,13.543193836390897,14.773840148973973,15.73744708580017,14.677300038757323,14.942273917617797,14.393129888000487,14.293540361347198,15.987386765899657
2019-06-13 02:00:00+00:00,2019-06-13 03:00:00+00:00,10.906,330.0,7.681625,14.474419002330626,14.037288843092808,12.948658630918379,10.140053144454956,11.665277830123902,10.04262959098816,10.799373498916626,11.199735036849976,13.333198181152344
2019-06-13 02:15:00+00:00,2019-06-13 03:15:00+00:00,9.524813,287.0,4.8717809999999995,10.562827108817666,11.382827970156267,9.268169008602085,7.5825589979705805,8.664214500289916,8.041168340545653,8.5749744261322,9.773928769927977,11.540642865997313
2019-06-13 02:30:00+00:00,2019-06-13 03:30:00+00:00,8.338094,247.0,4.870578,10.12911269337087,10.718617655450577,8.990992448150879,7.5953363866119386,8.007871100357056,8.136307188919067,8.732397982528687,9.980508992126465,11.861183354309082
2019-06-13 02:45:00+00:00,2019-06-13 03:45:00+00:00,5.899141,174.0,7.388063000000001,10.139016942363707,12.065949925108079,11.668030506806552,9.940900371826173,9.22927872971344,10.200152443206788,10.363746450698853,11.066091583526612,13.287504719055176
2019-06-13 03:00:00+00:00,2019-06-13 04:00:00+00:00,10.18391,279.0,10.906,12.10431980882425,14.526716886632125,14.417761406398972,13.088467460632325,11.810365062713624,12.629964095115662,13.673056465148926,13.491694789886475,16.820029121398925
2019-06-13 03:15:00+00:00,2019-06-13 04:15:00+00:00,16.109189999999998,521.0,9.524813,11.238737449407534,14.46823480085076,13.893074572130594,11.328999582565308,10.474457148349762,10.934607926643372,12.141879383361816,11.904922786987305,15.635937038696289
2019-06-13 03:30:00+00:00,2019-06-13 04:30:00+00:00,28.241940000000003,903.0,8.338094,12.27251088541748,14.952976437714618,14.556482502579188,10.07395768560791,9.293227020877838,9.757894281524658,11.113087181228638,10.847524646896362,14.47480750479126
2019-06-13 03:45:00+00:00,2019-06-13 04:45:00+00:00,17.57481,545.0,5.899141,7.90300658150353,11.93706774674313,10.522034951971053,7.534288452354431,7.549110100952149,7.389389918533325,8.694998429504395,9.364084408966065,12.25626294442749
2019-06-13 04:00:00+00:00,2019-06-13 05:00:00+00:00,19.22681,653.0,10.18391,9.178761549797152,12.58075270537486,12.00164606294887,11.191078054580688,11.087194549713134,10.747281181488036,12.080307471427917,12.091734754714965,15.283859359893798
2019-06-13 04:15:00+00:00,2019-06-13 05:15:00+00:00,15.21888,470.0,16.109189999999998,12.417636626541281,15.027170839901405,15.263835976704112,16.414753062429426,14.303361309471128,15.056256545486448,15.863007513585089,14.795273078384398,17.56422032207489
2019-06-13 04:30:00+00:00,2019-06-13 05:30:00+00:00,13.10859,467.0,28.241940000000003,18.371544610753237,21.00683676666359,21.469366219219783,27.32267747158051,22.753376939239505,25.375436761322025,25.188863017501834,23.904553391876224,25.038068034591678
2019-06-13 04:45:00+00:00,2019-06-13 05:45:00+00:00,9.959688,322.0,17.57481,15.358783659735485,16.705673987463246,17.42297678375885,16.372928710517883,14.887681932983398,14.281137438354492,16.0806054788208,14.67286417060852,16.76277467781067
2019-06-13 05:00:00+00:00,2019-06-13 06:00:00+00:00,7.622781,227.0,19.22681,14.616895859581987,15.441789170535596,18.19918170279834,17.09908439880371,16.273596069869996,15.381078503189087,17.131500980911255,16.054049513397217,17.660320184288025
2019-06-13 05:15:00+00:00,2019-06-13 06:15:00+00:00,18.694811,254.0,15.21888,11.784055709593229,12.020791560519816,15.212001552195023,12.917533221130372,13.405894937400818,11.546899618988038,14.112140717391968,13.145190539245606,14.776916327362061
2019-06-13 05:30:00+00:00,2019-06-13 06:30:00+00:00,24.247560999999997,737.0,13.10859,11.609772044663139,11.39951812675111,14.43400897613973,10.437899463500976,12.104060523834228,9.709654682006835,12.021441214408874,11.450361245002746,13.102737477671504
2019-06-13 05:45:00+00:00,2019-06-13 06:45:00+00:00,17.70956,592.0,9.959688,8.059071793427751,6.615536835151261,9.617223803524727,7.266378454483032,10.099337838209152,7.433492473876953,9.608413867271423,9.429543904579162,11.131367615974426
2019-06-13 06:00:00+00:00,2019-06-13 07:00:00+00:00,10.1885,332.0,7.622781,7.173913143850278,6.793054049284688,8.410247775666983,5.29332109437561,7.98287381873703,5.739316902023315,7.637074598942458,7.666481654059648,8.845733604293823
2019-06-13 06:15:00+00:00,2019-06-13 07:15:00+00:00,11.79369,340.0,18.694811,7.396100404354128,5.30079459673428,6.423740784852996,15.812444342742921,16.02205790437317,15.992414607177736,16.938098086486818,16.42754138864136,16.767497433792116
2019-06-13 06:30:00+00:00,2019-06-13 07:30:00+00:00,2.775664,92.0,24.247560999999997,12.682154865591636,11.802099740048366,12.428072079454564,20.50384166062927,17.593944094787595,19.85789825738525,19.716256640563962,18.30230047525024,18.74967005075073
2019-06-13 06:45:00+00:00,2019-06-13 07:45:00+00:00,1.2242620000000002,39.0,17.70956,9.95654139505422,9.43295815330052,10.49544198912263,13.60171898513794,11.417100035247802,12.80393894821167,13.094629847106933,11.892508112487793,12.136331640777588
2019-06-13 07:00:00+00:00,2019-06-13 08:00:00+00:00,0.61142,22.0,10.1885,7.390732267616987,6.257059810760438,7.760920653999558,6.6476088294982905,5.093092990875244,6.240664316177368,6.575004173278808,5.6245933303833,5.763294769287109
2019-06-13 07:15:00+00:00,2019-06-13 08:15:00+00:00,0.281477,10.0,11.79369,5.649394004219403,4.02719034089685,5.643977985818491,8.231825862350464,6.655330930175781,7.636873040618896,7.903341803970337,7.172051225128174,6.897193704071045
2019-06-13 07:30:00+00:00,2019-06-13 08:30:00+00:00,0.184201,9.0,2.775664,4.102736324588691,1.9593651329300927,3.7305744345882417,0.41078486868286124,1.6640671772613524,0.49394884535217276,1.8820936960830688,1.1842297596588134,1.2058384699478149
2019-06-13 07:45:00+00:00,2019-06-13 08:45:00+00:00,0.22428,9.0,1.2242620000000002,1.749023863513902,0.4672275828699848,2.07881674130591,0.0,0.5484715708847048,0.0,1.3478124373908045,0.11949515429687518,0.6494736084098818
2019-06-13 08:00:00+00:00,2019-06-13 09:00:00+00:00,0.180394,7.0,0.61142,1.0092592363327462,0.5047841915655703,1.6607014436190055,0.0,0.0,0.0,0.6843033898901939,0.0,0.0
2019-06-13 08:15:00+00:00,2019-06-13 09:15:00+00:00,0.200744,8.0,0.281477,1.251978561555097,0.6587336901564138,1.8421933292039858,0.0,0.0,0.0,0.12640447485637663,0.0,0.0
2019-06-13 08:30:00+00:00,2019-06-13 09:30:00+00:00,0.786297,23.0,0.184201,0.3394557163744057,0.0,0.7916612020217317,0.0,0.0,0.0,0.754331467414856,0.12943443071341515,0.012138632799148563
2019-06-13 08:45:00+00:00,2019-06-13 09:45:00+00:00,2.339914,66.0,0.22428,0.3103651055709012,0.0,0.6095909546901931,0.0,0.0,0.0,0.8436916473197937,0.0,0.0
2019-06-13 09:00:00+00:00,2019-06-13 10:00:00+00:00,2.513219,75.0,0.180394,0.20304405270103287,0.20129790204504933,0.949891823399906,0.0,0.0,0.0,0.4080989571275711,0.0,0.0
2019-06-13 09:15:00+00:00,2019-06-13 10:15:00+00:00,2.759969,87.0,0.200744,0.02507026375850468,0.0,0.5883188951280209,0.0,0.0,0.0,0.5189776390018463,0.0,0.0
2019-06-13 09:30:00+00:00,2019-06-13 10:30:00+00:00,2.144352,70.0,0.786297,0.0005931370470344849,0.0,0.45703651000025886,0.21350226456832888,0.0,0.0,0.8847996955604553,0.18960342461776736,0.31553781683158877
2019-06-13 09:45:00+00:00,2019-06-13 10:45:00+00:00,1.512137,50.0,2.339914,0.0,0.0,0.4932346722176104,1.6525379776611326,0.1134690403594969,0.5345033764495848,2.1398162006988524,0.9447220921173094,1.237245118583679
2019-06-13 10:00:00+00:00,2019-06-13 11:00:00+00:00,0.989297,32.0,2.513219,0.0,0.0,0.21951608133302145,1.5733754049720763,0.0,0.3675788651885985,1.5874583732070922,0.8136324893417357,1.0906944285812377
2019-06-13 10:15:00+00:00,2019-06-13 11:15:00+00:00,0.5718260000000001,18.0,2.759969,0.0,0.0,0.2747151458141766,1.8302887121620177,0.008211616653442277,0.6580290833892821,1.7218451539459227,1.0718975106658934,1.2537394801559447
2019-06-13 10:30:00+00:00,2019-06-13 11:30:00+00:00,0.214778,7.0,2.144352,0.0,0.0,0.05545144489738268,1.028307478668213,0.0,0.0,0.820019405128479,0.6463910748977661,0.5142757108230591
2019-06-13 10:45:00+00:00,2019-06-13 11:45:00+00:00,0.0,0.0,1.512137,0.0,0.0,0.05356826307315495,0.5506936949844361,0.0,0.0,0.6678144973869324,0.15611797991943366,0.060551707183837955
2019-06-13 11:00:00+00:00,2019-06-13 12:00:00+00:00,0.0,0.0,0.989297,0.0,0.0,0.11296811314336809,0.23128738743972777,0.0,0.0,0.0,0.0,0.0
2019-06-13 11:15:00+00:00,2019-06-13 12:15:00+00:00,0.0,0.0,0.5718260000000001,0.0,0.0,0.24700128816465652,0.0,0.0,0.0,0.0,0.0,0.0
2019-06-13 11:30:00+00:00,2019-06-13 12:30:00+00:00,0.0,0.0,0.214778,0.0,0.0,0.25182586099858156,0.0,0.0,0.0,0.0,0.0,0.0
2019-06-13 11:45:00+00:00,2019-06-13 12:45:00+00:00,0.0,0.0,0.0,0.0,0.0,0.11921978393591513,0.0,0.0,0.0,0.0,0.0,0.0
2019-06-13 12:00:00+00:00,2019-06-13 13:00:00+00:00,0.0,0.0,0.0,0.0,0.0,0.028063748287286548,0.0,0.0,0.0,0.0,0.12345141917467117,0.0
2019-06-13 12:15:00+00:00,2019-06-13 13:15:00+00:00,0.0,0.0,0.0,0.0,0.08250458325292898,0.028063748287286548,0.0008731845300644636,0.0,0.0,0.0,0.15763507783412933,0.0
2019-06-13 12:30:00+00:00,2019-06-13 13:30:00+00:00,0.0,0.0,0.0,0.0,0.08250458325292898,0.028063748287286548,0.1060948520898819,0.0,0.0,0.0,0.0,0.0
2019-06-13 12:45:00+00:00,2019-06-13 13:45:00+00:00,0.0,0.0,0.0,0.0,0.08250458325292898,0.028063748287286548,0.20613566040992737,0.0,0.0,0.0,0.0,0.0
2019-06-13 13:00:00+00:00,2019-06-13 14:00:00+00:00,0.0,0.0,0.0,0.0,0.08250458325292898,0.0,0.3154056668281555,0.0,0.0,0.0,0.0,0.0
2019-06-13 13:15:00+00:00,2019-06-13 14:15:00+00:00,0.0,0.0,0.0,0.0,0.08250458325292898,0.013034608040761507,0.4281887412071228,0.0,0.0,0.0,0.0,0.0
2019-06-13 13:30:00+00:00,2019-06-13 14:30:00+00:00,0.0,0.0,0.0,0.0,0.08250458325292898,0.013034608040761507,0.5204321146011353,0.0,0.0,0.0,0.014458687044680119,0.0
2019-06-13 13:45:00+00:00,2019-06-13 14:45:00+00:00,0.0,0.0,0.0,0.0,0.08250458325292898,0.013034608040761507,0.6043776273727417,0.0,0.0,0.0,0.23107130825519562,0.0
2019-06-13 14:00:00+00:00,2019-06-13 15:00:00+00:00,0.0,0.0,0.0,0.0,0.08250458325292898,0.04543535996526439,0.6659383177757263,0.0,0.0,0.0,0.3206211030483246,0.0
2019-06-13 14:15:00+00:00,2019-06-13 15:15:00+00:00,0.0,0.0,0.0,0.0,0.08250458325292898,0.04543535996526439,0.7331124544143677,0.0,0.0,0.0,0.21097984910011292,0.0
2019-06-13 14:30:00+00:00,2019-06-13 15:30:00+00:00,0.0,0.0,0.0,0.0,0.08250458325292898,0.0495951586211951,0.8399491310119629,0.0,0.0,0.0,0.36579376459121704,0.0
2019-06-13 14:45:00+00:00,2019-06-13 15:45:00+00:00,0.0,0.0,0.0,0.0,0.08250458325292898,0.04543535996526439,0.9208271503448486,0.0,0.0,0.0,0.48018956184387207,0.0
