origin_utc,target_utc,actual_MW,target_irradiance_Wm2,persistence_seed0,GRU_local_seed17,GRU_local_seed42,GRU_local_seed2026,GRU_local_surface_seed17,GRU_local_surface_seed42,GRU_local_surface_seed2026,GRU_local_surface_pressure_seed17,GRU_local_surface_pressure_seed42,GRU_local_surface_pressure_seed2026
2019-05-30 00:00:00+00:00,2019-05-30 00:15:00+00:00,12.23578,420.0,9.728907,10.282102714950561,10.403295885498046,10.72274083989334,10.83556712763977,11.359305511886596,11.104755531723022,10.927025209838867,11.03255654471588,11.299716125900268
2019-05-30 00:15:00+00:00,2019-05-30 00:30:00+00:00,13.28316,438.0,12.23578,12.71855571797371,12.82278180053711,12.821137129573822,13.493771671562195,13.710584878234863,13.215321540145874,13.360697387962341,13.16650772026062,13.361632465629578
2019-05-30 00:30:00+00:00,2019-05-30 00:45:00+00:00,15.70931,526.0,13.28316,14.050071566257477,14.40916302696228,14.182817547473908,14.670092134628296,14.945631652030945,14.369430928382874,14.41389754310608,14.469297557029725,14.187742142829896
2019-05-30 00:45:00+00:00,2019-05-30 01:00:00+00:00,15.1655,499.0,15.70931,15.651621458289624,16.200834517536165,15.774171476421357,16.34064990764618,16.588588957843783,15.821687099692822,15.909600113687516,15.82112578040123,16.067347233352663
2019-05-30 01:00:00+00:00,2019-05-30 01:15:00+00:00,16.211559,507.0,15.1655,15.801746681213379,16.238462164878847,15.864564552783966,16.245709374427797,16.5787878780365,16.024226978302003,16.214590027809145,16.636459305763246,15.977352753162384
2019-05-30 01:15:00+00:00,2019-05-30 01:30:00+00:00,17.07081,555.0,16.211559,16.95152586935425,17.562218489631654,17.012639822944642,17.595668139442445,17.728517117485048,17.064441087230684,17.197686555370332,17.479396405204774,17.08433115719223
2019-05-30 01:30:00+00:00,2019-05-30 01:45:00+00:00,19.160749,598.0,17.07081,17.505108038482668,18.309629122314455,17.67991511016846,18.473911205825807,18.211408297119142,17.51231894880295,17.982482472953798,17.964593867359163,17.780619720516206
2019-05-30 01:45:00+00:00,2019-05-30 02:00:00+00:00,21.60331,718.0,19.160749,19.899632674144744,20.872027557777404,19.873992305683135,21.042100828575133,20.24487690298462,19.41578374473953,19.818195444034576,19.721424382614135,19.739025634216308
2019-05-30 02:00:00+00:00,2019-05-30 02:15:00+00:00,23.058439,752.0,21.60331,22.305602561531067,22.560870896873475,22.302276920375824,23.810974251327515,23.107289921340943,22.445976745185853,22.20385051876068,22.418723415431977,22.30876607805252
2019-05-30 02:15:00+00:00,2019-05-30 02:30:00+00:00,15.94644,514.0,23.058439,22.898078544487,23.33440504824066,23.133825486947536,24.75035439287567,24.230262978424072,23.53732906137848,23.612426979888916,23.25676792715931,23.76219580923462
2019-05-30 02:30:00+00:00,2019-05-30 02:45:00+00:00,19.848061,626.0,15.94644,17.631945986213687,18.300377387466433,18.124200362625125,18.994566697540286,18.47156073516846,18.174882668914798,17.584190029563906,17.439379949035647,18.4193301386261
2019-05-30 02:45:00+00:00,2019-05-30 03:00:00+00:00,11.49619,378.0,19.848061,19.541028534065248,19.997280378829004,19.445233349691392,21.033687029968263,20.736537073741914,20.05114405323124,20.268390600572587,20.043823515068055,20.93862644303894
2019-05-30 03:00:00+00:00,2019-05-30 03:15:00+00:00,27.31225,898.0,11.49619,13.562585998001099,14.321516204299927,13.918469119491578,15.37401096862793,14.604065347137452,14.912507701339722,14.003550696792603,14.069101262512207,15.830548215332032
2019-05-30 03:15:00+00:00,2019-05-30 03:30:00+00:00,22.662939,593.0,27.31225,24.475844484329222,24.04187474822998,24.29309497451782,25.921158295631407,26.01661418056488,26.209980350494384,26.37466863965988,26.02633188343048,27.24483077651262
2019-05-30 03:30:00+00:00,2019-05-30 03:45:00+00:00,24.052,785.0,22.662939,21.692283260692598,21.83042221056366,21.961229073871614,24.166889834274293,23.535865056385042,23.395973729957582,23.155550885070802,23.085140037406923,24.134039807189943
2019-05-30 03:45:00+00:00,2019-05-30 04:00:00+00:00,27.84075,995.0,24.052,22.142580582618713,22.2652009267807,22.267266942977905,23.59955988717079,23.89638554942608,23.634053035497665,23.433123483181,23.50624771308899,24.154445513010025
2019-05-30 04:00:00+00:00,2019-05-30 04:15:00+00:00,19.74044,613.0,27.84075,24.586561462402344,24.571629545211792,24.73835136604309,25.71614529800415,26.80352141571045,26.681208869934082,26.643239161491394,26.630628606796265,27.15499182653427
2019-05-30 04:15:00+00:00,2019-05-30 04:30:00+00:00,6.397672,204.0,19.74044,19.078972030582428,19.582213599386215,19.605049956741333,21.34840070098877,20.942161668243408,20.59527193397522,20.24412571281433,20.17526583761215,21.24452673286438
2019-05-30 04:30:00+00:00,2019-05-30 04:45:00+00:00,5.2507660000000005,152.0,6.397672,9.270230116912842,11.162236990997314,9.860576691696167,10.455734076568604,9.639630379745483,10.10157448298645,8.75833136088562,9.727513375350952,10.895967307159424
2019-05-30 04:45:00+00:00,2019-05-30 05:00:00+00:00,6.6146720000000006,180.0,5.2507660000000005,7.088972052780152,8.884137829986573,7.943072518554688,8.780709466186524,8.167083224502564,8.366924962249756,7.297708234039307,8.495689353195191,9.178092202392579
2019-05-30 05:00:00+00:00,2019-05-30 05:15:00+00:00,9.116625,269.0,6.6146720000000006,7.433132166454316,9.036476904937745,8.132497722694398,9.664300734588624,8.788208062240601,8.801381880828858,8.30790692050171,9.165651614257813,9.42324190814209
2019-05-30 05:15:00+00:00,2019-05-30 05:30:00+00:00,28.39813,890.0,9.116625,8.860773045778275,9.985949862957002,8.895083237648011,11.006847191810609,10.166573811531068,10.109755564689637,10.004883934020997,10.562276888847352,10.697172332763673
2019-05-30 05:30:00+00:00,2019-05-30 05:45:00+00:00,25.23019,782.0,28.39813,23.990415633087157,24.721093714599608,23.387373030548094,23.526761114959715,24.59773808753967,24.91315180099487,24.879152357940672,25.829539835815428,25.045433104400633
2019-05-30 05:45:00+00:00,2019-05-30 06:00:00+00:00,17.849119,314.0,25.23019,20.60429879135132,20.998172959747315,20.74974795288086,21.72804900115967,22.502729138793946,22.34576459831238,22.72878070777893,23.30951233810425,22.322855910720826
2019-05-30 06:00:00+00:00,2019-05-30 06:15:00+00:00,8.77625,278.0,17.849119,16.92948143915558,17.35943566994095,17.35781731442833,18.478170923751833,16.96508788303757,16.858738534015657,16.877176456016542,17.38241907195473,17.001578383010866
2019-05-30 06:15:00+00:00,2019-05-30 06:30:00+00:00,8.165937,248.0,8.77625,9.51689666032791,10.204959387779235,9.908993597030639,10.505832667350768,8.896660360395908,8.977592537999152,8.627169738411903,9.459847803115844,9.248056526184081
2019-05-30 06:30:00+00:00,2019-05-30 06:45:00+00:00,8.964375,221.0,8.165937,8.033707537734031,8.753961735450744,8.399679490410804,9.320099168502807,7.96170950778675,8.07629309692335,7.8952569896812435,8.597510837995529,8.35082585462284
2019-05-30 06:45:00+00:00,2019-05-30 07:00:00+00:00,20.476749,594.0,8.964375,8.46004299402237,9.06917734026909,8.63861400961876,9.619610528945923,8.462444047927857,8.736916865706444,8.464909474849701,9.083714525699616,8.779336552619935
2019-05-30 07:00:00+00:00,2019-05-30 07:15:00+00:00,22.438061,670.0,20.476749,17.245480117248537,17.62725430433655,16.65974050466919,17.643199738906862,17.630878028320314,17.7734335035553,17.509809789108278,18.597252187179567,17.429589328216554
2019-05-30 07:15:00+00:00,2019-05-30 07:30:00+00:00,14.14656,309.0,22.438061,18.387587309967042,18.65097284425354,18.202763320098878,19.030170203338624,19.130367995391847,19.239769698272706,19.065731764923097,20.107403994689943,18.865533591400148
2019-05-30 07:30:00+00:00,2019-05-30 07:45:00+00:00,13.77534,542.0,14.14656,12.43740837436676,13.280902610836028,13.141553686676025,13.604013846931457,12.648164676246642,12.913027809677123,12.541281388816833,13.26098470550537,12.901312159118651
2019-05-30 07:45:00+00:00,2019-05-30 08:00:00+00:00,14.44931,468.0,13.77534,11.493497291412353,12.184616247024536,11.675209680404663,12.53128425201416,11.70760408958435,11.745198646392822,11.347084680404663,12.413999000396728,11.27325932106018
2019-05-30 08:00:00+00:00,2019-05-30 08:15:00+00:00,8.814751,207.0,14.44931,12.078416760025025,12.535461123046876,12.157885248718262,12.289800102767945,12.071746046600342,11.97626655822754,11.403389627990723,12.550984914360047,11.47799676185608
2019-05-30 08:15:00+00:00,2019-05-30 08:30:00+00:00,7.736969,313.0,8.814751,7.405593485427856,8.501184285474777,7.973327369285583,7.494432420326232,7.310865015579223,7.3737889238128655,6.8817057319412225,7.734645337654113,7.426391334129333
2019-05-30 08:30:00+00:00,2019-05-30 08:45:00+00:00,3.727719,117.0,7.736969,6.089084392684937,6.82833600630188,6.308054572242737,6.232272511619568,6.2692655383529665,6.157683259147644,5.644189363616944,6.6290277301254275,5.956498628753662
2019-05-30 08:45:00+00:00,2019-05-30 09:00:00+00:00,3.627203,110.0,3.727719,2.7083255559387207,3.7442647110852003,3.2642643362464905,3.019194296020508,2.956709077972412,3.17356221975708,2.4639989644470215,3.2770765632572174,3.061199477333069
2019-05-30 09:00:00+00:00,2019-05-30 09:15:00+00:00,2.80793,89.0,3.627203,2.5515246514587404,3.488465619495392,2.959448171070099,2.9234746817855837,2.8681947116165163,2.8705129150657656,2.1867675904541017,3.081182790210724,2.5298712376861574
2019-05-30 09:15:00+00:00,2019-05-30 09:30:00+00:00,3.041117,89.0,2.80793,1.7086601330566404,2.572754166893959,2.1008040978240965,2.178804524116516,2.140753812961578,2.1710311247634886,1.4870293213653563,2.2993901445198057,1.8165729715156553
2019-05-30 09:30:00+00:00,2019-05-30 09:45:00+00:00,2.05986,64.0,3.041117,1.9400022500915526,2.684630351678848,2.2383419150276183,2.3783190125389098,2.405664312259674,2.477820622341156,1.7742840522689818,2.5666183704299925,1.9847649806900023
2019-05-30 09:45:00+00:00,2019-05-30 10:00:00+00:00,2.113727,65.0,2.05986,1.089549073562622,1.7091128319358826,1.3734969585990906,1.4958337038612366,1.5108224242782593,1.634412297592163,1.0177596896743775,1.6616856545066834,1.17462469039917
2019-05-30 10:00:00+00:00,2019-05-30 10:15:00+00:00,1.279277,43.0,2.113727,1.1614829566497802,1.72132998371315,1.4322030212898254,1.2827682759780883,1.52813711428833,1.6147233512420653,0.894823339225769,1.6330633726139068,1.1784768369216918
2019-05-30 10:15:00+00:00,2019-05-30 10:30:00+00:00,1.309793,42.0,1.279277,0.27333978133392334,0.9618372054595947,0.7140785189170837,0.3296534748573303,0.7433816524047852,0.7607337565917969,0.03658214526367187,0.7788554163475037,0.44614413695526123
2019-05-30 10:30:00+00:00,2019-05-30 10:45:00+00:00,0.956102,31.0,1.309793,0.32842672325897215,1.029306326883316,0.781621818321228,0.4065213844947815,0.8647861526184082,0.8329409108333587,0.0865055368118286,0.877530340927124,0.4813339755706787
2019-05-30 10:45:00+00:00,2019-05-30 11:00:00+00:00,0.623506,20.0,0.956102,0.0781168801803589,0.7224894328136444,0.48023577165794373,0.1506026251335144,0.6019212765712738,0.5496515793819428,0.0,0.5850721759815216,0.16863785815429688
2019-05-30 11:00:00+00:00,2019-05-30 11:15:00+00:00,0.345659,11.0,0.623506,0.0,0.4617756360349655,0.23025666709518433,0.0012718343315124558,0.4061857664165497,0.2653073870716095,0.0,0.2903308772621155,0.0
2019-05-30 11:15:00+00:00,2019-05-30 11:30:00+00:00,0.0751059999999999,2.0,0.345659,0.0,0.2465960058774948,0.031050187667846674,0.0,0.21197084816360473,0.03700028093719482,0.0,0.05748288067245483,0.0
2019-05-30 11:30:00+00:00,2019-05-30 11:45:00+00:00,0.0,0.0,0.0751059999999999,0.0,0.0,0.0,0.0,0.006896940463542833,0.0,0.0,0.0,0.0
2019-05-30 11:45:00+00:00,2019-05-30 12:00:00+00:00,0.0017699999999999,0.0,0.0,0.0,0.0,0.0,0.0,0.0,0.0,0.0,0.0,0.0
2019-05-30 12:00:00+00:00,2019-05-30 12:15:00+00:00,0.010762,0.0,0.0017699999999999,0.0,0.0001599025246499968,0.0,0.0,0.01837732738673677,0.0,0.0,0.0,0.0
2019-05-30 12:15:00+00:00,2019-05-30 12:30:00+00:00,0.001945,0.0,0.010762,0.0,0.009921318860620261,0.0,0.0,0.051185668920993806,0.0,0.0,0.0,0.0
2019-05-30 12:30:00+00:00,2019-05-30 12:45:00+00:00,0.0,0.0,0.001945,0.0,0.0,0.0,0.0,0.06685116500377655,0.0,0.0,0.0,0.0
2019-05-30 12:45:00+00:00,2019-05-30 13:00:00+00:00,0.0,0.0,0.0,0.0,0.0,0.0,0.0,0.09220167994499207,0.0,0.0,0.0,0.0
2019-05-30 13:00:00+00:00,2019-05-30 13:15:00+00:00,0.0,0.0,0.0,0.0,0.0,0.0,0.0,0.11964649707078934,0.0,0.0,0.0,0.0
2019-05-30 13:15:00+00:00,2019-05-30 13:30:00+00:00,0.0,0.0,0.0,0.0,0.021652190014719963,0.0,0.0,0.15306463837623596,0.0,0.0,0.0,0.0
2019-05-30 13:30:00+00:00,2019-05-30 13:45:00+00:00,0.0,0.0,0.0,0.0,0.013586950488388538,0.0,0.0,0.1443268060684204,0.0,0.0,0.0,0.0
2019-05-30 13:45:00+00:00,2019-05-30 14:00:00+00:00,0.0,0.0,0.0,0.0,0.09658925235271454,0.0,0.0,0.15043342113494873,0.0,0.0,0.0,0.0
2019-05-30 14:00:00+00:00,2019-05-30 14:15:00+00:00,0.0,0.0,0.0,0.0,0.18166959285736084,0.0,0.0,0.19010742008686066,0.0,0.0,0.0,0.0
2019-05-30 14:15:00+00:00,2019-05-30 14:30:00+00:00,0.0,0.0,0.0,0.0,0.2570572793483734,0.0,0.0,0.20344629883766174,0.0,0.0,0.0,0.0
2019-05-30 14:30:00+00:00,2019-05-30 14:45:00+00:00,0.0,0.0,0.0,0.0,0.23514850437641144,0.0,0.0,0.23496505618095398,0.0,0.0,0.0180186964571476,0.0
2019-05-30 14:45:00+00:00,2019-05-30 15:00:00+00:00,0.0,0.0,0.0,0.0,0.22324511408805847,0.0,0.0,0.22348670661449432,0.0,0.0,0.0,0.0
2019-05-30 15:00:00+00:00,2019-05-30 15:15:00+00:00,0.0,0.0,0.0,0.0,0.2994820773601532,0.0,0.0,0.24648018181324005,0.05174826830625534,0.0,0.03712018206715584,0.0
2019-05-30 15:15:00+00:00,2019-05-30 15:30:00+00:00,0.0,0.0,0.0,0.0,0.3863651156425476,0.0,0.0,0.2550731897354126,0.1149899885058403,0.0,0.07239359617233276,0.0
2019-05-30 15:30:00+00:00,2019-05-30 15:45:00+00:00,0.0,0.0,0.0,0.0,0.4199405014514923,0.019706660881638527,0.0,0.2722238004207611,0.145899698138237,0.0,0.09618740528821945,0.0
2019-05-30 15:45:00+00:00,2019-05-30 16:00:00+00:00,0.0,0.0,0.0,0.0,0.4351009130477905,0.03754403814673424,0.00443712854757905,0.2933300733566284,0.14353340864181519,0.0,0.1007651537656784,0.0
2019-05-30 16:00:00+00:00,2019-05-30 16:15:00+00:00,0.0,0.0,0.0,0.0,0.4510611891746521,0.0,0.0,0.3261153995990753,0.17500407993793488,0.0,0.12893329560756683,0.0
2019-05-30 16:15:00+00:00,2019-05-30 16:30:00+00:00,0.0,0.0,0.0,0.0,0.4629988670349121,0.01839255727827549,0.0,0.34154683351516724,0.21161167323589325,0.0,0.1632171869277954,0.0
2019-05-30 16:30:00+00:00,2019-05-30 16:45:00+00:00,0.0,0.0,0.0,0.0,0.43172627687454224,0.03864439204335213,0.0,0.3501957952976227,0.21136121451854706,0.0,0.18161362409591675,0.0
2019-05-30 16:45:00+00:00,2019-05-30 17:00:00+00:00,0.0,0.0,0.0,0.0,0.4697994887828827,0.044949743896722794,0.0,0.35986554622650146,0.2133907973766327,0.0,0.19423195719718933,0.0
2019-05-30 17:00:00+00:00,2019-05-30 17:15:00+00:00,0.0,0.0,0.0,0.0,0.48928776383399963,0.08877475559711456,0.0,0.38166236877441406,0.23338136076927185,0.0,0.21892476081848145,0.0
2019-05-30 17:15:00+00:00,2019-05-30 17:30:00+00:00,0.0,0.0,0.0,0.0,0.5222713947296143,0.13158759474754333,0.0,0.40112945437431335,0.2553490996360779,0.0,0.23313981294631958,0.009920102544128895
2019-05-30 17:30:00+00:00,2019-05-30 17:45:00+00:00,0.0,0.0,0.0,0.0,0.5720111727714539,0.16332773864269257,0.0,0.41966578364372253,0.28239649534225464,0.0,0.2538003623485565,0.038925547152757645
2019-05-30 17:45:00+00:00,2019-05-30 18:00:00+00:00,0.0,0.0,0.0,0.0,0.6051788926124573,0.2076539546251297,0.0,0.43879932165145874,0.3021945059299469,0.0,0.27469199895858765,0.049097709357738495
2019-05-30 18:00:00+00:00,2019-05-30 18:15:00+00:00,0.0,0.0,0.0,0.0,0.6284870505332947,0.2716795802116394,0.0,0.45332929491996765,0.3009534180164337,0.0,0.30505692958831787,0.05066630616784096
2019-05-30 18:15:00+00:00,2019-05-30 18:30:00+00:00,0.0,0.0,0.0,0.0,0.6476930975914001,0.32615983486175537,0.0,0.4719000458717346,0.31480076909065247,0.0,0.3300592303276062,0.0675724595785141
2019-05-30 18:30:00+00:00,2019-05-30 18:45:00+00:00,0.0,0.0,0.0,0.0,0.6516789197921753,0.35308825969696045,0.0,0.49397578835487366,0.3383850157260895,0.0,0.35918086767196655,0.09892172366380692
2019-05-30 18:45:00+00:00,2019-05-30 19:00:00+00:00,0.0,0.0,0.0,0.0,0.6576059460639954,0.3758232295513153,0.0,0.5113340616226196,0.3534182012081146,0.0,0.393570214509964,0.11474326252937317
2019-05-30 19:00:00+00:00,2019-05-30 19:15:00+00:00,0.0,0.0,0.0,0.0032868608832359314,0.6624388694763184,0.39242759346961975,0.0036739788483828306,0.5161073207855225,0.3197411298751831,0.0,0.4362412095069885,0.11782679706811905
2019-05-30 19:15:00+00:00,2019-05-30 19:30:00+00:00,0.0,0.0,0.0,0.015285591594874859,0.6758894324302673,0.40280094742774963,0.029441773891448975,0.533069908618927,0.3183160424232483,0.0,0.476251482963562,0.14076511561870575
2019-05-30 19:30:00+00:00,2019-05-30 19:45:00+00:00,0.0,0.0,0.0,0.025932932272553444,0.6797344088554382,0.4250841736793518,0.06485268473625183,0.5497140884399414,0.33160659670829773,0.0,0.5094977021217346,0.18492726981639862
2019-05-30 19:45:00+00:00,2019-05-30 20:00:00+00:00,0.0,0.0,0.0,0.033693667501211166,0.6928367614746094,0.4554257094860077,0.08352938294410706,0.5681573748588562,0.34431207180023193,0.0,0.5309382081031799,0.2194393426179886
2019-05-30 20:00:00+00:00,2019-05-30 20:15:00+00:00,0.0,0.0,0.0,0.026825062930583954,0.6675122976303101,0.5149329304695129,0.1848374456167221,0.552156925201416,0.34305548667907715,0.013989714905619621,0.49646925926208496,0.24522340297698975
2019-05-30 20:15:00+00:00,2019-05-30 20:30:00+00:00,0.0,0.0,0.0,0.04926344379782677,0.7043583989143372,0.5328350067138672,0.20123833417892456,0.556946337223053,0.31370317935943604,0.09129518270492554,0.4972074627876282,0.27214324474334717
2019-05-30 20:30:00+00:00,2019-05-30 20:45:00+00:00,0.0,0.0,0.0,0.07251804322004318,0.7368116974830627,0.558879017829895,0.2202351987361908,0.5654414296150208,0.3068048357963562,0.15565763413906097,0.4999130964279175,0.2991749942302704
2019-05-30 20:45:00+00:00,2019-05-30 21:00:00+00:00,0.0,0.0,0.0,0.08788599818944931,0.7484803795814514,0.593359649181366,0.25781315565109253,0.5722700357437134,0.3303413391113281,0.2197493612766266,0.5033591985702515,0.3570045828819275
2019-05-30 21:00:00+00:00,2019-05-30 21:15:00+00:00,0.207515,7.0,0.0,0.12469414621591568,0.7013475298881531,0.7188767194747925,0.47675877809524536,0.5705170631408691,0.31502118706703186,0.3977622389793396,0.4838450253009796,0.36684882640838623
2019-05-30 21:15:00+00:00,2019-05-30 21:30:00+00:00,0.605896,25.0,0.207515,0.3592641787672043,0.9357804643058777,0.9643453942680359,0.7538449751281738,0.858514665260315,0.5904749618911743,0.6401164816761017,0.7373995767974854,0.5873686062240601
2019-05-30 21:30:00+00:00,2019-05-30 21:45:00+00:00,1.062359,43.0,0.605896,0.8039355466089249,1.3898853102645874,1.4596814552268982,1.220001463027954,1.3198396602592468,1.095521334739685,1.0870037415943146,1.1597683468780517,1.0888943711242676
2019-05-30 21:45:00+00:00,2019-05-30 22:00:00+00:00,1.539672,59.0,1.062359,1.3155723758068085,1.8874355800476075,1.9599262125816346,1.66036024168396,1.8140097506370545,1.5712998159255982,1.583275998386383,1.6114232786026002,1.6769197233047486
2019-05-30 22:00:00+00:00,2019-05-30 22:15:00+00:00,2.067406,74.0,1.539672,1.8322239347190856,2.448518080303192,2.521036607810974,2.197296363899231,2.3776632972450256,2.1799561806411742,2.127252144405365,2.1340242453308105,2.3478845186920165
2019-05-30 22:15:00+00:00,2019-05-30 22:30:00+00:00,2.594102,112.0,2.067406,2.398036987882614,3.0576158178863526,3.1269963396606446,2.773084462982178,2.989987672668457,2.812616826396942,2.7106596244392396,2.711074591976166,3.0565328610954285
2019-05-30 22:30:00+00:00,2019-05-30 22:45:00+00:00,3.479875,149.0,2.594102,2.94191352009964,3.607164596321106,3.7296023118515014,3.3267678964157104,3.600216363670349,3.5047895658035277,3.280459080936432,3.318283056022644,3.7314954745788573
2019-05-30 22:45:00+00:00,2019-05-30 23:00:00+00:00,4.651719,186.0,3.479875,3.866267146348953,4.477348835945129,4.7073324041366575,4.242386253356933,4.56049445438385,4.4778037981987,4.214166434288025,4.2660381512641905,4.722923429489136
2019-05-30 23:00:00+00:00,2019-05-30 23:15:00+00:00,6.088578,237.0,4.651719,5.067003007787704,5.615617777961731,5.961400415557861,5.571652199882507,5.919463302749634,5.898751880783081,5.526115622180939,5.682306553977966,6.144583370346069
2019-05-30 23:15:00+00:00,2019-05-30 23:30:00+00:00,7.708094,297.0,6.088578,6.4914148294239045,6.9864397787361145,7.328434600761414,7.095438971450806,7.469749464920044,7.503593459060669,7.1058343791275025,7.303076281478882,7.712446703842163
2019-05-30 23:30:00+00:00,2019-05-30 23:45:00+00:00,9.562,355.0,7.708094,8.209511756080627,8.706360577720641,9.031144618171691,8.941416262763976,9.22943484701538,9.159540890830993,8.938852070945739,9.075349568504333,9.335656522888183
2019-06-01 03:45:00+00:00,2019-06-01 04:00:00+00:00,10.528,277.0,12.05072,12.545209789009094,13.935694837303162,12.623578691215515,15.930057072372437,13.962445163459778,14.226625466079712,14.167068028182983,13.087039971084595,14.475014233322144
2019-06-01 04:00:00+00:00,2019-06-01 04:15:00+00:00,10.96288,341.0,10.528,10.729138213276864,11.662563565254212,11.045857968807221,14.192258718490601,12.536057117462159,13.185528638839722,13.140450122833252,11.770410063743592,13.697487237930298
2019-06-01 04:15:00+00:00,2019-06-01 04:30:00+00:00,29.462999,970.0,10.96288,10.766489490394592,11.415748193387985,10.919019724701643,14.235429152374268,12.689199551467896,13.02512799156189,12.983198984985352,11.792444929008484,13.352665528182984
2019-06-01 04:30:00+00:00,2019-06-01 04:45:00+00:00,27.620689,913.0,29.462999,24.95353855078125,24.71363843862915,24.723001613067627,25.47435416166687,25.41350997869873,25.735776795791626,26.439638986038208,25.828905476974487,25.653915299819946
2019-06-01 04:45:00+00:00,2019-06-01 05:00:00+00:00,25.445881,851.0,27.620689,23.308259095062255,23.731270159591674,23.798552121032714,24.63585170637512,25.080143298019408,24.80165251623535,25.687022174705504,24.30940445791626,24.349876965393065
2019-06-01 05:00:00+00:00,2019-06-01 05:15:00+00:00,25.510189,794.0,25.445881,22.40474354310608,22.94895969911194,22.83213554902649,23.495561709838867,23.329045644241333,22.971766820388794,23.56044124646759,22.830967059570312,22.34707581086731
2019-06-01 05:15:00+00:00,2019-06-01 05:30:00+00:00,24.028810999999997,770.0,25.510189,23.053623858322144,23.597571197380066,23.331861201156617,24.291568580497742,23.357299986709595,23.19044179045105,23.577079001296998,22.862096014846802,22.58866685949707
2019-06-01 05:30:00+00:00,2019-06-01 05:45:00+00:00,24.206869,773.0,24.028810999999997,22.12123610795593,22.387804172645566,22.251610539566038,23.02990367234802,22.072363756309507,22.02287413896179,22.32537975133514,21.72912003816223,21.442404530654905
2019-06-01 05:45:00+00:00,2019-06-01 06:00:00+00:00,23.749689,737.0,24.206869,21.410070293945314,22.085866564315797,21.70203697065735,22.507530563873292,21.510583990615846,21.615834587615968,21.954781406921388,21.069296949905397,21.177799576324464
2019-06-01 06:00:00+00:00,2019-06-01 06:15:00+00:00,23.038309,711.0,23.749689,21.488091605056763,21.74428309713745,21.493880884994507,22.416429655899048,21.60938538824463,21.490930931915283,21.69390000616455,21.385992186416626,20.936352150787354
2019-06-01 06:15:00+00:00,2019-06-01 06:30:00+00:00,22.25038,683.0,23.038309,20.15177669332886,21.01669516371155,20.56402149008179,21.312647722229006,20.633093021377565,20.612925432189943,20.722911022171022,20.189364812835695,20.23025455282593
2019-06-01 06:30:00+00:00,2019-06-01 06:45:00+00:00,21.283501,651.0,22.25038,20.03206535232544,20.06669588935852,20.232914885406494,20.5125311220932,20.23582979095459,20.066801270370483,20.307457527046203,19.724629839782715,19.818910559539795
2019-06-01 06:45:00+00:00,2019-06-01 07:00:00+00:00,20.291691,616.0,21.283501,18.402232260299684,19.448493213249208,19.01327237565613,19.31922504384613,19.232528299880983,19.062828869415284,19.145819754196168,18.924729199005128,18.69131144960022
2019-06-01 07:00:00+00:00,2019-06-01 07:15:00+00:00,19.04175,577.0,20.291691,18.073486263290405,18.888164455429077,18.562627608314514,18.825699622169495,18.408914620414734,18.322013670936585,18.09432213975525,17.997171098724365,17.755434686676026
2019-06-01 07:15:00+00:00,2019-06-01 07:30:00+00:00,17.37925,528.0,19.04175,16.46272520828247,17.289928482055664,17.244766996383667,17.224068687438965,16.908098505020142,17.090479062080384,16.796520755767823,16.259302423477173,16.746080444335938
2019-06-01 07:30:00+00:00,2019-06-01 07:45:00+00:00,16.264059,490.0,17.37925,14.87273473548889,15.622742484092711,15.447179625511168,15.548273752212523,15.537795494079589,15.637561510086059,15.32859058189392,15.106869886398314,15.263934324264525
2019-06-01 07:45:00+00:00,2019-06-01 08:00:00+00:00,14.58669,435.0,16.264059,13.68289297102356,14.63405936239624,14.340319805130004,14.622514061912536,14.6200981664505,14.731473498329162,14.340347104057312,13.937385730728149,14.334503226264953
2019-06-01 08:00:00+00:00,2019-06-01 08:15:00+00:00,12.92288,384.0,14.58669,12.037000468673707,12.966298154296876,12.606912663879395,12.164741805496217,12.271892836990357,12.207174828948975,11.765881112518311,11.762165358963014,11.81772141784668
2019-06-01 08:15:00+00:00,2019-06-01 08:30:00+00:00,11.19672,327.0,12.92288,10.699041432266235,11.391697949295043,10.992101138954162,10.933419054870605,10.862726038818359,10.889139002685546,10.282899207000732,10.676847761993407,10.372330731277465
2019-06-01 08:30:00+00:00,2019-06-01 08:45:00+00:00,9.829094,287.0,11.19672,8.909763928146361,9.424128528327941,9.138381357879638,9.506750698776244,9.209774728507995,9.369486685485839,8.778207417221068,9.038234587402343,9.001854534835815
2019-06-01 08:45:00+00:00,2019-06-01 09:00:00+00:00,8.425375,243.0,9.829094,7.97582239641571,8.187644786972045,7.986661143440246,8.722052760261535,8.112553305763244,8.513118691581726,7.98533863558197,8.158957905906677,8.046987958091735
2019-06-01 09:00:00+00:00,2019-06-01 09:15:00+00:00,6.899047,199.0,8.425375,6.455605641365052,6.808564797401429,6.650425687789918,6.986967340469361,6.703340664863587,6.802536264419556,6.4121415767669685,6.565632716178895,6.378470436096192
2019-06-01 09:15:00+00:00,2019-06-01 09:30:00+00:00,5.532953,164.0,6.899047,4.832661730834961,5.344593865463257,5.143952352592469,5.310550911018372,5.279454571792603,5.360035879203797,4.995362503120423,5.185172183105469,5.10536454398346
2019-06-01 09:30:00+00:00,2019-06-01 09:45:00+00:00,4.2515160000000005,120.0,5.532953,3.763890361717224,4.221283888748169,4.021536326339722,4.225100850990295,4.129258847167969,4.300528263977051,3.932077503135681,4.203357672622681,3.950577831199646
2019-06-01 09:45:00+00:00,2019-06-01 10:00:00+00:00,3.1642189999999997,96.0,4.2515160000000005,2.640749231544495,3.233353987899781,2.9606704866561895,3.1880513584289556,3.0726087248001104,3.288297013011933,2.9332686817321783,3.141940251556397,2.9006207143936162
2019-06-01 10:00:00+00:00,2019-06-01 10:15:00+00:00,2.335594,75.0,3.1642189999999997,1.7463469287338254,2.3097910663070675,2.037085868972778,2.4510710617485043,2.066348530906677,2.1955441614570614,1.7402913352432248,2.1576895495834347,1.6755691548767087
2019-06-01 10:15:00+00:00,2019-06-01 10:30:00+00:00,1.773406,59.0,2.335594,1.010564507621765,1.6057901398124694,1.3414372221412658,1.7395633474769592,1.3578316585006713,1.5580329910697936,0.9905000344696044,1.3402805344047546,0.9643499270858764
2019-06-01 10:30:00+00:00,2019-06-01 10:45:00+00:00,1.256691,42.0,1.773406,0.5629266212997437,1.1588615487632752,0.9433580945549012,1.256504328113556,0.9401830147323609,1.1700938056526184,0.5492694090423584,0.9065016220626831,0.5257847021636963
2019-06-01 10:45:00+00:00,2019-06-01 11:00:00+00:00,0.7286020000000001,25.0,1.256691,0.17929341508483887,0.7403379888687134,0.5891013355407715,0.8222722323093414,0.5649605007324219,0.8130857260379791,0.19625999642944336,0.5368015380058289,0.1105580539855957
2019-06-01 11:00:00+00:00,2019-06-01 11:15:00+00:00,0.358005,13.0,0.7286020000000001,0.0,0.30284429383468636,0.1814513285179139,0.19041825127792367,0.18244142127227791,0.29516337108802804,0.0,0.1024265368003846,0.0
2019-06-01 11:15:00+00:00,2019-06-01 11:30:00+00:00,0.054027,3.0,0.358005,0.0,0.00326864207267763,0.0,0.0,0.0,0.0,0.0,0.0,0.0
2019-06-01 11:30:00+00:00,2019-06-01 11:45:00+00:00,0.0,0.0,0.054027,0.0,0.0,0.0,0.0,0.0,0.0,0.0,0.0,0.0
2019-06-01 11:45:00+00:00,2019-06-01 12:00:00+00:00,0.0,0.0,0.0,0.0,0.0,0.0,0.0,0.0,0.0,0.0,0.0,0.0
2019-06-01 12:00:00+00:00,2019-06-01 12:15:00+00:00,0.0,0.0,0.0,0.0,0.0,0.0,0.0,0.0,0.0,0.0,0.0,0.0
2019-06-01 12:15:00+00:00,2019-06-01 12:30:00+00:00,0.0,0.0,0.0,0.0,0.0,0.0,0.0,0.0,0.0,0.0,0.0,0.0
2019-06-01 12:30:00+00:00,2019-06-01 12:45:00+00:00,0.0,0.0,0.0,0.0,0.0,0.0,0.0,0.0,0.0,0.0,0.0,0.0
2019-06-01 12:45:00+00:00,2019-06-01 13:00:00+00:00,0.0,0.0,0.0,0.0,0.0,0.0,0.0,0.0,0.0,0.0,0.0,0.0
2019-06-01 13:00:00+00:00,2019-06-01 13:15:00+00:00,0.0,0.0,0.0,0.0,0.0,0.0,0.0,0.0,0.0,0.0,0.0,0.0
2019-06-01 13:15:00+00:00,2019-06-01 13:30:00+00:00,0.0,0.0,0.0,0.0,0.0,0.0,0.0,0.01133518386632204,0.0,0.0,0.0,0.0
2019-06-01 13:30:00+00:00,2019-06-01 13:45:00+00:00,0.0,0.0,0.0,0.0,0.0,0.0,0.0,0.0,0.0,0.0,0.0,0.0
2019-06-01 13:45:00+00:00,2019-06-01 14:00:00+00:00,0.0,0.0,0.0,0.0,0.0,0.0,0.0,0.0,0.0,0.0,0.0,0.0
2019-06-01 14:00:00+00:00,2019-06-01 14:15:00+00:00,0.0,0.0,0.0,0.0,0.01316104456782341,0.0,0.0,0.0014284654753282666,0.0,0.0,0.0,0.0
2019-06-01 14:15:00+00:00,2019-06-01 14:30:00+00:00,0.0,0.0,0.0,0.0,0.06378018110990524,0.0,0.0,0.0,0.0,0.0,0.0,0.0
2019-06-01 14:30:00+00:00,2019-06-01 14:45:00+00:00,0.0,0.0,0.0,0.0,0.11385790258646011,0.0,0.0,0.012510395608842373,0.0,0.0,0.0,0.0
2019-06-01 14:45:00+00:00,2019-06-01 15:00:00+00:00,0.0,0.0,0.0,0.0,0.17815235257148743,0.0,0.0,0.0552029050886631,0.0,0.0,0.0,0.0
2019-06-01 15:00:00+00:00,2019-06-01 15:15:00+00:00,0.0,0.0,0.0,0.0,0.1963634192943573,0.0,0.0,0.06196213886141777,0.0,0.0,0.0,0.0
2019-06-01 15:15:00+00:00,2019-06-01 15:30:00+00:00,0.0,0.0,0.0,0.0,0.25705042481422424,0.0,0.0,0.10488970577716827,0.0,0.0,0.0,0.0
2019-06-01 15:30:00+00:00,2019-06-01 15:45:00+00:00,0.0,0.0,0.0,0.0,0.24230556190013885,0.0,0.0,0.12204691767692566,0.0,0.0,0.0,0.0
2019-06-01 15:45:00+00:00,2019-06-01 16:00:00+00:00,0.0,0.0,0.0,0.0,0.31791967153549194,0.0,0.0,0.07527470588684082,0.0,0.0,0.0,0.0
2019-06-01 16:00:00+00:00,2019-06-01 16:15:00+00:00,0.0,0.0,0.0,0.0,0.2943577170372009,0.0,0.0,0.14073343575000763,0.0,0.0,0.022509831935167313,0.0
2019-06-01 16:15:00+00:00,2019-06-01 16:30:00+00:00,0.0,0.0,0.0,0.0,0.3154159188270569,0.0,0.0,0.13995753228664398,0.0,0.0,0.0,0.0
2019-06-01 16:30:00+00:00,2019-06-01 16:45:00+00:00,0.0,0.0,0.0,0.0,0.3745877146720886,0.07083281874656677,0.0,0.17531415820121765,0.0,0.0,0.018251657485961914,0.0
2019-06-01 16:45:00+00:00,2019-06-01 17:00:00+00:00,0.0,0.0,0.0,0.0,0.41923609375953674,0.10883091390132904,0.0,0.26954397559165955,0.08934260904788971,0.0,0.13661983609199524,0.0
2019-06-01 17:00:00+00:00,2019-06-01 17:15:00+00:00,0.0,0.0,0.0,0.0,0.41727378964424133,0.16949838399887085,0.004167563281953335,0.25168630480766296,0.02651187591254711,0.0,0.09178443998098373,0.0
2019-06-01 17:15:00+00:00,2019-06-01 17:30:00+00:00,0.0,0.0,0.0,0.010795793496072292,0.44893962144851685,0.181605726480484,0.0,0.23863035440444946,0.0,0.0,0.0568261556327343,0.0
2019-06-01 17:30:00+00:00,2019-06-01 17:45:00+00:00,0.0,0.0,0.0,0.0,0.5612205862998962,0.26854395866394043,0.02949867956340313,0.32878774404525757,0.09422976523637772,0.0,0.18119914829730988,0.0
2019-06-01 17:45:00+00:00,2019-06-01 18:00:00+00:00,0.0,0.0,0.0,0.03714938461780548,0.5350215435028076,0.3040408492088318,0.009099910035729408,0.2963671088218689,0.06495358049869537,0.0,0.12517791986465454,0.0
2019-06-01 18:00:00+00:00,2019-06-01 18:15:00+00:00,0.0,0.0,0.0,0.08698222041130066,0.5811238884925842,0.32827261090278625,0.04917479306459427,0.28169533610343933,0.04724397137761116,0.0,0.10983134061098099,0.0
2019-06-01 18:15:00+00:00,2019-06-01 18:30:00+00:00,0.0,0.0,0.0,0.11210065335035324,0.6197380423545837,0.3658255934715271,0.07558244466781616,0.271586537361145,0.0635279044508934,0.0,0.12654532492160797,0.0
2019-06-01 18:30:00+00:00,2019-06-01 18:45:00+00:00,0.0,0.0,0.0,0.15324221551418304,0.6432743072509766,0.43172991275787354,0.1499803364276886,0.27898019552230835,0.09630448371171951,0.0,0.1356661170721054,0.0
2019-06-01 18:45:00+00:00,2019-06-01 19:00:00+00:00,0.0,0.0,0.0,0.19041471183300018,0.6759824752807617,0.509852409362793,0.22922632098197937,0.2983783185482025,0.11929183453321457,0.056382324546575546,0.17380964756011963,0.0
2019-06-01 19:00:00+00:00,2019-06-01 19:15:00+00:00,0.0,0.0,0.0,0.16335752606391907,0.6608317494392395,0.513967752456665,0.22768539190292358,0.2954474985599518,0.13805554807186127,0.037813715636730194,0.16291873157024384,0.03655846789479256
2019-06-01 19:15:00+00:00,2019-06-01 19:30:00+00:00,0.0,0.0,0.0,0.13146400451660156,0.6737497448921204,0.5045941472053528,0.2356746345758438,0.35814329981803894,0.1474539041519165,0.0,0.25794097781181335,0.022564716637134552
2019-06-01 19:30:00+00:00,2019-06-01 19:45:00+00:00,0.0,0.0,0.0,0.20308101177215576,0.6769746541976929,0.5947494506835938,0.3043316900730133,0.33629870414733887,0.16104839742183685,0.12291070818901062,0.2585943639278412,0.15491530299186707
2019-06-01 19:45:00+00:00,2019-06-01 20:00:00+00:00,0.0,0.0,0.0,0.22781766951084137,0.7048524022102356,0.6388559937477112,0.343708872795105,0.37457290291786194,0.19586186110973358,0.14405086636543274,0.30251190066337585,0.24106921255588531
2019-06-01 20:00:00+00:00,2019-06-01 20:15:00+00:00,0.0,0.0,0.0,0.24374540150165558,0.698625385761261,0.6612483859062195,0.35324200987815857,0.40557077527046204,0.21632173657417297,0.1863526701927185,0.25774499773979187,0.2968065142631531
2019-06-01 20:15:00+00:00,2019-06-01 20:30:00+00:00,0.0,0.0,0.0,0.25778183341026306,0.7143150568008423,0.6803674697875977,0.3736508786678314,0.4495498239994049,0.25947946310043335,0.21581947803497314,0.2850269675254822,0.34483015537261963
2019-06-01 20:30:00+00:00,2019-06-01 20:45:00+00:00,0.0,0.0,0.0,0.2659951150417328,0.720819890499115,0.7153427004814148,0.41825276613235474,0.49751660227775574,0.3313414752483368,0.25014615058898926,0.3118457496166229,0.41582760214805603
2019-06-01 20:45:00+00:00,2019-06-01 21:00:00+00:00,0.0,0.0,0.0,0.28225672245025635,0.7407524585723877,0.7538525462150574,0.4274146556854248,0.5402272343635559,0.37512487173080444,0.27306345105171204,0.3328689634799957,0.44244804978370667
2019-06-01 21:00:00+00:00,2019-06-01 21:15:00+00:00,0.077735,5.0,0.0,0.27133625745773315,0.7487766146659851,0.7875149846076965,0.4395221471786499,0.5821605920791626,0.4013056457042694,0.26701784133911133,0.4037114083766937,0.4529852271080017
2019-06-01 21:15:00+00:00,2019-06-01 21:30:00+00:00,0.430035,16.0,0.077735,0.3543833426094055,0.8311075500106812,0.9163488677597046,0.5605198970890045,0.6952358416175842,0.5373215309238434,0.37890365038871765,0.5285127094841003,0.6103721192932129
2019-06-01 21:30:00+00:00,2019-06-01 21:45:00+00:00,0.860057,30.0,0.430035,0.7339366425609588,1.2213338066673278,1.3364250113105773,0.9347315479850768,1.0912414838409423,0.9219193507766723,0.7693669845199584,0.9245884169673919,1.019141559753418
2019-06-01 21:45:00+00:00,2019-06-01 22:00:00+00:00,1.483426,52.0,0.860057,1.1779680586643217,1.683089259941101,1.8409737981147765,1.4221743977851866,1.5656876600570677,1.4735223091430663,1.2394107616729735,1.4014797247238158,1.5837771929092406
2019-06-01 22:00:00+00:00,2019-06-01 22:15:00+00:00,2.089391,72.0,1.483426,1.8490484012374877,2.3766588224182126,2.551428104759216,2.1312420023689267,2.315674747348785,2.2246054662475583,1.9424221171150207,2.128081108451843,2.378940667034149
2019-06-01 22:15:00+00:00,2019-06-01 22:30:00+00:00,2.64168,92.0,2.089391,2.5070184240016937,3.056034810272217,3.236444837776184,2.797549493041992,3.0195993253860474,2.9307591983947754,2.6224088141593933,2.783726401058197,3.1525921890411377
2019-06-01 22:30:00+00:00,2019-06-01 22:45:00+00:00,3.5255940000000003,126.0,2.64168,3.0849116422462464,3.701832769088745,3.864280221633911,3.3665965177345276,3.7509264923858643,3.607239959411621,3.2250058032798767,3.4288863517570496,3.797556874923706
2019-06-01 22:45:00+00:00,2019-06-01 23:00:00+00:00,4.372922,157.0,3.5255940000000003,4.019173715490341,4.69385981954956,4.7804448644104,4.255560223239899,4.755994085449219,4.586944226402283,4.160868529457092,4.384029988426208,4.80408668913269
2019-06-01 23:00:00+00:00,2019-06-01 23:15:00+00:00,5.524858999999999,196.0,4.372922,4.949921187469482,5.65982693106842,5.635235961982727,5.304987784931183,5.834419783660889,5.688684281417847,5.165870126792908,5.466262277671814,5.840248998710632
2019-06-01 23:15:00+00:00,2019-06-01 23:30:00+00:00,6.498734,231.0,5.524858999999999,6.180874276908874,6.816160250457763,6.754983950408935,6.559927988800048,7.0847548730697625,6.879846382888793,6.4821812994804375,6.662209320816039,7.086916614326476
2019-06-01 23:30:00+00:00,2019-06-01 23:45:00+00:00,7.779407000000001,277.0,6.498734,7.2356048848953245,7.849929216178894,7.643779161247253,7.611034395965576,8.14563489225769,7.853147866996765,7.615293147834778,7.752290966781616,8.100696208747863
2019-06-01 23:45:00+00:00,2019-06-02 00:00:00+00:00,9.008781,314.0,7.779407000000001,8.544087683612824,9.018726443702699,8.789494251663209,8.751752411777497,9.298135852272035,9.081374263221742,8.951739525253297,8.932393884117127,9.5005641931839
2019-06-02 00:00:00+00:00,2019-06-02 00:15:00+00:00,10.30422,358.0,9.008781,9.842263742309571,10.237295790534974,9.851690932136536,10.35585109792328,10.749961539131165,10.647523923736573,10.480768128257752,10.50861684880829,11.044291301589967
2019-06-02 00:15:00+00:00,2019-06-02 00:30:00+00:00,11.70859,403.0,10.30422,11.167419532032014,11.485870757789613,10.96070490190506,11.900160947532655,11.996946969718934,11.825755277366639,11.800619641036988,11.855346956939698,12.36245850631714
2019-06-02 00:30:00+00:00,2019-06-02 00:45:00+00:00,13.30022,458.0,11.70859,12.410912959899902,12.711282818641662,12.277773647632598,13.06364700111389,13.243316738929748,13.162223427619933,13.131675927963256,13.047532170143127,13.774701803054809
2019-06-02 00:45:00+00:00,2019-06-02 01:00:00+00:00,15.085,507.0,13.30022,14.152437197418212,14.525421368331909,13.734214024991989,14.785505401344299,14.9101654164505,14.247084247322082,14.584779607505798,14.77935920879364,14.881963359565734
2019-06-02 01:00:00+00:00,2019-06-02 01:15:00+00:00,16.782498999999998,564.0,15.085,15.890348455905915,16.09159489631653,15.936745903491975,17.41512127876282,17.14642020225525,16.932050666809083,16.86699017047882,17.158258876800538,17.34293194770813
2019-06-02 01:15:00+00:00,2019-06-02 01:30:00+00:00,17.342501000000002,582.0,16.782498999999998,17.12977434651756,17.355750664638517,17.114000841545103,19.06355778829956,18.568722530769346,18.094761415885923,18.309853478836057,18.4042315925827,18.523066207336424
2019-06-02 01:30:00+00:00,2019-06-02 01:45:00+00:00,18.705311,621.0,17.342501000000002,17.378123838884594,17.673207447362902,17.41458448810673,19.228888109756472,18.75828070981598,18.242300764156344,18.539590314460757,18.49370677812195,18.802083805633547
2019-06-02 01:45:00+00:00,2019-06-02 02:00:00+00:00,19.808689,662.0,18.705311,18.707857730451284,18.907013564954756,18.57056713069534,20.266000091682432,20.02071922982788,19.192716002117155,19.62061220372772,19.807868659149168,19.69531226123428
2019-06-02 02:00:00+00:00,2019-06-02 02:15:00+00:00,20.68763,695.0,19.808689,19.678912432779313,19.891334170390607,19.830552074973227,21.861464621414186,21.67421055017853,21.217054845680238,21.442610504020692,21.665401341308595,21.628615619529725
2019-06-02 02:15:00+00:00,2019-06-02 02:30:00+00:00,21.39506,716.0,20.68763,20.278837593679427,20.70263210072845,20.413187833909987,22.738768639450072,22.282968344573973,21.661390843276976,22.120794596557616,22.290469589118956,22.208293022994994
2019-06-02 02:30:00+00:00,2019-06-02 02:45:00+00:00,22.56625,759.0,21.39506,20.678841945705415,21.404060612422825,20.995436814603806,23.118556913909913,22.42023366409302,22.007291254577638,22.515582618293763,22.330861267623902,22.675528225479127
2019-06-02 02:45:00+00:00,2019-06-02 03:00:00+00:00,23.129311,775.0,22.56625,21.292901787757874,22.148870173692703,21.328723583221436,23.427278254032135,22.990136448144913,22.390814188718796,23.069359514713287,23.03918695807457,23.107890639305115
2019-06-02 03:00:00+00:00,2019-06-02 03:15:00+00:00,23.79431,804.0,23.129311,21.70860091317749,22.5412281500206,21.879252468238832,24.464092408309938,23.752923344264985,23.530803029428483,24.062653516422273,23.81300071347809,24.038425420413972
2019-06-02 03:15:00+00:00,2019-06-02 03:30:00+00:00,24.80538,841.0,23.79431,22.602039363441467,22.87336262708664,22.742850329933166,24.515673961696624,24.267991330680847,24.046917345581054,24.626723136959075,24.420880403575897,24.396117355880737
2019-06-02 03:30:00+00:00,2019-06-02 03:45:00+00:00,25.25775,856.0,24.80538,23.444539560203552,24.010209573631286,23.66398574245453,24.991121022229194,24.97201421690464,24.67054785621643,25.28188694847107,25.18131153119087,24.972385106806755
2019-06-02 03:45:00+00:00,2019-06-02 04:00:00+00:00,25.951191,875.0,25.25775,24.102422322273256,24.67965229892731,24.29496755743027,25.36373336905241,25.301474205344917,25.027990381360055,25.56311025762558,25.597278977870943,25.172313558995725
2019-06-02 04:00:00+00:00,2019-06-02 04:15:00+00:00,26.00675,880.0,25.951191,24.277908138290407,25.072297564998628,24.66340833093262,25.900153803930046,25.74608027125931,25.61680044914818,26.327414593950273,25.84023904736376,25.68213727261162
2019-06-02 04:15:00+00:00,2019-06-02 04:30:00+00:00,26.692751,898.0,26.00675,24.345140231132508,25.186351073265076,24.62071861076355,26.001198574259877,25.922299635887146,25.620175970077515,26.270290536165238,26.048135989636183,25.444385898590088
2019-06-02 04:30:00+00:00,2019-06-02 04:45:00+00:00,26.147619,875.0,26.692751,24.973004052711488,25.986821661067964,25.324778983665468,26.53112463123894,26.16967983014679,26.0395145512352,26.50509447820282,26.170007178855897,25.70319188602066
2019-06-02 04:45:00+00:00,2019-06-02 05:00:00+00:00,25.439751,847.0,26.147619,24.543247809928893,25.3658350615921,24.89399360708618,25.78025027207756,25.659735581201552,25.54263018659973,25.73830412916565,25.669968655628203,25.192858865779876
2019-06-02 05:00:00+00:00,2019-06-02 05:15:00+00:00,24.955,803.0,25.439751,23.399376005722047,24.203607291770936,23.91511961896515,24.78739449460602,24.723358602119447,24.777741045547486,24.945721537662507,24.45734044988251,24.511857063365937
2019-06-02 05:15:00+00:00,2019-06-02 05:30:00+00:00,24.64875,790.0,24.955,22.98632116794586,23.798756675720213,23.2222061920166,24.460246698856352,24.307878153324125,24.036463754177092,24.31850655555725,24.24157853603363,24.008753674030302
2019-06-02 05:30:00+00:00,2019-06-02 05:45:00+00:00,23.737869,751.0,24.64875,22.375106506347656,22.85670464515686,22.847213678359985,23.660101108551025,23.585494332313537,23.458814435005188,23.664123706817627,23.305505924224853,23.44496458053589
2019-06-02 05:45:00+00:00,2019-06-02 06:00:00+00:00,23.167379,722.0,23.737869,21.454489206832886,21.882982587379455,21.849485492271423,22.61782882170105,22.66018710092926,22.4882112498703,22.59658620314026,22.43980512575531,22.579160546821594
2019-06-02 06:00:00+00:00,2019-06-02 06:15:00+00:00,22.761379,703.0,23.167379,20.976617195419312,21.39311120729828,21.31259463053131,21.658652641586304,21.745869257263184,21.354527451805115,21.560116865448,21.449657895378113,21.171795584968567
2019-06-02 06:15:00+00:00,2019-06-02 06:30:00+00:00,21.890751,676.0,22.761379,20.245063539794923,20.79935931806946,20.600674625686647,20.9649398291626,21.152709480575563,20.76251208429718,20.91122305040741,21.039924260429384,20.5354223216095
2019-06-02 06:30:00+00:00,2019-06-02 06:45:00+00:00,21.315439,659.0,21.890751,18.944887991500856,19.60557090814209,19.36972581918335,19.851407166076662,19.957118506980898,19.74559962327576,19.804277058197023,19.892721410346986,19.52233802850342
2019-06-02 06:45:00+00:00,2019-06-02 07:00:00+00:00,20.34725,626.0,21.315439,18.387864365448,18.7822256230011,18.782739415039064,19.151484980453493,19.230108752120973,19.2757558964386,19.079130902160646,19.180158390869142,18.881732478012086
2019-06-02 07:00:00+00:00,2019-06-02 07:15:00+00:00,18.89913,573.0,20.34725,17.277890697479247,17.886087671279906,17.687851444244384,18.05209161376953,18.056909814834594,18.173115745544433,17.82685305213928,18.067837730407714,17.79033805465698
2019-06-02 07:15:00+00:00,2019-06-02 07:30:00+00:00,17.18281,530.0,18.89913,15.970756424789428,16.479524983291626,16.392093314056396,16.72788680923462,16.61948026550293,16.98202885520935,16.39949835670471,16.544187439804077,16.549640787963867
2019-06-02 07:30:00+00:00,2019-06-02 07:45:00+00:00,15.58331,481.0,17.18281,14.299842289505005,14.855525663909912,14.694067410049438,15.047797134933472,14.980204275665283,15.457820824203491,14.726400068817139,14.917302301940918,14.945461443481445
2019-06-02 07:45:00+00:00,2019-06-02 08:00:00+00:00,14.01881,432.0,15.58331,13.034469238815309,13.551070801315309,13.329368940887452,14.041898242530824,13.73861574321747,14.264845005569459,13.421797625122071,13.798395029602052,13.589832297859193
2019-06-02 08:00:00+00:00,2019-06-02 08:15:00+00:00,8.784563,243.0,14.01881,11.325486387786865,11.881859983978272,11.737237181243897,11.685800280151367,11.503423418579102,12.061125721511841,11.083474602279663,11.452926840362549,11.567410912094116
2019-06-02 08:15:00+00:00,2019-06-02 08:30:00+00:00,8.739282000000001,222.0,8.784563,7.246622855461121,8.089415902889252,7.923508937156678,7.768299991882325,7.34003608921814,8.076635832584381,6.8011578867797855,7.254076297080994,7.65505450466919
2019-06-02 08:30:00+00:00,2019-06-02 08:45:00+00:00,6.132657,231.0,8.739282000000001,6.645678627426149,7.341904985839845,7.1583421110458385,7.35258208506775,7.138171780044557,7.711130011016847,6.455072510177613,7.008771884376527,7.297570335800172
2019-06-02 08:45:00+00:00,2019-06-02 09:00:00+00:00,3.065234,95.0,6.132657,4.277603098327637,4.921104737693787,4.867727705413818,5.10916907447052,4.905387708122253,5.491160520488739,4.2822118486709595,4.704608508522034,4.981965252334595
2019-06-02 09:00:00+00:00,2019-06-02 09:15:00+00:00,7.522594000000001,207.0,3.065234,1.85814696005249,2.7099523489799497,2.599739248069763,2.648525083574295,2.187655324253082,2.6053108816471098,1.550115520271301,2.1084325855102537,2.110863024505615
2019-06-02 09:15:00+00:00,2019-06-02 09:30:00+00:00,4.967375,152.0,7.522594000000001,5.3831141244354255,6.034784222740174,5.723904276985169,5.950119758743287,6.052139664787293,6.110032344955445,5.035002018112183,5.956328059333802,5.719853187698365
2019-06-02 09:30:00+00:00,2019-06-02 09:45:00+00:00,4.006844,123.0,4.967375,2.898204048156738,3.7261718111038205,3.4544459180831906,3.4680264787673947,3.749696691513061,3.869981129646301,2.6850781040191647,3.649569352149963,3.7113294200897213
2019-06-02 09:45:00+00:00,2019-06-02 10:00:00+00:00,2.812852,91.0,4.006844,2.5322613278808594,3.159450427669525,2.9229309121551514,3.2272046963157655,3.0763214985313416,3.294827477115631,2.407452539581299,3.0107981721343995,2.747006253379822
2019-06-02 10:00:00+00:00,2019-06-02 10:15:00+00:00,1.865828,65.0,2.812852,1.428647612335205,2.1896430599708556,1.9218669879455565,1.93660608411026,1.8376607048530578,1.988719736339569,1.178705190422058,1.8143620836753844,1.438951944114685
2019-06-02 10:15:00+00:00,2019-06-02 10:30:00+00:00,1.181277,39.0,1.865828,0.587766967704773,1.3220578059463501,1.1457051858215332,1.1008732542304993,0.9978942498474122,1.1641060933380127,0.4008153304367066,0.9931351765899659,0.6060824021606446
2019-06-02 10:30:00+00:00,2019-06-02 10:45:00+00:00,1.472023,44.0,1.181277,0.0,0.7245432665843963,0.5608731737632751,0.5556245675582885,0.4330194225807189,0.6094435682792663,0.0,0.38494881301116934,0.03831108718109122
2019-06-02 10:45:00+00:00,2019-06-02 11:00:00+00:00,1.097633,36.0,1.472023,0.3185562984924317,1.0058990316371919,0.8037800686340333,0.8869324820022584,0.7787965433578492,0.9072452084999085,0.2122769253234864,0.6689299838523866,0.3591539757232667
2019-06-02 11:00:00+00:00,2019-06-02 11:15:00+00:00,0.3897239999999999,14.0,1.097633,0.0,0.6320926505165101,0.4524254160957337,0.4019973832206727,0.4509872156219483,0.5034969407157899,0.0,0.25326603232193,0.0
2019-06-02 11:15:00+00:00,2019-06-02 11:30:00+00:00,0.072114,0.0,0.3897239999999999,0.0,0.007779790662765407,0.0,0.0,0.0,0.0,0.0,0.0,0.0
2019-06-02 11:30:00+00:00,2019-06-02 11:45:00+00:00,0.0,0.0,0.072114,0.0,0.0,0.0,0.0,0.0,0.0,0.0,0.0,0.0
2019-06-02 11:45:00+00:00,2019-06-02 12:00:00+00:00,0.0,0.0,0.0,0.0,0.0,0.0,0.0,0.0,0.0,0.0,0.0,0.0
2019-06-02 12:00:00+00:00,2019-06-02 12:15:00+00:00,0.0,0.0,0.0,0.0,0.0,0.0,0.0,0.0,0.0,0.0,0.0,0.0
2019-06-02 12:15:00+00:00,2019-06-02 12:30:00+00:00,0.0,0.0,0.0,0.0,0.0,0.0,0.0,0.0,0.0,0.0,0.0,0.0
2019-06-02 12:30:00+00:00,2019-06-02 12:45:00+00:00,0.0,0.0,0.0,0.0,0.0,0.0,0.0,0.0,0.0,0.0,0.0,0.0
2019-06-02 12:45:00+00:00,2019-06-02 13:00:00+00:00,0.0,0.0,0.0,0.0,0.0,0.0,0.0,0.0,0.0,0.0,0.0,0.0
2019-06-02 13:00:00+00:00,2019-06-02 13:15:00+00:00,0.0,0.0,0.0,0.0,0.0,0.0,0.0,0.0,0.0,0.0,0.0,0.0
2019-06-02 13:15:00+00:00,2019-06-02 13:30:00+00:00,0.0,0.0,0.0,0.0,0.03544057160615921,0.0,0.0,0.0,0.0,0.0,0.0,0.0
2019-06-02 13:30:00+00:00,2019-06-02 13:45:00+00:00,0.0,0.0,0.0,0.0,0.0018295914633199573,0.0,0.0,0.0,0.0,0.0,0.0,0.0
2019-06-02 13:45:00+00:00,2019-06-02 14:00:00+00:00,0.0,0.0,0.0,0.0,0.009107761085033417,0.0,0.0,0.004641282372176647,0.0,0.0,0.0,0.0
2019-06-02 14:00:00+00:00,2019-06-02 14:15:00+00:00,0.0,0.0,0.0,0.0,0.009784200228750706,0.0,0.0,0.07487445324659348,0.0,0.0,0.0,0.0
2019-06-02 14:15:00+00:00,2019-06-02 14:30:00+00:00,0.0,0.0,0.0,0.0,0.013096356764435768,0.0,0.0,0.07937504351139069,0.0,0.0,0.0,0.0
2019-06-02 14:30:00+00:00,2019-06-02 14:45:00+00:00,0.0,0.0,0.0,0.0,0.03623288497328758,0.0,0.0,0.12722864747047424,0.0,0.0,0.0,0.0
2019-06-02 14:45:00+00:00,2019-06-02 15:00:00+00:00,0.0,0.0,0.0,0.0,0.05978948995471001,0.0,0.0,0.16173982620239258,0.0,0.0,0.0,0.0
2019-06-02 15:00:00+00:00,2019-06-02 15:15:00+00:00,0.0,0.0,0.0,0.0,0.10917595028877258,0.0,0.0,0.21828393638134003,0.0,0.0,0.01480065006762743,0.0
2019-06-02 15:15:00+00:00,2019-06-02 15:30:00+00:00,0.0,0.0,0.0,0.0,0.09987780451774597,0.0,0.0,0.24071095883846283,0.0,0.0,0.008591102436184883,0.0
2019-06-02 15:30:00+00:00,2019-06-02 15:45:00+00:00,0.0,0.0,0.0,0.0,0.11965017020702362,0.0,0.0,0.2582474648952484,0.0,0.0,0.0,0.0
2019-06-02 15:45:00+00:00,2019-06-02 16:00:00+00:00,0.0,0.0,0.0,0.0,0.15823160111904144,0.0,0.0,0.21522869169712067,0.0,0.0,0.0,0.0
2019-06-02 16:00:00+00:00,2019-06-02 16:15:00+00:00,0.0,0.0,0.0,0.0,0.2004275918006897,0.0,0.0,0.284930557012558,0.0,0.0,0.0,0.0
2019-06-02 16:15:00+00:00,2019-06-02 16:30:00+00:00,0.0,0.0,0.0,0.0,0.28755709528923035,0.0,0.0,0.22911548614501953,0.0,0.0,0.0,0.0
2019-06-02 16:30:00+00:00,2019-06-02 16:45:00+00:00,0.0,0.0,0.0,0.0,0.326322078704834,0.0,0.0,0.265865683555603,0.0,0.0,0.0,0.0
2019-06-02 16:45:00+00:00,2019-06-02 17:00:00+00:00,0.0,0.0,0.0,0.0,0.37623727321624756,0.000442703312728554,0.0,0.2970520555973053,0.0,0.0,0.03928661718964577,0.0
2019-06-02 17:00:00+00:00,2019-06-02 17:15:00+00:00,0.0,0.0,0.0,0.0,0.4430868625640869,0.12459500133991241,0.0,0.22555764019489288,0.0,0.0,0.0,0.0
2019-06-02 17:15:00+00:00,2019-06-02 17:30:00+00:00,0.0,0.0,0.0,0.0,0.48523473739624023,0.14439330995082855,0.0,0.23305892944335938,0.0,0.0,0.0,0.0
2019-06-02 17:30:00+00:00,2019-06-02 17:45:00+00:00,0.0,0.0,0.0,0.020338140428066254,0.5178320407867432,0.19491535425186157,0.0,0.2549531161785126,0.0,0.0,0.02854403294622898,0.0
2019-06-02 17:45:00+00:00,2019-06-02 18:00:00+00:00,0.0,0.0,0.0,0.06925693154335022,0.5449064373970032,0.25642892718315125,0.0,0.28423503041267395,0.0,0.0,0.07003150880336761,0.0
2019-06-02 18:00:00+00:00,2019-06-02 18:15:00+00:00,0.0,0.0,0.0,0.12966714799404144,0.582747757434845,0.34385231137275696,0.0,0.3065187335014343,0.0,0.0,0.09513320028781891,0.0
2019-06-02 18:15:00+00:00,2019-06-02 18:30:00+00:00,0.0,0.0,0.0,0.15211284160614014,0.6087703108787537,0.41039901971817017,0.0,0.34115007519721985,0.0,0.0,0.12539134919643402,0.0
2019-06-02 18:30:00+00:00,2019-06-02 18:45:00+00:00,0.0,0.0,0.0,0.16509337723255157,0.6619048714637756,0.4633920192718506,0.0,0.397161602973938,0.012983364053070545,0.0,0.17673040926456451,0.0
2019-06-02 18:45:00+00:00,2019-06-02 19:00:00+00:00,0.0,0.0,0.0,0.18689283728599548,0.666912317276001,0.5332610011100769,0.05425716191530228,0.4042171835899353,0.05934874340891838,0.0,0.19117918610572815,0.0
2019-06-02 19:00:00+00:00,2019-06-02 19:15:00+00:00,0.0,0.0,0.0,0.23283076286315918,0.7083405256271362,0.549248456954956,0.19644595682621002,0.4034920334815979,0.06496504694223404,0.021584156900644302,0.2550278306007385,0.0
2019-06-02 19:15:00+00:00,2019-06-02 19:30:00+00:00,0.0,0.0,0.0,0.25204139947891235,0.714202344417572,0.5747110247612,0.30565908551216125,0.42250731587409973,0.13485975563526154,0.11791514605283737,0.329325795173645,0.028820671141147614
2019-06-02 19:30:00+00:00,2019-06-02 19:45:00+00:00,0.0,0.0,0.0,0.24248377978801727,0.7016034126281738,0.5892595052719116,0.307558536529541,0.4737604558467865,0.21221692860126495,0.14873582124710083,0.3153640925884247,0.07423033565282822
2019-06-02 19:45:00+00:00,2019-06-02 20:00:00+00:00,0.0,0.0,0.0,0.2687205374240875,0.7310298681259155,0.6366267800331116,0.3659628629684448,0.5268821716308594,0.23223036527633667,0.22187991440296173,0.3780633807182312,0.16646336019039154
2019-06-02 20:00:00+00:00,2019-06-02 20:15:00+00:00,0.0,0.0,0.0,0.2721683979034424,0.7309482097625732,0.6743481159210205,0.36313074827194214,0.5461670160293579,0.24142682552337646,0.2570456266403198,0.37158265709877014,0.20297199487686157
2019-06-02 20:15:00+00:00,2019-06-02 20:30:00+00:00,0.0,0.0,0.0,0.2777831256389618,0.7394328117370605,0.7156623601913452,0.36717066168785095,0.5815915465354919,0.27309203147888184,0.282498836517334,0.37167927622795105,0.22575555741786957
2019-06-02 20:30:00+00:00,2019-06-02 20:45:00+00:00,0.0,0.0,0.0,0.27089229226112366,0.7598528265953064,0.7768921852111816,0.3859096169471741,0.6239886283874512,0.29217684268951416,0.30738455057144165,0.4150312840938568,0.30543336272239685
2019-06-02 20:45:00+00:00,2019-06-02 21:00:00+00:00,0.0,0.0,0.0,0.23302234709262848,0.7668983936309814,0.8217089176177979,0.3779788911342621,0.6734315752983093,0.2940114140510559,0.2927262485027313,0.46277686953544617,0.33583205938339233
2019-06-02 21:00:00+00:00,2019-06-02 21:15:00+00:00,0.199541,4.0,0.0,0.2035062164068222,0.7533618211746216,0.8551387786865234,0.39764127135276794,0.7169924974441528,0.3299053907394409,0.28960803151130676,0.5075883269309998,0.3855697512626648
2019-06-02 21:15:00+00:00,2019-06-02 21:30:00+00:00,0.522115,22.0,0.199541,0.4332774852428436,0.9511612330589294,1.1154655491027832,0.6829144929561615,0.9795593892250061,0.6427851890239715,0.5476341222438812,0.7123617206726074,0.6257914279613495
2019-06-02 21:30:00+00:00,2019-06-02 21:45:00+00:00,0.821105,39.0,0.522115,0.7828862745666504,1.296712406387329,1.4739080150032042,1.060729273071289,1.3740387637519835,1.0594194610023497,0.9122378308677673,1.0726236183547972,1.0077768046760558
2019-06-02 21:45:00+00:00,2019-06-02 22:00:00+00:00,1.112563,56.0,0.821105,1.156121667842865,1.6683803167152405,1.8420778479385376,1.3966486420440674,1.720542129497528,1.3907575573730468,1.2727473344612121,1.3762403693008423,1.4143124189186096
2019-06-02 22:00:00+00:00,2019-06-02 22:15:00+00:00,1.5058200000000002,69.0,1.112563,1.4251399793987274,2.0163159826164243,2.173210368431091,1.7252162554626465,2.0736504652862546,1.7515393355255127,1.5276618459587097,1.75431583908844,1.8260708310966491
2019-06-02 22:15:00+00:00,2019-06-02 22:30:00+00:00,2.109078,107.0,1.5058200000000002,1.777157389945984,2.369906151123047,2.610379898376465,2.1662098406028747,2.4814251898002624,2.2250981567573547,1.9048919616413118,2.2125185368728637,2.293205106086731
2019-06-02 22:30:00+00:00,2019-06-02 22:45:00+00:00,2.913422,144.0,2.109078,2.3582180390863416,2.9436379770545957,3.2830383281021116,2.7974616984634397,3.126664588859558,2.9235033492355345,2.52615369360733,2.862093398979187,2.898478279521942
2019-06-02 22:45:00+00:00,2019-06-02 23:00:00+00:00,4.047969,179.0,2.913422,3.1872685666770937,3.767278384754181,4.1509987230987555,3.611179422924042,3.9562147970886232,3.646061312744141,3.332145464012146,3.7035146470756533,3.734789144584656
2019-06-02 23:00:00+00:00,2019-06-02 23:15:00+00:00,5.437469,230.0,4.047969,4.318946139472962,4.9011504217567445,5.325601474899292,4.823108153003693,5.264629499572754,5.024880723613739,4.5865065022888185,4.950886861938477,4.985574023384094
2019-06-02 23:15:00+00:00,2019-06-02 23:30:00+00:00,7.092969,294.0,5.437469,5.73483690060997,6.304043823856354,6.681745165962219,6.334098750728607,6.755290264266968,6.411832327026367,6.07865666784668,6.399107391017914,6.411844426769257
2019-06-02 23:30:00+00:00,2019-06-02 23:45:00+00:00,8.937906,360.0,7.092969,7.412333577531815,7.987429320472717,8.209990560668945,8.04869878258133,8.455558359283447,7.867287099021912,7.7678457495155335,8.044590532440186,7.966433703559876
2019-06-02 23:45:00+00:00,2019-06-03 00:00:00+00:00,10.7135,409.0,8.937906,9.350819739681244,10.004548880439758,9.97890588937378,10.038211438041687,10.374778601509094,9.506252858024597,9.609117242675781,9.889417323451996,9.5212121337471
2019-06-03 00:00:00+00:00,2019-06-03 00:15:00+00:00,12.453,457.0,10.7135,11.12809733247757,11.80206439590454,11.560438729286194,12.286653138160705,12.305156446456909,11.499333239555359,11.733585573196411,11.779042101860046,11.551490462779999
2019-06-03 00:15:00+00:00,2019-06-03 00:30:00+00:00,14.15925,515.0,12.453,12.82805105137825,13.526044776916503,13.214125087738037,14.225262930870056,14.086426666259765,13.207388570785522,13.508370450019836,13.4429143576622,13.131958654403686
2019-06-03 00:30:00+00:00,2019-06-03 00:45:00+00:00,15.78719,556.0,14.15925,14.528811821222305,15.316067555427551,14.83552239227295,16.04593131828308,15.672362664222717,14.658096411705017,15.120505192756653,14.99072668838501,14.420947471141815
2019-06-03 00:45:00+00:00,2019-06-03 01:00:00+00:00,17.353001000000003,605.0,15.78719,16.10753128904343,17.046634475173953,16.33342705148697,17.625302831115725,17.043250957908633,15.92519808787346,16.50970790761948,16.218570569934847,15.638915324988366
2019-06-03 01:00:00+00:00,2019-06-03 01:15:00+00:00,18.665501000000003,639.0,17.353001000000003,17.449934826804164,18.686310054374697,17.87922185809708,19.39634502084351,18.83436429650879,17.927420856071475,18.27990543992615,17.84988603146172,17.62273141892052
2019-06-03 01:15:00+00:00,2019-06-03 01:30:00+00:00,20.06156,677.0,18.665501000000003,18.5953100338707,19.995971085144046,18.962000937772753,20.692749144149783,19.917195679260256,18.999319882703784,19.436284066749575,18.88197356612778,18.561262951804164
2019-06-03 01:30:00+00:00,2019-06-03 01:45:00+00:00,21.516689000000003,720.0,20.06156,20.062299247072488,21.58598693710327,20.36155828338623,22.113332356033325,21.092404688415527,20.232422674713135,20.549537415323258,20.14756401878357,19.621664846954346
2019-06-03 01:45:00+00:00,2019-06-03 02:00:00+00:00,22.743441,753.0,21.516689000000003,21.324590784777644,22.96883553015137,21.683085692395213,23.184969601501468,22.166376051773074,21.234431413282397,21.598318715859893,21.104059544672015,20.62387329088593
2019-06-03 02:00:00+00:00,2019-06-03 02:15:00+00:00,23.524379999999997,774.0,22.743441,22.219578280464173,23.752356781974793,22.546922921553612,24.563949122444154,23.68426723720169,22.8154799559865,23.08668823482132,22.64875574351883,22.258501007572175
2019-06-03 02:15:00+00:00,2019-06-03 02:30:00+00:00,24.33638,828.0,23.524379999999997,23.084613086347577,24.402236492996213,23.322527350549695,25.35421589172363,24.329589934711453,23.467734371935126,23.69381162679672,23.380132542614934,22.865970762138364
2019-06-03 02:30:00+00:00,2019-06-03 02:45:00+00:00,25.329941,847.0,24.33638,23.66667419183731,24.936987514381407,24.049584085826872,25.524026508216856,24.708053971414564,23.697153742198942,24.069766665582655,23.65867459285736,23.25942468154907
2019-06-03 02:45:00+00:00,2019-06-03 03:00:00+00:00,25.59375,873.0,25.329941,24.59189524795151,25.771583910242082,24.80281552220917,26.21632161285019,25.302790730402233,24.437677229896547,24.837579663053514,24.63198300744629,23.857748116508485
2019-06-03 03:00:00+00:00,2019-06-03 03:15:00+00:00,25.99581,876.0,25.59375,25.06066620349884,26.405886828899384,25.31160992383957,27.226630330085754,26.210578620433807,25.634856525808573,25.6910914555192,25.508476823568344,24.71222311258316
2019-06-03 03:15:00+00:00,2019-06-03 03:30:00+00:00,26.50069,889.0,25.99581,25.085032729206084,26.272025732097624,25.42990240245819,27.36272117286682,26.17907239287853,25.573526708183287,25.90417029499769,25.345513967571257,24.849897352752684
2019-06-03 03:30:00+00:00,2019-06-03 03:45:00+00:00,26.812189,901.0,26.50069,25.452576653900145,26.214157985391616,25.627429501953124,27.334163563194274,26.1257361935997,25.552227096500395,25.995326356830596,25.311040656509398,25.011908190193175
2019-06-03 03:45:00+00:00,2019-06-03 04:00:00+00:00,27.15563,903.0,26.812189,25.62380780493164,26.473250942577362,25.83138562952423,27.171615498413086,26.21052713905716,25.579148071159363,26.06265230690384,25.497432129730225,25.029813187469482
2019-06-03 04:00:00+00:00,2019-06-03 04:15:00+00:00,27.353809,918.0,27.15563,25.675127752189635,26.791318692331313,25.895568139915465,27.584032483463286,26.76442373550415,26.15222717082977,26.495160646800993,26.073673494224547,25.77692235267639
2019-06-03 04:15:00+00:00,2019-06-03 04:30:00+00:00,27.384439,912.0,27.353809,25.84437716101074,26.807863176807402,25.979158044799803,27.9067435870018,26.893862516626356,26.33291351889038,26.73565232847595,26.601779581054686,25.927741170867918
2019-06-03 04:30:00+00:00,2019-06-03 04:45:00+00:00,27.132,900.0,27.384439,25.972187408317566,27.033008643497467,26.16183579813385,28.121939607967377,27.10868726025963,26.640299269069672,26.63378346811676,26.531807371486664,26.05007482420349
2019-06-03 04:45:00+00:00,2019-06-03 05:00:00+00:00,26.857691,887.0,27.132,25.815449387550355,26.423599094867708,25.93497076702118,27.321336717128755,26.597507805347444,26.24351295900345,26.227999836921693,26.225457460403444,25.81513252925873
2019-06-03 05:00:00+00:00,2019-06-03 05:15:00+00:00,26.55319,863.0,26.857691,24.95157320310211,25.780873129859923,25.36602349092102,26.62718854357338,26.180437396064757,25.820076177612304,25.93375403691864,25.640839527145385,25.64660162736511
2019-06-03 05:15:00+00:00,2019-06-03 05:30:00+00:00,25.97788,831.0,26.55319,24.46568680519104,25.271658189239503,24.808690316619874,26.306008629145623,25.672045714797974,25.289790399017335,25.494155414047242,25.210091717185975,25.237332470359803
2019-06-03 05:30:00+00:00,2019-06-03 05:45:00+00:00,25.584999,805.0,25.97788,23.997712134246825,24.796152233009337,24.358987807159423,25.780093698625564,25.265476821784972,24.836138247375487,24.85526025188446,24.715750573997497,24.80073165786743
2019-06-03 05:45:00+00:00,2019-06-03 06:00:00+00:00,24.86138,775.0,25.584999,23.303856765197754,24.22323790686035,23.753237282203674,25.18288192646408,24.705922221111297,24.28317741053009,24.32109132902527,24.114207540916443,24.311827813552856
2019-06-03 06:00:00+00:00,2019-06-03 06:15:00+00:00,23.93475,741.0,24.86138,22.502192158584595,23.34994043815613,22.941192407493592,24.243031103496552,23.831840534095765,23.437969822769166,23.4090513180542,23.2228461693573,23.446544546966553
2019-06-03 06:15:00+00:00,2019-06-03 06:30:00+00:00,23.01338,710.0,23.93475,21.472230115890504,22.412232676506044,22.015262881278993,23.124722281455995,22.93684039449692,22.51005438899994,22.41420249080658,22.24794260597229,22.49728492832184
2019-06-03 06:30:00+00:00,2019-06-03 06:45:00+00:00,22.097691,680.0,23.01338,19.90385384262085,20.92989487350464,20.47544045150757,22.014223286514284,21.61430854499817,21.198233076934816,21.146961042289735,20.815060326461793,21.27581603229523
2019-06-03 06:45:00+00:00,2019-06-03 07:00:00+00:00,20.90856,640.0,22.097691,19.173678339019776,19.87897342492676,19.610810459152223,21.158051312461854,20.784675539031984,20.54114097406006,20.21464830686188,20.01748865892029,20.501164973274232
2019-06-03 07:00:00+00:00,2019-06-03 07:15:00+00:00,19.879129,613.0,20.90856,18.038807831344606,19.017540655670167,18.725181065139772,19.478783212242128,19.311232052383424,18.930303774414064,18.56289740615845,18.285926542816163,18.850655279693605
2019-06-03 07:15:00+00:00,2019-06-03 07:30:00+00:00,18.555691,574.0,19.879129,16.846588201812743,17.793412990859984,17.48341137915039,18.05699092893982,18.168523497871398,17.935876913360595,17.40050680189514,17.408599920562743,17.775466032318114
2019-06-03 07:30:00+00:00,2019-06-03 07:45:00+00:00,17.45669,534.0,18.555691,15.597002264038085,16.54335903741455,16.092565055862426,17.030657526031494,17.009440299049377,16.881739254966735,16.213090654388427,16.30031489945984,16.620217677131652
2019-06-03 07:45:00+00:00,2019-06-03 08:00:00+00:00,16.665689,519.0,17.45669,14.516064570846556,15.351827786865233,14.96640460342407,15.99257831424713,15.89005522579193,15.934465692939757,15.199969933929442,15.230656073989866,15.605141447486876
2019-06-03 08:00:00+00:00,2019-06-03 08:15:00+00:00,14.87938,456.0,16.665689,13.458636053909302,14.287779339660645,13.986685761322022,14.609076031555176,14.440738924850464,14.440848358978272,13.635585078109742,13.859039553512574,14.168677815307618
2019-06-03 08:15:00+00:00,2019-06-03 08:30:00+00:00,12.51294,382.0,14.87938,11.978569043045043,12.778317940597534,12.497429383163452,12.905084383850097,12.850291502838134,12.963553202514648,12.049518120651245,12.413657200698852,12.604562771682739
2019-06-03 08:30:00+00:00,2019-06-03 08:45:00+00:00,11.0845,330.0,12.51294,9.993802855911255,10.746569822731018,10.413103650512696,11.002483795585633,10.875150392951966,11.164582322540284,10.029776881637574,10.497699330749512,10.568668673934937
2019-06-03 08:45:00+00:00,2019-06-03 09:00:00+00:00,9.124063,263.0,11.0845,8.639413759231568,9.229799911499024,8.918017789840698,9.793434545516968,9.583734080314636,9.940419241905213,8.775143072128296,9.246563002586365,9.325735256195069
2019-06-03 09:00:00+00:00,2019-06-03 09:15:00+00:00,7.279125,213.0,9.124063,6.871625646865844,7.56481359890747,7.25084350994873,7.980865463531494,7.659805759704589,7.7650704234008785,6.692771658218383,7.211574539459228,7.117103800094604
2019-06-03 09:15:00+00:00,2019-06-03 09:30:00+00:00,5.685641,172.0,7.279125,5.08996632194519,5.509397889137268,5.379041219711303,6.1920392761230465,5.963932181358337,6.058756853103637,4.682123924255371,5.636130953788757,5.555918599128723
2019-06-03 09:30:00+00:00,2019-06-03 09:45:00+00:00,4.265297,120.0,5.685641,3.860683510032654,4.266727397171021,4.117380807128907,4.86907822820282,4.587932774749756,4.834977218833924,3.488609502044678,4.382741996971131,4.18941206666565
2019-06-03 09:45:00+00:00,2019-06-03 10:00:00+00:00,2.983313,93.0,4.265297,2.546119277069092,3.191450659820557,2.919341032096863,3.52116173941803,3.312128011772156,3.5853504582138065,2.37819618422699,3.1563386364669803,3.007927481719971
2019-06-03 10:00:00+00:00,2019-06-03 10:15:00+00:00,2.05882,78.0,2.983313,1.6228652356033324,2.227810001171112,1.9346574900512694,2.327258324420929,1.9360645172958373,2.1793861744766234,1.2270180342559813,1.7838093397979735,1.5819987414245604
2019-06-03 10:15:00+00:00,2019-06-03 10:30:00+00:00,1.500324,61.0,2.05882,0.6828377154541014,1.4799177554321288,1.1453494337272643,1.300014427013397,1.0961371567916869,1.3257771638107299,0.4175189641189574,0.9638028052520751,0.7495160010528563
2019-06-03 10:30:00+00:00,2019-06-03 10:45:00+00:00,1.133672,45.0,1.500324,0.22598098623657226,0.9823412190666199,0.7206770669212341,0.8201289664497375,0.6496298204650879,0.8886348496665954,0.0,0.5598145614852905,0.2977107654800415
2019-06-03 10:45:00+00:00,2019-06-03 11:00:00+00:00,0.762617,28.0,1.133672,0.017143727371215833,0.6973274062366486,0.47568988902282716,0.605969728061676,0.40302080018234254,0.6332921395988464,0.0,0.2966656695098877,0.005716920921325697
2019-06-03 11:00:00+00:00,2019-06-03 11:15:00+00:00,0.3936469999999999,14.0,0.762617,0.0,0.40004042591285704,0.16267574633789061,0.13201487864685058,0.09113056267929076,0.23097617234420775,0.0,0.0,0.0
2019-06-03 11:15:00+00:00,2019-06-03 11:30:00+00:00,0.088548,3.0,0.3936469999999999,0.0,0.0975451616497039,0.0,0.0,0.0,0.0,0.0,0.0,0.0
2019-06-03 11:30:00+00:00,2019-06-03 11:45:00+00:00,0.0,0.0,0.088548,0.0,0.0,0.0,0.0,0.0,0.0,0.0,0.0,0.0
2019-06-03 11:45:00+00:00,2019-06-03 12:00:00+00:00,0.0,0.0,0.0,0.0,0.0,0.0,0.0,0.0,0.0,0.0,0.0,0.0
2019-06-03 12:00:00+00:00,2019-06-03 12:15:00+00:00,0.0,0.0,0.0,0.0,0.0,0.0,0.0,0.0,0.0,0.0,0.0,0.0
2019-06-03 12:15:00+00:00,2019-06-03 12:30:00+00:00,0.0,0.0,0.0,0.0,0.0,0.0,0.0,0.0,0.0,0.0,0.0,0.0
2019-06-03 12:30:00+00:00,2019-06-03 12:45:00+00:00,0.0,0.0,0.0,0.0,0.0,0.0,0.0,0.0,0.0,0.0,0.0,0.0
2019-06-03 12:45:00+00:00,2019-06-03 13:00:00+00:00,0.0,0.0,0.0,0.0,0.0,0.0,0.0,0.0,0.0,0.0,0.0,0.0
2019-06-03 13:00:00+00:00,2019-06-03 13:15:00+00:00,0.0,0.0,0.0,0.0,0.0,0.0,0.0,0.0,0.0,0.0,0.0,0.0
2019-06-03 13:15:00+00:00,2019-06-03 13:30:00+00:00,0.0,0.0,0.0,0.0,0.0,0.0,0.0,0.0,0.0,0.0,0.0,0.0
2019-06-03 13:30:00+00:00,2019-06-03 13:45:00+00:00,0.0,0.0,0.0,0.0,0.03980045020580292,0.0,0.0,0.049081653356552124,0.0,0.0,0.0,0.0
2019-06-03 13:45:00+00:00,2019-06-03 14:00:00+00:00,0.0,0.0,0.0,0.0,0.10523224622011185,0.0,0.0,0.11225803196430206,0.0,0.0,0.0,0.0
2019-06-03 14:00:00+00:00,2019-06-03 14:15:00+00:00,0.0,0.0,0.0,0.0,0.1574813425540924,0.0,0.0,0.13686659932136536,0.0,0.0,0.0,0.0
2019-06-03 14:15:00+00:00,2019-06-03 14:30:00+00:00,0.0,0.0,0.0,0.0,0.1570194959640503,0.0,0.0,0.1716017872095108,0.0,0.0,0.017353752627968788,0.0
2019-06-03 14:30:00+00:00,2019-06-03 14:45:00+00:00,0.0,0.0,0.0,0.0,0.19864800572395325,0.0,0.0,0.18090735375881195,0.0,0.0,0.04999874159693718,0.0
2019-06-03 14:45:00+00:00,2019-06-03 15:00:00+00:00,0.0,0.0,0.0,0.0,0.20764142274856567,0.0,0.0,0.2209170162677765,0.0,0.0,0.08541508764028549,0.0
2019-06-03 15:00:00+00:00,2019-06-03 15:15:00+00:00,0.0,0.0,0.0,0.0,0.24195073544979095,0.0,0.0,0.2427685260772705,0.0,0.0,0.12004664540290833,0.0
2019-06-03 15:15:00+00:00,2019-06-03 15:30:00+00:00,0.0,0.0,0.0,0.0,0.24702037870883942,0.0,0.0,0.2606477737426758,0.0,0.0,0.145048588514328,0.0
2019-06-03 15:30:00+00:00,2019-06-03 15:45:00+00:00,0.0,0.0,0.0,0.0,0.32548874616622925,0.0,0.0,0.27842292189598083,0.0,0.0,0.16297586262226105,0.0
2019-06-03 15:45:00+00:00,2019-06-03 16:00:00+00:00,0.0,0.0,0.0,0.0,0.33741694688796997,0.0,0.0,0.31188666820526123,0.011450402438640594,0.0,0.1854594498872757,0.0
2019-06-03 16:00:00+00:00,2019-06-03 16:15:00+00:00,0.0,0.0,0.0,0.0,0.3346764147281647,0.0,0.0,0.35006189346313477,0.035360075533390045,0.0,0.21165703237056732,0.0
2019-06-03 16:15:00+00:00,2019-06-03 16:30:00+00:00,0.0,0.0,0.0,0.0,0.3787820339202881,0.008382020518183708,0.0,0.35908305644989014,0.08449658006429672,0.0,0.23488390445709229,0.0
2019-06-03 16:30:00+00:00,2019-06-03 16:45:00+00:00,0.0,0.0,0.0,0.0,0.4242725968360901,0.05348365008831024,0.0,0.36292052268981934,0.11194401979446411,0.0,0.25264012813568115,0.0
2019-06-03 16:45:00+00:00,2019-06-03 17:00:00+00:00,0.0,0.0,0.0,0.0,0.4360755980014801,0.07798176258802414,0.0,0.3802248239517212,0.1561708152294159,0.0,0.28830039501190186,0.0
2019-06-03 17:00:00+00:00,2019-06-03 17:15:00+00:00,0.0,0.0,0.0,0.0,0.49657750129699707,0.11899638175964355,0.0,0.3718731999397278,0.18623118102550507,0.0,0.2977060377597809,0.0
2019-06-03 17:15:00+00:00,2019-06-03 17:30:00+00:00,0.0,0.0,0.0,0.0,0.5019927024841309,0.13878268003463745,0.0,0.38533803820610046,0.21376559138298035,0.0,0.3197460472583771,0.0
2019-06-03 17:30:00+00:00,2019-06-03 17:45:00+00:00,0.0,0.0,0.0,0.0,0.4875562787055969,0.16240307688713074,0.0,0.40093499422073364,0.23658177256584167,0.0,0.343339741230011,0.0
2019-06-03 17:45:00+00:00,2019-06-03 18:00:00+00:00,0.0,0.0,0.0,0.0,0.5238487124443054,0.23482751846313477,0.034294359385967255,0.406378835439682,0.23055945336818695,0.0,0.3512036204338074,0.0
2019-06-03 18:00:00+00:00,2019-06-03 18:15:00+00:00,0.0,0.0,0.0,0.0,0.5610722899436951,0.2928958833217621,0.019822342321276665,0.4158838391304016,0.2690347731113434,0.0,0.3199484646320343,0.0
2019-06-03 18:15:00+00:00,2019-06-03 18:30:00+00:00,0.0,0.0,0.0,0.0,0.6583568453788757,0.33353057503700256,0.0,0.4471300542354584,0.26164668798446655,0.0,0.3508101999759674,0.0
2019-06-03 18:30:00+00:00,2019-06-03 18:45:00+00:00,0.0,0.0,0.0,0.0,0.7059168219566345,0.3728582262992859,0.01667376235127449,0.470152348279953,0.2681137025356293,0.0,0.38463419675827026,0.0
2019-06-03 18:45:00+00:00,2019-06-03 19:00:00+00:00,0.0,0.0,0.0,0.0008093143696896732,0.7074505090713501,0.3925166130065918,0.028484860435128212,0.5037047863006592,0.2880159318447113,0.0,0.4186309576034546,0.0
2019-06-03 19:00:00+00:00,2019-06-03 19:15:00+00:00,0.0,0.0,0.0,0.02675316482782364,0.7087910175323486,0.4223332405090332,0.054052527993917465,0.5460243821144104,0.31372737884521484,0.0,0.4736587107181549,0.0
2019-06-03 19:15:00+00:00,2019-06-03 19:30:00+00:00,0.0,0.0,0.0,0.0664951428771019,0.7351908087730408,0.4529322385787964,0.07821547240018845,0.560151994228363,0.32109203934669495,0.0,0.5034480094909668,0.0
2019-06-03 19:30:00+00:00,2019-06-03 19:45:00+00:00,0.0,0.0,0.0,0.08508480340242386,0.729972779750824,0.49345454573631287,0.1243964433670044,0.5672502517700195,0.35031890869140625,0.0,0.5268111824989319,0.04243669658899307
2019-06-03 19:45:00+00:00,2019-06-03 20:00:00+00:00,0.0,0.0,0.0,0.08981192111968994,0.7372696995735168,0.533170759677887,0.14404265582561493,0.5898955464363098,0.3904736042022705,0.0,0.5442442297935486,0.08378002792596817
2019-06-03 20:00:00+00:00,2019-06-03 20:15:00+00:00,0.0,0.0,0.0,0.09896095097064972,0.7576755285263062,0.5719428658485413,0.12757760286331177,0.6017554998397827,0.4069722890853882,0.0,0.553305447101593,0.06704316288232803
2019-06-03 20:15:00+00:00,2019-06-03 20:30:00+00:00,0.0,0.0,0.0,0.11420490592718124,0.7294833660125732,0.6196773648262024,0.20493122935295105,0.5760431885719299,0.4235248565673828,0.027252361178398132,0.5548983216285706,0.1295449137687683
2019-06-03 20:30:00+00:00,2019-06-03 20:45:00+00:00,0.0,0.0,0.0,0.14844462275505066,0.7421584129333496,0.6788082718849182,0.26778268814086914,0.5513120293617249,0.4177345335483551,0.09383172541856766,0.5237191915512085,0.1601743847131729
2019-06-03 20:45:00+00:00,2019-06-03 21:00:00+00:00,0.0,0.0,0.0,0.1859290450811386,0.8439546823501587,0.7139253616333008,0.21653856337070465,0.605073869228363,0.4482375979423523,0.10891146957874298,0.5807850956916809,0.1580549031496048
2019-06-03 21:00:00+00:00,2019-06-03 21:15:00+00:00,0.0552169999999999,4.0,0.0,0.15703333914279938,0.8290984630584717,0.760053277015686,0.2223922163248062,0.6298935413360596,0.5089178681373596,0.07221942394971848,0.5974537134170532,0.21667487919330597
2019-06-03 21:15:00+00:00,2019-06-03 21:30:00+00:00,0.234206,8.0,0.0552169999999999,0.2457263640089034,0.9077068886680602,0.8616705856246947,0.29808475290966024,0.7105144581718443,0.5570100865287779,0.18025329922866812,0.6649083814544676,0.3036097607536315
2019-06-03 21:30:00+00:00,2019-06-03 21:45:00+00:00,0.377419,16.0,0.234206,0.4523728132543564,1.0473320275840758,1.0885783225593566,0.5681894809303284,0.8565752893981934,0.7119333237705231,0.42461795511817935,0.8177757054862976,0.5405003816184998
2019-06-03 21:45:00+00:00,2019-06-03 22:00:00+00:00,0.7874180000000001,28.0,0.377419,0.5599353811445236,1.2086733034553527,1.2901167324485778,0.710426127046585,1.0441383174362182,0.9368965676727294,0.5464814952316284,1.0304539850654602,0.7563592246475219
2019-06-03 22:00:00+00:00,2019-06-03 22:15:00+00:00,1.119836,40.0,0.7874180000000001,0.9559663008623124,1.6364102285079958,1.7582911770515444,1.1372817080192568,1.5156692187957765,1.39235340763855,0.9353024732046128,1.484891466396332,1.2004808108978273
2019-06-03 22:15:00+00:00,2019-06-03 22:30:00+00:00,1.7693869999999998,57.0,1.119836,1.296783146654129,1.9844290290222169,2.148013380561829,1.5030198071346283,1.883717802558899,1.736473110710144,1.2861933980331421,1.8507992301330567,1.5783218119487763
2019-06-03 22:30:00+00:00,2019-06-03 22:45:00+00:00,2.248969,76.0,1.7693869999999998,1.9822238616104124,2.6768551401252747,2.8533853224868775,2.163458489572525,2.5943632654304505,2.376710110103607,1.9512174061889647,2.537610762512207,2.2399769357795716
2019-06-03 22:45:00+00:00,2019-06-03 23:00:00+00:00,4.14225,137.0,2.248969,2.464161094445229,3.1363206321182253,3.375692051071167,2.68389965237999,3.10519538463974,2.84453557075882,2.419468995350838,3.037531834262848,2.711061995643616
2019-06-03 23:00:00+00:00,2019-06-03 23:15:00+00:00,4.1698129999999995,142.0,4.14225,4.416166929960251,5.046966908931732,5.30728643989563,4.674444495201111,5.056367336273193,4.717389880180359,4.3615213916301725,4.957080720424652,4.522732971668243
2019-06-03 23:15:00+00:00,2019-06-03 23:30:00+00:00,6.390125,218.0,4.1698129999999995,4.4633456695442195,5.028190516269683,5.3513360846405025,4.777195237911224,5.104158126152038,4.709940515792846,4.383647702968597,4.995006583965301,4.543223642147064
2019-06-03 23:30:00+00:00,2019-06-03 23:45:00+00:00,7.622781,271.0,6.390125,6.7505046362876895,7.210831844329834,7.400872909545899,7.0873847241401675,7.357342206954956,6.8445894057750705,6.600378030061722,7.245888554573059,6.59483840417862
2019-06-03 23:45:00+00:00,2019-06-04 00:00:00+00:00,4.868281,157.0,7.622781,7.914916715484619,8.28306742654419,8.504602155548096,8.250653049808502,8.589470586639404,7.890960297447204,7.571328549545765,8.298775396209717,7.807381859880447
2019-06-04 00:00:00+00:00,2019-06-04 00:15:00+00:00,3.5501480000000005,105.0,4.868281,5.2935329905567166,6.00067948613739,6.306920640808105,5.609693758827209,5.842749946456909,5.417041652542114,5.055997245651245,5.765963607173919,5.38387280021286
2019-06-04 00:15:00+00:00,2019-06-04 00:30:00+00:00,3.958063,127.0,3.5501480000000005,4.06764923500824,4.964139689682007,5.3818890945892335,4.411783863780975,4.429920663116455,4.2646933691482545,3.9586607413272863,4.435829807994843,4.381746401069641
2019-06-04 00:30:00+00:00,2019-06-04 00:45:00+00:00,7.249813,252.0,3.958063,4.5225340659980775,5.485830300605774,5.763023608482361,4.841725521839142,4.828474455631256,4.759965770996094,4.462605589187622,4.809621327674866,4.846081190860748
2019-06-04 00:45:00+00:00,2019-06-04 01:00:00+00:00,6.120297,180.0,7.249813,7.855554441249847,8.59867123726654,8.53587655190277,8.185335317886352,8.177541414535522,8.017929354942321,7.667362848556518,8.184068421161651,7.706103811300277
2019-06-04 01:00:00+00:00,2019-06-04 01:15:00+00:00,4.690656,137.0,6.120297,6.787226483413696,7.5921917410583495,7.693380400726318,6.988338515350342,7.08404873330307,6.942860588619232,6.406458869764328,6.863447293827057,6.783166215011597
2019-06-04 01:15:00+00:00,2019-06-04 01:30:00+00:00,2.601594,76.0,4.690656,5.38096099458313,6.234674030166626,6.419713192802429,5.5172281201896665,5.6628691490707395,5.527649217468261,5.0978226598320004,5.643288427215576,5.457170778137207
2019-06-04 01:30:00+00:00,2019-06-04 01:45:00+00:00,2.388641,68.0,2.601594,3.340145080226898,4.311735301155091,4.6000999499740605,3.463875024456024,3.6029178191604614,3.5059895206871032,3.1656691123428344,3.5977321554603576,3.5971945811691284
2019-06-04 01:45:00+00:00,2019-06-04 02:00:00+00:00,3.762391000000001,103.0,2.388641,3.0054209234390257,3.931761503425598,4.271404266563415,3.1509590747032163,3.359257281032562,3.2701053025398252,2.9787526132736204,3.3498145343933103,3.4398914577636717
2019-06-04 02:00:00+00:00,2019-06-04 02:15:00+00:00,9.917687,302.0,3.762391000000001,4.252502082792283,5.0128255178604135,5.337137727943421,4.530013947692872,4.71697708865738,4.593474893775941,4.3707285215530405,4.70314595004654,4.757686584201814
2019-06-04 02:15:00+00:00,2019-06-04 02:30:00+00:00,6.4666879999999995,189.0,9.917687,10.230020643436433,10.62171590443802,10.515948535167695,10.704162837230683,10.727338136398316,10.369790197574616,10.26045206304741,10.529938222133637,10.164835528695107
2019-06-04 02:30:00+00:00,2019-06-04 02:45:00+00:00,6.325703,174.0,6.4666879999999995,6.79533024910736,7.258010469711303,7.246891938484191,7.2559856403236385,7.193924330509185,6.911596499717712,6.817944310939788,7.0073467123870845,7.093447111881256
2019-06-04 02:45:00+00:00,2019-06-04 03:00:00+00:00,6.239954,165.0,6.325703,6.816731249263763,7.386400913169861,7.419406508377075,7.138482307365417,7.273021971157074,6.843813632896423,6.713995670249939,7.11875525610733,6.960054074695587
2019-06-04 03:00:00+00:00,2019-06-04 03:15:00+00:00,4.8625940000000005,133.0,6.239954,6.713881021026611,7.44645441103363,7.428320532325745,7.245294576171875,7.339514022354126,7.044079905036926,6.808100705627441,7.156859522346497,7.281740789894104
2019-06-04 03:15:00+00:00,2019-06-04 03:30:00+00:00,16.95488,557.0,4.8625940000000005,5.411944678920746,6.304620495933533,6.231293669837952,6.023161164421082,6.021053901809693,5.768942526477814,5.643873921531678,6.040558091300965,5.950653067726136
2019-06-04 03:30:00+00:00,2019-06-04 03:45:00+00:00,7.808938,226.0,16.95488,15.800835848693847,16.407301724796294,15.389220953826904,17.33355510318756,17.041636631731986,16.380298972969054,15.9110168227005,16.743909777050018,15.84654247844696
2019-06-04 03:45:00+00:00,2019-06-04 04:00:00+00:00,18.359249,406.0,7.808938,8.417417261398317,8.85587451199341,8.600992772377015,8.842410061157228,8.711365256107332,8.120748106039049,7.881472397244454,8.538237485683442,8.462791297233583
2019-06-04 04:00:00+00:00,2019-06-04 04:15:00+00:00,18.809441,467.0,18.359249,17.13278389398956,17.512655262397764,16.77879655783081,18.000616107629774,17.81176865522766,16.976446155952452,16.55768943254852,17.59115016882324,16.64296901647949
2019-06-04 04:15:00+00:00,2019-06-04 04:30:00+00:00,26.608310999999997,875.0,18.809441,16.41524115182495,16.837473183647155,16.67785730935669,16.87740734197235,17.18899503327942,16.46365824319458,15.902520566955566,16.918508678451538,16.494513422027588
2019-06-04 04:30:00+00:00,2019-06-04 04:45:00+00:00,25.3785,845.0,26.608310999999997,22.230063262115475,22.673154654632565,22.220263781677243,21.970083537231442,23.419333996902463,22.440372767578122,21.876135649810788,23.516560378204343,22.027841391693112
2019-06-04 04:45:00+00:00,2019-06-04 05:00:00+00:00,26.761881,850.0,25.3785,21.836196199417113,22.51364256477356,22.29016591644287,20.513092056274413,22.542452112197875,21.28169299697876,20.90122081375122,22.488039747238158,21.086752906799315
2019-06-04 05:00:00+00:00,2019-06-04 05:15:00+00:00,20.524,617.0,26.761881,23.225698596435546,23.91540802140808,23.68201792855835,24.16649592538452,24.6451760592041,23.991862184005736,23.79985225816345,24.72073472161865,23.499586707550048
2019-06-04 05:15:00+00:00,2019-06-04 05:30:00+00:00,5.745687,176.0,20.524,19.811614047527314,20.009149562358857,19.841698240280152,21.179165731906892,20.06444559597969,19.72261936569214,19.274859379768372,20.22209624552727,18.882068585395814
2019-06-04 05:30:00+00:00,2019-06-04 05:45:00+00:00,6.918188000000001,192.0,5.745687,8.015206567489624,9.644921056472779,8.541748992645264,8.437381498062134,7.430651418411255,7.845975152694702,6.8021322409744265,7.795088998519898,7.2243171851272585
2019-06-04 05:45:00+00:00,2019-06-04 06:00:00+00:00,3.9445,121.0,6.918188000000001,8.024957561767579,9.447797441757203,8.526054406440736,9.520535850799561,8.28588762310791,8.593341255462647,7.941878581321717,8.498212361610413,8.069128775871278
2019-06-04 06:00:00+00:00,2019-06-04 06:15:00+00:00,2.347188,70.0,3.9445,4.63624838066101,5.86618653011322,5.3954214162826535,6.499026329040527,5.478515297889709,6.334259063720703,5.661598593711853,5.7084000415802,6.1722123928070065
2019-06-04 06:15:00+00:00,2019-06-04 06:30:00+00:00,3.4079059999999997,95.0,2.347188,2.6759665053253174,3.8549635451202393,3.5294805806045533,4.591357235229492,3.7591935437088013,4.597227339065552,4.005276803291321,3.8797140162353516,4.271724228179932
2019-06-04 06:30:00+00:00,2019-06-04 06:45:00+00:00,8.554219,198.0,3.4079059999999997,3.4300513104168173,4.340869192462921,3.9066594582614895,5.509347621780395,4.591576878410339,5.1661006849822995,4.906843606811523,4.615859333854675,5.084207836967468
2019-06-04 06:45:00+00:00,2019-06-04 07:00:00+00:00,21.653191,643.0,8.554219,7.835011891979217,8.589041143614292,7.69539593901062,10.289509050506592,8.851236753124237,9.322281829971313,9.31209515776062,8.843883059877395,9.539813630241394
2019-06-04 07:00:00+00:00,2019-06-04 07:15:00+00:00,18.263,575.0,21.653191,17.950534969345092,18.76276460267639,17.356728940979004,20.412764101997375,19.00908198930359,18.772715478912353,18.8545431194458,19.081781774536132,18.908571868911743
2019-06-04 07:15:00+00:00,2019-06-04 07:30:00+00:00,16.170441,493.0,18.263,14.072916973114015,14.560664165496828,14.006891239166261,15.556609142303468,15.338797319412233,15.587124574661257,15.58896516609192,15.481891382217409,16.003401029586794
2019-06-04 07:30:00+00:00,2019-06-04 07:45:00+00:00,13.968279999999998,416.0,16.170441,12.27082809640503,13.177760450378418,12.635126440063477,13.767153589263916,13.38510975076294,13.480222312942505,13.499962656036377,13.312086431518555,13.732341615692139
2019-06-04 07:45:00+00:00,2019-06-04 08:00:00+00:00,10.98059,331.0,13.968279999999998,11.725757998733519,12.01216129711151,11.828677815704344,12.115028661994932,11.764003438262938,12.250282925872801,11.96729223182678,11.808995408325194,12.293333334236143
2019-06-04 08:00:00+00:00,2019-06-04 08:15:00+00:00,8.091563,276.0,10.98059,9.501643075790405,10.524204417314529,9.773961319770812,9.414738550033569,9.102646365013122,9.109983577575683,8.967412843551635,9.18760801776886,9.055195703353881
2019-06-04 08:15:00+00:00,2019-06-04 08:30:00+00:00,9.845719,311.0,8.091563,7.062212600028992,8.143242607480765,7.449632479465485,6.92244006565857,6.584471120155335,6.755380763328553,6.523265136993409,6.523720039642335,6.661442651069642
2019-06-04 08:30:00+00:00,2019-06-04 08:45:00+00:00,8.626844,261.0,9.845719,8.014145871299744,9.043512543338776,8.177709480422974,8.2165503703537,8.04944123854065,8.011584540504456,7.911210557121278,8.155175110000611,7.7593251668396
2019-06-04 08:45:00+00:00,2019-06-04 09:00:00+00:00,7.095047,214.0,8.626844,6.532227825302124,7.486976217407227,6.964957307952881,6.8687129727783205,6.843323778289795,7.033991884368897,6.765026044029236,6.815797995704651,6.864611815589905
2019-06-04 09:00:00+00:00,2019-06-04 09:15:00+00:00,4.600094,142.0,7.095047,5.043719294616699,6.005226257392883,5.59445536429596,5.217135074684143,5.32555282408905,5.37611663634491,4.937189343521118,5.199472430297852,5.2979195147247315
2019-06-04 09:15:00+00:00,2019-06-04 09:30:00+00:00,4.239047,134.0,4.600094,3.150788346427918,4.359419683116913,3.605929831165314,3.3808684741439823,3.421039978164673,3.2776520644607547,2.9886020814361576,3.4984664117279056,2.9356800710144046
2019-06-04 09:30:00+00:00,2019-06-04 09:45:00+00:00,3.269328,102.0,4.239047,2.805007168838501,4.03048824686718,3.319157788345337,3.2208303900451662,3.1899178715438845,3.1960659714431765,2.8104938955993655,3.189477274009705,2.837595769950867
2019-06-04 09:45:00+00:00,2019-06-04 10:00:00+00:00,2.990477,92.0,3.269328,1.9215353745727537,3.075002687027931,2.4411588329582212,2.4791189450531004,2.4069554824142454,2.456867219856262,2.026458742073059,2.402818741252899,2.062406303337097
2019-06-04 10:00:00+00:00,2019-06-04 10:15:00+00:00,2.0160549999999997,63.0,2.990477,1.6766152722854613,2.755619738819122,2.0980265481491087,2.164498244049072,2.143560562850952,1.9837286813278197,1.5554635865707396,2.086642895462036,1.7131777150650023
2019-06-04 10:15:00+00:00,2019-06-04 10:30:00+00:00,1.219941,40.0,2.0160549999999997,0.8459078194427487,1.831986439399719,1.2440117122459409,1.3376429797935483,1.315056097679138,1.1320477845001218,0.7022862555313107,1.2220876933860776,0.8906326414871213
2019-06-04 10:30:00+00:00,2019-06-04 10:45:00+00:00,0.8451540000000001,29.0,1.219941,0.29386881972885126,1.1224391409311294,0.5952881374511718,0.7628721990737914,0.7173821725997924,0.5737058916244506,0.1673462190780639,0.6043262281570434,0.22965578223800653
2019-06-04 10:45:00+00:00,2019-06-04 11:00:00+00:00,0.361669,14.0,0.8451540000000001,0.011651170925140453,0.7929744846382142,0.2996229059257508,0.4820408052959443,0.47752044864082344,0.33446444340133674,0.0,0.3435090906181336,0.0
2019-06-04 11:00:00+00:00,2019-06-04 11:15:00+00:00,0.000596,1.0,0.361669,0.0,0.3381263518186808,0.0,0.0,0.02117749652290346,0.0,0.0,0.0,0.0
2019-06-04 11:15:00+00:00,2019-06-04 11:30:00+00:00,0.0,0.0,0.000596,0.0,0.0014646231449246406,0.0,0.0,0.0,0.0,0.0,0.0,0.0
2019-06-04 11:30:00+00:00,2019-06-04 11:45:00+00:00,0.0,0.0,0.0,0.0,0.008423388935625553,0.0,0.0,0.0,0.0,0.0,0.0,0.0
2019-06-04 11:45:00+00:00,2019-06-04 12:00:00+00:00,0.0,0.0,0.0,0.0,0.0,0.0,0.0,0.0,0.0,0.0,0.0,0.0
2019-06-04 12:00:00+00:00,2019-06-04 12:15:00+00:00,0.0,0.0,0.0,0.0,0.08171990513801575,0.0,0.0,0.0,0.0,0.0,0.0,0.0
2019-06-04 12:15:00+00:00,2019-06-04 12:30:00+00:00,0.0,0.0,0.0,0.0,0.045056890696287155,0.0,0.0,0.0,0.0,0.0,0.0,0.0
2019-06-04 12:30:00+00:00,2019-06-04 12:45:00+00:00,0.0,0.0,0.0,0.0,0.011726275086402893,0.0,0.0,0.0,0.0,0.0,0.0,0.0
2019-06-04 12:45:00+00:00,2019-06-04 13:00:00+00:00,0.0,0.0,0.0,0.0,0.07186190038919449,0.0,0.0,0.0,0.0,0.0,0.0,0.0
2019-06-04 13:00:00+00:00,2019-06-04 13:15:00+00:00,0.0,0.0,0.0,0.0,0.0952703207731247,0.0,0.0,0.0,0.0,0.0,0.0,0.0
2019-06-04 13:15:00+00:00,2019-06-04 13:30:00+00:00,0.0,0.0,0.0,0.0,0.06242050975561142,0.0,0.0,0.0,0.0,0.0,0.0,0.0
2019-06-04 13:30:00+00:00,2019-06-04 13:45:00+00:00,0.0,0.0,0.0,0.0,0.0,0.0,0.0,0.0,0.0,0.0,0.0,0.0
2019-06-04 13:45:00+00:00,2019-06-04 14:00:00+00:00,0.0,0.0,0.0,0.0,0.05076460912823677,0.0,0.0,0.0,0.0,0.0,0.0,0.0
2019-06-04 14:00:00+00:00,2019-06-04 14:15:00+00:00,0.0,0.0,0.0,0.0,0.08927983045578003,0.0,0.0,0.0,0.0,0.0,0.0,0.0
2019-06-04 14:15:00+00:00,2019-06-04 14:30:00+00:00,0.0,0.0,0.0,0.0,0.1978120058774948,0.0,0.0,0.0,0.0,0.0,0.0,0.0
2019-06-04 14:30:00+00:00,2019-06-04 14:45:00+00:00,0.0,0.0,0.0,0.0,0.18567946553230286,0.0,0.0,0.0,0.0,0.0,0.0,0.0
2019-06-04 14:45:00+00:00,2019-06-04 15:00:00+00:00,0.0,0.0,0.0,0.0,0.2274450808763504,0.0,0.0,0.0,0.0,0.0,0.0,0.0
2019-06-04 15:00:00+00:00,2019-06-04 15:15:00+00:00,0.0,0.0,0.0,0.0,0.3294965624809265,0.0,0.0,0.012022409588098526,0.0,0.0,0.0,0.0
2019-06-04 15:15:00+00:00,2019-06-04 15:30:00+00:00,0.0,0.0,0.0,0.0,0.338464617729187,0.0,0.0,0.00587296299636364,0.0,0.0,0.0,0.0
2019-06-04 15:30:00+00:00,2019-06-04 15:45:00+00:00,0.0,0.0,0.0,0.0,0.37979426980018616,0.0,0.0,0.01789037138223648,0.0,0.0,0.0,0.0
2019-06-04 15:45:00+00:00,2019-06-04 16:00:00+00:00,0.0,0.0,0.0,0.0,0.4523380398750305,0.0,0.0,0.03011302463710308,0.0,0.0,0.0,0.0
2019-06-04 16:00:00+00:00,2019-06-04 16:15:00+00:00,0.0,0.0,0.0,0.0,0.5000020265579224,0.0,0.0,0.10725987702608109,0.0,0.0,0.0,0.0
2019-06-04 16:15:00+00:00,2019-06-04 16:30:00+00:00,0.0,0.0,0.0,0.0,0.5078502893447876,0.0,0.0,0.10795164853334427,0.0,0.0,0.0,0.0
2019-06-04 16:30:00+00:00,2019-06-04 16:45:00+00:00,0.0,0.0,0.0,0.021401764824986458,0.5384077429771423,0.00036373420152813196,0.0,0.13930892944335938,0.0,0.0,0.0,0.0
2019-06-04 16:45:00+00:00,2019-06-04 17:00:00+00:00,0.0,0.0,0.0,0.04904941841959953,0.5950753688812256,0.0664997324347496,0.0,0.19573825597763062,0.051275379955768585,0.0,0.022850489243865013,0.0
2019-06-04 17:00:00+00:00,2019-06-04 17:15:00+00:00,0.0,0.0,0.0,0.05157847702503204,0.6281628012657166,0.12443263828754425,0.0,0.24982817471027374,0.12607185542583466,0.0,0.04709949344396591,0.0
2019-06-04 17:15:00+00:00,2019-06-04 17:30:00+00:00,0.0,0.0,0.0,0.055026330053806305,0.6082186102867126,0.17604973912239075,0.0,0.2516462802886963,0.10150043666362762,0.0,0.0,0.0
2019-06-04 17:30:00+00:00,2019-06-04 17:45:00+00:00,0.0,0.0,0.0,0.06537376344203949,0.6643345355987549,0.2503824830055237,0.01936739683151245,0.2942058742046356,0.18856115639209747,0.0,0.06529325246810913,0.0
2019-06-04 17:45:00+00:00,2019-06-04 18:00:00+00:00,0.0,0.0,0.0,0.04836275428533554,0.6606419086456299,0.29753467440605164,0.03520389646291733,0.31857922673225403,0.17307814955711365,0.0,0.03752325847744942,0.0
2019-06-04 18:00:00+00:00,2019-06-04 18:15:00+00:00,0.0,0.0,0.0,0.035035133361816406,0.677946150302887,0.28193217515945435,0.01386661920696497,0.3666917681694031,0.20431160926818848,0.0,0.058128081262111664,0.0
2019-06-04 18:15:00+00:00,2019-06-04 18:30:00+00:00,0.0,0.0,0.0,0.06933893263339996,0.6990920305252075,0.3627631664276123,0.052396006882190704,0.39841246604919434,0.21897774934768677,0.0,0.07267511636018753,0.0
2019-06-04 18:30:00+00:00,2019-06-04 18:45:00+00:00,0.0,0.0,0.0,0.12370135635137558,0.7569939494132996,0.4527742564678192,0.12044965475797653,0.40049901604652405,0.24234256148338318,0.0370815172791481,0.12943921983242035,0.0
2019-06-04 18:45:00+00:00,2019-06-04 19:00:00+00:00,0.0,0.0,0.0,0.1371965855360031,0.8378354907035828,0.5125864744186401,0.16676467657089233,0.4410441517829895,0.3672298789024353,0.10136767476797104,0.2883356213569641,0.0
2019-06-04 19:00:00+00:00,2019-06-04 19:15:00+00:00,0.0,0.0,0.0,0.12893155217170715,0.838956356048584,0.5765709280967712,0.1837233453989029,0.4798057973384857,0.3901621997356415,0.11643362790346146,0.3494640588760376,0.0
2019-06-04 19:15:00+00:00,2019-06-04 19:30:00+00:00,0.0,0.0,0.0,0.15213517844676971,0.8213661313056946,0.6382290720939636,0.23032745718955994,0.48286232352256775,0.3726736605167389,0.17739379405975342,0.308855801820755,0.0
2019-06-04 19:30:00+00:00,2019-06-04 19:45:00+00:00,0.0,0.0,0.0,0.10590684413909912,0.806079089641571,0.6165555119514465,0.19476185739040375,0.5752784013748169,0.4086097478866577,0.09288351982831955,0.34130215644836426,0.0
2019-06-04 19:45:00+00:00,2019-06-04 20:00:00+00:00,0.0,0.0,0.0,0.10382997244596481,0.8184918165206909,0.6521039605140686,0.21100357174873352,0.6498950123786926,0.4154716432094574,0.11922474205493927,0.38448095321655273,0.0
2019-06-04 20:00:00+00:00,2019-06-04 20:15:00+00:00,0.0,0.0,0.0,0.0986638069152832,0.8540565967559814,0.6896358728408813,0.21776673197746277,0.7114117741584778,0.4067174196243286,0.1476132720708847,0.5277013182640076,0.0
2019-06-04 20:15:00+00:00,2019-06-04 20:30:00+00:00,0.0,0.0,0.0,0.09997031837701797,0.8745294809341431,0.7416578531265259,0.23856405913829803,0.7566893696784973,0.39784491062164307,0.17225340008735657,0.5809015035629272,0.0
2019-06-04 20:30:00+00:00,2019-06-04 20:45:00+00:00,0.0,0.0,0.0,0.11141698807477951,0.912310779094696,0.7725040912628174,0.25121134519577026,0.8093287944793701,0.36854514479637146,0.2096065878868103,0.6153549551963806,0.0
2019-06-04 20:45:00+00:00,2019-06-04 21:00:00+00:00,0.0,0.0,0.0,0.1332608014345169,0.9690919518470764,0.7963293790817261,0.26577383279800415,0.8460450768470764,0.38108912110328674,0.2288798987865448,0.6679620146751404,0.07384225726127625
2019-06-04 21:00:00+00:00,2019-06-04 21:15:00+00:00,0.000668,0.0,0.0,0.13067321479320526,0.9710254073143005,0.8359145522117615,0.27248135209083557,0.8662609457969666,0.3981941044330597,0.22798143327236176,0.6802783608436584,0.11091604828834534
2019-06-04 21:15:00+00:00,2019-06-04 21:30:00+00:00,0.085861,4.0,0.000668,0.11315708191919327,0.9394334066085815,0.8857649672203064,0.32603413941192627,0.8633210766487122,0.44619257332611084,0.22734671415615082,0.6849200833015442,0.1501397299938202
2019-06-04 21:30:00+00:00,2019-06-04 21:45:00+00:00,0.235594,8.0,0.085861,0.20078253257131579,1.029164644657135,1.0108443822250366,0.4370180394039154,0.9707895840988159,0.5581078256950378,0.3316517646894455,0.8143400873527527,0.3032340880022049
2019-06-04 21:45:00+00:00,2019-06-04 22:00:00+00:00,0.342939,12.0,0.235594,0.3732667372407913,1.1957428709449769,1.1926408068122865,0.6254906908454895,1.143881286758423,0.7426887408676147,0.5066576258125305,0.9996293441238403,0.5873568908157348
2019-06-04 22:00:00+00:00,2019-06-04 22:15:00+00:00,0.424662,14.0,0.342939,0.461753118206501,1.2853717015876769,1.3659605787887572,0.7972024785175323,1.2908934162750243,0.8978059695854187,0.6362148927345276,1.1084785865440367,0.6717367874279022
2019-06-04 22:15:00+00:00,2019-06-04 22:30:00+00:00,0.60509,20.0,0.424662,0.5895138294095993,1.3553373873825074,1.582055217086792,1.0160379469985963,1.4263886273498536,0.9999659121627807,0.8474344075317383,1.186996942817688,0.7203304529781341
2019-06-04 22:30:00+00:00,2019-06-04 22:45:00+00:00,0.815609,24.0,0.60509,0.8257323282623291,1.622620918121338,1.7679629104995729,1.2474782246017457,1.6218526142501832,1.20974806722641,1.1406038778686525,1.4076167124176027,1.1715856569671632
2019-06-04 22:45:00+00:00,2019-06-04 23:00:00+00:00,1.321059,38.0,0.815609,1.082619897397995,1.93102385786438,2.041599176200867,1.5321148255195618,1.8409110524978638,1.443728707107544,1.4320353486862183,1.6037919738616944,1.444221220287323
2019-06-04 23:00:00+00:00,2019-06-04 23:15:00+00:00,1.926477,56.0,1.321059,1.5941850359287262,2.4905258531417847,2.6589633340682983,2.1070257539596557,2.4733306283798218,2.110592793926239,1.9745310659255981,2.2027387733306885,1.9665252084579468
2019-06-04 23:15:00+00:00,2019-06-04 23:30:00+00:00,1.973016,57.0,1.926477,2.2538765816707613,3.1492960898895266,3.2705862967987063,2.7145732491035464,3.200884982826233,2.8021769969482424,2.6164750902671816,2.9334766118545534,2.656208321334839
2019-06-04 23:30:00+00:00,2019-06-04 23:45:00+00:00,2.389352,69.0,1.973016,2.4004907967720035,3.265831685272217,3.3994649412307743,2.7730453374061588,3.3638238670501712,2.87956593057251,2.7288048031005863,3.03145060559845,2.7797282101783756
2019-06-04 23:45:00+00:00,2019-06-05 00:00:00+00:00,2.129477,64.0,2.389352,2.8362818720359804,3.6834670665283205,3.880175745727539,3.2537215116043092,3.779959833862305,3.404450571777344,3.1337210299987794,3.436633861305237,3.2889864208717348
2019-06-05 00:00:00+00:00,2019-06-05 00:15:00+00:00,3.029141,84.0,2.129477,2.631175911190033,3.511516189338684,3.7363048551101685,3.0695252177734376,3.5587198493499757,3.225496148826599,2.958715533973694,3.191248035194397,3.1572963950653077
2019-06-05 00:15:00+00:00,2019-06-05 00:30:00+00:00,3.1279060000000003,87.0,3.029141,3.5787535221252442,4.525296977249146,4.644174864974976,4.033374121871948,4.507894209114075,4.240673831192017,3.8759370953712464,4.1108903200302125,4.181119015899658
2019-06-05 00:30:00+00:00,2019-06-05 00:45:00+00:00,3.205563,91.0,3.1279060000000003,3.7229389899787906,4.743546997886658,4.751565372329712,4.162157093864441,4.671831285339356,4.428610002380371,3.9785659068641666,4.236142789703369,4.3903106802520755
2019-06-05 00:45:00+00:00,2019-06-05 01:00:00+00:00,4.83875,136.0,3.205563,3.8509718091850282,4.913691809928894,4.8551631482009885,4.262696316993713,4.790896108901977,4.564284017837524,4.05258505657959,4.331246307647705,4.5743616135482785
2019-06-05 01:00:00+00:00,2019-06-05 01:15:00+00:00,4.058907,115.0,4.83875,5.499206418991089,6.5094710540771485,6.345973963737488,5.910566444396973,6.34149395942688,6.201998586654663,5.538422520160675,5.826807315349579,6.123259539604187
2019-06-05 01:15:00+00:00,2019-06-05 01:30:00+00:00,3.469047,99.0,4.058907,4.741569010192871,5.7808059133834835,5.664367405349731,5.120517221862793,5.474806753570556,5.424022284919738,4.659666148597717,4.930358795101165,5.400412289077758
2019-06-05 01:30:00+00:00,2019-06-05 01:45:00+00:00,3.011312,86.0,3.469047,4.1762319703788755,5.235315610954284,5.140592028686523,4.47507338721466,4.835553814956665,4.761551906654358,4.077543069908142,4.410011877605438,4.847706963607788
2019-06-05 01:45:00+00:00,2019-06-05 02:00:00+00:00,5.602844,151.0,3.011312,3.665312282287598,4.696450106346131,4.683859698020935,3.9402412097091677,4.294991842948914,4.208391420089722,3.61770700617981,3.945335201465607,4.423214070045471
2019-06-05 02:00:00+00:00,2019-06-05 02:15:00+00:00,4.432641,124.0,5.602844,6.171272456783295,6.990276098388672,7.030928373474121,6.536393821376801,6.670241356033325,6.61388075365448,6.068403244155884,6.192589581150055,6.766124487060547
2019-06-05 02:15:00+00:00,2019-06-05 02:30:00+00:00,3.168813,94.0,4.432641,5.030543059555054,5.905063242164612,5.964072436538697,5.347515434471131,5.436626643386841,5.410421640125275,4.874104828086853,5.063193411079407,5.57524296685791
2019-06-05 02:30:00+00:00,2019-06-05 02:45:00+00:00,3.689547,102.0,3.168813,3.775760362422943,4.62142063168335,4.698135624206543,3.9527725079422,4.174442301071167,4.16569084910202,3.6111389496688844,4.0046498277549745,4.356141696250916
2019-06-05 02:45:00+00:00,2019-06-05 03:00:00+00:00,4.791172,146.0,3.689547,4.311818716594696,5.1492558098526,5.2939204550476076,4.505233404705048,4.655625639030457,4.604014811584473,4.191619036266327,4.467430768081665,4.8596574640960695
2019-06-05 03:00:00+00:00,2019-06-05 03:15:00+00:00,5.563469,161.0,4.791172,5.423563154766083,6.214898797103882,6.18273923022461,5.605655225345612,5.7210866533012394,5.58672556502533,5.266665282079697,5.468338521549225,5.737059506008149
2019-06-05 03:15:00+00:00,2019-06-05 03:30:00+00:00,3.946359,118.0,5.563469,6.1298009230079655,6.843790955680848,6.6911898328247075,6.358708210128785,6.399394221443177,6.1938108874740605,5.857335038322449,5.965076364416123,6.309736437934876
2019-06-05 03:30:00+00:00,2019-06-05 03:45:00+00:00,6.484953,179.0,3.946359,4.519966981204987,5.19135673979187,5.113316020759583,4.675552210601807,4.778092107566834,4.548436960968018,4.250768235715866,4.3769453678455355,4.723726949485779
2019-06-05 03:45:00+00:00,2019-06-05 04:00:00+00:00,4.389438,126.0,6.484953,6.896254821470261,7.486337973526001,7.294694914272308,7.199174000671387,7.153860046318054,6.885872646024704,6.541985901793718,6.488928874744356,6.967495723417282
2019-06-05 04:00:00+00:00,2019-06-05 04:15:00+00:00,3.253906,82.0,4.389438,4.739924814975739,5.369190659797669,5.308156814849854,5.141662624156952,5.054614331996918,4.677346881902695,4.368524570441723,4.0832200315361025,4.815970059907913
2019-06-05 04:15:00+00:00,2019-06-05 04:30:00+00:00,2.7324610000000003,72.0,3.253906,3.553180951219559,4.263947236877442,4.246302235466004,3.9306310299453737,3.9692273620185854,3.546804863554001,3.2254007361499073,2.998521584611893,3.6465170565662386
2019-06-05 04:30:00+00:00,2019-06-05 04:45:00+00:00,2.591094,63.0,2.7324610000000003,3.0898642187461856,3.9998352771148684,3.9230805878982546,3.4714143519744876,3.5921394472465518,3.0311147814140322,2.799136662994385,2.572968283806801,3.097107762609482
2019-06-05 04:45:00+00:00,2019-06-05 05:00:00+00:00,3.266156,83.0,2.591094,2.948617560523987,3.9223664828720093,3.6757340260925293,3.365998251098633,3.479817373413086,2.895236028093338,2.700508964914322,2.4890249126734734,2.9311049708309174
2019-06-05 05:00:00+00:00,2019-06-05 05:15:00+00:00,3.427485,87.0,3.266156,3.576484245162964,4.473664802413941,4.117248219352723,4.059351843696595,4.115426462989808,3.540635001760483,3.2526252948758603,2.968085599046707,3.501944121819496
2019-06-05 05:15:00+00:00,2019-06-05 05:30:00+00:00,2.942734,74.0,3.427485,3.746312509880066,4.654554973945618,4.060505520210266,4.272516797885895,4.335729013786316,3.705705772743225,3.428827492410913,3.273095871911049,3.64874767850399
2019-06-05 05:30:00+00:00,2019-06-05 05:45:00+00:00,3.08443,77.0,2.942734,3.332726713928223,4.238417264732361,3.590459582122803,3.82226395300293,3.8884617059555056,3.2967522113647463,3.026613791200161,2.940766602714375,3.2240990369644167
2019-06-05 05:45:00+00:00,2019-06-05 06:00:00+00:00,7.175219,197.0,3.08443,3.4355454949665067,4.24449851196289,3.550220808200836,3.93175049703598,3.9188029376792906,3.3533912209796903,2.977577438764572,2.8060315458106992,3.2503646520900724
2019-06-05 06:00:00+00:00,2019-06-05 06:15:00+00:00,4.415031,120.0,7.175219,7.021237835902214,7.603060126918793,6.719885647911072,7.919421852249146,7.557561725992203,6.965985283869744,6.320507765430451,6.343444586414337,6.743432045597077
2019-06-05 06:15:00+00:00,2019-06-05 06:30:00+00:00,2.1940619999999997,61.0,4.415031,4.343457831960678,4.968198462348938,4.193343727808952,5.056513710838318,4.827789886814117,4.238874002319336,3.5425194939193725,3.743962450843811,4.176987423521042
2019-06-05 06:30:00+00:00,2019-06-05 06:45:00+00:00,2.2212970000000003,57.0,2.1940619999999997,2.457726126396179,3.2004277760620115,2.420038377725601,2.836620932304382,2.786130493366241,2.2990825454230306,1.6055697853202817,1.751374488555908,2.2177338412488696
2019-06-05 06:45:00+00:00,2019-06-05 07:00:00+00:00,2.294578,63.0,2.2212970000000003,2.496459130594254,3.1828127246589664,2.426202539751053,2.903850589344025,2.767338250228882,2.3802544515819553,1.7912383120746616,1.7269829552860263,2.28668050135088
2019-06-05 07:00:00+00:00,2019-06-05 07:15:00+00:00,2.531156,69.0,2.294578,2.487713976791382,3.1983983954696655,2.355669087758541,2.931896015098572,2.7923179706840515,2.4877555361299515,1.8457897445468903,1.8158911606578827,2.331564216902733
2019-06-05 07:15:00+00:00,2019-06-05 07:30:00+00:00,3.773766,104.0,2.531156,2.5830552953002455,3.335910137992859,2.3904834205923082,3.0765901769218447,2.9383400941905977,2.6982633585748674,1.917935844760895,2.0393210614738466,2.429537367325783
2019-06-05 07:30:00+00:00,2019-06-05 07:45:00+00:00,3.940672,111.0,3.773766,3.5512112418088915,4.236858148303986,3.298944283452988,4.204745400873184,4.015102211562157,3.7616201482612492,2.985072095123291,3.161493439403534,3.519732672897339
2019-06-05 07:45:00+00:00,2019-06-05 08:00:00+00:00,2.840031,72.0,3.940672,3.5010750787944795,4.242783864089966,3.301252325126648,4.263366391012192,4.101813321063042,3.787700523683548,3.0716319280357363,3.3409428792686464,3.547275741645813
2019-06-05 08:00:00+00:00,2019-06-05 08:15:00+00:00,1.607676,43.0,2.840031,2.4961044510421755,3.245730193477631,2.3142501433906557,3.086688729148865,2.990908520442009,2.6953975280342104,1.9518081267890932,2.3093203624305727,2.5001756866989138
2019-06-05 08:15:00+00:00,2019-06-05 08:30:00+00:00,1.321688,35.0,1.607676,1.389841288925171,2.126090616584778,1.1900855308780671,1.721173778773308,1.701208219529152,1.5276138415942193,0.6866407102355958,1.084293991924286,1.2332961565265657
2019-06-05 08:30:00+00:00,2019-06-05 08:45:00+00:00,1.26875,35.0,1.321688,1.0948753095035553,1.7931833005313873,0.9065120554332733,1.3670354149107933,1.3448523579900264,1.2536730876927376,0.3933703935508728,0.7484058773880005,0.8583983815078735
2019-06-05 08:45:00+00:00,2019-06-05 09:00:00+00:00,1.284172,35.0,1.26875,0.9535327136516571,1.6236744403839112,0.7750856757164002,1.2396858215332032,1.2140715710818768,1.1672388270497323,0.32423411607742314,0.6518285155296326,0.7145995974540711
2019-06-05 09:00:00+00:00,2019-06-05 09:15:00+00:00,1.046473,27.0,1.284172,0.9447045937271119,1.5549944654197694,0.771931828567505,1.3405561946423055,1.249015787252903,1.161473923930645,0.5130233183593751,0.6515188232154847,0.771025837966919
2019-06-05 09:15:00+00:00,2019-06-05 09:30:00+00:00,0.988176,26.0,1.046473,0.63832030052948,1.3373428916435242,0.499363932559967,0.9855618549387455,0.9870464576284885,0.9153259431819916,0.15779838318634032,0.4104891156654358,0.4474243258934021
2019-06-05 09:30:00+00:00,2019-06-05 09:45:00+00:00,0.8228549999999999,26.0,0.988176,0.5617562948474885,1.261973243833542,0.4241190670738221,0.9523986547002793,0.9599091323772669,0.8534491329202653,0.1624884127388001,0.3616260408172608,0.37551290977096563
2019-06-05 09:45:00+00:00,2019-06-05 10:00:00+00:00,0.716283,21.0,0.8228549999999999,0.34264305661201466,1.0676487875986098,0.2033912582206725,0.7187377555179595,0.754624199669361,0.6590591860818862,0.0,0.14898604581832875,0.15135145614624013
2019-06-05 10:00:00+00:00,2019-06-05 10:15:00+00:00,0.811371,24.0,0.716283,0.15492830324935913,0.9033824567871094,0.016030347831726077,0.545013583190918,0.5263564949111939,0.46574760127830506,0.0,0.018210685737609866,0.0080000524597168
2019-06-05 10:15:00+00:00,2019-06-05 10:30:00+00:00,0.591801,18.0,0.811371,0.274624378868103,1.0208957954130171,0.1322518302879333,0.7179353101930618,0.7030280395231246,0.549634189792633,0.012634844966888381,0.1748369051895141,0.11639133233642573
2019-06-05 10:30:00+00:00,2019-06-05 10:45:00+00:00,0.388726,13.0,0.591801,0.06789774930572512,0.7941930714855194,0.0,0.5184666860709191,0.48274759686088564,0.29247872269248965,0.0,0.0,0.0
2019-06-05 10:45:00+00:00,2019-06-05 11:00:00+00:00,0.224137,8.0,0.388726,0.0,0.5477228800544739,0.0,0.28509360205030443,0.2125972102174759,0.04953897397613527,0.0,0.0,0.0
2019-06-05 11:00:00+00:00,2019-06-05 11:15:00+00:00,0.086283,5.0,0.224137,0.0,0.45314060822677615,0.0,0.2089307822341919,0.13404241875362397,0.0,0.0,0.0,0.0
2019-06-05 11:15:00+00:00,2019-06-05 11:30:00+00:00,0.0,1.0,0.086283,0.0,0.3722474889831543,0.0,0.13537931609916687,0.047139638848781584,0.0,0.0,0.0,0.0
2019-06-05 11:30:00+00:00,2019-06-05 11:45:00+00:00,0.0,0.0,0.0,0.0,0.3546609878540039,0.0,0.115750253200531,0.004118357785046101,0.0,0.0,0.0,0.0
2019-06-05 11:45:00+00:00,2019-06-05 12:00:00+00:00,0.0,0.0,0.0,0.0,0.44212162494659424,0.0,0.12542054057121277,0.04330109804868698,0.0,0.0,0.0,0.0
2019-06-05 12:00:00+00:00,2019-06-05 12:15:00+00:00,0.0,0.0,0.0,0.0,0.4331466257572174,0.0,0.12990666925907135,0.04542594775557518,0.0,0.0,0.0,0.0
2019-06-05 12:15:00+00:00,2019-06-05 12:30:00+00:00,0.0,0.0,0.0,0.0,0.24318502843379974,0.0,0.1343449056148529,0.0,0.0,0.0,0.0,0.0
2019-06-05 12:30:00+00:00,2019-06-05 12:45:00+00:00,0.0,0.0,0.0,0.0,0.251255601644516,0.0,0.13382893800735474,0.0,0.0,0.0,0.0,0.0
2019-06-05 12:45:00+00:00,2019-06-05 13:00:00+00:00,0.0,0.0,0.0,0.0,0.1709572672843933,0.0,0.11621907353401184,0.0,0.0,0.0,0.0,0.0
2019-06-05 13:00:00+00:00,2019-06-05 13:15:00+00:00,0.0,0.0,0.0,0.0,0.13623325526714325,0.0,0.1084560975432396,0.0,0.0,0.0,0.0,0.0
2019-06-05 13:15:00+00:00,2019-06-05 13:30:00+00:00,0.0,0.0,0.0,0.0,0.15350809693336487,0.0,0.12160205096006393,0.0,0.0,0.0,0.0,0.0
2019-06-05 13:30:00+00:00,2019-06-05 13:45:00+00:00,0.0,0.0,0.0,0.0,0.1633439064025879,0.0,0.09485042095184326,0.0,0.0,0.0,0.0,0.0
2019-06-05 13:45:00+00:00,2019-06-05 14:00:00+00:00,0.0,0.0,0.0,0.0,0.18560832738876343,0.0,0.10472797602415085,0.0,0.0,0.0,0.0,0.0
2019-06-05 14:00:00+00:00,2019-06-05 14:15:00+00:00,0.0,0.0,0.0,0.0,0.21797004342079163,0.0,0.07970577478408813,0.0,0.0,0.0,0.0,0.0
2019-06-05 14:15:00+00:00,2019-06-05 14:30:00+00:00,0.0,0.0,0.0,0.0,0.31416940689086914,0.0,0.10660040378570557,0.0,0.0,0.0,0.0,0.0
2019-06-05 14:30:00+00:00,2019-06-05 14:45:00+00:00,0.0,0.0,0.0,0.0,0.3369455337524414,0.0,0.0807553380727768,0.005608066916465759,0.0,0.0,0.0,0.0
2019-06-05 14:45:00+00:00,2019-06-05 15:00:00+00:00,0.0,0.0,0.0,0.0,0.4101482629776001,0.0,0.07872496545314789,0.05493847280740738,0.0,0.0,0.0,0.0
2019-06-05 15:00:00+00:00,2019-06-05 15:15:00+00:00,0.0,0.0,0.0,0.0,0.5686153769493103,0.0,0.08085669577121735,0.14458957314491272,0.0,0.0,0.0,0.0
2019-06-05 15:15:00+00:00,2019-06-05 15:30:00+00:00,0.0,0.0,0.0,0.013210536912083626,0.6248342394828796,0.0,0.08413142710924149,0.1905069649219513,0.0,0.0,0.0,0.0
2019-06-05 15:30:00+00:00,2019-06-05 15:45:00+00:00,0.0,0.0,0.0,0.04886187985539436,0.6593400239944458,0.0,0.06615617871284485,0.2363404631614685,0.0,0.0,0.0,0.0
2019-06-05 15:45:00+00:00,2019-06-05 16:00:00+00:00,0.0,0.0,0.0,0.0424104705452919,0.6021681427955627,0.0,0.12258479744195938,0.21379657089710236,0.0,0.0,0.0,0.0
2019-06-05 16:00:00+00:00,2019-06-05 16:15:00+00:00,0.0,0.0,0.0,0.053109459578990936,0.5718055963516235,0.0,0.15159936249256134,0.2118588238954544,0.0,0.0,0.0,0.0
2019-06-05 16:15:00+00:00,2019-06-05 16:30:00+00:00,0.0,0.0,0.0,0.05298673361539841,0.5665256381034851,0.0,0.14988462626934052,0.22454489767551422,0.0,0.0,0.0,0.0
2019-06-05 16:30:00+00:00,2019-06-05 16:45:00+00:00,0.0,0.0,0.0,0.05774488300085068,0.5997074842453003,0.0,0.14342185854911804,0.2682622969150543,0.0,0.0,0.04434358701109886,0.0
2019-06-05 16:45:00+00:00,2019-06-05 17:00:00+00:00,0.0,0.0,0.0,0.019430650398135185,0.6294031739234924,0.0,0.09977713972330093,0.28471654653549194,0.0,0.0,0.08933001011610031,0.0
2019-06-05 17:00:00+00:00,2019-06-05 17:15:00+00:00,0.0,0.0,0.0,0.09847285598516464,0.656929612159729,0.037307485938072205,0.17134086787700653,0.31938156485557556,0.031131185591220856,0.0,0.10777068883180618,0.0
2019-06-05 17:15:00+00:00,2019-06-05 17:30:00+00:00,0.0,0.0,0.0,0.10642506182193756,0.8123050332069397,0.1357804536819458,0.08377743512392044,0.42975303530693054,0.1773451864719391,0.007773655466735363,0.24409429728984833,0.0
2019-06-05 17:30:00+00:00,2019-06-05 17:45:00+00:00,0.0,0.0,0.0,0.09827633202075958,0.7970342636108398,0.23318511247634888,0.10675899684429169,0.4329279065132141,0.2140331119298935,0.04076207056641579,0.210539311170578,0.0
2019-06-05 17:45:00+00:00,2019-06-05 18:00:00+00:00,0.0,0.0,0.0,0.07336096465587616,0.8251513242721558,0.2829720973968506,0.09068308025598526,0.4466477334499359,0.25068506598472595,0.039069753140211105,0.2408977895975113,0.0
2019-06-05 18:00:00+00:00,2019-06-05 18:15:00+00:00,0.0,0.0,0.0,0.08509521186351776,0.7855992317199707,0.35333412885665894,0.13336686789989471,0.441610187292099,0.23617343604564667,0.1250534951686859,0.2020241767168045,0.0
2019-06-05 18:15:00+00:00,2019-06-05 18:30:00+00:00,0.0,0.0,0.0,0.0759110078215599,0.8694304823875427,0.3717597424983978,0.07593657821416855,0.47167733311653137,0.235423743724823,0.11673939973115921,0.29013434052467346,0.0
2019-06-05 18:30:00+00:00,2019-06-05 18:45:00+00:00,0.0,0.0,0.0,0.07333660870790482,0.8675317168235779,0.4043060541152954,0.07154697179794312,0.48747143149375916,0.24701456725597382,0.11796200275421143,0.3041982054710388,0.0
2019-06-05 18:45:00+00:00,2019-06-05 19:00:00+00:00,0.0,0.0,0.0,0.07330553233623505,0.8801297545433044,0.42415016889572144,0.05239821970462799,0.5092967748641968,0.24502132833003998,0.1038864403963089,0.3341905176639557,0.0
2019-06-05 19:00:00+00:00,2019-06-05 19:15:00+00:00,0.0,0.0,0.0,0.09348518401384354,0.899242103099823,0.4605896472930908,0.05104555934667587,0.5527331829071045,0.2515658438205719,0.11956240981817245,0.3447504937648773,0.0
2019-06-05 19:15:00+00:00,2019-06-05 19:30:00+00:00,0.0,0.0,0.0,0.11417290568351746,0.914607584476471,0.49078992009162903,0.06815257668495178,0.5856434106826782,0.26379790902137756,0.14834697544574738,0.3441632390022278,0.0
2019-06-05 19:30:00+00:00,2019-06-05 19:45:00+00:00,0.0,0.0,0.0,0.09399758279323578,0.8587435483932495,0.5292487740516663,0.14334367215633392,0.5708367228507996,0.3085523843765259,0.14722973108291626,0.34531518816947937,0.0
2019-06-05 19:45:00+00:00,2019-06-05 20:00:00+00:00,0.0,0.0,0.0,0.0667208805680275,0.8391451239585876,0.5510534048080444,0.17424632608890533,0.5962105989456177,0.3369165360927582,0.14178107678890228,0.3581504821777344,0.0
2019-06-05 20:00:00+00:00,2019-06-05 20:15:00+00:00,0.0,0.0,0.0,0.10079234093427658,0.8321933150291443,0.6078284978866577,0.3253600299358368,0.6498962044715881,0.32773324847221375,0.2423204928636551,0.43135714530944824,0.0
2019-06-05 20:15:00+00:00,2019-06-05 20:30:00+00:00,0.0,0.0,0.0,0.1243823915719986,0.8653603196144104,0.658698558807373,0.39124712347984314,0.7007982730865479,0.3518110513687134,0.33072319626808167,0.45861685276031494,0.0
2019-06-05 20:30:00+00:00,2019-06-05 20:45:00+00:00,0.0,0.0,0.0,0.185583233833313,0.9174992442131042,0.7576384544372559,0.4456499516963959,0.726123571395874,0.35347333550453186,0.4313148260116577,0.4939383566379547,0.0
2019-06-05 20:45:00+00:00,2019-06-05 21:00:00+00:00,0.0,0.0,0.0,0.1948811113834381,0.9512827396392822,0.8016383051872253,0.47802478075027466,0.7754404544830322,0.37919881939888,0.4658224582672119,0.5015488266944885,0.0
2019-06-05 21:00:00+00:00,2019-06-05 21:15:00+00:00,0.0,1.0,0.0,0.17708438634872437,1.00374174118042,0.8233518004417419,0.4328926205635071,0.8550457954406738,0.4480752944946289,0.4358678460121155,0.5790262222290039,0.0
2019-06-05 21:15:00+00:00,2019-06-05 21:30:00+00:00,0.0618639999999999,3.0,0.0,0.22087515890598297,1.0082719326019287,0.9221779704093933,0.5131490230560303,0.8915285468101501,0.4448516368865967,0.4976122975349426,0.600038468837738,0.0
2019-06-05 21:30:00+00:00,2019-06-05 21:45:00+00:00,0.247926,8.0,0.0618639999999999,0.2961859816684722,1.0994181448593139,1.0373370463027953,0.6140348130836486,1.0033996516838073,0.5549529308452605,0.5911162907257079,0.7020165735855102,0.08939077351236333
2019-06-05 21:45:00+00:00,2019-06-05 22:00:00+00:00,0.34702,10.0,0.247926,0.47148521566486357,1.3160194190750123,1.251262548805237,0.7997621926078796,1.2398817571411134,0.775946441532135,0.7676572831878662,0.9220488103637695,0.3997918101558685
2019-06-05 22:00:00+00:00,2019-06-05 22:15:00+00:00,0.459758,15.0,0.34702,0.588052600402832,1.4443770346832276,1.3663701710891725,0.9168209133338928,1.4262655673217774,0.906939536113739,0.902531474609375,1.0616019067955018,0.7043761012744904
2019-06-05 22:15:00+00:00,2019-06-05 22:30:00+00:00,0.700916,22.0,0.459758,0.7083727582530975,1.5731751485900878,1.5143830343322753,1.0556195541458129,1.5771764083938598,1.0501137538986205,1.0123050376014708,1.1902895136909484,0.8890721663074493
2019-06-05 22:30:00+00:00,2019-06-05 22:45:00+00:00,0.994574,32.0,0.700916,0.9622756320152283,1.8016864734802245,1.8259945589218138,1.3813383060607909,1.8166806179199217,1.3904180008087157,1.2477554756317137,1.4493634182128905,1.171077736011505
2019-06-05 22:45:00+00:00,2019-06-05 23:00:00+00:00,1.9692419999999995,58.0,0.994574,1.3177208498706818,2.146681000350952,2.228383232711792,1.743356515525818,2.1162981287231446,1.7697617307891846,1.5907430545082093,1.7436912552108765,1.56747256672287
2019-06-05 23:00:00+00:00,2019-06-05 23:15:00+00:00,3.317289,96.0,1.9692419999999995,2.306190633193969,3.1731246942443843,3.212977313415527,2.7731911772651667,3.158298038856506,2.9247555965347285,2.591113888637542,2.790235363857269,2.6622556084556575
2019-06-05 23:15:00+00:00,2019-06-05 23:30:00+00:00,3.1235310000000003,87.0,3.317289,3.6560297660484316,4.547815208877564,4.507228618110657,4.169096951927186,4.56539440676117,4.367735748733521,3.903091674293518,4.206489389385224,4.125132267917634
2019-06-05 23:30:00+00:00,2019-06-05 23:45:00+00:00,3.584766000000001,104.0,3.1235310000000003,3.4752004307327273,4.375092760902405,4.358350412231445,3.967658178192139,4.418493882995605,4.170243875366211,3.6822684567985537,4.046953157764435,3.9819036882934573
2019-06-05 23:45:00+00:00,2019-06-06 00:00:00+00:00,2.273305,59.0,3.584766000000001,3.9385568494472514,4.80316325971222,4.843068330970765,4.43474993058777,4.889229505744935,4.605543583122254,4.1020857388649,4.505159109321595,4.466324477878572
2019-06-06 00:00:00+00:00,2019-06-06 00:15:00+00:00,1.983625,53.0,2.273305,2.617479236059189,3.538016856842041,3.665144861869812,3.101692439250946,3.527460993461609,3.3453317295837404,2.8248161684799196,3.2258954655456544,3.227800966434479
2019-06-06 00:15:00+00:00,2019-06-06 00:30:00+00:00,1.670238,49.0,1.983625,2.3124851338863373,3.26400989818573,3.4297185592651367,2.7839236907958984,3.199062650680542,3.0357491426467895,2.5354228072166443,2.931668465614319,2.9453826599121093
2019-06-06 00:30:00+00:00,2019-06-06 00:45:00+00:00,1.8502419999999995,57.0,1.670238,1.9712907491569518,2.9362542448883056,3.1185045061950682,2.4586701212768554,2.840945106590271,2.6935126601104735,2.207927685821533,2.6131542740707396,2.629394572818756
2019-06-06 00:45:00+00:00,2019-06-06 01:00:00+00:00,2.2655939999999997,59.0,1.8502419999999995,2.1598657182617185,3.146969895736694,3.2749033979339597,2.6356379202766416,3.02220449961853,2.843890052215576,2.410179536716461,2.782070916072845,2.848905306236267
2019-06-06 01:00:00+00:00,2019-06-06 01:15:00+00:00,1.727359,39.0,2.2655939999999997,2.5663580838623044,3.5397194568099972,3.652411097663879,3.01557665504837,3.3801970426025387,3.264020496982574,2.8463581148567196,3.1781619135322567,3.2673122826995846
2019-06-06 01:15:00+00:00,2019-06-06 01:30:00+00:00,1.591898,40.0,1.727359,2.0521158011283873,3.053696695121765,3.1315487058486937,2.436346474441528,2.8142039211120604,2.7136294277038573,2.3334410817947386,2.601234558376312,2.763336244377136
2019-06-06 01:30:00+00:00,2019-06-06 01:45:00+00:00,1.079285,32.0,1.591898,1.9071015176753998,2.90697208618927,2.9802781698684693,2.2758118865470887,2.647176539657593,2.5773471353034973,2.201812541244507,2.431000864265442,2.6338327286224366
2019-06-06 01:45:00+00:00,2019-06-06 02:00:00+00:00,1.487445,46.0,1.079285,1.4442084473705292,2.4165330869293213,2.4914706689453125,1.7983785015678406,2.1222783071136475,2.0268290979003907,1.7688163858985901,1.8504903656578064,2.107430432472229
2019-06-06 02:00:00+00:00,2019-06-06 02:15:00+00:00,3.334406,105.0,1.487445,1.8720686765384673,2.854080322570801,2.864558699913025,2.206094506568909,2.498137358016968,2.416299525089264,2.1980151565742494,2.2107963593673707,2.5002990992736818
2019-06-06 02:15:00+00:00,2019-06-06 02:30:00+00:00,4.351813,125.0,3.334406,3.6916674789009094,4.6186196621475215,4.55713902078247,4.058748584609985,4.320345562320709,4.212907713275909,3.9834257777748108,4.027666431289672,4.238017898422241
2019-06-06 02:30:00+00:00,2019-06-06 02:45:00+00:00,3.671828,105.0,4.351813,4.717777472293854,5.521864574707031,5.416424315727234,5.119649332321167,5.313291054523468,5.109274607456207,4.979926627433777,4.901184123313904,5.114424329555511
2019-06-06 02:45:00+00:00,2019-06-06 03:00:00+00:00,2.91107,94.0,3.671828,4.039807705333709,4.823435990264892,4.691603629043579,4.4175975007324215,4.627904562404632,4.385659484317779,4.229559091976165,4.160898475101471,4.3588893694190975
2019-06-06 03:00:00+00:00,2019-06-06 03:15:00+00:00,4.349844,121.0,2.91107,3.3145338702869416,4.108409057922364,4.002232204742432,3.6528768647384644,3.870197724170685,3.647779237098694,3.4919146407318116,3.32757390625,3.6570027578544617
2019-06-06 03:15:00+00:00,2019-06-06 03:30:00+00:00,4.3864849999999995,124.0,4.349844,4.755636862176895,5.533742568153381,5.325658938545227,5.142178616184235,5.285405835765839,5.029634437221527,4.844245037693024,4.662109306711197,4.9948586436691285
2019-06-06 03:30:00+00:00,2019-06-06 03:45:00+00:00,7.034344,197.0,4.3864849999999995,4.8145479158020015,5.551940937385559,5.24421991859436,5.146632631168365,5.292504568443298,5.035713513240814,4.812272210464477,4.647764106140136,4.950813014850616
2019-06-06 03:45:00+00:00,2019-06-06 04:00:00+00:00,3.870016000000001,108.0,7.034344,7.395053369182587,8.01421700157547,7.423585635799408,7.782011193412781,7.832194847244263,7.540485602993011,7.248139527815819,7.275066820162773,7.339339596408844
2019-06-06 04:00:00+00:00,2019-06-06 04:15:00+00:00,2.937703,72.0,3.870016000000001,4.314080855575563,4.945853016105653,4.670161566463472,4.570887288776399,4.6310928079757705,4.219244352308275,3.982436678138734,3.911007920977832,4.156699946847917
2019-06-06 04:15:00+00:00,2019-06-06 04:30:00+00:00,2.259852,50.0,2.937703,3.403981702020645,4.04896746723938,3.8558960422782897,3.5478481516151428,3.7006372675209045,3.2879977092056274,2.9962204933075904,2.9690361820070743,3.25500817745018
2019-06-06 04:30:00+00:00,2019-06-06 04:45:00+00:00,1.8877580000000005,54.0,2.259852,2.691805430175781,3.3841380555648803,3.216779001476288,2.8125283200759887,3.0311408717651367,2.640786566259384,2.345351882698059,2.2988319140393734,2.5985048193950653
2019-06-06 04:45:00+00:00,2019-06-06 05:00:00+00:00,2.253016,55.0,1.8877580000000005,2.2438217235641487,2.9645837379531867,2.773027701480866,2.426506443126679,2.637029750450135,2.237786097629548,1.9930372146801953,1.8828477749513393,2.2115098072128303
2019-06-06 05:00:00+00:00,2019-06-06 05:15:00+00:00,3.581539,113.0,2.253016,2.5220911254558565,3.2583804180297853,2.9882206966552736,2.785098259654999,2.994881694522858,2.5310544719371797,2.3243646820459367,2.2012437520000936,2.4712897588882448
2019-06-06 05:15:00+00:00,2019-06-06 05:30:00+00:00,6.562282000000001,202.0,3.581539,3.742817575658798,4.347945059265136,4.037601883138656,4.143923545803069,4.212038601364135,3.7077829042329786,3.5540937712296246,3.4038563320293425,3.619735314126253
2019-06-06 05:30:00+00:00,2019-06-06 05:45:00+00:00,7.41475,221.0,6.562282000000001,6.459452171141625,6.874493781740189,6.353127766663552,7.051296744758607,6.923628006393433,6.401319865400315,6.254731539899827,6.1526801328010565,6.216583047325135
2019-06-06 05:45:00+00:00,2019-06-06 06:00:00+00:00,7.706125,212.0,7.41475,6.909888227939605,7.338697781324386,6.656198163986206,7.692883660554886,7.496010360777378,6.931051304101944,6.782558818817138,6.762641926765442,6.538930436134338
2019-06-06 06:00:00+00:00,2019-06-06 06:15:00+00:00,7.879813,192.0,7.706125,6.923075833797455,7.562252366423607,6.813691893100739,7.822044850766659,7.7574016502797605,7.089236715316773,6.9018909125328065,6.967167833328247,6.697369196891785
2019-06-06 06:15:00+00:00,2019-06-06 06:30:00+00:00,6.658532000000001,179.0,7.879813,7.013094767368317,7.789220712519169,6.934010132587433,7.798735320008278,7.848550795948983,7.125867828166962,6.938489421642304,7.022189005649567,6.684820576942444
2019-06-06 06:30:00+00:00,2019-06-06 06:45:00+00:00,10.14256,273.0,6.658532000000001,5.656747913772584,6.566926783735276,5.853079593593598,6.600180084670306,6.551121494585992,5.827771282608033,5.657863235885621,5.65378747027588,5.361740327293397
2019-06-06 06:45:00+00:00,2019-06-06 07:00:00+00:00,7.337532,180.0,10.14256,8.137668366012573,9.128687376556396,8.21243738609314,9.551506931362152,9.51394819694519,8.791362638053894,8.532488460121154,8.707733625946044,8.180246824798584
2019-06-06 07:00:00+00:00,2019-06-06 07:15:00+00:00,7.93975,196.0,7.337532,6.290617064888001,7.128347487504006,6.300935105735779,6.715417222434998,6.841848657781601,6.240743355209351,5.912587241584778,6.019412950927735,5.75605006640625
2019-06-06 07:15:00+00:00,2019-06-06 07:30:00+00:00,7.392,181.0,7.93975,6.831716462135315,7.779644041419029,6.75188641166687,7.342914863586426,7.344020648956299,6.8216736755371095,6.443506523132324,6.62999932384491,6.200710578918457
2019-06-06 07:30:00+00:00,2019-06-06 07:45:00+00:00,4.781109,141.0,7.392,6.2570069236755375,7.150601307868958,6.56090436410904,6.896179805517197,6.802675466060639,6.446427027702332,5.918493906974793,6.008716384887696,5.848244587898255
2019-06-06 07:45:00+00:00,2019-06-06 08:00:00+00:00,6.836266,190.0,4.781109,3.9995069153633116,4.859719979020595,4.204960728439331,4.5672597833004,4.5012902267303465,4.1314553864326475,3.5552705772247313,3.5890351779785155,3.511956954750061
2019-06-06 08:00:00+00:00,2019-06-06 08:15:00+00:00,4.999094,132.0,6.836266,5.49991198274231,6.518413890329361,5.470998246398926,6.706959102478981,6.433556813922882,6.272594113079071,5.678679425445557,5.641326386657715,5.488796550956726
2019-06-06 08:15:00+00:00,2019-06-06 08:30:00+00:00,3.4523669999999997,94.0,4.999094,4.086482396263123,4.920077612537384,4.214114477771759,5.123948996800423,4.864509871143341,4.923931067723275,4.164025118488312,4.090515663761139,4.145387997764588
2019-06-06 08:30:00+00:00,2019-06-06 08:45:00+00:00,5.213469,135.0,3.4523669999999997,2.8440752548141477,3.574819318668365,3.101251505033493,3.7877268713874814,3.5299776044650075,3.6524626088304517,2.8806453865928647,2.7115459364814756,3.017131857292175
2019-06-06 08:45:00+00:00,2019-06-06 09:00:00+00:00,9.595688,257.0,5.213469,4.2247813059272765,4.970298276680946,4.403317244190216,5.500982017654419,5.167970401633024,5.255749029505491,4.582136781352997,4.379613907474518,4.607970686096191
2019-06-06 09:00:00+00:00,2019-06-06 09:15:00+00:00,8.369594000000001,220.0,9.595688,7.314005508697511,8.515196695602418,7.304344787872315,9.327611401355744,8.903063848293305,8.859277560985566,8.338891163146974,8.389239802635194,8.084658994949342
2019-06-06 09:15:00+00:00,2019-06-06 09:30:00+00:00,6.356,162.0,8.369594000000001,6.254469059127809,7.292141936439515,6.262269638198854,7.91820954503441,7.6450354677619945,7.536854348796846,7.0351844054641735,7.275187752861024,6.953757069725038
2019-06-06 09:30:00+00:00,2019-06-06 09:45:00+00:00,4.9550160000000005,116.0,6.356,4.645191722869873,5.4968618092536925,4.814566069602966,5.96735122179985,5.730599158763885,5.672154479980469,5.235281878471374,5.369343870639801,5.308814936637878
2019-06-06 09:45:00+00:00,2019-06-06 10:00:00+00:00,3.29432,83.0,4.9550160000000005,3.4513969251785284,4.3328675458107,3.8700085708770757,4.530405236211777,4.387038631168366,4.389049453464509,3.9892031380805975,4.043920559612275,3.981295509067536
2019-06-06 10:00:00+00:00,2019-06-06 10:15:00+00:00,2.183891,60.0,3.29432,1.9732885487747192,2.858429891653061,2.398336363620758,2.8619274028015136,2.7217841275405883,2.6528599389266967,2.299569261856079,2.3715613611412047,2.100568068809509
2019-06-06 10:15:00+00:00,2019-06-06 10:30:00+00:00,1.219094,32.0,2.183891,1.049405636039734,1.8779366330776215,1.4602699296150208,1.9091610924873352,1.7234229163799286,1.6595555560264588,1.3412027971420288,1.2610585109863282,1.053354086128235
2019-06-06 10:30:00+00:00,2019-06-06 10:45:00+00:00,0.985168,27.0,1.219094,0.18868812097930898,1.1282028399291038,0.5922451831283568,1.0038453705492019,0.909836790699005,0.742604307073593,0.3586048699798583,0.44842042698287954,0.1415810204925536
2019-06-06 10:45:00+00:00,2019-06-06 11:00:00+00:00,0.5443319999999999,16.0,0.985168,0.13150044276046757,1.0087805458031893,0.3770147164039612,0.8574223865442276,0.7336207230262757,0.6259252627067566,0.25966366125869755,0.29799427582550053,0.0
2019-06-06 11:00:00+00:00,2019-06-06 11:15:00+00:00,0.3449,10.0,0.5443319999999999,0.0,0.6117767640776633,0.0,0.4939949871428012,0.32158509133529656,0.20827362178039543,0.0,0.0,0.0
2019-06-06 11:15:00+00:00,2019-06-06 11:30:00+00:00,0.075053,3.0,0.3449,0.0,0.4221598162293434,0.0,0.32176287388205527,0.14012566497325896,0.04673894038200377,0.0,0.0,0.0
2019-06-06 11:30:00+00:00,2019-06-06 11:45:00+00:00,0.0,0.0,0.075053,0.0,0.18889935418653486,0.0,0.0950756604938507,0.0,0.0,0.0,0.0,0.0
2019-06-06 11:45:00+00:00,2019-06-06 12:00:00+00:00,0.0,0.0,0.0,0.0,0.10174556821584702,0.0,0.018782909959554672,0.0,0.0,0.0,0.0,0.0
2019-06-06 12:00:00+00:00,2019-06-06 12:15:00+00:00,0.0,0.0,0.0,0.0,0.12192689627408981,0.0,0.0,0.0,0.0,0.0,0.0,0.0
2019-06-06 12:15:00+00:00,2019-06-06 12:30:00+00:00,0.0,0.0,0.0,0.0,0.14502620697021484,0.0,0.0,0.0,0.0,0.0,0.0,0.0
2019-06-06 12:30:00+00:00,2019-06-06 12:45:00+00:00,0.0,0.0,0.0,0.0,0.14612428843975067,0.0,0.0,0.0,0.0,0.0,0.0,0.0
2019-06-06 12:45:00+00:00,2019-06-06 13:00:00+00:00,0.0,0.0,0.0,0.0,0.11992339789867401,0.0,0.0,0.0,0.0,0.0,0.0,0.0
2019-06-06 13:00:00+00:00,2019-06-06 13:15:00+00:00,0.0,0.0,0.0,0.0,0.1112443059682846,0.0,0.0,0.0,0.0,0.0,0.0,0.0
2019-06-06 13:15:00+00:00,2019-06-06 13:30:00+00:00,0.0,0.0,0.0,0.0,0.14642523229122162,0.0,0.0,0.0,0.0,0.0,0.0,0.0
2019-06-06 13:30:00+00:00,2019-06-06 13:45:00+00:00,0.0,0.0,0.0,0.0,0.12018351256847382,0.0,0.0,0.0,0.0,0.0,0.0,0.0
2019-06-06 13:45:00+00:00,2019-06-06 14:00:00+00:00,0.0,0.0,0.0,0.0,0.12046004086732864,0.0,0.0,0.0,0.0,0.0,0.0,0.0
2019-06-06 14:00:00+00:00,2019-06-06 14:15:00+00:00,0.0,0.0,0.0,0.0,0.1263691484928131,0.0,0.12620440125465393,0.0,0.0,0.0,0.0,0.0
2019-06-06 14:15:00+00:00,2019-06-06 14:30:00+00:00,0.0,0.0,0.0,0.0,0.256378710269928,0.0,0.12389060109853745,0.0025842897593975067,0.0,0.0,0.0,0.0
2019-06-06 14:30:00+00:00,2019-06-06 14:45:00+00:00,0.0,0.0,0.0,0.0,0.29695647954940796,0.0,0.263577401638031,0.04132596775889397,0.0,0.0,0.0,0.0
2019-06-06 14:45:00+00:00,2019-06-06 15:00:00+00:00,0.0,0.0,0.0,0.0,0.3335932791233063,0.0,0.196496844291687,0.05576298013329506,0.0,0.0,0.0,0.0
2019-06-06 15:00:00+00:00,2019-06-06 15:15:00+00:00,0.0,0.0,0.0,0.0,0.44810232520103455,0.0,0.17988261580467224,0.1338873952627182,0.0,0.0,0.0,0.0
2019-06-06 15:15:00+00:00,2019-06-06 15:30:00+00:00,0.0,0.0,0.0,0.0,0.48197734355926514,0.0,0.17714931070804596,0.17522209882736206,0.0,0.0,0.0,0.0
2019-06-06 15:30:00+00:00,2019-06-06 15:45:00+00:00,0.0,0.0,0.0,0.0,0.4652290642261505,0.0,0.19307586550712585,0.16063332557678223,0.0,0.0,0.0,0.0
2019-06-06 15:45:00+00:00,2019-06-06 16:00:00+00:00,0.0,0.0,0.0,0.0,0.493461549282074,0.0,0.18428397178649902,0.1851862668991089,0.0,0.0,0.0,0.0
2019-06-06 16:00:00+00:00,2019-06-06 16:15:00+00:00,0.0,0.0,0.0,0.0,0.5230494141578674,0.0,0.19950084388256073,0.21523380279541016,0.0,0.0,0.0,0.0
2019-06-06 16:15:00+00:00,2019-06-06 16:30:00+00:00,0.0,0.0,0.0,0.0,0.5592002868652344,0.0,0.29868370294570923,0.25093358755111694,0.0,0.0,0.0,0.0
2019-06-06 16:30:00+00:00,2019-06-06 16:45:00+00:00,0.0,0.0,0.0,0.02569718472659588,0.5946617722511292,0.0,0.32243236899375916,0.2868666648864746,0.0,0.0,0.0,0.0
2019-06-06 16:45:00+00:00,2019-06-06 17:00:00+00:00,0.0,0.0,0.0,0.023968206718564034,0.7508888840675354,0.017840154469013214,0.25859856605529785,0.352875292301178,0.01278984546661377,0.0,0.023155702278017998,0.0
2019-06-06 17:00:00+00:00,2019-06-06 17:15:00+00:00,0.0,0.0,0.0,0.02821085788309574,0.7842956781387329,0.09448453038930893,0.24136319756507874,0.40049174427986145,0.06615378707647324,0.0,0.04201091453433037,0.0
2019-06-06 17:15:00+00:00,2019-06-06 17:30:00+00:00,0.0,0.0,0.0,0.041352659463882446,0.7884936928749084,0.15866485238075256,0.2401595413684845,0.4333152770996094,0.09339698404073715,0.0,0.07560063153505325,0.0
2019-06-06 17:30:00+00:00,2019-06-06 17:45:00+00:00,0.0,0.0,0.0,0.05579120293259621,0.7594647407531738,0.24024760723114014,0.2891511023044586,0.4513430595397949,0.0848095566034317,0.0,0.09569652378559113,0.0
2019-06-06 17:45:00+00:00,2019-06-06 18:00:00+00:00,0.0,0.0,0.0,0.05687128007411957,0.7999792695045471,0.2824402153491974,0.2920357584953308,0.4769526422023773,0.11060872673988342,0.0,0.13216933608055115,0.0
2019-06-06 18:00:00+00:00,2019-06-06 18:15:00+00:00,0.0,0.0,0.0,0.05760560557246208,0.8099671602249146,0.329646497964859,0.32607609033584595,0.5075796842575073,0.12098424136638641,0.0,0.17182384431362152,0.0
2019-06-06 18:15:00+00:00,2019-06-06 18:30:00+00:00,0.0,0.0,0.0,0.014395195990800858,0.8206889629364014,0.28396326303482056,0.32511579990386963,0.5145785212516785,0.13331221044063568,0.0,0.263235479593277,0.0
2019-06-06 18:30:00+00:00,2019-06-06 18:45:00+00:00,0.0,0.0,0.0,0.040521301329135895,0.7982242703437805,0.38010305166244507,0.40479397773742676,0.5649222135543823,0.1386353075504303,0.02532155066728592,0.385343998670578,0.0
2019-06-06 18:45:00+00:00,2019-06-06 19:00:00+00:00,0.0,0.0,0.0,0.06834706664085388,0.8283401131629944,0.4267421364784241,0.432544082403183,0.6103801727294922,0.17751246690750122,0.10391926765441895,0.4327946603298187,0.0
2019-06-06 19:00:00+00:00,2019-06-06 19:15:00+00:00,0.0,0.0,0.0,0.09537074714899063,0.88006192445755,0.4546624720096588,0.46100103855133057,0.6481496691703796,0.22245244681835175,0.1388692706823349,0.4859835207462311,0.0
2019-06-06 19:15:00+00:00,2019-06-06 19:30:00+00:00,0.0,0.0,0.0,0.12136425822973251,0.9295377135276794,0.4859170913696289,0.4832180142402649,0.6837376952171326,0.2677309811115265,0.1771889477968216,0.5373787879943848,0.0
2019-06-06 19:30:00+00:00,2019-06-06 19:45:00+00:00,0.0,0.0,0.0,0.19794698059558868,0.9858659505844116,0.5813161730766296,0.46565482020378113,0.6936556696891785,0.2756486237049103,0.2332271933555603,0.5021003484725952,0.02011006698012352
2019-06-06 19:45:00+00:00,2019-06-06 20:00:00+00:00,0.0,0.0,0.0,0.1620667725801468,0.9663121700286865,0.5797547698020935,0.49116215109825134,0.7409669160842896,0.32633763551712036,0.17904537916183472,0.5516344308853149,0.0
2019-06-06 20:00:00+00:00,2019-06-06 20:15:00+00:00,0.0,0.0,0.0,0.20581841468811035,0.9926100969314575,0.6781526207923889,0.48271334171295166,0.7881084084510803,0.2713346779346466,0.28541916608810425,0.5827696919441223,0.0
2019-06-06 20:15:00+00:00,2019-06-06 20:30:00+00:00,0.0,0.0,0.0,0.22687207162380219,1.0038230419158936,0.7257000803947449,0.48518693447113037,0.8125149607658386,0.2960309088230133,0.32679474353790283,0.5948556065559387,0.0
2019-06-06 20:30:00+00:00,2019-06-06 20:45:00+00:00,0.0,0.0,0.0,0.24206024408340454,1.0064507722854614,0.7663774490356445,0.5219534635543823,0.8316733241081238,0.3546519875526428,0.3660511076450348,0.6099750399589539,0.09672899544239044
2019-06-06 20:45:00+00:00,2019-06-06 21:00:00+00:00,0.0,2.0,0.0,0.2555629312992096,1.019971251487732,0.8252267241477966,0.5384324193000793,0.8604340553283691,0.39028847217559814,0.3883110582828522,0.6291815638542175,0.18144334852695465
2019-06-06 21:00:00+00:00,2019-06-06 21:15:00+00:00,0.2315469999999999,9.0,0.0,0.27406802773475647,1.0414965152740479,0.8686805963516235,0.5157506465911865,0.9201214909553528,0.4064868092536926,0.39731305837631226,0.6808829307556152,0.20366911590099335
2019-06-06 21:15:00+00:00,2019-06-06 21:30:00+00:00,0.589463,21.0,0.2315469999999999,0.5075916071624755,1.283204199859619,1.1230566521377563,0.7646217961997985,1.192926051208496,0.6971046646327972,0.6293017585964202,0.937936307975769,0.5085498412342071
2019-06-06 21:30:00+00:00,2019-06-06 21:45:00+00:00,1.139715,38.0,0.589463,0.8616697832946777,1.6424307867889403,1.5401061221961974,1.1768993183975218,1.5896767422561644,1.152862016857147,1.002966587245941,1.327260975540161,0.9886671647434234
2019-06-06 21:45:00+00:00,2019-06-06 22:00:00+00:00,1.6990310000000002,59.0,1.139715,1.451294167842865,2.19968061050415,2.198933168258667,1.8145772059822083,2.1699903448486326,1.8252773722076416,1.6240027089977265,1.8988871415519715,1.7345613082313538
2019-06-06 22:00:00+00:00,2019-06-06 22:15:00+00:00,2.1133439999999997,73.0,1.6990310000000002,2.011649970870972,2.793416623931885,2.7567826555786135,2.4508829163131716,2.8757526920852663,2.5134915159759523,2.233108346324921,2.57167858348465,2.4497969792900087
2019-06-06 22:15:00+00:00,2019-06-06 22:30:00+00:00,2.462359,87.0,2.1133439999999997,2.396563218254089,3.2118157607498166,3.2132212382736203,2.9159648281517025,3.354314730781555,3.025652812141418,2.6501824122848507,3.0158454042854306,3.0202750426712033
2019-06-06 22:30:00+00:00,2019-06-06 22:45:00+00:00,3.709233999999999,129.0,2.462359,2.7500358410205843,3.5862478502120974,3.624140191825867,3.267423380168915,3.785646129402161,3.3564242012825014,2.9913936741676332,3.3934037573661806,3.438940692695618
2019-06-06 22:45:00+00:00,2019-06-06 23:00:00+00:00,5.006969000000001,167.0,3.709233999999999,4.022274196895598,4.769973755630492,4.872002721580504,4.5969818837966905,5.057566285881041,4.666934610160826,4.249482155593871,4.589734555038451,4.818898440155028
2019-06-06 23:00:00+00:00,2019-06-06 23:15:00+00:00,5.8787970000000005,188.0,5.006969000000001,5.367755706209183,6.042318726676942,6.142113829750062,6.010726238388062,6.44712545980835,6.067892457145692,5.634767676490784,5.936545933383942,6.2423635970535285
2019-06-06 23:15:00+00:00,2019-06-06 23:30:00+00:00,7.401625,254.0,5.8787970000000005,6.2392903917522435,6.877533023902894,6.939971511909485,6.936303680488587,7.384524052688599,7.002218430587769,6.535044735023499,6.756571119377137,7.182644670555115
2019-06-06 23:30:00+00:00,2019-06-06 23:45:00+00:00,8.766188,297.0,7.401625,7.736029408931732,8.296376727581023,8.25084295129776,8.508843146324157,8.795819960594176,8.360820256233215,8.033167026996612,8.009979687690734,8.646311365127563
2019-06-06 23:45:00+00:00,2019-06-07 00:00:00+00:00,10.08613,331.0,8.766188,9.039741758859634,9.572414134300232,9.344079647815704,9.70720133618164,10.027165149009704,9.564830218112945,9.212883297956466,9.051513080156326,9.78949818447876
2019-06-07 00:00:00+00:00,2019-06-07 00:15:00+00:00,12.66913,405.0,10.08613,10.376592374687196,10.793204105739594,10.457650936489106,10.998889125232697,11.49787066066742,11.177365876083375,10.511099017505646,10.731450296287537,11.123456693534852
2019-06-07 00:15:00+00:00,2019-06-07 00:30:00+00:00,10.073,342.0,12.66913,12.874252962594031,13.336601170425414,13.024773063783645,13.359116526966094,14.01860907924652,13.648489328746795,12.960640760784148,13.266847642784118,13.296057077770232
2019-06-07 00:30:00+00:00,2019-06-07 00:45:00+00:00,15.80075,510.0,10.073,10.928857908725739,11.489171073913575,11.34076683330536,11.326087162971497,11.89069871711731,11.601139472007752,10.811214790821076,11.195091293334961,11.096321270942688
2019-06-07 00:45:00+00:00,2019-06-07 01:00:00+00:00,16.246129999999997,466.0,15.80075,15.839083538919688,16.446987909793854,16.00310887169838,16.42085931968689,16.75164453458786,16.346219760894776,15.84161833447218,15.79564973857999,15.774351575940848
2019-06-07 01:00:00+00:00,2019-06-07 01:15:00+00:00,15.56538,434.0,16.246129999999997,15.84655995214462,16.717100809459684,16.257567704786656,17.121127377395627,17.27598346317291,17.19043637359619,16.45725862229347,16.134183603470323,16.41836998904228
2019-06-07 01:15:00+00:00,2019-06-07 01:30:00+00:00,18.069189,742.0,15.56538,15.757373817687034,16.43887861860275,15.78164628935337,16.811169051055906,16.705943964843748,16.451697551136014,15.961281829004287,16.128730558280942,15.736365788106918
2019-06-07 01:30:00+00:00,2019-06-07 01:45:00+00:00,15.20138,656.0,18.069189,16.99996225820923,17.73895819770241,17.11903374182129,18.0311300187006,18.144800613690855,17.845946180690767,17.182335722316743,17.370165753234865,16.900885510314943
2019-06-07 01:45:00+00:00,2019-06-07 02:00:00+00:00,16.181379,468.0,15.20138,14.647973761444092,15.434502393488884,15.012323633317948,15.511162296419144,15.340876371150017,15.177502593507171,14.435795531158448,14.452102348690033,14.489597306137085
2019-06-07 02:00:00+00:00,2019-06-07 02:15:00+00:00,20.1775,858.0,16.181379,16.621825585416794,17.531954923919677,16.823758462718963,18.251459995559692,17.493434826187134,17.65016357069397,16.771175543121338,16.490364114097595,16.87167874937439
2019-06-07 02:15:00+00:00,2019-06-07 02:30:00+00:00,18.03681,604.0,20.1775,18.537496914863585,18.834392776489256,18.506790032386778,20.07376372605562,19.43999063014984,19.415783991813658,19.04917465686798,18.770146121978758,18.614430179595946
2019-06-07 02:30:00+00:00,2019-06-07 02:45:00+00:00,25.08625,799.0,18.03681,18.16289402967453,19.21464772945404,18.53307761674881,19.544304449615478,18.361736495552062,18.796561617908477,17.940678228197097,17.190585334358214,18.215633724389075
2019-06-07 02:45:00+00:00,2019-06-07 03:00:00+00:00,26.49325,850.0,25.08625,23.102703623771667,23.61098199367523,23.13892083644867,23.988316588401794,23.90447955608368,23.489243202209472,23.121362380981445,22.761823587417602,23.16117434978485
2019-06-07 03:00:00+00:00,2019-06-07 03:15:00+00:00,28.741131,940.0,26.49325,24.395500289916992,25.153729307174682,24.594803201675415,25.317934023857116,25.691750335216522,25.439242946624756,25.037549125671386,24.494172322273254,24.817964183807373
2019-06-07 03:15:00+00:00,2019-06-07 03:30:00+00:00,24.766001,755.0,28.741131,25.677734784561157,26.50694411225891,26.101971559005737,26.423348121124267,27.331071428733825,26.706803731399535,26.35868423410034,26.35675232835388,26.264882258850097
2019-06-07 03:30:00+00:00,2019-06-07 03:45:00+00:00,16.998619,519.0,24.766001,23.21888650853729,24.068096472812652,23.53388668496704,24.20322228868103,24.203380777431487,23.953595592571258,23.306166066719054,23.19544459779358,23.267659916473388
2019-06-07 03:45:00+00:00,2019-06-07 04:00:00+00:00,25.98181,977.0,16.998619,17.680181125682832,19.067131201309206,17.387387792152406,18.784190217536928,17.856884519142152,17.994801501316072,16.774019623679163,16.414245108646394,17.170333141964914
2019-06-07 04:00:00+00:00,2019-06-07 04:15:00+00:00,10.97534,329.0,25.98181,22.39456644302368,22.267052795944213,22.395809557495117,23.247775461730956,23.707952168045043,23.389199640808105,23.169764425811767,23.599544670639037,22.938877728042602
2019-06-07 04:15:00+00:00,2019-06-07 04:30:00+00:00,14.24434,404.0,10.97534,13.648057094421386,14.71842156967163,13.8016339453125,14.466788163986205,13.899687162246703,14.373883834686279,12.13297509273529,12.522013417091369,13.248257985916137
2019-06-07 04:30:00+00:00,2019-06-07 04:45:00+00:00,22.58069,1016.0,14.24434,14.790854272689819,15.779252109375,14.925422844734191,17.167780217971803,15.721494850959777,15.697606143798827,14.37000889822483,14.519431111660003,15.404792127456664
2019-06-07 04:45:00+00:00,2019-06-07 05:00:00+00:00,9.903907,336.0,22.58069,17.936738583984376,18.04859933609009,18.361360642852784,19.738745782318116,19.966417405548096,19.243682238998414,18.764348123016358,19.35328945869446,19.4226785635376
2019-06-07 05:00:00+00:00,2019-06-07 05:15:00+00:00,9.36775,266.0,9.903907,11.926082550460816,12.608853517944336,11.908969341690064,13.068455635482788,12.452239452774048,12.687915979797364,10.63875853913498,11.073103128845215,11.871153174812317
2019-06-07 05:15:00+00:00,2019-06-07 05:30:00+00:00,10.927,326.0,9.36775,10.685820530891418,12.188716482162475,11.126313518524169,12.545866798400878,11.666614603042602,11.561727117538451,9.79689542555809,10.388925384521484,11.091352652549743
2019-06-07 05:30:00+00:00,2019-06-07 05:45:00+00:00,6.47686,193.0,10.927,10.739328338623046,12.32758135986328,11.288256092786789,13.648272706985473,12.361295415878296,12.155615641593933,10.788581966280937,11.254822089195251,12.040027334213256
2019-06-07 05:45:00+00:00,2019-06-07 06:00:00+00:00,4.443469,119.0,6.47686,6.7953753901577,7.966461731300354,7.611148549423218,9.262912227020264,8.246766282424927,8.541496945724488,7.0883571041679385,7.1984456909751895,8.458552433357239
2019-06-07 06:00:00+00:00,2019-06-07 06:15:00+00:00,2.91982,84.0,4.443469,4.681417268651963,5.609021854537964,5.52780647291565,6.9021579743804935,5.894914579528809,6.003682565826416,5.181537282604218,4.880721372503281,6.132234645027161
2019-06-07 06:15:00+00:00,2019-06-07 06:30:00+00:00,1.645246,48.0,2.91982,3.0096430597376824,3.7519450677108765,3.8104444039535523,5.107326914138794,4.154109526939392,4.408412624664306,3.8514849436950684,3.2323707533550263,4.545147944755554
2019-06-07 06:30:00+00:00,2019-06-07 06:45:00+00:00,1.020852,29.0,1.645246,1.6384242148778438,2.421372861572266,2.4714761683425905,3.670598478027344,2.7918995329818728,3.147292823501587,2.8282102057418825,2.0566574344120028,3.2255241581878664
2019-06-07 06:45:00+00:00,2019-06-07 07:00:00+00:00,0.997555,28.0,1.020852,0.9850127403755189,1.6974146072883607,1.6427797977943421,2.7854714696426393,2.0499030654449464,2.4612988536376954,2.296215087654114,1.2988278274555207,2.6941309278030396
2019-06-07 07:00:00+00:00,2019-06-07 07:15:00+00:00,0.778381,22.0,0.997555,0.8729543213176727,1.6107944075393676,1.4157159153747558,2.4511976067352297,1.8978761855888366,2.0681558672714235,2.13912473361969,1.162685853652954,2.2437637869644167
2019-06-07 07:15:00+00:00,2019-06-07 07:30:00+00:00,1.066461,29.0,0.778381,0.45714552207565307,1.292059252696991,0.902145619231224,2.101260910469055,1.666895518737793,1.7832409243164062,1.5958855847892761,0.9910378704843521,1.6442395548400879
2019-06-07 07:30:00+00:00,2019-06-07 07:45:00+00:00,1.083633,29.0,1.066461,0.8429289789543153,1.5889362426147462,1.1770644070253373,2.3860538335189823,1.9764955373153688,1.936476323162079,1.9327029319152833,1.2754342885360719,1.9715897174224855
2019-06-07 07:45:00+00:00,2019-06-07 08:00:00+00:00,1.44025,38.0,1.083633,0.7359910551147462,1.4525725487308503,0.9994294140176774,2.2488725725250243,1.8869035783843995,1.777191156490326,1.6472880188064576,1.228010425312996,1.6067029181556702
2019-06-07 08:00:00+00:00,2019-06-07 08:15:00+00:00,2.5035939999999997,64.0,1.44025,0.927322765827179,1.726784458398819,1.2201766278743744,2.468666872024536,2.127096315860748,1.7327750232219696,1.5729830023050309,1.5463338848352433,1.4558413783237338
2019-06-07 08:15:00+00:00,2019-06-07 08:30:00+00:00,3.912672,108.0,2.5035939999999997,1.9659149238052365,2.635198984402656,2.099291373151779,3.4016056844177243,2.996758092302322,2.4647025243523117,2.4728649594964978,2.3710893430891034,2.299735982078552
2019-06-07 08:30:00+00:00,2019-06-07 08:45:00+00:00,4.771375,137.0,3.912672,3.099914925167084,3.733463006088257,3.1864981818885805,4.751790540287018,4.24824552423668,3.698312984773636,3.6007719803543092,3.5960406828613283,3.4573758412094118
2019-06-07 08:45:00+00:00,2019-06-07 09:00:00+00:00,4.234672,123.0,4.771375,3.5170044298171996,4.256435453414917,3.6517265434265136,5.496949791431427,4.99135306429863,4.457941799879074,4.076526402950287,4.345899194002151,4.122247993469238
2019-06-07 09:00:00+00:00,2019-06-07 09:15:00+00:00,2.428344,67.0,4.234672,3.011308242866516,3.854303767272949,3.0560938616485593,4.625729670116424,4.316341896841049,3.4162230392189024,3.244027247020721,3.6465691228599546,3.214544941970825
2019-06-07 09:15:00+00:00,2019-06-07 09:30:00+00:00,1.637535,46.0,2.428344,1.4416840559425355,2.2948249316396714,1.6820034271659852,2.7498364931526185,2.5828953421297074,1.738724756855011,1.5270824915351868,1.8263961559715272,1.603604901451111
2019-06-07 09:30:00+00:00,2019-06-07 09:45:00+00:00,1.246164,35.0,1.637535,0.6411946059799194,1.5579515562987327,0.9973826648330688,1.7951952160930633,1.733682947013378,1.0728766562080383,0.6847136856651306,1.0224438549613952,0.8485500456428527
2019-06-07 09:45:00+00:00,2019-06-07 10:00:00+00:00,0.906117,25.0,1.246164,0.275442576374054,1.144273331727028,0.6907144546165467,1.314944206143856,1.3485360651865006,0.6937315821304322,0.3455485462799073,0.6575472712173462,0.43885073658370977
2019-06-07 10:00:00+00:00,2019-06-07 10:15:00+00:00,0.6405,20.0,0.906117,0.0,0.8265961188240051,0.37179682435226435,0.7201560068292617,0.9082678608479052,0.13215521754455561,0.0,0.18577120484542842,0.050623990909576366
2019-06-07 10:15:00+00:00,2019-06-07 10:30:00+00:00,0.3553659999999999,11.0,0.6405,0.0,0.6154838076531887,0.12143450069427486,0.399801021695137,0.6727704054415226,0.0,0.0,0.0,0.0
2019-06-07 10:30:00+00:00,2019-06-07 10:45:00+00:00,0.306852,9.0,0.3553659999999999,0.0,0.43629556244945517,0.0,0.14520006722545614,0.42906056440210333,0.0,0.0,0.0,0.0
2019-06-07 10:45:00+00:00,2019-06-07 11:00:00+00:00,0.2260849999999999,7.0,0.306852,0.0,0.37523748928499223,0.0,0.10693605447006227,0.3495623452384472,0.0,0.0,0.0,0.0
2019-06-07 11:00:00+00:00,2019-06-07 11:15:00+00:00,0.158676,6.0,0.2260849999999999,0.0,0.29023037876844393,0.0,0.016316376886367695,0.28910186167716967,0.0,0.0,0.0,0.0
2019-06-07 11:15:00+00:00,2019-06-07 11:30:00+00:00,0.001772,2.0,0.158676,0.0,0.36667166805362705,0.0,0.0,0.3064381197700501,0.0,0.0,0.0,0.0
2019-06-07 11:30:00+00:00,2019-06-07 11:45:00+00:00,0.0,0.0,0.001772,0.0,0.22422546009731292,0.0,0.0,0.12806574861717224,0.0,0.0,0.0,0.0
2019-06-07 11:45:00+00:00,2019-06-07 12:00:00+00:00,0.0,0.0,0.0,0.0,0.2106086015701294,0.0,0.0,0.1149219274520874,0.0,0.0,0.0,0.0
2019-06-07 12:00:00+00:00,2019-06-07 12:15:00+00:00,0.0,0.0,0.0,0.0,0.22697143256664276,0.0,0.0,0.19415464997291565,0.0,0.0,0.0,0.0
2019-06-07 12:15:00+00:00,2019-06-07 12:30:00+00:00,0.0,0.0,0.0,0.0,0.19719868898391724,0.0,0.0,0.19036956131458282,0.0,0.0,0.0,0.0
2019-06-07 12:30:00+00:00,2019-06-07 12:45:00+00:00,0.0,0.0,0.0,0.0,0.2132178097963333,0.0,0.11440354585647583,0.24518674612045288,0.0,0.0,0.0,0.0
2019-06-07 12:45:00+00:00,2019-06-07 13:00:00+00:00,0.0,0.0,0.0,0.0,0.18514281511306763,0.0,0.1083919033408165,0.18785399198532104,0.0,0.0,0.0,0.0
2019-06-07 13:00:00+00:00,2019-06-07 13:15:00+00:00,0.0,0.0,0.0,0.0,0.1990436166524887,0.0,0.05352989211678505,0.12447309494018555,0.0,0.0,0.0,0.0
2019-06-07 13:15:00+00:00,2019-06-07 13:30:00+00:00,0.0,0.0,0.0,0.0,0.21759440004825592,0.0,0.068276546895504,0.15511588752269745,0.0,0.0,0.0,0.0
2019-06-07 13:30:00+00:00,2019-06-07 13:45:00+00:00,0.0,0.0,0.0,0.0,0.18558716773986816,0.0,0.07797639816999435,0.09954400360584259,0.0,0.0,0.0,0.0
2019-06-07 13:45:00+00:00,2019-06-07 14:00:00+00:00,0.0,0.0,0.0,0.0,0.2311660498380661,0.0,0.0903308317065239,0.16456788778305054,0.0,0.0,0.0,0.0
2019-06-07 14:00:00+00:00,2019-06-07 14:15:00+00:00,0.0,0.0,0.0,0.0,0.2431933581829071,0.0,0.015268866904079914,0.09707613289356232,0.0,0.0,0.0,0.0
2019-06-07 14:15:00+00:00,2019-06-07 14:30:00+00:00,0.0,0.0,0.0,0.0,0.2862844467163086,0.0,0.05363616719841957,0.15666651725769043,0.0,0.0,0.0,0.0
2019-06-07 14:30:00+00:00,2019-06-07 14:45:00+00:00,0.0,0.0,0.0,0.0,0.2877787947654724,0.0,0.05827920511364937,0.12373711168766022,0.0,0.0,0.0,0.0
2019-06-07 14:45:00+00:00,2019-06-07 15:00:00+00:00,0.0,0.0,0.0,0.0,0.3081200122833252,0.0,0.11330584436655045,0.11018621176481247,0.0,0.0,0.0,0.04602837190032005
2019-06-07 15:00:00+00:00,2019-06-07 15:15:00+00:00,0.0,0.0,0.0,0.0,0.33012455701828003,0.0,0.10266156494617462,0.10537728667259216,0.0,0.0,0.0,0.0
2019-06-07 15:15:00+00:00,2019-06-07 15:30:00+00:00,0.0,0.0,0.0,0.0,0.3695685863494873,0.0,0.08972488343715668,0.13955818116664886,0.0,0.0,0.0,0.0
2019-06-07 15:30:00+00:00,2019-06-07 15:45:00+00:00,0.0,0.0,0.0,0.0,0.41355228424072266,0.0,0.08845613151788712,0.18803134560585022,0.0,0.0,0.0,0.0
2019-06-07 15:45:00+00:00,2019-06-07 16:00:00+00:00,0.0,0.0,0.0,0.0,0.4601278007030487,0.0,0.03826356679201126,0.21758034825325012,0.0,0.0,0.0,0.0
2019-06-07 16:00:00+00:00,2019-06-07 16:15:00+00:00,0.0,0.0,0.0,0.0,0.5548657178878784,0.0,0.06372080743312836,0.34148097038269043,0.0,0.0,0.012350805103778839,0.0
2019-06-07 16:15:00+00:00,2019-06-07 16:30:00+00:00,0.0,0.0,0.0,0.0,0.49826353788375854,0.0,0.1097913607954979,0.3157263398170471,0.0,0.0,0.0,0.0
2019-06-07 16:30:00+00:00,2019-06-07 16:45:00+00:00,0.0,0.0,0.0,0.0,0.5110430717468262,0.0,0.07224371284246445,0.33479443192481995,0.0,0.0,0.0,0.0
2019-06-07 16:45:00+00:00,2019-06-07 17:00:00+00:00,0.0,0.0,0.0,0.0,0.5159059762954712,0.0,0.05851045995950699,0.33873194456100464,0.0,0.0,0.0,0.0
2019-06-07 17:00:00+00:00,2019-06-07 17:15:00+00:00,0.0,0.0,0.0,0.0,0.5444887280464172,0.0,0.06220387667417526,0.3728627860546112,0.0,0.0,0.018215080723166466,0.0
2019-06-07 17:15:00+00:00,2019-06-07 17:30:00+00:00,0.0,0.0,0.0,0.030658477917313576,0.5838589668273926,0.0676494762301445,0.11026632785797119,0.4099650979042053,0.0,0.02229243516921997,0.021099310368299484,0.0
2019-06-07 17:30:00+00:00,2019-06-07 17:45:00+00:00,0.0,0.0,0.0,0.07042071968317032,0.6267565488815308,0.12782688438892365,0.13955774903297424,0.46281924843788147,0.0,0.08181917667388916,0.050213366746902466,0.0
2019-06-07 17:45:00+00:00,2019-06-07 18:00:00+00:00,0.0,0.0,0.0,0.08819619566202164,0.6635504961013794,0.17988164722919464,0.1636202186346054,0.527432382106781,0.0,0.1166924387216568,0.09597335010766983,0.0
2019-06-07 18:00:00+00:00,2019-06-07 18:15:00+00:00,0.0,0.0,0.0,0.09079939126968384,0.6979448199272156,0.2254975587129593,0.17977099120616913,0.6066427230834961,0.03356426581740379,0.1354386955499649,0.14921125769615173,0.03424133360385895
2019-06-07 18:15:00+00:00,2019-06-07 18:30:00+00:00,0.0,0.0,0.0,0.13066458702087402,0.7470320463180542,0.33408570289611816,0.22684253752231598,0.6747750639915466,0.10262465476989746,0.20093587040901184,0.2046859860420227,0.09043838828802109
2019-06-07 18:30:00+00:00,2019-06-07 18:45:00+00:00,0.0,0.0,0.0,0.12996543943881989,0.7801613211631775,0.3741391897201538,0.24158000946044922,0.7543358206748962,0.17038990557193756,0.2117154896259308,0.2732628583908081,0.13227804005146027
2019-06-07 18:45:00+00:00,2019-06-07 19:00:00+00:00,0.0,0.0,0.0,0.18565024435520172,0.8476675748825073,0.4989715814590454,0.3012096583843231,0.7918943166732788,0.24247141182422638,0.3041468560695648,0.33344027400016785,0.21151962876319885
2019-06-07 19:00:00+00:00,2019-06-07 19:15:00+00:00,0.0,0.0,0.0,0.22150300443172455,0.929292619228363,0.5891146659851074,0.3705696165561676,0.8452392220497131,0.3378557562828064,0.3868032395839691,0.37825971841812134,0.3502848744392395
2019-06-07 19:15:00+00:00,2019-06-07 19:30:00+00:00,0.0,0.0,0.0,0.17621168494224548,0.9619228839874268,0.6213499903678894,0.37551358342170715,0.9685810804367065,0.411033034324646,0.3592687249183655,0.5560532212257385,0.4936410188674927
2019-06-07 19:30:00+00:00,2019-06-07 19:45:00+00:00,0.0,0.0,0.0,0.17522010207176208,0.9324714541435242,0.6738015413284302,0.39748698472976685,1.000154733657837,0.44120967388153076,0.3580988943576813,0.5332261919975281,0.3756454885005951
2019-06-07 19:45:00+00:00,2019-06-07 20:00:00+00:00,0.0,0.0,0.0,0.21474407613277435,0.9559494256973267,0.7549490332603455,0.45843660831451416,1.0124136209487915,0.49534890055656433,0.45775341987609863,0.5480018258094788,0.5163096785545349
2019-06-07 20:00:00+00:00,2019-06-07 20:15:00+00:00,0.0,0.0,0.0,0.19660529494285583,0.980825662612915,0.7952419519424438,0.4703657627105713,1.0477389097213745,0.5618083477020264,0.4422192871570587,0.6936972141265869,0.7025986313819885
2019-06-07 20:15:00+00:00,2019-06-07 20:30:00+00:00,0.0,0.0,0.0,0.21846160292625427,0.9709485173225403,0.8313191533088684,0.5119278430938721,1.037732481956482,0.5946475863456726,0.4865739941596985,0.6709755659103394,0.7295495867729187
2019-06-07 20:30:00+00:00,2019-06-07 20:45:00+00:00,0.0,0.0,0.0,0.21996499598026276,0.9826139211654663,0.8658879399299622,0.5224844813346863,1.058027744293213,0.6218525171279907,0.5094311237335205,0.7286699414253235,0.8122810125350952
2019-06-07 20:45:00+00:00,2019-06-07 21:00:00+00:00,0.017409,0.0,0.0,0.21647119522094727,0.9933652877807617,0.8969346880912781,0.5284669399261475,1.0892587900161743,0.6344489455223083,0.5273972153663635,0.7680579423904419,0.8699097037315369
2019-06-07 21:00:00+00:00,2019-06-07 21:15:00+00:00,0.244111,8.0,0.017409,0.2544835837688446,1.0072343083229065,0.9586894841995239,0.6156376334037781,1.1082384916152954,0.7074025007095337,0.597714814743042,0.7497009368743897,0.9032656284179688
2019-06-07 21:15:00+00:00,2019-06-07 21:30:00+00:00,0.5844729999999999,22.0,0.244111,0.501635162530899,1.2479062661514282,1.2329026445732116,0.8992503270492553,1.3703183516845703,1.010166703163147,0.852481840549469,0.9871342167243957,1.1402364954338073
2019-06-07 21:30:00+00:00,2019-06-07 21:45:00+00:00,0.945574,36.0,0.5844729999999999,0.8695450286369323,1.6209200481872559,1.6242638687591553,1.2722396115760803,1.7230871777038574,1.4064649204711914,1.2318348745803833,1.3654257516365051,1.6583065847854614
2019-06-07 21:45:00+00:00,2019-06-07 22:00:00+00:00,1.377414,54.0,0.945574,1.256025090335846,2.029453113197327,2.0368018890609743,1.6831210399856569,2.135941102622986,1.8599479938735963,1.6340493704071046,1.734136595844269,2.0389366890182496
2019-06-07 22:00:00+00:00,2019-06-07 22:15:00+00:00,1.929047,72.0,1.377414,1.7156292915000915,2.495067489112854,2.5135941624298095,2.204771769012451,2.6912889599456786,2.482914817298889,2.110870015586853,2.1905457496299743,2.7465233921661376
2019-06-07 22:15:00+00:00,2019-06-07 22:30:00+00:00,2.6915,112.0,1.929047,2.2948477979393003,3.0865557308883664,3.141493570396423,2.8012102957458493,3.342076313087463,3.1161848421783445,2.6814282651634214,2.800471376964569,3.4570101614685056
2019-06-07 22:30:00+00:00,2019-06-07 22:45:00+00:00,3.245266,140.0,2.6915,3.0560182847976685,3.8595296659469605,3.9224471368789673,3.6027824201583862,4.164907506942749,3.9559506692886353,3.462770513534546,3.5818496265411377,4.347415141105651
2019-06-07 22:45:00+00:00,2019-06-07 23:00:00+00:00,4.511938,175.0,3.245266,3.6068230664405823,4.439957300392151,4.5335598385009765,4.141747335163116,4.772325316635132,4.532727400032043,4.0259163772735596,4.127655068603516,4.941364446846008
2019-06-07 23:00:00+00:00,2019-06-07 23:15:00+00:00,6.120516,228.0,4.511938,4.874909842288971,5.784750604904175,5.845084333694458,5.512958669937134,6.2360618355636595,6.0052401068573,5.426381016052246,5.492391133583069,6.391739273345947
2019-06-07 23:15:00+00:00,2019-06-07 23:30:00+00:00,7.888782000000001,294.0,6.120516,6.520086137262345,7.408966479507447,7.4073700287017825,7.17343896409607,7.966297922340393,7.565163073745728,7.139950094429016,7.1339758016738894,8.022746739593506
2019-06-07 23:30:00+00:00,2019-06-07 23:45:00+00:00,9.728251,354.0,7.888782000000001,8.3671772832222,9.271617626602174,9.021518086845399,8.844056641513825,9.855295752937318,9.24404118006897,8.970789884979249,8.925845837051392,9.608645533973695
2019-06-07 23:45:00+00:00,2019-06-08 00:00:00+00:00,11.82563,407.0,9.728251,10.247026463104248,11.113760729385376,10.65291263635254,10.624634225917816,11.614222307754517,10.789454718185425,10.814357777191162,10.663506706310272,11.228998203826905
2019-06-08 00:00:00+00:00,2019-06-08 00:15:00+00:00,13.664879999999998,460.0,11.82563,12.333397617702484,13.25378387248993,12.626300742988587,13.005281379585266,13.861830284957886,13.170063665275574,13.151176503067017,13.049043228988648,13.505860140686035
2019-06-08 00:15:00+00:00,2019-06-08 00:30:00+00:00,15.27138,518.0,13.664879999999998,14.124349228982924,15.088268481140135,14.410067520980833,14.943310342674254,15.530820093994139,14.789432369117735,15.01048453891754,14.870435915832518,15.191534362678526
2019-06-08 00:30:00+00:00,2019-06-08 00:45:00+00:00,16.87175,558.0,15.27138,15.963812582378388,16.838946871643067,16.170688681488038,16.640280418281556,16.94448917377472,16.08406471479416,16.686306052093506,16.440705470924378,16.556150607948304
2019-06-08 00:45:00+00:00,2019-06-08 01:00:00+00:00,18.3785,610.0,16.87175,17.592465939998625,18.583302262306212,18.04225516605377,18.087414386749266,18.430930498123168,17.59133190202713,18.107426646232604,17.874107125282286,17.921067955970763
2019-06-08 01:00:00+00:00,2019-06-08 01:15:00+00:00,19.869499,657.0,18.3785,19.215063408374785,20.11992289161682,19.708197132110595,20.1805259141922,20.37240983581543,19.871871844291686,20.061030403137206,20.07790388202667,20.040142789840697
2019-06-08 01:15:00+00:00,2019-06-08 01:30:00+00:00,21.45413,694.0,19.869499,20.26378399341011,21.436068566726686,20.940661462234498,21.63535002081299,21.634286435531617,20.94792381136322,21.477489860939027,21.056035312103273,21.30255416242981
2019-06-08 01:30:00+00:00,2019-06-08 01:45:00+00:00,22.68656,732.0,21.45413,21.676028451447486,22.734784191970824,22.224290019397735,22.92186910522461,22.80748111618042,22.024705833320617,22.80992979419708,22.217415040855407,22.546131795768737
2019-06-08 01:45:00+00:00,2019-06-08 02:00:00+00:00,23.424629,744.0,22.68656,22.602856556591988,23.76101752620697,23.27499243122101,23.68274238210678,23.535474921283722,22.818795527038574,23.795341099319458,23.02158858877182,23.340989078102112
2019-06-08 02:00:00+00:00,2019-06-08 02:15:00+00:00,24.607189,787.0,23.424629,23.211026367715835,24.42226275520706,23.73721024113083,24.924985793403625,24.709418204597473,24.200078097156524,24.861830261520385,24.26917209940338,24.96338894682312
2019-06-08 02:15:00+00:00,2019-06-08 02:30:00+00:00,25.663309,824.0,24.607189,24.39082197879696,25.360087514270784,24.751904413451197,26.163040340293886,25.66720300947571,25.113689065326692,26.035927594055178,25.480869710792543,25.581723690380098
2019-06-08 02:30:00+00:00,2019-06-08 02:45:00+00:00,26.456498999999997,856.0,25.663309,25.394324503406526,26.56798490093613,25.713035828932764,27.3432383756485,26.448769829734804,26.06631772921944,26.824865243896486,26.286034665569307,26.381760738357546
2019-06-08 02:45:00+00:00,2019-06-08 03:00:00+00:00,27.269381,884.0,26.456498999999997,25.861585159706113,26.807706226514814,26.243103374647138,27.671927471565244,26.84452422420883,26.454745040428055,27.180189211772916,26.58668001453781,26.71115692417526
2019-06-08 03:00:00+00:00,2019-06-08 03:15:00+00:00,27.874439,906.0,27.269381,26.33183057447052,27.156068234044074,26.693198098140716,28.553094340759277,27.753029747205733,27.765835566717147,28.350999547439574,27.74153624315834,28.000191821056365
2019-06-08 03:15:00+00:00,2019-06-08 03:30:00+00:00,28.3325,917.0,27.874439,26.646967529167174,27.361587106098174,27.00403523336792,28.71727025400543,28.02424923967266,27.721242933382033,28.567418991436003,27.685454725135802,27.989284797419547
2019-06-08 03:30:00+00:00,2019-06-08 03:45:00+00:00,28.523251,916.0,28.3325,27.075409908294677,27.815308470726013,27.37775703191757,28.743115533590316,28.110254053473472,27.8344950568676,28.88949211359024,28.30575710952282,27.91643892645836
2019-06-08 03:45:00+00:00,2019-06-08 04:00:00+00:00,28.72538,922.0,28.523251,27.090403976989744,28.19367292816734,27.527471604896544,28.9123692243824,28.222685161186217,27.822414937568663,28.804930302453993,28.223641636920927,27.76415378148651
2019-06-08 04:00:00+00:00,2019-06-08 04:15:00+00:00,28.799749,919.0,28.72538,27.00474625480652,27.787271853809358,27.384662684326173,29.180104848270418,28.413342383031846,28.3293614054966,29.176545825128557,28.221448239212037,28.32810741317749
2019-06-08 04:15:00+00:00,2019-06-08 04:30:00+00:00,28.762131,914.0,28.799749,27.039491159843443,27.732889277862547,27.2943858932724,28.786955981517373,28.35752720944786,27.899585468696593,29.086821628736494,28.314037634061812,28.057531220840453
2019-06-08 04:30:00+00:00,2019-06-08 04:45:00+00:00,28.601561,907.0,28.762131,26.84967639489746,27.794427895980835,27.300544405418396,28.605265611845017,28.20887949510193,27.788015866714478,28.890281328993797,28.31966292305565,27.773240828948975
2019-06-08 04:45:00+00:00,2019-06-08 05:00:00+00:00,28.18725,880.0,28.601561,26.542334248672486,27.4958458443985,26.987437893997193,28.404968907485962,27.925148238788605,27.487704565177918,28.51300174499607,27.80162250007248,27.394987871299744
2019-06-08 05:00:00+00:00,2019-06-08 05:15:00+00:00,27.87138,861.0,28.18725,25.96193967437744,26.82842896556854,26.40149090862274,27.261346024036406,27.04542551612854,26.554960709571837,27.710510951042174,27.01264117336273,26.322940808296202
2019-06-08 05:15:00+00:00,2019-06-08 05:30:00+00:00,27.402809,836.0,27.87138,25.46409717071533,26.44515016544342,25.898926167373656,26.828649072532652,26.582032470588683,26.04885664451599,27.08137091863632,26.456151513938902,25.67280331123352
2019-06-08 05:30:00+00:00,2019-06-08 05:45:00+00:00,19.209311,831.0,27.402809,24.944635725006105,25.742389297470094,25.400206661209108,26.075882410987855,25.994584178909303,25.570139503463746,26.41004047392273,25.90487358568573,25.104549980148317
2019-06-08 05:45:00+00:00,2019-06-08 06:00:00+00:00,25.941999,776.0,19.209311,17.3834015046463,18.632591715942382,18.28671007503128,18.701189509521484,18.659521988521576,18.67654573072052,18.724498203884124,18.107445231567382,18.251641980300903
2019-06-08 06:00:00+00:00,2019-06-08 06:15:00+00:00,8.756344,491.0,25.941999,23.167837661193847,23.841442864822387,23.392511170791625,23.73555664389038,23.926231902526855,23.438224357055663,24.393012922691344,24.0784119781723,22.808590453552245
2019-06-08 06:15:00+00:00,2019-06-08 06:30:00+00:00,24.763809,722.0,8.756344,8.532659420866013,10.27238325228119,9.753987172740937,9.850599805015564,9.84144810785675,10.508870164054871,9.26893345465088,8.788829634088517,10.000479856628418
2019-06-08 06:30:00+00:00,2019-06-08 06:45:00+00:00,23.431629,687.0,24.763809,21.33218911741638,21.588110719665526,21.214231525405882,22.03373006437683,22.10856417272949,21.794759546264647,22.647848402008055,22.36843851660156,21.27986911390686
2019-06-08 06:45:00+00:00,2019-06-08 07:00:00+00:00,5.475094,177.0,23.431629,19.88353377371216,20.46760588674927,20.34099966078186,21.043701944641114,21.487137613586427,21.2039039710083,21.611504016212464,21.019295988372804,20.815072355560304
2019-06-08 07:00:00+00:00,2019-06-08 07:15:00+00:00,20.80969,626.0,5.475094,5.44653147471273,7.498968282836914,6.82449106325531,6.4325943981590274,6.653971830505371,7.173795739311219,5.998896220821381,5.479122684459627,6.538204947608948
2019-06-08 07:15:00+00:00,2019-06-08 07:30:00+00:00,20.021310999999997,582.0,20.80969,17.44934058326721,18.04209041732788,17.42968487876892,17.770493508758545,17.87205481666565,17.72578787940979,18.267784596862793,17.9370572580719,17.119760514678955
2019-06-08 07:30:00+00:00,2019-06-08 07:45:00+00:00,5.05061,160.0,20.021310999999997,16.542501166473386,16.84596414865112,16.7717878371582,17.27252526582336,17.528391554962155,17.596851065765378,17.849343255172727,17.368684247146604,17.03102035821533
2019-06-08 07:45:00+00:00,2019-06-08 08:00:00+00:00,13.49141,556.0,5.05061,4.06556361328125,5.712124163017273,5.317111039266586,5.237744444713592,5.402976358041763,6.222645455703735,5.099135933176279,4.304719740257263,5.449750328168869
2019-06-08 08:00:00+00:00,2019-06-08 08:15:00+00:00,15.41313,436.0,13.49141,10.365782243881226,10.900383932266235,10.569672329101563,10.310519916687012,10.814239008102417,10.899095995101929,11.018557054672241,10.758467657241821,10.272748453292847
2019-06-08 08:15:00+00:00,2019-06-08 08:30:00+00:00,6.991579,361.0,15.41313,12.397353127365113,12.949513867263795,12.577940657501221,12.642287447814942,12.873899891738892,13.11861415184021,13.178538754348756,12.882492020492554,12.635133221511841
2019-06-08 08:30:00+00:00,2019-06-08 08:45:00+00:00,3.004367,105.0,6.991579,4.8023082652130125,6.148742500785827,5.695744935516357,5.146003786567688,5.6654955782928464,6.1234038510360715,5.592308465484619,5.233209434989929,5.570478383544922
2019-06-08 08:45:00+00:00,2019-06-08 09:00:00+00:00,11.36494,287.0,3.004367,1.5504120649261472,3.076505674557209,2.5077134431762693,2.073253876106262,2.6462338329715727,3.0087401913901863,2.329046434299469,2.086421316997528,2.3688681782646177
2019-06-08 09:00:00+00:00,2019-06-08 09:15:00+00:00,8.100532000000001,193.0,11.36494,8.613346410217286,9.265204739990235,9.07635266822815,8.734052253189088,9.087293458404542,9.146332335891724,8.779365611495972,8.908101392211915,8.66393263381958
2019-06-08 09:15:00+00:00,2019-06-08 09:30:00+00:00,7.624531,193.0,8.100532000000001,5.678891603881837,6.302607600624086,6.009087507659913,6.184711759025575,6.179460947448732,6.301599447662355,5.7518765377349865,5.901006882125856,6.123759930068971
2019-06-08 09:30:00+00:00,2019-06-08 09:45:00+00:00,4.527906,99.0,7.624531,5.11343070779419,6.007822006088257,5.766338317733765,5.421096294265747,5.8747477224884035,6.154765813690186,5.346583812576294,5.6062588385162355,5.7588402918396
2019-06-08 09:45:00+00:00,2019-06-08 10:00:00+00:00,3.402219,89.0,4.527906,2.8677806252059934,3.7940524810371397,3.4730985754547117,3.5052726858673093,3.39207619367218,3.5644507402000425,2.934579192977905,3.2968716019210813,3.1312995546874998
2019-06-08 10:00:00+00:00,2019-06-08 10:15:00+00:00,2.240875,76.0,3.402219,2.070154848236084,2.9369234169902803,2.465595843929291,2.5851276542129518,2.3078460122528077,2.2437025929870607,1.715277376312256,2.2638123656692506,1.582164707321167
2019-06-08 10:15:00+00:00,2019-06-08 10:30:00+00:00,1.577488,57.0,2.240875,0.9634271802902221,1.801523739337921,1.2905089797973632,1.480252498626709,1.3515726270675659,1.3471481742858886,0.6029282751083374,1.1914443912506103,0.8234280290603637
2019-06-08 10:30:00+00:00,2019-06-08 10:45:00+00:00,1.243074,41.0,1.577488,0.3738422938232422,1.1966971405391693,0.7502723880653381,0.9072672077064514,0.9118341751937866,0.8747165151481628,0.02990465840148926,0.6809582658653259,0.34358542641448975
2019-06-08 10:45:00+00:00,2019-06-08 11:00:00+00:00,0.902645,27.0,1.243074,0.0,0.8711805344810486,0.42186206591033937,0.4834537507286072,0.6500391961326599,0.6983707548370361,0.0,0.36415141832733156,0.28313523542785646
2019-06-08 11:00:00+00:00,2019-06-08 11:15:00+00:00,0.507049,13.0,0.902645,0.0,0.5345074913692475,0.15864653207778934,0.15509028055191043,0.3789689622116089,0.2690630636405945,0.0,0.06504447080612186,0.0
2019-06-08 11:15:00+00:00,2019-06-08 11:30:00+00:00,0.1814049999999999,4.0,0.507049,0.0,0.22258112404251096,0.0,0.0,0.10983655426406858,0.0,0.0,0.0,0.0
2019-06-08 11:30:00+00:00,2019-06-08 11:45:00+00:00,0.0,0.0,0.1814049999999999,0.0,0.038031346707343955,0.0,0.0,0.0,0.0,0.0,0.0,0.0
2019-06-08 11:45:00+00:00,2019-06-08 12:00:00+00:00,0.0,0.0,0.0,0.0,0.0,0.0,0.0,0.0,0.0,0.0,0.0,0.0
2019-06-08 12:00:00+00:00,2019-06-08 12:15:00+00:00,0.0,0.0,0.0,0.0,0.0,0.0,0.0,0.0,0.0,0.0,0.0,0.0
2019-06-08 12:15:00+00:00,2019-06-08 12:30:00+00:00,0.0,0.0,0.0,0.0,0.0,0.0,0.0,0.0,0.0,0.0,0.0,0.0
2019-06-08 12:30:00+00:00,2019-06-08 12:45:00+00:00,0.0,0.0,0.0,0.0,0.0,0.0,0.0,0.0,0.0,0.0,0.0,0.0
2019-06-08 12:45:00+00:00,2019-06-08 13:00:00+00:00,0.0,0.0,0.0,0.0,0.0,0.0,0.0,0.0,0.0,0.0,0.0,0.0
2019-06-08 13:00:00+00:00,2019-06-08 13:15:00+00:00,0.0,0.0,0.0,0.0,0.005409224424511194,0.0,0.0,0.0,0.0,0.0,0.0,0.0
2019-06-08 13:15:00+00:00,2019-06-08 13:30:00+00:00,0.0,0.0,0.0,0.0,0.03451612591743469,0.0,0.0,0.0,0.0,0.0,0.0,0.0
2019-06-08 13:30:00+00:00,2019-06-08 13:45:00+00:00,0.0,0.0,0.0,0.0,0.0,0.0,0.0,0.0,0.0,0.0,0.0,0.0
2019-06-08 13:45:00+00:00,2019-06-08 14:00:00+00:00,0.0,0.0,0.0,0.0,0.13556572794914246,0.0,0.0,0.009535646997392178,0.0,0.0,0.0,0.0
2019-06-08 14:00:00+00:00,2019-06-08 14:15:00+00:00,0.0,0.0,0.0,0.0,0.25996536016464233,0.0,0.0,0.02449592389166355,0.0,0.0,0.0,0.0
2019-06-08 14:15:00+00:00,2019-06-08 14:30:00+00:00,0.0,0.0,0.0,0.0,0.27748605608940125,0.0,0.0,0.024848034605383873,0.0,0.0,0.0,0.0
2019-06-08 14:30:00+00:00,2019-06-08 14:45:00+00:00,0.0,0.0,0.0,0.0,0.3020753264427185,0.0,0.0,0.04619159549474716,0.0,0.0,0.0,0.0
2019-06-08 14:45:00+00:00,2019-06-08 15:00:00+00:00,0.0,0.0,0.0,0.0,0.2562309503555298,0.0,0.0,0.03982861340045929,0.0,0.0,0.0,0.0
2019-06-08 15:00:00+00:00,2019-06-08 15:15:00+00:00,0.0,0.0,0.0,0.0,0.2672056555747986,0.0,0.0,0.05136820673942566,0.0,0.0,0.0,0.0
2019-06-08 15:15:00+00:00,2019-06-08 15:30:00+00:00,0.0,0.0,0.0,0.0,0.3157182037830353,0.0,0.0,0.07760030776262283,0.0,0.0,0.0,0.0
2019-06-08 15:30:00+00:00,2019-06-08 15:45:00+00:00,0.0,0.0,0.0,0.0,0.3696824312210083,0.0,0.0,0.0976850613951683,0.0,0.0,0.0,0.0
2019-06-08 15:45:00+00:00,2019-06-08 16:00:00+00:00,0.0,0.0,0.0,0.0,0.3278470039367676,0.0,0.0,0.12512779235839844,0.0,0.0,0.0,0.0
2019-06-08 16:00:00+00:00,2019-06-08 16:15:00+00:00,0.0,0.0,0.0,0.0,0.36306411027908325,0.0,0.0,0.17835544049739838,0.0,0.0,0.0,0.0
2019-06-08 16:15:00+00:00,2019-06-08 16:30:00+00:00,0.0,0.0,0.0,0.0,0.4114319682121277,0.0,0.0,0.27038681507110596,0.0,0.0,0.0,0.0
2019-06-08 16:30:00+00:00,2019-06-08 16:45:00+00:00,0.0,0.0,0.0,0.0,0.4632541239261627,0.0,0.0,0.33732011914253235,0.0,0.0,0.0,0.0
2019-06-08 16:45:00+00:00,2019-06-08 17:00:00+00:00,0.0,0.0,0.0,0.0,0.44132357835769653,0.0,0.0,0.37659621238708496,0.014600851573050022,0.0,0.0,0.0
2019-06-08 17:00:00+00:00,2019-06-08 17:15:00+00:00,0.0,0.0,0.0,0.0,0.46064332127571106,0.0,0.0,0.4404589831829071,0.09337437897920609,0.0,0.0,0.0
2019-06-08 17:15:00+00:00,2019-06-08 17:30:00+00:00,0.0,0.0,0.0,0.0,0.5047566294670105,0.0,0.0,0.47519439458847046,0.11865109950304031,0.0,0.0,0.0
2019-06-08 17:30:00+00:00,2019-06-08 17:45:00+00:00,0.0,0.0,0.0,0.0,0.5480694770812988,0.037693485617637634,0.0,0.5167467594146729,0.1835585981607437,0.0,0.029011253267526627,0.0
2019-06-08 17:45:00+00:00,2019-06-08 18:00:00+00:00,0.0,0.0,0.0,0.0,0.6048824787139893,0.12609931826591492,0.0,0.5552558302879333,0.2504986524581909,0.0,0.09574103355407715,0.0
2019-06-08 18:00:00+00:00,2019-06-08 18:15:00+00:00,0.0,0.0,0.0,0.0,0.6652917265892029,0.17558465898036957,0.0,0.6393439769744873,0.3094758093357086,0.0,0.2149570882320404,0.0
2019-06-08 18:15:00+00:00,2019-06-08 18:30:00+00:00,0.0,0.0,0.0,0.0,0.7011198997497559,0.21857976913452148,0.0,0.6619585156440735,0.3636139929294586,0.0,0.3002447187900543,0.0
2019-06-08 18:30:00+00:00,2019-06-08 18:45:00+00:00,0.0,0.0,0.0,0.0,0.7809353470802307,0.30797380208969116,0.0,0.6855411529541016,0.36768004298210144,0.0,0.3840084671974182,0.0
2019-06-08 18:45:00+00:00,2019-06-08 19:00:00+00:00,0.0,0.0,0.0,0.0,0.7522628307342529,0.3147504925727844,0.0,0.6954848170280457,0.40140774846076965,0.0,0.4188309907913208,0.0
2019-06-08 19:00:00+00:00,2019-06-08 19:15:00+00:00,0.0,0.0,0.0,0.0,0.7849350571632385,0.35615041851997375,0.018801996484398842,0.6866534352302551,0.37997037172317505,0.0,0.4931958019733429,0.0
2019-06-08 19:15:00+00:00,2019-06-08 19:30:00+00:00,0.0,0.0,0.0,0.08478598296642303,0.7594987154006958,0.5219593644142151,0.1436004936695099,0.6257392764091492,0.27323129773139954,0.0,0.4645201861858368,0.0
2019-06-08 19:30:00+00:00,2019-06-08 19:45:00+00:00,0.0,0.0,0.0,0.12983666360378265,0.8260153532028198,0.5831614136695862,0.2008001208305359,0.6214697360992432,0.28331273794174194,0.0,0.5086629390716553,0.0
2019-06-08 19:45:00+00:00,2019-06-08 20:00:00+00:00,0.0,0.0,0.0,0.14214251935482025,0.9021180272102356,0.6393802165985107,0.2130342721939087,0.6531320214271545,0.34148597717285156,0.0,0.5807619094848633,0.0037229659501463175
2019-06-08 20:00:00+00:00,2019-06-08 20:15:00+00:00,0.0,0.0,0.0,0.18595129251480103,0.9850926399230957,0.7251420617103577,0.3484708368778229,0.71168053150177,0.2704530656337738,0.0,0.6514151096343994,0.01923048309981823
2019-06-08 20:15:00+00:00,2019-06-08 20:30:00+00:00,0.0,0.0,0.0,0.20106740295886993,1.0228016376495361,0.7502376437187195,0.37850067019462585,0.787431001663208,0.2735392451286316,0.0,0.7001407742500305,0.031755197793245316
2019-06-08 20:30:00+00:00,2019-06-08 20:45:00+00:00,0.0,0.0,0.0,0.23270583152770996,1.0518585443496704,0.823898434638977,0.42455995082855225,0.8566651344299316,0.280077189207077,0.0445544607937336,0.7203180193901062,0.07127892971038818
2019-06-08 20:45:00+00:00,2019-06-08 21:00:00+00:00,0.000107,0.0,0.0,0.25319698452949524,1.0549932718276978,0.8836521506309509,0.47957345843315125,0.8958759903907776,0.342563658952713,0.10527091473340988,0.7345131635665894,0.16356739401817322
2019-06-08 21:00:00+00:00,2019-06-08 21:15:00+00:00,0.1809339999999999,7.0,0.000107,0.25538257730674746,1.0613938070602418,0.9288864828414917,0.5276396371192932,0.9713006116218567,0.38882754219245913,0.18894060922336578,0.7696777082748413,0.21837832999897003
2019-06-08 21:15:00+00:00,2019-06-08 21:30:00+00:00,0.520967,21.0,0.1809339999999999,0.46007795928382866,1.2405335187759399,1.1872185945358276,0.7812893867340087,1.2061107635345458,0.68964742420578,0.46399344800376885,0.9584189534034728,0.5929514348354339
2019-06-08 21:30:00+00:00,2019-06-08 21:45:00+00:00,0.817523,39.0,0.520967,0.8425526850147247,1.614105575553894,1.6120302610321045,1.2157200508041381,1.5823814802093505,1.1458675794525146,0.9080184929294586,1.2865926556510925,1.1580520801467895
2019-06-08 21:45:00+00:00,2019-06-08 22:00:00+00:00,1.056891,50.0,0.817523,1.137551007030487,1.9796600315551758,1.9615342590789795,1.5341356370429993,1.9637107822875977,1.571948287246704,1.2496690127830505,1.606687662361145,1.577093300579071
2019-06-08 22:00:00+00:00,2019-06-08 22:15:00+00:00,1.321523,61.0,1.056891,1.3976920303974152,2.285845315185547,2.2885573265228274,1.8577127811584473,2.2850244400177004,1.9798502680931092,1.5502554533157349,1.8788043615493775,2.0052695629272463
2019-06-08 22:15:00+00:00,2019-06-08 22:30:00+00:00,1.828422,100.0,1.321523,1.6642612707595825,2.6135280621032715,2.59214751839447,2.149122287033081,2.6310064089279175,2.379350949523926,1.8636904847602844,2.1768414866905212,2.4055663835983276
2019-06-08 22:30:00+00:00,2019-06-08 22:45:00+00:00,2.804922,138.0,1.828422,2.1493877371044157,3.112003495285034,3.0748979349822996,2.625490953514099,3.1812851925582883,2.9535369177551267,2.4074978728981016,2.763987888881683,3.0108582277984617
2019-06-08 22:45:00+00:00,2019-06-08 23:00:00+00:00,4.305766,175.0,2.804922,3.1636555646152495,4.0791272078247065,4.13273371798706,3.6215980206222533,4.168913141319274,3.860906020233154,3.437654331752777,3.7305238996238708,4.1402998123855586
2019-06-08 23:00:00+00:00,2019-06-08 23:15:00+00:00,6.054344,234.0,4.305766,4.667899115530014,5.659326566902161,5.659392251220703,5.172369016853333,5.907991661277771,5.607643617835999,5.095242752281189,5.333893551078797,5.9107166664276125
2019-06-08 23:15:00+00:00,2019-06-08 23:30:00+00:00,7.919406,298.0,6.054344,6.440535368103028,7.391441764015198,7.33710938848877,6.97569239296341,7.752226533073426,7.317751945632935,6.939879836219788,7.135416926521302,7.785362781661988
2019-06-08 23:30:00+00:00,2019-06-08 23:45:00+00:00,10.05813,366.0,7.919406,8.3499979110775,9.344964686256409,8.987265292030335,8.795493546348572,9.749729934555054,9.11620456300354,8.842064979892731,9.05918997846222,9.575429740768433
2019-06-08 23:45:00+00:00,2019-06-09 00:00:00+00:00,12.08638,423.0,10.05813,10.54093879855156,11.53013632095337,10.919375155334473,10.926390502815247,11.797814581756592,10.89690432346344,10.96498522556305,11.122687075500489,11.512896511917114
2019-06-09 00:00:00+00:00,2019-06-09 00:15:00+00:00,13.92475,477.0,12.08638,12.596722180728912,13.604461068992615,12.89675449836731,13.100381607894898,14.037224168663025,13.225790734176636,13.077058608417511,13.428663844947815,13.709679717903137
2019-06-09 00:15:00+00:00,2019-06-09 00:30:00+00:00,15.64938,537.0,13.92475,14.378381490468978,15.435814529418945,14.657034665107727,15.03787174797058,15.839267521858215,14.88764426088333,14.954739361763,15.223590522766113,15.316278964042663
2019-06-09 00:30:00+00:00,2019-06-09 00:45:00+00:00,17.500441,585.0,15.64938,16.267929585342408,17.31231179988861,16.589297743206025,16.804530890350343,17.466064246063233,16.53345588005066,16.581889779930115,16.909499795799256,16.72504785812378
2019-06-09 00:45:00+00:00,2019-06-09 01:00:00+00:00,19.509001,633.0,17.500441,18.100266620651244,19.328280374542235,18.45633493377304,18.573989316955565,19.11861805631256,18.04223798228836,18.087235197559355,18.729441210762023,18.343293771282195
2019-06-09 01:00:00+00:00,2019-06-09 01:15:00+00:00,21.16713,677.0,19.509001,20.135838074756624,21.35340688951111,20.405654771400453,21.10887585408783,21.34684704072571,20.609709961486818,20.648995502067567,21.099363071990968,20.798842175079347
2019-06-09 01:15:00+00:00,2019-06-09 01:30:00+00:00,22.45994,717.0,21.16713,21.662434822921753,23.163349396591187,21.872703856830597,22.810057050590515,22.8330874508667,22.193564302330017,22.124617225532532,22.6807117527771,22.403931028251648
2019-06-09 01:30:00+00:00,2019-06-09 01:45:00+00:00,23.855129,749.0,22.45994,22.872896327199935,24.357697291793823,23.16778682035446,23.98795811695099,24.00598411125183,23.384782238426208,23.473175330581665,23.73973815006256,23.466249509277343
2019-06-09 01:45:00+00:00,2019-06-09 02:00:00+00:00,25.271749,789.0,23.855129,23.98646875863457,25.678263899139406,24.17468207722092,25.330217238716127,25.0929493868866,24.392403837493898,24.621390816024782,24.8680479491272,24.540540751270296
2019-06-09 02:00:00+00:00,2019-06-09 02:15:00+00:00,26.229,818.0,25.271749,24.855751792835235,26.582809070991516,25.014596055196762,26.963775019096374,26.729639033721924,25.846824685977936,26.217629711078644,26.605475286888122,26.208517114566803
2019-06-09 02:15:00+00:00,2019-06-09 02:30:00+00:00,27.06638,854.0,26.229,25.330002514362334,27.08425906085968,25.56389406108856,27.474912313461303,27.274431971549987,26.017053095340728,26.757890013694762,27.05817809486389,26.822469142913818
2019-06-09 02:30:00+00:00,2019-06-09 02:45:00+00:00,27.814939000000003,878.0,27.06638,26.376969730739592,27.713058924560546,26.647215103988646,27.998534595851897,27.988612687473296,26.774531400089263,27.784904038791655,27.791937565689086,27.291895872240065
2019-06-09 02:45:00+00:00,2019-06-09 03:00:00+00:00,28.434,906.0,27.814939000000003,26.867860473979952,28.53413943230057,27.041893102516177,28.63155702530289,28.50185082136536,27.14719948946381,28.10122207580948,28.308791943181994,27.69472204922581
2019-06-09 03:00:00+00:00,2019-06-09 03:15:00+00:00,28.89513,920.0,28.434,27.127774819374086,28.634669035315515,27.38134847545624,29.478128179550172,29.300522014141084,27.989837988853456,29.20754818582535,29.081212088108064,28.541788220047952
2019-06-09 03:15:00+00:00,2019-06-09 03:30:00+00:00,29.192631,937.0,28.89513,27.195924005393984,28.76456854391575,27.468727311973574,29.580103120689394,29.260791293268205,27.77943988788605,29.321202269678118,29.094470447783472,28.60450541127205
2019-06-09 03:30:00+00:00,2019-06-09 03:45:00+00:00,29.596001,953.0,29.192631,27.334785097557067,28.895643138605116,27.6091554102478,29.440518164354323,29.055475690680503,27.587454431968688,29.20338239455497,29.084538453536986,28.57078688712692
2019-06-09 03:45:00+00:00,2019-06-09 04:00:00+00:00,29.610001,955.0,29.596001,27.672764033866883,28.984490723205568,27.973075956893922,29.273502171827317,29.194965899778367,27.61014553983307,29.407977969242097,29.216843576026918,28.513646931243898
2019-06-09 04:00:00+00:00,2019-06-09 04:15:00+00:00,29.42713,954.0,29.610001,27.910266550613404,28.962409051490784,28.038466485572815,29.815397711826325,29.375239404273987,28.108195575309754,29.7074315793643,29.60080364288932,28.628716500831604
2019-06-09 04:15:00+00:00,2019-06-09 04:30:00+00:00,29.275749,944.0,29.42713,27.559258596305845,28.941304968004225,27.80624820411682,29.64799329758167,29.05156533539772,27.860040561561583,29.324839675133227,29.360424504880903,28.393367783432005
2019-06-09 04:30:00+00:00,2019-06-09 04:45:00+00:00,29.225,931.0,29.275749,26.941264661239625,28.479586096691133,27.347104104446412,29.164537752257825,28.65871975033188,27.427463444160463,28.980760516809465,28.916713895486833,28.124738963531495
2019-06-09 04:45:00+00:00,2019-06-09 05:00:00+00:00,28.974751,911.0,29.225,27.11533913612366,28.125983572006227,27.437343335151674,28.914938426017763,28.44315085411072,27.458866930007936,28.902358835935594,28.857440000772478,27.854359364509584
2019-06-09 05:00:00+00:00,2019-06-09 05:15:00+00:00,28.645309,892.0,28.974751,26.86610079248047,27.93134236772156,27.193929080558778,28.897058692468168,28.316073124004365,27.555051331115724,28.666617129636766,28.67948049743271,27.72640502889252
2019-06-09 05:15:00+00:00,2019-06-09 05:30:00+00:00,28.315439,867.0,28.645309,26.10233762739563,27.642061977371217,26.52206042288208,28.690345397874356,27.81030222652817,26.843401222213746,28.157572864278794,28.202078460439683,27.380932359680177
2019-06-09 05:30:00+00:00,2019-06-09 05:45:00+00:00,27.480690000000003,837.0,28.315439,25.78848601805115,26.917773856987,26.356539025177003,28.266504450906755,27.512042238582612,26.78885950075531,27.867936178316118,27.714733435977937,27.106504335273744
2019-06-09 05:45:00+00:00,2019-06-09 06:00:00+00:00,26.95088,806.0,27.480690000000003,24.598688600006106,25.922902224006656,24.958504435958865,27.08425903076172,26.28163957351685,25.48733567947388,26.94003069156647,26.50050979608536,26.1154328560257
2019-06-09 06:00:00+00:00,2019-06-09 06:15:00+00:00,25.949869,769.0,26.95088,24.325743624572755,25.35344702899933,24.62269181907654,26.700770178442003,25.871488401298524,25.20244366825104,26.072384545211793,26.0916487664032,25.568006226425172
2019-06-09 06:15:00+00:00,2019-06-09 06:30:00+00:00,25.023251,739.0,25.949869,23.31251629499817,24.72365423349762,23.943451010269165,25.663773291391372,24.93648656515503,24.42082937864685,24.959114336055755,25.017782472652435,24.65462561754608
2019-06-09 06:30:00+00:00,2019-06-09 06:45:00+00:00,24.125059,707.0,25.023251,22.09656995828247,23.40200048978424,22.701318684173582,24.431447628093718,23.84054333264923,23.31392163331604,24.055990281654356,23.97533220346069,23.60741573865509
2019-06-09 06:45:00+00:00,2019-06-09 07:00:00+00:00,23.05975,667.0,24.125059,21.096454015716553,22.43263923262024,21.650566926940918,23.649898907884598,22.996215573295594,22.49073397253418,23.141807070716858,23.03778957460785,22.771860948547364
2019-06-09 07:00:00+00:00,2019-06-09 07:15:00+00:00,21.626499,627.0,23.05975,19.927287498474122,21.151706973075868,20.531176010131837,22.2614158782959,21.46570543384552,21.055274644851686,21.678759733200074,21.28177241420746,21.411938348770143
2019-06-09 07:15:00+00:00,2019-06-09 07:30:00+00:00,20.346809,585.0,21.626499,18.579376044677733,19.65184957067871,19.112339797424315,20.620138349937438,20.02714664022827,19.664744797157287,20.043680134223937,19.851307931350707,19.998079243110656
2019-06-09 07:30:00+00:00,2019-06-09 07:45:00+00:00,18.963869,539.0,20.346809,17.608064025863648,18.875711769088745,17.98381480596924,19.602495581134797,18.967884749397278,18.770079225524903,18.781438917144776,18.902699917778016,18.846783846839905
2019-06-09 07:45:00+00:00,2019-06-09 08:00:00+00:00,17.439619,490.0,18.963869,15.970100546401977,17.5271173959198,16.671813393157958,18.308652782958983,17.718978071731566,17.459409380477904,17.54713954977417,17.37527194075012,17.560929799598693
2019-06-09 08:00:00+00:00,2019-06-09 08:15:00+00:00,15.81606,435.0,17.439619,14.333265955490113,15.492730672401429,15.01825350050354,16.411926324409485,15.82874732736969,15.52612179045105,15.645163233322144,15.47330253843689,15.650103147071839
2019-06-09 08:15:00+00:00,2019-06-09 08:30:00+00:00,14.05709,378.0,15.81606,12.975164347229004,14.14676194721222,13.483247929153443,14.757538729248047,14.296123319206238,14.075624638137818,13.880097322998047,14.018094831047058,14.063856297073364
2019-06-09 08:30:00+00:00,2019-06-09 08:45:00+00:00,12.23053,318.0,14.05709,11.245430902328492,12.276653603401185,11.791015342559815,13.005882219161988,12.743013337936402,12.625474885787964,12.224157885398865,12.348213151779175,12.387770131912232
2019-06-09 08:45:00+00:00,2019-06-09 09:00:00+00:00,10.35803,255.0,12.23053,9.388107276229858,10.369065618782043,9.939808106689453,11.188380337028503,11.06383488204956,10.993778085975647,10.512399411468506,10.580168819694519,10.761646724014282
2019-06-09 09:00:00+00:00,2019-06-09 09:15:00+00:00,8.446157000000001,207.0,10.35803,7.993148961334228,8.588993110923766,8.149955430297851,9.37039468553543,9.027702608375549,8.932363190917968,8.410362162857055,8.80546287563324,8.587712564735412
2019-06-09 09:15:00+00:00,2019-06-09 09:30:00+00:00,6.551782,165.0,8.446157000000001,6.094123861724855,6.8060021614379895,6.365953466827394,7.423772356445314,7.24323143714142,7.173996946746827,6.525741121704103,6.914404890472413,6.82888760321808
2019-06-09 09:30:00+00:00,2019-06-09 09:45:00+00:00,4.7565,102.0,6.551782,4.434565889770508,5.050289499694824,4.646828997070313,5.700155782634735,5.508455860549927,5.472153532440186,4.797724234992981,5.308954584533692,5.098993527824402
2019-06-09 09:45:00+00:00,2019-06-09 10:00:00+00:00,3.198836,77.0,4.7565,2.7179646434783935,3.5603909435272216,3.088516110420227,3.9788957777023315,3.907889956474304,3.847576374053955,3.2586604299545288,3.61727344417572,3.6793999614715576
2019-06-09 10:00:00+00:00,2019-06-09 10:15:00+00:00,2.076922,73.0,3.198836,1.3170349908218384,2.239642770324707,1.8187145305023193,2.247966618572235,2.291276962791443,2.030109317337036,1.6101656270370484,2.0288343739852905,1.8602249932632446
2019-06-09 10:15:00+00:00,2019-06-09 10:30:00+00:00,1.412469,59.0,2.076922,0.3360900288314821,1.3235355025024416,0.8825740223617555,1.168692887374878,1.2453314071388246,1.0554414396972658,0.5520985727996828,1.0354594593734743,0.8088926678390504
2019-06-09 10:30:00+00:00,2019-06-09 10:45:00+00:00,1.084535,45.0,1.412469,0.0,0.8893591467323303,0.39068552889251706,0.6879092756690979,0.7032259408416748,0.5850606266441345,0.03805157579803464,0.5589706007423401,0.19506332315826413
2019-06-09 10:45:00+00:00,2019-06-09 11:00:00+00:00,0.813012,29.0,1.084535,0.0,0.6913945349788666,0.17780250040054324,0.5671590539550782,0.48536085811614993,0.3885117146110535,0.0,0.3855377408599854,0.0
2019-06-09 11:00:00+00:00,2019-06-09 11:15:00+00:00,0.528076,16.0,0.813012,0.0,0.5168026348705291,0.0,0.29575019684982295,0.24002241698455806,0.10615485516738887,0.0,0.15743386355590816,0.0
2019-06-09 11:15:00+00:00,2019-06-09 11:30:00+00:00,0.171514,4.0,0.528076,0.0,0.29537815549468993,0.0,0.04179687001800536,0.02490193345642089,0.0,0.0,0.0,0.0
2019-06-09 11:30:00+00:00,2019-06-09 11:45:00+00:00,0.0,0.0,0.171514,0.0,0.01666889637851715,0.0,0.0,0.0,0.0,0.0,0.0,0.0
2019-06-09 11:45:00+00:00,2019-06-09 12:00:00+00:00,0.0,0.0,0.0,0.0,0.0,0.0,0.0,0.0,0.0,0.0,0.0,0.0
2019-06-09 12:00:00+00:00,2019-06-09 12:15:00+00:00,0.0,0.0,0.0,0.0,0.0,0.0,0.0,0.0,0.0,0.0,0.0,0.0
2019-06-09 12:15:00+00:00,2019-06-09 12:30:00+00:00,0.0,0.0,0.0,0.0,0.016731679439544678,0.0,0.0,0.0,0.0,0.0,0.0,0.0
2019-06-09 12:30:00+00:00,2019-06-09 12:45:00+00:00,0.0,0.0,0.0,0.0,0.07198505103588104,0.0,0.0,0.0,0.0,0.0,0.0,0.0
2019-06-09 12:45:00+00:00,2019-06-09 13:00:00+00:00,0.0,0.0,0.0,0.0,0.10733107477426529,0.0,0.0,0.0,0.0,0.0,0.0,0.0
2019-06-09 13:00:00+00:00,2019-06-09 13:15:00+00:00,0.0,0.0,0.0,0.0,0.128947913646698,0.0,0.0,0.0,0.0,0.0,0.0,0.0
2019-06-09 13:15:00+00:00,2019-06-09 13:30:00+00:00,0.0,0.0,0.0,0.0,0.11412009596824646,0.0,0.0,0.022068019956350327,0.0,0.0,0.0,0.0
2019-06-09 13:30:00+00:00,2019-06-09 13:45:00+00:00,0.0,0.0,0.0,0.0,0.12858454883098602,0.0,0.0,0.0711972564458847,0.0,0.0,0.0,0.0
2019-06-09 13:45:00+00:00,2019-06-09 14:00:00+00:00,0.0,0.0,0.0,0.0,0.10087147355079651,0.0,0.0,0.06517692655324936,0.0,0.0,0.0,0.0
2019-06-09 14:00:00+00:00,2019-06-09 14:15:00+00:00,0.0,0.0,0.0,0.0,0.1238471120595932,0.0,0.0956331193447113,0.08954302221536636,0.0,0.0,0.0,0.0
2019-06-09 14:15:00+00:00,2019-06-09 14:30:00+00:00,0.0,0.0,0.0,0.0,0.2337842881679535,0.0,0.04318065196275711,0.15984311699867249,0.0,0.0,0.0,0.0
2019-06-09 14:30:00+00:00,2019-06-09 14:45:00+00:00,0.0,0.0,0.0,0.0,0.2291247844696045,0.0,0.08052921295166016,0.147125244140625,0.0,0.0,0.0,0.0
2019-06-09 14:45:00+00:00,2019-06-09 15:00:00+00:00,0.0,0.0,0.0,0.0,0.3417706787586212,0.0,0.11558636277914047,0.17615245282649994,0.0,0.0,0.0,0.0
2019-06-09 15:00:00+00:00,2019-06-09 15:15:00+00:00,0.0,0.0,0.0,0.0,0.39784541726112366,0.0,0.09295950084924698,0.19805485010147095,0.0,0.0,0.0,0.0
2019-06-09 15:15:00+00:00,2019-06-09 15:30:00+00:00,0.0,0.0,0.0,0.0,0.4131334125995636,0.0,0.0651056095957756,0.20567521452903748,0.0,0.0,0.0,0.0
2019-06-09 15:30:00+00:00,2019-06-09 15:45:00+00:00,0.0,0.0,0.0,0.0,0.49810102581977844,0.0,0.048270609229803085,0.2779373824596405,0.0,0.0,0.0,0.0
2019-06-09 15:45:00+00:00,2019-06-09 16:00:00+00:00,0.0,0.0,0.0,0.0,0.5016106963157654,0.0,0.09356187283992767,0.2970414161682129,0.0,0.0,0.0,0.0
2019-06-09 16:00:00+00:00,2019-06-09 16:15:00+00:00,0.0,0.0,0.0,0.0,0.5169084668159485,0.0,0.0282830148935318,0.3649546802043915,0.0,0.0,0.0,0.0
2019-06-09 16:15:00+00:00,2019-06-09 16:30:00+00:00,0.0,0.0,0.0,0.0,0.5166202187538147,0.0,0.0,0.41079816222190857,0.0,0.0,0.0,0.0
2019-06-09 16:30:00+00:00,2019-06-09 16:45:00+00:00,0.0,0.0,0.0,0.0,0.5266005396842957,0.0,0.0,0.4527636766433716,0.0,0.0,0.0,0.0
2019-06-09 16:45:00+00:00,2019-06-09 17:00:00+00:00,0.0,0.0,0.0,0.0,0.5640609860420227,0.0,0.0,0.5177115201950073,0.041404951363801956,0.0,0.037813059985637665,0.0
2019-06-09 17:00:00+00:00,2019-06-09 17:15:00+00:00,0.0,0.0,0.0,0.0,0.6023627519607544,0.048603128641843796,0.0,0.5758576989173889,0.08492440730333328,0.0,0.0842185914516449,0.0
2019-06-09 17:15:00+00:00,2019-06-09 17:30:00+00:00,0.0,0.0,0.0,0.0,0.6377673149108887,0.08323855698108673,0.022828547284007072,0.6223975419998169,0.12293768674135208,0.0,0.14745454490184784,0.0
2019-06-09 17:30:00+00:00,2019-06-09 17:45:00+00:00,0.0,0.0,0.0,0.0,0.6561078429222107,0.12260428071022034,0.03569680079817772,0.6526108980178833,0.14866504073143005,0.0,0.2080630660057068,0.0
2019-06-09 17:45:00+00:00,2019-06-09 18:00:00+00:00,0.0,0.0,0.0,0.0,0.6450119018554688,0.19179342687129974,0.15017655491828918,0.600459098815918,0.14008818566799164,0.0,0.10229317843914032,0.0
2019-06-09 18:00:00+00:00,2019-06-09 18:15:00+00:00,0.0,0.0,0.0,0.0,0.7224482893943787,0.22438353300094604,0.14797377586364746,0.6954717636108398,0.21021829545497894,0.0,0.255956768989563,0.0
2019-06-09 18:15:00+00:00,2019-06-09 18:30:00+00:00,0.0,0.0,0.0,0.0,0.760453999042511,0.2669782340526581,0.13809531927108765,0.7492722868919373,0.2419925183057785,0.0,0.33599141240119934,0.0
2019-06-09 18:30:00+00:00,2019-06-09 18:45:00+00:00,0.0,0.0,0.0,0.026678046211600304,0.7394647002220154,0.3553950786590576,0.24970470368862152,0.6757696866989136,0.1633893996477127,0.0,0.20206840336322784,0.0
2019-06-09 18:45:00+00:00,2019-06-09 19:00:00+00:00,0.0,0.0,0.0,0.059986721724271774,0.7967310547828674,0.4178379476070404,0.3168550431728363,0.7097246050834656,0.1919064223766327,0.04463263601064682,0.22697411477565765,0.0
2019-06-09 19:00:00+00:00,2019-06-09 19:15:00+00:00,0.0,0.0,0.0,0.0714528039097786,0.9114754796028137,0.4515373408794403,0.30980440974235535,0.8064565658569336,0.33396115899086,0.05331036448478699,0.38977140188217163,0.0
2019-06-09 19:15:00+00:00,2019-06-09 19:30:00+00:00,0.0,0.0,0.0,0.07066013664007187,0.9696490168571472,0.50984126329422,0.304277628660202,0.8654462695121765,0.3841879665851593,0.07613879442214966,0.46867305040359497,0.0
2019-06-09 19:30:00+00:00,2019-06-09 19:45:00+00:00,0.0,0.0,0.0,0.07120101153850555,0.9861521124839783,0.5741821527481079,0.31657078862190247,0.8949528336524963,0.42169633507728577,0.10091795027256012,0.4957059323787689,0.0329425185918808
2019-06-09 19:45:00+00:00,2019-06-09 20:00:00+00:00,0.0,0.0,0.0,0.035901088267564774,0.9855220913887024,0.6187919974327087,0.30312737822532654,0.9377622604370117,0.433758944272995,0.03710469976067543,0.5768010020256042,0.02987864427268505
2019-06-09 20:00:00+00:00,2019-06-09 20:15:00+00:00,0.0,0.0,0.0,0.10110460966825485,0.9788902401924133,0.7405602335929871,0.38421308994293213,0.9232551455497742,0.3860795199871063,0.16691192984580994,0.5149569511413574,0.07728677988052368
2019-06-09 20:15:00+00:00,2019-06-09 20:30:00+00:00,0.0,0.0,0.0,0.07634350657463074,0.9867803454399109,0.7487648725509644,0.41459575295448303,1.0101721286773682,0.4067312479019165,0.09747762978076935,0.5853174328804016,0.08736323565244675
2019-06-09 20:30:00+00:00,2019-06-09 20:45:00+00:00,0.0,0.0,0.0,0.13286463916301727,1.029853105545044,0.8157234787940979,0.4559267461299896,1.0854554176330566,0.41320112347602844,0.158732071518898,0.6240230798721313,0.1157304048538208
2019-06-09 20:45:00+00:00,2019-06-09 21:00:00+00:00,0.0,1.0,0.0,0.19112898409366608,1.0739390850067139,0.8757023811340332,0.47480735182762146,1.137851595878601,0.4550851881504059,0.21347792446613312,0.6402161121368408,0.1876206398010254
2019-06-09 21:00:00+00:00,2019-06-09 21:15:00+00:00,0.245574,10.0,0.0,0.22738167643547058,1.1022465229034424,0.9370203018188477,0.5064818859100342,1.1704739332199097,0.5068937540054321,0.27462586760520935,0.6490932106971741,0.2825765609741211
2019-06-09 21:15:00+00:00,2019-06-09 21:30:00+00:00,0.492338,20.0,0.245574,0.5056929911365509,1.3701040769805908,1.2581477190246582,0.7974087024917602,1.4439556623687744,0.814221563457489,0.5729096556892395,0.9099385167350769,0.654989602684021
2019-06-09 21:30:00+00:00,2019-06-09 21:45:00+00:00,0.9275,42.0,0.492338,0.7699083966617584,1.6387447697525024,1.559584675491333,1.092777965724945,1.7310481650238037,1.133010504901886,0.8447622639541625,1.180992601573944,1.0366440398101806
2019-06-09 21:45:00+00:00,2019-06-09 22:00:00+00:00,1.422777,64.0,0.9275,1.2567527496814728,2.1391022109985354,2.079656710624695,1.5396066808700561,2.2275466823577883,1.6172792220115662,1.3046701455116272,1.6466343307495117,1.545305004119873
2019-06-09 22:00:00+00:00,2019-06-09 22:15:00+00:00,1.884258,80.0,1.422777,1.7959698765773773,2.6876996188659668,2.6190386443634033,2.1713138847846984,2.7833130984802246,2.287244680454254,1.8706488042373657,2.2128409176368713,2.252366784145355
2019-06-09 22:15:00+00:00,2019-06-09 22:30:00+00:00,2.4266490000000003,112.0,1.884258,2.31356268916893,3.2328641096191406,3.148779598815918,2.707171885116577,3.2898109832839966,2.8421858230667114,2.3887583294944763,2.7097280303077698,2.878371028049469
2019-06-09 22:30:00+00:00,2019-06-09 22:45:00+00:00,3.4460230000000003,161.0,2.4266490000000003,2.846104081224442,3.8021098631134036,3.6549504059066775,3.3269453900566104,3.8980919378509524,3.531430746864319,2.9234702842941287,3.3038574116935733,3.5807693260421756
2019-06-09 22:45:00+00:00,2019-06-09 23:00:00+00:00,4.795656,188.0,3.4460230000000003,3.9314353890399936,4.8910485632400515,4.730038417098999,4.395185125587464,4.977105272529602,4.512780202148438,3.938960505245209,4.343860936878205,4.701374305007935
2019-06-09 23:00:00+00:00,2019-06-09 23:15:00+00:00,6.684235,251.0,4.795656,5.337702129703522,6.327247892242432,6.073719416481018,5.823142085891724,6.4474758251724245,6.013683949333191,5.317862664085388,5.777718876224518,6.264970455986023
2019-06-09 23:15:00+00:00,2019-06-09 23:30:00+00:00,8.479626,316.0,6.684235,7.277949833259583,8.292648338661195,7.784092091903687,7.661616050586701,8.41628315387726,7.8398132556533815,7.139764063940048,7.724704288825989,8.232749842987062
2019-06-09 23:30:00+00:00,2019-06-09 23:45:00+00:00,10.80647,388.0,8.479626,9.071955323291778,10.041654050422668,9.369541764331817,9.328886210990905,10.090111196113586,9.449510037971496,8.792541951013565,9.33128637082672,9.976636707855224
2019-06-09 23:45:00+00:00,2019-06-10 00:00:00+00:00,12.82597,449.0,10.80647,11.439228021354674,12.36426230594635,11.543030881137847,11.422762119026183,12.321865045280456,11.618698381633758,10.975825049729346,11.596893452854156,12.04318519756317
2019-06-10 00:00:00+00:00,2019-06-10 00:15:00+00:00,14.48956,498.0,12.82597,13.375146812171936,14.344540184707641,13.53393513557434,13.523535793991089,14.398473566741943,13.737733846874237,13.139277791948318,13.881913012237549,13.974824851722717
2019-06-10 00:15:00+00:00,2019-06-10 00:30:00+00:00,15.61525,528.0,14.48956,14.741171292362214,15.907055608329774,15.03171717315674,15.113546184597016,15.694732777175904,15.024965278205872,14.66463141828537,15.301302186546327,15.261825672683717
2019-06-10 00:30:00+00:00,2019-06-10 00:45:00+00:00,13.73006,524.0,15.61525,16.313030430316925,17.328511008262634,16.544245847702026,16.061460592985153,16.83740986251831,16.20384747648239,15.713124745726585,16.439292439460754,16.19986719751358
2019-06-10 00:45:00+00:00,2019-06-10 01:00:00+00:00,14.33491,427.0,13.73006,14.707572896060944,16.01819648223877,15.175516147193909,14.225610692081451,15.118302483139038,14.51196553188324,13.874720502672195,14.67054285484314,14.539594907341003
2019-06-10 01:00:00+00:00,2019-06-10 01:15:00+00:00,19.386499,638.0,14.33491,15.320258105430604,16.572643364105225,15.750992859039307,15.63662823501587,16.116581285629273,15.792122567329407,15.06353482070923,15.891848886642457,15.806421006355286
2019-06-10 01:15:00+00:00,2019-06-10 01:30:00+00:00,19.661249,650.0,19.386499,19.13796607892418,20.010458720134736,19.288455014335156,19.76415322463417,20.243579340385438,19.632561323451043,19.33014330755377,19.915746522354127,19.812944543766022
2019-06-10 01:30:00+00:00,2019-06-10 01:45:00+00:00,22.57675,732.0,19.661249,19.86093427555466,20.552469569610597,20.140417355464937,19.970974612401964,20.550526637004854,20.05501209514046,19.570793453024866,20.17103381769562,20.11316864507103
2019-06-10 01:45:00+00:00,2019-06-10 02:00:00+00:00,23.87394,777.0,22.57675,22.67230856138468,23.052938242435456,22.818339158773423,22.21036558318138,23.084727545261384,22.437485043883324,22.04919906425476,22.685888011932374,22.472742249250413
2019-06-10 02:00:00+00:00,2019-06-10 02:15:00+00:00,24.359131,799.0,23.87394,23.365676233234407,24.41022081083298,23.683047944369317,24.436255285205842,25.013489493789674,24.20213050550461,23.856355629550816,24.550650963249208,24.34104601449013
2019-06-10 02:15:00+00:00,2019-06-10 02:30:00+00:00,26.00588,849.0,24.359131,24.717283985572816,25.051347336727144,24.79926561470604,25.764011046844484,25.603119394737245,25.028812668281557,24.724773935037614,25.06044300551987,24.599323145109178
2019-06-10 02:30:00+00:00,2019-06-10 02:45:00+00:00,25.88294,820.0,26.00588,25.312718274002076,26.36602497280121,25.63607984960556,26.73008459985733,26.659462811355592,25.96623047993064,25.424700202350618,26.093684526090623,26.07418158829689
2019-06-10 02:45:00+00:00,2019-06-10 03:00:00+00:00,25.446751000000003,823.0,25.88294,25.428527331056596,26.018020218315126,25.657239174547197,26.093682861032487,26.389447098674776,25.586279457511903,25.548875903787614,25.736332109274866,25.59932721227646
2019-06-10 03:00:00+00:00,2019-06-10 03:15:00+00:00,21.64138,753.0,25.446751000000003,24.750682534290316,25.367414587749007,24.998651118589404,26.05938702972031,26.314790429187777,25.826748640848162,25.512047165645125,25.61790879221058,25.54170892537928
2019-06-10 03:15:00+00:00,2019-06-10 03:30:00+00:00,28.268628999999997,940.0,21.64138,21.49473382819176,22.032198476676943,21.686903498207332,22.54406647670746,22.869979190711977,22.432501661663057,21.955161261444093,22.206531393413545,22.242977249507906
2019-06-10 03:30:00+00:00,2019-06-10 03:45:00+00:00,18.306310999999997,625.0,28.268628999999997,25.941822931579587,25.946427748016355,26.267889187149045,26.235824034027097,27.45628230314636,26.58388762216949,26.877970144561765,27.158924863151547,26.7282624695816
2019-06-10 03:45:00+00:00,2019-06-10 04:00:00+00:00,9.974782,309.0,18.306310999999997,18.590190756927488,19.64036630452728,19.079202938686368,19.519911277900693,19.80174087346649,19.594881284843442,18.70982356728172,19.249956656108854,19.45170425237274
2019-06-10 04:00:00+00:00,2019-06-10 04:15:00+00:00,14.26447,489.0,9.974782,11.822067032272338,13.548920641357421,12.469604740554809,13.011981020385742,13.103619347030639,13.622177372390746,11.561216483528137,12.723577509338378,13.632465610916137
2019-06-10 04:15:00+00:00,2019-06-10 04:30:00+00:00,13.07906,465.0,14.26447,13.681451995105743,14.637554723949432,14.182612445385455,15.90523292514801,15.813621062965392,15.546836514205932,14.799016792507171,15.258699674339294,15.83878960105896
2019-06-10 04:30:00+00:00,2019-06-10 04:45:00+00:00,28.848749,946.0,13.07906,12.243625563201904,13.174700942454338,12.6587077496624,14.805716198501587,14.519321721611023,14.362225454864502,13.630362313804627,14.192942780075073,14.785477083740235
2019-06-10 04:45:00+00:00,2019-06-10 05:00:00+00:00,24.857,738.0,28.848749,24.517911750244142,24.69511302130127,24.6542909921875,25.164852458404543,26.302194196151735,25.78076704161072,26.26572020666504,26.35493477003479,25.873811799453737
2019-06-10 05:00:00+00:00,2019-06-10 05:15:00+00:00,26.606119,836.0,24.857,21.84990895462036,22.577227003097533,22.541074878692626,23.856903440475463,24.205636388778686,23.637422568321227,23.69950509738922,23.56838596534729,23.647342926979064
2019-06-10 05:15:00+00:00,2019-06-10 05:30:00+00:00,24.98081,808.0,26.606119,23.49364670423889,24.327627502960205,24.118101679367065,24.91673966555023,25.191506110710144,24.542612635177612,24.955254756492614,24.873051606697082,24.363429152053833
2019-06-10 05:30:00+00:00,2019-06-10 05:45:00+00:00,27.68194,863.0,24.98081,21.64147861152649,23.001302911338808,22.20685560852051,23.69092829376221,23.32552881389618,22.661581350860597,23.187097860870363,22.71183879524231,22.932641579208376
2019-06-10 05:45:00+00:00,2019-06-10 06:00:00+00:00,25.04644,747.0,27.68194,24.847587506713868,25.003103415908814,25.004697959365846,25.495327393951417,25.73764435523987,25.05103794807434,25.33354894393921,25.25885216468811,24.90552298301697
2019-06-10 06:00:00+00:00,2019-06-10 06:15:00+00:00,25.61869,774.0,25.04644,23.140119666519166,24.381349319877625,23.542572850646973,24.025404805603028,23.905471081199646,23.197272772254944,23.213943952980042,23.362897390785218,22.954791182937623
2019-06-10 06:15:00+00:00,2019-06-10 06:30:00+00:00,24.592751,736.0,25.61869,22.744805798950196,23.986791119995118,23.211366639556886,23.95914696258545,23.939874635162354,23.15297030014038,23.37668608230591,23.427579150619508,23.090776906433106
2019-06-10 06:30:00+00:00,2019-06-10 06:45:00+00:00,17.407249,479.0,24.592751,22.149678680969238,23.084284756256103,22.621592376304626,23.239462111068725,23.239482972694397,22.540737364364624,22.32634541757202,22.626099441123962,22.45314500100708
2019-06-10 06:45:00+00:00,2019-06-10 07:00:00+00:00,16.6565,421.0,17.407249,16.267408397125244,18.097556438373566,17.28364906095171,17.415489015245974,17.416404970066786,17.403793600231573,16.569003369735718,16.73209544651413,17.15830431513691
2019-06-10 07:00:00+00:00,2019-06-10 07:15:00+00:00,21.697809,644.0,16.6565,14.840679186820985,16.433666277170182,15.616308111190797,16.174765813589097,16.07571079158783,15.653831619262697,15.216555375099183,15.340086478233339,15.503075379371644
2019-06-10 07:15:00+00:00,2019-06-10 07:30:00+00:00,20.05456,582.0,21.697809,18.275540132507324,18.97964813230896,18.49707486151123,19.443776864990234,19.51482774732971,18.943444986328124,18.83603980062866,19.091210384353637,18.872078676208496
2019-06-10 07:30:00+00:00,2019-06-10 07:45:00+00:00,18.418751,538.0,20.05456,16.778883034286498,17.639739567337035,17.167872005996703,18.32957106262207,18.181765610275267,17.593267017898558,17.473891550598143,17.573754602966307,17.649682814178465
2019-06-10 07:45:00+00:00,2019-06-10 08:00:00+00:00,16.902379999999997,483.0,18.418751,15.53000998361206,16.649308084083557,16.15520143373108,16.86935198171234,16.80866718156433,16.528896926475525,16.024272202087403,16.170553444458008,16.403249977661133
2019-06-10 08:00:00+00:00,2019-06-10 08:15:00+00:00,15.24644,429.0,16.902379999999997,13.964736233596799,15.242465148811338,14.745178233032224,15.050190816764829,15.19351185405731,14.712789069061277,14.289161215667722,14.51898552024841,14.71813560569763
2019-06-10 08:15:00+00:00,2019-06-10 08:30:00+00:00,13.45969,367.0,15.24644,12.390478915634155,13.40875906414032,12.899448937835693,13.503158158721924,13.624842590751648,13.286331600608825,12.639421767654419,13.129803962173462,13.11352116531372
2019-06-10 08:30:00+00:00,2019-06-10 08:45:00+00:00,11.68541,314.0,13.45969,10.733406449737549,11.807643915596008,11.214520360412598,11.991357351722717,12.08251681465149,11.908819939079285,11.104960824432373,11.585095788421631,11.585700060310364
2019-06-10 08:45:00+00:00,2019-06-10 09:00:00+00:00,9.947438,254.0,11.68541,9.050560928497314,10.123466468963622,9.504854179534911,10.372360802803039,10.499327875289916,10.336645580444335,9.52138421646118,10.02964291683197,9.94134864917755
2019-06-10 09:00:00+00:00,2019-06-10 09:15:00+00:00,8.124594,207.0,9.947438,7.150196312225342,8.293306825912476,7.8277938349609375,8.30014669731903,8.552332399642944,8.054394601142883,7.435254333770752,7.862010715759277,7.827179430282593
2019-06-10 09:15:00+00:00,2019-06-10 09:30:00+00:00,0.0,165.0,8.124594,5.82471778692627,6.549188163894653,6.169979599136353,6.695099380630493,6.8973150521698,6.573786047119141,5.70473053755188,6.510093119758606,6.025669124740601
2019-06-10 09:30:00+00:00,2019-06-10 09:45:00+00:00,0.0,100.0,0.0,0.0,0.0,0.0,0.0,0.0,0.0,0.0,0.0,0.0
2019-06-10 09:45:00+00:00,2019-06-10 10:00:00+00:00,0.0,82.0,0.0,0.0,0.0,0.0,0.0,0.0,0.0,0.0,0.0,0.0
2019-06-10 10:00:00+00:00,2019-06-10 10:15:00+00:00,0.0,73.0,0.0,0.0,0.0,0.0,0.0,0.0,0.0,0.0,0.0,0.0
2019-06-10 10:15:00+00:00,2019-06-10 10:30:00+00:00,0.0,61.0,0.0,0.0,0.0,0.0,0.0,0.0,0.0,0.0,0.0,0.0
2019-06-10 10:30:00+00:00,2019-06-10 10:45:00+00:00,0.0,46.0,0.0,0.0,0.0,0.0,0.0,0.0,0.0,0.0,0.0,0.0
2019-06-10 10:45:00+00:00,2019-06-10 11:00:00+00:00,0.0,30.0,0.0,0.0,0.0,0.0,0.0,0.0,0.0,0.0,0.0,0.0
2019-06-10 11:00:00+00:00,2019-06-10 11:15:00+00:00,0.0,18.0,0.0,0.0,0.0,0.0,0.0,0.0,0.0,0.0,0.0,0.0
2019-06-10 11:15:00+00:00,2019-06-10 11:30:00+00:00,0.0,7.0,0.0,0.0,0.0,0.0,0.0,0.0,0.0,0.0,0.0,0.0
2019-06-10 11:30:00+00:00,2019-06-10 11:45:00+00:00,0.0,0.0,0.0,0.0,0.0,0.0,0.0,0.0,0.0,0.0,0.0,0.0
2019-06-10 11:45:00+00:00,2019-06-10 12:00:00+00:00,0.0,0.0,0.0,0.0,0.0,0.0,0.0,0.0,0.0,0.0,0.0,0.0
2019-06-10 12:00:00+00:00,2019-06-10 12:15:00+00:00,0.0,0.0,0.0,0.0,0.038587771356105804,0.0,0.0,0.0,0.0,0.0,0.0,0.0
2019-06-10 12:15:00+00:00,2019-06-10 12:30:00+00:00,0.0,0.0,0.0,0.0,0.06466580182313919,0.0,0.0,0.0,0.0,0.0,0.0,0.0
2019-06-10 12:30:00+00:00,2019-06-10 12:45:00+00:00,0.0,0.0,0.0,0.0,0.07045293599367142,0.0,0.0,0.0,0.0,0.0,0.0,0.0
2019-06-10 12:45:00+00:00,2019-06-10 13:00:00+00:00,0.0,0.0,0.0,0.0,0.09020356833934784,0.0,0.0,0.0,0.0,0.0,0.0,0.0
2019-06-10 13:00:00+00:00,2019-06-10 13:15:00+00:00,0.0,0.0,0.0,0.0,0.09618556499481201,0.0,0.0,0.0,0.0,0.0,0.0,0.0
2019-06-10 13:15:00+00:00,2019-06-10 13:30:00+00:00,0.0,0.0,0.0,0.0,0.06046728044748306,0.0,0.0,0.0,0.0,0.0,0.0,0.0
2019-06-10 13:30:00+00:00,2019-06-10 13:45:00+00:00,0.0,0.0,0.0,0.0,0.06405346095561981,0.0,0.0,0.00432921526953578,0.0,0.0,0.0,0.0
2019-06-10 13:45:00+00:00,2019-06-10 14:00:00+00:00,0.0,0.0,0.0,0.0,0.2313351035118103,0.0,0.0,0.12230589240789413,0.0,0.0,0.0,0.0
2019-06-10 14:00:00+00:00,2019-06-10 14:15:00+00:00,0.0,0.0,0.0,0.0,0.32692405581474304,0.0,0.0,0.18117959797382355,0.0,0.0,0.0,0.0
2019-06-10 14:15:00+00:00,2019-06-10 14:30:00+00:00,0.0,0.0,0.0,0.0,0.36444687843322754,0.0,0.0,0.19401371479034424,0.0,0.0,0.0,0.0
2019-06-10 14:30:00+00:00,2019-06-10 14:45:00+00:00,0.0,0.0,0.0,0.0,0.39489465951919556,0.0,0.0,0.21081863343715668,0.0,0.0,0.0,0.0
2019-06-10 14:45:00+00:00,2019-06-10 15:00:00+00:00,0.0,0.0,0.0,0.0,0.38463976979255676,0.0,0.0,0.22104878723621368,0.0,0.0,0.0,0.0
2019-06-10 15:00:00+00:00,2019-06-10 15:15:00+00:00,0.0,0.0,0.0,0.0,0.39803072810173035,0.0,0.0,0.19205297529697418,0.0,0.0,0.0,0.0
2019-06-10 15:15:00+00:00,2019-06-10 15:30:00+00:00,0.0,0.0,0.0,0.0,0.3849421441555023,0.0,0.0,0.18274563550949097,0.0,0.0,0.0,0.0
2019-06-10 15:30:00+00:00,2019-06-10 15:45:00+00:00,0.0,0.0,0.0,0.0,0.36432138085365295,0.0,0.002325906418263912,0.17719221115112305,0.0,0.0,0.0,0.0
2019-06-10 15:45:00+00:00,2019-06-10 16:00:00+00:00,0.0,0.0,0.0,0.0,0.3857932388782501,0.0,0.0,0.18696922063827515,0.0,0.0,0.0,0.0
2019-06-10 16:00:00+00:00,2019-06-10 16:15:00+00:00,0.0,0.0,0.0,0.0,0.5162845849990845,0.0,0.036061473190784454,0.2666736841201782,0.0,0.0,0.0,0.0
2019-06-10 16:15:00+00:00,2019-06-10 16:30:00+00:00,0.0,0.0,0.0,0.0,0.5827144980430603,0.0,0.061440180987119675,0.33137816190719604,0.0,0.0,0.0,0.0
2019-06-10 16:30:00+00:00,2019-06-10 16:45:00+00:00,0.0,0.0,0.0,0.0,0.6204695105552673,0.0,0.08081379532814026,0.3746955096721649,0.0,0.0,0.018443400040268898,0.0
2019-06-10 16:45:00+00:00,2019-06-10 17:00:00+00:00,0.0,0.0,0.0,0.0,0.5683862566947937,0.0,0.10488561540842056,0.38419511914253235,0.023721907287836075,0.0,0.06440231204032898,0.0
2019-06-10 17:00:00+00:00,2019-06-10 17:15:00+00:00,0.0,0.0,0.0,0.0,0.5866605639457703,0.016863636672496796,0.14058129489421844,0.40141940116882324,0.045748088508844376,0.0,0.09183872491121292,0.0
2019-06-10 17:15:00+00:00,2019-06-10 17:30:00+00:00,0.0,0.0,0.0,0.0,0.6388323307037354,0.07918167114257812,0.1421300619840622,0.4441542327404022,0.09059339016675949,0.0,0.15378731489181519,0.0
2019-06-10 17:30:00+00:00,2019-06-10 17:45:00+00:00,0.0,0.0,0.0,0.0,0.692912220954895,0.12346889823675156,0.12635305523872375,0.496065229177475,0.16002537310123444,0.0,0.22309568524360657,0.0
2019-06-10 17:45:00+00:00,2019-06-10 18:00:00+00:00,0.0,0.0,0.0,0.0,0.7567371726036072,0.21941745281219482,0.1704915463924408,0.5192856788635254,0.17141343653202057,0.0,0.26102492213249207,0.0
2019-06-10 18:00:00+00:00,2019-06-10 18:15:00+00:00,0.0,0.0,0.0,0.0,0.765807032585144,0.2632209062576294,0.19559569656848907,0.5473507046699524,0.2379017174243927,0.0,0.3287081718444824,0.0
2019-06-10 18:15:00+00:00,2019-06-10 18:30:00+00:00,0.0,0.0,0.0,0.0,0.7937860488891602,0.30053141713142395,0.1957901120185852,0.5931702852249146,0.2959660291671753,0.0,0.3918980360031128,0.0
2019-06-10 18:30:00+00:00,2019-06-10 18:45:00+00:00,0.0,0.0,0.0,0.0,0.8054913878440857,0.35500797629356384,0.23564262688159943,0.6125964522361755,0.3266185522079468,0.0,0.4165205657482147,0.03126994147896767
2019-06-10 18:45:00+00:00,2019-06-10 19:00:00+00:00,0.0,0.0,0.0,0.044666141271591187,0.887086033821106,0.42276209592819214,0.25826025009155273,0.6508259773254395,0.3062899708747864,0.0,0.4355815052986145,0.06337549537420273
2019-06-10 19:00:00+00:00,2019-06-10 19:15:00+00:00,0.0,0.0,0.0,0.06835523247718811,0.9536332488059998,0.4920336604118347,0.2622416913509369,0.6792592406272888,0.32850781083106995,0.0,0.4794824421405792,0.12642528116703033
2019-06-10 19:15:00+00:00,2019-06-10 19:30:00+00:00,0.0,0.0,0.0,0.06908158957958221,0.9752060770988464,0.5505774021148682,0.27907150983810425,0.6964584589004517,0.385696142911911,0.0,0.5214108824729919,0.19725076854228973
2019-06-10 19:30:00+00:00,2019-06-10 19:45:00+00:00,0.0,0.0,0.0,0.07460296899080276,0.9767894148826599,0.6039993762969971,0.31609484553337097,0.708571195602417,0.427755743265152,0.006697087083011866,0.5682688355445862,0.26713842153549194
2019-06-10 19:45:00+00:00,2019-06-10 20:00:00+00:00,0.0,0.0,0.0,0.08895216137170792,1.0145866870880127,0.654418408870697,0.32863664627075195,0.7360612154006958,0.4414902627468109,0.05575024336576462,0.5873225331306458,0.30914443731307983
2019-06-10 20:00:00+00:00,2019-06-10 20:15:00+00:00,0.0,0.0,0.0,0.10525450110435486,1.0514851808547974,0.7125720977783203,0.328580766916275,0.767759382724762,0.4591299891471863,0.07458963990211487,0.6412315368652344,0.35834765434265137
2019-06-10 20:15:00+00:00,2019-06-10 20:30:00+00:00,0.0,0.0,0.0,0.0888182520866394,1.0294278860092163,0.7547494769096375,0.3830874264240265,0.778110146522522,0.5395137667655945,0.12171429395675659,0.6817206144332886,0.4431995749473572
2019-06-10 20:30:00+00:00,2019-06-10 20:45:00+00:00,0.0,0.0,0.0,0.12970849871635437,1.0313479900360107,0.8145973682403564,0.4637696146965027,0.8047754764556885,0.5071818828582764,0.24714961647987366,0.6829259991645813,0.479106605052948
2019-06-10 20:45:00+00:00,2019-06-10 21:00:00+00:00,0.000767,0.0,0.0,0.14961829781532288,1.0574086904525757,0.865833580493927,0.5174615979194641,0.8453930020332336,0.4985714852809906,0.32548651099205017,0.7119004130363464,0.5353492498397827
2019-06-10 21:00:00+00:00,2019-06-10 21:15:00+00:00,0.216501,8.0,0.000767,0.17001544682216643,1.0925326421661377,0.922011740486145,0.5581215694351196,0.8935737088127136,0.5184093192024231,0.3701619580192566,0.7662291005058288,0.6294143274230957
2019-06-10 21:15:00+00:00,2019-06-10 21:30:00+00:00,0.568709,21.0,0.216501,0.4073527777919769,1.3386448646316529,1.1962819720039368,0.806532921863556,1.1546547437438965,0.7643227005729676,0.6182114804515839,1.0216866756210328,0.9498754168281556
2019-06-10 21:30:00+00:00,2019-06-10 21:45:00+00:00,0.950633,37.0,0.568709,0.7830348005380631,1.7139422735061647,1.6092297872390748,1.197491868385315,1.5522485812988283,1.1608995040740968,1.0021228035774232,1.4000211795654298,1.4124077400054933
2019-06-10 21:45:00+00:00,2019-06-10 22:00:00+00:00,1.359996,55.0,0.950633,1.183528255088806,2.1179911600189207,2.0626259552078245,1.609446714981079,1.9773439870910643,1.5853231059150694,1.3983594285087584,1.8176003800468443,1.9021951066093443
2019-06-10 22:00:00+00:00,2019-06-10 22:15:00+00:00,1.729055,70.0,1.359996,1.6006623745641708,2.547783890434265,2.530732193656921,2.064219573207855,2.435877719589233,2.097060957618713,1.8202011377296448,2.261169651218414,2.459343114562988
2019-06-10 22:15:00+00:00,2019-06-10 22:30:00+00:00,2.287906,100.0,1.729055,1.9840430146980286,2.942770553283691,2.9601050144958494,2.422677529506683,2.857874465637207,2.5093197948265074,2.1708063012886045,2.6777939922142027,2.882521463088989
2019-06-10 22:30:00+00:00,2019-06-10 22:45:00+00:00,3.131516,133.0,2.287906,2.5243967264709473,3.547159740310669,3.5836222857055664,3.020877131801605,3.500132986885071,3.1742543667373657,2.8108060449180603,3.275118598323822,3.4999902933654785
2019-06-10 22:45:00+00:00,2019-06-10 23:00:00+00:00,4.304563,168.0,3.131516,3.408481856552124,4.435461660591125,4.451239963737487,3.9205315911445617,4.3416000806961055,4.000336488452911,3.7107755744132995,4.107884129253387,4.436575432983398
2019-06-10 23:00:00+00:00,2019-06-10 23:15:00+00:00,5.685641,216.0,4.304563,4.661489381587982,5.711434557235718,5.63171680191803,5.14286102274704,5.694258882797241,5.417654468811035,4.932788445747375,5.437772705352783,5.773906066215515
2019-06-10 23:15:00+00:00,2019-06-10 23:30:00+00:00,7.223125,271.0,5.685641,6.094103643623352,7.03968209954834,6.961972305503846,6.592537591186524,7.094661066261292,6.724522778717041,6.338622579303742,6.797871658531189,7.28002006742096
2019-06-10 23:30:00+00:00,2019-06-10 23:45:00+00:00,8.865938,328.0,7.223125,7.64222471833229,8.539913911819458,8.426690120697021,8.017788190841674,8.633923788070678,8.288431663513183,7.845145006179809,8.308013219833374,8.745206971168518
2019-06-10 23:45:00+00:00,2019-06-11 00:00:00+00:00,9.849656,380.0,8.865938,9.39259564093399,10.225674561775207,10.048371485984802,9.67174135855484,10.290795020378113,9.725476853168487,9.445498160636902,9.987041763580322,10.1104448359375
2019-06-11 00:00:00+00:00,2019-06-11 00:15:00+00:00,12.39766,433.0,9.849656,10.350633337360382,11.143966092926025,10.979499354225158,10.813659086090087,11.406277551513671,10.965865745407104,10.567408814292907,11.190083756309509,11.305342450004577
2019-06-11 00:15:00+00:00,2019-06-11 00:30:00+00:00,13.96784,484.0,12.39766,12.710080696020126,13.461389524612427,13.268597287807465,13.346259517345429,13.927677971992493,13.295308930549622,13.066025359306336,13.69242273059845,13.671853525314331
2019-06-11 00:30:00+00:00,2019-06-11 00:45:00+00:00,15.33569,508.0,13.96784,14.1469191451931,15.02246408065796,14.551995678749085,14.950470491256715,15.362089320030213,14.408243759479523,14.564194424953461,15.155943675842286,14.82246659597397
2019-06-11 00:45:00+00:00,2019-06-11 01:00:00+00:00,16.84594,554.0,15.33569,15.418442101123333,16.554465629997253,15.944686629714965,16.21061561340332,16.587846615257263,15.530282133164405,15.780620404424667,16.362917520942688,15.950623431148529
2019-06-11 01:00:00+00:00,2019-06-11 01:15:00+00:00,18.127371,591.0,16.84594,16.782726644160746,18.083595997276305,17.18984664100647,18.108479505958556,18.097975975456237,17.136764949741362,17.533403760375975,18.02295196670532,17.612078911247252
2019-06-11 01:15:00+00:00,2019-06-11 01:30:00+00:00,19.3515,633.0,18.127371,18.02829745585537,19.537404106803894,18.63792769784546,19.299530910202026,19.449205325790405,18.394050376363754,18.664869474121094,19.330811308570862,18.90095041865921
2019-06-11 01:30:00+00:00,2019-06-11 01:45:00+00:00,20.681061,664.0,19.3515,18.711184228897096,20.525717820167543,19.150678540706636,20.003022517204286,20.144823993682863,18.676144267559053,19.59223289334774,20.16187509441376,19.48829584860802
2019-06-11 01:45:00+00:00,2019-06-11 02:00:00+00:00,21.65056,705.0,20.681061,20.594084188710212,21.8559660617218,21.05617743767357,21.169105559955597,21.412250608573913,20.274766654144287,20.810468942295074,21.266159266601562,20.72657203338599
2019-06-11 02:00:00+00:00,2019-06-11 02:15:00+00:00,22.729879,737.0,21.65056,21.588804100660084,22.918064930496215,22.022435077486037,22.807684876976012,22.872373440322875,21.984127827939986,22.24069557434082,22.710367300567626,22.264761724529265
2019-06-11 02:15:00+00:00,2019-06-11 02:30:00+00:00,23.431629,763.0,22.729879,22.338258125595093,23.579742708019257,22.887882956079483,23.72803584556961,23.739821173957825,22.655880369953156,23.062689699939728,23.517049350551606,23.21742905002022
2019-06-11 02:30:00+00:00,2019-06-11 02:45:00+00:00,24.16531,790.0,23.431629,22.294059334091187,23.66085730283642,22.810850498966218,23.893908081344605,23.856474904111863,22.621272025398255,23.356415522984506,23.962769089035035,23.48514747782731
2019-06-11 02:45:00+00:00,2019-06-11 03:00:00+00:00,25.060869,824.0,24.16531,23.418125663814546,24.377572615561487,23.759792481479646,24.636508707818987,24.522790794191362,23.433035288867952,24.194259514031412,24.427949164924623,23.98495708864689
2019-06-11 03:00:00+00:00,2019-06-11 03:15:00+00:00,25.511499,841.0,25.060869,24.00504090551758,25.32869436506653,24.546889863056183,26.183476946395874,25.777052602809906,24.89284732107544,25.298506236714363,25.586110017341614,25.35993038777733
2019-06-11 03:15:00+00:00,2019-06-11 03:30:00+00:00,25.91794,852.0,25.511499,24.33899505178833,25.010900032924653,24.755730402873994,26.11976088325882,25.882366848396302,24.96210755150223,25.65624005834961,25.658535224603654,25.402526733683587
2019-06-11 03:30:00+00:00,2019-06-11 03:45:00+00:00,26.11306,861.0,25.91794,24.51581201881409,25.815712252559663,24.83260784477234,26.629799524250032,25.9814547318244,25.06696937412262,25.683254251184465,25.654436061086656,25.607520827951433
2019-06-11 03:45:00+00:00,2019-06-11 04:00:00+00:00,26.651190000000003,879.0,26.11306,24.526852729377747,25.469918789920808,24.832138779220582,26.2846404040432,25.777762445268632,24.85818767791748,25.514707865772248,25.504407110271455,25.60989392047882
2019-06-11 04:00:00+00:00,2019-06-11 04:15:00+00:00,26.325251,859.0,26.651190000000003,25.040413694801334,25.590701775970462,25.33280225318909,26.96380017918587,26.480623217644695,25.931710737171176,26.24815874022484,26.22418140095711,26.42751158994675
2019-06-11 04:15:00+00:00,2019-06-11 04:30:00+00:00,26.70063,875.0,26.325251,24.640436308456422,25.157265203071596,24.99330283887482,26.309843372551562,25.890959160400392,25.43463845737076,25.830133842302324,25.56259687430954,25.926510768009187
2019-06-11 04:30:00+00:00,2019-06-11 04:45:00+00:00,26.141939,833.0,26.70063,24.935250809555054,25.454105427627564,25.198636105422974,26.267495295171738,26.051405063037873,25.535741618041992,26.03534643924713,26.007471671466828,26.013187697296143
2019-06-11 04:45:00+00:00,2019-06-11 05:00:00+00:00,26.14588,840.0,26.141939,24.195662454475404,25.232023552764893,24.806424454559327,25.888251737464905,25.490290776599885,25.046937898506165,25.434995070804597,25.20495660673523,25.556950763572694
2019-06-11 05:00:00+00:00,2019-06-11 05:15:00+00:00,25.56531,811.0,26.14588,23.982134119873045,24.858259813194273,24.48401679218292,25.928404570822714,25.341744379405974,25.037039296035765,25.175544158821104,25.057355896835325,25.38375522315979
2019-06-11 05:15:00+00:00,2019-06-11 05:30:00+00:00,25.38113,789.0,25.56531,23.2990107522583,24.06717276435852,23.84808063369751,25.297129182634354,24.561580418167114,24.25919997554779,24.43174958091736,24.14800476890564,24.636387942848206
2019-06-11 05:30:00+00:00,2019-06-11 05:45:00+00:00,24.538059,746.0,25.38113,22.989192505722045,23.833571096305846,23.472841044311522,24.792212327365874,24.229035993461608,23.898258705978392,24.046449204330443,23.903028627281188,24.215482135658263
2019-06-11 05:45:00+00:00,2019-06-11 06:00:00+00:00,23.83806,726.0,24.538059,21.988931659683228,23.048601392730713,22.648705843910218,24.1302680113163,23.40162146471405,23.106823328956605,23.086853984817505,22.848062876686097,23.362160448059083
2019-06-11 06:00:00+00:00,2019-06-11 06:15:00+00:00,23.24831,706.0,23.83806,21.08090291267395,21.910472848472594,21.735776283798216,23.022594668922423,22.35357556587219,22.073766090927123,22.049345829544066,21.806848146972655,22.08483002429962
2019-06-11 06:15:00+00:00,2019-06-11 06:30:00+00:00,21.999689,665.0,23.24831,20.362428814468384,21.223575741348267,21.00030866294861,22.00000062614441,21.67548456817627,21.312950045166016,21.173501164016724,21.1429895463562,21.210811049041748
2019-06-11 06:30:00+00:00,2019-06-11 06:45:00+00:00,20.71081,629.0,21.999689,19.098479407180786,20.125491278518677,19.805938380111694,20.768093603004456,20.41728069101715,20.169681804527283,19.83776296888733,19.753991740097046,20.05083157335663
2019-06-11 06:45:00+00:00,2019-06-11 07:00:00+00:00,19.795561,583.0,20.71081,18.011053616104125,18.89906042247772,18.62145143180847,19.590365463790892,19.276878291664122,19.134609037933348,18.597486549911498,18.68986898094177,18.856310898361205
2019-06-11 07:00:00+00:00,2019-06-11 07:15:00+00:00,17.199869,546.0,19.795561,17.065072461257934,18.1867084943161,17.724857493530273,18.39250294793701,18.184778615127563,17.927632137428283,17.354731722961425,17.673256322036742,17.404849454055785
2019-06-11 07:15:00+00:00,2019-06-11 07:30:00+00:00,13.90134,413.0,17.199869,14.286023460906982,15.363306962532043,15.035348497909546,15.816766821426391,15.646160208267212,15.519877158683776,14.72485598234558,15.138090454620361,14.944015108627319
2019-06-11 07:30:00+00:00,2019-06-11 07:45:00+00:00,15.99019,445.0,13.90134,11.56850718673706,12.704274765815734,12.33801185306549,13.140228680934905,12.890627137985229,13.030833117332458,11.974695197906494,12.184306256141662,12.490431539382934
2019-06-11 07:45:00+00:00,2019-06-11 08:00:00+00:00,14.60813,423.0,15.99019,12.864053220214844,13.75062701171875,13.40786144203186,14.425494999351502,14.305204123916626,14.32731112903595,13.489039630355835,14.036597461166382,13.66251370376587
2019-06-11 08:00:00+00:00,2019-06-11 08:15:00+00:00,12.62953,378.0,14.60813,11.3882653931427,12.358053944473266,12.13626959121704,12.34384753501892,12.446414015655517,12.189535401229858,11.464913151626586,11.974016688232421,11.641628764038085
2019-06-11 08:15:00+00:00,2019-06-11 08:30:00+00:00,9.466407,278.0,12.62953,9.840663718490601,10.78540627887726,10.51550583770752,10.62252454689026,10.778521465568543,10.587797211914063,9.595208215026856,10.383788394241334,9.925620126037598
2019-06-11 08:30:00+00:00,2019-06-11 08:45:00+00:00,8.168125,234.0,9.466407,7.008244692260742,8.124733029777527,7.8517391075439456,7.9072890867538455,8.053308426315308,7.989373980934143,6.819004951889038,7.59245794909668,7.499576269561768
2019-06-11 08:45:00+00:00,2019-06-11 09:00:00+00:00,7.1979690000000005,207.0,8.168125,5.716196146011352,6.773001756668091,6.492419805526733,6.801580276489258,6.920673336982727,6.906506147384643,5.707934703826904,6.475562062263489,6.388015832901001
2019-06-11 09:00:00+00:00,2019-06-11 09:15:00+00:00,5.546297,161.0,7.1979690000000005,4.875327150482178,5.706317345756531,5.4752668544235235,5.812006394523621,5.977693717140198,5.669701139587403,4.632158081192017,5.593447487014771,5.144273559707642
2019-06-11 09:15:00+00:00,2019-06-11 09:30:00+00:00,6.831780999999999,195.0,5.546297,3.387688086578369,4.468749449798584,4.092886732170105,4.335782812187195,4.5258665543289185,4.367135212966919,3.2354594927520752,4.153965042182922,3.889373229095459
2019-06-11 09:30:00+00:00,2019-06-11 09:45:00+00:00,3.480695,102.0,6.831780999999999,4.299872249465942,5.276710480552673,4.8487935961303705,5.254901737075805,5.671898812156677,5.428158491950988,4.255724758010864,5.277684658866882,4.881246060234069
2019-06-11 09:45:00+00:00,2019-06-11 10:00:00+00:00,1.931617,60.0,3.480695,1.3303606417846678,2.611926069564819,2.113468756980896,2.356983652420044,2.650262584991455,2.6307930854034423,1.3330445197296141,2.2815668490600585,2.3192582038116454
2019-06-11 10:00:00+00:00,2019-06-11 10:15:00+00:00,1.729738,53.0,1.931617,0.1703381322784423,1.5166880570812225,0.9816787623329162,0.8856484674377441,1.1453614019317626,0.9894685529632568,0.0,0.7931426547927856,0.3127803586883544
2019-06-11 10:15:00+00:00,2019-06-11 10:30:00+00:00,1.543637,46.0,1.729738,0.047851327026367185,1.3946388393287659,0.8482849031333923,0.6840764313583374,1.0171837836151123,0.8951356440429687,0.0,0.6706599026565552,0.2603377133255005
2019-06-11 10:30:00+00:00,2019-06-11 10:45:00+00:00,1.223223,38.0,1.543637,0.0,1.2234145030136108,0.7194082364196777,0.6175118311996459,0.9459609612579345,0.8128936514015197,0.0,0.5974780544395446,0.14512356368255608
2019-06-11 10:45:00+00:00,2019-06-11 11:00:00+00:00,0.75544,25.0,1.223223,0.0,0.9439654640655517,0.4671793870429992,0.44242426676559443,0.7527855329017639,0.599706142375946,0.0,0.4140364222030639,0.0
2019-06-11 11:00:00+00:00,2019-06-11 11:15:00+00:00,0.360295,11.0,0.75544,0.0,0.5372755709314346,0.057429078521728516,0.0,0.35278418988227844,0.1097149285697937,0.0,0.0,0.0
2019-06-11 11:15:00+00:00,2019-06-11 11:30:00+00:00,0.15065,4.0,0.360295,0.0,0.2023167931270599,0.0,0.0,0.026536288185119605,0.0,0.0,0.0,0.0
2019-06-11 11:30:00+00:00,2019-06-11 11:45:00+00:00,0.0,0.0,0.15065,0.0,0.03768758269548417,0.0,0.0,0.0,0.0,0.0,0.0,0.0
2019-06-11 11:45:00+00:00,2019-06-11 12:00:00+00:00,0.0,0.0,0.0,0.0,0.0,0.0,0.0,0.0,0.0,0.0,0.0,0.0
2019-06-11 12:00:00+00:00,2019-06-11 12:15:00+00:00,0.0,0.0,0.0,0.0,0.0,0.0,0.0,0.0,0.0,0.0,0.0,0.0
2019-06-11 12:15:00+00:00,2019-06-11 12:30:00+00:00,0.0,0.0,0.0,0.0,0.0,0.0,0.0,0.0,0.0,0.0,0.0,0.0
2019-06-11 12:30:00+00:00,2019-06-11 12:45:00+00:00,0.0,0.0,0.0,0.0,0.02167489379644394,0.0,0.0,0.0,0.0,0.0,0.0,0.0
2019-06-11 12:45:00+00:00,2019-06-11 13:00:00+00:00,0.0,0.0,0.0,0.0,0.022919995710253716,0.0,0.0,0.0,0.0,0.0,0.0,0.0
2019-06-11 13:00:00+00:00,2019-06-11 13:15:00+00:00,0.0,0.0,0.0,0.0,0.04867659509181976,0.0,0.0,0.0,0.0,0.0,0.0,0.0
2019-06-11 13:15:00+00:00,2019-06-11 13:30:00+00:00,0.0,0.0,0.0,0.0,0.08869411796331406,0.0,0.0,0.0,0.0,0.0,0.0,0.0
2019-06-11 13:30:00+00:00,2019-06-11 13:45:00+00:00,0.0,0.0,0.0,0.0,0.11868255585432053,0.0,0.0,0.0,0.0,0.0,0.0,0.0
2019-06-11 13:45:00+00:00,2019-06-11 14:00:00+00:00,0.0,0.0,0.0,0.0,0.1525903195142746,0.0,0.0,0.0,0.0,0.0,0.0,0.0
2019-06-11 14:00:00+00:00,2019-06-11 14:15:00+00:00,0.0,0.0,0.0,0.0,0.16930781304836273,0.0,0.0,0.0,0.0,0.0,0.0,0.0
2019-06-11 14:15:00+00:00,2019-06-11 14:30:00+00:00,0.0,0.0,0.0,0.0,0.1892368197441101,0.0,0.0,0.0,0.0,0.0,0.0,0.0
2019-06-11 14:30:00+00:00,2019-06-11 14:45:00+00:00,0.0,0.0,0.0,0.0,0.1895104944705963,0.0,0.0,0.0,0.0,0.0,0.0,0.0
2019-06-11 14:45:00+00:00,2019-06-11 15:00:00+00:00,0.0,0.0,0.0,0.0,0.2220754325389862,0.0,0.0,0.0,0.0,0.0,0.0,0.0
2019-06-11 15:00:00+00:00,2019-06-11 15:15:00+00:00,0.0,0.0,0.0,0.0,0.23953494429588318,0.0,0.0,0.0,0.0,0.0,0.0,0.0
2019-06-11 15:15:00+00:00,2019-06-11 15:30:00+00:00,0.0,0.0,0.0,0.0,0.3067881464958191,0.0,0.0,0.010166839696466923,0.0,0.0,0.0,0.0
2019-06-11 15:30:00+00:00,2019-06-11 15:45:00+00:00,0.0,0.0,0.0,0.0,0.36121782660484314,0.0,0.0,0.02988993376493454,0.0,0.0,0.0,0.0
2019-06-11 15:45:00+00:00,2019-06-11 16:00:00+00:00,0.0,0.0,0.0,0.0,0.4542475938796997,0.0,0.0,0.15444932878017426,0.0,0.0,0.0,0.0
2019-06-11 16:00:00+00:00,2019-06-11 16:15:00+00:00,0.0,0.0,0.0,0.0,0.4948188364505768,0.0,0.0,0.2111506164073944,0.0,0.0,0.0,0.0
2019-06-11 16:15:00+00:00,2019-06-11 16:30:00+00:00,0.0,0.0,0.0,0.0,0.5197663903236389,0.0,0.0,0.2575862407684326,0.0,0.0,0.0,0.0
2019-06-11 16:30:00+00:00,2019-06-11 16:45:00+00:00,0.0,0.0,0.0,0.0,0.5538144111633301,0.0,0.0,0.29284676909446716,0.0,0.0,0.0,0.0
2019-06-11 16:45:00+00:00,2019-06-11 17:00:00+00:00,0.0,0.0,0.0,0.0,0.5714752078056335,0.002051302930340171,0.0,0.35092371702194214,0.0,0.0,0.0,0.0
2019-06-11 17:00:00+00:00,2019-06-11 17:15:00+00:00,0.0,0.0,0.0,0.0,0.5828694701194763,0.035635072737932205,0.0,0.39486387372016907,0.0032850177958607674,0.0,0.0,0.0
2019-06-11 17:15:00+00:00,2019-06-11 17:30:00+00:00,0.0,0.0,0.0,0.0,0.5506612062454224,0.038335204124450684,0.09703954309225082,0.29840314388275146,0.0,0.0,0.0,0.0
2019-06-11 17:30:00+00:00,2019-06-11 17:45:00+00:00,0.0,0.0,0.0,0.0,0.5948079228401184,0.09474831074476242,0.14053279161453247,0.31086546182632446,0.0,0.0,0.0,0.0
2019-06-11 17:45:00+00:00,2019-06-11 18:00:00+00:00,0.0,0.0,0.0,0.0,0.6590956449508667,0.18692363798618317,0.15614455938339233,0.390943706035614,0.0,0.0,0.0,0.0
2019-06-11 18:00:00+00:00,2019-06-11 18:15:00+00:00,0.0,0.0,0.0,0.0,0.7214221954345703,0.2595570385456085,0.21946053206920624,0.469353586435318,0.0,0.0030407514423131943,0.012758702971041203,0.0
2019-06-11 18:15:00+00:00,2019-06-11 18:30:00+00:00,0.0,0.0,0.0,0.024817369878292084,0.8100478053092957,0.3463136851787567,0.21330782771110535,0.6141802072525024,0.10475638508796692,0.05125480517745018,0.15436674654483795,0.0
2019-06-11 18:30:00+00:00,2019-06-11 18:45:00+00:00,0.0,0.0,0.0,0.05961747467517853,0.8015021681785583,0.40817487239837646,0.25437164306640625,0.6298133730888367,0.0934169739484787,0.11050772666931152,0.1436147689819336,0.0
2019-06-11 18:45:00+00:00,2019-06-11 19:00:00+00:00,0.0,0.0,0.0,0.012333370745182037,0.8473667502403259,0.41880470514297485,0.21996815502643585,0.7247433662414551,0.20541614294052124,0.06652848422527313,0.2685505449771881,0.0
2019-06-11 19:00:00+00:00,2019-06-11 19:15:00+00:00,0.0,0.0,0.0,0.031963419169187546,0.8691805601119995,0.5009363889694214,0.2682651877403259,0.7716582417488098,0.25667786598205566,0.11354251950979233,0.2761385142803192,0.031798530369997025
2019-06-11 19:15:00+00:00,2019-06-11 19:30:00+00:00,0.0,0.0,0.0,0.053494490683078766,0.945710301399231,0.6091343760490417,0.26185688376426697,0.8867893218994141,0.3178529739379883,0.12375219911336899,0.42894652485847473,0.02282368764281273
2019-06-11 19:30:00+00:00,2019-06-11 19:45:00+00:00,0.0,0.0,0.0,0.066096231341362,0.9897027611732483,0.6920260190963745,0.27955755591392517,0.9288031458854675,0.3408382833003998,0.1421399861574173,0.5028239488601685,0.05636901035904884
2019-06-11 19:45:00+00:00,2019-06-11 20:00:00+00:00,0.0,0.0,0.0,0.0825015977025032,1.0308632850646973,0.7598808407783508,0.2922779619693756,0.9663849472999573,0.36009275913238525,0.16859523952007294,0.5707957148551941,0.09573552012443542
2019-06-11 20:00:00+00:00,2019-06-11 20:15:00+00:00,0.0,0.0,0.0,0.09430024027824402,1.0667333602905273,0.8083558678627014,0.2986353635787964,1.0023363828659058,0.3776608407497406,0.18859899044036865,0.6242616772651672,0.10474998503923416
2019-06-11 20:15:00+00:00,2019-06-11 20:30:00+00:00,0.0,0.0,0.0,0.08322662860155106,1.0721458196640015,0.8389633297920227,0.31131821870803833,1.036268949508667,0.4118749499320984,0.1857033520936966,0.679868757724762,0.13512657582759857
2019-06-11 20:30:00+00:00,2019-06-11 20:45:00+00:00,0.0,0.0,0.0,0.09235771745443344,1.0882827043533325,0.8710727095603943,0.3224971890449524,1.0872817039489746,0.423247754573822,0.2073184698820114,0.7633960247039795,0.16257399320602417
2019-06-11 20:45:00+00:00,2019-06-11 21:00:00+00:00,0.0,0.0,0.0,0.08507838845252991,1.096194863319397,0.8996327519416809,0.3311769664287567,1.134204387664795,0.4368404746055603,0.198820561170578,0.8397970795631409,0.1713624745607376
2019-06-11 21:00:00+00:00,2019-06-11 21:15:00+00:00,0.022926,3.0,0.0,0.07332595437765121,1.0887752771377563,0.937166154384613,0.35809633135795593,1.1594289541244507,0.4558248519897461,0.19556160271167755,0.8610518574714661,0.19812718033790588
2019-06-11 21:15:00+00:00,2019-06-11 21:30:00+00:00,0.428559,15.0,0.022926,0.1046067746887207,1.1247264417419434,1.0059796246299744,0.4106448563346863,1.2167567285308838,0.4982964071044922,0.2492175074825287,0.9277138980636597,0.2946350845108032
2019-06-11 21:30:00+00:00,2019-06-11 21:45:00+00:00,0.801459,27.0,0.428559,0.5027304090108872,1.5259223527755736,1.4543566055145263,0.8742023951854706,1.6521646327819823,0.9153310007896424,0.6703610516633988,1.3557812518920898,0.7209400780048371
2019-06-11 21:45:00+00:00,2019-06-11 22:00:00+00:00,1.360652,44.0,0.801459,0.8934001927461624,1.8985881065216064,1.895711586364746,1.3852746342506408,2.076920435317993,1.3191784476127624,1.1161772166576385,1.682749555000305,1.1297331904258727
2019-06-11 22:00:00+00:00,2019-06-11 22:15:00+00:00,2.0039689999999997,65.0,1.360652,1.453496694852829,2.4965625110168457,2.4868589940567016,2.0437353554267883,2.69994381098938,1.981506377746582,1.763866395046234,2.295634180595398,1.8677270713348388
2019-06-11 22:15:00+00:00,2019-06-11 22:30:00+00:00,2.645563,84.0,2.0039689999999997,2.130434246081352,3.2093559962692257,3.112304494995117,2.695105240959167,3.4221398097457882,2.6478994351806637,2.448661879915237,3.0904627305450436,2.6387418967666623
2019-06-11 22:30:00+00:00,2019-06-11 22:45:00+00:00,3.133867,98.0,2.645563,2.7885927046899797,3.8765523369674684,3.742247217453003,3.391223483837128,4.11159574345398,3.333104723251343,3.10862287238884,3.7612231905822755,3.367685669219971
2019-06-11 22:45:00+00:00,2019-06-11 23:00:00+00:00,3.949094,120.0,3.133867,3.3058938726348877,4.363164280311585,4.2501989349288944,3.899830912010193,4.621046636955262,3.8181222423477172,3.600174759284973,4.264759038345337,4.011919353858948
2019-06-11 23:00:00+00:00,2019-06-11 23:15:00+00:00,4.547047,141.0,3.949094,4.099735649961472,5.153294148582459,5.062718215126038,4.772012593883515,5.442983808654786,4.772326173919678,4.4446798588218694,5.07977301134491,4.975207748550416
2019-06-11 23:15:00+00:00,2019-06-11 23:30:00+00:00,4.920563,153.0,4.547047,4.710923011967659,5.729239921638489,5.670915942260742,5.393756787845612,6.053955655166626,5.371288757392883,5.045333902904511,5.6972814608306885,5.624896745750427
2019-06-11 23:30:00+00:00,2019-06-11 23:45:00+00:00,6.285344,194.0,4.920563,5.071310999548912,6.045876401222229,6.0624296839599605,5.78619130209732,6.377706306732177,5.734593885696411,5.397675203836441,5.939318912780761,6.071219938552856
2019-06-11 23:45:00+00:00,2019-06-12 00:00:00+00:00,9.300157,308.0,6.285344,6.415943707365036,7.304481144088745,7.334441537994385,7.139970178741455,7.747557158607483,7.015238638061524,6.675777341264725,7.2609587861480716,7.354614253181458
2019-06-12 00:00:00+00:00,2019-06-12 00:15:00+00:00,5.989266000000001,191.0,9.300157,9.386140335971833,10.09451906817627,9.89473502772522,10.12621741431427,10.74130349295807,10.033727039272309,9.57537724512291,10.27060811656189,10.2838714613266
2019-06-12 00:15:00+00:00,2019-06-12 00:30:00+00:00,7.439688,239.0,5.989266000000001,6.2275110401783,7.158697686401368,7.250017366615296,6.877301774230958,7.493334136215211,7.09237309476471,6.434964499679566,7.11583455583191,7.297775588241578
2019-06-12 00:30:00+00:00,2019-06-12 00:45:00+00:00,8.879938000000001,270.0,7.439688,7.717407914913178,8.591034802711487,8.580256017959595,8.338940474308014,8.932245525634766,8.441087993896485,7.785667481935501,8.516964825904846,8.609781894004822
2019-06-12 00:45:00+00:00,2019-06-12 01:00:00+00:00,11.47672,374.0,8.879938000000001,9.06969704583931,9.823449605262757,9.642208987033845,9.687016242301942,10.23908244923401,9.623930745876313,8.968956404483796,9.689580553329469,9.89551555470276
2019-06-12 01:00:00+00:00,2019-06-12 01:15:00+00:00,15.21144,514.0,11.47672,11.43637439453721,12.130938435287476,11.726415226550102,12.295544648857117,12.795298720092774,12.203640425891876,11.401949758024216,12.117713356704712,12.280783856601715
2019-06-12 01:15:00+00:00,2019-06-12 01:30:00+00:00,17.716129000000002,580.0,15.21144,14.798620137634277,15.47737816280365,14.662185224952697,15.819652947845459,16.299207601013183,15.137467365028858,14.569729897441864,15.640289518299102,14.99024035340786
2019-06-12 01:30:00+00:00,2019-06-12 01:45:00+00:00,17.83119,571.0,17.716129000000002,16.74500673513794,17.662179588041546,16.8338903735199,17.654335974416973,18.155907953790667,16.859032685569765,16.338599259666445,17.535756583026888,16.750084574035647
2019-06-12 01:45:00+00:00,2019-06-12 02:00:00+00:00,13.04603,361.0,17.83119,16.89833355945587,18.114521990242004,17.29783500236511,17.530836532535552,18.048856000127792,16.7861780027771,16.224977145614623,17.39578805369377,16.68136740726471
2019-06-12 02:00:00+00:00,2019-06-12 02:15:00+00:00,18.686939,671.0,13.04603,13.760111346988678,14.958910897521973,14.425425246505737,14.479662850646973,14.584167197494507,14.207449034004211,13.053279966263771,13.827966824321747,14.109002068786621
2019-06-12 02:15:00+00:00,2019-06-12 02:30:00+00:00,19.226379,655.0,18.686939,17.552734612335204,18.70768615681374,18.017576276172637,18.938304214586257,19.09526410590553,18.209112523902892,17.364522336830138,18.195728777755736,17.8758017409935
2019-06-12 02:30:00+00:00,2019-06-12 02:45:00+00:00,21.20738,766.0,19.226379,17.57100232725525,18.796618871740343,18.15632697229767,18.69295217876816,19.134558186284544,18.222501002601625,17.366886221221925,18.26598592882538,18.057496630004884
2019-06-12 02:45:00+00:00,2019-06-12 03:00:00+00:00,23.040939,769.0,21.20738,19.386911931877137,20.514948311691285,19.814415517692566,19.69229156101227,20.615273419265748,19.636861625556946,18.769839230422974,19.79505294883728,19.429358068351746
2019-06-12 03:00:00+00:00,2019-06-12 03:15:00+00:00,22.589001,759.0,23.040939,21.387986209739687,22.63979270731354,21.825519349922182,22.10764941250229,22.821905803431513,22.00357308660889,21.043493416656496,21.9081185129776,21.49436953340912
2019-06-12 03:15:00+00:00,2019-06-12 03:30:00+00:00,23.758869,793.0,22.589001,21.027086675239563,22.42654852576351,21.600636959148407,21.913714230133056,22.283906132055282,21.539206326080322,20.593171060157776,21.22021275765991,20.97752970464325
2019-06-12 03:30:00+00:00,2019-06-12 03:45:00+00:00,24.086129999999997,816.0,23.758869,22.191479988616944,23.453965343755723,22.57609839014435,22.893878169578553,23.306111492437363,22.399487324279786,21.467497416061402,22.24015016130829,21.69424087576294
2019-06-12 03:45:00+00:00,2019-06-12 04:00:00+00:00,24.99,829.0,24.086129999999997,22.16552529418945,23.538137770538327,22.70108769023895,22.58143732631683,22.951293326263425,22.440662361030576,21.457550383453366,21.923373318557736,21.800311661605832
2019-06-12 04:00:00+00:00,2019-06-12 04:15:00+00:00,24.421249,805.0,24.99,22.984515895843504,24.11309569120407,23.272656908035277,23.10563181877136,23.740548243522642,22.83904360771179,22.061157455444334,22.759495010375975,22.183885087966917
2019-06-12 04:15:00+00:00,2019-06-12 04:30:00+00:00,23.89888,779.0,24.421249,22.65598186628723,23.955461112426757,23.215604630874633,22.854202476905822,23.501203266548156,22.500572291778564,21.59008511679077,22.391059485839843,21.650224296020507
2019-06-12 04:30:00+00:00,2019-06-12 04:45:00+00:00,24.13163,799.0,23.89888,22.248742456321715,23.542976314907072,22.84833466518402,22.53331386554718,23.07648407924652,22.141772265319823,21.241785044555662,22.096619481925963,21.138635153656004
2019-06-12 04:45:00+00:00,2019-06-12 05:00:00+00:00,24.553379,772.0,24.13163,21.72612362754822,22.615416702156068,22.31066232574463,21.833596762542726,22.348231371765138,21.868499335174562,21.043982323532106,21.456126030807496,21.1098273361969
2019-06-12 05:00:00+00:00,2019-06-12 05:15:00+00:00,22.00144,723.0,24.553379,21.850461901000976,22.785531223587036,22.275129259399414,20.974250019363403,22.0901483901062,21.314969242385864,20.500677049926757,21.42249602156067,20.814992845825195
2019-06-12 05:15:00+00:00,2019-06-12 05:30:00+00:00,18.434059,607.0,22.00144,19.89621014541626,20.764399122657775,20.435108732643126,18.68399281448364,19.74540252632141,19.274652671279906,18.111607264938353,18.973041724624633,18.77351040786743
2019-06-12 05:30:00+00:00,2019-06-12 05:45:00+00:00,18.559629,501.0,18.434059,16.922905063613893,17.901143765434266,17.37279293535614,15.554042911514284,16.58456954954529,16.350288009628297,14.987240171417238,15.70533666609192,15.871642923339845
2019-06-12 05:45:00+00:00,2019-06-12 06:00:00+00:00,15.44069,485.0,18.559629,17.096548832229615,18.133056349328996,17.421898163131715,15.983711279205323,16.945601738265992,16.616075671485902,15.22329620199585,16.16152051763916,16.07502082662964
2019-06-12 06:00:00+00:00,2019-06-12 06:15:00+00:00,17.225691,546.0,15.44069,13.881898720207214,15.17534782403946,14.56969847196579,13.3201427053833,14.056212265434265,13.799339849891663,12.310330588760376,13.321923930587769,13.324941117706299
2019-06-12 06:15:00+00:00,2019-06-12 06:30:00+00:00,10.80494,342.0,17.225691,14.808291831985475,15.685568014160157,15.34955803491211,14.436820665374757,15.445195833221437,14.995743194595338,13.61935464479065,14.872472206130983,14.462306419387819
2019-06-12 06:30:00+00:00,2019-06-12 06:45:00+00:00,17.80538,569.0,10.80494,9.648525252761841,10.904351197006703,10.591628089370728,9.545901790084839,9.885869517745972,10.126042797985077,8.167356505813599,9.038316502990723,9.910613491954804
2019-06-12 06:45:00+00:00,2019-06-12 07:00:00+00:00,14.61819,453.0,17.80538,14.38546861541748,14.85612667930603,14.75498069656372,14.716145171051025,15.560197008972168,15.054732693557739,13.761287821655273,15.014624012832641,14.630226506118774
2019-06-12 07:00:00+00:00,2019-06-12 07:15:00+00:00,11.69634,338.0,14.61819,12.085513064804077,12.813642570915222,12.848119447174073,11.546965072097779,12.67944271320343,12.12656802886963,10.771553704681397,12.047279069366455,11.915660569610596
2019-06-12 07:15:00+00:00,2019-06-12 07:30:00+00:00,8.759406,268.0,11.69634,9.661784803237914,10.663466965522765,10.57366708454132,9.40072289642334,10.264366542663574,9.810669576492309,8.317643558349609,9.514121448364257,9.771242057647704
2019-06-12 07:30:00+00:00,2019-06-12 07:45:00+00:00,7.541407,228.0,8.759406,6.9276817139205935,7.8008071478424075,7.8439919050750735,7.2011778648910525,7.68142691217041,7.461054354530335,5.845711141448975,6.79739645085907,7.4753947552261355
2019-06-12 07:45:00+00:00,2019-06-12 08:00:00+00:00,4.615844,143.0,7.541407,5.707308780128479,6.777469824726105,6.658486019546509,6.278103720123291,6.642165075714112,6.548537563259125,4.97288597720337,5.766757499153138,6.409980188781739
2019-06-12 08:00:00+00:00,2019-06-12 08:15:00+00:00,3.21218,97.0,4.615844,3.180200327056885,4.479133058208466,4.2407645470085145,3.5172814017715455,3.969400454181671,3.5851331836166382,2.341540563720703,3.155771124977112,3.6131819373550416
2019-06-12 08:15:00+00:00,2019-06-12 08:30:00+00:00,3.158531,92.0,3.21218,2.003086071662903,3.2649456488120556,2.974111821703911,2.4956745917129517,2.8026460820961,2.5446547681617737,1.4063803965377808,2.1855889374542237,2.4172566944885254
2019-06-12 08:30:00+00:00,2019-06-12 08:45:00+00:00,2.911727,85.0,3.158531,1.802662302833557,3.1181555773136616,2.6548052924690246,2.5286092656669616,2.7787022787151336,2.553460587841034,1.5183920162734985,2.1974546211776733,2.340957154613495
2019-06-12 08:45:00+00:00,2019-06-12 09:00:00+00:00,1.590859,46.0,2.911727,1.7233825213928222,2.858411893220663,2.3524500615615844,2.5999107844848632,2.7050602175016403,2.4004228599090576,1.5548213012237548,2.166001785518646,2.0484297163505554
2019-06-12 09:00:00+00:00,2019-06-12 09:15:00+00:00,1.250785,36.0,1.590859,0.5413463752593994,1.579158428485334,1.0574212115135193,1.3149666231002808,1.4248723726596833,1.1153988581027985,0.33485037496948244,0.8602735441055298,0.679079477104187
2019-06-12 09:15:00+00:00,2019-06-12 09:30:00+00:00,0.916426,27.0,1.250785,0.2698108026123047,1.2268266448116303,0.6794196435546875,1.0446512767410279,1.1423722797369957,0.7902393111324311,0.08145380702972416,0.5749291249847412,0.35505533901214603
2019-06-12 09:30:00+00:00,2019-06-12 09:45:00+00:00,0.4479999999999999,14.0,0.916426,0.0,0.8843545399615764,0.3389022916564941,0.7541697442541122,0.8334300264725685,0.46544280350303646,0.0,0.2620544403800964,0.040273424983978234
2019-06-12 09:45:00+00:00,2019-06-12 10:00:00+00:00,0.299147,9.0,0.4479999999999999,0.0,0.4482026831061811,0.0,0.2781261216402053,0.4257955673635005,0.07264165687561025,0.0,0.0,0.0
2019-06-12 10:00:00+00:00,2019-06-12 10:15:00+00:00,0.257298,9.0,0.299147,0.0,0.4016357263774872,0.0,0.0,0.12370175628376007,0.0,0.0,0.0,0.0
2019-06-12 10:15:00+00:00,2019-06-12 10:30:00+00:00,0.161926,7.0,0.257298,0.0,0.3429216070394516,0.0,0.0,0.08474252357292178,0.0,0.0,0.0,0.0
2019-06-12 10:30:00+00:00,2019-06-12 10:45:00+00:00,0.029749,4.0,0.161926,0.0,0.31328363585567476,0.0,0.0,0.03502036500072478,0.0,0.0,0.0,0.0
2019-06-12 10:45:00+00:00,2019-06-12 11:00:00+00:00,0.042898,5.0,0.029749,0.0,0.3000001250972748,0.0,0.0,0.0,0.0,0.0,0.0,0.0
2019-06-12 11:00:00+00:00,2019-06-12 11:15:00+00:00,0.042025,3.0,0.042898,0.0,0.23908059370326995,0.0,0.0,0.0,0.0,0.0,0.0,0.0
2019-06-12 11:15:00+00:00,2019-06-12 11:30:00+00:00,0.0,1.0,0.042025,0.0,0.33338728561401365,0.0,0.0,0.0,0.0,0.0,0.0,0.0
2019-06-12 11:30:00+00:00,2019-06-12 11:45:00+00:00,0.0,0.0,0.0,0.0,0.2300470471382141,0.0,0.0,0.0,0.0,0.0,0.0,0.0
2019-06-12 11:45:00+00:00,2019-06-12 12:00:00+00:00,0.0,0.0,0.0,0.0,0.3139325976371765,0.0,0.0,0.0,0.0,0.0,0.0,0.0
2019-06-12 12:00:00+00:00,2019-06-12 12:15:00+00:00,0.0,0.0,0.0,0.0,0.33956560492515564,0.0,0.0,0.0,0.0,0.0,0.0,0.0
2019-06-12 12:15:00+00:00,2019-06-12 12:30:00+00:00,0.0,0.0,0.0,0.0,0.25043028593063354,0.0,0.0,0.0,0.0,0.0,0.0,0.0
2019-06-12 12:30:00+00:00,2019-06-12 12:45:00+00:00,0.0,0.0,0.0,0.0,0.3367420434951782,0.0,0.0,0.0,0.0,0.0,0.0,0.0
2019-06-12 12:45:00+00:00,2019-06-12 13:00:00+00:00,0.0,0.0,0.0,0.0,0.3780229091644287,0.0,0.0,0.0,0.0,0.0,0.0,0.0
2019-06-12 13:00:00+00:00,2019-06-12 13:15:00+00:00,0.0,0.0,0.0,0.0,0.3172312378883362,0.0,0.0,0.0,0.0,0.0,0.0,0.0
2019-06-12 13:15:00+00:00,2019-06-12 13:30:00+00:00,0.0,0.0,0.0,0.0,0.2496555596590042,0.0,0.0,0.0,0.0,0.0,0.0,0.0
2019-06-12 13:30:00+00:00,2019-06-12 13:45:00+00:00,0.0,0.0,0.0,0.0,0.27379438281059265,0.0,0.0,0.0,0.0,0.0,0.0,0.0
2019-06-12 13:45:00+00:00,2019-06-12 14:00:00+00:00,0.0,0.0,0.0,0.0,0.38273343443870544,0.0,0.0,0.0,0.0,0.0,0.0,0.0
2019-06-12 14:00:00+00:00,2019-06-12 14:15:00+00:00,0.0,0.0,0.0,0.0,0.2465432584285736,0.0,0.0,0.0,0.0,0.0,0.0,0.0
2019-06-12 14:15:00+00:00,2019-06-12 14:30:00+00:00,0.0,0.0,0.0,0.0,0.251166969537735,0.0,0.0,0.0,0.0,0.0,0.0,0.0
2019-06-12 14:30:00+00:00,2019-06-12 14:45:00+00:00,0.0,0.0,0.0,0.0,0.2545929253101349,0.0,0.0,0.0,0.0,0.0,0.0,0.0
2019-06-12 14:45:00+00:00,2019-06-12 15:00:00+00:00,0.0,0.0,0.0,0.0,0.25186657905578613,0.0,0.0,0.0,0.0,0.0,0.0,0.0
2019-06-12 15:00:00+00:00,2019-06-12 15:15:00+00:00,0.0,0.0,0.0,0.0,0.25367802381515503,0.0,0.0,0.0004338697763159871,0.0,0.0,0.0,0.0
2019-06-12 15:15:00+00:00,2019-06-12 15:30:00+00:00,0.0,0.0,0.0,0.0,0.29447513818740845,0.0,0.0,0.0347309447824955,0.0,0.0,0.0,0.0
2019-06-12 15:30:00+00:00,2019-06-12 15:45:00+00:00,0.0,0.0,0.0,0.0,0.3384835422039032,0.0,0.0,0.05902908369898796,0.0,0.0,0.0,0.0
2019-06-12 15:45:00+00:00,2019-06-12 16:00:00+00:00,0.0,0.0,0.0,0.0,0.4281619191169739,0.0,0.0,0.13229700922966003,0.0,0.0,0.0,0.0
2019-06-12 16:00:00+00:00,2019-06-12 16:15:00+00:00,0.0,0.0,0.0,0.0,0.5170762538909912,0.0,0.0,0.20439431071281433,0.0,0.0,0.0,0.0
2019-06-12 16:15:00+00:00,2019-06-12 16:30:00+00:00,0.0,0.0,0.0,0.0,0.601599395275116,0.0,0.09447575360536575,0.2535249590873718,0.0,0.0,0.0,0.0
2019-06-12 16:30:00+00:00,2019-06-12 16:45:00+00:00,0.0,0.0,0.0,0.0,0.6403759121894836,0.0,0.14161063730716705,0.3141779601573944,0.0,0.0,0.0,0.0
2019-06-12 16:45:00+00:00,2019-06-12 17:00:00+00:00,0.0,0.0,0.0,0.0,0.7284441590309143,0.0,0.20211268961429596,0.4140835702419281,0.0,0.0,0.05420719087123871,0.0
2019-06-12 17:00:00+00:00,2019-06-12 17:15:00+00:00,0.0,0.0,0.0,0.0,0.7406226992607117,0.0,0.23565486073493958,0.43867483735084534,0.0,0.0,0.079099141061306,0.0
2019-06-12 17:15:00+00:00,2019-06-12 17:30:00+00:00,0.0,0.0,0.0,0.03701882064342499,0.7829571962356567,0.038308583199977875,0.32554471492767334,0.4732587933540344,0.0,0.0,0.09112344682216644,0.0
2019-06-12 17:30:00+00:00,2019-06-12 17:45:00+00:00,0.0,0.0,0.0,0.08366371691226959,0.7979238033294678,0.12016551941633224,0.3366774022579193,0.5258623361587524,0.0,0.0,0.1381005346775055,0.0
2019-06-12 17:45:00+00:00,2019-06-12 18:00:00+00:00,0.0,0.0,0.0,0.05550903454422951,0.7586907744407654,0.10980347543954849,0.3822944462299347,0.5271320939064026,0.0,0.0,0.19662636518478394,0.02152331918478012
2019-06-12 18:00:00+00:00,2019-06-12 18:15:00+00:00,0.0,0.0,0.0,0.019618229940533638,0.7812915444374084,0.13315942883491516,0.34858912229537964,0.6108303666114807,0.0,0.0,0.31083449721336365,0.0
2019-06-12 18:15:00+00:00,2019-06-12 18:30:00+00:00,0.0,0.0,0.0,0.03622699901461601,0.8026936054229736,0.20639391243457794,0.3694605529308319,0.6535400152206421,0.04004691168665886,0.0,0.39302676916122437,0.0280650295317173
2019-06-12 18:30:00+00:00,2019-06-12 18:45:00+00:00,0.0,0.0,0.0,0.04928744584321976,0.8578269481658936,0.2678679823875427,0.3648494780063629,0.742244303226471,0.09619967639446259,0.0,0.48509475588798523,0.011216525919735432
2019-06-12 18:45:00+00:00,2019-06-12 19:00:00+00:00,0.0,0.0,0.0,0.06504075229167938,0.9079251289367676,0.3262809216976166,0.36994317173957825,0.8211279511451721,0.14978890120983124,0.0,0.5426816344261169,0.0
2019-06-12 19:00:00+00:00,2019-06-12 19:15:00+00:00,0.0,0.0,0.0,0.10071640461683273,0.9626680016517639,0.4084445536136627,0.3886503279209137,0.8987129926681519,0.20590868592262268,0.0,0.6016839146614075,0.0
2019-06-12 19:15:00+00:00,2019-06-12 19:30:00+00:00,0.0,0.0,0.0,0.14553341269493103,1.0166665315628052,0.5032688975334167,0.3953809440135956,0.9678982496261597,0.26264315843582153,0.018672853708267212,0.6446320414543152,0.0
2019-06-12 19:30:00+00:00,2019-06-12 19:45:00+00:00,0.0,0.0,0.0,0.15702541172504425,1.0236998796463013,0.5559577941894531,0.43574103713035583,0.9868036508560181,0.30838078260421753,0.044371891766786575,0.6608558893203735,0.0
2019-06-12 19:45:00+00:00,2019-06-12 20:00:00+00:00,0.0,0.0,0.0,0.17634297907352448,1.0327746868133545,0.62680584192276,0.49170026183128357,1.0015182495117188,0.35677996277809143,0.08673150837421417,0.6677292585372925,0.05491092428565025
2019-06-12 20:00:00+00:00,2019-06-12 20:15:00+00:00,0.0,0.0,0.0,0.2101127803325653,1.1027374267578125,0.7137477993965149,0.4928109049797058,1.079470157623291,0.3964812159538269,0.14813756942749023,0.7017251253128052,0.04516877606511116
2019-06-12 20:15:00+00:00,2019-06-12 20:30:00+00:00,0.0,0.0,0.0,0.22582225501537323,1.1369383335113525,0.7831602096557617,0.5336675047874451,1.1166821718215942,0.4383004903793335,0.18481148779392242,0.7222059965133667,0.11581436544656754
2019-06-12 20:30:00+00:00,2019-06-12 20:45:00+00:00,0.0,0.0,0.0,0.2474938929080963,1.1641316413879395,0.8731043934822083,0.5923279523849487,1.1289398670196533,0.508760392665863,0.24643251299858093,0.7419907450675964,0.2497471421957016
2019-06-12 20:45:00+00:00,2019-06-12 21:00:00+00:00,0.0,0.0,0.0,0.26823315024375916,1.2067022323608398,0.956123948097229,0.6474522948265076,1.1508346796035767,0.5756191611289978,0.3095860183238983,0.7663460969924927,0.3747248351573944
2019-06-12 21:00:00+00:00,2019-06-12 21:15:00+00:00,0.064569,7.0,0.0,0.267483115196228,1.2418173551559448,1.0235846042633057,0.6524537205696106,1.2185918092727661,0.6159830093383789,0.32118961215019226,0.7848585844039917,0.37997692823410034
2019-06-12 21:15:00+00:00,2019-06-12 21:30:00+00:00,0.352939,13.0,0.064569,0.3421110546531677,1.336583617919922,1.1401506698074342,0.7088826930465698,1.3479187524261476,0.7090778386535644,0.3893624877872467,0.8669197595062256,0.4496519005241394
2019-06-12 21:30:00+00:00,2019-06-12 21:45:00+00:00,0.613471,21.0,0.352939,0.6172523103847504,1.6272389792099,1.4529540442123414,1.049021353591919,1.6584355734481813,1.099085857738495,0.6741711102619171,1.196601202358246,0.8476293884410858
2019-06-12 21:45:00+00:00,2019-06-12 22:00:00+00:00,1.034277,33.0,0.613471,0.9123801873168945,1.929486124320984,1.8170300410232545,1.3288198993644715,1.9586500809631349,1.389939575000763,0.9750283644638061,1.477313010498047,1.169869928165436
2019-06-12 22:00:00+00:00,2019-06-12 22:15:00+00:00,1.681395,51.0,1.034277,1.3629552801151275,2.3984427829284667,2.296944655944824,1.7691890378494262,2.4694984336395263,1.9387591858406066,1.4282877226371764,1.9781358619232177,1.678180076648712
2019-06-12 22:15:00+00:00,2019-06-12 22:30:00+00:00,2.4110080000000003,74.0,1.681395,2.0227528867912294,3.077570503730774,2.953823393363953,2.4767134843063356,3.1457700190734865,2.704683726806641,2.064339077253342,2.673390930671692,2.48091972448349
2019-06-12 22:30:00+00:00,2019-06-12 22:45:00+00:00,3.514383,111.0,2.4110080000000003,2.801793574913025,3.871580957992554,3.691323399169922,3.208886205776215,3.9688040014343264,3.4973679777221682,2.7784249182777407,3.456607460601807,3.2736276384429934
2019-06-12 22:45:00+00:00,2019-06-12 23:00:00+00:00,4.879875,156.0,3.514383,3.9302084265785218,4.941715043647767,4.766917866333008,4.355243664844513,5.087206882102967,4.601078432662964,3.8301660238342286,4.588984173400879,4.478106003864289
2019-06-12 23:00:00+00:00,2019-06-12 23:15:00+00:00,4.837328,156.0,4.879875,5.315270240783692,6.251722271919251,6.018605525970459,5.761006410598755,6.462347920417786,6.016091402053833,5.15329727101326,5.946520503044129,6.0215499954223635
2019-06-12 23:15:00+00:00,2019-06-12 23:30:00+00:00,6.093281,176.0,4.837328,5.359753830364228,6.361353917053223,6.077091975143433,5.71035776846695,6.454755110671997,6.046039624145508,5.0761518906860355,5.875041885307312,6.084748430183411
2019-06-12 23:30:00+00:00,2019-06-12 23:45:00+00:00,4.141375,121.0,6.093281,6.632925479751587,7.5862074783859255,7.216037004333496,6.9385724357185365,7.674069016319275,7.293064444404602,6.201772115272045,6.97744551215744,7.395690529685974
2019-06-12 23:45:00+00:00,2019-06-13 00:00:00+00:00,6.066922,173.0,4.141375,4.859097773551941,6.207774097442627,5.831786567687988,5.016589695930481,5.86008244228363,5.5459381885528565,4.390295202255249,5.1730826444625855,5.5970715827941895
2019-06-13 00:00:00+00:00,2019-06-13 00:15:00+00:00,7.100188,211.0,6.066922,6.762253037044525,8.004954627105713,7.488780072280884,7.114476492950439,7.865974119255066,7.7589294224472045,6.472033223459244,7.108117869445801,7.863899043151855
2019-06-13 00:15:00+00:00,2019-06-13 00:30:00+00:00,7.051297,215.0,7.100188,7.708060188091278,8.812448484695434,8.261399609840392,8.127822024620055,8.811448557174682,8.847673160827636,7.388610018289566,7.978917403018952,8.946770531929015
2019-06-13 00:30:00+00:00,2019-06-13 00:45:00+00:00,4.397094,138.0,7.051297,7.69919054801178,8.93637030417633,8.306614091941833,8.053049972602844,8.791347315856934,8.830409219810486,7.270369550535202,7.90214430386734,8.920678546974182
2019-06-13 00:45:00+00:00,2019-06-13 01:00:00+00:00,5.850906,162.0,4.397094,5.267728615421295,7.045660007614136,6.476579893249512,5.546655405181885,6.475783098358154,6.479387272018433,4.882840830701828,5.596431601661682,6.487325418609619
2019-06-13 01:00:00+00:00,2019-06-13 01:15:00+00:00,7.8505,225.0,5.850906,6.645351931911469,8.072141513687134,7.626218542915344,7.200212344985962,7.69970594392395,7.845268235069275,6.519180521827698,6.905611381393433,8.020796403747559
2019-06-13 01:15:00+00:00,2019-06-13 01:30:00+00:00,13.20025,355.0,7.8505,8.500436258792877,9.591570628166199,9.14825083065033,9.083934557914734,9.607229245185852,9.73964954662323,8.210558039426804,8.762335253238678,9.698122275352478
2019-06-13 01:30:00+00:00,2019-06-13 01:45:00+00:00,13.60494,445.0,13.20025,12.92582219862938,13.504178196430207,13.149792716145516,13.819965690612793,14.129144937038422,13.96191158914566,12.69200351858139,13.347296357393265,13.871253758907319
2019-06-13 01:45:00+00:00,2019-06-13 02:00:00+00:00,7.681625,238.0,13.60494,12.86973572057724,13.471585008325576,13.212715062322616,13.48325687927246,14.044334921064376,13.739371153535842,12.683816018524169,13.51643766743183,13.464144575419425
2019-06-13 02:00:00+00:00,2019-06-13 02:15:00+00:00,4.8717809999999995,142.0,7.681625,8.70231317615509,10.30096232032776,9.668001762390137,9.381557217597962,9.602668038368225,9.780888191223145,8.137167355775833,8.792357555389405,9.634995809555054
2019-06-13 02:15:00+00:00,2019-06-13 02:30:00+00:00,4.870578,133.0,4.8717809999999995,6.210742601257324,7.805202373367309,7.644012340408325,6.861965545516967,7.156249650817871,7.5998131121215815,5.811790713172912,6.290033229690551,7.298810609680175
2019-06-13 02:30:00+00:00,2019-06-13 02:45:00+00:00,7.388063000000001,201.0,4.870578,5.99032110874939,7.430033871582031,7.385781952789307,6.853078195503235,7.102539965560913,7.465254733016968,6.009245225837708,6.314951965263367,7.360075661590576
2019-06-13 02:45:00+00:00,2019-06-13 03:00:00+00:00,10.906,330.0,7.388063000000001,8.070684836662293,9.294608519828797,8.857268856323243,9.154712961471558,9.407831238067628,9.543760107315064,8.048528002059937,8.536579774177552,9.450341509140015
2019-06-13 03:00:00+00:00,2019-06-13 03:15:00+00:00,9.524813,287.0,10.906,10.854144625872374,11.920297246932984,10.966962613672019,12.794914942741395,12.696940880775452,12.678940158843995,11.59026674604416,11.976910215377808,12.826251607894898
2019-06-13 03:15:00+00:00,2019-06-13 03:30:00+00:00,8.338094,247.0,9.524813,9.54455182690072,10.364684346950531,10.039718333518982,11.559187237060547,11.491173569000244,11.764181677139282,10.386252764499664,10.75061387184906,11.903662983215332
2019-06-13 03:30:00+00:00,2019-06-13 03:45:00+00:00,5.899141,174.0,8.338094,8.524231795448303,9.281819943565369,9.305127505439758,10.439774278778076,10.354344133514404,10.556206707138061,9.240246359485626,9.483141903060913,10.782791856903076
2019-06-13 03:45:00+00:00,2019-06-13 04:00:00+00:00,10.18391,279.0,5.899141,6.479000972000122,7.378490255561829,7.5856171114120485,7.968346045700073,8.136502192703247,8.312530444351196,6.875865207401276,7.363941119400025,8.323670075622559
2019-06-13 04:00:00+00:00,2019-06-13 04:15:00+00:00,16.109189999999998,521.0,10.18391,9.934718015465736,10.572477477464675,10.450515228185653,12.00688945022583,11.979019748840331,11.912247287902831,10.903944778118133,11.24191950527191,12.4030204888916
2019-06-13 04:15:00+00:00,2019-06-13 04:30:00+00:00,28.241940000000003,903.0,16.109189999999998,13.718595040740965,14.461892260017393,13.770380032958982,15.92309446424484,16.260145408811567,15.44350816101074,15.46759982198715,15.541682852210997,16.1047334105359
2019-06-13 04:30:00+00:00,2019-06-13 04:45:00+00:00,17.57481,545.0,28.241940000000003,23.168838002624515,24.13286302322388,23.57364795440674,24.06605861419678,25.798617341461185,24.788185098114017,25.090087392272952,25.69946024650574,25.132816054763797
2019-06-13 04:45:00+00:00,2019-06-13 05:00:00+00:00,19.22681,653.0,17.57481,14.756128283081054,15.490963907775878,15.529557200012206,16.74949935251236,17.254032255945205,16.849950702724456,16.414822788772582,16.415504665908813,17.18431407385826
2019-06-13 05:00:00+00:00,2019-06-13 05:15:00+00:00,15.21888,470.0,19.22681,16.41317703491211,17.10061313873291,16.80723883872986,18.254283866939545,18.474655113277436,18.10817124610901,17.778574607429505,17.832216999588013,18.313237807807923
2019-06-13 05:15:00+00:00,2019-06-13 05:30:00+00:00,13.10859,467.0,15.21888,13.442697467689515,14.970644997839928,14.196433486824036,15.803833010082245,15.13420425582409,14.854912313108445,14.49345743883133,14.324865045433045,15.481116624956131
2019-06-13 05:30:00+00:00,2019-06-13 05:45:00+00:00,9.959688,322.0,13.10859,12.150455944862365,13.311118193593025,12.68560539993286,13.923022978630065,13.260604449238777,13.092441490542292,12.556730621185302,12.694892429437637,13.519103341426849
2019-06-13 05:45:00+00:00,2019-06-13 06:00:00+00:00,7.622781,227.0,9.959688,9.975340747824788,11.196770958221435,10.700720779216766,11.283768467224121,10.683515004432678,10.826340190685272,9.923459384209394,9.989983675620437,11.143492154396057
2019-06-13 06:00:00+00:00,2019-06-13 06:15:00+00:00,18.694811,254.0,7.622781,7.60982179631716,8.883329949241638,8.465439817768097,8.670390686851501,8.270737728935242,8.2257102345047,7.631263151664793,7.566168903273105,8.547444484096527
2019-06-13 06:15:00+00:00,2019-06-13 06:30:00+00:00,24.247560999999997,737.0,18.694811,16.901146783004762,18.087781502376558,17.036339177261354,18.30972783125496,17.868889404903413,17.436808361183168,17.567895902763368,17.620686425338747,17.46603025354004
2019-06-13 06:30:00+00:00,2019-06-13 06:45:00+00:00,17.70956,592.0,24.247560999999997,19.943219683776853,20.7678508979187,19.923361800323484,20.429219029556272,21.320392392288205,20.544952176223752,20.980331681381223,21.449359200607297,20.59617473901367
2019-06-13 06:45:00+00:00,2019-06-13 07:00:00+00:00,10.1885,332.0,17.70956,13.95706280380249,15.033646904525757,14.830302321014404,14.67520245223999,15.719317280349731,15.344809376296997,15.126100145874023,15.437180601654052,15.302772842941284
2019-06-13 07:00:00+00:00,2019-06-13 07:15:00+00:00,11.79369,340.0,10.1885,8.970550490379333,10.41291765666008,9.98381855881214,8.025559020996093,8.766544652938842,8.547138286590576,8.00348098373413,8.095566822052001,8.612955285072326
2019-06-13 07:15:00+00:00,2019-06-13 07:30:00+00:00,2.775664,92.0,11.79369,9.848331366004944,11.221922908248901,10.450414572181701,9.188471827926636,10.012589726867676,9.44758084815979,9.22197917503357,9.765062365951538,9.550222907485962
2019-06-13 07:30:00+00:00,2019-06-13 07:45:00+00:00,1.2242620000000002,39.0,2.775664,2.5859009159460067,4.210332302536011,3.6398115439071654,2.361286787475586,2.562454072917938,2.698058461929798,1.77898111769104,1.9402965588226317,2.7873283039509653
2019-06-13 07:45:00+00:00,2019-06-13 08:00:00+00:00,0.61142,22.0,1.2242620000000002,0.9096715757007601,2.2932025202865605,1.8031131633872988,1.3257361584658625,1.2194389765466453,1.3324309894199373,0.6095628151054384,0.6810936936492922,1.3293517240638735
2019-06-13 08:00:00+00:00,2019-06-13 08:15:00+00:00,0.281477,10.0,0.61142,0.12093159000396725,1.4714519623947142,0.9473111275863647,0.7190885935258865,0.5482957754564285,0.3102969471645355,0.0,0.13272982279777523,0.27951815168380734
2019-06-13 08:15:00+00:00,2019-06-13 08:30:00+00:00,0.184201,9.0,0.281477,0.0,1.0020346300621032,0.30282934139859674,0.3277272613663673,0.2958730015848279,0.0,0.0,0.0,0.0
2019-06-13 08:30:00+00:00,2019-06-13 08:45:00+00:00,0.22428,9.0,0.184201,0.0,0.9809746721038819,0.19470745858049393,0.33114135053253174,0.37685836639499665,0.0,0.0,0.028249008322715763,0.0
2019-06-13 08:45:00+00:00,2019-06-13 09:00:00+00:00,0.180394,7.0,0.22428,0.0,0.8548229935455323,0.051202222971916206,0.3852929624605179,0.4524374904918671,0.0437646659898758,0.0,0.060838103561401374,0.0
2019-06-13 09:00:00+00:00,2019-06-13 09:15:00+00:00,0.200744,8.0,0.180394,0.0,0.6328158142032623,0.0,0.3851942928495407,0.45335299391174316,0.0,0.0,0.0,0.0
2019-06-13 09:15:00+00:00,2019-06-13 09:30:00+00:00,0.786297,23.0,0.200744,0.0,0.6533184020938874,0.0,0.44203750483417514,0.5359058051528931,0.01411880247020722,0.0,0.0,0.0
2019-06-13 09:30:00+00:00,2019-06-13 09:45:00+00:00,2.339914,66.0,0.786297,0.033541477272033715,1.122216201374054,0.38250557238769534,1.0054037039966583,1.0731299286575318,0.5455553447694779,0.2749626999588013,0.49711237008285525,0.045923984596252465
2019-06-13 09:45:00+00:00,2019-06-13 10:00:00+00:00,2.513219,75.0,2.339914,1.3314743399276732,2.323300058360338,1.5094341992988585,2.601652985776901,2.3911141402676104,1.837926602329254,1.6382844805374144,1.613097763027191,1.3788531779899595
2019-06-13 10:00:00+00:00,2019-06-13 10:15:00+00:00,2.759969,87.0,2.513219,1.1931246529998778,2.336181939739227,1.5086812983932494,2.4946108843865393,2.471362100142479,1.8415841471138,1.5773798834266661,1.776005328792572,1.3709765683593749
2019-06-13 10:15:00+00:00,2019-06-13 10:30:00+00:00,2.144352,70.0,2.759969,1.3351489345016478,2.4719386736335753,1.6880469361724852,2.626222614425659,2.653671007830143,1.8913369814338683,1.7824228445472716,1.9381133953514098,1.554421428817749
2019-06-13 10:30:00+00:00,2019-06-13 10:45:00+00:00,1.512137,50.0,2.144352,0.5711553504486084,1.8692562093753815,1.0465188434143067,1.8268526306171418,2.0100560148973465,1.3086110761184693,1.0210931708831787,1.3382801821250916,0.9363336970825196
2019-06-13 10:45:00+00:00,2019-06-13 11:00:00+00:00,0.989297,32.0,1.512137,0.10702282611083991,1.201591883337021,0.5227888268585206,1.354105908905983,1.4112924006934167,0.7051464361305237,0.5297576827163697,0.5921742958183289,0.39603072825622565
2019-06-13 11:00:00+00:00,2019-06-13 11:15:00+00:00,0.5718260000000001,18.0,0.989297,0.0,0.8251061711997986,0.044138101169586164,0.775308278629303,0.9511133369596004,0.26139613730621336,0.0,0.18267294509124754,0.0
2019-06-13 11:15:00+00:00,2019-06-13 11:30:00+00:00,0.214778,7.0,0.5718260000000001,0.0,0.4988716805825234,0.0,0.3913059721240998,0.5861781074205638,0.0,0.0,0.0,0.0
2019-06-13 11:30:00+00:00,2019-06-13 11:45:00+00:00,0.0,0.0,0.214778,0.0,0.3280849768548012,0.0,0.1794011271326542,0.3384394212393761,0.0,0.0,0.0,0.0
2019-06-13 11:45:00+00:00,2019-06-13 12:00:00+00:00,0.0,0.0,0.0,0.0,0.23772868514060974,0.0,0.003561013611033559,0.1318592131137848,0.0,0.0,0.0,0.0
2019-06-13 12:00:00+00:00,2019-06-13 12:15:00+00:00,0.0,0.0,0.0,0.0,0.36117786169052124,0.0,0.07547265291213989,0.12520495057106018,0.0,0.0,0.0,0.0
2019-06-13 12:15:00+00:00,2019-06-13 12:30:00+00:00,0.0,0.0,0.0,0.0,0.3557087182998657,0.0,0.10434257984161377,0.09288694709539413,0.0,0.0,0.0,0.0
2019-06-13 12:30:00+00:00,2019-06-13 12:45:00+00:00,0.0,0.0,0.0,0.0,0.22499963641166687,0.0,0.15237562358379364,0.008459459990262985,0.0,0.0,0.0,0.0
2019-06-13 12:45:00+00:00,2019-06-13 13:00:00+00:00,0.0,0.0,0.0,0.0,0.20333880186080933,0.0,0.12752459943294525,0.0,0.0,0.0,0.0,0.0
2019-06-13 13:00:00+00:00,2019-06-13 13:15:00+00:00,0.0,0.0,0.0,0.0,0.13375915586948395,0.0,0.15136441588401794,0.0,0.0,0.0,0.0,0.0
2019-06-13 13:15:00+00:00,2019-06-13 13:30:00+00:00,0.0,0.0,0.0,0.0,0.19235582649707794,0.0,0.11396386474370956,0.0,0.0,0.0,0.0,0.0
2019-06-13 13:30:00+00:00,2019-06-13 13:45:00+00:00,0.0,0.0,0.0,0.0,0.28305327892303467,0.0,0.09578895568847656,0.032112251967191696,0.0,0.0,0.0,0.0
2019-06-13 13:45:00+00:00,2019-06-13 14:00:00+00:00,0.0,0.0,0.0,0.0,0.3919413983821869,0.0,0.08037949353456497,0.0555398091673851,0.0,0.0,0.0,0.0
2019-06-13 14:00:00+00:00,2019-06-13 14:15:00+00:00,0.0,0.0,0.0,0.0,0.4344143271446228,0.0,0.06372924149036407,0.05628717318177223,0.0,0.0,0.0,0.0
2019-06-13 14:15:00+00:00,2019-06-13 14:30:00+00:00,0.0,0.0,0.0,0.0,0.36108872294425964,0.0,0.08304745703935623,0.019012609496712685,0.0,0.0,0.0,0.0
2019-06-13 14:30:00+00:00,2019-06-13 14:45:00+00:00,0.0,0.0,0.0,0.0,0.44814130663871765,0.0,0.06353764235973358,0.048167746514081955,0.0,0.0,0.0,0.0
2019-06-13 14:45:00+00:00,2019-06-13 15:00:00+00:00,0.0,0.0,0.0,0.0,0.5007082223892212,0.0,0.07178551703691483,0.07326290756464005,0.0,0.0,0.0,0.0
2019-06-13 15:00:00+00:00,2019-06-13 15:15:00+00:00,0.0,0.0,0.0,0.0,0.4992006719112396,0.0,0.06514495611190796,0.06115194037556648,0.0,0.0,0.0,0.0
2019-06-13 15:15:00+00:00,2019-06-13 15:30:00+00:00,0.0,0.0,0.0,0.0,0.5041434168815613,0.0,0.07866688817739487,0.07907800376415253,0.0,0.0,0.0,0.0
2019-06-13 15:30:00+00:00,2019-06-13 15:45:00+00:00,0.0,0.0,0.0,0.0,0.5088549256324768,0.0,0.08846525102853775,0.08833732455968857,0.0,0.0,0.0,0.0
