origin_utc,target_utc,actual_MW,target_irradiance_Wm2,persistence_seed0,GRU_local_seed17,GRU_local_seed42,GRU_local_seed2026,GRU_local_surface_seed17,GRU_local_surface_seed42,GRU_local_surface_seed2026,GRU_local_surface_pressure_seed17,GRU_local_surface_pressure_seed42,GRU_local_surface_pressure_seed2026
2019-04-25 00:00:00+00:00,2019-04-25 01:00:00+00:00,1.161535,63.0,0.835516,4.302289509979248,3.1238019706878664,4.987426781860352,2.2640476467285158,2.4267409088287355,2.7305367233428957,1.236679846254349,2.1732486726913454,2.1576644422683717
2019-04-25 00:15:00+00:00,2019-04-25 01:15:00+00:00,0.913692,41.0,1.09725,4.948569551467895,3.6429181251525877,5.578159824371338,2.783914819717407,2.9891252670288084,3.130383506774902,1.7709639225006104,2.763187066078186,2.4899239692687987
2019-04-25 00:30:00+00:00,2019-04-25 01:30:00+00:00,1.219422,70.0,1.392316,5.551812307373047,4.094378845230103,6.172348157897949,3.2725243730697633,3.4391096992645265,3.5943108959350587,2.1468388004455567,3.107064740196228,2.8915211124572755
2019-04-25 00:45:00+00:00,2019-04-25 01:45:00+00:00,1.308563,63.0,1.280207,5.5407770492858885,4.086905799133301,6.150863967163086,3.278324685317993,3.440276227218628,3.5544072010345458,2.0867230512924193,3.149166665298462,2.826508245689392
2019-04-25 01:00:00+00:00,2019-04-25 02:00:00+00:00,1.335988,68.0,1.161535,5.480599617156982,4.035929655227661,6.068797325286865,3.232893203887939,3.410345291290283,3.457936023864746,2.0275886408424375,3.1580252400970457,2.745439385566711
2019-04-25 01:15:00+00:00,2019-04-25 02:15:00+00:00,2.38268,132.0,0.913692,5.135877611724854,3.7673888231201174,5.684710981933594,2.9596188093109133,3.160475971786499,3.1527438188476564,1.7757270956916809,3.0086922670288088,2.4748787904663088
2019-04-25 01:30:00+00:00,2019-04-25 02:30:00+00:00,3.207477,185.0,1.219422,5.29931701953125,3.863169806549072,5.799015658447265,3.1269474201889036,3.212562697479248,3.4651535921783445,1.9289775067062378,3.046315091201782,2.8279844694824217
2019-04-25 01:45:00+00:00,2019-04-25 02:45:00+00:00,3.845297,223.0,1.308563,5.2546644270782465,3.9453046381835937,5.8941342890624995,3.2113726199035644,3.334666973388672,3.5793142378692626,2.0738418162231445,3.2486696303253173,2.92769301537323
2019-04-25 02:00:00+00:00,2019-04-25 03:00:00+00:00,4.544094,265.0,1.335988,5.472132638061524,4.195069983566285,6.065323308074952,3.4542233496551513,3.6552917509918212,3.7298419028167724,2.2273449450378418,3.65184493359375,2.9755878001098632
2019-04-25 02:15:00+00:00,2019-04-25 03:15:00+00:00,3.4482660000000003,211.0,2.38268,6.679304183654786,5.392606319122315,7.016737521820069,4.7352047573852545,4.785238326721192,5.027939380340577,3.3155304204750062,4.649953902893067,4.158825815849305
2019-04-25 02:30:00+00:00,2019-04-25 03:30:00+00:00,3.245211,179.0,3.207477,7.296738531829834,6.551005985977173,7.453141596557617,5.906708624603271,5.819446947814941,6.1125005748291015,4.346449163200378,5.488410856964111,5.17391815447998
2019-04-25 02:45:00+00:00,2019-04-25 03:45:00+00:00,4.139844,248.0,3.845297,7.730920693466187,7.497597119400025,7.671027323791504,6.943057915756226,6.870134732315064,7.034679076263428,5.258755943367005,6.240913531372071,6.037142655441285
2019-04-25 03:00:00+00:00,2019-04-25 04:00:00+00:00,5.12061,298.0,4.544094,8.237157497543336,8.48560396208191,7.985788259643555,7.914984140533448,7.893790159362793,7.904166135925293,6.214156422752381,7.185797844070435,6.849672708648682
2019-04-25 03:15:00+00:00,2019-04-25 04:15:00+00:00,5.090641000000001,315.0,3.4482660000000003,7.192429990020752,7.318830222335816,6.633650511947632,6.707954138961792,6.704698294845581,6.6632511322174075,4.946558922973633,6.123634070602417,5.57756230279541
2019-04-25 03:30:00+00:00,2019-04-25 04:30:00+00:00,4.103422,247.0,3.245211,7.288950318847656,7.060238952194213,6.447906131301879,6.435688848052978,6.54046451524353,6.422378415618896,4.7658634133682245,6.233437175308227,5.342932576690673
2019-04-25 03:45:00+00:00,2019-04-25 04:45:00+00:00,5.617172,351.0,4.139844,7.422903597015381,7.74220520223999,6.656111776489258,7.199675380844116,7.286204635757446,7.216342508453369,5.570405423301697,6.875071823257446,6.104303776878357
2019-04-25 04:00:00+00:00,2019-04-25 05:00:00+00:00,5.868625,385.0,5.12061,7.953143359527588,8.74604487548828,7.425040723190308,8.238929988250732,8.448637248382568,8.568821431503295,6.952242375717163,8.254754783020019,7.511373521194458
2019-04-25 04:15:00+00:00,2019-04-25 05:15:00+00:00,6.35775,417.0,5.090641000000001,7.131833770004273,8.592633225646974,6.935211994377137,8.15922377320862,8.429393508163454,8.74925325128174,7.039406873908997,8.231125094619753,7.698535897460938
2019-04-25 04:30:00+00:00,2019-04-25 05:30:00+00:00,7.533313000000001,492.0,4.103422,6.553434922286987,7.321746899673462,5.712480380126953,7.0466836233825685,7.301864459106445,7.504412962982178,5.812520935127258,7.150148703643799,6.393253638336182
2019-04-25 04:45:00+00:00,2019-04-25 05:45:00+00:00,9.78775,749.0,5.617172,6.734683630058289,8.665894505569458,6.572727081367493,8.34675979335022,8.60547446925354,9.210628745147705,7.533715364524841,8.411819455215454,8.075129029342651
2019-04-25 05:00:00+00:00,2019-04-25 06:00:00+00:00,8.899405999999999,594.0,5.868625,6.207952275753021,8.660579517364502,6.393229797363281,8.451403692245483,8.797724321365356,9.655802085876465,7.797340229034424,8.541426971435547,8.499770238876343
2019-04-25 05:15:00+00:00,2019-04-25 06:15:00+00:00,7.4445,516.0,6.35775,6.1891829087734225,8.882378162384033,6.377114232197404,8.868196786880493,9.217290700912475,10.241582931518554,8.358415187835693,8.900990308761596,9.027307571411132
2019-04-25 05:30:00+00:00,2019-04-25 06:30:00+00:00,5.604922,372.0,7.533313000000001,6.133700573242188,9.687991344726562,6.851219200885773,9.85788747052002,10.274499141967773,11.509807312286377,9.571669065750122,9.895734035766601,10.21567531803894
2019-04-25 05:45:00+00:00,2019-04-25 06:45:00+00:00,5.985437999999999,389.0,9.78775,6.19400286102295,11.137886637687684,7.879000777244569,11.247921818733216,11.961300367355348,13.586365694046021,11.34717976474762,11.492622369766236,12.17911838912964
2019-04-25 06:00:00+00:00,2019-04-25 07:00:00+00:00,7.249156,457.0,8.899405999999999,6.409405752044677,9.570501132827758,6.375070854049682,10.026861711364745,10.774303241592406,11.941143794876098,10.126507325988769,10.311226888519286,10.58578865132904
2019-04-25 06:15:00+00:00,2019-04-25 07:15:00+00:00,6.429281,421.0,7.4445,5.31618550491333,7.597385720133781,4.731756717681884,8.499615461349487,8.936024696350097,10.024562627792358,8.602885753631591,8.760259301185608,8.775497824668884
2019-04-25 06:30:00+00:00,2019-04-25 07:30:00+00:00,5.3452660000000005,341.0,5.604922,4.287684980461121,5.637793194183827,3.472275439331055,7.102281156608582,6.857554975578308,8.138780299255371,6.740418616363526,7.1220935021133425,6.970269623825073
2019-04-25 06:45:00+00:00,2019-04-25 07:45:00+00:00,4.306203,276.0,5.985437999999999,4.340489398277282,5.634045403039932,3.4798702109222406,7.196492325103759,6.929661999977111,7.812196027076721,6.798733781612396,7.217999349868774,6.6476094234352106
2019-04-25 07:00:00+00:00,2019-04-25 08:00:00+00:00,4.326656,263.0,7.249156,3.9974875467834474,6.269721807819367,3.9970316904602052,7.860902549606323,7.686755092721939,8.551233531814574,7.435729997139931,7.959641100746155,7.452714847308159
2019-04-25 07:15:00+00:00,2019-04-25 08:15:00+00:00,3.609484,233.0,6.429281,3.3331851996002193,5.349138859611511,2.917713884216308,6.5740696079549785,6.263143513303756,7.4589438475189205,6.077180568080902,6.560730863314628,6.378745172124862
2019-04-25 07:30:00+00:00,2019-04-25 08:30:00+00:00,3.155961,189.0,5.3452660000000005,3.045394078460694,4.043611184326172,1.9289189731750493,5.442592487302781,5.104200378623963,5.8618651783142095,4.797626033988953,5.365442282152534,4.818430677619935
2019-04-25 07:45:00+00:00,2019-04-25 08:45:00+00:00,3.0762810000000003,183.0,4.306203,2.103030793121338,2.9880162400512695,1.3437684697418213,4.670937023809433,3.9647189301757813,4.896376721313477,3.7450556678085327,4.330691056078553,3.746090225627899
2019-04-25 08:00:00+00:00,2019-04-25 09:00:00+00:00,2.70993,167.0,4.326656,1.6469885271606444,2.969749705177307,1.3350490492401121,4.638014541250229,4.033277557474136,4.7886119347629545,3.727060632091522,4.371446677726269,3.7161646050033568
2019-04-25 08:15:00+00:00,2019-04-25 09:15:00+00:00,1.869328,113.0,3.609484,1.5111158321228029,2.2355790565338136,0.35324291685485854,3.6039716250810923,3.0259930918540956,3.5520424711134435,2.5906893442001344,3.2203731665935518,2.4753151367034913
2019-04-25 08:30:00+00:00,2019-04-25 09:30:00+00:00,1.415422,75.0,3.155961,0.8574413886413574,2.119434439216614,0.21761413720703127,2.873616748128891,2.5097872844085694,3.3296374013767243,2.0408018460617066,2.6215967765197754,2.085936748062134
2019-04-25 08:45:00+00:00,2019-04-25 09:45:00+00:00,1.488895,55.0,3.0762810000000003,0.9854630716857913,2.1377316006240847,0.22942965112304714,2.6053594239768985,2.480859745365143,2.9148978181896212,1.6907964237747195,2.411757636886597,1.717701364379883
2019-04-25 09:00:00+00:00,2019-04-25 10:00:00+00:00,1.271758,44.0,2.70993,0.5781684490966796,1.9864456030654907,0.014856872253417919,2.391526904993057,2.350778308801651,2.8340108814764022,1.53204434841156,2.1677108380126953,1.6473430964279174
2019-04-25 09:15:00+00:00,2019-04-25 10:15:00+00:00,1.061348,32.0,1.869328,0.0,1.2903250831871034,0.0,1.4621409553794862,1.5197564143447877,1.947672762325287,0.47918460552978526,1.198672153404236,0.8525140065460206
2019-04-25 09:30:00+00:00,2019-04-25 10:30:00+00:00,1.009969,30.0,1.415422,0.0,1.064252622434616,0.0,0.899993099281311,1.2287862673492431,1.3757194094450473,0.013506092140197712,0.7288042083473205,0.37315586955261226
2019-04-25 09:45:00+00:00,2019-04-25 10:45:00+00:00,0.358989,10.0,1.488895,0.21105891563415535,1.3723433548998833,0.0,0.8240132937622071,1.3026451031160355,1.4263718733978272,0.027455271263122638,0.7673783312034608,0.4981217394065858
2019-04-25 10:00:00+00:00,2019-04-25 11:00:00+00:00,0.138571,5.0,1.271758,0.48717115317153925,1.3140889691250324,0.0,0.5869303146438598,1.1094969907836914,1.4445754537420272,0.0,0.727382520778656,0.5460319915847778
2019-04-25 10:15:00+00:00,2019-04-25 11:15:00+00:00,0.0,0.0,1.061348,0.5614559142093658,1.2757227508525848,0.0,0.4292259006004333,0.9887890307407379,1.1882785497407913,0.0,0.5403563765983581,0.2738592414360046
2019-04-25 10:30:00+00:00,2019-04-25 11:30:00+00:00,0.0,0.0,1.009969,0.7076617518844603,1.2409132162513732,0.0,0.32580984033966054,0.7555355469169616,1.2020922044696807,0.0,0.42855769791030873,0.46274942554855336
2019-04-25 10:45:00+00:00,2019-04-25 11:45:00+00:00,0.0,0.0,0.358989,0.2407518249526024,0.5649097707643509,0.0,0.0,0.0,0.5653325912132263,0.0,0.0,0.052062451519012454
2019-04-25 11:00:00+00:00,2019-04-25 12:00:00+00:00,0.0,0.0,0.138571,0.08634333153581619,0.34796189357852936,0.0,0.0,0.0,0.4650707899532318,0.0,0.0,0.26486187269306183
2019-04-25 11:15:00+00:00,2019-04-25 12:15:00+00:00,0.0,0.0,0.0,0.0,0.21652229130268097,0.0,0.0,0.0,0.31004613637924194,0.0,0.0,0.23936176300048828
2019-04-25 11:30:00+00:00,2019-04-25 12:30:00+00:00,0.0,0.0,0.0,0.0,0.23261956870555878,0.0,0.0,0.0,0.3198789954185486,0.0,0.0,0.34640464186668396
2019-04-25 11:45:00+00:00,2019-04-25 12:45:00+00:00,0.0,0.0,0.0,0.0,0.2332695871591568,0.0,0.0,0.0,0.29945656657218933,0.0,0.0,0.4106511175632477
2019-04-25 12:00:00+00:00,2019-04-25 13:00:00+00:00,0.0,0.0,0.0,0.0,0.20758631825447083,0.0,0.0,0.0,0.25825315713882446,0.0,0.0,0.41579297184944153
2019-04-25 12:15:00+00:00,2019-04-25 13:15:00+00:00,0.0,0.0,0.0,0.0,0.1942806839942932,0.0,0.0,0.0,0.0438692644238472,0.0,0.0,0.3495193421840668
2019-04-25 12:30:00+00:00,2019-04-25 13:30:00+00:00,0.0,0.0,0.0,0.0,0.23269742727279663,0.0,0.0,0.0,0.0931069552898407,0.0,0.0,0.38537418842315674
2019-04-25 12:45:00+00:00,2019-04-25 13:45:00+00:00,0.0,0.0,0.0,0.0,0.15644893050193787,0.0,0.0,0.0,0.039596665650606155,0.0,0.0,0.39092713594436646
2019-04-25 13:00:00+00:00,2019-04-25 14:00:00+00:00,0.0,0.0,0.0,0.0,0.2534531056880951,0.0,0.0,0.0,0.0,0.0,0.0,0.41471150517463684
2019-04-25 13:15:00+00:00,2019-04-25 14:15:00+00:00,0.0,0.0,0.0,0.0,0.2381202131509781,0.0,0.0,0.0,0.0,0.0,0.0,0.3818938434123993
2019-04-25 13:30:00+00:00,2019-04-25 14:30:00+00:00,0.0,0.0,0.0,0.0,0.22824354469776154,0.0,0.0,0.0,0.0,0.0,0.0,0.3276022970676422
2019-04-25 13:45:00+00:00,2019-04-25 14:45:00+00:00,0.0,0.0,0.0,0.0,0.17968779802322388,0.0,0.0,0.0,0.0,0.0,0.0,0.17482399940490723
2019-04-25 14:00:00+00:00,2019-04-25 15:00:00+00:00,0.0,0.0,0.0,0.0,0.2391846477985382,0.0,0.0,0.0,0.0,0.0,0.0,0.12353347986936569
2019-04-25 14:15:00+00:00,2019-04-25 15:15:00+00:00,0.0,0.0,0.0,0.0,0.21902042627334595,0.0,0.0,0.0,0.0,0.0,0.0,0.05892166495323181
2019-04-25 14:30:00+00:00,2019-04-25 15:30:00+00:00,0.0,0.0,0.0,0.0,0.26247477531433105,0.0,0.0,0.0,0.0,0.0,0.0,0.07603196054697037
2019-04-25 14:45:00+00:00,2019-04-25 15:45:00+00:00,0.0,0.0,0.0,0.025211883708834648,0.11640409380197525,0.0,0.0,0.0,0.0,0.0,0.0,0.007705178577452898
2019-04-25 15:00:00+00:00,2019-04-25 16:00:00+00:00,0.0,0.0,0.0,0.05402988940477371,0.09249506145715714,0.0,0.0,0.0,0.0,0.0,0.0,0.013852817937731743
2019-04-25 15:15:00+00:00,2019-04-25 16:15:00+00:00,0.0,0.0,0.0,0.09431902319192886,0.16317017376422882,0.0,0.0,0.0,0.0,0.0,0.0,0.01881713792681694
2019-04-25 15:30:00+00:00,2019-04-25 16:30:00+00:00,0.0,0.0,0.0,0.0,0.21423615515232086,0.0,0.0,0.0,0.0,0.0,0.0,0.1149434968829155
2019-04-25 15:45:00+00:00,2019-04-25 16:45:00+00:00,0.0,0.0,0.0,0.03458179160952568,0.14078213274478912,0.0,0.0,0.0,0.0,0.0,0.0,0.06655000895261765
2019-04-25 16:00:00+00:00,2019-04-25 17:00:00+00:00,0.0,0.0,0.0,0.07764656096696854,0.21681684255599976,0.0,0.0,0.0,0.0,0.0,0.0,0.01595105044543743
2019-04-25 16:15:00+00:00,2019-04-25 17:15:00+00:00,0.0,0.0,0.0,0.16422252357006073,0.2347046583890915,0.0,0.0,0.0,0.0,0.0,0.0,0.0
2019-04-25 16:30:00+00:00,2019-04-25 17:30:00+00:00,0.0,0.0,0.0,0.06859620660543442,0.343577116727829,0.0,0.0,0.0,0.0,0.0,0.0,0.04574408754706383
2019-04-25 16:45:00+00:00,2019-04-25 17:45:00+00:00,0.0,0.0,0.0,0.15188004076480865,0.3022882640361786,0.0,0.0,0.0,0.0,0.0,0.0,0.017091959714889526
2019-04-25 17:00:00+00:00,2019-04-25 18:00:00+00:00,0.0,0.0,0.0,0.2296939641237259,0.2667272388935089,0.0,0.0,0.0,0.0,0.0,0.0,0.0
2019-04-25 17:15:00+00:00,2019-04-25 18:15:00+00:00,0.0,0.0,0.0,0.08590822666883469,0.08149825781583786,0.0,0.0,0.0,0.0,0.0,0.0,0.0
2019-04-25 17:30:00+00:00,2019-04-25 18:30:00+00:00,0.0,0.0,0.0,0.0,0.202762633562088,0.0,0.0,0.0,0.0,0.0,0.0,0.03831784054636955
2019-04-25 17:45:00+00:00,2019-04-25 18:45:00+00:00,0.0,0.0,0.0,0.01786836050450802,0.18605732917785645,0.0043578422628343105,0.0,0.0,0.0,0.0,0.0,0.04652148857712746
2019-04-25 18:00:00+00:00,2019-04-25 19:00:00+00:00,0.0,0.0,0.0,0.016352485865354538,0.12764312326908112,0.0,0.0,0.0,0.0,0.0,0.0,0.13106480240821838
2019-04-25 18:15:00+00:00,2019-04-25 19:15:00+00:00,0.0,0.0,0.0,0.0073149842210114,0.1335265040397644,0.0,0.0,0.0,0.0,0.0,0.0,0.18333420157432556
2019-04-25 18:30:00+00:00,2019-04-25 19:30:00+00:00,0.0,0.0,0.0,0.033767737448215485,0.2688359320163727,0.174136221408844,0.0,0.0,0.0,0.0,0.0,0.3498186469078064
2019-04-25 18:45:00+00:00,2019-04-25 19:45:00+00:00,0.0,0.0,0.0,0.14424368739128113,0.3496745526790619,0.32980677485466003,0.0,0.0,0.0,0.0,0.0,0.4399991035461426
2019-04-25 19:00:00+00:00,2019-04-25 20:00:00+00:00,0.0,0.0,0.0,0.244365856051445,0.4257054924964905,0.39969247579574585,0.0,0.04003559798002243,0.060351982712745667,0.0,0.0,0.5112089514732361
2019-04-25 19:15:00+00:00,2019-04-25 20:15:00+00:00,0.0,0.0,0.0,0.3548932373523712,0.5337514281272888,0.5351278185844421,0.0690741166472435,0.2546290159225464,0.186714768409729,0.0,0.0994730144739151,0.6761676073074341
2019-04-25 19:30:00+00:00,2019-04-25 20:30:00+00:00,0.0,0.0,0.0,0.4629901349544525,0.4934069514274597,0.6028863787651062,0.009900671429932117,0.22567205131053925,0.27160418033599854,0.0,0.17573121190071106,0.7081602811813354
2019-04-25 19:45:00+00:00,2019-04-25 20:45:00+00:00,0.0,0.0,0.0,0.4664543569087982,0.5111686587333679,0.701577365398407,0.0,0.23002274334430695,0.4381415545940399,0.0,0.1917874962091446,0.813196063041687
2019-04-25 20:00:00+00:00,2019-04-25 21:00:00+00:00,0.0,0.0,0.0,0.653096616268158,0.6611530780792236,0.7824923396110535,0.14983324706554413,0.3827422857284546,0.5508401989936829,0.0,0.31652185320854187,0.9209767580032349
2019-04-25 20:15:00+00:00,2019-04-25 21:15:00+00:00,0.0,0.0,0.0,0.7691172361373901,0.7182528376579285,0.959822952747345,0.1945943385362625,0.42215216159820557,0.6886907815933228,0.0,0.3466586172580719,1.035189151763916
2019-04-25 20:30:00+00:00,2019-04-25 21:30:00+00:00,0.0,0.0,0.0,0.9544455409049988,0.6866277456283569,0.9997674226760864,0.1378115862607956,0.45275846123695374,0.7316822409629822,0.0,0.49010682106018066,1.0688127279281616
2019-04-25 20:45:00+00:00,2019-04-25 21:45:00+00:00,0.0,1.0,0.0,1.0337944030761719,0.7447834014892578,1.1593778133392334,0.179120734333992,0.5445813536643982,0.851626455783844,0.0,0.5532576441764832,1.1768262386322021
2019-04-25 21:00:00+00:00,2019-04-25 22:00:00+00:00,0.0,2.0,0.0,1.1619378328323364,0.8991918563842773,1.3893089294433594,0.30776602029800415,0.6512511372566223,1.0091004371643066,0.0,0.5583423972129822,1.3401241302490234
2019-04-25 21:15:00+00:00,2019-04-25 22:15:00+00:00,0.0778679999999999,3.0,0.0,1.4127079248428345,1.1013063192367554,1.5885897874832153,0.40091797709465027,0.8404045104980469,1.0865483283996582,0.0,0.7839930057525635,1.4450088739395142
2019-04-25 21:30:00+00:00,2019-04-25 22:30:00+00:00,0.04784,5.0,0.0,1.5721701383590698,1.1576706171035767,1.7948700189590454,0.44169881939888,0.8823464512825012,1.181069254875183,0.0,0.7823119163513184,1.5544875860214233
2019-04-25 21:45:00+00:00,2019-04-25 22:45:00+00:00,0.233673,9.0,0.0,1.7943254709243774,1.3577988147735596,1.974611759185791,0.5571005344390869,1.0450458526611328,1.3051782846450806,0.0,0.9577633738517761,1.6978501081466675
2019-04-25 22:00:00+00:00,2019-04-25 23:00:00+00:00,0.267121,10.0,0.0,1.8654857873916626,1.3258172273635864,2.228585958480835,0.4679923951625824,1.0431225299835205,1.2605453729629517,0.0,0.8722728490829468,1.6426143646240234
2019-04-25 22:15:00+00:00,2019-04-25 23:15:00+00:00,0.430568,14.0,0.0778679999999999,1.9564325961761473,1.4819437417678831,2.4948728236846924,0.5638109597854614,1.1913671645812987,1.3972687873535155,0.0,0.9969223293952941,1.777228966682434
2019-04-25 22:30:00+00:00,2019-04-25 23:30:00+00:00,0.741699,20.0,0.04784,2.15896380027771,1.6954782017135621,2.673389554824829,0.6937953241729736,1.3632273682022096,1.46773004611969,0.0,1.1238622673416139,1.8477202661895753
2019-04-25 22:45:00+00:00,2019-04-25 23:45:00+00:00,0.625092,21.0,0.233673,2.5723370548706055,2.0138770576934815,3.175954484603882,0.9173255797843933,1.596502089164734,1.7557142015914917,0.0,1.3231028553466797,2.119288587234497
2019-04-25 23:00:00+00:00,2019-04-26 00:00:00+00:00,0.8460700000000001,26.0,0.267121,2.8429602810821533,2.2442409226379394,3.4926990696868896,1.090475423046112,1.7675115296325683,1.8807865807495117,0.05297614426231384,1.4146054217300414,2.2040962407073974
2019-04-25 23:15:00+00:00,2019-04-26 00:15:00+00:00,1.544293,42.0,0.430568,3.3887596332244874,2.719519873779297,3.9946446620635987,1.4892220699005128,2.152695079963684,2.180030962150574,0.3561439343504906,1.7229467832260132,2.48715021244812
2019-04-25 23:30:00+00:00,2019-04-26 00:30:00+00:00,8.490561999999999,220.0,0.741699,4.089648504852295,3.1705491739501954,4.717853565811157,1.9070933061828614,2.508700509666443,2.5702691274871827,0.7315823027109504,2.0606948333969117,2.834617872833252
2019-04-25 23:45:00+00:00,2019-04-26 00:45:00+00:00,6.868641,189.0,0.625092,4.1386043729705815,3.144914120666504,4.841616124145508,1.8408798875732422,2.3948465289993286,2.523824304573059,0.6704553926808834,1.9672144355697632,2.749739617340088
2019-04-26 00:00:00+00:00,2019-04-26 01:00:00+00:00,5.531531,135.0,0.8460700000000001,4.640599438018799,3.6058155978393556,5.352476307220459,2.3402779782485963,2.847811647720337,2.8815719569396974,1.0793252373409272,2.4457113230895997,3.019275614089966
2019-04-26 00:15:00+00:00,2019-04-26 01:15:00+00:00,6.247719,152.0,1.544293,5.678793503540039,4.328320576446533,6.359932019012451,3.130129291313171,3.5219597356491086,3.6928544776611325,1.8309980766944884,3.0630253093414304,3.7293740050964352
2019-04-26 00:30:00+00:00,2019-04-26 01:30:00+00:00,9.177656,241.0,8.490561999999999,13.761139430725096,12.350539722167968,14.231641807281493,10.936226405822753,11.070303477966307,11.48299578639221,9.197184421741484,10.026683010780333,11.074323692047118
2019-04-26 00:45:00+00:00,2019-04-26 01:45:00+00:00,9.933001,261.0,6.868641,12.126209359375,11.067980866638184,12.367159943786621,9.734418254104614,9.691691022125244,10.13059077760315,7.72821895381546,8.38925776979065,9.560433964935303
2019-04-26 01:00:00+00:00,2019-04-26 02:00:00+00:00,11.75234,277.0,5.531531,10.948352479797364,9.888627672058107,11.136716508728028,8.634466314178468,8.57231082902527,8.93451991067505,6.55642547593689,7.547207259994507,8.36329164491272
2019-04-26 01:15:00+00:00,2019-04-26 02:15:00+00:00,7.859907000000001,224.0,6.247719,11.703756998199463,10.637819002288818,11.552663515228272,9.445922325271606,9.421472261566162,9.579154918807983,7.367726276535034,8.423141430038452,8.911968897003174
2019-04-26 01:30:00+00:00,2019-04-26 02:30:00+00:00,4.732766000000001,139.0,9.177656,14.51037198815918,13.907483404022217,14.044183557373048,12.792450969558717,12.77472049508667,12.755112712722779,10.475906079154969,11.53222281251526,11.95294863496399
2019-04-26 01:45:00+00:00,2019-04-26 02:45:00+00:00,4.0034529999999995,118.0,9.933001,15.343681770874024,14.771904903961182,14.23094030053711,13.7015876355896,13.637840944839478,13.54438229234314,11.3745350423584,12.340284067703248,12.690589386535645
2019-04-26 02:00:00+00:00,2019-04-26 03:00:00+00:00,4.6585,115.0,11.75234,16.27619950088501,16.32164446624756,15.401968162384033,15.399249952163697,15.492442529525757,15.547512214508057,13.061118166770935,14.137833516921997,14.592019002761841
2019-04-26 02:15:00+00:00,2019-04-26 03:15:00+00:00,6.772063,164.0,7.859907000000001,12.717770903045654,12.108695356781006,11.334761707717895,11.415119497711181,11.402969686920166,11.419987766677856,9.08081421130371,10.18024620288086,10.467797844345093
2019-04-26 02:30:00+00:00,2019-04-26 03:30:00+00:00,13.00403,339.0,4.732766000000001,9.851526585784914,8.584075537887575,8.63153823968506,8.128807870117189,8.139104453292848,8.23284062501526,5.806452718940736,7.253059235778809,7.243445721832276
2019-04-26 02:45:00+00:00,2019-04-26 03:45:00+00:00,14.53069,412.0,4.0034529999999995,8.955490811279297,7.604733689239501,8.03541682522583,7.264933093002319,7.303597672393798,7.344195349624633,5.0233881310729975,6.7148060635833735,6.340364916732788
2019-04-26 03:00:00+00:00,2019-04-26 04:00:00+00:00,10.88303,298.0,4.6585,9.182946964263916,7.995382591247559,8.425350709915161,7.546424194335938,7.552087589263916,7.640456481933594,5.633766098976135,7.051033779144287,6.456393166542053
2019-04-26 03:15:00+00:00,2019-04-26 04:15:00+00:00,12.81437,327.0,6.772063,10.87950061062622,10.057348711288451,10.1814548800354,9.602790100372314,9.635138494766235,9.720128280914306,7.818547112739563,9.017846567428588,8.442542297637939
2019-04-26 03:30:00+00:00,2019-04-26 04:30:00+00:00,14.53244,430.0,13.00403,14.981857548980713,16.109249841003418,15.1239190209198,15.840843926696778,16.143568764953613,16.287746917037964,14.243445526390076,15.049318801193238,15.013878833084107
2019-04-26 03:45:00+00:00,2019-04-26 04:45:00+00:00,26.36331,789.0,14.53069,14.480669405850172,17.238933131637573,15.374915227832794,17.050013587417602,17.479352042617798,17.726159856262207,15.8751564478302,16.149217054786682,16.57255463356018
2019-04-26 04:00:00+00:00,2019-04-26 05:00:00+00:00,31.9305,1008.0,10.88303,11.894025864868164,13.171045365600586,11.534838381080627,13.222253623275757,13.444090905456543,13.588615241317749,12.00408631828308,12.301750960617065,12.641950907974243
2019-04-26 04:15:00+00:00,2019-04-26 05:15:00+00:00,19.035629,453.0,12.81437,12.907336005206108,14.613520228500366,12.925809920961857,14.670815670127869,14.775808298225403,14.892378890151978,13.598185860748291,13.868822419281006,14.212123715515137
2019-04-26 04:30:00+00:00,2019-04-26 05:30:00+00:00,20.88669,335.0,14.53244,13.069528513374328,15.75204186958313,13.797499828758239,15.633958392562866,15.900206857147216,16.078421764793397,15.02325116914749,15.162218802394866,15.752683453979492
2019-04-26 04:45:00+00:00,2019-04-26 05:45:00+00:00,14.86625,416.0,26.36331,20.563328405914305,26.482668755648135,23.61631335884094,25.890924325284956,26.608513360915182,27.233258387145995,26.04908441573143,25.526637693939207,27.214388152656554
2019-04-26 05:00:00+00:00,2019-04-26 06:00:00+00:00,11.59244,362.0,31.9305,26.262869804382323,31.07439234781265,28.056946962356566,30.210344760894774,31.25374308156967,31.71701575744152,30.35848912525177,29.92923900413513,31.83252061831951
2019-04-26 05:15:00+00:00,2019-04-26 06:15:00+00:00,6.711360000000001,187.0,19.035629,16.775759424499512,17.79814418726349,15.704896892837525,17.714768137268067,17.94889232092285,18.44886907511139,17.63563665323639,16.896855081848145,18.7250823932209
2019-04-26 05:30:00+00:00,2019-04-26 06:30:00+00:00,6.987641,169.0,20.88669,19.418091157379152,19.797086814346315,18.280753711166383,19.98518798679352,19.816599348487856,20.50079376429558,19.734361151161195,19.311628678741457,20.82165856838465
2019-04-26 05:45:00+00:00,2019-04-26 06:45:00+00:00,20.19281,343.0,14.86625,13.16855987071991,13.474094829559327,12.486085376739503,13.780714354515077,13.672452292442323,13.993084988594056,13.514011583328248,12.967521271705628,14.434456757307053
2019-04-26 06:00:00+00:00,2019-04-26 07:00:00+00:00,23.827129,711.0,11.59244,10.290179601135254,9.968219628753662,9.396218171539306,10.440830340805054,10.336460700454712,10.34956788105011,10.152645101966858,9.671852937164306,10.977881601276398
2019-04-26 06:15:00+00:00,2019-04-26 07:15:00+00:00,14.44406,297.0,6.711360000000001,7.344424150810243,5.61007644973755,5.530529282913209,6.1207799538230905,5.626760624275208,5.1362306102371225,5.45621993385315,5.260940693244935,5.736336611137391
2019-04-26 06:30:00+00:00,2019-04-26 07:30:00+00:00,18.905689,653.0,6.987641,7.348733060804367,6.279532276836395,6.155741833892822,6.5278246931705475,5.937601231781006,5.292683386054993,5.840864443031311,5.7645597688827515,5.7772245638046265
2019-04-26 06:45:00+00:00,2019-04-26 07:45:00+00:00,11.41897,280.0,20.19281,16.50044077735901,18.565701902923585,17.38197440010071,18.413613141593935,18.35575062137604,17.99997681480408,18.296622575340272,17.686021507797243,18.620986760673524
2019-04-26 07:00:00+00:00,2019-04-26 08:00:00+00:00,14.0,493.0,23.827129,18.0304924185791,21.17059504347229,19.485686415008544,20.523125284484863,20.822841041854858,20.801447504333495,20.88166724996948,19.94919406729126,21.40424787359619
2019-04-26 07:15:00+00:00,2019-04-26 08:15:00+00:00,13.92781,365.0,14.44406,10.962313803253174,11.941800030288697,10.632492216644287,11.589483412322998,11.626830252227784,11.675942572174073,11.9858559690094,10.945828827438355,12.191404017028809
2019-04-26 07:30:00+00:00,2019-04-26 08:30:00+00:00,9.508844,251.0,18.905689,13.050496815551757,16.132205008377074,14.487920521606444,15.361239432205199,15.99602866064453,16.144205569137572,16.242213963378905,15.261157034744262,16.635930775512694
2019-04-26 07:45:00+00:00,2019-04-26 08:45:00+00:00,10.04456,295.0,11.41897,7.793954502792358,8.99832905456543,7.60730065032959,8.42310703918457,8.924540650100708,8.957487713546753,9.26962221786499,8.404380690307617,9.375762831420898
2019-04-26 08:00:00+00:00,2019-04-26 09:00:00+00:00,7.587344,203.0,14.0,8.959981918334961,11.02321720123291,9.431972980499268,10.392338514328003,10.879456043243408,10.924769163131714,11.119928121566772,9.920465469360352,11.265151500701904
2019-04-26 08:15:00+00:00,2019-04-26 09:15:00+00:00,6.600672,173.0,13.92781,9.351347254333495,10.920940683898925,9.51150207382202,10.394397781906127,10.832348869857787,10.873569057998656,10.83203248840332,9.884596155700683,11.028216408309936
2019-04-26 08:30:00+00:00,2019-04-26 09:30:00+00:00,3.375586,92.0,9.508844,5.8284514962615965,6.942578655380249,5.824071270126343,6.520178657669067,7.111506324905395,7.111149650711059,6.987937790054321,6.357377630371094,6.972806078094482
2019-04-26 08:45:00+00:00,2019-04-26 09:45:00+00:00,4.856469000000001,127.0,10.04456,5.670887991485596,7.583373829421998,6.156260534820557,7.020601793823243,7.588804766235352,7.539961620864869,7.2050445523834235,6.6099613156890875,7.235117003021241
2019-04-26 09:00:00+00:00,2019-04-26 10:00:00+00:00,3.3511949999999997,93.0,7.587344,4.171263763565063,5.640405246871948,4.432018825668335,5.14756447996521,5.810719082015991,6.044774839538574,5.435348817962646,5.087371656555176,5.399133751052856
2019-04-26 09:15:00+00:00,2019-04-26 10:15:00+00:00,1.992703,57.0,6.600672,2.9543588095397952,4.992480032989502,3.631069415161133,4.562996857711792,5.262734406539917,5.521134489128113,4.410769455978394,4.345064633438111,4.6374180250854495
2019-04-26 09:30:00+00:00,2019-04-26 10:30:00+00:00,1.11516,33.0,3.375586,0.5360090403900148,2.294409003768921,1.0222537188873293,1.6714232831344606,2.5154527097091677,2.686293688331604,1.401747074638367,1.5637727647171022,1.570151534591675
2019-04-26 09:45:00+00:00,2019-04-26 10:45:00+00:00,0.560451,16.0,4.856469000000001,2.0536077863159186,4.027308190483094,2.641992891448975,3.513080561775208,4.395545983928681,4.651365677136422,3.241131508964539,3.2650574094238287,3.2054847127380377
2019-04-26 10:00:00+00:00,2019-04-26 11:00:00+00:00,0.246148,6.0,3.3511949999999997,0.47449316818237275,2.7202950938415524,1.1156486495208737,2.165630243606567,3.097354791946411,3.2656555845212933,1.734347365684509,1.8272299988937375,1.5934446080398557
2019-04-26 10:15:00+00:00,2019-04-26 11:15:00+00:00,0.0,0.0,1.992703,0.0,1.6532586905269622,0.013043085029601942,1.195455113342285,1.9895756483639329,2.064220780423164,0.5592426451950072,0.7370275649337767,0.3786183985977172
2019-04-26 10:30:00+00:00,2019-04-26 11:30:00+00:00,0.0,0.0,1.11516,0.0,1.0594398607051372,0.0,0.4659840580558776,1.0835903775429725,1.1916172769403457,0.0,0.09538341728210442,0.0
2019-04-26 10:45:00+00:00,2019-04-26 11:45:00+00:00,0.005832,0.0,0.560451,0.0,0.813739209438324,0.0,0.013152091766357454,0.597036982888937,0.5805757874647379,0.0,0.0,0.0
2019-04-26 11:00:00+00:00,2019-04-26 12:00:00+00:00,0.0,0.0,0.246148,0.0,0.6137091913204193,0.0,0.0,0.195199633477211,0.2949020625035763,0.0,0.0,0.0
2019-04-26 11:15:00+00:00,2019-04-26 12:15:00+00:00,0.0,0.0,0.0,0.0,0.4358963966369629,0.0,0.0,0.0,0.0,0.0,0.0,0.0
2019-04-26 11:30:00+00:00,2019-04-26 12:30:00+00:00,0.0,0.0,0.0,0.0,0.49890726804733276,0.0,0.0,0.0,0.0,0.0,0.0,0.0
2019-04-26 11:45:00+00:00,2019-04-26 12:45:00+00:00,0.0,0.0,0.005832,0.0,0.48402051470947266,0.0,0.0,0.0,0.0,0.0,0.0,0.0
2019-04-26 12:00:00+00:00,2019-04-26 13:00:00+00:00,0.0,0.0,0.0,0.0,0.5028131008148193,0.0,0.0,0.0,0.0,0.0,0.0,0.0
2019-04-26 12:15:00+00:00,2019-04-26 13:15:00+00:00,0.0,0.0,0.0,0.0,0.5165245532989502,0.0,0.0,0.0,0.0,0.0,0.0,0.12557777762413025
2019-04-26 12:30:00+00:00,2019-04-26 13:30:00+00:00,0.0,0.0,0.0,0.0,0.5564767718315125,0.0,0.0,0.0,0.0,0.0,0.0,0.24910345673561096
2019-04-26 12:45:00+00:00,2019-04-26 13:45:00+00:00,0.0,0.0,0.0,0.0,0.5411715507507324,0.0,0.0,0.0,0.0,0.0,0.0,0.28963810205459595
2019-04-26 13:00:00+00:00,2019-04-26 14:00:00+00:00,0.0,0.0,0.0,0.0,0.5293512940406799,0.0,0.0,0.0,0.0,0.0,0.0,0.47764500975608826
2019-04-26 13:15:00+00:00,2019-04-26 14:15:00+00:00,0.0,0.0,0.0,0.0,0.5087462663650513,0.0,0.0,0.0,0.0,0.0,0.0,0.5542265176773071
2019-04-26 13:30:00+00:00,2019-04-26 14:30:00+00:00,0.0,0.0,0.0,0.0,0.5042738914489746,0.0,0.0,0.0,0.0,0.0,0.0,0.5790442228317261
2019-04-26 13:45:00+00:00,2019-04-26 14:45:00+00:00,0.0,0.0,0.0,0.0,0.44991403818130493,0.0,0.0,0.0,0.0,0.0,0.0,0.5750248432159424
2019-04-26 14:00:00+00:00,2019-04-26 15:00:00+00:00,0.0,0.0,0.0,0.0,0.4179072082042694,0.0,0.0,0.0,0.0,0.0,0.0,0.6911326050758362
2019-04-26 14:15:00+00:00,2019-04-26 15:15:00+00:00,0.0,0.0,0.0,0.0,0.419091135263443,0.0,0.0,0.0,0.0,0.0,0.0,0.7615960836410522
2019-04-26 14:30:00+00:00,2019-04-26 15:30:00+00:00,0.0,0.0,0.0,0.032491534948349,0.38613131642341614,0.0,0.0,0.0,0.0,0.0,0.0,0.7875213027000427
2019-04-26 14:45:00+00:00,2019-04-26 15:45:00+00:00,0.0,0.0,0.0,0.0694766640663147,0.3809143304824829,0.0,0.0,0.0,0.0,0.0,0.0,0.8195882439613342
2019-04-26 15:00:00+00:00,2019-04-26 16:00:00+00:00,0.0,0.0,0.0,0.12856152653694153,0.4388045370578766,0.0,0.0,0.0,0.0,0.0,0.0,0.9306092858314514
2019-04-26 15:15:00+00:00,2019-04-26 16:15:00+00:00,0.0,0.0,0.0,0.19447068870067596,0.4016548991203308,0.0,0.0,0.0,0.0,0.0,0.0,0.986672580242157
2019-04-26 15:30:00+00:00,2019-04-26 16:30:00+00:00,0.0,0.0,0.0,0.2103857845067978,0.4173271656036377,0.0,0.0,0.0,0.0,0.0,0.0,1.0409832000732422
2019-04-26 15:45:00+00:00,2019-04-26 16:45:00+00:00,0.0,0.0,0.0,0.2211543172597885,0.42516326904296875,0.0,0.0,0.0,0.0,0.0,0.0,1.0613079071044922
2019-04-26 16:00:00+00:00,2019-04-26 17:00:00+00:00,0.0,0.0,0.0,0.22707423567771912,0.41431042551994324,0.0,0.0,0.0,0.0,0.0,0.03049996867775917,0.9964566230773926
2019-04-26 16:15:00+00:00,2019-04-26 17:15:00+00:00,0.0,0.0,0.0,0.13922154903411865,0.3371333181858063,0.0,0.0,0.0,0.0,0.0,0.0,1.0540728569030762
2019-04-26 16:30:00+00:00,2019-04-26 17:30:00+00:00,0.0,0.0,0.0,0.10717272758483887,0.34289824962615967,0.0,0.0,0.0,0.0,0.0,0.03644292429089546,1.102885127067566
2019-04-26 16:45:00+00:00,2019-04-26 17:45:00+00:00,0.0,0.0,0.0,0.0,0.2847069501876831,0.0,0.0,0.0,0.2261727899312973,0.0,0.01473219133913517,1.2482309341430664
2019-04-26 17:00:00+00:00,2019-04-26 18:00:00+00:00,0.0,0.0,0.0,0.045965634286403656,0.29518330097198486,0.0,0.0,0.0,0.11414933949708939,0.0,0.18089912831783295,1.1637184619903564
2019-04-26 17:15:00+00:00,2019-04-26 18:15:00+00:00,0.0,0.0,0.0,0.0,0.32026565074920654,0.0,0.0,0.0,0.3532804548740387,0.0,0.12153016030788422,1.2917910814285278
2019-04-26 17:30:00+00:00,2019-04-26 18:30:00+00:00,0.0,0.0,0.0,0.0,0.4750171899795532,0.036919739097356796,0.0,0.0,0.38815680146217346,0.0,0.08169982582330704,1.3817919492721558
2019-04-26 17:45:00+00:00,2019-04-26 18:45:00+00:00,0.0,0.0,0.0,0.24011898040771484,0.3940243721008301,0.20965148508548737,0.0,0.0,0.17530617117881775,0.0,0.31287771463394165,1.243790626525879
2019-04-26 18:00:00+00:00,2019-04-26 19:00:00+00:00,0.0,0.0,0.0,0.4091617166996002,0.4957296550273895,0.42474302649497986,0.0,0.11395897716283798,0.0801348015666008,0.0,0.3691287934780121,1.063378930091858
2019-04-26 18:15:00+00:00,2019-04-26 19:15:00+00:00,0.0,0.0,0.0,0.5212209820747375,0.5540010929107666,0.5838337540626526,0.0,0.14616309106349945,0.06630756705999374,0.0,0.38060086965560913,0.9565257430076599
2019-04-26 18:30:00+00:00,2019-04-26 19:30:00+00:00,0.0,0.0,0.0,0.5451719760894775,0.6004602909088135,0.6924497485160828,0.0,0.13493981957435608,0.11369957029819489,0.0,0.3923196494579315,0.9120489358901978
2019-04-26 18:45:00+00:00,2019-04-26 19:45:00+00:00,0.0,0.0,0.0,0.6379785537719727,0.6148063540458679,0.7035253047943115,0.0,0.3349111080169678,0.13187484443187714,0.0,0.5197064280509949,0.9196422100067139
2019-04-26 19:00:00+00:00,2019-04-26 20:00:00+00:00,0.0,0.0,0.0,0.6643879413604736,0.6268559694290161,0.805061936378479,0.0,0.23045380413532257,0.12611494958400726,0.0,0.5084336400032043,0.8822306394577026
2019-04-26 19:15:00+00:00,2019-04-26 20:15:00+00:00,0.0,0.0,0.0,0.6823605298995972,0.6696609258651733,0.8798885941505432,0.0,0.24358844757080078,0.18103483319282532,0.037396952509880066,0.5540893077850342,0.8979816436767578
2019-04-26 19:30:00+00:00,2019-04-26 20:30:00+00:00,0.0,0.0,0.0,0.7796498537063599,0.6803855299949646,0.9266279339790344,0.0,0.2881566286087036,0.2421395480632782,0.05281532555818558,0.6225484609603882,0.9324917793273926
2019-04-26 19:45:00+00:00,2019-04-26 20:45:00+00:00,0.0,0.0,0.0,0.7658655047416687,0.8084920048713684,1.0496445894241333,0.10590476542711258,0.4447304904460907,0.4125960171222687,0.24235837161540985,0.6295986175537109,1.1236828565597534
2019-04-26 20:00:00+00:00,2019-04-26 21:00:00+00:00,0.0,0.0,0.0,1.0265707969665527,0.8522002100944519,1.1455060243606567,0.1540360301733017,0.48134252429008484,0.45187947154045105,0.2227235734462738,0.7472450137138367,1.1072219610214233
2019-04-26 20:15:00+00:00,2019-04-26 21:15:00+00:00,0.006742,0.0,0.0,1.096531629562378,0.9623117446899414,1.269951343536377,0.24464811384677887,0.6272096633911133,0.5868459343910217,0.31157103180885315,0.7836921811103821,1.2430236339569092
2019-04-26 20:30:00+00:00,2019-04-26 21:30:00+00:00,0.0,0.0,0.0,1.2673325538635254,0.9580294489860535,1.3853901624679565,0.22910265624523163,0.5942693948745728,0.6564383506774902,0.23488038778305054,0.8366943001747131,1.1992175579071045
2019-04-26 20:45:00+00:00,2019-04-26 21:45:00+00:00,0.0,0.0,0.0,1.328253984451294,0.9249183535575867,1.4209790229797363,0.15099643170833588,0.6254204511642456,0.737086296081543,0.2144967019557953,0.9034302830696106,1.204467535018921
2019-04-26 21:00:00+00:00,2019-04-26 22:00:00+00:00,0.0,1.0,0.0,1.47317373752594,1.1383167505264282,1.604688048362732,0.3066962957382202,0.9558045268058777,0.8424897193908691,0.3842841684818268,1.081354022026062,1.3378686904907227
2019-04-26 21:15:00+00:00,2019-04-26 22:15:00+00:00,0.0,1.0,0.006742,1.5031458133621216,1.264108180419922,1.8105556959075928,0.4237456911964417,1.0723674291534424,0.9868917459411621,0.47942173423004153,1.1045653814239502,1.49480831565094
2019-04-26 21:30:00+00:00,2019-04-26 22:30:00+00:00,0.020143,2.0,0.0,1.6730995178222656,1.433167815208435,1.9725061655044556,0.5419517159461975,1.2321288585662842,1.1472077369689941,0.5900830030441284,1.1465173959732056,1.6419203281402588
2019-04-26 21:45:00+00:00,2019-04-26 22:45:00+00:00,0.016607,3.0,0.0,1.7840017080307007,1.3989932537078857,2.2160165309906006,0.571927547454834,1.2308188676834106,1.2310065031051636,0.5598143935203552,1.160918116569519,1.6810743808746338
2019-04-26 22:00:00+00:00,2019-04-26 23:00:00+00:00,0.0,2.0,0.0,2.0335311889648438,1.7831923961639404,2.276671886444092,0.7813223600387573,1.5145591497421265,1.3758585453033447,0.6353309750556946,1.2586392164230347,1.7818444967269897
2019-04-26 22:15:00+00:00,2019-04-26 23:15:00+00:00,0.0,3.0,0.0,2.0207672119140625,1.9453727006912231,2.459242343902588,0.8250730633735657,1.5475528240203857,1.6066455841064453,0.724108099937439,1.2464795112609863,2.0442147254943848
2019-04-26 22:30:00+00:00,2019-04-26 23:30:00+00:00,0.0526639999999999,4.0,0.020143,2.2807271159820557,1.9746279395751953,2.7874593414001465,0.9042076743774414,1.6300866283111572,1.6356299794845581,0.6784212864570618,1.3239410794906616,2.0152479089431763
2019-04-26 22:45:00+00:00,2019-04-26 23:45:00+00:00,0.115596,6.0,0.016607,2.504273130065918,2.260585261947632,2.921032382614136,1.0759063497848511,1.85071082270813,1.7826056019134522,0.7478065625495911,1.4444663063354493,2.126641704208374
2019-04-26 23:00:00+00:00,2019-04-27 00:00:00+00:00,0.2641469999999999,9.0,0.0,2.6221532821655273,2.2861533164978027,3.1763367652893066,1.115264892578125,1.8787211179733276,1.8141801357269287,0.6057447195053101,1.3903136253356934,2.1497011184692383
2019-04-26 23:15:00+00:00,2019-04-27 00:15:00+00:00,0.3448179999999999,11.0,0.0,2.8709568977355957,2.51847767829895,3.322293996810913,1.2512118816375732,2.05780029296875,1.8806782960891724,0.616297721862793,1.4734349250793457,2.1737518310546875
2019-04-26 23:30:00+00:00,2019-04-27 00:30:00+00:00,0.468152,15.0,0.0526639999999999,2.951523739303589,2.560666519607544,3.6319264950408936,1.3277113022460936,2.082200485671997,2.0077353300704956,0.6521374168052673,1.5019802631988524,2.2849056305541993
2019-04-26 23:45:00+00:00,2019-04-27 00:45:00+00:00,0.603641,19.0,0.115596,3.2057315743408203,2.774747315689087,3.8375496304473877,1.5039245522460938,2.254807416244507,2.1712707913360596,0.7627484238586426,1.6586243546447754,2.426518622680664
2019-04-27 00:00:00+00:00,2019-04-27 01:00:00+00:00,0.724596,21.0,0.2641469999999999,3.5244721934051513,3.0538706347198485,4.213190035507202,1.7534548804016112,2.508388952896118,2.4104830786437987,0.8895200058670043,1.8580477997512816,2.6324162050933837
2019-04-27 00:15:00+00:00,2019-04-27 01:15:00+00:00,0.502988,18.0,0.3448179999999999,3.7081595699005128,3.1003617088012696,4.498682860534668,1.8569957057647704,2.5722786227874757,2.5066791812591553,0.943324987094879,1.9179164210968016,2.7133110801391602
2019-04-27 00:30:00+00:00,2019-04-27 01:30:00+00:00,0.591555,18.0,0.468152,3.919849587966919,3.1406247153778075,4.818905784179687,1.7715316548843383,2.5129315391082763,2.680758430053711,1.0168282523651122,1.9954518809814452,2.9548522964019774
2019-04-27 00:45:00+00:00,2019-04-27 01:45:00+00:00,0.59202,19.0,0.603641,4.011824574676513,3.3144263889465333,5.132901635375976,1.859309044090271,2.6031846668395997,2.886791911331177,1.2254639532241822,2.1515270139846803,3.1731137897644044
2019-04-27 01:00:00+00:00,2019-04-27 02:00:00+00:00,0.750518,23.0,0.724596,4.268589949890137,3.605645156188965,5.443410373016357,2.152522778793335,2.812404609008789,3.0528256657562256,1.4930313590011597,2.313562131210327,3.2315153840026856
2019-04-27 01:15:00+00:00,2019-04-27 02:15:00+00:00,1.4980000000000002,41.0,0.502988,4.129857678497315,3.3770357561950686,5.274798531616211,1.970444579208374,2.593946118438721,2.8202122641448977,1.2831572485809326,2.085460920417786,2.962938923919678
2019-04-27 01:30:00+00:00,2019-04-27 02:30:00+00:00,1.37416,39.0,0.591555,4.337689519577026,3.452826381378174,5.394229770355224,2.131984472923279,2.7086526161956788,2.905305743865967,1.3917685157585145,2.2019940621185303,2.993769050292969
2019-04-27 01:45:00+00:00,2019-04-27 02:45:00+00:00,1.641309,49.0,0.59202,4.373841250915527,3.3652548442077634,5.461595500488281,2.045114363212585,2.5812362084579465,2.9708032260131834,1.359548772354126,2.142079080123901,3.0481114039611814
2019-04-27 02:00:00+00:00,2019-04-27 03:00:00+00:00,1.731871,50.0,0.750518,4.615785753601074,3.8024136184387207,5.661278402679443,2.4799808620147705,3.0459882377319336,3.472643768661499,1.9276206849746704,2.713464057319641,3.682583010070801
2019-04-27 02:15:00+00:00,2019-04-27 03:15:00+00:00,2.198984,53.0,1.4980000000000002,5.882438037872315,4.7572098712921145,6.650841567993164,3.571685169219971,4.106467340469361,4.3410488109588625,2.8533140163421633,3.575110528945923,4.45356378364563
2019-04-27 02:30:00+00:00,2019-04-27 03:30:00+00:00,3.393305,84.0,1.37416,5.955880352172851,4.529308029327392,6.4548665963745115,3.511733719024658,4.01453561416626,4.107350059661865,2.597089000854492,3.3886475049591063,4.1200909101104735
2019-04-27 02:45:00+00:00,2019-04-27 03:45:00+00:00,3.337086,83.0,1.641309,6.401861406311035,4.923642135604858,6.744566656097412,3.9501487979736325,4.440462327941894,4.346237874969482,2.87704000566864,3.744605041488647,4.198037839874267
2019-04-27 03:00:00+00:00,2019-04-27 04:00:00+00:00,3.609266,88.0,1.731871,6.569632878967285,5.1564327389678954,6.880427709289551,4.201470962234497,4.712741962142944,4.494742503829956,3.061716070838928,4.07145988053894,4.204069247909546
2019-04-27 03:15:00+00:00,2019-04-27 04:15:00+00:00,3.975235,108.0,2.198984,6.7213467090454095,5.295834872039794,6.974073740753173,4.60538515737915,5.038505646499633,4.950035425933837,3.4582359521713255,4.379314276489257,4.642718645843505
2019-04-27 03:30:00+00:00,2019-04-27 04:30:00+00:00,3.829875,112.0,3.393305,7.969545539550781,6.754241164855957,8.21637743347168,6.141450341873169,6.455724176101684,6.305469211273193,4.8461334072875974,5.869095739059448,5.786104854278564
2019-04-27 03:45:00+00:00,2019-04-27 04:45:00+00:00,6.132329,129.0,3.337086,7.871042527709961,6.7763708014831545,8.049465932403564,6.161219396148682,6.403401889358521,6.380332269226074,4.812357582603455,5.883137263809204,5.877122916732788
2019-04-27 04:00:00+00:00,2019-04-27 05:00:00+00:00,5.949781,146.0,3.609266,7.869845586029053,6.919820027557373,7.7953450252685546,6.374401049819946,6.5885459949645995,6.61612315675354,5.008578734603882,6.06418486138916,5.9590835144195555
2019-04-27 04:15:00+00:00,2019-04-27 05:15:00+00:00,8.064,196.0,3.975235,7.733378663406372,6.885731950149536,7.39246846710205,6.598633303985595,6.802542224273681,6.826932206497192,5.1458431628799435,6.187617316589355,5.825591578826904
2019-04-27 04:30:00+00:00,2019-04-27 05:30:00+00:00,5.7309220000000005,152.0,3.829875,7.257260568618774,6.573429830551147,6.821663625717163,6.450359590530395,6.69086862373352,6.716363914489746,5.024785407066345,5.996164091110229,5.6103280858993525
2019-04-27 04:45:00+00:00,2019-04-27 05:45:00+00:00,7.988313000000001,199.0,6.132329,8.435196889404297,8.746596349243164,8.550496352676392,8.357645524505616,8.58167530393982,9.23942447996521,7.025026274684906,7.963809503082276,8.28390337324524
2019-04-27 05:00:00+00:00,2019-04-27 06:00:00+00:00,7.7,188.0,5.949781,8.165489017349243,8.4636490934906,7.98182707963562,8.340656101089477,8.586774885040283,9.100356637817383,7.084055125099182,8.031916677337646,7.977207242828369
2019-04-27 05:15:00+00:00,2019-04-27 06:15:00+00:00,9.01425,220.0,8.064,9.366458763122559,10.437636484146118,9.273751963615418,10.402867664337158,10.836450685501099,11.299083103179932,9.16977666759491,9.948889602661133,9.825583805084229
2019-04-27 05:30:00+00:00,2019-04-27 06:30:00+00:00,4.706625,122.0,5.7309220000000005,6.591087596008301,7.529493228981019,6.385163085052491,7.789856688568116,8.192618624755859,8.701563374588012,6.418516175338746,7.279503004142762,7.200055257865906
2019-04-27 05:45:00+00:00,2019-04-27 06:45:00+00:00,2.789773,72.0,7.988313000000001,8.118432621753694,9.594978611267091,8.074444773889066,9.948698560989381,10.415884773529054,11.017112533843996,8.751182894504549,9.473323027885439,9.478395025527956
2019-04-27 06:00:00+00:00,2019-04-27 07:00:00+00:00,3.284531,84.0,7.7,7.1736786484718325,8.94564492702484,7.271431040763855,9.355096411705016,9.904615831375121,10.603721094131469,8.20610077381134,8.912477445602416,9.05275912284851
2019-04-27 06:15:00+00:00,2019-04-27 07:15:00+00:00,2.572883,67.0,9.01425,7.495696146965027,10.055652578353882,7.9813156919479376,10.38004430103302,10.998108942985535,11.901029069900513,9.378196795463563,9.98629315662384,10.424020131111146
2019-04-27 06:30:00+00:00,2019-04-27 07:30:00+00:00,2.274453,57.0,4.706625,4.266587868690491,5.379102066516876,3.6293155107498167,5.863515630722046,6.435539856910705,7.003075138092041,4.717107875630259,5.679494992256164,5.489690438270569
2019-04-27 06:45:00+00:00,2019-04-27 07:45:00+00:00,2.166008,57.0,2.789773,2.9417287684659956,3.100340319393158,1.9178463942985533,3.7670401461105345,4.171871197937012,4.663672221420288,2.602133346317291,3.5499928123931883,3.2538467175941466
2019-04-27 07:00:00+00:00,2019-04-27 08:00:00+00:00,2.2204770000000003,60.0,3.284531,3.173433962207794,3.6903697279510497,2.5381223586616515,3.967302623134613,4.396685603004455,5.049345138412475,2.8944160667476653,3.6908636716423033,4.198207083087921
2019-04-27 07:15:00+00:00,2019-04-27 08:15:00+00:00,1.532426,40.0,2.572883,2.6043679950373173,3.043774296863556,1.8967322012023926,3.3084741135673523,3.6543927093582154,4.008145203216553,2.1490760346488953,3.07364063463974,3.1156122585372925
2019-04-27 07:30:00+00:00,2019-04-27 08:30:00+00:00,1.23643,34.0,2.274453,2.2971535574852227,2.8992527879981993,1.729021326473236,2.8754511036186217,3.1614860452919005,3.585783437660217,1.7659037269859312,2.651695773771286,2.986301258972168
2019-04-27 07:45:00+00:00,2019-04-27 08:45:00+00:00,0.966328,27.0,2.166008,2.1554768380882146,2.851467315776825,1.6095989390449525,2.797522668464661,3.021931593044281,3.275211577041626,1.6271916075782777,2.5959000929431917,2.693654005153656
2019-04-27 08:00:00+00:00,2019-04-27 09:00:00+00:00,0.6941350000000001,19.0,2.2204770000000003,2.1458845810313227,2.9185607583541873,1.5372204930801394,2.8487433345336917,3.1749009044189456,3.089518204452515,1.3685041816253665,2.389533743383408,2.2843045966048243
2019-04-27 08:15:00+00:00,2019-04-27 09:15:00+00:00,0.560178,16.0,1.532426,1.473369043678999,2.1968976262817383,0.8451794985542298,2.0539786819229127,2.268829524875641,2.2607586983451844,0.5039378408203126,1.5112565349648,1.4960223030159474
2019-04-27 08:30:00+00:00,2019-04-27 09:30:00+00:00,0.562625,16.0,1.23643,1.1111206220912933,1.8334853755760192,0.46101434104919425,1.6062473463344573,1.8281844364929198,1.799042235546112,0.05665023200988761,1.0667296903657912,0.8942056702899932
2019-04-27 08:45:00+00:00,2019-04-27 09:45:00+00:00,0.4144489999999999,13.0,0.966328,0.9215596255867481,1.6054665793685912,0.4570350994377136,1.2688476492671965,1.4173361708431242,1.4722163428573607,0.0,0.76609386997509,0.6655225207118988
2019-04-27 09:00:00+00:00,2019-04-27 10:00:00+00:00,0.238608,9.0,0.6941350000000001,0.6455993587172032,1.3082328932380678,0.21233271528244024,0.8497342364883423,1.1063431696987154,1.1050772266483309,0.0,0.29288621712684637,0.18800323177337652
2019-04-27 09:15:00+00:00,2019-04-27 10:15:00+00:00,0.170256,8.0,0.560178,0.4819645392565727,1.1775225582389832,0.1690423372058868,0.6580674457221031,0.9237490775852203,0.9078581514625549,0.0,0.08635406520652766,0.0
2019-04-27 09:30:00+00:00,2019-04-27 10:30:00+00:00,0.0917019999999999,5.0,0.562625,0.4138491989374161,1.1606115789413454,0.13890544486045842,0.5694175737239421,0.8725357146263123,0.8469712228775025,0.0,0.0,0.0
2019-04-27 09:45:00+00:00,2019-04-27 10:45:00+00:00,0.018268,4.0,0.4144489999999999,0.21001132690811147,0.9806797143211363,0.0,0.2960696604242324,0.6491994198551176,0.6271874841442107,0.0,0.0,0.0
2019-04-27 10:00:00+00:00,2019-04-27 11:00:00+00:00,0.0,1.0,0.238608,0.0,0.8224254819946288,0.0,0.16979316355752944,0.48088660569953917,0.4554717365102768,0.0,0.0,0.0
2019-04-27 10:15:00+00:00,2019-04-27 11:15:00+00:00,0.0,0.0,0.170256,0.0,0.799098830657959,0.0,0.13551982490992545,0.36358995361900326,0.35488809271430966,0.0,0.0,0.0
2019-04-27 10:30:00+00:00,2019-04-27 11:30:00+00:00,0.0,0.0,0.0917019999999999,0.0,0.6878680742759704,0.0,0.0,0.22690686652851094,0.22311580250453938,0.0,0.0,0.0
2019-04-27 10:45:00+00:00,2019-04-27 11:45:00+00:00,0.0,0.0,0.018268,0.0,0.5480318773918151,0.0,0.0,0.042170494460344314,0.10140042346048356,0.0,0.0,0.0
2019-04-27 11:00:00+00:00,2019-04-27 12:00:00+00:00,0.0,0.0,0.0,0.0,0.4786878228187561,0.0,0.0,0.0,0.07488079369068146,0.0,0.0,0.0
2019-04-27 11:15:00+00:00,2019-04-27 12:15:00+00:00,0.0,0.0,0.0,0.0,0.49822577834129333,0.0,0.0,0.0,0.0,0.0,0.0,0.0
2019-04-27 11:30:00+00:00,2019-04-27 12:30:00+00:00,0.0,0.0,0.0,0.0,0.45016446709632874,0.0,0.0,0.0,0.0,0.0,0.0,0.0
2019-04-27 11:45:00+00:00,2019-04-27 12:45:00+00:00,0.0,0.0,0.0,0.0,0.3940075635910034,0.0,0.0,0.0,0.0,0.0,0.0,0.0
2019-04-27 12:00:00+00:00,2019-04-27 13:00:00+00:00,0.0,0.0,0.0,0.0,0.42971310019493103,0.0,0.0,0.0,0.0,0.0,0.0,0.0
2019-04-27 12:15:00+00:00,2019-04-27 13:15:00+00:00,0.0,0.0,0.0,0.0,0.442446768283844,0.0,0.0,0.0,0.0,0.0,0.0,0.0
2019-04-27 12:30:00+00:00,2019-04-27 13:30:00+00:00,0.0,0.0,0.0,0.0,0.3864424228668213,0.0,0.0,0.0,0.08738168329000473,0.0,0.0,0.0
2019-04-27 12:45:00+00:00,2019-04-27 13:45:00+00:00,0.0,0.0,0.0,0.0,0.3604281544685364,0.0,0.0,0.0,0.0,0.0,0.0,0.0
2019-04-27 13:00:00+00:00,2019-04-27 14:00:00+00:00,0.0,0.0,0.0,0.0,0.40842026472091675,0.0,0.0,0.0,0.0,0.0,0.0,0.0
2019-04-27 13:15:00+00:00,2019-04-27 14:15:00+00:00,0.0,0.0,0.0,0.0,0.39310696721076965,0.0,0.0,0.0,0.0,0.0,0.0,0.0
2019-04-27 13:30:00+00:00,2019-04-27 14:30:00+00:00,0.0,0.0,0.0,0.0,0.3489310145378113,0.0,0.0,0.0,0.0,0.0,0.0,0.0
2019-04-27 13:45:00+00:00,2019-04-27 14:45:00+00:00,0.0,0.0,0.0,0.0,0.2935755252838135,0.0,0.0,0.0,0.0,0.0,0.0,0.0
2019-04-27 14:00:00+00:00,2019-04-27 15:00:00+00:00,0.0,0.0,0.0,0.0,0.33405524492263794,0.0,0.0,0.0,0.0,0.0,0.0,0.0
2019-04-27 14:15:00+00:00,2019-04-27 15:15:00+00:00,0.0,0.0,0.0,0.0,0.3318527042865753,0.0,0.0,0.0,0.0,0.0,0.0,0.0
2019-04-27 14:30:00+00:00,2019-04-27 15:30:00+00:00,0.0,0.0,0.0,0.0,0.3774564564228058,0.0,0.0,0.0,0.0,0.0,0.0,0.0
2019-04-27 14:45:00+00:00,2019-04-27 15:45:00+00:00,0.0,0.0,0.0,0.0,0.36684200167655945,0.0,0.0,0.0,0.0,0.0,0.0,0.0
2019-04-27 15:00:00+00:00,2019-04-27 16:00:00+00:00,0.0,0.0,0.0,0.06019800901412964,0.3313690423965454,0.0,0.0,0.0,0.0,0.0,0.0,0.0
2019-04-27 15:15:00+00:00,2019-04-27 16:15:00+00:00,0.0,0.0,0.0,0.07667673379182816,0.37044018507003784,0.0,0.0,0.0,0.0,0.0,0.0,0.0
2019-04-27 15:30:00+00:00,2019-04-27 16:30:00+00:00,0.0,0.0,0.0,0.09934919327497482,0.33079054951667786,0.0,0.0,0.0,0.0,0.0,0.0,0.0
2019-04-27 15:45:00+00:00,2019-04-27 16:45:00+00:00,0.0,0.0,0.0,0.007253911811858416,0.2846655547618866,0.0,0.0,0.0,0.0,0.0,0.0,0.0
2019-04-27 16:00:00+00:00,2019-04-27 17:00:00+00:00,0.0,0.0,0.0,0.021505998447537422,0.30616044998168945,0.0,0.0,0.0,0.0,0.0,0.0,0.0
2019-04-27 16:15:00+00:00,2019-04-27 17:15:00+00:00,0.0,0.0,0.0,0.03915950283408165,0.30527475476264954,0.0,0.0,0.0,0.0,0.0,0.0,0.0
2019-04-27 16:30:00+00:00,2019-04-27 17:30:00+00:00,0.0,0.0,0.0,0.0,0.5146802663803101,0.0,0.0,0.0,0.0,0.0,0.0,0.0
2019-04-27 16:45:00+00:00,2019-04-27 17:45:00+00:00,0.0,0.0,0.0,0.10600382834672928,0.5297185182571411,0.0,0.0,0.0,0.0,0.0,0.0,0.0
2019-04-27 17:00:00+00:00,2019-04-27 18:00:00+00:00,0.0,0.0,0.0,0.21476644277572632,0.5719603896141052,0.014221346005797386,0.0,0.0,0.0,0.0,0.0,0.10391407459974289
2019-04-27 17:15:00+00:00,2019-04-27 18:15:00+00:00,0.0,0.0,0.0,0.2893841564655304,0.5617374181747437,0.08503284305334091,0.0,0.0,0.0,0.0,0.0,0.16408716142177582
2019-04-27 17:30:00+00:00,2019-04-27 18:30:00+00:00,0.0,0.0,0.0,0.2539016008377075,0.5999041795730591,0.153864324092865,0.0,0.031076382845640182,0.03025410883128643,0.0,0.0,0.33318087458610535
2019-04-27 17:45:00+00:00,2019-04-27 18:45:00+00:00,0.0,0.0,0.0,0.10781172662973404,0.5635243058204651,0.139670729637146,0.0,0.0,0.2360808551311493,0.0,0.0,0.5381704568862915
2019-04-27 18:00:00+00:00,2019-04-27 19:00:00+00:00,0.0,0.0,0.0,0.21057164669036865,0.5204800963401794,0.2810581624507904,0.0,0.11385143548250198,0.17616523802280426,0.0,0.0,0.5505909323692322
2019-04-27 18:15:00+00:00,2019-04-27 19:15:00+00:00,0.0,0.0,0.0,0.03882630169391632,0.559913694858551,0.2499484270811081,0.0,0.10238782316446304,0.46913301944732666,0.0,0.0,0.8171690702438354
2019-04-27 18:30:00+00:00,2019-04-27 19:30:00+00:00,0.0,0.0,0.0,0.03188924863934517,0.5814561247825623,0.3733404576778412,0.0,0.27930963039398193,0.5387604236602783,0.0,0.0,1.0000238418579102
2019-04-27 18:45:00+00:00,2019-04-27 19:45:00+00:00,0.0,0.0,0.0,0.13334758579730988,0.6244340538978577,0.5414503812789917,0.0,0.38810765743255615,0.6432953476905823,0.0,0.03692737594246864,1.0903202295303345
2019-04-27 19:00:00+00:00,2019-04-27 20:00:00+00:00,0.0,0.0,0.0,0.08498580008745193,0.6196509599685669,0.5730406045913696,0.011977346614003181,0.4098205268383026,0.8559446930885315,0.0,0.07225067913532257,1.2754648923873901
2019-04-27 19:15:00+00:00,2019-04-27 20:15:00+00:00,0.0,0.0,0.0,0.19168896973133087,0.43516120314598083,0.5880759954452515,0.0,0.29789963364601135,0.9471789002418518,0.0,0.16128823161125183,1.28157377243042
2019-04-27 19:30:00+00:00,2019-04-27 20:30:00+00:00,0.0,0.0,0.0,0.08713220059871674,0.48489704728126526,0.6174063682556152,0.013535168021917343,0.38461679220199585,1.201926589012146,0.0,0.17625249922275543,1.552069902420044
2019-04-27 19:45:00+00:00,2019-04-27 20:45:00+00:00,0.0,0.0,0.0,0.05934487655758858,0.5516810417175293,0.7031952738761902,0.11612952500581741,0.505641520023346,1.3769370317459106,0.10197519510984421,0.24206523597240448,1.812697410583496
2019-04-27 20:00:00+00:00,2019-04-27 21:00:00+00:00,0.0,0.0,0.0,0.18227960169315338,0.5830225944519043,0.8121117353439331,0.08979389816522598,0.5350021123886108,1.4222302436828613,0.18894074857234955,0.3239368200302124,1.9782099723815918
2019-04-27 20:15:00+00:00,2019-04-27 21:15:00+00:00,0.0,0.0,0.0,0.3874013125896454,0.7498100996017456,0.9238262176513672,0.27444666624069214,0.6982400417327881,1.4502447843551636,0.2888216972351074,0.46912264823913574,2.050008535385132
2019-04-27 20:30:00+00:00,2019-04-27 21:30:00+00:00,0.0,1.0,0.0,0.711479902267456,0.7998507618904114,1.1190744638442993,0.32579201459884644,0.7517151236534119,1.5093817710876465,0.37054064869880676,0.5226573348045349,2.0874314308166504
2019-04-27 20:45:00+00:00,2019-04-27 21:45:00+00:00,0.250079,10.0,0.0,0.9892548322677612,0.9691572785377502,1.3035770654678345,0.49026498198509216,0.9372753500938416,1.6255767345428467,0.49308541417121887,0.6818771362304688,2.227137327194214
2019-04-27 21:00:00+00:00,2019-04-27 22:00:00+00:00,0.66094,22.0,0.0,1.1977261304855347,1.1853268146514893,1.4963032007217407,0.6366724967956543,1.087035894393921,1.7485672235488892,0.5711487531661987,0.8788803815841675,2.419574022293091
2019-04-27 21:15:00+00:00,2019-04-27 22:15:00+00:00,1.37457,47.0,0.0,1.4735454320907593,1.2183254957199097,1.78071928024292,0.6339335441589355,1.0891293287277222,1.8364943265914917,0.6410683393478394,0.8539422750473022,2.476699113845825
2019-04-27 21:30:00+00:00,2019-04-27 22:30:00+00:00,2.418555,83.0,0.0,1.8917908668518066,1.1688169240951538,2.223137378692627,0.7407090067863464,1.1796932220458984,1.7088159322738647,0.6373685598373413,0.8997471928596497,2.3300182819366455
2019-04-27 21:45:00+00:00,2019-04-27 22:45:00+00:00,3.284969,116.0,0.250079,2.629043900970459,1.5241518855133056,2.927822434906006,1.190459573272705,1.612066829208374,1.9928059220352172,0.916963422302246,1.2551924824752807,2.5780263781585693
2019-04-27 22:00:00+00:00,2019-04-27 23:00:00+00:00,4.40486,158.0,0.66094,3.5930722441101075,2.120979019584656,3.815171071472168,1.8762186254882813,2.322758861961365,2.6889420236968995,1.4140393223190308,1.808962770881653,3.1206081594848634
2019-04-27 22:15:00+00:00,2019-04-27 23:15:00+00:00,5.871359,213.0,1.37457,4.804904806442261,3.542617428131104,5.09942899925232,3.1260743020248416,3.575642216033936,3.923101293869019,2.4104349492263797,2.735487448997498,4.366503107376099
2019-04-27 22:30:00+00:00,2019-04-27 23:30:00+00:00,8.020688,293.0,2.418555,6.945867278747558,5.128969409637451,7.132681586914062,4.600656726531982,4.82094381111145,5.382550933532714,3.654226639442444,4.038354971580505,5.701347329788208
2019-04-27 22:45:00+00:00,2019-04-27 23:45:00+00:00,7.810688000000001,325.0,3.284969,8.483846811431885,6.553151516098023,8.705717710632324,6.0974859277191165,5.994799760955811,6.660610822814942,4.772726682800293,5.134445575851441,6.906305936950684
2019-04-27 23:00:00+00:00,2019-04-28 00:00:00+00:00,11.98991,396.0,4.40486,9.984851817474365,8.132971267089843,10.27789066253662,7.649610022888184,7.4125981134033205,7.925219992980957,6.118377427444458,6.45438073097229,8.190404157028198
2019-04-27 23:15:00+00:00,2019-04-28 00:15:00+00:00,14.21634,468.0,5.871359,11.63145650366211,10.194949278625488,11.995452532562256,9.485606798919678,9.15933359602356,9.597137341293335,7.794731387886047,8.157482991012573,9.810721525939941
2019-04-27 23:30:00+00:00,2019-04-28 00:30:00+00:00,15.70406,501.0,8.020688,13.775576534545898,12.861215057647705,14.225711765563965,11.85176104573059,11.591763439453125,12.01081866291809,10.14580744770813,10.499345960891723,12.119790020263672
2019-04-27 23:45:00+00:00,2019-04-28 00:45:00+00:00,17.604561,559.0,7.810688000000001,13.849602680480958,12.977679710662843,13.994767170227052,11.704916458404542,11.570296507156373,11.912759285247803,10.082426767623902,10.385856132781983,11.97349021939087
2019-04-28 00:00:00+00:00,2019-04-28 01:00:00+00:00,17.589689,532.0,11.98991,17.856850498352053,17.375529163513185,17.842549675140383,15.88928686920166,15.941119783554077,16.261382454071047,14.453167312774658,14.443217390213013,16.200506561431887
2019-04-28 00:15:00+00:00,2019-04-28 01:15:00+00:00,14.34694,417.0,14.21634,19.70863955673218,19.56139653381348,19.699456149902346,17.984685117568972,18.348100597229006,18.797229225006106,16.913175279464724,16.832629854049685,18.620537692871096
2019-04-28 00:30:00+00:00,2019-04-28 01:30:00+00:00,13.60953,365.0,15.70406,20.80326310974121,20.884345453796385,20.70356551986694,19.33524505477905,19.70381323677063,20.30458967071533,18.35025207382202,18.03193013053894,19.996036928710936
2019-04-28 00:45:00+00:00,2019-04-28 01:45:00+00:00,13.72306,425.0,17.604561,22.298277526031494,22.49799123300171,22.067471652160645,20.910295872817994,21.610376029144287,22.41944661630249,20.508798985610962,20.14129057420349,21.958600669036866
2019-04-28 01:00:00+00:00,2019-04-28 02:00:00+00:00,15.45119,435.0,17.589689,21.82242701803589,22.110144837249756,21.568906529296875,20.783402665008545,21.36782573019409,22.39891408239746,20.705580456604004,20.318494541992187,21.911256058563232
2019-04-28 01:15:00+00:00,2019-04-28 02:15:00+00:00,12.66628,353.0,14.34694,18.90745778793335,18.60020156616211,18.215368230285645,17.701216418685913,18.01061197036743,19.217371423187256,17.712732274475098,17.470303733291626,18.74630351776123
2019-04-28 01:30:00+00:00,2019-04-28 02:30:00+00:00,14.865379999999998,411.0,13.60953,18.581476239471435,17.28613331726074,17.139632729797363,16.736750392227172,16.922306803970336,17.918003587036132,16.86796644142151,16.717688826828002,17.602650431900024
2019-04-28 01:45:00+00:00,2019-04-28 02:45:00+00:00,17.674129,500.0,13.72306,18.081597673950196,16.89313279396057,16.801320898590088,16.597339975891114,16.47250233894348,17.71259914642334,16.934882748184204,16.31803857093811,17.441803801116944
2019-04-28 02:00:00+00:00,2019-04-28 03:00:00+00:00,20.341999,574.0,15.45119,19.101123099746705,18.059784179153443,17.97776413482666,18.00432777923584,17.753581529083252,18.874111180725098,18.514256959381104,17.569570784988404,18.71051264328003
2019-04-28 02:15:00+00:00,2019-04-28 03:15:00+00:00,19.257,572.0,12.66628,16.98662730911255,14.939873902587891,15.107238976745606,15.03761026123047,14.510744898109436,15.443855731277466,15.612350432662964,14.492156235961914,15.53446814277649
2019-04-28 02:30:00+00:00,2019-04-28 03:30:00+00:00,22.2495,651.0,14.865379999999998,18.169230412368773,16.722445081596373,16.724493574028013,16.712155650978087,16.187235664253233,17.00651926887512,17.65362758529663,16.238708804969786,17.276337813262938
2019-04-28 02:45:00+00:00,2019-04-28 03:45:00+00:00,24.659691,685.0,17.674129,19.10710739164734,18.922240724853516,18.705958833984376,18.853862872413636,18.477409889987946,19.399971475891114,20.282971849731446,18.482418110660554,19.761672964385987
2019-04-28 03:00:00+00:00,2019-04-28 04:00:00+00:00,27.223881,817.0,20.341999,20.374344674932004,21.151094680713655,20.765923535512925,21.016854411052705,20.769737904953004,21.654298489974977,22.623820727752687,20.940632110523225,22.056431239532472
2019-04-28 03:15:00+00:00,2019-04-28 04:15:00+00:00,24.20381,726.0,19.257,19.5145643658638,19.43127606880665,19.00246253681183,19.19657803025842,19.223892421245576,19.49542975497246,20.813700468063356,19.588909120082857,20.149211854457857
2019-04-28 03:30:00+00:00,2019-04-28 04:30:00+00:00,18.75606,549.0,22.2495,20.650465690612794,21.66311826658249,21.001190030097963,21.364450597286226,21.50750359249115,21.70259990644455,23.104934477329255,22.12243629348278,22.4735509390831
2019-04-28 03:45:00+00:00,2019-04-28 04:45:00+00:00,15.68919,436.0,24.659691,22.263528490081786,23.332355284706114,22.43465676309204,22.985014700904845,23.04844787122345,23.16358067990875,24.697228083029746,23.671851956859587,24.041013681903838
2019-04-28 04:00:00+00:00,2019-04-28 05:00:00+00:00,13.36759,353.0,27.223881,23.511981719451903,25.13131141038513,24.098883861022948,24.73030804963684,24.878965133148192,24.931316369491576,26.407669537979125,25.439964407402037,25.844635718780516
2019-04-28 04:15:00+00:00,2019-04-28 05:15:00+00:00,16.867379999999997,474.0,24.20381,20.534720921096802,21.550093197402955,20.52149774986267,21.256155037460328,21.33372237640381,21.35921909767151,22.954279326972962,21.900898718414307,22.299442672309876
2019-04-28 04:30:00+00:00,2019-04-28 05:30:00+00:00,18.63225,504.0,18.75606,16.455692406234743,15.816121931610109,15.225545998153688,15.847340937194826,15.68407856994629,15.605973835525514,17.522411103782655,16.45614182525635,16.565103645858766
2019-04-28 04:45:00+00:00,2019-04-28 05:45:00+00:00,13.69222,388.0,15.68919,14.393186300697327,12.888789027633667,12.67814239830017,13.040523856582642,12.571648448410034,12.415344327392578,14.71168300479889,13.476295560302734,13.391224711837769
2019-04-28 05:00:00+00:00,2019-04-28 06:00:00+00:00,12.91128,340.0,13.36759,13.01250581916809,10.750890304412842,10.967783738937378,11.05284743484497,10.413411905136108,10.081924726333618,12.63232706960678,11.345362951126098,11.078820516433716
2019-04-28 05:15:00+00:00,2019-04-28 06:15:00+00:00,20.006439,516.0,16.867379999999997,13.911486960296628,13.962911225204465,13.699631071929929,14.192414379959104,13.680257178192136,13.498390293960568,15.97568497741699,14.284104205017087,14.535587883834836
2019-04-28 05:30:00+00:00,2019-04-28 06:30:00+00:00,10.20316,270.0,18.63225,14.51219337081909,15.310646463394164,14.652752567291259,15.531535793304442,15.2405046710968,15.170859504699706,17.573663283348083,15.576687742233275,16.089848209381103
2019-04-28 05:45:00+00:00,2019-04-28 06:45:00+00:00,10.63606,279.0,13.69222,11.154403237075806,10.209644106597901,9.758506325454713,10.6457751071167,10.229604271621705,10.031154659957886,12.72848698255539,10.502211121292115,10.896059778900147
2019-04-28 06:00:00+00:00,2019-04-28 07:00:00+00:00,14.93056,413.0,12.91128,10.137256705551147,9.34424217918396,9.210762107162475,10.030717217712402,9.590118729858398,9.359716975479126,12.083119416027069,9.861084782867431,10.157353007583618
2019-04-28 06:15:00+00:00,2019-04-28 07:15:00+00:00,9.091907,233.0,20.006439,13.534184246887207,15.811528473724366,14.924506932128907,16.517347842086792,16.42837002836609,16.452304869522095,18.705897956718445,16.376289397109986,17.266997366775513
2019-04-28 06:30:00+00:00,2019-04-28 07:30:00+00:00,11.37456,310.0,10.20316,8.361035299453736,6.53826446548462,6.473912429962159,7.624155950698853,7.346009922180176,7.169791889343262,9.830658298883439,7.742151451263428,7.85466260925293
2019-04-28 06:45:00+00:00,2019-04-28 07:45:00+00:00,7.753375,196.0,10.63606,7.478521347579957,7.009277344284058,6.78378367477417,8.113694191513062,8.011578798828126,7.642911673126221,10.35405996495247,8.386462212142945,8.35780096107483
2019-04-28 07:00:00+00:00,2019-04-28 08:00:00+00:00,8.521844,229.0,14.93056,9.330402739105224,10.945521957931518,9.88178241973877,11.869521267471313,12.060952789840698,11.73110521560669,14.27349395280838,12.17410863166809,12.408263809738159
2019-04-28 07:15:00+00:00,2019-04-28 08:15:00+00:00,8.794844,227.0,9.091907,6.111262058670045,5.509330963546754,4.830526804382325,6.615593408996583,6.722943043167115,6.3616769069976815,9.081927691417158,7.239241694862367,6.924010967666627
2019-04-28 07:30:00+00:00,2019-04-28 08:30:00+00:00,6.618061999999999,177.0,11.37456,6.532848002014161,7.654978395996094,6.710164190826417,8.731773497161866,9.058729292449952,8.73294270187378,11.263115377721787,9.327518583831788,9.267053724822999
2019-04-28 07:45:00+00:00,2019-04-28 08:45:00+00:00,7.009297,180.0,7.753375,4.602356857299805,4.3891322078704835,3.642588562011719,5.441375679016113,5.806259936332703,5.300057834625244,7.777039087057114,6.186073249816895,5.7976251306533815
2019-04-28 08:00:00+00:00,2019-04-28 09:00:00+00:00,4.3218440000000005,119.0,8.521844,4.62064394392395,5.254837602752685,4.190627664703369,6.176235288757324,6.68260797895813,6.161129087585449,8.520595507722772,6.992468685287475,6.6993102733078
2019-04-28 08:15:00+00:00,2019-04-28 09:15:00+00:00,3.665375,97.0,8.794844,4.2670143529357905,5.580675451416015,4.276191560882568,6.429746238845825,7.058742849487304,6.693663208145141,8.678386992174625,7.099252907890319,7.289868681091308
2019-04-28 08:30:00+00:00,2019-04-28 09:30:00+00:00,2.55232,69.0,6.618061999999999,3.0199835106964104,3.8651499554748527,2.527365665161132,4.595378856384277,5.287831763946532,4.875418166839599,6.546985733532428,5.2435613677139274,5.3919298455352775
2019-04-28 08:45:00+00:00,2019-04-28 09:45:00+00:00,2.233602,59.0,7.009297,3.2935501204223634,4.536582575866699,2.831663714477539,5.112596140930176,5.809809552261353,5.38800417048645,6.8684584812612535,5.629227744171143,5.916892276832581
2019-04-28 09:00:00+00:00,2019-04-28 10:00:00+00:00,1.588453,42.0,4.3218440000000005,1.6318329755249028,2.3680688325347905,0.6763264123382573,2.8315841142120366,3.5051495019378667,3.0983053628387456,4.304396066445351,3.4006915871086125,3.660617846626282
2019-04-28 09:15:00+00:00,2019-04-28 10:15:00+00:00,1.154754,32.0,3.665375,1.5739524421691895,2.296987777709961,0.5975494441986084,2.5907732305526734,3.1867516992092133,2.8745675740242005,3.673407253012061,2.942868715286255,3.4220906106233597
2019-04-28 09:30:00+00:00,2019-04-28 10:30:00+00:00,0.803346,24.0,2.55232,1.001371260948181,1.7530746424865722,0.0,1.5726812446784972,2.4341582322788238,1.8977470362854003,2.4991586471271514,2.1989564562511443,2.4761516640257835
2019-04-28 09:45:00+00:00,2019-04-28 10:45:00+00:00,0.314481,9.0,2.233602,1.362963033439636,1.9072036273498534,0.3029058702011107,1.4547827966232298,2.327042592288971,1.7356791920680998,2.2497318643797635,2.2179615046550034,2.209152554692745
2019-04-28 10:00:00+00:00,2019-04-28 11:00:00+00:00,0.023868,1.0,1.588453,1.0215001754074096,1.4961122475175856,0.0024218014984129788,0.9309834293632506,1.6838684431819915,1.3534026346712111,1.704329093506813,1.6910594306497573,1.930182700565338
2019-04-28 10:15:00+00:00,2019-04-28 11:15:00+00:00,0.0,0.0,1.154754,0.7525886168994904,1.2768522894301415,0.0,0.6223198345222474,1.284551711968422,1.0838716050901414,1.27502957939291,1.3286094537296296,1.7244379690208436
2019-04-28 10:30:00+00:00,2019-04-28 11:30:00+00:00,0.0,0.0,0.803346,0.5003862300357819,1.0857296803436278,0.0,0.342007926984787,0.9473472603998184,0.7702835382363796,0.8698358008108139,0.9554993578634262,1.4333239415130614
2019-04-28 10:45:00+00:00,2019-04-28 11:45:00+00:00,0.0,0.0,0.314481,0.027387092405319224,0.7026668885288239,0.0,0.0,0.38772595911598207,0.2611575895485878,0.256938165569067,0.31839498230567576,0.9683316746292114
2019-04-28 11:00:00+00:00,2019-04-28 12:00:00+00:00,0.0,0.0,0.023868,0.0,0.459411954372406,0.0,0.0,0.06427847021746635,0.0,0.0,0.07160117277431488,0.7355304712944031
2019-04-28 11:15:00+00:00,2019-04-28 12:15:00+00:00,0.0,0.0,0.0,0.0,0.4863864481449127,0.0,0.0,0.04270584136247635,0.0,0.0,0.06255444139242172,0.7163296341896057
2019-04-28 11:30:00+00:00,2019-04-28 12:30:00+00:00,0.0,0.0,0.0,0.0,0.563532829284668,0.0,0.0,0.0,0.0,0.0,0.029587024822831154,0.7305477857589722
2019-04-28 11:45:00+00:00,2019-04-28 12:45:00+00:00,0.0,0.0,0.0,0.0,0.5690030455589294,0.0,0.0,0.0,0.0,0.0,0.0,0.7019011378288269
2019-04-28 12:00:00+00:00,2019-04-28 13:00:00+00:00,0.0,0.0,0.0,0.0,0.5839762687683105,0.0,0.0,0.0,0.0,0.0,0.0,0.7322527766227722
2019-04-28 12:15:00+00:00,2019-04-28 13:15:00+00:00,0.0,0.0,0.0,0.0,0.5913006067276001,0.0,0.0,0.0,0.0,0.0,0.0,0.7375710606575012
2019-04-28 12:30:00+00:00,2019-04-28 13:30:00+00:00,0.0,0.0,0.0,0.0,0.5996192693710327,0.0,0.0,0.0,0.0,0.0,0.0,0.6943709254264832
2019-04-28 12:45:00+00:00,2019-04-28 13:45:00+00:00,0.0,0.0,0.0,0.0,0.6037945747375488,0.0,0.0,0.0,0.0,0.0,0.0,0.6421410441398621
2019-04-28 13:00:00+00:00,2019-04-28 14:00:00+00:00,0.0,0.0,0.0,0.0,0.5826590657234192,0.0,0.0,0.0,0.0,0.0,0.0,0.626075267791748
2019-04-28 13:15:00+00:00,2019-04-28 14:15:00+00:00,0.0,0.0,0.0,0.0,0.5452333092689514,0.0,0.0,0.0,0.0,0.0,0.0,0.5898999571800232
2019-04-28 13:30:00+00:00,2019-04-28 14:30:00+00:00,0.0,0.0,0.0,0.0,0.5339465737342834,0.0,0.0,0.0,0.0,0.0,0.0,0.5561012029647827
2019-04-28 13:45:00+00:00,2019-04-28 14:45:00+00:00,0.0,0.0,0.0,0.0,0.5269405245780945,0.0,0.0,0.0,0.0,0.0,0.0,0.525221586227417
2019-04-28 14:00:00+00:00,2019-04-28 15:00:00+00:00,0.0,0.0,0.0,0.0,0.5270252823829651,0.0,0.0,0.0,0.0,0.0,0.0,0.475949227809906
2019-04-28 14:15:00+00:00,2019-04-28 15:15:00+00:00,0.0,0.0,0.0,0.0,0.5230323076248169,0.0,0.0,0.0,0.0,0.0,0.0,0.4452678859233856
2019-04-28 14:30:00+00:00,2019-04-28 15:30:00+00:00,0.0,0.0,0.0,0.0,0.4940142333507538,0.0,0.0,0.0,0.0,0.0,0.0,0.4218800961971283
2019-04-28 14:45:00+00:00,2019-04-28 15:45:00+00:00,0.0,0.0,0.0,0.0,0.4755733907222748,0.0,0.0,0.0,0.0,0.0,0.0,0.4316985607147217
2019-04-28 15:00:00+00:00,2019-04-28 16:00:00+00:00,0.0,0.0,0.0,0.0,0.47054237127304077,0.0,0.0,0.0,0.0,0.0,0.0,0.438895046710968
2019-04-28 15:15:00+00:00,2019-04-28 16:15:00+00:00,0.0,0.0,0.0,0.0,0.46990373730659485,0.0,0.0,0.0,0.0,0.0,0.0,0.4322274327278137
2019-04-28 15:30:00+00:00,2019-04-28 16:30:00+00:00,0.0,0.0,0.0,0.0,0.4652952551841736,0.0,0.0,0.0,0.0,0.0,0.0,0.425557941198349
2019-04-28 15:45:00+00:00,2019-04-28 16:45:00+00:00,0.0,0.0,0.0,0.0,0.4915556311607361,0.0,0.0,0.0,0.0,0.0,0.0,0.43589848279953003
2019-04-28 16:00:00+00:00,2019-04-28 17:00:00+00:00,0.0,0.0,0.0,0.0,0.4855795204639435,0.0,0.0,0.0,0.0,0.0,0.0,0.49106183648109436
2019-04-28 16:15:00+00:00,2019-04-28 17:15:00+00:00,0.0,0.0,0.0,0.018700120970606804,0.5058001279830933,0.0,0.0,0.0,0.0,0.0,0.0,0.5366045236587524
2019-04-28 16:30:00+00:00,2019-04-28 17:30:00+00:00,0.0,0.0,0.0,0.0,0.5191667079925537,0.0,0.0,0.0,0.0,0.0,0.0,0.6135678291320801
2019-04-28 16:45:00+00:00,2019-04-28 17:45:00+00:00,0.0,0.0,0.0,0.030193543061614037,0.4949799180030823,0.0,0.0,0.0,0.0,0.0,0.0,0.6683583855628967
2019-04-28 17:00:00+00:00,2019-04-28 18:00:00+00:00,0.0,0.0,0.0,0.139078751206398,0.48467159271240234,0.0,0.0,0.0,0.0,0.0,0.0,0.7340343594551086
2019-04-28 17:15:00+00:00,2019-04-28 18:15:00+00:00,0.0,0.0,0.0,0.1524360328912735,0.5265432596206665,0.0,0.0,0.0,0.0,0.0,0.0,0.7979430556297302
2019-04-28 17:30:00+00:00,2019-04-28 18:30:00+00:00,0.0,0.0,0.0,0.1557941734790802,0.5440489053726196,0.0,0.0,0.0,0.0,0.0,0.0,0.8673449754714966
2019-04-28 17:45:00+00:00,2019-04-28 18:45:00+00:00,0.0,0.0,0.0,0.17868906259536743,0.5623527765274048,0.0,0.0,0.0,0.0,0.0,0.0,0.9405355453491211
2019-04-28 18:00:00+00:00,2019-04-28 19:00:00+00:00,0.0,0.0,0.0,0.22352224588394165,0.55802321434021,0.04534556344151497,0.0,0.0,0.0,0.0,0.0,1.00827956199646
2019-04-28 18:15:00+00:00,2019-04-28 19:15:00+00:00,0.0,0.0,0.0,0.07257284224033356,0.6095163822174072,0.08665404468774796,0.0,0.052116211503744125,0.1310926377773285,0.0,0.0,1.2131882905960083
2019-04-28 18:30:00+00:00,2019-04-28 19:30:00+00:00,0.0,0.0,0.0,0.23852823674678802,0.4291706383228302,0.03799871355295181,0.0,0.0,0.16836659610271454,0.0,0.0,1.23572838306427
2019-04-28 18:45:00+00:00,2019-04-28 19:45:00+00:00,0.0,0.0,0.0,0.027934914454817772,0.4950859844684601,0.030078589916229248,0.0,0.0766606405377388,0.4808124601840973,0.0,0.0,1.5126709938049316
2019-04-28 19:00:00+00:00,2019-04-28 20:00:00+00:00,0.0,0.0,0.0,0.07217049598693848,0.5761406421661377,0.3249714970588684,0.0,0.19838297367095947,0.5717752575874329,0.0,0.0,1.6720975637435913
2019-04-28 19:15:00+00:00,2019-04-28 20:15:00+00:00,0.0,0.0,0.0,0.19157220423221588,0.6492847800254822,0.5092616677284241,0.0,0.3702813386917114,0.6808885931968689,0.0,0.0,1.7805837392807007
2019-04-28 19:30:00+00:00,2019-04-28 20:30:00+00:00,0.0,0.0,0.0,0.3468988239765167,0.7104262113571167,0.6855764985084534,0.07772181183099747,0.5184032917022705,0.7739821076393127,0.0,0.09889872372150421,1.8515337705612183
2019-04-28 19:45:00+00:00,2019-04-28 20:45:00+00:00,0.0,0.0,0.0,0.32045021653175354,0.6469894647598267,0.6292789578437805,0.029495615512132645,0.5698111653327942,0.9741944074630737,0.03230143338441849,0.1583920270204544,2.0199503898620605
2019-04-28 20:00:00+00:00,2019-04-28 21:00:00+00:00,0.0,0.0,0.0,0.2620985507965088,0.6407409310340881,0.67048180103302,0.009145166724920273,0.5943068861961365,1.1169286966323853,0.12036366015672684,0.19751109182834625,2.116969347000122
2019-04-28 20:15:00+00:00,2019-04-28 21:15:00+00:00,0.0,0.0,0.0,0.2966717481613159,0.7036161422729492,0.7348364591598511,0.05252964422106743,0.6598292589187622,1.2726010084152222,0.24079617857933044,0.2753336727619171,2.264004707336426
2019-04-28 20:30:00+00:00,2019-04-28 21:30:00+00:00,0.0,0.0,0.0,0.37809517979621887,0.781739354133606,0.8221913576126099,0.10426037013530731,0.7367888689041138,1.419270634651184,0.40837153792381287,0.3637855350971222,2.4063596725463867
2019-04-28 20:45:00+00:00,2019-04-28 21:45:00+00:00,0.107468,6.0,0.0,0.5112176537513733,0.8994967341423035,0.9630799293518066,0.19444586336612701,0.8624012470245361,1.561915636062622,0.5700988173484802,0.45488351583480835,2.541761636734009
2019-04-28 21:00:00+00:00,2019-04-28 22:00:00+00:00,0.426433,15.0,0.0,0.7975484132766724,0.9382825493812561,1.104400873184204,0.2650730609893799,0.9000281691551208,1.6976680755615234,0.6453932523727417,0.5272380709648132,2.6368064880371094
2019-04-28 21:15:00+00:00,2019-04-28 22:15:00+00:00,0.83944,28.0,0.0,0.9259975552558899,1.2262004613876343,1.4160504341125488,0.49510708451271057,1.1903884410858154,1.8873099088668823,0.7687109112739563,0.6035753488540649,2.8362603187561035
2019-04-28 21:30:00+00:00,2019-04-28 22:30:00+00:00,1.852266,63.0,0.0,1.2945891618728638,1.4302561283111572,1.7284728288650513,0.7219319939613342,1.3784624338150024,2.014659881591797,0.8300377726554871,0.7246139645576477,2.9534506797790527
2019-04-28 21:45:00+00:00,2019-04-28 22:45:00+00:00,2.853813,98.0,0.107468,1.8765495925598144,1.6551277547531127,2.024844399040222,0.9900332003288269,1.5658231883697509,2.263535132949829,1.0812168627433776,0.997362425868988,3.1692751556091308
2019-04-28 22:00:00+00:00,2019-04-28 23:00:00+00:00,3.743141000000001,134.0,0.426433,2.676501426132202,2.0184319347457884,2.8582207292633055,1.5515048832015992,2.020734342964172,2.733221444519043,1.5432194799499512,1.4561522335128785,3.6014837354736327
2019-04-28 22:15:00+00:00,2019-04-28 23:15:00+00:00,5.320875,181.0,0.83944,3.551946055831909,2.6114084839248655,3.8293331980133054,2.2069114565277097,2.6624336361312864,3.361150634231567,2.1763386845016477,2.0318756222152707,4.177693736495971
2019-04-28 22:30:00+00:00,2019-04-28 23:30:00+00:00,7.049438,226.0,1.852266,5.314366744247437,4.142550872055054,5.727630780426026,3.660757587638855,4.101230786529541,4.822947667327881,3.5304006797943117,3.3822819454345705,5.5334893924865725
2019-04-28 22:45:00+00:00,2019-04-28 23:45:00+00:00,4.447734,139.0,2.853813,7.186415977752686,5.548033304489136,7.934422321594239,5.161378689086915,5.423419304168702,6.051536865509034,4.732114143646241,4.633149214065552,6.624074526107789
2019-04-28 23:00:00+00:00,2019-04-29 00:00:00+00:00,9.681657,314.0,3.743141000000001,8.809564416137697,6.90682441445923,9.434229676452638,6.6324129745636,6.784277503219606,7.226773087707521,5.889742200103761,5.868659798828126,7.736052100387575
2019-04-28 23:15:00+00:00,2019-04-29 00:15:00+00:00,11.51303,368.0,5.320875,10.67369539642334,9.05847198867798,11.067251991271974,8.776771854400636,8.737537454605103,9.205050777435304,7.845462392807007,7.927186798095703,9.558752845764161
2019-04-28 23:30:00+00:00,2019-04-29 00:30:00+00:00,13.02656,414.0,7.049438,12.293210506713868,11.353374958312989,12.826347351348877,11.105698108947754,10.798167944229126,11.513993740356446,10.067795038497925,10.193978309906006,11.704595089233399
2019-04-28 23:45:00+00:00,2019-04-29 00:45:00+00:00,14.03347,445.0,4.447734,10.079549433502198,8.654615523132325,10.533638121398926,8.402922751220704,8.13393891027832,8.789031149658204,7.452541949066162,7.597752453598022,9.13999235800171
2019-04-29 00:00:00+00:00,2019-04-29 01:00:00+00:00,16.160379000000002,510.0,9.681657,15.057762785369873,14.518888636047363,15.169714613372802,14.130841894561767,13.76515833895874,14.166626615936279,13.073130531723022,13.377753658706665,14.483268423492431
2019-04-29 00:15:00+00:00,2019-04-29 01:15:00+00:00,17.558629999999997,559.0,11.51303,16.547161526947022,16.419000573425294,16.408544965057374,16.061117120056153,15.435846038131714,16.060007996826172,15.126785464553834,14.813181586532593,16.30689568069458
2019-04-29 00:30:00+00:00,2019-04-29 01:30:00+00:00,18.85231,595.0,13.02656,17.82361238342285,17.81448667388916,17.407726458129883,17.404998472747803,16.71585672241211,17.459990671691894,16.76090591293335,15.990053585586548,17.735811880645752
2019-04-29 00:45:00+00:00,2019-04-29 01:45:00+00:00,20.225189,638.0,14.03347,18.770788992614747,18.580359305114747,18.14912113067627,18.24713834640503,17.74222144004822,18.559385622711183,18.01096662399292,17.196075047225953,18.875056589813234
2019-04-29 01:00:00+00:00,2019-04-29 02:00:00+00:00,21.68906,665.0,16.160379000000002,20.53561312704468,20.232177324584963,19.391685791305544,19.895003385833743,19.123167581848147,19.925881214431765,20.270405836395266,19.01109559088135,20.51264292745972
2019-04-29 01:15:00+00:00,2019-04-29 02:15:00+00:00,22.892191,711.0,17.558629999999997,21.23427558982849,20.97358084762573,19.82076455200195,20.497311602478025,19.6169579132843,20.561857949142453,21.620692740325925,19.838120470886228,21.422171364669797
2019-04-29 01:30:00+00:00,2019-04-29 02:30:00+00:00,23.60269,736.0,18.85231,21.65189701133728,21.658975182113647,20.492564735946655,21.15687280708313,20.15837162548065,21.246667442855834,22.831095037994384,20.678150592384338,22.357732115325927
2019-04-29 01:45:00+00:00,2019-04-29 02:45:00+00:00,24.900311,799.0,20.225189,22.332606821884156,22.32774141394043,21.21519270502472,21.80217519365692,20.903334170211792,22.032582431663513,23.888063698638916,21.62898710333252,23.32216575704956
2019-04-29 02:00:00+00:00,2019-04-29 03:00:00+00:00,26.215,840.0,21.68906,23.089515713272096,22.981703308639528,21.917582300720216,22.66820904356003,21.988611695585252,22.796964672622682,24.716830042419435,22.761536267814638,24.20595076423645
2019-04-29 02:15:00+00:00,2019-04-29 03:15:00+00:00,26.624059999999997,830.0,22.892191,23.35607130052185,23.31685028196907,22.205668337360382,23.089958660021782,22.517330206647873,23.103402025714875,25.14153558732605,23.40004641534424,24.657797045722962
2019-04-29 02:30:00+00:00,2019-04-29 03:30:00+00:00,26.488001,848.0,23.60269,23.307436425151824,23.26110969847679,22.1170646137619,23.07651652759552,22.51395549243927,22.907166380348205,25.05672981208801,23.417895246210097,24.473456162872314
2019-04-29 02:45:00+00:00,2019-04-29 03:45:00+00:00,24.219561,785.0,24.900311,23.27606130326843,23.698128707061766,22.60664892877197,23.498451001296996,23.118794090400694,23.41015315736389,25.493875867973326,23.950556404243468,24.880835513870476
2019-04-29 03:00:00+00:00,2019-04-29 04:00:00+00:00,23.170879,709.0,26.215,23.52041682243347,24.216097559928894,23.190322246551514,24.184030618667602,23.88630184173584,23.992358770370483,25.8871311211586,24.68114372730255,25.130632843971252
2019-04-29 03:15:00+00:00,2019-04-29 04:15:00+00:00,23.323999,720.0,26.624059999999997,23.043851698455807,23.962137068328854,23.056665028152462,23.9936455140686,23.972971762237545,23.962989176330563,25.60004266601562,24.788646424827572,24.860138977584835
2019-04-29 03:30:00+00:00,2019-04-29 04:30:00+00:00,27.836809,899.0,26.488001,22.278341900421143,23.27540553720093,22.383154522491456,23.350543629241944,23.456155668807984,23.352050673080445,24.879210602355958,24.319978844238282,24.05440748841858
2019-04-29 03:45:00+00:00,2019-04-29 04:45:00+00:00,23.95838,781.0,24.219561,20.644744296203612,20.583760638366698,19.975699801574706,20.880845923553466,20.923628230224608,20.622560877929686,22.252640147338866,22.02047433389282,21.182290454040526
2019-04-29 04:00:00+00:00,2019-04-29 05:00:00+00:00,26.578119,836.0,23.170879,20.041360491088867,19.288818233779907,18.740629785827636,19.754999035171508,19.548950308135986,19.182434671691894,20.810790651611327,20.672308557800292,19.479490631393432
2019-04-29 04:15:00+00:00,2019-04-29 05:15:00+00:00,26.56938,838.0,23.323999,19.099462104248047,19.155878138946534,18.52210099737549,19.553867412017823,19.368486476348878,19.03929145376587,20.554431987213135,20.335629535125733,19.16805942098999
2019-04-29 04:30:00+00:00,2019-04-29 05:30:00+00:00,25.80069,809.0,27.836809,21.300844511016845,23.112495740875243,22.186467966064452,23.441408952697753,23.58559640310669,23.300016721710204,24.469243606552123,24.518331130966185,23.344814142211913
2019-04-29 04:45:00+00:00,2019-04-29 05:45:00+00:00,24.328939,756.0,23.95838,18.300447718505858,19.089060084228514,18.31444813430786,19.494901911621092,19.588091627960203,19.258643881683348,20.585782305603026,20.331649796371458,19.252849356536863
2019-04-29 05:00:00+00:00,2019-04-29 06:00:00+00:00,23.988119,731.0,26.578119,19.946451862854005,21.289883812469483,20.41357155661011,21.698633392852784,21.946937283081056,21.651204308074952,22.64053936819458,22.55563994268799,21.441470821899415
2019-04-29 05:15:00+00:00,2019-04-29 06:15:00+00:00,22.693119,675.0,26.56938,19.491323187713622,21.06545515335083,20.13506384170532,21.394498541717528,21.750750735168456,21.463655188446044,22.372375681762694,21.982036307220458,21.1464268711853
2019-04-29 05:30:00+00:00,2019-04-29 06:30:00+00:00,21.689939000000003,660.0,25.80069,18.56817514175415,19.888069932403564,18.91168338531494,20.34361583465576,20.698916261138915,20.373126332702636,21.227539365234374,20.966611211242675,20.017877404632568
2019-04-29 05:45:00+00:00,2019-04-29 06:45:00+00:00,20.383129,617.0,24.328939,17.41177658163452,18.22993949972534,17.334150353302,18.801277199615477,19.136310616363524,18.74933580480957,19.61588052832031,19.370536366333006,18.42563394628906
2019-04-29 06:00:00+00:00,2019-04-29 07:00:00+00:00,19.15769,578.0,23.988119,16.78630005697632,17.669564121765138,16.673086994689942,18.278469914001466,18.604095333618165,18.22844874243164,19.04356848577881,18.522450798553468,17.866806858581544
2019-04-29 06:15:00+00:00,2019-04-29 07:15:00+00:00,17.779131,530.0,22.693119,15.230049084228515,16.160314510864257,15.081956337493896,16.8401178822937,17.12622399191284,16.766471813720702,17.597748707336425,16.95066065649414,16.42591996054077
2019-04-29 06:30:00+00:00,2019-04-29 07:30:00+00:00,16.09606,467.0,21.689939000000003,14.197946526397708,15.087480999816897,13.928003765930178,15.817279316772463,15.973279454101565,15.599410511840823,16.513334729064944,15.872418381561282,15.287008263458254
2019-04-29 06:45:00+00:00,2019-04-29 07:45:00+00:00,14.62125,421.0,20.383129,12.984769224456787,13.773522257141114,12.646460413269043,14.488136648468018,14.843010782531739,14.328960298828125,15.30268227987671,14.477364420227051,14.077453970245362
2019-04-29 07:00:00+00:00,2019-04-29 08:00:00+00:00,13.24006,386.0,19.15769,11.849315595092772,12.470857095184325,11.291738461914061,13.26134581512451,13.611760091247557,13.030536603393553,14.183086823883055,13.133892964782714,12.851023148956298
2019-04-29 07:15:00+00:00,2019-04-29 08:15:00+00:00,11.61584,334.0,17.779131,10.412162845092773,11.021179740386962,9.912557189422607,11.92742258782959,12.270618979888916,11.653787200408935,12.858947818237304,11.708653514343261,11.546986167388916
2019-04-29 07:30:00+00:00,2019-04-29 08:30:00+00:00,10.02531,288.0,16.09606,9.10165186935425,9.643546782073976,8.61139889770508,10.707903585968019,10.981709204254152,10.222940168914796,11.82247706466675,10.343684397277833,10.204626284179689
2019-04-29 07:45:00+00:00,2019-04-29 08:45:00+00:00,7.924438,233.0,14.62125,8.113100852966308,8.256422367095947,7.228173580169678,9.308762874603271,9.315224494934082,8.603391017913818,10.157240715026855,8.80501111984253,8.622349586486816
2019-04-29 08:00:00+00:00,2019-04-29 09:00:00+00:00,4.749937999999999,145.0,13.24006,6.985582022247314,7.055638460693359,6.266448168334961,8.11940160232544,8.244177965698242,7.399918226776123,9.02419724899292,7.608377127227783,7.6095286889648435
2019-04-29 08:15:00+00:00,2019-04-29 09:15:00+00:00,4.1610629999999995,118.0,11.61584,6.042058509674073,5.787896674957276,4.917463821258545,6.8089743078613285,6.88054422744751,5.9938779295349125,7.726836246337891,6.1664171636962894,6.3200054586792
2019-04-29 08:30:00+00:00,2019-04-29 09:30:00+00:00,3.7765,105.0,10.02531,4.898246248779296,4.549908121643066,3.7553305230712883,5.516954859313964,5.522353132781982,4.632456263122558,6.468518217620849,4.7420487008666985,5.079903086242675
2019-04-29 08:45:00+00:00,2019-04-29 09:45:00+00:00,3.466914,98.0,7.924438,3.361080169952393,3.142294884002686,2.3189601900939945,3.8573002817993167,3.873864651000977,2.8933391573791507,4.809879303253174,3.0091013911132816,3.4747076037292484
2019-04-29 09:00:00+00:00,2019-04-29 10:00:00+00:00,2.579336,74.0,4.749937999999999,1.346619118011474,1.3087649233703607,0.33995150402831964,1.5895480997924798,1.732603061950683,0.39812039212036066,2.6148629076843255,1.1499719508056634,1.3288459666137689
2019-04-29 09:15:00+00:00,2019-04-29 10:15:00+00:00,2.043234,60.0,4.1610629999999995,1.1751838171844478,1.8279374087219233,0.5899305785064692,1.5594582999114985,1.9825067961578364,0.45383839253234814,2.4468512976531978,1.3231795275573726,1.6037304842834468
2019-04-29 09:30:00+00:00,2019-04-29 10:30:00+00:00,1.131184,34.0,3.7765,1.11738397026062,2.2971921100616455,0.7141058578491211,1.5405745639801025,2.2562176122665405,0.7257077827453613,2.392201913833618,1.4325323238372802,1.9700752630233764
2019-04-29 09:45:00+00:00,2019-04-29 10:45:00+00:00,0.577062,17.0,3.466914,1.2800417561187745,2.6972234267845154,0.838664831604004,1.4770783800735474,2.344021620239258,0.901941837753296,2.345905484642029,1.4130745548858643,2.0790651459350586
2019-04-29 10:00:00+00:00,2019-04-29 11:00:00+00:00,0.079794,3.0,2.579336,0.850295496498108,2.2827615266189576,0.4783702617034913,0.8885026698455811,1.9177283172950745,0.8065757279739381,1.9883486156806947,1.358968568359375,2.1209081237659455
2019-04-29 10:15:00+00:00,2019-04-29 11:15:00+00:00,0.0,0.0,2.043234,0.49291349390411376,2.0256729461427927,0.2588954065170288,0.5800930354919434,1.7519302759494781,0.7130512092437744,1.5664707515563965,1.2337827775802612,2.1206308026041985
2019-04-29 10:30:00+00:00,2019-04-29 11:30:00+00:00,0.0,0.0,1.131184,0.0,1.313734549507141,0.0,0.0,1.0877285259213447,0.023232716545104948,0.6977224232997894,0.6218285145606994,1.551860589012146
2019-04-29 10:45:00+00:00,2019-04-29 11:45:00+00:00,0.018071,0.0,0.577062,0.0,0.9520681690807342,0.0,0.0,0.5846852869178056,0.0,0.2443355214233398,0.20257799740982052,1.1851586591835022
2019-04-29 11:00:00+00:00,2019-04-29 12:00:00+00:00,0.0,0.0,0.079794,0.0,0.6579320534172058,0.0,0.0,0.17923403075361252,0.0,0.0,0.04815655863308907,0.9733018382492066
2019-04-29 11:15:00+00:00,2019-04-29 12:15:00+00:00,0.005063,0.0,0.0,0.0,0.6516339182853699,0.0,0.0,0.1034885123372078,0.0,0.0,0.0,0.9911786913871765
2019-04-29 11:30:00+00:00,2019-04-29 12:30:00+00:00,0.005036,0.0,0.0,0.0,0.6843711137771606,0.0,0.0,0.0027955244295299053,0.0,0.0,0.0,1.0816867351531982
2019-04-29 11:45:00+00:00,2019-04-29 12:45:00+00:00,0.01504,0.0,0.018071,0.0,0.7072318238220214,0.0,0.0,0.0,0.0,0.0,0.0,1.127285425086975
2019-04-29 12:00:00+00:00,2019-04-29 13:00:00+00:00,0.0,0.0,0.0,0.0,0.7029187679290771,0.0,0.0,0.0,0.0,0.0,0.0,1.2265472412109375
2019-04-29 12:15:00+00:00,2019-04-29 13:15:00+00:00,0.0,0.0,0.005063,0.0,0.695774796283722,0.0,0.0,0.0,0.0,0.0,0.0,1.259999456680298
2019-04-29 12:30:00+00:00,2019-04-29 13:30:00+00:00,0.0,0.0,0.005036,0.0,0.6583965456352234,0.0,0.0,0.0,0.0,0.0,0.0,1.234146836982727
2019-04-29 12:45:00+00:00,2019-04-29 13:45:00+00:00,0.0,0.0,0.01504,0.0,0.6804003315353394,0.0,0.0,0.0,0.0,0.0,0.0,1.276397307434082
2019-04-29 13:00:00+00:00,2019-04-29 14:00:00+00:00,0.0,0.0,0.0,0.0,0.6623854637145996,0.0,0.0,0.0,0.0,0.0,0.0,1.3389567136764526
2019-04-29 13:15:00+00:00,2019-04-29 14:15:00+00:00,0.0,0.0,0.0,0.0,0.6066776514053345,0.0,0.0,0.0,0.0,0.0,0.0,1.412619709968567
2019-04-29 13:30:00+00:00,2019-04-29 14:30:00+00:00,0.0,0.0,0.0,0.0,0.5209428668022156,0.0,0.0,0.0,0.0,0.0,0.0,1.448226809501648
2019-04-29 13:45:00+00:00,2019-04-29 14:45:00+00:00,0.0,0.0,0.0,0.0,0.4613897204399109,0.0,0.0,0.0,0.0,0.0,0.0,1.4726890325546265
2019-04-29 14:00:00+00:00,2019-04-29 15:00:00+00:00,0.0,0.0,0.0,0.0,0.2772294580936432,0.0,0.0,0.0,0.0,0.0,0.0,1.5997722148895264
2019-04-29 14:15:00+00:00,2019-04-29 15:15:00+00:00,0.0,0.0,0.0,0.0,0.1704546958208084,0.0,0.0,0.0,0.0,0.0,0.0,1.7008254528045654
2019-04-29 14:30:00+00:00,2019-04-29 15:30:00+00:00,0.0,0.0,0.0,0.0,0.33588293194770813,0.0,0.0,0.0,0.0,0.0,0.0,1.6747006177902222
2019-04-29 14:45:00+00:00,2019-04-29 15:45:00+00:00,0.0,0.0,0.0,0.0,0.25853991508483887,0.0,0.0,0.0,0.0,0.0,0.0,1.729330062866211
2019-04-29 15:00:00+00:00,2019-04-29 16:00:00+00:00,0.0,0.0,0.0,0.0,0.40002408623695374,0.0,0.0,0.0,0.0,0.0,0.0,1.709835410118103
2019-04-29 15:15:00+00:00,2019-04-29 16:15:00+00:00,0.0,0.0,0.0,0.0,0.490891695022583,0.0,0.0,0.0,0.0,0.0,0.0,1.6779985427856445
2019-04-29 15:30:00+00:00,2019-04-29 16:30:00+00:00,0.0,0.0,0.0,0.010168783366680145,0.5617640018463135,0.0,0.0,0.0,0.0,0.0,0.0,1.6846922636032104
2019-04-29 15:45:00+00:00,2019-04-29 16:45:00+00:00,0.0,0.0,0.0,0.05591743439435959,0.5900789499282837,0.0,0.0,0.0,0.0,0.0,0.0,1.6787768602371216
2019-04-29 16:00:00+00:00,2019-04-29 17:00:00+00:00,0.0,0.0,0.0,0.03190015256404877,0.5620168447494507,0.0,0.0,0.0,0.0,0.0,0.0,1.6348049640655518
2019-04-29 16:15:00+00:00,2019-04-29 17:15:00+00:00,0.0,0.0,0.0,0.11406287550926208,0.6039779186248779,0.0,0.0,0.0,0.0,0.0,0.0,1.6611120700836182
2019-04-29 16:30:00+00:00,2019-04-29 17:30:00+00:00,0.0,0.0,0.0,0.12312831729650497,0.5834908485412598,0.0,0.0,0.0,0.0,0.0,0.0,1.7214462757110596
2019-04-29 16:45:00+00:00,2019-04-29 17:45:00+00:00,0.0,0.0,0.0,0.15262673795223236,0.5661386847496033,0.0,0.0,0.0,0.0,0.0,0.0,1.7662190198898315
2019-04-29 17:00:00+00:00,2019-04-29 18:00:00+00:00,0.0,0.0,0.0,0.20335088670253754,0.6094354391098022,0.0,0.0,0.030510686337947845,0.0,0.0,0.0,1.6289701461791992
2019-04-29 17:15:00+00:00,2019-04-29 18:15:00+00:00,0.0,0.0,0.0,0.234165757894516,0.619814932346344,0.0,0.0,0.10954008996486664,0.0,0.0,0.0,1.6036663055419922
2019-04-29 17:30:00+00:00,2019-04-29 18:30:00+00:00,0.0,0.0,0.0,0.06884388625621796,0.6116054654121399,0.0,0.0,0.031092921271920204,0.1843438297510147,0.0,0.0,1.8072820901870728
2019-04-29 17:45:00+00:00,2019-04-29 18:45:00+00:00,0.0,0.0,0.0,0.17806445062160492,0.38203462958335876,0.0,0.0,0.03502150624990463,0.3408479392528534,0.0,0.0,1.9592947959899902
2019-04-29 18:00:00+00:00,2019-04-29 19:00:00+00:00,0.0,0.0,0.0,0.058536797761917114,0.5176752805709839,0.0,0.0,0.14206351339817047,0.60237056016922,0.0,0.0,1.9204472303390503
2019-04-29 18:15:00+00:00,2019-04-29 19:15:00+00:00,0.0,0.0,0.0,0.13253039121627808,0.5313133597373962,0.0,0.0,0.33995383977890015,0.7967506647109985,0.0,0.0,1.9874145984649658
2019-04-29 18:30:00+00:00,2019-04-29 19:30:00+00:00,0.0,0.0,0.0,0.23673726618289948,0.5873830914497375,0.23491990566253662,0.025416182354092598,0.5134008526802063,0.9353611469268799,0.0,0.0,2.000582695007324
2019-04-29 18:45:00+00:00,2019-04-29 19:45:00+00:00,0.0,0.0,0.0,0.436457097530365,0.4218024015426636,0.12081364542245865,0.0,0.5140266418457031,0.9698683619499207,0.0,0.0,2.0556671619415283
2019-04-29 19:00:00+00:00,2019-04-29 20:00:00+00:00,0.0,0.0,0.0,0.4073565900325775,0.6867796778678894,0.4709177613258362,0.07847488671541214,0.703238844871521,0.9974830746650696,0.0,0.0,1.991010069847107
2019-04-29 19:15:00+00:00,2019-04-29 20:15:00+00:00,0.0,0.0,0.0,0.43107637763023376,0.797877848148346,0.6579717993736267,0.20737797021865845,0.8532739877700806,1.2560994625091553,0.0,0.0,2.134993314743042
2019-04-29 19:30:00+00:00,2019-04-29 20:30:00+00:00,0.0,0.0,0.0,0.45794209837913513,0.6387659311294556,0.5797024369239807,0.02084219455718994,0.8177216649055481,1.4387807846069336,0.0,0.0,2.3417818546295166
2019-04-29 19:45:00+00:00,2019-04-29 20:45:00+00:00,0.0,0.0,0.0,0.46743255853652954,0.8005284070968628,0.811096727848053,0.31800204515457153,1.0925540924072266,1.5815380811691284,0.0016659788088873029,0.03018154762685299,2.457990884780884
2019-04-29 20:00:00+00:00,2019-04-29 21:00:00+00:00,0.0,0.0,0.0,0.7293321490287781,0.8595594763755798,1.005057454109192,0.4292033016681671,1.1986442804336548,1.6769678592681885,0.07454879581928253,0.2061898559331894,2.5950822830200195
2019-04-29 20:15:00+00:00,2019-04-29 21:15:00+00:00,0.0,0.0,0.0,0.9096466898918152,0.9296950101852417,1.2069740295410156,0.5177334547042847,1.2621142864227295,1.785443902015686,0.21796073019504547,0.23089957237243652,2.712129831314087
2019-04-29 20:30:00+00:00,2019-04-29 21:30:00+00:00,0.0,0.0,0.0,1.0777109861373901,1.0493303537368774,1.3490991592407227,0.5935130715370178,1.3369959592819214,1.9225714206695557,0.3591119050979614,0.33355551958084106,2.830517292022705
2019-04-29 20:45:00+00:00,2019-04-29 21:45:00+00:00,0.165016,8.0,0.0,1.252317190170288,1.1380645036697388,1.407202959060669,0.5992821455001831,1.3847661018371582,1.9899888038635254,0.4696263074874878,0.5780420899391174,2.954596519470215
2019-04-29 21:00:00+00:00,2019-04-29 22:00:00+00:00,0.925203,32.0,0.0,1.2850704193115234,1.2282752990722656,1.5543792247772217,0.5933613777160645,1.408102035522461,2.0551466941833496,0.5787175893783569,0.7731411457061768,3.015198230743408
2019-04-29 21:15:00+00:00,2019-04-29 22:15:00+00:00,2.0472810000000004,70.0,0.0,1.489052653312683,1.5179612636566162,1.8463937044143677,0.8592439889907837,1.5857757329940796,2.163252353668213,0.7660086154937744,1.0592535734176636,3.083247661590576
2019-04-29 21:30:00+00:00,2019-04-29 22:30:00+00:00,2.0047349999999997,68.0,0.0,1.7191169261932373,1.6151156425476074,2.20854115486145,1.117245078086853,1.7667516469955444,2.2076966762542725,0.8868191838264465,1.0265309810638428,3.133140802383423
2019-04-29 21:45:00+00:00,2019-04-29 22:45:00+00:00,2.701453,88.0,0.165016,2.3029325649414063,1.8859108135375977,2.812525813308716,1.45295602532959,2.156175439086914,2.320404832092285,1.0310550973091126,1.218850080696106,3.2664313957366944
2019-04-29 22:00:00+00:00,2019-04-29 23:00:00+00:00,3.397078,124.0,0.925203,3.8656040772705076,2.913159643104553,4.305046473434448,2.5044317588119505,3.260988627365112,3.35179892628479,1.932014499595642,2.095076237609863,4.009661589553833
2019-04-29 22:15:00+00:00,2019-04-29 23:15:00+00:00,4.461297,160.0,2.0472810000000004,5.888627025466919,4.377703639846802,6.376567575317383,4.019173476081848,4.730119678359985,4.729602548461914,3.1195054977951053,3.309223505836487,5.172677966934204
2019-04-29 22:30:00+00:00,2019-04-29 23:30:00+00:00,5.168844,218.0,2.0047349999999997,6.187284476623535,4.616988427505493,6.837101466522217,4.244327790603638,4.830959088668823,5.043696172103882,3.2821079562759397,3.5031166146850583,5.33884406791687
2019-04-29 22:45:00+00:00,2019-04-29 23:45:00+00:00,7.258781,291.0,2.701453,7.337085991790771,5.902484923294067,8.24127748577881,5.425542860916138,5.906856804779053,6.14763334362793,4.282291084220886,4.681139379432678,6.293819695404053
2019-04-29 23:00:00+00:00,2019-04-30 00:00:00+00:00,9.307813,369.0,3.397078,8.570756398132325,7.020823679855347,9.65063663571167,6.720318041732789,6.9652027711181645,7.184659682205201,5.361213527610779,5.708416186264039,7.2220174893646245
2019-04-29 23:15:00+00:00,2019-04-30 00:15:00+00:00,11.14553,441.0,4.461297,10.378812754699707,8.657760108062744,11.346369708129883,8.445938313552857,8.463981116363525,8.656791651794434,6.793182099411011,7.177411044189453,8.555721724578857
2019-04-29 23:30:00+00:00,2019-04-30 00:30:00+00:00,12.6,497.0,5.168844,11.322958723205566,9.664907232421875,12.067772165435791,9.597626939910889,9.292765871185303,9.731194749969482,7.81947352041626,8.106280819076538,9.499783769744873
2019-04-29 23:45:00+00:00,2019-04-30 00:45:00+00:00,13.78628,530.0,7.258781,13.539291425567626,12.046846910339355,13.961927457672118,12.049469514709472,11.635095163208007,12.209855123382567,10.235733791213988,10.40342597566223,11.828916116577147
2019-04-30 00:00:00+00:00,2019-04-30 01:00:00+00:00,17.834249,595.0,9.307813,15.6230247729187,14.497059654510497,15.738457035339355,14.630223583496093,14.006727527893066,14.627785038269042,12.740749668395996,13.068067383087158,14.17456514767456
2019-04-30 00:15:00+00:00,2019-04-30 01:15:00+00:00,19.1415,636.0,11.14553,17.351456895141602,16.384992852478028,17.086362614898682,16.559618249206544,15.853538289337159,16.637018933563233,14.849356665878297,15.244937672882081,16.0700962689209
2019-04-30 00:30:00+00:00,2019-04-30 01:30:00+00:00,20.986441,668.0,12.6,18.756801223754884,17.811698532104494,18.08864555358887,17.900841808319093,17.207807636260988,18.059797859191896,16.438099002838136,16.709994411468507,17.412692165374757
2019-04-30 00:45:00+00:00,2019-04-30 01:45:00+00:00,22.56625,709.0,13.78628,19.88116010406494,18.713449799804685,18.859761559753416,18.84003003814697,18.256030404357908,19.012171113281248,17.55248531082153,17.67758663871765,18.425294244079588
2019-04-30 01:00:00+00:00,2019-04-30 02:00:00+00:00,24.00913,755.0,17.834249,23.127351741241455,22.266347388671875,22.119791964935303,22.33223245565796,21.702580909179687,22.469743232177734,21.209550361083984,21.131812076019287,21.815615872787475
2019-04-30 01:15:00+00:00,2019-04-30 02:15:00+00:00,25.97963,805.0,19.1415,23.186802867889405,22.422022108078004,22.05996203804016,22.7726936378479,21.882367376327515,22.86788773918152,21.45971346282959,21.30048060798645,22.10300541305542
2019-04-30 01:30:00+00:00,2019-04-30 02:30:00+00:00,27.39275,849.0,20.986441,23.789375885025024,23.213322980895995,22.94991789628601,23.810069425598144,22.84612105657196,24.006785972610473,22.536389573112487,22.17019937802887,23.128033025756835
2019-04-30 01:45:00+00:00,2019-04-30 02:45:00+00:00,29.230249,932.0,22.56625,24.1267090177536,23.942424688339234,23.666872296333313,24.583505783081055,23.706796798706055,24.953725967407227,23.45182767868042,23.017953876256943,24.016077909469605
2019-04-30 02:00:00+00:00,2019-04-30 03:00:00+00:00,30.058001,954.0,24.00913,24.869796155815123,24.698249577407836,24.39552435172081,24.979505835895537,24.364281891708373,25.598112820510863,23.811835228328704,23.309475182418822,24.285550444250106
2019-04-30 02:15:00+00:00,2019-04-30 03:15:00+00:00,31.26988,1011.0,25.97963,25.43559969127655,26.098146892194748,25.51561964214325,26.081443413202763,25.91263210684538,26.962305671577454,25.20146257341385,24.736368662719727,25.430164462928772
2019-04-30 02:30:00+00:00,2019-04-30 03:30:00+00:00,32.24725,1042.0,27.39275,26.53519431257248,26.508335088729858,26.074277137756347,26.627311383724212,26.37678537273407,27.5606418749094,25.23889372253418,25.31417128944397,25.773688172340393
2019-04-30 02:45:00+00:00,2019-04-30 03:45:00+00:00,32.65237,1059.0,29.230249,27.295995307373047,27.671224308418275,27.36778039972687,27.737329912590027,27.58082718889618,28.64848370592499,26.141857695983887,26.408780646728516,26.74808247129822
2019-04-30 03:00:00+00:00,2019-04-30 04:00:00+00:00,33.820499,1091.0,30.058001,27.70308967263794,28.134675938201905,27.871940809799195,27.956452805114747,28.013994175506593,28.847240764213563,26.444464642120362,26.863053280426026,26.813769299102784
2019-04-30 03:15:00+00:00,2019-04-30 04:15:00+00:00,34.477631,1119.0,31.26988,28.030028525238038,28.705886784439087,28.484395924453736,28.36368102157593,28.687271538619996,29.33142227256775,26.787655535583497,27.677816573028565,27.30362218940735
2019-04-30 03:30:00+00:00,2019-04-30 04:30:00+00:00,33.98238,1098.0,32.24725,28.78879396057129,29.29170815086365,29.188894430160524,28.823028007507325,29.160974422454835,29.513612190246583,27.195878902435304,28.14044133758545,27.62490407562256
2019-04-30 03:45:00+00:00,2019-04-30 04:45:00+00:00,33.437248,1067.0,32.65237,28.207554841156004,29.24540569793701,29.030536437149046,28.39404776107788,29.220727229232786,29.229750657196043,26.94569113265991,28.19118216049194,27.483979249114988
2019-04-30 04:00:00+00:00,2019-04-30 05:00:00+00:00,33.306,1049.0,33.820499,29.202142295288084,29.872466620849607,29.732539710449217,29.01013713781738,29.956825551437376,29.84468680326843,27.490999755310057,29.01035743658447,28.17605262701416
2019-04-30 04:15:00+00:00,2019-04-30 05:15:00+00:00,32.876381,1019.0,34.477631,29.186596778350832,30.218963054138186,29.891673949676516,29.074243930297854,30.5229989561615,30.044012931304934,27.890626815277102,29.494706061798098,28.48357858987427
2019-04-30 04:30:00+00:00,2019-04-30 05:30:00+00:00,32.047748999999996,974.0,33.98238,28.565698710327148,29.326977339630126,28.914475527648925,28.154773321990966,29.71500023925781,29.097419348602294,27.080398646240234,28.714363184814452,27.685244170074462
2019-04-30 04:45:00+00:00,2019-04-30 05:45:00+00:00,31.50263,942.0,33.437248,27.594280489776608,28.729156264160153,28.16234756359863,27.422000178192135,28.961458453033444,28.23381687054443,26.473316916320798,27.84607435116577,26.90062642941284
2019-04-30 05:00:00+00:00,2019-04-30 06:00:00+00:00,30.49725,899.0,33.306,27.355202919006345,28.23562074279785,27.748224979400632,27.11025453186035,28.28496337509155,27.74448419189453,25.84193063354492,27.312303310394284,26.529761558532712
2019-04-30 05:15:00+00:00,2019-04-30 06:15:00+00:00,29.589879999999997,858.0,32.876381,25.837426742034914,27.675027450042727,26.926739295440676,26.437805732208254,27.84195288034058,27.154875358062746,25.27010353417969,26.86377676339722,25.973739226776125
2019-04-30 05:30:00+00:00,2019-04-30 06:30:00+00:00,28.282631,810.0,32.047748999999996,25.10245938818359,26.455572085784908,25.825799422668453,25.5439796022644,26.626736598419185,26.04113526861572,24.16869302313232,25.807063537048336,24.995208220886227
2019-04-30 05:45:00+00:00,2019-04-30 06:45:00+00:00,27.223000000000003,769.0,31.50263,23.642789606933594,25.686214690093994,24.927058939819336,24.882399802093506,25.962083582763672,25.242372279052734,23.52967620361328,25.109750513916016,24.323089365844726
2019-04-30 06:00:00+00:00,2019-04-30 07:00:00+00:00,26.14325,733.0,30.49725,22.15053311920166,24.442871490478517,23.4961194190979,23.672928730010987,24.956150928497316,24.181835571289064,22.470295349121095,24.11787740325928,23.29553214645386
2019-04-30 06:15:00+00:00,2019-04-30 07:15:00+00:00,24.54681,690.0,29.589879999999997,21.227107058410642,23.168661127929685,22.11192895019531,22.75583363616943,23.945567141418454,23.213049898986814,21.55003644073486,23.22810793960571,22.390632639770505
2019-04-30 06:30:00+00:00,2019-04-30 07:30:00+00:00,22.92238,644.0,28.282631,19.69525726647949,21.745580275970458,20.58856256814575,21.515008529144286,22.51964863153076,21.900387366729735,20.396910747009276,21.861455043273924,21.071697314697264
2019-04-30 06:45:00+00:00,2019-04-30 07:45:00+00:00,21.238001,598.0,27.223000000000003,18.809019515991213,20.841425846099856,19.593530128479006,20.76898712921143,21.234209011077883,20.65796608734131,19.621773670196536,20.722282360076907,19.869332740783694
2019-04-30 07:00:00+00:00,2019-04-30 08:00:00+00:00,19.31431,539.0,26.14325,16.726986419677733,19.403423320770262,17.981361877441405,19.314342987060545,20.10170365524292,19.487516414642332,18.287297260284422,19.658034336090086,18.768147480010985
2019-04-30 07:15:00+00:00,2019-04-30 08:15:00+00:00,17.428248999999997,482.0,24.54681,14.886678545532227,17.61431535964966,16.114726870117188,17.75305589920044,18.440512030181885,17.900414793548585,16.836455195007325,18.11392769104004,17.17654928451538
2019-04-30 07:30:00+00:00,2019-04-30 08:30:00+00:00,15.43194,417.0,22.92238,13.192225008850098,16.174820452575684,14.420671015625,16.402738123779297,16.789346247558594,16.187632590179444,15.468852072601319,16.60398104751587,15.48639252746582
2019-04-30 07:45:00+00:00,2019-04-30 08:45:00+00:00,13.27506,352.0,21.238001,11.12873471887207,14.46220172555542,12.43731797845459,14.607320438934327,15.104259144378663,14.585993897033692,13.972861420227051,15.134758125854493,13.865322243286133
2019-04-30 08:00:00+00:00,2019-04-30 09:00:00+00:00,10.99591,282.0,19.31431,9.214305803833007,12.584244654235839,10.361105845031737,12.688384459075927,13.15758220916748,12.747599527893065,12.21394912963867,13.140477106628417,12.052746222076415
2019-04-30 08:15:00+00:00,2019-04-30 09:15:00+00:00,8.832251,219.0,17.428248999999997,7.638697265075681,10.719555495666501,8.452106116699216,10.988738177703855,11.324516414093015,11.091870902465818,10.608657954620359,11.414413569854734,10.415752528594968
2019-04-30 08:30:00+00:00,2019-04-30 09:30:00+00:00,6.5144839999999995,171.0,15.43194,6.020183484497071,8.964160363616944,6.723833959045411,9.497910897674561,9.41616908782959,9.293778817596436,9.000321309509278,9.647936742248536,8.623360555114747
2019-04-30 08:45:00+00:00,2019-04-30 09:45:00+00:00,4.525062999999999,106.0,13.27506,4.327022852478027,7.200475992736816,4.868158640441894,7.734676184234619,7.473373236236572,7.406790079650879,7.412152590332031,7.928151907501221,6.76039821105957
2019-04-30 09:00:00+00:00,2019-04-30 10:00:00+00:00,2.797703,74.0,10.99591,3.253590416107178,5.449623893890381,3.4200809709167483,6.133838009033203,5.370244335327149,5.359476875457764,5.6439793817138675,5.834269832763672,4.795343708190918
2019-04-30 09:15:00+00:00,2019-04-30 10:15:00+00:00,1.683555,65.0,8.832251,1.8787826772460932,3.463078903747558,1.639331745697021,3.909651684356689,3.557845520568847,3.445660519195556,3.6138700719604486,4.19707386453247,2.8408779378662103
2019-04-30 09:30:00+00:00,2019-04-30 10:30:00+00:00,1.045187,42.0,6.5144839999999995,1.4447656390991206,2.440010618957519,1.291950773986816,2.663152766021728,1.7443123576965327,1.675697874816894,2.3954048869934077,2.4539914844360347,1.1000467059936518
2019-04-30 09:45:00+00:00,2019-04-30 10:45:00+00:00,0.5703090000000001,21.0,4.525062999999999,0.5703210451965326,1.1360163309936517,0.25918861416625916,0.9627284624938959,0.204324684417724,0.26663681057739197,1.14399381665039,1.064030609405517,0.0
2019-04-30 10:00:00+00:00,2019-04-30 11:00:00+00:00,0.199216,5.0,2.797703,0.003708573272704907,0.2504300793914793,0.0,0.18883225529479963,0.0,0.0,0.3464202603607176,0.11972639172363264,0.0
2019-04-30 10:15:00+00:00,2019-04-30 11:15:00+00:00,0.0,0.0,1.683555,0.0,0.0,0.0,0.0,0.0,0.0,0.0,0.0,0.0
2019-04-30 10:30:00+00:00,2019-04-30 11:30:00+00:00,0.0,0.0,1.045187,0.0,0.0,0.0,0.0,0.0,0.0,0.0,0.0,0.0
2019-04-30 10:45:00+00:00,2019-04-30 11:45:00+00:00,0.0,0.0,0.5703090000000001,0.0,0.0,0.0,0.0,0.0,0.0,0.0,0.0,0.0
2019-04-30 11:00:00+00:00,2019-04-30 12:00:00+00:00,0.0,0.0,0.199216,0.0,0.0,0.0,0.0,0.0,0.0,0.0,0.0,0.0
2019-04-30 11:15:00+00:00,2019-04-30 12:15:00+00:00,0.0,0.0,0.0,0.0,0.08274849504232407,0.0,0.0,0.0,0.0,0.0,0.0,0.0
2019-04-30 11:30:00+00:00,2019-04-30 12:30:00+00:00,0.0,0.0,0.0,0.0,0.26249226927757263,0.0,0.0,0.0,0.0,0.0,0.0,0.0
2019-04-30 11:45:00+00:00,2019-04-30 12:45:00+00:00,0.0,0.0,0.0,0.0,0.3578852713108063,0.0,0.0,0.0,0.0840069055557251,0.0,0.0,0.09809979796409607
2019-04-30 12:00:00+00:00,2019-04-30 13:00:00+00:00,0.0,0.0,0.0,0.0,0.39529481530189514,0.0,0.0,0.0,0.23006552457809448,0.0,0.0,0.19501790404319763
2019-04-30 12:15:00+00:00,2019-04-30 13:15:00+00:00,0.0,0.0,0.0,0.0,0.40839022397994995,0.0,0.0,0.0,0.27294981479644775,0.0,0.0,0.26010823249816895
2019-04-30 12:30:00+00:00,2019-04-30 13:30:00+00:00,0.0,0.0,0.0,0.0,0.5178287029266357,0.0,0.0,0.07752880454063416,0.2422969937324524,0.0,0.0,0.19780221581459045
2019-04-30 12:45:00+00:00,2019-04-30 13:45:00+00:00,0.0,0.0,0.0,0.0,0.5017551779747009,0.0,0.0,0.00365971471183002,0.29446032643318176,0.0,0.0,0.25672754645347595
2019-04-30 13:00:00+00:00,2019-04-30 14:00:00+00:00,0.0,0.0,0.0,0.0,0.44803449511528015,0.0,0.0,0.0,0.1962822824716568,0.0,0.0,0.1731739640235901
2019-04-30 13:15:00+00:00,2019-04-30 14:15:00+00:00,0.0,0.0,0.0,0.0,0.4055396616458893,0.0,0.0,0.0,0.17053383588790894,0.0,0.0,0.21416781842708588
2019-04-30 13:30:00+00:00,2019-04-30 14:30:00+00:00,0.0,0.0,0.0,0.0,0.4953778386116028,0.0,0.0,0.0,0.10860762000083923,0.0,0.0,0.16216517984867096
2019-04-30 13:45:00+00:00,2019-04-30 14:45:00+00:00,0.0,0.0,0.0,0.0,0.5067332983016968,0.0,0.0,0.0,0.17241571843624115,0.0,0.0,0.23060306906700134
2019-04-30 14:00:00+00:00,2019-04-30 15:00:00+00:00,0.0,0.0,0.0,0.0,0.47972768545150757,0.0,0.0,0.0,0.09781177341938019,0.0,0.0,0.2736855149269104
2019-04-30 14:15:00+00:00,2019-04-30 15:15:00+00:00,0.0,0.0,0.0,0.0,0.4612500071525574,0.0,0.0,0.0,0.079866923391819,0.0,0.0,0.2769637703895569
2019-04-30 14:30:00+00:00,2019-04-30 15:30:00+00:00,0.0,0.0,0.0,0.0,0.4707871377468109,0.0,0.0,0.0,0.052371714264154434,0.0,0.0,0.23700085282325745
2019-04-30 14:45:00+00:00,2019-04-30 15:45:00+00:00,0.0,0.0,0.0,0.0,0.4311544597148895,0.0,0.0,0.0,0.08298748731613159,0.0,0.0,0.28312304615974426
2019-04-30 15:00:00+00:00,2019-04-30 16:00:00+00:00,0.0,0.0,0.0,0.0,0.41964101791381836,0.0,0.0,0.0,0.0029070437885820866,0.0,0.0,0.37421074509620667
2019-04-30 15:15:00+00:00,2019-04-30 16:15:00+00:00,0.0,0.0,0.0,0.0,0.34094560146331787,0.0,0.0,0.0,0.013114437460899353,0.0,0.0,0.4490026831626892
2019-04-30 15:30:00+00:00,2019-04-30 16:30:00+00:00,0.0,0.0,0.0,0.0,0.2929582893848419,0.0,0.0,0.0,0.06485242396593094,0.0,0.0,0.49525997042655945
2019-04-30 15:45:00+00:00,2019-04-30 16:45:00+00:00,0.0,0.0,0.0,0.029976049438118935,0.3092893958091736,0.0,0.0,0.0,0.11899816989898682,0.0,0.0,0.5270013213157654
2019-04-30 16:00:00+00:00,2019-04-30 17:00:00+00:00,0.0,0.0,0.0,0.06126457452774048,0.30233460664749146,0.0,0.0,0.0,0.16031767427921295,0.0,0.0,0.5626469850540161
2019-04-30 16:15:00+00:00,2019-04-30 17:15:00+00:00,0.0,0.0,0.0,0.08597004413604736,0.29512831568717957,0.0,0.0,0.0,0.20096787810325623,0.0,0.0,0.601426899433136
2019-04-30 16:30:00+00:00,2019-04-30 17:30:00+00:00,0.0,0.0,0.0,0.07579070329666138,0.3256026804447174,0.0,0.0,0.0,0.2539961636066437,0.0,0.0,0.645068347454071
2019-04-30 16:45:00+00:00,2019-04-30 17:45:00+00:00,0.0,0.0,0.0,0.10228084772825241,0.3325330913066864,0.0,0.0,0.0,0.309045672416687,0.034898560494184494,0.0,0.6959995031356812
2019-04-30 17:00:00+00:00,2019-04-30 18:00:00+00:00,0.0,0.0,0.0,0.091218501329422,0.3423859775066376,0.0,0.0,0.0,0.36450064182281494,0.1227789893746376,0.0,0.7514739036560059
2019-04-30 17:15:00+00:00,2019-04-30 18:15:00+00:00,0.0,0.0,0.0,0.06950192153453827,0.3999311327934265,0.0,0.0,0.0,0.4333235025405884,0.24212221801280975,0.0,0.8011594414710999
2019-04-30 17:30:00+00:00,2019-04-30 18:30:00+00:00,0.0,0.0,0.0,0.08566316962242126,0.43140754103660583,0.0,0.0,0.0,0.5102987289428711,0.3505150079727173,0.0,0.8657752871513367
2019-04-30 17:45:00+00:00,2019-04-30 18:45:00+00:00,0.0,0.0,0.0,0.0961015447974205,0.48535099625587463,0.0,0.0,0.0,0.5934098362922668,0.45628949999809265,0.0,0.9306483268737793
2019-04-30 18:00:00+00:00,2019-04-30 19:00:00+00:00,0.0,0.0,0.0,0.14001382887363434,0.48441049456596375,0.08119350671768188,0.0,0.0,0.6825182437896729,0.5102247595787048,0.0,1.0305908918380737
2019-04-30 18:15:00+00:00,2019-04-30 19:15:00+00:00,0.0,0.0,0.0,0.18742342293262482,0.5457651019096375,0.19199655950069427,0.0,0.0,0.7710971236228943,0.6499576568603516,0.0,1.1055549383163452
2019-04-30 18:30:00+00:00,2019-04-30 19:30:00+00:00,0.0,0.0,0.0,0.3112429976463318,0.5313093066215515,0.3113583028316498,0.0,0.044671181589365005,0.858712911605835,0.6997495293617249,0.0,1.2013916969299316
2019-04-30 18:45:00+00:00,2019-04-30 19:45:00+00:00,0.0,0.0,0.0,0.4785015881061554,0.49842819571495056,0.43227139115333557,0.0,0.17883813381195068,0.9146343469619751,0.8522905111312866,0.0,1.2877005338668823
2019-04-30 19:00:00+00:00,2019-04-30 20:00:00+00:00,0.0,0.0,0.0,0.4415929615497589,0.721767246723175,0.6964909434318542,0.0,0.3005174696445465,1.0353474617004395,0.956394612789154,0.0,1.3581372499465942
2019-04-30 19:15:00+00:00,2019-04-30 20:15:00+00:00,0.0,0.0,0.0,0.740425169467926,0.5830449461936951,0.7990314364433289,0.0,0.37701326608657837,1.0834429264068604,0.9889897704124451,0.10172135382890701,1.4510259628295898
2019-04-30 19:30:00+00:00,2019-04-30 20:30:00+00:00,0.0,0.0,0.0,0.7010433673858643,0.6626501083374023,0.9377780556678772,0.0,0.4237982928752899,1.2461163997650146,1.070434808731079,0.15569819509983063,1.560688853263855
2019-04-30 19:45:00+00:00,2019-04-30 20:45:00+00:00,0.0,0.0,0.0,0.8538463711738586,0.7112754583358765,1.0925586223602295,0.0,0.565385103225708,1.368163824081421,1.2043936252593994,0.2946009337902069,1.6493748426437378
2019-04-30 20:00:00+00:00,2019-04-30 21:00:00+00:00,0.0,0.0,0.0,1.0096664428710938,0.7106068134307861,1.2181881666183472,0.0,0.5536607503890991,1.4416090250015259,1.2623449563980103,0.3252146244049072,1.7834498882293701
2019-04-30 20:15:00+00:00,2019-04-30 21:15:00+00:00,0.0,0.0,0.0,1.2418931722640991,0.8860136270523071,1.4416831731796265,0.23448047041893005,0.7760200500488281,1.5467958450317383,1.4356344938278198,0.5329411029815674,1.8836112022399902
2019-04-30 20:30:00+00:00,2019-04-30 21:30:00+00:00,0.002239,3.0,0.0,1.3716779947280884,1.0090450048446655,1.6216434240341187,0.3304005563259125,0.872442364692688,1.6869826316833496,1.542872667312622,0.6373739838600159,1.9911004304885864
2019-04-30 20:45:00+00:00,2019-04-30 21:45:00+00:00,0.384549,20.0,0.0,1.5126783847808838,1.2345333099365234,1.8700861930847168,0.5614336133003235,1.0842336416244507,1.8320623636245728,1.7577383518218994,0.842305600643158,2.031226873397827
2019-04-30 21:00:00+00:00,2019-04-30 22:00:00+00:00,0.6461600000000001,41.0,0.0,1.9485899209976196,1.376089096069336,2.0126395225524902,0.5981764197349548,1.1805317401885986,1.8930225372314453,1.7373414039611816,0.97941654920578,2.181056499481201
2019-04-30 21:15:00+00:00,2019-04-30 22:15:00+00:00,0.7502850000000001,62.0,0.0,2.0033652782440186,1.4855848550796509,2.1945109367370605,0.6652315258979797,1.2194300889968872,2.0376930236816406,1.8033697605133057,1.0486398935317993,2.2870798110961914
2019-04-30 21:30:00+00:00,2019-04-30 22:30:00+00:00,0.742643,106.0,0.002239,2.303307305969238,1.779696356452942,2.425466548599243,0.953826975025177,1.455888640083313,2.134342443145752,1.9757812134399415,1.2951551787033082,2.3518102280273436
2019-04-30 21:45:00+00:00,2019-04-30 22:45:00+00:00,0.839357,148.0,0.384549,3.3160122415771482,2.4729481718292234,3.3845926305999754,1.666025378440857,2.058765628074646,2.705702163909912,2.537374355529785,1.8634807846298218,2.8617096922149656
2019-04-30 22:00:00+00:00,2019-04-30 23:00:00+00:00,0.823061,178.0,0.6461600000000001,4.255719535980225,2.9901949102020264,4.315644853744507,2.292625063095093,2.65610348526001,3.3135048085784913,3.0655780965423585,2.3324025804138184,3.3112076455688477
2019-04-30 22:15:00+00:00,2019-04-30 23:15:00+00:00,0.941938,269.0,0.7502850000000001,4.865069717559814,3.3762143556213378,5.050545066986084,2.7467689220046996,3.0040450994110106,3.7519796792602538,3.4377048913574217,2.5800511542892455,3.6466210786437987
2019-04-30 22:30:00+00:00,2019-04-30 23:30:00+00:00,1.025828,346.0,0.742643,5.576145769470215,3.698061586730957,5.753705622070313,3.1840919269256593,3.3297108424835207,3.998262049072266,3.6979137672119142,2.84914672505188,3.8358494056396486
2019-04-30 22:45:00+00:00,2019-04-30 23:45:00+00:00,1.065805,357.0,0.839357,6.2895260864562985,4.224558215744018,6.752054792053222,3.778622489578247,3.789427381164551,4.335343938476562,4.072765212661743,3.300664764053345,4.107857804901123
2019-04-30 23:00:00+00:00,2019-05-01 00:00:00+00:00,1.187895,481.0,0.823061,6.806062232147217,4.500044118057251,7.35518933404541,4.366618167053223,4.092992554794312,4.662960778366089,4.36259056199646,3.7138540850982666,4.378941784988403
2019-04-30 23:15:00+00:00,2019-05-01 00:15:00+00:00,0.940188,532.0,0.941938,7.574151115692139,5.087973671234131,8.158516960418702,5.014561252868653,4.5787320902709965,5.070452766693116,4.757071094787598,4.287411527908326,4.761812286651612
2019-04-30 23:30:00+00:00,2019-05-01 00:30:00+00:00,1.310285,568.0,1.025828,8.149390335968018,5.558582898071289,8.628140088012696,5.483765240600586,4.902392502716064,5.41233980267334,5.076241608551025,4.740943070343017,5.0813928803710935
2019-04-30 23:45:00+00:00,2019-05-01 00:45:00+00:00,1.390211,658.0,1.065805,8.560803455047607,5.985338729553223,8.918852847747802,5.786730331115723,5.185956996612549,5.548343223266602,5.256274264984131,5.072210830383301,5.226530116729736
2019-05-01 00:00:00+00:00,2019-05-01 01:00:00+00:00,0.976937,671.0,1.187895,8.867665946502685,6.451692283172608,9.160495936889648,6.074034392852783,5.490189254302979,5.799263656158447,5.541485488433838,5.535307109375,5.54035443069458
2019-05-01 00:15:00+00:00,2019-05-01 01:15:00+00:00,1.091535,564.0,0.940188,8.97443635205078,6.589529106414795,9.140737125671386,5.8368731234436035,5.365184376037598,5.547785351074219,5.440711090362549,5.5100155566101074,5.362334320343018
2019-05-01 00:30:00+00:00,2019-05-01 01:30:00+00:00,18.88731,774.0,1.310285,9.501321224365235,7.11998024383545,9.621862796936036,6.049504665527344,5.775257972869873,5.996635345611573,5.913677601013184,5.997884658966065,5.805916217956543
2019-05-01 00:45:00+00:00,2019-05-01 01:45:00+00:00,21.099751,821.0,1.390211,9.569560899291993,7.2885559935913085,9.657654656921387,5.905394448791504,5.813675775085449,6.099408998046875,6.052024735961914,6.147825612579346,5.91533364251709
2019-05-01 01:00:00+00:00,2019-05-01 02:00:00+00:00,22.26613,871.0,0.976937,9.27147645159912,6.9042632023925785,9.167737666809082,5.459609691345215,5.232205573760987,5.493458453857422,5.6852995793457035,5.889767829620362,5.370030585968018
2019-05-01 01:15:00+00:00,2019-05-01 02:15:00+00:00,21.72888,907.0,1.091535,9.591418651733399,6.923795608673096,9.28514137664795,5.4262942353820804,5.105861572418213,5.342886356506348,5.727803615722657,5.9625209848022465,5.298647312316895
2019-05-01 01:30:00+00:00,2019-05-01 02:30:00+00:00,23.30081,939.0,18.88731,26.32069108062744,24.83596083694458,26.03318116241455,22.39646265083313,22.21854230934143,22.652826519546508,23.51612278991699,23.3999151902771,22.941569300231933
2019-05-01 01:45:00+00:00,2019-05-01 02:45:00+00:00,23.948311,971.0,21.099751,27.609630589080812,26.77238274057007,27.264454845977784,23.629105572296144,23.59387588937378,24.101652626586915,25.38038015802002,25.104179386688234,24.85238624055481
2019-05-01 02:00:00+00:00,2019-05-01 03:00:00+00:00,24.51181,1007.0,22.26613,28.173235922698975,27.48134282196045,27.4294019039917,24.024605184440613,23.741059451942444,24.263016014938355,25.72991517150879,25.35145428741455,25.18806841934204
2019-05-01 02:15:00+00:00,2019-05-01 03:15:00+00:00,25.086691,1038.0,21.72888,26.97052390563965,26.342374873046875,26.097718787078858,22.73392171848297,22.405188631896973,22.861504745368958,24.45639021385193,23.94822485435486,23.79464943397522
2019-05-01 02:30:00+00:00,2019-05-01 03:30:00+00:00,25.362748999999997,1058.0,23.30081,27.6834947076416,27.28762044578552,26.805506130752562,23.491972824630736,23.459852969346045,23.721885850725172,25.3161851373291,24.818620106277464,24.649042626914976
2019-05-01 02:45:00+00:00,2019-05-01 03:45:00+00:00,25.478251,1063.0,23.948311,27.826309113632202,27.294411091934204,26.49499192727661,23.40091875089264,23.43560007108307,23.55350151551819,25.20721152318573,24.843338458667755,24.43781718505478
2019-05-01 03:00:00+00:00,2019-05-01 04:00:00+00:00,25.413059,1070.0,24.51181,27.655970509109498,27.12141555076599,26.11037367111206,23.381217176971436,23.348322446403504,23.28310304409027,24.917641158161164,24.741452763733864,24.011760885772706
2019-05-01 03:15:00+00:00,2019-05-01 04:15:00+00:00,25.81731,1073.0,25.086691,27.507415630355833,26.743884064689635,25.932815827861784,23.233882643714903,23.50590942098236,23.165289499298094,24.609630294576643,24.7499654371891,23.680309154525755
2019-05-01 03:30:00+00:00,2019-05-01 04:30:00+00:00,26.14106,1081.0,25.362748999999997,27.074564834045407,26.30555309812927,25.501700718807218,22.94264640371704,23.47489656965637,22.85998072187805,24.229685087608335,24.53902592222595,23.207850833343503
2019-05-01 03:45:00+00:00,2019-05-01 04:45:00+00:00,25.46644,1066.0,25.478251,26.47394110734558,25.688598667336464,25.0101076262722,22.374593277526856,23.27331401879883,22.472632427764893,23.42933036859131,23.96856512601471,22.687629004074097
2019-05-01 04:00:00+00:00,2019-05-01 05:00:00+00:00,25.851,1041.0,25.413059,26.008018259033204,24.767714623435975,24.35182798288727,22.147467617019654,22.846197370513917,21.775510791763306,22.7495064773407,23.819642428382874,21.752501491531373
2019-05-01 04:15:00+00:00,2019-05-01 05:15:00+00:00,25.52725,1016.0,25.81731,25.80831043531507,24.17591753059387,23.853727603492736,21.762448931274413,22.69776883178711,21.476380014953612,22.020525837478637,23.38329687171936,21.308479452667235
2019-05-01 04:30:00+00:00,2019-05-01 05:30:00+00:00,25.99494,870.0,26.14106,25.12459612422943,23.779798870620727,23.19103181892395,21.700026159820556,22.160513287124633,21.1028257661438,21.870737200317382,22.918455963668823,20.702452784118652
2019-05-01 04:45:00+00:00,2019-05-01 05:45:00+00:00,29.92588,956.0,25.46644,23.619526900711058,22.27292398399353,21.7986035723114,20.2454607862854,21.102525510253905,19.87325791305542,20.449529447021483,21.718908585968016,19.38863591140747
2019-05-01 05:00:00+00:00,2019-05-01 06:00:00+00:00,28.22488,896.0,25.851,23.380634475708007,22.202034879684447,21.567113090515136,20.71956937408447,21.10363261795044,19.863028217315673,20.628998447418212,21.64565389251709,19.276511837005614
2019-05-01 05:15:00+00:00,2019-05-01 06:15:00+00:00,24.578751,622.0,25.52725,22.224255748748778,21.344215103149413,20.540381141662596,20.103072353363036,20.224424549102782,19.083350845336913,19.787796207427977,20.594326206207274,18.46346492385864
2019-05-01 05:30:00+00:00,2019-05-01 06:30:00+00:00,28.235809000000003,826.0,25.99494,22.05867381614685,21.255341725769043,20.50971289199829,20.035399632873535,20.698032575073242,19.356128888549804,19.581073003234863,20.610482888641357,18.7789394430542
2019-05-01 05:45:00+00:00,2019-05-01 06:45:00+00:00,26.286751,776.0,29.92588,25.464676424865722,24.76251034439087,23.972078844909667,23.76212029159546,24.46505074203491,23.021113917236327,23.218314215545654,24.256750151519775,22.473788306121826
2019-05-01 06:00:00+00:00,2019-05-01 07:00:00+00:00,24.946251,731.0,28.22488,22.564111491088866,22.630976935272216,21.688137789611815,22.124080439453124,22.579625864868163,21.20570113265991,21.641114970092772,22.41450240219116,20.631720324401854
2019-05-01 06:15:00+00:00,2019-05-01 07:15:00+00:00,21.269939,657.0,24.578751,19.480353268218995,18.862950714660645,18.057000073028565,18.898119839263916,19.04022732598877,17.579707058502198,18.298604401184082,18.9432906232605,17.067604931427002
2019-05-01 06:30:00+00:00,2019-05-01 07:30:00+00:00,22.441999,653.0,28.235809000000003,22.24489322470093,22.24978128240967,21.21728196905518,21.868610055908206,22.635594041809085,21.132882745727542,21.32759872244263,22.127927453979495,20.65242257879639
2019-05-01 06:45:00+00:00,2019-05-01 07:45:00+00:00,20.394939,587.0,26.286751,19.80951139123535,20.50751992852783,19.04961272866821,20.233823505950927,20.50392982156372,19.023144451690673,19.73516294152832,20.05522319467163,18.54290982873535
2019-05-01 07:00:00+00:00,2019-05-01 08:00:00+00:00,18.631809,529.0,24.946251,18.225050057006836,18.679258907867432,17.297292316986084,18.068129147125244,18.89977177484131,17.535276974273682,17.513566578460694,18.26886471612549,17.11893280847168
2019-05-01 07:15:00+00:00,2019-05-01 08:15:00+00:00,16.983310999999997,479.0,21.269939,14.25811439215088,14.789827401031495,13.383662754882813,14.37175660787964,15.025080735076905,13.762708718170167,13.814262444366456,14.567425782073975,13.398733670104981
2019-05-01 07:30:00+00:00,2019-05-01 08:30:00+00:00,14.63919,409.0,22.441999,14.706520121978759,15.744632762359618,14.190891784118651,15.154002707885741,16.11406521170044,14.83223347036743,14.66539005606079,15.56698040335083,14.534577887939452
2019-05-01 07:45:00+00:00,2019-05-01 08:45:00+00:00,12.93119,348.0,20.394939,12.426013047088624,14.20305257498169,12.49556499182129,13.665590817321778,14.323797280181886,12.864257866729737,13.188636834014893,13.786803776611329,12.641056115020753
2019-05-01 08:00:00+00:00,2019-05-01 09:00:00+00:00,10.68966,276.0,18.631809,10.850403551086426,12.373851064666749,10.81714654348755,11.616101030334473,12.53197932623291,11.151246789916993,11.125958208068848,12.060063127502442,11.010434392913819
2019-05-01 08:15:00+00:00,2019-05-01 09:15:00+00:00,8.457313000000001,212.0,16.983310999999997,9.144927325378415,10.856782260070798,9.21584636224365,10.000500502716061,10.856040778289792,9.5787585402832,9.596552672515866,10.448475661407468,9.494729342590329
2019-05-01 08:30:00+00:00,2019-05-01 09:30:00+00:00,6.309844,166.0,14.63919,6.932153504791259,8.63258723587036,7.0303976950073235,7.633569520416259,8.589859765472411,7.354820054473876,7.243681233825683,8.250202458801269,7.345513623657226
2019-05-01 08:45:00+00:00,2019-05-01 09:45:00+00:00,4.371938,105.0,12.93119,5.364483819427491,7.450560079040528,5.690843568267823,6.453423963012696,7.050024972381593,5.7933812002563485,6.101799951019288,6.858794198455811,5.864374146881104
2019-05-01 09:00:00+00:00,2019-05-01 10:00:00+00:00,2.800766,74.0,10.68966,3.861326622161865,5.488548683319092,3.970757412109375,4.327042984161377,5.12251608291626,3.9480752221679687,3.960353778991699,5.052695678863525,4.137938903961182
2019-05-01 09:15:00+00:00,2019-05-01 10:15:00+00:00,1.721234,62.0,8.457313000000001,2.4779819834594736,3.7814397204284678,2.462416111267091,2.580080448425294,3.2134503710632334,2.129640995300294,2.267359672821046,3.254481731689454,2.3789667475585947
2019-05-01 09:30:00+00:00,2019-05-01 10:30:00+00:00,0.923672,32.0,6.309844,1.103012067932129,2.3731522389831543,1.1767744847717285,1.090692503112793,1.508830530303955,0.5104837247314453,0.7183103391113281,1.6350126096191406,0.8360113927307129
2019-05-01 09:45:00+00:00,2019-05-01 10:45:00+00:00,0.564006,17.0,4.371938,0.0,1.3287744620208741,0.34367013958740245,0.028097400939941508,0.21653343228149424,0.0,0.0,0.38145066288757334,0.0
2019-05-01 10:00:00+00:00,2019-05-01 11:00:00+00:00,0.213073,5.0,2.800766,0.0,0.6477377502593993,0.0,0.0,0.0,0.0,0.0,0.22448135301208483,0.0
2019-05-01 10:15:00+00:00,2019-05-01 11:15:00+00:00,0.0,0.0,1.721234,0.0,0.40404752519989007,0.0,0.0,0.0,0.0,0.0,0.0,0.0
2019-05-01 10:30:00+00:00,2019-05-01 11:30:00+00:00,0.0,0.0,0.923672,0.0,0.2702052388877869,0.0,0.0,0.0,0.0,0.0,0.0,0.0
2019-05-01 10:45:00+00:00,2019-05-01 11:45:00+00:00,0.0,0.0,0.564006,0.0,0.4608987338719368,0.0,0.0,0.0,0.0,0.0,0.0,0.0
2019-05-01 11:00:00+00:00,2019-05-01 12:00:00+00:00,0.0,0.0,0.213073,0.0,0.4157099720697403,0.0,0.0,0.0,0.0,0.0,0.0,0.0
2019-05-01 11:15:00+00:00,2019-05-01 12:15:00+00:00,0.0,0.0,0.0,0.0,0.3649730682373047,0.0,0.0,0.0,0.0,0.0,0.0,0.048351626843214035
2019-05-01 11:30:00+00:00,2019-05-01 12:30:00+00:00,0.0,0.0,0.0,0.0,0.46113890409469604,0.0,0.0,0.01427256315946579,0.0,0.0,0.0,0.25811463594436646
2019-05-01 11:45:00+00:00,2019-05-01 12:45:00+00:00,0.0,0.0,0.0,0.0,0.5312145352363586,0.0,0.0,0.022754162549972534,0.0,0.0,0.0,0.4153672158718109
2019-05-01 12:00:00+00:00,2019-05-01 13:00:00+00:00,0.0,0.0,0.0,0.0,0.5450085997581482,0.0,0.0,0.0,0.0,0.0,0.0,0.7353410720825195
2019-05-01 12:15:00+00:00,2019-05-01 13:15:00+00:00,0.0,0.0,0.0,0.0,0.5861613154411316,0.0,0.0,0.0,0.126345694065094,0.0,0.0,0.8342505097389221
2019-05-01 12:30:00+00:00,2019-05-01 13:30:00+00:00,0.0,0.0,0.0,0.0,0.6471922397613525,0.0,0.0,0.059979360550642014,0.27324825525283813,0.0,0.0,0.8648297786712646
2019-05-01 12:45:00+00:00,2019-05-01 13:45:00+00:00,0.0,0.0,0.0,0.0,0.6814079880714417,0.0,0.0,0.1163150817155838,0.3401724398136139,0.0,0.0,0.8853950500488281
2019-05-01 13:00:00+00:00,2019-05-01 14:00:00+00:00,0.0,0.0,0.0,0.0,0.6588035225868225,0.0,0.0,0.09138716757297516,0.3830644190311432,0.0,0.033680811524391174,0.8465160727500916
2019-05-01 13:15:00+00:00,2019-05-01 14:15:00+00:00,0.0,0.0,0.0,0.0,0.6385942101478577,0.0,0.0,0.039376553148031235,0.4269936680793762,0.0,0.03550645336508751,0.854607343673706
2019-05-01 13:30:00+00:00,2019-05-01 14:30:00+00:00,0.0,0.0,0.0,0.0,0.6865972280502319,0.0,0.0,0.0,0.6255393624305725,0.23044584691524506,0.0,0.9724333882331848
2019-05-01 13:45:00+00:00,2019-05-01 14:45:00+00:00,0.0,0.0,0.0,0.0,0.5232598781585693,0.0,0.0,0.0,0.670840322971344,0.24013715982437134,0.0,1.0598571300506592
2019-05-01 14:00:00+00:00,2019-05-01 15:00:00+00:00,0.0,0.0,0.0,0.0,0.5391533970832825,0.0,0.0,0.0,0.5953118205070496,0.33885657787323,0.0,0.9062356352806091
2019-05-01 14:15:00+00:00,2019-05-01 15:15:00+00:00,0.0,0.0,0.0,0.0,0.4458809196949005,0.0,0.0,0.0,0.6018779277801514,0.2937292754650116,0.0,0.9258217811584473
2019-05-01 14:30:00+00:00,2019-05-01 15:30:00+00:00,0.0,0.0,0.0,0.013569522649049759,0.41489484906196594,0.0,0.0,0.0,0.6158749461174011,0.28817063570022583,0.0,0.939592182636261
2019-05-01 14:45:00+00:00,2019-05-01 15:45:00+00:00,0.0,0.0,0.0,0.0475081168115139,0.4486334025859833,0.0,0.0,0.0,0.6117241382598877,0.3265986442565918,0.0,0.9028980135917664
2019-05-01 15:00:00+00:00,2019-05-01 16:00:00+00:00,0.0,0.0,0.0,0.10679859668016434,0.4972926676273346,0.0,0.0,0.0,0.4838487207889557,0.3426232933998108,0.0,0.9714820981025696
2019-05-01 15:15:00+00:00,2019-05-01 16:15:00+00:00,0.0,0.0,0.0,0.13792483508586884,0.5773104429244995,0.0,0.0,0.0373174324631691,0.2943480908870697,0.3533342778682709,0.0,0.767280638217926
2019-05-01 15:30:00+00:00,2019-05-01 16:30:00+00:00,0.0,0.0,0.0,0.21308571100234985,0.6034760475158691,0.0,0.0,0.005387201905250549,0.32876110076904297,0.335249662399292,0.0,0.7837159037590027
2019-05-01 15:45:00+00:00,2019-05-01 16:45:00+00:00,0.0,0.0,0.0,0.2606568932533264,0.505477249622345,0.0,0.0,0.0,0.41165784001350403,0.3073388338088989,0.0,0.9069228172302246
2019-05-01 16:00:00+00:00,2019-05-01 17:00:00+00:00,0.0,0.0,0.0,0.27525782585144043,0.3787223696708679,0.0,0.0,0.0,0.4605605900287628,0.2652641534805298,0.0,1.0417388677597046
2019-05-01 16:15:00+00:00,2019-05-01 17:15:00+00:00,0.0,0.0,0.0,0.2856246531009674,0.3480180501937866,0.0,0.0,0.0,0.464281290769577,0.3537156581878662,0.0,1.1031849384307861
2019-05-01 16:30:00+00:00,2019-05-01 17:30:00+00:00,0.0,0.0,0.0,0.26100969314575195,0.3504355549812317,0.0,0.0,0.0,0.5183296203613281,0.37620070576667786,0.0,1.1744370460510254
2019-05-01 16:45:00+00:00,2019-05-01 17:45:00+00:00,0.0,0.0,0.0,0.24267929792404175,0.3637956380844116,0.0,0.0,0.0,0.5890020132064819,0.441238671541214,0.0,1.2341054677963257
2019-05-01 17:00:00+00:00,2019-05-01 18:00:00+00:00,0.0,0.0,0.0,0.22659100592136383,0.37875545024871826,0.0,0.0,0.0,0.6369782090187073,0.4815109968185425,0.0,1.2911548614501953
2019-05-01 17:15:00+00:00,2019-05-01 18:15:00+00:00,0.0,0.0,0.0,0.2460961490869522,0.3748580813407898,0.0,0.0,0.08803588896989822,0.6611431241035461,0.5681536197662354,0.0,1.3126038312911987
2019-05-01 17:30:00+00:00,2019-05-01 18:30:00+00:00,0.0,0.0,0.0,0.23448893427848816,0.40799370408058167,0.0,0.0,0.07698176801204681,0.8213639259338379,0.6020886301994324,0.0,1.4147661924362183
2019-05-01 17:45:00+00:00,2019-05-01 18:45:00+00:00,0.0,0.0,0.0,0.24744679033756256,0.4119020998477936,0.01791124790906906,0.0,0.1410485953092575,0.9226430654525757,0.674294650554657,0.0,1.4785041809082031
2019-05-01 18:00:00+00:00,2019-05-01 19:00:00+00:00,0.0,0.0,0.0,0.35836365818977356,0.4376664161682129,0.1375161111354828,0.0,0.20761878788471222,1.0236279964447021,0.6848624348640442,0.0,1.5361076593399048
2019-05-01 18:15:00+00:00,2019-05-01 19:15:00+00:00,0.0,0.0,0.0,0.32153579592704773,0.5445390939712524,0.24586080014705658,0.0,0.3015928566455841,1.1916314363479614,0.8111603856086731,0.0,1.6124180555343628
2019-05-01 18:30:00+00:00,2019-05-01 19:30:00+00:00,0.0,0.0,0.0,0.43345633149147034,0.5273729562759399,0.31832757592201233,0.0,0.4145335853099823,1.280371904373169,0.8880624771118164,0.043946102261543274,1.6994547843933105
2019-05-01 18:45:00+00:00,2019-05-01 19:45:00+00:00,0.0,0.0,0.0,0.5146917104721069,0.5678149461746216,0.4399619400501251,0.011080017313361168,0.5395611524581909,1.3905020952224731,0.9953891038894653,0.12165865302085876,1.7866994142532349
2019-05-01 19:00:00+00:00,2019-05-01 20:00:00+00:00,0.0,0.0,0.0,0.5718228220939636,0.5861155986785889,0.5483688116073608,0.13238421082496643,0.640079140663147,1.5519999265670776,1.0751559734344482,0.19022315740585327,1.9062530994415283
2019-05-01 19:15:00+00:00,2019-05-01 20:15:00+00:00,0.0,0.0,0.0,0.750778317451477,0.5866645574569702,0.6484369039535522,0.3406972885131836,0.7735440135002136,1.6323531866073608,1.1867460012435913,0.31316789984703064,1.9910095930099487
2019-05-01 19:30:00+00:00,2019-05-01 20:30:00+00:00,0.0,0.0,0.0,0.8644096851348877,0.6954980492591858,0.8399147391319275,0.5487455725669861,0.9572718143463135,1.7639429569244385,1.3630191087722778,0.42446717619895935,2.076819658279419
2019-05-01 19:45:00+00:00,2019-05-01 20:45:00+00:00,0.0,0.0,0.0,0.9239327311515808,0.816177487373352,1.030619502067566,0.6913768649101257,1.0986534357070923,1.9253798723220825,1.5088515281677246,0.5104482769966125,2.1234705448150635
2019-05-01 20:00:00+00:00,2019-05-01 21:00:00+00:00,0.015515,0.0,0.0,1.2446283102035522,0.9367772936820984,1.2872087955474854,0.9051886200904846,1.2881276607513428,1.9573924541473389,1.6393237113952637,0.714353084564209,2.155454158782959
2019-05-01 20:15:00+00:00,2019-05-01 21:15:00+00:00,0.0,0.0,0.0,1.4838885068893433,1.04389226436615,1.5185703039169312,1.0378165245056152,1.3815003633499146,2.0603926181793213,1.7091758251190186,0.7984143495559692,2.2090277671813965
2019-05-01 20:30:00+00:00,2019-05-01 21:30:00+00:00,0.024105,3.0,0.0,1.8632471561431885,0.9461458921432495,1.5899521112442017,1.0566487312316895,1.434020757675171,2.1196861267089844,1.7386480569839478,0.9233848452568054,2.345921277999878
2019-05-01 20:45:00+00:00,2019-05-01 21:45:00+00:00,0.351859,17.0,0.0,1.9642491340637207,1.1383579969406128,1.8503834009170532,1.2678933143615723,1.6377257108688354,2.172006607055664,1.8908145427703857,1.0533978939056396,2.4642302989959717
2019-05-01 21:00:00+00:00,2019-05-01 22:00:00+00:00,0.75507,36.0,0.015515,1.946262628211975,1.2873523537063598,2.0802766386413576,1.3624900881195068,1.7600733343505859,2.3546222750091554,2.03990784324646,1.1381906572723388,2.639549404754639
2019-05-01 21:15:00+00:00,2019-05-01 22:15:00+00:00,1.141656,56.0,0.0,1.9611400365829468,1.3142266273498535,2.27435040473938,1.3746799230575562,1.764380693435669,2.5184543132781982,2.1137824058532715,1.1616216897964478,2.7624025344848633
2019-05-01 21:30:00+00:00,2019-05-01 22:30:00+00:00,1.811578,98.0,0.024105,2.1804470295715332,1.4519042248535157,2.4858135456848145,1.5119774813461304,1.8755381579208374,2.688625025253296,2.269167589645386,1.292691277961731,2.8941084618377686
2019-05-01 21:45:00+00:00,2019-05-01 22:45:00+00:00,2.815914,137.0,0.351859,2.9833666351165773,2.0581696298446657,3.302591469558716,2.1346241500701906,2.466651585372925,3.2010094192352296,2.809086945327759,1.8100942638244628,3.36076751020813
2019-05-01 22:00:00+00:00,2019-05-01 23:00:00+00:00,4.333437,187.0,0.75507,3.842412023849487,2.7189882090759276,4.279465942687988,2.8672516635131835,3.207843571014404,4.058767109222412,3.4991438677978515,2.431780247993469,4.009746818847656
2019-05-01 22:15:00+00:00,2019-05-01 23:15:00+00:00,6.152563,255.0,1.141656,4.89872296510315,3.416654426437378,5.183954793792725,3.6133452242431643,3.9283252543029787,4.7510948961791994,4.138861257415772,3.1009938305435183,4.591616947036743
2019-05-01 22:30:00+00:00,2019-05-01 23:30:00+00:00,8.177094,319.0,1.811578,6.284218037536621,4.548965895584106,6.575861180236816,4.764003956726074,5.0217563752441405,5.605138743331909,5.034565651824951,4.065419638565063,5.3846594933776855
2019-05-01 22:45:00+00:00,2019-05-01 23:45:00+00:00,10.20709,384.0,2.815914,7.9126103768005365,6.0173867592468255,8.419263208831786,6.237896288360595,6.362793291534423,6.82755836340332,6.2537852177276605,5.350874746765136,6.524280155624389
2019-05-01 23:00:00+00:00,2019-05-02 00:00:00+00:00,12.44359,443.0,4.333437,10.080663238250732,8.009467158996582,10.829752002441406,8.396576915466309,8.221342597686768,8.649653468811035,8.083753143035889,7.368974481307983,8.227970395767212
2019-05-01 23:15:00+00:00,2019-05-02 00:15:00+00:00,14.30691,497.0,6.152563,12.488642597473145,10.221340561187745,13.305584812438966,10.723662281311036,10.336704159057618,10.838320637023926,10.173087501800538,9.715639496124268,10.264479542053223
2019-05-01 23:30:00+00:00,2019-05-02 00:30:00+00:00,16.41544,552.0,8.177094,14.816373365539551,12.714398401397705,15.462631242889405,13.173694151062012,12.608063715118409,13.119492548126221,12.447268980163575,12.22199727835083,12.474204080718994
2019-05-01 23:45:00+00:00,2019-05-02 00:45:00+00:00,18.271310999999997,597.0,10.20709,17.313457111206056,15.331575969543458,17.536960700836183,15.40647898086548,14.739851573791505,15.189320663299561,14.752635101165772,14.592615703430177,14.560121158447267
2019-05-02 00:00:00+00:00,2019-05-02 01:00:00+00:00,20.095249,649.0,12.44359,18.996039703216553,17.484168842163086,19.222296073760987,17.499175861206055,16.95475466522217,17.59516985687256,17.115442588653565,17.008569553222657,16.965958907928467
2019-05-02 00:15:00+00:00,2019-05-02 01:15:00+00:00,21.649691,693.0,14.30691,20.479071579132082,19.183200798187258,20.616814575347902,19.11068531051636,18.635261974487307,19.38171001449585,18.996439895782473,18.918899974975588,18.88497444168091
2019-05-02 00:30:00+00:00,2019-05-02 01:30:00+00:00,19.50069,731.0,16.41544,22.473363316955567,21.11347810119629,22.29025927871704,20.844879067840576,20.39255420059204,21.29131356567383,21.101954377593994,21.009415067138672,21.040688908996582
2019-05-02 00:45:00+00:00,2019-05-02 01:45:00+00:00,24.336809,776.0,18.271310999999997,23.921825125823972,22.571386531005857,23.639637187133786,22.152962163101193,21.77505226434326,22.96139450372314,22.865228846679685,22.639037325988767,22.89332456887817
2019-05-02 01:00:00+00:00,2019-05-02 02:00:00+00:00,25.560060999999997,821.0,20.095249,25.29781896154785,23.991673770355224,24.8713343767395,23.499184194015502,23.119887652801513,24.291562381195067,24.61464959661865,24.28589326422119,24.580731692718505
2019-05-02 01:15:00+00:00,2019-05-02 02:15:00+00:00,26.48494,863.0,21.649691,26.277797117248536,25.05938543321228,25.766867532745362,24.342892780319215,23.988793268218995,25.2421723747406,26.004388227478028,25.52926625253296,25.86184395791626
2019-05-02 01:30:00+00:00,2019-05-02 02:30:00+00:00,27.28688,895.0,19.50069,24.105368153991698,22.593604819717406,23.150723235549926,21.529696481170653,21.195509569587706,22.34186603302002,23.67216350311279,23.048762338104247,23.383474366607665
2019-05-02 01:45:00+00:00,2019-05-02 02:45:00+00:00,27.94488,925.0,24.336809,27.772205671295165,26.826707920059203,27.108010372146605,25.48888178728485,25.445189913734435,26.661817392333983,28.186387619003295,27.35777290724182,27.919464906677245
2019-05-02 02:00:00+00:00,2019-05-02 03:00:00+00:00,28.411690000000004,949.0,25.560060999999997,28.190825484405515,27.388836882720945,27.46372320474243,26.13761987508392,26.116989634643552,27.185287140022275,28.70418336213684,27.925964854370115,28.484275124679563
2019-05-02 02:15:00+00:00,2019-05-02 03:15:00+00:00,28.77,962.0,26.48494,28.5033783392334,27.56088895362854,27.39993346494675,26.374538205685617,26.346080683293344,27.217283792915346,28.79192347091675,28.343559928359987,28.550973363342287
2019-05-02 02:30:00+00:00,2019-05-02 03:30:00+00:00,29.026381,979.0,27.28688,28.671601279144287,27.729088498716354,27.315602248971462,26.436079545383453,26.373688621883392,27.129743649129868,28.82302044189453,28.391318424110413,28.464727743034363
2019-05-02 02:45:00+00:00,2019-05-02 03:45:00+00:00,29.25388,994.0,27.94488,28.508722356204988,27.774688339476587,27.362799218540193,26.39440940940857,26.694029918556215,27.20320611322403,28.733290782814027,28.60196339214325,28.5996246846962
2019-05-02 03:00:00+00:00,2019-05-02 04:00:00+00:00,27.469749,1001.0,28.411690000000004,28.53683360249043,27.607694211902622,27.19143343299866,26.375448707046512,26.667910340728763,26.91529190868378,28.395711127223972,28.447260140928034,28.175769391956333
2019-05-02 03:15:00+00:00,2019-05-02 04:15:00+00:00,28.046379,1041.0,28.77,28.279107649326324,27.455307264328003,26.98129596233368,26.19226457595825,26.646438856124878,26.587976474761962,28.023284573554992,28.290141661167144,27.809320528507232
2019-05-02 03:30:00+00:00,2019-05-02 04:30:00+00:00,27.977690000000003,1000.0,29.026381,28.30068771453476,27.047920092063904,26.614764436203004,25.871343120056153,26.357774003463746,26.060017808395386,27.401141150909424,28.001659854370118,27.17326114984131
2019-05-02 03:45:00+00:00,2019-05-02 04:45:00+00:00,28.375811,1007.0,29.25388,27.995962357406615,26.57411501396179,26.210842823867797,25.44453260887146,26.023388361816405,25.514444565658568,26.727835631256102,27.528585052375792,26.474292731170653
2019-05-02 04:00:00+00:00,2019-05-02 05:00:00+00:00,28.128189000000003,981.0,27.469749,25.671294596122742,24.252290751861572,23.934453513549805,23.360757377075196,23.729293372558594,23.11334374182129,24.266110446380615,25.103682067321778,23.659654643463135
2019-05-02 04:15:00+00:00,2019-05-02 05:15:00+00:00,27.994749,979.0,28.046379,25.44596090917969,24.219578176788332,23.943488985351564,23.29295912390137,23.835552603057863,23.123078733734133,24.03211298590088,24.930634647659303,23.344969660095217
2019-05-02 04:30:00+00:00,2019-05-02 05:30:00+00:00,27.22781,934.0,27.977690000000003,24.810725945892337,23.649115342559817,23.38233782714844,22.71591641372681,23.474955815734866,22.608718652191165,23.372267980041507,24.296213645401004,22.643951196136477
2019-05-02 04:45:00+00:00,2019-05-02 05:45:00+00:00,27.0655,914.0,28.375811,24.894907612930297,23.712125678192137,23.427379508148192,22.79014338983154,23.672357936035155,22.62853374017334,23.466601271759032,24.38574614060974,22.525728125701903
2019-05-02 05:00:00+00:00,2019-05-02 06:00:00+00:00,26.286751,861.0,28.128189000000003,24.1693061913147,23.567115696777346,22.980980309356692,22.86439791571045,23.346553238739016,22.18508473287964,23.319121750701907,23.70941153417969,21.907121094573977
2019-05-02 05:15:00+00:00,2019-05-02 06:15:00+00:00,24.68244,811.0,27.994749,23.654723575042723,23.493500640319823,22.75705950491333,22.646022250579833,23.475892474578856,22.005802562164305,22.98225252859497,23.508113315032958,21.68690054647827
2019-05-02 05:30:00+00:00,2019-05-02 06:30:00+00:00,23.72431,775.0,27.22781,22.855606173095705,22.211281870422365,21.46352825027466,21.575526808319093,22.16954002243042,20.917646502075197,21.718553637084963,22.30819139343262,20.50793800216675
2019-05-02 05:45:00+00:00,2019-05-02 06:45:00+00:00,23.06325,724.0,27.0655,22.438912132263184,21.69112322616577,21.05870936203003,21.120875576019287,21.796705940246582,20.53702853012085,21.13247940826416,21.885267951965332,20.125285842895508
2019-05-02 06:00:00+00:00,2019-05-02 07:00:00+00:00,21.977381,679.0,26.286751,20.916183201385497,20.49927779824829,19.722927776885985,19.96577521951294,20.528406826568602,19.567552773071288,20.021780220581054,20.41716453225708,19.11321183831787
2019-05-02 06:15:00+00:00,2019-05-02 07:15:00+00:00,20.179689,637.0,24.68244,18.675860124053955,18.488755898895263,17.656203942718506,18.09642811340332,18.788037019195556,17.850136952819824,18.165215688171386,18.612641053619384,17.445170598449707
2019-05-02 06:30:00+00:00,2019-05-02 07:30:00+00:00,18.528129999999997,576.0,23.72431,17.454381544647216,17.410235483703612,16.377816755828857,17.146189291534423,17.484907705841064,16.714519102630614,17.316293318328857,17.252421457824706,16.304262239990233
2019-05-02 06:45:00+00:00,2019-05-02 07:45:00+00:00,14.64619,463.0,23.06325,16.109060222625732,16.393213207244873,15.285981590270996,16.070135051727295,16.71227114868164,15.91288607788086,16.21712535095215,16.38925212097168,15.566514427185059
2019-05-02 07:00:00+00:00,2019-05-02 08:00:00+00:00,16.03306,493.0,21.977381,14.86854768701172,15.176355609375001,14.051145324188234,14.925179728942872,15.690914401489259,14.799144992309571,15.116517314392091,15.183828124481202,14.568407306152345
2019-05-02 07:15:00+00:00,2019-05-02 08:15:00+00:00,13.31619,425.0,20.179689,12.819107125152588,13.270343850006103,12.099887440551758,13.081819126953125,13.65851504598999,12.911997387756347,13.375488827575683,13.069713185180664,12.696721623291015
2019-05-02 07:30:00+00:00,2019-05-02 08:30:00+00:00,12.48931,375.0,18.528129999999997,10.797668879394529,11.509449427490232,10.171139185791013,11.298695032958982,11.922732775573728,11.198893015747068,11.592647974853513,11.304016535644529,11.055927222137448
2019-05-02 07:45:00+00:00,2019-05-02 08:45:00+00:00,10.94778,324.0,14.64619,7.187535119476319,7.657928300323487,6.4070771459960945,7.478466344299317,8.026120496215821,7.332459283294678,7.753532243194581,7.479297471466065,7.2700932745361335
2019-05-02 08:00:00+00:00,2019-05-02 09:00:00+00:00,9.09125,262.0,16.03306,7.741765902099608,8.972737238464354,7.582530901489257,8.598326609191894,9.440393850860595,8.813745424804686,9.116204664764403,8.81936781173706,8.885122225341796
2019-05-02 08:15:00+00:00,2019-05-02 09:15:00+00:00,7.550594,203.0,13.31619,5.524994607391358,6.377675767364503,5.062825437011719,5.977688546600342,6.86116766494751,6.246722455444337,6.562585111083985,6.211061711730958,6.4114162878417975
2019-05-02 08:30:00+00:00,2019-05-02 09:30:00+00:00,5.625813,156.0,12.48931,4.888304445800781,5.745924685058593,4.452754709777832,5.346037123260498,6.170972559509277,5.553384516296386,5.909947130737304,5.537549707946777,5.825943682250976
2019-05-02 08:45:00+00:00,2019-05-02 09:45:00+00:00,4.153297,108.0,10.94778,3.7722633946228026,4.604880200653076,3.333534108428955,4.276907788543701,4.8608368504333495,4.173478947906494,4.652036534576416,4.270134316711426,4.587171899108887
2019-05-02 09:00:00+00:00,2019-05-02 10:00:00+00:00,2.44125,68.0,9.09125,2.7615151977539067,3.376918849945069,2.1974554634094243,2.9876986122131353,3.4906521415710454,2.654397068023682,3.339189586639405,2.8980813598632817,3.3515596961975103
2019-05-02 09:15:00+00:00,2019-05-02 10:15:00+00:00,1.6036290000000002,52.0,7.550594,2.3140546361389163,2.4876252690734866,1.7141539136352542,1.7838012257995608,2.3583485166015627,1.572415975708008,1.9575821439208987,1.743586687225342,2.323040632385254
2019-05-02 09:30:00+00:00,2019-05-02 10:30:00+00:00,1.325707,44.0,5.625813,1.0752897189025878,1.2193818018798828,0.6713175700073242,0.603023521697998,0.8816776202087402,0.1028718874816894,0.42400311688232417,0.33569955090332027,0.9852547572021484
2019-05-02 09:45:00+00:00,2019-05-02 10:45:00+00:00,0.92791,28.0,4.153297,0.0,0.6371176768035891,0.06116920001220727,0.0,0.14559607989501977,0.0,0.0,0.0,0.3119981814117434
2019-05-02 10:00:00+00:00,2019-05-02 11:00:00+00:00,0.408851,12.0,2.44125,0.0,0.0,0.0,0.0,0.0,0.0,0.0,0.0,0.0
2019-05-02 10:15:00+00:00,2019-05-02 11:15:00+00:00,0.0,0.0,1.6036290000000002,0.0,0.0,0.0,0.0,0.0,0.0,0.0,0.0,0.0
2019-05-02 10:30:00+00:00,2019-05-02 11:30:00+00:00,0.0,0.0,1.325707,0.0,0.36847553799819943,0.0,0.0,0.0,0.0,0.0,0.0,0.0
2019-05-02 10:45:00+00:00,2019-05-02 11:45:00+00:00,0.0,0.0,0.92791,0.0,0.4377727209663391,0.0,0.0,0.04223558298110963,0.0,0.0,0.0,0.014698296699523938
2019-05-02 11:00:00+00:00,2019-05-02 12:00:00+00:00,0.0,0.0,0.408851,0.0,0.30194758110141756,0.0,0.0,0.048291566301345845,0.0,0.0,0.0,0.1803378485927582
2019-05-02 11:15:00+00:00,2019-05-02 12:15:00+00:00,0.0,0.0,0.0,0.0,0.18274186551570892,0.0,0.0,0.0,0.0,0.0,0.0,0.2084316909313202
2019-05-02 11:30:00+00:00,2019-05-02 12:30:00+00:00,0.0,0.0,0.0,0.0,0.37724635004997253,0.0,0.0,0.05595477670431137,0.0,0.0,0.0,0.434390664100647
2019-05-02 11:45:00+00:00,2019-05-02 12:45:00+00:00,0.0,0.0,0.0,0.0,0.46186190843582153,0.0,0.0,0.04575572907924652,0.0,0.0,0.0,0.6116991639137268
2019-05-02 12:00:00+00:00,2019-05-02 13:00:00+00:00,0.0,0.0,0.0,0.0,0.5546589493751526,0.0,0.0,0.0762980505824089,0.0,0.0,0.0,0.9030246734619141
2019-05-02 12:15:00+00:00,2019-05-02 13:15:00+00:00,0.0,0.0,0.0,0.0,0.6367040276527405,0.0,0.0,0.07264045625925064,0.0,0.0,0.0,1.0737512111663818
2019-05-02 12:30:00+00:00,2019-05-02 13:30:00+00:00,0.0,0.0,0.0,0.0,0.6927012205123901,0.0,0.0,0.08110718429088593,0.015401585027575493,0.0,0.0,1.1532340049743652
2019-05-02 12:45:00+00:00,2019-05-02 13:45:00+00:00,0.0,0.0,0.0,0.0,0.6793350577354431,0.0,0.0,0.0,0.2164379358291626,0.0,0.0,1.317342758178711
2019-05-02 13:00:00+00:00,2019-05-02 14:00:00+00:00,0.0,0.0,0.0,0.0,0.7244362831115723,0.0,0.0,0.09755174815654755,0.2672010660171509,0.0610935352742672,0.0,1.3098825216293335
2019-05-02 13:15:00+00:00,2019-05-02 14:15:00+00:00,0.0,0.0,0.0,0.0,0.8075148463249207,0.0,0.0,0.22908230125904083,0.29599419236183167,0.11541273444890976,0.0,1.2503286600112915
2019-05-02 13:30:00+00:00,2019-05-02 14:30:00+00:00,0.0,0.0,0.0,0.0,0.7917482852935791,0.0,0.0,0.26507073640823364,0.2848009765148163,0.069102942943573,0.0,1.2413171529769897
2019-05-02 13:45:00+00:00,2019-05-02 14:45:00+00:00,0.0,0.0,0.0,0.0,0.9029956459999084,0.0,0.0,0.29809463024139404,0.3740767240524292,0.1524668186903,0.0,1.210167407989502
2019-05-02 14:00:00+00:00,2019-05-02 15:00:00+00:00,0.0,0.0,0.0,0.0,0.9084905982017517,0.0,0.0,0.3869287967681885,0.2662961781024933,0.09653538465499878,0.0,1.1323431730270386
2019-05-02 14:15:00+00:00,2019-05-02 15:15:00+00:00,0.0,0.0,0.0,0.0,0.8889409303665161,0.0,0.0,0.4131280481815338,0.21356350183486938,0.03763264790177345,0.0,1.0629689693450928
2019-05-02 14:30:00+00:00,2019-05-02 15:30:00+00:00,0.0,0.0,0.0,0.0,0.8781495690345764,0.0,0.0,0.40443581342697144,0.21193397045135498,0.013846134766936302,0.0,1.0519896745681763
2019-05-02 14:45:00+00:00,2019-05-02 15:45:00+00:00,0.0,0.0,0.0,0.0,0.8595705628395081,0.0,0.0,0.46534237265586853,0.16380344331264496,0.0,0.0,1.0178918838500977
2019-05-02 15:00:00+00:00,2019-05-02 16:00:00+00:00,0.0,0.0,0.0,0.0,0.9102279543876648,0.0,0.0,0.44807717204093933,0.05299491062760353,0.0,0.0,1.0955302715301514
2019-05-02 15:15:00+00:00,2019-05-02 16:15:00+00:00,0.0,0.0,0.0,0.03747929260134697,0.8959035873413086,0.0,0.0,0.4578745663166046,0.0,0.0,0.0,1.0580430030822754
2019-05-02 15:30:00+00:00,2019-05-02 16:30:00+00:00,0.0,0.0,0.0,0.013773897662758827,0.9015502333641052,0.0,0.0,0.41156652569770813,0.0,0.0,0.0,1.0523897409439087
2019-05-02 15:45:00+00:00,2019-05-02 16:45:00+00:00,0.0,0.0,0.0,0.030558837577700615,0.9107353091239929,0.0,0.0,0.4047020971775055,0.0,0.0,0.0,1.0715398788452148
2019-05-02 16:00:00+00:00,2019-05-02 17:00:00+00:00,0.0,0.0,0.0,0.08109448105096817,0.9112949371337891,0.0,0.0,0.3418353497982025,0.0,0.0,0.0,1.142468810081482
2019-05-02 16:15:00+00:00,2019-05-02 17:15:00+00:00,0.0,0.0,0.0,0.08581460267305374,0.9274575710296631,0.0,0.0,0.2763843238353729,0.0,0.0,0.0,1.211464285850525
2019-05-02 16:30:00+00:00,2019-05-02 17:30:00+00:00,0.0,0.0,0.0,0.09235134720802307,0.9305738210678101,0.0,0.0,0.20810194313526154,0.0,0.0,0.0,1.2892742156982422
2019-05-02 16:45:00+00:00,2019-05-02 17:45:00+00:00,0.0,0.0,0.0,0.1475972980260849,0.9329388737678528,0.0,0.0,0.2611132860183716,0.0,0.0,0.0,1.32205069065094
2019-05-02 17:00:00+00:00,2019-05-02 18:00:00+00:00,0.0,0.0,0.0,0.18545109033584595,0.9458532929420471,0.0,0.0,0.26272985339164734,0.06867790222167969,0.0,0.0,1.4795461893081665
2019-05-02 17:15:00+00:00,2019-05-02 18:15:00+00:00,0.0,0.0,0.0,0.24251589179039001,0.9432433843612671,0.0,0.0,0.2801828682422638,0.11115584522485733,0.0,0.0,1.5459612607955933
2019-05-02 17:30:00+00:00,2019-05-02 18:30:00+00:00,0.0,0.0,0.0,0.24942488968372345,0.9535478949546814,0.0,0.0,0.31607842445373535,0.23223038017749786,0.0,0.0,1.670219898223877
2019-05-02 17:45:00+00:00,2019-05-02 18:45:00+00:00,0.0,0.0,0.0,0.28909939527511597,0.9674888849258423,0.03270799666643143,0.0,0.38460710644721985,0.27453044056892395,0.0,0.0,1.7100642919540405
2019-05-02 18:00:00+00:00,2019-05-02 19:00:00+00:00,0.0,0.0,0.0,0.1304427534341812,0.7801528573036194,0.0,0.0,0.2645791471004486,0.6251334547996521,0.0,0.0,2.1210947036743164
2019-05-02 18:15:00+00:00,2019-05-02 19:15:00+00:00,0.0,0.0,0.0,0.005265534855425358,0.651311993598938,0.0,0.0,0.2944542169570923,0.8341802954673767,0.12110071629285812,0.0,2.365792751312256
2019-05-02 18:30:00+00:00,2019-05-02 19:30:00+00:00,0.0,0.0,0.0,0.024765267968177795,0.6117070913314819,0.0,0.0,0.364516943693161,1.0379470586776733,0.3302537202835083,0.0,2.552823781967163
2019-05-02 18:45:00+00:00,2019-05-02 19:45:00+00:00,0.0,0.0,0.0,0.14653176069259644,0.5866872072219849,0.016904031857848167,0.0,0.4921886920928955,1.1732919216156006,0.4979483485221863,0.0,2.7237563133239746
2019-05-02 19:00:00+00:00,2019-05-02 20:00:00+00:00,0.0,0.0,0.0,0.23494377732276917,0.5938989520072937,0.20146963000297546,0.0,0.5868582129478455,1.3262995481491089,0.6762078404426575,0.0,2.8654956817626953
2019-05-02 19:15:00+00:00,2019-05-02 20:15:00+00:00,0.0,0.0,0.0,0.3184630274772644,0.664423406124115,0.4537382423877716,0.0,0.715854287147522,1.5003712177276611,0.8492467999458313,0.0354006290435791,3.006645441055298
2019-05-02 19:30:00+00:00,2019-05-02 20:30:00+00:00,0.0,0.0,0.0,0.43798428773880005,0.8383032083511353,0.7590663433074951,0.022586528211832047,0.896856963634491,1.6766308546066284,1.014127254486084,0.1422085165977478,3.1175038814544678
2019-05-02 19:45:00+00:00,2019-05-02 20:45:00+00:00,0.004201,0.0,0.0,0.6764215230941772,0.9543811678886414,0.9979451298713684,0.2643034756183624,1.0805840492248535,1.7985211610794067,1.1672250032424927,0.2634996771812439,3.166098117828369
2019-05-02 20:00:00+00:00,2019-05-02 21:00:00+00:00,0.0,0.0,0.0,0.9750223755836487,0.81284499168396,1.1227635145187378,0.32662755250930786,1.0815387964248657,1.8817695379257202,1.227064609527588,0.386774480342865,3.2908413410186768
2019-05-02 20:15:00+00:00,2019-05-02 21:15:00+00:00,0.0,0.0,0.0,1.0951589345932007,0.9115539193153381,1.3617570400238037,0.4888642728328705,1.1946632862091064,1.9819438457489014,1.3595458269119263,0.49553582072257996,3.4068408012390137
2019-05-02 20:30:00+00:00,2019-05-02 21:30:00+00:00,0.0,2.0,0.0,1.2761441469192505,1.021944284439087,1.6145719289779663,0.697939395904541,1.325414776802063,2.061535596847534,1.488289713859558,0.648483395576477,3.51338791847229
2019-05-02 20:45:00+00:00,2019-05-02 21:45:00+00:00,0.386121,17.0,0.004201,1.4706609895477294,1.1224662711868285,1.8936786105880736,0.8635135343322754,1.40107280519104,2.16490394380188,1.5999185493240355,0.7714655449638367,3.619256799484253
2019-05-02 21:00:00+00:00,2019-05-02 22:00:00+00:00,0.8345040000000001,37.0,0.0,1.6783993244171143,1.2136924266815186,2.158958911895752,0.9913203716278076,1.4739222526550293,2.2862331867218018,1.6890363693237305,0.8674057722091675,3.7242987155914307
2019-05-02 21:15:00+00:00,2019-05-02 22:15:00+00:00,1.449766,57.0,0.0,1.9473141431808472,1.3900725841522217,2.4006547927856445,1.1839358806610107,1.644590139389038,2.3672754764556885,1.8055899143218994,1.0645790100097656,3.819550037384033
2019-05-02 21:30:00+00:00,2019-05-02 22:30:00+00:00,2.089008,94.0,0.0,2.169766664505005,1.4672600030899048,2.694387435913086,1.2787092924118042,1.6796842813491821,2.5026416778564453,1.9043394327163696,1.1476900577545166,3.911877393722534
2019-05-02 21:45:00+00:00,2019-05-02 22:45:00+00:00,3.022469,130.0,0.386121,2.9864444386444093,2.061217869468689,3.5763916623077394,1.867483223625183,2.1851281773529054,3.1509487282714845,2.474908317276001,1.646193350502014,4.444072927185059
2019-05-02 22:00:00+00:00,2019-05-02 23:00:00+00:00,4.333984,175.0,0.8345040000000001,4.148798099807739,2.828974953941345,4.6343828356781005,2.7545984900512694,3.0043023741760253,3.909913650802612,3.170976988128662,2.3817399657287597,5.0617321646728515
2019-05-02 22:15:00+00:00,2019-05-02 23:15:00+00:00,5.978875,237.0,1.449766,5.4618233043823246,3.8877776462707523,5.9035604793701175,3.7682150203857425,3.953528722015381,4.8356095153961185,4.019023020950318,3.2779681284103397,5.854238827911377
2019-05-02 22:30:00+00:00,2019-05-02 23:30:00+00:00,7.868657000000001,298.0,2.089008,6.799807694061279,4.872909214599609,7.261604931457519,4.782453205688476,4.859535124404907,5.768623259170532,4.861006882293701,4.134677794082641,6.650631096466064
2019-05-02 22:45:00+00:00,2019-05-02 23:45:00+00:00,9.863219,357.0,3.022469,8.33622451223755,6.240280107635498,8.930660680908204,6.143654302734375,6.121179060119629,6.967723325866699,6.019790367263794,5.355777696746826,7.753670171875
2019-05-02 23:00:00+00:00,2019-05-03 00:00:00+00:00,11.77575,414.0,4.333984,10.253928763183595,8.036918741973878,10.984404665740968,7.838449341567993,7.724682432922363,8.338182074340821,7.400210720809937,6.884439808639526,9.171451193603517
2019-05-02 23:15:00+00:00,2019-05-03 00:15:00+00:00,13.804,470.0,5.978875,12.328970748901368,10.034375507354737,13.147301513671875,9.695968944549561,9.46770032119751,10.164022285461426,9.17855556678772,8.713422138214112,10.931227523803711
2019-05-02 23:30:00+00:00,2019-05-03 00:30:00+00:00,14.19775,467.0,7.868657000000001,14.399895555908204,12.341912157470704,15.05471075289917,11.803823597366334,11.494960434371949,12.223612673217774,11.257095224792481,10.8380013775177,12.919827349121094
2019-05-02 23:45:00+00:00,2019-05-03 00:45:00+00:00,17.23794,566.0,9.863219,16.181946016448975,14.607774950164796,16.843588567871095,13.857133842605592,13.524065710205079,14.379065252441407,13.429480291503907,12.99390862097168,15.01535580267334
2019-05-03 00:00:00+00:00,2019-05-03 01:00:00+00:00,18.11731,594.0,11.77575,18.17608054351807,16.95287450027466,18.40538914871216,15.79327519607544,15.618848640441895,16.150346118927004,15.571632225036621,15.044854480743409,16.897216636657717
2019-05-03 00:15:00+00:00,2019-05-03 01:15:00+00:00,18.341310999999997,610.0,13.804,20.021185974121096,19.103815177917483,20.008413890838625,17.498526433944704,17.515318492889406,18.037787536621096,17.724574426651003,17.113198379516604,18.816413501739504
2019-05-03 00:30:00+00:00,2019-05-03 01:30:00+00:00,21.24456,691.0,14.19775,20.33174314880371,19.287326721191405,20.015240100860595,17.46291079902649,17.562162069320678,18.248567489624023,18.159134534835815,17.509394554138183,19.086115268707275
2019-05-03 00:45:00+00:00,2019-05-03 01:45:00+00:00,23.199751000000003,751.0,17.23794,22.830499337615965,21.96647374481201,22.545725511016844,19.86222593635559,20.136307166519163,21.08077947944641,21.204397605361937,20.287193225326536,22.00572697967529
2019-05-03 01:00:00+00:00,2019-05-03 02:00:00+00:00,23.940439,766.0,18.11731,23.352076006469726,22.429859591064453,22.99998421722412,20.216172886428833,20.450477791366577,21.585847092208862,22.052705002365112,20.810891581115722,22.601068449554443
2019-05-03 01:15:00+00:00,2019-05-03 02:15:00+00:00,25.533381,838.0,18.341310999999997,23.418202899108884,22.31226541818237,22.81775095285034,19.876622341285703,20.08034815610504,21.2202856761322,22.067420981536863,20.700625441680906,22.525610468994138
2019-05-03 01:30:00+00:00,2019-05-03 02:30:00+00:00,26.287189,867.0,21.24456,25.978261705932617,24.44737982421875,25.02713918357849,21.77741390138626,22.152395721969604,22.924450513420105,24.277106281814575,22.912041422424316,24.686885592041016
2019-05-03 01:45:00+00:00,2019-05-03 02:45:00+00:00,27.235689,908.0,23.199751000000003,27.26705465753174,25.56498847444153,25.998021940780642,22.82963715036011,23.18417438127643,23.65822897393799,25.537585358215335,24.19270334680176,25.839056114746096
2019-05-03 02:00:00+00:00,2019-05-03 03:00:00+00:00,28.02669,937.0,23.940439,27.162407173980714,25.521588578094484,25.90041924940491,23.190646602977754,23.301024987567903,23.274642720092775,25.392219557632448,24.241851701606752,25.64565552698517
2019-05-03 02:15:00+00:00,2019-05-03 03:15:00+00:00,27.309191,895.0,25.533381,27.867130771118163,26.3245888499794,26.294053390460967,24.00588025136566,23.966619625526427,23.621336355644225,26.02482573671913,25.10559959693527,26.201279595333098
2019-05-03 02:30:00+00:00,2019-05-03 03:30:00+00:00,28.917879,967.0,26.287189,27.621244662155153,26.220102392782213,26.04625024711037,23.918840878356935,24.067453139175417,23.38386105810547,25.783328466762544,25.112655871261598,26.097109877218248
2019-05-03 02:45:00+00:00,2019-05-03 03:45:00+00:00,28.41213,954.0,27.235689,27.832050100673676,26.35209126840973,26.223829225410462,24.05328138243103,24.590219572891236,23.584294632781983,25.651440218795777,25.476526693214417,26.373582438339234
2019-05-03 03:00:00+00:00,2019-05-03 04:00:00+00:00,29.79463,1018.0,28.02669,27.59525486201286,26.38645445674896,26.0289374527359,24.484510892333983,24.884203427734374,23.707527631225584,25.732700103225707,25.622457021179198,26.291859978141783
2019-05-03 03:15:00+00:00,2019-05-03 04:15:00+00:00,25.969999,841.0,27.309191,26.111823093429564,24.92044211579895,24.575782787338255,23.183092844024657,23.730952035919188,22.41830040170288,24.109715950027464,24.24794555856323,24.79921818925476
2019-05-03 03:30:00+00:00,2019-05-03 04:30:00+00:00,23.77331,750.0,28.917879,26.714357271484374,25.909287824920654,25.499592676452636,24.228308096221923,24.92239798574829,23.538219824127196,25.083319559387206,25.230000391296386,25.670244112304687
2019-05-03 03:45:00+00:00,2019-05-03 04:45:00+00:00,17.455379,529.0,28.41213,25.7407809513855,24.852871539001466,24.452818753128053,23.187565447692872,24.026697756652833,22.648672224884034,23.951757075195314,24.14596140563965,24.498366715316774
2019-05-03 04:00:00+00:00,2019-05-03 05:00:00+00:00,22.666439,716.0,29.79463,25.79913372695923,25.72436804473877,25.161399313812257,24.313950011138918,25.12907404602051,23.784674593811037,24.84195084274292,25.151362845306398,25.318599173431398
2019-05-03 04:15:00+00:00,2019-05-03 05:15:00+00:00,31.19463,1012.0,25.969999,22.32088558332825,21.533603831695558,20.907575770782472,20.453653975891115,21.075679465698244,19.79187266485596,20.85594575064087,20.981379672454835,21.164678737091066
2019-05-03 04:30:00+00:00,2019-05-03 05:30:00+00:00,17.240129,538.0,23.77331,19.676355177459715,18.99841004043579,18.329880053100585,17.96940260559082,18.75265865951538,17.52760344177246,18.259869391021727,18.543985182342528,18.843737894592284
2019-05-03 04:45:00+00:00,2019-05-03 05:45:00+00:00,15.23375,441.0,17.455379,14.924444427780152,12.575179567626954,12.129603376678467,11.719325533203126,12.253658285430909,11.1635408309021,12.087019434265137,12.131704798034669,12.433530798248292
2019-05-03 05:00:00+00:00,2019-05-03 06:00:00+00:00,13.88691,401.0,22.666439,17.305611554016114,17.476039353240967,16.63419670187378,16.57116550527954,17.201625290740967,16.266270104278565,16.84192890249634,16.848407688964844,17.34816688619995
2019-05-03 05:15:00+00:00,2019-05-03 06:15:00+00:00,19.635,570.0,31.19463,24.400736185913086,25.76107105911255,24.549325796966553,24.764893385772705,25.474028441314697,24.51895985305786,25.012887331848145,24.882458540802002,25.444095942382813
2019-05-03 05:30:00+00:00,2019-05-03 06:30:00+00:00,20.09656,584.0,17.240129,13.945016628555297,11.677743917755127,11.220911985687255,11.049646383575439,11.609610086730957,10.611067777923584,10.998573309234619,11.07328272467041,11.49642897253418
2019-05-03 05:45:00+00:00,2019-05-03 06:45:00+00:00,13.51591,391.0,15.23375,12.117362394332886,9.804763927459717,9.442785396575928,9.194372310638428,9.51950611114502,8.612684383392335,9.16813482284546,9.095979824066163,9.470382347106934
2019-05-03 06:00:00+00:00,2019-05-03 07:00:00+00:00,19.35763,566.0,13.88691,10.758794107589722,8.592726268920899,8.452056446228028,8.022082367095948,8.222745933685303,7.310344734344483,7.79537586227417,7.959826984558106,8.209135093841553
2019-05-03 06:15:00+00:00,2019-05-03 07:15:00+00:00,13.82959,444.0,19.635,14.089013347625734,14.136101016998293,13.24199224472046,13.293757209777834,13.682521591186525,12.975617656707765,13.313242206573488,13.178357372283937,13.797975788116457
2019-05-03 06:30:00+00:00,2019-05-03 07:30:00+00:00,9.828876,281.0,20.09656,13.571008680877686,14.238706587371826,13.080376146850586,13.428663729248047,14.010707853851319,13.346028803405762,13.38169240814209,13.403406141815186,14.163377283630371
2019-05-03 06:45:00+00:00,2019-05-03 07:45:00+00:00,8.886938,258.0,13.51591,9.36398825088501,7.828313678894043,7.079596370849609,7.19766745010376,7.502984375152588,6.75088724533081,7.1034382287597655,6.969331592712402,7.607079357299805
2019-05-03 07:00:00+00:00,2019-05-03 08:00:00+00:00,7.127969,187.0,19.35763,12.058405623321534,13.29916356552124,12.075710997467041,12.435262904052735,13.320767149810791,12.680079684143067,12.756045088653565,12.50890992630005,13.707559332733155
2019-05-03 07:15:00+00:00,2019-05-03 08:15:00+00:00,6.86175,189.0,13.82959,8.764740623321533,8.050891078796386,7.154159225311279,7.396966613616943,8.118703998413086,7.446588195648193,7.81574550994873,7.367271579589843,8.632429756011962
2019-05-03 07:30:00+00:00,2019-05-03 08:30:00+00:00,8.359531,229.0,9.828876,6.180898647857665,4.48432443673706,4.0487580114135735,3.850913506103515,4.506942253662109,3.841308098388671,4.277560692382812,3.9006357007751458,5.119985085083007
2019-05-03 07:45:00+00:00,2019-05-03 08:45:00+00:00,6.398656,180.0,8.886938,5.453240776336671,3.840277099884034,3.6271842959289557,3.289069080627442,3.862454796112061,3.268014335906983,3.7590784075622565,3.4022568705444343,4.592200184143067
2019-05-03 08:00:00+00:00,2019-05-03 09:00:00+00:00,9.938907,278.0,7.127969,4.268014642852783,2.5211932393493655,2.6820471021118166,2.273509237426758,2.6813943120422365,2.0419752332153323,2.647356245178223,2.4153444501342776,3.4587659570159914
2019-05-03 08:15:00+00:00,2019-05-03 09:15:00+00:00,4.662875,139.0,6.86175,3.7647811107635496,2.4939578704833982,2.8635290794372557,2.512290828704834,2.85036026763916,2.322009437561035,2.746168964385986,2.552442901611328,3.7632409267425535
2019-05-03 08:30:00+00:00,2019-05-03 09:30:00+00:00,4.725985,131.0,8.359531,4.178011968475342,4.1553450373229985,4.231185510498047,4.273063257080079,4.7080934790191655,4.335586145263672,4.383332565170289,4.166972711425782,5.847592666488648
2019-05-03 08:45:00+00:00,2019-05-03 09:45:00+00:00,3.845188,113.0,6.398656,3.178073276382446,2.680950511795044,2.6738418234405517,2.9088390959320067,3.1123295916137694,2.7760254038391112,2.958282579284668,2.611354221206665,4.169429887634277
2019-05-03 09:00:00+00:00,2019-05-03 10:00:00+00:00,3.5188129999999997,99.0,9.938907,5.42474970477295,6.171804281646729,5.575336309844971,6.324212404663086,6.78101715701294,6.633339735443116,6.70776686328125,6.137545916015625,8.101103159362793
2019-05-03 09:15:00+00:00,2019-05-03 10:15:00+00:00,2.305297,69.0,4.662875,1.862007680892944,1.3688707981109616,1.0335078868865963,1.806561771392822,2.0284069213867184,1.8900614414215084,2.032892051696777,1.5481796894073483,3.2983052167892453
2019-05-03 09:30:00+00:00,2019-05-03 10:30:00+00:00,1.650441,49.0,4.725985,2.0672597383117672,1.969816396102905,1.4959716294860836,2.3127090428924557,2.55926079498291,2.5339872335052487,2.3267917131042477,1.9984976743316647,3.8465564941024777
2019-05-03 09:45:00+00:00,2019-05-03 10:45:00+00:00,0.764654,24.0,3.845188,1.6194470904235838,1.6767889044647215,1.1432083628540037,1.8404890082244871,2.1373439810638426,2.0532885573272703,1.7657743475799559,1.4585906050567625,3.233890929019928
2019-05-03 10:00:00+00:00,2019-05-03 11:00:00+00:00,0.264161,9.0,3.5188129999999997,1.4179378607635496,1.8612589695816038,1.0988479712371824,1.8597382166748044,2.349044189727783,2.1394320586090085,1.7722201207046506,1.589291558540344,3.4048429587249753
2019-05-03 10:15:00+00:00,2019-05-03 11:15:00+00:00,0.0,0.0,2.305297,0.7274777718276977,1.1979412861557006,0.4167889185638427,0.9021351166458129,1.5764532514305114,1.1721190043182372,0.8577725716323852,0.8079024382324218,2.4452960916252136
2019-05-03 10:30:00+00:00,2019-05-03 11:30:00+00:00,0.0,0.0,1.650441,0.4650085659179688,1.0221977324638367,0.07281667901611333,0.3562654943618775,1.1682875843200684,0.6784920187149048,0.42697794152832036,0.4674012155685425,1.9828302951011658
2019-05-03 10:45:00+00:00,2019-05-03 11:45:00+00:00,0.0,0.0,0.764654,0.06443168659591669,0.4783776595153808,0.0,0.0,0.4598900570430755,0.0,0.0,0.0,1.0839663042583465
2019-05-03 11:00:00+00:00,2019-05-03 12:00:00+00:00,0.0,0.0,0.264161,0.0,0.255580811733067,0.0,0.0,0.10187966559982298,0.0,0.0,0.0,0.7370434198246002
2019-05-03 11:15:00+00:00,2019-05-03 12:15:00+00:00,0.0,0.0,0.0,0.0,0.15992949903011322,0.0,0.0,0.0,0.0,0.0,0.0,0.46088171005249023
2019-05-03 11:30:00+00:00,2019-05-03 12:30:00+00:00,0.0,0.0,0.0,0.0,0.28617388010025024,0.0,0.0,0.0,0.0,0.0,0.0,0.5715517997741699
2019-05-03 11:45:00+00:00,2019-05-03 12:45:00+00:00,0.0,0.0,0.0,0.0,0.40085211396217346,0.0,0.0,0.0,0.0,0.0,0.0,0.6670264005661011
2019-05-03 12:00:00+00:00,2019-05-03 13:00:00+00:00,0.0,0.0,0.0,0.0,0.5722562670707703,0.0,0.0,0.0,0.0,0.0,0.0,0.7727363109588623
2019-05-03 12:15:00+00:00,2019-05-03 13:15:00+00:00,0.0,0.0,0.0,0.0,0.6557318568229675,0.0,0.0,0.0,0.0,0.0,0.0,0.8280745148658752
2019-05-03 12:30:00+00:00,2019-05-03 13:30:00+00:00,0.0,0.0,0.0,0.0,0.7393048405647278,0.0,0.0,0.0,0.0,0.0,0.0,0.822791337966919
2019-05-03 12:45:00+00:00,2019-05-03 13:45:00+00:00,0.0,0.0,0.0,0.0,0.8028493523597717,0.0,0.0,0.0,0.0,0.0,0.0,0.8157107830047607
2019-05-03 13:00:00+00:00,2019-05-03 14:00:00+00:00,0.0,0.0,0.0,0.0,0.8400434255599976,0.0,0.0,0.0,0.0,0.0,0.0,0.8019805550575256
2019-05-03 13:15:00+00:00,2019-05-03 14:15:00+00:00,0.0,0.0,0.0,0.0,0.9041305780410767,0.0,0.0,0.0,0.0,0.0,0.0,0.9346620440483093
2019-05-03 13:30:00+00:00,2019-05-03 14:30:00+00:00,0.0,0.0,0.0,0.0,0.9381607174873352,0.0,0.0,0.0,0.0,0.0,0.0,0.9451419711112976
2019-05-03 13:45:00+00:00,2019-05-03 14:45:00+00:00,0.0,0.0,0.0,0.0,0.8949565291404724,0.0,0.0,0.0,0.0,0.0,0.0,1.009652018547058
2019-05-03 14:00:00+00:00,2019-05-03 15:00:00+00:00,0.0,0.0,0.0,0.0,0.8527255058288574,0.0,0.0,0.0,0.0,0.0,0.0,0.9792805910110474
2019-05-03 14:15:00+00:00,2019-05-03 15:15:00+00:00,0.0,0.0,0.0,0.0,0.8266187310218811,0.0,0.0,0.0,0.0,0.0,0.0,0.947773814201355
2019-05-03 14:30:00+00:00,2019-05-03 15:30:00+00:00,0.0,0.0,0.0,0.0,0.8217829465866089,0.0,0.0,0.0,0.0,0.0,0.0,0.8917064070701599
2019-05-03 14:45:00+00:00,2019-05-03 15:45:00+00:00,0.0,0.0,0.0,0.0,0.8138144016265869,0.0,0.0,0.0,0.0,0.0,0.0,0.8697370290756226
2019-05-03 15:00:00+00:00,2019-05-03 16:00:00+00:00,0.0,0.0,0.0,0.0,0.9150856733322144,0.0,0.0,0.030714599415659904,0.0,0.0,0.0,0.7191068530082703
2019-05-03 15:15:00+00:00,2019-05-03 16:15:00+00:00,0.0,0.0,0.0,0.0,0.9242891073226929,0.0,0.0,0.056690383702516556,0.0,0.0,0.0,0.6772392392158508
2019-05-03 15:30:00+00:00,2019-05-03 16:30:00+00:00,0.0,0.0,0.0,0.0,0.926891028881073,0.0,0.0,0.08843869715929031,0.0,0.0,0.0,0.6654021143913269
2019-05-03 15:45:00+00:00,2019-05-03 16:45:00+00:00,0.0,0.0,0.0,0.0,0.9249878525733948,0.0,0.0,0.09744244068861008,0.0,0.0,0.0,0.6945457458496094
2019-05-03 16:00:00+00:00,2019-05-03 17:00:00+00:00,0.0,0.0,0.0,0.04542315751314163,0.9394801259040833,0.0,0.0,0.1357841193675995,0.0,0.0,0.004400343634188175,0.6962568759918213
2019-05-03 16:15:00+00:00,2019-05-03 17:15:00+00:00,0.0,0.0,0.0,0.13230673968791962,0.9401307106018066,0.0,0.0,0.15684646368026733,0.0,0.0,0.029728572815656662,0.6839755177497864
2019-05-03 16:30:00+00:00,2019-05-03 17:30:00+00:00,0.0,0.0,0.0,0.11459540575742722,0.9101503491401672,0.0,0.0,0.10197343677282333,0.0,0.0,0.0,0.752390444278717
2019-05-03 16:45:00+00:00,2019-05-03 17:45:00+00:00,0.0,0.0,0.0,0.1843874156475067,0.9110899567604065,0.0,0.0,0.17616330087184906,0.0,0.0,0.03293352946639061,0.7599980235099792
2019-05-03 17:00:00+00:00,2019-05-03 18:00:00+00:00,0.0,0.0,0.0,0.07987134158611298,0.8615913987159729,0.0,0.0,0.03984920680522919,0.0,0.0,0.0,0.8360026478767395
2019-05-03 17:15:00+00:00,2019-05-03 18:15:00+00:00,0.0,0.0,0.0,0.11616262048482895,0.8340516090393066,0.0,0.0,0.06083153933286667,0.0,0.0,0.0,0.9284117817878723
2019-05-03 17:30:00+00:00,2019-05-03 18:30:00+00:00,0.0,0.0,0.0,0.19985614717006683,0.91037517786026,0.0,0.0,0.22671924531459808,0.0,0.0,0.0,0.9527940154075623
2019-05-03 17:45:00+00:00,2019-05-03 18:45:00+00:00,0.0,0.0,0.0,0.32496052980422974,0.9948430061340332,0.0,0.0,0.41774970293045044,0.0,0.0,0.14327439665794373,0.9778701663017273
2019-05-03 18:00:00+00:00,2019-05-03 19:00:00+00:00,0.0,0.0,0.0,0.3807118833065033,1.0306915044784546,0.08582213521003723,0.0,0.5205023884773254,0.0,0.0,0.1824759542942047,0.9268615245819092
2019-05-03 18:15:00+00:00,2019-05-03 19:15:00+00:00,0.0,0.0,0.0,0.317999929189682,1.0407041311264038,0.19531448185443878,0.0,0.4500943124294281,0.17564068734645844,0.0,0.04387197270989418,1.0623722076416016
2019-05-03 18:30:00+00:00,2019-05-03 19:30:00+00:00,0.0,0.0,0.0,0.3371996283531189,1.0523358583450317,0.27850329875946045,0.0,0.5160494446754456,0.3265269100666046,0.0,0.07431697845458984,1.1749995946884155
2019-05-03 18:45:00+00:00,2019-05-03 19:45:00+00:00,0.0,0.0,0.0,0.3865976631641388,1.0742766857147217,0.37184643745422363,0.0,0.5962439179420471,0.49272653460502625,0.0,0.12136305123567581,1.319330096244812
2019-05-03 19:00:00+00:00,2019-05-03 20:00:00+00:00,0.0,0.0,0.0,0.35896244645118713,0.9859922528266907,0.3051753044128418,0.0,0.6127874851226807,0.7618874311447144,0.0,0.16305120289325714,1.568654179573059
2019-05-03 19:15:00+00:00,2019-05-03 20:15:00+00:00,0.0,0.0,0.0,0.43209731578826904,1.04633367061615,0.4850068986415863,0.0,0.7498224377632141,0.9080803394317627,0.022353695705533028,0.21165047585964203,1.6810457706451416
2019-05-03 19:30:00+00:00,2019-05-03 20:30:00+00:00,0.0,0.0,0.0,0.49688202142715454,1.0334138870239258,0.5952015519142151,0.0,0.8039008975028992,1.0850311517715454,0.02564873732626438,0.28318220376968384,1.8590179681777954
2019-05-03 19:45:00+00:00,2019-05-03 20:45:00+00:00,0.0,0.0,0.0,0.494379460811615,0.9264081120491028,0.6447449922561646,0.0,0.8273108005523682,1.2185397148132324,0.029101679101586342,0.4045755863189697,2.02253794670105
2019-05-03 20:00:00+00:00,2019-05-03 21:00:00+00:00,0.0,0.0,0.0,0.5058720707893372,0.9998307824134827,0.8555435538291931,0.0,0.9235368967056274,1.4138107299804688,0.10679642856121063,0.4562854468822479,2.1999447345733643
2019-05-03 20:15:00+00:00,2019-05-03 21:15:00+00:00,0.0,0.0,0.0,0.6773590445518494,1.1230461597442627,1.1693687438964844,0.06723982095718384,1.0907304286956787,1.575999140739441,0.212104931473732,0.5728572010993958,2.348722219467163
2019-05-03 20:30:00+00:00,2019-05-03 21:30:00+00:00,0.002912,0.0,0.0,0.8648636341094971,1.082719326019287,1.2860729694366455,0.010303354822099209,1.1152418851852417,1.6798330545425415,0.2056158035993576,0.6828119158744812,2.4728219509124756
2019-05-03 20:45:00+00:00,2019-05-03 21:45:00+00:00,0.251091,10.0,0.0,1.02602219581604,1.07015860080719,1.4404875040054321,0.0,1.200411319732666,1.7311559915542603,0.22773587703704834,0.7928444743156433,2.552417039871216
2019-05-03 21:00:00+00:00,2019-05-03 22:00:00+00:00,0.711771,23.0,0.0,1.0788975954055786,1.187447190284729,1.6453077793121338,0.06231473758816719,1.303072214126587,1.922269582748413,0.41215384006500244,0.8422924280166626,2.707712173461914
2019-05-03 21:15:00+00:00,2019-05-03 22:15:00+00:00,1.983516,65.0,0.0,1.2178717851638794,1.4042129516601562,1.9918650388717651,0.3194570541381836,1.5068222284317017,2.1341912746429443,0.6560413241386414,0.9251722693443298,2.8609201908111572
2019-05-03 21:30:00+00:00,2019-05-03 22:30:00+00:00,2.414398,90.0,0.002912,1.5847061427230835,1.4462229760284424,2.11412329989624,0.34664545971107485,1.575903132736206,2.2317702324981687,0.7421905549163819,1.0120712073440552,2.985379174530029
2019-05-03 21:45:00+00:00,2019-05-03 22:45:00+00:00,3.199656,117.0,0.251091,2.121446248451233,1.852496382156372,2.675169941345215,0.7592732276115417,1.930252787033081,2.6310849155578615,1.1414013470802307,1.33191477910614,3.3542785610351564
2019-05-03 22:00:00+00:00,2019-05-03 23:00:00+00:00,4.3552029999999995,164.0,0.711771,3.103017795654297,2.523165214630127,3.6805875187835695,1.634113360019684,2.5240087395629884,3.317398775192261,1.8866132384262086,1.8763416892013551,3.922088850112915
2019-05-03 22:15:00+00:00,2019-05-03 23:15:00+00:00,5.768,215.0,1.983516,5.379769824234009,4.286270878997803,5.981720708099365,3.4375974161300658,4.066186927047729,5.044129632202148,3.4902427417907713,3.2830355388793944,5.422291539398193
2019-05-03 22:30:00+00:00,2019-05-03 23:30:00+00:00,7.16975,260.0,2.414398,6.496068761108399,5.086601540802002,7.267736241577149,4.297851011512757,4.762656256912232,5.7078485939483645,4.137513205764771,3.8400593254547117,5.9997845146636966
2019-05-03 22:45:00+00:00,2019-05-03 23:45:00+00:00,8.358657000000001,296.0,3.199656,7.837646474700928,6.114356031280518,8.742530813079835,5.356594552856445,5.6730644606170655,6.73024534211731,5.024881234031677,4.604737868171692,6.906522502761841
2019-05-03 23:00:00+00:00,2019-05-04 00:00:00+00:00,11.28466,387.0,4.3552029999999995,9.507306424072265,7.60913833706665,10.421867695739746,6.881843176773071,7.084740725448608,8.179504242828369,6.409581032684326,5.9493508013992304,8.276980009963989
2019-05-03 23:15:00+00:00,2019-05-04 00:15:00+00:00,12.76056,434.0,5.768,11.470212810516358,9.485935085296632,12.26483427810669,8.731714838027955,8.86046850013733,9.823398464202882,8.110641592025758,7.5921052627563475,9.868184917449952
2019-05-03 23:30:00+00:00,2019-05-04 00:30:00+00:00,10.07519,309.0,7.16975,13.090352321624756,11.23557260131836,13.761179233551026,10.468032384872437,10.476790214538575,11.471304679870606,9.787158990859986,9.197150970458985,11.433063293457032
2019-05-03 23:45:00+00:00,2019-05-04 00:45:00+00:00,16.12669,531.0,8.358657000000001,14.233086225921632,12.854927179748536,14.963653204376222,12.061024544174195,11.933399317199708,12.853818533355714,11.296099302703858,10.703015682632447,12.775068876678468
2019-05-04 00:00:00+00:00,2019-05-04 01:00:00+00:00,17.294809,567.0,11.28466,16.932045597229006,16.13685955444336,17.475184578094485,15.31850828567505,14.989664930496216,16.004456657562258,14.542974609527588,13.75369157234192,15.823308128509522
2019-05-04 00:15:00+00:00,2019-05-04 01:15:00+00:00,18.61125,607.0,12.76056,18.294698202667234,17.803993666229246,18.44495769744873,16.888020956573484,16.44856926208496,17.590400660095213,16.23404380088806,15.215599262771606,17.374727690277098
2019-05-04 00:30:00+00:00,2019-05-04 01:30:00+00:00,19.918501000000003,645.0,10.07519,16.387858800354003,15.036932401123046,15.864319734039306,14.155314855041503,13.657589129867553,14.695872716369628,13.565873794021606,12.693416766586303,14.667801789703368
2019-05-04 00:45:00+00:00,2019-05-04 01:45:00+00:00,21.314131,691.0,16.12669,21.42426022857666,20.716839879455566,21.183175176086426,19.674085944595337,19.43825039237976,20.69205340713501,19.544281094970703,18.459468692245483,20.57166060775757
2019-05-04 01:00:00+00:00,2019-05-04 02:00:00+00:00,22.4105,730.0,17.294809,22.206643239959718,21.50068630407715,21.831890241607667,20.31358899305725,20.133199827178956,21.45998348425293,20.57580436895752,19.334865705474854,21.413768903717042
2019-05-04 01:15:00+00:00,2019-05-04 02:15:00+00:00,23.548,772.0,18.61125,23.255658226013182,22.358141021728514,22.596463994979857,20.897879438400267,20.97491009712219,22.255902128219603,21.641329841613768,20.063523249626158,22.31793077468872
2019-05-04 01:30:00+00:00,2019-05-04 02:30:00+00:00,24.528879,808.0,19.918501000000003,24.10968742807007,23.213215212417605,23.233045677734378,21.479633550239566,21.588020782066348,22.771509031845095,22.55372105081177,20.857699136329654,22.99683652360535
2019-05-04 01:45:00+00:00,2019-05-04 02:45:00+00:00,23.81138,769.0,21.314131,25.184156396347046,23.96119902368164,23.758251168685913,21.949811854320526,22.16588536735153,23.31140337224579,23.18413648839569,21.319593195258587,23.5659460806427
2019-05-04 02:00:00+00:00,2019-05-04 03:00:00+00:00,25.87331,854.0,22.4105,24.994903991699218,24.495103071212768,24.11567039299011,22.712389538764953,23.00621075439453,23.860565851211547,23.81677908706665,22.309673751473426,24.154151032447814
2019-05-04 02:15:00+00:00,2019-05-04 03:15:00+00:00,24.528879,886.0,23.548,25.56322135734558,25.08488859939575,24.62765016365051,23.327725462198256,23.643740273594855,24.195332370281218,24.13928338098526,23.1415463309288,24.58687355327606
2019-05-04 02:30:00+00:00,2019-05-04 03:30:00+00:00,26.988939,908.0,24.528879,26.16634304647827,25.154316200069427,24.37560276513481,23.42084128981018,23.586434377483368,24.052008284381866,24.23477642064476,23.185103608421326,24.35425253038788
2019-05-04 02:45:00+00:00,2019-05-04 03:45:00+00:00,27.249689,902.0,23.81138,24.70377591360092,23.451506019716263,22.87342319000244,21.93102523792267,22.286840052490234,22.568151683692932,22.717259616737365,21.836699576263428,22.786268563156128
2019-05-04 03:00:00+00:00,2019-05-04 04:00:00+00:00,27.39625,912.0,25.87331,25.586549431381226,25.02420076757431,24.148197323379517,23.725213200149536,24.036498934326172,23.97842350631714,24.444242388305664,23.567636400756836,24.021509319839478
2019-05-04 03:15:00+00:00,2019-05-04 04:15:00+00:00,27.28688,908.0,24.528879,23.550957931331634,22.792332364372253,21.99201138143921,21.528476311019897,22.081945968917847,22.004971100143432,22.20070107107544,21.591740442565918,21.79425437574768
2019-05-04 03:30:00+00:00,2019-05-04 04:30:00+00:00,27.405439,901.0,26.988939,25.354217840065,24.475632382263182,23.76262278639221,23.376690579284666,24.095926953186034,23.77354521833801,24.044068766464232,23.494992447723387,23.434010697235106
2019-05-04 03:45:00+00:00,2019-05-04 04:45:00+00:00,27.33806,893.0,27.249689,24.931546585906982,24.0993200710907,23.461944001068115,23.136182682861328,24.024197237838745,23.432667630065918,23.807215350021362,23.3186644486084,22.999167340148926
2019-05-04 04:00:00+00:00,2019-05-04 05:00:00+00:00,27.160879,865.0,27.39625,24.627515068054198,23.833291521072386,23.06345676422119,23.20537113189697,23.61295889854431,22.931070079803465,23.72363924026489,22.94557641983032,22.424669494628905
2019-05-04 04:15:00+00:00,2019-05-04 05:15:00+00:00,26.645059999999997,855.0,27.28688,23.7811107472229,23.234455092315674,22.445871813659668,22.620544417266846,23.20927761352539,22.29758213317871,23.126149161224365,22.44757507598877,21.78800295150757
2019-05-04 04:30:00+00:00,2019-05-04 05:30:00+00:00,26.631941,837.0,27.405439,23.165631394256593,22.960274796356202,22.151041607727052,22.290343861450197,23.31870613562012,22.131846051086427,22.862671475280763,22.16481457220459,21.614839653839113
2019-05-04 04:45:00+00:00,2019-05-04 05:45:00+00:00,26.030379999999997,819.0,27.33806,22.85469064956665,22.428335287628173,21.61602459197998,21.949537851867674,22.867453672943114,21.63538608795166,22.423882105407714,21.79872427230835,21.154027559814452
2019-05-04 05:00:00+00:00,2019-05-04 06:00:00+00:00,25.08713,767.0,27.160879,22.4458287795105,22.177934034637452,21.20431028204346,21.83070789175415,22.583365782073976,21.181805952362062,22.099604471496583,21.407335146240236,20.72848211126709
2019-05-04 05:15:00+00:00,2019-05-04 06:15:00+00:00,24.153060999999997,739.0,26.645059999999997,21.9445247026062,21.2947706552124,20.421776232299802,20.918076929626462,21.858757910308835,20.497276243743894,21.120808062133786,20.624063906249997,20.046762880859372
2019-05-04 05:30:00+00:00,2019-05-04 06:30:00+00:00,23.307369,696.0,26.631941,21.309189001098634,20.937930742279054,19.90693632699585,20.664121309295655,21.509055295959474,20.242053190246583,20.76091925241089,20.280112901702882,19.798599878326417
2019-05-04 05:45:00+00:00,2019-05-04 06:45:00+00:00,21.80106,655.0,26.030379999999997,20.120508898620603,20.06987928283691,19.0096166027832,19.753657091979978,20.861114252929685,19.575034369354245,19.90074371231079,19.517016161804197,19.150176752929685
2019-05-04 06:00:00+00:00,2019-05-04 07:00:00+00:00,20.11319,592.0,25.08713,19.210939337615965,18.892351080780028,17.84214775741577,18.69440787017822,19.801918913726805,18.51240627944946,18.815617491607664,18.489955355529784,18.13220541656494
2019-05-04 06:15:00+00:00,2019-05-04 07:15:00+00:00,19.10475,584.0,24.153060999999997,17.813233462463376,17.770243254791257,16.572192755828855,17.728657332550046,18.563355055938718,17.390185443054197,17.78752049554443,17.384005633483884,17.03513774026489
2019-05-04 06:30:00+00:00,2019-05-04 07:30:00+00:00,17.573059,533.0,23.307369,16.666300064605714,16.840664631408693,15.463147408050538,16.817194706481935,17.648990398925783,16.441046482604982,16.86076760916138,16.544099098724367,16.12606597570801
2019-05-04 06:45:00+00:00,2019-05-04 07:45:00+00:00,15.80688,473.0,21.80106,15.062097826538086,15.177547255096435,13.778763094482422,15.156724730072021,16.068939962921142,14.861138620910644,15.195594111022949,14.966651239929199,14.591888227996826
2019-05-04 07:00:00+00:00,2019-05-04 08:00:00+00:00,15.02025,446.0,20.11319,13.010728185119628,13.32186919921875,11.824023549499511,13.458320443572998,14.263643567504882,13.136466329040527,13.573964421691894,13.122817819061279,12.966114346923828
2019-05-04 07:15:00+00:00,2019-05-04 08:15:00+00:00,9.641407,291.0,19.10475,12.015457473754882,12.358398281097411,11.206168495178222,12.558435760498046,13.48401149368286,12.279555164337157,12.661208950042724,12.417755447387695,12.259260498046874
2019-05-04 07:30:00+00:00,2019-05-04 08:30:00+00:00,5.695375,167.0,17.573059,10.871563829406739,10.974684156402589,9.675251878723145,11.124495424255372,12.013458646759034,10.824710763916016,11.243203557952882,10.870863832458497,10.801283277496339
2019-05-04 07:45:00+00:00,2019-05-04 08:45:00+00:00,4.58336,134.0,15.80688,9.073184492950439,9.34036445892334,8.117423537139892,9.413048746948242,10.364477160339355,9.163628580932617,9.533454420928955,9.250497820739746,9.20725727355957
2019-05-04 08:00:00+00:00,2019-05-04 09:00:00+00:00,3.1100779999999997,92.0,15.02025,8.051838554382325,8.712669052124024,7.552139915466309,8.807765163421632,9.790441192626954,8.5404874458313,8.862289108276368,8.70506206893921,8.770362533569337
2019-05-04 08:15:00+00:00,2019-05-04 09:15:00+00:00,3.792469,110.0,9.641407,4.288969503814696,3.926177965576171,2.998508917266845,4.0296053757019035,4.740046965057372,3.3859004844970695,3.935176359588622,3.792806612426757,3.731485353881835
2019-05-04 08:30:00+00:00,2019-05-04 09:30:00+00:00,3.267305,96.0,5.695375,1.715837274551392,0.9145174369812015,0.44217733001709014,0.7909393653869632,1.3290796623229983,0.0,0.4907675132751468,0.5993643150329593,0.3156028137207034
2019-05-04 08:45:00+00:00,2019-05-04 09:45:00+00:00,1.511699,46.0,4.58336,1.4862924054718016,0.711609168395996,0.5250184968566893,0.3529427484130858,0.5111558869934081,0.0,0.0,0.1581314042663573,0.0
2019-05-04 09:00:00+00:00,2019-05-04 10:00:00+00:00,1.0393629999999998,34.0,3.1100779999999997,0.18817915814208952,0.17624797718811003,0.0,0.0,0.0,0.0,0.0,0.0,0.0
2019-05-04 09:15:00+00:00,2019-05-04 10:15:00+00:00,0.54291,19.0,3.792469,0.6854855767669679,1.6765970937194825,0.9136910191955567,0.6741490117492677,1.2086360207977296,0.0,0.22869536795043954,0.6869292012634278,0.5944933644714356
2019-05-04 09:30:00+00:00,2019-05-04 10:30:00+00:00,0.320558,12.0,3.267305,0.7620302273559569,1.9833507372665404,1.1902490689086913,0.7595218254852294,1.4433177544403075,0.027487619094848537,0.3177693917083739,0.6709505154418944,0.7738112046051024
2019-05-04 09:45:00+00:00,2019-05-04 10:45:00+00:00,0.335412,12.0,1.511699,0.0,1.005109050868988,0.15465942919158926,0.0,0.4275983959426879,0.0,0.0,0.0,0.0
2019-05-04 10:00:00+00:00,2019-05-04 11:00:00+00:00,0.057239,4.0,1.0393629999999998,0.0,1.075704570317745,0.09637394865798932,0.0,0.5517281623725889,0.0,0.0,0.06175723990249615,0.0
2019-05-04 10:15:00+00:00,2019-05-04 11:15:00+00:00,0.0,0.0,0.54291,0.0,1.027787586364746,0.10214858284950257,0.0,0.5406043067740649,0.0,0.0,0.2122997545337677,0.0
2019-05-04 10:30:00+00:00,2019-05-04 11:30:00+00:00,0.0,0.0,0.320558,0.0,0.9859456304626465,0.0,0.0,0.4392651576714516,0.0,0.0,0.208466972799778,0.0
2019-05-04 10:45:00+00:00,2019-05-04 11:45:00+00:00,0.0,0.0,0.335412,0.0,1.0620401247138977,0.0,0.0,0.49010956722450255,0.0,0.012844090044021594,0.2783374941642284,0.07808214861106871
2019-05-04 11:00:00+00:00,2019-05-04 12:00:00+00:00,0.0,0.0,0.057239,0.0,0.8606143633499146,0.0,0.0,0.1361014435663223,0.0,0.0,0.060309888807997106,0.0
2019-05-04 11:15:00+00:00,2019-05-04 12:15:00+00:00,0.0,0.0,0.0,0.0,0.8075969219207764,0.0,0.0,0.05446307733654976,0.0,0.0,0.0,0.0
2019-05-04 11:30:00+00:00,2019-05-04 12:30:00+00:00,0.0,0.0,0.0,0.0,0.8419904708862305,0.0,0.0,0.0648551657795906,0.0,0.0,0.0,0.0
2019-05-04 11:45:00+00:00,2019-05-04 12:45:00+00:00,0.0,0.0,0.0,0.0,0.8859378695487976,0.0,0.0,0.046559154987335205,0.0,0.0,0.0,0.0
2019-05-04 12:00:00+00:00,2019-05-04 13:00:00+00:00,0.0,0.0,0.0,0.0,0.9197528958320618,0.0,0.0,0.08969426900148392,0.0,0.0,0.0,0.07046960294246674
2019-05-04 12:15:00+00:00,2019-05-04 13:15:00+00:00,0.0,0.0,0.0,0.0,0.9127289056777954,0.0,0.0,0.015508299693465233,0.0,0.0,0.0,0.25591734051704407
2019-05-04 12:30:00+00:00,2019-05-04 13:30:00+00:00,0.0,0.0,0.0,0.0,0.9202476739883423,0.0,0.0,0.07655863463878632,0.0,0.0,0.0,0.21899305284023285
2019-05-04 12:45:00+00:00,2019-05-04 13:45:00+00:00,0.0,0.0,0.0,0.0,0.9497475624084473,0.0,0.0,0.10489889979362488,0.0,0.0,0.0,0.20282474160194397
2019-05-04 13:00:00+00:00,2019-05-04 14:00:00+00:00,0.0,0.0,0.0,0.0,0.97881019115448,0.0,0.0,0.18312634527683258,0.0,0.0,0.00048155165859498084,0.20143058896064758
2019-05-04 13:15:00+00:00,2019-05-04 14:15:00+00:00,0.0,0.0,0.0,0.0,0.9748156070709229,0.0,0.0,0.136289581656456,0.0,0.0,0.0,0.26374953985214233
2019-05-04 13:30:00+00:00,2019-05-04 14:30:00+00:00,0.0,0.0,0.0,0.0,0.9422689080238342,0.0,0.0,0.09008429199457169,0.0,0.0,0.0,0.3228963315486908
2019-05-04 13:45:00+00:00,2019-05-04 14:45:00+00:00,0.0,0.0,0.0,0.0,0.9031305313110352,0.0,0.0,0.049900732934474945,0.0,0.0,0.0,0.35944393277168274
2019-05-04 14:00:00+00:00,2019-05-04 15:00:00+00:00,0.0,0.0,0.0,0.0,0.9468275308609009,0.0,0.0,0.18781031668186188,0.0,0.0,0.0,0.2763962149620056
2019-05-04 14:15:00+00:00,2019-05-04 15:15:00+00:00,0.0,0.0,0.0,0.0,0.9299893975257874,0.0,0.0,0.1474333554506302,0.0,0.0,0.0,0.3063667416572571
2019-05-04 14:30:00+00:00,2019-05-04 15:30:00+00:00,0.0,0.0,0.0,0.0,0.921472430229187,0.0,0.0,0.22551436722278595,0.0,0.0,0.0,0.30351290106773376
2019-05-04 14:45:00+00:00,2019-05-04 15:45:00+00:00,0.0,0.0,0.0,0.0,0.9044029712677002,0.0,0.0,0.1635342389345169,0.0,0.0,0.0,0.35267841815948486
2019-05-04 15:00:00+00:00,2019-05-04 16:00:00+00:00,0.0,0.0,0.0,0.0,0.7635058164596558,0.0,0.0,0.0,0.0,0.0,0.0,0.7054153084754944
2019-05-04 15:15:00+00:00,2019-05-04 16:15:00+00:00,0.0,0.0,0.0,0.0,0.5917165279388428,0.0,0.0,0.0,0.09327523410320282,0.0,0.0,0.8425462245941162
2019-05-04 15:30:00+00:00,2019-05-04 16:30:00+00:00,0.0,0.0,0.0,0.0,0.6603001952171326,0.0,0.0,0.0,0.247513547539711,0.0,0.0,1.0029264688491821
2019-05-04 15:45:00+00:00,2019-05-04 16:45:00+00:00,0.0,0.0,0.0,0.0,0.7979965806007385,0.0,0.0,0.00265477760694921,0.2787300944328308,0.0,0.0,1.0312080383300781
2019-05-04 16:00:00+00:00,2019-05-04 17:00:00+00:00,0.0,0.0,0.0,0.0011146339820697904,0.7765083312988281,0.0,0.0,0.013468613848090172,0.30730515718460083,0.0,0.0,1.2021833658218384
2019-05-04 16:15:00+00:00,2019-05-04 17:15:00+00:00,0.0,0.0,0.0,0.10674328356981277,0.8110209107398987,0.0,0.0,0.0702645555138588,0.32267192006111145,0.0,0.0,1.2610372304916382
2019-05-04 16:30:00+00:00,2019-05-04 17:30:00+00:00,0.0,0.0,0.0,0.1596851944923401,0.6848953366279602,0.0,0.0,0.03690313920378685,0.3892369270324707,0.0,0.0,1.351407527923584
2019-05-04 16:45:00+00:00,2019-05-04 17:45:00+00:00,0.0,0.0,0.0,0.15946833789348602,0.5928376913070679,0.0,0.0,0.08857762813568115,0.4333798885345459,0.0,0.0,1.4347938299179077
2019-05-04 17:00:00+00:00,2019-05-04 18:00:00+00:00,0.0,0.0,0.0,0.14795033633708954,0.582331120967865,0.0,0.0,0.15742069482803345,0.4337446391582489,0.0,0.0,1.4897836446762085
2019-05-04 17:15:00+00:00,2019-05-04 18:15:00+00:00,0.0,0.0,0.0,0.13875629007816315,0.7891631126403809,0.0,0.0,0.2022729367017746,0.5611903667449951,0.0,0.0,1.6301805973052979
2019-05-04 17:30:00+00:00,2019-05-04 18:30:00+00:00,0.0,0.0,0.0,0.21816392242908478,0.8536494374275208,0.0,0.0,0.307049959897995,0.6516457796096802,0.0,0.0,1.725427269935608
2019-05-04 17:45:00+00:00,2019-05-04 18:45:00+00:00,0.0,0.0,0.0,0.3226172924041748,0.7073514461517334,0.0,0.0,0.36787429451942444,0.6835421323776245,0.0,0.0,1.7983391284942627
2019-05-04 18:00:00+00:00,2019-05-04 19:00:00+00:00,0.0,0.0,0.0,0.2957710921764374,0.9270206093788147,0.1546519547700882,0.0,0.48375770449638367,0.793957531452179,0.0,0.0,1.8795838356018066
2019-05-04 18:15:00+00:00,2019-05-04 19:15:00+00:00,0.0,0.0,0.0,0.4170841872692108,0.7961240410804749,0.159955233335495,0.0,0.5372742414474487,0.8688632249832153,0.0,0.0,1.9867991209030151
2019-05-04 18:30:00+00:00,2019-05-04 19:30:00+00:00,0.0,0.0,0.0,0.43964749574661255,1.0248078107833862,0.4480512738227844,0.0,0.6737925410270691,0.9579700231552124,0.0,0.0,2.0485074520111084
2019-05-04 18:45:00+00:00,2019-05-04 19:45:00+00:00,0.0,0.0,0.0,0.6195061802864075,1.0094274282455444,0.5068795680999756,0.0,0.7130280137062073,1.0560379028320312,0.0,0.04746781662106514,2.1362462043762207
2019-05-04 19:00:00+00:00,2019-05-04 20:00:00+00:00,0.0,0.0,0.0,0.7228055596351624,0.8764237761497498,0.5354846715927124,0.0,0.7556641697883606,1.1167963743209839,0.0,0.1759796291589737,2.22424578666687
2019-05-04 19:15:00+00:00,2019-05-04 20:15:00+00:00,0.0,0.0,0.0,0.6931700706481934,0.901268482208252,0.6629276871681213,0.0,0.8557433485984802,1.2540814876556396,0.0,0.2914859652519226,2.360262632369995
2019-05-04 19:30:00+00:00,2019-05-04 20:30:00+00:00,0.0,0.0,0.0,0.7964359521865845,0.913581132888794,0.8601858019828796,0.0,0.9520072340965271,1.3587597608566284,0.0,0.38699328899383545,2.476083755493164
2019-05-04 19:45:00+00:00,2019-05-04 20:45:00+00:00,0.0,0.0,0.0,1.0333783626556396,0.982782781124115,1.1398262977600098,0.0,1.1327695846557617,1.4859639406204224,0.055321261286735535,0.5638452172279358,2.588390350341797
2019-05-04 20:00:00+00:00,2019-05-04 21:00:00+00:00,0.0,0.0,0.0,1.131738305091858,1.0240041017532349,1.373155951499939,0.012221604585647583,1.1631208658218384,1.5923069715499878,0.16467806696891785,0.5903857946395874,2.6696343421936035
2019-05-04 20:15:00+00:00,2019-05-04 21:15:00+00:00,0.0,0.0,0.0,1.3434221744537354,1.0812268257141113,1.5929478406906128,0.12514278292655945,1.2700796127319336,1.706973671913147,0.3088650405406952,0.6954697370529175,2.76895809173584
2019-05-04 20:30:00+00:00,2019-05-04 21:30:00+00:00,0.0,2.0,0.0,1.5419442653656006,1.1622129678726196,1.8382256031036377,0.23412641882896423,1.3779312372207642,1.8115652799606323,0.4127068519592285,0.7904552817344666,2.8595917224884033
2019-05-04 20:45:00+00:00,2019-05-04 21:45:00+00:00,0.428511,16.0,0.0,1.5291131734848022,1.2386399507522583,2.043954372406006,0.25268909335136414,1.3477027416229248,1.9864501953125,0.5050888061523438,0.7757729291915894,2.9683797359466553
2019-05-04 21:00:00+00:00,2019-05-04 22:00:00+00:00,1.179828,43.0,0.0,1.6644700765609741,1.335010051727295,2.2138450145721436,0.38909077644348145,1.4309606552124023,2.1474416255950928,0.6638689637184143,0.8611884117126465,3.117554187774658
2019-05-04 21:15:00+00:00,2019-05-04 22:15:00+00:00,2.082008,66.0,0.0,2.0291872024536133,1.399722695350647,2.363833427429199,0.4927592873573303,1.4911373853683472,2.178705930709839,0.702895998954773,0.9842790365219116,3.1830055713653564
2019-05-04 21:30:00+00:00,2019-05-04 22:30:00+00:00,3.056977,102.0,0.0,2.2087907791137695,1.5160521268844604,2.6242763996124268,0.5486597418785095,1.525795578956604,2.309626340866089,0.7535195350646973,1.0338155031204224,3.275474786758423
2019-05-04 21:45:00+00:00,2019-05-04 22:45:00+00:00,3.376625,110.0,0.428511,3.040952062927246,2.3172176841125487,3.7937112811431883,1.2563994887695311,2.208440757118225,2.8475099566802977,1.2848810318336485,1.4754018548355101,3.775355434738159
2019-05-04 22:00:00+00:00,2019-05-04 23:00:00+00:00,4.542125,153.0,1.179828,4.990465474060059,3.5994764088897706,5.4083755730896,2.2875236987380982,3.1680478572158814,3.7016652344970704,2.173383009365082,2.4192438840179444,4.705812764099122
2019-05-04 22:15:00+00:00,2019-05-04 23:15:00+00:00,5.348438,177.0,2.082008,6.639027233703613,4.768710966690064,7.135484810455322,3.3911076742248536,4.225267286880493,4.78518616734314,3.1298024612503053,3.473222966773987,5.7510927873687745
2019-05-04 22:30:00+00:00,2019-05-04 23:30:00+00:00,6.388375,210.0,3.056977,8.455419268371582,6.186120238067627,8.971113409759521,4.677385773422241,5.560751404525757,5.927686896087646,4.232722010375976,4.731798615219116,6.801340307952881
2019-05-04 22:45:00+00:00,2019-05-04 23:45:00+00:00,6.750844,222.0,3.376625,9.246910511016846,6.875478445053101,9.721104084014893,5.145751653671265,6.063474594116212,6.345822273254395,4.605554042816163,5.25941389656067,7.132539211273194
